
**************************************************************
 Geant4 version Name: geant4-11-03-patch-01    (21-March-2025)
                       Copyright : Geant4 Collaboration
                      References : NIM A 506 (2003), 250-303
                                 : IEEE-TNS 53 (2006), 270-278
                                 : NIM A 835 (2016), 186-225
                             WWW : http://geant4.org/
**************************************************************

(Debug: DMPX_G_factor.cc) G4RunManager is being created...
(Debug: DMPX_G_factor.cc) Setting the Random seed: 0
(Debug: DMPX_G_factor.cc) Creation of the gas model parameter class
(Debug: DMPX_G_factor.cc) Creation of DetectorConstruction
(Debug: DMPX_G_factor.cc) Creation of PhysicsList
(Debug: RunAction.cc) Creating AnalysisManager...
(Debug: RunAction.cc) Creating RunAction...
Visualization Manager instantiating with verbosity "warnings (3)"...
Visualization Manager initialising...
Registering graphics systems...

You have successfully registered the following graphics systems.
Registered graphics systems are:
  ASCIITree (ATree)
  DAWNFILE (DAWNFILE)
  G4HepRepFile (HepRepFile)
  RayTracer (RayTracer)
  VRML2FILE (VRML2FILE)
  gMocrenFile (gMocrenFile)
  TOOLSSG_OFFSCREEN (TSG_OFFSCREEN, TSG_FILE)
  OpenGLImmediateQt (OGLIQt, OGLI)
  OpenGLStoredQt (OGLSQt, OGL, OGLS)
  OpenGLImmediateX (OGLIX, OGLIQt_FALLBACK)
  OpenGLStoredX (OGLSX, OGLSQt_FALLBACK)
  RayTracerX (RayTracerX)
  TOOLSSG_X11_GLES (TSG_X11_GLES, TSGX11, TSG_QT_GLES_FALLBACK)
  TOOLSSG_X11_ZB (TSG_X11_ZB, TSGX11ZB)
  TOOLSSG_QT_GLES (TSG_QT_GLES, TSGQt, TSG)
  TOOLSSG_QT_ZB (TSG_QT_ZB, TSGQtZB)
You may choose a graphics system (driver) with a parameter of
the command "/vis/open" or "/vis/sceneHandler/create",
or you may omit the driver parameter and choose at run time:
- by argument in the construction of G4VisExecutive;
- by environment variable "G4VIS_DEFAULT_DRIVER";
- by entry in "~/.g4session";
- by build flags.
- Note: This feature is not allowed in batch mode.
For further information see "examples/basic/B1/exampleB1.cc"
and "vis.mac".

Registering model factories...

You have successfully registered the following model factories.
Registered model factories:
  generic
  drawByAttribute
  drawByCharge
  drawByOriginVolume
  drawByParticleID
  drawByEncounteredVolume

Registered models:
  None

Registered filter factories:
  attributeFilter
  chargeFilter
  originVolumeFilter
  particleFilter
  encounteredVolumeFilter

Registered filters:
  None

You have successfully registered the following user vis actions.
Run Duration User Vis Actions: none
End of Event User Vis Actions: none
End of Run User Vis Actions: none

Some /vis commands (optionally) take a string to specify colour.
"/vis/list" to see available colours.
Available UI session types: [ Qt, tcsh, csh ]
(Debug: DetectorMessenger.cc) Setting world half length to 50 cm 
(Debug: DetectorMessenger.cc) Setting name of simulation to DMPX_G_factor_10_6
(Debug: DetectorMessenger.cc) Setting check overlaps to false
(Debug: DetectorMessenger.cc) Setting gas pressure to 1 bar
(Debug: DetectorMessenger.cc) Setting Krypton percentage to 90%
(Debug: DetectorMessenger.cc) Setting CH4 percentage to 10%
(Debug: DetectorMessenger.cc) Setting gas box length in X to 13 cm 
(Debug: DetectorMessenger.cc) Setting gas box length in Y to 1 mm 
(Debug: DetectorMessenger.cc) Setting gas box length in Z to 3.2 cm 
(Debug: DetectorMessenger.cc) Setting gas box center position in X to 0 fm 
(Debug: DetectorMessenger.cc) Setting gas box center position in Y to 0 fm 
(Debug: DetectorMessenger.cc) Setting gas box center position in Z to 0 fm 
(Debug: DetectorMessenger.cc) Setting anodes half length to 1.6 cm 
(Debug: DetectorMessenger.cc) Setting anodes radius to 10 um 
(Debug: DetectorMessenger.cc) Setting anodes spacing to 2 mm 
(Debug: DetectorMessenger.cc) Setting number of anodes to 64
(Debug: DetectorMessenger.cc) Setting the length in X for the first cathodes to: 13 cm 
(Debug: DetectorMessenger.cc) Setting the length in Y for the first cathodes to: 2 mm 
(Debug: DetectorMessenger.cc) Setting the length in Z for the first cathodes to: 3.2 cm 
(Debug: DetectorMessenger.cc) Setting the center position in X for the first cathodes to: 0 fm 
(Debug: DetectorMessenger.cc) Setting the center position in Z for the first cathodes to: 0 fm 
(Debug: GasModelParametersMessenger.cc) Distance anodes-cathodes set to: 8. mm
(Debug: GasModelParameters.cc) HeedDeltaElectronModel: Particle added: 1 MeV 10 PeV
(Debug: GasModelParameters.cc) HeedDeltaElectronModel: Particle added: 1 MeV 1 TeV
(Debug: GasModelParametersMessenger.cc) Gas list set to: 6 8 0 0 0 0
(Debug: GasModelParameters.cc) Gas percentages set to: 90.0,10.0,0.0,0.0,0.0,0.0
(Debug: GasModelParametersMessenger) Temperature set to: 293.15
(Debug: GasModelParametersMessenger.cc) The cathode voltage has been set to: -1500
*** /run/numberOfThreads command is issued in sequential mode.
Command is ignored.
(Debug: DetectorConstruction.cc) The density of the gas is: 3.68682 mg/cm3
(Debug: DetectorConstruction.cc) The temperature is set to: 293.15 K
(Debug: DetectorConstruction.cc) The gas box is made of: KrCH4_90_10
(Debug: DetectorConstruction.cc) The position of the anode is: -64
(Debug: DetectorConstruction.cc) The position of the anode is: -62
(Debug: DetectorConstruction.cc) The position of the anode is: -60
(Debug: DetectorConstruction.cc) The position of the anode is: -58
(Debug: DetectorConstruction.cc) The position of the anode is: -56
(Debug: DetectorConstruction.cc) The position of the anode is: -54
(Debug: DetectorConstruction.cc) The position of the anode is: -52
(Debug: DetectorConstruction.cc) The position of the anode is: -50
(Debug: DetectorConstruction.cc) The position of the anode is: -48
(Debug: DetectorConstruction.cc) The position of the anode is: -46
(Debug: DetectorConstruction.cc) The position of the anode is: -44
(Debug: DetectorConstruction.cc) The position of the anode is: -42
(Debug: DetectorConstruction.cc) The position of the anode is: -40
(Debug: DetectorConstruction.cc) The position of the anode is: -38
(Debug: DetectorConstruction.cc) The position of the anode is: -36
(Debug: DetectorConstruction.cc) The position of the anode is: -34
(Debug: DetectorConstruction.cc) The position of the anode is: -32
(Debug: DetectorConstruction.cc) The position of the anode is: -30
(Debug: DetectorConstruction.cc) The position of the anode is: -28
(Debug: DetectorConstruction.cc) The position of the anode is: -26
(Debug: DetectorConstruction.cc) The position of the anode is: -24
(Debug: DetectorConstruction.cc) The position of the anode is: -22
(Debug: DetectorConstruction.cc) The position of the anode is: -20
(Debug: DetectorConstruction.cc) The position of the anode is: -18
(Debug: DetectorConstruction.cc) The position of the anode is: -16
(Debug: DetectorConstruction.cc) The position of the anode is: -14
(Debug: DetectorConstruction.cc) The position of the anode is: -12
(Debug: DetectorConstruction.cc) The position of the anode is: -10
(Debug: DetectorConstruction.cc) The position of the anode is: -8
(Debug: DetectorConstruction.cc) The position of the anode is: -6
(Debug: DetectorConstruction.cc) The position of the anode is: -4
(Debug: DetectorConstruction.cc) The position of the anode is: -2
(Debug: DetectorConstruction.cc) The position of the anode is: 0
(Debug: DetectorConstruction.cc) The position of the anode is: 2
(Debug: DetectorConstruction.cc) The position of the anode is: 4
(Debug: DetectorConstruction.cc) The position of the anode is: 6
(Debug: DetectorConstruction.cc) The position of the anode is: 8
(Debug: DetectorConstruction.cc) The position of the anode is: 10
(Debug: DetectorConstruction.cc) The position of the anode is: 12
(Debug: DetectorConstruction.cc) The position of the anode is: 14
(Debug: DetectorConstruction.cc) The position of the anode is: 16
(Debug: DetectorConstruction.cc) The position of the anode is: 18
(Debug: DetectorConstruction.cc) The position of the anode is: 20
(Debug: DetectorConstruction.cc) The position of the anode is: 22
(Debug: DetectorConstruction.cc) The position of the anode is: 24
(Debug: DetectorConstruction.cc) The position of the anode is: 26
(Debug: DetectorConstruction.cc) The position of the anode is: 28
(Debug: DetectorConstruction.cc) The position of the anode is: 30
(Debug: DetectorConstruction.cc) The position of the anode is: 32
(Debug: DetectorConstruction.cc) The position of the anode is: 34
(Debug: DetectorConstruction.cc) The position of the anode is: 36
(Debug: DetectorConstruction.cc) The position of the anode is: 38
(Debug: DetectorConstruction.cc) The position of the anode is: 40
(Debug: DetectorConstruction.cc) The position of the anode is: 42
(Debug: DetectorConstruction.cc) The position of the anode is: 44
(Debug: DetectorConstruction.cc) The position of the anode is: 46
(Debug: DetectorConstruction.cc) The position of the anode is: 48
(Debug: DetectorConstruction.cc) The position of the anode is: 50
(Debug: DetectorConstruction.cc) The position of the anode is: 52
(Debug: DetectorConstruction.cc) The position of the anode is: 54
(Debug: DetectorConstruction.cc) The position of the anode is: 56
(Debug: DetectorConstruction.cc) The position of the anode is: 58
(Debug: DetectorConstruction.cc) The position of the anode is: 60
(Debug: DetectorConstruction.cc) The position of the anode is: 62
(Debug: DetectorConstruction.cc) The thermal energy has been set to: 2 eV
(Debug: DetectorConstruction.cc) === Logical Volumes in Store ===
 - WorldLogical
 - GasBoxLogical
 - AnodeLogical
 - Cathode1Logical
(Debug: DetectorConstruction.cc) === Regions in Store ===
 - DefaultRegionForTheWorld
 - DefaultRegionForParallelWorld
 - GasAndAnodesRegion
(Debug: DegradModel.cc) The thermalization energy for electrons in the Degrad model is: 2 eV
(Debug: DetectorConstruction.cc) Gas & anodes region connected with DegradModel...
(Debug: HeedModel.cc) Heed Model has been successfully created...
MediumMagboltz::SetComposition: Kr/CH4 (90/10)
MediumMagboltz::Mixer:
    4000 linear energy steps between 0 and 40 eV.
    KRYPTON 2013  ANISOTROPIC_¢¶d
      mass: 83.798 amu
      ionisation threshold: 13.9996 eV
      51 inelastic terms (51 excitations, 0 superelastic, 0 other)
     CH4 2015  ANISOTROPIC   _¢¶d
      mass: 16.0426 amu
      ionisation threshold: 12.65 eV
      34 inelastic terms (25 excitations, 2 superelastic, 7 other)
MediumMagboltz::Mixer:
    Lowest ionisation threshold in the mixture: 12.65 eV (CH4)
MediumMagboltz::Mixer:
    Energy [eV]    Collision Rate [ns-1]
          2.50               1349.98
          7.50               5361.14
         12.50               9875.50
         17.50              12926.32
         22.50              14357.59
         27.50              14862.78
         32.50              14815.97
         37.50              15056.96
MediumMagboltz::Mixer: Resetting transfer probabilities.
    Global: 0
    Component 0: 0
    Component 1: 0
    Component 2: 0
    Component 3: 0
    Component 4: 0
    Component 5: 0
(Debug: HeedModel.cc) The gas file is: kr_90_ch4_10.gas
(Debug: HeedModel.cc) The ion mobility file is searched in the Garfield database: 
(Debug: HeedModel.cc) The gas file is searched in the Garfield database: kr_90_ch4_10.gas
MediumMagboltz::LoadGasFile:
    Reading file kr_90_ch4_10.gas.
    Version 13.
    Gas composition set to Kr/CH4 (90/10).
(Debug: HeedModel.cc) The anodes half length in Y is: 500 um 
(Debug: HeedModel.cc) Added gas box to Garfield geometry.
(Debug: HeedModel.cc) All the wires have been added to the Garfield geometry.
(Debug: HeedModel.cc) Added cathode plane to Garfield geometry.
Sensor::AddElectrode:
    Added readout electrode "a_0".
    All signals are reset.
Sensor::AddElectrode:
    Added readout electrode "a_1".
    All signals are reset.
Sensor::AddElectrode:
    Added readout electrode "a_2".
    All signals are reset.
Sensor::AddElectrode:
    Added readout electrode "a_3".
    All signals are reset.
Sensor::AddElectrode:
    Added readout electrode "a_4".
    All signals are reset.
Sensor::AddElectrode:
    Added readout electrode "a_5".
    All signals are reset.
Sensor::AddElectrode:
    Added readout electrode "a_6".
    All signals are reset.
Sensor::AddElectrode:
    Added readout electrode "a_7".
    All signals are reset.
Sensor::AddElectrode:
    Added readout electrode "a_8".
    All signals are reset.
Sensor::AddElectrode:
    Added readout electrode "a_9".
    All signals are reset.
Sensor::AddElectrode:
    Added readout electrode "a_10".
    All signals are reset.
Sensor::AddElectrode:
    Added readout electrode "a_11".
    All signals are reset.
Sensor::AddElectrode:
    Added readout electrode "a_12".
    All signals are reset.
Sensor::AddElectrode:
    Added readout electrode "a_13".
    All signals are reset.
Sensor::AddElectrode:
    Added readout electrode "a_14".
    All signals are reset.
Sensor::AddElectrode:
    Added readout electrode "a_15".
    All signals are reset.
Sensor::AddElectrode:
    Added readout electrode "a_16".
    All signals are reset.
Sensor::AddElectrode:
    Added readout electrode "a_17".
    All signals are reset.
Sensor::AddElectrode:
    Added readout electrode "a_18".
    All signals are reset.
Sensor::AddElectrode:
    Added readout electrode "a_19".
    All signals are reset.
Sensor::AddElectrode:
    Added readout electrode "a_20".
    All signals are reset.
Sensor::AddElectrode:
    Added readout electrode "a_21".
    All signals are reset.
Sensor::AddElectrode:
    Added readout electrode "a_22".
    All signals are reset.
Sensor::AddElectrode:
    Added readout electrode "a_23".
    All signals are reset.
Sensor::AddElectrode:
    Added readout electrode "a_24".
    All signals are reset.
Sensor::AddElectrode:
    Added readout electrode "a_25".
    All signals are reset.
Sensor::AddElectrode:
    Added readout electrode "a_26".
    All signals are reset.
Sensor::AddElectrode:
    Added readout electrode "a_27".
    All signals are reset.
Sensor::AddElectrode:
    Added readout electrode "a_28".
    All signals are reset.
Sensor::AddElectrode:
    Added readout electrode "a_29".
    All signals are reset.
Sensor::AddElectrode:
    Added readout electrode "a_30".
    All signals are reset.
Sensor::AddElectrode:
    Added readout electrode "a_31".
    All signals are reset.
Sensor::AddElectrode:
    Added readout electrode "a_32".
    All signals are reset.
Sensor::AddElectrode:
    Added readout electrode "a_33".
    All signals are reset.
Sensor::AddElectrode:
    Added readout electrode "a_34".
    All signals are reset.
Sensor::AddElectrode:
    Added readout electrode "a_35".
    All signals are reset.
Sensor::AddElectrode:
    Added readout electrode "a_36".
    All signals are reset.
Sensor::AddElectrode:
    Added readout electrode "a_37".
    All signals are reset.
Sensor::AddElectrode:
    Added readout electrode "a_38".
    All signals are reset.
Sensor::AddElectrode:
    Added readout electrode "a_39".
    All signals are reset.
Sensor::AddElectrode:
    Added readout electrode "a_40".
    All signals are reset.
Sensor::AddElectrode:
    Added readout electrode "a_41".
    All signals are reset.
Sensor::AddElectrode:
    Added readout electrode "a_42".
    All signals are reset.
Sensor::AddElectrode:
    Added readout electrode "a_43".
    All signals are reset.
Sensor::AddElectrode:
    Added readout electrode "a_44".
    All signals are reset.
Sensor::AddElectrode:
    Added readout electrode "a_45".
    All signals are reset.
Sensor::AddElectrode:
    Added readout electrode "a_46".
    All signals are reset.
Sensor::AddElectrode:
    Added readout electrode "a_47".
    All signals are reset.
Sensor::AddElectrode:
    Added readout electrode "a_48".
    All signals are reset.
Sensor::AddElectrode:
    Added readout electrode "a_49".
    All signals are reset.
Sensor::AddElectrode:
    Added readout electrode "a_50".
    All signals are reset.
Sensor::AddElectrode:
    Added readout electrode "a_51".
    All signals are reset.
Sensor::AddElectrode:
    Added readout electrode "a_52".
    All signals are reset.
Sensor::AddElectrode:
    Added readout electrode "a_53".
    All signals are reset.
Sensor::AddElectrode:
    Added readout electrode "a_54".
    All signals are reset.
Sensor::AddElectrode:
    Added readout electrode "a_55".
    All signals are reset.
Sensor::AddElectrode:
    Added readout electrode "a_56".
    All signals are reset.
Sensor::AddElectrode:
    Added readout electrode "a_57".
    All signals are reset.
Sensor::AddElectrode:
    Added readout electrode "a_58".
    All signals are reset.
Sensor::AddElectrode:
    Added readout electrode "a_59".
    All signals are reset.
Sensor::AddElectrode:
    Added readout electrode "a_60".
    All signals are reset.
Sensor::AddElectrode:
    Added readout electrode "a_61".
    All signals are reset.
Sensor::AddElectrode:
    Added readout electrode "a_62".
    All signals are reset.
Sensor::AddElectrode:
    Added readout electrode "a_63".
    All signals are reset.
(Debug: HeedModel.cc) The HeedModel has been initialized...
(Debug: HeedDeltaElectronModel.cc) The HeedDeltaElectronModel has been properly initialized...
(Debug: DetectorConstruction.cc) Gas & anodes region connected with HeedDeltaElectronModel...
Visualization verbosity is now startup (1)
(Debug: GasModelParametersMessenger.cc) The cathode voltage has been set to: -6500
(Debug: DMPX_G_factor.cc) Running for voltage: -6500 V
(Debug: DMPX_G_factor.cc) Now shooting...
=======================================================================
======                 Electromagnetic Physics Parameters      ========
=======================================================================
LPM effect enabled                                 1
Enable creation and use of sampling tables         0
Apply cuts on all EM processes                     0
Use combined TransportationWithMsc                 Disabled
Use general process                                0
Enable linear polarisation for gamma               0
Enable photoeffect sampling below K-shell          1
Enable sampling of quantum entanglement            0
X-section factor for integral approach             0.8
Min kinetic energy for tables                      100 eV 
Max kinetic energy for tables                      100 TeV
Number of bins per decade of a table               20
Verbose level                                      1
Verbose level for worker thread                    0
Bremsstrahlung energy threshold above which 
  primary e+- is added to the list of secondary    100 TeV
Bremsstrahlung energy threshold above which primary
  muon/hadron is added to the list of secondary    100 TeV
Positron annihilation at rest model                AllisonPositronium
Enable 3 gamma annihilation on fly                 0
Lowest triplet kinetic energy                      1 MeV
Enable sampling of gamma linear polarisation       0
5D gamma conversion model type                     0
5D gamma conversion model on isolated ion          0
Use Ricardo-Gerardo pair production model          0
Livermore data directory                           epics_2017
=======================================================================
======                 Ionisation Parameters                   ========
=======================================================================
Step function for e+-                              (0.2, 0.01 mm)
Step function for muons/hadrons                    (0.1, 0.05 mm)
Step function for light ions                       (0.1, 0.02 mm)
Step function for general ions                     (0.1, 0.001 mm)
Lowest e+e- kinetic energy                         100 eV 
Lowest muon/hadron kinetic energy                  1 keV
Use ICRU90 data                                    1
Fluctuations of dE/dx are enabled                  1
Type of fluctuation model for leptons and hadrons  Urban
Use built-in Birks satuaration                     0
Build CSDA range enabled                           0
Use cut as a final range enabled                   0
Enable angular generator interface                 1
Max kinetic energy for CSDA tables                 1 GeV
Max kinetic energy for NIEL computation            1 MeV
Linear loss limit                                  0.01
Read data from file for e+e- pair production by mu 0
=======================================================================
======                 Multiple Scattering Parameters          ========
=======================================================================
Type of msc step limit algorithm for e+-           2
Type of msc step limit algorithm for muons/hadrons 0
Msc lateral displacement for e+- enabled           1
Msc lateral displacement for muons and hadrons     1
Urban msc model lateral displacement alg96         1
Range factor for msc step limit for e+-            0.08
Range factor for msc step limit for muons/hadrons  0.2
Geometry factor for msc step limitation of e+-     2.5
Safety factor for msc step limit for e+-           0.6
Skin parameter for msc step limitation of e+-      3
Lambda limit for msc step limit for e+-            1 mm
Use Mott correction for e- scattering              1
Factor used for dynamic computation of angular 
  limit between single and multiple scattering     1
Fixed angular limit between single 
  and multiple scattering                          3.1416 rad
Upper energy limit for e+- multiple scattering     100 MeV
Type of electron single scattering model           0
Type of nuclear form-factor                        1
Screening factor                                   1
=======================================================================
======                 Atomic Deexcitation Parameters          ========
=======================================================================
Fluorescence enabled                               1
Directory in G4LEDATA for fluorescence data files  fluor
Auger electron cascade enabled                     1
PIXE atomic de-excitation enabled                  0
De-excitation module ignores cuts                  1
Type of PIXE cross section for hadrons             Empirical
Type of PIXE cross section for e+-                 Livermore
=======================================================================

### ===  Deexcitation model UAtomDeexcitation is activated for 2 regions:
          DefaultRegionForTheWorld  1  1  0
          GasAndAnodesRegion  1  1  0
### ===  Auger flag: 1
### ===  Ignore cuts flag:   1

phot:  for gamma SubType=12 BuildTable=0
      LambdaPrime table from 200 keV to 100 TeV in 174 bins 
      ===== EM models for the G4Region  DefaultRegionForTheWorld ======
 LivermorePhElectric : Emin=    0 eV  Emax=  100 TeV  SauterGavrila Fluo

compt:  for gamma SubType=13 BuildTable=1
      Lambda table from 100 eV  to 1 MeV, 20 bins/decade, spline: 1
      LambdaPrime table from 1 MeV to 100 TeV in 160 bins 
      ===== EM models for the G4Region  DefaultRegionForTheWorld ======
    LivermoreCompton : Emin=    0 eV  Emax=    1 GeV Fluo
        KleinNishina : Emin=    1 GeV Emax=  100 TeV Fluo

conv:  for gamma SubType=14 BuildTable=1
      Lambda table from 1.022 MeV to 100 TeV, 20 bins/decade, spline: 1
      ===== EM models for the G4Region  DefaultRegionForTheWorld ======
Livermore5DConversion : Emin=    0 eV  Emax=  100 TeV  ModifiedTsai

Rayl:  for gamma SubType=11 BuildTable=1
      Lambda table from 100 eV  to 150 keV, 20 bins/decade, spline: 0
      LambdaPrime table from 150 keV to 100 TeV in 176 bins 
      ===== EM models for the G4Region  DefaultRegionForTheWorld ======
   LivermoreRayleigh : Emin=    0 eV  Emax=  100 TeV  CullenGenerator

msc:  for e-  SubType= 10
      ===== EM models for the G4Region  DefaultRegionForTheWorld ======
  GoudsmitSaunderson : Emin=    0 eV  Emax=  100 MeV Nbins=120 100 eV  - 100 MeV
          StepLim=SafetyPlus Rfact=0.08 Gfact=2.5 Sfact=0.6 DispFlag:1 Skin=3 Llim=1 mm
        WentzelVIUni : Emin=  100 MeV Emax=  100 TeV Nbins=120 100 MeV - 100 TeV
          StepLim=SafetyPlus Rfact=0.08 Gfact=2.5 Sfact=0.6 DispFlag:1 Skin=3 Llim=1 mm

eIoni:  for e-  XStype:3  SubType=2
      dE/dx and range tables from 100 eV  to 100 TeV in 240 bins
      Lambda tables from threshold to 100 TeV, 20 bins/decade, spline: 1
      StepFunction=(0.2, 0.01 mm), integ: 3, fluct: 1, linLossLim= 0.01
      ===== EM models for the G4Region  DefaultRegionForTheWorld ======
       LowEnergyIoni : Emin=    0 eV  Emax=  100 keV  deltaVI
        MollerBhabha : Emin=  100 keV Emax=  100 TeV  deltaVI

eBrem:  for e-  XStype:4  SubType=3
      dE/dx and range tables from 100 eV  to 100 TeV in 240 bins
      Lambda tables from threshold to 100 TeV, 20 bins/decade, spline: 1
      LPM flag: 1 for E > 1 GeV,  VertexHighEnergyTh(GeV)= 100000
      ===== EM models for the G4Region  DefaultRegionForTheWorld ======
             eBremSB : Emin=    0 eV  Emax=    1 GeV  AngularGen2BS
            eBremLPM : Emin=    1 GeV Emax=  100 TeV  AngularGen2BS

ePairProd:  for e-  XStype:1  SubType=4
      dE/dx and range tables from 100 eV  to 100 TeV in 240 bins
      Lambda tables from threshold to 100 TeV, 20 bins/decade, spline: 0
      Sampling table 25x1001; from 0.1 GeV to 100 TeV 
      ===== EM models for the G4Region  DefaultRegionForTheWorld ======
           ePairProd : Emin=    0 eV  Emax=  100 TeV  ModifiedMephi

CoulombScat:  for e- XStype:1 SubType=1 BuildTable=1
      Lambda table from 100 MeV to 100 TeV, 20 bins/decade, spline: 0
      ThetaMin(p) < Theta(degree) < 180, pLimit(GeV^1)= 0.139531
      ===== EM models for the G4Region  DefaultRegionForTheWorld ======
  eCoulombScattering : Emin=  100 MeV Emax=  100 TeV

msc:  for e+  SubType= 10
      ===== EM models for the G4Region  DefaultRegionForTheWorld ======
  GoudsmitSaunderson : Emin=    0 eV  Emax=  100 MeV Nbins=120 100 eV  - 100 MeV
          StepLim=SafetyPlus Rfact=0.08 Gfact=2.5 Sfact=0.6 DispFlag:1 Skin=3 Llim=1 mm
        WentzelVIUni : Emin=  100 MeV Emax=  100 TeV Nbins=120 100 MeV - 100 TeV
          StepLim=SafetyPlus Rfact=0.08 Gfact=2.5 Sfact=0.6 DispFlag:1 Skin=3 Llim=1 mm

eIoni:  for e+  XStype:3  SubType=2
      dE/dx and range tables from 100 eV  to 100 TeV in 240 bins
      Lambda tables from threshold to 100 TeV, 20 bins/decade, spline: 1
      StepFunction=(0.2, 0.01 mm), integ: 3, fluct: 1, linLossLim= 0.01
      ===== EM models for the G4Region  DefaultRegionForTheWorld ======
        MollerBhabha : Emin=    0 eV  Emax=  100 TeV  deltaVI

eBrem:  for e+  XStype:4  SubType=3
      dE/dx and range tables from 100 eV  to 100 TeV in 240 bins
      Lambda tables from threshold to 100 TeV, 20 bins/decade, spline: 1
      LPM flag: 1 for E > 1 GeV,  VertexHighEnergyTh(GeV)= 100000
      ===== EM models for the G4Region  DefaultRegionForTheWorld ======
             eBremSB : Emin=    0 eV  Emax=    1 GeV  AngularGen2BS
            eBremLPM : Emin=    1 GeV Emax=  100 TeV  AngularGen2BS

ePairProd:  for e+  XStype:1  SubType=4
      dE/dx and range tables from 100 eV  to 100 TeV in 240 bins
      Lambda tables from threshold to 100 TeV, 20 bins/decade, spline: 0
      Sampling table 25x1001; from 0.1 GeV to 100 TeV 
      ===== EM models for the G4Region  DefaultRegionForTheWorld ======
           ePairProd : Emin=    0 eV  Emax=  100 TeV  ModifiedMephi

annihil:  for e+ XStype:2 SubType=5 AtRestModel:Allison BuildTable=0
      ===== EM models for the G4Region  DefaultRegionForTheWorld ======
            eplus2gg : Emin=    0 eV  Emax=  100 TeV

CoulombScat:  for e+ XStype:1 SubType=1 BuildTable=1
      Lambda table from 100 MeV to 100 TeV, 20 bins/decade, spline: 0
      ThetaMin(p) < Theta(degree) < 180, pLimit(GeV^1)= 0.139531
      ===== EM models for the G4Region  DefaultRegionForTheWorld ======
  eCoulombScattering : Emin=  100 MeV Emax=  100 TeV

msc:  for proton  SubType= 10
      ===== EM models for the G4Region  DefaultRegionForTheWorld ======
        WentzelVIUni : Emin=    0 eV  Emax=  100 TeV Nbins=240 100 eV  - 100 TeV
          StepLim=Minimal Rfact=0.2 Gfact=2.5 Sfact=0.6 DispFlag:1 Skin=3 Llim=1 mm

hIoni:  for proton  XStype:3  SubType=2
      dE/dx and range tables from 100 eV  to 100 TeV in 240 bins
      Lambda tables from threshold to 100 TeV, 20 bins/decade, spline: 1
      StepFunction=(0.1, 0.05 mm), integ: 3, fluct: 1, linLossLim= 0.01
      ===== EM models for the G4Region  DefaultRegionForTheWorld ======
               Bragg : Emin=    0 eV  Emax=    2 MeV  deltaVI
          BetheBloch : Emin=    2 MeV Emax=  100 TeV  deltaVI
      ===== Limit on energy threshold has been applied 

hBrems:  for proton  XStype:1  SubType=3
      dE/dx and range tables from 100 eV  to 100 TeV in 240 bins
      Lambda tables from threshold to 100 TeV, 20 bins/decade, spline: 1
      ===== EM models for the G4Region  DefaultRegionForTheWorld ======
               hBrem : Emin=    0 eV  Emax=  100 TeV  ModifiedMephi
      ===== Limit on energy threshold has been applied 

hPairProd:  for proton  XStype:1  SubType=4
      dE/dx and range tables from 100 eV  to 100 TeV in 240 bins
      Lambda tables from threshold to 100 TeV, 20 bins/decade, spline: 1
      Sampling table 17x1001; from 7.50618 GeV to 100 TeV 
      ===== EM models for the G4Region  DefaultRegionForTheWorld ======
           hPairProd : Emin=    0 eV  Emax=  100 TeV  ModifiedMephi

CoulombScat:  for proton XStype:1 SubType=1 BuildTable=1
      Lambda table from threshold  to 100 TeV, 20 bins/decade, spline: 0
      ThetaMin(p) < Theta(degree) < 180, pLimit(GeV^1)= 0.139531
      ===== EM models for the G4Region  DefaultRegionForTheWorld ======
  eCoulombScattering : Emin=    0 eV  Emax=  100 TeV

nuclearStopping:  for proton SubType=8 BuildTable=0
      ===== EM models for the G4Region  DefaultRegionForTheWorld ======
   ICRU49NucStopping : Emin=    0 eV  Emax=    1 MeV

msc:  for GenericIon  SubType= 10
      ===== EM models for the G4Region  DefaultRegionForTheWorld ======
            UrbanMsc : Emin=    0 eV  Emax=  100 TeV
          StepLim=Minimal Rfact=0.2 Gfact=2.5 Sfact=0.6 DispFlag:1 Skin=3 Llim=1 mm

ionIoni:  for GenericIon  XStype:3  SubType=2
      dE/dx and range tables from 100 eV  to 100 TeV in 240 bins
      Lambda tables from threshold to 100 TeV, 20 bins/decade, spline: 1
      StepFunction=(0.1, 0.001 mm), integ: 3, fluct: 1, linLossLim= 0.02
      ===== EM models for the G4Region  DefaultRegionForTheWorld ======
    LindhardSorensen : Emin=    0 eV  Emax=  100 TeV  deltaVI
      ===== Limit on energy threshold has been applied 

nuclearStopping:  for GenericIon SubType=8 BuildTable=0
      ===== EM models for the G4Region  DefaultRegionForTheWorld ======
   ICRU49NucStopping : Emin=    0 eV  Emax=    1 MeV
======================================================================
======          Radioactive Decay Physics Parameters           =======
======================================================================
min MeanLife (from G4NuclideTable)                1 ns 
Max life time (from G4DeexPrecoParameters)        1000 ps 
Internal e- conversion flag                       1
Stored internal conversion coefficients           1
Enabled atomic relaxation mode                    1
Enable correlated gamma emission                  0
Max 2J for sampling of angular correlations       10
Atomic de-excitation enabled                      1
Auger electron emission enabled                   1
Check EM cuts disabled for atomic de-excitation   1
Use Bearden atomic level energies                 0
Use ANSTO fluorescence model                      0
Threshold for very long decay time at rest        1 y  
======================================================================

====================================================================
                  HADRONIC PROCESSES SUMMARY (verbose level 1)
-------------------------------------------------------------------------
                           Hadronic Processes for GenericIon
  Process: RadioactiveDecay

msc:  for alpha  SubType= 10
      ===== EM models for the G4Region  DefaultRegionForTheWorld ======
            UrbanMsc : Emin=    0 eV  Emax=  100 TeV
          StepLim=Minimal Rfact=0.2 Gfact=2.5 Sfact=0.6 DispFlag:1 Skin=3 Llim=1 mm

ionIoni:  for alpha  XStype:3  SubType=2
      dE/dx and range tables from 100 eV  to 100 TeV in 240 bins
      Lambda tables from threshold to 100 TeV, 20 bins/decade, spline: 1
      StepFunction=(0.1, 0.02 mm), integ: 3, fluct: 1, linLossLim= 0.02
      ===== EM models for the G4Region  DefaultRegionForTheWorld ======
            BraggIon : Emin=    0 eV  Emax=7.9452 MeV  deltaVI
          BetheBloch : Emin=7.9452 MeV Emax=  100 TeV  deltaVI
      ===== Limit on energy threshold has been applied 

nuclearStopping:  for alpha SubType=8 BuildTable=0
      ===== EM models for the G4Region  DefaultRegionForTheWorld ======
   ICRU49NucStopping : Emin=    0 eV  Emax=    1 MeV

msc:  for anti_proton  SubType= 10
      ===== EM models for the G4Region  DefaultRegionForTheWorld ======
        WentzelVIUni : Emin=    0 eV  Emax=  100 TeV Nbins=240 100 eV  - 100 TeV
          StepLim=Minimal Rfact=0.2 Gfact=2.5 Sfact=0.6 DispFlag:1 Skin=3 Llim=1 mm

hIoni:  for anti_proton  XStype:3  SubType=2
      dE/dx and range tables from 100 eV  to 100 TeV in 240 bins
      Lambda tables from threshold to 100 TeV, 20 bins/decade, spline: 1
      StepFunction=(0.1, 0.05 mm), integ: 3, fluct: 1, linLossLim= 0.01
      ===== EM models for the G4Region  DefaultRegionForTheWorld ======
            ICRU73QO : Emin=    0 eV  Emax=    2 MeV  deltaVI
          BetheBloch : Emin=    2 MeV Emax=  100 TeV  deltaVI
      ===== Limit on energy threshold has been applied 

hBrems:  for anti_proton  XStype:1  SubType=3
      dE/dx and range tables from 100 eV  to 100 TeV in 240 bins
      Lambda tables from threshold to 100 TeV, 20 bins/decade, spline: 1
      ===== EM models for the G4Region  DefaultRegionForTheWorld ======
               hBrem : Emin=    0 eV  Emax=  100 TeV  ModifiedMephi
      ===== Limit on energy threshold has been applied 

hPairProd:  for anti_proton  XStype:1  SubType=4
      dE/dx and range tables from 100 eV  to 100 TeV in 240 bins
      Lambda tables from threshold to 100 TeV, 20 bins/decade, spline: 1
      Sampling table 17x1001; from 7.50618 GeV to 100 TeV 
      ===== EM models for the G4Region  DefaultRegionForTheWorld ======
           hPairProd : Emin=    0 eV  Emax=  100 TeV  ModifiedMephi

CoulombScat:  for anti_proton XStype:1 SubType=1 BuildTable=1
      Lambda table from threshold  to 100 TeV, 20 bins/decade, spline: 0
      ThetaMin(p) < Theta(degree) < 180, pLimit(GeV^1)= 0.139531
      ===== EM models for the G4Region  DefaultRegionForTheWorld ======
  eCoulombScattering : Emin=    0 eV  Emax=  100 TeV

msc:  for kaon+  SubType= 10
      ===== EM models for the G4Region  DefaultRegionForTheWorld ======
        WentzelVIUni : Emin=    0 eV  Emax=  100 TeV Nbins=240 100 eV  - 100 TeV
          StepLim=Minimal Rfact=0.2 Gfact=2.5 Sfact=0.6 DispFlag:1 Skin=3 Llim=1 mm

hIoni:  for kaon+  XStype:3  SubType=2
      dE/dx and range tables from 100 eV  to 100 TeV in 240 bins
      Lambda tables from threshold to 100 TeV, 20 bins/decade, spline: 1
      StepFunction=(0.1, 0.05 mm), integ: 3, fluct: 1, linLossLim= 0.01
      ===== EM models for the G4Region  DefaultRegionForTheWorld ======
               Bragg : Emin=    0 eV  Emax=1.05231 MeV  deltaVI
          BetheBloch : Emin=1.05231 MeV Emax=  100 TeV  deltaVI
      ===== Limit on energy threshold has been applied 

hBrems:  for kaon+  XStype:1  SubType=3
      dE/dx and range tables from 100 eV  to 100 TeV in 240 bins
      Lambda tables from threshold to 100 TeV, 20 bins/decade, spline: 1
      ===== EM models for the G4Region  DefaultRegionForTheWorld ======
               hBrem : Emin=    0 eV  Emax=  100 TeV  ModifiedMephi
      ===== Limit on energy threshold has been applied 

hPairProd:  for kaon+  XStype:1  SubType=4
      dE/dx and range tables from 100 eV  to 100 TeV in 240 bins
      Lambda tables from threshold to 100 TeV, 20 bins/decade, spline: 1
      Sampling table 18x1001; from 3.94942 GeV to 100 TeV 
      ===== EM models for the G4Region  DefaultRegionForTheWorld ======
           hPairProd : Emin=    0 eV  Emax=  100 TeV  ModifiedMephi

CoulombScat:  for kaon+ XStype:1 SubType=1 BuildTable=1
      Lambda table from threshold  to 100 TeV, 20 bins/decade, spline: 0
      ThetaMin(p) < Theta(degree) < 180, pLimit(GeV^1)= 0.139531
      ===== EM models for the G4Region  DefaultRegionForTheWorld ======
  eCoulombScattering : Emin=    0 eV  Emax=  100 TeV

msc:  for kaon-  SubType= 10
      ===== EM models for the G4Region  DefaultRegionForTheWorld ======
        WentzelVIUni : Emin=    0 eV  Emax=  100 TeV Nbins=240 100 eV  - 100 TeV
          StepLim=Minimal Rfact=0.2 Gfact=2.5 Sfact=0.6 DispFlag:1 Skin=3 Llim=1 mm

hIoni:  for kaon-  XStype:3  SubType=2
      dE/dx and range tables from 100 eV  to 100 TeV in 240 bins
      Lambda tables from threshold to 100 TeV, 20 bins/decade, spline: 1
      StepFunction=(0.1, 0.05 mm), integ: 3, fluct: 1, linLossLim= 0.01
      ===== EM models for the G4Region  DefaultRegionForTheWorld ======
            ICRU73QO : Emin=    0 eV  Emax=1.05231 MeV  deltaVI
          BetheBloch : Emin=1.05231 MeV Emax=  100 TeV  deltaVI
      ===== Limit on energy threshold has been applied 

hBrems:  for kaon-  XStype:1  SubType=3
      dE/dx and range tables from 100 eV  to 100 TeV in 240 bins
      Lambda tables from threshold to 100 TeV, 20 bins/decade, spline: 1
      ===== EM models for the G4Region  DefaultRegionForTheWorld ======
               hBrem : Emin=    0 eV  Emax=  100 TeV  ModifiedMephi
      ===== Limit on energy threshold has been applied 

hPairProd:  for kaon-  XStype:1  SubType=4
      dE/dx and range tables from 100 eV  to 100 TeV in 240 bins
      Lambda tables from threshold to 100 TeV, 20 bins/decade, spline: 1
      Sampling table 18x1001; from 3.94942 GeV to 100 TeV 
      ===== EM models for the G4Region  DefaultRegionForTheWorld ======
           hPairProd : Emin=    0 eV  Emax=  100 TeV  ModifiedMephi

CoulombScat:  for kaon- XStype:1 SubType=1 BuildTable=1
      Used Lambda table of kaon+
      ThetaMin(p) < Theta(degree) < 180, pLimit(GeV^1)= 0.139531
      ===== EM models for the G4Region  DefaultRegionForTheWorld ======
  eCoulombScattering : Emin=    0 eV  Emax=  100 TeV

msc:  for mu+  SubType= 10
      ===== EM models for the G4Region  DefaultRegionForTheWorld ======
        WentzelVIUni : Emin=    0 eV  Emax=  100 TeV Nbins=240 100 eV  - 100 TeV
          StepLim=Minimal Rfact=0.2 Gfact=2.5 Sfact=0.6 DispFlag:1 Skin=3 Llim=1 mm

muIoni:  for mu+  XStype:3  SubType=2
      dE/dx and range tables from 100 eV  to 100 TeV in 240 bins
      Lambda tables from threshold to 100 TeV, 20 bins/decade, spline: 1
      StepFunction=(0.1, 0.05 mm), integ: 3, fluct: 1, linLossLim= 0.01
      ===== EM models for the G4Region  DefaultRegionForTheWorld ======
               Bragg : Emin=    0 eV  Emax=  200 keV  deltaVI
        MuBetheBloch : Emin=  200 keV Emax=  100 TeV  deltaVI
      ===== Limit on energy threshold has been applied 

muBrems:  for mu+  XStype:1  SubType=3
      dE/dx and range tables from 100 eV  to 100 TeV in 240 bins
      Lambda tables from threshold to 100 TeV, 20 bins/decade, spline: 1
      ===== EM models for the G4Region  DefaultRegionForTheWorld ======
              MuBrem : Emin=    0 eV  Emax=  100 TeV  ModifiedMephi
      ===== Limit on energy threshold has been applied 

muPairProd:  for mu+  XStype:1  SubType=4
      dE/dx and range tables from 100 eV  to 100 TeV in 240 bins
      Lambda tables from threshold to 100 TeV, 20 bins/decade, spline: 1
      Sampling table 21x1001; from 0.85 GeV to 100 TeV 
      ===== EM models for the G4Region  DefaultRegionForTheWorld ======
          muPairProd : Emin=    0 eV  Emax=  100 TeV  ModifiedMephi

CoulombScat:  for mu+ XStype:1 SubType=1 BuildTable=1
      Lambda table from threshold  to 100 TeV, 20 bins/decade, spline: 0
      ThetaMin(p) < Theta(degree) < 180, pLimit(GeV^1)= 0.139531
      ===== EM models for the G4Region  DefaultRegionForTheWorld ======
  eCoulombScattering : Emin=    0 eV  Emax=  100 TeV

msc:  for mu-  SubType= 10
      ===== EM models for the G4Region  DefaultRegionForTheWorld ======
        WentzelVIUni : Emin=    0 eV  Emax=  100 TeV Nbins=240 100 eV  - 100 TeV
          StepLim=Minimal Rfact=0.2 Gfact=2.5 Sfact=0.6 DispFlag:1 Skin=3 Llim=1 mm

muIoni:  for mu-  XStype:3  SubType=2
      dE/dx and range tables from 100 eV  to 100 TeV in 240 bins
      Lambda tables from threshold to 100 TeV, 20 bins/decade, spline: 1
      StepFunction=(0.1, 0.05 mm), integ: 3, fluct: 1, linLossLim= 0.01
      ===== EM models for the G4Region  DefaultRegionForTheWorld ======
            ICRU73QO : Emin=    0 eV  Emax=  200 keV  deltaVI
        MuBetheBloch : Emin=  200 keV Emax=  100 TeV  deltaVI
      ===== Limit on energy threshold has been applied 

muBrems:  for mu-  XStype:1  SubType=3
      dE/dx and range tables from 100 eV  to 100 TeV in 240 bins
      Lambda tables from threshold to 100 TeV, 20 bins/decade, spline: 1
      ===== EM models for the G4Region  DefaultRegionForTheWorld ======
              MuBrem : Emin=    0 eV  Emax=  100 TeV  ModifiedMephi
      ===== Limit on energy threshold has been applied 

muPairProd:  for mu-  XStype:1  SubType=4
      dE/dx and range tables from 100 eV  to 100 TeV in 240 bins
      Lambda tables from threshold to 100 TeV, 20 bins/decade, spline: 1
      Sampling table 21x1001; from 0.85 GeV to 100 TeV 
      ===== EM models for the G4Region  DefaultRegionForTheWorld ======
          muPairProd : Emin=    0 eV  Emax=  100 TeV  ModifiedMephi

CoulombScat:  for mu- XStype:1 SubType=1 BuildTable=1
      Used Lambda table of mu+
      ThetaMin(p) < Theta(degree) < 180, pLimit(GeV^1)= 0.139531
      ===== EM models for the G4Region  DefaultRegionForTheWorld ======
  eCoulombScattering : Emin=    0 eV  Emax=  100 TeV

msc:  for pi+  SubType= 10
      ===== EM models for the G4Region  DefaultRegionForTheWorld ======
        WentzelVIUni : Emin=    0 eV  Emax=  100 TeV Nbins=240 100 eV  - 100 TeV
          StepLim=Minimal Rfact=0.2 Gfact=2.5 Sfact=0.6 DispFlag:1 Skin=3 Llim=1 mm

hIoni:  for pi+  XStype:3  SubType=2
      dE/dx and range tables from 100 eV  to 100 TeV in 240 bins
      Lambda tables from threshold to 100 TeV, 20 bins/decade, spline: 1
      StepFunction=(0.1, 0.05 mm), integ: 3, fluct: 1, linLossLim= 0.01
      ===== EM models for the G4Region  DefaultRegionForTheWorld ======
               Bragg : Emin=    0 eV  Emax=297.505 keV  deltaVI
          BetheBloch : Emin=297.505 keV Emax=  100 TeV  deltaVI
      ===== Limit on energy threshold has been applied 

hBrems:  for pi+  XStype:1  SubType=3
      dE/dx and range tables from 100 eV  to 100 TeV in 240 bins
      Lambda tables from threshold to 100 TeV, 20 bins/decade, spline: 1
      ===== EM models for the G4Region  DefaultRegionForTheWorld ======
               hBrem : Emin=    0 eV  Emax=  100 TeV  ModifiedMephi
      ===== Limit on energy threshold has been applied 

hPairProd:  for pi+  XStype:1  SubType=4
      dE/dx and range tables from 100 eV  to 100 TeV in 240 bins
      Lambda tables from threshold to 100 TeV, 20 bins/decade, spline: 1
      Sampling table 20x1001; from 1.11656 GeV to 100 TeV 
      ===== EM models for the G4Region  DefaultRegionForTheWorld ======
           hPairProd : Emin=    0 eV  Emax=  100 TeV  ModifiedMephi

CoulombScat:  for pi+ XStype:1 SubType=1 BuildTable=1
      Lambda table from threshold  to 100 TeV, 20 bins/decade, spline: 0
      ThetaMin(p) < Theta(degree) < 180, pLimit(GeV^1)= 0.139531
      ===== EM models for the G4Region  DefaultRegionForTheWorld ======
  eCoulombScattering : Emin=    0 eV  Emax=  100 TeV

msc:  for pi-  SubType= 10
      ===== EM models for the G4Region  DefaultRegionForTheWorld ======
        WentzelVIUni : Emin=    0 eV  Emax=  100 TeV Nbins=240 100 eV  - 100 TeV
          StepLim=Minimal Rfact=0.2 Gfact=2.5 Sfact=0.6 DispFlag:1 Skin=3 Llim=1 mm

hIoni:  for pi-  XStype:3  SubType=2
      dE/dx and range tables from 100 eV  to 100 TeV in 240 bins
      Lambda tables from threshold to 100 TeV, 20 bins/decade, spline: 1
      StepFunction=(0.1, 0.05 mm), integ: 3, fluct: 1, linLossLim= 0.01
      ===== EM models for the G4Region  DefaultRegionForTheWorld ======
            ICRU73QO : Emin=    0 eV  Emax=297.505 keV  deltaVI
          BetheBloch : Emin=297.505 keV Emax=  100 TeV  deltaVI
      ===== Limit on energy threshold has been applied 

hBrems:  for pi-  XStype:1  SubType=3
      dE/dx and range tables from 100 eV  to 100 TeV in 240 bins
      Lambda tables from threshold to 100 TeV, 20 bins/decade, spline: 1
      ===== EM models for the G4Region  DefaultRegionForTheWorld ======
               hBrem : Emin=    0 eV  Emax=  100 TeV  ModifiedMephi
      ===== Limit on energy threshold has been applied 

hPairProd:  for pi-  XStype:1  SubType=4
      dE/dx and range tables from 100 eV  to 100 TeV in 240 bins
      Lambda tables from threshold to 100 TeV, 20 bins/decade, spline: 1
      Sampling table 20x1001; from 1.11656 GeV to 100 TeV 
      ===== EM models for the G4Region  DefaultRegionForTheWorld ======
           hPairProd : Emin=    0 eV  Emax=  100 TeV  ModifiedMephi

CoulombScat:  for pi- XStype:1 SubType=1 BuildTable=1
      Used Lambda table of pi+
      ThetaMin(p) < Theta(degree) < 180, pLimit(GeV^1)= 0.139531
      ===== EM models for the G4Region  DefaultRegionForTheWorld ======
  eCoulombScattering : Emin=    0 eV  Emax=  100 TeV

========= Table of registered couples ============================

Index : 0     used in the geometry : Yes
 Material : G4_Galactic
 Range cuts        :  gamma  10 um     e-  10 um     e+  10 um  proton 10 um 
 Energy thresholds :  gamma  1 eV     e-  1 eV     e+  1 eV  proton 1 keV
 Region(s) which use this couple : 
    DefaultRegionForTheWorld

Index : 1     used in the geometry : Yes
 Material : G4_Be
 Range cuts        :  gamma  10 um     e-  10 um     e+  10 um  proton 10 um 
 Energy thresholds :  gamma  1 eV     e-  27.9988 keV    e+  27.4516 keV proton 1 keV
 Region(s) which use this couple : 
    DefaultRegionForTheWorld

Index : 2     used in the geometry : Yes
 Material : KrCH4_90_10
 Range cuts        :  gamma  1 um     e-  1 um     e+  1 um  proton 0 fm 
 Energy thresholds :  gamma  1 eV     e-  1 eV     e+  1 eV  proton 0 eV 
 Region(s) which use this couple : 
    GasAndAnodesRegion

Index : 3     used in the geometry : Yes
 Material : G4_Au
 Range cuts        :  gamma  1 um     e-  1 um     e+  1 um  proton 0 fm 
 Energy thresholds :  gamma  1.7219 keV    e-  14.2698 keV    e+  13.9164 keV proton 0 eV 
 Region(s) which use this couple : 
    GasAndAnodesRegion

==================================================================

### Run 0 starts.

--------- Ranecu engine status ---------
 Initial seed (index) = 0
 Current couple of seeds = 9876, 54318
----------------------------------------
(Debug: RunAction.cc) Starting run 0
(Debug: RunAction.cc) Time: Tue Jun 10 07:48:57 2025

... set ntuple merging row mode : row-wise - done
... create file : output.root - done
... open analysis file : output.root - done
... open analysis file : output.root - done
=====================================
  G4EventManager::ProcessOneEvent()  
=====================================
(Debug: GasBoxSD.cc) GasBoxSD Intialized!
(Debug: EventAction.cc) Beginning of event 1
(Debug: EventAction.cc) The primary vertex is: 102.27
(Debug: EventAction.cc) Primary particle energy: 5 keV
G4PrimaryTransformer::PrimaryVertex (25.6429(mm),102.27(mm),1.60118(mm),0(nsec))
1 primary tracks are passed to the stack.
!!!!!!! Now start processing an event !!!!!!!

*********************************************************************************************************
* G4Track Information:   Particle = gamma,   Track ID = 1,   Parent ID = 0
*********************************************************************************************************

Step#    X(mm)    Y(mm)    Z(mm) KinE(MeV)  dE(MeV) StepLeng TrackLeng  NextVolume ProcName
    0     25.6      102      1.6     0.005        0        0         0 WorldPhysical initStep
    1     -4.5      2.5      1.6     0.005        0      104       104 physCathode1Up Transportation
    2    -4.53     2.42      1.6         0 0.000115   0.0831       104 physCathode1Up phot
Track (trackID 1, parentID 0) is processed with stopping code 2

*********************************************************************************************************
* G4Track Information:   Particle = e-,   Track ID = 2,   Parent ID = 1
*********************************************************************************************************

Step#    X(mm)    Y(mm)    Z(mm) KinE(MeV)  dE(MeV) StepLeng TrackLeng  NextVolume ProcName
    0    -4.53     2.42      1.6   0.00489        0        0         0 physCathode1Up initStep
    1    -4.53     2.42      1.6    0.0048 8.85e-05 3.55e-05  3.55e-05 physCathode1Up msc
    2    -4.53     2.42      1.6         0   0.0048  0.00043  0.000465 physCathode1Up eIoni
Track (trackID 2, parentID 1) is processed with stopping code 2
NULL returned from G4StackManager.
Terminate current event processing.
G4TrajectoryDrawByCharge drawer named drawByCharge-0, drawing trajectory with charge, 0
, with configuration:
Name:                       default
Line colour                 (0,1,0,1) (green)
Draw line ?                 1
Line visibile ?             1
Draw auxiliary points ?     0
Auxiliary points type       2
Auxiliary points size       2
Auxiliary points fill style 2
Auxiliary points colour     (1,0,1,1) (magenta)
Auxiliary points visible ?  1
Draw step points ?          1
Step points type            1
Step points size            6
Step points fill style      2
Step points colour          (1,1,0,1) (yellow)
Step points visible ?       1
Time slice interval         0 ps 
G4TrajectoryDrawByCharge drawer named drawByCharge-0, drawing trajectory with charge, -1
, with configuration:
Name:                       default
Line colour                 (1,0,0,1) (red)
Draw line ?                 1
Line visibile ?             1
Draw auxiliary points ?     0
Auxiliary points type       2
Auxiliary points size       2
Auxiliary points fill style 2
Auxiliary points colour     (1,0,1,1) (magenta)
Auxiliary points visible ?  1
Draw step points ?          1
Step points type            1
Step points size            6
Step points fill style      2
Step points colour          (1,1,0,1) (yellow)
Step points visible ?       1
Time slice interval         0 ps 
 Run terminated.
Run Summary
  Number of events processed : 1
  User=0.020000s Real=0.087829s Sys=0.020000s
... write file : output.root - done
... close file : output.root - done
... delete empty file : output.root - done
(Debug: RunAction.cc) End of run OK!
(Debug: RunAction) Simulation finished!
(Debug: RunAction.cc) Time: Tue Jun 10 07:48:57 2025


--------- Ranecu engine status ---------
 Initial seed (index) = 0
 Current couple of seeds = 371339317, 320108957
----------------------------------------
(Debug: DMPX_G_factor.cc) Now shooting...

========= Table of registered couples ============================

Index : 0     used in the geometry : Yes
 Material : G4_Galactic
 Range cuts        :  gamma  10 um     e-  10 um     e+  10 um  proton 10 um 
 Energy thresholds :  gamma  1 eV     e-  1 eV     e+  1 eV  proton 1 keV
 Region(s) which use this couple : 
    DefaultRegionForTheWorld

Index : 1     used in the geometry : Yes
 Material : G4_Be
 Range cuts        :  gamma  10 um     e-  10 um     e+  10 um  proton 10 um 
 Energy thresholds :  gamma  1 eV     e-  27.99880253708374 keV    e+  27.4516030064588 keV proton 1 keV
 Region(s) which use this couple : 
    DefaultRegionForTheWorld

Index : 2     used in the geometry : Yes
 Material : KrCH4_90_10
 Range cuts        :  gamma  1 um     e-  1 um     e+  1 um  proton 0 fm 
 Energy thresholds :  gamma  1 eV     e-  1 eV     e+  1 eV  proton 0 eV 
 Region(s) which use this couple : 
    GasAndAnodesRegion

Index : 3     used in the geometry : Yes
 Material : G4_Au
 Range cuts        :  gamma  1 um     e-  1 um     e+  1 um  proton 0 fm 
 Energy thresholds :  gamma  1.721899238082278 keV    e-  14.26982100189901 keV    e+  13.91637606042289 keV proton 0 eV 
 Region(s) which use this couple : 
    GasAndAnodesRegion

==================================================================

### Run 1 starts.

--------- Ranecu engine status ---------
 Initial seed (index) = 0
 Current couple of seeds = 371339317, 320108957
----------------------------------------
(Debug: RunAction.cc) Starting run 1
(Debug: RunAction.cc) Time: Tue Jun 10 07:48:57 2025

... create file : output.root - done
... open analysis file : output.root - done
... open analysis file : output.root - done
=====================================
  G4EventManager::ProcessOneEvent()  
=====================================
(Debug: GasBoxSD.cc) GasBoxSD Intialized!
(Debug: EventAction.cc) Beginning of event 2
(Debug: EventAction.cc) The primary vertex is: 102.27
(Debug: EventAction.cc) Primary particle energy: 5 keV
G4PrimaryTransformer::PrimaryVertex (36.27292109340769(mm),102.27(mm),-1.347698711782324(mm),0(nsec))
1 primary tracks are passed to the stack.
!!!!!!! Now start processing an event !!!!!!!

*********************************************************************************************************
* G4Track Information:   Particle = gamma,   Track ID = 1,   Parent ID = 0
*********************************************************************************************************

Step#    X(mm)    Y(mm)    Z(mm) KinE(MeV)  dE(MeV) StepLeng TrackLeng  NextVolume ProcName
    0     36.3      102    -1.35     0.005        0        0         0 WorldPhysical initStep
    1    -3.46      2.5    -1.35     0.005        0      107       107 physCathode1Up Transportation
    2     -3.5      2.4    -1.35         0 0.000115    0.102       107 physCathode1Up phot
Track (trackID 1, parentID 0) is processed with stopping code 2

*********************************************************************************************************
* G4Track Information:   Particle = e-,   Track ID = 2,   Parent ID = 1
*********************************************************************************************************

Step#    X(mm)    Y(mm)    Z(mm) KinE(MeV)  dE(MeV) StepLeng TrackLeng  NextVolume ProcName
    0     -3.5      2.4    -1.35   0.00489        0        0         0 physCathode1Up initStep
    1     -3.5      2.4    -1.35   0.00403 0.000853 3.55e-05  3.55e-05 physCathode1Up msc
    2     -3.5      2.4    -1.35         0  0.00403 0.000318  0.000353 physCathode1Up eIoni
Track (trackID 2, parentID 1) is processed with stopping code 2
NULL returned from G4StackManager.
Terminate current event processing.
G4TrajectoryDrawByCharge drawer named drawByCharge-0, drawing trajectory with charge, 0
, with configuration:
Name:                       default
Line colour                 (0,1,0,1) (green)
Draw line ?                 1
Line visibile ?             1
Draw auxiliary points ?     0
Auxiliary points type       2
Auxiliary points size       2
Auxiliary points fill style 2
Auxiliary points colour     (1,0,1,1) (magenta)
Auxiliary points visible ?  1
Draw step points ?          1
Step points type            1
Step points size            6
Step points fill style      2
Step points colour          (1,1,0,1) (yellow)
Step points visible ?       1
Time slice interval         0 ps 
G4TrajectoryDrawByCharge drawer named drawByCharge-0, drawing trajectory with charge, -1
, with configuration:
Name:                       default
Line colour                 (1,0,0,1) (red)
Draw line ?                 1
Line visibile ?             1
Draw auxiliary points ?     0
Auxiliary points type       2
Auxiliary points size       2
Auxiliary points fill style 2
Auxiliary points colour     (1,0,1,1) (magenta)
Auxiliary points visible ?  1
Draw step points ?          1
Step points type            1
Step points size            6
Step points fill style      2
Step points colour          (1,1,0,1) (yellow)
Step points visible ?       1
Time slice interval         0 ps 
 Run terminated.
Run Summary
  Number of events processed : 1
  User=0.010000s Real=0.007728s Sys=0.000000s
... write file : output.root - done
... close file : output.root - done
... delete empty file : output.root - done
(Debug: RunAction.cc) End of run OK!
(Debug: RunAction) Simulation finished!
(Debug: RunAction.cc) Time: Tue Jun 10 07:48:57 2025


--------- Ranecu engine status ---------
 Initial seed (index) = 0
 Current couple of seeds = 2037733379, 1790363848
----------------------------------------
(Debug: DMPX_G_factor.cc) Now shooting...

========= Table of registered couples ============================

Index : 0     used in the geometry : Yes
 Material : G4_Galactic
 Range cuts        :  gamma  10 um     e-  10 um     e+  10 um  proton 10 um 
 Energy thresholds :  gamma  1 eV     e-  1 eV     e+  1 eV  proton 1 keV
 Region(s) which use this couple : 
    DefaultRegionForTheWorld

Index : 1     used in the geometry : Yes
 Material : G4_Be
 Range cuts        :  gamma  10 um     e-  10 um     e+  10 um  proton 10 um 
 Energy thresholds :  gamma  1 eV     e-  27.99880253708374 keV    e+  27.4516030064588 keV proton 1 keV
 Region(s) which use this couple : 
    DefaultRegionForTheWorld

Index : 2     used in the geometry : Yes
 Material : KrCH4_90_10
 Range cuts        :  gamma  1 um     e-  1 um     e+  1 um  proton 0 fm 
 Energy thresholds :  gamma  1 eV     e-  1 eV     e+  1 eV  proton 0 eV 
 Region(s) which use this couple : 
    GasAndAnodesRegion

Index : 3     used in the geometry : Yes
 Material : G4_Au
 Range cuts        :  gamma  1 um     e-  1 um     e+  1 um  proton 0 fm 
 Energy thresholds :  gamma  1.721899238082278 keV    e-  14.26982100189901 keV    e+  13.91637606042289 keV proton 0 eV 
 Region(s) which use this couple : 
    GasAndAnodesRegion

==================================================================

### Run 2 starts.

--------- Ranecu engine status ---------
 Initial seed (index) = 0
 Current couple of seeds = 2037733379, 1790363848
----------------------------------------
(Debug: RunAction.cc) Starting run 2
(Debug: RunAction.cc) Time: Tue Jun 10 07:48:57 2025

... create file : output.root - done
... open analysis file : output.root - done
... open analysis file : output.root - done
=====================================
  G4EventManager::ProcessOneEvent()  
=====================================
(Debug: GasBoxSD.cc) GasBoxSD Intialized!
(Debug: EventAction.cc) Beginning of event 3
(Debug: EventAction.cc) The primary vertex is: 102.27
(Debug: EventAction.cc) Primary particle energy: 5 keV
G4PrimaryTransformer::PrimaryVertex (50.28239592032227(mm),102.27(mm),0.7731058162374245(mm),0(nsec))
1 primary tracks are passed to the stack.
!!!!!!! Now start processing an event !!!!!!!

*********************************************************************************************************
* G4Track Information:   Particle = gamma,   Track ID = 1,   Parent ID = 0
*********************************************************************************************************

Step#    X(mm)    Y(mm)    Z(mm) KinE(MeV)  dE(MeV) StepLeng TrackLeng  NextVolume ProcName
    0     50.3      102    0.773     0.005        0        0         0 WorldPhysical initStep
    1     22.1      2.5    0.773     0.005        0      104       104 physCathode1Up Transportation
    2       22     2.18    0.773         0 0.000115    0.333       104 physCathode1Up phot
Track (trackID 1, parentID 0) is processed with stopping code 2

*********************************************************************************************************
* G4Track Information:   Particle = e-,   Track ID = 2,   Parent ID = 1
*********************************************************************************************************

Step#    X(mm)    Y(mm)    Z(mm) KinE(MeV)  dE(MeV) StepLeng TrackLeng  NextVolume ProcName
    0       22     2.18    0.773   0.00489        0        0         0 physCathode1Up initStep
    1       22     2.18    0.773    0.0048 8.87e-05 3.55e-05  3.55e-05 physCathode1Up msc
    2       22     2.18    0.774         0   0.0048  0.00043  0.000465 physCathode1Up eIoni
Track (trackID 2, parentID 1) is processed with stopping code 2
NULL returned from G4StackManager.
Terminate current event processing.
G4TrajectoryDrawByCharge drawer named drawByCharge-0, drawing trajectory with charge, 0
, with configuration:
Name:                       default
Line colour                 (0,1,0,1) (green)
Draw line ?                 1
Line visibile ?             1
Draw auxiliary points ?     0
Auxiliary points type       2
Auxiliary points size       2
Auxiliary points fill style 2
Auxiliary points colour     (1,0,1,1) (magenta)
Auxiliary points visible ?  1
Draw step points ?          1
Step points type            1
Step points size            6
Step points fill style      2
Step points colour          (1,1,0,1) (yellow)
Step points visible ?       1
Time slice interval         0 ps 
G4TrajectoryDrawByCharge drawer named drawByCharge-0, drawing trajectory with charge, -1
, with configuration:
Name:                       default
Line colour                 (1,0,0,1) (red)
Draw line ?                 1
Line visibile ?             1
Draw auxiliary points ?     0
Auxiliary points type       2
Auxiliary points size       2
Auxiliary points fill style 2
Auxiliary points colour     (1,0,1,1) (magenta)
Auxiliary points visible ?  1
Draw step points ?          1
Step points type            1
Step points size            6
Step points fill style      2
Step points colour          (1,1,0,1) (yellow)
Step points visible ?       1
Time slice interval         0 ps 
 Run terminated.
Run Summary
  Number of events processed : 1
  User=0.010000s Real=0.005635s Sys=0.010000s
... write file : output.root - done
... close file : output.root - done
... delete empty file : output.root - done
(Debug: RunAction.cc) End of run OK!
(Debug: RunAction) Simulation finished!
(Debug: RunAction.cc) Time: Tue Jun 10 07:48:57 2025


--------- Ranecu engine status ---------
 Initial seed (index) = 0
 Current couple of seeds = 365769852, 337224028
----------------------------------------
(Debug: DMPX_G_factor.cc) Now shooting...

========= Table of registered couples ============================

Index : 0     used in the geometry : Yes
 Material : G4_Galactic
 Range cuts        :  gamma  10 um     e-  10 um     e+  10 um  proton 10 um 
 Energy thresholds :  gamma  1 eV     e-  1 eV     e+  1 eV  proton 1 keV
 Region(s) which use this couple : 
    DefaultRegionForTheWorld

Index : 1     used in the geometry : Yes
 Material : G4_Be
 Range cuts        :  gamma  10 um     e-  10 um     e+  10 um  proton 10 um 
 Energy thresholds :  gamma  1 eV     e-  27.99880253708374 keV    e+  27.4516030064588 keV proton 1 keV
 Region(s) which use this couple : 
    DefaultRegionForTheWorld

Index : 2     used in the geometry : Yes
 Material : KrCH4_90_10
 Range cuts        :  gamma  1 um     e-  1 um     e+  1 um  proton 0 fm 
 Energy thresholds :  gamma  1 eV     e-  1 eV     e+  1 eV  proton 0 eV 
 Region(s) which use this couple : 
    GasAndAnodesRegion

Index : 3     used in the geometry : Yes
 Material : G4_Au
 Range cuts        :  gamma  1 um     e-  1 um     e+  1 um  proton 0 fm 
 Energy thresholds :  gamma  1.721899238082278 keV    e-  14.26982100189901 keV    e+  13.91637606042289 keV proton 0 eV 
 Region(s) which use this couple : 
    GasAndAnodesRegion

==================================================================

### Run 3 starts.

--------- Ranecu engine status ---------
 Initial seed (index) = 0
 Current couple of seeds = 365769852, 337224028
----------------------------------------
(Debug: RunAction.cc) Starting run 3
(Debug: RunAction.cc) Time: Tue Jun 10 07:48:57 2025

... create file : output.root - done
... open analysis file : output.root - done
... open analysis file : output.root - done
=====================================
  G4EventManager::ProcessOneEvent()  
=====================================
(Debug: GasBoxSD.cc) GasBoxSD Intialized!
(Debug: EventAction.cc) Beginning of event 4
(Debug: EventAction.cc) The primary vertex is: 102.27
(Debug: EventAction.cc) Primary particle energy: 5 keV
G4PrimaryTransformer::PrimaryVertex (33.75653670080563(mm),102.27(mm),1.403624022982301(mm),0(nsec))
1 primary tracks are passed to the stack.
!!!!!!! Now start processing an event !!!!!!!

*********************************************************************************************************
* G4Track Information:   Particle = gamma,   Track ID = 1,   Parent ID = 0
*********************************************************************************************************

Step#    X(mm)    Y(mm)    Z(mm) KinE(MeV)  dE(MeV) StepLeng TrackLeng  NextVolume ProcName
    0     33.8      102      1.4     0.005        0        0         0 WorldPhysical initStep
    1    -5.66      2.5      1.4     0.005        0      107       107 physCathode1Up Transportation
    2    -5.67     2.49      1.4         0 0.000115   0.0133       107 physCathode1Up phot
Track (trackID 1, parentID 0) is processed with stopping code 2

*********************************************************************************************************
* G4Track Information:   Particle = e-,   Track ID = 2,   Parent ID = 1
*********************************************************************************************************

Step#    X(mm)    Y(mm)    Z(mm) KinE(MeV)  dE(MeV) StepLeng TrackLeng  NextVolume ProcName
    0    -5.67     2.49      1.4   0.00489        0        0         0 physCathode1Up initStep
    1    -5.67     2.49      1.4   0.00454 0.000349 3.55e-05  3.55e-05 physCathode1Up msc
    2    -5.67     2.49      1.4         0  0.00454  0.00039  0.000425 physCathode1Up eIoni
Track (trackID 2, parentID 1) is processed with stopping code 2
NULL returned from G4StackManager.
Terminate current event processing.
G4TrajectoryDrawByCharge drawer named drawByCharge-0, drawing trajectory with charge, 0
, with configuration:
Name:                       default
Line colour                 (0,1,0,1) (green)
Draw line ?                 1
Line visibile ?             1
Draw auxiliary points ?     0
Auxiliary points type       2
Auxiliary points size       2
Auxiliary points fill style 2
Auxiliary points colour     (1,0,1,1) (magenta)
Auxiliary points visible ?  1
Draw step points ?          1
Step points type            1
Step points size            6
Step points fill style      2
Step points colour          (1,1,0,1) (yellow)
Step points visible ?       1
Time slice interval         0 ps 
G4TrajectoryDrawByCharge drawer named drawByCharge-0, drawing trajectory with charge, -1
, with configuration:
Name:                       default
Line colour                 (1,0,0,1) (red)
Draw line ?                 1
Line visibile ?             1
Draw auxiliary points ?     0
Auxiliary points type       2
Auxiliary points size       2
Auxiliary points fill style 2
Auxiliary points colour     (1,0,1,1) (magenta)
Auxiliary points visible ?  1
Draw step points ?          1
Step points type            1
Step points size            6
Step points fill style      2
Step points colour          (1,1,0,1) (yellow)
Step points visible ?       1
Time slice interval         0 ps 
 Run terminated.
Run Summary
  Number of events processed : 1
  User=0.000000s Real=0.007496s Sys=0.000000s
... write file : output.root - done
... close file : output.root - done
... delete empty file : output.root - done
(Debug: RunAction.cc) End of run OK!
(Debug: RunAction) Simulation finished!
(Debug: RunAction.cc) Time: Tue Jun 10 07:48:57 2025


--------- Ranecu engine status ---------
 Initial seed (index) = 0
 Current couple of seeds = 923195532, 670739644
----------------------------------------
(Debug: DMPX_G_factor.cc) Now shooting...

========= Table of registered couples ============================

Index : 0     used in the geometry : Yes
 Material : G4_Galactic
 Range cuts        :  gamma  10 um     e-  10 um     e+  10 um  proton 10 um 
 Energy thresholds :  gamma  1 eV     e-  1 eV     e+  1 eV  proton 1 keV
 Region(s) which use this couple : 
    DefaultRegionForTheWorld

Index : 1     used in the geometry : Yes
 Material : G4_Be
 Range cuts        :  gamma  10 um     e-  10 um     e+  10 um  proton 10 um 
 Energy thresholds :  gamma  1 eV     e-  27.99880253708374 keV    e+  27.4516030064588 keV proton 1 keV
 Region(s) which use this couple : 
    DefaultRegionForTheWorld

Index : 2     used in the geometry : Yes
 Material : KrCH4_90_10
 Range cuts        :  gamma  1 um     e-  1 um     e+  1 um  proton 0 fm 
 Energy thresholds :  gamma  1 eV     e-  1 eV     e+  1 eV  proton 0 eV 
 Region(s) which use this couple : 
    GasAndAnodesRegion

Index : 3     used in the geometry : Yes
 Material : G4_Au
 Range cuts        :  gamma  1 um     e-  1 um     e+  1 um  proton 0 fm 
 Energy thresholds :  gamma  1.721899238082278 keV    e-  14.26982100189901 keV    e+  13.91637606042289 keV proton 0 eV 
 Region(s) which use this couple : 
    GasAndAnodesRegion

==================================================================

### Run 4 starts.

--------- Ranecu engine status ---------
 Initial seed (index) = 0
 Current couple of seeds = 923195532, 670739644
----------------------------------------
(Debug: RunAction.cc) Starting run 4
(Debug: RunAction.cc) Time: Tue Jun 10 07:48:57 2025

... create file : output.root - done
... open analysis file : output.root - done
... open analysis file : output.root - done
=====================================
  G4EventManager::ProcessOneEvent()  
=====================================
(Debug: GasBoxSD.cc) GasBoxSD Intialized!
(Debug: EventAction.cc) Beginning of event 5
(Debug: EventAction.cc) The primary vertex is: 102.27
(Debug: EventAction.cc) Primary particle energy: 5 keV
G4PrimaryTransformer::PrimaryVertex (28.12705571195627(mm),102.27(mm),-1.233386813586406(mm),0(nsec))
1 primary tracks are passed to the stack.
!!!!!!! Now start processing an event !!!!!!!

*********************************************************************************************************
* G4Track Information:   Particle = gamma,   Track ID = 1,   Parent ID = 0
*********************************************************************************************************

Step#    X(mm)    Y(mm)    Z(mm) KinE(MeV)  dE(MeV) StepLeng TrackLeng  NextVolume ProcName
    0     28.1      102    -1.23     0.005        0        0         0 WorldPhysical initStep
    1    -15.8      2.5    -1.23     0.005        0      109       109 physCathode1Up Transportation
    2      -16        2    -1.23         0 0.000115    0.545       110 physCathode1Up phot
Track (trackID 1, parentID 0) is processed with stopping code 2

*********************************************************************************************************
* G4Track Information:   Particle = e-,   Track ID = 2,   Parent ID = 1
*********************************************************************************************************

Step#    X(mm)    Y(mm)    Z(mm) KinE(MeV)  dE(MeV) StepLeng TrackLeng  NextVolume ProcName
    0      -16        2    -1.23   0.00489        0        0         0 physCathode1Up initStep
    1      -16        2    -1.23   0.00474 0.000145 3.55e-05  3.55e-05 physCathode1Up msc
    2      -16        2    -1.23         0  0.00474 0.000421  0.000456 physCathode1Up eIoni
Track (trackID 2, parentID 1) is processed with stopping code 2
NULL returned from G4StackManager.
Terminate current event processing.
G4TrajectoryDrawByCharge drawer named drawByCharge-0, drawing trajectory with charge, 0
, with configuration:
Name:                       default
Line colour                 (0,1,0,1) (green)
Draw line ?                 1
Line visibile ?             1
Draw auxiliary points ?     0
Auxiliary points type       2
Auxiliary points size       2
Auxiliary points fill style 2
Auxiliary points colour     (1,0,1,1) (magenta)
Auxiliary points visible ?  1
Draw step points ?          1
Step points type            1
Step points size            6
Step points fill style      2
Step points colour          (1,1,0,1) (yellow)
Step points visible ?       1
Time slice interval         0 ps 
G4TrajectoryDrawByCharge drawer named drawByCharge-0, drawing trajectory with charge, -1
, with configuration:
Name:                       default
Line colour                 (1,0,0,1) (red)
Draw line ?                 1
Line visibile ?             1
Draw auxiliary points ?     0
Auxiliary points type       2
Auxiliary points size       2
Auxiliary points fill style 2
Auxiliary points colour     (1,0,1,1) (magenta)
Auxiliary points visible ?  1
Draw step points ?          1
Step points type            1
Step points size            6
Step points fill style      2
Step points colour          (1,1,0,1) (yellow)
Step points visible ?       1
Time slice interval         0 ps 
 Run terminated.
Run Summary
  Number of events processed : 1
  User=0.010000s Real=0.006832s Sys=0.000000s
... write file : output.root - done
... close file : output.root - done
... delete empty file : output.root - done
(Debug: RunAction.cc) End of run OK!
(Debug: RunAction) Simulation finished!
(Debug: RunAction.cc) Time: Tue Jun 10 07:48:57 2025


--------- Ranecu engine status ---------
 Initial seed (index) = 0
 Current couple of seeds = 951217496, 1958333684
----------------------------------------
(Debug: DMPX_G_factor.cc) Now shooting...

========= Table of registered couples ============================

Index : 0     used in the geometry : Yes
 Material : G4_Galactic
 Range cuts        :  gamma  10 um     e-  10 um     e+  10 um  proton 10 um 
 Energy thresholds :  gamma  1 eV     e-  1 eV     e+  1 eV  proton 1 keV
 Region(s) which use this couple : 
    DefaultRegionForTheWorld

Index : 1     used in the geometry : Yes
 Material : G4_Be
 Range cuts        :  gamma  10 um     e-  10 um     e+  10 um  proton 10 um 
 Energy thresholds :  gamma  1 eV     e-  27.99880253708374 keV    e+  27.4516030064588 keV proton 1 keV
 Region(s) which use this couple : 
    DefaultRegionForTheWorld

Index : 2     used in the geometry : Yes
 Material : KrCH4_90_10
 Range cuts        :  gamma  1 um     e-  1 um     e+  1 um  proton 0 fm 
 Energy thresholds :  gamma  1 eV     e-  1 eV     e+  1 eV  proton 0 eV 
 Region(s) which use this couple : 
    GasAndAnodesRegion

Index : 3     used in the geometry : Yes
 Material : G4_Au
 Range cuts        :  gamma  1 um     e-  1 um     e+  1 um  proton 0 fm 
 Energy thresholds :  gamma  1.721899238082278 keV    e-  14.26982100189901 keV    e+  13.91637606042289 keV proton 0 eV 
 Region(s) which use this couple : 
    GasAndAnodesRegion

==================================================================

### Run 5 starts.

--------- Ranecu engine status ---------
 Initial seed (index) = 0
 Current couple of seeds = 951217496, 1958333684
----------------------------------------
(Debug: RunAction.cc) Starting run 5
(Debug: RunAction.cc) Time: Tue Jun 10 07:48:57 2025

... create file : output.root - done
... open analysis file : output.root - done
... open analysis file : output.root - done
=====================================
  G4EventManager::ProcessOneEvent()  
=====================================
(Debug: GasBoxSD.cc) GasBoxSD Intialized!
(Debug: EventAction.cc) Beginning of event 6
(Debug: EventAction.cc) The primary vertex is: 102.27
(Debug: EventAction.cc) Primary particle energy: 5 keV
G4PrimaryTransformer::PrimaryVertex (25.44122479312415(mm),102.27(mm),-0.7024468424398631(mm),0(nsec))
1 primary tracks are passed to the stack.
!!!!!!! Now start processing an event !!!!!!!

*********************************************************************************************************
* G4Track Information:   Particle = gamma,   Track ID = 1,   Parent ID = 0
*********************************************************************************************************

Step#    X(mm)    Y(mm)    Z(mm) KinE(MeV)  dE(MeV) StepLeng TrackLeng  NextVolume ProcName
    0     25.4      102   -0.702     0.005        0        0         0 WorldPhysical initStep
    1    -13.7      2.5   -0.702     0.005        0      107       107 physCathode1Up Transportation
    2    -13.9     1.96   -0.702         0 0.000115    0.584       108 physCathode1Up phot
Track (trackID 1, parentID 0) is processed with stopping code 2

*********************************************************************************************************
* G4Track Information:   Particle = e-,   Track ID = 2,   Parent ID = 1
*********************************************************************************************************

Step#    X(mm)    Y(mm)    Z(mm) KinE(MeV)  dE(MeV) StepLeng TrackLeng  NextVolume ProcName
    0    -13.9     1.96   -0.702   0.00489        0        0         0 physCathode1Up initStep
    1    -13.9     1.96   -0.702   0.00468 0.000204 3.55e-05  3.55e-05 physCathode1Up msc
    2    -13.9     1.96   -0.702         0  0.00468 0.000412  0.000447 physCathode1Up eIoni
Track (trackID 2, parentID 1) is processed with stopping code 2
NULL returned from G4StackManager.
Terminate current event processing.
G4TrajectoryDrawByCharge drawer named drawByCharge-0, drawing trajectory with charge, 0
, with configuration:
Name:                       default
Line colour                 (0,1,0,1) (green)
Draw line ?                 1
Line visibile ?             1
Draw auxiliary points ?     0
Auxiliary points type       2
Auxiliary points size       2
Auxiliary points fill style 2
Auxiliary points colour     (1,0,1,1) (magenta)
Auxiliary points visible ?  1
Draw step points ?          1
Step points type            1
Step points size            6
Step points fill style      2
Step points colour          (1,1,0,1) (yellow)
Step points visible ?       1
Time slice interval         0 ps 
G4TrajectoryDrawByCharge drawer named drawByCharge-0, drawing trajectory with charge, -1
, with configuration:
Name:                       default
Line colour                 (1,0,0,1) (red)
Draw line ?                 1
Line visibile ?             1
Draw auxiliary points ?     0
Auxiliary points type       2
Auxiliary points size       2
Auxiliary points fill style 2
Auxiliary points colour     (1,0,1,1) (magenta)
Auxiliary points visible ?  1
Draw step points ?          1
Step points type            1
Step points size            6
Step points fill style      2
Step points colour          (1,1,0,1) (yellow)
Step points visible ?       1
Time slice interval         0 ps 
 Run terminated.
Run Summary
  Number of events processed : 1
  User=0.010000s Real=0.009666s Sys=0.000000s
... write file : output.root - done
... close file : output.root - done
... delete empty file : output.root - done
(Debug: RunAction.cc) End of run OK!
(Debug: RunAction) Simulation finished!
(Debug: RunAction.cc) Time: Tue Jun 10 07:48:57 2025


--------- Ranecu engine status ---------
 Initial seed (index) = 0
 Current couple of seeds = 531666599, 1460156706
----------------------------------------
(Debug: DMPX_G_factor.cc) Now shooting...

========= Table of registered couples ============================

Index : 0     used in the geometry : Yes
 Material : G4_Galactic
 Range cuts        :  gamma  10 um     e-  10 um     e+  10 um  proton 10 um 
 Energy thresholds :  gamma  1 eV     e-  1 eV     e+  1 eV  proton 1 keV
 Region(s) which use this couple : 
    DefaultRegionForTheWorld

Index : 1     used in the geometry : Yes
 Material : G4_Be
 Range cuts        :  gamma  10 um     e-  10 um     e+  10 um  proton 10 um 
 Energy thresholds :  gamma  1 eV     e-  27.99880253708374 keV    e+  27.4516030064588 keV proton 1 keV
 Region(s) which use this couple : 
    DefaultRegionForTheWorld

Index : 2     used in the geometry : Yes
 Material : KrCH4_90_10
 Range cuts        :  gamma  1 um     e-  1 um     e+  1 um  proton 0 fm 
 Energy thresholds :  gamma  1 eV     e-  1 eV     e+  1 eV  proton 0 eV 
 Region(s) which use this couple : 
    GasAndAnodesRegion

Index : 3     used in the geometry : Yes
 Material : G4_Au
 Range cuts        :  gamma  1 um     e-  1 um     e+  1 um  proton 0 fm 
 Energy thresholds :  gamma  1.721899238082278 keV    e-  14.26982100189901 keV    e+  13.91637606042289 keV proton 0 eV 
 Region(s) which use this couple : 
    GasAndAnodesRegion

==================================================================

### Run 6 starts.

--------- Ranecu engine status ---------
 Initial seed (index) = 0
 Current couple of seeds = 531666599, 1460156706
----------------------------------------
(Debug: RunAction.cc) Starting run 6
(Debug: RunAction.cc) Time: Tue Jun 10 07:48:57 2025

... create file : output.root - done
... open analysis file : output.root - done
... open analysis file : output.root - done
=====================================
  G4EventManager::ProcessOneEvent()  
=====================================
(Debug: GasBoxSD.cc) GasBoxSD Intialized!
(Debug: EventAction.cc) Beginning of event 7
(Debug: EventAction.cc) The primary vertex is: 102.27
(Debug: EventAction.cc) Primary particle energy: 5 keV
G4PrimaryTransformer::PrimaryVertex (35.09724734952146(mm),102.27(mm),-1.480805489000573(mm),0(nsec))
1 primary tracks are passed to the stack.
!!!!!!! Now start processing an event !!!!!!!

*********************************************************************************************************
* G4Track Information:   Particle = gamma,   Track ID = 1,   Parent ID = 0
*********************************************************************************************************

Step#    X(mm)    Y(mm)    Z(mm) KinE(MeV)  dE(MeV) StepLeng TrackLeng  NextVolume ProcName
    0     35.1      102    -1.48     0.005        0        0         0 WorldPhysical initStep
    1     7.11      2.5    -1.48     0.005        0      104       104 physCathode1Up Transportation
    2     6.98     2.01    -1.48         0 0.000115    0.505       104 physCathode1Up phot
Track (trackID 1, parentID 0) is processed with stopping code 2

*********************************************************************************************************
* G4Track Information:   Particle = e-,   Track ID = 2,   Parent ID = 1
*********************************************************************************************************

Step#    X(mm)    Y(mm)    Z(mm) KinE(MeV)  dE(MeV) StepLeng TrackLeng  NextVolume ProcName
    0     6.98     2.01    -1.48   0.00489        0        0         0 physCathode1Up initStep
    1     6.98     2.01    -1.48   0.00479 9.75e-05 3.55e-05  3.55e-05 physCathode1Up msc
    2     6.98     2.01    -1.48         0  0.00479 0.000428  0.000464 physCathode1Up eIoni
Track (trackID 2, parentID 1) is processed with stopping code 2
NULL returned from G4StackManager.
Terminate current event processing.
G4TrajectoryDrawByCharge drawer named drawByCharge-0, drawing trajectory with charge, 0
, with configuration:
Name:                       default
Line colour                 (0,1,0,1) (green)
Draw line ?                 1
Line visibile ?             1
Draw auxiliary points ?     0
Auxiliary points type       2
Auxiliary points size       2
Auxiliary points fill style 2
Auxiliary points colour     (1,0,1,1) (magenta)
Auxiliary points visible ?  1
Draw step points ?          1
Step points type            1
Step points size            6
Step points fill style      2
Step points colour          (1,1,0,1) (yellow)
Step points visible ?       1
Time slice interval         0 ps 
G4TrajectoryDrawByCharge drawer named drawByCharge-0, drawing trajectory with charge, -1
, with configuration:
Name:                       default
Line colour                 (1,0,0,1) (red)
Draw line ?                 1
Line visibile ?             1
Draw auxiliary points ?     0
Auxiliary points type       2
Auxiliary points size       2
Auxiliary points fill style 2
Auxiliary points colour     (1,0,1,1) (magenta)
Auxiliary points visible ?  1
Draw step points ?          1
Step points type            1
Step points size            6
Step points fill style      2
Step points colour          (1,1,0,1) (yellow)
Step points visible ?       1
Time slice interval         0 ps 
 Run terminated.
Run Summary
  Number of events processed : 1
  User=0.010000s Real=0.005019s Sys=0.000000s
... write file : output.root - done
... close file : output.root - done
... delete empty file : output.root - done
(Debug: RunAction.cc) End of run OK!
(Debug: RunAction) Simulation finished!
(Debug: RunAction.cc) Time: Tue Jun 10 07:48:57 2025


--------- Ranecu engine status ---------
 Initial seed (index) = 0
 Current couple of seeds = 739623265, 2027343098
----------------------------------------
(Debug: DMPX_G_factor.cc) Now shooting...

========= Table of registered couples ============================

Index : 0     used in the geometry : Yes
 Material : G4_Galactic
 Range cuts        :  gamma  10 um     e-  10 um     e+  10 um  proton 10 um 
 Energy thresholds :  gamma  1 eV     e-  1 eV     e+  1 eV  proton 1 keV
 Region(s) which use this couple : 
    DefaultRegionForTheWorld

Index : 1     used in the geometry : Yes
 Material : G4_Be
 Range cuts        :  gamma  10 um     e-  10 um     e+  10 um  proton 10 um 
 Energy thresholds :  gamma  1 eV     e-  27.99880253708374 keV    e+  27.4516030064588 keV proton 1 keV
 Region(s) which use this couple : 
    DefaultRegionForTheWorld

Index : 2     used in the geometry : Yes
 Material : KrCH4_90_10
 Range cuts        :  gamma  1 um     e-  1 um     e+  1 um  proton 0 fm 
 Energy thresholds :  gamma  1 eV     e-  1 eV     e+  1 eV  proton 0 eV 
 Region(s) which use this couple : 
    GasAndAnodesRegion

Index : 3     used in the geometry : Yes
 Material : G4_Au
 Range cuts        :  gamma  1 um     e-  1 um     e+  1 um  proton 0 fm 
 Energy thresholds :  gamma  1.721899238082278 keV    e-  14.26982100189901 keV    e+  13.91637606042289 keV proton 0 eV 
 Region(s) which use this couple : 
    GasAndAnodesRegion

==================================================================

### Run 7 starts.

--------- Ranecu engine status ---------
 Initial seed (index) = 0
 Current couple of seeds = 739623265, 2027343098
----------------------------------------
(Debug: RunAction.cc) Starting run 7
(Debug: RunAction.cc) Time: Tue Jun 10 07:48:57 2025

... create file : output.root - done
... open analysis file : output.root - done
... open analysis file : output.root - done
=====================================
  G4EventManager::ProcessOneEvent()  
=====================================
(Debug: GasBoxSD.cc) GasBoxSD Intialized!
(Debug: EventAction.cc) Beginning of event 8
(Debug: EventAction.cc) The primary vertex is: 102.27
(Debug: EventAction.cc) Primary particle energy: 5 keV
G4PrimaryTransformer::PrimaryVertex (47.42054541483578(mm),102.27(mm),0.8995705760463948(mm),0(nsec))
1 primary tracks are passed to the stack.
!!!!!!! Now start processing an event !!!!!!!

*********************************************************************************************************
* G4Track Information:   Particle = gamma,   Track ID = 1,   Parent ID = 0
*********************************************************************************************************

Step#    X(mm)    Y(mm)    Z(mm) KinE(MeV)  dE(MeV) StepLeng TrackLeng  NextVolume ProcName
    0     47.4      102      0.9     0.005        0        0         0 WorldPhysical initStep
    1     17.4      2.5      0.9     0.005        0      104       104 physCathode1Up Transportation
    2     17.2     1.99      0.9         0 0.000115    0.532       105 physCathode1Up phot
Track (trackID 1, parentID 0) is processed with stopping code 2

*********************************************************************************************************
* G4Track Information:   Particle = e-,   Track ID = 2,   Parent ID = 1
*********************************************************************************************************

Step#    X(mm)    Y(mm)    Z(mm) KinE(MeV)  dE(MeV) StepLeng TrackLeng  NextVolume ProcName
    0     17.2     1.99      0.9   0.00489        0        0         0 physCathode1Up initStep
    1     17.2     1.99      0.9   0.00483 5.57e-05 3.55e-05  3.55e-05 physCathode1Up msc
    2     17.2     1.99      0.9         0  0.00483 0.000435   0.00047 physCathode1Up eIoni
Track (trackID 2, parentID 1) is processed with stopping code 2
NULL returned from G4StackManager.
Terminate current event processing.
G4TrajectoryDrawByCharge drawer named drawByCharge-0, drawing trajectory with charge, 0
, with configuration:
Name:                       default
Line colour                 (0,1,0,1) (green)
Draw line ?                 1
Line visibile ?             1
Draw auxiliary points ?     0
Auxiliary points type       2
Auxiliary points size       2
Auxiliary points fill style 2
Auxiliary points colour     (1,0,1,1) (magenta)
Auxiliary points visible ?  1
Draw step points ?          1
Step points type            1
Step points size            6
Step points fill style      2
Step points colour          (1,1,0,1) (yellow)
Step points visible ?       1
Time slice interval         0 ps 
G4TrajectoryDrawByCharge drawer named drawByCharge-0, drawing trajectory with charge, -1
, with configuration:
Name:                       default
Line colour                 (1,0,0,1) (red)
Draw line ?                 1
Line visibile ?             1
Draw auxiliary points ?     0
Auxiliary points type       2
Auxiliary points size       2
Auxiliary points fill style 2
Auxiliary points colour     (1,0,1,1) (magenta)
Auxiliary points visible ?  1
Draw step points ?          1
Step points type            1
Step points size            6
Step points fill style      2
Step points colour          (1,1,0,1) (yellow)
Step points visible ?       1
Time slice interval         0 ps 
 Run terminated.
Run Summary
  Number of events processed : 1
  User=0.000000s Real=0.005378s Sys=0.000000s
... write file : output.root - done
... close file : output.root - done
... delete empty file : output.root - done
(Debug: RunAction.cc) End of run OK!
(Debug: RunAction) Simulation finished!
(Debug: RunAction.cc) Time: Tue Jun 10 07:48:57 2025


--------- Ranecu engine status ---------
 Initial seed (index) = 0
 Current couple of seeds = 1919902135, 1728938453
----------------------------------------
(Debug: DMPX_G_factor.cc) Now shooting...

========= Table of registered couples ============================

Index : 0     used in the geometry : Yes
 Material : G4_Galactic
 Range cuts        :  gamma  10 um     e-  10 um     e+  10 um  proton 10 um 
 Energy thresholds :  gamma  1 eV     e-  1 eV     e+  1 eV  proton 1 keV
 Region(s) which use this couple : 
    DefaultRegionForTheWorld

Index : 1     used in the geometry : Yes
 Material : G4_Be
 Range cuts        :  gamma  10 um     e-  10 um     e+  10 um  proton 10 um 
 Energy thresholds :  gamma  1 eV     e-  27.99880253708374 keV    e+  27.4516030064588 keV proton 1 keV
 Region(s) which use this couple : 
    DefaultRegionForTheWorld

Index : 2     used in the geometry : Yes
 Material : KrCH4_90_10
 Range cuts        :  gamma  1 um     e-  1 um     e+  1 um  proton 0 fm 
 Energy thresholds :  gamma  1 eV     e-  1 eV     e+  1 eV  proton 0 eV 
 Region(s) which use this couple : 
    GasAndAnodesRegion

Index : 3     used in the geometry : Yes
 Material : G4_Au
 Range cuts        :  gamma  1 um     e-  1 um     e+  1 um  proton 0 fm 
 Energy thresholds :  gamma  1.721899238082278 keV    e-  14.26982100189901 keV    e+  13.91637606042289 keV proton 0 eV 
 Region(s) which use this couple : 
    GasAndAnodesRegion

==================================================================

### Run 8 starts.

--------- Ranecu engine status ---------
 Initial seed (index) = 0
 Current couple of seeds = 1919902135, 1728938453
----------------------------------------
(Debug: RunAction.cc) Starting run 8
(Debug: RunAction.cc) Time: Tue Jun 10 07:48:57 2025

... create file : output.root - done
... open analysis file : output.root - done
... open analysis file : output.root - done
=====================================
  G4EventManager::ProcessOneEvent()  
=====================================
(Debug: GasBoxSD.cc) GasBoxSD Intialized!
(Debug: EventAction.cc) Beginning of event 9
(Debug: EventAction.cc) The primary vertex is: 102.27
(Debug: EventAction.cc) Primary particle energy: 5 keV
G4PrimaryTransformer::PrimaryVertex (31.82153769922599(mm),102.27(mm),0.8553275315894782(mm),0(nsec))
1 primary tracks are passed to the stack.
!!!!!!! Now start processing an event !!!!!!!

*********************************************************************************************************
* G4Track Information:   Particle = gamma,   Track ID = 1,   Parent ID = 0
*********************************************************************************************************

Step#    X(mm)    Y(mm)    Z(mm) KinE(MeV)  dE(MeV) StepLeng TrackLeng  NextVolume ProcName
    0     31.8      102    0.855     0.005        0        0         0 WorldPhysical initStep
    1    -5.26      2.5    0.856     0.005        0      106       106 physCathode1Up Transportation
    2    -5.65     1.45    0.856         0 0.000115     1.12       108 physCathode1Up phot
Track (trackID 1, parentID 0) is processed with stopping code 2

*********************************************************************************************************
* G4Track Information:   Particle = e-,   Track ID = 2,   Parent ID = 1
*********************************************************************************************************

Step#    X(mm)    Y(mm)    Z(mm) KinE(MeV)  dE(MeV) StepLeng TrackLeng  NextVolume ProcName
    0    -5.65     1.45    0.856   0.00489        0        0         0 physCathode1Up initStep
    1    -5.65     1.45    0.856   0.00481 7.69e-05 3.55e-05  3.55e-05 physCathode1Up msc
    2    -5.65     1.45    0.856         0  0.00481 0.000431  0.000467 physCathode1Up eIoni
Track (trackID 2, parentID 1) is processed with stopping code 2
NULL returned from G4StackManager.
Terminate current event processing.
G4TrajectoryDrawByCharge drawer named drawByCharge-0, drawing trajectory with charge, 0
, with configuration:
Name:                       default
Line colour                 (0,1,0,1) (green)
Draw line ?                 1
Line visibile ?             1
Draw auxiliary points ?     0
Auxiliary points type       2
Auxiliary points size       2
Auxiliary points fill style 2
Auxiliary points colour     (1,0,1,1) (magenta)
Auxiliary points visible ?  1
Draw step points ?          1
Step points type            1
Step points size            6
Step points fill style      2
Step points colour          (1,1,0,1) (yellow)
Step points visible ?       1
Time slice interval         0 ps 
G4TrajectoryDrawByCharge drawer named drawByCharge-0, drawing trajectory with charge, -1
, with configuration:
Name:                       default
Line colour                 (1,0,0,1) (red)
Draw line ?                 1
Line visibile ?             1
Draw auxiliary points ?     0
Auxiliary points type       2
Auxiliary points size       2
Auxiliary points fill style 2
Auxiliary points colour     (1,0,1,1) (magenta)
Auxiliary points visible ?  1
Draw step points ?          1
Step points type            1
Step points size            6
Step points fill style      2
Step points colour          (1,1,0,1) (yellow)
Step points visible ?       1
Time slice interval         0 ps 
 Run terminated.
Run Summary
  Number of events processed : 1
  User=0.000000s Real=0.004778s Sys=0.000000s
... write file : output.root - done
... close file : output.root - done
... delete empty file : output.root - done
(Debug: RunAction.cc) End of run OK!
(Debug: RunAction) Simulation finished!
(Debug: RunAction.cc) Time: Tue Jun 10 07:48:57 2025


--------- Ranecu engine status ---------
 Initial seed (index) = 0
 Current couple of seeds = 1226387533, 625789542
----------------------------------------
(Debug: DMPX_G_factor.cc) Now shooting...

========= Table of registered couples ============================

Index : 0     used in the geometry : Yes
 Material : G4_Galactic
 Range cuts        :  gamma  10 um     e-  10 um     e+  10 um  proton 10 um 
 Energy thresholds :  gamma  1 eV     e-  1 eV     e+  1 eV  proton 1 keV
 Region(s) which use this couple : 
    DefaultRegionForTheWorld

Index : 1     used in the geometry : Yes
 Material : G4_Be
 Range cuts        :  gamma  10 um     e-  10 um     e+  10 um  proton 10 um 
 Energy thresholds :  gamma  1 eV     e-  27.99880253708374 keV    e+  27.4516030064588 keV proton 1 keV
 Region(s) which use this couple : 
    DefaultRegionForTheWorld

Index : 2     used in the geometry : Yes
 Material : KrCH4_90_10
 Range cuts        :  gamma  1 um     e-  1 um     e+  1 um  proton 0 fm 
 Energy thresholds :  gamma  1 eV     e-  1 eV     e+  1 eV  proton 0 eV 
 Region(s) which use this couple : 
    GasAndAnodesRegion

Index : 3     used in the geometry : Yes
 Material : G4_Au
 Range cuts        :  gamma  1 um     e-  1 um     e+  1 um  proton 0 fm 
 Energy thresholds :  gamma  1.721899238082278 keV    e-  14.26982100189901 keV    e+  13.91637606042289 keV proton 0 eV 
 Region(s) which use this couple : 
    GasAndAnodesRegion

==================================================================

### Run 9 starts.

--------- Ranecu engine status ---------
 Initial seed (index) = 0
 Current couple of seeds = 1226387533, 625789542
----------------------------------------
(Debug: RunAction.cc) Starting run 9
(Debug: RunAction.cc) Time: Tue Jun 10 07:48:57 2025

... create file : output.root - done
... open analysis file : output.root - done
... open analysis file : output.root - done
=====================================
  G4EventManager::ProcessOneEvent()  
=====================================
(Debug: GasBoxSD.cc) GasBoxSD Intialized!
(Debug: EventAction.cc) Beginning of event 10
(Debug: EventAction.cc) The primary vertex is: 102.27
(Debug: EventAction.cc) Primary particle energy: 5 keV
G4PrimaryTransformer::PrimaryVertex (31.53255672801394(mm),102.27(mm),1.879004851576714(mm),0(nsec))
1 primary tracks are passed to the stack.
!!!!!!! Now start processing an event !!!!!!!

*********************************************************************************************************
* G4Track Information:   Particle = gamma,   Track ID = 1,   Parent ID = 0
*********************************************************************************************************

Step#    X(mm)    Y(mm)    Z(mm) KinE(MeV)  dE(MeV) StepLeng TrackLeng  NextVolume ProcName
    0     31.5      102     1.88     0.005        0        0         0 WorldPhysical initStep
    1    -9.52      2.5     1.88     0.005        0      108       108 physCathode1Up Transportation
    2    -9.76     1.91     1.88         0 0.000115    0.643       109 physCathode1Up phot
Track (trackID 1, parentID 0) is processed with stopping code 2

*********************************************************************************************************
* G4Track Information:   Particle = e-,   Track ID = 2,   Parent ID = 1
*********************************************************************************************************

Step#    X(mm)    Y(mm)    Z(mm) KinE(MeV)  dE(MeV) StepLeng TrackLeng  NextVolume ProcName
    0    -9.76     1.91     1.88   0.00489        0        0         0 physCathode1Up initStep
    1    -9.76     1.91     1.88   0.00483 5.15e-05 3.55e-05  3.55e-05 physCathode1Up msc
    2    -9.76     1.91     1.88         0  0.00483 0.000435  0.000471 physCathode1Up eIoni
Track (trackID 2, parentID 1) is processed with stopping code 2
NULL returned from G4StackManager.
Terminate current event processing.
G4TrajectoryDrawByCharge drawer named drawByCharge-0, drawing trajectory with charge, 0
, with configuration:
Name:                       default
Line colour                 (0,1,0,1) (green)
Draw line ?                 1
Line visibile ?             1
Draw auxiliary points ?     0
Auxiliary points type       2
Auxiliary points size       2
Auxiliary points fill style 2
Auxiliary points colour     (1,0,1,1) (magenta)
Auxiliary points visible ?  1
Draw step points ?          1
Step points type            1
Step points size            6
Step points fill style      2
Step points colour          (1,1,0,1) (yellow)
Step points visible ?       1
Time slice interval         0 ps 
G4TrajectoryDrawByCharge drawer named drawByCharge-0, drawing trajectory with charge, -1
, with configuration:
Name:                       default
Line colour                 (1,0,0,1) (red)
Draw line ?                 1
Line visibile ?             1
Draw auxiliary points ?     0
Auxiliary points type       2
Auxiliary points size       2
Auxiliary points fill style 2
Auxiliary points colour     (1,0,1,1) (magenta)
Auxiliary points visible ?  1
Draw step points ?          1
Step points type            1
Step points size            6
Step points fill style      2
Step points colour          (1,1,0,1) (yellow)
Step points visible ?       1
Time slice interval         0 ps 
 Run terminated.
Run Summary
  Number of events processed : 1
  User=0.010000s Real=0.006175s Sys=0.000000s
... write file : output.root - done
... close file : output.root - done
... delete empty file : output.root - done
(Debug: RunAction.cc) End of run OK!
(Debug: RunAction) Simulation finished!
(Debug: RunAction.cc) Time: Tue Jun 10 07:48:57 2025


--------- Ranecu engine status ---------
 Initial seed (index) = 0
 Current couple of seeds = 629017234, 1084913398
----------------------------------------
(Debug: DMPX_G_factor.cc) Now shooting...

========= Table of registered couples ============================

Index : 0     used in the geometry : Yes
 Material : G4_Galactic
 Range cuts        :  gamma  10 um     e-  10 um     e+  10 um  proton 10 um 
 Energy thresholds :  gamma  1 eV     e-  1 eV     e+  1 eV  proton 1 keV
 Region(s) which use this couple : 
    DefaultRegionForTheWorld

Index : 1     used in the geometry : Yes
 Material : G4_Be
 Range cuts        :  gamma  10 um     e-  10 um     e+  10 um  proton 10 um 
 Energy thresholds :  gamma  1 eV     e-  27.99880253708374 keV    e+  27.4516030064588 keV proton 1 keV
 Region(s) which use this couple : 
    DefaultRegionForTheWorld

Index : 2     used in the geometry : Yes
 Material : KrCH4_90_10
 Range cuts        :  gamma  1 um     e-  1 um     e+  1 um  proton 0 fm 
 Energy thresholds :  gamma  1 eV     e-  1 eV     e+  1 eV  proton 0 eV 
 Region(s) which use this couple : 
    GasAndAnodesRegion

Index : 3     used in the geometry : Yes
 Material : G4_Au
 Range cuts        :  gamma  1 um     e-  1 um     e+  1 um  proton 0 fm 
 Energy thresholds :  gamma  1.721899238082278 keV    e-  14.26982100189901 keV    e+  13.91637606042289 keV proton 0 eV 
 Region(s) which use this couple : 
    GasAndAnodesRegion

==================================================================

### Run 10 starts.

--------- Ranecu engine status ---------
 Initial seed (index) = 0
 Current couple of seeds = 629017234, 1084913398
----------------------------------------
(Debug: RunAction.cc) Starting run 10
(Debug: RunAction.cc) Time: Tue Jun 10 07:48:57 2025

... create file : output.root - done
... open analysis file : output.root - done
... open analysis file : output.root - done
=====================================
  G4EventManager::ProcessOneEvent()  
=====================================
(Debug: GasBoxSD.cc) GasBoxSD Intialized!
(Debug: EventAction.cc) Beginning of event 11
(Debug: EventAction.cc) The primary vertex is: 102.27
(Debug: EventAction.cc) Primary particle energy: 5 keV
G4PrimaryTransformer::PrimaryVertex (44.13360961637191(mm),102.27(mm),-0.3149689886659521(mm),0(nsec))
1 primary tracks are passed to the stack.
!!!!!!! Now start processing an event !!!!!!!

*********************************************************************************************************
* G4Track Information:   Particle = gamma,   Track ID = 1,   Parent ID = 0
*********************************************************************************************************

Step#    X(mm)    Y(mm)    Z(mm) KinE(MeV)  dE(MeV) StepLeng TrackLeng  NextVolume ProcName
    0     44.1      102   -0.315     0.005        0        0         0 WorldPhysical initStep
    1     7.45      2.5   -0.315     0.005        0      106       106 physCathode1Up Transportation
    2     6.98     1.21   -0.315         0 0.000115     1.37       108 physCathode1Up phot
Track (trackID 1, parentID 0) is processed with stopping code 2

*********************************************************************************************************
* G4Track Information:   Particle = e-,   Track ID = 2,   Parent ID = 1
*********************************************************************************************************

Step#    X(mm)    Y(mm)    Z(mm) KinE(MeV)  dE(MeV) StepLeng TrackLeng  NextVolume ProcName
    0     6.98     1.21   -0.315   0.00489        0        0         0 physCathode1Up initStep
    1     6.98     1.21   -0.315   0.00448 0.000409 3.55e-05  3.55e-05 physCathode1Up msc
    2     6.98     1.21   -0.314         0  0.00448 0.000381  0.000416 physCathode1Up eIoni
Track (trackID 2, parentID 1) is processed with stopping code 2
NULL returned from G4StackManager.
Terminate current event processing.
G4TrajectoryDrawByCharge drawer named drawByCharge-0, drawing trajectory with charge, 0
, with configuration:
Name:                       default
Line colour                 (0,1,0,1) (green)
Draw line ?                 1
Line visibile ?             1
Draw auxiliary points ?     0
Auxiliary points type       2
Auxiliary points size       2
Auxiliary points fill style 2
Auxiliary points colour     (1,0,1,1) (magenta)
Auxiliary points visible ?  1
Draw step points ?          1
Step points type            1
Step points size            6
Step points fill style      2
Step points colour          (1,1,0,1) (yellow)
Step points visible ?       1
Time slice interval         0 ps 
G4TrajectoryDrawByCharge drawer named drawByCharge-0, drawing trajectory with charge, -1
, with configuration:
Name:                       default
Line colour                 (1,0,0,1) (red)
Draw line ?                 1
Line visibile ?             1
Draw auxiliary points ?     0
Auxiliary points type       2
Auxiliary points size       2
Auxiliary points fill style 2
Auxiliary points colour     (1,0,1,1) (magenta)
Auxiliary points visible ?  1
Draw step points ?          1
Step points type            1
Step points size            6
Step points fill style      2
Step points colour          (1,1,0,1) (yellow)
Step points visible ?       1
Time slice interval         0 ps 
 Run terminated.
Run Summary
  Number of events processed : 1
  User=0.010000s Real=0.005296s Sys=0.000000s
... write file : output.root - done
... close file : output.root - done
... delete empty file : output.root - done
(Debug: RunAction.cc) End of run OK!
(Debug: RunAction) Simulation finished!
(Debug: RunAction.cc) Time: Tue Jun 10 07:48:57 2025


--------- Ranecu engine status ---------
 Initial seed (index) = 0
 Current couple of seeds = 1071381277, 92649945
----------------------------------------
(Debug: DMPX_G_factor.cc) Now shooting...

========= Table of registered couples ============================

Index : 0     used in the geometry : Yes
 Material : G4_Galactic
 Range cuts        :  gamma  10 um     e-  10 um     e+  10 um  proton 10 um 
 Energy thresholds :  gamma  1 eV     e-  1 eV     e+  1 eV  proton 1 keV
 Region(s) which use this couple : 
    DefaultRegionForTheWorld

Index : 1     used in the geometry : Yes
 Material : G4_Be
 Range cuts        :  gamma  10 um     e-  10 um     e+  10 um  proton 10 um 
 Energy thresholds :  gamma  1 eV     e-  27.99880253708374 keV    e+  27.4516030064588 keV proton 1 keV
 Region(s) which use this couple : 
    DefaultRegionForTheWorld

Index : 2     used in the geometry : Yes
 Material : KrCH4_90_10
 Range cuts        :  gamma  1 um     e-  1 um     e+  1 um  proton 0 fm 
 Energy thresholds :  gamma  1 eV     e-  1 eV     e+  1 eV  proton 0 eV 
 Region(s) which use this couple : 
    GasAndAnodesRegion

Index : 3     used in the geometry : Yes
 Material : G4_Au
 Range cuts        :  gamma  1 um     e-  1 um     e+  1 um  proton 0 fm 
 Energy thresholds :  gamma  1.721899238082278 keV    e-  14.26982100189901 keV    e+  13.91637606042289 keV proton 0 eV 
 Region(s) which use this couple : 
    GasAndAnodesRegion

==================================================================

### Run 11 starts.

--------- Ranecu engine status ---------
 Initial seed (index) = 0
 Current couple of seeds = 1071381277, 92649945
----------------------------------------
(Debug: RunAction.cc) Starting run 11
(Debug: RunAction.cc) Time: Tue Jun 10 07:48:57 2025

... create file : output.root - done
... open analysis file : output.root - done
... open analysis file : output.root - done
=====================================
  G4EventManager::ProcessOneEvent()  
=====================================
(Debug: GasBoxSD.cc) GasBoxSD Intialized!
(Debug: EventAction.cc) Beginning of event 12
(Debug: EventAction.cc) The primary vertex is: 102.27
(Debug: EventAction.cc) Primary particle energy: 5 keV
G4PrimaryTransformer::PrimaryVertex (33.64740566432932(mm),102.27(mm),0.234421622333004(mm),0(nsec))
1 primary tracks are passed to the stack.
!!!!!!! Now start processing an event !!!!!!!

*********************************************************************************************************
* G4Track Information:   Particle = gamma,   Track ID = 1,   Parent ID = 0
*********************************************************************************************************

Step#    X(mm)    Y(mm)    Z(mm) KinE(MeV)  dE(MeV) StepLeng TrackLeng  NextVolume ProcName
    0     33.6      102    0.234     0.005        0        0         0 WorldPhysical initStep
    1    -11.4      2.5    0.235     0.005        0      109       109 physCathode1Up Transportation
    2    -11.4     2.44    0.235         0 0.000115   0.0693       110 physCathode1Up phot
Track (trackID 1, parentID 0) is processed with stopping code 2

*********************************************************************************************************
* G4Track Information:   Particle = e-,   Track ID = 2,   Parent ID = 1
*********************************************************************************************************

Step#    X(mm)    Y(mm)    Z(mm) KinE(MeV)  dE(MeV) StepLeng TrackLeng  NextVolume ProcName
    0    -11.4     2.44    0.235   0.00489        0        0         0 physCathode1Up initStep
    1    -11.4     2.44    0.235   0.00467 0.000218 3.55e-05  3.55e-05 physCathode1Up msc
    2    -11.4     2.44    0.235         0  0.00467 0.000409  0.000445 physCathode1Up eIoni
Track (trackID 2, parentID 1) is processed with stopping code 2
NULL returned from G4StackManager.
Terminate current event processing.
G4TrajectoryDrawByCharge drawer named drawByCharge-0, drawing trajectory with charge, 0
, with configuration:
Name:                       default
Line colour                 (0,1,0,1) (green)
Draw line ?                 1
Line visibile ?             1
Draw auxiliary points ?     0
Auxiliary points type       2
Auxiliary points size       2
Auxiliary points fill style 2
Auxiliary points colour     (1,0,1,1) (magenta)
Auxiliary points visible ?  1
Draw step points ?          1
Step points type            1
Step points size            6
Step points fill style      2
Step points colour          (1,1,0,1) (yellow)
Step points visible ?       1
Time slice interval         0 ps 
G4TrajectoryDrawByCharge drawer named drawByCharge-0, drawing trajectory with charge, -1
, with configuration:
Name:                       default
Line colour                 (1,0,0,1) (red)
Draw line ?                 1
Line visibile ?             1
Draw auxiliary points ?     0
Auxiliary points type       2
Auxiliary points size       2
Auxiliary points fill style 2
Auxiliary points colour     (1,0,1,1) (magenta)
Auxiliary points visible ?  1
Draw step points ?          1
Step points type            1
Step points size            6
Step points fill style      2
Step points colour          (1,1,0,1) (yellow)
Step points visible ?       1
Time slice interval         0 ps 
 Run terminated.
Run Summary
  Number of events processed : 1
  User=0.010000s Real=0.007480s Sys=0.000000s
... write file : output.root - done
... close file : output.root - done
... delete empty file : output.root - done
(Debug: RunAction.cc) End of run OK!
(Debug: RunAction) Simulation finished!
(Debug: RunAction.cc) Time: Tue Jun 10 07:48:57 2025


--------- Ranecu engine status ---------
 Initial seed (index) = 0
 Current couple of seeds = 1853705767, 281928353
----------------------------------------
(Debug: DMPX_G_factor.cc) Now shooting...

========= Table of registered couples ============================

Index : 0     used in the geometry : Yes
 Material : G4_Galactic
 Range cuts        :  gamma  10 um     e-  10 um     e+  10 um  proton 10 um 
 Energy thresholds :  gamma  1 eV     e-  1 eV     e+  1 eV  proton 1 keV
 Region(s) which use this couple : 
    DefaultRegionForTheWorld

Index : 1     used in the geometry : Yes
 Material : G4_Be
 Range cuts        :  gamma  10 um     e-  10 um     e+  10 um  proton 10 um 
 Energy thresholds :  gamma  1 eV     e-  27.99880253708374 keV    e+  27.4516030064588 keV proton 1 keV
 Region(s) which use this couple : 
    DefaultRegionForTheWorld

Index : 2     used in the geometry : Yes
 Material : KrCH4_90_10
 Range cuts        :  gamma  1 um     e-  1 um     e+  1 um  proton 0 fm 
 Energy thresholds :  gamma  1 eV     e-  1 eV     e+  1 eV  proton 0 eV 
 Region(s) which use this couple : 
    GasAndAnodesRegion

Index : 3     used in the geometry : Yes
 Material : G4_Au
 Range cuts        :  gamma  1 um     e-  1 um     e+  1 um  proton 0 fm 
 Energy thresholds :  gamma  1.721899238082278 keV    e-  14.26982100189901 keV    e+  13.91637606042289 keV proton 0 eV 
 Region(s) which use this couple : 
    GasAndAnodesRegion

==================================================================

### Run 12 starts.

--------- Ranecu engine status ---------
 Initial seed (index) = 0
 Current couple of seeds = 1853705767, 281928353
----------------------------------------
(Debug: RunAction.cc) Starting run 12
(Debug: RunAction.cc) Time: Tue Jun 10 07:48:57 2025

... create file : output.root - done
... open analysis file : output.root - done
... open analysis file : output.root - done
=====================================
  G4EventManager::ProcessOneEvent()  
=====================================
(Debug: GasBoxSD.cc) GasBoxSD Intialized!
(Debug: EventAction.cc) Beginning of event 13
(Debug: EventAction.cc) The primary vertex is: 102.27
(Debug: EventAction.cc) Primary particle energy: 5 keV
G4PrimaryTransformer::PrimaryVertex (47.20120671437734(mm),102.27(mm),0.6133906785054699(mm),0(nsec))
1 primary tracks are passed to the stack.
!!!!!!! Now start processing an event !!!!!!!

*********************************************************************************************************
* G4Track Information:   Particle = gamma,   Track ID = 1,   Parent ID = 0
*********************************************************************************************************

Step#    X(mm)    Y(mm)    Z(mm) KinE(MeV)  dE(MeV) StepLeng TrackLeng  NextVolume ProcName
    0     47.2      102    0.613     0.005        0        0         0 WorldPhysical initStep
    1     3.03      2.5    0.614     0.005        0      109       109 physCathode1Up Transportation
    2     2.94      2.3    0.614         0 0.000115    0.222       109 physCathode1Up phot
Track (trackID 1, parentID 0) is processed with stopping code 2

*********************************************************************************************************
* G4Track Information:   Particle = e-,   Track ID = 2,   Parent ID = 1
*********************************************************************************************************

Step#    X(mm)    Y(mm)    Z(mm) KinE(MeV)  dE(MeV) StepLeng TrackLeng  NextVolume ProcName
    0     2.94      2.3    0.614   0.00489        0        0         0 physCathode1Up initStep
    1     2.94      2.3    0.614   0.00459 0.000294 3.55e-05  3.55e-05 physCathode1Up msc
    2     2.94      2.3    0.614         0  0.00459 0.000398  0.000433 physCathode1Up eIoni
Track (trackID 2, parentID 1) is processed with stopping code 2
NULL returned from G4StackManager.
Terminate current event processing.
G4TrajectoryDrawByCharge drawer named drawByCharge-0, drawing trajectory with charge, 0
, with configuration:
Name:                       default
Line colour                 (0,1,0,1) (green)
Draw line ?                 1
Line visibile ?             1
Draw auxiliary points ?     0
Auxiliary points type       2
Auxiliary points size       2
Auxiliary points fill style 2
Auxiliary points colour     (1,0,1,1) (magenta)
Auxiliary points visible ?  1
Draw step points ?          1
Step points type            1
Step points size            6
Step points fill style      2
Step points colour          (1,1,0,1) (yellow)
Step points visible ?       1
Time slice interval         0 ps 
G4TrajectoryDrawByCharge drawer named drawByCharge-0, drawing trajectory with charge, -1
, with configuration:
Name:                       default
Line colour                 (1,0,0,1) (red)
Draw line ?                 1
Line visibile ?             1
Draw auxiliary points ?     0
Auxiliary points type       2
Auxiliary points size       2
Auxiliary points fill style 2
Auxiliary points colour     (1,0,1,1) (magenta)
Auxiliary points visible ?  1
Draw step points ?          1
Step points type            1
Step points size            6
Step points fill style      2
Step points colour          (1,1,0,1) (yellow)
Step points visible ?       1
Time slice interval         0 ps 
 Run terminated.
Run Summary
  Number of events processed : 1
  User=0.000000s Real=0.006308s Sys=0.000000s
... write file : output.root - done
... close file : output.root - done
... delete empty file : output.root - done
(Debug: RunAction.cc) End of run OK!
(Debug: RunAction) Simulation finished!
(Debug: RunAction.cc) Time: Tue Jun 10 07:48:57 2025


--------- Ranecu engine status ---------
 Initial seed (index) = 0
 Current couple of seeds = 2035065081, 93959806
----------------------------------------
(Debug: DMPX_G_factor.cc) Now shooting...

========= Table of registered couples ============================

Index : 0     used in the geometry : Yes
 Material : G4_Galactic
 Range cuts        :  gamma  10 um     e-  10 um     e+  10 um  proton 10 um 
 Energy thresholds :  gamma  1 eV     e-  1 eV     e+  1 eV  proton 1 keV
 Region(s) which use this couple : 
    DefaultRegionForTheWorld

Index : 1     used in the geometry : Yes
 Material : G4_Be
 Range cuts        :  gamma  10 um     e-  10 um     e+  10 um  proton 10 um 
 Energy thresholds :  gamma  1 eV     e-  27.99880253708374 keV    e+  27.4516030064588 keV proton 1 keV
 Region(s) which use this couple : 
    DefaultRegionForTheWorld

Index : 2     used in the geometry : Yes
 Material : KrCH4_90_10
 Range cuts        :  gamma  1 um     e-  1 um     e+  1 um  proton 0 fm 
 Energy thresholds :  gamma  1 eV     e-  1 eV     e+  1 eV  proton 0 eV 
 Region(s) which use this couple : 
    GasAndAnodesRegion

Index : 3     used in the geometry : Yes
 Material : G4_Au
 Range cuts        :  gamma  1 um     e-  1 um     e+  1 um  proton 0 fm 
 Energy thresholds :  gamma  1.721899238082278 keV    e-  14.26982100189901 keV    e+  13.91637606042289 keV proton 0 eV 
 Region(s) which use this couple : 
    GasAndAnodesRegion

==================================================================

### Run 13 starts.

--------- Ranecu engine status ---------
 Initial seed (index) = 0
 Current couple of seeds = 2035065081, 93959806
----------------------------------------
(Debug: RunAction.cc) Starting run 13
(Debug: RunAction.cc) Time: Tue Jun 10 07:48:57 2025

... create file : output.root - done
... open analysis file : output.root - done
... open analysis file : output.root - done
=====================================
  G4EventManager::ProcessOneEvent()  
=====================================
(Debug: GasBoxSD.cc) GasBoxSD Intialized!
(Debug: EventAction.cc) Beginning of event 14
(Debug: EventAction.cc) The primary vertex is: 102.27
(Debug: EventAction.cc) Primary particle energy: 5 keV
G4PrimaryTransformer::PrimaryVertex (47.82814938289325(mm),102.27(mm),1.093183416759887(mm),0(nsec))
1 primary tracks are passed to the stack.
!!!!!!! Now start processing an event !!!!!!!

*********************************************************************************************************
* G4Track Information:   Particle = gamma,   Track ID = 1,   Parent ID = 0
*********************************************************************************************************

Step#    X(mm)    Y(mm)    Z(mm) KinE(MeV)  dE(MeV) StepLeng TrackLeng  NextVolume ProcName
    0     47.8      102     1.09     0.005        0        0         0 WorldPhysical initStep
    1     1.54      2.5     1.09     0.005        0      110       110 physCathode1Up Transportation
    2     1.29     1.96     1.09   0.00496 8.18e-06    0.596       111 physCathode1Up compt
    3     1.76     1.48     1.43         0 9.32e-06    0.748       111 physCathode1Up phot
Track (trackID 1, parentID 0) is processed with stopping code 2

*********************************************************************************************************
* G4Track Information:   Particle = e-,   Track ID = 3,   Parent ID = 1
*********************************************************************************************************

Step#    X(mm)    Y(mm)    Z(mm) KinE(MeV)  dE(MeV) StepLeng TrackLeng  NextVolume ProcName
    0     1.76     1.48     1.43   0.00495        0        0         0 physCathode1Up initStep
    1     1.76     1.48     1.43   0.00438 0.000569 3.63e-05  3.63e-05 physCathode1Up msc
    2     1.76     1.48     1.43         0  0.00438 0.000367  0.000403 physCathode1Up eIoni
Track (trackID 3, parentID 1) is processed with stopping code 2

*********************************************************************************************************
* G4Track Information:   Particle = e-,   Track ID = 2,   Parent ID = 1
*********************************************************************************************************

Step#    X(mm)    Y(mm)    Z(mm) KinE(MeV)  dE(MeV) StepLeng TrackLeng  NextVolume ProcName
    0     1.29     1.96     1.09  3.11e-05        0        0         0 physCathode1Up initStep
    1     1.29     1.96     1.09         0 3.11e-05  9.4e-08   9.4e-08 physCathode1Up msc
Track (trackID 2, parentID 1) is processed with stopping code 2
NULL returned from G4StackManager.
Terminate current event processing.
G4TrajectoryDrawByCharge drawer named drawByCharge-0, drawing trajectory with charge, 0
, with configuration:
Name:                       default
Line colour                 (0,1,0,1) (green)
Draw line ?                 1
Line visibile ?             1
Draw auxiliary points ?     0
Auxiliary points type       2
Auxiliary points size       2
Auxiliary points fill style 2
Auxiliary points colour     (1,0,1,1) (magenta)
Auxiliary points visible ?  1
Draw step points ?          1
Step points type            1
Step points size            6
Step points fill style      2
Step points colour          (1,1,0,1) (yellow)
Step points visible ?       1
Time slice interval         0 ps 
G4TrajectoryDrawByCharge drawer named drawByCharge-0, drawing trajectory with charge, -1
, with configuration:
Name:                       default
Line colour                 (1,0,0,1) (red)
Draw line ?                 1
Line visibile ?             1
Draw auxiliary points ?     0
Auxiliary points type       2
Auxiliary points size       2
Auxiliary points fill style 2
Auxiliary points colour     (1,0,1,1) (magenta)
Auxiliary points visible ?  1
Draw step points ?          1
Step points type            1
Step points size            6
Step points fill style      2
Step points colour          (1,1,0,1) (yellow)
Step points visible ?       1
Time slice interval         0 ps 
G4TrajectoryDrawByCharge drawer named drawByCharge-0, drawing trajectory with charge, -1
, with configuration:
Name:                       default
Line colour                 (1,0,0,1) (red)
Draw line ?                 1
Line visibile ?             1
Draw auxiliary points ?     0
Auxiliary points type       2
Auxiliary points size       2
Auxiliary points fill style 2
Auxiliary points colour     (1,0,1,1) (magenta)
Auxiliary points visible ?  1
Draw step points ?          1
Step points type            1
Step points size            6
Step points fill style      2
Step points colour          (1,1,0,1) (yellow)
Step points visible ?       1
Time slice interval         0 ps 
 Run terminated.
Run Summary
  Number of events processed : 1
  User=0.000000s Real=0.007887s Sys=0.000000s
... write file : output.root - done
... close file : output.root - done
... delete empty file : output.root - done
(Debug: RunAction.cc) End of run OK!
(Debug: RunAction) Simulation finished!
(Debug: RunAction.cc) Time: Tue Jun 10 07:48:57 2025


--------- Ranecu engine status ---------
 Initial seed (index) = 0
 Current couple of seeds = 1708258822, 371420123
----------------------------------------
(Debug: DMPX_G_factor.cc) Now shooting...

========= Table of registered couples ============================

Index : 0     used in the geometry : Yes
 Material : G4_Galactic
 Range cuts        :  gamma  10 um     e-  10 um     e+  10 um  proton 10 um 
 Energy thresholds :  gamma  1 eV     e-  1 eV     e+  1 eV  proton 1 keV
 Region(s) which use this couple : 
    DefaultRegionForTheWorld

Index : 1     used in the geometry : Yes
 Material : G4_Be
 Range cuts        :  gamma  10 um     e-  10 um     e+  10 um  proton 10 um 
 Energy thresholds :  gamma  1 eV     e-  27.99880253708374 keV    e+  27.4516030064588 keV proton 1 keV
 Region(s) which use this couple : 
    DefaultRegionForTheWorld

Index : 2     used in the geometry : Yes
 Material : KrCH4_90_10
 Range cuts        :  gamma  1 um     e-  1 um     e+  1 um  proton 0 fm 
 Energy thresholds :  gamma  1 eV     e-  1 eV     e+  1 eV  proton 0 eV 
 Region(s) which use this couple : 
    GasAndAnodesRegion

Index : 3     used in the geometry : Yes
 Material : G4_Au
 Range cuts        :  gamma  1 um     e-  1 um     e+  1 um  proton 0 fm 
 Energy thresholds :  gamma  1.721899238082278 keV    e-  14.26982100189901 keV    e+  13.91637606042289 keV proton 0 eV 
 Region(s) which use this couple : 
    GasAndAnodesRegion

==================================================================

### Run 14 starts.

--------- Ranecu engine status ---------
 Initial seed (index) = 0
 Current couple of seeds = 1708258822, 371420123
----------------------------------------
(Debug: RunAction.cc) Starting run 14
(Debug: RunAction.cc) Time: Tue Jun 10 07:48:57 2025

... create file : output.root - done
... open analysis file : output.root - done
... open analysis file : output.root - done
=====================================
  G4EventManager::ProcessOneEvent()  
=====================================
(Debug: GasBoxSD.cc) GasBoxSD Intialized!
(Debug: EventAction.cc) Beginning of event 15
(Debug: EventAction.cc) The primary vertex is: 102.27
(Debug: EventAction.cc) Primary particle energy: 5 keV
G4PrimaryTransformer::PrimaryVertex (21.38012528195484(mm),102.27(mm),0.7459397108569217(mm),0(nsec))
1 primary tracks are passed to the stack.
!!!!!!! Now start processing an event !!!!!!!

*********************************************************************************************************
* G4Track Information:   Particle = gamma,   Track ID = 1,   Parent ID = 0
*********************************************************************************************************

Step#    X(mm)    Y(mm)    Z(mm) KinE(MeV)  dE(MeV) StepLeng TrackLeng  NextVolume ProcName
    0     21.4      102    0.746     0.005        0        0         0 WorldPhysical initStep
    1    -12.4      2.5    0.746     0.005        0      105       105 physCathode1Up Transportation
    2    -12.5        2    0.746         0 0.000115    0.524       106 physCathode1Up phot
Track (trackID 1, parentID 0) is processed with stopping code 2

*********************************************************************************************************
* G4Track Information:   Particle = e-,   Track ID = 2,   Parent ID = 1
*********************************************************************************************************

Step#    X(mm)    Y(mm)    Z(mm) KinE(MeV)  dE(MeV) StepLeng TrackLeng  NextVolume ProcName
    0    -12.5        2    0.746   0.00489        0        0         0 physCathode1Up initStep
    1    -12.5        2    0.746   0.00469 0.000195 3.55e-05  3.55e-05 physCathode1Up msc
    2    -12.5        2    0.746         0  0.00469 0.000413  0.000448 physCathode1Up eIoni
Track (trackID 2, parentID 1) is processed with stopping code 2
NULL returned from G4StackManager.
Terminate current event processing.
G4TrajectoryDrawByCharge drawer named drawByCharge-0, drawing trajectory with charge, 0
, with configuration:
Name:                       default
Line colour                 (0,1,0,1) (green)
Draw line ?                 1
Line visibile ?             1
Draw auxiliary points ?     0
Auxiliary points type       2
Auxiliary points size       2
Auxiliary points fill style 2
Auxiliary points colour     (1,0,1,1) (magenta)
Auxiliary points visible ?  1
Draw step points ?          1
Step points type            1
Step points size            6
Step points fill style      2
Step points colour          (1,1,0,1) (yellow)
Step points visible ?       1
Time slice interval         0 ps 
G4TrajectoryDrawByCharge drawer named drawByCharge-0, drawing trajectory with charge, -1
, with configuration:
Name:                       default
Line colour                 (1,0,0,1) (red)
Draw line ?                 1
Line visibile ?             1
Draw auxiliary points ?     0
Auxiliary points type       2
Auxiliary points size       2
Auxiliary points fill style 2
Auxiliary points colour     (1,0,1,1) (magenta)
Auxiliary points visible ?  1
Draw step points ?          1
Step points type            1
Step points size            6
Step points fill style      2
Step points colour          (1,1,0,1) (yellow)
Step points visible ?       1
Time slice interval         0 ps 
 Run terminated.
Run Summary
  Number of events processed : 1
  User=0.000000s Real=0.008075s Sys=0.000000s
... write file : output.root - done
... close file : output.root - done
... delete empty file : output.root - done
(Debug: RunAction.cc) End of run OK!
(Debug: RunAction) Simulation finished!
(Debug: RunAction.cc) Time: Tue Jun 10 07:48:57 2025


--------- Ranecu engine status ---------
 Initial seed (index) = 0
 Current couple of seeds = 2101172336, 1227340549
----------------------------------------
(Debug: DMPX_G_factor.cc) Now shooting...

========= Table of registered couples ============================

Index : 0     used in the geometry : Yes
 Material : G4_Galactic
 Range cuts        :  gamma  10 um     e-  10 um     e+  10 um  proton 10 um 
 Energy thresholds :  gamma  1 eV     e-  1 eV     e+  1 eV  proton 1 keV
 Region(s) which use this couple : 
    DefaultRegionForTheWorld

Index : 1     used in the geometry : Yes
 Material : G4_Be
 Range cuts        :  gamma  10 um     e-  10 um     e+  10 um  proton 10 um 
 Energy thresholds :  gamma  1 eV     e-  27.99880253708374 keV    e+  27.4516030064588 keV proton 1 keV
 Region(s) which use this couple : 
    DefaultRegionForTheWorld

Index : 2     used in the geometry : Yes
 Material : KrCH4_90_10
 Range cuts        :  gamma  1 um     e-  1 um     e+  1 um  proton 0 fm 
 Energy thresholds :  gamma  1 eV     e-  1 eV     e+  1 eV  proton 0 eV 
 Region(s) which use this couple : 
    GasAndAnodesRegion

Index : 3     used in the geometry : Yes
 Material : G4_Au
 Range cuts        :  gamma  1 um     e-  1 um     e+  1 um  proton 0 fm 
 Energy thresholds :  gamma  1.721899238082278 keV    e-  14.26982100189901 keV    e+  13.91637606042289 keV proton 0 eV 
 Region(s) which use this couple : 
    GasAndAnodesRegion

==================================================================

### Run 15 starts.

--------- Ranecu engine status ---------
 Initial seed (index) = 0
 Current couple of seeds = 2101172336, 1227340549
----------------------------------------
(Debug: RunAction.cc) Starting run 15
(Debug: RunAction.cc) Time: Tue Jun 10 07:48:57 2025

... create file : output.root - done
... open analysis file : output.root - done
... open analysis file : output.root - done
=====================================
  G4EventManager::ProcessOneEvent()  
=====================================
(Debug: GasBoxSD.cc) GasBoxSD Intialized!
(Debug: EventAction.cc) Beginning of event 16
(Debug: EventAction.cc) The primary vertex is: 102.27
(Debug: EventAction.cc) Primary particle energy: 5 keV
G4PrimaryTransformer::PrimaryVertex (38.61133506730218(mm),102.27(mm),1.633082614076084(mm),0(nsec))
1 primary tracks are passed to the stack.
!!!!!!! Now start processing an event !!!!!!!

*********************************************************************************************************
* G4Track Information:   Particle = gamma,   Track ID = 1,   Parent ID = 0
*********************************************************************************************************

Step#    X(mm)    Y(mm)    Z(mm) KinE(MeV)  dE(MeV) StepLeng TrackLeng  NextVolume ProcName
    0     38.6      102     1.63     0.005        0        0         0 WorldPhysical initStep
    1    -2.68      2.5     1.63     0.005        0      108       108 physCathode1Up Transportation
    2     -2.8     2.22     1.63         0 0.000115    0.305       108 physCathode1Up phot
Track (trackID 1, parentID 0) is processed with stopping code 2

*********************************************************************************************************
* G4Track Information:   Particle = e-,   Track ID = 2,   Parent ID = 1
*********************************************************************************************************

Step#    X(mm)    Y(mm)    Z(mm) KinE(MeV)  dE(MeV) StepLeng TrackLeng  NextVolume ProcName
    0     -2.8     2.22     1.63   0.00489        0        0         0 physCathode1Up initStep
    1     -2.8     2.22     1.63   0.00478 0.000107 3.55e-05  3.55e-05 physCathode1Up msc
    2     -2.8     2.22     1.63         0  0.00478 0.000427  0.000462 physCathode1Up eIoni
Track (trackID 2, parentID 1) is processed with stopping code 2
NULL returned from G4StackManager.
Terminate current event processing.
G4TrajectoryDrawByCharge drawer named drawByCharge-0, drawing trajectory with charge, 0
, with configuration:
Name:                       default
Line colour                 (0,1,0,1) (green)
Draw line ?                 1
Line visibile ?             1
Draw auxiliary points ?     0
Auxiliary points type       2
Auxiliary points size       2
Auxiliary points fill style 2
Auxiliary points colour     (1,0,1,1) (magenta)
Auxiliary points visible ?  1
Draw step points ?          1
Step points type            1
Step points size            6
Step points fill style      2
Step points colour          (1,1,0,1) (yellow)
Step points visible ?       1
Time slice interval         0 ps 
G4TrajectoryDrawByCharge drawer named drawByCharge-0, drawing trajectory with charge, -1
, with configuration:
Name:                       default
Line colour                 (1,0,0,1) (red)
Draw line ?                 1
Line visibile ?             1
Draw auxiliary points ?     0
Auxiliary points type       2
Auxiliary points size       2
Auxiliary points fill style 2
Auxiliary points colour     (1,0,1,1) (magenta)
Auxiliary points visible ?  1
Draw step points ?          1
Step points type            1
Step points size            6
Step points fill style      2
Step points colour          (1,1,0,1) (yellow)
Step points visible ?       1
Time slice interval         0 ps 
 Run terminated.
Run Summary
  Number of events processed : 1
  User=0.000000s Real=0.006057s Sys=0.000000s
... write file : output.root - done
... close file : output.root - done
... delete empty file : output.root - done
(Debug: RunAction.cc) End of run OK!
(Debug: RunAction) Simulation finished!
(Debug: RunAction.cc) Time: Tue Jun 10 07:48:57 2025


--------- Ranecu engine status ---------
 Initial seed (index) = 0
 Current couple of seeds = 1252795874, 1986042907
----------------------------------------
(Debug: DMPX_G_factor.cc) Now shooting...

========= Table of registered couples ============================

Index : 0     used in the geometry : Yes
 Material : G4_Galactic
 Range cuts        :  gamma  10 um     e-  10 um     e+  10 um  proton 10 um 
 Energy thresholds :  gamma  1 eV     e-  1 eV     e+  1 eV  proton 1 keV
 Region(s) which use this couple : 
    DefaultRegionForTheWorld

Index : 1     used in the geometry : Yes
 Material : G4_Be
 Range cuts        :  gamma  10 um     e-  10 um     e+  10 um  proton 10 um 
 Energy thresholds :  gamma  1 eV     e-  27.99880253708374 keV    e+  27.4516030064588 keV proton 1 keV
 Region(s) which use this couple : 
    DefaultRegionForTheWorld

Index : 2     used in the geometry : Yes
 Material : KrCH4_90_10
 Range cuts        :  gamma  1 um     e-  1 um     e+  1 um  proton 0 fm 
 Energy thresholds :  gamma  1 eV     e-  1 eV     e+  1 eV  proton 0 eV 
 Region(s) which use this couple : 
    GasAndAnodesRegion

Index : 3     used in the geometry : Yes
 Material : G4_Au
 Range cuts        :  gamma  1 um     e-  1 um     e+  1 um  proton 0 fm 
 Energy thresholds :  gamma  1.721899238082278 keV    e-  14.26982100189901 keV    e+  13.91637606042289 keV proton 0 eV 
 Region(s) which use this couple : 
    GasAndAnodesRegion

==================================================================

### Run 16 starts.

--------- Ranecu engine status ---------
 Initial seed (index) = 0
 Current couple of seeds = 1252795874, 1986042907
----------------------------------------
(Debug: RunAction.cc) Starting run 16
(Debug: RunAction.cc) Time: Tue Jun 10 07:48:57 2025

... create file : output.root - done
... open analysis file : output.root - done
... open analysis file : output.root - done
=====================================
  G4EventManager::ProcessOneEvent()  
=====================================
(Debug: GasBoxSD.cc) GasBoxSD Intialized!
(Debug: EventAction.cc) Beginning of event 17
(Debug: EventAction.cc) The primary vertex is: 102.27
(Debug: EventAction.cc) Primary particle energy: 5 keV
G4PrimaryTransformer::PrimaryVertex (32.87539938361718(mm),102.27(mm),0.9806639717652672(mm),0(nsec))
1 primary tracks are passed to the stack.
!!!!!!! Now start processing an event !!!!!!!

*********************************************************************************************************
* G4Track Information:   Particle = gamma,   Track ID = 1,   Parent ID = 0
*********************************************************************************************************

Step#    X(mm)    Y(mm)    Z(mm) KinE(MeV)  dE(MeV) StepLeng TrackLeng  NextVolume ProcName
    0     32.9      102    0.981     0.005        0        0         0 WorldPhysical initStep
    1    -9.69      2.5    0.981     0.005        0      108       108 physCathode1Up Transportation
    2     -9.9     2.01    0.981         0 9.32e-06    0.532       109 physCathode1Up phot
Track (trackID 1, parentID 0) is processed with stopping code 2

*********************************************************************************************************
* G4Track Information:   Particle = e-,   Track ID = 2,   Parent ID = 1
*********************************************************************************************************

Step#    X(mm)    Y(mm)    Z(mm) KinE(MeV)  dE(MeV) StepLeng TrackLeng  NextVolume ProcName
    0     -9.9     2.01    0.981   0.00499        0        0         0 physCathode1Up initStep
    1     -9.9     2.01    0.981   0.00433 0.000658 3.68e-05  3.68e-05 physCathode1Up msc
    2     -9.9     2.01    0.981         0  0.00433  0.00036  0.000397 physCathode1Up eIoni
Track (trackID 2, parentID 1) is processed with stopping code 2
NULL returned from G4StackManager.
Terminate current event processing.
G4TrajectoryDrawByCharge drawer named drawByCharge-0, drawing trajectory with charge, 0
, with configuration:
Name:                       default
Line colour                 (0,1,0,1) (green)
Draw line ?                 1
Line visibile ?             1
Draw auxiliary points ?     0
Auxiliary points type       2
Auxiliary points size       2
Auxiliary points fill style 2
Auxiliary points colour     (1,0,1,1) (magenta)
Auxiliary points visible ?  1
Draw step points ?          1
Step points type            1
Step points size            6
Step points fill style      2
Step points colour          (1,1,0,1) (yellow)
Step points visible ?       1
Time slice interval         0 ps 
G4TrajectoryDrawByCharge drawer named drawByCharge-0, drawing trajectory with charge, -1
, with configuration:
Name:                       default
Line colour                 (1,0,0,1) (red)
Draw line ?                 1
Line visibile ?             1
Draw auxiliary points ?     0
Auxiliary points type       2
Auxiliary points size       2
Auxiliary points fill style 2
Auxiliary points colour     (1,0,1,1) (magenta)
Auxiliary points visible ?  1
Draw step points ?          1
Step points type            1
Step points size            6
Step points fill style      2
Step points colour          (1,1,0,1) (yellow)
Step points visible ?       1
Time slice interval         0 ps 
 Run terminated.
Run Summary
  Number of events processed : 1
  User=0.010000s Real=0.025268s Sys=0.020000s
... write file : output.root - done
... close file : output.root - done
... delete empty file : output.root - done
(Debug: RunAction.cc) End of run OK!
(Debug: RunAction) Simulation finished!
(Debug: RunAction.cc) Time: Tue Jun 10 07:48:58 2025


--------- Ranecu engine status ---------
 Initial seed (index) = 0
 Current couple of seeds = 1668767406, 388804959
----------------------------------------
(Debug: DMPX_G_factor.cc) Now shooting...

========= Table of registered couples ============================

Index : 0     used in the geometry : Yes
 Material : G4_Galactic
 Range cuts        :  gamma  10 um     e-  10 um     e+  10 um  proton 10 um 
 Energy thresholds :  gamma  1 eV     e-  1 eV     e+  1 eV  proton 1 keV
 Region(s) which use this couple : 
    DefaultRegionForTheWorld

Index : 1     used in the geometry : Yes
 Material : G4_Be
 Range cuts        :  gamma  10 um     e-  10 um     e+  10 um  proton 10 um 
 Energy thresholds :  gamma  1 eV     e-  27.99880253708374 keV    e+  27.4516030064588 keV proton 1 keV
 Region(s) which use this couple : 
    DefaultRegionForTheWorld

Index : 2     used in the geometry : Yes
 Material : KrCH4_90_10
 Range cuts        :  gamma  1 um     e-  1 um     e+  1 um  proton 0 fm 
 Energy thresholds :  gamma  1 eV     e-  1 eV     e+  1 eV  proton 0 eV 
 Region(s) which use this couple : 
    GasAndAnodesRegion

Index : 3     used in the geometry : Yes
 Material : G4_Au
 Range cuts        :  gamma  1 um     e-  1 um     e+  1 um  proton 0 fm 
 Energy thresholds :  gamma  1.721899238082278 keV    e-  14.26982100189901 keV    e+  13.91637606042289 keV proton 0 eV 
 Region(s) which use this couple : 
    GasAndAnodesRegion

==================================================================

### Run 17 starts.

--------- Ranecu engine status ---------
 Initial seed (index) = 0
 Current couple of seeds = 1668767406, 388804959
----------------------------------------
(Debug: RunAction.cc) Starting run 17
(Debug: RunAction.cc) Time: Tue Jun 10 07:48:58 2025

... create file : output.root - done
... open analysis file : output.root - done
... open analysis file : output.root - done
=====================================
  G4EventManager::ProcessOneEvent()  
=====================================
(Debug: GasBoxSD.cc) GasBoxSD Intialized!
(Debug: EventAction.cc) Beginning of event 18
(Debug: EventAction.cc) The primary vertex is: 102.27
(Debug: EventAction.cc) Primary particle energy: 5 keV
G4PrimaryTransformer::PrimaryVertex (43.51055236504035(mm),102.27(mm),0.2707108480272695(mm),0(nsec))
1 primary tracks are passed to the stack.
!!!!!!! Now start processing an event !!!!!!!

*********************************************************************************************************
* G4Track Information:   Particle = gamma,   Track ID = 1,   Parent ID = 0
*********************************************************************************************************

Step#    X(mm)    Y(mm)    Z(mm) KinE(MeV)  dE(MeV) StepLeng TrackLeng  NextVolume ProcName
    0     43.5      102    0.271     0.005        0        0         0 WorldPhysical initStep
    1      9.2      2.5    0.271     0.005        0      106       106 physCathode1Up Transportation
    2     8.51      0.5    0.271     0.005        0     2.11       108  physGasBox Transportation
    3     8.16     -0.5    0.271     0.005        0     1.06       109 physCathode1Down Transportation
    4     7.48     -2.5    0.271     0.005        0     2.11       111 WorldPhysical Transportation
    5     -164     -500    0.273     0.005        0      526       637  OutOfWorld Transportation
Track (trackID 1, parentID 0) is processed with stopping code 2
NULL returned from G4StackManager.
Terminate current event processing.
G4TrajectoryDrawByCharge drawer named drawByCharge-0, drawing trajectory with charge, 0
, with configuration:
Name:                       default
Line colour                 (0,1,0,1) (green)
Draw line ?                 1
Line visibile ?             1
Draw auxiliary points ?     0
Auxiliary points type       2
Auxiliary points size       2
Auxiliary points fill style 2
Auxiliary points colour     (1,0,1,1) (magenta)
Auxiliary points visible ?  1
Draw step points ?          1
Step points type            1
Step points size            6
Step points fill style      2
Step points colour          (1,1,0,1) (yellow)
Step points visible ?       1
Time slice interval         0 ps 
 Run terminated.
Run Summary
  Number of events processed : 1
  User=0.000000s Real=0.007228s Sys=0.000000s
... write file : output.root - done
... close file : output.root - done
... delete empty file : output.root - done
(Debug: RunAction.cc) End of run OK!
(Debug: RunAction) Simulation finished!
(Debug: RunAction.cc) Time: Tue Jun 10 07:48:58 2025


--------- Ranecu engine status ---------
 Initial seed (index) = 0
 Current couple of seeds = 1561569082, 1544394813
----------------------------------------
(Debug: DMPX_G_factor.cc) Now shooting...

========= Table of registered couples ============================

Index : 0     used in the geometry : Yes
 Material : G4_Galactic
 Range cuts        :  gamma  10 um     e-  10 um     e+  10 um  proton 10 um 
 Energy thresholds :  gamma  1 eV     e-  1 eV     e+  1 eV  proton 1 keV
 Region(s) which use this couple : 
    DefaultRegionForTheWorld

Index : 1     used in the geometry : Yes
 Material : G4_Be
 Range cuts        :  gamma  10 um     e-  10 um     e+  10 um  proton 10 um 
 Energy thresholds :  gamma  1 eV     e-  27.99880253708374 keV    e+  27.4516030064588 keV proton 1 keV
 Region(s) which use this couple : 
    DefaultRegionForTheWorld

Index : 2     used in the geometry : Yes
 Material : KrCH4_90_10
 Range cuts        :  gamma  1 um     e-  1 um     e+  1 um  proton 0 fm 
 Energy thresholds :  gamma  1 eV     e-  1 eV     e+  1 eV  proton 0 eV 
 Region(s) which use this couple : 
    GasAndAnodesRegion

Index : 3     used in the geometry : Yes
 Material : G4_Au
 Range cuts        :  gamma  1 um     e-  1 um     e+  1 um  proton 0 fm 
 Energy thresholds :  gamma  1.721899238082278 keV    e-  14.26982100189901 keV    e+  13.91637606042289 keV proton 0 eV 
 Region(s) which use this couple : 
    GasAndAnodesRegion

==================================================================

### Run 18 starts.

--------- Ranecu engine status ---------
 Initial seed (index) = 0
 Current couple of seeds = 1561569082, 1544394813
----------------------------------------
(Debug: RunAction.cc) Starting run 18
(Debug: RunAction.cc) Time: Tue Jun 10 07:48:58 2025

... create file : output.root - done
... open analysis file : output.root - done
... open analysis file : output.root - done
=====================================
  G4EventManager::ProcessOneEvent()  
=====================================
(Debug: GasBoxSD.cc) GasBoxSD Intialized!
(Debug: EventAction.cc) Beginning of event 19
(Debug: EventAction.cc) The primary vertex is: 102.27
(Debug: EventAction.cc) Primary particle energy: 5 keV
G4PrimaryTransformer::PrimaryVertex (33.34872023753626(mm),102.27(mm),-1.738456257066822(mm),0(nsec))
1 primary tracks are passed to the stack.
!!!!!!! Now start processing an event !!!!!!!

*********************************************************************************************************
* G4Track Information:   Particle = gamma,   Track ID = 1,   Parent ID = 0
*********************************************************************************************************

Step#    X(mm)    Y(mm)    Z(mm) KinE(MeV)  dE(MeV) StepLeng TrackLeng  NextVolume ProcName
    0     33.3      102    -1.74     0.005        0        0         0 WorldPhysical initStep
    1      -13      2.5    -1.74     0.005        0      110       110 physCathode1Up Transportation
    2      -14      0.5    -1.74     0.005        0     2.21       112  physGasBox Transportation
    3    -14.4     -0.5    -1.74     0.005        0      1.1       113 physCathode1Down Transportation
    4    -14.9     -1.6    -1.74         0 0.000115     1.21       115 physCathode1Down phot
Track (trackID 1, parentID 0) is processed with stopping code 2

*********************************************************************************************************
* G4Track Information:   Particle = e-,   Track ID = 2,   Parent ID = 1
*********************************************************************************************************

Step#    X(mm)    Y(mm)    Z(mm) KinE(MeV)  dE(MeV) StepLeng TrackLeng  NextVolume ProcName
    0    -14.9     -1.6    -1.74   0.00489        0        0         0 physCathode1Down initStep
    1    -14.9     -1.6    -1.74   0.00485 3.03e-05 3.55e-05  3.55e-05 physCathode1Down msc
    2    -14.9     -1.6    -1.74         0  0.00485 0.000439  0.000474 physCathode1Down eIoni
Track (trackID 2, parentID 1) is processed with stopping code 2
NULL returned from G4StackManager.
Terminate current event processing.
G4TrajectoryDrawByCharge drawer named drawByCharge-0, drawing trajectory with charge, 0
, with configuration:
Name:                       default
Line colour                 (0,1,0,1) (green)
Draw line ?                 1
Line visibile ?             1
Draw auxiliary points ?     0
Auxiliary points type       2
Auxiliary points size       2
Auxiliary points fill style 2
Auxiliary points colour     (1,0,1,1) (magenta)
Auxiliary points visible ?  1
Draw step points ?          1
Step points type            1
Step points size            6
Step points fill style      2
Step points colour          (1,1,0,1) (yellow)
Step points visible ?       1
Time slice interval         0 ps 
G4TrajectoryDrawByCharge drawer named drawByCharge-0, drawing trajectory with charge, -1
, with configuration:
Name:                       default
Line colour                 (1,0,0,1) (red)
Draw line ?                 1
Line visibile ?             1
Draw auxiliary points ?     0
Auxiliary points type       2
Auxiliary points size       2
Auxiliary points fill style 2
Auxiliary points colour     (1,0,1,1) (magenta)
Auxiliary points visible ?  1
Draw step points ?          1
Step points type            1
Step points size            6
Step points fill style      2
Step points colour          (1,1,0,1) (yellow)
Step points visible ?       1
Time slice interval         0 ps 
 Run terminated.
Run Summary
  Number of events processed : 1
  User=0.010000s Real=0.013796s Sys=0.010000s
... write file : output.root - done
... close file : output.root - done
... delete empty file : output.root - done
(Debug: RunAction.cc) End of run OK!
(Debug: RunAction) Simulation finished!
(Debug: RunAction.cc) Time: Tue Jun 10 07:48:58 2025


--------- Ranecu engine status ---------
 Initial seed (index) = 0
 Current couple of seeds = 1646371580, 1607165409
----------------------------------------
(Debug: DMPX_G_factor.cc) Now shooting...

========= Table of registered couples ============================

Index : 0     used in the geometry : Yes
 Material : G4_Galactic
 Range cuts        :  gamma  10 um     e-  10 um     e+  10 um  proton 10 um 
 Energy thresholds :  gamma  1 eV     e-  1 eV     e+  1 eV  proton 1 keV
 Region(s) which use this couple : 
    DefaultRegionForTheWorld

Index : 1     used in the geometry : Yes
 Material : G4_Be
 Range cuts        :  gamma  10 um     e-  10 um     e+  10 um  proton 10 um 
 Energy thresholds :  gamma  1 eV     e-  27.99880253708374 keV    e+  27.4516030064588 keV proton 1 keV
 Region(s) which use this couple : 
    DefaultRegionForTheWorld

Index : 2     used in the geometry : Yes
 Material : KrCH4_90_10
 Range cuts        :  gamma  1 um     e-  1 um     e+  1 um  proton 0 fm 
 Energy thresholds :  gamma  1 eV     e-  1 eV     e+  1 eV  proton 0 eV 
 Region(s) which use this couple : 
    GasAndAnodesRegion

Index : 3     used in the geometry : Yes
 Material : G4_Au
 Range cuts        :  gamma  1 um     e-  1 um     e+  1 um  proton 0 fm 
 Energy thresholds :  gamma  1.721899238082278 keV    e-  14.26982100189901 keV    e+  13.91637606042289 keV proton 0 eV 
 Region(s) which use this couple : 
    GasAndAnodesRegion

==================================================================

### Run 19 starts.

--------- Ranecu engine status ---------
 Initial seed (index) = 0
 Current couple of seeds = 1646371580, 1607165409
----------------------------------------
(Debug: RunAction.cc) Starting run 19
(Debug: RunAction.cc) Time: Tue Jun 10 07:48:58 2025

... create file : output.root - done
... open analysis file : output.root - done
... open analysis file : output.root - done
=====================================
  G4EventManager::ProcessOneEvent()  
=====================================
(Debug: GasBoxSD.cc) GasBoxSD Intialized!
(Debug: EventAction.cc) Beginning of event 20
(Debug: EventAction.cc) The primary vertex is: 102.27
(Debug: EventAction.cc) Primary particle energy: 5 keV
G4PrimaryTransformer::PrimaryVertex (24.40515161642944(mm),102.27(mm),1.733596895902442(mm),0(nsec))
1 primary tracks are passed to the stack.
!!!!!!! Now start processing an event !!!!!!!

*********************************************************************************************************
* G4Track Information:   Particle = gamma,   Track ID = 1,   Parent ID = 0
*********************************************************************************************************

Step#    X(mm)    Y(mm)    Z(mm) KinE(MeV)  dE(MeV) StepLeng TrackLeng  NextVolume ProcName
    0     24.4      102     1.73     0.005        0        0         0 WorldPhysical initStep
    1    -4.61      2.5     1.73     0.005        0      104       104 physCathode1Up Transportation
    2    -4.62     2.44     1.73         0 0.000115   0.0582       104 physCathode1Up phot
Track (trackID 1, parentID 0) is processed with stopping code 2

*********************************************************************************************************
* G4Track Information:   Particle = e-,   Track ID = 2,   Parent ID = 1
*********************************************************************************************************

Step#    X(mm)    Y(mm)    Z(mm) KinE(MeV)  dE(MeV) StepLeng TrackLeng  NextVolume ProcName
    0    -4.62     2.44     1.73   0.00489        0        0         0 physCathode1Up initStep
    1    -4.62     2.44     1.73   0.00461 0.000271 3.55e-05  3.55e-05 physCathode1Up msc
    2    -4.62     2.44     1.73         0  0.00461 0.000402  0.000437 physCathode1Up eIoni
Track (trackID 2, parentID 1) is processed with stopping code 2
NULL returned from G4StackManager.
Terminate current event processing.
G4TrajectoryDrawByCharge drawer named drawByCharge-0, drawing trajectory with charge, 0
, with configuration:
Name:                       default
Line colour                 (0,1,0,1) (green)
Draw line ?                 1
Line visibile ?             1
Draw auxiliary points ?     0
Auxiliary points type       2
Auxiliary points size       2
Auxiliary points fill style 2
Auxiliary points colour     (1,0,1,1) (magenta)
Auxiliary points visible ?  1
Draw step points ?          1
Step points type            1
Step points size            6
Step points fill style      2
Step points colour          (1,1,0,1) (yellow)
Step points visible ?       1
Time slice interval         0 ps 
G4TrajectoryDrawByCharge drawer named drawByCharge-0, drawing trajectory with charge, -1
, with configuration:
Name:                       default
Line colour                 (1,0,0,1) (red)
Draw line ?                 1
Line visibile ?             1
Draw auxiliary points ?     0
Auxiliary points type       2
Auxiliary points size       2
Auxiliary points fill style 2
Auxiliary points colour     (1,0,1,1) (magenta)
Auxiliary points visible ?  1
Draw step points ?          1
Step points type            1
Step points size            6
Step points fill style      2
Step points colour          (1,1,0,1) (yellow)
Step points visible ?       1
Time slice interval         0 ps 
 Run terminated.
Run Summary
  Number of events processed : 1
  User=0.000000s Real=0.006855s Sys=0.000000s
... write file : output.root - done
... close file : output.root - done
... delete empty file : output.root - done
(Debug: RunAction.cc) End of run OK!
(Debug: RunAction) Simulation finished!
(Debug: RunAction.cc) Time: Tue Jun 10 07:48:58 2025


--------- Ranecu engine status ---------
 Initial seed (index) = 0
 Current couple of seeds = 1122620229, 1062476772
----------------------------------------
(Debug: DMPX_G_factor.cc) Now shooting...

========= Table of registered couples ============================

Index : 0     used in the geometry : Yes
 Material : G4_Galactic
 Range cuts        :  gamma  10 um     e-  10 um     e+  10 um  proton 10 um 
 Energy thresholds :  gamma  1 eV     e-  1 eV     e+  1 eV  proton 1 keV
 Region(s) which use this couple : 
    DefaultRegionForTheWorld

Index : 1     used in the geometry : Yes
 Material : G4_Be
 Range cuts        :  gamma  10 um     e-  10 um     e+  10 um  proton 10 um 
 Energy thresholds :  gamma  1 eV     e-  27.99880253708374 keV    e+  27.4516030064588 keV proton 1 keV
 Region(s) which use this couple : 
    DefaultRegionForTheWorld

Index : 2     used in the geometry : Yes
 Material : KrCH4_90_10
 Range cuts        :  gamma  1 um     e-  1 um     e+  1 um  proton 0 fm 
 Energy thresholds :  gamma  1 eV     e-  1 eV     e+  1 eV  proton 0 eV 
 Region(s) which use this couple : 
    GasAndAnodesRegion

Index : 3     used in the geometry : Yes
 Material : G4_Au
 Range cuts        :  gamma  1 um     e-  1 um     e+  1 um  proton 0 fm 
 Energy thresholds :  gamma  1.721899238082278 keV    e-  14.26982100189901 keV    e+  13.91637606042289 keV proton 0 eV 
 Region(s) which use this couple : 
    GasAndAnodesRegion

==================================================================

### Run 20 starts.

--------- Ranecu engine status ---------
 Initial seed (index) = 0
 Current couple of seeds = 1122620229, 1062476772
----------------------------------------
(Debug: RunAction.cc) Starting run 20
(Debug: RunAction.cc) Time: Tue Jun 10 07:48:58 2025

... create file : output.root - done
... open analysis file : output.root - done
... open analysis file : output.root - done
=====================================
  G4EventManager::ProcessOneEvent()  
=====================================
(Debug: GasBoxSD.cc) GasBoxSD Intialized!
(Debug: EventAction.cc) Beginning of event 21
(Debug: EventAction.cc) The primary vertex is: 102.27
(Debug: EventAction.cc) Primary particle energy: 5 keV
G4PrimaryTransformer::PrimaryVertex (27.19057154346795(mm),102.27(mm),1.611110451771863(mm),0(nsec))
1 primary tracks are passed to the stack.
!!!!!!! Now start processing an event !!!!!!!

*********************************************************************************************************
* G4Track Information:   Particle = gamma,   Track ID = 1,   Parent ID = 0
*********************************************************************************************************

Step#    X(mm)    Y(mm)    Z(mm) KinE(MeV)  dE(MeV) StepLeng TrackLeng  NextVolume ProcName
    0     27.2      102     1.61     0.005        0        0         0 WorldPhysical initStep
    1    -0.49      2.5     1.61     0.005        0      104       104 physCathode1Up Transportation
    2   -0.859     1.17     1.61         0 0.000115     1.38       105 physCathode1Up phot
Track (trackID 1, parentID 0) is processed with stopping code 2

*********************************************************************************************************
* G4Track Information:   Particle = e-,   Track ID = 2,   Parent ID = 1
*********************************************************************************************************

Step#    X(mm)    Y(mm)    Z(mm) KinE(MeV)  dE(MeV) StepLeng TrackLeng  NextVolume ProcName
    0   -0.859     1.17     1.61   0.00489        0        0         0 physCathode1Up initStep
    1   -0.859     1.17     1.61   0.00484  4.7e-05 3.55e-05  3.55e-05 physCathode1Up msc
    2    -0.86     1.17     1.61         0  0.00484 0.000436  0.000472 physCathode1Up eIoni
Track (trackID 2, parentID 1) is processed with stopping code 2
NULL returned from G4StackManager.
Terminate current event processing.
G4TrajectoryDrawByCharge drawer named drawByCharge-0, drawing trajectory with charge, 0
, with configuration:
Name:                       default
Line colour                 (0,1,0,1) (green)
Draw line ?                 1
Line visibile ?             1
Draw auxiliary points ?     0
Auxiliary points type       2
Auxiliary points size       2
Auxiliary points fill style 2
Auxiliary points colour     (1,0,1,1) (magenta)
Auxiliary points visible ?  1
Draw step points ?          1
Step points type            1
Step points size            6
Step points fill style      2
Step points colour          (1,1,0,1) (yellow)
Step points visible ?       1
Time slice interval         0 ps 
G4TrajectoryDrawByCharge drawer named drawByCharge-0, drawing trajectory with charge, -1
, with configuration:
Name:                       default
Line colour                 (1,0,0,1) (red)
Draw line ?                 1
Line visibile ?             1
Draw auxiliary points ?     0
Auxiliary points type       2
Auxiliary points size       2
Auxiliary points fill style 2
Auxiliary points colour     (1,0,1,1) (magenta)
Auxiliary points visible ?  1
Draw step points ?          1
Step points type            1
Step points size            6
Step points fill style      2
Step points colour          (1,1,0,1) (yellow)
Step points visible ?       1
Time slice interval         0 ps 
 Run terminated.
Run Summary
  Number of events processed : 1
  User=0.000000s Real=0.006592s Sys=0.010000s
... write file : output.root - done
... close file : output.root - done
... delete empty file : output.root - done
(Debug: RunAction.cc) End of run OK!
(Debug: RunAction) Simulation finished!
(Debug: RunAction.cc) Time: Tue Jun 10 07:48:58 2025


--------- Ranecu engine status ---------
 Initial seed (index) = 0
 Current couple of seeds = 1401224808, 81749341
----------------------------------------
(Debug: DMPX_G_factor.cc) Now shooting...

========= Table of registered couples ============================

Index : 0     used in the geometry : Yes
 Material : G4_Galactic
 Range cuts        :  gamma  10 um     e-  10 um     e+  10 um  proton 10 um 
 Energy thresholds :  gamma  1 eV     e-  1 eV     e+  1 eV  proton 1 keV
 Region(s) which use this couple : 
    DefaultRegionForTheWorld

Index : 1     used in the geometry : Yes
 Material : G4_Be
 Range cuts        :  gamma  10 um     e-  10 um     e+  10 um  proton 10 um 
 Energy thresholds :  gamma  1 eV     e-  27.99880253708374 keV    e+  27.4516030064588 keV proton 1 keV
 Region(s) which use this couple : 
    DefaultRegionForTheWorld

Index : 2     used in the geometry : Yes
 Material : KrCH4_90_10
 Range cuts        :  gamma  1 um     e-  1 um     e+  1 um  proton 0 fm 
 Energy thresholds :  gamma  1 eV     e-  1 eV     e+  1 eV  proton 0 eV 
 Region(s) which use this couple : 
    GasAndAnodesRegion

Index : 3     used in the geometry : Yes
 Material : G4_Au
 Range cuts        :  gamma  1 um     e-  1 um     e+  1 um  proton 0 fm 
 Energy thresholds :  gamma  1.721899238082278 keV    e-  14.26982100189901 keV    e+  13.91637606042289 keV proton 0 eV 
 Region(s) which use this couple : 
    GasAndAnodesRegion

==================================================================

### Run 21 starts.

--------- Ranecu engine status ---------
 Initial seed (index) = 0
 Current couple of seeds = 1401224808, 81749341
----------------------------------------
(Debug: RunAction.cc) Starting run 21
(Debug: RunAction.cc) Time: Tue Jun 10 07:48:58 2025

... create file : output.root - done
... open analysis file : output.root - done
... open analysis file : output.root - done
=====================================
  G4EventManager::ProcessOneEvent()  
=====================================
(Debug: GasBoxSD.cc) GasBoxSD Intialized!
(Debug: EventAction.cc) Beginning of event 22
(Debug: EventAction.cc) The primary vertex is: 102.27
(Debug: EventAction.cc) Primary particle energy: 5 keV
G4PrimaryTransformer::PrimaryVertex (49.16606623156714(mm),102.27(mm),0.916184925344611(mm),0(nsec))
1 primary tracks are passed to the stack.
!!!!!!! Now start processing an event !!!!!!!

*********************************************************************************************************
* G4Track Information:   Particle = gamma,   Track ID = 1,   Parent ID = 0
*********************************************************************************************************

Step#    X(mm)    Y(mm)    Z(mm) KinE(MeV)  dE(MeV) StepLeng TrackLeng  NextVolume ProcName
    0     49.2      102    0.916     0.005        0        0         0 WorldPhysical initStep
    1       13      2.5    0.917     0.005        0      106       106 physCathode1Up Transportation
    2     12.4    0.731    0.917         0 0.000115     1.88       108 physCathode1Up phot
Track (trackID 1, parentID 0) is processed with stopping code 2

*********************************************************************************************************
* G4Track Information:   Particle = e-,   Track ID = 2,   Parent ID = 1
*********************************************************************************************************

Step#    X(mm)    Y(mm)    Z(mm) KinE(MeV)  dE(MeV) StepLeng TrackLeng  NextVolume ProcName
    0     12.4    0.731    0.917   0.00489        0        0         0 physCathode1Up initStep
    1     12.4    0.731    0.917   0.00478 0.000104 3.55e-05  3.55e-05 physCathode1Up msc
    2     12.4    0.731    0.916         0  0.00478 0.000427  0.000463 physCathode1Up eIoni
Track (trackID 2, parentID 1) is processed with stopping code 2
NULL returned from G4StackManager.
Terminate current event processing.
G4TrajectoryDrawByCharge drawer named drawByCharge-0, drawing trajectory with charge, 0
, with configuration:
Name:                       default
Line colour                 (0,1,0,1) (green)
Draw line ?                 1
Line visibile ?             1
Draw auxiliary points ?     0
Auxiliary points type       2
Auxiliary points size       2
Auxiliary points fill style 2
Auxiliary points colour     (1,0,1,1) (magenta)
Auxiliary points visible ?  1
Draw step points ?          1
Step points type            1
Step points size            6
Step points fill style      2
Step points colour          (1,1,0,1) (yellow)
Step points visible ?       1
Time slice interval         0 ps 
G4TrajectoryDrawByCharge drawer named drawByCharge-0, drawing trajectory with charge, -1
, with configuration:
Name:                       default
Line colour                 (1,0,0,1) (red)
Draw line ?                 1
Line visibile ?             1
Draw auxiliary points ?     0
Auxiliary points type       2
Auxiliary points size       2
Auxiliary points fill style 2
Auxiliary points colour     (1,0,1,1) (magenta)
Auxiliary points visible ?  1
Draw step points ?          1
Step points type            1
Step points size            6
Step points fill style      2
Step points colour          (1,1,0,1) (yellow)
Step points visible ?       1
Time slice interval         0 ps 
 Run terminated.
Run Summary
  Number of events processed : 1
  User=0.010000s Real=0.006254s Sys=0.000000s
... write file : output.root - done
... close file : output.root - done
... delete empty file : output.root - done
(Debug: RunAction.cc) End of run OK!
(Debug: RunAction) Simulation finished!
(Debug: RunAction.cc) Time: Tue Jun 10 07:48:58 2025


--------- Ranecu engine status ---------
 Initial seed (index) = 0
 Current couple of seeds = 219500763, 800670030
----------------------------------------
(Debug: DMPX_G_factor.cc) Now shooting...

========= Table of registered couples ============================

Index : 0     used in the geometry : Yes
 Material : G4_Galactic
 Range cuts        :  gamma  10 um     e-  10 um     e+  10 um  proton 10 um 
 Energy thresholds :  gamma  1 eV     e-  1 eV     e+  1 eV  proton 1 keV
 Region(s) which use this couple : 
    DefaultRegionForTheWorld

Index : 1     used in the geometry : Yes
 Material : G4_Be
 Range cuts        :  gamma  10 um     e-  10 um     e+  10 um  proton 10 um 
 Energy thresholds :  gamma  1 eV     e-  27.99880253708374 keV    e+  27.4516030064588 keV proton 1 keV
 Region(s) which use this couple : 
    DefaultRegionForTheWorld

Index : 2     used in the geometry : Yes
 Material : KrCH4_90_10
 Range cuts        :  gamma  1 um     e-  1 um     e+  1 um  proton 0 fm 
 Energy thresholds :  gamma  1 eV     e-  1 eV     e+  1 eV  proton 0 eV 
 Region(s) which use this couple : 
    GasAndAnodesRegion

Index : 3     used in the geometry : Yes
 Material : G4_Au
 Range cuts        :  gamma  1 um     e-  1 um     e+  1 um  proton 0 fm 
 Energy thresholds :  gamma  1.721899238082278 keV    e-  14.26982100189901 keV    e+  13.91637606042289 keV proton 0 eV 
 Region(s) which use this couple : 
    GasAndAnodesRegion

==================================================================

### Run 22 starts.

--------- Ranecu engine status ---------
 Initial seed (index) = 0
 Current couple of seeds = 219500763, 800670030
----------------------------------------
(Debug: RunAction.cc) Starting run 22
(Debug: RunAction.cc) Time: Tue Jun 10 07:48:58 2025

... create file : output.root - done
... open analysis file : output.root - done
... open analysis file : output.root - done
=====================================
  G4EventManager::ProcessOneEvent()  
=====================================
(Debug: GasBoxSD.cc) GasBoxSD Intialized!
(Debug: EventAction.cc) Beginning of event 23
(Debug: EventAction.cc) The primary vertex is: 102.27
(Debug: EventAction.cc) Primary particle energy: 5 keV
G4PrimaryTransformer::PrimaryVertex (30.06680292190969(mm),102.27(mm),-1.514977628526156(mm),0(nsec))
1 primary tracks are passed to the stack.
!!!!!!! Now start processing an event !!!!!!!

*********************************************************************************************************
* G4Track Information:   Particle = gamma,   Track ID = 1,   Parent ID = 0
*********************************************************************************************************

Step#    X(mm)    Y(mm)    Z(mm) KinE(MeV)  dE(MeV) StepLeng TrackLeng  NextVolume ProcName
    0     30.1      102    -1.51     0.005        0        0         0 WorldPhysical initStep
    1    -8.74      2.5    -1.51     0.005        0      107       107 physCathode1Up Transportation
    2    -9.05     1.72    -1.51         0 0.000115    0.839       108 physCathode1Up phot
Track (trackID 1, parentID 0) is processed with stopping code 2

*********************************************************************************************************
* G4Track Information:   Particle = e-,   Track ID = 2,   Parent ID = 1
*********************************************************************************************************

Step#    X(mm)    Y(mm)    Z(mm) KinE(MeV)  dE(MeV) StepLeng TrackLeng  NextVolume ProcName
    0    -9.05     1.72    -1.51   0.00489        0        0         0 physCathode1Up initStep
    1    -9.05     1.72    -1.51   0.00483 5.04e-05 3.55e-05  3.55e-05 physCathode1Up msc
    2    -9.05     1.72    -1.51         0  0.00483 0.000436  0.000471 physCathode1Up eIoni
Track (trackID 2, parentID 1) is processed with stopping code 2
NULL returned from G4StackManager.
Terminate current event processing.
G4TrajectoryDrawByCharge drawer named drawByCharge-0, drawing trajectory with charge, 0
, with configuration:
Name:                       default
Line colour                 (0,1,0,1) (green)
Draw line ?                 1
Line visibile ?             1
Draw auxiliary points ?     0
Auxiliary points type       2
Auxiliary points size       2
Auxiliary points fill style 2
Auxiliary points colour     (1,0,1,1) (magenta)
Auxiliary points visible ?  1
Draw step points ?          1
Step points type            1
Step points size            6
Step points fill style      2
Step points colour          (1,1,0,1) (yellow)
Step points visible ?       1
Time slice interval         0 ps 
G4TrajectoryDrawByCharge drawer named drawByCharge-0, drawing trajectory with charge, -1
, with configuration:
Name:                       default
Line colour                 (1,0,0,1) (red)
Draw line ?                 1
Line visibile ?             1
Draw auxiliary points ?     0
Auxiliary points type       2
Auxiliary points size       2
Auxiliary points fill style 2
Auxiliary points colour     (1,0,1,1) (magenta)
Auxiliary points visible ?  1
Draw step points ?          1
Step points type            1
Step points size            6
Step points fill style      2
Step points colour          (1,1,0,1) (yellow)
Step points visible ?       1
Time slice interval         0 ps 
 Run terminated.
Run Summary
  Number of events processed : 1
  User=0.010000s Real=0.005033s Sys=0.000000s
... write file : output.root - done
... close file : output.root - done
... delete empty file : output.root - done
(Debug: RunAction.cc) End of run OK!
(Debug: RunAction) Simulation finished!
(Debug: RunAction.cc) Time: Tue Jun 10 07:48:58 2025


--------- Ranecu engine status ---------
 Initial seed (index) = 0
 Current couple of seeds = 780522590, 1966748193
----------------------------------------
(Debug: DMPX_G_factor.cc) Now shooting...

========= Table of registered couples ============================

Index : 0     used in the geometry : Yes
 Material : G4_Galactic
 Range cuts        :  gamma  10 um     e-  10 um     e+  10 um  proton 10 um 
 Energy thresholds :  gamma  1 eV     e-  1 eV     e+  1 eV  proton 1 keV
 Region(s) which use this couple : 
    DefaultRegionForTheWorld

Index : 1     used in the geometry : Yes
 Material : G4_Be
 Range cuts        :  gamma  10 um     e-  10 um     e+  10 um  proton 10 um 
 Energy thresholds :  gamma  1 eV     e-  27.99880253708374 keV    e+  27.4516030064588 keV proton 1 keV
 Region(s) which use this couple : 
    DefaultRegionForTheWorld

Index : 2     used in the geometry : Yes
 Material : KrCH4_90_10
 Range cuts        :  gamma  1 um     e-  1 um     e+  1 um  proton 0 fm 
 Energy thresholds :  gamma  1 eV     e-  1 eV     e+  1 eV  proton 0 eV 
 Region(s) which use this couple : 
    GasAndAnodesRegion

Index : 3     used in the geometry : Yes
 Material : G4_Au
 Range cuts        :  gamma  1 um     e-  1 um     e+  1 um  proton 0 fm 
 Energy thresholds :  gamma  1.721899238082278 keV    e-  14.26982100189901 keV    e+  13.91637606042289 keV proton 0 eV 
 Region(s) which use this couple : 
    GasAndAnodesRegion

==================================================================

### Run 23 starts.

--------- Ranecu engine status ---------
 Initial seed (index) = 0
 Current couple of seeds = 780522590, 1966748193
----------------------------------------
(Debug: RunAction.cc) Starting run 23
(Debug: RunAction.cc) Time: Tue Jun 10 07:48:58 2025

... create file : output.root - done
... open analysis file : output.root - done
... open analysis file : output.root - done
=====================================
  G4EventManager::ProcessOneEvent()  
=====================================
(Debug: GasBoxSD.cc) GasBoxSD Intialized!
(Debug: EventAction.cc) Beginning of event 24
(Debug: EventAction.cc) The primary vertex is: 102.27
(Debug: EventAction.cc) Primary particle energy: 5 keV
G4PrimaryTransformer::PrimaryVertex (25.52372044676267(mm),102.27(mm),-0.5124970889325882(mm),0(nsec))
1 primary tracks are passed to the stack.
!!!!!!! Now start processing an event !!!!!!!

*********************************************************************************************************
* G4Track Information:   Particle = gamma,   Track ID = 1,   Parent ID = 0
*********************************************************************************************************

Step#    X(mm)    Y(mm)    Z(mm) KinE(MeV)  dE(MeV) StepLeng TrackLeng  NextVolume ProcName
    0     25.5      102   -0.512     0.005        0        0         0 WorldPhysical initStep
    1    -15.5      2.5   -0.512     0.005        0      108       108 physCathode1Up Transportation
    2    -15.5     2.36   -0.512         0 0.000115    0.151       108 physCathode1Up phot
Track (trackID 1, parentID 0) is processed with stopping code 2

*********************************************************************************************************
* G4Track Information:   Particle = e-,   Track ID = 2,   Parent ID = 1
*********************************************************************************************************

Step#    X(mm)    Y(mm)    Z(mm) KinE(MeV)  dE(MeV) StepLeng TrackLeng  NextVolume ProcName
    0    -15.5     2.36   -0.512   0.00489        0        0         0 physCathode1Up initStep
    1    -15.5     2.36   -0.512   0.00476 0.000129 3.55e-05  3.55e-05 physCathode1Up msc
    2    -15.5     2.36   -0.512         0  0.00476 0.000423  0.000459 physCathode1Up eIoni
Track (trackID 2, parentID 1) is processed with stopping code 2
NULL returned from G4StackManager.
Terminate current event processing.
G4TrajectoryDrawByCharge drawer named drawByCharge-0, drawing trajectory with charge, 0
, with configuration:
Name:                       default
Line colour                 (0,1,0,1) (green)
Draw line ?                 1
Line visibile ?             1
Draw auxiliary points ?     0
Auxiliary points type       2
Auxiliary points size       2
Auxiliary points fill style 2
Auxiliary points colour     (1,0,1,1) (magenta)
Auxiliary points visible ?  1
Draw step points ?          1
Step points type            1
Step points size            6
Step points fill style      2
Step points colour          (1,1,0,1) (yellow)
Step points visible ?       1
Time slice interval         0 ps 
G4TrajectoryDrawByCharge drawer named drawByCharge-0, drawing trajectory with charge, -1
, with configuration:
Name:                       default
Line colour                 (1,0,0,1) (red)
Draw line ?                 1
Line visibile ?             1
Draw auxiliary points ?     0
Auxiliary points type       2
Auxiliary points size       2
Auxiliary points fill style 2
Auxiliary points colour     (1,0,1,1) (magenta)
Auxiliary points visible ?  1
Draw step points ?          1
Step points type            1
Step points size            6
Step points fill style      2
Step points colour          (1,1,0,1) (yellow)
Step points visible ?       1
Time slice interval         0 ps 
 Run terminated.
Run Summary
  Number of events processed : 1
  User=0.000000s Real=0.004610s Sys=0.000000s
... write file : output.root - done
... close file : output.root - done
... delete empty file : output.root - done
(Debug: RunAction.cc) End of run OK!
(Debug: RunAction) Simulation finished!
(Debug: RunAction.cc) Time: Tue Jun 10 07:48:58 2025


--------- Ranecu engine status ---------
 Initial seed (index) = 0
 Current couple of seeds = 1324249014, 971158340
----------------------------------------
(Debug: DMPX_G_factor.cc) Now shooting...

========= Table of registered couples ============================

Index : 0     used in the geometry : Yes
 Material : G4_Galactic
 Range cuts        :  gamma  10 um     e-  10 um     e+  10 um  proton 10 um 
 Energy thresholds :  gamma  1 eV     e-  1 eV     e+  1 eV  proton 1 keV
 Region(s) which use this couple : 
    DefaultRegionForTheWorld

Index : 1     used in the geometry : Yes
 Material : G4_Be
 Range cuts        :  gamma  10 um     e-  10 um     e+  10 um  proton 10 um 
 Energy thresholds :  gamma  1 eV     e-  27.99880253708374 keV    e+  27.4516030064588 keV proton 1 keV
 Region(s) which use this couple : 
    DefaultRegionForTheWorld

Index : 2     used in the geometry : Yes
 Material : KrCH4_90_10
 Range cuts        :  gamma  1 um     e-  1 um     e+  1 um  proton 0 fm 
 Energy thresholds :  gamma  1 eV     e-  1 eV     e+  1 eV  proton 0 eV 
 Region(s) which use this couple : 
    GasAndAnodesRegion

Index : 3     used in the geometry : Yes
 Material : G4_Au
 Range cuts        :  gamma  1 um     e-  1 um     e+  1 um  proton 0 fm 
 Energy thresholds :  gamma  1.721899238082278 keV    e-  14.26982100189901 keV    e+  13.91637606042289 keV proton 0 eV 
 Region(s) which use this couple : 
    GasAndAnodesRegion

==================================================================

### Run 24 starts.

--------- Ranecu engine status ---------
 Initial seed (index) = 0
 Current couple of seeds = 1324249014, 971158340
----------------------------------------
(Debug: RunAction.cc) Starting run 24
(Debug: RunAction.cc) Time: Tue Jun 10 07:48:58 2025

... create file : output.root - done
... open analysis file : output.root - done
... open analysis file : output.root - done
=====================================
  G4EventManager::ProcessOneEvent()  
=====================================
(Debug: GasBoxSD.cc) GasBoxSD Intialized!
(Debug: EventAction.cc) Beginning of event 25
(Debug: EventAction.cc) The primary vertex is: 102.27
(Debug: EventAction.cc) Primary particle energy: 5 keV
G4PrimaryTransformer::PrimaryVertex (36.43597087254392(mm),102.27(mm),0.9507003727175518(mm),0(nsec))
1 primary tracks are passed to the stack.
!!!!!!! Now start processing an event !!!!!!!

*********************************************************************************************************
* G4Track Information:   Particle = gamma,   Track ID = 1,   Parent ID = 0
*********************************************************************************************************

Step#    X(mm)    Y(mm)    Z(mm) KinE(MeV)  dE(MeV) StepLeng TrackLeng  NextVolume ProcName
    0     36.4      102    0.951     0.005        0        0         0 WorldPhysical initStep
    1    -2.85      2.5    0.951     0.005        0      107       107 physCathode1Up Transportation
    2    -3.05     1.98    0.951         0 0.000115    0.554       108 physCathode1Up phot
Track (trackID 1, parentID 0) is processed with stopping code 2

*********************************************************************************************************
* G4Track Information:   Particle = e-,   Track ID = 2,   Parent ID = 1
*********************************************************************************************************

Step#    X(mm)    Y(mm)    Z(mm) KinE(MeV)  dE(MeV) StepLeng TrackLeng  NextVolume ProcName
    0    -3.05     1.98    0.951   0.00489        0        0         0 physCathode1Up initStep
    1    -3.05     1.98    0.951   0.00457  0.00031 3.55e-05  3.55e-05 physCathode1Up msc
    2    -3.05     1.98    0.951         0  0.00457 0.000396  0.000431 physCathode1Up eIoni
Track (trackID 2, parentID 1) is processed with stopping code 2
NULL returned from G4StackManager.
Terminate current event processing.
G4TrajectoryDrawByCharge drawer named drawByCharge-0, drawing trajectory with charge, 0
, with configuration:
Name:                       default
Line colour                 (0,1,0,1) (green)
Draw line ?                 1
Line visibile ?             1
Draw auxiliary points ?     0
Auxiliary points type       2
Auxiliary points size       2
Auxiliary points fill style 2
Auxiliary points colour     (1,0,1,1) (magenta)
Auxiliary points visible ?  1
Draw step points ?          1
Step points type            1
Step points size            6
Step points fill style      2
Step points colour          (1,1,0,1) (yellow)
Step points visible ?       1
Time slice interval         0 ps 
G4TrajectoryDrawByCharge drawer named drawByCharge-0, drawing trajectory with charge, -1
, with configuration:
Name:                       default
Line colour                 (1,0,0,1) (red)
Draw line ?                 1
Line visibile ?             1
Draw auxiliary points ?     0
Auxiliary points type       2
Auxiliary points size       2
Auxiliary points fill style 2
Auxiliary points colour     (1,0,1,1) (magenta)
Auxiliary points visible ?  1
Draw step points ?          1
Step points type            1
Step points size            6
Step points fill style      2
Step points colour          (1,1,0,1) (yellow)
Step points visible ?       1
Time slice interval         0 ps 
 Run terminated.
Run Summary
  Number of events processed : 1
  User=0.000000s Real=0.005639s Sys=0.000000s
... write file : output.root - done
... close file : output.root - done
... delete empty file : output.root - done
(Debug: RunAction.cc) End of run OK!
(Debug: RunAction) Simulation finished!
(Debug: RunAction.cc) Time: Tue Jun 10 07:48:58 2025


--------- Ranecu engine status ---------
 Initial seed (index) = 0
 Current couple of seeds = 1118966922, 1203514681
----------------------------------------
(Debug: DMPX_G_factor.cc) Now shooting...

========= Table of registered couples ============================

Index : 0     used in the geometry : Yes
 Material : G4_Galactic
 Range cuts        :  gamma  10 um     e-  10 um     e+  10 um  proton 10 um 
 Energy thresholds :  gamma  1 eV     e-  1 eV     e+  1 eV  proton 1 keV
 Region(s) which use this couple : 
    DefaultRegionForTheWorld

Index : 1     used in the geometry : Yes
 Material : G4_Be
 Range cuts        :  gamma  10 um     e-  10 um     e+  10 um  proton 10 um 
 Energy thresholds :  gamma  1 eV     e-  27.99880253708374 keV    e+  27.4516030064588 keV proton 1 keV
 Region(s) which use this couple : 
    DefaultRegionForTheWorld

Index : 2     used in the geometry : Yes
 Material : KrCH4_90_10
 Range cuts        :  gamma  1 um     e-  1 um     e+  1 um  proton 0 fm 
 Energy thresholds :  gamma  1 eV     e-  1 eV     e+  1 eV  proton 0 eV 
 Region(s) which use this couple : 
    GasAndAnodesRegion

Index : 3     used in the geometry : Yes
 Material : G4_Au
 Range cuts        :  gamma  1 um     e-  1 um     e+  1 um  proton 0 fm 
 Energy thresholds :  gamma  1.721899238082278 keV    e-  14.26982100189901 keV    e+  13.91637606042289 keV proton 0 eV 
 Region(s) which use this couple : 
    GasAndAnodesRegion

==================================================================

### Run 25 starts.

--------- Ranecu engine status ---------
 Initial seed (index) = 0
 Current couple of seeds = 1118966922, 1203514681
----------------------------------------
(Debug: RunAction.cc) Starting run 25
(Debug: RunAction.cc) Time: Tue Jun 10 07:48:58 2025

... create file : output.root - done
... open analysis file : output.root - done
... open analysis file : output.root - done
=====================================
  G4EventManager::ProcessOneEvent()  
=====================================
(Debug: GasBoxSD.cc) GasBoxSD Intialized!
(Debug: EventAction.cc) Beginning of event 26
(Debug: EventAction.cc) The primary vertex is: 102.27
(Debug: EventAction.cc) Primary particle energy: 5 keV
G4PrimaryTransformer::PrimaryVertex (40.51763651437878(mm),102.27(mm),0.1147637985322372(mm),0(nsec))
1 primary tracks are passed to the stack.
!!!!!!! Now start processing an event !!!!!!!

*********************************************************************************************************
* G4Track Information:   Particle = gamma,   Track ID = 1,   Parent ID = 0
*********************************************************************************************************

Step#    X(mm)    Y(mm)    Z(mm) KinE(MeV)  dE(MeV) StepLeng TrackLeng  NextVolume ProcName
    0     40.5      102    0.115     0.005        0        0         0 WorldPhysical initStep
    1     9.49      2.5    0.115     0.005        0      104       104 physCathode1Up Transportation
    2     8.93    0.694    0.115         0 9.32e-06     1.89       106 physCathode1Up phot
Track (trackID 1, parentID 0) is processed with stopping code 2

*********************************************************************************************************
* G4Track Information:   Particle = e-,   Track ID = 2,   Parent ID = 1
*********************************************************************************************************

Step#    X(mm)    Y(mm)    Z(mm) KinE(MeV)  dE(MeV) StepLeng TrackLeng  NextVolume ProcName
    0     8.93    0.694    0.115   0.00499        0        0         0 physCathode1Up initStep
    1     8.93    0.694    0.115   0.00493 6.09e-05 3.68e-05  3.68e-05 physCathode1Up msc
    2     8.93    0.694    0.115         0  0.00493 0.000451  0.000487 physCathode1Up eIoni
Track (trackID 2, parentID 1) is processed with stopping code 2
NULL returned from G4StackManager.
Terminate current event processing.
G4TrajectoryDrawByCharge drawer named drawByCharge-0, drawing trajectory with charge, 0
, with configuration:
Name:                       default
Line colour                 (0,1,0,1) (green)
Draw line ?                 1
Line visibile ?             1
Draw auxiliary points ?     0
Auxiliary points type       2
Auxiliary points size       2
Auxiliary points fill style 2
Auxiliary points colour     (1,0,1,1) (magenta)
Auxiliary points visible ?  1
Draw step points ?          1
Step points type            1
Step points size            6
Step points fill style      2
Step points colour          (1,1,0,1) (yellow)
Step points visible ?       1
Time slice interval         0 ps 
G4TrajectoryDrawByCharge drawer named drawByCharge-0, drawing trajectory with charge, -1
, with configuration:
Name:                       default
Line colour                 (1,0,0,1) (red)
Draw line ?                 1
Line visibile ?             1
Draw auxiliary points ?     0
Auxiliary points type       2
Auxiliary points size       2
Auxiliary points fill style 2
Auxiliary points colour     (1,0,1,1) (magenta)
Auxiliary points visible ?  1
Draw step points ?          1
Step points type            1
Step points size            6
Step points fill style      2
Step points colour          (1,1,0,1) (yellow)
Step points visible ?       1
Time slice interval         0 ps 
 Run terminated.
Run Summary
  Number of events processed : 1
  User=0.000000s Real=0.006153s Sys=0.000000s
... write file : output.root - done
... close file : output.root - done
... delete empty file : output.root - done
(Debug: RunAction.cc) End of run OK!
(Debug: RunAction) Simulation finished!
(Debug: RunAction.cc) Time: Tue Jun 10 07:48:58 2025


--------- Ranecu engine status ---------
 Initial seed (index) = 0
 Current couple of seeds = 1208577095, 1154348767
----------------------------------------
(Debug: DMPX_G_factor.cc) Now shooting...

========= Table of registered couples ============================

Index : 0     used in the geometry : Yes
 Material : G4_Galactic
 Range cuts        :  gamma  10 um     e-  10 um     e+  10 um  proton 10 um 
 Energy thresholds :  gamma  1 eV     e-  1 eV     e+  1 eV  proton 1 keV
 Region(s) which use this couple : 
    DefaultRegionForTheWorld

Index : 1     used in the geometry : Yes
 Material : G4_Be
 Range cuts        :  gamma  10 um     e-  10 um     e+  10 um  proton 10 um 
 Energy thresholds :  gamma  1 eV     e-  27.99880253708374 keV    e+  27.4516030064588 keV proton 1 keV
 Region(s) which use this couple : 
    DefaultRegionForTheWorld

Index : 2     used in the geometry : Yes
 Material : KrCH4_90_10
 Range cuts        :  gamma  1 um     e-  1 um     e+  1 um  proton 0 fm 
 Energy thresholds :  gamma  1 eV     e-  1 eV     e+  1 eV  proton 0 eV 
 Region(s) which use this couple : 
    GasAndAnodesRegion

Index : 3     used in the geometry : Yes
 Material : G4_Au
 Range cuts        :  gamma  1 um     e-  1 um     e+  1 um  proton 0 fm 
 Energy thresholds :  gamma  1.721899238082278 keV    e-  14.26982100189901 keV    e+  13.91637606042289 keV proton 0 eV 
 Region(s) which use this couple : 
    GasAndAnodesRegion

==================================================================

### Run 26 starts.

--------- Ranecu engine status ---------
 Initial seed (index) = 0
 Current couple of seeds = 1208577095, 1154348767
----------------------------------------
(Debug: RunAction.cc) Starting run 26
(Debug: RunAction.cc) Time: Tue Jun 10 07:48:58 2025

... create file : output.root - done
... open analysis file : output.root - done
... open analysis file : output.root - done
=====================================
  G4EventManager::ProcessOneEvent()  
=====================================
(Debug: GasBoxSD.cc) GasBoxSD Intialized!
(Debug: EventAction.cc) Beginning of event 27
(Debug: EventAction.cc) The primary vertex is: 102.27
(Debug: EventAction.cc) Primary particle energy: 5 keV
G4PrimaryTransformer::PrimaryVertex (50.52339907411111(mm),102.27(mm),-1.323031681969068(mm),0(nsec))
1 primary tracks are passed to the stack.
!!!!!!! Now start processing an event !!!!!!!

*********************************************************************************************************
* G4Track Information:   Particle = gamma,   Track ID = 1,   Parent ID = 0
*********************************************************************************************************

Step#    X(mm)    Y(mm)    Z(mm) KinE(MeV)  dE(MeV) StepLeng TrackLeng  NextVolume ProcName
    0     50.5      102    -1.32     0.005        0        0         0 WorldPhysical initStep
    1     9.09      2.5    -1.32     0.005        0      108       108 physCathode1Up Transportation
    2     8.64     1.42    -1.32         0 0.000115     1.17       109 physCathode1Up phot
Track (trackID 1, parentID 0) is processed with stopping code 2

*********************************************************************************************************
* G4Track Information:   Particle = e-,   Track ID = 2,   Parent ID = 1
*********************************************************************************************************

Step#    X(mm)    Y(mm)    Z(mm) KinE(MeV)  dE(MeV) StepLeng TrackLeng  NextVolume ProcName
    0     8.64     1.42    -1.32   0.00489        0        0         0 physCathode1Up initStep
    1     8.64     1.42    -1.32   0.00481 7.14e-05 3.55e-05  3.55e-05 physCathode1Up msc
    2     8.64     1.42    -1.32         0  0.00481 0.000432  0.000468 physCathode1Up eIoni
Track (trackID 2, parentID 1) is processed with stopping code 2
NULL returned from G4StackManager.
Terminate current event processing.
G4TrajectoryDrawByCharge drawer named drawByCharge-0, drawing trajectory with charge, 0
, with configuration:
Name:                       default
Line colour                 (0,1,0,1) (green)
Draw line ?                 1
Line visibile ?             1
Draw auxiliary points ?     0
Auxiliary points type       2
Auxiliary points size       2
Auxiliary points fill style 2
Auxiliary points colour     (1,0,1,1) (magenta)
Auxiliary points visible ?  1
Draw step points ?          1
Step points type            1
Step points size            6
Step points fill style      2
Step points colour          (1,1,0,1) (yellow)
Step points visible ?       1
Time slice interval         0 ps 
G4TrajectoryDrawByCharge drawer named drawByCharge-0, drawing trajectory with charge, -1
, with configuration:
Name:                       default
Line colour                 (1,0,0,1) (red)
Draw line ?                 1
Line visibile ?             1
Draw auxiliary points ?     0
Auxiliary points type       2
Auxiliary points size       2
Auxiliary points fill style 2
Auxiliary points colour     (1,0,1,1) (magenta)
Auxiliary points visible ?  1
Draw step points ?          1
Step points type            1
Step points size            6
Step points fill style      2
Step points colour          (1,1,0,1) (yellow)
Step points visible ?       1
Time slice interval         0 ps 
 Run terminated.
Run Summary
  Number of events processed : 1
  User=0.000000s Real=0.005782s Sys=0.010000s
... write file : output.root - done
... close file : output.root - done
... delete empty file : output.root - done
(Debug: RunAction.cc) End of run OK!
(Debug: RunAction) Simulation finished!
(Debug: RunAction.cc) Time: Tue Jun 10 07:48:58 2025


--------- Ranecu engine status ---------
 Initial seed (index) = 0
 Current couple of seeds = 539379447, 1583481996
----------------------------------------
(Debug: DMPX_G_factor.cc) Now shooting...

========= Table of registered couples ============================

Index : 0     used in the geometry : Yes
 Material : G4_Galactic
 Range cuts        :  gamma  10 um     e-  10 um     e+  10 um  proton 10 um 
 Energy thresholds :  gamma  1 eV     e-  1 eV     e+  1 eV  proton 1 keV
 Region(s) which use this couple : 
    DefaultRegionForTheWorld

Index : 1     used in the geometry : Yes
 Material : G4_Be
 Range cuts        :  gamma  10 um     e-  10 um     e+  10 um  proton 10 um 
 Energy thresholds :  gamma  1 eV     e-  27.99880253708374 keV    e+  27.4516030064588 keV proton 1 keV
 Region(s) which use this couple : 
    DefaultRegionForTheWorld

Index : 2     used in the geometry : Yes
 Material : KrCH4_90_10
 Range cuts        :  gamma  1 um     e-  1 um     e+  1 um  proton 0 fm 
 Energy thresholds :  gamma  1 eV     e-  1 eV     e+  1 eV  proton 0 eV 
 Region(s) which use this couple : 
    GasAndAnodesRegion

Index : 3     used in the geometry : Yes
 Material : G4_Au
 Range cuts        :  gamma  1 um     e-  1 um     e+  1 um  proton 0 fm 
 Energy thresholds :  gamma  1.721899238082278 keV    e-  14.26982100189901 keV    e+  13.91637606042289 keV proton 0 eV 
 Region(s) which use this couple : 
    GasAndAnodesRegion

==================================================================

### Run 27 starts.

--------- Ranecu engine status ---------
 Initial seed (index) = 0
 Current couple of seeds = 539379447, 1583481996
----------------------------------------
(Debug: RunAction.cc) Starting run 27
(Debug: RunAction.cc) Time: Tue Jun 10 07:48:58 2025

... create file : output.root - done
... open analysis file : output.root - done
... open analysis file : output.root - done
=====================================
  G4EventManager::ProcessOneEvent()  
=====================================
(Debug: GasBoxSD.cc) GasBoxSD Intialized!
(Debug: EventAction.cc) Beginning of event 28
(Debug: EventAction.cc) The primary vertex is: 102.27
(Debug: EventAction.cc) Primary particle energy: 5 keV
G4PrimaryTransformer::PrimaryVertex (30.91006413755051(mm),102.27(mm),-1.880703991288503(mm),0(nsec))
1 primary tracks are passed to the stack.
!!!!!!! Now start processing an event !!!!!!!

*********************************************************************************************************
* G4Track Information:   Particle = gamma,   Track ID = 1,   Parent ID = 0
*********************************************************************************************************

Step#    X(mm)    Y(mm)    Z(mm) KinE(MeV)  dE(MeV) StepLeng TrackLeng  NextVolume ProcName
    0     30.9      102    -1.88     0.005        0        0         0 WorldPhysical initStep
    1     1.92      2.5    -1.88     0.005        0      104       104 physCathode1Up Transportation
    2     1.71     1.78    -1.88         0 0.000115    0.745       105 physCathode1Up phot
Track (trackID 1, parentID 0) is processed with stopping code 2

*********************************************************************************************************
* G4Track Information:   Particle = e-,   Track ID = 2,   Parent ID = 1
*********************************************************************************************************

Step#    X(mm)    Y(mm)    Z(mm) KinE(MeV)  dE(MeV) StepLeng TrackLeng  NextVolume ProcName
    0     1.71     1.78    -1.88   0.00489        0        0         0 physCathode1Up initStep
    1     1.71     1.78    -1.88   0.00466  0.00022 3.55e-05  3.55e-05 physCathode1Up msc
    2     1.71     1.78    -1.88         0  0.00466 0.000409  0.000445 physCathode1Up eIoni
Track (trackID 2, parentID 1) is processed with stopping code 2
NULL returned from G4StackManager.
Terminate current event processing.
G4TrajectoryDrawByCharge drawer named drawByCharge-0, drawing trajectory with charge, 0
, with configuration:
Name:                       default
Line colour                 (0,1,0,1) (green)
Draw line ?                 1
Line visibile ?             1
Draw auxiliary points ?     0
Auxiliary points type       2
Auxiliary points size       2
Auxiliary points fill style 2
Auxiliary points colour     (1,0,1,1) (magenta)
Auxiliary points visible ?  1
Draw step points ?          1
Step points type            1
Step points size            6
Step points fill style      2
Step points colour          (1,1,0,1) (yellow)
Step points visible ?       1
Time slice interval         0 ps 
G4TrajectoryDrawByCharge drawer named drawByCharge-0, drawing trajectory with charge, -1
, with configuration:
Name:                       default
Line colour                 (1,0,0,1) (red)
Draw line ?                 1
Line visibile ?             1
Draw auxiliary points ?     0
Auxiliary points type       2
Auxiliary points size       2
Auxiliary points fill style 2
Auxiliary points colour     (1,0,1,1) (magenta)
Auxiliary points visible ?  1
Draw step points ?          1
Step points type            1
Step points size            6
Step points fill style      2
Step points colour          (1,1,0,1) (yellow)
Step points visible ?       1
Time slice interval         0 ps 
 Run terminated.
Run Summary
  Number of events processed : 1
  User=0.010000s Real=0.005248s Sys=0.000000s
... write file : output.root - done
... close file : output.root - done
... delete empty file : output.root - done
(Debug: RunAction.cc) End of run OK!
(Debug: RunAction) Simulation finished!
(Debug: RunAction.cc) Time: Tue Jun 10 07:48:58 2025


--------- Ranecu engine status ---------
 Initial seed (index) = 0
 Current couple of seeds = 1488199020, 1740106878
----------------------------------------
(Debug: DMPX_G_factor.cc) Now shooting...

========= Table of registered couples ============================

Index : 0     used in the geometry : Yes
 Material : G4_Galactic
 Range cuts        :  gamma  10 um     e-  10 um     e+  10 um  proton 10 um 
 Energy thresholds :  gamma  1 eV     e-  1 eV     e+  1 eV  proton 1 keV
 Region(s) which use this couple : 
    DefaultRegionForTheWorld

Index : 1     used in the geometry : Yes
 Material : G4_Be
 Range cuts        :  gamma  10 um     e-  10 um     e+  10 um  proton 10 um 
 Energy thresholds :  gamma  1 eV     e-  27.99880253708374 keV    e+  27.4516030064588 keV proton 1 keV
 Region(s) which use this couple : 
    DefaultRegionForTheWorld

Index : 2     used in the geometry : Yes
 Material : KrCH4_90_10
 Range cuts        :  gamma  1 um     e-  1 um     e+  1 um  proton 0 fm 
 Energy thresholds :  gamma  1 eV     e-  1 eV     e+  1 eV  proton 0 eV 
 Region(s) which use this couple : 
    GasAndAnodesRegion

Index : 3     used in the geometry : Yes
 Material : G4_Au
 Range cuts        :  gamma  1 um     e-  1 um     e+  1 um  proton 0 fm 
 Energy thresholds :  gamma  1.721899238082278 keV    e-  14.26982100189901 keV    e+  13.91637606042289 keV proton 0 eV 
 Region(s) which use this couple : 
    GasAndAnodesRegion

==================================================================

### Run 28 starts.

--------- Ranecu engine status ---------
 Initial seed (index) = 0
 Current couple of seeds = 1488199020, 1740106878
----------------------------------------
(Debug: RunAction.cc) Starting run 28
(Debug: RunAction.cc) Time: Tue Jun 10 07:48:58 2025

... create file : output.root - done
... open analysis file : output.root - done
... open analysis file : output.root - done
=====================================
  G4EventManager::ProcessOneEvent()  
=====================================
(Debug: GasBoxSD.cc) GasBoxSD Intialized!
(Debug: EventAction.cc) Beginning of event 29
(Debug: EventAction.cc) The primary vertex is: 102.27
(Debug: EventAction.cc) Primary particle energy: 5 keV
G4PrimaryTransformer::PrimaryVertex (45.65541901955741(mm),102.27(mm),-1.150627801485682(mm),0(nsec))
1 primary tracks are passed to the stack.
!!!!!!! Now start processing an event !!!!!!!

*********************************************************************************************************
* G4Track Information:   Particle = gamma,   Track ID = 1,   Parent ID = 0
*********************************************************************************************************

Step#    X(mm)    Y(mm)    Z(mm) KinE(MeV)  dE(MeV) StepLeng TrackLeng  NextVolume ProcName
    0     45.7      102    -1.15     0.005        0        0         0 WorldPhysical initStep
    1     14.9      2.5    -1.15     0.005        0      104       104 physCathode1Up Transportation
    2     14.6      1.5    -1.15         0 0.000115     1.05       105 physCathode1Up phot
Track (trackID 1, parentID 0) is processed with stopping code 2

*********************************************************************************************************
* G4Track Information:   Particle = e-,   Track ID = 2,   Parent ID = 1
*********************************************************************************************************

Step#    X(mm)    Y(mm)    Z(mm) KinE(MeV)  dE(MeV) StepLeng TrackLeng  NextVolume ProcName
    0     14.6      1.5    -1.15   0.00489        0        0         0 physCathode1Up initStep
    1     14.6      1.5    -1.15   0.00481 7.99e-05 3.55e-05  3.55e-05 physCathode1Up msc
    2     14.6      1.5    -1.15         0  0.00481 0.000431  0.000466 physCathode1Up eIoni
Track (trackID 2, parentID 1) is processed with stopping code 2
NULL returned from G4StackManager.
Terminate current event processing.
G4TrajectoryDrawByCharge drawer named drawByCharge-0, drawing trajectory with charge, 0
, with configuration:
Name:                       default
Line colour                 (0,1,0,1) (green)
Draw line ?                 1
Line visibile ?             1
Draw auxiliary points ?     0
Auxiliary points type       2
Auxiliary points size       2
Auxiliary points fill style 2
Auxiliary points colour     (1,0,1,1) (magenta)
Auxiliary points visible ?  1
Draw step points ?          1
Step points type            1
Step points size            6
Step points fill style      2
Step points colour          (1,1,0,1) (yellow)
Step points visible ?       1
Time slice interval         0 ps 
G4TrajectoryDrawByCharge drawer named drawByCharge-0, drawing trajectory with charge, -1
, with configuration:
Name:                       default
Line colour                 (1,0,0,1) (red)
Draw line ?                 1
Line visibile ?             1
Draw auxiliary points ?     0
Auxiliary points type       2
Auxiliary points size       2
Auxiliary points fill style 2
Auxiliary points colour     (1,0,1,1) (magenta)
Auxiliary points visible ?  1
Draw step points ?          1
Step points type            1
Step points size            6
Step points fill style      2
Step points colour          (1,1,0,1) (yellow)
Step points visible ?       1
Time slice interval         0 ps 
 Run terminated.
Run Summary
  Number of events processed : 1
  User=0.000000s Real=0.006951s Sys=0.010000s
... write file : output.root - done
... close file : output.root - done
... delete empty file : output.root - done
(Debug: RunAction.cc) End of run OK!
(Debug: RunAction) Simulation finished!
(Debug: RunAction.cc) Time: Tue Jun 10 07:48:58 2025


--------- Ranecu engine status ---------
 Initial seed (index) = 0
 Current couple of seeds = 541058852, 1018851576
----------------------------------------
(Debug: DMPX_G_factor.cc) Now shooting...

========= Table of registered couples ============================

Index : 0     used in the geometry : Yes
 Material : G4_Galactic
 Range cuts        :  gamma  10 um     e-  10 um     e+  10 um  proton 10 um 
 Energy thresholds :  gamma  1 eV     e-  1 eV     e+  1 eV  proton 1 keV
 Region(s) which use this couple : 
    DefaultRegionForTheWorld

Index : 1     used in the geometry : Yes
 Material : G4_Be
 Range cuts        :  gamma  10 um     e-  10 um     e+  10 um  proton 10 um 
 Energy thresholds :  gamma  1 eV     e-  27.99880253708374 keV    e+  27.4516030064588 keV proton 1 keV
 Region(s) which use this couple : 
    DefaultRegionForTheWorld

Index : 2     used in the geometry : Yes
 Material : KrCH4_90_10
 Range cuts        :  gamma  1 um     e-  1 um     e+  1 um  proton 0 fm 
 Energy thresholds :  gamma  1 eV     e-  1 eV     e+  1 eV  proton 0 eV 
 Region(s) which use this couple : 
    GasAndAnodesRegion

Index : 3     used in the geometry : Yes
 Material : G4_Au
 Range cuts        :  gamma  1 um     e-  1 um     e+  1 um  proton 0 fm 
 Energy thresholds :  gamma  1.721899238082278 keV    e-  14.26982100189901 keV    e+  13.91637606042289 keV proton 0 eV 
 Region(s) which use this couple : 
    GasAndAnodesRegion

==================================================================

### Run 29 starts.

--------- Ranecu engine status ---------
 Initial seed (index) = 0
 Current couple of seeds = 541058852, 1018851576
----------------------------------------
(Debug: RunAction.cc) Starting run 29
(Debug: RunAction.cc) Time: Tue Jun 10 07:48:58 2025

... create file : output.root - done
... open analysis file : output.root - done
... open analysis file : output.root - done
=====================================
  G4EventManager::ProcessOneEvent()  
=====================================
(Debug: GasBoxSD.cc) GasBoxSD Intialized!
(Debug: EventAction.cc) Beginning of event 30
(Debug: EventAction.cc) The primary vertex is: 102.27
(Debug: EventAction.cc) Primary particle energy: 5 keV
G4PrimaryTransformer::PrimaryVertex (39.90504689090002(mm),102.27(mm),0.568047531626295(mm),0(nsec))
1 primary tracks are passed to the stack.
!!!!!!! Now start processing an event !!!!!!!

*********************************************************************************************************
* G4Track Information:   Particle = gamma,   Track ID = 1,   Parent ID = 0
*********************************************************************************************************

Step#    X(mm)    Y(mm)    Z(mm) KinE(MeV)  dE(MeV) StepLeng TrackLeng  NextVolume ProcName
    0     39.9      102    0.568     0.005        0        0         0 WorldPhysical initStep
    1    0.291      2.5    0.568     0.005        0      107       107 physCathode1Up Transportation
    2    0.158     2.16    0.568         0 0.000115    0.361       108 physCathode1Up phot
Track (trackID 1, parentID 0) is processed with stopping code 2

*********************************************************************************************************
* G4Track Information:   Particle = e-,   Track ID = 2,   Parent ID = 1
*********************************************************************************************************

Step#    X(mm)    Y(mm)    Z(mm) KinE(MeV)  dE(MeV) StepLeng TrackLeng  NextVolume ProcName
    0    0.158     2.16    0.568   0.00489        0        0         0 physCathode1Up initStep
    1    0.158     2.16    0.568   0.00475 0.000132 3.55e-05  3.55e-05 physCathode1Up msc
    2    0.158     2.16    0.568         0  0.00475 0.000423  0.000458 physCathode1Up eIoni
Track (trackID 2, parentID 1) is processed with stopping code 2
NULL returned from G4StackManager.
Terminate current event processing.
G4TrajectoryDrawByCharge drawer named drawByCharge-0, drawing trajectory with charge, 0
, with configuration:
Name:                       default
Line colour                 (0,1,0,1) (green)
Draw line ?                 1
Line visibile ?             1
Draw auxiliary points ?     0
Auxiliary points type       2
Auxiliary points size       2
Auxiliary points fill style 2
Auxiliary points colour     (1,0,1,1) (magenta)
Auxiliary points visible ?  1
Draw step points ?          1
Step points type            1
Step points size            6
Step points fill style      2
Step points colour          (1,1,0,1) (yellow)
Step points visible ?       1
Time slice interval         0 ps 
G4TrajectoryDrawByCharge drawer named drawByCharge-0, drawing trajectory with charge, -1
, with configuration:
Name:                       default
Line colour                 (1,0,0,1) (red)
Draw line ?                 1
Line visibile ?             1
Draw auxiliary points ?     0
Auxiliary points type       2
Auxiliary points size       2
Auxiliary points fill style 2
Auxiliary points colour     (1,0,1,1) (magenta)
Auxiliary points visible ?  1
Draw step points ?          1
Step points type            1
Step points size            6
Step points fill style      2
Step points colour          (1,1,0,1) (yellow)
Step points visible ?       1
Time slice interval         0 ps 
 Run terminated.
Run Summary
  Number of events processed : 1
  User=0.000000s Real=0.007103s Sys=0.000000s
... write file : output.root - done
... close file : output.root - done
... delete empty file : output.root - done
(Debug: RunAction.cc) End of run OK!
(Debug: RunAction) Simulation finished!
(Debug: RunAction.cc) Time: Tue Jun 10 07:48:58 2025


--------- Ranecu engine status ---------
 Initial seed (index) = 0
 Current couple of seeds = 613730542, 585907319
----------------------------------------
(Debug: DMPX_G_factor.cc) Now shooting...

========= Table of registered couples ============================

Index : 0     used in the geometry : Yes
 Material : G4_Galactic
 Range cuts        :  gamma  10 um     e-  10 um     e+  10 um  proton 10 um 
 Energy thresholds :  gamma  1 eV     e-  1 eV     e+  1 eV  proton 1 keV
 Region(s) which use this couple : 
    DefaultRegionForTheWorld

Index : 1     used in the geometry : Yes
 Material : G4_Be
 Range cuts        :  gamma  10 um     e-  10 um     e+  10 um  proton 10 um 
 Energy thresholds :  gamma  1 eV     e-  27.99880253708374 keV    e+  27.4516030064588 keV proton 1 keV
 Region(s) which use this couple : 
    DefaultRegionForTheWorld

Index : 2     used in the geometry : Yes
 Material : KrCH4_90_10
 Range cuts        :  gamma  1 um     e-  1 um     e+  1 um  proton 0 fm 
 Energy thresholds :  gamma  1 eV     e-  1 eV     e+  1 eV  proton 0 eV 
 Region(s) which use this couple : 
    GasAndAnodesRegion

Index : 3     used in the geometry : Yes
 Material : G4_Au
 Range cuts        :  gamma  1 um     e-  1 um     e+  1 um  proton 0 fm 
 Energy thresholds :  gamma  1.721899238082278 keV    e-  14.26982100189901 keV    e+  13.91637606042289 keV proton 0 eV 
 Region(s) which use this couple : 
    GasAndAnodesRegion

==================================================================

### Run 30 starts.

--------- Ranecu engine status ---------
 Initial seed (index) = 0
 Current couple of seeds = 613730542, 585907319
----------------------------------------
(Debug: RunAction.cc) Starting run 30
(Debug: RunAction.cc) Time: Tue Jun 10 07:48:58 2025

... create file : output.root - done
... open analysis file : output.root - done
... open analysis file : output.root - done
=====================================
  G4EventManager::ProcessOneEvent()  
=====================================
(Debug: GasBoxSD.cc) GasBoxSD Intialized!
(Debug: EventAction.cc) Beginning of event 31
(Debug: EventAction.cc) The primary vertex is: 102.27
(Debug: EventAction.cc) Primary particle energy: 5 keV
G4PrimaryTransformer::PrimaryVertex (34.4031607482117(mm),102.27(mm),-1.257337062167229(mm),0(nsec))
1 primary tracks are passed to the stack.
!!!!!!! Now start processing an event !!!!!!!

*********************************************************************************************************
* G4Track Information:   Particle = gamma,   Track ID = 1,   Parent ID = 0
*********************************************************************************************************

Step#    X(mm)    Y(mm)    Z(mm) KinE(MeV)  dE(MeV) StepLeng TrackLeng  NextVolume ProcName
    0     34.4      102    -1.26     0.005        0        0         0 WorldPhysical initStep
    1    -6.13      2.5    -1.26     0.005        0      108       108 physCathode1Up Transportation
    2    -6.53     1.53    -1.26         0 0.000115     1.05       109 physCathode1Up phot
Track (trackID 1, parentID 0) is processed with stopping code 2

*********************************************************************************************************
* G4Track Information:   Particle = e-,   Track ID = 2,   Parent ID = 1
*********************************************************************************************************

Step#    X(mm)    Y(mm)    Z(mm) KinE(MeV)  dE(MeV) StepLeng TrackLeng  NextVolume ProcName
    0    -6.53     1.53    -1.26   0.00489        0        0         0 physCathode1Up initStep
    1    -6.53     1.53    -1.26   0.00458 0.000306 3.55e-05  3.55e-05 physCathode1Up msc
    2    -6.53     1.53    -1.26         0  0.00458 0.000396  0.000432 physCathode1Up eIoni
Track (trackID 2, parentID 1) is processed with stopping code 2
NULL returned from G4StackManager.
Terminate current event processing.
G4TrajectoryDrawByCharge drawer named drawByCharge-0, drawing trajectory with charge, 0
, with configuration:
Name:                       default
Line colour                 (0,1,0,1) (green)
Draw line ?                 1
Line visibile ?             1
Draw auxiliary points ?     0
Auxiliary points type       2
Auxiliary points size       2
Auxiliary points fill style 2
Auxiliary points colour     (1,0,1,1) (magenta)
Auxiliary points visible ?  1
Draw step points ?          1
Step points type            1
Step points size            6
Step points fill style      2
Step points colour          (1,1,0,1) (yellow)
Step points visible ?       1
Time slice interval         0 ps 
G4TrajectoryDrawByCharge drawer named drawByCharge-0, drawing trajectory with charge, -1
, with configuration:
Name:                       default
Line colour                 (1,0,0,1) (red)
Draw line ?                 1
Line visibile ?             1
Draw auxiliary points ?     0
Auxiliary points type       2
Auxiliary points size       2
Auxiliary points fill style 2
Auxiliary points colour     (1,0,1,1) (magenta)
Auxiliary points visible ?  1
Draw step points ?          1
Step points type            1
Step points size            6
Step points fill style      2
Step points colour          (1,1,0,1) (yellow)
Step points visible ?       1
Time slice interval         0 ps 
 Run terminated.
Run Summary
  Number of events processed : 1
  User=0.010000s Real=0.005654s Sys=0.000000s
... write file : output.root - done
... close file : output.root - done
... delete empty file : output.root - done
(Debug: RunAction.cc) End of run OK!
(Debug: RunAction) Simulation finished!
(Debug: RunAction.cc) Time: Tue Jun 10 07:48:58 2025


--------- Ranecu engine status ---------
 Initial seed (index) = 0
 Current couple of seeds = 1121943912, 1068294164
----------------------------------------
(Debug: DMPX_G_factor.cc) Now shooting...

========= Table of registered couples ============================

Index : 0     used in the geometry : Yes
 Material : G4_Galactic
 Range cuts        :  gamma  10 um     e-  10 um     e+  10 um  proton 10 um 
 Energy thresholds :  gamma  1 eV     e-  1 eV     e+  1 eV  proton 1 keV
 Region(s) which use this couple : 
    DefaultRegionForTheWorld

Index : 1     used in the geometry : Yes
 Material : G4_Be
 Range cuts        :  gamma  10 um     e-  10 um     e+  10 um  proton 10 um 
 Energy thresholds :  gamma  1 eV     e-  27.99880253708374 keV    e+  27.4516030064588 keV proton 1 keV
 Region(s) which use this couple : 
    DefaultRegionForTheWorld

Index : 2     used in the geometry : Yes
 Material : KrCH4_90_10
 Range cuts        :  gamma  1 um     e-  1 um     e+  1 um  proton 0 fm 
 Energy thresholds :  gamma  1 eV     e-  1 eV     e+  1 eV  proton 0 eV 
 Region(s) which use this couple : 
    GasAndAnodesRegion

Index : 3     used in the geometry : Yes
 Material : G4_Au
 Range cuts        :  gamma  1 um     e-  1 um     e+  1 um  proton 0 fm 
 Energy thresholds :  gamma  1.721899238082278 keV    e-  14.26982100189901 keV    e+  13.91637606042289 keV proton 0 eV 
 Region(s) which use this couple : 
    GasAndAnodesRegion

==================================================================

### Run 31 starts.

--------- Ranecu engine status ---------
 Initial seed (index) = 0
 Current couple of seeds = 1121943912, 1068294164
----------------------------------------
(Debug: RunAction.cc) Starting run 31
(Debug: RunAction.cc) Time: Tue Jun 10 07:48:58 2025

... create file : output.root - done
... open analysis file : output.root - done
... open analysis file : output.root - done
=====================================
  G4EventManager::ProcessOneEvent()  
=====================================
(Debug: GasBoxSD.cc) GasBoxSD Intialized!
(Debug: EventAction.cc) Beginning of event 32
(Debug: EventAction.cc) The primary vertex is: 102.27
(Debug: EventAction.cc) Primary particle energy: 5 keV
G4PrimaryTransformer::PrimaryVertex (32.17775504165258(mm),102.27(mm),0.1416508014426694(mm),0(nsec))
1 primary tracks are passed to the stack.
!!!!!!! Now start processing an event !!!!!!!

*********************************************************************************************************
* G4Track Information:   Particle = gamma,   Track ID = 1,   Parent ID = 0
*********************************************************************************************************

Step#    X(mm)    Y(mm)    Z(mm) KinE(MeV)  dE(MeV) StepLeng TrackLeng  NextVolume ProcName
    0     32.2      102    0.142     0.005        0        0         0 WorldPhysical initStep
    1    -1.42      2.5    0.142     0.005        0      105       105 physCathode1Up Transportation
    2    -2.08    0.546    0.142         0 0.000115     2.06       107 physCathode1Up phot
Track (trackID 1, parentID 0) is processed with stopping code 2

*********************************************************************************************************
* G4Track Information:   Particle = e-,   Track ID = 2,   Parent ID = 1
*********************************************************************************************************

Step#    X(mm)    Y(mm)    Z(mm) KinE(MeV)  dE(MeV) StepLeng TrackLeng  NextVolume ProcName
    0    -2.08    0.546    0.142   0.00489        0        0         0 physCathode1Up initStep
    1    -2.08    0.545    0.142   0.00447 0.000414 3.55e-05  3.55e-05 physCathode1Up msc
    2    -2.08    0.545    0.142         0  0.00447  0.00038  0.000416 physCathode1Up eIoni
Track (trackID 2, parentID 1) is processed with stopping code 2
NULL returned from G4StackManager.
Terminate current event processing.
G4TrajectoryDrawByCharge drawer named drawByCharge-0, drawing trajectory with charge, 0
, with configuration:
Name:                       default
Line colour                 (0,1,0,1) (green)
Draw line ?                 1
Line visibile ?             1
Draw auxiliary points ?     0
Auxiliary points type       2
Auxiliary points size       2
Auxiliary points fill style 2
Auxiliary points colour     (1,0,1,1) (magenta)
Auxiliary points visible ?  1
Draw step points ?          1
Step points type            1
Step points size            6
Step points fill style      2
Step points colour          (1,1,0,1) (yellow)
Step points visible ?       1
Time slice interval         0 ps 
G4TrajectoryDrawByCharge drawer named drawByCharge-0, drawing trajectory with charge, -1
, with configuration:
Name:                       default
Line colour                 (1,0,0,1) (red)
Draw line ?                 1
Line visibile ?             1
Draw auxiliary points ?     0
Auxiliary points type       2
Auxiliary points size       2
Auxiliary points fill style 2
Auxiliary points colour     (1,0,1,1) (magenta)
Auxiliary points visible ?  1
Draw step points ?          1
Step points type            1
Step points size            6
Step points fill style      2
Step points colour          (1,1,0,1) (yellow)
Step points visible ?       1
Time slice interval         0 ps 
 Run terminated.
Run Summary
  Number of events processed : 1
  User=0.000000s Real=0.005271s Sys=0.000000s
... write file : output.root - done
... close file : output.root - done
... delete empty file : output.root - done
(Debug: RunAction.cc) End of run OK!
(Debug: RunAction) Simulation finished!
(Debug: RunAction.cc) Time: Tue Jun 10 07:48:58 2025


--------- Ranecu engine status ---------
 Initial seed (index) = 0
 Current couple of seeds = 903032752, 1158005789
----------------------------------------
(Debug: DMPX_G_factor.cc) Now shooting...

========= Table of registered couples ============================

Index : 0     used in the geometry : Yes
 Material : G4_Galactic
 Range cuts        :  gamma  10 um     e-  10 um     e+  10 um  proton 10 um 
 Energy thresholds :  gamma  1 eV     e-  1 eV     e+  1 eV  proton 1 keV
 Region(s) which use this couple : 
    DefaultRegionForTheWorld

Index : 1     used in the geometry : Yes
 Material : G4_Be
 Range cuts        :  gamma  10 um     e-  10 um     e+  10 um  proton 10 um 
 Energy thresholds :  gamma  1 eV     e-  27.99880253708374 keV    e+  27.4516030064588 keV proton 1 keV
 Region(s) which use this couple : 
    DefaultRegionForTheWorld

Index : 2     used in the geometry : Yes
 Material : KrCH4_90_10
 Range cuts        :  gamma  1 um     e-  1 um     e+  1 um  proton 0 fm 
 Energy thresholds :  gamma  1 eV     e-  1 eV     e+  1 eV  proton 0 eV 
 Region(s) which use this couple : 
    GasAndAnodesRegion

Index : 3     used in the geometry : Yes
 Material : G4_Au
 Range cuts        :  gamma  1 um     e-  1 um     e+  1 um  proton 0 fm 
 Energy thresholds :  gamma  1.721899238082278 keV    e-  14.26982100189901 keV    e+  13.91637606042289 keV proton 0 eV 
 Region(s) which use this couple : 
    GasAndAnodesRegion

==================================================================

### Run 32 starts.

--------- Ranecu engine status ---------
 Initial seed (index) = 0
 Current couple of seeds = 903032752, 1158005789
----------------------------------------
(Debug: RunAction.cc) Starting run 32
(Debug: RunAction.cc) Time: Tue Jun 10 07:48:58 2025

... create file : output.root - done
... open analysis file : output.root - done
... open analysis file : output.root - done
=====================================
  G4EventManager::ProcessOneEvent()  
=====================================
(Debug: GasBoxSD.cc) GasBoxSD Intialized!
(Debug: EventAction.cc) Beginning of event 33
(Debug: EventAction.cc) The primary vertex is: 102.27
(Debug: EventAction.cc) Primary particle energy: 5 keV
G4PrimaryTransformer::PrimaryVertex (35.67903012656701(mm),102.27(mm),-1.166186647536393(mm),0(nsec))
1 primary tracks are passed to the stack.
!!!!!!! Now start processing an event !!!!!!!

*********************************************************************************************************
* G4Track Information:   Particle = gamma,   Track ID = 1,   Parent ID = 0
*********************************************************************************************************

Step#    X(mm)    Y(mm)    Z(mm) KinE(MeV)  dE(MeV) StepLeng TrackLeng  NextVolume ProcName
    0     35.7      102    -1.17     0.005        0        0         0 WorldPhysical initStep
    1    -9.18      2.5    -1.17     0.005        0      109       109 physCathode1Up Transportation
    2     -9.3     2.24    -1.17         0 0.000115    0.284       110 physCathode1Up phot
Track (trackID 1, parentID 0) is processed with stopping code 2

*********************************************************************************************************
* G4Track Information:   Particle = e-,   Track ID = 2,   Parent ID = 1
*********************************************************************************************************

Step#    X(mm)    Y(mm)    Z(mm) KinE(MeV)  dE(MeV) StepLeng TrackLeng  NextVolume ProcName
    0     -9.3     2.24    -1.17   0.00489        0        0         0 physCathode1Up initStep
    1     -9.3     2.24    -1.17   0.00446 0.000425 3.55e-05  3.55e-05 physCathode1Up msc
    2     -9.3     2.24    -1.17         0  0.00446 0.000378  0.000414 physCathode1Up eIoni
Track (trackID 2, parentID 1) is processed with stopping code 2
NULL returned from G4StackManager.
Terminate current event processing.
G4TrajectoryDrawByCharge drawer named drawByCharge-0, drawing trajectory with charge, 0
, with configuration:
Name:                       default
Line colour                 (0,1,0,1) (green)
Draw line ?                 1
Line visibile ?             1
Draw auxiliary points ?     0
Auxiliary points type       2
Auxiliary points size       2
Auxiliary points fill style 2
Auxiliary points colour     (1,0,1,1) (magenta)
Auxiliary points visible ?  1
Draw step points ?          1
Step points type            1
Step points size            6
Step points fill style      2
Step points colour          (1,1,0,1) (yellow)
Step points visible ?       1
Time slice interval         0 ps 
G4TrajectoryDrawByCharge drawer named drawByCharge-0, drawing trajectory with charge, -1
, with configuration:
Name:                       default
Line colour                 (1,0,0,1) (red)
Draw line ?                 1
Line visibile ?             1
Draw auxiliary points ?     0
Auxiliary points type       2
Auxiliary points size       2
Auxiliary points fill style 2
Auxiliary points colour     (1,0,1,1) (magenta)
Auxiliary points visible ?  1
Draw step points ?          1
Step points type            1
Step points size            6
Step points fill style      2
Step points colour          (1,1,0,1) (yellow)
Step points visible ?       1
Time slice interval         0 ps 
 Run terminated.
Run Summary
  Number of events processed : 1
  User=0.000000s Real=0.005471s Sys=0.000000s
... write file : output.root - done
... close file : output.root - done
... delete empty file : output.root - done
(Debug: RunAction.cc) End of run OK!
(Debug: RunAction) Simulation finished!
(Debug: RunAction.cc) Time: Tue Jun 10 07:48:58 2025


--------- Ranecu engine status ---------
 Initial seed (index) = 0
 Current couple of seeds = 1081400443, 279882769
----------------------------------------
(Debug: DMPX_G_factor.cc) Now shooting...

========= Table of registered couples ============================

Index : 0     used in the geometry : Yes
 Material : G4_Galactic
 Range cuts        :  gamma  10 um     e-  10 um     e+  10 um  proton 10 um 
 Energy thresholds :  gamma  1 eV     e-  1 eV     e+  1 eV  proton 1 keV
 Region(s) which use this couple : 
    DefaultRegionForTheWorld

Index : 1     used in the geometry : Yes
 Material : G4_Be
 Range cuts        :  gamma  10 um     e-  10 um     e+  10 um  proton 10 um 
 Energy thresholds :  gamma  1 eV     e-  27.99880253708374 keV    e+  27.4516030064588 keV proton 1 keV
 Region(s) which use this couple : 
    DefaultRegionForTheWorld

Index : 2     used in the geometry : Yes
 Material : KrCH4_90_10
 Range cuts        :  gamma  1 um     e-  1 um     e+  1 um  proton 0 fm 
 Energy thresholds :  gamma  1 eV     e-  1 eV     e+  1 eV  proton 0 eV 
 Region(s) which use this couple : 
    GasAndAnodesRegion

Index : 3     used in the geometry : Yes
 Material : G4_Au
 Range cuts        :  gamma  1 um     e-  1 um     e+  1 um  proton 0 fm 
 Energy thresholds :  gamma  1.721899238082278 keV    e-  14.26982100189901 keV    e+  13.91637606042289 keV proton 0 eV 
 Region(s) which use this couple : 
    GasAndAnodesRegion

==================================================================

### Run 33 starts.

--------- Ranecu engine status ---------
 Initial seed (index) = 0
 Current couple of seeds = 1081400443, 279882769
----------------------------------------
(Debug: RunAction.cc) Starting run 33
(Debug: RunAction.cc) Time: Tue Jun 10 07:48:58 2025

... create file : output.root - done
... open analysis file : output.root - done
... open analysis file : output.root - done
=====================================
  G4EventManager::ProcessOneEvent()  
=====================================
(Debug: GasBoxSD.cc) GasBoxSD Intialized!
(Debug: EventAction.cc) Beginning of event 34
(Debug: EventAction.cc) The primary vertex is: 102.27
(Debug: EventAction.cc) Primary particle energy: 5 keV
G4PrimaryTransformer::PrimaryVertex (29.74294043767926(mm),102.27(mm),1.473996327688383(mm),0(nsec))
1 primary tracks are passed to the stack.
!!!!!!! Now start processing an event !!!!!!!

*********************************************************************************************************
* G4Track Information:   Particle = gamma,   Track ID = 1,   Parent ID = 0
*********************************************************************************************************

Step#    X(mm)    Y(mm)    Z(mm) KinE(MeV)  dE(MeV) StepLeng TrackLeng  NextVolume ProcName
    0     29.7      102     1.47     0.005        0        0         0 WorldPhysical initStep
    1    -12.5      2.5     1.47     0.005        0      108       108 physCathode1Up Transportation
    2    -12.8     1.81     1.47         0 0.000115    0.748       109 physCathode1Up phot
Track (trackID 1, parentID 0) is processed with stopping code 2

*********************************************************************************************************
* G4Track Information:   Particle = e-,   Track ID = 2,   Parent ID = 1
*********************************************************************************************************

Step#    X(mm)    Y(mm)    Z(mm) KinE(MeV)  dE(MeV) StepLeng TrackLeng  NextVolume ProcName
    0    -12.8     1.81     1.47   0.00489        0        0         0 physCathode1Up initStep
    1    -12.8     1.81     1.47   0.00479  9.8e-05 3.55e-05  3.55e-05 physCathode1Up msc
    2    -12.8     1.81     1.47         0  0.00479 0.000428  0.000464 physCathode1Up eIoni
Track (trackID 2, parentID 1) is processed with stopping code 2
NULL returned from G4StackManager.
Terminate current event processing.
G4TrajectoryDrawByCharge drawer named drawByCharge-0, drawing trajectory with charge, 0
, with configuration:
Name:                       default
Line colour                 (0,1,0,1) (green)
Draw line ?                 1
Line visibile ?             1
Draw auxiliary points ?     0
Auxiliary points type       2
Auxiliary points size       2
Auxiliary points fill style 2
Auxiliary points colour     (1,0,1,1) (magenta)
Auxiliary points visible ?  1
Draw step points ?          1
Step points type            1
Step points size            6
Step points fill style      2
Step points colour          (1,1,0,1) (yellow)
Step points visible ?       1
Time slice interval         0 ps 
G4TrajectoryDrawByCharge drawer named drawByCharge-0, drawing trajectory with charge, -1
, with configuration:
Name:                       default
Line colour                 (1,0,0,1) (red)
Draw line ?                 1
Line visibile ?             1
Draw auxiliary points ?     0
Auxiliary points type       2
Auxiliary points size       2
Auxiliary points fill style 2
Auxiliary points colour     (1,0,1,1) (magenta)
Auxiliary points visible ?  1
Draw step points ?          1
Step points type            1
Step points size            6
Step points fill style      2
Step points colour          (1,1,0,1) (yellow)
Step points visible ?       1
Time slice interval         0 ps 
 Run terminated.
Run Summary
  Number of events processed : 1
  User=0.000000s Real=0.004707s Sys=0.000000s
... write file : output.root - done
... close file : output.root - done
... delete empty file : output.root - done
(Debug: RunAction.cc) End of run OK!
(Debug: RunAction) Simulation finished!
(Debug: RunAction.cc) Time: Tue Jun 10 07:48:58 2025


--------- Ranecu engine status ---------
 Initial seed (index) = 0
 Current couple of seeds = 1691891410, 1067504249
----------------------------------------
(Debug: DMPX_G_factor.cc) Now shooting...

========= Table of registered couples ============================

Index : 0     used in the geometry : Yes
 Material : G4_Galactic
 Range cuts        :  gamma  10 um     e-  10 um     e+  10 um  proton 10 um 
 Energy thresholds :  gamma  1 eV     e-  1 eV     e+  1 eV  proton 1 keV
 Region(s) which use this couple : 
    DefaultRegionForTheWorld

Index : 1     used in the geometry : Yes
 Material : G4_Be
 Range cuts        :  gamma  10 um     e-  10 um     e+  10 um  proton 10 um 
 Energy thresholds :  gamma  1 eV     e-  27.99880253708374 keV    e+  27.4516030064588 keV proton 1 keV
 Region(s) which use this couple : 
    DefaultRegionForTheWorld

Index : 2     used in the geometry : Yes
 Material : KrCH4_90_10
 Range cuts        :  gamma  1 um     e-  1 um     e+  1 um  proton 0 fm 
 Energy thresholds :  gamma  1 eV     e-  1 eV     e+  1 eV  proton 0 eV 
 Region(s) which use this couple : 
    GasAndAnodesRegion

Index : 3     used in the geometry : Yes
 Material : G4_Au
 Range cuts        :  gamma  1 um     e-  1 um     e+  1 um  proton 0 fm 
 Energy thresholds :  gamma  1.721899238082278 keV    e-  14.26982100189901 keV    e+  13.91637606042289 keV proton 0 eV 
 Region(s) which use this couple : 
    GasAndAnodesRegion

==================================================================

### Run 34 starts.

--------- Ranecu engine status ---------
 Initial seed (index) = 0
 Current couple of seeds = 1691891410, 1067504249
----------------------------------------
(Debug: RunAction.cc) Starting run 34
(Debug: RunAction.cc) Time: Tue Jun 10 07:48:58 2025

... create file : output.root - done
... open analysis file : output.root - done
... open analysis file : output.root - done
=====================================
  G4EventManager::ProcessOneEvent()  
=====================================
(Debug: GasBoxSD.cc) GasBoxSD Intialized!
(Debug: EventAction.cc) Beginning of event 35
(Debug: EventAction.cc) The primary vertex is: 102.27
(Debug: EventAction.cc) Primary particle energy: 5 keV
G4PrimaryTransformer::PrimaryVertex (25.67781426028953(mm),102.27(mm),-1.520705523040473(mm),0(nsec))
1 primary tracks are passed to the stack.
!!!!!!! Now start processing an event !!!!!!!

*********************************************************************************************************
* G4Track Information:   Particle = gamma,   Track ID = 1,   Parent ID = 0
*********************************************************************************************************

Step#    X(mm)    Y(mm)    Z(mm) KinE(MeV)  dE(MeV) StepLeng TrackLeng  NextVolume ProcName
    0     25.7      102    -1.52     0.005        0        0         0 WorldPhysical initStep
    1    -10.1      2.5    -1.52     0.005        0      106       106 physCathode1Up Transportation
    2    -10.2     2.22    -1.52         0 0.000115    0.301       106 physCathode1Up phot
Track (trackID 1, parentID 0) is processed with stopping code 2

*********************************************************************************************************
* G4Track Information:   Particle = e-,   Track ID = 2,   Parent ID = 1
*********************************************************************************************************

Step#    X(mm)    Y(mm)    Z(mm) KinE(MeV)  dE(MeV) StepLeng TrackLeng  NextVolume ProcName
    0    -10.2     2.22    -1.52   0.00489        0        0         0 physCathode1Up initStep
    1    -10.2     2.22    -1.52   0.00446 0.000429 3.55e-05  3.55e-05 physCathode1Up msc
    2    -10.2     2.22    -1.52         0  0.00446 0.000378  0.000413 physCathode1Up eIoni
Track (trackID 2, parentID 1) is processed with stopping code 2
NULL returned from G4StackManager.
Terminate current event processing.
G4TrajectoryDrawByCharge drawer named drawByCharge-0, drawing trajectory with charge, 0
, with configuration:
Name:                       default
Line colour                 (0,1,0,1) (green)
Draw line ?                 1
Line visibile ?             1
Draw auxiliary points ?     0
Auxiliary points type       2
Auxiliary points size       2
Auxiliary points fill style 2
Auxiliary points colour     (1,0,1,1) (magenta)
Auxiliary points visible ?  1
Draw step points ?          1
Step points type            1
Step points size            6
Step points fill style      2
Step points colour          (1,1,0,1) (yellow)
Step points visible ?       1
Time slice interval         0 ps 
G4TrajectoryDrawByCharge drawer named drawByCharge-0, drawing trajectory with charge, -1
, with configuration:
Name:                       default
Line colour                 (1,0,0,1) (red)
Draw line ?                 1
Line visibile ?             1
Draw auxiliary points ?     0
Auxiliary points type       2
Auxiliary points size       2
Auxiliary points fill style 2
Auxiliary points colour     (1,0,1,1) (magenta)
Auxiliary points visible ?  1
Draw step points ?          1
Step points type            1
Step points size            6
Step points fill style      2
Step points colour          (1,1,0,1) (yellow)
Step points visible ?       1
Time slice interval         0 ps 
 Run terminated.
Run Summary
  Number of events processed : 1
  User=0.010000s Real=0.005063s Sys=0.010000s
... write file : output.root - done
... close file : output.root - done
... delete empty file : output.root - done
(Debug: RunAction.cc) End of run OK!
(Debug: RunAction) Simulation finished!
(Debug: RunAction.cc) Time: Tue Jun 10 07:48:58 2025


--------- Ranecu engine status ---------
 Initial seed (index) = 0
 Current couple of seeds = 1077457991, 936282923
----------------------------------------
(Debug: DMPX_G_factor.cc) Now shooting...

========= Table of registered couples ============================

Index : 0     used in the geometry : Yes
 Material : G4_Galactic
 Range cuts        :  gamma  10 um     e-  10 um     e+  10 um  proton 10 um 
 Energy thresholds :  gamma  1 eV     e-  1 eV     e+  1 eV  proton 1 keV
 Region(s) which use this couple : 
    DefaultRegionForTheWorld

Index : 1     used in the geometry : Yes
 Material : G4_Be
 Range cuts        :  gamma  10 um     e-  10 um     e+  10 um  proton 10 um 
 Energy thresholds :  gamma  1 eV     e-  27.99880253708374 keV    e+  27.4516030064588 keV proton 1 keV
 Region(s) which use this couple : 
    DefaultRegionForTheWorld

Index : 2     used in the geometry : Yes
 Material : KrCH4_90_10
 Range cuts        :  gamma  1 um     e-  1 um     e+  1 um  proton 0 fm 
 Energy thresholds :  gamma  1 eV     e-  1 eV     e+  1 eV  proton 0 eV 
 Region(s) which use this couple : 
    GasAndAnodesRegion

Index : 3     used in the geometry : Yes
 Material : G4_Au
 Range cuts        :  gamma  1 um     e-  1 um     e+  1 um  proton 0 fm 
 Energy thresholds :  gamma  1.721899238082278 keV    e-  14.26982100189901 keV    e+  13.91637606042289 keV proton 0 eV 
 Region(s) which use this couple : 
    GasAndAnodesRegion

==================================================================

### Run 35 starts.

--------- Ranecu engine status ---------
 Initial seed (index) = 0
 Current couple of seeds = 1077457991, 936282923
----------------------------------------
(Debug: RunAction.cc) Starting run 35
(Debug: RunAction.cc) Time: Tue Jun 10 07:48:58 2025

... create file : output.root - done
... open analysis file : output.root - done
... open analysis file : output.root - done
=====================================
  G4EventManager::ProcessOneEvent()  
=====================================
(Debug: GasBoxSD.cc) GasBoxSD Intialized!
(Debug: EventAction.cc) Beginning of event 36
(Debug: EventAction.cc) The primary vertex is: 102.27
(Debug: EventAction.cc) Primary particle energy: 5 keV
G4PrimaryTransformer::PrimaryVertex (48.23844107800969(mm),102.27(mm),1.092399777743517(mm),0(nsec))
1 primary tracks are passed to the stack.
!!!!!!! Now start processing an event !!!!!!!

*********************************************************************************************************
* G4Track Information:   Particle = gamma,   Track ID = 1,   Parent ID = 0
*********************************************************************************************************

Step#    X(mm)    Y(mm)    Z(mm) KinE(MeV)  dE(MeV) StepLeng TrackLeng  NextVolume ProcName
    0     48.2      102     1.09     0.005        0        0         0 WorldPhysical initStep
    1     8.93      2.5     1.09     0.005        0      107       107 physCathode1Up Transportation
    2     8.19    0.609     1.09         0 0.000115     2.03       109 physCathode1Up phot
Track (trackID 1, parentID 0) is processed with stopping code 2

*********************************************************************************************************
* G4Track Information:   Particle = e-,   Track ID = 2,   Parent ID = 1
*********************************************************************************************************

Step#    X(mm)    Y(mm)    Z(mm) KinE(MeV)  dE(MeV) StepLeng TrackLeng  NextVolume ProcName
    0     8.19    0.609     1.09   0.00489        0        0         0 physCathode1Up initStep
    1     8.19    0.609     1.09   0.00438  0.00051 3.55e-05  3.55e-05 physCathode1Up msc
    2     8.19    0.609     1.09         0  0.00438 0.000366  0.000402 physCathode1Up eIoni
Track (trackID 2, parentID 1) is processed with stopping code 2
NULL returned from G4StackManager.
Terminate current event processing.
G4TrajectoryDrawByCharge drawer named drawByCharge-0, drawing trajectory with charge, 0
, with configuration:
Name:                       default
Line colour                 (0,1,0,1) (green)
Draw line ?                 1
Line visibile ?             1
Draw auxiliary points ?     0
Auxiliary points type       2
Auxiliary points size       2
Auxiliary points fill style 2
Auxiliary points colour     (1,0,1,1) (magenta)
Auxiliary points visible ?  1
Draw step points ?          1
Step points type            1
Step points size            6
Step points fill style      2
Step points colour          (1,1,0,1) (yellow)
Step points visible ?       1
Time slice interval         0 ps 
G4TrajectoryDrawByCharge drawer named drawByCharge-0, drawing trajectory with charge, -1
, with configuration:
Name:                       default
Line colour                 (1,0,0,1) (red)
Draw line ?                 1
Line visibile ?             1
Draw auxiliary points ?     0
Auxiliary points type       2
Auxiliary points size       2
Auxiliary points fill style 2
Auxiliary points colour     (1,0,1,1) (magenta)
Auxiliary points visible ?  1
Draw step points ?          1
Step points type            1
Step points size            6
Step points fill style      2
Step points colour          (1,1,0,1) (yellow)
Step points visible ?       1
Time slice interval         0 ps 
 Run terminated.
Run Summary
  Number of events processed : 1
  User=0.000000s Real=0.005859s Sys=0.000000s
... write file : output.root - done
... close file : output.root - done
... delete empty file : output.root - done
(Debug: RunAction.cc) End of run OK!
(Debug: RunAction) Simulation finished!
(Debug: RunAction.cc) Time: Tue Jun 10 07:48:58 2025


--------- Ranecu engine status ---------
 Initial seed (index) = 0
 Current couple of seeds = 690588329, 448781656
----------------------------------------
(Debug: DMPX_G_factor.cc) Now shooting...

========= Table of registered couples ============================

Index : 0     used in the geometry : Yes
 Material : G4_Galactic
 Range cuts        :  gamma  10 um     e-  10 um     e+  10 um  proton 10 um 
 Energy thresholds :  gamma  1 eV     e-  1 eV     e+  1 eV  proton 1 keV
 Region(s) which use this couple : 
    DefaultRegionForTheWorld

Index : 1     used in the geometry : Yes
 Material : G4_Be
 Range cuts        :  gamma  10 um     e-  10 um     e+  10 um  proton 10 um 
 Energy thresholds :  gamma  1 eV     e-  27.99880253708374 keV    e+  27.4516030064588 keV proton 1 keV
 Region(s) which use this couple : 
    DefaultRegionForTheWorld

Index : 2     used in the geometry : Yes
 Material : KrCH4_90_10
 Range cuts        :  gamma  1 um     e-  1 um     e+  1 um  proton 0 fm 
 Energy thresholds :  gamma  1 eV     e-  1 eV     e+  1 eV  proton 0 eV 
 Region(s) which use this couple : 
    GasAndAnodesRegion

Index : 3     used in the geometry : Yes
 Material : G4_Au
 Range cuts        :  gamma  1 um     e-  1 um     e+  1 um  proton 0 fm 
 Energy thresholds :  gamma  1.721899238082278 keV    e-  14.26982100189901 keV    e+  13.91637606042289 keV proton 0 eV 
 Region(s) which use this couple : 
    GasAndAnodesRegion

==================================================================

### Run 36 starts.

--------- Ranecu engine status ---------
 Initial seed (index) = 0
 Current couple of seeds = 690588329, 448781656
----------------------------------------
(Debug: RunAction.cc) Starting run 36
(Debug: RunAction.cc) Time: Tue Jun 10 07:48:58 2025

... create file : output.root - done
... open analysis file : output.root - done
... open analysis file : output.root - done
=====================================
  G4EventManager::ProcessOneEvent()  
=====================================
(Debug: GasBoxSD.cc) GasBoxSD Intialized!
(Debug: EventAction.cc) Beginning of event 37
(Debug: EventAction.cc) The primary vertex is: 102.27
(Debug: EventAction.cc) Primary particle energy: 5 keV
G4PrimaryTransformer::PrimaryVertex (47.62750094320001(mm),102.27(mm),-0.5238686212092185(mm),0(nsec))
1 primary tracks are passed to the stack.
!!!!!!! Now start processing an event !!!!!!!

*********************************************************************************************************
* G4Track Information:   Particle = gamma,   Track ID = 1,   Parent ID = 0
*********************************************************************************************************

Step#    X(mm)    Y(mm)    Z(mm) KinE(MeV)  dE(MeV) StepLeng TrackLeng  NextVolume ProcName
    0     47.6      102   -0.524     0.005        0        0         0 WorldPhysical initStep
    1     6.74      2.5   -0.523     0.005        0      108       108 physCathode1Up Transportation
    2      6.6     2.15   -0.523         0 0.000115     0.38       108 physCathode1Up phot
Track (trackID 1, parentID 0) is processed with stopping code 2

*********************************************************************************************************
* G4Track Information:   Particle = e-,   Track ID = 2,   Parent ID = 1
*********************************************************************************************************

Step#    X(mm)    Y(mm)    Z(mm) KinE(MeV)  dE(MeV) StepLeng TrackLeng  NextVolume ProcName
    0      6.6     2.15   -0.523   0.00489        0        0         0 physCathode1Up initStep
    1      6.6     2.15   -0.523   0.00438 0.000508 3.55e-05  3.55e-05 physCathode1Up msc
    2      6.6     2.15   -0.523         0  0.00438 0.000366  0.000402 physCathode1Up eIoni
Track (trackID 2, parentID 1) is processed with stopping code 2
NULL returned from G4StackManager.
Terminate current event processing.
G4TrajectoryDrawByCharge drawer named drawByCharge-0, drawing trajectory with charge, 0
, with configuration:
Name:                       default
Line colour                 (0,1,0,1) (green)
Draw line ?                 1
Line visibile ?             1
Draw auxiliary points ?     0
Auxiliary points type       2
Auxiliary points size       2
Auxiliary points fill style 2
Auxiliary points colour     (1,0,1,1) (magenta)
Auxiliary points visible ?  1
Draw step points ?          1
Step points type            1
Step points size            6
Step points fill style      2
Step points colour          (1,1,0,1) (yellow)
Step points visible ?       1
Time slice interval         0 ps 
G4TrajectoryDrawByCharge drawer named drawByCharge-0, drawing trajectory with charge, -1
, with configuration:
Name:                       default
Line colour                 (1,0,0,1) (red)
Draw line ?                 1
Line visibile ?             1
Draw auxiliary points ?     0
Auxiliary points type       2
Auxiliary points size       2
Auxiliary points fill style 2
Auxiliary points colour     (1,0,1,1) (magenta)
Auxiliary points visible ?  1
Draw step points ?          1
Step points type            1
Step points size            6
Step points fill style      2
Step points colour          (1,1,0,1) (yellow)
Step points visible ?       1
Time slice interval         0 ps 
 Run terminated.
Run Summary
  Number of events processed : 1
  User=0.000000s Real=0.006617s Sys=0.000000s
... write file : output.root - done
... close file : output.root - done
... delete empty file : output.root - done
(Debug: RunAction.cc) End of run OK!
(Debug: RunAction) Simulation finished!
(Debug: RunAction.cc) Time: Tue Jun 10 07:48:58 2025


--------- Ranecu engine status ---------
 Initial seed (index) = 0
 Current couple of seeds = 1123945134, 979525507
----------------------------------------
(Debug: DMPX_G_factor.cc) Now shooting...

========= Table of registered couples ============================

Index : 0     used in the geometry : Yes
 Material : G4_Galactic
 Range cuts        :  gamma  10 um     e-  10 um     e+  10 um  proton 10 um 
 Energy thresholds :  gamma  1 eV     e-  1 eV     e+  1 eV  proton 1 keV
 Region(s) which use this couple : 
    DefaultRegionForTheWorld

Index : 1     used in the geometry : Yes
 Material : G4_Be
 Range cuts        :  gamma  10 um     e-  10 um     e+  10 um  proton 10 um 
 Energy thresholds :  gamma  1 eV     e-  27.99880253708374 keV    e+  27.4516030064588 keV proton 1 keV
 Region(s) which use this couple : 
    DefaultRegionForTheWorld

Index : 2     used in the geometry : Yes
 Material : KrCH4_90_10
 Range cuts        :  gamma  1 um     e-  1 um     e+  1 um  proton 0 fm 
 Energy thresholds :  gamma  1 eV     e-  1 eV     e+  1 eV  proton 0 eV 
 Region(s) which use this couple : 
    GasAndAnodesRegion

Index : 3     used in the geometry : Yes
 Material : G4_Au
 Range cuts        :  gamma  1 um     e-  1 um     e+  1 um  proton 0 fm 
 Energy thresholds :  gamma  1.721899238082278 keV    e-  14.26982100189901 keV    e+  13.91637606042289 keV proton 0 eV 
 Region(s) which use this couple : 
    GasAndAnodesRegion

==================================================================

### Run 37 starts.

--------- Ranecu engine status ---------
 Initial seed (index) = 0
 Current couple of seeds = 1123945134, 979525507
----------------------------------------
(Debug: RunAction.cc) Starting run 37
(Debug: RunAction.cc) Time: Tue Jun 10 07:48:58 2025

... create file : output.root - done
... open analysis file : output.root - done
... open analysis file : output.root - done
=====================================
  G4EventManager::ProcessOneEvent()  
=====================================
(Debug: GasBoxSD.cc) GasBoxSD Intialized!
(Debug: EventAction.cc) Beginning of event 38
(Debug: EventAction.cc) The primary vertex is: 102.27
(Debug: EventAction.cc) Primary particle energy: 5 keV
G4PrimaryTransformer::PrimaryVertex (42.33548721716402(mm),102.27(mm),0.9487984928407442(mm),0(nsec))
1 primary tracks are passed to the stack.
!!!!!!! Now start processing an event !!!!!!!

*********************************************************************************************************
* G4Track Information:   Particle = gamma,   Track ID = 1,   Parent ID = 0
*********************************************************************************************************

Step#    X(mm)    Y(mm)    Z(mm) KinE(MeV)  dE(MeV) StepLeng TrackLeng  NextVolume ProcName
    0     42.3      102    0.949     0.005        0        0         0 WorldPhysical initStep
    1    0.574      2.5    0.949     0.005        0      108       108 physCathode1Up Transportation
    2    0.546     2.43    0.949         0 0.000115   0.0714       108 physCathode1Up phot
Track (trackID 1, parentID 0) is processed with stopping code 2

*********************************************************************************************************
* G4Track Information:   Particle = e-,   Track ID = 2,   Parent ID = 1
*********************************************************************************************************

Step#    X(mm)    Y(mm)    Z(mm) KinE(MeV)  dE(MeV) StepLeng TrackLeng  NextVolume ProcName
    0    0.546     2.43    0.949   0.00489        0        0         0 physCathode1Up initStep
    1    0.546     2.43    0.949   0.00468  0.00021 3.55e-05  3.55e-05 physCathode1Up msc
    2    0.546     2.43    0.949         0  0.00468 0.000411  0.000446 physCathode1Up eIoni
Track (trackID 2, parentID 1) is processed with stopping code 2
NULL returned from G4StackManager.
Terminate current event processing.
G4TrajectoryDrawByCharge drawer named drawByCharge-0, drawing trajectory with charge, 0
, with configuration:
Name:                       default
Line colour                 (0,1,0,1) (green)
Draw line ?                 1
Line visibile ?             1
Draw auxiliary points ?     0
Auxiliary points type       2
Auxiliary points size       2
Auxiliary points fill style 2
Auxiliary points colour     (1,0,1,1) (magenta)
Auxiliary points visible ?  1
Draw step points ?          1
Step points type            1
Step points size            6
Step points fill style      2
Step points colour          (1,1,0,1) (yellow)
Step points visible ?       1
Time slice interval         0 ps 
G4TrajectoryDrawByCharge drawer named drawByCharge-0, drawing trajectory with charge, -1
, with configuration:
Name:                       default
Line colour                 (1,0,0,1) (red)
Draw line ?                 1
Line visibile ?             1
Draw auxiliary points ?     0
Auxiliary points type       2
Auxiliary points size       2
Auxiliary points fill style 2
Auxiliary points colour     (1,0,1,1) (magenta)
Auxiliary points visible ?  1
Draw step points ?          1
Step points type            1
Step points size            6
Step points fill style      2
Step points colour          (1,1,0,1) (yellow)
Step points visible ?       1
Time slice interval         0 ps 
 Run terminated.
Run Summary
  Number of events processed : 1
  User=0.000000s Real=0.008978s Sys=0.010000s
... write file : output.root - done
... close file : output.root - done
... delete empty file : output.root - done
(Debug: RunAction.cc) End of run OK!
(Debug: RunAction) Simulation finished!
(Debug: RunAction.cc) Time: Tue Jun 10 07:48:58 2025


--------- Ranecu engine status ---------
 Initial seed (index) = 0
 Current couple of seeds = 347382382, 1767746767
----------------------------------------
(Debug: DMPX_G_factor.cc) Now shooting...

========= Table of registered couples ============================

Index : 0     used in the geometry : Yes
 Material : G4_Galactic
 Range cuts        :  gamma  10 um     e-  10 um     e+  10 um  proton 10 um 
 Energy thresholds :  gamma  1 eV     e-  1 eV     e+  1 eV  proton 1 keV
 Region(s) which use this couple : 
    DefaultRegionForTheWorld

Index : 1     used in the geometry : Yes
 Material : G4_Be
 Range cuts        :  gamma  10 um     e-  10 um     e+  10 um  proton 10 um 
 Energy thresholds :  gamma  1 eV     e-  27.99880253708374 keV    e+  27.4516030064588 keV proton 1 keV
 Region(s) which use this couple : 
    DefaultRegionForTheWorld

Index : 2     used in the geometry : Yes
 Material : KrCH4_90_10
 Range cuts        :  gamma  1 um     e-  1 um     e+  1 um  proton 0 fm 
 Energy thresholds :  gamma  1 eV     e-  1 eV     e+  1 eV  proton 0 eV 
 Region(s) which use this couple : 
    GasAndAnodesRegion

Index : 3     used in the geometry : Yes
 Material : G4_Au
 Range cuts        :  gamma  1 um     e-  1 um     e+  1 um  proton 0 fm 
 Energy thresholds :  gamma  1.721899238082278 keV    e-  14.26982100189901 keV    e+  13.91637606042289 keV proton 0 eV 
 Region(s) which use this couple : 
    GasAndAnodesRegion

==================================================================

### Run 38 starts.

--------- Ranecu engine status ---------
 Initial seed (index) = 0
 Current couple of seeds = 347382382, 1767746767
----------------------------------------
(Debug: RunAction.cc) Starting run 38
(Debug: RunAction.cc) Time: Tue Jun 10 07:48:58 2025

... create file : output.root - done
... open analysis file : output.root - done
... open analysis file : output.root - done
=====================================
  G4EventManager::ProcessOneEvent()  
=====================================
(Debug: GasBoxSD.cc) GasBoxSD Intialized!
(Debug: EventAction.cc) Beginning of event 39
(Debug: EventAction.cc) The primary vertex is: 102.27
(Debug: EventAction.cc) Primary particle energy: 5 keV
G4PrimaryTransformer::PrimaryVertex (29.34703085883368(mm),102.27(mm),0.203033921194987(mm),0(nsec))
1 primary tracks are passed to the stack.
!!!!!!! Now start processing an event !!!!!!!

*********************************************************************************************************
* G4Track Information:   Particle = gamma,   Track ID = 1,   Parent ID = 0
*********************************************************************************************************

Step#    X(mm)    Y(mm)    Z(mm) KinE(MeV)  dE(MeV) StepLeng TrackLeng  NextVolume ProcName
    0     29.3      102    0.203     0.005        0        0         0 WorldPhysical initStep
    1    -4.33      2.5    0.203     0.005        0      105       105 physCathode1Up Transportation
    2       -5      0.5    0.203     0.005        0     2.11       107  physGasBox Transportation
    3    -5.34     -0.5    0.203     0.005        0     1.06       108 physCathode1Down Transportation
    4    -5.58    -1.21    0.203         0 0.000115    0.749       109 physCathode1Down phot
Track (trackID 1, parentID 0) is processed with stopping code 2

*********************************************************************************************************
* G4Track Information:   Particle = e-,   Track ID = 2,   Parent ID = 1
*********************************************************************************************************

Step#    X(mm)    Y(mm)    Z(mm) KinE(MeV)  dE(MeV) StepLeng TrackLeng  NextVolume ProcName
    0    -5.58    -1.21    0.203   0.00489        0        0         0 physCathode1Down initStep
    1    -5.58    -1.21    0.203   0.00453 0.000356 3.55e-05  3.55e-05 physCathode1Down msc
    2    -5.58    -1.21    0.203         0  0.00453 0.000389  0.000424 physCathode1Down eIoni
Track (trackID 2, parentID 1) is processed with stopping code 2
NULL returned from G4StackManager.
Terminate current event processing.
G4TrajectoryDrawByCharge drawer named drawByCharge-0, drawing trajectory with charge, 0
, with configuration:
Name:                       default
Line colour                 (0,1,0,1) (green)
Draw line ?                 1
Line visibile ?             1
Draw auxiliary points ?     0
Auxiliary points type       2
Auxiliary points size       2
Auxiliary points fill style 2
Auxiliary points colour     (1,0,1,1) (magenta)
Auxiliary points visible ?  1
Draw step points ?          1
Step points type            1
Step points size            6
Step points fill style      2
Step points colour          (1,1,0,1) (yellow)
Step points visible ?       1
Time slice interval         0 ps 
G4TrajectoryDrawByCharge drawer named drawByCharge-0, drawing trajectory with charge, -1
, with configuration:
Name:                       default
Line colour                 (1,0,0,1) (red)
Draw line ?                 1
Line visibile ?             1
Draw auxiliary points ?     0
Auxiliary points type       2
Auxiliary points size       2
Auxiliary points fill style 2
Auxiliary points colour     (1,0,1,1) (magenta)
Auxiliary points visible ?  1
Draw step points ?          1
Step points type            1
Step points size            6
Step points fill style      2
Step points colour          (1,1,0,1) (yellow)
Step points visible ?       1
Time slice interval         0 ps 
 Run terminated.
Run Summary
  Number of events processed : 1
  User=0.000000s Real=0.005609s Sys=0.000000s
... write file : output.root - done
... close file : output.root - done
... delete empty file : output.root - done
(Debug: RunAction.cc) End of run OK!
(Debug: RunAction) Simulation finished!
(Debug: RunAction.cc) Time: Tue Jun 10 07:48:59 2025


--------- Ranecu engine status ---------
 Initial seed (index) = 0
 Current couple of seeds = 686082748, 1270741585
----------------------------------------
(Debug: DMPX_G_factor.cc) Now shooting...

========= Table of registered couples ============================

Index : 0     used in the geometry : Yes
 Material : G4_Galactic
 Range cuts        :  gamma  10 um     e-  10 um     e+  10 um  proton 10 um 
 Energy thresholds :  gamma  1 eV     e-  1 eV     e+  1 eV  proton 1 keV
 Region(s) which use this couple : 
    DefaultRegionForTheWorld

Index : 1     used in the geometry : Yes
 Material : G4_Be
 Range cuts        :  gamma  10 um     e-  10 um     e+  10 um  proton 10 um 
 Energy thresholds :  gamma  1 eV     e-  27.99880253708374 keV    e+  27.4516030064588 keV proton 1 keV
 Region(s) which use this couple : 
    DefaultRegionForTheWorld

Index : 2     used in the geometry : Yes
 Material : KrCH4_90_10
 Range cuts        :  gamma  1 um     e-  1 um     e+  1 um  proton 0 fm 
 Energy thresholds :  gamma  1 eV     e-  1 eV     e+  1 eV  proton 0 eV 
 Region(s) which use this couple : 
    GasAndAnodesRegion

Index : 3     used in the geometry : Yes
 Material : G4_Au
 Range cuts        :  gamma  1 um     e-  1 um     e+  1 um  proton 0 fm 
 Energy thresholds :  gamma  1.721899238082278 keV    e-  14.26982100189901 keV    e+  13.91637606042289 keV proton 0 eV 
 Region(s) which use this couple : 
    GasAndAnodesRegion

==================================================================

### Run 39 starts.

--------- Ranecu engine status ---------
 Initial seed (index) = 0
 Current couple of seeds = 686082748, 1270741585
----------------------------------------
(Debug: RunAction.cc) Starting run 39
(Debug: RunAction.cc) Time: Tue Jun 10 07:48:59 2025

... create file : output.root - done
... open analysis file : output.root - done
... open analysis file : output.root - done
=====================================
  G4EventManager::ProcessOneEvent()  
=====================================
(Debug: GasBoxSD.cc) GasBoxSD Intialized!
(Debug: EventAction.cc) Beginning of event 40
(Debug: EventAction.cc) The primary vertex is: 102.27
(Debug: EventAction.cc) Primary particle energy: 5 keV
G4PrimaryTransformer::PrimaryVertex (47.10795867170007(mm),102.27(mm),-0.5467975311793274(mm),0(nsec))
1 primary tracks are passed to the stack.
!!!!!!! Now start processing an event !!!!!!!

*********************************************************************************************************
* G4Track Information:   Particle = gamma,   Track ID = 1,   Parent ID = 0
*********************************************************************************************************

Step#    X(mm)    Y(mm)    Z(mm) KinE(MeV)  dE(MeV) StepLeng TrackLeng  NextVolume ProcName
    0     47.1      102   -0.547     0.005        0        0         0 WorldPhysical initStep
    1     13.1      2.5   -0.546     0.005        0      105       105 physCathode1Up Transportation
    2     12.8     1.75   -0.546         0 0.000115    0.791       106 physCathode1Up phot
Track (trackID 1, parentID 0) is processed with stopping code 2

*********************************************************************************************************
* G4Track Information:   Particle = e-,   Track ID = 2,   Parent ID = 1
*********************************************************************************************************

Step#    X(mm)    Y(mm)    Z(mm) KinE(MeV)  dE(MeV) StepLeng TrackLeng  NextVolume ProcName
    0     12.8     1.75   -0.546   0.00489        0        0         0 physCathode1Up initStep
    1     12.8     1.75   -0.546   0.00472 0.000165 3.55e-05  3.55e-05 physCathode1Up msc
    2     12.8     1.75   -0.546         0  0.00472 0.000418  0.000453 physCathode1Up eIoni
Track (trackID 2, parentID 1) is processed with stopping code 2
NULL returned from G4StackManager.
Terminate current event processing.
G4TrajectoryDrawByCharge drawer named drawByCharge-0, drawing trajectory with charge, 0
, with configuration:
Name:                       default
Line colour                 (0,1,0,1) (green)
Draw line ?                 1
Line visibile ?             1
Draw auxiliary points ?     0
Auxiliary points type       2
Auxiliary points size       2
Auxiliary points fill style 2
Auxiliary points colour     (1,0,1,1) (magenta)
Auxiliary points visible ?  1
Draw step points ?          1
Step points type            1
Step points size            6
Step points fill style      2
Step points colour          (1,1,0,1) (yellow)
Step points visible ?       1
Time slice interval         0 ps 
G4TrajectoryDrawByCharge drawer named drawByCharge-0, drawing trajectory with charge, -1
, with configuration:
Name:                       default
Line colour                 (1,0,0,1) (red)
Draw line ?                 1
Line visibile ?             1
Draw auxiliary points ?     0
Auxiliary points type       2
Auxiliary points size       2
Auxiliary points fill style 2
Auxiliary points colour     (1,0,1,1) (magenta)
Auxiliary points visible ?  1
Draw step points ?          1
Step points type            1
Step points size            6
Step points fill style      2
Step points colour          (1,1,0,1) (yellow)
Step points visible ?       1
Time slice interval         0 ps 
 Run terminated.
Run Summary
  Number of events processed : 1
  User=0.010000s Real=0.012673s Sys=0.000000s
... write file : output.root - done
... close file : output.root - done
... delete empty file : output.root - done
(Debug: RunAction.cc) End of run OK!
(Debug: RunAction) Simulation finished!
(Debug: RunAction.cc) Time: Tue Jun 10 07:48:59 2025


--------- Ranecu engine status ---------
 Initial seed (index) = 0
 Current couple of seeds = 1282316324, 893725535
----------------------------------------
(Debug: DMPX_G_factor.cc) Now shooting...

========= Table of registered couples ============================

Index : 0     used in the geometry : Yes
 Material : G4_Galactic
 Range cuts        :  gamma  10 um     e-  10 um     e+  10 um  proton 10 um 
 Energy thresholds :  gamma  1 eV     e-  1 eV     e+  1 eV  proton 1 keV
 Region(s) which use this couple : 
    DefaultRegionForTheWorld

Index : 1     used in the geometry : Yes
 Material : G4_Be
 Range cuts        :  gamma  10 um     e-  10 um     e+  10 um  proton 10 um 
 Energy thresholds :  gamma  1 eV     e-  27.99880253708374 keV    e+  27.4516030064588 keV proton 1 keV
 Region(s) which use this couple : 
    DefaultRegionForTheWorld

Index : 2     used in the geometry : Yes
 Material : KrCH4_90_10
 Range cuts        :  gamma  1 um     e-  1 um     e+  1 um  proton 0 fm 
 Energy thresholds :  gamma  1 eV     e-  1 eV     e+  1 eV  proton 0 eV 
 Region(s) which use this couple : 
    GasAndAnodesRegion

Index : 3     used in the geometry : Yes
 Material : G4_Au
 Range cuts        :  gamma  1 um     e-  1 um     e+  1 um  proton 0 fm 
 Energy thresholds :  gamma  1.721899238082278 keV    e-  14.26982100189901 keV    e+  13.91637606042289 keV proton 0 eV 
 Region(s) which use this couple : 
    GasAndAnodesRegion

==================================================================

### Run 40 starts.

--------- Ranecu engine status ---------
 Initial seed (index) = 0
 Current couple of seeds = 1282316324, 893725535
----------------------------------------
(Debug: RunAction.cc) Starting run 40
(Debug: RunAction.cc) Time: Tue Jun 10 07:48:59 2025

... create file : output.root - done
... open analysis file : output.root - done
... open analysis file : output.root - done
=====================================
  G4EventManager::ProcessOneEvent()  
=====================================
(Debug: GasBoxSD.cc) GasBoxSD Intialized!
(Debug: EventAction.cc) Beginning of event 41
(Debug: EventAction.cc) The primary vertex is: 102.27
(Debug: EventAction.cc) Primary particle energy: 5 keV
G4PrimaryTransformer::PrimaryVertex (34.02701100286875(mm),102.27(mm),-0.4781451315097651(mm),0(nsec))
1 primary tracks are passed to the stack.
!!!!!!! Now start processing an event !!!!!!!

*********************************************************************************************************
* G4Track Information:   Particle = gamma,   Track ID = 1,   Parent ID = 0
*********************************************************************************************************

Step#    X(mm)    Y(mm)    Z(mm) KinE(MeV)  dE(MeV) StepLeng TrackLeng  NextVolume ProcName
    0       34      102   -0.478     0.005        0        0         0 WorldPhysical initStep
    1    -11.8      2.5   -0.478     0.005        0      110       110 physCathode1Up Transportation
    2    -11.9     2.34   -0.478     0.005        0    0.177       110 physCathode1Up Rayl
    3    -11.9     2.11   -0.725         0 0.000115    0.338       110 physCathode1Up phot
Track (trackID 1, parentID 0) is processed with stopping code 2

*********************************************************************************************************
* G4Track Information:   Particle = e-,   Track ID = 2,   Parent ID = 1
*********************************************************************************************************

Step#    X(mm)    Y(mm)    Z(mm) KinE(MeV)  dE(MeV) StepLeng TrackLeng  NextVolume ProcName
    0    -11.9     2.11   -0.725   0.00489        0        0         0 physCathode1Up initStep
    1    -11.9     2.11   -0.725   0.00458 0.000309 3.55e-05  3.55e-05 physCathode1Up msc
    2    -11.9     2.11   -0.725         0  0.00458 0.000396  0.000431 physCathode1Up eIoni
Track (trackID 2, parentID 1) is processed with stopping code 2
NULL returned from G4StackManager.
Terminate current event processing.
G4TrajectoryDrawByCharge drawer named drawByCharge-0, drawing trajectory with charge, 0
, with configuration:
Name:                       default
Line colour                 (0,1,0,1) (green)
Draw line ?                 1
Line visibile ?             1
Draw auxiliary points ?     0
Auxiliary points type       2
Auxiliary points size       2
Auxiliary points fill style 2
Auxiliary points colour     (1,0,1,1) (magenta)
Auxiliary points visible ?  1
Draw step points ?          1
Step points type            1
Step points size            6
Step points fill style      2
Step points colour          (1,1,0,1) (yellow)
Step points visible ?       1
Time slice interval         0 ps 
G4TrajectoryDrawByCharge drawer named drawByCharge-0, drawing trajectory with charge, -1
, with configuration:
Name:                       default
Line colour                 (1,0,0,1) (red)
Draw line ?                 1
Line visibile ?             1
Draw auxiliary points ?     0
Auxiliary points type       2
Auxiliary points size       2
Auxiliary points fill style 2
Auxiliary points colour     (1,0,1,1) (magenta)
Auxiliary points visible ?  1
Draw step points ?          1
Step points type            1
Step points size            6
Step points fill style      2
Step points colour          (1,1,0,1) (yellow)
Step points visible ?       1
Time slice interval         0 ps 
 Run terminated.
Run Summary
  Number of events processed : 1
  User=0.010000s Real=0.008373s Sys=0.000000s
... write file : output.root - done
... close file : output.root - done
... delete empty file : output.root - done
(Debug: RunAction.cc) End of run OK!
(Debug: RunAction) Simulation finished!
(Debug: RunAction.cc) Time: Tue Jun 10 07:48:59 2025


--------- Ranecu engine status ---------
 Initial seed (index) = 0
 Current couple of seeds = 1080251411, 856303601
----------------------------------------
(Debug: DMPX_G_factor.cc) Now shooting...

========= Table of registered couples ============================

Index : 0     used in the geometry : Yes
 Material : G4_Galactic
 Range cuts        :  gamma  10 um     e-  10 um     e+  10 um  proton 10 um 
 Energy thresholds :  gamma  1 eV     e-  1 eV     e+  1 eV  proton 1 keV
 Region(s) which use this couple : 
    DefaultRegionForTheWorld

Index : 1     used in the geometry : Yes
 Material : G4_Be
 Range cuts        :  gamma  10 um     e-  10 um     e+  10 um  proton 10 um 
 Energy thresholds :  gamma  1 eV     e-  27.99880253708374 keV    e+  27.4516030064588 keV proton 1 keV
 Region(s) which use this couple : 
    DefaultRegionForTheWorld

Index : 2     used in the geometry : Yes
 Material : KrCH4_90_10
 Range cuts        :  gamma  1 um     e-  1 um     e+  1 um  proton 0 fm 
 Energy thresholds :  gamma  1 eV     e-  1 eV     e+  1 eV  proton 0 eV 
 Region(s) which use this couple : 
    GasAndAnodesRegion

Index : 3     used in the geometry : Yes
 Material : G4_Au
 Range cuts        :  gamma  1 um     e-  1 um     e+  1 um  proton 0 fm 
 Energy thresholds :  gamma  1.721899238082278 keV    e-  14.26982100189901 keV    e+  13.91637606042289 keV proton 0 eV 
 Region(s) which use this couple : 
    GasAndAnodesRegion

==================================================================

### Run 41 starts.

--------- Ranecu engine status ---------
 Initial seed (index) = 0
 Current couple of seeds = 1080251411, 856303601
----------------------------------------
(Debug: RunAction.cc) Starting run 41
(Debug: RunAction.cc) Time: Tue Jun 10 07:48:59 2025

... create file : output.root - done
... open analysis file : output.root - done
... open analysis file : output.root - done
=====================================
  G4EventManager::ProcessOneEvent()  
=====================================
(Debug: GasBoxSD.cc) GasBoxSD Intialized!
(Debug: EventAction.cc) Beginning of event 42
(Debug: EventAction.cc) The primary vertex is: 102.27
(Debug: EventAction.cc) Primary particle energy: 5 keV
G4PrimaryTransformer::PrimaryVertex (34.83438873280178(mm),102.27(mm),1.228144744042445(mm),0(nsec))
1 primary tracks are passed to the stack.
!!!!!!! Now start processing an event !!!!!!!

*********************************************************************************************************
* G4Track Information:   Particle = gamma,   Track ID = 1,   Parent ID = 0
*********************************************************************************************************

Step#    X(mm)    Y(mm)    Z(mm) KinE(MeV)  dE(MeV) StepLeng TrackLeng  NextVolume ProcName
    0     34.8      102     1.23     0.005        0        0         0 WorldPhysical initStep
    1     5.34      2.5     1.23     0.005        0      104       104 physCathode1Up Transportation
    2     4.98      1.3     1.23         0 0.000115     1.25       105 physCathode1Up phot
Track (trackID 1, parentID 0) is processed with stopping code 2

*********************************************************************************************************
* G4Track Information:   Particle = e-,   Track ID = 2,   Parent ID = 1
*********************************************************************************************************

Step#    X(mm)    Y(mm)    Z(mm) KinE(MeV)  dE(MeV) StepLeng TrackLeng  NextVolume ProcName
    0     4.98      1.3     1.23   0.00489        0        0         0 physCathode1Up initStep
    1     4.98      1.3     1.23   0.00477 0.000111 3.55e-05  3.55e-05 physCathode1Up msc
    2     4.98      1.3     1.23         0  0.00477 0.000426  0.000462 physCathode1Up eIoni
Track (trackID 2, parentID 1) is processed with stopping code 2
NULL returned from G4StackManager.
Terminate current event processing.
G4TrajectoryDrawByCharge drawer named drawByCharge-0, drawing trajectory with charge, 0
, with configuration:
Name:                       default
Line colour                 (0,1,0,1) (green)
Draw line ?                 1
Line visibile ?             1
Draw auxiliary points ?     0
Auxiliary points type       2
Auxiliary points size       2
Auxiliary points fill style 2
Auxiliary points colour     (1,0,1,1) (magenta)
Auxiliary points visible ?  1
Draw step points ?          1
Step points type            1
Step points size            6
Step points fill style      2
Step points colour          (1,1,0,1) (yellow)
Step points visible ?       1
Time slice interval         0 ps 
G4TrajectoryDrawByCharge drawer named drawByCharge-0, drawing trajectory with charge, -1
, with configuration:
Name:                       default
Line colour                 (1,0,0,1) (red)
Draw line ?                 1
Line visibile ?             1
Draw auxiliary points ?     0
Auxiliary points type       2
Auxiliary points size       2
Auxiliary points fill style 2
Auxiliary points colour     (1,0,1,1) (magenta)
Auxiliary points visible ?  1
Draw step points ?          1
Step points type            1
Step points size            6
Step points fill style      2
Step points colour          (1,1,0,1) (yellow)
Step points visible ?       1
Time slice interval         0 ps 
 Run terminated.
Run Summary
  Number of events processed : 1
  User=0.010000s Real=0.009079s Sys=0.000000s
... write file : output.root - done
... close file : output.root - done
... delete empty file : output.root - done
(Debug: RunAction.cc) End of run OK!
(Debug: RunAction) Simulation finished!
(Debug: RunAction.cc) Time: Tue Jun 10 07:48:59 2025


--------- Ranecu engine status ---------
 Initial seed (index) = 0
 Current couple of seeds = 149531255, 1613444999
----------------------------------------
(Debug: DMPX_G_factor.cc) Now shooting...

========= Table of registered couples ============================

Index : 0     used in the geometry : Yes
 Material : G4_Galactic
 Range cuts        :  gamma  10 um     e-  10 um     e+  10 um  proton 10 um 
 Energy thresholds :  gamma  1 eV     e-  1 eV     e+  1 eV  proton 1 keV
 Region(s) which use this couple : 
    DefaultRegionForTheWorld

Index : 1     used in the geometry : Yes
 Material : G4_Be
 Range cuts        :  gamma  10 um     e-  10 um     e+  10 um  proton 10 um 
 Energy thresholds :  gamma  1 eV     e-  27.99880253708374 keV    e+  27.4516030064588 keV proton 1 keV
 Region(s) which use this couple : 
    DefaultRegionForTheWorld

Index : 2     used in the geometry : Yes
 Material : KrCH4_90_10
 Range cuts        :  gamma  1 um     e-  1 um     e+  1 um  proton 0 fm 
 Energy thresholds :  gamma  1 eV     e-  1 eV     e+  1 eV  proton 0 eV 
 Region(s) which use this couple : 
    GasAndAnodesRegion

Index : 3     used in the geometry : Yes
 Material : G4_Au
 Range cuts        :  gamma  1 um     e-  1 um     e+  1 um  proton 0 fm 
 Energy thresholds :  gamma  1.721899238082278 keV    e-  14.26982100189901 keV    e+  13.91637606042289 keV proton 0 eV 
 Region(s) which use this couple : 
    GasAndAnodesRegion

==================================================================

### Run 42 starts.

--------- Ranecu engine status ---------
 Initial seed (index) = 0
 Current couple of seeds = 149531255, 1613444999
----------------------------------------
(Debug: RunAction.cc) Starting run 42
(Debug: RunAction.cc) Time: Tue Jun 10 07:48:59 2025

... create file : output.root - done
... open analysis file : output.root - done
... open analysis file : output.root - done
=====================================
  G4EventManager::ProcessOneEvent()  
=====================================
(Debug: GasBoxSD.cc) GasBoxSD Intialized!
(Debug: EventAction.cc) Beginning of event 43
(Debug: EventAction.cc) The primary vertex is: 102.27
(Debug: EventAction.cc) Primary particle energy: 5 keV
G4PrimaryTransformer::PrimaryVertex (37.21185125487131(mm),102.27(mm),-0.8721528565555698(mm),0(nsec))
1 primary tracks are passed to the stack.
!!!!!!! Now start processing an event !!!!!!!

*********************************************************************************************************
* G4Track Information:   Particle = gamma,   Track ID = 1,   Parent ID = 0
*********************************************************************************************************

Step#    X(mm)    Y(mm)    Z(mm) KinE(MeV)  dE(MeV) StepLeng TrackLeng  NextVolume ProcName
    0     37.2      102   -0.872     0.005        0        0         0 WorldPhysical initStep
    1    -3.93      2.5   -0.872     0.005        0      108       108 physCathode1Up Transportation
    2    -3.97      2.4   -0.872         0 0.000115    0.106       108 physCathode1Up phot
Track (trackID 1, parentID 0) is processed with stopping code 2

*********************************************************************************************************
* G4Track Information:   Particle = e-,   Track ID = 2,   Parent ID = 1
*********************************************************************************************************

Step#    X(mm)    Y(mm)    Z(mm) KinE(MeV)  dE(MeV) StepLeng TrackLeng  NextVolume ProcName
    0    -3.97      2.4   -0.872   0.00489        0        0         0 physCathode1Up initStep
    1    -3.97      2.4   -0.872   0.00441 0.000475 3.55e-05  3.55e-05 physCathode1Up msc
    2    -3.97      2.4   -0.872         0  0.00441 0.000371  0.000407 physCathode1Up eIoni
Track (trackID 2, parentID 1) is processed with stopping code 2
NULL returned from G4StackManager.
Terminate current event processing.
G4TrajectoryDrawByCharge drawer named drawByCharge-0, drawing trajectory with charge, 0
, with configuration:
Name:                       default
Line colour                 (0,1,0,1) (green)
Draw line ?                 1
Line visibile ?             1
Draw auxiliary points ?     0
Auxiliary points type       2
Auxiliary points size       2
Auxiliary points fill style 2
Auxiliary points colour     (1,0,1,1) (magenta)
Auxiliary points visible ?  1
Draw step points ?          1
Step points type            1
Step points size            6
Step points fill style      2
Step points colour          (1,1,0,1) (yellow)
Step points visible ?       1
Time slice interval         0 ps 
G4TrajectoryDrawByCharge drawer named drawByCharge-0, drawing trajectory with charge, -1
, with configuration:
Name:                       default
Line colour                 (1,0,0,1) (red)
Draw line ?                 1
Line visibile ?             1
Draw auxiliary points ?     0
Auxiliary points type       2
Auxiliary points size       2
Auxiliary points fill style 2
Auxiliary points colour     (1,0,1,1) (magenta)
Auxiliary points visible ?  1
Draw step points ?          1
Step points type            1
Step points size            6
Step points fill style      2
Step points colour          (1,1,0,1) (yellow)
Step points visible ?       1
Time slice interval         0 ps 
 Run terminated.
Run Summary
  Number of events processed : 1
  User=0.010000s Real=0.051377s Sys=0.020000s
... write file : output.root - done
... close file : output.root - done
... delete empty file : output.root - done
(Debug: RunAction.cc) End of run OK!
(Debug: RunAction) Simulation finished!
(Debug: RunAction.cc) Time: Tue Jun 10 07:48:59 2025


--------- Ranecu engine status ---------
 Initial seed (index) = 0
 Current couple of seeds = 1301896183, 1249377023
----------------------------------------
(Debug: DMPX_G_factor.cc) Now shooting...

========= Table of registered couples ============================

Index : 0     used in the geometry : Yes
 Material : G4_Galactic
 Range cuts        :  gamma  10 um     e-  10 um     e+  10 um  proton 10 um 
 Energy thresholds :  gamma  1 eV     e-  1 eV     e+  1 eV  proton 1 keV
 Region(s) which use this couple : 
    DefaultRegionForTheWorld

Index : 1     used in the geometry : Yes
 Material : G4_Be
 Range cuts        :  gamma  10 um     e-  10 um     e+  10 um  proton 10 um 
 Energy thresholds :  gamma  1 eV     e-  27.99880253708374 keV    e+  27.4516030064588 keV proton 1 keV
 Region(s) which use this couple : 
    DefaultRegionForTheWorld

Index : 2     used in the geometry : Yes
 Material : KrCH4_90_10
 Range cuts        :  gamma  1 um     e-  1 um     e+  1 um  proton 0 fm 
 Energy thresholds :  gamma  1 eV     e-  1 eV     e+  1 eV  proton 0 eV 
 Region(s) which use this couple : 
    GasAndAnodesRegion

Index : 3     used in the geometry : Yes
 Material : G4_Au
 Range cuts        :  gamma  1 um     e-  1 um     e+  1 um  proton 0 fm 
 Energy thresholds :  gamma  1.721899238082278 keV    e-  14.26982100189901 keV    e+  13.91637606042289 keV proton 0 eV 
 Region(s) which use this couple : 
    GasAndAnodesRegion

==================================================================

### Run 43 starts.

--------- Ranecu engine status ---------
 Initial seed (index) = 0
 Current couple of seeds = 1301896183, 1249377023
----------------------------------------
(Debug: RunAction.cc) Starting run 43
(Debug: RunAction.cc) Time: Tue Jun 10 07:48:59 2025

... create file : output.root - done
... open analysis file : output.root - done
... open analysis file : output.root - done
=====================================
  G4EventManager::ProcessOneEvent()  
=====================================
(Debug: GasBoxSD.cc) GasBoxSD Intialized!
(Debug: EventAction.cc) Beginning of event 44
(Debug: EventAction.cc) The primary vertex is: 102.27
(Debug: EventAction.cc) Primary particle energy: 5 keV
G4PrimaryTransformer::PrimaryVertex (25.04794672670781(mm),102.27(mm),1.170202378724241(mm),0(nsec))
1 primary tracks are passed to the stack.
!!!!!!! Now start processing an event !!!!!!!

*********************************************************************************************************
* G4Track Information:   Particle = gamma,   Track ID = 1,   Parent ID = 0
*********************************************************************************************************

Step#    X(mm)    Y(mm)    Z(mm) KinE(MeV)  dE(MeV) StepLeng TrackLeng  NextVolume ProcName
    0       25      102     1.17     0.005        0        0         0 WorldPhysical initStep
    1    -2.58      2.5     1.17     0.005        0      104       104 physCathode1Up Transportation
    2    -2.71     2.02     1.17         0 0.000115    0.497       104 physCathode1Up phot
Track (trackID 1, parentID 0) is processed with stopping code 2

*********************************************************************************************************
* G4Track Information:   Particle = e-,   Track ID = 2,   Parent ID = 1
*********************************************************************************************************

Step#    X(mm)    Y(mm)    Z(mm) KinE(MeV)  dE(MeV) StepLeng TrackLeng  NextVolume ProcName
    0    -2.71     2.02     1.17   0.00489        0        0         0 physCathode1Up initStep
    1    -2.71     2.02     1.17   0.00485 3.76e-05 3.55e-05  3.55e-05 physCathode1Up msc
    2    -2.71     2.02     1.17         0  0.00485 0.000438  0.000473 physCathode1Up eIoni
Track (trackID 2, parentID 1) is processed with stopping code 2
NULL returned from G4StackManager.
Terminate current event processing.
G4TrajectoryDrawByCharge drawer named drawByCharge-0, drawing trajectory with charge, 0
, with configuration:
Name:                       default
Line colour                 (0,1,0,1) (green)
Draw line ?                 1
Line visibile ?             1
Draw auxiliary points ?     0
Auxiliary points type       2
Auxiliary points size       2
Auxiliary points fill style 2
Auxiliary points colour     (1,0,1,1) (magenta)
Auxiliary points visible ?  1
Draw step points ?          1
Step points type            1
Step points size            6
Step points fill style      2
Step points colour          (1,1,0,1) (yellow)
Step points visible ?       1
Time slice interval         0 ps 
G4TrajectoryDrawByCharge drawer named drawByCharge-0, drawing trajectory with charge, -1
, with configuration:
Name:                       default
Line colour                 (1,0,0,1) (red)
Draw line ?                 1
Line visibile ?             1
Draw auxiliary points ?     0
Auxiliary points type       2
Auxiliary points size       2
Auxiliary points fill style 2
Auxiliary points colour     (1,0,1,1) (magenta)
Auxiliary points visible ?  1
Draw step points ?          1
Step points type            1
Step points size            6
Step points fill style      2
Step points colour          (1,1,0,1) (yellow)
Step points visible ?       1
Time slice interval         0 ps 
 Run terminated.
Run Summary
  Number of events processed : 1
  User=0.020000s Real=0.046651s Sys=0.030000s
... write file : output.root - done
... close file : output.root - done
... delete empty file : output.root - done
(Debug: RunAction.cc) End of run OK!
(Debug: RunAction) Simulation finished!
(Debug: RunAction.cc) Time: Tue Jun 10 07:48:59 2025


--------- Ranecu engine status ---------
 Initial seed (index) = 0
 Current couple of seeds = 527179915, 1535175982
----------------------------------------
(Debug: DMPX_G_factor.cc) Now shooting...

========= Table of registered couples ============================

Index : 0     used in the geometry : Yes
 Material : G4_Galactic
 Range cuts        :  gamma  10 um     e-  10 um     e+  10 um  proton 10 um 
 Energy thresholds :  gamma  1 eV     e-  1 eV     e+  1 eV  proton 1 keV
 Region(s) which use this couple : 
    DefaultRegionForTheWorld

Index : 1     used in the geometry : Yes
 Material : G4_Be
 Range cuts        :  gamma  10 um     e-  10 um     e+  10 um  proton 10 um 
 Energy thresholds :  gamma  1 eV     e-  27.99880253708374 keV    e+  27.4516030064588 keV proton 1 keV
 Region(s) which use this couple : 
    DefaultRegionForTheWorld

Index : 2     used in the geometry : Yes
 Material : KrCH4_90_10
 Range cuts        :  gamma  1 um     e-  1 um     e+  1 um  proton 0 fm 
 Energy thresholds :  gamma  1 eV     e-  1 eV     e+  1 eV  proton 0 eV 
 Region(s) which use this couple : 
    GasAndAnodesRegion

Index : 3     used in the geometry : Yes
 Material : G4_Au
 Range cuts        :  gamma  1 um     e-  1 um     e+  1 um  proton 0 fm 
 Energy thresholds :  gamma  1.721899238082278 keV    e-  14.26982100189901 keV    e+  13.91637606042289 keV proton 0 eV 
 Region(s) which use this couple : 
    GasAndAnodesRegion

==================================================================

### Run 44 starts.

--------- Ranecu engine status ---------
 Initial seed (index) = 0
 Current couple of seeds = 527179915, 1535175982
----------------------------------------
(Debug: RunAction.cc) Starting run 44
(Debug: RunAction.cc) Time: Tue Jun 10 07:48:59 2025

... create file : output.root - done
... open analysis file : output.root - done
... open analysis file : output.root - done
=====================================
  G4EventManager::ProcessOneEvent()  
=====================================
(Debug: GasBoxSD.cc) GasBoxSD Intialized!
(Debug: EventAction.cc) Beginning of event 45
(Debug: EventAction.cc) The primary vertex is: 102.27
(Debug: EventAction.cc) Primary particle energy: 5 keV
G4PrimaryTransformer::PrimaryVertex (31.57652261739625(mm),102.27(mm),0.3592915667637793(mm),0(nsec))
1 primary tracks are passed to the stack.
!!!!!!! Now start processing an event !!!!!!!

*********************************************************************************************************
* G4Track Information:   Particle = gamma,   Track ID = 1,   Parent ID = 0
*********************************************************************************************************

Step#    X(mm)    Y(mm)    Z(mm) KinE(MeV)  dE(MeV) StepLeng TrackLeng  NextVolume ProcName
    0     31.6      102    0.359     0.005        0        0         0 WorldPhysical initStep
    1   -0.888      2.5     0.36     0.005        0      105       105 physCathode1Up Transportation
    2    -1.54      0.5     0.36     0.005        0      2.1       107  physGasBox Transportation
    3    -1.86     -0.5     0.36     0.005        0     1.05       108 physCathode1Down Transportation
    4     -2.5    -2.44     0.36         0 0.000115     2.04       110 physCathode1Down phot
Track (trackID 1, parentID 0) is processed with stopping code 2

*********************************************************************************************************
* G4Track Information:   Particle = e-,   Track ID = 2,   Parent ID = 1
*********************************************************************************************************

Step#    X(mm)    Y(mm)    Z(mm) KinE(MeV)  dE(MeV) StepLeng TrackLeng  NextVolume ProcName
    0     -2.5    -2.44     0.36   0.00489        0        0         0 physCathode1Down initStep
    1     -2.5    -2.44     0.36   0.00474 0.000149 3.55e-05  3.55e-05 physCathode1Down msc
    2     -2.5    -2.44     0.36         0  0.00474  0.00042  0.000456 physCathode1Down eIoni
Track (trackID 2, parentID 1) is processed with stopping code 2
NULL returned from G4StackManager.
Terminate current event processing.
G4TrajectoryDrawByCharge drawer named drawByCharge-0, drawing trajectory with charge, 0
, with configuration:
Name:                       default
Line colour                 (0,1,0,1) (green)
Draw line ?                 1
Line visibile ?             1
Draw auxiliary points ?     0
Auxiliary points type       2
Auxiliary points size       2
Auxiliary points fill style 2
Auxiliary points colour     (1,0,1,1) (magenta)
Auxiliary points visible ?  1
Draw step points ?          1
Step points type            1
Step points size            6
Step points fill style      2
Step points colour          (1,1,0,1) (yellow)
Step points visible ?       1
Time slice interval         0 ps 
G4TrajectoryDrawByCharge drawer named drawByCharge-0, drawing trajectory with charge, -1
, with configuration:
Name:                       default
Line colour                 (1,0,0,1) (red)
Draw line ?                 1
Line visibile ?             1
Draw auxiliary points ?     0
Auxiliary points type       2
Auxiliary points size       2
Auxiliary points fill style 2
Auxiliary points colour     (1,0,1,1) (magenta)
Auxiliary points visible ?  1
Draw step points ?          1
Step points type            1
Step points size            6
Step points fill style      2
Step points colour          (1,1,0,1) (yellow)
Step points visible ?       1
Time slice interval         0 ps 
 Run terminated.
Run Summary
  Number of events processed : 1
  User=0.020000s Real=0.028312s Sys=0.020000s
... write file : output.root - done
... close file : output.root - done
... delete empty file : output.root - done
(Debug: RunAction.cc) End of run OK!
(Debug: RunAction) Simulation finished!
(Debug: RunAction.cc) Time: Tue Jun 10 07:48:59 2025


--------- Ranecu engine status ---------
 Initial seed (index) = 0
 Current couple of seeds = 2045174925, 1220286697
----------------------------------------
(Debug: DMPX_G_factor.cc) Now shooting...

========= Table of registered couples ============================

Index : 0     used in the geometry : Yes
 Material : G4_Galactic
 Range cuts        :  gamma  10 um     e-  10 um     e+  10 um  proton 10 um 
 Energy thresholds :  gamma  1 eV     e-  1 eV     e+  1 eV  proton 1 keV
 Region(s) which use this couple : 
    DefaultRegionForTheWorld

Index : 1     used in the geometry : Yes
 Material : G4_Be
 Range cuts        :  gamma  10 um     e-  10 um     e+  10 um  proton 10 um 
 Energy thresholds :  gamma  1 eV     e-  27.99880253708374 keV    e+  27.4516030064588 keV proton 1 keV
 Region(s) which use this couple : 
    DefaultRegionForTheWorld

Index : 2     used in the geometry : Yes
 Material : KrCH4_90_10
 Range cuts        :  gamma  1 um     e-  1 um     e+  1 um  proton 0 fm 
 Energy thresholds :  gamma  1 eV     e-  1 eV     e+  1 eV  proton 0 eV 
 Region(s) which use this couple : 
    GasAndAnodesRegion

Index : 3     used in the geometry : Yes
 Material : G4_Au
 Range cuts        :  gamma  1 um     e-  1 um     e+  1 um  proton 0 fm 
 Energy thresholds :  gamma  1.721899238082278 keV    e-  14.26982100189901 keV    e+  13.91637606042289 keV proton 0 eV 
 Region(s) which use this couple : 
    GasAndAnodesRegion

==================================================================

### Run 45 starts.

--------- Ranecu engine status ---------
 Initial seed (index) = 0
 Current couple of seeds = 2045174925, 1220286697
----------------------------------------
(Debug: RunAction.cc) Starting run 45
(Debug: RunAction.cc) Time: Tue Jun 10 07:48:59 2025

... create file : output.root - done
... open analysis file : output.root - done
... open analysis file : output.root - done
=====================================
  G4EventManager::ProcessOneEvent()  
=====================================
(Debug: GasBoxSD.cc) GasBoxSD Intialized!
(Debug: EventAction.cc) Beginning of event 46
(Debug: EventAction.cc) The primary vertex is: 102.27
(Debug: EventAction.cc) Primary particle energy: 5 keV
G4PrimaryTransformer::PrimaryVertex (46.5043794822306(mm),102.27(mm),1.949869296925821(mm),0(nsec))
1 primary tracks are passed to the stack.
!!!!!!! Now start processing an event !!!!!!!

*********************************************************************************************************
* G4Track Information:   Particle = gamma,   Track ID = 1,   Parent ID = 0
*********************************************************************************************************

Step#    X(mm)    Y(mm)    Z(mm) KinE(MeV)  dE(MeV) StepLeng TrackLeng  NextVolume ProcName
    0     46.5      102     1.95     0.005        0        0         0 WorldPhysical initStep
    1     16.5      2.5     1.95     0.005        0      104       104 physCathode1Up Transportation
    2     16.1     1.38     1.95         0 0.000115     1.17       105 physCathode1Up phot
Track (trackID 1, parentID 0) is processed with stopping code 2

*********************************************************************************************************
* G4Track Information:   Particle = e-,   Track ID = 2,   Parent ID = 1
*********************************************************************************************************

Step#    X(mm)    Y(mm)    Z(mm) KinE(MeV)  dE(MeV) StepLeng TrackLeng  NextVolume ProcName
    0     16.1     1.38     1.95   0.00489        0        0         0 physCathode1Up initStep
    1     16.1     1.38     1.95   0.00468 0.000205 3.55e-05  3.55e-05 physCathode1Up msc
    2     16.1     1.38     1.95         0  0.00468 0.000412  0.000447 physCathode1Up eIoni
Track (trackID 2, parentID 1) is processed with stopping code 2
NULL returned from G4StackManager.
Terminate current event processing.
G4TrajectoryDrawByCharge drawer named drawByCharge-0, drawing trajectory with charge, 0
, with configuration:
Name:                       default
Line colour                 (0,1,0,1) (green)
Draw line ?                 1
Line visibile ?             1
Draw auxiliary points ?     0
Auxiliary points type       2
Auxiliary points size       2
Auxiliary points fill style 2
Auxiliary points colour     (1,0,1,1) (magenta)
Auxiliary points visible ?  1
Draw step points ?          1
Step points type            1
Step points size            6
Step points fill style      2
Step points colour          (1,1,0,1) (yellow)
Step points visible ?       1
Time slice interval         0 ps 
G4TrajectoryDrawByCharge drawer named drawByCharge-0, drawing trajectory with charge, -1
, with configuration:
Name:                       default
Line colour                 (1,0,0,1) (red)
Draw line ?                 1
Line visibile ?             1
Draw auxiliary points ?     0
Auxiliary points type       2
Auxiliary points size       2
Auxiliary points fill style 2
Auxiliary points colour     (1,0,1,1) (magenta)
Auxiliary points visible ?  1
Draw step points ?          1
Step points type            1
Step points size            6
Step points fill style      2
Step points colour          (1,1,0,1) (yellow)
Step points visible ?       1
Time slice interval         0 ps 
 Run terminated.
Run Summary
  Number of events processed : 1
  User=0.010000s Real=0.007179s Sys=0.000000s
... write file : output.root - done
... close file : output.root - done
... delete empty file : output.root - done
(Debug: RunAction.cc) End of run OK!
(Debug: RunAction) Simulation finished!
(Debug: RunAction.cc) Time: Tue Jun 10 07:48:59 2025


--------- Ranecu engine status ---------
 Initial seed (index) = 0
 Current couple of seeds = 1291100675, 1687066402
----------------------------------------
(Debug: DMPX_G_factor.cc) Now shooting...

========= Table of registered couples ============================

Index : 0     used in the geometry : Yes
 Material : G4_Galactic
 Range cuts        :  gamma  10 um     e-  10 um     e+  10 um  proton 10 um 
 Energy thresholds :  gamma  1 eV     e-  1 eV     e+  1 eV  proton 1 keV
 Region(s) which use this couple : 
    DefaultRegionForTheWorld

Index : 1     used in the geometry : Yes
 Material : G4_Be
 Range cuts        :  gamma  10 um     e-  10 um     e+  10 um  proton 10 um 
 Energy thresholds :  gamma  1 eV     e-  27.99880253708374 keV    e+  27.4516030064588 keV proton 1 keV
 Region(s) which use this couple : 
    DefaultRegionForTheWorld

Index : 2     used in the geometry : Yes
 Material : KrCH4_90_10
 Range cuts        :  gamma  1 um     e-  1 um     e+  1 um  proton 0 fm 
 Energy thresholds :  gamma  1 eV     e-  1 eV     e+  1 eV  proton 0 eV 
 Region(s) which use this couple : 
    GasAndAnodesRegion

Index : 3     used in the geometry : Yes
 Material : G4_Au
 Range cuts        :  gamma  1 um     e-  1 um     e+  1 um  proton 0 fm 
 Energy thresholds :  gamma  1.721899238082278 keV    e-  14.26982100189901 keV    e+  13.91637606042289 keV proton 0 eV 
 Region(s) which use this couple : 
    GasAndAnodesRegion

==================================================================

### Run 46 starts.

--------- Ranecu engine status ---------
 Initial seed (index) = 0
 Current couple of seeds = 1291100675, 1687066402
----------------------------------------
(Debug: RunAction.cc) Starting run 46
(Debug: RunAction.cc) Time: Tue Jun 10 07:48:59 2025

... create file : output.root - done
... open analysis file : output.root - done
... open analysis file : output.root - done
=====================================
  G4EventManager::ProcessOneEvent()  
=====================================
(Debug: GasBoxSD.cc) GasBoxSD Intialized!
(Debug: EventAction.cc) Beginning of event 47
(Debug: EventAction.cc) The primary vertex is: 102.27
(Debug: EventAction.cc) Primary particle energy: 5 keV
G4PrimaryTransformer::PrimaryVertex (31.24832332256309(mm),102.27(mm),-0.7834031605164193(mm),0(nsec))
1 primary tracks are passed to the stack.
!!!!!!! Now start processing an event !!!!!!!

*********************************************************************************************************
* G4Track Information:   Particle = gamma,   Track ID = 1,   Parent ID = 0
*********************************************************************************************************

Step#    X(mm)    Y(mm)    Z(mm) KinE(MeV)  dE(MeV) StepLeng TrackLeng  NextVolume ProcName
    0     31.2      102   -0.783     0.005        0        0         0 WorldPhysical initStep
    1    -10.9      2.5   -0.783     0.005        0      108       108 physCathode1Up Transportation
    2      -11     2.05   -0.783         0 0.000115    0.485       109 physCathode1Up phot
Track (trackID 1, parentID 0) is processed with stopping code 2

*********************************************************************************************************
* G4Track Information:   Particle = e-,   Track ID = 2,   Parent ID = 1
*********************************************************************************************************

Step#    X(mm)    Y(mm)    Z(mm) KinE(MeV)  dE(MeV) StepLeng TrackLeng  NextVolume ProcName
    0      -11     2.05   -0.783   0.00489        0        0         0 physCathode1Up initStep
    1      -11     2.05   -0.783   0.00473 0.000155 3.55e-05  3.55e-05 physCathode1Up msc
    2      -11     2.05   -0.783         0  0.00473 0.000419  0.000455 physCathode1Up eIoni
Track (trackID 2, parentID 1) is processed with stopping code 2
NULL returned from G4StackManager.
Terminate current event processing.
G4TrajectoryDrawByCharge drawer named drawByCharge-0, drawing trajectory with charge, 0
, with configuration:
Name:                       default
Line colour                 (0,1,0,1) (green)
Draw line ?                 1
Line visibile ?             1
Draw auxiliary points ?     0
Auxiliary points type       2
Auxiliary points size       2
Auxiliary points fill style 2
Auxiliary points colour     (1,0,1,1) (magenta)
Auxiliary points visible ?  1
Draw step points ?          1
Step points type            1
Step points size            6
Step points fill style      2
Step points colour          (1,1,0,1) (yellow)
Step points visible ?       1
Time slice interval         0 ps 
G4TrajectoryDrawByCharge drawer named drawByCharge-0, drawing trajectory with charge, -1
, with configuration:
Name:                       default
Line colour                 (1,0,0,1) (red)
Draw line ?                 1
Line visibile ?             1
Draw auxiliary points ?     0
Auxiliary points type       2
Auxiliary points size       2
Auxiliary points fill style 2
Auxiliary points colour     (1,0,1,1) (magenta)
Auxiliary points visible ?  1
Draw step points ?          1
Step points type            1
Step points size            6
Step points fill style      2
Step points colour          (1,1,0,1) (yellow)
Step points visible ?       1
Time slice interval         0 ps 
 Run terminated.
Run Summary
  Number of events processed : 1
  User=0.010000s Real=0.020662s Sys=0.010000s
... write file : output.root - done
... close file : output.root - done
... delete empty file : output.root - done
(Debug: RunAction.cc) End of run OK!
(Debug: RunAction) Simulation finished!
(Debug: RunAction.cc) Time: Tue Jun 10 07:48:59 2025


--------- Ranecu engine status ---------
 Initial seed (index) = 0
 Current couple of seeds = 436634709, 1790261524
----------------------------------------
(Debug: DMPX_G_factor.cc) Now shooting...

========= Table of registered couples ============================

Index : 0     used in the geometry : Yes
 Material : G4_Galactic
 Range cuts        :  gamma  10 um     e-  10 um     e+  10 um  proton 10 um 
 Energy thresholds :  gamma  1 eV     e-  1 eV     e+  1 eV  proton 1 keV
 Region(s) which use this couple : 
    DefaultRegionForTheWorld

Index : 1     used in the geometry : Yes
 Material : G4_Be
 Range cuts        :  gamma  10 um     e-  10 um     e+  10 um  proton 10 um 
 Energy thresholds :  gamma  1 eV     e-  27.99880253708374 keV    e+  27.4516030064588 keV proton 1 keV
 Region(s) which use this couple : 
    DefaultRegionForTheWorld

Index : 2     used in the geometry : Yes
 Material : KrCH4_90_10
 Range cuts        :  gamma  1 um     e-  1 um     e+  1 um  proton 0 fm 
 Energy thresholds :  gamma  1 eV     e-  1 eV     e+  1 eV  proton 0 eV 
 Region(s) which use this couple : 
    GasAndAnodesRegion

Index : 3     used in the geometry : Yes
 Material : G4_Au
 Range cuts        :  gamma  1 um     e-  1 um     e+  1 um  proton 0 fm 
 Energy thresholds :  gamma  1.721899238082278 keV    e-  14.26982100189901 keV    e+  13.91637606042289 keV proton 0 eV 
 Region(s) which use this couple : 
    GasAndAnodesRegion

==================================================================

### Run 47 starts.

--------- Ranecu engine status ---------
 Initial seed (index) = 0
 Current couple of seeds = 436634709, 1790261524
----------------------------------------
(Debug: RunAction.cc) Starting run 47
(Debug: RunAction.cc) Time: Tue Jun 10 07:48:59 2025

... create file : output.root - done
... open analysis file : output.root - done
... open analysis file : output.root - done
=====================================
  G4EventManager::ProcessOneEvent()  
=====================================
(Debug: GasBoxSD.cc) GasBoxSD Intialized!
(Debug: EventAction.cc) Beginning of event 48
(Debug: EventAction.cc) The primary vertex is: 102.27
(Debug: EventAction.cc) Primary particle energy: 5 keV
G4PrimaryTransformer::PrimaryVertex (41.67355299521266(mm),102.27(mm),1.183741605237464(mm),0(nsec))
1 primary tracks are passed to the stack.
!!!!!!! Now start processing an event !!!!!!!

*********************************************************************************************************
* G4Track Information:   Particle = gamma,   Track ID = 1,   Parent ID = 0
*********************************************************************************************************

Step#    X(mm)    Y(mm)    Z(mm) KinE(MeV)  dE(MeV) StepLeng TrackLeng  NextVolume ProcName
    0     41.7      102     1.18     0.005        0        0         0 WorldPhysical initStep
    1      5.7      2.5     1.18     0.005        0      106       106 physCathode1Up Transportation
    2     4.97      0.5     1.18     0.005        0     2.13       108  physGasBox Transportation
    3     4.61     -0.5     1.18     0.005        0     1.06       109 physCathode1Down Transportation
    4     3.95    -2.33     1.18         0 0.000115     1.95       111 physCathode1Down phot
Track (trackID 1, parentID 0) is processed with stopping code 2

*********************************************************************************************************
* G4Track Information:   Particle = e-,   Track ID = 2,   Parent ID = 1
*********************************************************************************************************

Step#    X(mm)    Y(mm)    Z(mm) KinE(MeV)  dE(MeV) StepLeng TrackLeng  NextVolume ProcName
    0     3.95    -2.33     1.18   0.00489        0        0         0 physCathode1Down initStep
    1     3.95    -2.33     1.18   0.00484 4.76e-05 3.55e-05  3.55e-05 physCathode1Down msc
    2     3.95    -2.33     1.18         0  0.00484 0.000436  0.000471 physCathode1Down eIoni
Track (trackID 2, parentID 1) is processed with stopping code 2
NULL returned from G4StackManager.
Terminate current event processing.
G4TrajectoryDrawByCharge drawer named drawByCharge-0, drawing trajectory with charge, 0
, with configuration:
Name:                       default
Line colour                 (0,1,0,1) (green)
Draw line ?                 1
Line visibile ?             1
Draw auxiliary points ?     0
Auxiliary points type       2
Auxiliary points size       2
Auxiliary points fill style 2
Auxiliary points colour     (1,0,1,1) (magenta)
Auxiliary points visible ?  1
Draw step points ?          1
Step points type            1
Step points size            6
Step points fill style      2
Step points colour          (1,1,0,1) (yellow)
Step points visible ?       1
Time slice interval         0 ps 
G4TrajectoryDrawByCharge drawer named drawByCharge-0, drawing trajectory with charge, -1
, with configuration:
Name:                       default
Line colour                 (1,0,0,1) (red)
Draw line ?                 1
Line visibile ?             1
Draw auxiliary points ?     0
Auxiliary points type       2
Auxiliary points size       2
Auxiliary points fill style 2
Auxiliary points colour     (1,0,1,1) (magenta)
Auxiliary points visible ?  1
Draw step points ?          1
Step points type            1
Step points size            6
Step points fill style      2
Step points colour          (1,1,0,1) (yellow)
Step points visible ?       1
Time slice interval         0 ps 
 Run terminated.
Run Summary
  Number of events processed : 1
  User=0.010000s Real=0.018966s Sys=0.010000s
... write file : output.root - done
... close file : output.root - done
... delete empty file : output.root - done
(Debug: RunAction.cc) End of run OK!
(Debug: RunAction) Simulation finished!
(Debug: RunAction.cc) Time: Tue Jun 10 07:49:00 2025


--------- Ranecu engine status ---------
 Initial seed (index) = 0
 Current couple of seeds = 805308820, 1984825914
----------------------------------------
(Debug: DMPX_G_factor.cc) Now shooting...

========= Table of registered couples ============================

Index : 0     used in the geometry : Yes
 Material : G4_Galactic
 Range cuts        :  gamma  10 um     e-  10 um     e+  10 um  proton 10 um 
 Energy thresholds :  gamma  1 eV     e-  1 eV     e+  1 eV  proton 1 keV
 Region(s) which use this couple : 
    DefaultRegionForTheWorld

Index : 1     used in the geometry : Yes
 Material : G4_Be
 Range cuts        :  gamma  10 um     e-  10 um     e+  10 um  proton 10 um 
 Energy thresholds :  gamma  1 eV     e-  27.99880253708374 keV    e+  27.4516030064588 keV proton 1 keV
 Region(s) which use this couple : 
    DefaultRegionForTheWorld

Index : 2     used in the geometry : Yes
 Material : KrCH4_90_10
 Range cuts        :  gamma  1 um     e-  1 um     e+  1 um  proton 0 fm 
 Energy thresholds :  gamma  1 eV     e-  1 eV     e+  1 eV  proton 0 eV 
 Region(s) which use this couple : 
    GasAndAnodesRegion

Index : 3     used in the geometry : Yes
 Material : G4_Au
 Range cuts        :  gamma  1 um     e-  1 um     e+  1 um  proton 0 fm 
 Energy thresholds :  gamma  1.721899238082278 keV    e-  14.26982100189901 keV    e+  13.91637606042289 keV proton 0 eV 
 Region(s) which use this couple : 
    GasAndAnodesRegion

==================================================================

### Run 48 starts.

--------- Ranecu engine status ---------
 Initial seed (index) = 0
 Current couple of seeds = 805308820, 1984825914
----------------------------------------
(Debug: RunAction.cc) Starting run 48
(Debug: RunAction.cc) Time: Tue Jun 10 07:49:00 2025

... create file : output.root - done
... open analysis file : output.root - done
... open analysis file : output.root - done
=====================================
  G4EventManager::ProcessOneEvent()  
=====================================
(Debug: GasBoxSD.cc) GasBoxSD Intialized!
(Debug: EventAction.cc) Beginning of event 49
(Debug: EventAction.cc) The primary vertex is: 102.27
(Debug: EventAction.cc) Primary particle energy: 5 keV
G4PrimaryTransformer::PrimaryVertex (34.28258842805563(mm),102.27(mm),0.4885167014480101(mm),0(nsec))
1 primary tracks are passed to the stack.
!!!!!!! Now start processing an event !!!!!!!

*********************************************************************************************************
* G4Track Information:   Particle = gamma,   Track ID = 1,   Parent ID = 0
*********************************************************************************************************

Step#    X(mm)    Y(mm)    Z(mm) KinE(MeV)  dE(MeV) StepLeng TrackLeng  NextVolume ProcName
    0     34.3      102    0.489     0.005        0        0         0 WorldPhysical initStep
    1    -6.28      2.5    0.489     0.005        0      108       108 physCathode1Up Transportation
    2    -6.47     2.04    0.489         0 0.000115    0.495       108 physCathode1Up phot
Track (trackID 1, parentID 0) is processed with stopping code 2

*********************************************************************************************************
* G4Track Information:   Particle = e-,   Track ID = 2,   Parent ID = 1
*********************************************************************************************************

Step#    X(mm)    Y(mm)    Z(mm) KinE(MeV)  dE(MeV) StepLeng TrackLeng  NextVolume ProcName
    0    -6.47     2.04    0.489   0.00489        0        0         0 physCathode1Up initStep
    1    -6.47     2.04    0.489   0.00474 0.000147 3.55e-05  3.55e-05 physCathode1Up msc
    2    -6.47     2.04    0.489         0  0.00474 0.000421  0.000456 physCathode1Up eIoni
Track (trackID 2, parentID 1) is processed with stopping code 2
NULL returned from G4StackManager.
Terminate current event processing.
G4TrajectoryDrawByCharge drawer named drawByCharge-0, drawing trajectory with charge, 0
, with configuration:
Name:                       default
Line colour                 (0,1,0,1) (green)
Draw line ?                 1
Line visibile ?             1
Draw auxiliary points ?     0
Auxiliary points type       2
Auxiliary points size       2
Auxiliary points fill style 2
Auxiliary points colour     (1,0,1,1) (magenta)
Auxiliary points visible ?  1
Draw step points ?          1
Step points type            1
Step points size            6
Step points fill style      2
Step points colour          (1,1,0,1) (yellow)
Step points visible ?       1
Time slice interval         0 ps 
G4TrajectoryDrawByCharge drawer named drawByCharge-0, drawing trajectory with charge, -1
, with configuration:
Name:                       default
Line colour                 (1,0,0,1) (red)
Draw line ?                 1
Line visibile ?             1
Draw auxiliary points ?     0
Auxiliary points type       2
Auxiliary points size       2
Auxiliary points fill style 2
Auxiliary points colour     (1,0,1,1) (magenta)
Auxiliary points visible ?  1
Draw step points ?          1
Step points type            1
Step points size            6
Step points fill style      2
Step points colour          (1,1,0,1) (yellow)
Step points visible ?       1
Time slice interval         0 ps 
 Run terminated.
Run Summary
  Number of events processed : 1
  User=0.020000s Real=0.045045s Sys=0.030000s
... write file : output.root - done
... close file : output.root - done
... delete empty file : output.root - done
(Debug: RunAction.cc) End of run OK!
(Debug: RunAction) Simulation finished!
(Debug: RunAction.cc) Time: Tue Jun 10 07:49:00 2025


--------- Ranecu engine status ---------
 Initial seed (index) = 0
 Current couple of seeds = 1596893438, 818268468
----------------------------------------
(Debug: DMPX_G_factor.cc) Now shooting...

========= Table of registered couples ============================

Index : 0     used in the geometry : Yes
 Material : G4_Galactic
 Range cuts        :  gamma  10 um     e-  10 um     e+  10 um  proton 10 um 
 Energy thresholds :  gamma  1 eV     e-  1 eV     e+  1 eV  proton 1 keV
 Region(s) which use this couple : 
    DefaultRegionForTheWorld

Index : 1     used in the geometry : Yes
 Material : G4_Be
 Range cuts        :  gamma  10 um     e-  10 um     e+  10 um  proton 10 um 
 Energy thresholds :  gamma  1 eV     e-  27.99880253708374 keV    e+  27.4516030064588 keV proton 1 keV
 Region(s) which use this couple : 
    DefaultRegionForTheWorld

Index : 2     used in the geometry : Yes
 Material : KrCH4_90_10
 Range cuts        :  gamma  1 um     e-  1 um     e+  1 um  proton 0 fm 
 Energy thresholds :  gamma  1 eV     e-  1 eV     e+  1 eV  proton 0 eV 
 Region(s) which use this couple : 
    GasAndAnodesRegion

Index : 3     used in the geometry : Yes
 Material : G4_Au
 Range cuts        :  gamma  1 um     e-  1 um     e+  1 um  proton 0 fm 
 Energy thresholds :  gamma  1.721899238082278 keV    e-  14.26982100189901 keV    e+  13.91637606042289 keV proton 0 eV 
 Region(s) which use this couple : 
    GasAndAnodesRegion

==================================================================

### Run 49 starts.

--------- Ranecu engine status ---------
 Initial seed (index) = 0
 Current couple of seeds = 1596893438, 818268468
----------------------------------------
(Debug: RunAction.cc) Starting run 49
(Debug: RunAction.cc) Time: Tue Jun 10 07:49:00 2025

... create file : output.root - done
... open analysis file : output.root - done
... open analysis file : output.root - done
=====================================
  G4EventManager::ProcessOneEvent()  
=====================================
(Debug: GasBoxSD.cc) GasBoxSD Intialized!
(Debug: EventAction.cc) Beginning of event 50
(Debug: EventAction.cc) The primary vertex is: 102.27
(Debug: EventAction.cc) Primary particle energy: 5 keV
G4PrimaryTransformer::PrimaryVertex (43.59895545821293(mm),102.27(mm),-0.2690689947149274(mm),0(nsec))
1 primary tracks are passed to the stack.
!!!!!!! Now start processing an event !!!!!!!

*********************************************************************************************************
* G4Track Information:   Particle = gamma,   Track ID = 1,   Parent ID = 0
*********************************************************************************************************

Step#    X(mm)    Y(mm)    Z(mm) KinE(MeV)  dE(MeV) StepLeng TrackLeng  NextVolume ProcName
    0     43.6      102   -0.269     0.005        0        0         0 WorldPhysical initStep
    1     1.14      2.5   -0.269     0.005        0      108       108 physCathode1Up Transportation
    2    0.601     1.22   -0.269         0 0.000115     1.39       110 physCathode1Up phot
Track (trackID 1, parentID 0) is processed with stopping code 2

*********************************************************************************************************
* G4Track Information:   Particle = e-,   Track ID = 2,   Parent ID = 1
*********************************************************************************************************

Step#    X(mm)    Y(mm)    Z(mm) KinE(MeV)  dE(MeV) StepLeng TrackLeng  NextVolume ProcName
    0    0.601     1.22   -0.269   0.00489        0        0         0 physCathode1Up initStep
    1    0.601     1.22   -0.269   0.00476 0.000128 3.55e-05  3.55e-05 physCathode1Up msc
    2    0.601     1.22   -0.268         0  0.00476 0.000423  0.000459 physCathode1Up eIoni
Track (trackID 2, parentID 1) is processed with stopping code 2
NULL returned from G4StackManager.
Terminate current event processing.
G4TrajectoryDrawByCharge drawer named drawByCharge-0, drawing trajectory with charge, 0
, with configuration:
Name:                       default
Line colour                 (0,1,0,1) (green)
Draw line ?                 1
Line visibile ?             1
Draw auxiliary points ?     0
Auxiliary points type       2
Auxiliary points size       2
Auxiliary points fill style 2
Auxiliary points colour     (1,0,1,1) (magenta)
Auxiliary points visible ?  1
Draw step points ?          1
Step points type            1
Step points size            6
Step points fill style      2
Step points colour          (1,1,0,1) (yellow)
Step points visible ?       1
Time slice interval         0 ps 
G4TrajectoryDrawByCharge drawer named drawByCharge-0, drawing trajectory with charge, -1
, with configuration:
Name:                       default
Line colour                 (1,0,0,1) (red)
Draw line ?                 1
Line visibile ?             1
Draw auxiliary points ?     0
Auxiliary points type       2
Auxiliary points size       2
Auxiliary points fill style 2
Auxiliary points colour     (1,0,1,1) (magenta)
Auxiliary points visible ?  1
Draw step points ?          1
Step points type            1
Step points size            6
Step points fill style      2
Step points colour          (1,1,0,1) (yellow)
Step points visible ?       1
Time slice interval         0 ps 
 Run terminated.
Run Summary
  Number of events processed : 1
  User=0.010000s Real=0.015774s Sys=0.010000s
... write file : output.root - done
... close file : output.root - done
... delete empty file : output.root - done
(Debug: RunAction.cc) End of run OK!
(Debug: RunAction) Simulation finished!
(Debug: RunAction.cc) Time: Tue Jun 10 07:49:00 2025


--------- Ranecu engine status ---------
 Initial seed (index) = 0
 Current couple of seeds = 395371626, 1017530039
----------------------------------------
(Debug: DMPX_G_factor.cc) Now shooting...

========= Table of registered couples ============================

Index : 0     used in the geometry : Yes
 Material : G4_Galactic
 Range cuts        :  gamma  10 um     e-  10 um     e+  10 um  proton 10 um 
 Energy thresholds :  gamma  1 eV     e-  1 eV     e+  1 eV  proton 1 keV
 Region(s) which use this couple : 
    DefaultRegionForTheWorld

Index : 1     used in the geometry : Yes
 Material : G4_Be
 Range cuts        :  gamma  10 um     e-  10 um     e+  10 um  proton 10 um 
 Energy thresholds :  gamma  1 eV     e-  27.99880253708374 keV    e+  27.4516030064588 keV proton 1 keV
 Region(s) which use this couple : 
    DefaultRegionForTheWorld

Index : 2     used in the geometry : Yes
 Material : KrCH4_90_10
 Range cuts        :  gamma  1 um     e-  1 um     e+  1 um  proton 0 fm 
 Energy thresholds :  gamma  1 eV     e-  1 eV     e+  1 eV  proton 0 eV 
 Region(s) which use this couple : 
    GasAndAnodesRegion

Index : 3     used in the geometry : Yes
 Material : G4_Au
 Range cuts        :  gamma  1 um     e-  1 um     e+  1 um  proton 0 fm 
 Energy thresholds :  gamma  1.721899238082278 keV    e-  14.26982100189901 keV    e+  13.91637606042289 keV proton 0 eV 
 Region(s) which use this couple : 
    GasAndAnodesRegion

==================================================================

### Run 50 starts.

--------- Ranecu engine status ---------
 Initial seed (index) = 0
 Current couple of seeds = 395371626, 1017530039
----------------------------------------
(Debug: RunAction.cc) Starting run 50
(Debug: RunAction.cc) Time: Tue Jun 10 07:49:00 2025

... create file : output.root - done
... open analysis file : output.root - done
... open analysis file : output.root - done
=====================================
  G4EventManager::ProcessOneEvent()  
=====================================
(Debug: GasBoxSD.cc) GasBoxSD Intialized!
(Debug: EventAction.cc) Beginning of event 51
(Debug: EventAction.cc) The primary vertex is: 102.27
(Debug: EventAction.cc) Primary particle energy: 5 keV
G4PrimaryTransformer::PrimaryVertex (23.56910131006442(mm),102.27(mm),1.294526629602145(mm),0(nsec))
1 primary tracks are passed to the stack.
!!!!!!! Now start processing an event !!!!!!!

*********************************************************************************************************
* G4Track Information:   Particle = gamma,   Track ID = 1,   Parent ID = 0
*********************************************************************************************************

Step#    X(mm)    Y(mm)    Z(mm) KinE(MeV)  dE(MeV) StepLeng TrackLeng  NextVolume ProcName
    0     23.6      102     1.29     0.005        0        0         0 WorldPhysical initStep
    1    -12.5      2.5     1.29     0.005        0      106       106 physCathode1Up Transportation
    2    -12.9     1.33     1.29         0 0.000115     1.24       107 physCathode1Up phot
Track (trackID 1, parentID 0) is processed with stopping code 2

*********************************************************************************************************
* G4Track Information:   Particle = e-,   Track ID = 2,   Parent ID = 1
*********************************************************************************************************

Step#    X(mm)    Y(mm)    Z(mm) KinE(MeV)  dE(MeV) StepLeng TrackLeng  NextVolume ProcName
    0    -12.9     1.33     1.29   0.00489        0        0         0 physCathode1Up initStep
    1    -12.9     1.33     1.29   0.00485  3.9e-05 3.55e-05  3.55e-05 physCathode1Up msc
    2    -12.9     1.33      1.3         0  0.00485 0.000437  0.000473 physCathode1Up eIoni
Track (trackID 2, parentID 1) is processed with stopping code 2
NULL returned from G4StackManager.
Terminate current event processing.
G4TrajectoryDrawByCharge drawer named drawByCharge-0, drawing trajectory with charge, 0
, with configuration:
Name:                       default
Line colour                 (0,1,0,1) (green)
Draw line ?                 1
Line visibile ?             1
Draw auxiliary points ?     0
Auxiliary points type       2
Auxiliary points size       2
Auxiliary points fill style 2
Auxiliary points colour     (1,0,1,1) (magenta)
Auxiliary points visible ?  1
Draw step points ?          1
Step points type            1
Step points size            6
Step points fill style      2
Step points colour          (1,1,0,1) (yellow)
Step points visible ?       1
Time slice interval         0 ps 
G4TrajectoryDrawByCharge drawer named drawByCharge-0, drawing trajectory with charge, -1
, with configuration:
Name:                       default
Line colour                 (1,0,0,1) (red)
Draw line ?                 1
Line visibile ?             1
Draw auxiliary points ?     0
Auxiliary points type       2
Auxiliary points size       2
Auxiliary points fill style 2
Auxiliary points colour     (1,0,1,1) (magenta)
Auxiliary points visible ?  1
Draw step points ?          1
Step points type            1
Step points size            6
Step points fill style      2
Step points colour          (1,1,0,1) (yellow)
Step points visible ?       1
Time slice interval         0 ps 
 Run terminated.
Run Summary
  Number of events processed : 1
  User=0.010000s Real=0.014680s Sys=0.000000s
... write file : output.root - done
... close file : output.root - done
... delete empty file : output.root - done
(Debug: RunAction.cc) End of run OK!
(Debug: RunAction) Simulation finished!
(Debug: RunAction.cc) Time: Tue Jun 10 07:49:00 2025


--------- Ranecu engine status ---------
 Initial seed (index) = 0
 Current couple of seeds = 241279347, 96478782
----------------------------------------
(Debug: DMPX_G_factor.cc) Now shooting...

========= Table of registered couples ============================

Index : 0     used in the geometry : Yes
 Material : G4_Galactic
 Range cuts        :  gamma  10 um     e-  10 um     e+  10 um  proton 10 um 
 Energy thresholds :  gamma  1 eV     e-  1 eV     e+  1 eV  proton 1 keV
 Region(s) which use this couple : 
    DefaultRegionForTheWorld

Index : 1     used in the geometry : Yes
 Material : G4_Be
 Range cuts        :  gamma  10 um     e-  10 um     e+  10 um  proton 10 um 
 Energy thresholds :  gamma  1 eV     e-  27.99880253708374 keV    e+  27.4516030064588 keV proton 1 keV
 Region(s) which use this couple : 
    DefaultRegionForTheWorld

Index : 2     used in the geometry : Yes
 Material : KrCH4_90_10
 Range cuts        :  gamma  1 um     e-  1 um     e+  1 um  proton 0 fm 
 Energy thresholds :  gamma  1 eV     e-  1 eV     e+  1 eV  proton 0 eV 
 Region(s) which use this couple : 
    GasAndAnodesRegion

Index : 3     used in the geometry : Yes
 Material : G4_Au
 Range cuts        :  gamma  1 um     e-  1 um     e+  1 um  proton 0 fm 
 Energy thresholds :  gamma  1.721899238082278 keV    e-  14.26982100189901 keV    e+  13.91637606042289 keV proton 0 eV 
 Region(s) which use this couple : 
    GasAndAnodesRegion

==================================================================

### Run 51 starts.

--------- Ranecu engine status ---------
 Initial seed (index) = 0
 Current couple of seeds = 241279347, 96478782
----------------------------------------
(Debug: RunAction.cc) Starting run 51
(Debug: RunAction.cc) Time: Tue Jun 10 07:49:00 2025

... create file : output.root - done
... open analysis file : output.root - done
... open analysis file : output.root - done
=====================================
  G4EventManager::ProcessOneEvent()  
=====================================
(Debug: GasBoxSD.cc) GasBoxSD Intialized!
(Debug: EventAction.cc) Beginning of event 52
(Debug: EventAction.cc) The primary vertex is: 102.27
(Debug: EventAction.cc) Primary particle energy: 5 keV
G4PrimaryTransformer::PrimaryVertex (39.13608287777559(mm),102.27(mm),-0.1012364420994323(mm),0(nsec))
1 primary tracks are passed to the stack.
!!!!!!! Now start processing an event !!!!!!!

*********************************************************************************************************
* G4Track Information:   Particle = gamma,   Track ID = 1,   Parent ID = 0
*********************************************************************************************************

Step#    X(mm)    Y(mm)    Z(mm) KinE(MeV)  dE(MeV) StepLeng TrackLeng  NextVolume ProcName
    0     39.1      102   -0.101     0.005        0        0         0 WorldPhysical initStep
    1       12      2.5   -0.101     0.005        0      103       103 physCathode1Up Transportation
    2     11.8     1.82   -0.101         0 0.000115    0.708       104 physCathode1Up phot
Track (trackID 1, parentID 0) is processed with stopping code 2

*********************************************************************************************************
* G4Track Information:   Particle = e-,   Track ID = 2,   Parent ID = 1
*********************************************************************************************************

Step#    X(mm)    Y(mm)    Z(mm) KinE(MeV)  dE(MeV) StepLeng TrackLeng  NextVolume ProcName
    0     11.8     1.82   -0.101   0.00489        0        0         0 physCathode1Up initStep
    1     11.8     1.82   -0.101    0.0048 8.89e-05 3.55e-05  3.55e-05 physCathode1Up msc
    2     11.8     1.82   -0.101         0   0.0048 0.000429  0.000465 physCathode1Up eIoni
Track (trackID 2, parentID 1) is processed with stopping code 2
NULL returned from G4StackManager.
Terminate current event processing.
G4TrajectoryDrawByCharge drawer named drawByCharge-0, drawing trajectory with charge, 0
, with configuration:
Name:                       default
Line colour                 (0,1,0,1) (green)
Draw line ?                 1
Line visibile ?             1
Draw auxiliary points ?     0
Auxiliary points type       2
Auxiliary points size       2
Auxiliary points fill style 2
Auxiliary points colour     (1,0,1,1) (magenta)
Auxiliary points visible ?  1
Draw step points ?          1
Step points type            1
Step points size            6
Step points fill style      2
Step points colour          (1,1,0,1) (yellow)
Step points visible ?       1
Time slice interval         0 ps 
G4TrajectoryDrawByCharge drawer named drawByCharge-0, drawing trajectory with charge, -1
, with configuration:
Name:                       default
Line colour                 (1,0,0,1) (red)
Draw line ?                 1
Line visibile ?             1
Draw auxiliary points ?     0
Auxiliary points type       2
Auxiliary points size       2
Auxiliary points fill style 2
Auxiliary points colour     (1,0,1,1) (magenta)
Auxiliary points visible ?  1
Draw step points ?          1
Step points type            1
Step points size            6
Step points fill style      2
Step points colour          (1,1,0,1) (yellow)
Step points visible ?       1
Time slice interval         0 ps 
 Run terminated.
Run Summary
  Number of events processed : 1
  User=0.010000s Real=0.009185s Sys=0.000000s
... write file : output.root - done
... close file : output.root - done
... delete empty file : output.root - done
(Debug: RunAction.cc) End of run OK!
(Debug: RunAction) Simulation finished!
(Debug: RunAction.cc) Time: Tue Jun 10 07:49:00 2025


--------- Ranecu engine status ---------
 Initial seed (index) = 0
 Current couple of seeds = 854455140, 225609823
----------------------------------------
(Debug: DMPX_G_factor.cc) Now shooting...

========= Table of registered couples ============================

Index : 0     used in the geometry : Yes
 Material : G4_Galactic
 Range cuts        :  gamma  10 um     e-  10 um     e+  10 um  proton 10 um 
 Energy thresholds :  gamma  1 eV     e-  1 eV     e+  1 eV  proton 1 keV
 Region(s) which use this couple : 
    DefaultRegionForTheWorld

Index : 1     used in the geometry : Yes
 Material : G4_Be
 Range cuts        :  gamma  10 um     e-  10 um     e+  10 um  proton 10 um 
 Energy thresholds :  gamma  1 eV     e-  27.99880253708374 keV    e+  27.4516030064588 keV proton 1 keV
 Region(s) which use this couple : 
    DefaultRegionForTheWorld

Index : 2     used in the geometry : Yes
 Material : KrCH4_90_10
 Range cuts        :  gamma  1 um     e-  1 um     e+  1 um  proton 0 fm 
 Energy thresholds :  gamma  1 eV     e-  1 eV     e+  1 eV  proton 0 eV 
 Region(s) which use this couple : 
    GasAndAnodesRegion

Index : 3     used in the geometry : Yes
 Material : G4_Au
 Range cuts        :  gamma  1 um     e-  1 um     e+  1 um  proton 0 fm 
 Energy thresholds :  gamma  1.721899238082278 keV    e-  14.26982100189901 keV    e+  13.91637606042289 keV proton 0 eV 
 Region(s) which use this couple : 
    GasAndAnodesRegion

==================================================================

### Run 52 starts.

--------- Ranecu engine status ---------
 Initial seed (index) = 0
 Current couple of seeds = 854455140, 225609823
----------------------------------------
(Debug: RunAction.cc) Starting run 52
(Debug: RunAction.cc) Time: Tue Jun 10 07:49:00 2025

... create file : output.root - done
... open analysis file : output.root - done
... open analysis file : output.root - done
=====================================
  G4EventManager::ProcessOneEvent()  
=====================================
(Debug: GasBoxSD.cc) GasBoxSD Intialized!
(Debug: EventAction.cc) Beginning of event 53
(Debug: EventAction.cc) The primary vertex is: 102.27
(Debug: EventAction.cc) Primary particle energy: 5 keV
G4PrimaryTransformer::PrimaryVertex (21.82112818599081(mm),102.27(mm),1.348646843408818(mm),0(nsec))
1 primary tracks are passed to the stack.
!!!!!!! Now start processing an event !!!!!!!

*********************************************************************************************************
* G4Track Information:   Particle = gamma,   Track ID = 1,   Parent ID = 0
*********************************************************************************************************

Step#    X(mm)    Y(mm)    Z(mm) KinE(MeV)  dE(MeV) StepLeng TrackLeng  NextVolume ProcName
    0     21.8      102     1.35     0.005        0        0         0 WorldPhysical initStep
    1    -12.3      2.5     1.35     0.005        0      105       105 physCathode1Up Transportation
    2    -12.5     1.98     1.35         0 0.000115    0.545       106 physCathode1Up phot
Track (trackID 1, parentID 0) is processed with stopping code 2

*********************************************************************************************************
* G4Track Information:   Particle = e-,   Track ID = 2,   Parent ID = 1
*********************************************************************************************************

Step#    X(mm)    Y(mm)    Z(mm) KinE(MeV)  dE(MeV) StepLeng TrackLeng  NextVolume ProcName
    0    -12.5     1.98     1.35   0.00489        0        0         0 physCathode1Up initStep
    1    -12.5     1.98     1.35   0.00446 0.000428 3.55e-05  3.55e-05 physCathode1Up msc
    2    -12.5     1.98     1.35         0  0.00446 0.000378  0.000414 physCathode1Up eIoni
Track (trackID 2, parentID 1) is processed with stopping code 2
NULL returned from G4StackManager.
Terminate current event processing.
G4TrajectoryDrawByCharge drawer named drawByCharge-0, drawing trajectory with charge, 0
, with configuration:
Name:                       default
Line colour                 (0,1,0,1) (green)
Draw line ?                 1
Line visibile ?             1
Draw auxiliary points ?     0
Auxiliary points type       2
Auxiliary points size       2
Auxiliary points fill style 2
Auxiliary points colour     (1,0,1,1) (magenta)
Auxiliary points visible ?  1
Draw step points ?          1
Step points type            1
Step points size            6
Step points fill style      2
Step points colour          (1,1,0,1) (yellow)
Step points visible ?       1
Time slice interval         0 ps 
G4TrajectoryDrawByCharge drawer named drawByCharge-0, drawing trajectory with charge, -1
, with configuration:
Name:                       default
Line colour                 (1,0,0,1) (red)
Draw line ?                 1
Line visibile ?             1
Draw auxiliary points ?     0
Auxiliary points type       2
Auxiliary points size       2
Auxiliary points fill style 2
Auxiliary points colour     (1,0,1,1) (magenta)
Auxiliary points visible ?  1
Draw step points ?          1
Step points type            1
Step points size            6
Step points fill style      2
Step points colour          (1,1,0,1) (yellow)
Step points visible ?       1
Time slice interval         0 ps 
 Run terminated.
Run Summary
  Number of events processed : 1
  User=0.010000s Real=0.014441s Sys=0.000000s
... write file : output.root - done
... close file : output.root - done
... delete empty file : output.root - done
(Debug: RunAction.cc) End of run OK!
(Debug: RunAction) Simulation finished!
(Debug: RunAction.cc) Time: Tue Jun 10 07:49:00 2025


--------- Ranecu engine status ---------
 Initial seed (index) = 0
 Current couple of seeds = 901602719, 961043089
----------------------------------------
(Debug: DMPX_G_factor.cc) Now shooting...

========= Table of registered couples ============================

Index : 0     used in the geometry : Yes
 Material : G4_Galactic
 Range cuts        :  gamma  10 um     e-  10 um     e+  10 um  proton 10 um 
 Energy thresholds :  gamma  1 eV     e-  1 eV     e+  1 eV  proton 1 keV
 Region(s) which use this couple : 
    DefaultRegionForTheWorld

Index : 1     used in the geometry : Yes
 Material : G4_Be
 Range cuts        :  gamma  10 um     e-  10 um     e+  10 um  proton 10 um 
 Energy thresholds :  gamma  1 eV     e-  27.99880253708374 keV    e+  27.4516030064588 keV proton 1 keV
 Region(s) which use this couple : 
    DefaultRegionForTheWorld

Index : 2     used in the geometry : Yes
 Material : KrCH4_90_10
 Range cuts        :  gamma  1 um     e-  1 um     e+  1 um  proton 0 fm 
 Energy thresholds :  gamma  1 eV     e-  1 eV     e+  1 eV  proton 0 eV 
 Region(s) which use this couple : 
    GasAndAnodesRegion

Index : 3     used in the geometry : Yes
 Material : G4_Au
 Range cuts        :  gamma  1 um     e-  1 um     e+  1 um  proton 0 fm 
 Energy thresholds :  gamma  1.721899238082278 keV    e-  14.26982100189901 keV    e+  13.91637606042289 keV proton 0 eV 
 Region(s) which use this couple : 
    GasAndAnodesRegion

==================================================================

### Run 53 starts.

--------- Ranecu engine status ---------
 Initial seed (index) = 0
 Current couple of seeds = 901602719, 961043089
----------------------------------------
(Debug: RunAction.cc) Starting run 53
(Debug: RunAction.cc) Time: Tue Jun 10 07:49:00 2025

... create file : output.root - done
... open analysis file : output.root - done
... open analysis file : output.root - done
=====================================
  G4EventManager::ProcessOneEvent()  
=====================================
(Debug: GasBoxSD.cc) GasBoxSD Intialized!
(Debug: EventAction.cc) Beginning of event 54
(Debug: EventAction.cc) The primary vertex is: 102.27
(Debug: EventAction.cc) Primary particle energy: 5 keV
G4PrimaryTransformer::PrimaryVertex (21.86810574901475(mm),102.27(mm),1.59287922592665(mm),0(nsec))
1 primary tracks are passed to the stack.
!!!!!!! Now start processing an event !!!!!!!

*********************************************************************************************************
* G4Track Information:   Particle = gamma,   Track ID = 1,   Parent ID = 0
*********************************************************************************************************

Step#    X(mm)    Y(mm)    Z(mm) KinE(MeV)  dE(MeV) StepLeng TrackLeng  NextVolume ProcName
    0     21.9      102     1.59     0.005        0        0         0 WorldPhysical initStep
    1    -23.2      2.5     1.59     0.005        0      109       109 physCathode1Up Transportation
    2    -23.4     1.85     1.59         0 0.000115    0.714       110 physCathode1Up phot
Track (trackID 1, parentID 0) is processed with stopping code 2

*********************************************************************************************************
* G4Track Information:   Particle = e-,   Track ID = 2,   Parent ID = 1
*********************************************************************************************************

Step#    X(mm)    Y(mm)    Z(mm) KinE(MeV)  dE(MeV) StepLeng TrackLeng  NextVolume ProcName
    0    -23.4     1.85     1.59   0.00489        0        0         0 physCathode1Up initStep
    1    -23.4     1.85     1.59   0.00445 0.000439 3.55e-05  3.55e-05 physCathode1Up msc
    2    -23.4     1.85     1.59         0  0.00445 0.000376  0.000412 physCathode1Up eIoni
Track (trackID 2, parentID 1) is processed with stopping code 2
NULL returned from G4StackManager.
Terminate current event processing.
G4TrajectoryDrawByCharge drawer named drawByCharge-0, drawing trajectory with charge, 0
, with configuration:
Name:                       default
Line colour                 (0,1,0,1) (green)
Draw line ?                 1
Line visibile ?             1
Draw auxiliary points ?     0
Auxiliary points type       2
Auxiliary points size       2
Auxiliary points fill style 2
Auxiliary points colour     (1,0,1,1) (magenta)
Auxiliary points visible ?  1
Draw step points ?          1
Step points type            1
Step points size            6
Step points fill style      2
Step points colour          (1,1,0,1) (yellow)
Step points visible ?       1
Time slice interval         0 ps 
G4TrajectoryDrawByCharge drawer named drawByCharge-0, drawing trajectory with charge, -1
, with configuration:
Name:                       default
Line colour                 (1,0,0,1) (red)
Draw line ?                 1
Line visibile ?             1
Draw auxiliary points ?     0
Auxiliary points type       2
Auxiliary points size       2
Auxiliary points fill style 2
Auxiliary points colour     (1,0,1,1) (magenta)
Auxiliary points visible ?  1
Draw step points ?          1
Step points type            1
Step points size            6
Step points fill style      2
Step points colour          (1,1,0,1) (yellow)
Step points visible ?       1
Time slice interval         0 ps 
 Run terminated.
Run Summary
  Number of events processed : 1
  User=0.000000s Real=0.004796s Sys=0.000000s
... write file : output.root - done
... close file : output.root - done
... delete empty file : output.root - done
(Debug: RunAction.cc) End of run OK!
(Debug: RunAction) Simulation finished!
(Debug: RunAction.cc) Time: Tue Jun 10 07:49:00 2025


--------- Ranecu engine status ---------
 Initial seed (index) = 0
 Current couple of seeds = 388230629, 1684097083
----------------------------------------
(Debug: DMPX_G_factor.cc) Now shooting...

========= Table of registered couples ============================

Index : 0     used in the geometry : Yes
 Material : G4_Galactic
 Range cuts        :  gamma  10 um     e-  10 um     e+  10 um  proton 10 um 
 Energy thresholds :  gamma  1 eV     e-  1 eV     e+  1 eV  proton 1 keV
 Region(s) which use this couple : 
    DefaultRegionForTheWorld

Index : 1     used in the geometry : Yes
 Material : G4_Be
 Range cuts        :  gamma  10 um     e-  10 um     e+  10 um  proton 10 um 
 Energy thresholds :  gamma  1 eV     e-  27.99880253708374 keV    e+  27.4516030064588 keV proton 1 keV
 Region(s) which use this couple : 
    DefaultRegionForTheWorld

Index : 2     used in the geometry : Yes
 Material : KrCH4_90_10
 Range cuts        :  gamma  1 um     e-  1 um     e+  1 um  proton 0 fm 
 Energy thresholds :  gamma  1 eV     e-  1 eV     e+  1 eV  proton 0 eV 
 Region(s) which use this couple : 
    GasAndAnodesRegion

Index : 3     used in the geometry : Yes
 Material : G4_Au
 Range cuts        :  gamma  1 um     e-  1 um     e+  1 um  proton 0 fm 
 Energy thresholds :  gamma  1.721899238082278 keV    e-  14.26982100189901 keV    e+  13.91637606042289 keV proton 0 eV 
 Region(s) which use this couple : 
    GasAndAnodesRegion

==================================================================

### Run 54 starts.

--------- Ranecu engine status ---------
 Initial seed (index) = 0
 Current couple of seeds = 388230629, 1684097083
----------------------------------------
(Debug: RunAction.cc) Starting run 54
(Debug: RunAction.cc) Time: Tue Jun 10 07:49:00 2025

... create file : output.root - done
... open analysis file : output.root - done
... open analysis file : output.root - done
=====================================
  G4EventManager::ProcessOneEvent()  
=====================================
(Debug: GasBoxSD.cc) GasBoxSD Intialized!
(Debug: EventAction.cc) Beginning of event 55
(Debug: EventAction.cc) The primary vertex is: 102.27
(Debug: EventAction.cc) Primary particle energy: 5 keV
G4PrimaryTransformer::PrimaryVertex (34.63486514449652(mm),102.27(mm),0.9897717271194346(mm),0(nsec))
1 primary tracks are passed to the stack.
!!!!!!! Now start processing an event !!!!!!!

*********************************************************************************************************
* G4Track Information:   Particle = gamma,   Track ID = 1,   Parent ID = 0
*********************************************************************************************************

Step#    X(mm)    Y(mm)    Z(mm) KinE(MeV)  dE(MeV) StepLeng TrackLeng  NextVolume ProcName
    0     34.6      102     0.99     0.005        0        0         0 WorldPhysical initStep
    1    -9.98      2.5     0.99     0.005        0      109       109 physCathode1Up Transportation
    2    -10.9      0.5     0.99     0.005        0     2.19       111  physGasBox Transportation
    3    -11.3     -0.5     0.99     0.005        0      1.1       113 physCathode1Down Transportation
    4    -11.6    -1.21     0.99         0 0.000115    0.777       113 physCathode1Down phot
Track (trackID 1, parentID 0) is processed with stopping code 2

*********************************************************************************************************
* G4Track Information:   Particle = e-,   Track ID = 2,   Parent ID = 1
*********************************************************************************************************

Step#    X(mm)    Y(mm)    Z(mm) KinE(MeV)  dE(MeV) StepLeng TrackLeng  NextVolume ProcName
    0    -11.6    -1.21     0.99   0.00489        0        0         0 physCathode1Down initStep
    1    -11.6    -1.21     0.99   0.00456 0.000327 3.55e-05  3.55e-05 physCathode1Down msc
    2    -11.6    -1.21     0.99         0  0.00456 0.000393  0.000429 physCathode1Down eIoni
Track (trackID 2, parentID 1) is processed with stopping code 2
NULL returned from G4StackManager.
Terminate current event processing.
G4TrajectoryDrawByCharge drawer named drawByCharge-0, drawing trajectory with charge, 0
, with configuration:
Name:                       default
Line colour                 (0,1,0,1) (green)
Draw line ?                 1
Line visibile ?             1
Draw auxiliary points ?     0
Auxiliary points type       2
Auxiliary points size       2
Auxiliary points fill style 2
Auxiliary points colour     (1,0,1,1) (magenta)
Auxiliary points visible ?  1
Draw step points ?          1
Step points type            1
Step points size            6
Step points fill style      2
Step points colour          (1,1,0,1) (yellow)
Step points visible ?       1
Time slice interval         0 ps 
G4TrajectoryDrawByCharge drawer named drawByCharge-0, drawing trajectory with charge, -1
, with configuration:
Name:                       default
Line colour                 (1,0,0,1) (red)
Draw line ?                 1
Line visibile ?             1
Draw auxiliary points ?     0
Auxiliary points type       2
Auxiliary points size       2
Auxiliary points fill style 2
Auxiliary points colour     (1,0,1,1) (magenta)
Auxiliary points visible ?  1
Draw step points ?          1
Step points type            1
Step points size            6
Step points fill style      2
Step points colour          (1,1,0,1) (yellow)
Step points visible ?       1
Time slice interval         0 ps 
 Run terminated.
Run Summary
  Number of events processed : 1
  User=0.000000s Real=0.004955s Sys=0.000000s
... write file : output.root - done
... close file : output.root - done
... delete empty file : output.root - done
(Debug: RunAction.cc) End of run OK!
(Debug: RunAction) Simulation finished!
(Debug: RunAction.cc) Time: Tue Jun 10 07:49:00 2025


--------- Ranecu engine status ---------
 Initial seed (index) = 0
 Current couple of seeds = 1867945143, 1040570725
----------------------------------------
(Debug: DMPX_G_factor.cc) Now shooting...

========= Table of registered couples ============================

Index : 0     used in the geometry : Yes
 Material : G4_Galactic
 Range cuts        :  gamma  10 um     e-  10 um     e+  10 um  proton 10 um 
 Energy thresholds :  gamma  1 eV     e-  1 eV     e+  1 eV  proton 1 keV
 Region(s) which use this couple : 
    DefaultRegionForTheWorld

Index : 1     used in the geometry : Yes
 Material : G4_Be
 Range cuts        :  gamma  10 um     e-  10 um     e+  10 um  proton 10 um 
 Energy thresholds :  gamma  1 eV     e-  27.99880253708374 keV    e+  27.4516030064588 keV proton 1 keV
 Region(s) which use this couple : 
    DefaultRegionForTheWorld

Index : 2     used in the geometry : Yes
 Material : KrCH4_90_10
 Range cuts        :  gamma  1 um     e-  1 um     e+  1 um  proton 0 fm 
 Energy thresholds :  gamma  1 eV     e-  1 eV     e+  1 eV  proton 0 eV 
 Region(s) which use this couple : 
    GasAndAnodesRegion

Index : 3     used in the geometry : Yes
 Material : G4_Au
 Range cuts        :  gamma  1 um     e-  1 um     e+  1 um  proton 0 fm 
 Energy thresholds :  gamma  1.721899238082278 keV    e-  14.26982100189901 keV    e+  13.91637606042289 keV proton 0 eV 
 Region(s) which use this couple : 
    GasAndAnodesRegion

==================================================================

### Run 55 starts.

--------- Ranecu engine status ---------
 Initial seed (index) = 0
 Current couple of seeds = 1867945143, 1040570725
----------------------------------------
(Debug: RunAction.cc) Starting run 55
(Debug: RunAction.cc) Time: Tue Jun 10 07:49:00 2025

... create file : output.root - done
... open analysis file : output.root - done
... open analysis file : output.root - done
=====================================
  G4EventManager::ProcessOneEvent()  
=====================================
(Debug: GasBoxSD.cc) GasBoxSD Intialized!
(Debug: EventAction.cc) Beginning of event 56
(Debug: EventAction.cc) The primary vertex is: 102.27
(Debug: EventAction.cc) Primary particle energy: 5 keV
G4PrimaryTransformer::PrimaryVertex (48.45438880974411(mm),102.27(mm),-1.08251711862166(mm),0(nsec))
1 primary tracks are passed to the stack.
!!!!!!! Now start processing an event !!!!!!!

*********************************************************************************************************
* G4Track Information:   Particle = gamma,   Track ID = 1,   Parent ID = 0
*********************************************************************************************************

Step#    X(mm)    Y(mm)    Z(mm) KinE(MeV)  dE(MeV) StepLeng TrackLeng  NextVolume ProcName
    0     48.5      102    -1.08     0.005        0        0         0 WorldPhysical initStep
    1     2.25      2.5    -1.08     0.005        0      110       110 physCathode1Up Transportation
    2     1.43    0.725    -1.08         0 0.000115     1.96       112 physCathode1Up phot
Track (trackID 1, parentID 0) is processed with stopping code 2

*********************************************************************************************************
* G4Track Information:   Particle = e-,   Track ID = 2,   Parent ID = 1
*********************************************************************************************************

Step#    X(mm)    Y(mm)    Z(mm) KinE(MeV)  dE(MeV) StepLeng TrackLeng  NextVolume ProcName
    0     1.43    0.725    -1.08   0.00489        0        0         0 physCathode1Up initStep
    1     1.43    0.725    -1.08   0.00477 0.000115 3.55e-05  3.55e-05 physCathode1Up msc
    2     1.43    0.725    -1.08         0  0.00477 0.000425  0.000461 physCathode1Up eIoni
Track (trackID 2, parentID 1) is processed with stopping code 2
NULL returned from G4StackManager.
Terminate current event processing.
G4TrajectoryDrawByCharge drawer named drawByCharge-0, drawing trajectory with charge, 0
, with configuration:
Name:                       default
Line colour                 (0,1,0,1) (green)
Draw line ?                 1
Line visibile ?             1
Draw auxiliary points ?     0
Auxiliary points type       2
Auxiliary points size       2
Auxiliary points fill style 2
Auxiliary points colour     (1,0,1,1) (magenta)
Auxiliary points visible ?  1
Draw step points ?          1
Step points type            1
Step points size            6
Step points fill style      2
Step points colour          (1,1,0,1) (yellow)
Step points visible ?       1
Time slice interval         0 ps 
G4TrajectoryDrawByCharge drawer named drawByCharge-0, drawing trajectory with charge, -1
, with configuration:
Name:                       default
Line colour                 (1,0,0,1) (red)
Draw line ?                 1
Line visibile ?             1
Draw auxiliary points ?     0
Auxiliary points type       2
Auxiliary points size       2
Auxiliary points fill style 2
Auxiliary points colour     (1,0,1,1) (magenta)
Auxiliary points visible ?  1
Draw step points ?          1
Step points type            1
Step points size            6
Step points fill style      2
Step points colour          (1,1,0,1) (yellow)
Step points visible ?       1
Time slice interval         0 ps 
 Run terminated.
Run Summary
  Number of events processed : 1
  User=0.000000s Real=0.005642s Sys=0.000000s
... write file : output.root - done
... close file : output.root - done
... delete empty file : output.root - done
(Debug: RunAction.cc) End of run OK!
(Debug: RunAction) Simulation finished!
(Debug: RunAction.cc) Time: Tue Jun 10 07:49:00 2025


--------- Ranecu engine status ---------
 Initial seed (index) = 0
 Current couple of seeds = 778394281, 1999460778
----------------------------------------
(Debug: DMPX_G_factor.cc) Now shooting...

========= Table of registered couples ============================

Index : 0     used in the geometry : Yes
 Material : G4_Galactic
 Range cuts        :  gamma  10 um     e-  10 um     e+  10 um  proton 10 um 
 Energy thresholds :  gamma  1 eV     e-  1 eV     e+  1 eV  proton 1 keV
 Region(s) which use this couple : 
    DefaultRegionForTheWorld

Index : 1     used in the geometry : Yes
 Material : G4_Be
 Range cuts        :  gamma  10 um     e-  10 um     e+  10 um  proton 10 um 
 Energy thresholds :  gamma  1 eV     e-  27.99880253708374 keV    e+  27.4516030064588 keV proton 1 keV
 Region(s) which use this couple : 
    DefaultRegionForTheWorld

Index : 2     used in the geometry : Yes
 Material : KrCH4_90_10
 Range cuts        :  gamma  1 um     e-  1 um     e+  1 um  proton 0 fm 
 Energy thresholds :  gamma  1 eV     e-  1 eV     e+  1 eV  proton 0 eV 
 Region(s) which use this couple : 
    GasAndAnodesRegion

Index : 3     used in the geometry : Yes
 Material : G4_Au
 Range cuts        :  gamma  1 um     e-  1 um     e+  1 um  proton 0 fm 
 Energy thresholds :  gamma  1.721899238082278 keV    e-  14.26982100189901 keV    e+  13.91637606042289 keV proton 0 eV 
 Region(s) which use this couple : 
    GasAndAnodesRegion

==================================================================

### Run 56 starts.

--------- Ranecu engine status ---------
 Initial seed (index) = 0
 Current couple of seeds = 778394281, 1999460778
----------------------------------------
(Debug: RunAction.cc) Starting run 56
(Debug: RunAction.cc) Time: Tue Jun 10 07:49:00 2025

... create file : output.root - done
... open analysis file : output.root - done
... open analysis file : output.root - done
=====================================
  G4EventManager::ProcessOneEvent()  
=====================================
(Debug: GasBoxSD.cc) GasBoxSD Intialized!
(Debug: EventAction.cc) Beginning of event 57
(Debug: EventAction.cc) The primary vertex is: 102.27
(Debug: EventAction.cc) Primary particle energy: 5 keV
G4PrimaryTransformer::PrimaryVertex (40.00184798036643(mm),102.27(mm),1.049442485547969(mm),0(nsec))
1 primary tracks are passed to the stack.
!!!!!!! Now start processing an event !!!!!!!

*********************************************************************************************************
* G4Track Information:   Particle = gamma,   Track ID = 1,   Parent ID = 0
*********************************************************************************************************

Step#    X(mm)    Y(mm)    Z(mm) KinE(MeV)  dE(MeV) StepLeng TrackLeng  NextVolume ProcName
    0       40      102     1.05     0.005        0        0         0 WorldPhysical initStep
    1     12.3      2.5     1.05     0.005        0      104       104 physCathode1Up Transportation
    2     11.7      0.5     1.05     0.005        0     2.08       106  physGasBox Transportation
    3     11.4     -0.5     1.05     0.005        0     1.04       107 physCathode1Down Transportation
    4     10.9     -2.5     1.05     0.005        0     2.08       109 WorldPhysical Transportation
    5     -127     -500     1.05     0.005        0      516       625  OutOfWorld Transportation
Track (trackID 1, parentID 0) is processed with stopping code 2
NULL returned from G4StackManager.
Terminate current event processing.
G4TrajectoryDrawByCharge drawer named drawByCharge-0, drawing trajectory with charge, 0
, with configuration:
Name:                       default
Line colour                 (0,1,0,1) (green)
Draw line ?                 1
Line visibile ?             1
Draw auxiliary points ?     0
Auxiliary points type       2
Auxiliary points size       2
Auxiliary points fill style 2
Auxiliary points colour     (1,0,1,1) (magenta)
Auxiliary points visible ?  1
Draw step points ?          1
Step points type            1
Step points size            6
Step points fill style      2
Step points colour          (1,1,0,1) (yellow)
Step points visible ?       1
Time slice interval         0 ps 
 Run terminated.
Run Summary
  Number of events processed : 1
  User=0.000000s Real=0.004183s Sys=0.000000s
... write file : output.root - done
... close file : output.root - done
... delete empty file : output.root - done
(Debug: RunAction.cc) End of run OK!
(Debug: RunAction) Simulation finished!
(Debug: RunAction.cc) Time: Tue Jun 10 07:49:00 2025


--------- Ranecu engine status ---------
 Initial seed (index) = 0
 Current couple of seeds = 206860469, 171286552
----------------------------------------
(Debug: DMPX_G_factor.cc) Now shooting...

========= Table of registered couples ============================

Index : 0     used in the geometry : Yes
 Material : G4_Galactic
 Range cuts        :  gamma  10 um     e-  10 um     e+  10 um  proton 10 um 
 Energy thresholds :  gamma  1 eV     e-  1 eV     e+  1 eV  proton 1 keV
 Region(s) which use this couple : 
    DefaultRegionForTheWorld

Index : 1     used in the geometry : Yes
 Material : G4_Be
 Range cuts        :  gamma  10 um     e-  10 um     e+  10 um  proton 10 um 
 Energy thresholds :  gamma  1 eV     e-  27.99880253708374 keV    e+  27.4516030064588 keV proton 1 keV
 Region(s) which use this couple : 
    DefaultRegionForTheWorld

Index : 2     used in the geometry : Yes
 Material : KrCH4_90_10
 Range cuts        :  gamma  1 um     e-  1 um     e+  1 um  proton 0 fm 
 Energy thresholds :  gamma  1 eV     e-  1 eV     e+  1 eV  proton 0 eV 
 Region(s) which use this couple : 
    GasAndAnodesRegion

Index : 3     used in the geometry : Yes
 Material : G4_Au
 Range cuts        :  gamma  1 um     e-  1 um     e+  1 um  proton 0 fm 
 Energy thresholds :  gamma  1.721899238082278 keV    e-  14.26982100189901 keV    e+  13.91637606042289 keV proton 0 eV 
 Region(s) which use this couple : 
    GasAndAnodesRegion

==================================================================

### Run 57 starts.

--------- Ranecu engine status ---------
 Initial seed (index) = 0
 Current couple of seeds = 206860469, 171286552
----------------------------------------
(Debug: RunAction.cc) Starting run 57
(Debug: RunAction.cc) Time: Tue Jun 10 07:49:00 2025

... create file : output.root - done
... open analysis file : output.root - done
... open analysis file : output.root - done
=====================================
  G4EventManager::ProcessOneEvent()  
=====================================
(Debug: GasBoxSD.cc) GasBoxSD Intialized!
(Debug: EventAction.cc) Beginning of event 58
(Debug: EventAction.cc) The primary vertex is: 102.27
(Debug: EventAction.cc) Primary particle energy: 5 keV
G4PrimaryTransformer::PrimaryVertex (44.07669358900392(mm),102.27(mm),1.708661317366365(mm),0(nsec))
1 primary tracks are passed to the stack.
!!!!!!! Now start processing an event !!!!!!!

*********************************************************************************************************
* G4Track Information:   Particle = gamma,   Track ID = 1,   Parent ID = 0
*********************************************************************************************************

Step#    X(mm)    Y(mm)    Z(mm) KinE(MeV)  dE(MeV) StepLeng TrackLeng  NextVolume ProcName
    0     44.1      102     1.71     0.005        0        0         0 WorldPhysical initStep
    1     15.4      2.5     1.71     0.005        0      104       104 physCathode1Up Transportation
    2     15.3     2.25     1.71         0 0.000115    0.265       104 physCathode1Up phot
Track (trackID 1, parentID 0) is processed with stopping code 2

*********************************************************************************************************
* G4Track Information:   Particle = e-,   Track ID = 2,   Parent ID = 1
*********************************************************************************************************

Step#    X(mm)    Y(mm)    Z(mm) KinE(MeV)  dE(MeV) StepLeng TrackLeng  NextVolume ProcName
    0     15.3     2.25     1.71   0.00489        0        0         0 physCathode1Up initStep
    1     15.3     2.25     1.71   0.00469 0.000191 3.55e-05  3.55e-05 physCathode1Up msc
    2     15.3     2.25     1.71         0  0.00469 0.000414  0.000449 physCathode1Up eIoni
Track (trackID 2, parentID 1) is processed with stopping code 2
NULL returned from G4StackManager.
Terminate current event processing.
G4TrajectoryDrawByCharge drawer named drawByCharge-0, drawing trajectory with charge, 0
, with configuration:
Name:                       default
Line colour                 (0,1,0,1) (green)
Draw line ?                 1
Line visibile ?             1
Draw auxiliary points ?     0
Auxiliary points type       2
Auxiliary points size       2
Auxiliary points fill style 2
Auxiliary points colour     (1,0,1,1) (magenta)
Auxiliary points visible ?  1
Draw step points ?          1
Step points type            1
Step points size            6
Step points fill style      2
Step points colour          (1,1,0,1) (yellow)
Step points visible ?       1
Time slice interval         0 ps 
G4TrajectoryDrawByCharge drawer named drawByCharge-0, drawing trajectory with charge, -1
, with configuration:
Name:                       default
Line colour                 (1,0,0,1) (red)
Draw line ?                 1
Line visibile ?             1
Draw auxiliary points ?     0
Auxiliary points type       2
Auxiliary points size       2
Auxiliary points fill style 2
Auxiliary points colour     (1,0,1,1) (magenta)
Auxiliary points visible ?  1
Draw step points ?          1
Step points type            1
Step points size            6
Step points fill style      2
Step points colour          (1,1,0,1) (yellow)
Step points visible ?       1
Time slice interval         0 ps 
 Run terminated.
Run Summary
  Number of events processed : 1
  User=0.010000s Real=0.005266s Sys=0.000000s
... write file : output.root - done
... close file : output.root - done
... delete empty file : output.root - done
(Debug: RunAction.cc) End of run OK!
(Debug: RunAction) Simulation finished!
(Debug: RunAction.cc) Time: Tue Jun 10 07:49:00 2025


--------- Ranecu engine status ---------
 Initial seed (index) = 0
 Current couple of seeds = 603671093, 293955787
----------------------------------------
(Debug: DMPX_G_factor.cc) Now shooting...

========= Table of registered couples ============================

Index : 0     used in the geometry : Yes
 Material : G4_Galactic
 Range cuts        :  gamma  10 um     e-  10 um     e+  10 um  proton 10 um 
 Energy thresholds :  gamma  1 eV     e-  1 eV     e+  1 eV  proton 1 keV
 Region(s) which use this couple : 
    DefaultRegionForTheWorld

Index : 1     used in the geometry : Yes
 Material : G4_Be
 Range cuts        :  gamma  10 um     e-  10 um     e+  10 um  proton 10 um 
 Energy thresholds :  gamma  1 eV     e-  27.99880253708374 keV    e+  27.4516030064588 keV proton 1 keV
 Region(s) which use this couple : 
    DefaultRegionForTheWorld

Index : 2     used in the geometry : Yes
 Material : KrCH4_90_10
 Range cuts        :  gamma  1 um     e-  1 um     e+  1 um  proton 0 fm 
 Energy thresholds :  gamma  1 eV     e-  1 eV     e+  1 eV  proton 0 eV 
 Region(s) which use this couple : 
    GasAndAnodesRegion

Index : 3     used in the geometry : Yes
 Material : G4_Au
 Range cuts        :  gamma  1 um     e-  1 um     e+  1 um  proton 0 fm 
 Energy thresholds :  gamma  1.721899238082278 keV    e-  14.26982100189901 keV    e+  13.91637606042289 keV proton 0 eV 
 Region(s) which use this couple : 
    GasAndAnodesRegion

==================================================================

### Run 58 starts.

--------- Ranecu engine status ---------
 Initial seed (index) = 0
 Current couple of seeds = 603671093, 293955787
----------------------------------------
(Debug: RunAction.cc) Starting run 58
(Debug: RunAction.cc) Time: Tue Jun 10 07:49:00 2025

... create file : output.root - done
... open analysis file : output.root - done
... open analysis file : output.root - done
=====================================
  G4EventManager::ProcessOneEvent()  
=====================================
(Debug: GasBoxSD.cc) GasBoxSD Intialized!
(Debug: EventAction.cc) Beginning of event 59
(Debug: EventAction.cc) The primary vertex is: 102.27
(Debug: EventAction.cc) Primary particle energy: 5 keV
G4PrimaryTransformer::PrimaryVertex (24.26400390360495(mm),102.27(mm),-1.968119537958132(mm),0(nsec))
1 primary tracks are passed to the stack.
!!!!!!! Now start processing an event !!!!!!!

*********************************************************************************************************
* G4Track Information:   Particle = gamma,   Track ID = 1,   Parent ID = 0
*********************************************************************************************************

Step#    X(mm)    Y(mm)    Z(mm) KinE(MeV)  dE(MeV) StepLeng TrackLeng  NextVolume ProcName
    0     24.3      102    -1.97     0.005        0        0         0 WorldPhysical initStep
    1    -13.8      2.5    -1.97     0.005        0      107       107 physCathode1Up Transportation
    2    -14.2     1.27    -1.97         0 0.000115     1.32       108 physCathode1Up phot
Track (trackID 1, parentID 0) is processed with stopping code 2

*********************************************************************************************************
* G4Track Information:   Particle = e-,   Track ID = 2,   Parent ID = 1
*********************************************************************************************************

Step#    X(mm)    Y(mm)    Z(mm) KinE(MeV)  dE(MeV) StepLeng TrackLeng  NextVolume ProcName
    0    -14.2     1.27    -1.97   0.00489        0        0         0 physCathode1Up initStep
    1    -14.2     1.27    -1.97    0.0046 0.000288 3.55e-05  3.55e-05 physCathode1Up msc
    2    -14.2     1.27    -1.97         0   0.0046 0.000399  0.000434 physCathode1Up eIoni
Track (trackID 2, parentID 1) is processed with stopping code 2
NULL returned from G4StackManager.
Terminate current event processing.
G4TrajectoryDrawByCharge drawer named drawByCharge-0, drawing trajectory with charge, 0
, with configuration:
Name:                       default
Line colour                 (0,1,0,1) (green)
Draw line ?                 1
Line visibile ?             1
Draw auxiliary points ?     0
Auxiliary points type       2
Auxiliary points size       2
Auxiliary points fill style 2
Auxiliary points colour     (1,0,1,1) (magenta)
Auxiliary points visible ?  1
Draw step points ?          1
Step points type            1
Step points size            6
Step points fill style      2
Step points colour          (1,1,0,1) (yellow)
Step points visible ?       1
Time slice interval         0 ps 
G4TrajectoryDrawByCharge drawer named drawByCharge-0, drawing trajectory with charge, -1
, with configuration:
Name:                       default
Line colour                 (1,0,0,1) (red)
Draw line ?                 1
Line visibile ?             1
Draw auxiliary points ?     0
Auxiliary points type       2
Auxiliary points size       2
Auxiliary points fill style 2
Auxiliary points colour     (1,0,1,1) (magenta)
Auxiliary points visible ?  1
Draw step points ?          1
Step points type            1
Step points size            6
Step points fill style      2
Step points colour          (1,1,0,1) (yellow)
Step points visible ?       1
Time slice interval         0 ps 
 Run terminated.
Run Summary
  Number of events processed : 1
  User=0.010000s Real=0.009683s Sys=0.000000s
... write file : output.root - done
... close file : output.root - done
... delete empty file : output.root - done
(Debug: RunAction.cc) End of run OK!
(Debug: RunAction) Simulation finished!
(Debug: RunAction.cc) Time: Tue Jun 10 07:49:00 2025


--------- Ranecu engine status ---------
 Initial seed (index) = 0
 Current couple of seeds = 653352750, 793306836
----------------------------------------
(Debug: DMPX_G_factor.cc) Now shooting...

========= Table of registered couples ============================

Index : 0     used in the geometry : Yes
 Material : G4_Galactic
 Range cuts        :  gamma  10 um     e-  10 um     e+  10 um  proton 10 um 
 Energy thresholds :  gamma  1 eV     e-  1 eV     e+  1 eV  proton 1 keV
 Region(s) which use this couple : 
    DefaultRegionForTheWorld

Index : 1     used in the geometry : Yes
 Material : G4_Be
 Range cuts        :  gamma  10 um     e-  10 um     e+  10 um  proton 10 um 
 Energy thresholds :  gamma  1 eV     e-  27.99880253708374 keV    e+  27.4516030064588 keV proton 1 keV
 Region(s) which use this couple : 
    DefaultRegionForTheWorld

Index : 2     used in the geometry : Yes
 Material : KrCH4_90_10
 Range cuts        :  gamma  1 um     e-  1 um     e+  1 um  proton 0 fm 
 Energy thresholds :  gamma  1 eV     e-  1 eV     e+  1 eV  proton 0 eV 
 Region(s) which use this couple : 
    GasAndAnodesRegion

Index : 3     used in the geometry : Yes
 Material : G4_Au
 Range cuts        :  gamma  1 um     e-  1 um     e+  1 um  proton 0 fm 
 Energy thresholds :  gamma  1.721899238082278 keV    e-  14.26982100189901 keV    e+  13.91637606042289 keV proton 0 eV 
 Region(s) which use this couple : 
    GasAndAnodesRegion

==================================================================

### Run 59 starts.

--------- Ranecu engine status ---------
 Initial seed (index) = 0
 Current couple of seeds = 653352750, 793306836
----------------------------------------
(Debug: RunAction.cc) Starting run 59
(Debug: RunAction.cc) Time: Tue Jun 10 07:49:00 2025

... create file : output.root - done
... open analysis file : output.root - done
... open analysis file : output.root - done
=====================================
  G4EventManager::ProcessOneEvent()  
=====================================
(Debug: GasBoxSD.cc) GasBoxSD Intialized!
(Debug: EventAction.cc) Beginning of event 60
(Debug: EventAction.cc) The primary vertex is: 102.27
(Debug: EventAction.cc) Primary particle energy: 5 keV
G4PrimaryTransformer::PrimaryVertex (44.30461513465791(mm),102.27(mm),-1.850747051197092(mm),0(nsec))
1 primary tracks are passed to the stack.
!!!!!!! Now start processing an event !!!!!!!

*********************************************************************************************************
* G4Track Information:   Particle = gamma,   Track ID = 1,   Parent ID = 0
*********************************************************************************************************

Step#    X(mm)    Y(mm)    Z(mm) KinE(MeV)  dE(MeV) StepLeng TrackLeng  NextVolume ProcName
    0     44.3      102    -1.85     0.005        0        0         0 WorldPhysical initStep
    1     17.6      2.5    -1.85     0.005        0      103       103 physCathode1Up Transportation
    2     17.1    0.941    -1.85         0 0.000115     1.61       105 physCathode1Up phot
Track (trackID 1, parentID 0) is processed with stopping code 2

*********************************************************************************************************
* G4Track Information:   Particle = e-,   Track ID = 2,   Parent ID = 1
*********************************************************************************************************

Step#    X(mm)    Y(mm)    Z(mm) KinE(MeV)  dE(MeV) StepLeng TrackLeng  NextVolume ProcName
    0     17.1    0.941    -1.85   0.00489        0        0         0 physCathode1Up initStep
    1     17.1    0.941    -1.85   0.00481 7.06e-05 3.55e-05  3.55e-05 physCathode1Up msc
    2     17.1    0.941    -1.85         0  0.00481 0.000432  0.000468 physCathode1Up eIoni
Track (trackID 2, parentID 1) is processed with stopping code 2
NULL returned from G4StackManager.
Terminate current event processing.
G4TrajectoryDrawByCharge drawer named drawByCharge-0, drawing trajectory with charge, 0
, with configuration:
Name:                       default
Line colour                 (0,1,0,1) (green)
Draw line ?                 1
Line visibile ?             1
Draw auxiliary points ?     0
Auxiliary points type       2
Auxiliary points size       2
Auxiliary points fill style 2
Auxiliary points colour     (1,0,1,1) (magenta)
Auxiliary points visible ?  1
Draw step points ?          1
Step points type            1
Step points size            6
Step points fill style      2
Step points colour          (1,1,0,1) (yellow)
Step points visible ?       1
Time slice interval         0 ps 
G4TrajectoryDrawByCharge drawer named drawByCharge-0, drawing trajectory with charge, -1
, with configuration:
Name:                       default
Line colour                 (1,0,0,1) (red)
Draw line ?                 1
Line visibile ?             1
Draw auxiliary points ?     0
Auxiliary points type       2
Auxiliary points size       2
Auxiliary points fill style 2
Auxiliary points colour     (1,0,1,1) (magenta)
Auxiliary points visible ?  1
Draw step points ?          1
Step points type            1
Step points size            6
Step points fill style      2
Step points colour          (1,1,0,1) (yellow)
Step points visible ?       1
Time slice interval         0 ps 
 Run terminated.
Run Summary
  Number of events processed : 1
  User=0.010000s Real=0.012203s Sys=0.010000s
... write file : output.root - done
... close file : output.root - done
... delete empty file : output.root - done
(Debug: RunAction.cc) End of run OK!
(Debug: RunAction) Simulation finished!
(Debug: RunAction.cc) Time: Tue Jun 10 07:49:00 2025


--------- Ranecu engine status ---------
 Initial seed (index) = 0
 Current couple of seeds = 719811696, 515870768
----------------------------------------
(Debug: DMPX_G_factor.cc) Now shooting...

========= Table of registered couples ============================

Index : 0     used in the geometry : Yes
 Material : G4_Galactic
 Range cuts        :  gamma  10 um     e-  10 um     e+  10 um  proton 10 um 
 Energy thresholds :  gamma  1 eV     e-  1 eV     e+  1 eV  proton 1 keV
 Region(s) which use this couple : 
    DefaultRegionForTheWorld

Index : 1     used in the geometry : Yes
 Material : G4_Be
 Range cuts        :  gamma  10 um     e-  10 um     e+  10 um  proton 10 um 
 Energy thresholds :  gamma  1 eV     e-  27.99880253708374 keV    e+  27.4516030064588 keV proton 1 keV
 Region(s) which use this couple : 
    DefaultRegionForTheWorld

Index : 2     used in the geometry : Yes
 Material : KrCH4_90_10
 Range cuts        :  gamma  1 um     e-  1 um     e+  1 um  proton 0 fm 
 Energy thresholds :  gamma  1 eV     e-  1 eV     e+  1 eV  proton 0 eV 
 Region(s) which use this couple : 
    GasAndAnodesRegion

Index : 3     used in the geometry : Yes
 Material : G4_Au
 Range cuts        :  gamma  1 um     e-  1 um     e+  1 um  proton 0 fm 
 Energy thresholds :  gamma  1.721899238082278 keV    e-  14.26982100189901 keV    e+  13.91637606042289 keV proton 0 eV 
 Region(s) which use this couple : 
    GasAndAnodesRegion

==================================================================

### Run 60 starts.

--------- Ranecu engine status ---------
 Initial seed (index) = 0
 Current couple of seeds = 719811696, 515870768
----------------------------------------
(Debug: RunAction.cc) Starting run 60
(Debug: RunAction.cc) Time: Tue Jun 10 07:49:00 2025

... create file : output.root - done
... open analysis file : output.root - done
... open analysis file : output.root - done
=====================================
  G4EventManager::ProcessOneEvent()  
=====================================
(Debug: GasBoxSD.cc) GasBoxSD Intialized!
(Debug: EventAction.cc) Beginning of event 61
(Debug: EventAction.cc) The primary vertex is: 102.27
(Debug: EventAction.cc) Primary particle energy: 5 keV
G4PrimaryTransformer::PrimaryVertex (25.64623633465599(mm),102.27(mm),0.6685035331494937(mm),0(nsec))
1 primary tracks are passed to the stack.
!!!!!!! Now start processing an event !!!!!!!

*********************************************************************************************************
* G4Track Information:   Particle = gamma,   Track ID = 1,   Parent ID = 0
*********************************************************************************************************

Step#    X(mm)    Y(mm)    Z(mm) KinE(MeV)  dE(MeV) StepLeng TrackLeng  NextVolume ProcName
    0     25.6      102    0.669     0.005        0        0         0 WorldPhysical initStep
    1    -16.9      2.5    0.669     0.005        0      108       108 physCathode1Up Transportation
    2      -17     2.18    0.669         0 9.32e-06     0.35       109 physCathode1Up phot
Track (trackID 1, parentID 0) is processed with stopping code 2

*********************************************************************************************************
* G4Track Information:   Particle = e-,   Track ID = 2,   Parent ID = 1
*********************************************************************************************************

Step#    X(mm)    Y(mm)    Z(mm) KinE(MeV)  dE(MeV) StepLeng TrackLeng  NextVolume ProcName
    0      -17     2.18    0.669   0.00499        0        0         0 physCathode1Up initStep
    1      -17     2.18    0.669   0.00497 1.59e-05 3.68e-05  3.68e-05 physCathode1Up msc
    2      -17     2.18    0.669         0  0.00497 0.000458  0.000495 physCathode1Up eIoni
Track (trackID 2, parentID 1) is processed with stopping code 2
NULL returned from G4StackManager.
Terminate current event processing.
G4TrajectoryDrawByCharge drawer named drawByCharge-0, drawing trajectory with charge, 0
, with configuration:
Name:                       default
Line colour                 (0,1,0,1) (green)
Draw line ?                 1
Line visibile ?             1
Draw auxiliary points ?     0
Auxiliary points type       2
Auxiliary points size       2
Auxiliary points fill style 2
Auxiliary points colour     (1,0,1,1) (magenta)
Auxiliary points visible ?  1
Draw step points ?          1
Step points type            1
Step points size            6
Step points fill style      2
Step points colour          (1,1,0,1) (yellow)
Step points visible ?       1
Time slice interval         0 ps 
G4TrajectoryDrawByCharge drawer named drawByCharge-0, drawing trajectory with charge, -1
, with configuration:
Name:                       default
Line colour                 (1,0,0,1) (red)
Draw line ?                 1
Line visibile ?             1
Draw auxiliary points ?     0
Auxiliary points type       2
Auxiliary points size       2
Auxiliary points fill style 2
Auxiliary points colour     (1,0,1,1) (magenta)
Auxiliary points visible ?  1
Draw step points ?          1
Step points type            1
Step points size            6
Step points fill style      2
Step points colour          (1,1,0,1) (yellow)
Step points visible ?       1
Time slice interval         0 ps 
 Run terminated.
Run Summary
  Number of events processed : 1
  User=0.010000s Real=0.008856s Sys=0.010000s
... write file : output.root - done
... close file : output.root - done
... delete empty file : output.root - done
(Debug: RunAction.cc) End of run OK!
(Debug: RunAction) Simulation finished!
(Debug: RunAction.cc) Time: Tue Jun 10 07:49:00 2025


--------- Ranecu engine status ---------
 Initial seed (index) = 0
 Current couple of seeds = 777493258, 116834579
----------------------------------------
(Debug: DMPX_G_factor.cc) Now shooting...

========= Table of registered couples ============================

Index : 0     used in the geometry : Yes
 Material : G4_Galactic
 Range cuts        :  gamma  10 um     e-  10 um     e+  10 um  proton 10 um 
 Energy thresholds :  gamma  1 eV     e-  1 eV     e+  1 eV  proton 1 keV
 Region(s) which use this couple : 
    DefaultRegionForTheWorld

Index : 1     used in the geometry : Yes
 Material : G4_Be
 Range cuts        :  gamma  10 um     e-  10 um     e+  10 um  proton 10 um 
 Energy thresholds :  gamma  1 eV     e-  27.99880253708374 keV    e+  27.4516030064588 keV proton 1 keV
 Region(s) which use this couple : 
    DefaultRegionForTheWorld

Index : 2     used in the geometry : Yes
 Material : KrCH4_90_10
 Range cuts        :  gamma  1 um     e-  1 um     e+  1 um  proton 0 fm 
 Energy thresholds :  gamma  1 eV     e-  1 eV     e+  1 eV  proton 0 eV 
 Region(s) which use this couple : 
    GasAndAnodesRegion

Index : 3     used in the geometry : Yes
 Material : G4_Au
 Range cuts        :  gamma  1 um     e-  1 um     e+  1 um  proton 0 fm 
 Energy thresholds :  gamma  1.721899238082278 keV    e-  14.26982100189901 keV    e+  13.91637606042289 keV proton 0 eV 
 Region(s) which use this couple : 
    GasAndAnodesRegion

==================================================================

### Run 61 starts.

--------- Ranecu engine status ---------
 Initial seed (index) = 0
 Current couple of seeds = 777493258, 116834579
----------------------------------------
(Debug: RunAction.cc) Starting run 61
(Debug: RunAction.cc) Time: Tue Jun 10 07:49:00 2025

... create file : output.root - done
... open analysis file : output.root - done
... open analysis file : output.root - done
=====================================
  G4EventManager::ProcessOneEvent()  
=====================================
(Debug: GasBoxSD.cc) GasBoxSD Intialized!
(Debug: EventAction.cc) Beginning of event 62
(Debug: EventAction.cc) The primary vertex is: 102.27
(Debug: EventAction.cc) Primary particle energy: 5 keV
G4PrimaryTransformer::PrimaryVertex (25.42013107754158(mm),102.27(mm),1.52492589373443(mm),0(nsec))
1 primary tracks are passed to the stack.
!!!!!!! Now start processing an event !!!!!!!

*********************************************************************************************************
* G4Track Information:   Particle = gamma,   Track ID = 1,   Parent ID = 0
*********************************************************************************************************

Step#    X(mm)    Y(mm)    Z(mm) KinE(MeV)  dE(MeV) StepLeng TrackLeng  NextVolume ProcName
    0     25.4      102     1.52     0.005        0        0         0 WorldPhysical initStep
    1    -2.34      2.5     1.53     0.005        0      104       104 physCathode1Up Transportation
    2    -2.36      2.4     1.53         0 0.000115    0.102       104 physCathode1Up phot
Track (trackID 1, parentID 0) is processed with stopping code 2

*********************************************************************************************************
* G4Track Information:   Particle = e-,   Track ID = 2,   Parent ID = 1
*********************************************************************************************************

Step#    X(mm)    Y(mm)    Z(mm) KinE(MeV)  dE(MeV) StepLeng TrackLeng  NextVolume ProcName
    0    -2.36      2.4     1.53   0.00489        0        0         0 physCathode1Up initStep
    1    -2.36      2.4     1.53   0.00482 6.13e-05 3.55e-05  3.55e-05 physCathode1Up msc
    2    -2.36      2.4     1.53         0  0.00482 0.000434  0.000469 physCathode1Up eIoni
Track (trackID 2, parentID 1) is processed with stopping code 2
NULL returned from G4StackManager.
Terminate current event processing.
G4TrajectoryDrawByCharge drawer named drawByCharge-0, drawing trajectory with charge, 0
, with configuration:
Name:                       default
Line colour                 (0,1,0,1) (green)
Draw line ?                 1
Line visibile ?             1
Draw auxiliary points ?     0
Auxiliary points type       2
Auxiliary points size       2
Auxiliary points fill style 2
Auxiliary points colour     (1,0,1,1) (magenta)
Auxiliary points visible ?  1
Draw step points ?          1
Step points type            1
Step points size            6
Step points fill style      2
Step points colour          (1,1,0,1) (yellow)
Step points visible ?       1
Time slice interval         0 ps 
G4TrajectoryDrawByCharge drawer named drawByCharge-0, drawing trajectory with charge, -1
, with configuration:
Name:                       default
Line colour                 (1,0,0,1) (red)
Draw line ?                 1
Line visibile ?             1
Draw auxiliary points ?     0
Auxiliary points type       2
Auxiliary points size       2
Auxiliary points fill style 2
Auxiliary points colour     (1,0,1,1) (magenta)
Auxiliary points visible ?  1
Draw step points ?          1
Step points type            1
Step points size            6
Step points fill style      2
Step points colour          (1,1,0,1) (yellow)
Step points visible ?       1
Time slice interval         0 ps 
 Run terminated.
Run Summary
  Number of events processed : 1
  User=0.010000s Real=0.005558s Sys=0.000000s
... write file : output.root - done
... close file : output.root - done
... delete empty file : output.root - done
(Debug: RunAction.cc) End of run OK!
(Debug: RunAction) Simulation finished!
(Debug: RunAction.cc) Time: Tue Jun 10 07:49:00 2025


--------- Ranecu engine status ---------
 Initial seed (index) = 0
 Current couple of seeds = 1385767851, 1999674862
----------------------------------------
(Debug: DMPX_G_factor.cc) Now shooting...

========= Table of registered couples ============================

Index : 0     used in the geometry : Yes
 Material : G4_Galactic
 Range cuts        :  gamma  10 um     e-  10 um     e+  10 um  proton 10 um 
 Energy thresholds :  gamma  1 eV     e-  1 eV     e+  1 eV  proton 1 keV
 Region(s) which use this couple : 
    DefaultRegionForTheWorld

Index : 1     used in the geometry : Yes
 Material : G4_Be
 Range cuts        :  gamma  10 um     e-  10 um     e+  10 um  proton 10 um 
 Energy thresholds :  gamma  1 eV     e-  27.99880253708374 keV    e+  27.4516030064588 keV proton 1 keV
 Region(s) which use this couple : 
    DefaultRegionForTheWorld

Index : 2     used in the geometry : Yes
 Material : KrCH4_90_10
 Range cuts        :  gamma  1 um     e-  1 um     e+  1 um  proton 0 fm 
 Energy thresholds :  gamma  1 eV     e-  1 eV     e+  1 eV  proton 0 eV 
 Region(s) which use this couple : 
    GasAndAnodesRegion

Index : 3     used in the geometry : Yes
 Material : G4_Au
 Range cuts        :  gamma  1 um     e-  1 um     e+  1 um  proton 0 fm 
 Energy thresholds :  gamma  1.721899238082278 keV    e-  14.26982100189901 keV    e+  13.91637606042289 keV proton 0 eV 
 Region(s) which use this couple : 
    GasAndAnodesRegion

==================================================================

### Run 62 starts.

--------- Ranecu engine status ---------
 Initial seed (index) = 0
 Current couple of seeds = 1385767851, 1999674862
----------------------------------------
(Debug: RunAction.cc) Starting run 62
(Debug: RunAction.cc) Time: Tue Jun 10 07:49:00 2025

... create file : output.root - done
... open analysis file : output.root - done
... open analysis file : output.root - done
=====================================
  G4EventManager::ProcessOneEvent()  
=====================================
(Debug: GasBoxSD.cc) GasBoxSD Intialized!
(Debug: EventAction.cc) Beginning of event 63
(Debug: EventAction.cc) The primary vertex is: 102.27
(Debug: EventAction.cc) Primary particle energy: 5 keV
G4PrimaryTransformer::PrimaryVertex (43.53586752830014(mm),102.27(mm),-1.779850814221076(mm),0(nsec))
1 primary tracks are passed to the stack.
!!!!!!! Now start processing an event !!!!!!!

*********************************************************************************************************
* G4Track Information:   Particle = gamma,   Track ID = 1,   Parent ID = 0
*********************************************************************************************************

Step#    X(mm)    Y(mm)    Z(mm) KinE(MeV)  dE(MeV) StepLeng TrackLeng  NextVolume ProcName
    0     43.5      102    -1.78     0.005        0        0         0 WorldPhysical initStep
    1     2.51      2.5    -1.78     0.005        0      108       108 physCathode1Up Transportation
    2     2.39     2.19    -1.78     0.005        0    0.337       108 physCathode1Up Rayl
    3     1.93      0.5   -0.538     0.005        0     2.14       110  physGasBox Transportation
    4     1.67     -0.5    0.197     0.005        0     1.27       112 physCathode1Down Transportation
    5     1.27       -2      1.3         0 0.000115      1.9       114 physCathode1Down phot
Track (trackID 1, parentID 0) is processed with stopping code 2

*********************************************************************************************************
* G4Track Information:   Particle = e-,   Track ID = 2,   Parent ID = 1
*********************************************************************************************************

Step#    X(mm)    Y(mm)    Z(mm) KinE(MeV)  dE(MeV) StepLeng TrackLeng  NextVolume ProcName
    0     1.27       -2      1.3   0.00489        0        0         0 physCathode1Down initStep
    1     1.27       -2      1.3    0.0048 8.71e-05 3.55e-05  3.55e-05 physCathode1Down msc
    2     1.27       -2      1.3         0   0.0048  0.00043  0.000465 physCathode1Down eIoni
Track (trackID 2, parentID 1) is processed with stopping code 2
NULL returned from G4StackManager.
Terminate current event processing.
G4TrajectoryDrawByCharge drawer named drawByCharge-0, drawing trajectory with charge, 0
, with configuration:
Name:                       default
Line colour                 (0,1,0,1) (green)
Draw line ?                 1
Line visibile ?             1
Draw auxiliary points ?     0
Auxiliary points type       2
Auxiliary points size       2
Auxiliary points fill style 2
Auxiliary points colour     (1,0,1,1) (magenta)
Auxiliary points visible ?  1
Draw step points ?          1
Step points type            1
Step points size            6
Step points fill style      2
Step points colour          (1,1,0,1) (yellow)
Step points visible ?       1
Time slice interval         0 ps 
G4TrajectoryDrawByCharge drawer named drawByCharge-0, drawing trajectory with charge, -1
, with configuration:
Name:                       default
Line colour                 (1,0,0,1) (red)
Draw line ?                 1
Line visibile ?             1
Draw auxiliary points ?     0
Auxiliary points type       2
Auxiliary points size       2
Auxiliary points fill style 2
Auxiliary points colour     (1,0,1,1) (magenta)
Auxiliary points visible ?  1
Draw step points ?          1
Step points type            1
Step points size            6
Step points fill style      2
Step points colour          (1,1,0,1) (yellow)
Step points visible ?       1
Time slice interval         0 ps 
 Run terminated.
Run Summary
  Number of events processed : 1
  User=0.010000s Real=0.005138s Sys=0.000000s
... write file : output.root - done
... close file : output.root - done
... delete empty file : output.root - done
(Debug: RunAction.cc) End of run OK!
(Debug: RunAction) Simulation finished!
(Debug: RunAction.cc) Time: Tue Jun 10 07:49:00 2025


--------- Ranecu engine status ---------
 Initial seed (index) = 0
 Current couple of seeds = 1978270185, 292238016
----------------------------------------
(Debug: DMPX_G_factor.cc) Now shooting...

========= Table of registered couples ============================

Index : 0     used in the geometry : Yes
 Material : G4_Galactic
 Range cuts        :  gamma  10 um     e-  10 um     e+  10 um  proton 10 um 
 Energy thresholds :  gamma  1 eV     e-  1 eV     e+  1 eV  proton 1 keV
 Region(s) which use this couple : 
    DefaultRegionForTheWorld

Index : 1     used in the geometry : Yes
 Material : G4_Be
 Range cuts        :  gamma  10 um     e-  10 um     e+  10 um  proton 10 um 
 Energy thresholds :  gamma  1 eV     e-  27.99880253708374 keV    e+  27.4516030064588 keV proton 1 keV
 Region(s) which use this couple : 
    DefaultRegionForTheWorld

Index : 2     used in the geometry : Yes
 Material : KrCH4_90_10
 Range cuts        :  gamma  1 um     e-  1 um     e+  1 um  proton 0 fm 
 Energy thresholds :  gamma  1 eV     e-  1 eV     e+  1 eV  proton 0 eV 
 Region(s) which use this couple : 
    GasAndAnodesRegion

Index : 3     used in the geometry : Yes
 Material : G4_Au
 Range cuts        :  gamma  1 um     e-  1 um     e+  1 um  proton 0 fm 
 Energy thresholds :  gamma  1.721899238082278 keV    e-  14.26982100189901 keV    e+  13.91637606042289 keV proton 0 eV 
 Region(s) which use this couple : 
    GasAndAnodesRegion

==================================================================

### Run 63 starts.

--------- Ranecu engine status ---------
 Initial seed (index) = 0
 Current couple of seeds = 1978270185, 292238016
----------------------------------------
(Debug: RunAction.cc) Starting run 63
(Debug: RunAction.cc) Time: Tue Jun 10 07:49:00 2025

... create file : output.root - done
... open analysis file : output.root - done
... open analysis file : output.root - done
=====================================
  G4EventManager::ProcessOneEvent()  
=====================================
(Debug: GasBoxSD.cc) GasBoxSD Intialized!
(Debug: EventAction.cc) Beginning of event 64
(Debug: EventAction.cc) The primary vertex is: 102.27
(Debug: EventAction.cc) Primary particle energy: 5 keV
G4PrimaryTransformer::PrimaryVertex (36.72003004617024(mm),102.27(mm),-0.3015641221958152(mm),0(nsec))
1 primary tracks are passed to the stack.
!!!!!!! Now start processing an event !!!!!!!

*********************************************************************************************************
* G4Track Information:   Particle = gamma,   Track ID = 1,   Parent ID = 0
*********************************************************************************************************

Step#    X(mm)    Y(mm)    Z(mm) KinE(MeV)  dE(MeV) StepLeng TrackLeng  NextVolume ProcName
    0     36.7      102   -0.302     0.005        0        0         0 WorldPhysical initStep
    1     1.46      2.5   -0.301     0.005        0      106       106 physCathode1Up Transportation
    2     1.38     2.28   -0.301         0 0.000115    0.234       106 physCathode1Up phot
Track (trackID 1, parentID 0) is processed with stopping code 2

*********************************************************************************************************
* G4Track Information:   Particle = e-,   Track ID = 2,   Parent ID = 1
*********************************************************************************************************

Step#    X(mm)    Y(mm)    Z(mm) KinE(MeV)  dE(MeV) StepLeng TrackLeng  NextVolume ProcName
    0     1.38     2.28   -0.301   0.00489        0        0         0 physCathode1Up initStep
    1     1.38     2.28   -0.301   0.00489        0 3.55e-05  3.55e-05 physCathode1Up msc
    2     1.38     2.28   -0.301         0  0.00489 0.000443  0.000479 physCathode1Up eIoni
Track (trackID 2, parentID 1) is processed with stopping code 2
NULL returned from G4StackManager.
Terminate current event processing.
G4TrajectoryDrawByCharge drawer named drawByCharge-0, drawing trajectory with charge, 0
, with configuration:
Name:                       default
Line colour                 (0,1,0,1) (green)
Draw line ?                 1
Line visibile ?             1
Draw auxiliary points ?     0
Auxiliary points type       2
Auxiliary points size       2
Auxiliary points fill style 2
Auxiliary points colour     (1,0,1,1) (magenta)
Auxiliary points visible ?  1
Draw step points ?          1
Step points type            1
Step points size            6
Step points fill style      2
Step points colour          (1,1,0,1) (yellow)
Step points visible ?       1
Time slice interval         0 ps 
G4TrajectoryDrawByCharge drawer named drawByCharge-0, drawing trajectory with charge, -1
, with configuration:
Name:                       default
Line colour                 (1,0,0,1) (red)
Draw line ?                 1
Line visibile ?             1
Draw auxiliary points ?     0
Auxiliary points type       2
Auxiliary points size       2
Auxiliary points fill style 2
Auxiliary points colour     (1,0,1,1) (magenta)
Auxiliary points visible ?  1
Draw step points ?          1
Step points type            1
Step points size            6
Step points fill style      2
Step points colour          (1,1,0,1) (yellow)
Step points visible ?       1
Time slice interval         0 ps 
 Run terminated.
Run Summary
  Number of events processed : 1
  User=0.010000s Real=0.006372s Sys=0.010000s
... write file : output.root - done
... close file : output.root - done
... delete empty file : output.root - done
(Debug: RunAction.cc) End of run OK!
(Debug: RunAction) Simulation finished!
(Debug: RunAction.cc) Time: Tue Jun 10 07:49:01 2025


--------- Ranecu engine status ---------
 Initial seed (index) = 0
 Current couple of seeds = 1558571807, 1357494387
----------------------------------------
(Debug: DMPX_G_factor.cc) Now shooting...

========= Table of registered couples ============================

Index : 0     used in the geometry : Yes
 Material : G4_Galactic
 Range cuts        :  gamma  10 um     e-  10 um     e+  10 um  proton 10 um 
 Energy thresholds :  gamma  1 eV     e-  1 eV     e+  1 eV  proton 1 keV
 Region(s) which use this couple : 
    DefaultRegionForTheWorld

Index : 1     used in the geometry : Yes
 Material : G4_Be
 Range cuts        :  gamma  10 um     e-  10 um     e+  10 um  proton 10 um 
 Energy thresholds :  gamma  1 eV     e-  27.99880253708374 keV    e+  27.4516030064588 keV proton 1 keV
 Region(s) which use this couple : 
    DefaultRegionForTheWorld

Index : 2     used in the geometry : Yes
 Material : KrCH4_90_10
 Range cuts        :  gamma  1 um     e-  1 um     e+  1 um  proton 0 fm 
 Energy thresholds :  gamma  1 eV     e-  1 eV     e+  1 eV  proton 0 eV 
 Region(s) which use this couple : 
    GasAndAnodesRegion

Index : 3     used in the geometry : Yes
 Material : G4_Au
 Range cuts        :  gamma  1 um     e-  1 um     e+  1 um  proton 0 fm 
 Energy thresholds :  gamma  1.721899238082278 keV    e-  14.26982100189901 keV    e+  13.91637606042289 keV proton 0 eV 
 Region(s) which use this couple : 
    GasAndAnodesRegion

==================================================================

### Run 64 starts.

--------- Ranecu engine status ---------
 Initial seed (index) = 0
 Current couple of seeds = 1558571807, 1357494387
----------------------------------------
(Debug: RunAction.cc) Starting run 64
(Debug: RunAction.cc) Time: Tue Jun 10 07:49:01 2025

... create file : output.root - done
... open analysis file : output.root - done
... open analysis file : output.root - done
=====================================
  G4EventManager::ProcessOneEvent()  
=====================================
(Debug: GasBoxSD.cc) GasBoxSD Intialized!
(Debug: EventAction.cc) Beginning of event 65
(Debug: EventAction.cc) The primary vertex is: 102.27
(Debug: EventAction.cc) Primary particle energy: 5 keV
G4PrimaryTransformer::PrimaryVertex (23.4588180133772(mm),102.27(mm),-0.246275908826969(mm),0(nsec))
1 primary tracks are passed to the stack.
!!!!!!! Now start processing an event !!!!!!!

*********************************************************************************************************
* G4Track Information:   Particle = gamma,   Track ID = 1,   Parent ID = 0
*********************************************************************************************************

Step#    X(mm)    Y(mm)    Z(mm) KinE(MeV)  dE(MeV) StepLeng TrackLeng  NextVolume ProcName
    0     23.5      102   -0.246     0.005        0        0         0 WorldPhysical initStep
    1    -15.6      2.5   -0.246     0.005        0      107       107 physCathode1Up Transportation
    2    -16.2      1.2   -0.246         0 0.000115     1.39       109 physCathode1Up phot
Track (trackID 1, parentID 0) is processed with stopping code 2

*********************************************************************************************************
* G4Track Information:   Particle = e-,   Track ID = 2,   Parent ID = 1
*********************************************************************************************************

Step#    X(mm)    Y(mm)    Z(mm) KinE(MeV)  dE(MeV) StepLeng TrackLeng  NextVolume ProcName
    0    -16.2      1.2   -0.246   0.00489        0        0         0 physCathode1Up initStep
    1    -16.2      1.2   -0.246   0.00484 4.54e-05 3.55e-05  3.55e-05 physCathode1Up msc
    2    -16.2      1.2   -0.246         0  0.00484 0.000436  0.000472 physCathode1Up eIoni
Track (trackID 2, parentID 1) is processed with stopping code 2
NULL returned from G4StackManager.
Terminate current event processing.
G4TrajectoryDrawByCharge drawer named drawByCharge-0, drawing trajectory with charge, 0
, with configuration:
Name:                       default
Line colour                 (0,1,0,1) (green)
Draw line ?                 1
Line visibile ?             1
Draw auxiliary points ?     0
Auxiliary points type       2
Auxiliary points size       2
Auxiliary points fill style 2
Auxiliary points colour     (1,0,1,1) (magenta)
Auxiliary points visible ?  1
Draw step points ?          1
Step points type            1
Step points size            6
Step points fill style      2
Step points colour          (1,1,0,1) (yellow)
Step points visible ?       1
Time slice interval         0 ps 
G4TrajectoryDrawByCharge drawer named drawByCharge-0, drawing trajectory with charge, -1
, with configuration:
Name:                       default
Line colour                 (1,0,0,1) (red)
Draw line ?                 1
Line visibile ?             1
Draw auxiliary points ?     0
Auxiliary points type       2
Auxiliary points size       2
Auxiliary points fill style 2
Auxiliary points colour     (1,0,1,1) (magenta)
Auxiliary points visible ?  1
Draw step points ?          1
Step points type            1
Step points size            6
Step points fill style      2
Step points colour          (1,1,0,1) (yellow)
Step points visible ?       1
Time slice interval         0 ps 
 Run terminated.
Run Summary
  Number of events processed : 1
  User=0.010000s Real=0.006157s Sys=0.000000s
... write file : output.root - done
... close file : output.root - done
... delete empty file : output.root - done
(Debug: RunAction.cc) End of run OK!
(Debug: RunAction) Simulation finished!
(Debug: RunAction.cc) Time: Tue Jun 10 07:49:01 2025


--------- Ranecu engine status ---------
 Initial seed (index) = 0
 Current couple of seeds = 1435598974, 23584316
----------------------------------------
(Debug: DMPX_G_factor.cc) Now shooting...

========= Table of registered couples ============================

Index : 0     used in the geometry : Yes
 Material : G4_Galactic
 Range cuts        :  gamma  10 um     e-  10 um     e+  10 um  proton 10 um 
 Energy thresholds :  gamma  1 eV     e-  1 eV     e+  1 eV  proton 1 keV
 Region(s) which use this couple : 
    DefaultRegionForTheWorld

Index : 1     used in the geometry : Yes
 Material : G4_Be
 Range cuts        :  gamma  10 um     e-  10 um     e+  10 um  proton 10 um 
 Energy thresholds :  gamma  1 eV     e-  27.99880253708374 keV    e+  27.4516030064588 keV proton 1 keV
 Region(s) which use this couple : 
    DefaultRegionForTheWorld

Index : 2     used in the geometry : Yes
 Material : KrCH4_90_10
 Range cuts        :  gamma  1 um     e-  1 um     e+  1 um  proton 0 fm 
 Energy thresholds :  gamma  1 eV     e-  1 eV     e+  1 eV  proton 0 eV 
 Region(s) which use this couple : 
    GasAndAnodesRegion

Index : 3     used in the geometry : Yes
 Material : G4_Au
 Range cuts        :  gamma  1 um     e-  1 um     e+  1 um  proton 0 fm 
 Energy thresholds :  gamma  1.721899238082278 keV    e-  14.26982100189901 keV    e+  13.91637606042289 keV proton 0 eV 
 Region(s) which use this couple : 
    GasAndAnodesRegion

==================================================================

### Run 65 starts.

--------- Ranecu engine status ---------
 Initial seed (index) = 0
 Current couple of seeds = 1435598974, 23584316
----------------------------------------
(Debug: RunAction.cc) Starting run 65
(Debug: RunAction.cc) Time: Tue Jun 10 07:49:01 2025

... create file : output.root - done
... open analysis file : output.root - done
... open analysis file : output.root - done
=====================================
  G4EventManager::ProcessOneEvent()  
=====================================
(Debug: GasBoxSD.cc) GasBoxSD Intialized!
(Debug: EventAction.cc) Beginning of event 66
(Debug: EventAction.cc) The primary vertex is: 102.27
(Debug: EventAction.cc) Primary particle energy: 5 keV
G4PrimaryTransformer::PrimaryVertex (38.48481448774425(mm),102.27(mm),0.08029331727513833(mm),0(nsec))
1 primary tracks are passed to the stack.
!!!!!!! Now start processing an event !!!!!!!

*********************************************************************************************************
* G4Track Information:   Particle = gamma,   Track ID = 1,   Parent ID = 0
*********************************************************************************************************

Step#    X(mm)    Y(mm)    Z(mm) KinE(MeV)  dE(MeV) StepLeng TrackLeng  NextVolume ProcName
    0     38.5      102   0.0803     0.005        0        0         0 WorldPhysical initStep
    1      9.9      2.5   0.0807     0.005        0      104       104 physCathode1Up Transportation
    2     9.62     1.54   0.0807         0 0.000115    0.995       105 physCathode1Up phot
Track (trackID 1, parentID 0) is processed with stopping code 2

*********************************************************************************************************
* G4Track Information:   Particle = e-,   Track ID = 2,   Parent ID = 1
*********************************************************************************************************

Step#    X(mm)    Y(mm)    Z(mm) KinE(MeV)  dE(MeV) StepLeng TrackLeng  NextVolume ProcName
    0     9.62     1.54   0.0807   0.00489        0        0         0 physCathode1Up initStep
    1     9.62     1.54   0.0807   0.00459 0.000298 3.55e-05  3.55e-05 physCathode1Up msc
    2     9.62     1.54   0.0807         0  0.00459 0.000397  0.000433 physCathode1Up eIoni
Track (trackID 2, parentID 1) is processed with stopping code 2
NULL returned from G4StackManager.
Terminate current event processing.
G4TrajectoryDrawByCharge drawer named drawByCharge-0, drawing trajectory with charge, 0
, with configuration:
Name:                       default
Line colour                 (0,1,0,1) (green)
Draw line ?                 1
Line visibile ?             1
Draw auxiliary points ?     0
Auxiliary points type       2
Auxiliary points size       2
Auxiliary points fill style 2
Auxiliary points colour     (1,0,1,1) (magenta)
Auxiliary points visible ?  1
Draw step points ?          1
Step points type            1
Step points size            6
Step points fill style      2
Step points colour          (1,1,0,1) (yellow)
Step points visible ?       1
Time slice interval         0 ps 
G4TrajectoryDrawByCharge drawer named drawByCharge-0, drawing trajectory with charge, -1
, with configuration:
Name:                       default
Line colour                 (1,0,0,1) (red)
Draw line ?                 1
Line visibile ?             1
Draw auxiliary points ?     0
Auxiliary points type       2
Auxiliary points size       2
Auxiliary points fill style 2
Auxiliary points colour     (1,0,1,1) (magenta)
Auxiliary points visible ?  1
Draw step points ?          1
Step points type            1
Step points size            6
Step points fill style      2
Step points colour          (1,1,0,1) (yellow)
Step points visible ?       1
Time slice interval         0 ps 
 Run terminated.
Run Summary
  Number of events processed : 1
  User=0.000000s Real=0.005348s Sys=0.000000s
... write file : output.root - done
... close file : output.root - done
... delete empty file : output.root - done
(Debug: RunAction.cc) End of run OK!
(Debug: RunAction) Simulation finished!
(Debug: RunAction.cc) Time: Tue Jun 10 07:49:01 2025


--------- Ranecu engine status ---------
 Initial seed (index) = 0
 Current couple of seeds = 808162802, 841073
----------------------------------------
(Debug: DMPX_G_factor.cc) Now shooting...

========= Table of registered couples ============================

Index : 0     used in the geometry : Yes
 Material : G4_Galactic
 Range cuts        :  gamma  10 um     e-  10 um     e+  10 um  proton 10 um 
 Energy thresholds :  gamma  1 eV     e-  1 eV     e+  1 eV  proton 1 keV
 Region(s) which use this couple : 
    DefaultRegionForTheWorld

Index : 1     used in the geometry : Yes
 Material : G4_Be
 Range cuts        :  gamma  10 um     e-  10 um     e+  10 um  proton 10 um 
 Energy thresholds :  gamma  1 eV     e-  27.99880253708374 keV    e+  27.4516030064588 keV proton 1 keV
 Region(s) which use this couple : 
    DefaultRegionForTheWorld

Index : 2     used in the geometry : Yes
 Material : KrCH4_90_10
 Range cuts        :  gamma  1 um     e-  1 um     e+  1 um  proton 0 fm 
 Energy thresholds :  gamma  1 eV     e-  1 eV     e+  1 eV  proton 0 eV 
 Region(s) which use this couple : 
    GasAndAnodesRegion

Index : 3     used in the geometry : Yes
 Material : G4_Au
 Range cuts        :  gamma  1 um     e-  1 um     e+  1 um  proton 0 fm 
 Energy thresholds :  gamma  1.721899238082278 keV    e-  14.26982100189901 keV    e+  13.91637606042289 keV proton 0 eV 
 Region(s) which use this couple : 
    GasAndAnodesRegion

==================================================================

### Run 66 starts.

--------- Ranecu engine status ---------
 Initial seed (index) = 0
 Current couple of seeds = 808162802, 841073
----------------------------------------
(Debug: RunAction.cc) Starting run 66
(Debug: RunAction.cc) Time: Tue Jun 10 07:49:01 2025

... create file : output.root - done
... open analysis file : output.root - done
... open analysis file : output.root - done
=====================================
  G4EventManager::ProcessOneEvent()  
=====================================
(Debug: GasBoxSD.cc) GasBoxSD Intialized!
(Debug: EventAction.cc) Beginning of event 67
(Debug: EventAction.cc) The primary vertex is: 102.27
(Debug: EventAction.cc) Primary particle energy: 5 keV
G4PrimaryTransformer::PrimaryVertex (37.11643825045783(mm),102.27(mm),0.6398111037145031(mm),0(nsec))
1 primary tracks are passed to the stack.
!!!!!!! Now start processing an event !!!!!!!

*********************************************************************************************************
* G4Track Information:   Particle = gamma,   Track ID = 1,   Parent ID = 0
*********************************************************************************************************

Step#    X(mm)    Y(mm)    Z(mm) KinE(MeV)  dE(MeV) StepLeng TrackLeng  NextVolume ProcName
    0     37.1      102     0.64     0.005        0        0         0 WorldPhysical initStep
    1      4.5      2.5     0.64     0.005        0      105       105 physCathode1Up Transportation
    2     4.03     1.08     0.64         0 0.000115     1.49       106 physCathode1Up phot
Track (trackID 1, parentID 0) is processed with stopping code 2

*********************************************************************************************************
* G4Track Information:   Particle = e-,   Track ID = 2,   Parent ID = 1
*********************************************************************************************************

Step#    X(mm)    Y(mm)    Z(mm) KinE(MeV)  dE(MeV) StepLeng TrackLeng  NextVolume ProcName
    0     4.03     1.08     0.64   0.00489        0        0         0 physCathode1Up initStep
    1     4.03     1.08     0.64   0.00466 0.000223 3.55e-05  3.55e-05 physCathode1Up msc
    2     4.03     1.08     0.64         0  0.00466 0.000409  0.000444 physCathode1Up eIoni
Track (trackID 2, parentID 1) is processed with stopping code 2
NULL returned from G4StackManager.
Terminate current event processing.
G4TrajectoryDrawByCharge drawer named drawByCharge-0, drawing trajectory with charge, 0
, with configuration:
Name:                       default
Line colour                 (0,1,0,1) (green)
Draw line ?                 1
Line visibile ?             1
Draw auxiliary points ?     0
Auxiliary points type       2
Auxiliary points size       2
Auxiliary points fill style 2
Auxiliary points colour     (1,0,1,1) (magenta)
Auxiliary points visible ?  1
Draw step points ?          1
Step points type            1
Step points size            6
Step points fill style      2
Step points colour          (1,1,0,1) (yellow)
Step points visible ?       1
Time slice interval         0 ps 
G4TrajectoryDrawByCharge drawer named drawByCharge-0, drawing trajectory with charge, -1
, with configuration:
Name:                       default
Line colour                 (1,0,0,1) (red)
Draw line ?                 1
Line visibile ?             1
Draw auxiliary points ?     0
Auxiliary points type       2
Auxiliary points size       2
Auxiliary points fill style 2
Auxiliary points colour     (1,0,1,1) (magenta)
Auxiliary points visible ?  1
Draw step points ?          1
Step points type            1
Step points size            6
Step points fill style      2
Step points colour          (1,1,0,1) (yellow)
Step points visible ?       1
Time slice interval         0 ps 
 Run terminated.
Run Summary
  Number of events processed : 1
  User=0.000000s Real=0.005940s Sys=0.010000s
... write file : output.root - done
... close file : output.root - done
... delete empty file : output.root - done
(Debug: RunAction.cc) End of run OK!
(Debug: RunAction) Simulation finished!
(Debug: RunAction.cc) Time: Tue Jun 10 07:49:01 2025


--------- Ranecu engine status ---------
 Initial seed (index) = 0
 Current couple of seeds = 2015418730, 1185492460
----------------------------------------
(Debug: DMPX_G_factor.cc) Now shooting...

========= Table of registered couples ============================

Index : 0     used in the geometry : Yes
 Material : G4_Galactic
 Range cuts        :  gamma  10 um     e-  10 um     e+  10 um  proton 10 um 
 Energy thresholds :  gamma  1 eV     e-  1 eV     e+  1 eV  proton 1 keV
 Region(s) which use this couple : 
    DefaultRegionForTheWorld

Index : 1     used in the geometry : Yes
 Material : G4_Be
 Range cuts        :  gamma  10 um     e-  10 um     e+  10 um  proton 10 um 
 Energy thresholds :  gamma  1 eV     e-  27.99880253708374 keV    e+  27.4516030064588 keV proton 1 keV
 Region(s) which use this couple : 
    DefaultRegionForTheWorld

Index : 2     used in the geometry : Yes
 Material : KrCH4_90_10
 Range cuts        :  gamma  1 um     e-  1 um     e+  1 um  proton 0 fm 
 Energy thresholds :  gamma  1 eV     e-  1 eV     e+  1 eV  proton 0 eV 
 Region(s) which use this couple : 
    GasAndAnodesRegion

Index : 3     used in the geometry : Yes
 Material : G4_Au
 Range cuts        :  gamma  1 um     e-  1 um     e+  1 um  proton 0 fm 
 Energy thresholds :  gamma  1.721899238082278 keV    e-  14.26982100189901 keV    e+  13.91637606042289 keV proton 0 eV 
 Region(s) which use this couple : 
    GasAndAnodesRegion

==================================================================

### Run 67 starts.

--------- Ranecu engine status ---------
 Initial seed (index) = 0
 Current couple of seeds = 2015418730, 1185492460
----------------------------------------
(Debug: RunAction.cc) Starting run 67
(Debug: RunAction.cc) Time: Tue Jun 10 07:49:01 2025

... create file : output.root - done
... open analysis file : output.root - done
... open analysis file : output.root - done
=====================================
  G4EventManager::ProcessOneEvent()  
=====================================
(Debug: GasBoxSD.cc) GasBoxSD Intialized!
(Debug: EventAction.cc) Beginning of event 68
(Debug: EventAction.cc) The primary vertex is: 102.27
(Debug: EventAction.cc) Primary particle energy: 5 keV
G4PrimaryTransformer::PrimaryVertex (42.27206655364023(mm),102.27(mm),1.570524493078588(mm),0(nsec))
1 primary tracks are passed to the stack.
!!!!!!! Now start processing an event !!!!!!!

*********************************************************************************************************
* G4Track Information:   Particle = gamma,   Track ID = 1,   Parent ID = 0
*********************************************************************************************************

Step#    X(mm)    Y(mm)    Z(mm) KinE(MeV)  dE(MeV) StepLeng TrackLeng  NextVolume ProcName
    0     42.3      102     1.57     0.005        0        0         0 WorldPhysical initStep
    1    -2.64      2.5     1.57     0.005        0      109       109 physCathode1Up Transportation
    2    -3.55      0.5     1.57     0.005        0     2.19       112  physGasBox Transportation
    3       -4     -0.5     1.57     0.005        0      1.1       113 physCathode1Down Transportation
    4    -4.16   -0.862     1.57         0 0.000115    0.397       113 physCathode1Down phot
Track (trackID 1, parentID 0) is processed with stopping code 2

*********************************************************************************************************
* G4Track Information:   Particle = e-,   Track ID = 2,   Parent ID = 1
*********************************************************************************************************

Step#    X(mm)    Y(mm)    Z(mm) KinE(MeV)  dE(MeV) StepLeng TrackLeng  NextVolume ProcName
    0    -4.16   -0.862     1.57   0.00489        0        0         0 physCathode1Down initStep
    1    -4.16   -0.862     1.57   0.00479 9.54e-05 3.55e-05  3.55e-05 physCathode1Down msc
    2    -4.16   -0.862     1.57         0  0.00479 0.000428  0.000464 physCathode1Down eIoni
Track (trackID 2, parentID 1) is processed with stopping code 2
NULL returned from G4StackManager.
Terminate current event processing.
G4TrajectoryDrawByCharge drawer named drawByCharge-0, drawing trajectory with charge, 0
, with configuration:
Name:                       default
Line colour                 (0,1,0,1) (green)
Draw line ?                 1
Line visibile ?             1
Draw auxiliary points ?     0
Auxiliary points type       2
Auxiliary points size       2
Auxiliary points fill style 2
Auxiliary points colour     (1,0,1,1) (magenta)
Auxiliary points visible ?  1
Draw step points ?          1
Step points type            1
Step points size            6
Step points fill style      2
Step points colour          (1,1,0,1) (yellow)
Step points visible ?       1
Time slice interval         0 ps 
G4TrajectoryDrawByCharge drawer named drawByCharge-0, drawing trajectory with charge, -1
, with configuration:
Name:                       default
Line colour                 (1,0,0,1) (red)
Draw line ?                 1
Line visibile ?             1
Draw auxiliary points ?     0
Auxiliary points type       2
Auxiliary points size       2
Auxiliary points fill style 2
Auxiliary points colour     (1,0,1,1) (magenta)
Auxiliary points visible ?  1
Draw step points ?          1
Step points type            1
Step points size            6
Step points fill style      2
Step points colour          (1,1,0,1) (yellow)
Step points visible ?       1
Time slice interval         0 ps 
 Run terminated.
Run Summary
  Number of events processed : 1
  User=0.000000s Real=0.005993s Sys=0.000000s
... write file : output.root - done
... close file : output.root - done
... delete empty file : output.root - done
(Debug: RunAction.cc) End of run OK!
(Debug: RunAction) Simulation finished!
(Debug: RunAction.cc) Time: Tue Jun 10 07:49:01 2025


--------- Ranecu engine status ---------
 Initial seed (index) = 0
 Current couple of seeds = 1729978869, 1722003700
----------------------------------------
(Debug: DMPX_G_factor.cc) Now shooting...

========= Table of registered couples ============================

Index : 0     used in the geometry : Yes
 Material : G4_Galactic
 Range cuts        :  gamma  10 um     e-  10 um     e+  10 um  proton 10 um 
 Energy thresholds :  gamma  1 eV     e-  1 eV     e+  1 eV  proton 1 keV
 Region(s) which use this couple : 
    DefaultRegionForTheWorld

Index : 1     used in the geometry : Yes
 Material : G4_Be
 Range cuts        :  gamma  10 um     e-  10 um     e+  10 um  proton 10 um 
 Energy thresholds :  gamma  1 eV     e-  27.99880253708374 keV    e+  27.4516030064588 keV proton 1 keV
 Region(s) which use this couple : 
    DefaultRegionForTheWorld

Index : 2     used in the geometry : Yes
 Material : KrCH4_90_10
 Range cuts        :  gamma  1 um     e-  1 um     e+  1 um  proton 0 fm 
 Energy thresholds :  gamma  1 eV     e-  1 eV     e+  1 eV  proton 0 eV 
 Region(s) which use this couple : 
    GasAndAnodesRegion

Index : 3     used in the geometry : Yes
 Material : G4_Au
 Range cuts        :  gamma  1 um     e-  1 um     e+  1 um  proton 0 fm 
 Energy thresholds :  gamma  1.721899238082278 keV    e-  14.26982100189901 keV    e+  13.91637606042289 keV proton 0 eV 
 Region(s) which use this couple : 
    GasAndAnodesRegion

==================================================================

### Run 68 starts.

--------- Ranecu engine status ---------
 Initial seed (index) = 0
 Current couple of seeds = 1729978869, 1722003700
----------------------------------------
(Debug: RunAction.cc) Starting run 68
(Debug: RunAction.cc) Time: Tue Jun 10 07:49:01 2025

... create file : output.root - done
... open analysis file : output.root - done
... open analysis file : output.root - done
=====================================
  G4EventManager::ProcessOneEvent()  
=====================================
(Debug: GasBoxSD.cc) GasBoxSD Intialized!
(Debug: EventAction.cc) Beginning of event 69
(Debug: EventAction.cc) The primary vertex is: 102.27
(Debug: EventAction.cc) Primary particle energy: 5 keV
G4PrimaryTransformer::PrimaryVertex (48.91234560745119(mm),102.27(mm),0.7188097501049722(mm),0(nsec))
1 primary tracks are passed to the stack.
!!!!!!! Now start processing an event !!!!!!!

*********************************************************************************************************
* G4Track Information:   Particle = gamma,   Track ID = 1,   Parent ID = 0
*********************************************************************************************************

Step#    X(mm)    Y(mm)    Z(mm) KinE(MeV)  dE(MeV) StepLeng TrackLeng  NextVolume ProcName
    0     48.9      102    0.719     0.005        0        0         0 WorldPhysical initStep
    1     13.6      2.5    0.719     0.005        0      106       106 physCathode1Up Transportation
    2     13.5      2.2    0.719         0 0.000115    0.315       106 physCathode1Up phot
Track (trackID 1, parentID 0) is processed with stopping code 2

*********************************************************************************************************
* G4Track Information:   Particle = e-,   Track ID = 2,   Parent ID = 1
*********************************************************************************************************

Step#    X(mm)    Y(mm)    Z(mm) KinE(MeV)  dE(MeV) StepLeng TrackLeng  NextVolume ProcName
    0     13.5      2.2    0.719   0.00489        0        0         0 physCathode1Up initStep
    1     13.5      2.2    0.719   0.00486 2.37e-05 3.55e-05  3.55e-05 physCathode1Up msc
    2     13.5      2.2    0.719         0  0.00486  0.00044  0.000475 physCathode1Up eIoni
Track (trackID 2, parentID 1) is processed with stopping code 2
NULL returned from G4StackManager.
Terminate current event processing.
G4TrajectoryDrawByCharge drawer named drawByCharge-0, drawing trajectory with charge, 0
, with configuration:
Name:                       default
Line colour                 (0,1,0,1) (green)
Draw line ?                 1
Line visibile ?             1
Draw auxiliary points ?     0
Auxiliary points type       2
Auxiliary points size       2
Auxiliary points fill style 2
Auxiliary points colour     (1,0,1,1) (magenta)
Auxiliary points visible ?  1
Draw step points ?          1
Step points type            1
Step points size            6
Step points fill style      2
Step points colour          (1,1,0,1) (yellow)
Step points visible ?       1
Time slice interval         0 ps 
G4TrajectoryDrawByCharge drawer named drawByCharge-0, drawing trajectory with charge, -1
, with configuration:
Name:                       default
Line colour                 (1,0,0,1) (red)
Draw line ?                 1
Line visibile ?             1
Draw auxiliary points ?     0
Auxiliary points type       2
Auxiliary points size       2
Auxiliary points fill style 2
Auxiliary points colour     (1,0,1,1) (magenta)
Auxiliary points visible ?  1
Draw step points ?          1
Step points type            1
Step points size            6
Step points fill style      2
Step points colour          (1,1,0,1) (yellow)
Step points visible ?       1
Time slice interval         0 ps 
 Run terminated.
Run Summary
  Number of events processed : 1
  User=0.000000s Real=0.006309s Sys=0.010000s
... write file : output.root - done
... close file : output.root - done
... delete empty file : output.root - done
(Debug: RunAction.cc) End of run OK!
(Debug: RunAction) Simulation finished!
(Debug: RunAction.cc) Time: Tue Jun 10 07:49:01 2025


--------- Ranecu engine status ---------
 Initial seed (index) = 0
 Current couple of seeds = 144890858, 2103891060
----------------------------------------
(Debug: DMPX_G_factor.cc) Now shooting...

========= Table of registered couples ============================

Index : 0     used in the geometry : Yes
 Material : G4_Galactic
 Range cuts        :  gamma  10 um     e-  10 um     e+  10 um  proton 10 um 
 Energy thresholds :  gamma  1 eV     e-  1 eV     e+  1 eV  proton 1 keV
 Region(s) which use this couple : 
    DefaultRegionForTheWorld

Index : 1     used in the geometry : Yes
 Material : G4_Be
 Range cuts        :  gamma  10 um     e-  10 um     e+  10 um  proton 10 um 
 Energy thresholds :  gamma  1 eV     e-  27.99880253708374 keV    e+  27.4516030064588 keV proton 1 keV
 Region(s) which use this couple : 
    DefaultRegionForTheWorld

Index : 2     used in the geometry : Yes
 Material : KrCH4_90_10
 Range cuts        :  gamma  1 um     e-  1 um     e+  1 um  proton 0 fm 
 Energy thresholds :  gamma  1 eV     e-  1 eV     e+  1 eV  proton 0 eV 
 Region(s) which use this couple : 
    GasAndAnodesRegion

Index : 3     used in the geometry : Yes
 Material : G4_Au
 Range cuts        :  gamma  1 um     e-  1 um     e+  1 um  proton 0 fm 
 Energy thresholds :  gamma  1.721899238082278 keV    e-  14.26982100189901 keV    e+  13.91637606042289 keV proton 0 eV 
 Region(s) which use this couple : 
    GasAndAnodesRegion

==================================================================

### Run 69 starts.

--------- Ranecu engine status ---------
 Initial seed (index) = 0
 Current couple of seeds = 144890858, 2103891060
----------------------------------------
(Debug: RunAction.cc) Starting run 69
(Debug: RunAction.cc) Time: Tue Jun 10 07:49:01 2025

... create file : output.root - done
... open analysis file : output.root - done
... open analysis file : output.root - done
=====================================
  G4EventManager::ProcessOneEvent()  
=====================================
(Debug: GasBoxSD.cc) GasBoxSD Intialized!
(Debug: EventAction.cc) Beginning of event 70
(Debug: EventAction.cc) The primary vertex is: 102.27
(Debug: EventAction.cc) Primary particle energy: 5 keV
G4PrimaryTransformer::PrimaryVertex (43.95002284765304(mm),102.27(mm),1.161897622719821(mm),0(nsec))
1 primary tracks are passed to the stack.
!!!!!!! Now start processing an event !!!!!!!

*********************************************************************************************************
* G4Track Information:   Particle = gamma,   Track ID = 1,   Parent ID = 0
*********************************************************************************************************

Step#    X(mm)    Y(mm)    Z(mm) KinE(MeV)  dE(MeV) StepLeng TrackLeng  NextVolume ProcName
    0       44      102     1.16     0.005        0        0         0 WorldPhysical initStep
    1      5.2      2.5     1.16     0.005        0      107       107 physCathode1Up Transportation
    2     4.72     1.27     1.16         0 0.000115     1.31       108 physCathode1Up phot
Track (trackID 1, parentID 0) is processed with stopping code 2

*********************************************************************************************************
* G4Track Information:   Particle = e-,   Track ID = 2,   Parent ID = 1
*********************************************************************************************************

Step#    X(mm)    Y(mm)    Z(mm) KinE(MeV)  dE(MeV) StepLeng TrackLeng  NextVolume ProcName
    0     4.72     1.27     1.16   0.00489        0        0         0 physCathode1Up initStep
    1     4.72     1.27     1.16   0.00473 0.000153 3.55e-05  3.55e-05 physCathode1Up msc
    2     4.72     1.27     1.16         0  0.00473  0.00042  0.000455 physCathode1Up eIoni
Track (trackID 2, parentID 1) is processed with stopping code 2
NULL returned from G4StackManager.
Terminate current event processing.
G4TrajectoryDrawByCharge drawer named drawByCharge-0, drawing trajectory with charge, 0
, with configuration:
Name:                       default
Line colour                 (0,1,0,1) (green)
Draw line ?                 1
Line visibile ?             1
Draw auxiliary points ?     0
Auxiliary points type       2
Auxiliary points size       2
Auxiliary points fill style 2
Auxiliary points colour     (1,0,1,1) (magenta)
Auxiliary points visible ?  1
Draw step points ?          1
Step points type            1
Step points size            6
Step points fill style      2
Step points colour          (1,1,0,1) (yellow)
Step points visible ?       1
Time slice interval         0 ps 
G4TrajectoryDrawByCharge drawer named drawByCharge-0, drawing trajectory with charge, -1
, with configuration:
Name:                       default
Line colour                 (1,0,0,1) (red)
Draw line ?                 1
Line visibile ?             1
Draw auxiliary points ?     0
Auxiliary points type       2
Auxiliary points size       2
Auxiliary points fill style 2
Auxiliary points colour     (1,0,1,1) (magenta)
Auxiliary points visible ?  1
Draw step points ?          1
Step points type            1
Step points size            6
Step points fill style      2
Step points colour          (1,1,0,1) (yellow)
Step points visible ?       1
Time slice interval         0 ps 
 Run terminated.
Run Summary
  Number of events processed : 1
  User=0.010000s Real=0.005978s Sys=0.000000s
... write file : output.root - done
... close file : output.root - done
... delete empty file : output.root - done
(Debug: RunAction.cc) End of run OK!
(Debug: RunAction) Simulation finished!
(Debug: RunAction.cc) Time: Tue Jun 10 07:49:01 2025


--------- Ranecu engine status ---------
 Initial seed (index) = 0
 Current couple of seeds = 678631569, 507495819
----------------------------------------
(Debug: DMPX_G_factor.cc) Now shooting...

========= Table of registered couples ============================

Index : 0     used in the geometry : Yes
 Material : G4_Galactic
 Range cuts        :  gamma  10 um     e-  10 um     e+  10 um  proton 10 um 
 Energy thresholds :  gamma  1 eV     e-  1 eV     e+  1 eV  proton 1 keV
 Region(s) which use this couple : 
    DefaultRegionForTheWorld

Index : 1     used in the geometry : Yes
 Material : G4_Be
 Range cuts        :  gamma  10 um     e-  10 um     e+  10 um  proton 10 um 
 Energy thresholds :  gamma  1 eV     e-  27.99880253708374 keV    e+  27.4516030064588 keV proton 1 keV
 Region(s) which use this couple : 
    DefaultRegionForTheWorld

Index : 2     used in the geometry : Yes
 Material : KrCH4_90_10
 Range cuts        :  gamma  1 um     e-  1 um     e+  1 um  proton 0 fm 
 Energy thresholds :  gamma  1 eV     e-  1 eV     e+  1 eV  proton 0 eV 
 Region(s) which use this couple : 
    GasAndAnodesRegion

Index : 3     used in the geometry : Yes
 Material : G4_Au
 Range cuts        :  gamma  1 um     e-  1 um     e+  1 um  proton 0 fm 
 Energy thresholds :  gamma  1.721899238082278 keV    e-  14.26982100189901 keV    e+  13.91637606042289 keV proton 0 eV 
 Region(s) which use this couple : 
    GasAndAnodesRegion

==================================================================

### Run 70 starts.

--------- Ranecu engine status ---------
 Initial seed (index) = 0
 Current couple of seeds = 678631569, 507495819
----------------------------------------
(Debug: RunAction.cc) Starting run 70
(Debug: RunAction.cc) Time: Tue Jun 10 07:49:01 2025

... create file : output.root - done
... open analysis file : output.root - done
... open analysis file : output.root - done
=====================================
  G4EventManager::ProcessOneEvent()  
=====================================
(Debug: GasBoxSD.cc) GasBoxSD Intialized!
(Debug: EventAction.cc) Beginning of event 71
(Debug: EventAction.cc) The primary vertex is: 102.27
(Debug: EventAction.cc) Primary particle energy: 5 keV
G4PrimaryTransformer::PrimaryVertex (37.23196636930412(mm),102.27(mm),-0.1402648848830408(mm),0(nsec))
1 primary tracks are passed to the stack.
!!!!!!! Now start processing an event !!!!!!!

*********************************************************************************************************
* G4Track Information:   Particle = gamma,   Track ID = 1,   Parent ID = 0
*********************************************************************************************************

Step#    X(mm)    Y(mm)    Z(mm) KinE(MeV)  dE(MeV) StepLeng TrackLeng  NextVolume ProcName
    0     37.2      102    -0.14     0.005        0        0         0 WorldPhysical initStep
    1    -4.57      2.5    -0.14     0.005        0      108       108 physCathode1Up Transportation
    2    -5.29    0.786    -0.14         0 0.000115     1.86       110 physCathode1Up phot
Track (trackID 1, parentID 0) is processed with stopping code 2

*********************************************************************************************************
* G4Track Information:   Particle = e-,   Track ID = 2,   Parent ID = 1
*********************************************************************************************************

Step#    X(mm)    Y(mm)    Z(mm) KinE(MeV)  dE(MeV) StepLeng TrackLeng  NextVolume ProcName
    0    -5.29    0.786    -0.14   0.00489        0        0         0 physCathode1Up initStep
    1    -5.29    0.786    -0.14    0.0047 0.000188 3.55e-05  3.55e-05 physCathode1Up msc
    2    -5.29    0.786    -0.14         0   0.0047 0.000414   0.00045 physCathode1Up eIoni
Track (trackID 2, parentID 1) is processed with stopping code 2
NULL returned from G4StackManager.
Terminate current event processing.
G4TrajectoryDrawByCharge drawer named drawByCharge-0, drawing trajectory with charge, 0
, with configuration:
Name:                       default
Line colour                 (0,1,0,1) (green)
Draw line ?                 1
Line visibile ?             1
Draw auxiliary points ?     0
Auxiliary points type       2
Auxiliary points size       2
Auxiliary points fill style 2
Auxiliary points colour     (1,0,1,1) (magenta)
Auxiliary points visible ?  1
Draw step points ?          1
Step points type            1
Step points size            6
Step points fill style      2
Step points colour          (1,1,0,1) (yellow)
Step points visible ?       1
Time slice interval         0 ps 
G4TrajectoryDrawByCharge drawer named drawByCharge-0, drawing trajectory with charge, -1
, with configuration:
Name:                       default
Line colour                 (1,0,0,1) (red)
Draw line ?                 1
Line visibile ?             1
Draw auxiliary points ?     0
Auxiliary points type       2
Auxiliary points size       2
Auxiliary points fill style 2
Auxiliary points colour     (1,0,1,1) (magenta)
Auxiliary points visible ?  1
Draw step points ?          1
Step points type            1
Step points size            6
Step points fill style      2
Step points colour          (1,1,0,1) (yellow)
Step points visible ?       1
Time slice interval         0 ps 
 Run terminated.
Run Summary
  Number of events processed : 1
  User=0.000000s Real=0.005877s Sys=0.000000s
... write file : output.root - done
... close file : output.root - done
... delete empty file : output.root - done
(Debug: RunAction.cc) End of run OK!
(Debug: RunAction) Simulation finished!
(Debug: RunAction.cc) Time: Tue Jun 10 07:49:01 2025


--------- Ranecu engine status ---------
 Initial seed (index) = 0
 Current couple of seeds = 722429118, 884225220
----------------------------------------
(Debug: DMPX_G_factor.cc) Now shooting...

========= Table of registered couples ============================

Index : 0     used in the geometry : Yes
 Material : G4_Galactic
 Range cuts        :  gamma  10 um     e-  10 um     e+  10 um  proton 10 um 
 Energy thresholds :  gamma  1 eV     e-  1 eV     e+  1 eV  proton 1 keV
 Region(s) which use this couple : 
    DefaultRegionForTheWorld

Index : 1     used in the geometry : Yes
 Material : G4_Be
 Range cuts        :  gamma  10 um     e-  10 um     e+  10 um  proton 10 um 
 Energy thresholds :  gamma  1 eV     e-  27.99880253708374 keV    e+  27.4516030064588 keV proton 1 keV
 Region(s) which use this couple : 
    DefaultRegionForTheWorld

Index : 2     used in the geometry : Yes
 Material : KrCH4_90_10
 Range cuts        :  gamma  1 um     e-  1 um     e+  1 um  proton 0 fm 
 Energy thresholds :  gamma  1 eV     e-  1 eV     e+  1 eV  proton 0 eV 
 Region(s) which use this couple : 
    GasAndAnodesRegion

Index : 3     used in the geometry : Yes
 Material : G4_Au
 Range cuts        :  gamma  1 um     e-  1 um     e+  1 um  proton 0 fm 
 Energy thresholds :  gamma  1.721899238082278 keV    e-  14.26982100189901 keV    e+  13.91637606042289 keV proton 0 eV 
 Region(s) which use this couple : 
    GasAndAnodesRegion

==================================================================

### Run 71 starts.

--------- Ranecu engine status ---------
 Initial seed (index) = 0
 Current couple of seeds = 722429118, 884225220
----------------------------------------
(Debug: RunAction.cc) Starting run 71
(Debug: RunAction.cc) Time: Tue Jun 10 07:49:01 2025

... create file : output.root - done
... open analysis file : output.root - done
... open analysis file : output.root - done
=====================================
  G4EventManager::ProcessOneEvent()  
=====================================
(Debug: GasBoxSD.cc) GasBoxSD Intialized!
(Debug: EventAction.cc) Beginning of event 72
(Debug: EventAction.cc) The primary vertex is: 102.27
(Debug: EventAction.cc) Primary particle energy: 5 keV
G4PrimaryTransformer::PrimaryVertex (23.71272296951084(mm),102.27(mm),0.9996709110718647(mm),0(nsec))
1 primary tracks are passed to the stack.
!!!!!!! Now start processing an event !!!!!!!

*********************************************************************************************************
* G4Track Information:   Particle = gamma,   Track ID = 1,   Parent ID = 0
*********************************************************************************************************

Step#    X(mm)    Y(mm)    Z(mm) KinE(MeV)  dE(MeV) StepLeng TrackLeng  NextVolume ProcName
    0     23.7      102        1     0.005        0        0         0 WorldPhysical initStep
    1    -14.8      2.5        1     0.005        0      107       107 physCathode1Up Transportation
    2      -15     1.96        1         0 0.000115    0.575       108 physCathode1Up phot
Track (trackID 1, parentID 0) is processed with stopping code 2

*********************************************************************************************************
* G4Track Information:   Particle = e-,   Track ID = 2,   Parent ID = 1
*********************************************************************************************************

Step#    X(mm)    Y(mm)    Z(mm) KinE(MeV)  dE(MeV) StepLeng TrackLeng  NextVolume ProcName
    0      -15     1.96        1   0.00489        0        0         0 physCathode1Up initStep
    1      -15     1.96        1   0.00469 0.000198 3.55e-05  3.55e-05 physCathode1Up msc
    2      -15     1.96        1         0  0.00469 0.000413  0.000448 physCathode1Up eIoni
Track (trackID 2, parentID 1) is processed with stopping code 2
NULL returned from G4StackManager.
Terminate current event processing.
G4TrajectoryDrawByCharge drawer named drawByCharge-0, drawing trajectory with charge, 0
, with configuration:
Name:                       default
Line colour                 (0,1,0,1) (green)
Draw line ?                 1
Line visibile ?             1
Draw auxiliary points ?     0
Auxiliary points type       2
Auxiliary points size       2
Auxiliary points fill style 2
Auxiliary points colour     (1,0,1,1) (magenta)
Auxiliary points visible ?  1
Draw step points ?          1
Step points type            1
Step points size            6
Step points fill style      2
Step points colour          (1,1,0,1) (yellow)
Step points visible ?       1
Time slice interval         0 ps 
G4TrajectoryDrawByCharge drawer named drawByCharge-0, drawing trajectory with charge, -1
, with configuration:
Name:                       default
Line colour                 (1,0,0,1) (red)
Draw line ?                 1
Line visibile ?             1
Draw auxiliary points ?     0
Auxiliary points type       2
Auxiliary points size       2
Auxiliary points fill style 2
Auxiliary points colour     (1,0,1,1) (magenta)
Auxiliary points visible ?  1
Draw step points ?          1
Step points type            1
Step points size            6
Step points fill style      2
Step points colour          (1,1,0,1) (yellow)
Step points visible ?       1
Time slice interval         0 ps 
 Run terminated.
Run Summary
  Number of events processed : 1
  User=0.000000s Real=0.005013s Sys=0.000000s
... write file : output.root - done
... close file : output.root - done
... delete empty file : output.root - done
(Debug: RunAction.cc) End of run OK!
(Debug: RunAction) Simulation finished!
(Debug: RunAction.cc) Time: Tue Jun 10 07:49:01 2025


--------- Ranecu engine status ---------
 Initial seed (index) = 0
 Current couple of seeds = 1476441175, 923847882
----------------------------------------
(Debug: DMPX_G_factor.cc) Now shooting...

========= Table of registered couples ============================

Index : 0     used in the geometry : Yes
 Material : G4_Galactic
 Range cuts        :  gamma  10 um     e-  10 um     e+  10 um  proton 10 um 
 Energy thresholds :  gamma  1 eV     e-  1 eV     e+  1 eV  proton 1 keV
 Region(s) which use this couple : 
    DefaultRegionForTheWorld

Index : 1     used in the geometry : Yes
 Material : G4_Be
 Range cuts        :  gamma  10 um     e-  10 um     e+  10 um  proton 10 um 
 Energy thresholds :  gamma  1 eV     e-  27.99880253708374 keV    e+  27.4516030064588 keV proton 1 keV
 Region(s) which use this couple : 
    DefaultRegionForTheWorld

Index : 2     used in the geometry : Yes
 Material : KrCH4_90_10
 Range cuts        :  gamma  1 um     e-  1 um     e+  1 um  proton 0 fm 
 Energy thresholds :  gamma  1 eV     e-  1 eV     e+  1 eV  proton 0 eV 
 Region(s) which use this couple : 
    GasAndAnodesRegion

Index : 3     used in the geometry : Yes
 Material : G4_Au
 Range cuts        :  gamma  1 um     e-  1 um     e+  1 um  proton 0 fm 
 Energy thresholds :  gamma  1.721899238082278 keV    e-  14.26982100189901 keV    e+  13.91637606042289 keV proton 0 eV 
 Region(s) which use this couple : 
    GasAndAnodesRegion

==================================================================

### Run 72 starts.

--------- Ranecu engine status ---------
 Initial seed (index) = 0
 Current couple of seeds = 1476441175, 923847882
----------------------------------------
(Debug: RunAction.cc) Starting run 72
(Debug: RunAction.cc) Time: Tue Jun 10 07:49:01 2025

... create file : output.root - done
... open analysis file : output.root - done
... open analysis file : output.root - done
=====================================
  G4EventManager::ProcessOneEvent()  
=====================================
(Debug: GasBoxSD.cc) GasBoxSD Intialized!
(Debug: EventAction.cc) Beginning of event 73
(Debug: EventAction.cc) The primary vertex is: 102.27
(Debug: EventAction.cc) Primary particle energy: 5 keV
G4PrimaryTransformer::PrimaryVertex (44.33978666152147(mm),102.27(mm),-0.5476249460813083(mm),0(nsec))
1 primary tracks are passed to the stack.
!!!!!!! Now start processing an event !!!!!!!

*********************************************************************************************************
* G4Track Information:   Particle = gamma,   Track ID = 1,   Parent ID = 0
*********************************************************************************************************

Step#    X(mm)    Y(mm)    Z(mm) KinE(MeV)  dE(MeV) StepLeng TrackLeng  NextVolume ProcName
    0     44.3      102   -0.548     0.005        0        0         0 WorldPhysical initStep
    1     15.2      2.5   -0.547     0.005        0      104       104 physCathode1Up Transportation
    2     14.6      0.5   -0.547     0.005        0     2.08       106  physGasBox Transportation
    3     14.5    0.174   -0.547         0 0.000103     0.34       106  physGasBox phot
Track (trackID 1, parentID 0) is processed with stopping code 2

*********************************************************************************************************
* G4Track Information:   Particle = e-,   Track ID = 5,   Parent ID = 1
*********************************************************************************************************

Step#    X(mm)    Y(mm)    Z(mm) KinE(MeV)  dE(MeV) StepLeng TrackLeng  NextVolume ProcName
    0     14.5    0.174   -0.547  5.31e-05        0        0         0  physGasBox initStep
(Debug: DegradModel.cc) Electron detected, the model is applicable...
(Debug: HeedModel.cc) Electron generated, the model is applicable...
(Debug: DegradModel.cc) First ionization detected! The Degrad model is triggered...
(Debug: DegradModel.cc) Number of secondaries created: 1
(Debug: DegradModel.cc) The position of the first ionization is: 1.449782817000435 0.01738764493951162 -0.05472342344367261 cm 
(Debug: DegradModel.cc) Value of the threshold: 1 mm 
(Debug: DegradModel.cc) In the DoIt method of the Degrad model...
(Debug: DegradModel.cc) The primary track has been killed...
(Debug: DegradModel.cc) Value of processOccured: 0
(Debug: DegradModel.cc) Energy of the primary particle: 5000 eV
(Debug: DegradModel.cc) Global time: 354.8056058446551 ps , Position: 1.449782817000435 0.01738764493951162 -0.05472342344367261 cm 
(Debug: DegradModel.cc) Voltage difference: 6500 V
(Debug: DegradModel.cc) Electric field: 130000 V/cm
(Debug: DegradModel.cc) String sent to conditions_Degrad.txt: 2,1,3,1,21784902,5000.0,2.0,0.0
6,8,0,0,0,0
90.0,10.0,0.0,0.0,0.0,0.0,20.0,750.1
130000.0,0.0,0.0,1,0
100.0,0.5,1,1,1,1,1,1,1
0,0,0,0,0,0
(Debug: DegradModel.cc) Successfully wrote to conditions_Degrad.txt.
(Debug: DegradModel.cc) Getting the environment variable for Degrad...
(Debug: DegradModel.cc) Full command: /home/Daniel/Desktop/Degrad/degrad.exe < conditions_Degrad.txt


           DEGRAD VERSION 3.19  
      -----------------------------


   X-RAY SIMULATION
----------------------------------


   SIMULATION WITH COMPTON SCATTERING
   SIMULATION WITH RAYLEIGH SCATTERING
   SIMULATION WITH PAIR PRODUCTION
   SIMULATION WITH BREMSSTRAHLUNG
   SIMULATION WITH COMPLETE SHELL CASCADE
----------------------------------


   MONTE CARLO SOLUTION FOR MIXTURE OF  2 GASES.
   DEGRADATION CALCULATION ALL TIMES IN PICOSECS, DISTANCE IN MICRONS
   -----------------------------------------------------------------

       GASES  USED                 PERCENTAGE USED 

      KRYPTON 2013  ANISOTROPIC       90.0000
       CH4 2015  ANISOTROPIC          10.0000


  GAS TEMPERATURE =  20.0 DEGREES CENTIGRADE.
  GAS PRESSURE =   750.1 TORR.


 RANDOM NUMBER SEED =  21784902


   PENNING IONISATION NOT ALLOWED

  INTEGRATION FROM 0.0 TO     37929.4 EV.  IN 20000 STEPS. 

  ELECTRIC FIELD = 130000.0000 VOLTS/CM.
  MAGNETIC FIELD =     0.0000 KILOGAUSS.
  ANGLE BETWEEN ELECTRIC AND MAGNETIC FIELD =     0.000 DEGREES.
  CYCLOTRON FREQ. =   0.000E+00 RADIANS/PICOSECOND

 USED ANISOTROPIC X-SECTIONS (OKHRIMOVSKYY ET AL) 
 USE GROSS IONISATION X-SECTIONS

  INITIAL ELECTRON OR X-RAY ENERGY =     5000.0 EV.
         NUMBER OF EVENTS =        1
    THERMALISATION ENERGY =  2.00 EV.

 PHOTON DETECTION EFFICIENCY USED IN FANO CALCULATION =100.000 %
       WEIGHT GIVEN TO EXCITATION IN FANO CALCULATION =  0.500

  BETA OR X-RAY ALONG Z-AXIS IN E-FIELD DIRECTION

  NULL COLLISION FREQUENCY = 0.159D+02 *(10**12/SEC)

  REAL COLLISION FREQUENCY AT 10 EQUALLY SPACED ENERGY INTERVALS (*10**12/SEC)
    0.155D+02    0.143D+02    0.137D+02    0.130D+02    0.123D+02
    0.119D+02    0.113D+02    0.110D+02    0.107D+02    0.104D+02

 FREQ FOR  1 CHARGE IONS =  0.0000D+00 FREQUENCY FOR  1 PHOTONS=  0.0000D+00
 FREQ FOR  2 CHARGE IONS =  0.0000D+00 FREQUENCY FOR  2 PHOTONS=  0.0000D+00
 FREQ FOR  3 CHARGE IONS =  0.0000D+00 FREQUENCY FOR  3 PHOTONS=  0.0000D+00
 FREQ FOR  4 CHARGE IONS =  0.1000D+01 FREQUENCY FOR  4 PHOTONS=  0.0000D+00
 FREQ FOR  5 CHARGE IONS =  0.0000D+00 FREQUENCY FOR  5 PHOTONS=  0.0000D+00
 FREQ FOR  6 CHARGE IONS =  0.0000D+00 FREQUENCY FOR  6 PHOTONS=  0.0000D+00
 FREQ FOR  7 CHARGE IONS =  0.0000D+00 FREQUENCY FOR  7 PHOTONS=  0.0000D+00
 FREQ FOR  8 CHARGE IONS =  0.0000D+00 FREQUENCY FOR  8 PHOTONS=  0.0000D+00
 FREQ FOR  9 CHARGE IONS =  0.0000D+00 FREQUENCY FOR  9 PHOTONS=  0.0000D+00
 FREQ FOR 10 CHARGE IONS =  0.0000D+00 FREQUENCY FOR 10 PHOTONS=  0.0000D+00
 FREQ FOR 11 CHARGE IONS =  0.0000D+00 FREQUENCY FOR 11 PHOTONS=  0.0000D+00
 FREQ FOR 12 CHARGE IONS =  0.0000D+00 FREQUENCY FOR 12 PHOTONS=  0.0000D+00
 FREQ FOR 13 CHARGE IONS =  0.0000D+00 FREQUENCY FOR 13 PHOTONS=  0.0000D+00
 FREQ FOR 14 CHARGE IONS =  0.0000D+00 FREQUENCY FOR 14 PHOTONS=  0.0000D+00
 FREQ FOR 15 CHARGE IONS =  0.0000D+00 FREQUENCY FOR 15 PHOTONS=  0.0000D+00
 FREQ FOR 16 CHARGE IONS =  0.0000D+00 FREQUENCY FOR 16 PHOTONS=  0.0000D+00
 FREQ FOR 17 CHARGE IONS =  0.0000D+00 FREQUENCY FOR 17 PHOTONS=  0.0000D+00
 FREQ FOR 18 CHARGE IONS =  0.0000D+00 FREQUENCY FOR 18 PHOTONS=  0.0000D+00
 FREQ FOR 19 CHARGE IONS =  0.0000D+00 FREQUENCY FOR 19 PHOTONS=  0.0000D+00
 FREQ FOR 20 CHARGE IONS =  0.0000D+00 FREQUENCY FOR 20 PHOTONS=  0.0000D+00
 FREQ FOR 21 CHARGE IONS =  0.0000D+00 FREQUENCY FOR 21 PHOTONS=  0.0000D+00
 FREQ FOR 22 CHARGE IONS =  0.0000D+00 FREQUENCY FOR 22 PHOTONS=  0.0000D+00
 FREQ FOR 23 CHARGE IONS =  0.0000D+00 FREQUENCY FOR 23 PHOTONS=  0.0000D+00
 FREQ FOR 24 CHARGE IONS =  0.0000D+00 FREQUENCY FOR 24 PHOTONS=  0.0000D+00
 FREQ FOR 25 CHARGE IONS =  0.0000D+00 FREQUENCY FOR 25 PHOTONS=  0.0000D+00
 FREQ FOR 26 CHARGE IONS =  0.0000D+00 FREQUENCY FOR 26 PHOTONS=  0.0000D+00
 FREQ FOR 27 CHARGE IONS =  0.0000D+00 FREQUENCY FOR 27 PHOTONS=  0.0000D+00
 FREQ FOR 28 CHARGE IONS =  0.0000D+00 FREQUENCY FOR 28 PHOTONS=  0.0000D+00


 AVERAGE ELECTRON ENERGY (GENERATION 0) =0.490387D+04
 AVERAGE PHOTON ENERGY (GENERATION 0) =0.000000D+00
 AVERAGE IONIC CHARGE (GENERATION 0) =   0.400D+01


 ION FREQENCIES FOR IST SECOND THIRD AND FOURTH GENERATION PHOTON ABSORPTION
 FREQ FOR  1 IST GEN IONS=  0.0000D+00 2ND GEN=   0.000D+00  3RD GEN=   0.000D+00 4TH GEN=   0.000D+00 5TH GEN=   0.000D+00
 FREQ FOR  2 IST GEN IONS=  0.0000D+00 2ND GEN=   0.000D+00  3RD GEN=   0.000D+00 4TH GEN=   0.000D+00 5TH GEN=   0.000D+00
 FREQ FOR  3 IST GEN IONS=  0.0000D+00 2ND GEN=   0.000D+00  3RD GEN=   0.000D+00 4TH GEN=   0.000D+00 5TH GEN=   0.000D+00
 FREQ FOR  4 IST GEN IONS=  0.0000D+00 2ND GEN=   0.000D+00  3RD GEN=   0.000D+00 4TH GEN=   0.000D+00 5TH GEN=   0.000D+00
 FREQ FOR  5 IST GEN IONS=  0.0000D+00 2ND GEN=   0.000D+00  3RD GEN=   0.000D+00 4TH GEN=   0.000D+00 5TH GEN=   0.000D+00
 FREQ FOR  6 IST GEN IONS=  0.0000D+00 2ND GEN=   0.000D+00  3RD GEN=   0.000D+00 4TH GEN=   0.000D+00 5TH GEN=   0.000D+00
 FREQ FOR  7 IST GEN IONS=  0.0000D+00 2ND GEN=   0.000D+00  3RD GEN=   0.000D+00 4TH GEN=   0.000D+00 5TH GEN=   0.000D+00
 FREQ FOR  8 IST GEN IONS=  0.0000D+00 2ND GEN=   0.000D+00  3RD GEN=   0.000D+00 4TH GEN=   0.000D+00 5TH GEN=   0.000D+00
 FREQ FOR  9 IST GEN IONS=  0.0000D+00 2ND GEN=   0.000D+00  3RD GEN=   0.000D+00 4TH GEN=   0.000D+00 5TH GEN=   0.000D+00
 FREQ FOR 10 IST GEN IONS=  0.0000D+00 2ND GEN=   0.000D+00  3RD GEN=   0.000D+00 4TH GEN=   0.000D+00 5TH GEN=   0.000D+00
 FREQ FOR 11 IST GEN IONS=  0.0000D+00 2ND GEN=   0.000D+00  3RD GEN=   0.000D+00 4TH GEN=   0.000D+00 5TH GEN=   0.000D+00
 FREQ FOR 12 IST GEN IONS=  0.0000D+00 2ND GEN=   0.000D+00  3RD GEN=   0.000D+00 4TH GEN=   0.000D+00 5TH GEN=   0.000D+00
 FREQ FOR 13 IST GEN IONS=  0.0000D+00 2ND GEN=   0.000D+00  3RD GEN=   0.000D+00 4TH GEN=   0.000D+00 5TH GEN=   0.000D+00
 FREQ FOR 14 IST GEN IONS=  0.0000D+00 2ND GEN=   0.000D+00  3RD GEN=   0.000D+00 4TH GEN=   0.000D+00 5TH GEN=   0.000D+00
 FREQ FOR 15 IST GEN IONS=  0.0000D+00 2ND GEN=   0.000D+00  3RD GEN=   0.000D+00 4TH GEN=   0.000D+00 5TH GEN=   0.000D+00
 FREQ FOR 16 IST GEN IONS=  0.0000D+00 2ND GEN=   0.000D+00  3RD GEN=   0.000D+00 4TH GEN=   0.000D+00 5TH GEN=   0.000D+00
 FREQ FOR 17 IST GEN IONS=  0.0000D+00 2ND GEN=   0.000D+00  3RD GEN=   0.000D+00 4TH GEN=   0.000D+00 5TH GEN=   0.000D+00
 FREQ FOR 18 IST GEN IONS=  0.0000D+00 2ND GEN=   0.000D+00  3RD GEN=   0.000D+00 4TH GEN=   0.000D+00 5TH GEN=   0.000D+00
 FREQ FOR 19 IST GEN IONS=  0.0000D+00 2ND GEN=   0.000D+00  3RD GEN=   0.000D+00 4TH GEN=   0.000D+00 5TH GEN=   0.000D+00
 FREQ FOR 20 IST GEN IONS=  0.0000D+00 2ND GEN=   0.000D+00  3RD GEN=   0.000D+00 4TH GEN=   0.000D+00 5TH GEN=   0.000D+00
 FREQ FOR 21 IST GEN IONS=  0.0000D+00 2ND GEN=   0.000D+00  3RD GEN=   0.000D+00 4TH GEN=   0.000D+00 5TH GEN=   0.000D+00
 FREQ FOR 22 IST GEN IONS=  0.0000D+00 2ND GEN=   0.000D+00  3RD GEN=   0.000D+00 4TH GEN=   0.000D+00 5TH GEN=   0.000D+00
 FREQ FOR 23 IST GEN IONS=  0.0000D+00 2ND GEN=   0.000D+00  3RD GEN=   0.000D+00 4TH GEN=   0.000D+00 5TH GEN=   0.000D+00
 FREQ FOR 24 IST GEN IONS=  0.0000D+00 2ND GEN=   0.000D+00  3RD GEN=   0.000D+00 4TH GEN=   0.000D+00 5TH GEN=   0.000D+00
 FREQ FOR 25 IST GEN IONS=  0.0000D+00 2ND GEN=   0.000D+00  3RD GEN=   0.000D+00 4TH GEN=   0.000D+00 5TH GEN=   0.000D+00
 FREQ FOR 26 IST GEN IONS=  0.0000D+00 2ND GEN=   0.000D+00  3RD GEN=   0.000D+00 4TH GEN=   0.000D+00 5TH GEN=   0.000D+00
 FREQ FOR 27 IST GEN IONS=  0.0000D+00 2ND GEN=   0.000D+00  3RD GEN=   0.000D+00 4TH GEN=   0.000D+00 5TH GEN=   0.000D+00
 FREQ FOR 28 IST GEN IONS=  0.0000D+00 2ND GEN=   0.000D+00  3RD GEN=   0.000D+00 4TH GEN=   0.000D+00 5TH GEN=   0.000D+00
 TOTAL FREQ FOR  1 ELECTRONS=  0.0000D+00 NORMALISED INTEGRAL PROB=  0.0000D+00
 TOTAL FREQ FOR  2 ELECTRONS=  0.0000D+00 NORMALISED INTEGRAL PROB=  0.0000D+00
 TOTAL FREQ FOR  3 ELECTRONS=  0.0000D+00 NORMALISED INTEGRAL PROB=  0.0000D+00
 TOTAL FREQ FOR  4 ELECTRONS=  0.1000D+01 NORMALISED INTEGRAL PROB=  0.1000D+01
 TOTAL FREQ FOR  5 ELECTRONS=  0.0000D+00 NORMALISED INTEGRAL PROB=  0.1000D+01
 TOTAL FREQ FOR  6 ELECTRONS=  0.0000D+00 NORMALISED INTEGRAL PROB=  0.1000D+01
 TOTAL FREQ FOR  7 ELECTRONS=  0.0000D+00 NORMALISED INTEGRAL PROB=  0.1000D+01
 TOTAL FREQ FOR  8 ELECTRONS=  0.0000D+00 NORMALISED INTEGRAL PROB=  0.1000D+01
 TOTAL FREQ FOR  9 ELECTRONS=  0.0000D+00 NORMALISED INTEGRAL PROB=  0.1000D+01
 TOTAL FREQ FOR 10 ELECTRONS=  0.0000D+00 NORMALISED INTEGRAL PROB=  0.1000D+01
 TOTAL FREQ FOR 11 ELECTRONS=  0.0000D+00 NORMALISED INTEGRAL PROB=  0.1000D+01
 TOTAL FREQ FOR 12 ELECTRONS=  0.0000D+00 NORMALISED INTEGRAL PROB=  0.1000D+01
 TOTAL FREQ FOR 13 ELECTRONS=  0.0000D+00 NORMALISED INTEGRAL PROB=  0.1000D+01
 TOTAL FREQ FOR 14 ELECTRONS=  0.0000D+00 NORMALISED INTEGRAL PROB=  0.1000D+01
 TOTAL FREQ FOR 15 ELECTRONS=  0.0000D+00 NORMALISED INTEGRAL PROB=  0.1000D+01
 TOTAL FREQ FOR 16 ELECTRONS=  0.0000D+00 NORMALISED INTEGRAL PROB=  0.1000D+01
 TOTAL FREQ FOR 17 ELECTRONS=  0.0000D+00 NORMALISED INTEGRAL PROB=  0.1000D+01
 TOTAL FREQ FOR 18 ELECTRONS=  0.0000D+00 NORMALISED INTEGRAL PROB=  0.1000D+01
 TOTAL FREQ FOR 19 ELECTRONS=  0.0000D+00 NORMALISED INTEGRAL PROB=  0.1000D+01
 TOTAL FREQ FOR 20 ELECTRONS=  0.0000D+00 NORMALISED INTEGRAL PROB=  0.1000D+01
 TOTAL FREQ FOR 21 ELECTRONS=  0.0000D+00 NORMALISED INTEGRAL PROB=  0.1000D+01
 TOTAL FREQ FOR 22 ELECTRONS=  0.0000D+00 NORMALISED INTEGRAL PROB=  0.1000D+01
 TOTAL FREQ FOR 23 ELECTRONS=  0.0000D+00 NORMALISED INTEGRAL PROB=  0.1000D+01
 TOTAL FREQ FOR 24 ELECTRONS=  0.0000D+00 NORMALISED INTEGRAL PROB=  0.1000D+01
 TOTAL FREQ FOR 25 ELECTRONS=  0.0000D+00 NORMALISED INTEGRAL PROB=  0.1000D+01
 TOTAL FREQ FOR 26 ELECTRONS=  0.0000D+00 NORMALISED INTEGRAL PROB=  0.1000D+01
 TOTAL FREQ FOR 27 ELECTRONS=  0.0000D+00 NORMALISED INTEGRAL PROB=  0.1000D+01
 TOTAL FREQ FOR 28 ELECTRONS=  0.0000D+00 NORMALISED INTEGRAL PROB=  0.1000D+01
 TOTAL FREQ FOR 29 ELECTRONS=  0.0000D+00 NORMALISED INTEGRAL PROB=  0.1000D+01
 TOTAL FREQ FOR 30 ELECTRONS=  0.0000D+00 NORMALISED INTEGRAL PROB=  0.1000D+01
 TOTAL FREQ FOR 31 ELECTRONS=  0.0000D+00 NORMALISED INTEGRAL PROB=  0.1000D+01
 TOTAL FREQ FOR 32 ELECTRONS=  0.0000D+00 NORMALISED INTEGRAL PROB=  0.1000D+01
 TOTAL FREQ FOR 33 ELECTRONS=  0.0000D+00 NORMALISED INTEGRAL PROB=  0.1000D+01
 TOTAL FREQ FOR 34 ELECTRONS=  0.0000D+00 NORMALISED INTEGRAL PROB=  0.1000D+01
 TOTAL FREQ FOR 35 ELECTRONS=  0.0000D+00 NORMALISED INTEGRAL PROB=  0.1000D+01
 TOTAL FREQ FOR 36 ELECTRONS=  0.0000D+00 NORMALISED INTEGRAL PROB=  0.1000D+01
 TOTAL FREQ FOR 37 ELECTRONS=  0.0000D+00 NORMALISED INTEGRAL PROB=  0.1000D+01
 TOTAL FREQ FOR 38 ELECTRONS=  0.0000D+00 NORMALISED INTEGRAL PROB=  0.1000D+01
 TOTAL FREQ FOR 39 ELECTRONS=  0.0000D+00 NORMALISED INTEGRAL PROB=  0.1000D+01
 TOTAL FREQ FOR 40 ELECTRONS=  0.0000D+00 NORMALISED INTEGRAL PROB=  0.1000D+01
 TOTAL FREQ FOR 41 ELECTRONS=  0.0000D+00 NORMALISED INTEGRAL PROB=  0.1000D+01
 TOTAL FREQ FOR 42 ELECTRONS=  0.0000D+00 NORMALISED INTEGRAL PROB=  0.1000D+01
 TOTAL FREQ FOR 43 ELECTRONS=  0.0000D+00 NORMALISED INTEGRAL PROB=  0.1000D+01
 TOTAL FREQ FOR 44 ELECTRONS=  0.0000D+00 NORMALISED INTEGRAL PROB=  0.1000D+01
 TOTAL FREQ FOR 45 ELECTRONS=  0.0000D+00 NORMALISED INTEGRAL PROB=  0.1000D+01
 TOTAL FREQ FOR 46 ELECTRONS=  0.0000D+00 NORMALISED INTEGRAL PROB=  0.1000D+01
 TOTAL FREQ FOR 47 ELECTRONS=  0.0000D+00 NORMALISED INTEGRAL PROB=  0.1000D+01
 TOTAL FREQ FOR 48 ELECTRONS=  0.0000D+00 NORMALISED INTEGRAL PROB=  0.1000D+01
 TOTAL FREQ FOR 49 ELECTRONS=  0.0000D+00 NORMALISED INTEGRAL PROB=  0.1000D+01
 TOTAL FREQ FOR 50 ELECTRONS=  0.0000D+00 NORMALISED INTEGRAL PROB=  0.1000D+01
 MAX IONS GEN 0 = 4
 MAX IONS GEN 1 = 0
 MAX IONS GEN 2 = 0
 MAX IONS GEN 3 = 0
 MAX IONS GEN 4 = 0
 MAX IONS GEN 5 = 0
 MAX NO. OF ELECTRONS AFTER PHOTON ABSORPTION = 4
 AVERAGE NO. OF ELECTRONS =   0.400D+01
 AVERAGE TOTAL ELECTRON ENERGY =0.490387D+04


   PROGRAM STOPPED . KEXC= 150001


           DEGRAD VERSION 3.19  
      -----------------------------


   X-RAY SIMULATION
----------------------------------


   SIMULATION WITH COMPTON SCATTERING
   SIMULATION WITH RAYLEIGH SCATTERING
   SIMULATION WITH PAIR PRODUCTION
   SIMULATION WITH BREMSSTRAHLUNG
   SIMULATION WITH COMPLETE SHELL CASCADE
----------------------------------


   MONTE CARLO SOLUTION FOR MIXTURE OF  2 GASES.
   DEGRADATION CALCULATION ALL TIMES IN PICOSECS, DISTANCE IN MICRONS
   -----------------------------------------------------------------

       GASES  USED                 PERCENTAGE USED 

      KRYPTON 2013  ANISOTROPIC       90.0000
       CH4 2015  ANISOTROPIC          10.0000


  GAS TEMPERATURE =  20.0 DEGREES CENTIGRADE.
  GAS PRESSURE =   750.1 TORR.


 RANDOM NUMBER SEED =  21784902


   PENNING IONISATION NOT ALLOWED

  INTEGRATION FROM 0.0 TO     37929.4 EV.  IN 20000 STEPS. 

  ELECTRIC FIELD = 130000.0000 VOLTS/CM.
  MAGNETIC FIELD =     0.0000 KILOGAUSS.
  ANGLE BETWEEN ELECTRIC AND MAGNETIC FIELD =     0.000 DEGREES.
  CYCLOTRON FREQ. =   0.000E+00 RADIANS/PICOSECOND

 USED ANISOTROPIC X-SECTIONS (OKHRIMOVSKYY ET AL) 
 USE GROSS IONISATION X-SECTIONS

  INITIAL ELECTRON OR X-RAY ENERGY =     5000.0 EV.
         NUMBER OF EVENTS =        1
    THERMALISATION ENERGY =  2.00 EV.

 PHOTON DETECTION EFFICIENCY USED IN FANO CALCULATION =100.000 %
       WEIGHT GIVEN TO EXCITATION IN FANO CALCULATION =  0.500

  BETA OR X-RAY ALONG Z-AXIS IN E-FIELD DIRECTION

  NULL COLLISION FREQUENCY = 0.159D+02 *(10**12/SEC)

  REAL COLLISION FREQUENCY AT 10 EQUALLY SPACED ENERGY INTERVALS (*10**12/SEC)
    0.155D+02    0.143D+02    0.137D+02    0.130D+02    0.123D+02
    0.119D+02    0.113D+02    0.110D+02    0.107D+02    0.104D+02

 FREQ FOR  1 CHARGE IONS =  0.0000D+00 FREQUENCY FOR  1 PHOTONS=  0.0000D+00
 FREQ FOR  2 CHARGE IONS =  0.0000D+00 FREQUENCY FOR  2 PHOTONS=  0.0000D+00
 FREQ FOR  3 CHARGE IONS =  0.0000D+00 FREQUENCY FOR  3 PHOTONS=  0.0000D+00
 FREQ FOR  4 CHARGE IONS =  0.1000D+01 FREQUENCY FOR  4 PHOTONS=  0.0000D+00
 FREQ FOR  5 CHARGE IONS =  0.0000D+00 FREQUENCY FOR  5 PHOTONS=  0.0000D+00
 FREQ FOR  6 CHARGE IONS =  0.0000D+00 FREQUENCY FOR  6 PHOTONS=  0.0000D+00
 FREQ FOR  7 CHARGE IONS =  0.0000D+00 FREQUENCY FOR  7 PHOTONS=  0.0000D+00
 FREQ FOR  8 CHARGE IONS =  0.0000D+00 FREQUENCY FOR  8 PHOTONS=  0.0000D+00
 FREQ FOR  9 CHARGE IONS =  0.0000D+00 FREQUENCY FOR  9 PHOTONS=  0.0000D+00
 FREQ FOR 10 CHARGE IONS =  0.0000D+00 FREQUENCY FOR 10 PHOTONS=  0.0000D+00
 FREQ FOR 11 CHARGE IONS =  0.0000D+00 FREQUENCY FOR 11 PHOTONS=  0.0000D+00
 FREQ FOR 12 CHARGE IONS =  0.0000D+00 FREQUENCY FOR 12 PHOTONS=  0.0000D+00
 FREQ FOR 13 CHARGE IONS =  0.0000D+00 FREQUENCY FOR 13 PHOTONS=  0.0000D+00
 FREQ FOR 14 CHARGE IONS =  0.0000D+00 FREQUENCY FOR 14 PHOTONS=  0.0000D+00
 FREQ FOR 15 CHARGE IONS =  0.0000D+00 FREQUENCY FOR 15 PHOTONS=  0.0000D+00
 FREQ FOR 16 CHARGE IONS =  0.0000D+00 FREQUENCY FOR 16 PHOTONS=  0.0000D+00
 FREQ FOR 17 CHARGE IONS =  0.0000D+00 FREQUENCY FOR 17 PHOTONS=  0.0000D+00
 FREQ FOR 18 CHARGE IONS =  0.0000D+00 FREQUENCY FOR 18 PHOTONS=  0.0000D+00
 FREQ FOR 19 CHARGE IONS =  0.0000D+00 FREQUENCY FOR 19 PHOTONS=  0.0000D+00
 FREQ FOR 20 CHARGE IONS =  0.0000D+00 FREQUENCY FOR 20 PHOTONS=  0.0000D+00
 FREQ FOR 21 CHARGE IONS =  0.0000D+00 FREQUENCY FOR 21 PHOTONS=  0.0000D+00
 FREQ FOR 22 CHARGE IONS =  0.0000D+00 FREQUENCY FOR 22 PHOTONS=  0.0000D+00
 FREQ FOR 23 CHARGE IONS =  0.0000D+00 FREQUENCY FOR 23 PHOTONS=  0.0000D+00
 FREQ FOR 24 CHARGE IONS =  0.0000D+00 FREQUENCY FOR 24 PHOTONS=  0.0000D+00
 FREQ FOR 25 CHARGE IONS =  0.0000D+00 FREQUENCY FOR 25 PHOTONS=  0.0000D+00
 FREQ FOR 26 CHARGE IONS =  0.0000D+00 FREQUENCY FOR 26 PHOTONS=  0.0000D+00
 FREQ FOR 27 CHARGE IONS =  0.0000D+00 FREQUENCY FOR 27 PHOTONS=  0.0000D+00
 FREQ FOR 28 CHARGE IONS =  0.0000D+00 FREQUENCY FOR 28 PHOTONS=  0.0000D+00


 AVERAGE ELECTRON ENERGY (GENERATION 0) =0.490387D+04
 AVERAGE PHOTON ENERGY (GENERATION 0) =0.000000D+00
 AVERAGE IONIC CHARGE (GENERATION 0) =   0.400D+01


 ION FREQENCIES FOR IST SECOND THIRD AND FOURTH GENERATION PHOTON ABSORPTION
 FREQ FOR  1 IST GEN IONS=  0.0000D+00 2ND GEN=   0.000D+00  3RD GEN=   0.000D+00 4TH GEN=   0.000D+00 5TH GEN=   0.000D+00
 FREQ FOR  2 IST GEN IONS=  0.0000D+00 2ND GEN=   0.000D+00  3RD GEN=   0.000D+00 4TH GEN=   0.000D+00 5TH GEN=   0.000D+00
 FREQ FOR  3 IST GEN IONS=  0.0000D+00 2ND GEN=   0.000D+00  3RD GEN=   0.000D+00 4TH GEN=   0.000D+00 5TH GEN=   0.000D+00
 FREQ FOR  4 IST GEN IONS=  0.0000D+00 2ND GEN=   0.000D+00  3RD GEN=   0.000D+00 4TH GEN=   0.000D+00 5TH GEN=   0.000D+00
 FREQ FOR  5 IST GEN IONS=  0.0000D+00 2ND GEN=   0.000D+00  3RD GEN=   0.000D+00 4TH GEN=   0.000D+00 5TH GEN=   0.000D+00
 FREQ FOR  6 IST GEN IONS=  0.0000D+00 2ND GEN=   0.000D+00  3RD GEN=   0.000D+00 4TH GEN=   0.000D+00 5TH GEN=   0.000D+00
 FREQ FOR  7 IST GEN IONS=  0.0000D+00 2ND GEN=   0.000D+00  3RD GEN=   0.000D+00 4TH GEN=   0.000D+00 5TH GEN=   0.000D+00
 FREQ FOR  8 IST GEN IONS=  0.0000D+00 2ND GEN=   0.000D+00  3RD GEN=   0.000D+00 4TH GEN=   0.000D+00 5TH GEN=   0.000D+00
 FREQ FOR  9 IST GEN IONS=  0.0000D+00 2ND GEN=   0.000D+00  3RD GEN=   0.000D+00 4TH GEN=   0.000D+00 5TH GEN=   0.000D+00
 FREQ FOR 10 IST GEN IONS=  0.0000D+00 2ND GEN=   0.000D+00  3RD GEN=   0.000D+00 4TH GEN=   0.000D+00 5TH GEN=   0.000D+00
 FREQ FOR 11 IST GEN IONS=  0.0000D+00 2ND GEN=   0.000D+00  3RD GEN=   0.000D+00 4TH GEN=   0.000D+00 5TH GEN=   0.000D+00
 FREQ FOR 12 IST GEN IONS=  0.0000D+00 2ND GEN=   0.000D+00  3RD GEN=   0.000D+00 4TH GEN=   0.000D+00 5TH GEN=   0.000D+00
 FREQ FOR 13 IST GEN IONS=  0.0000D+00 2ND GEN=   0.000D+00  3RD GEN=   0.000D+00 4TH GEN=   0.000D+00 5TH GEN=   0.000D+00
 FREQ FOR 14 IST GEN IONS=  0.0000D+00 2ND GEN=   0.000D+00  3RD GEN=   0.000D+00 4TH GEN=   0.000D+00 5TH GEN=   0.000D+00
 FREQ FOR 15 IST GEN IONS=  0.0000D+00 2ND GEN=   0.000D+00  3RD GEN=   0.000D+00 4TH GEN=   0.000D+00 5TH GEN=   0.000D+00
 FREQ FOR 16 IST GEN IONS=  0.0000D+00 2ND GEN=   0.000D+00  3RD GEN=   0.000D+00 4TH GEN=   0.000D+00 5TH GEN=   0.000D+00
 FREQ FOR 17 IST GEN IONS=  0.0000D+00 2ND GEN=   0.000D+00  3RD GEN=   0.000D+00 4TH GEN=   0.000D+00 5TH GEN=   0.000D+00
 FREQ FOR 18 IST GEN IONS=  0.0000D+00 2ND GEN=   0.000D+00  3RD GEN=   0.000D+00 4TH GEN=   0.000D+00 5TH GEN=   0.000D+00
 FREQ FOR 19 IST GEN IONS=  0.0000D+00 2ND GEN=   0.000D+00  3RD GEN=   0.000D+00 4TH GEN=   0.000D+00 5TH GEN=   0.000D+00
 FREQ FOR 20 IST GEN IONS=  0.0000D+00 2ND GEN=   0.000D+00  3RD GEN=   0.000D+00 4TH GEN=   0.000D+00 5TH GEN=   0.000D+00
 FREQ FOR 21 IST GEN IONS=  0.0000D+00 2ND GEN=   0.000D+00  3RD GEN=   0.000D+00 4TH GEN=   0.000D+00 5TH GEN=   0.000D+00
 FREQ FOR 22 IST GEN IONS=  0.0000D+00 2ND GEN=   0.000D+00  3RD GEN=   0.000D+00 4TH GEN=   0.000D+00 5TH GEN=   0.000D+00
 FREQ FOR 23 IST GEN IONS=  0.0000D+00 2ND GEN=   0.000D+00  3RD GEN=   0.000D+00 4TH GEN=   0.000D+00 5TH GEN=   0.000D+00
 FREQ FOR 24 IST GEN IONS=  0.0000D+00 2ND GEN=   0.000D+00  3RD GEN=   0.000D+00 4TH GEN=   0.000D+00 5TH GEN=   0.000D+00
 FREQ FOR 25 IST GEN IONS=  0.0000D+00 2ND GEN=   0.000D+00  3RD GEN=   0.000D+00 4TH GEN=   0.000D+00 5TH GEN=   0.000D+00
 FREQ FOR 26 IST GEN IONS=  0.0000D+00 2ND GEN=   0.000D+00  3RD GEN=   0.000D+00 4TH GEN=   0.000D+00 5TH GEN=   0.000D+00
 FREQ FOR 27 IST GEN IONS=  0.0000D+00 2ND GEN=   0.000D+00  3RD GEN=   0.000D+00 4TH GEN=   0.000D+00 5TH GEN=   0.000D+00
 FREQ FOR 28 IST GEN IONS=  0.0000D+00 2ND GEN=   0.000D+00  3RD GEN=   0.000D+00 4TH GEN=   0.000D+00 5TH GEN=   0.000D+00
 TOTAL FREQ FOR  1 ELECTRONS=  0.0000D+00 NORMALISED INTEGRAL PROB=  0.0000D+00
 TOTAL FREQ FOR  2 ELECTRONS=  0.0000D+00 NORMALISED INTEGRAL PROB=  0.0000D+00
 TOTAL FREQ FOR  3 ELECTRONS=  0.0000D+00 NORMALISED INTEGRAL PROB=  0.0000D+00
 TOTAL FREQ FOR  4 ELECTRONS=  0.1000D+01 NORMALISED INTEGRAL PROB=  0.1000D+01
 TOTAL FREQ FOR  5 ELECTRONS=  0.0000D+00 NORMALISED INTEGRAL PROB=  0.1000D+01
 TOTAL FREQ FOR  6 ELECTRONS=  0.0000D+00 NORMALISED INTEGRAL PROB=  0.1000D+01
 TOTAL FREQ FOR  7 ELECTRONS=  0.0000D+00 NORMALISED INTEGRAL PROB=  0.1000D+01
 TOTAL FREQ FOR  8 ELECTRONS=  0.0000D+00 NORMALISED INTEGRAL PROB=  0.1000D+01
 TOTAL FREQ FOR  9 ELECTRONS=  0.0000D+00 NORMALISED INTEGRAL PROB=  0.1000D+01
 TOTAL FREQ FOR 10 ELECTRONS=  0.0000D+00 NORMALISED INTEGRAL PROB=  0.1000D+01
 TOTAL FREQ FOR 11 ELECTRONS=  0.0000D+00 NORMALISED INTEGRAL PROB=  0.1000D+01
 TOTAL FREQ FOR 12 ELECTRONS=  0.0000D+00 NORMALISED INTEGRAL PROB=  0.1000D+01
 TOTAL FREQ FOR 13 ELECTRONS=  0.0000D+00 NORMALISED INTEGRAL PROB=  0.1000D+01
 TOTAL FREQ FOR 14 ELECTRONS=  0.0000D+00 NORMALISED INTEGRAL PROB=  0.1000D+01
 TOTAL FREQ FOR 15 ELECTRONS=  0.0000D+00 NORMALISED INTEGRAL PROB=  0.1000D+01
 TOTAL FREQ FOR 16 ELECTRONS=  0.0000D+00 NORMALISED INTEGRAL PROB=  0.1000D+01
 TOTAL FREQ FOR 17 ELECTRONS=  0.0000D+00 NORMALISED INTEGRAL PROB=  0.1000D+01
 TOTAL FREQ FOR 18 ELECTRONS=  0.0000D+00 NORMALISED INTEGRAL PROB=  0.1000D+01
 TOTAL FREQ FOR 19 ELECTRONS=  0.0000D+00 NORMALISED INTEGRAL PROB=  0.1000D+01
 TOTAL FREQ FOR 20 ELECTRONS=  0.0000D+00 NORMALISED INTEGRAL PROB=  0.1000D+01
 TOTAL FREQ FOR 21 ELECTRONS=  0.0000D+00 NORMALISED INTEGRAL PROB=  0.1000D+01
 TOTAL FREQ FOR 22 ELECTRONS=  0.0000D+00 NORMALISED INTEGRAL PROB=  0.1000D+01
 TOTAL FREQ FOR 23 ELECTRONS=  0.0000D+00 NORMALISED INTEGRAL PROB=  0.1000D+01
 TOTAL FREQ FOR 24 ELECTRONS=  0.0000D+00 NORMALISED INTEGRAL PROB=  0.1000D+01
 TOTAL FREQ FOR 25 ELECTRONS=  0.0000D+00 NORMALISED INTEGRAL PROB=  0.1000D+01
 TOTAL FREQ FOR 26 ELECTRONS=  0.0000D+00 NORMALISED INTEGRAL PROB=  0.1000D+01
 TOTAL FREQ FOR 27 ELECTRONS=  0.0000D+00 NORMALISED INTEGRAL PROB=  0.1000D+01
 TOTAL FREQ FOR 28 ELECTRONS=  0.0000D+00 NORMALISED INTEGRAL PROB=  0.1000D+01
 TOTAL FREQ FOR 29 ELECTRONS=  0.0000D+00 NORMALISED INTEGRAL PROB=  0.1000D+01
 TOTAL FREQ FOR 30 ELECTRONS=  0.0000D+00 NORMALISED INTEGRAL PROB=  0.1000D+01
 TOTAL FREQ FOR 31 ELECTRONS=  0.0000D+00 NORMALISED INTEGRAL PROB=  0.1000D+01
 TOTAL FREQ FOR 32 ELECTRONS=  0.0000D+00 NORMALISED INTEGRAL PROB=  0.1000D+01
 TOTAL FREQ FOR 33 ELECTRONS=  0.0000D+00 NORMALISED INTEGRAL PROB=  0.1000D+01
 TOTAL FREQ FOR 34 ELECTRONS=  0.0000D+00 NORMALISED INTEGRAL PROB=  0.1000D+01
 TOTAL FREQ FOR 35 ELECTRONS=  0.0000D+00 NORMALISED INTEGRAL PROB=  0.1000D+01
 TOTAL FREQ FOR 36 ELECTRONS=  0.0000D+00 NORMALISED INTEGRAL PROB=  0.1000D+01
 TOTAL FREQ FOR 37 ELECTRONS=  0.0000D+00 NORMALISED INTEGRAL PROB=  0.1000D+01
 TOTAL FREQ FOR 38 ELECTRONS=  0.0000D+00 NORMALISED INTEGRAL PROB=  0.1000D+01
 TOTAL FREQ FOR 39 ELECTRONS=  0.0000D+00 NORMALISED INTEGRAL PROB=  0.1000D+01
 TOTAL FREQ FOR 40 ELECTRONS=  0.0000D+00 NORMALISED INTEGRAL PROB=  0.1000D+01
 TOTAL FREQ FOR 41 ELECTRONS=  0.0000D+00 NORMALISED INTEGRAL PROB=  0.1000D+01
 TOTAL FREQ FOR 42 ELECTRONS=  0.0000D+00 NORMALISED INTEGRAL PROB=  0.1000D+01
 TOTAL FREQ FOR 43 ELECTRONS=  0.0000D+00 NORMALISED INTEGRAL PROB=  0.1000D+01
 TOTAL FREQ FOR 44 ELECTRONS=  0.0000D+00 NORMALISED INTEGRAL PROB=  0.1000D+01
 TOTAL FREQ FOR 45 ELECTRONS=  0.0000D+00 NORMALISED INTEGRAL PROB=  0.1000D+01
 TOTAL FREQ FOR 46 ELECTRONS=  0.0000D+00 NORMALISED INTEGRAL PROB=  0.1000D+01
 TOTAL FREQ FOR 47 ELECTRONS=  0.0000D+00 NORMALISED INTEGRAL PROB=  0.1000D+01
 TOTAL FREQ FOR 48 ELECTRONS=  0.0000D+00 NORMALISED INTEGRAL PROB=  0.1000D+01
 TOTAL FREQ FOR 49 ELECTRONS=  0.0000D+00 NORMALISED INTEGRAL PROB=  0.1000D+01
 TOTAL FREQ FOR 50 ELECTRONS=  0.0000D+00 NORMALISED INTEGRAL PROB=  0.1000D+01
 MAX IONS GEN 0 = 4
 MAX IONS GEN 1 = 0
 MAX IONS GEN 2 = 0
 MAX IONS GEN 3 = 0
 MAX IONS GEN 4 = 0
 MAX IONS GEN 5 = 0
 MAX NO. OF ELECTRONS AFTER PHOTON ABSORPTION = 4
 AVERAGE NO. OF ELECTRONS =   0.400D+01
 AVERAGE TOTAL ELECTRON ENERGY =0.490387D+04


   PROGRAM STOPPED . KEXC= 150001
(Debug: convertDegradFile.py) Working directory: /home/Daniel/Desktop/Geant4GarfieldDegradInterface/build/DMPX
(Debug: convertDegradFile.py) Processing file: DEGRAD.OUT
(Debug: convertDegradFile.py) Replacing spaces with tabs...
(Debug: convertDegradFile.py) Replacing double tabs with single tabs...
(Debug: convertDegradFile.py) Finished processing file: DEGRAD.OUT
(Debug: convertDegradFile.py) All files processed successfully.
(Debug: DegradModel.cc) The Degrad file was properly converted...
(Debug: DegradModel.cc) Getting the electrons from Degrad...
(Debug: DegradModel.cc) Position from Degrad: 1.449782817000435 0.01738764493951162 -0.05472342344367261 cm 
(Debug: DegradModel.cc) Successfully opened file: DEGRAD.OUT
(Debug: DegradModel.cc) Working in DEGRAD.OUT
(Debug: DegradModel.cc) Now reading the ionizations...
(Debug: DegradModel.cc) Total number of electrons generated (inside and outside the box): 383
(Debug: DegradModel.cc) solidName is: physGasBox
(Debug: DegradModel.cc) Creating secondary electron...
(Debug: DegradModel.cc) solidName is: physGasBox
(Debug: DegradModel.cc) Creating secondary electron...
(Debug: DegradModel.cc) solidName is: physGasBox
(Debug: DegradModel.cc) Creating secondary electron...
(Debug: DegradModel.cc) solidName is: physGasBox
(Debug: DegradModel.cc) Creating secondary electron...
(Debug: DegradModel.cc) solidName is: physGasBox
(Debug: DegradModel.cc) Creating secondary electron...
(Debug: DegradModel.cc) solidName is: physGasBox
(Debug: DegradModel.cc) Creating secondary electron...
(Debug: DegradModel.cc) solidName is: physGasBox
(Debug: DegradModel.cc) Creating secondary electron...
(Debug: DegradModel.cc) solidName is: physGasBox
(Debug: DegradModel.cc) Creating secondary electron...
(Debug: DegradModel.cc) solidName is: physGasBox
(Debug: DegradModel.cc) Creating secondary electron...
(Debug: DegradModel.cc) solidName is: physGasBox
(Debug: DegradModel.cc) Creating secondary electron...
(Debug: DegradModel.cc) solidName is: physGasBox
(Debug: DegradModel.cc) Creating secondary electron...
(Debug: DegradModel.cc) solidName is: physGasBox
(Debug: DegradModel.cc) Creating secondary electron...
(Debug: DegradModel.cc) solidName is: physGasBox
(Debug: DegradModel.cc) Creating secondary electron...
(Debug: DegradModel.cc) solidName is: physGasBox
(Debug: DegradModel.cc) Creating secondary electron...
(Debug: DegradModel.cc) solidName is: physGasBox
(Debug: DegradModel.cc) Creating secondary electron...
(Debug: DegradModel.cc) solidName is: physGasBox
(Debug: DegradModel.cc) Creating secondary electron...
(Debug: DegradModel.cc) solidName is: physGasBox
(Debug: DegradModel.cc) Creating secondary electron...
(Debug: DegradModel.cc) solidName is: physGasBox
(Debug: DegradModel.cc) Creating secondary electron...
(Debug: DegradModel.cc) solidName is: physGasBox
(Debug: DegradModel.cc) Creating secondary electron...
(Debug: DegradModel.cc) solidName is: physGasBox
(Debug: DegradModel.cc) Creating secondary electron...
(Debug: DegradModel.cc) solidName is: physGasBox
(Debug: DegradModel.cc) Creating secondary electron...
(Debug: DegradModel.cc) solidName is: physGasBox
(Debug: DegradModel.cc) Creating secondary electron...
(Debug: DegradModel.cc) solidName is: physGasBox
(Debug: DegradModel.cc) Creating secondary electron...
(Debug: DegradModel.cc) solidName is: physGasBox
(Debug: DegradModel.cc) Creating secondary electron...
(Debug: DegradModel.cc) solidName is: physGasBox
(Debug: DegradModel.cc) Creating secondary electron...
(Debug: DegradModel.cc) solidName is: physGasBox
(Debug: DegradModel.cc) Creating secondary electron...
(Debug: DegradModel.cc) solidName is: physGasBox
(Debug: DegradModel.cc) Creating secondary electron...
(Debug: DegradModel.cc) solidName is: physGasBox
(Debug: DegradModel.cc) Creating secondary electron...
(Debug: DegradModel.cc) solidName is: physGasBox
(Debug: DegradModel.cc) Creating secondary electron...
(Debug: DegradModel.cc) solidName is: physGasBox
(Debug: DegradModel.cc) Creating secondary electron...
(Debug: DegradModel.cc) solidName is: physGasBox
(Debug: DegradModel.cc) Creating secondary electron...
(Debug: DegradModel.cc) solidName is: physGasBox
(Debug: DegradModel.cc) Creating secondary electron...
(Debug: DegradModel.cc) solidName is: physGasBox
(Debug: DegradModel.cc) Creating secondary electron...
(Debug: DegradModel.cc) solidName is: physGasBox
(Debug: DegradModel.cc) Creating secondary electron...
(Debug: DegradModel.cc) solidName is: physGasBox
(Debug: DegradModel.cc) Creating secondary electron...
(Debug: DegradModel.cc) solidName is: physGasBox
(Debug: DegradModel.cc) Creating secondary electron...
(Debug: DegradModel.cc) solidName is: physGasBox
(Debug: DegradModel.cc) Creating secondary electron...
(Debug: DegradModel.cc) solidName is: physGasBox
(Debug: DegradModel.cc) Creating secondary electron...
(Debug: DegradModel.cc) solidName is: physGasBox
(Debug: DegradModel.cc) Creating secondary electron...
(Debug: DegradModel.cc) solidName is: physGasBox
(Debug: DegradModel.cc) Creating secondary electron...
(Debug: DegradModel.cc) solidName is: physGasBox
(Debug: DegradModel.cc) Creating secondary electron...
(Debug: DegradModel.cc) solidName is: physGasBox
(Debug: DegradModel.cc) Creating secondary electron...
(Debug: DegradModel.cc) solidName is: physGasBox
(Debug: DegradModel.cc) Creating secondary electron...
(Debug: DegradModel.cc) solidName is: physGasBox
(Debug: DegradModel.cc) Creating secondary electron...
(Debug: DegradModel.cc) solidName is: physGasBox
(Debug: DegradModel.cc) Creating secondary electron...
(Debug: DegradModel.cc) solidName is: physGasBox
(Debug: DegradModel.cc) Creating secondary electron...
(Debug: DegradModel.cc) solidName is: physGasBox
(Debug: DegradModel.cc) Creating secondary electron...
(Debug: DegradModel.cc) solidName is: physGasBox
(Debug: DegradModel.cc) Creating secondary electron...
(Debug: DegradModel.cc) solidName is: physGasBox
(Debug: DegradModel.cc) Creating secondary electron...
(Debug: DegradModel.cc) solidName is: physGasBox
(Debug: DegradModel.cc) Creating secondary electron...
(Debug: DegradModel.cc) solidName is: physGasBox
(Debug: DegradModel.cc) Creating secondary electron...
(Debug: DegradModel.cc) solidName is: physGasBox
(Debug: DegradModel.cc) Creating secondary electron...
(Debug: DegradModel.cc) solidName is: physGasBox
(Debug: DegradModel.cc) Creating secondary electron...
(Debug: DegradModel.cc) solidName is: physGasBox
(Debug: DegradModel.cc) Creating secondary electron...
(Debug: DegradModel.cc) solidName is: physGasBox
(Debug: DegradModel.cc) Creating secondary electron...
(Debug: DegradModel.cc) solidName is: physGasBox
(Debug: DegradModel.cc) Creating secondary electron...
(Debug: DegradModel.cc) solidName is: physGasBox
(Debug: DegradModel.cc) Creating secondary electron...
(Debug: DegradModel.cc) solidName is: physGasBox
(Debug: DegradModel.cc) Creating secondary electron...
(Debug: DegradModel.cc) solidName is: physGasBox
(Debug: DegradModel.cc) Creating secondary electron...
(Debug: DegradModel.cc) solidName is: physGasBox
(Debug: DegradModel.cc) Creating secondary electron...
(Debug: DegradModel.cc) solidName is: physGasBox
(Debug: DegradModel.cc) Creating secondary electron...
(Debug: DegradModel.cc) solidName is: physGasBox
(Debug: DegradModel.cc) Creating secondary electron...
(Debug: DegradModel.cc) solidName is: physGasBox
(Debug: DegradModel.cc) Creating secondary electron...
(Debug: DegradModel.cc) solidName is: physGasBox
(Debug: DegradModel.cc) Creating secondary electron...
(Debug: DegradModel.cc) solidName is: physGasBox
(Debug: DegradModel.cc) Creating secondary electron...
(Debug: DegradModel.cc) solidName is: physGasBox
(Debug: DegradModel.cc) Creating secondary electron...
(Debug: DegradModel.cc) solidName is: physGasBox
(Debug: DegradModel.cc) Creating secondary electron...
(Debug: DegradModel.cc) solidName is: physGasBox
(Debug: DegradModel.cc) Creating secondary electron...
(Debug: DegradModel.cc) solidName is: physGasBox
(Debug: DegradModel.cc) Creating secondary electron...
(Debug: DegradModel.cc) solidName is: physGasBox
(Debug: DegradModel.cc) Creating secondary electron...
(Debug: DegradModel.cc) solidName is: physGasBox
(Debug: DegradModel.cc) Creating secondary electron...
(Debug: DegradModel.cc) solidName is: physGasBox
(Debug: DegradModel.cc) Creating secondary electron...
(Debug: DegradModel.cc) solidName is: physGasBox
(Debug: DegradModel.cc) Creating secondary electron...
(Debug: DegradModel.cc) solidName is: physGasBox
(Debug: DegradModel.cc) Creating secondary electron...
(Debug: DegradModel.cc) solidName is: physGasBox
(Debug: DegradModel.cc) Creating secondary electron...
(Debug: DegradModel.cc) solidName is: physGasBox
(Debug: DegradModel.cc) Creating secondary electron...
(Debug: DegradModel.cc) solidName is: physGasBox
(Debug: DegradModel.cc) Creating secondary electron...
(Debug: DegradModel.cc) solidName is: physGasBox
(Debug: DegradModel.cc) Creating secondary electron...
(Debug: DegradModel.cc) solidName is: physGasBox
(Debug: DegradModel.cc) Creating secondary electron...
(Debug: DegradModel.cc) solidName is: physGasBox
(Debug: DegradModel.cc) Creating secondary electron...
(Debug: DegradModel.cc) solidName is: physGasBox
(Debug: DegradModel.cc) Creating secondary electron...
(Debug: DegradModel.cc) solidName is: physGasBox
(Debug: DegradModel.cc) Creating secondary electron...
(Debug: DegradModel.cc) solidName is: physGasBox
(Debug: DegradModel.cc) Creating secondary electron...
(Debug: DegradModel.cc) solidName is: physGasBox
(Debug: DegradModel.cc) Creating secondary electron...
(Debug: DegradModel.cc) solidName is: physGasBox
(Debug: DegradModel.cc) Creating secondary electron...
(Debug: DegradModel.cc) solidName is: physGasBox
(Debug: DegradModel.cc) Creating secondary electron...
(Debug: DegradModel.cc) solidName is: physGasBox
(Debug: DegradModel.cc) Creating secondary electron...
(Debug: DegradModel.cc) solidName is: physGasBox
(Debug: DegradModel.cc) Creating secondary electron...
(Debug: DegradModel.cc) solidName is: physGasBox
(Debug: DegradModel.cc) Creating secondary electron...
(Debug: DegradModel.cc) solidName is: physGasBox
(Debug: DegradModel.cc) Creating secondary electron...
(Debug: DegradModel.cc) solidName is: physGasBox
(Debug: DegradModel.cc) Creating secondary electron...
(Debug: DegradModel.cc) solidName is: physGasBox
(Debug: DegradModel.cc) Creating secondary electron...
(Debug: DegradModel.cc) solidName is: physGasBox
(Debug: DegradModel.cc) Creating secondary electron...
(Debug: DegradModel.cc) solidName is: physGasBox
(Debug: DegradModel.cc) Creating secondary electron...
(Debug: DegradModel.cc) solidName is: physGasBox
(Debug: DegradModel.cc) Creating secondary electron...
(Debug: DegradModel.cc) solidName is: physGasBox
(Debug: DegradModel.cc) Creating secondary electron...
(Debug: DegradModel.cc) solidName is: physGasBox
(Debug: DegradModel.cc) Creating secondary electron...
(Debug: DegradModel.cc) solidName is: physGasBox
(Debug: DegradModel.cc) Creating secondary electron...
(Debug: DegradModel.cc) solidName is: physGasBox
(Debug: DegradModel.cc) Creating secondary electron...
(Debug: DegradModel.cc) solidName is: physGasBox
(Debug: DegradModel.cc) Creating secondary electron...
(Debug: DegradModel.cc) Number of secondary electrons inside the gas box: 100
    1     14.5    0.174   -0.547         0        0        0         0  physGasBox fastSimProcess_massGeom
Track (trackID 5, parentID 1) is processed with stopping code 2

*********************************************************************************************************
* G4Track Information:   Particle = e-,   Track ID = 105,   Parent ID = 5
*********************************************************************************************************

Step#    X(mm)    Y(mm)    Z(mm) KinE(MeV)  dE(MeV) StepLeng TrackLeng  NextVolume ProcName
    0     14.9   0.0622   -0.437     2e-06        0        0         0  physGasBox initStep
(Debug: HeedModel.cc) The kinetic energy of the particle from Degrad is: 2 eV 
(Debug: HeedModel.cc) Is event successful? 1
(Debug: HeedModel.cc) Triggered! The Garfield model is triggered below energies of 2 eV 
(Debug: HeedModel.cc) The shot number has changed, resetting the number of events...
(Debug: HeedModel.cc) The shot number is: 73
(Debug: HeedModel.cc) The electron has been killed...
(Debug: HeedModel.cc) The position of the particle before drift is: 1.487892351422314 0.00621711858324289 -0.04370588021999061 cm 
(Debug: HeedModel.cc) The kinetic energy of the particle is: 2 eV 
(Debug: HeedModel.cc) Anode spacing: 0.2
(Debug: HeedModel.cc) The parameters for the HeedModel have been updated!
(Debug: HeedDeltaElectronModel.cc) Running Heed...
(Debug: HeedDeltaElectronModel.cc) Transporting delta electron...
(Debug: HeedDeltaElectronModel.cc) Now drifting the particle...
MediumMagboltz::SetComposition: Kr/CH4 (90/10)
MediumMagboltz::Mixer:
    4000 linear energy steps between 0 and 40 eV.
    KRYPTON 2013  ANISOTROPIC_ÖÂd
      mass: 83.798 amu
      ionisation threshold: 13.9996 eV
      51 inelastic terms (51 excitations, 0 superelastic, 0 other)
     CH4 2015  ANISOTROPIC   _ÖÂd
      mass: 16.0426 amu
      ionisation threshold: 12.65 eV
      34 inelastic terms (25 excitations, 2 superelastic, 7 other)
MediumMagboltz::Mixer:
    Lowest ionisation threshold in the mixture: 12.65 eV (CH4)
MediumMagboltz::Mixer:
    Energy [eV]    Collision Rate [ns-1]
          2.50               1349.98
          7.50               5361.14
         12.50               9875.50
         17.50              12926.32
         22.50              14357.59
         27.50              14862.78
         32.50              14815.97
         37.50              15056.96
MediumMagboltz::Mixer: Resetting transfer probabilities.
    Global: 0
    Component 0: 0
    Component 1: 0
    Component 2: 0
    Component 3: 0
    Component 4: 0
    Component 5: 0
(Debug: HeedModel.cc) The gas file is: kr_90_ch4_10.gas
(Debug: HeedModel.cc) The ion mobility file is searched in the Garfield database: 
(Debug: HeedModel.cc) The gas file is searched in the Garfield database: kr_90_ch4_10.gas
MediumMagboltz::LoadGasFile:
    Reading file kr_90_ch4_10.gas.
    Version 13.
    Gas composition set to Kr/CH4 (90/10).
(Debug: HeedModel.cc) The anodes half length in Y is: 500 um 
(Debug: HeedModel.cc) Added gas box to Garfield geometry.
(Debug: HeedModel.cc) All the wires have been added to the Garfield geometry.
(Debug: HeedModel.cc) Added cathode plane to Garfield geometry.
Sensor::AddElectrode:
    Added readout electrode "a_0".
    All signals are reset.
Sensor::AddElectrode:
    Added readout electrode "a_1".
    All signals are reset.
Sensor::AddElectrode:
    Added readout electrode "a_2".
    All signals are reset.
Sensor::AddElectrode:
    Added readout electrode "a_3".
    All signals are reset.
Sensor::AddElectrode:
    Added readout electrode "a_4".
    All signals are reset.
Sensor::AddElectrode:
    Added readout electrode "a_5".
    All signals are reset.
Sensor::AddElectrode:
    Added readout electrode "a_6".
    All signals are reset.
Sensor::AddElectrode:
    Added readout electrode "a_7".
    All signals are reset.
Sensor::AddElectrode:
    Added readout electrode "a_8".
    All signals are reset.
Sensor::AddElectrode:
    Added readout electrode "a_9".
    All signals are reset.
Sensor::AddElectrode:
    Added readout electrode "a_10".
    All signals are reset.
Sensor::AddElectrode:
    Added readout electrode "a_11".
    All signals are reset.
Sensor::AddElectrode:
    Added readout electrode "a_12".
    All signals are reset.
Sensor::AddElectrode:
    Added readout electrode "a_13".
    All signals are reset.
Sensor::AddElectrode:
    Added readout electrode "a_14".
    All signals are reset.
Sensor::AddElectrode:
    Added readout electrode "a_15".
    All signals are reset.
Sensor::AddElectrode:
    Added readout electrode "a_16".
    All signals are reset.
Sensor::AddElectrode:
    Added readout electrode "a_17".
    All signals are reset.
Sensor::AddElectrode:
    Added readout electrode "a_18".
    All signals are reset.
Sensor::AddElectrode:
    Added readout electrode "a_19".
    All signals are reset.
Sensor::AddElectrode:
    Added readout electrode "a_20".
    All signals are reset.
Sensor::AddElectrode:
    Added readout electrode "a_21".
    All signals are reset.
Sensor::AddElectrode:
    Added readout electrode "a_22".
    All signals are reset.
Sensor::AddElectrode:
    Added readout electrode "a_23".
    All signals are reset.
Sensor::AddElectrode:
    Added readout electrode "a_24".
    All signals are reset.
Sensor::AddElectrode:
    Added readout electrode "a_25".
    All signals are reset.
Sensor::AddElectrode:
    Added readout electrode "a_26".
    All signals are reset.
Sensor::AddElectrode:
    Added readout electrode "a_27".
    All signals are reset.
Sensor::AddElectrode:
    Added readout electrode "a_28".
    All signals are reset.
Sensor::AddElectrode:
    Added readout electrode "a_29".
    All signals are reset.
Sensor::AddElectrode:
    Added readout electrode "a_30".
    All signals are reset.
Sensor::AddElectrode:
    Added readout electrode "a_31".
    All signals are reset.
Sensor::AddElectrode:
    Added readout electrode "a_32".
    All signals are reset.
Sensor::AddElectrode:
    Added readout electrode "a_33".
    All signals are reset.
Sensor::AddElectrode:
    Added readout electrode "a_34".
    All signals are reset.
Sensor::AddElectrode:
    Added readout electrode "a_35".
    All signals are reset.
Sensor::AddElectrode:
    Added readout electrode "a_36".
    All signals are reset.
Sensor::AddElectrode:
    Added readout electrode "a_37".
    All signals are reset.
Sensor::AddElectrode:
    Added readout electrode "a_38".
    All signals are reset.
Sensor::AddElectrode:
    Added readout electrode "a_39".
    All signals are reset.
Sensor::AddElectrode:
    Added readout electrode "a_40".
    All signals are reset.
Sensor::AddElectrode:
    Added readout electrode "a_41".
    All signals are reset.
Sensor::AddElectrode:
    Added readout electrode "a_42".
    All signals are reset.
Sensor::AddElectrode:
    Added readout electrode "a_43".
    All signals are reset.
Sensor::AddElectrode:
    Added readout electrode "a_44".
    All signals are reset.
Sensor::AddElectrode:
    Added readout electrode "a_45".
    All signals are reset.
Sensor::AddElectrode:
    Added readout electrode "a_46".
    All signals are reset.
Sensor::AddElectrode:
    Added readout electrode "a_47".
    All signals are reset.
Sensor::AddElectrode:
    Added readout electrode "a_48".
    All signals are reset.
Sensor::AddElectrode:
    Added readout electrode "a_49".
    All signals are reset.
Sensor::AddElectrode:
    Added readout electrode "a_50".
    All signals are reset.
Sensor::AddElectrode:
    Added readout electrode "a_51".
    All signals are reset.
Sensor::AddElectrode:
    Added readout electrode "a_52".
    All signals are reset.
Sensor::AddElectrode:
    Added readout electrode "a_53".
    All signals are reset.
Sensor::AddElectrode:
    Added readout electrode "a_54".
    All signals are reset.
Sensor::AddElectrode:
    Added readout electrode "a_55".
    All signals are reset.
Sensor::AddElectrode:
    Added readout electrode "a_56".
    All signals are reset.
Sensor::AddElectrode:
    Added readout electrode "a_57".
    All signals are reset.
Sensor::AddElectrode:
    Added readout electrode "a_58".
    All signals are reset.
Sensor::AddElectrode:
    Added readout electrode "a_59".
    All signals are reset.
Sensor::AddElectrode:
    Added readout electrode "a_60".
    All signals are reset.
Sensor::AddElectrode:
    Added readout electrode "a_61".
    All signals are reset.
Sensor::AddElectrode:
    Added readout electrode "a_62".
    All signals are reset.
Sensor::AddElectrode:
    Added readout electrode "a_63".
    All signals are reset.
(Debug: HeedModel.cc) The HeedModel has been initialized...
(Debug: HeedModel.cc) HeedModel has been reinitialized...
(Debug: HeedModel.cc) Starting point of the drift: 1.487892351422594 mm  6.217118583350127 um  -43.70588021970997 um  402.7351228632064 ps 
(Debug: HeedModel.cc) Using microscropic tracking for the drift...
