Shot Number,Number of events (secondary e.),Anode ID,Electrons in wire,Gas amplification  coefficient
73,1,0,0,3
73,1,1,0,3
73,1,2,0,3
73,1,3,0,3
73,1,4,0,3
73,1,5,0,3
73,1,6,0,3
73,1,7,0,3
73,1,8,0,3
73,1,9,0,3
73,1,10,0,3
73,1,11,0,3
73,1,12,0,3
73,1,13,0,3
73,1,14,0,3
73,1,15,0,3
73,1,16,0,3
73,1,17,0,3
73,1,18,0,3
73,1,19,0,3
73,1,20,0,3
73,1,21,0,3
73,1,22,0,3
73,1,23,0,3
73,1,24,0,3
73,1,25,0,3
73,1,26,0,3
73,1,27,0,3
73,1,28,0,3
73,1,29,0,3
73,1,30,0,3
73,1,31,0,3
73,1,32,0,3
73,1,33,0,3
73,1,34,0,3
73,1,35,0,3
73,1,36,0,3
73,1,37,0,3
73,1,38,0,3
73,1,39,3,3
73,1,40,0,3
73,1,41,0,3
73,1,42,0,3
73,1,43,0,3
73,1,44,0,3
73,1,45,0,3
73,1,46,0,3
73,1,47,0,3
73,1,48,0,3
73,1,49,0,3
73,1,50,0,3
73,1,51,0,3
73,1,52,0,3
73,1,53,0,3
73,1,54,0,3
73,1,55,0,3
73,1,56,0,3
73,1,57,0,3
73,1,58,0,3
73,1,59,0,3
73,1,60,0,3
73,1,61,0,3
73,1,62,0,3
73,1,63,0,3
73,2,0,0,4
73,2,1,0,4
73,2,2,0,4
73,2,3,0,4
73,2,4,0,4
73,2,5,0,4
73,2,6,0,4
73,2,7,0,4
73,2,8,0,4
73,2,9,0,4
73,2,10,0,4
73,2,11,0,4
73,2,12,0,4
73,2,13,0,4
73,2,14,0,4
73,2,15,0,4
73,2,16,0,4
73,2,17,0,4
73,2,18,0,4
73,2,19,0,4
73,2,20,0,4
73,2,21,0,4
73,2,22,0,4
73,2,23,0,4
73,2,24,0,4
73,2,25,0,4
73,2,26,0,4
73,2,27,0,4
73,2,28,0,4
73,2,29,0,4
73,2,30,0,4
73,2,31,0,4
73,2,32,0,4
73,2,33,0,4
73,2,34,0,4
73,2,35,0,4
73,2,36,0,4
73,2,37,0,4
73,2,38,0,4
73,2,39,8,4
73,2,40,0,4
73,2,41,0,4
73,2,42,0,4
73,2,43,0,4
73,2,44,0,4
73,2,45,0,4
73,2,46,0,4
73,2,47,0,4
73,2,48,0,4
73,2,49,0,4
73,2,50,0,4
73,2,51,0,4
73,2,52,0,4
73,2,53,0,4
73,2,54,0,4
73,2,55,0,4
73,2,56,0,4
73,2,57,0,4
73,2,58,0,4
73,2,59,0,4
73,2,60,0,4
73,2,61,0,4
73,2,62,0,4
73,2,63,0,4
73,3,0,0,3
73,3,1,0,3
73,3,2,0,3
73,3,3,0,3
73,3,4,0,3
73,3,5,0,3
73,3,6,0,3
73,3,7,0,3
73,3,8,0,3
73,3,9,0,3
73,3,10,0,3
73,3,11,0,3
73,3,12,0,3
73,3,13,0,3
73,3,14,0,3
73,3,15,0,3
73,3,16,0,3
73,3,17,0,3
73,3,18,0,3
73,3,19,0,3
73,3,20,0,3
73,3,21,0,3
73,3,22,0,3
73,3,23,0,3
73,3,24,0,3
73,3,25,0,3
73,3,26,0,3
73,3,27,0,3
73,3,28,0,3
73,3,29,0,3
73,3,30,0,3
73,3,31,0,3
73,3,32,0,3
73,3,33,0,3
73,3,34,0,3
73,3,35,0,3
73,3,36,0,3
73,3,37,0,3
73,3,38,0,3
73,3,39,9,3
73,3,40,0,3
73,3,41,0,3
73,3,42,0,3
73,3,43,0,3
73,3,44,0,3
73,3,45,0,3
73,3,46,0,3
73,3,47,0,3
73,3,48,0,3
73,3,49,0,3
73,3,50,0,3
73,3,51,0,3
73,3,52,0,3
73,3,53,0,3
73,3,54,0,3
73,3,55,0,3
73,3,56,0,3
73,3,57,0,3
73,3,58,0,3
73,3,59,0,3
73,3,60,0,3
73,3,61,0,3
73,3,62,0,3
73,3,63,0,3
73,4,0,0,2.75
73,4,1,0,2.75
73,4,2,0,2.75
73,4,3,0,2.75
73,4,4,0,2.75
73,4,5,0,2.75
73,4,6,0,2.75
73,4,7,0,2.75
73,4,8,0,2.75
73,4,9,0,2.75
73,4,10,0,2.75
73,4,11,0,2.75
73,4,12,0,2.75
73,4,13,0,2.75
73,4,14,0,2.75
73,4,15,0,2.75
73,4,16,0,2.75
73,4,17,0,2.75
73,4,18,0,2.75
73,4,19,0,2.75
73,4,20,0,2.75
73,4,21,0,2.75
73,4,22,0,2.75
73,4,23,0,2.75
73,4,24,0,2.75
73,4,25,0,2.75
73,4,26,0,2.75
73,4,27,0,2.75
73,4,28,0,2.75
73,4,29,0,2.75
73,4,30,0,2.75
73,4,31,0,2.75
73,4,32,0,2.75
73,4,33,0,2.75
73,4,34,0,2.75
73,4,35,0,2.75
73,4,36,0,2.75
73,4,37,0,2.75
73,4,38,0,2.75
73,4,39,11,2.75
73,4,40,0,2.75
73,4,41,0,2.75
73,4,42,0,2.75
73,4,43,0,2.75
73,4,44,0,2.75
73,4,45,0,2.75
73,4,46,0,2.75
73,4,47,0,2.75
73,4,48,0,2.75
73,4,49,0,2.75
73,4,50,0,2.75
73,4,51,0,2.75
73,4,52,0,2.75
73,4,53,0,2.75
73,4,54,0,2.75
73,4,55,0,2.75
73,4,56,0,2.75
73,4,57,0,2.75
73,4,58,0,2.75
73,4,59,0,2.75
73,4,60,0,2.75
73,4,61,0,2.75
73,4,62,0,2.75
73,4,63,0,2.75
73,5,0,0,2.4
73,5,1,0,2.4
73,5,2,0,2.4
73,5,3,0,2.4
73,5,4,0,2.4
73,5,5,0,2.4
73,5,6,0,2.4
73,5,7,0,2.4
73,5,8,0,2.4
73,5,9,0,2.4
73,5,10,0,2.4
73,5,11,0,2.4
73,5,12,0,2.4
73,5,13,0,2.4
73,5,14,0,2.4
73,5,15,0,2.4
73,5,16,0,2.4
73,5,17,0,2.4
73,5,18,0,2.4
73,5,19,0,2.4
73,5,20,0,2.4
73,5,21,0,2.4
73,5,22,0,2.4
73,5,23,0,2.4
73,5,24,0,2.4
73,5,25,0,2.4
73,5,26,0,2.4
73,5,27,0,2.4
73,5,28,0,2.4
73,5,29,0,2.4
73,5,30,0,2.4
73,5,31,0,2.4
73,5,32,0,2.4
73,5,33,0,2.4
73,5,34,0,2.4
73,5,35,0,2.4
73,5,36,0,2.4
73,5,37,0,2.4
73,5,38,0,2.4
73,5,39,12,2.4
73,5,40,0,2.4
73,5,41,0,2.4
73,5,42,0,2.4
73,5,43,0,2.4
73,5,44,0,2.4
73,5,45,0,2.4
73,5,46,0,2.4
73,5,47,0,2.4
73,5,48,0,2.4
73,5,49,0,2.4
73,5,50,0,2.4
73,5,51,0,2.4
73,5,52,0,2.4
73,5,53,0,2.4
73,5,54,0,2.4
73,5,55,0,2.4
73,5,56,0,2.4
73,5,57,0,2.4
73,5,58,0,2.4
73,5,59,0,2.4
73,5,60,0,2.4
73,5,61,0,2.4
73,5,62,0,2.4
73,5,63,0,2.4
73,6,0,0,2.33333
73,6,1,0,2.33333
73,6,2,0,2.33333
73,6,3,0,2.33333
73,6,4,0,2.33333
73,6,5,0,2.33333
73,6,6,0,2.33333
73,6,7,0,2.33333
73,6,8,0,2.33333
73,6,9,0,2.33333
73,6,10,0,2.33333
73,6,11,0,2.33333
73,6,12,0,2.33333
73,6,13,0,2.33333
73,6,14,0,2.33333
73,6,15,0,2.33333
73,6,16,0,2.33333
73,6,17,0,2.33333
73,6,18,0,2.33333
73,6,19,0,2.33333
73,6,20,0,2.33333
73,6,21,0,2.33333
73,6,22,0,2.33333
73,6,23,0,2.33333
73,6,24,0,2.33333
73,6,25,0,2.33333
73,6,26,0,2.33333
73,6,27,0,2.33333
73,6,28,0,2.33333
73,6,29,0,2.33333
73,6,30,0,2.33333
73,6,31,0,2.33333
73,6,32,0,2.33333
73,6,33,0,2.33333
73,6,34,0,2.33333
73,6,35,0,2.33333
73,6,36,0,2.33333
73,6,37,0,2.33333
73,6,38,0,2.33333
73,6,39,14,2.33333
73,6,40,0,2.33333
73,6,41,0,2.33333
73,6,42,0,2.33333
73,6,43,0,2.33333
73,6,44,0,2.33333
73,6,45,0,2.33333
73,6,46,0,2.33333
73,6,47,0,2.33333
73,6,48,0,2.33333
73,6,49,0,2.33333
73,6,50,0,2.33333
73,6,51,0,2.33333
73,6,52,0,2.33333
73,6,53,0,2.33333
73,6,54,0,2.33333
73,6,55,0,2.33333
73,6,56,0,2.33333
73,6,57,0,2.33333
73,6,58,0,2.33333
73,6,59,0,2.33333
73,6,60,0,2.33333
73,6,61,0,2.33333
73,6,62,0,2.33333
73,6,63,0,2.33333
73,7,0,0,2.85714
73,7,1,0,2.85714
73,7,2,0,2.85714
73,7,3,0,2.85714
73,7,4,0,2.85714
73,7,5,0,2.85714
73,7,6,0,2.85714
73,7,7,0,2.85714
73,7,8,0,2.85714
73,7,9,0,2.85714
73,7,10,0,2.85714
73,7,11,0,2.85714
73,7,12,0,2.85714
73,7,13,0,2.85714
73,7,14,0,2.85714
73,7,15,0,2.85714
73,7,16,0,2.85714
73,7,17,0,2.85714
73,7,18,0,2.85714
73,7,19,0,2.85714
73,7,20,0,2.85714
73,7,21,0,2.85714
73,7,22,0,2.85714
73,7,23,0,2.85714
73,7,24,0,2.85714
73,7,25,0,2.85714
73,7,26,0,2.85714
73,7,27,0,2.85714
73,7,28,0,2.85714
73,7,29,0,2.85714
73,7,30,0,2.85714
73,7,31,0,2.85714
73,7,32,0,2.85714
73,7,33,0,2.85714
73,7,34,0,2.85714
73,7,35,0,2.85714
73,7,36,0,2.85714
73,7,37,0,2.85714
73,7,38,0,2.85714
73,7,39,20,2.85714
73,7,40,0,2.85714
73,7,41,0,2.85714
73,7,42,0,2.85714
73,7,43,0,2.85714
73,7,44,0,2.85714
73,7,45,0,2.85714
73,7,46,0,2.85714
73,7,47,0,2.85714
73,7,48,0,2.85714
73,7,49,0,2.85714
73,7,50,0,2.85714
73,7,51,0,2.85714
73,7,52,0,2.85714
73,7,53,0,2.85714
73,7,54,0,2.85714
73,7,55,0,2.85714
73,7,56,0,2.85714
73,7,57,0,2.85714
73,7,58,0,2.85714
73,7,59,0,2.85714
73,7,60,0,2.85714
73,7,61,0,2.85714
73,7,62,0,2.85714
73,7,63,0,2.85714
73,8,0,0,2.625
73,8,1,0,2.625
73,8,2,0,2.625
73,8,3,0,2.625
73,8,4,0,2.625
73,8,5,0,2.625
73,8,6,0,2.625
73,8,7,0,2.625
73,8,8,0,2.625
73,8,9,0,2.625
73,8,10,0,2.625
73,8,11,0,2.625
73,8,12,0,2.625
73,8,13,0,2.625
73,8,14,0,2.625
73,8,15,0,2.625
73,8,16,0,2.625
73,8,17,0,2.625
73,8,18,0,2.625
73,8,19,0,2.625
73,8,20,0,2.625
73,8,21,0,2.625
73,8,22,0,2.625
73,8,23,0,2.625
73,8,24,0,2.625
73,8,25,0,2.625
73,8,26,0,2.625
73,8,27,0,2.625
73,8,28,0,2.625
73,8,29,0,2.625
73,8,30,0,2.625
73,8,31,0,2.625
73,8,32,0,2.625
73,8,33,0,2.625
73,8,34,0,2.625
73,8,35,0,2.625
73,8,36,0,2.625
73,8,37,0,2.625
73,8,38,0,2.625
73,8,39,21,2.625
73,8,40,0,2.625
73,8,41,0,2.625
73,8,42,0,2.625
73,8,43,0,2.625
73,8,44,0,2.625
73,8,45,0,2.625
73,8,46,0,2.625
73,8,47,0,2.625
73,8,48,0,2.625
73,8,49,0,2.625
73,8,50,0,2.625
73,8,51,0,2.625
73,8,52,0,2.625
73,8,53,0,2.625
73,8,54,0,2.625
73,8,55,0,2.625
73,8,56,0,2.625
73,8,57,0,2.625
73,8,58,0,2.625
73,8,59,0,2.625
73,8,60,0,2.625
73,8,61,0,2.625
73,8,62,0,2.625
73,8,63,0,2.625
73,9,0,0,2.66667
73,9,1,0,2.66667
73,9,2,0,2.66667
73,9,3,0,2.66667
73,9,4,0,2.66667
73,9,5,0,2.66667
73,9,6,0,2.66667
73,9,7,0,2.66667
73,9,8,0,2.66667
73,9,9,0,2.66667
73,9,10,0,2.66667
73,9,11,0,2.66667
73,9,12,0,2.66667
73,9,13,0,2.66667
73,9,14,0,2.66667
73,9,15,0,2.66667
73,9,16,0,2.66667
73,9,17,0,2.66667
73,9,18,0,2.66667
73,9,19,0,2.66667
73,9,20,0,2.66667
73,9,21,0,2.66667
73,9,22,0,2.66667
73,9,23,0,2.66667
73,9,24,0,2.66667
73,9,25,0,2.66667
73,9,26,0,2.66667
73,9,27,0,2.66667
73,9,28,0,2.66667
73,9,29,0,2.66667
73,9,30,0,2.66667
73,9,31,0,2.66667
73,9,32,0,2.66667
73,9,33,0,2.66667
73,9,34,0,2.66667
73,9,35,0,2.66667
73,9,36,0,2.66667
73,9,37,0,2.66667
73,9,38,0,2.66667
73,9,39,24,2.66667
73,9,40,0,2.66667
73,9,41,0,2.66667
73,9,42,0,2.66667
73,9,43,0,2.66667
73,9,44,0,2.66667
73,9,45,0,2.66667
73,9,46,0,2.66667
73,9,47,0,2.66667
73,9,48,0,2.66667
73,9,49,0,2.66667
73,9,50,0,2.66667
73,9,51,0,2.66667
73,9,52,0,2.66667
73,9,53,0,2.66667
73,9,54,0,2.66667
73,9,55,0,2.66667
73,9,56,0,2.66667
73,9,57,0,2.66667
73,9,58,0,2.66667
73,9,59,0,2.66667
73,9,60,0,2.66667
73,9,61,0,2.66667
73,9,62,0,2.66667
73,9,63,0,2.66667
73,10,0,0,2.5
73,10,1,0,2.5
73,10,2,0,2.5
73,10,3,0,2.5
73,10,4,0,2.5
73,10,5,0,2.5
73,10,6,0,2.5
73,10,7,0,2.5
73,10,8,0,2.5
73,10,9,0,2.5
73,10,10,0,2.5
73,10,11,0,2.5
73,10,12,0,2.5
73,10,13,0,2.5
73,10,14,0,2.5
73,10,15,0,2.5
73,10,16,0,2.5
73,10,17,0,2.5
73,10,18,0,2.5
73,10,19,0,2.5
73,10,20,0,2.5
73,10,21,0,2.5
73,10,22,0,2.5
73,10,23,0,2.5
73,10,24,0,2.5
73,10,25,0,2.5
73,10,26,0,2.5
73,10,27,0,2.5
73,10,28,0,2.5
73,10,29,0,2.5
73,10,30,0,2.5
73,10,31,0,2.5
73,10,32,0,2.5
73,10,33,0,2.5
73,10,34,0,2.5
73,10,35,0,2.5
73,10,36,0,2.5
73,10,37,0,2.5
73,10,38,0,2.5
73,10,39,25,2.5
73,10,40,0,2.5
73,10,41,0,2.5
73,10,42,0,2.5
73,10,43,0,2.5
73,10,44,0,2.5
73,10,45,0,2.5
73,10,46,0,2.5
73,10,47,0,2.5
73,10,48,0,2.5
73,10,49,0,2.5
73,10,50,0,2.5
73,10,51,0,2.5
73,10,52,0,2.5
73,10,53,0,2.5
73,10,54,0,2.5
73,10,55,0,2.5
73,10,56,0,2.5
73,10,57,0,2.5
73,10,58,0,2.5
73,10,59,0,2.5
73,10,60,0,2.5
73,10,61,0,2.5
73,10,62,0,2.5
73,10,63,0,2.5
73,11,0,0,2.36364
73,11,1,0,2.36364
73,11,2,0,2.36364
73,11,3,0,2.36364
73,11,4,0,2.36364
73,11,5,0,2.36364
73,11,6,0,2.36364
73,11,7,0,2.36364
73,11,8,0,2.36364
73,11,9,0,2.36364
73,11,10,0,2.36364
73,11,11,0,2.36364
73,11,12,0,2.36364
73,11,13,0,2.36364
73,11,14,0,2.36364
73,11,15,0,2.36364
73,11,16,0,2.36364
73,11,17,0,2.36364
73,11,18,0,2.36364
73,11,19,0,2.36364
73,11,20,0,2.36364
73,11,21,0,2.36364
73,11,22,0,2.36364
73,11,23,0,2.36364
73,11,24,0,2.36364
73,11,25,0,2.36364
73,11,26,0,2.36364
73,11,27,0,2.36364
73,11,28,0,2.36364
73,11,29,0,2.36364
73,11,30,0,2.36364
73,11,31,0,2.36364
73,11,32,0,2.36364
73,11,33,0,2.36364
73,11,34,0,2.36364
73,11,35,0,2.36364
73,11,36,0,2.36364
73,11,37,0,2.36364
73,11,38,0,2.36364
73,11,39,26,2.36364
73,11,40,0,2.36364
73,11,41,0,2.36364
73,11,42,0,2.36364
73,11,43,0,2.36364
73,11,44,0,2.36364
73,11,45,0,2.36364
73,11,46,0,2.36364
73,11,47,0,2.36364
73,11,48,0,2.36364
73,11,49,0,2.36364
73,11,50,0,2.36364
73,11,51,0,2.36364
73,11,52,0,2.36364
73,11,53,0,2.36364
73,11,54,0,2.36364
73,11,55,0,2.36364
73,11,56,0,2.36364
73,11,57,0,2.36364
73,11,58,0,2.36364
73,11,59,0,2.36364
73,11,60,0,2.36364
73,11,61,0,2.36364
73,11,62,0,2.36364
73,11,63,0,2.36364
73,12,0,0,2.75
73,12,1,0,2.75
73,12,2,0,2.75
73,12,3,0,2.75
73,12,4,0,2.75
73,12,5,0,2.75
73,12,6,0,2.75
73,12,7,0,2.75
73,12,8,0,2.75
73,12,9,0,2.75
73,12,10,0,2.75
73,12,11,0,2.75
73,12,12,0,2.75
73,12,13,0,2.75
73,12,14,0,2.75
73,12,15,0,2.75
73,12,16,0,2.75
73,12,17,0,2.75
73,12,18,0,2.75
73,12,19,0,2.75
73,12,20,0,2.75
73,12,21,0,2.75
73,12,22,0,2.75
73,12,23,0,2.75
73,12,24,0,2.75
73,12,25,0,2.75
73,12,26,0,2.75
73,12,27,0,2.75
73,12,28,0,2.75
73,12,29,0,2.75
73,12,30,0,2.75
73,12,31,0,2.75
73,12,32,0,2.75
73,12,33,0,2.75
73,12,34,0,2.75
73,12,35,0,2.75
73,12,36,0,2.75
73,12,37,0,2.75
73,12,38,0,2.75
73,12,39,33,2.75
73,12,40,0,2.75
73,12,41,0,2.75
73,12,42,0,2.75
73,12,43,0,2.75
73,12,44,0,2.75
73,12,45,0,2.75
73,12,46,0,2.75
73,12,47,0,2.75
73,12,48,0,2.75
73,12,49,0,2.75
73,12,50,0,2.75
73,12,51,0,2.75
73,12,52,0,2.75
73,12,53,0,2.75
73,12,54,0,2.75
73,12,55,0,2.75
73,12,56,0,2.75
73,12,57,0,2.75
73,12,58,0,2.75
73,12,59,0,2.75
73,12,60,0,2.75
73,12,61,0,2.75
73,12,62,0,2.75
73,12,63,0,2.75
73,13,0,0,2.61538
73,13,1,0,2.61538
73,13,2,0,2.61538
73,13,3,0,2.61538
73,13,4,0,2.61538
73,13,5,0,2.61538
73,13,6,0,2.61538
73,13,7,0,2.61538
73,13,8,0,2.61538
73,13,9,0,2.61538
73,13,10,0,2.61538
73,13,11,0,2.61538
73,13,12,0,2.61538
73,13,13,0,2.61538
73,13,14,0,2.61538
73,13,15,0,2.61538
73,13,16,0,2.61538
73,13,17,0,2.61538
73,13,18,0,2.61538
73,13,19,0,2.61538
73,13,20,0,2.61538
73,13,21,0,2.61538
73,13,22,0,2.61538
73,13,23,0,2.61538
73,13,24,0,2.61538
73,13,25,0,2.61538
73,13,26,0,2.61538
73,13,27,0,2.61538
73,13,28,0,2.61538
73,13,29,0,2.61538
73,13,30,0,2.61538
73,13,31,0,2.61538
73,13,32,0,2.61538
73,13,33,0,2.61538
73,13,34,0,2.61538
73,13,35,0,2.61538
73,13,36,0,2.61538
73,13,37,0,2.61538
73,13,38,0,2.61538
73,13,39,34,2.61538
73,13,40,0,2.61538
73,13,41,0,2.61538
73,13,42,0,2.61538
73,13,43,0,2.61538
73,13,44,0,2.61538
73,13,45,0,2.61538
73,13,46,0,2.61538
73,13,47,0,2.61538
73,13,48,0,2.61538
73,13,49,0,2.61538
73,13,50,0,2.61538
73,13,51,0,2.61538
73,13,52,0,2.61538
73,13,53,0,2.61538
73,13,54,0,2.61538
73,13,55,0,2.61538
73,13,56,0,2.61538
73,13,57,0,2.61538
73,13,58,0,2.61538
73,13,59,0,2.61538
73,13,60,0,2.61538
73,13,61,0,2.61538
73,13,62,0,2.61538
73,13,63,0,2.61538
73,14,0,0,2.57143
73,14,1,0,2.57143
73,14,2,0,2.57143
73,14,3,0,2.57143
73,14,4,0,2.57143
73,14,5,0,2.57143
73,14,6,0,2.57143
73,14,7,0,2.57143
73,14,8,0,2.57143
73,14,9,0,2.57143
73,14,10,0,2.57143
73,14,11,0,2.57143
73,14,12,0,2.57143
73,14,13,0,2.57143
73,14,14,0,2.57143
73,14,15,0,2.57143
73,14,16,0,2.57143
73,14,17,0,2.57143
73,14,18,0,2.57143
73,14,19,0,2.57143
73,14,20,0,2.57143
73,14,21,0,2.57143
73,14,22,0,2.57143
73,14,23,0,2.57143
73,14,24,0,2.57143
73,14,25,0,2.57143
73,14,26,0,2.57143
73,14,27,0,2.57143
73,14,28,0,2.57143
73,14,29,0,2.57143
73,14,30,0,2.57143
73,14,31,0,2.57143
73,14,32,0,2.57143
73,14,33,0,2.57143
73,14,34,0,2.57143
73,14,35,0,2.57143
73,14,36,0,2.57143
73,14,37,0,2.57143
73,14,38,0,2.57143
73,14,39,36,2.57143
73,14,40,0,2.57143
73,14,41,0,2.57143
73,14,42,0,2.57143
73,14,43,0,2.57143
73,14,44,0,2.57143
73,14,45,0,2.57143
73,14,46,0,2.57143
73,14,47,0,2.57143
73,14,48,0,2.57143
73,14,49,0,2.57143
73,14,50,0,2.57143
73,14,51,0,2.57143
73,14,52,0,2.57143
73,14,53,0,2.57143
73,14,54,0,2.57143
73,14,55,0,2.57143
73,14,56,0,2.57143
73,14,57,0,2.57143
73,14,58,0,2.57143
73,14,59,0,2.57143
73,14,60,0,2.57143
73,14,61,0,2.57143
73,14,62,0,2.57143
73,14,63,0,2.57143
73,15,0,0,2.46667
73,15,1,0,2.46667
73,15,2,0,2.46667
73,15,3,0,2.46667
73,15,4,0,2.46667
73,15,5,0,2.46667
73,15,6,0,2.46667
73,15,7,0,2.46667
73,15,8,0,2.46667
73,15,9,0,2.46667
73,15,10,0,2.46667
73,15,11,0,2.46667
73,15,12,0,2.46667
73,15,13,0,2.46667
73,15,14,0,2.46667
73,15,15,0,2.46667
73,15,16,0,2.46667
73,15,17,0,2.46667
73,15,18,0,2.46667
73,15,19,0,2.46667
73,15,20,0,2.46667
73,15,21,0,2.46667
73,15,22,0,2.46667
73,15,23,0,2.46667
73,15,24,0,2.46667
73,15,25,0,2.46667
73,15,26,0,2.46667
73,15,27,0,2.46667
73,15,28,0,2.46667
73,15,29,0,2.46667
73,15,30,0,2.46667
73,15,31,0,2.46667
73,15,32,0,2.46667
73,15,33,0,2.46667
73,15,34,0,2.46667
73,15,35,0,2.46667
73,15,36,0,2.46667
73,15,37,0,2.46667
73,15,38,0,2.46667
73,15,39,37,2.46667
73,15,40,0,2.46667
73,15,41,0,2.46667
73,15,42,0,2.46667
73,15,43,0,2.46667
73,15,44,0,2.46667
73,15,45,0,2.46667
73,15,46,0,2.46667
73,15,47,0,2.46667
73,15,48,0,2.46667
73,15,49,0,2.46667
73,15,50,0,2.46667
73,15,51,0,2.46667
73,15,52,0,2.46667
73,15,53,0,2.46667
73,15,54,0,2.46667
73,15,55,0,2.46667
73,15,56,0,2.46667
73,15,57,0,2.46667
73,15,58,0,2.46667
73,15,59,0,2.46667
73,15,60,0,2.46667
73,15,61,0,2.46667
73,15,62,0,2.46667
73,15,63,0,2.46667
73,16,0,0,2.375
73,16,1,0,2.375
73,16,2,0,2.375
73,16,3,0,2.375
73,16,4,0,2.375
73,16,5,0,2.375
73,16,6,0,2.375
73,16,7,0,2.375
73,16,8,0,2.375
73,16,9,0,2.375
73,16,10,0,2.375
73,16,11,0,2.375
73,16,12,0,2.375
73,16,13,0,2.375
73,16,14,0,2.375
73,16,15,0,2.375
73,16,16,0,2.375
73,16,17,0,2.375
73,16,18,0,2.375
73,16,19,0,2.375
73,16,20,0,2.375
73,16,21,0,2.375
73,16,22,0,2.375
73,16,23,0,2.375
73,16,24,0,2.375
73,16,25,0,2.375
73,16,26,0,2.375
73,16,27,0,2.375
73,16,28,0,2.375
73,16,29,0,2.375
73,16,30,0,2.375
73,16,31,0,2.375
73,16,32,0,2.375
73,16,33,0,2.375
73,16,34,0,2.375
73,16,35,0,2.375
73,16,36,0,2.375
73,16,37,0,2.375
73,16,38,0,2.375
73,16,39,38,2.375
73,16,40,0,2.375
73,16,41,0,2.375
73,16,42,0,2.375
73,16,43,0,2.375
73,16,44,0,2.375
73,16,45,0,2.375
73,16,46,0,2.375
73,16,47,0,2.375
73,16,48,0,2.375
73,16,49,0,2.375
73,16,50,0,2.375
73,16,51,0,2.375
73,16,52,0,2.375
73,16,53,0,2.375
73,16,54,0,2.375
73,16,55,0,2.375
73,16,56,0,2.375
73,16,57,0,2.375
73,16,58,0,2.375
73,16,59,0,2.375
73,16,60,0,2.375
73,16,61,0,2.375
73,16,62,0,2.375
73,16,63,0,2.375
73,17,0,0,2.35294
73,17,1,0,2.35294
73,17,2,0,2.35294
73,17,3,0,2.35294
73,17,4,0,2.35294
73,17,5,0,2.35294
73,17,6,0,2.35294
73,17,7,0,2.35294
73,17,8,0,2.35294
73,17,9,0,2.35294
73,17,10,0,2.35294
73,17,11,0,2.35294
73,17,12,0,2.35294
73,17,13,0,2.35294
73,17,14,0,2.35294
73,17,15,0,2.35294
73,17,16,0,2.35294
73,17,17,0,2.35294
73,17,18,0,2.35294
73,17,19,0,2.35294
73,17,20,0,2.35294
73,17,21,0,2.35294
73,17,22,0,2.35294
73,17,23,0,2.35294
73,17,24,0,2.35294
73,17,25,0,2.35294
73,17,26,0,2.35294
73,17,27,0,2.35294
73,17,28,0,2.35294
73,17,29,0,2.35294
73,17,30,0,2.35294
73,17,31,0,2.35294
73,17,32,0,2.35294
73,17,33,0,2.35294
73,17,34,0,2.35294
73,17,35,0,2.35294
73,17,36,0,2.35294
73,17,37,0,2.35294
73,17,38,0,2.35294
73,17,39,40,2.35294
73,17,40,0,2.35294
73,17,41,0,2.35294
73,17,42,0,2.35294
73,17,43,0,2.35294
73,17,44,0,2.35294
73,17,45,0,2.35294
73,17,46,0,2.35294
73,17,47,0,2.35294
73,17,48,0,2.35294
73,17,49,0,2.35294
73,17,50,0,2.35294
73,17,51,0,2.35294
73,17,52,0,2.35294
73,17,53,0,2.35294
73,17,54,0,2.35294
73,17,55,0,2.35294
73,17,56,0,2.35294
73,17,57,0,2.35294
73,17,58,0,2.35294
73,17,59,0,2.35294
73,17,60,0,2.35294
73,17,61,0,2.35294
73,17,62,0,2.35294
73,17,63,0,2.35294
73,18,0,0,2.38889
73,18,1,0,2.38889
73,18,2,0,2.38889
73,18,3,0,2.38889
73,18,4,0,2.38889
73,18,5,0,2.38889
73,18,6,0,2.38889
73,18,7,0,2.38889
73,18,8,0,2.38889
73,18,9,0,2.38889
73,18,10,0,2.38889
73,18,11,0,2.38889
73,18,12,0,2.38889
73,18,13,0,2.38889
73,18,14,0,2.38889
73,18,15,0,2.38889
73,18,16,0,2.38889
73,18,17,0,2.38889
73,18,18,0,2.38889
73,18,19,0,2.38889
73,18,20,0,2.38889
73,18,21,0,2.38889
73,18,22,0,2.38889
73,18,23,0,2.38889
73,18,24,0,2.38889
73,18,25,0,2.38889
73,18,26,0,2.38889
73,18,27,0,2.38889
73,18,28,0,2.38889
73,18,29,0,2.38889
73,18,30,0,2.38889
73,18,31,0,2.38889
73,18,32,0,2.38889
73,18,33,0,2.38889
73,18,34,0,2.38889
73,18,35,0,2.38889
73,18,36,0,2.38889
73,18,37,0,2.38889
73,18,38,0,2.38889
73,18,39,43,2.38889
73,18,40,0,2.38889
73,18,41,0,2.38889
73,18,42,0,2.38889
73,18,43,0,2.38889
73,18,44,0,2.38889
73,18,45,0,2.38889
73,18,46,0,2.38889
73,18,47,0,2.38889
73,18,48,0,2.38889
73,18,49,0,2.38889
73,18,50,0,2.38889
73,18,51,0,2.38889
73,18,52,0,2.38889
73,18,53,0,2.38889
73,18,54,0,2.38889
73,18,55,0,2.38889
73,18,56,0,2.38889
73,18,57,0,2.38889
73,18,58,0,2.38889
73,18,59,0,2.38889
73,18,60,0,2.38889
73,18,61,0,2.38889
73,18,62,0,2.38889
73,18,63,0,2.38889
73,19,0,0,2.42105
73,19,1,0,2.42105
73,19,2,0,2.42105
73,19,3,0,2.42105
73,19,4,0,2.42105
73,19,5,0,2.42105
73,19,6,0,2.42105
73,19,7,0,2.42105
73,19,8,0,2.42105
73,19,9,0,2.42105
73,19,10,0,2.42105
73,19,11,0,2.42105
73,19,12,0,2.42105
73,19,13,0,2.42105
73,19,14,0,2.42105
73,19,15,0,2.42105
73,19,16,0,2.42105
73,19,17,0,2.42105
73,19,18,0,2.42105
73,19,19,0,2.42105
73,19,20,0,2.42105
73,19,21,0,2.42105
73,19,22,0,2.42105
73,19,23,0,2.42105
73,19,24,0,2.42105
73,19,25,0,2.42105
73,19,26,0,2.42105
73,19,27,0,2.42105
73,19,28,0,2.42105
73,19,29,0,2.42105
73,19,30,0,2.42105
73,19,31,0,2.42105
73,19,32,0,2.42105
73,19,33,0,2.42105
73,19,34,0,2.42105
73,19,35,0,2.42105
73,19,36,0,2.42105
73,19,37,0,2.42105
73,19,38,0,2.42105
73,19,39,46,2.42105
73,19,40,0,2.42105
73,19,41,0,2.42105
73,19,42,0,2.42105
73,19,43,0,2.42105
73,19,44,0,2.42105
73,19,45,0,2.42105
73,19,46,0,2.42105
73,19,47,0,2.42105
73,19,48,0,2.42105
73,19,49,0,2.42105
73,19,50,0,2.42105
73,19,51,0,2.42105
73,19,52,0,2.42105
73,19,53,0,2.42105
73,19,54,0,2.42105
73,19,55,0,2.42105
73,19,56,0,2.42105
73,19,57,0,2.42105
73,19,58,0,2.42105
73,19,59,0,2.42105
73,19,60,0,2.42105
73,19,61,0,2.42105
73,19,62,0,2.42105
73,19,63,0,2.42105
73,20,0,0,2.35
73,20,1,0,2.35
73,20,2,0,2.35
73,20,3,0,2.35
73,20,4,0,2.35
73,20,5,0,2.35
73,20,6,0,2.35
73,20,7,0,2.35
73,20,8,0,2.35
73,20,9,0,2.35
73,20,10,0,2.35
73,20,11,0,2.35
73,20,12,0,2.35
73,20,13,0,2.35
73,20,14,0,2.35
73,20,15,0,2.35
73,20,16,0,2.35
73,20,17,0,2.35
73,20,18,0,2.35
73,20,19,0,2.35
73,20,20,0,2.35
73,20,21,0,2.35
73,20,22,0,2.35
73,20,23,0,2.35
73,20,24,0,2.35
73,20,25,0,2.35
73,20,26,0,2.35
73,20,27,0,2.35
73,20,28,0,2.35
73,20,29,0,2.35
73,20,30,0,2.35
73,20,31,0,2.35
73,20,32,0,2.35
73,20,33,0,2.35
73,20,34,0,2.35
73,20,35,0,2.35
73,20,36,0,2.35
73,20,37,0,2.35
73,20,38,0,2.35
73,20,39,47,2.35
73,20,40,0,2.35
73,20,41,0,2.35
73,20,42,0,2.35
73,20,43,0,2.35
73,20,44,0,2.35
73,20,45,0,2.35
73,20,46,0,2.35
73,20,47,0,2.35
73,20,48,0,2.35
73,20,49,0,2.35
73,20,50,0,2.35
73,20,51,0,2.35
73,20,52,0,2.35
73,20,53,0,2.35
73,20,54,0,2.35
73,20,55,0,2.35
73,20,56,0,2.35
73,20,57,0,2.35
73,20,58,0,2.35
73,20,59,0,2.35
73,20,60,0,2.35
73,20,61,0,2.35
73,20,62,0,2.35
73,20,63,0,2.35
73,21,0,0,2.47619
73,21,1,0,2.47619
73,21,2,0,2.47619
73,21,3,0,2.47619
73,21,4,0,2.47619
73,21,5,0,2.47619
73,21,6,0,2.47619
73,21,7,0,2.47619
73,21,8,0,2.47619
73,21,9,0,2.47619
73,21,10,0,2.47619
73,21,11,0,2.47619
73,21,12,0,2.47619
73,21,13,0,2.47619
73,21,14,0,2.47619
73,21,15,0,2.47619
73,21,16,0,2.47619
73,21,17,0,2.47619
73,21,18,0,2.47619
73,21,19,0,2.47619
73,21,20,0,2.47619
73,21,21,0,2.47619
73,21,22,0,2.47619
73,21,23,0,2.47619
73,21,24,0,2.47619
73,21,25,0,2.47619
73,21,26,0,2.47619
73,21,27,0,2.47619
73,21,28,0,2.47619
73,21,29,0,2.47619
73,21,30,0,2.47619
73,21,31,0,2.47619
73,21,32,0,2.47619
73,21,33,0,2.47619
73,21,34,0,2.47619
73,21,35,0,2.47619
73,21,36,0,2.47619
73,21,37,0,2.47619
73,21,38,0,2.47619
73,21,39,52,2.47619
73,21,40,0,2.47619
73,21,41,0,2.47619
73,21,42,0,2.47619
73,21,43,0,2.47619
73,21,44,0,2.47619
73,21,45,0,2.47619
73,21,46,0,2.47619
73,21,47,0,2.47619
73,21,48,0,2.47619
73,21,49,0,2.47619
73,21,50,0,2.47619
73,21,51,0,2.47619
73,21,52,0,2.47619
73,21,53,0,2.47619
73,21,54,0,2.47619
73,21,55,0,2.47619
73,21,56,0,2.47619
73,21,57,0,2.47619
73,21,58,0,2.47619
73,21,59,0,2.47619
73,21,60,0,2.47619
73,21,61,0,2.47619
73,21,62,0,2.47619
73,21,63,0,2.47619
73,22,0,0,2.54545
73,22,1,0,2.54545
73,22,2,0,2.54545
73,22,3,0,2.54545
73,22,4,0,2.54545
73,22,5,0,2.54545
73,22,6,0,2.54545
73,22,7,0,2.54545
73,22,8,0,2.54545
73,22,9,0,2.54545
73,22,10,0,2.54545
73,22,11,0,2.54545
73,22,12,0,2.54545
73,22,13,0,2.54545
73,22,14,0,2.54545
73,22,15,0,2.54545
73,22,16,0,2.54545
73,22,17,0,2.54545
73,22,18,0,2.54545
73,22,19,0,2.54545
73,22,20,0,2.54545
73,22,21,0,2.54545
73,22,22,0,2.54545
73,22,23,0,2.54545
73,22,24,0,2.54545
73,22,25,0,2.54545
73,22,26,0,2.54545
73,22,27,0,2.54545
73,22,28,0,2.54545
73,22,29,0,2.54545
73,22,30,0,2.54545
73,22,31,0,2.54545
73,22,32,0,2.54545
73,22,33,0,2.54545
73,22,34,0,2.54545
73,22,35,0,2.54545
73,22,36,0,2.54545
73,22,37,0,2.54545
73,22,38,0,2.54545
73,22,39,56,2.54545
73,22,40,0,2.54545
73,22,41,0,2.54545
73,22,42,0,2.54545
73,22,43,0,2.54545
73,22,44,0,2.54545
73,22,45,0,2.54545
73,22,46,0,2.54545
73,22,47,0,2.54545
73,22,48,0,2.54545
73,22,49,0,2.54545
73,22,50,0,2.54545
73,22,51,0,2.54545
73,22,52,0,2.54545
73,22,53,0,2.54545
73,22,54,0,2.54545
73,22,55,0,2.54545
73,22,56,0,2.54545
73,22,57,0,2.54545
73,22,58,0,2.54545
73,22,59,0,2.54545
73,22,60,0,2.54545
73,22,61,0,2.54545
73,22,62,0,2.54545
73,22,63,0,2.54545
73,23,0,0,2.43478
73,23,1,0,2.43478
73,23,2,0,2.43478
73,23,3,0,2.43478
73,23,4,0,2.43478
73,23,5,0,2.43478
73,23,6,0,2.43478
73,23,7,0,2.43478
73,23,8,0,2.43478
73,23,9,0,2.43478
73,23,10,0,2.43478
73,23,11,0,2.43478
73,23,12,0,2.43478
73,23,13,0,2.43478
73,23,14,0,2.43478
73,23,15,0,2.43478
73,23,16,0,2.43478
73,23,17,0,2.43478
73,23,18,0,2.43478
73,23,19,0,2.43478
73,23,20,0,2.43478
73,23,21,0,2.43478
73,23,22,0,2.43478
73,23,23,0,2.43478
73,23,24,0,2.43478
73,23,25,0,2.43478
73,23,26,0,2.43478
73,23,27,0,2.43478
73,23,28,0,2.43478
73,23,29,0,2.43478
73,23,30,0,2.43478
73,23,31,0,2.43478
73,23,32,0,2.43478
73,23,33,0,2.43478
73,23,34,0,2.43478
73,23,35,0,2.43478
73,23,36,0,2.43478
73,23,37,0,2.43478
73,23,38,0,2.43478
73,23,39,56,2.43478
73,23,40,0,2.43478
73,23,41,0,2.43478
73,23,42,0,2.43478
73,23,43,0,2.43478
73,23,44,0,2.43478
73,23,45,0,2.43478
73,23,46,0,2.43478
73,23,47,0,2.43478
73,23,48,0,2.43478
73,23,49,0,2.43478
73,23,50,0,2.43478
73,23,51,0,2.43478
73,23,52,0,2.43478
73,23,53,0,2.43478
73,23,54,0,2.43478
73,23,55,0,2.43478
73,23,56,0,2.43478
73,23,57,0,2.43478
73,23,58,0,2.43478
73,23,59,0,2.43478
73,23,60,0,2.43478
73,23,61,0,2.43478
73,23,62,0,2.43478
73,23,63,0,2.43478
73,24,0,0,2.41667
73,24,1,0,2.41667
73,24,2,0,2.41667
73,24,3,0,2.41667
73,24,4,0,2.41667
73,24,5,0,2.41667
73,24,6,0,2.41667
73,24,7,0,2.41667
73,24,8,0,2.41667
73,24,9,0,2.41667
73,24,10,0,2.41667
73,24,11,0,2.41667
73,24,12,0,2.41667
73,24,13,0,2.41667
73,24,14,0,2.41667
73,24,15,0,2.41667
73,24,16,0,2.41667
73,24,17,0,2.41667
73,24,18,0,2.41667
73,24,19,0,2.41667
73,24,20,0,2.41667
73,24,21,0,2.41667
73,24,22,0,2.41667
73,24,23,0,2.41667
73,24,24,0,2.41667
73,24,25,0,2.41667
73,24,26,0,2.41667
73,24,27,0,2.41667
73,24,28,0,2.41667
73,24,29,0,2.41667
73,24,30,0,2.41667
73,24,31,0,2.41667
73,24,32,0,2.41667
73,24,33,0,2.41667
73,24,34,0,2.41667
73,24,35,0,2.41667
73,24,36,0,2.41667
73,24,37,0,2.41667
73,24,38,0,2.41667
73,24,39,58,2.41667
73,24,40,0,2.41667
73,24,41,0,2.41667
73,24,42,0,2.41667
73,24,43,0,2.41667
73,24,44,0,2.41667
73,24,45,0,2.41667
73,24,46,0,2.41667
73,24,47,0,2.41667
73,24,48,0,2.41667
73,24,49,0,2.41667
73,24,50,0,2.41667
73,24,51,0,2.41667
73,24,52,0,2.41667
73,24,53,0,2.41667
73,24,54,0,2.41667
73,24,55,0,2.41667
73,24,56,0,2.41667
73,24,57,0,2.41667
73,24,58,0,2.41667
73,24,59,0,2.41667
73,24,60,0,2.41667
73,24,61,0,2.41667
73,24,62,0,2.41667
73,24,63,0,2.41667
73,25,0,0,2.36
73,25,1,0,2.36
73,25,2,0,2.36
73,25,3,0,2.36
73,25,4,0,2.36
73,25,5,0,2.36
73,25,6,0,2.36
73,25,7,0,2.36
73,25,8,0,2.36
73,25,9,0,2.36
73,25,10,0,2.36
73,25,11,0,2.36
73,25,12,0,2.36
73,25,13,0,2.36
73,25,14,0,2.36
73,25,15,0,2.36
73,25,16,0,2.36
73,25,17,0,2.36
73,25,18,0,2.36
73,25,19,0,2.36
73,25,20,0,2.36
73,25,21,0,2.36
73,25,22,0,2.36
73,25,23,0,2.36
73,25,24,0,2.36
73,25,25,0,2.36
73,25,26,0,2.36
73,25,27,0,2.36
73,25,28,0,2.36
73,25,29,0,2.36
73,25,30,0,2.36
73,25,31,0,2.36
73,25,32,0,2.36
73,25,33,0,2.36
73,25,34,0,2.36
73,25,35,0,2.36
73,25,36,0,2.36
73,25,37,0,2.36
73,25,38,0,2.36
73,25,39,59,2.36
73,25,40,0,2.36
73,25,41,0,2.36
73,25,42,0,2.36
73,25,43,0,2.36
73,25,44,0,2.36
73,25,45,0,2.36
73,25,46,0,2.36
73,25,47,0,2.36
73,25,48,0,2.36
73,25,49,0,2.36
73,25,50,0,2.36
73,25,51,0,2.36
73,25,52,0,2.36
73,25,53,0,2.36
73,25,54,0,2.36
73,25,55,0,2.36
73,25,56,0,2.36
73,25,57,0,2.36
73,25,58,0,2.36
73,25,59,0,2.36
73,25,60,0,2.36
73,25,61,0,2.36
73,25,62,0,2.36
73,25,63,0,2.36
73,26,0,0,2.42308
73,26,1,0,2.42308
73,26,2,0,2.42308
73,26,3,0,2.42308
73,26,4,0,2.42308
73,26,5,0,2.42308
73,26,6,0,2.42308
73,26,7,0,2.42308
73,26,8,0,2.42308
73,26,9,0,2.42308
73,26,10,0,2.42308
73,26,11,0,2.42308
73,26,12,0,2.42308
73,26,13,0,2.42308
73,26,14,0,2.42308
73,26,15,0,2.42308
73,26,16,0,2.42308
73,26,17,0,2.42308
73,26,18,0,2.42308
73,26,19,0,2.42308
73,26,20,0,2.42308
73,26,21,0,2.42308
73,26,22,0,2.42308
73,26,23,0,2.42308
73,26,24,0,2.42308
73,26,25,0,2.42308
73,26,26,0,2.42308
73,26,27,0,2.42308
73,26,28,0,2.42308
73,26,29,0,2.42308
73,26,30,0,2.42308
73,26,31,0,2.42308
73,26,32,0,2.42308
73,26,33,0,2.42308
73,26,34,0,2.42308
73,26,35,0,2.42308
73,26,36,0,2.42308
73,26,37,0,2.42308
73,26,38,0,2.42308
73,26,39,63,2.42308
73,26,40,0,2.42308
73,26,41,0,2.42308
73,26,42,0,2.42308
73,26,43,0,2.42308
73,26,44,0,2.42308
73,26,45,0,2.42308
73,26,46,0,2.42308
73,26,47,0,2.42308
73,26,48,0,2.42308
73,26,49,0,2.42308
73,26,50,0,2.42308
73,26,51,0,2.42308
73,26,52,0,2.42308
73,26,53,0,2.42308
73,26,54,0,2.42308
73,26,55,0,2.42308
73,26,56,0,2.42308
73,26,57,0,2.42308
73,26,58,0,2.42308
73,26,59,0,2.42308
73,26,60,0,2.42308
73,26,61,0,2.42308
73,26,62,0,2.42308
73,26,63,0,2.42308
73,27,0,0,2.40741
73,27,1,0,2.40741
73,27,2,0,2.40741
73,27,3,0,2.40741
73,27,4,0,2.40741
73,27,5,0,2.40741
73,27,6,0,2.40741
73,27,7,0,2.40741
73,27,8,0,2.40741
73,27,9,0,2.40741
73,27,10,0,2.40741
73,27,11,0,2.40741
73,27,12,0,2.40741
73,27,13,0,2.40741
73,27,14,0,2.40741
73,27,15,0,2.40741
73,27,16,0,2.40741
73,27,17,0,2.40741
73,27,18,0,2.40741
73,27,19,0,2.40741
73,27,20,0,2.40741
73,27,21,0,2.40741
73,27,22,0,2.40741
73,27,23,0,2.40741
73,27,24,0,2.40741
73,27,25,0,2.40741
73,27,26,0,2.40741
73,27,27,0,2.40741
73,27,28,0,2.40741
73,27,29,0,2.40741
73,27,30,0,2.40741
73,27,31,0,2.40741
73,27,32,0,2.40741
73,27,33,0,2.40741
73,27,34,0,2.40741
73,27,35,0,2.40741
73,27,36,0,2.40741
73,27,37,0,2.40741
73,27,38,0,2.40741
73,27,39,65,2.40741
73,27,40,0,2.40741
73,27,41,0,2.40741
73,27,42,0,2.40741
73,27,43,0,2.40741
73,27,44,0,2.40741
73,27,45,0,2.40741
73,27,46,0,2.40741
73,27,47,0,2.40741
73,27,48,0,2.40741
73,27,49,0,2.40741
73,27,50,0,2.40741
73,27,51,0,2.40741
73,27,52,0,2.40741
73,27,53,0,2.40741
73,27,54,0,2.40741
73,27,55,0,2.40741
73,27,56,0,2.40741
73,27,57,0,2.40741
73,27,58,0,2.40741
73,27,59,0,2.40741
73,27,60,0,2.40741
73,27,61,0,2.40741
73,27,62,0,2.40741
73,27,63,0,2.40741
73,28,0,0,2.39286
73,28,1,0,2.39286
73,28,2,0,2.39286
73,28,3,0,2.39286
73,28,4,0,2.39286
73,28,5,0,2.39286
73,28,6,0,2.39286
73,28,7,0,2.39286
73,28,8,0,2.39286
73,28,9,0,2.39286
73,28,10,0,2.39286
73,28,11,0,2.39286
73,28,12,0,2.39286
73,28,13,0,2.39286
73,28,14,0,2.39286
73,28,15,0,2.39286
73,28,16,0,2.39286
73,28,17,0,2.39286
73,28,18,0,2.39286
73,28,19,0,2.39286
73,28,20,0,2.39286
73,28,21,0,2.39286
73,28,22,0,2.39286
73,28,23,0,2.39286
73,28,24,0,2.39286
73,28,25,0,2.39286
73,28,26,0,2.39286
73,28,27,0,2.39286
73,28,28,0,2.39286
73,28,29,0,2.39286
73,28,30,0,2.39286
73,28,31,0,2.39286
73,28,32,0,2.39286
73,28,33,0,2.39286
73,28,34,0,2.39286
73,28,35,0,2.39286
73,28,36,0,2.39286
73,28,37,0,2.39286
73,28,38,0,2.39286
73,28,39,67,2.39286
73,28,40,0,2.39286
73,28,41,0,2.39286
73,28,42,0,2.39286
73,28,43,0,2.39286
73,28,44,0,2.39286
73,28,45,0,2.39286
73,28,46,0,2.39286
73,28,47,0,2.39286
73,28,48,0,2.39286
73,28,49,0,2.39286
73,28,50,0,2.39286
73,28,51,0,2.39286
73,28,52,0,2.39286
73,28,53,0,2.39286
73,28,54,0,2.39286
73,28,55,0,2.39286
73,28,56,0,2.39286
73,28,57,0,2.39286
73,28,58,0,2.39286
73,28,59,0,2.39286
73,28,60,0,2.39286
73,28,61,0,2.39286
73,28,62,0,2.39286
73,28,63,0,2.39286
73,29,0,0,2.41379
73,29,1,0,2.41379
73,29,2,0,2.41379
73,29,3,0,2.41379
73,29,4,0,2.41379
73,29,5,0,2.41379
73,29,6,0,2.41379
73,29,7,0,2.41379
73,29,8,0,2.41379
73,29,9,0,2.41379
73,29,10,0,2.41379
73,29,11,0,2.41379
73,29,12,0,2.41379
73,29,13,0,2.41379
73,29,14,0,2.41379
73,29,15,0,2.41379
73,29,16,0,2.41379
73,29,17,0,2.41379
73,29,18,0,2.41379
73,29,19,0,2.41379
73,29,20,0,2.41379
73,29,21,0,2.41379
73,29,22,0,2.41379
73,29,23,0,2.41379
73,29,24,0,2.41379
73,29,25,0,2.41379
73,29,26,0,2.41379
73,29,27,0,2.41379
73,29,28,0,2.41379
73,29,29,0,2.41379
73,29,30,0,2.41379
73,29,31,0,2.41379
73,29,32,0,2.41379
73,29,33,0,2.41379
73,29,34,0,2.41379
73,29,35,0,2.41379
73,29,36,0,2.41379
73,29,37,0,2.41379
73,29,38,0,2.41379
73,29,39,70,2.41379
73,29,40,0,2.41379
73,29,41,0,2.41379
73,29,42,0,2.41379
73,29,43,0,2.41379
73,29,44,0,2.41379
73,29,45,0,2.41379
73,29,46,0,2.41379
73,29,47,0,2.41379
73,29,48,0,2.41379
73,29,49,0,2.41379
73,29,50,0,2.41379
73,29,51,0,2.41379
73,29,52,0,2.41379
73,29,53,0,2.41379
73,29,54,0,2.41379
73,29,55,0,2.41379
73,29,56,0,2.41379
73,29,57,0,2.41379
73,29,58,0,2.41379
73,29,59,0,2.41379
73,29,60,0,2.41379
73,29,61,0,2.41379
73,29,62,0,2.41379
73,29,63,0,2.41379
73,30,0,0,2.43333
73,30,1,0,2.43333
73,30,2,0,2.43333
73,30,3,0,2.43333
73,30,4,0,2.43333
73,30,5,0,2.43333
73,30,6,0,2.43333
73,30,7,0,2.43333
73,30,8,0,2.43333
73,30,9,0,2.43333
73,30,10,0,2.43333
73,30,11,0,2.43333
73,30,12,0,2.43333
73,30,13,0,2.43333
73,30,14,0,2.43333
73,30,15,0,2.43333
73,30,16,0,2.43333
73,30,17,0,2.43333
73,30,18,0,2.43333
73,30,19,0,2.43333
73,30,20,0,2.43333
73,30,21,0,2.43333
73,30,22,0,2.43333
73,30,23,0,2.43333
73,30,24,0,2.43333
73,30,25,0,2.43333
73,30,26,0,2.43333
73,30,27,0,2.43333
73,30,28,0,2.43333
73,30,29,0,2.43333
73,30,30,0,2.43333
73,30,31,0,2.43333
73,30,32,0,2.43333
73,30,33,0,2.43333
73,30,34,0,2.43333
73,30,35,0,2.43333
73,30,36,0,2.43333
73,30,37,0,2.43333
73,30,38,0,2.43333
73,30,39,73,2.43333
73,30,40,0,2.43333
73,30,41,0,2.43333
73,30,42,0,2.43333
73,30,43,0,2.43333
73,30,44,0,2.43333
73,30,45,0,2.43333
73,30,46,0,2.43333
73,30,47,0,2.43333
73,30,48,0,2.43333
73,30,49,0,2.43333
73,30,50,0,2.43333
73,30,51,0,2.43333
73,30,52,0,2.43333
73,30,53,0,2.43333
73,30,54,0,2.43333
73,30,55,0,2.43333
73,30,56,0,2.43333
73,30,57,0,2.43333
73,30,58,0,2.43333
73,30,59,0,2.43333
73,30,60,0,2.43333
73,30,61,0,2.43333
73,30,62,0,2.43333
73,30,63,0,2.43333
73,31,0,0,2.45161
73,31,1,0,2.45161
73,31,2,0,2.45161
73,31,3,0,2.45161
73,31,4,0,2.45161
73,31,5,0,2.45161
73,31,6,0,2.45161
73,31,7,0,2.45161
73,31,8,0,2.45161
73,31,9,0,2.45161
73,31,10,0,2.45161
73,31,11,0,2.45161
73,31,12,0,2.45161
73,31,13,0,2.45161
73,31,14,0,2.45161
73,31,15,0,2.45161
73,31,16,0,2.45161
73,31,17,0,2.45161
73,31,18,0,2.45161
73,31,19,0,2.45161
73,31,20,0,2.45161
73,31,21,0,2.45161
73,31,22,0,2.45161
73,31,23,0,2.45161
73,31,24,0,2.45161
73,31,25,0,2.45161
73,31,26,0,2.45161
73,31,27,0,2.45161
73,31,28,0,2.45161
73,31,29,0,2.45161
73,31,30,0,2.45161
73,31,31,0,2.45161
73,31,32,0,2.45161
73,31,33,0,2.45161
73,31,34,0,2.45161
73,31,35,0,2.45161
73,31,36,0,2.45161
73,31,37,0,2.45161
73,31,38,0,2.45161
73,31,39,76,2.45161
73,31,40,0,2.45161
73,31,41,0,2.45161
73,31,42,0,2.45161
73,31,43,0,2.45161
73,31,44,0,2.45161
73,31,45,0,2.45161
73,31,46,0,2.45161
73,31,47,0,2.45161
73,31,48,0,2.45161
73,31,49,0,2.45161
73,31,50,0,2.45161
73,31,51,0,2.45161
73,31,52,0,2.45161
73,31,53,0,2.45161
73,31,54,0,2.45161
73,31,55,0,2.45161
73,31,56,0,2.45161
73,31,57,0,2.45161
73,31,58,0,2.45161
73,31,59,0,2.45161
73,31,60,0,2.45161
73,31,61,0,2.45161
73,31,62,0,2.45161
73,31,63,0,2.45161
73,32,0,0,2.46875
73,32,1,0,2.46875
73,32,2,0,2.46875
73,32,3,0,2.46875
73,32,4,0,2.46875
73,32,5,0,2.46875
73,32,6,0,2.46875
73,32,7,0,2.46875
73,32,8,0,2.46875
73,32,9,0,2.46875
73,32,10,0,2.46875
73,32,11,0,2.46875
73,32,12,0,2.46875
73,32,13,0,2.46875
73,32,14,0,2.46875
73,32,15,0,2.46875
73,32,16,0,2.46875
73,32,17,0,2.46875
73,32,18,0,2.46875
73,32,19,0,2.46875
73,32,20,0,2.46875
73,32,21,0,2.46875
73,32,22,0,2.46875
73,32,23,0,2.46875
73,32,24,0,2.46875
73,32,25,0,2.46875
73,32,26,0,2.46875
73,32,27,0,2.46875
73,32,28,0,2.46875
73,32,29,0,2.46875
73,32,30,0,2.46875
73,32,31,0,2.46875
73,32,32,0,2.46875
73,32,33,0,2.46875
73,32,34,0,2.46875
73,32,35,0,2.46875
73,32,36,0,2.46875
73,32,37,0,2.46875
73,32,38,0,2.46875
73,32,39,79,2.46875
73,32,40,0,2.46875
73,32,41,0,2.46875
73,32,42,0,2.46875
73,32,43,0,2.46875
73,32,44,0,2.46875
73,32,45,0,2.46875
73,32,46,0,2.46875
73,32,47,0,2.46875
73,32,48,0,2.46875
73,32,49,0,2.46875
73,32,50,0,2.46875
73,32,51,0,2.46875
73,32,52,0,2.46875
73,32,53,0,2.46875
73,32,54,0,2.46875
73,32,55,0,2.46875
73,32,56,0,2.46875
73,32,57,0,2.46875
73,32,58,0,2.46875
73,32,59,0,2.46875
73,32,60,0,2.46875
73,32,61,0,2.46875
73,32,62,0,2.46875
73,32,63,0,2.46875
73,33,0,0,2.48485
73,33,1,0,2.48485
73,33,2,0,2.48485
73,33,3,0,2.48485
73,33,4,0,2.48485
73,33,5,0,2.48485
73,33,6,0,2.48485
73,33,7,0,2.48485
73,33,8,0,2.48485
73,33,9,0,2.48485
73,33,10,0,2.48485
73,33,11,0,2.48485
73,33,12,0,2.48485
73,33,13,0,2.48485
73,33,14,0,2.48485
73,33,15,0,2.48485
73,33,16,0,2.48485
73,33,17,0,2.48485
73,33,18,0,2.48485
73,33,19,0,2.48485
73,33,20,0,2.48485
73,33,21,0,2.48485
73,33,22,0,2.48485
73,33,23,0,2.48485
73,33,24,0,2.48485
73,33,25,0,2.48485
73,33,26,0,2.48485
73,33,27,0,2.48485
73,33,28,0,2.48485
73,33,29,0,2.48485
73,33,30,0,2.48485
73,33,31,0,2.48485
73,33,32,0,2.48485
73,33,33,0,2.48485
73,33,34,0,2.48485
73,33,35,0,2.48485
73,33,36,0,2.48485
73,33,37,0,2.48485
73,33,38,0,2.48485
73,33,39,82,2.48485
73,33,40,0,2.48485
73,33,41,0,2.48485
73,33,42,0,2.48485
73,33,43,0,2.48485
73,33,44,0,2.48485
73,33,45,0,2.48485
73,33,46,0,2.48485
73,33,47,0,2.48485
73,33,48,0,2.48485
73,33,49,0,2.48485
73,33,50,0,2.48485
73,33,51,0,2.48485
73,33,52,0,2.48485
73,33,53,0,2.48485
73,33,54,0,2.48485
73,33,55,0,2.48485
73,33,56,0,2.48485
73,33,57,0,2.48485
73,33,58,0,2.48485
73,33,59,0,2.48485
73,33,60,0,2.48485
73,33,61,0,2.48485
73,33,62,0,2.48485
73,33,63,0,2.48485
73,34,0,0,2.5
73,34,1,0,2.5
73,34,2,0,2.5
73,34,3,0,2.5
73,34,4,0,2.5
73,34,5,0,2.5
73,34,6,0,2.5
73,34,7,0,2.5
73,34,8,0,2.5
73,34,9,0,2.5
73,34,10,0,2.5
73,34,11,0,2.5
73,34,12,0,2.5
73,34,13,0,2.5
73,34,14,0,2.5
73,34,15,0,2.5
73,34,16,0,2.5
73,34,17,0,2.5
73,34,18,0,2.5
73,34,19,0,2.5
73,34,20,0,2.5
73,34,21,0,2.5
73,34,22,0,2.5
73,34,23,0,2.5
73,34,24,0,2.5
73,34,25,0,2.5
73,34,26,0,2.5
73,34,27,0,2.5
73,34,28,0,2.5
73,34,29,0,2.5
73,34,30,0,2.5
73,34,31,0,2.5
73,34,32,0,2.5
73,34,33,0,2.5
73,34,34,0,2.5
73,34,35,0,2.5
73,34,36,0,2.5
73,34,37,0,2.5
73,34,38,0,2.5
73,34,39,85,2.5
73,34,40,0,2.5
73,34,41,0,2.5
73,34,42,0,2.5
73,34,43,0,2.5
73,34,44,0,2.5
73,34,45,0,2.5
73,34,46,0,2.5
73,34,47,0,2.5
73,34,48,0,2.5
73,34,49,0,2.5
73,34,50,0,2.5
73,34,51,0,2.5
73,34,52,0,2.5
73,34,53,0,2.5
73,34,54,0,2.5
73,34,55,0,2.5
73,34,56,0,2.5
73,34,57,0,2.5
73,34,58,0,2.5
73,34,59,0,2.5
73,34,60,0,2.5
73,34,61,0,2.5
73,34,62,0,2.5
73,34,63,0,2.5
73,35,0,0,2.48571
73,35,1,0,2.48571
73,35,2,0,2.48571
73,35,3,0,2.48571
73,35,4,0,2.48571
73,35,5,0,2.48571
73,35,6,0,2.48571
73,35,7,0,2.48571
73,35,8,0,2.48571
73,35,9,0,2.48571
73,35,10,0,2.48571
73,35,11,0,2.48571
73,35,12,0,2.48571
73,35,13,0,2.48571
73,35,14,0,2.48571
73,35,15,0,2.48571
73,35,16,0,2.48571
73,35,17,0,2.48571
73,35,18,0,2.48571
73,35,19,0,2.48571
73,35,20,0,2.48571
73,35,21,0,2.48571
73,35,22,0,2.48571
73,35,23,0,2.48571
73,35,24,0,2.48571
73,35,25,0,2.48571
73,35,26,0,2.48571
73,35,27,0,2.48571
73,35,28,0,2.48571
73,35,29,0,2.48571
73,35,30,0,2.48571
73,35,31,0,2.48571
73,35,32,0,2.48571
73,35,33,0,2.48571
73,35,34,0,2.48571
73,35,35,0,2.48571
73,35,36,0,2.48571
73,35,37,0,2.48571
73,35,38,0,2.48571
73,35,39,87,2.48571
73,35,40,0,2.48571
73,35,41,0,2.48571
73,35,42,0,2.48571
73,35,43,0,2.48571
73,35,44,0,2.48571
73,35,45,0,2.48571
73,35,46,0,2.48571
73,35,47,0,2.48571
73,35,48,0,2.48571
73,35,49,0,2.48571
73,35,50,0,2.48571
73,35,51,0,2.48571
73,35,52,0,2.48571
73,35,53,0,2.48571
73,35,54,0,2.48571
73,35,55,0,2.48571
73,35,56,0,2.48571
73,35,57,0,2.48571
73,35,58,0,2.48571
73,35,59,0,2.48571
73,35,60,0,2.48571
73,35,61,0,2.48571
73,35,62,0,2.48571
73,35,63,0,2.48571
73,36,0,0,2.47222
73,36,1,0,2.47222
73,36,2,0,2.47222
73,36,3,0,2.47222
73,36,4,0,2.47222
73,36,5,0,2.47222
73,36,6,0,2.47222
73,36,7,0,2.47222
73,36,8,0,2.47222
73,36,9,0,2.47222
73,36,10,0,2.47222
73,36,11,0,2.47222
73,36,12,0,2.47222
73,36,13,0,2.47222
73,36,14,0,2.47222
73,36,15,0,2.47222
73,36,16,0,2.47222
73,36,17,0,2.47222
73,36,18,0,2.47222
73,36,19,0,2.47222
73,36,20,0,2.47222
73,36,21,0,2.47222
73,36,22,0,2.47222
73,36,23,0,2.47222
73,36,24,0,2.47222
73,36,25,0,2.47222
73,36,26,0,2.47222
73,36,27,0,2.47222
73,36,28,0,2.47222
73,36,29,0,2.47222
73,36,30,0,2.47222
73,36,31,0,2.47222
73,36,32,0,2.47222
73,36,33,0,2.47222
73,36,34,0,2.47222
73,36,35,0,2.47222
73,36,36,0,2.47222
73,36,37,0,2.47222
73,36,38,0,2.47222
73,36,39,89,2.47222
73,36,40,0,2.47222
73,36,41,0,2.47222
73,36,42,0,2.47222
73,36,43,0,2.47222
73,36,44,0,2.47222
73,36,45,0,2.47222
73,36,46,0,2.47222
73,36,47,0,2.47222
73,36,48,0,2.47222
73,36,49,0,2.47222
73,36,50,0,2.47222
73,36,51,0,2.47222
73,36,52,0,2.47222
73,36,53,0,2.47222
73,36,54,0,2.47222
73,36,55,0,2.47222
73,36,56,0,2.47222
73,36,57,0,2.47222
73,36,58,0,2.47222
73,36,59,0,2.47222
73,36,60,0,2.47222
73,36,61,0,2.47222
73,36,62,0,2.47222
73,36,63,0,2.47222
73,37,0,0,2.45946
73,37,1,0,2.45946
73,37,2,0,2.45946
73,37,3,0,2.45946
73,37,4,0,2.45946
73,37,5,0,2.45946
73,37,6,0,2.45946
73,37,7,0,2.45946
73,37,8,0,2.45946
73,37,9,0,2.45946
73,37,10,0,2.45946
73,37,11,0,2.45946
73,37,12,0,2.45946
73,37,13,0,2.45946
73,37,14,0,2.45946
73,37,15,0,2.45946
73,37,16,0,2.45946
73,37,17,0,2.45946
73,37,18,0,2.45946
73,37,19,0,2.45946
73,37,20,0,2.45946
73,37,21,0,2.45946
73,37,22,0,2.45946
73,37,23,0,2.45946
73,37,24,0,2.45946
73,37,25,0,2.45946
73,37,26,0,2.45946
73,37,27,0,2.45946
73,37,28,0,2.45946
73,37,29,0,2.45946
73,37,30,0,2.45946
73,37,31,0,2.45946
73,37,32,0,2.45946
73,37,33,0,2.45946
73,37,34,0,2.45946
73,37,35,0,2.45946
73,37,36,0,2.45946
73,37,37,0,2.45946
73,37,38,0,2.45946
73,37,39,91,2.45946
73,37,40,0,2.45946
73,37,41,0,2.45946
73,37,42,0,2.45946
73,37,43,0,2.45946
73,37,44,0,2.45946
73,37,45,0,2.45946
73,37,46,0,2.45946
73,37,47,0,2.45946
73,37,48,0,2.45946
73,37,49,0,2.45946
73,37,50,0,2.45946
73,37,51,0,2.45946
73,37,52,0,2.45946
73,37,53,0,2.45946
73,37,54,0,2.45946
73,37,55,0,2.45946
73,37,56,0,2.45946
73,37,57,0,2.45946
73,37,58,0,2.45946
73,37,59,0,2.45946
73,37,60,0,2.45946
73,37,61,0,2.45946
73,37,62,0,2.45946
73,37,63,0,2.45946
73,38,0,0,2.42105
73,38,1,0,2.42105
73,38,2,0,2.42105
73,38,3,0,2.42105
73,38,4,0,2.42105
73,38,5,0,2.42105
73,38,6,0,2.42105
73,38,7,0,2.42105
73,38,8,0,2.42105
73,38,9,0,2.42105
73,38,10,0,2.42105
73,38,11,0,2.42105
73,38,12,0,2.42105
73,38,13,0,2.42105
73,38,14,0,2.42105
73,38,15,0,2.42105
73,38,16,0,2.42105
73,38,17,0,2.42105
73,38,18,0,2.42105
73,38,19,0,2.42105
73,38,20,0,2.42105
73,38,21,0,2.42105
73,38,22,0,2.42105
73,38,23,0,2.42105
73,38,24,0,2.42105
73,38,25,0,2.42105
73,38,26,0,2.42105
73,38,27,0,2.42105
73,38,28,0,2.42105
73,38,29,0,2.42105
73,38,30,0,2.42105
73,38,31,0,2.42105
73,38,32,0,2.42105
73,38,33,0,2.42105
73,38,34,0,2.42105
73,38,35,0,2.42105
73,38,36,0,2.42105
73,38,37,0,2.42105
73,38,38,0,2.42105
73,38,39,92,2.42105
73,38,40,0,2.42105
73,38,41,0,2.42105
73,38,42,0,2.42105
73,38,43,0,2.42105
73,38,44,0,2.42105
73,38,45,0,2.42105
73,38,46,0,2.42105
73,38,47,0,2.42105
73,38,48,0,2.42105
73,38,49,0,2.42105
73,38,50,0,2.42105
73,38,51,0,2.42105
73,38,52,0,2.42105
73,38,53,0,2.42105
73,38,54,0,2.42105
73,38,55,0,2.42105
73,38,56,0,2.42105
73,38,57,0,2.42105
73,38,58,0,2.42105
73,38,59,0,2.42105
73,38,60,0,2.42105
73,38,61,0,2.42105
73,38,62,0,2.42105
73,38,63,0,2.42105
73,39,0,0,2.46154
73,39,1,0,2.46154
73,39,2,0,2.46154
73,39,3,0,2.46154
73,39,4,0,2.46154
73,39,5,0,2.46154
73,39,6,0,2.46154
73,39,7,0,2.46154
73,39,8,0,2.46154
73,39,9,0,2.46154
73,39,10,0,2.46154
73,39,11,0,2.46154
73,39,12,0,2.46154
73,39,13,0,2.46154
73,39,14,0,2.46154
73,39,15,0,2.46154
73,39,16,0,2.46154
73,39,17,0,2.46154
73,39,18,0,2.46154
73,39,19,0,2.46154
73,39,20,0,2.46154
73,39,21,0,2.46154
73,39,22,0,2.46154
73,39,23,0,2.46154
73,39,24,0,2.46154
73,39,25,0,2.46154
73,39,26,0,2.46154
73,39,27,0,2.46154
73,39,28,0,2.46154
73,39,29,0,2.46154
73,39,30,0,2.46154
73,39,31,0,2.46154
73,39,32,0,2.46154
73,39,33,0,2.46154
73,39,34,0,2.46154
73,39,35,0,2.46154
73,39,36,0,2.46154
73,39,37,0,2.46154
73,39,38,0,2.46154
73,39,39,96,2.46154
73,39,40,0,2.46154
73,39,41,0,2.46154
73,39,42,0,2.46154
73,39,43,0,2.46154
73,39,44,0,2.46154
73,39,45,0,2.46154
73,39,46,0,2.46154
73,39,47,0,2.46154
73,39,48,0,2.46154
73,39,49,0,2.46154
73,39,50,0,2.46154
73,39,51,0,2.46154
73,39,52,0,2.46154
73,39,53,0,2.46154
73,39,54,0,2.46154
73,39,55,0,2.46154
73,39,56,0,2.46154
73,39,57,0,2.46154
73,39,58,0,2.46154
73,39,59,0,2.46154
73,39,60,0,2.46154
73,39,61,0,2.46154
73,39,62,0,2.46154
73,39,63,0,2.46154
73,40,0,0,2.45
73,40,1,0,2.45
73,40,2,0,2.45
73,40,3,0,2.45
73,40,4,0,2.45
73,40,5,0,2.45
73,40,6,0,2.45
73,40,7,0,2.45
73,40,8,0,2.45
73,40,9,0,2.45
73,40,10,0,2.45
73,40,11,0,2.45
73,40,12,0,2.45
73,40,13,0,2.45
73,40,14,0,2.45
73,40,15,0,2.45
73,40,16,0,2.45
73,40,17,0,2.45
73,40,18,0,2.45
73,40,19,0,2.45
73,40,20,0,2.45
73,40,21,0,2.45
73,40,22,0,2.45
73,40,23,0,2.45
73,40,24,0,2.45
73,40,25,0,2.45
73,40,26,0,2.45
73,40,27,0,2.45
73,40,28,0,2.45
73,40,29,0,2.45
73,40,30,0,2.45
73,40,31,0,2.45
73,40,32,0,2.45
73,40,33,0,2.45
73,40,34,0,2.45
73,40,35,0,2.45
73,40,36,0,2.45
73,40,37,0,2.45
73,40,38,0,2.45
73,40,39,98,2.45
73,40,40,0,2.45
73,40,41,0,2.45
73,40,42,0,2.45
73,40,43,0,2.45
73,40,44,0,2.45
73,40,45,0,2.45
73,40,46,0,2.45
73,40,47,0,2.45
73,40,48,0,2.45
73,40,49,0,2.45
73,40,50,0,2.45
73,40,51,0,2.45
73,40,52,0,2.45
73,40,53,0,2.45
73,40,54,0,2.45
73,40,55,0,2.45
73,40,56,0,2.45
73,40,57,0,2.45
73,40,58,0,2.45
73,40,59,0,2.45
73,40,60,0,2.45
73,40,61,0,2.45
73,40,62,0,2.45
73,40,63,0,2.45
73,41,0,0,2.41463
73,41,1,0,2.41463
73,41,2,0,2.41463
73,41,3,0,2.41463
73,41,4,0,2.41463
73,41,5,0,2.41463
73,41,6,0,2.41463
73,41,7,0,2.41463
73,41,8,0,2.41463
73,41,9,0,2.41463
73,41,10,0,2.41463
73,41,11,0,2.41463
73,41,12,0,2.41463
73,41,13,0,2.41463
73,41,14,0,2.41463
73,41,15,0,2.41463
73,41,16,0,2.41463
73,41,17,0,2.41463
73,41,18,0,2.41463
73,41,19,0,2.41463
73,41,20,0,2.41463
73,41,21,0,2.41463
73,41,22,0,2.41463
73,41,23,0,2.41463
73,41,24,0,2.41463
73,41,25,0,2.41463
73,41,26,0,2.41463
73,41,27,0,2.41463
73,41,28,0,2.41463
73,41,29,0,2.41463
73,41,30,0,2.41463
73,41,31,0,2.41463
73,41,32,0,2.41463
73,41,33,0,2.41463
73,41,34,0,2.41463
73,41,35,0,2.41463
73,41,36,0,2.41463
73,41,37,0,2.41463
73,41,38,0,2.41463
73,41,39,99,2.41463
73,41,40,0,2.41463
73,41,41,0,2.41463
73,41,42,0,2.41463
73,41,43,0,2.41463
73,41,44,0,2.41463
73,41,45,0,2.41463
73,41,46,0,2.41463
73,41,47,0,2.41463
73,41,48,0,2.41463
73,41,49,0,2.41463
73,41,50,0,2.41463
73,41,51,0,2.41463
73,41,52,0,2.41463
73,41,53,0,2.41463
73,41,54,0,2.41463
73,41,55,0,2.41463
73,41,56,0,2.41463
73,41,57,0,2.41463
73,41,58,0,2.41463
73,41,59,0,2.41463
73,41,60,0,2.41463
73,41,61,0,2.41463
73,41,62,0,2.41463
73,41,63,0,2.41463
73,42,0,0,2.38095
73,42,1,0,2.38095
73,42,2,0,2.38095
73,42,3,0,2.38095
73,42,4,0,2.38095
73,42,5,0,2.38095
73,42,6,0,2.38095
73,42,7,0,2.38095
73,42,8,0,2.38095
73,42,9,0,2.38095
73,42,10,0,2.38095
73,42,11,0,2.38095
73,42,12,0,2.38095
73,42,13,0,2.38095
73,42,14,0,2.38095
73,42,15,0,2.38095
73,42,16,0,2.38095
73,42,17,0,2.38095
73,42,18,0,2.38095
73,42,19,0,2.38095
73,42,20,0,2.38095
73,42,21,0,2.38095
73,42,22,0,2.38095
73,42,23,0,2.38095
73,42,24,0,2.38095
73,42,25,0,2.38095
73,42,26,0,2.38095
73,42,27,0,2.38095
73,42,28,0,2.38095
73,42,29,0,2.38095
73,42,30,0,2.38095
73,42,31,0,2.38095
73,42,32,0,2.38095
73,42,33,0,2.38095
73,42,34,0,2.38095
73,42,35,0,2.38095
73,42,36,0,2.38095
73,42,37,0,2.38095
73,42,38,0,2.38095
73,42,39,100,2.38095
73,42,40,0,2.38095
73,42,41,0,2.38095
73,42,42,0,2.38095
73,42,43,0,2.38095
73,42,44,0,2.38095
73,42,45,0,2.38095
73,42,46,0,2.38095
73,42,47,0,2.38095
73,42,48,0,2.38095
73,42,49,0,2.38095
73,42,50,0,2.38095
73,42,51,0,2.38095
73,42,52,0,2.38095
73,42,53,0,2.38095
73,42,54,0,2.38095
73,42,55,0,2.38095
73,42,56,0,2.38095
73,42,57,0,2.38095
73,42,58,0,2.38095
73,42,59,0,2.38095
73,42,60,0,2.38095
73,42,61,0,2.38095
73,42,62,0,2.38095
73,42,63,0,2.38095
73,43,0,0,2.37209
73,43,1,0,2.37209
73,43,2,0,2.37209
73,43,3,0,2.37209
73,43,4,0,2.37209
73,43,5,0,2.37209
73,43,6,0,2.37209
73,43,7,0,2.37209
73,43,8,0,2.37209
73,43,9,0,2.37209
73,43,10,0,2.37209
73,43,11,0,2.37209
73,43,12,0,2.37209
73,43,13,0,2.37209
73,43,14,0,2.37209
73,43,15,0,2.37209
73,43,16,0,2.37209
73,43,17,0,2.37209
73,43,18,0,2.37209
73,43,19,0,2.37209
73,43,20,0,2.37209
73,43,21,0,2.37209
73,43,22,0,2.37209
73,43,23,0,2.37209
73,43,24,0,2.37209
73,43,25,0,2.37209
73,43,26,0,2.37209
73,43,27,0,2.37209
73,43,28,0,2.37209
73,43,29,0,2.37209
73,43,30,0,2.37209
73,43,31,0,2.37209
73,43,32,0,2.37209
73,43,33,0,2.37209
73,43,34,0,2.37209
73,43,35,0,2.37209
73,43,36,0,2.37209
73,43,37,0,2.37209
73,43,38,0,2.37209
73,43,39,102,2.37209
73,43,40,0,2.37209
73,43,41,0,2.37209
73,43,42,0,2.37209
73,43,43,0,2.37209
73,43,44,0,2.37209
73,43,45,0,2.37209
73,43,46,0,2.37209
73,43,47,0,2.37209
73,43,48,0,2.37209
73,43,49,0,2.37209
73,43,50,0,2.37209
73,43,51,0,2.37209
73,43,52,0,2.37209
73,43,53,0,2.37209
73,43,54,0,2.37209
73,43,55,0,2.37209
73,43,56,0,2.37209
73,43,57,0,2.37209
73,43,58,0,2.37209
73,43,59,0,2.37209
73,43,60,0,2.37209
73,43,61,0,2.37209
73,43,62,0,2.37209
73,43,63,0,2.37209
73,44,0,0,2.34091
73,44,1,0,2.34091
73,44,2,0,2.34091
73,44,3,0,2.34091
73,44,4,0,2.34091
73,44,5,0,2.34091
73,44,6,0,2.34091
73,44,7,0,2.34091
73,44,8,0,2.34091
73,44,9,0,2.34091
73,44,10,0,2.34091
73,44,11,0,2.34091
73,44,12,0,2.34091
73,44,13,0,2.34091
73,44,14,0,2.34091
73,44,15,0,2.34091
73,44,16,0,2.34091
73,44,17,0,2.34091
73,44,18,0,2.34091
73,44,19,0,2.34091
73,44,20,0,2.34091
73,44,21,0,2.34091
73,44,22,0,2.34091
73,44,23,0,2.34091
73,44,24,0,2.34091
73,44,25,0,2.34091
73,44,26,0,2.34091
73,44,27,0,2.34091
73,44,28,0,2.34091
73,44,29,0,2.34091
73,44,30,0,2.34091
73,44,31,0,2.34091
73,44,32,0,2.34091
73,44,33,0,2.34091
73,44,34,0,2.34091
73,44,35,0,2.34091
73,44,36,0,2.34091
73,44,37,0,2.34091
73,44,38,0,2.34091
73,44,39,103,2.34091
73,44,40,0,2.34091
73,44,41,0,2.34091
73,44,42,0,2.34091
73,44,43,0,2.34091
73,44,44,0,2.34091
73,44,45,0,2.34091
73,44,46,0,2.34091
73,44,47,0,2.34091
73,44,48,0,2.34091
73,44,49,0,2.34091
73,44,50,0,2.34091
73,44,51,0,2.34091
73,44,52,0,2.34091
73,44,53,0,2.34091
73,44,54,0,2.34091
73,44,55,0,2.34091
73,44,56,0,2.34091
73,44,57,0,2.34091
73,44,58,0,2.34091
73,44,59,0,2.34091
73,44,60,0,2.34091
73,44,61,0,2.34091
73,44,62,0,2.34091
73,44,63,0,2.34091
73,45,0,0,2.31111
73,45,1,0,2.31111
73,45,2,0,2.31111
73,45,3,0,2.31111
73,45,4,0,2.31111
73,45,5,0,2.31111
73,45,6,0,2.31111
73,45,7,0,2.31111
73,45,8,0,2.31111
73,45,9,0,2.31111
73,45,10,0,2.31111
73,45,11,0,2.31111
73,45,12,0,2.31111
73,45,13,0,2.31111
73,45,14,0,2.31111
73,45,15,0,2.31111
73,45,16,0,2.31111
73,45,17,0,2.31111
73,45,18,0,2.31111
73,45,19,0,2.31111
73,45,20,0,2.31111
73,45,21,0,2.31111
73,45,22,0,2.31111
73,45,23,0,2.31111
73,45,24,0,2.31111
73,45,25,0,2.31111
73,45,26,0,2.31111
73,45,27,0,2.31111
73,45,28,0,2.31111
73,45,29,0,2.31111
73,45,30,0,2.31111
73,45,31,0,2.31111
73,45,32,0,2.31111
73,45,33,0,2.31111
73,45,34,0,2.31111
73,45,35,0,2.31111
73,45,36,0,2.31111
73,45,37,0,2.31111
73,45,38,0,2.31111
73,45,39,104,2.31111
73,45,40,0,2.31111
73,45,41,0,2.31111
73,45,42,0,2.31111
73,45,43,0,2.31111
73,45,44,0,2.31111
73,45,45,0,2.31111
73,45,46,0,2.31111
73,45,47,0,2.31111
73,45,48,0,2.31111
73,45,49,0,2.31111
73,45,50,0,2.31111
73,45,51,0,2.31111
73,45,52,0,2.31111
73,45,53,0,2.31111
73,45,54,0,2.31111
73,45,55,0,2.31111
73,45,56,0,2.31111
73,45,57,0,2.31111
73,45,58,0,2.31111
73,45,59,0,2.31111
73,45,60,0,2.31111
73,45,61,0,2.31111
73,45,62,0,2.31111
73,45,63,0,2.31111
73,46,0,0,2.28261
73,46,1,0,2.28261
73,46,2,0,2.28261
73,46,3,0,2.28261
73,46,4,0,2.28261
73,46,5,0,2.28261
73,46,6,0,2.28261
73,46,7,0,2.28261
73,46,8,0,2.28261
73,46,9,0,2.28261
73,46,10,0,2.28261
73,46,11,0,2.28261
73,46,12,0,2.28261
73,46,13,0,2.28261
73,46,14,0,2.28261
73,46,15,0,2.28261
73,46,16,0,2.28261
73,46,17,0,2.28261
73,46,18,0,2.28261
73,46,19,0,2.28261
73,46,20,0,2.28261
73,46,21,0,2.28261
73,46,22,0,2.28261
73,46,23,0,2.28261
73,46,24,0,2.28261
73,46,25,0,2.28261
73,46,26,0,2.28261
73,46,27,0,2.28261
73,46,28,0,2.28261
73,46,29,0,2.28261
73,46,30,0,2.28261
73,46,31,0,2.28261
73,46,32,0,2.28261
73,46,33,0,2.28261
73,46,34,0,2.28261
73,46,35,0,2.28261
73,46,36,0,2.28261
73,46,37,0,2.28261
73,46,38,0,2.28261
73,46,39,105,2.28261
73,46,40,0,2.28261
73,46,41,0,2.28261
73,46,42,0,2.28261
73,46,43,0,2.28261
73,46,44,0,2.28261
73,46,45,0,2.28261
73,46,46,0,2.28261
73,46,47,0,2.28261
73,46,48,0,2.28261
73,46,49,0,2.28261
73,46,50,0,2.28261
73,46,51,0,2.28261
73,46,52,0,2.28261
73,46,53,0,2.28261
73,46,54,0,2.28261
73,46,55,0,2.28261
73,46,56,0,2.28261
73,46,57,0,2.28261
73,46,58,0,2.28261
73,46,59,0,2.28261
73,46,60,0,2.28261
73,46,61,0,2.28261
73,46,62,0,2.28261
73,46,63,0,2.28261
73,47,0,0,2.31915
73,47,1,0,2.31915
73,47,2,0,2.31915
73,47,3,0,2.31915
73,47,4,0,2.31915
73,47,5,0,2.31915
73,47,6,0,2.31915
73,47,7,0,2.31915
73,47,8,0,2.31915
73,47,9,0,2.31915
73,47,10,0,2.31915
73,47,11,0,2.31915
73,47,12,0,2.31915
73,47,13,0,2.31915
73,47,14,0,2.31915
73,47,15,0,2.31915
73,47,16,0,2.31915
73,47,17,0,2.31915
73,47,18,0,2.31915
73,47,19,0,2.31915
73,47,20,0,2.31915
73,47,21,0,2.31915
73,47,22,0,2.31915
73,47,23,0,2.31915
73,47,24,0,2.31915
73,47,25,0,2.31915
73,47,26,0,2.31915
73,47,27,0,2.31915
73,47,28,0,2.31915
73,47,29,0,2.31915
73,47,30,0,2.31915
73,47,31,0,2.31915
73,47,32,0,2.31915
73,47,33,0,2.31915
73,47,34,0,2.31915
73,47,35,0,2.31915
73,47,36,0,2.31915
73,47,37,0,2.31915
73,47,38,0,2.31915
73,47,39,109,2.31915
73,47,40,0,2.31915
73,47,41,0,2.31915
73,47,42,0,2.31915
73,47,43,0,2.31915
73,47,44,0,2.31915
73,47,45,0,2.31915
73,47,46,0,2.31915
73,47,47,0,2.31915
73,47,48,0,2.31915
73,47,49,0,2.31915
73,47,50,0,2.31915
73,47,51,0,2.31915
73,47,52,0,2.31915
73,47,53,0,2.31915
73,47,54,0,2.31915
73,47,55,0,2.31915
73,47,56,0,2.31915
73,47,57,0,2.31915
73,47,58,0,2.31915
73,47,59,0,2.31915
73,47,60,0,2.31915
73,47,61,0,2.31915
73,47,62,0,2.31915
73,47,63,0,2.31915
73,48,0,0,2.35417
73,48,1,0,2.35417
73,48,2,0,2.35417
73,48,3,0,2.35417
73,48,4,0,2.35417
73,48,5,0,2.35417
73,48,6,0,2.35417
73,48,7,0,2.35417
73,48,8,0,2.35417
73,48,9,0,2.35417
73,48,10,0,2.35417
73,48,11,0,2.35417
73,48,12,0,2.35417
73,48,13,0,2.35417
73,48,14,0,2.35417
73,48,15,0,2.35417
73,48,16,0,2.35417
73,48,17,0,2.35417
73,48,18,0,2.35417
73,48,19,0,2.35417
73,48,20,0,2.35417
73,48,21,0,2.35417
73,48,22,0,2.35417
73,48,23,0,2.35417
73,48,24,0,2.35417
73,48,25,0,2.35417
73,48,26,0,2.35417
73,48,27,0,2.35417
73,48,28,0,2.35417
73,48,29,0,2.35417
73,48,30,0,2.35417
73,48,31,0,2.35417
73,48,32,0,2.35417
73,48,33,0,2.35417
73,48,34,0,2.35417
73,48,35,0,2.35417
73,48,36,0,2.35417
73,48,37,0,2.35417
73,48,38,0,2.35417
73,48,39,113,2.35417
73,48,40,0,2.35417
73,48,41,0,2.35417
73,48,42,0,2.35417
73,48,43,0,2.35417
73,48,44,0,2.35417
73,48,45,0,2.35417
73,48,46,0,2.35417
73,48,47,0,2.35417
73,48,48,0,2.35417
73,48,49,0,2.35417
73,48,50,0,2.35417
73,48,51,0,2.35417
73,48,52,0,2.35417
73,48,53,0,2.35417
73,48,54,0,2.35417
73,48,55,0,2.35417
73,48,56,0,2.35417
73,48,57,0,2.35417
73,48,58,0,2.35417
73,48,59,0,2.35417
73,48,60,0,2.35417
73,48,61,0,2.35417
73,48,62,0,2.35417
73,48,63,0,2.35417
73,49,0,0,2.34694
73,49,1,0,2.34694
73,49,2,0,2.34694
73,49,3,0,2.34694
73,49,4,0,2.34694
73,49,5,0,2.34694
73,49,6,0,2.34694
73,49,7,0,2.34694
73,49,8,0,2.34694
73,49,9,0,2.34694
73,49,10,0,2.34694
73,49,11,0,2.34694
73,49,12,0,2.34694
73,49,13,0,2.34694
73,49,14,0,2.34694
73,49,15,0,2.34694
73,49,16,0,2.34694
73,49,17,0,2.34694
73,49,18,0,2.34694
73,49,19,0,2.34694
73,49,20,0,2.34694
73,49,21,0,2.34694
73,49,22,0,2.34694
73,49,23,0,2.34694
73,49,24,0,2.34694
73,49,25,0,2.34694
73,49,26,0,2.34694
73,49,27,0,2.34694
73,49,28,0,2.34694
73,49,29,0,2.34694
73,49,30,0,2.34694
73,49,31,0,2.34694
73,49,32,0,2.34694
73,49,33,0,2.34694
73,49,34,0,2.34694
73,49,35,0,2.34694
73,49,36,0,2.34694
73,49,37,0,2.34694
73,49,38,0,2.34694
73,49,39,115,2.34694
73,49,40,0,2.34694
73,49,41,0,2.34694
73,49,42,0,2.34694
73,49,43,0,2.34694
73,49,44,0,2.34694
73,49,45,0,2.34694
73,49,46,0,2.34694
73,49,47,0,2.34694
73,49,48,0,2.34694
73,49,49,0,2.34694
73,49,50,0,2.34694
73,49,51,0,2.34694
73,49,52,0,2.34694
73,49,53,0,2.34694
73,49,54,0,2.34694
73,49,55,0,2.34694
73,49,56,0,2.34694
73,49,57,0,2.34694
73,49,58,0,2.34694
73,49,59,0,2.34694
73,49,60,0,2.34694
73,49,61,0,2.34694
73,49,62,0,2.34694
73,49,63,0,2.34694
73,50,0,0,2.42
73,50,1,0,2.42
73,50,2,0,2.42
73,50,3,0,2.42
73,50,4,0,2.42
73,50,5,0,2.42
73,50,6,0,2.42
73,50,7,0,2.42
73,50,8,0,2.42
73,50,9,0,2.42
73,50,10,0,2.42
73,50,11,0,2.42
73,50,12,0,2.42
73,50,13,0,2.42
73,50,14,0,2.42
73,50,15,0,2.42
73,50,16,0,2.42
73,50,17,0,2.42
73,50,18,0,2.42
73,50,19,0,2.42
73,50,20,0,2.42
73,50,21,0,2.42
73,50,22,0,2.42
73,50,23,0,2.42
73,50,24,0,2.42
73,50,25,0,2.42
73,50,26,0,2.42
73,50,27,0,2.42
73,50,28,0,2.42
73,50,29,0,2.42
73,50,30,0,2.42
73,50,31,0,2.42
73,50,32,0,2.42
73,50,33,0,2.42
73,50,34,0,2.42
73,50,35,0,2.42
73,50,36,0,2.42
73,50,37,0,2.42
73,50,38,0,2.42
73,50,39,121,2.42
73,50,40,0,2.42
73,50,41,0,2.42
73,50,42,0,2.42
73,50,43,0,2.42
73,50,44,0,2.42
73,50,45,0,2.42
73,50,46,0,2.42
73,50,47,0,2.42
73,50,48,0,2.42
73,50,49,0,2.42
73,50,50,0,2.42
73,50,51,0,2.42
73,50,52,0,2.42
73,50,53,0,2.42
73,50,54,0,2.42
73,50,55,0,2.42
73,50,56,0,2.42
73,50,57,0,2.42
73,50,58,0,2.42
73,50,59,0,2.42
73,50,60,0,2.42
73,50,61,0,2.42
73,50,62,0,2.42
73,50,63,0,2.42
73,51,0,0,2.47059
73,51,1,0,2.47059
73,51,2,0,2.47059
73,51,3,0,2.47059
73,51,4,0,2.47059
73,51,5,0,2.47059
73,51,6,0,2.47059
73,51,7,0,2.47059
73,51,8,0,2.47059
73,51,9,0,2.47059
73,51,10,0,2.47059
73,51,11,0,2.47059
73,51,12,0,2.47059
73,51,13,0,2.47059
73,51,14,0,2.47059
73,51,15,0,2.47059
73,51,16,0,2.47059
73,51,17,0,2.47059
73,51,18,0,2.47059
73,51,19,0,2.47059
73,51,20,0,2.47059
73,51,21,0,2.47059
73,51,22,0,2.47059
73,51,23,0,2.47059
73,51,24,0,2.47059
73,51,25,0,2.47059
73,51,26,0,2.47059
73,51,27,0,2.47059
73,51,28,0,2.47059
73,51,29,0,2.47059
73,51,30,0,2.47059
73,51,31,0,2.47059
73,51,32,0,2.47059
73,51,33,0,2.47059
73,51,34,0,2.47059
73,51,35,0,2.47059
73,51,36,0,2.47059
73,51,37,0,2.47059
73,51,38,0,2.47059
73,51,39,126,2.47059
73,51,40,0,2.47059
73,51,41,0,2.47059
73,51,42,0,2.47059
73,51,43,0,2.47059
73,51,44,0,2.47059
73,51,45,0,2.47059
73,51,46,0,2.47059
73,51,47,0,2.47059
73,51,48,0,2.47059
73,51,49,0,2.47059
73,51,50,0,2.47059
73,51,51,0,2.47059
73,51,52,0,2.47059
73,51,53,0,2.47059
73,51,54,0,2.47059
73,51,55,0,2.47059
73,51,56,0,2.47059
73,51,57,0,2.47059
73,51,58,0,2.47059
73,51,59,0,2.47059
73,51,60,0,2.47059
73,51,61,0,2.47059
73,51,62,0,2.47059
73,51,63,0,2.47059
73,52,0,0,2.5
73,52,1,0,2.5
73,52,2,0,2.5
73,52,3,0,2.5
73,52,4,0,2.5
73,52,5,0,2.5
73,52,6,0,2.5
73,52,7,0,2.5
73,52,8,0,2.5
73,52,9,0,2.5
73,52,10,0,2.5
73,52,11,0,2.5
73,52,12,0,2.5
73,52,13,0,2.5
73,52,14,0,2.5
73,52,15,0,2.5
73,52,16,0,2.5
73,52,17,0,2.5
73,52,18,0,2.5
73,52,19,0,2.5
73,52,20,0,2.5
73,52,21,0,2.5
73,52,22,0,2.5
73,52,23,0,2.5
73,52,24,0,2.5
73,52,25,0,2.5
73,52,26,0,2.5
73,52,27,0,2.5
73,52,28,0,2.5
73,52,29,0,2.5
73,52,30,0,2.5
73,52,31,0,2.5
73,52,32,0,2.5
73,52,33,0,2.5
73,52,34,0,2.5
73,52,35,0,2.5
73,52,36,0,2.5
73,52,37,0,2.5
73,52,38,0,2.5
73,52,39,130,2.5
73,52,40,0,2.5
73,52,41,0,2.5
73,52,42,0,2.5
73,52,43,0,2.5
73,52,44,0,2.5
73,52,45,0,2.5
73,52,46,0,2.5
73,52,47,0,2.5
73,52,48,0,2.5
73,52,49,0,2.5
73,52,50,0,2.5
73,52,51,0,2.5
73,52,52,0,2.5
73,52,53,0,2.5
73,52,54,0,2.5
73,52,55,0,2.5
73,52,56,0,2.5
73,52,57,0,2.5
73,52,58,0,2.5
73,52,59,0,2.5
73,52,60,0,2.5
73,52,61,0,2.5
73,52,62,0,2.5
73,52,63,0,2.5
73,53,0,0,2.4717
73,53,1,0,2.4717
73,53,2,0,2.4717
73,53,3,0,2.4717
73,53,4,0,2.4717
73,53,5,0,2.4717
73,53,6,0,2.4717
73,53,7,0,2.4717
73,53,8,0,2.4717
73,53,9,0,2.4717
73,53,10,0,2.4717
73,53,11,0,2.4717
73,53,12,0,2.4717
73,53,13,0,2.4717
73,53,14,0,2.4717
73,53,15,0,2.4717
73,53,16,0,2.4717
73,53,17,0,2.4717
73,53,18,0,2.4717
73,53,19,0,2.4717
73,53,20,0,2.4717
73,53,21,0,2.4717
73,53,22,0,2.4717
73,53,23,0,2.4717
73,53,24,0,2.4717
73,53,25,0,2.4717
73,53,26,0,2.4717
73,53,27,0,2.4717
73,53,28,0,2.4717
73,53,29,0,2.4717
73,53,30,0,2.4717
73,53,31,0,2.4717
73,53,32,0,2.4717
73,53,33,0,2.4717
73,53,34,0,2.4717
73,53,35,0,2.4717
73,53,36,0,2.4717
73,53,37,0,2.4717
73,53,38,0,2.4717
73,53,39,131,2.4717
73,53,40,0,2.4717
73,53,41,0,2.4717
73,53,42,0,2.4717
73,53,43,0,2.4717
73,53,44,0,2.4717
73,53,45,0,2.4717
73,53,46,0,2.4717
73,53,47,0,2.4717
73,53,48,0,2.4717
73,53,49,0,2.4717
73,53,50,0,2.4717
73,53,51,0,2.4717
73,53,52,0,2.4717
73,53,53,0,2.4717
73,53,54,0,2.4717
73,53,55,0,2.4717
73,53,56,0,2.4717
73,53,57,0,2.4717
73,53,58,0,2.4717
73,53,59,0,2.4717
73,53,60,0,2.4717
73,53,61,0,2.4717
73,53,62,0,2.4717
73,53,63,0,2.4717
73,54,0,0,2.44444
73,54,1,0,2.44444
73,54,2,0,2.44444
73,54,3,0,2.44444
73,54,4,0,2.44444
73,54,5,0,2.44444
73,54,6,0,2.44444
73,54,7,0,2.44444
73,54,8,0,2.44444
73,54,9,0,2.44444
73,54,10,0,2.44444
73,54,11,0,2.44444
73,54,12,0,2.44444
73,54,13,0,2.44444
73,54,14,0,2.44444
73,54,15,0,2.44444
73,54,16,0,2.44444
73,54,17,0,2.44444
73,54,18,0,2.44444
73,54,19,0,2.44444
73,54,20,0,2.44444
73,54,21,0,2.44444
73,54,22,0,2.44444
73,54,23,0,2.44444
73,54,24,0,2.44444
73,54,25,0,2.44444
73,54,26,0,2.44444
73,54,27,0,2.44444
73,54,28,0,2.44444
73,54,29,0,2.44444
73,54,30,0,2.44444
73,54,31,0,2.44444
73,54,32,0,2.44444
73,54,33,0,2.44444
73,54,34,0,2.44444
73,54,35,0,2.44444
73,54,36,0,2.44444
73,54,37,0,2.44444
73,54,38,0,2.44444
73,54,39,132,2.44444
73,54,40,0,2.44444
73,54,41,0,2.44444
73,54,42,0,2.44444
73,54,43,0,2.44444
73,54,44,0,2.44444
73,54,45,0,2.44444
73,54,46,0,2.44444
73,54,47,0,2.44444
73,54,48,0,2.44444
73,54,49,0,2.44444
73,54,50,0,2.44444
73,54,51,0,2.44444
73,54,52,0,2.44444
73,54,53,0,2.44444
73,54,54,0,2.44444
73,54,55,0,2.44444
73,54,56,0,2.44444
73,54,57,0,2.44444
73,54,58,0,2.44444
73,54,59,0,2.44444
73,54,60,0,2.44444
73,54,61,0,2.44444
73,54,62,0,2.44444
73,54,63,0,2.44444
73,55,0,0,2.49091
73,55,1,0,2.49091
73,55,2,0,2.49091
73,55,3,0,2.49091
73,55,4,0,2.49091
73,55,5,0,2.49091
73,55,6,0,2.49091
73,55,7,0,2.49091
73,55,8,0,2.49091
73,55,9,0,2.49091
73,55,10,0,2.49091
73,55,11,0,2.49091
73,55,12,0,2.49091
73,55,13,0,2.49091
73,55,14,0,2.49091
73,55,15,0,2.49091
73,55,16,0,2.49091
73,55,17,0,2.49091
73,55,18,0,2.49091
73,55,19,0,2.49091
73,55,20,0,2.49091
73,55,21,0,2.49091
73,55,22,0,2.49091
73,55,23,0,2.49091
73,55,24,0,2.49091
73,55,25,0,2.49091
73,55,26,0,2.49091
73,55,27,0,2.49091
73,55,28,0,2.49091
73,55,29,0,2.49091
73,55,30,0,2.49091
73,55,31,0,2.49091
73,55,32,0,2.49091
73,55,33,0,2.49091
73,55,34,0,2.49091
73,55,35,0,2.49091
73,55,36,0,2.49091
73,55,37,0,2.49091
73,55,38,0,2.49091
73,55,39,137,2.49091
73,55,40,0,2.49091
73,55,41,0,2.49091
73,55,42,0,2.49091
73,55,43,0,2.49091
73,55,44,0,2.49091
73,55,45,0,2.49091
73,55,46,0,2.49091
73,55,47,0,2.49091
73,55,48,0,2.49091
73,55,49,0,2.49091
73,55,50,0,2.49091
73,55,51,0,2.49091
73,55,52,0,2.49091
73,55,53,0,2.49091
73,55,54,0,2.49091
73,55,55,0,2.49091
73,55,56,0,2.49091
73,55,57,0,2.49091
73,55,58,0,2.49091
73,55,59,0,2.49091
73,55,60,0,2.49091
73,55,61,0,2.49091
73,55,62,0,2.49091
73,55,63,0,2.49091
73,56,0,0,2.46429
73,56,1,0,2.46429
73,56,2,0,2.46429
73,56,3,0,2.46429
73,56,4,0,2.46429
73,56,5,0,2.46429
73,56,6,0,2.46429
73,56,7,0,2.46429
73,56,8,0,2.46429
73,56,9,0,2.46429
73,56,10,0,2.46429
73,56,11,0,2.46429
73,56,12,0,2.46429
73,56,13,0,2.46429
73,56,14,0,2.46429
73,56,15,0,2.46429
73,56,16,0,2.46429
73,56,17,0,2.46429
73,56,18,0,2.46429
73,56,19,0,2.46429
73,56,20,0,2.46429
73,56,21,0,2.46429
73,56,22,0,2.46429
73,56,23,0,2.46429
73,56,24,0,2.46429
73,56,25,0,2.46429
73,56,26,0,2.46429
73,56,27,0,2.46429
73,56,28,0,2.46429
73,56,29,0,2.46429
73,56,30,0,2.46429
73,56,31,0,2.46429
73,56,32,0,2.46429
73,56,33,0,2.46429
73,56,34,0,2.46429
73,56,35,0,2.46429
73,56,36,0,2.46429
73,56,37,0,2.46429
73,56,38,0,2.46429
73,56,39,138,2.46429
73,56,40,0,2.46429
73,56,41,0,2.46429
73,56,42,0,2.46429
73,56,43,0,2.46429
73,56,44,0,2.46429
73,56,45,0,2.46429
73,56,46,0,2.46429
73,56,47,0,2.46429
73,56,48,0,2.46429
73,56,49,0,2.46429
73,56,50,0,2.46429
73,56,51,0,2.46429
73,56,52,0,2.46429
73,56,53,0,2.46429
73,56,54,0,2.46429
73,56,55,0,2.46429
73,56,56,0,2.46429
73,56,57,0,2.46429
73,56,58,0,2.46429
73,56,59,0,2.46429
73,56,60,0,2.46429
73,56,61,0,2.46429
73,56,62,0,2.46429
73,56,63,0,2.46429
73,57,0,0,2.49123
73,57,1,0,2.49123
73,57,2,0,2.49123
73,57,3,0,2.49123
73,57,4,0,2.49123
73,57,5,0,2.49123
73,57,6,0,2.49123
73,57,7,0,2.49123
73,57,8,0,2.49123
73,57,9,0,2.49123
73,57,10,0,2.49123
73,57,11,0,2.49123
73,57,12,0,2.49123
73,57,13,0,2.49123
73,57,14,0,2.49123
73,57,15,0,2.49123
73,57,16,0,2.49123
73,57,17,0,2.49123
73,57,18,0,2.49123
73,57,19,0,2.49123
73,57,20,0,2.49123
73,57,21,0,2.49123
73,57,22,0,2.49123
73,57,23,0,2.49123
73,57,24,0,2.49123
73,57,25,0,2.49123
73,57,26,0,2.49123
73,57,27,0,2.49123
73,57,28,0,2.49123
73,57,29,0,2.49123
73,57,30,0,2.49123
73,57,31,0,2.49123
73,57,32,0,2.49123
73,57,33,0,2.49123
73,57,34,0,2.49123
73,57,35,0,2.49123
73,57,36,0,2.49123
73,57,37,0,2.49123
73,57,38,0,2.49123
73,57,39,142,2.49123
73,57,40,0,2.49123
73,57,41,0,2.49123
73,57,42,0,2.49123
73,57,43,0,2.49123
73,57,44,0,2.49123
73,57,45,0,2.49123
73,57,46,0,2.49123
73,57,47,0,2.49123
73,57,48,0,2.49123
73,57,49,0,2.49123
73,57,50,0,2.49123
73,57,51,0,2.49123
73,57,52,0,2.49123
73,57,53,0,2.49123
73,57,54,0,2.49123
73,57,55,0,2.49123
73,57,56,0,2.49123
73,57,57,0,2.49123
73,57,58,0,2.49123
73,57,59,0,2.49123
73,57,60,0,2.49123
73,57,61,0,2.49123
73,57,62,0,2.49123
73,57,63,0,2.49123
73,58,0,0,2.48276
73,58,1,0,2.48276
73,58,2,0,2.48276
73,58,3,0,2.48276
73,58,4,0,2.48276
73,58,5,0,2.48276
73,58,6,0,2.48276
73,58,7,0,2.48276
73,58,8,0,2.48276
73,58,9,0,2.48276
73,58,10,0,2.48276
73,58,11,0,2.48276
73,58,12,0,2.48276
73,58,13,0,2.48276
73,58,14,0,2.48276
73,58,15,0,2.48276
73,58,16,0,2.48276
73,58,17,0,2.48276
73,58,18,0,2.48276
73,58,19,0,2.48276
73,58,20,0,2.48276
73,58,21,0,2.48276
73,58,22,0,2.48276
73,58,23,0,2.48276
73,58,24,0,2.48276
73,58,25,0,2.48276
73,58,26,0,2.48276
73,58,27,0,2.48276
73,58,28,0,2.48276
73,58,29,0,2.48276
73,58,30,0,2.48276
73,58,31,0,2.48276
73,58,32,0,2.48276
73,58,33,0,2.48276
73,58,34,0,2.48276
73,58,35,0,2.48276
73,58,36,0,2.48276
73,58,37,0,2.48276
73,58,38,0,2.48276
73,58,39,144,2.48276
73,58,40,0,2.48276
73,58,41,0,2.48276
73,58,42,0,2.48276
73,58,43,0,2.48276
73,58,44,0,2.48276
73,58,45,0,2.48276
73,58,46,0,2.48276
73,58,47,0,2.48276
73,58,48,0,2.48276
73,58,49,0,2.48276
73,58,50,0,2.48276
73,58,51,0,2.48276
73,58,52,0,2.48276
73,58,53,0,2.48276
73,58,54,0,2.48276
73,58,55,0,2.48276
73,58,56,0,2.48276
73,58,57,0,2.48276
73,58,58,0,2.48276
73,58,59,0,2.48276
73,58,60,0,2.48276
73,58,61,0,2.48276
73,58,62,0,2.48276
73,58,63,0,2.48276
73,59,0,0,2.47458
73,59,1,0,2.47458
73,59,2,0,2.47458
73,59,3,0,2.47458
73,59,4,0,2.47458
73,59,5,0,2.47458
73,59,6,0,2.47458
73,59,7,0,2.47458
73,59,8,0,2.47458
73,59,9,0,2.47458
73,59,10,0,2.47458
73,59,11,0,2.47458
73,59,12,0,2.47458
73,59,13,0,2.47458
73,59,14,0,2.47458
73,59,15,0,2.47458
73,59,16,0,2.47458
73,59,17,0,2.47458
73,59,18,0,2.47458
73,59,19,0,2.47458
73,59,20,0,2.47458
73,59,21,0,2.47458
73,59,22,0,2.47458
73,59,23,0,2.47458
73,59,24,0,2.47458
73,59,25,0,2.47458
73,59,26,0,2.47458
73,59,27,0,2.47458
73,59,28,0,2.47458
73,59,29,0,2.47458
73,59,30,0,2.47458
73,59,31,0,2.47458
73,59,32,0,2.47458
73,59,33,0,2.47458
73,59,34,0,2.47458
73,59,35,0,2.47458
73,59,36,0,2.47458
73,59,37,0,2.47458
73,59,38,0,2.47458
73,59,39,146,2.47458
73,59,40,0,2.47458
73,59,41,0,2.47458
73,59,42,0,2.47458
73,59,43,0,2.47458
73,59,44,0,2.47458
73,59,45,0,2.47458
73,59,46,0,2.47458
73,59,47,0,2.47458
73,59,48,0,2.47458
73,59,49,0,2.47458
73,59,50,0,2.47458
73,59,51,0,2.47458
73,59,52,0,2.47458
73,59,53,0,2.47458
73,59,54,0,2.47458
73,59,55,0,2.47458
73,59,56,0,2.47458
73,59,57,0,2.47458
73,59,58,0,2.47458
73,59,59,0,2.47458
73,59,60,0,2.47458
73,59,61,0,2.47458
73,59,62,0,2.47458
73,59,63,0,2.47458
73,60,0,0,2.48333
73,60,1,0,2.48333
73,60,2,0,2.48333
73,60,3,0,2.48333
73,60,4,0,2.48333
73,60,5,0,2.48333
73,60,6,0,2.48333
73,60,7,0,2.48333
73,60,8,0,2.48333
73,60,9,0,2.48333
73,60,10,0,2.48333
73,60,11,0,2.48333
73,60,12,0,2.48333
73,60,13,0,2.48333
73,60,14,0,2.48333
73,60,15,0,2.48333
73,60,16,0,2.48333
73,60,17,0,2.48333
73,60,18,0,2.48333
73,60,19,0,2.48333
73,60,20,0,2.48333
73,60,21,0,2.48333
73,60,22,0,2.48333
73,60,23,0,2.48333
73,60,24,0,2.48333
73,60,25,0,2.48333
73,60,26,0,2.48333
73,60,27,0,2.48333
73,60,28,0,2.48333
73,60,29,0,2.48333
73,60,30,0,2.48333
73,60,31,0,2.48333
73,60,32,0,2.48333
73,60,33,0,2.48333
73,60,34,0,2.48333
73,60,35,0,2.48333
73,60,36,0,2.48333
73,60,37,0,2.48333
73,60,38,0,2.48333
73,60,39,149,2.48333
73,60,40,0,2.48333
73,60,41,0,2.48333
73,60,42,0,2.48333
73,60,43,0,2.48333
73,60,44,0,2.48333
73,60,45,0,2.48333
73,60,46,0,2.48333
73,60,47,0,2.48333
73,60,48,0,2.48333
73,60,49,0,2.48333
73,60,50,0,2.48333
73,60,51,0,2.48333
73,60,52,0,2.48333
73,60,53,0,2.48333
73,60,54,0,2.48333
73,60,55,0,2.48333
73,60,56,0,2.48333
73,60,57,0,2.48333
73,60,58,0,2.48333
73,60,59,0,2.48333
73,60,60,0,2.48333
73,60,61,0,2.48333
73,60,62,0,2.48333
73,60,63,0,2.48333
73,61,0,0,2.52459
73,61,1,0,2.52459
73,61,2,0,2.52459
73,61,3,0,2.52459
73,61,4,0,2.52459
73,61,5,0,2.52459
73,61,6,0,2.52459
73,61,7,0,2.52459
73,61,8,0,2.52459
73,61,9,0,2.52459
73,61,10,0,2.52459
73,61,11,0,2.52459
73,61,12,0,2.52459
73,61,13,0,2.52459
73,61,14,0,2.52459
73,61,15,0,2.52459
73,61,16,0,2.52459
73,61,17,0,2.52459
73,61,18,0,2.52459
73,61,19,0,2.52459
73,61,20,0,2.52459
73,61,21,0,2.52459
73,61,22,0,2.52459
73,61,23,0,2.52459
73,61,24,0,2.52459
73,61,25,0,2.52459
73,61,26,0,2.52459
73,61,27,0,2.52459
73,61,28,0,2.52459
73,61,29,0,2.52459
73,61,30,0,2.52459
73,61,31,0,2.52459
73,61,32,0,2.52459
73,61,33,0,2.52459
73,61,34,0,2.52459
73,61,35,0,2.52459
73,61,36,0,2.52459
73,61,37,0,2.52459
73,61,38,0,2.52459
73,61,39,154,2.52459
73,61,40,0,2.52459
73,61,41,0,2.52459
73,61,42,0,2.52459
73,61,43,0,2.52459
73,61,44,0,2.52459
73,61,45,0,2.52459
73,61,46,0,2.52459
73,61,47,0,2.52459
73,61,48,0,2.52459
73,61,49,0,2.52459
73,61,50,0,2.52459
73,61,51,0,2.52459
73,61,52,0,2.52459
73,61,53,0,2.52459
73,61,54,0,2.52459
73,61,55,0,2.52459
73,61,56,0,2.52459
73,61,57,0,2.52459
73,61,58,0,2.52459
73,61,59,0,2.52459
73,61,60,0,2.52459
73,61,61,0,2.52459
73,61,62,0,2.52459
73,61,63,0,2.52459
73,62,0,0,2.54839
73,62,1,0,2.54839
73,62,2,0,2.54839
73,62,3,0,2.54839
73,62,4,0,2.54839
73,62,5,0,2.54839
73,62,6,0,2.54839
73,62,7,0,2.54839
73,62,8,0,2.54839
73,62,9,0,2.54839
73,62,10,0,2.54839
73,62,11,0,2.54839
73,62,12,0,2.54839
73,62,13,0,2.54839
73,62,14,0,2.54839
73,62,15,0,2.54839
73,62,16,0,2.54839
73,62,17,0,2.54839
73,62,18,0,2.54839
73,62,19,0,2.54839
73,62,20,0,2.54839
73,62,21,0,2.54839
73,62,22,0,2.54839
73,62,23,0,2.54839
73,62,24,0,2.54839
73,62,25,0,2.54839
73,62,26,0,2.54839
73,62,27,0,2.54839
73,62,28,0,2.54839
73,62,29,0,2.54839
73,62,30,0,2.54839
73,62,31,0,2.54839
73,62,32,0,2.54839
73,62,33,0,2.54839
73,62,34,0,2.54839
73,62,35,0,2.54839
73,62,36,0,2.54839
73,62,37,0,2.54839
73,62,38,0,2.54839
73,62,39,158,2.54839
73,62,40,0,2.54839
73,62,41,0,2.54839
73,62,42,0,2.54839
73,62,43,0,2.54839
73,62,44,0,2.54839
73,62,45,0,2.54839
73,62,46,0,2.54839
73,62,47,0,2.54839
73,62,48,0,2.54839
73,62,49,0,2.54839
73,62,50,0,2.54839
73,62,51,0,2.54839
73,62,52,0,2.54839
73,62,53,0,2.54839
73,62,54,0,2.54839
73,62,55,0,2.54839
73,62,56,0,2.54839
73,62,57,0,2.54839
73,62,58,0,2.54839
73,62,59,0,2.54839
73,62,60,0,2.54839
73,62,61,0,2.54839
73,62,62,0,2.54839
73,62,63,0,2.54839
73,63,0,0,2.53968
73,63,1,0,2.53968
73,63,2,0,2.53968
73,63,3,0,2.53968
73,63,4,0,2.53968
73,63,5,0,2.53968
73,63,6,0,2.53968
73,63,7,0,2.53968
73,63,8,0,2.53968
73,63,9,0,2.53968
73,63,10,0,2.53968
73,63,11,0,2.53968
73,63,12,0,2.53968
73,63,13,0,2.53968
73,63,14,0,2.53968
73,63,15,0,2.53968
73,63,16,0,2.53968
73,63,17,0,2.53968
73,63,18,0,2.53968
73,63,19,0,2.53968
73,63,20,0,2.53968
73,63,21,0,2.53968
73,63,22,0,2.53968
73,63,23,0,2.53968
73,63,24,0,2.53968
73,63,25,0,2.53968
73,63,26,0,2.53968
73,63,27,0,2.53968
73,63,28,0,2.53968
73,63,29,0,2.53968
73,63,30,0,2.53968
73,63,31,0,2.53968
73,63,32,0,2.53968
73,63,33,0,2.53968
73,63,34,0,2.53968
73,63,35,0,2.53968
73,63,36,0,2.53968
73,63,37,0,2.53968
73,63,38,0,2.53968
73,63,39,160,2.53968
73,63,40,0,2.53968
73,63,41,0,2.53968
73,63,42,0,2.53968
73,63,43,0,2.53968
73,63,44,0,2.53968
73,63,45,0,2.53968
73,63,46,0,2.53968
73,63,47,0,2.53968
73,63,48,0,2.53968
73,63,49,0,2.53968
73,63,50,0,2.53968
73,63,51,0,2.53968
73,63,52,0,2.53968
73,63,53,0,2.53968
73,63,54,0,2.53968
73,63,55,0,2.53968
73,63,56,0,2.53968
73,63,57,0,2.53968
73,63,58,0,2.53968
73,63,59,0,2.53968
73,63,60,0,2.53968
73,63,61,0,2.53968
73,63,62,0,2.53968
73,63,63,0,2.53968
73,64,0,0,2.65625
73,64,1,0,2.65625
73,64,2,0,2.65625
73,64,3,0,2.65625
73,64,4,0,2.65625
73,64,5,0,2.65625
73,64,6,0,2.65625
73,64,7,0,2.65625
73,64,8,0,2.65625
73,64,9,0,2.65625
73,64,10,0,2.65625
73,64,11,0,2.65625
73,64,12,0,2.65625
73,64,13,0,2.65625
73,64,14,0,2.65625
73,64,15,0,2.65625
73,64,16,0,2.65625
73,64,17,0,2.65625
73,64,18,0,2.65625
73,64,19,0,2.65625
73,64,20,0,2.65625
73,64,21,0,2.65625
73,64,22,0,2.65625
73,64,23,0,2.65625
73,64,24,0,2.65625
73,64,25,0,2.65625
73,64,26,0,2.65625
73,64,27,0,2.65625
73,64,28,0,2.65625
73,64,29,0,2.65625
73,64,30,0,2.65625
73,64,31,0,2.65625
73,64,32,0,2.65625
73,64,33,0,2.65625
73,64,34,0,2.65625
73,64,35,0,2.65625
73,64,36,0,2.65625
73,64,37,0,2.65625
73,64,38,0,2.65625
73,64,39,170,2.65625
73,64,40,0,2.65625
73,64,41,0,2.65625
73,64,42,0,2.65625
73,64,43,0,2.65625
73,64,44,0,2.65625
73,64,45,0,2.65625
73,64,46,0,2.65625
73,64,47,0,2.65625
73,64,48,0,2.65625
73,64,49,0,2.65625
73,64,50,0,2.65625
73,64,51,0,2.65625
73,64,52,0,2.65625
73,64,53,0,2.65625
73,64,54,0,2.65625
73,64,55,0,2.65625
73,64,56,0,2.65625
73,64,57,0,2.65625
73,64,58,0,2.65625
73,64,59,0,2.65625
73,64,60,0,2.65625
73,64,61,0,2.65625
73,64,62,0,2.65625
73,64,63,0,2.65625
73,65,0,0,2.63077
73,65,1,0,2.63077
73,65,2,0,2.63077
73,65,3,0,2.63077
73,65,4,0,2.63077
73,65,5,0,2.63077
73,65,6,0,2.63077
73,65,7,0,2.63077
73,65,8,0,2.63077
73,65,9,0,2.63077
73,65,10,0,2.63077
73,65,11,0,2.63077
73,65,12,0,2.63077
73,65,13,0,2.63077
73,65,14,0,2.63077
73,65,15,0,2.63077
73,65,16,0,2.63077
73,65,17,0,2.63077
73,65,18,0,2.63077
73,65,19,0,2.63077
73,65,20,0,2.63077
73,65,21,0,2.63077
73,65,22,0,2.63077
73,65,23,0,2.63077
73,65,24,0,2.63077
73,65,25,0,2.63077
73,65,26,0,2.63077
73,65,27,0,2.63077
73,65,28,0,2.63077
73,65,29,0,2.63077
73,65,30,0,2.63077
73,65,31,0,2.63077
73,65,32,0,2.63077
73,65,33,0,2.63077
73,65,34,0,2.63077
73,65,35,0,2.63077
73,65,36,0,2.63077
73,65,37,0,2.63077
73,65,38,0,2.63077
73,65,39,171,2.63077
73,65,40,0,2.63077
73,65,41,0,2.63077
73,65,42,0,2.63077
73,65,43,0,2.63077
73,65,44,0,2.63077
73,65,45,0,2.63077
73,65,46,0,2.63077
73,65,47,0,2.63077
73,65,48,0,2.63077
73,65,49,0,2.63077
73,65,50,0,2.63077
73,65,51,0,2.63077
73,65,52,0,2.63077
73,65,53,0,2.63077
73,65,54,0,2.63077
73,65,55,0,2.63077
73,65,56,0,2.63077
73,65,57,0,2.63077
73,65,58,0,2.63077
73,65,59,0,2.63077
73,65,60,0,2.63077
73,65,61,0,2.63077
73,65,62,0,2.63077
73,65,63,0,2.63077
73,66,0,0,2.63636
73,66,1,0,2.63636
73,66,2,0,2.63636
73,66,3,0,2.63636
73,66,4,0,2.63636
73,66,5,0,2.63636
73,66,6,0,2.63636
73,66,7,0,2.63636
73,66,8,0,2.63636
73,66,9,0,2.63636
73,66,10,0,2.63636
73,66,11,0,2.63636
73,66,12,0,2.63636
73,66,13,0,2.63636
73,66,14,0,2.63636
73,66,15,0,2.63636
73,66,16,0,2.63636
73,66,17,0,2.63636
73,66,18,0,2.63636
73,66,19,0,2.63636
73,66,20,0,2.63636
73,66,21,0,2.63636
73,66,22,0,2.63636
73,66,23,0,2.63636
73,66,24,0,2.63636
73,66,25,0,2.63636
73,66,26,0,2.63636
73,66,27,0,2.63636
73,66,28,0,2.63636
73,66,29,0,2.63636
73,66,30,0,2.63636
73,66,31,0,2.63636
73,66,32,0,2.63636
73,66,33,0,2.63636
73,66,34,0,2.63636
73,66,35,0,2.63636
73,66,36,0,2.63636
73,66,37,0,2.63636
73,66,38,0,2.63636
73,66,39,174,2.63636
73,66,40,0,2.63636
73,66,41,0,2.63636
73,66,42,0,2.63636
73,66,43,0,2.63636
73,66,44,0,2.63636
73,66,45,0,2.63636
73,66,46,0,2.63636
73,66,47,0,2.63636
73,66,48,0,2.63636
73,66,49,0,2.63636
73,66,50,0,2.63636
73,66,51,0,2.63636
73,66,52,0,2.63636
73,66,53,0,2.63636
73,66,54,0,2.63636
73,66,55,0,2.63636
73,66,56,0,2.63636
73,66,57,0,2.63636
73,66,58,0,2.63636
73,66,59,0,2.63636
73,66,60,0,2.63636
73,66,61,0,2.63636
73,66,62,0,2.63636
73,66,63,0,2.63636
73,67,0,0,2.64179
73,67,1,0,2.64179
73,67,2,0,2.64179
73,67,3,0,2.64179
73,67,4,0,2.64179
73,67,5,0,2.64179
73,67,6,0,2.64179
73,67,7,0,2.64179
73,67,8,0,2.64179
73,67,9,0,2.64179
73,67,10,0,2.64179
73,67,11,0,2.64179
73,67,12,0,2.64179
73,67,13,0,2.64179
73,67,14,0,2.64179
73,67,15,0,2.64179
73,67,16,0,2.64179
73,67,17,0,2.64179
73,67,18,0,2.64179
73,67,19,0,2.64179
73,67,20,0,2.64179
73,67,21,0,2.64179
73,67,22,0,2.64179
73,67,23,0,2.64179
73,67,24,0,2.64179
73,67,25,0,2.64179
73,67,26,0,2.64179
73,67,27,0,2.64179
73,67,28,0,2.64179
73,67,29,0,2.64179
73,67,30,0,2.64179
73,67,31,0,2.64179
73,67,32,0,2.64179
73,67,33,0,2.64179
73,67,34,0,2.64179
73,67,35,0,2.64179
73,67,36,0,2.64179
73,67,37,0,2.64179
73,67,38,0,2.64179
73,67,39,177,2.64179
73,67,40,0,2.64179
73,67,41,0,2.64179
73,67,42,0,2.64179
73,67,43,0,2.64179
73,67,44,0,2.64179
73,67,45,0,2.64179
73,67,46,0,2.64179
73,67,47,0,2.64179
73,67,48,0,2.64179
73,67,49,0,2.64179
73,67,50,0,2.64179
73,67,51,0,2.64179
73,67,52,0,2.64179
73,67,53,0,2.64179
73,67,54,0,2.64179
73,67,55,0,2.64179
73,67,56,0,2.64179
73,67,57,0,2.64179
73,67,58,0,2.64179
73,67,59,0,2.64179
73,67,60,0,2.64179
73,67,61,0,2.64179
73,67,62,0,2.64179
73,67,63,0,2.64179
73,68,0,0,2.67647
73,68,1,0,2.67647
73,68,2,0,2.67647
73,68,3,0,2.67647
73,68,4,0,2.67647
73,68,5,0,2.67647
73,68,6,0,2.67647
73,68,7,0,2.67647
73,68,8,0,2.67647
73,68,9,0,2.67647
73,68,10,0,2.67647
73,68,11,0,2.67647
73,68,12,0,2.67647
73,68,13,0,2.67647
73,68,14,0,2.67647
73,68,15,0,2.67647
73,68,16,0,2.67647
73,68,17,0,2.67647
73,68,18,0,2.67647
73,68,19,0,2.67647
73,68,20,0,2.67647
73,68,21,0,2.67647
73,68,22,0,2.67647
73,68,23,0,2.67647
73,68,24,0,2.67647
73,68,25,0,2.67647
73,68,26,0,2.67647
73,68,27,0,2.67647
73,68,28,0,2.67647
73,68,29,0,2.67647
73,68,30,0,2.67647
73,68,31,0,2.67647
73,68,32,0,2.67647
73,68,33,0,2.67647
73,68,34,0,2.67647
73,68,35,0,2.67647
73,68,36,0,2.67647
73,68,37,0,2.67647
73,68,38,0,2.67647
73,68,39,182,2.67647
73,68,40,0,2.67647
73,68,41,0,2.67647
73,68,42,0,2.67647
73,68,43,0,2.67647
73,68,44,0,2.67647
73,68,45,0,2.67647
73,68,46,0,2.67647
73,68,47,0,2.67647
73,68,48,0,2.67647
73,68,49,0,2.67647
73,68,50,0,2.67647
73,68,51,0,2.67647
73,68,52,0,2.67647
73,68,53,0,2.67647
73,68,54,0,2.67647
73,68,55,0,2.67647
73,68,56,0,2.67647
73,68,57,0,2.67647
73,68,58,0,2.67647
73,68,59,0,2.67647
73,68,60,0,2.67647
73,68,61,0,2.67647
73,68,62,0,2.67647
73,68,63,0,2.67647
73,69,0,0,2.65217
73,69,1,0,2.65217
73,69,2,0,2.65217
73,69,3,0,2.65217
73,69,4,0,2.65217
73,69,5,0,2.65217
73,69,6,0,2.65217
73,69,7,0,2.65217
73,69,8,0,2.65217
73,69,9,0,2.65217
73,69,10,0,2.65217
73,69,11,0,2.65217
73,69,12,0,2.65217
73,69,13,0,2.65217
73,69,14,0,2.65217
73,69,15,0,2.65217
73,69,16,0,2.65217
73,69,17,0,2.65217
73,69,18,0,2.65217
73,69,19,0,2.65217
73,69,20,0,2.65217
73,69,21,0,2.65217
73,69,22,0,2.65217
73,69,23,0,2.65217
73,69,24,0,2.65217
73,69,25,0,2.65217
73,69,26,0,2.65217
73,69,27,0,2.65217
73,69,28,0,2.65217
73,69,29,0,2.65217
73,69,30,0,2.65217
73,69,31,0,2.65217
73,69,32,0,2.65217
73,69,33,0,2.65217
73,69,34,0,2.65217
73,69,35,0,2.65217
73,69,36,0,2.65217
73,69,37,0,2.65217
73,69,38,0,2.65217
73,69,39,183,2.65217
73,69,40,0,2.65217
73,69,41,0,2.65217
73,69,42,0,2.65217
73,69,43,0,2.65217
73,69,44,0,2.65217
73,69,45,0,2.65217
73,69,46,0,2.65217
73,69,47,0,2.65217
73,69,48,0,2.65217
73,69,49,0,2.65217
73,69,50,0,2.65217
73,69,51,0,2.65217
73,69,52,0,2.65217
73,69,53,0,2.65217
73,69,54,0,2.65217
73,69,55,0,2.65217
73,69,56,0,2.65217
73,69,57,0,2.65217
73,69,58,0,2.65217
73,69,59,0,2.65217
73,69,60,0,2.65217
73,69,61,0,2.65217
73,69,62,0,2.65217
73,69,63,0,2.65217
73,70,0,0,2.67143
73,70,1,0,2.67143
73,70,2,0,2.67143
73,70,3,0,2.67143
73,70,4,0,2.67143
73,70,5,0,2.67143
73,70,6,0,2.67143
73,70,7,0,2.67143
73,70,8,0,2.67143
73,70,9,0,2.67143
73,70,10,0,2.67143
73,70,11,0,2.67143
73,70,12,0,2.67143
73,70,13,0,2.67143
73,70,14,0,2.67143
73,70,15,0,2.67143
73,70,16,0,2.67143
73,70,17,0,2.67143
73,70,18,0,2.67143
73,70,19,0,2.67143
73,70,20,0,2.67143
73,70,21,0,2.67143
73,70,22,0,2.67143
73,70,23,0,2.67143
73,70,24,0,2.67143
73,70,25,0,2.67143
73,70,26,0,2.67143
73,70,27,0,2.67143
73,70,28,0,2.67143
73,70,29,0,2.67143
73,70,30,0,2.67143
73,70,31,0,2.67143
73,70,32,0,2.67143
73,70,33,0,2.67143
73,70,34,0,2.67143
73,70,35,0,2.67143
73,70,36,0,2.67143
73,70,37,0,2.67143
73,70,38,0,2.67143
73,70,39,187,2.67143
73,70,40,0,2.67143
73,70,41,0,2.67143
73,70,42,0,2.67143
73,70,43,0,2.67143
73,70,44,0,2.67143
73,70,45,0,2.67143
73,70,46,0,2.67143
73,70,47,0,2.67143
73,70,48,0,2.67143
73,70,49,0,2.67143
73,70,50,0,2.67143
73,70,51,0,2.67143
73,70,52,0,2.67143
73,70,53,0,2.67143
73,70,54,0,2.67143
73,70,55,0,2.67143
73,70,56,0,2.67143
73,70,57,0,2.67143
73,70,58,0,2.67143
73,70,59,0,2.67143
73,70,60,0,2.67143
73,70,61,0,2.67143
73,70,62,0,2.67143
73,70,63,0,2.67143
73,71,0,0,2.64789
73,71,1,0,2.64789
73,71,2,0,2.64789
73,71,3,0,2.64789
73,71,4,0,2.64789
73,71,5,0,2.64789
73,71,6,0,2.64789
73,71,7,0,2.64789
73,71,8,0,2.64789
73,71,9,0,2.64789
73,71,10,0,2.64789
73,71,11,0,2.64789
73,71,12,0,2.64789
73,71,13,0,2.64789
73,71,14,0,2.64789
73,71,15,0,2.64789
73,71,16,0,2.64789
73,71,17,0,2.64789
73,71,18,0,2.64789
73,71,19,0,2.64789
73,71,20,0,2.64789
73,71,21,0,2.64789
73,71,22,0,2.64789
73,71,23,0,2.64789
73,71,24,0,2.64789
73,71,25,0,2.64789
73,71,26,0,2.64789
73,71,27,0,2.64789
73,71,28,0,2.64789
73,71,29,0,2.64789
73,71,30,0,2.64789
73,71,31,0,2.64789
73,71,32,0,2.64789
73,71,33,0,2.64789
73,71,34,0,2.64789
73,71,35,0,2.64789
73,71,36,0,2.64789
73,71,37,0,2.64789
73,71,38,0,2.64789
73,71,39,188,2.64789
73,71,40,0,2.64789
73,71,41,0,2.64789
73,71,42,0,2.64789
73,71,43,0,2.64789
73,71,44,0,2.64789
73,71,45,0,2.64789
73,71,46,0,2.64789
73,71,47,0,2.64789
73,71,48,0,2.64789
73,71,49,0,2.64789
73,71,50,0,2.64789
73,71,51,0,2.64789
73,71,52,0,2.64789
73,71,53,0,2.64789
73,71,54,0,2.64789
73,71,55,0,2.64789
73,71,56,0,2.64789
73,71,57,0,2.64789
73,71,58,0,2.64789
73,71,59,0,2.64789
73,71,60,0,2.64789
73,71,61,0,2.64789
73,71,62,0,2.64789
73,71,63,0,2.64789
73,72,0,0,2.69444
73,72,1,0,2.69444
73,72,2,0,2.69444
73,72,3,0,2.69444
73,72,4,0,2.69444
73,72,5,0,2.69444
73,72,6,0,2.69444
73,72,7,0,2.69444
73,72,8,0,2.69444
73,72,9,0,2.69444
73,72,10,0,2.69444
73,72,11,0,2.69444
73,72,12,0,2.69444
73,72,13,0,2.69444
73,72,14,0,2.69444
73,72,15,0,2.69444
73,72,16,0,2.69444
73,72,17,0,2.69444
73,72,18,0,2.69444
73,72,19,0,2.69444
73,72,20,0,2.69444
73,72,21,0,2.69444
73,72,22,0,2.69444
73,72,23,0,2.69444
73,72,24,0,2.69444
73,72,25,0,2.69444
73,72,26,0,2.69444
73,72,27,0,2.69444
73,72,28,0,2.69444
73,72,29,0,2.69444
73,72,30,0,2.69444
73,72,31,0,2.69444
73,72,32,0,2.69444
73,72,33,0,2.69444
73,72,34,0,2.69444
73,72,35,0,2.69444
73,72,36,0,2.69444
73,72,37,0,2.69444
73,72,38,0,2.69444
73,72,39,194,2.69444
73,72,40,0,2.69444
73,72,41,0,2.69444
73,72,42,0,2.69444
73,72,43,0,2.69444
73,72,44,0,2.69444
73,72,45,0,2.69444
73,72,46,0,2.69444
73,72,47,0,2.69444
73,72,48,0,2.69444
73,72,49,0,2.69444
73,72,50,0,2.69444
73,72,51,0,2.69444
73,72,52,0,2.69444
73,72,53,0,2.69444
73,72,54,0,2.69444
73,72,55,0,2.69444
73,72,56,0,2.69444
73,72,57,0,2.69444
73,72,58,0,2.69444
73,72,59,0,2.69444
73,72,60,0,2.69444
73,72,61,0,2.69444
73,72,62,0,2.69444
73,72,63,0,2.69444
73,73,0,0,2.69863
73,73,1,0,2.69863
73,73,2,0,2.69863
73,73,3,0,2.69863
73,73,4,0,2.69863
73,73,5,0,2.69863
73,73,6,0,2.69863
73,73,7,0,2.69863
73,73,8,0,2.69863
73,73,9,0,2.69863
73,73,10,0,2.69863
73,73,11,0,2.69863
73,73,12,0,2.69863
73,73,13,0,2.69863
73,73,14,0,2.69863
73,73,15,0,2.69863
73,73,16,0,2.69863
73,73,17,0,2.69863
73,73,18,0,2.69863
73,73,19,0,2.69863
73,73,20,0,2.69863
73,73,21,0,2.69863
73,73,22,0,2.69863
73,73,23,0,2.69863
73,73,24,0,2.69863
73,73,25,0,2.69863
73,73,26,0,2.69863
73,73,27,0,2.69863
73,73,28,0,2.69863
73,73,29,0,2.69863
73,73,30,0,2.69863
73,73,31,0,2.69863
73,73,32,0,2.69863
73,73,33,0,2.69863
73,73,34,0,2.69863
73,73,35,0,2.69863
73,73,36,0,2.69863
73,73,37,0,2.69863
73,73,38,0,2.69863
73,73,39,197,2.69863
73,73,40,0,2.69863
73,73,41,0,2.69863
73,73,42,0,2.69863
73,73,43,0,2.69863
73,73,44,0,2.69863
73,73,45,0,2.69863
73,73,46,0,2.69863
73,73,47,0,2.69863
73,73,48,0,2.69863
73,73,49,0,2.69863
73,73,50,0,2.69863
73,73,51,0,2.69863
73,73,52,0,2.69863
73,73,53,0,2.69863
73,73,54,0,2.69863
73,73,55,0,2.69863
73,73,56,0,2.69863
73,73,57,0,2.69863
73,73,58,0,2.69863
73,73,59,0,2.69863
73,73,60,0,2.69863
73,73,61,0,2.69863
73,73,62,0,2.69863
73,73,63,0,2.69863
73,74,0,0,2.67568
73,74,1,0,2.67568
73,74,2,0,2.67568
73,74,3,0,2.67568
73,74,4,0,2.67568
73,74,5,0,2.67568
73,74,6,0,2.67568
73,74,7,0,2.67568
73,74,8,0,2.67568
73,74,9,0,2.67568
73,74,10,0,2.67568
73,74,11,0,2.67568
73,74,12,0,2.67568
73,74,13,0,2.67568
73,74,14,0,2.67568
73,74,15,0,2.67568
73,74,16,0,2.67568
73,74,17,0,2.67568
73,74,18,0,2.67568
73,74,19,0,2.67568
73,74,20,0,2.67568
73,74,21,0,2.67568
73,74,22,0,2.67568
73,74,23,0,2.67568
73,74,24,0,2.67568
73,74,25,0,2.67568
73,74,26,0,2.67568
73,74,27,0,2.67568
73,74,28,0,2.67568
73,74,29,0,2.67568
73,74,30,0,2.67568
73,74,31,0,2.67568
73,74,32,0,2.67568
73,74,33,0,2.67568
73,74,34,0,2.67568
73,74,35,0,2.67568
73,74,36,0,2.67568
73,74,37,0,2.67568
73,74,38,0,2.67568
73,74,39,198,2.67568
73,74,40,0,2.67568
73,74,41,0,2.67568
73,74,42,0,2.67568
73,74,43,0,2.67568
73,74,44,0,2.67568
73,74,45,0,2.67568
73,74,46,0,2.67568
73,74,47,0,2.67568
73,74,48,0,2.67568
73,74,49,0,2.67568
73,74,50,0,2.67568
73,74,51,0,2.67568
73,74,52,0,2.67568
73,74,53,0,2.67568
73,74,54,0,2.67568
73,74,55,0,2.67568
73,74,56,0,2.67568
73,74,57,0,2.67568
73,74,58,0,2.67568
73,74,59,0,2.67568
73,74,60,0,2.67568
73,74,61,0,2.67568
73,74,62,0,2.67568
73,74,63,0,2.67568
73,75,0,0,2.72
73,75,1,0,2.72
73,75,2,0,2.72
73,75,3,0,2.72
73,75,4,0,2.72
73,75,5,0,2.72
73,75,6,0,2.72
73,75,7,0,2.72
73,75,8,0,2.72
73,75,9,0,2.72
73,75,10,0,2.72
73,75,11,0,2.72
73,75,12,0,2.72
73,75,13,0,2.72
73,75,14,0,2.72
73,75,15,0,2.72
73,75,16,0,2.72
73,75,17,0,2.72
73,75,18,0,2.72
73,75,19,0,2.72
73,75,20,0,2.72
73,75,21,0,2.72
73,75,22,0,2.72
73,75,23,0,2.72
73,75,24,0,2.72
73,75,25,0,2.72
73,75,26,0,2.72
73,75,27,0,2.72
73,75,28,0,2.72
73,75,29,0,2.72
73,75,30,0,2.72
73,75,31,0,2.72
73,75,32,0,2.72
73,75,33,0,2.72
73,75,34,0,2.72
73,75,35,0,2.72
73,75,36,0,2.72
73,75,37,0,2.72
73,75,38,0,2.72
73,75,39,204,2.72
73,75,40,0,2.72
73,75,41,0,2.72
73,75,42,0,2.72
73,75,43,0,2.72
73,75,44,0,2.72
73,75,45,0,2.72
73,75,46,0,2.72
73,75,47,0,2.72
73,75,48,0,2.72
73,75,49,0,2.72
73,75,50,0,2.72
73,75,51,0,2.72
73,75,52,0,2.72
73,75,53,0,2.72
73,75,54,0,2.72
73,75,55,0,2.72
73,75,56,0,2.72
73,75,57,0,2.72
73,75,58,0,2.72
73,75,59,0,2.72
73,75,60,0,2.72
73,75,61,0,2.72
73,75,62,0,2.72
73,75,63,0,2.72
73,76,0,0,2.71053
73,76,1,0,2.71053
73,76,2,0,2.71053
73,76,3,0,2.71053
73,76,4,0,2.71053
73,76,5,0,2.71053
73,76,6,0,2.71053
73,76,7,0,2.71053
73,76,8,0,2.71053
73,76,9,0,2.71053
73,76,10,0,2.71053
73,76,11,0,2.71053
73,76,12,0,2.71053
73,76,13,0,2.71053
73,76,14,0,2.71053
73,76,15,0,2.71053
73,76,16,0,2.71053
73,76,17,0,2.71053
73,76,18,0,2.71053
73,76,19,0,2.71053
73,76,20,0,2.71053
73,76,21,0,2.71053
73,76,22,0,2.71053
73,76,23,0,2.71053
73,76,24,0,2.71053
73,76,25,0,2.71053
73,76,26,0,2.71053
73,76,27,0,2.71053
73,76,28,0,2.71053
73,76,29,0,2.71053
73,76,30,0,2.71053
73,76,31,0,2.71053
73,76,32,0,2.71053
73,76,33,0,2.71053
73,76,34,0,2.71053
73,76,35,0,2.71053
73,76,36,0,2.71053
73,76,37,0,2.71053
73,76,38,0,2.71053
73,76,39,206,2.71053
73,76,40,0,2.71053
73,76,41,0,2.71053
73,76,42,0,2.71053
73,76,43,0,2.71053
73,76,44,0,2.71053
73,76,45,0,2.71053
73,76,46,0,2.71053
73,76,47,0,2.71053
73,76,48,0,2.71053
73,76,49,0,2.71053
73,76,50,0,2.71053
73,76,51,0,2.71053
73,76,52,0,2.71053
73,76,53,0,2.71053
73,76,54,0,2.71053
73,76,55,0,2.71053
73,76,56,0,2.71053
73,76,57,0,2.71053
73,76,58,0,2.71053
73,76,59,0,2.71053
73,76,60,0,2.71053
73,76,61,0,2.71053
73,76,62,0,2.71053
73,76,63,0,2.71053
73,77,0,0,2.72727
73,77,1,0,2.72727
73,77,2,0,2.72727
73,77,3,0,2.72727
73,77,4,0,2.72727
73,77,5,0,2.72727
73,77,6,0,2.72727
73,77,7,0,2.72727
73,77,8,0,2.72727
73,77,9,0,2.72727
73,77,10,0,2.72727
73,77,11,0,2.72727
73,77,12,0,2.72727
73,77,13,0,2.72727
73,77,14,0,2.72727
73,77,15,0,2.72727
73,77,16,0,2.72727
73,77,17,0,2.72727
73,77,18,0,2.72727
73,77,19,0,2.72727
73,77,20,0,2.72727
73,77,21,0,2.72727
73,77,22,0,2.72727
73,77,23,0,2.72727
73,77,24,0,2.72727
73,77,25,0,2.72727
73,77,26,0,2.72727
73,77,27,0,2.72727
73,77,28,0,2.72727
73,77,29,0,2.72727
73,77,30,0,2.72727
73,77,31,0,2.72727
73,77,32,0,2.72727
73,77,33,0,2.72727
73,77,34,0,2.72727
73,77,35,0,2.72727
73,77,36,0,2.72727
73,77,37,0,2.72727
73,77,38,0,2.72727
73,77,39,210,2.72727
73,77,40,0,2.72727
73,77,41,0,2.72727
73,77,42,0,2.72727
73,77,43,0,2.72727
73,77,44,0,2.72727
73,77,45,0,2.72727
73,77,46,0,2.72727
73,77,47,0,2.72727
73,77,48,0,2.72727
73,77,49,0,2.72727
73,77,50,0,2.72727
73,77,51,0,2.72727
73,77,52,0,2.72727
73,77,53,0,2.72727
73,77,54,0,2.72727
73,77,55,0,2.72727
73,77,56,0,2.72727
73,77,57,0,2.72727
73,77,58,0,2.72727
73,77,59,0,2.72727
73,77,60,0,2.72727
73,77,61,0,2.72727
73,77,62,0,2.72727
73,77,63,0,2.72727
73,78,0,0,2.73077
73,78,1,0,2.73077
73,78,2,0,2.73077
73,78,3,0,2.73077
73,78,4,0,2.73077
73,78,5,0,2.73077
73,78,6,0,2.73077
73,78,7,0,2.73077
73,78,8,0,2.73077
73,78,9,0,2.73077
73,78,10,0,2.73077
73,78,11,0,2.73077
73,78,12,0,2.73077
73,78,13,0,2.73077
73,78,14,0,2.73077
73,78,15,0,2.73077
73,78,16,0,2.73077
73,78,17,0,2.73077
73,78,18,0,2.73077
73,78,19,0,2.73077
73,78,20,0,2.73077
73,78,21,0,2.73077
73,78,22,0,2.73077
73,78,23,0,2.73077
73,78,24,0,2.73077
73,78,25,0,2.73077
73,78,26,0,2.73077
73,78,27,0,2.73077
73,78,28,0,2.73077
73,78,29,0,2.73077
73,78,30,0,2.73077
73,78,31,0,2.73077
73,78,32,0,2.73077
73,78,33,0,2.73077
73,78,34,0,2.73077
73,78,35,0,2.73077
73,78,36,0,2.73077
73,78,37,0,2.73077
73,78,38,0,2.73077
73,78,39,213,2.73077
73,78,40,0,2.73077
73,78,41,0,2.73077
73,78,42,0,2.73077
73,78,43,0,2.73077
73,78,44,0,2.73077
73,78,45,0,2.73077
73,78,46,0,2.73077
73,78,47,0,2.73077
73,78,48,0,2.73077
73,78,49,0,2.73077
73,78,50,0,2.73077
73,78,51,0,2.73077
73,78,52,0,2.73077
73,78,53,0,2.73077
73,78,54,0,2.73077
73,78,55,0,2.73077
73,78,56,0,2.73077
73,78,57,0,2.73077
73,78,58,0,2.73077
73,78,59,0,2.73077
73,78,60,0,2.73077
73,78,61,0,2.73077
73,78,62,0,2.73077
73,78,63,0,2.73077
73,79,0,0,2.75949
73,79,1,0,2.75949
73,79,2,0,2.75949
73,79,3,0,2.75949
73,79,4,0,2.75949
73,79,5,0,2.75949
73,79,6,0,2.75949
73,79,7,0,2.75949
73,79,8,0,2.75949
73,79,9,0,2.75949
73,79,10,0,2.75949
73,79,11,0,2.75949
73,79,12,0,2.75949
73,79,13,0,2.75949
73,79,14,0,2.75949
73,79,15,0,2.75949
73,79,16,0,2.75949
73,79,17,0,2.75949
73,79,18,0,2.75949
73,79,19,0,2.75949
73,79,20,0,2.75949
73,79,21,0,2.75949
73,79,22,0,2.75949
73,79,23,0,2.75949
73,79,24,0,2.75949
73,79,25,0,2.75949
73,79,26,0,2.75949
73,79,27,0,2.75949
73,79,28,0,2.75949
73,79,29,0,2.75949
73,79,30,0,2.75949
73,79,31,0,2.75949
73,79,32,0,2.75949
73,79,33,0,2.75949
73,79,34,0,2.75949
73,79,35,0,2.75949
73,79,36,0,2.75949
73,79,37,0,2.75949
73,79,38,0,2.75949
73,79,39,218,2.75949
73,79,40,0,2.75949
73,79,41,0,2.75949
73,79,42,0,2.75949
73,79,43,0,2.75949
73,79,44,0,2.75949
73,79,45,0,2.75949
73,79,46,0,2.75949
73,79,47,0,2.75949
73,79,48,0,2.75949
73,79,49,0,2.75949
73,79,50,0,2.75949
73,79,51,0,2.75949
73,79,52,0,2.75949
73,79,53,0,2.75949
73,79,54,0,2.75949
73,79,55,0,2.75949
73,79,56,0,2.75949
73,79,57,0,2.75949
73,79,58,0,2.75949
73,79,59,0,2.75949
73,79,60,0,2.75949
73,79,61,0,2.75949
73,79,62,0,2.75949
73,79,63,0,2.75949
73,80,0,0,2.7375
73,80,1,0,2.7375
73,80,2,0,2.7375
73,80,3,0,2.7375
73,80,4,0,2.7375
73,80,5,0,2.7375
73,80,6,0,2.7375
73,80,7,0,2.7375
73,80,8,0,2.7375
73,80,9,0,2.7375
73,80,10,0,2.7375
73,80,11,0,2.7375
73,80,12,0,2.7375
73,80,13,0,2.7375
73,80,14,0,2.7375
73,80,15,0,2.7375
73,80,16,0,2.7375
73,80,17,0,2.7375
73,80,18,0,2.7375
73,80,19,0,2.7375
73,80,20,0,2.7375
73,80,21,0,2.7375
73,80,22,0,2.7375
73,80,23,0,2.7375
73,80,24,0,2.7375
73,80,25,0,2.7375
73,80,26,0,2.7375
73,80,27,0,2.7375
73,80,28,0,2.7375
73,80,29,0,2.7375
73,80,30,0,2.7375
73,80,31,0,2.7375
73,80,32,0,2.7375
73,80,33,0,2.7375
73,80,34,0,2.7375
73,80,35,0,2.7375
73,80,36,0,2.7375
73,80,37,0,2.7375
73,80,38,0,2.7375
73,80,39,219,2.7375
73,80,40,0,2.7375
73,80,41,0,2.7375
73,80,42,0,2.7375
73,80,43,0,2.7375
73,80,44,0,2.7375
73,80,45,0,2.7375
73,80,46,0,2.7375
73,80,47,0,2.7375
73,80,48,0,2.7375
73,80,49,0,2.7375
73,80,50,0,2.7375
73,80,51,0,2.7375
73,80,52,0,2.7375
73,80,53,0,2.7375
73,80,54,0,2.7375
73,80,55,0,2.7375
73,80,56,0,2.7375
73,80,57,0,2.7375
73,80,58,0,2.7375
73,80,59,0,2.7375
73,80,60,0,2.7375
73,80,61,0,2.7375
73,80,62,0,2.7375
73,80,63,0,2.7375
73,81,0,0,2.74074
73,81,1,0,2.74074
73,81,2,0,2.74074
73,81,3,0,2.74074
73,81,4,0,2.74074
73,81,5,0,2.74074
73,81,6,0,2.74074
73,81,7,0,2.74074
73,81,8,0,2.74074
73,81,9,0,2.74074
73,81,10,0,2.74074
73,81,11,0,2.74074
73,81,12,0,2.74074
73,81,13,0,2.74074
73,81,14,0,2.74074
73,81,15,0,2.74074
73,81,16,0,2.74074
73,81,17,0,2.74074
73,81,18,0,2.74074
73,81,19,0,2.74074
73,81,20,0,2.74074
73,81,21,0,2.74074
73,81,22,0,2.74074
73,81,23,0,2.74074
73,81,24,0,2.74074
73,81,25,0,2.74074
73,81,26,0,2.74074
73,81,27,0,2.74074
73,81,28,0,2.74074
73,81,29,0,2.74074
73,81,30,0,2.74074
73,81,31,0,2.74074
73,81,32,0,2.74074
73,81,33,0,2.74074
73,81,34,0,2.74074
73,81,35,0,2.74074
73,81,36,0,2.74074
73,81,37,0,2.74074
73,81,38,0,2.74074
73,81,39,222,2.74074
73,81,40,0,2.74074
73,81,41,0,2.74074
73,81,42,0,2.74074
73,81,43,0,2.74074
73,81,44,0,2.74074
73,81,45,0,2.74074
73,81,46,0,2.74074
73,81,47,0,2.74074
73,81,48,0,2.74074
73,81,49,0,2.74074
73,81,50,0,2.74074
73,81,51,0,2.74074
73,81,52,0,2.74074
73,81,53,0,2.74074
73,81,54,0,2.74074
73,81,55,0,2.74074
73,81,56,0,2.74074
73,81,57,0,2.74074
73,81,58,0,2.74074
73,81,59,0,2.74074
73,81,60,0,2.74074
73,81,61,0,2.74074
73,81,62,0,2.74074
73,81,63,0,2.74074
73,82,0,0,2.73171
73,82,1,0,2.73171
73,82,2,0,2.73171
73,82,3,0,2.73171
73,82,4,0,2.73171
73,82,5,0,2.73171
73,82,6,0,2.73171
73,82,7,0,2.73171
73,82,8,0,2.73171
73,82,9,0,2.73171
73,82,10,0,2.73171
73,82,11,0,2.73171
73,82,12,0,2.73171
73,82,13,0,2.73171
73,82,14,0,2.73171
73,82,15,0,2.73171
73,82,16,0,2.73171
73,82,17,0,2.73171
73,82,18,0,2.73171
73,82,19,0,2.73171
73,82,20,0,2.73171
73,82,21,0,2.73171
73,82,22,0,2.73171
73,82,23,0,2.73171
73,82,24,0,2.73171
73,82,25,0,2.73171
73,82,26,0,2.73171
73,82,27,0,2.73171
73,82,28,0,2.73171
73,82,29,0,2.73171
73,82,30,0,2.73171
73,82,31,0,2.73171
73,82,32,0,2.73171
73,82,33,0,2.73171
73,82,34,0,2.73171
73,82,35,0,2.73171
73,82,36,0,2.73171
73,82,37,0,2.73171
73,82,38,0,2.73171
73,82,39,224,2.73171
73,82,40,0,2.73171
73,82,41,0,2.73171
73,82,42,0,2.73171
73,82,43,0,2.73171
73,82,44,0,2.73171
73,82,45,0,2.73171
73,82,46,0,2.73171
73,82,47,0,2.73171
73,82,48,0,2.73171
73,82,49,0,2.73171
73,82,50,0,2.73171
73,82,51,0,2.73171
73,82,52,0,2.73171
73,82,53,0,2.73171
73,82,54,0,2.73171
73,82,55,0,2.73171
73,82,56,0,2.73171
73,82,57,0,2.73171
73,82,58,0,2.73171
73,82,59,0,2.73171
73,82,60,0,2.73171
73,82,61,0,2.73171
73,82,62,0,2.73171
73,82,63,0,2.73171
73,83,0,0,2.73494
73,83,1,0,2.73494
73,83,2,0,2.73494
73,83,3,0,2.73494
73,83,4,0,2.73494
73,83,5,0,2.73494
73,83,6,0,2.73494
73,83,7,0,2.73494
73,83,8,0,2.73494
73,83,9,0,2.73494
73,83,10,0,2.73494
73,83,11,0,2.73494
73,83,12,0,2.73494
73,83,13,0,2.73494
73,83,14,0,2.73494
73,83,15,0,2.73494
73,83,16,0,2.73494
73,83,17,0,2.73494
73,83,18,0,2.73494
73,83,19,0,2.73494
73,83,20,0,2.73494
73,83,21,0,2.73494
73,83,22,0,2.73494
73,83,23,0,2.73494
73,83,24,0,2.73494
73,83,25,0,2.73494
73,83,26,0,2.73494
73,83,27,0,2.73494
73,83,28,0,2.73494
73,83,29,0,2.73494
73,83,30,0,2.73494
73,83,31,0,2.73494
73,83,32,0,2.73494
73,83,33,0,2.73494
73,83,34,0,2.73494
73,83,35,0,2.73494
73,83,36,0,2.73494
73,83,37,0,2.73494
73,83,38,0,2.73494
73,83,39,227,2.73494
73,83,40,0,2.73494
73,83,41,0,2.73494
73,83,42,0,2.73494
73,83,43,0,2.73494
73,83,44,0,2.73494
73,83,45,0,2.73494
73,83,46,0,2.73494
73,83,47,0,2.73494
73,83,48,0,2.73494
73,83,49,0,2.73494
73,83,50,0,2.73494
73,83,51,0,2.73494
73,83,52,0,2.73494
73,83,53,0,2.73494
73,83,54,0,2.73494
73,83,55,0,2.73494
73,83,56,0,2.73494
73,83,57,0,2.73494
73,83,58,0,2.73494
73,83,59,0,2.73494
73,83,60,0,2.73494
73,83,61,0,2.73494
73,83,62,0,2.73494
73,83,63,0,2.73494
73,84,0,0,2.7381
73,84,1,0,2.7381
73,84,2,0,2.7381
73,84,3,0,2.7381
73,84,4,0,2.7381
73,84,5,0,2.7381
73,84,6,0,2.7381
73,84,7,0,2.7381
73,84,8,0,2.7381
73,84,9,0,2.7381
73,84,10,0,2.7381
73,84,11,0,2.7381
73,84,12,0,2.7381
73,84,13,0,2.7381
73,84,14,0,2.7381
73,84,15,0,2.7381
73,84,16,0,2.7381
73,84,17,0,2.7381
73,84,18,0,2.7381
73,84,19,0,2.7381
73,84,20,0,2.7381
73,84,21,0,2.7381
73,84,22,0,2.7381
73,84,23,0,2.7381
73,84,24,0,2.7381
73,84,25,0,2.7381
73,84,26,0,2.7381
73,84,27,0,2.7381
73,84,28,0,2.7381
73,84,29,0,2.7381
73,84,30,0,2.7381
73,84,31,0,2.7381
73,84,32,0,2.7381
73,84,33,0,2.7381
73,84,34,0,2.7381
73,84,35,0,2.7381
73,84,36,0,2.7381
73,84,37,0,2.7381
73,84,38,0,2.7381
73,84,39,230,2.7381
73,84,40,0,2.7381
73,84,41,0,2.7381
73,84,42,0,2.7381
73,84,43,0,2.7381
73,84,44,0,2.7381
73,84,45,0,2.7381
73,84,46,0,2.7381
73,84,47,0,2.7381
73,84,48,0,2.7381
73,84,49,0,2.7381
73,84,50,0,2.7381
73,84,51,0,2.7381
73,84,52,0,2.7381
73,84,53,0,2.7381
73,84,54,0,2.7381
73,84,55,0,2.7381
73,84,56,0,2.7381
73,84,57,0,2.7381
73,84,58,0,2.7381
73,84,59,0,2.7381
73,84,60,0,2.7381
73,84,61,0,2.7381
73,84,62,0,2.7381
73,84,63,0,2.7381
73,85,0,0,2.71765
73,85,1,0,2.71765
73,85,2,0,2.71765
73,85,3,0,2.71765
73,85,4,0,2.71765
73,85,5,0,2.71765
73,85,6,0,2.71765
73,85,7,0,2.71765
73,85,8,0,2.71765
73,85,9,0,2.71765
73,85,10,0,2.71765
73,85,11,0,2.71765
73,85,12,0,2.71765
73,85,13,0,2.71765
73,85,14,0,2.71765
73,85,15,0,2.71765
73,85,16,0,2.71765
73,85,17,0,2.71765
73,85,18,0,2.71765
73,85,19,0,2.71765
73,85,20,0,2.71765
73,85,21,0,2.71765
73,85,22,0,2.71765
73,85,23,0,2.71765
73,85,24,0,2.71765
73,85,25,0,2.71765
73,85,26,0,2.71765
73,85,27,0,2.71765
73,85,28,0,2.71765
73,85,29,0,2.71765
73,85,30,0,2.71765
73,85,31,0,2.71765
73,85,32,0,2.71765
73,85,33,0,2.71765
73,85,34,0,2.71765
73,85,35,0,2.71765
73,85,36,0,2.71765
73,85,37,0,2.71765
73,85,38,0,2.71765
73,85,39,231,2.71765
73,85,40,0,2.71765
73,85,41,0,2.71765
73,85,42,0,2.71765
73,85,43,0,2.71765
73,85,44,0,2.71765
73,85,45,0,2.71765
73,85,46,0,2.71765
73,85,47,0,2.71765
73,85,48,0,2.71765
73,85,49,0,2.71765
73,85,50,0,2.71765
73,85,51,0,2.71765
73,85,52,0,2.71765
73,85,53,0,2.71765
73,85,54,0,2.71765
73,85,55,0,2.71765
73,85,56,0,2.71765
73,85,57,0,2.71765
73,85,58,0,2.71765
73,85,59,0,2.71765
73,85,60,0,2.71765
73,85,61,0,2.71765
73,85,62,0,2.71765
73,85,63,0,2.71765
73,86,0,0,2.73256
73,86,1,0,2.73256
73,86,2,0,2.73256
73,86,3,0,2.73256
73,86,4,0,2.73256
73,86,5,0,2.73256
73,86,6,0,2.73256
73,86,7,0,2.73256
73,86,8,0,2.73256
73,86,9,0,2.73256
73,86,10,0,2.73256
73,86,11,0,2.73256
73,86,12,0,2.73256
73,86,13,0,2.73256
73,86,14,0,2.73256
73,86,15,0,2.73256
73,86,16,0,2.73256
73,86,17,0,2.73256
73,86,18,0,2.73256
73,86,19,0,2.73256
73,86,20,0,2.73256
73,86,21,0,2.73256
73,86,22,0,2.73256
73,86,23,0,2.73256
73,86,24,0,2.73256
73,86,25,0,2.73256
73,86,26,0,2.73256
73,86,27,0,2.73256
73,86,28,0,2.73256
73,86,29,0,2.73256
73,86,30,0,2.73256
73,86,31,0,2.73256
73,86,32,0,2.73256
73,86,33,0,2.73256
73,86,34,0,2.73256
73,86,35,0,2.73256
73,86,36,0,2.73256
73,86,37,0,2.73256
73,86,38,0,2.73256
73,86,39,235,2.73256
73,86,40,0,2.73256
73,86,41,0,2.73256
73,86,42,0,2.73256
73,86,43,0,2.73256
73,86,44,0,2.73256
73,86,45,0,2.73256
73,86,46,0,2.73256
73,86,47,0,2.73256
73,86,48,0,2.73256
73,86,49,0,2.73256
73,86,50,0,2.73256
73,86,51,0,2.73256
73,86,52,0,2.73256
73,86,53,0,2.73256
73,86,54,0,2.73256
73,86,55,0,2.73256
73,86,56,0,2.73256
73,86,57,0,2.73256
73,86,58,0,2.73256
73,86,59,0,2.73256
73,86,60,0,2.73256
73,86,61,0,2.73256
73,86,62,0,2.73256
73,86,63,0,2.73256
73,87,0,0,2.73563
73,87,1,0,2.73563
73,87,2,0,2.73563
73,87,3,0,2.73563
73,87,4,0,2.73563
73,87,5,0,2.73563
73,87,6,0,2.73563
73,87,7,0,2.73563
73,87,8,0,2.73563
73,87,9,0,2.73563
73,87,10,0,2.73563
73,87,11,0,2.73563
73,87,12,0,2.73563
73,87,13,0,2.73563
73,87,14,0,2.73563
73,87,15,0,2.73563
73,87,16,0,2.73563
73,87,17,0,2.73563
73,87,18,0,2.73563
73,87,19,0,2.73563
73,87,20,0,2.73563
73,87,21,0,2.73563
73,87,22,0,2.73563
73,87,23,0,2.73563
73,87,24,0,2.73563
73,87,25,0,2.73563
73,87,26,0,2.73563
73,87,27,0,2.73563
73,87,28,0,2.73563
73,87,29,0,2.73563
73,87,30,0,2.73563
73,87,31,0,2.73563
73,87,32,0,2.73563
73,87,33,0,2.73563
73,87,34,0,2.73563
73,87,35,0,2.73563
73,87,36,0,2.73563
73,87,37,0,2.73563
73,87,38,0,2.73563
73,87,39,238,2.73563
73,87,40,0,2.73563
73,87,41,0,2.73563
73,87,42,0,2.73563
73,87,43,0,2.73563
73,87,44,0,2.73563
73,87,45,0,2.73563
73,87,46,0,2.73563
73,87,47,0,2.73563
73,87,48,0,2.73563
73,87,49,0,2.73563
73,87,50,0,2.73563
73,87,51,0,2.73563
73,87,52,0,2.73563
73,87,53,0,2.73563
73,87,54,0,2.73563
73,87,55,0,2.73563
73,87,56,0,2.73563
73,87,57,0,2.73563
73,87,58,0,2.73563
73,87,59,0,2.73563
73,87,60,0,2.73563
73,87,61,0,2.73563
73,87,62,0,2.73563
73,87,63,0,2.73563
73,88,0,0,2.72727
73,88,1,0,2.72727
73,88,2,0,2.72727
73,88,3,0,2.72727
73,88,4,0,2.72727
73,88,5,0,2.72727
73,88,6,0,2.72727
73,88,7,0,2.72727
73,88,8,0,2.72727
73,88,9,0,2.72727
73,88,10,0,2.72727
73,88,11,0,2.72727
73,88,12,0,2.72727
73,88,13,0,2.72727
73,88,14,0,2.72727
73,88,15,0,2.72727
73,88,16,0,2.72727
73,88,17,0,2.72727
73,88,18,0,2.72727
73,88,19,0,2.72727
73,88,20,0,2.72727
73,88,21,0,2.72727
73,88,22,0,2.72727
73,88,23,0,2.72727
73,88,24,0,2.72727
73,88,25,0,2.72727
73,88,26,0,2.72727
73,88,27,0,2.72727
73,88,28,0,2.72727
73,88,29,0,2.72727
73,88,30,0,2.72727
73,88,31,0,2.72727
73,88,32,0,2.72727
73,88,33,0,2.72727
73,88,34,0,2.72727
73,88,35,0,2.72727
73,88,36,0,2.72727
73,88,37,0,2.72727
73,88,38,0,2.72727
73,88,39,240,2.72727
73,88,40,0,2.72727
73,88,41,0,2.72727
73,88,42,0,2.72727
73,88,43,0,2.72727
73,88,44,0,2.72727
73,88,45,0,2.72727
73,88,46,0,2.72727
73,88,47,0,2.72727
73,88,48,0,2.72727
73,88,49,0,2.72727
73,88,50,0,2.72727
73,88,51,0,2.72727
73,88,52,0,2.72727
73,88,53,0,2.72727
73,88,54,0,2.72727
73,88,55,0,2.72727
73,88,56,0,2.72727
73,88,57,0,2.72727
73,88,58,0,2.72727
73,88,59,0,2.72727
73,88,60,0,2.72727
73,88,61,0,2.72727
73,88,62,0,2.72727
73,88,63,0,2.72727
73,89,0,0,2.74157
73,89,1,0,2.74157
73,89,2,0,2.74157
73,89,3,0,2.74157
73,89,4,0,2.74157
73,89,5,0,2.74157
73,89,6,0,2.74157
73,89,7,0,2.74157
73,89,8,0,2.74157
73,89,9,0,2.74157
73,89,10,0,2.74157
73,89,11,0,2.74157
73,89,12,0,2.74157
73,89,13,0,2.74157
73,89,14,0,2.74157
73,89,15,0,2.74157
73,89,16,0,2.74157
73,89,17,0,2.74157
73,89,18,0,2.74157
73,89,19,0,2.74157
73,89,20,0,2.74157
73,89,21,0,2.74157
73,89,22,0,2.74157
73,89,23,0,2.74157
73,89,24,0,2.74157
73,89,25,0,2.74157
73,89,26,0,2.74157
73,89,27,0,2.74157
73,89,28,0,2.74157
73,89,29,0,2.74157
73,89,30,0,2.74157
73,89,31,0,2.74157
73,89,32,0,2.74157
73,89,33,0,2.74157
73,89,34,0,2.74157
73,89,35,0,2.74157
73,89,36,0,2.74157
73,89,37,0,2.74157
73,89,38,0,2.74157
73,89,39,244,2.74157
73,89,40,0,2.74157
73,89,41,0,2.74157
73,89,42,0,2.74157
73,89,43,0,2.74157
73,89,44,0,2.74157
73,89,45,0,2.74157
73,89,46,0,2.74157
73,89,47,0,2.74157
73,89,48,0,2.74157
73,89,49,0,2.74157
73,89,50,0,2.74157
73,89,51,0,2.74157
73,89,52,0,2.74157
73,89,53,0,2.74157
73,89,54,0,2.74157
73,89,55,0,2.74157
73,89,56,0,2.74157
73,89,57,0,2.74157
73,89,58,0,2.74157
73,89,59,0,2.74157
73,89,60,0,2.74157
73,89,61,0,2.74157
73,89,62,0,2.74157
73,89,63,0,2.74157
73,90,0,0,2.72222
73,90,1,0,2.72222
73,90,2,0,2.72222
73,90,3,0,2.72222
73,90,4,0,2.72222
73,90,5,0,2.72222
73,90,6,0,2.72222
73,90,7,0,2.72222
73,90,8,0,2.72222
73,90,9,0,2.72222
73,90,10,0,2.72222
73,90,11,0,2.72222
73,90,12,0,2.72222
73,90,13,0,2.72222
73,90,14,0,2.72222
73,90,15,0,2.72222
73,90,16,0,2.72222
73,90,17,0,2.72222
73,90,18,0,2.72222
73,90,19,0,2.72222
73,90,20,0,2.72222
73,90,21,0,2.72222
73,90,22,0,2.72222
73,90,23,0,2.72222
73,90,24,0,2.72222
73,90,25,0,2.72222
73,90,26,0,2.72222
73,90,27,0,2.72222
73,90,28,0,2.72222
73,90,29,0,2.72222
73,90,30,0,2.72222
73,90,31,0,2.72222
73,90,32,0,2.72222
73,90,33,0,2.72222
73,90,34,0,2.72222
73,90,35,0,2.72222
73,90,36,0,2.72222
73,90,37,0,2.72222
73,90,38,0,2.72222
73,90,39,245,2.72222
73,90,40,0,2.72222
73,90,41,0,2.72222
73,90,42,0,2.72222
73,90,43,0,2.72222
73,90,44,0,2.72222
73,90,45,0,2.72222
73,90,46,0,2.72222
73,90,47,0,2.72222
73,90,48,0,2.72222
73,90,49,0,2.72222
73,90,50,0,2.72222
73,90,51,0,2.72222
73,90,52,0,2.72222
73,90,53,0,2.72222
73,90,54,0,2.72222
73,90,55,0,2.72222
73,90,56,0,2.72222
73,90,57,0,2.72222
73,90,58,0,2.72222
73,90,59,0,2.72222
73,90,60,0,2.72222
73,90,61,0,2.72222
73,90,62,0,2.72222
73,90,63,0,2.72222
73,91,0,0,2.71429
73,91,1,0,2.71429
73,91,2,0,2.71429
73,91,3,0,2.71429
73,91,4,0,2.71429
73,91,5,0,2.71429
73,91,6,0,2.71429
73,91,7,0,2.71429
73,91,8,0,2.71429
73,91,9,0,2.71429
73,91,10,0,2.71429
73,91,11,0,2.71429
73,91,12,0,2.71429
73,91,13,0,2.71429
73,91,14,0,2.71429
73,91,15,0,2.71429
73,91,16,0,2.71429
73,91,17,0,2.71429
73,91,18,0,2.71429
73,91,19,0,2.71429
73,91,20,0,2.71429
73,91,21,0,2.71429
73,91,22,0,2.71429
73,91,23,0,2.71429
73,91,24,0,2.71429
73,91,25,0,2.71429
73,91,26,0,2.71429
73,91,27,0,2.71429
73,91,28,0,2.71429
73,91,29,0,2.71429
73,91,30,0,2.71429
73,91,31,0,2.71429
73,91,32,0,2.71429
73,91,33,0,2.71429
73,91,34,0,2.71429
73,91,35,0,2.71429
73,91,36,0,2.71429
73,91,37,0,2.71429
73,91,38,0,2.71429
73,91,39,247,2.71429
73,91,40,0,2.71429
73,91,41,0,2.71429
73,91,42,0,2.71429
73,91,43,0,2.71429
73,91,44,0,2.71429
73,91,45,0,2.71429
73,91,46,0,2.71429
73,91,47,0,2.71429
73,91,48,0,2.71429
73,91,49,0,2.71429
73,91,50,0,2.71429
73,91,51,0,2.71429
73,91,52,0,2.71429
73,91,53,0,2.71429
73,91,54,0,2.71429
73,91,55,0,2.71429
73,91,56,0,2.71429
73,91,57,0,2.71429
73,91,58,0,2.71429
73,91,59,0,2.71429
73,91,60,0,2.71429
73,91,61,0,2.71429
73,91,62,0,2.71429
73,91,63,0,2.71429
73,92,0,0,2.72826
73,92,1,0,2.72826
73,92,2,0,2.72826
73,92,3,0,2.72826
73,92,4,0,2.72826
73,92,5,0,2.72826
73,92,6,0,2.72826
73,92,7,0,2.72826
73,92,8,0,2.72826
73,92,9,0,2.72826
73,92,10,0,2.72826
73,92,11,0,2.72826
73,92,12,0,2.72826
73,92,13,0,2.72826
73,92,14,0,2.72826
73,92,15,0,2.72826
73,92,16,0,2.72826
73,92,17,0,2.72826
73,92,18,0,2.72826
73,92,19,0,2.72826
73,92,20,0,2.72826
73,92,21,0,2.72826
73,92,22,0,2.72826
73,92,23,0,2.72826
73,92,24,0,2.72826
73,92,25,0,2.72826
73,92,26,0,2.72826
73,92,27,0,2.72826
73,92,28,0,2.72826
73,92,29,0,2.72826
73,92,30,0,2.72826
73,92,31,0,2.72826
73,92,32,0,2.72826
73,92,33,0,2.72826
73,92,34,0,2.72826
73,92,35,0,2.72826
73,92,36,0,2.72826
73,92,37,0,2.72826
73,92,38,0,2.72826
73,92,39,251,2.72826
73,92,40,0,2.72826
73,92,41,0,2.72826
73,92,42,0,2.72826
73,92,43,0,2.72826
73,92,44,0,2.72826
73,92,45,0,2.72826
73,92,46,0,2.72826
73,92,47,0,2.72826
73,92,48,0,2.72826
73,92,49,0,2.72826
73,92,50,0,2.72826
73,92,51,0,2.72826
73,92,52,0,2.72826
73,92,53,0,2.72826
73,92,54,0,2.72826
73,92,55,0,2.72826
73,92,56,0,2.72826
73,92,57,0,2.72826
73,92,58,0,2.72826
73,92,59,0,2.72826
73,92,60,0,2.72826
73,92,61,0,2.72826
73,92,62,0,2.72826
73,92,63,0,2.72826
73,93,0,0,2.70968
73,93,1,0,2.70968
73,93,2,0,2.70968
73,93,3,0,2.70968
73,93,4,0,2.70968
73,93,5,0,2.70968
73,93,6,0,2.70968
73,93,7,0,2.70968
73,93,8,0,2.70968
73,93,9,0,2.70968
73,93,10,0,2.70968
73,93,11,0,2.70968
73,93,12,0,2.70968
73,93,13,0,2.70968
73,93,14,0,2.70968
73,93,15,0,2.70968
73,93,16,0,2.70968
73,93,17,0,2.70968
73,93,18,0,2.70968
73,93,19,0,2.70968
73,93,20,0,2.70968
73,93,21,0,2.70968
73,93,22,0,2.70968
73,93,23,0,2.70968
73,93,24,0,2.70968
73,93,25,0,2.70968
73,93,26,0,2.70968
73,93,27,0,2.70968
73,93,28,0,2.70968
73,93,29,0,2.70968
73,93,30,0,2.70968
73,93,31,0,2.70968
73,93,32,0,2.70968
73,93,33,0,2.70968
73,93,34,0,2.70968
73,93,35,0,2.70968
73,93,36,0,2.70968
73,93,37,0,2.70968
73,93,38,0,2.70968
73,93,39,252,2.70968
73,93,40,0,2.70968
73,93,41,0,2.70968
73,93,42,0,2.70968
73,93,43,0,2.70968
73,93,44,0,2.70968
73,93,45,0,2.70968
73,93,46,0,2.70968
73,93,47,0,2.70968
73,93,48,0,2.70968
73,93,49,0,2.70968
73,93,50,0,2.70968
73,93,51,0,2.70968
73,93,52,0,2.70968
73,93,53,0,2.70968
73,93,54,0,2.70968
73,93,55,0,2.70968
73,93,56,0,2.70968
73,93,57,0,2.70968
73,93,58,0,2.70968
73,93,59,0,2.70968
73,93,60,0,2.70968
73,93,61,0,2.70968
73,93,62,0,2.70968
73,93,63,0,2.70968
73,94,0,0,2.69149
73,94,1,0,2.69149
73,94,2,0,2.69149
73,94,3,0,2.69149
73,94,4,0,2.69149
73,94,5,0,2.69149
73,94,6,0,2.69149
73,94,7,0,2.69149
73,94,8,0,2.69149
73,94,9,0,2.69149
73,94,10,0,2.69149
73,94,11,0,2.69149
73,94,12,0,2.69149
73,94,13,0,2.69149
73,94,14,0,2.69149
73,94,15,0,2.69149
73,94,16,0,2.69149
73,94,17,0,2.69149
73,94,18,0,2.69149
73,94,19,0,2.69149
73,94,20,0,2.69149
73,94,21,0,2.69149
73,94,22,0,2.69149
73,94,23,0,2.69149
73,94,24,0,2.69149
73,94,25,0,2.69149
73,94,26,0,2.69149
73,94,27,0,2.69149
73,94,28,0,2.69149
73,94,29,0,2.69149
73,94,30,0,2.69149
73,94,31,0,2.69149
73,94,32,0,2.69149
73,94,33,0,2.69149
73,94,34,0,2.69149
73,94,35,0,2.69149
73,94,36,0,2.69149
73,94,37,0,2.69149
73,94,38,0,2.69149
73,94,39,253,2.69149
73,94,40,0,2.69149
73,94,41,0,2.69149
73,94,42,0,2.69149
73,94,43,0,2.69149
73,94,44,0,2.69149
73,94,45,0,2.69149
73,94,46,0,2.69149
73,94,47,0,2.69149
73,94,48,0,2.69149
73,94,49,0,2.69149
73,94,50,0,2.69149
73,94,51,0,2.69149
73,94,52,0,2.69149
73,94,53,0,2.69149
73,94,54,0,2.69149
73,94,55,0,2.69149
73,94,56,0,2.69149
73,94,57,0,2.69149
73,94,58,0,2.69149
73,94,59,0,2.69149
73,94,60,0,2.69149
73,94,61,0,2.69149
73,94,62,0,2.69149
73,94,63,0,2.69149
73,95,0,0,2.69474
73,95,1,0,2.69474
73,95,2,0,2.69474
73,95,3,0,2.69474
73,95,4,0,2.69474
73,95,5,0,2.69474
73,95,6,0,2.69474
73,95,7,0,2.69474
73,95,8,0,2.69474
73,95,9,0,2.69474
73,95,10,0,2.69474
73,95,11,0,2.69474
73,95,12,0,2.69474
73,95,13,0,2.69474
73,95,14,0,2.69474
73,95,15,0,2.69474
73,95,16,0,2.69474
73,95,17,0,2.69474
73,95,18,0,2.69474
73,95,19,0,2.69474
73,95,20,0,2.69474
73,95,21,0,2.69474
73,95,22,0,2.69474
73,95,23,0,2.69474
73,95,24,0,2.69474
73,95,25,0,2.69474
73,95,26,0,2.69474
73,95,27,0,2.69474
73,95,28,0,2.69474
73,95,29,0,2.69474
73,95,30,0,2.69474
73,95,31,0,2.69474
73,95,32,0,2.69474
73,95,33,0,2.69474
73,95,34,0,2.69474
73,95,35,0,2.69474
73,95,36,0,2.69474
73,95,37,0,2.69474
73,95,38,0,2.69474
73,95,39,256,2.69474
73,95,40,0,2.69474
73,95,41,0,2.69474
73,95,42,0,2.69474
73,95,43,0,2.69474
73,95,44,0,2.69474
73,95,45,0,2.69474
73,95,46,0,2.69474
73,95,47,0,2.69474
73,95,48,0,2.69474
73,95,49,0,2.69474
73,95,50,0,2.69474
73,95,51,0,2.69474
73,95,52,0,2.69474
73,95,53,0,2.69474
73,95,54,0,2.69474
73,95,55,0,2.69474
73,95,56,0,2.69474
73,95,57,0,2.69474
73,95,58,0,2.69474
73,95,59,0,2.69474
73,95,60,0,2.69474
73,95,61,0,2.69474
73,95,62,0,2.69474
73,95,63,0,2.69474
73,96,0,0,2.67708
73,96,1,0,2.67708
73,96,2,0,2.67708
73,96,3,0,2.67708
73,96,4,0,2.67708
73,96,5,0,2.67708
73,96,6,0,2.67708
73,96,7,0,2.67708
73,96,8,0,2.67708
73,96,9,0,2.67708
73,96,10,0,2.67708
73,96,11,0,2.67708
73,96,12,0,2.67708
73,96,13,0,2.67708
73,96,14,0,2.67708
73,96,15,0,2.67708
73,96,16,0,2.67708
73,96,17,0,2.67708
73,96,18,0,2.67708
73,96,19,0,2.67708
73,96,20,0,2.67708
73,96,21,0,2.67708
73,96,22,0,2.67708
73,96,23,0,2.67708
73,96,24,0,2.67708
73,96,25,0,2.67708
73,96,26,0,2.67708
73,96,27,0,2.67708
73,96,28,0,2.67708
73,96,29,0,2.67708
73,96,30,0,2.67708
73,96,31,0,2.67708
73,96,32,0,2.67708
73,96,33,0,2.67708
73,96,34,0,2.67708
73,96,35,0,2.67708
73,96,36,0,2.67708
73,96,37,0,2.67708
73,96,38,0,2.67708
73,96,39,257,2.67708
73,96,40,0,2.67708
73,96,41,0,2.67708
73,96,42,0,2.67708
73,96,43,0,2.67708
73,96,44,0,2.67708
73,96,45,0,2.67708
73,96,46,0,2.67708
73,96,47,0,2.67708
73,96,48,0,2.67708
73,96,49,0,2.67708
73,96,50,0,2.67708
73,96,51,0,2.67708
73,96,52,0,2.67708
73,96,53,0,2.67708
73,96,54,0,2.67708
73,96,55,0,2.67708
73,96,56,0,2.67708
73,96,57,0,2.67708
73,96,58,0,2.67708
73,96,59,0,2.67708
73,96,60,0,2.67708
73,96,61,0,2.67708
73,96,62,0,2.67708
73,96,63,0,2.67708
73,97,0,0,2.70103
73,97,1,0,2.70103
73,97,2,0,2.70103
73,97,3,0,2.70103
73,97,4,0,2.70103
73,97,5,0,2.70103
73,97,6,0,2.70103
73,97,7,0,2.70103
73,97,8,0,2.70103
73,97,9,0,2.70103
73,97,10,0,2.70103
73,97,11,0,2.70103
73,97,12,0,2.70103
73,97,13,0,2.70103
73,97,14,0,2.70103
73,97,15,0,2.70103
73,97,16,0,2.70103
73,97,17,0,2.70103
73,97,18,0,2.70103
73,97,19,0,2.70103
73,97,20,0,2.70103
73,97,21,0,2.70103
73,97,22,0,2.70103
73,97,23,0,2.70103
73,97,24,0,2.70103
73,97,25,0,2.70103
73,97,26,0,2.70103
73,97,27,0,2.70103
73,97,28,0,2.70103
73,97,29,0,2.70103
73,97,30,0,2.70103
73,97,31,0,2.70103
73,97,32,0,2.70103
73,97,33,0,2.70103
73,97,34,0,2.70103
73,97,35,0,2.70103
73,97,36,0,2.70103
73,97,37,0,2.70103
73,97,38,0,2.70103
73,97,39,262,2.70103
73,97,40,0,2.70103
73,97,41,0,2.70103
73,97,42,0,2.70103
73,97,43,0,2.70103
73,97,44,0,2.70103
73,97,45,0,2.70103
73,97,46,0,2.70103
73,97,47,0,2.70103
73,97,48,0,2.70103
73,97,49,0,2.70103
73,97,50,0,2.70103
73,97,51,0,2.70103
73,97,52,0,2.70103
73,97,53,0,2.70103
73,97,54,0,2.70103
73,97,55,0,2.70103
73,97,56,0,2.70103
73,97,57,0,2.70103
73,97,58,0,2.70103
73,97,59,0,2.70103
73,97,60,0,2.70103
73,97,61,0,2.70103
73,97,62,0,2.70103
73,97,63,0,2.70103
73,98,0,0,2.71429
73,98,1,0,2.71429
73,98,2,0,2.71429
73,98,3,0,2.71429
73,98,4,0,2.71429
73,98,5,0,2.71429
73,98,6,0,2.71429
73,98,7,0,2.71429
73,98,8,0,2.71429
73,98,9,0,2.71429
73,98,10,0,2.71429
73,98,11,0,2.71429
73,98,12,0,2.71429
73,98,13,0,2.71429
73,98,14,0,2.71429
73,98,15,0,2.71429
73,98,16,0,2.71429
73,98,17,0,2.71429
73,98,18,0,2.71429
73,98,19,0,2.71429
73,98,20,0,2.71429
73,98,21,0,2.71429
73,98,22,0,2.71429
73,98,23,0,2.71429
73,98,24,0,2.71429
73,98,25,0,2.71429
73,98,26,0,2.71429
73,98,27,0,2.71429
73,98,28,0,2.71429
73,98,29,0,2.71429
73,98,30,0,2.71429
73,98,31,0,2.71429
73,98,32,0,2.71429
73,98,33,0,2.71429
73,98,34,0,2.71429
73,98,35,0,2.71429
73,98,36,0,2.71429
73,98,37,0,2.71429
73,98,38,0,2.71429
73,98,39,266,2.71429
73,98,40,0,2.71429
73,98,41,0,2.71429
73,98,42,0,2.71429
73,98,43,0,2.71429
73,98,44,0,2.71429
73,98,45,0,2.71429
73,98,46,0,2.71429
73,98,47,0,2.71429
73,98,48,0,2.71429
73,98,49,0,2.71429
73,98,50,0,2.71429
73,98,51,0,2.71429
73,98,52,0,2.71429
73,98,53,0,2.71429
73,98,54,0,2.71429
73,98,55,0,2.71429
73,98,56,0,2.71429
73,98,57,0,2.71429
73,98,58,0,2.71429
73,98,59,0,2.71429
73,98,60,0,2.71429
73,98,61,0,2.71429
73,98,62,0,2.71429
73,98,63,0,2.71429
73,99,0,0,2.71717
73,99,1,0,2.71717
73,99,2,0,2.71717
73,99,3,0,2.71717
73,99,4,0,2.71717
73,99,5,0,2.71717
73,99,6,0,2.71717
73,99,7,0,2.71717
73,99,8,0,2.71717
73,99,9,0,2.71717
73,99,10,0,2.71717
73,99,11,0,2.71717
73,99,12,0,2.71717
73,99,13,0,2.71717
73,99,14,0,2.71717
73,99,15,0,2.71717
73,99,16,0,2.71717
73,99,17,0,2.71717
73,99,18,0,2.71717
73,99,19,0,2.71717
73,99,20,0,2.71717
73,99,21,0,2.71717
73,99,22,0,2.71717
73,99,23,0,2.71717
73,99,24,0,2.71717
73,99,25,0,2.71717
73,99,26,0,2.71717
73,99,27,0,2.71717
73,99,28,0,2.71717
73,99,29,0,2.71717
73,99,30,0,2.71717
73,99,31,0,2.71717
73,99,32,0,2.71717
73,99,33,0,2.71717
73,99,34,0,2.71717
73,99,35,0,2.71717
73,99,36,0,2.71717
73,99,37,0,2.71717
73,99,38,0,2.71717
73,99,39,269,2.71717
73,99,40,0,2.71717
73,99,41,0,2.71717
73,99,42,0,2.71717
73,99,43,0,2.71717
73,99,44,0,2.71717
73,99,45,0,2.71717
73,99,46,0,2.71717
73,99,47,0,2.71717
73,99,48,0,2.71717
73,99,49,0,2.71717
73,99,50,0,2.71717
73,99,51,0,2.71717
73,99,52,0,2.71717
73,99,53,0,2.71717
73,99,54,0,2.71717
73,99,55,0,2.71717
73,99,56,0,2.71717
73,99,57,0,2.71717
73,99,58,0,2.71717
73,99,59,0,2.71717
73,99,60,0,2.71717
73,99,61,0,2.71717
73,99,62,0,2.71717
73,99,63,0,2.71717
73,100,0,0,2.72
73,100,1,0,2.72
73,100,2,0,2.72
73,100,3,0,2.72
73,100,4,0,2.72
73,100,5,0,2.72
73,100,6,0,2.72
73,100,7,0,2.72
73,100,8,0,2.72
73,100,9,0,2.72
73,100,10,0,2.72
73,100,11,0,2.72
73,100,12,0,2.72
73,100,13,0,2.72
73,100,14,0,2.72
73,100,15,0,2.72
73,100,16,0,2.72
73,100,17,0,2.72
73,100,18,0,2.72
73,100,19,0,2.72
73,100,20,0,2.72
73,100,21,0,2.72
73,100,22,0,2.72
73,100,23,0,2.72
73,100,24,0,2.72
73,100,25,0,2.72
73,100,26,0,2.72
73,100,27,0,2.72
73,100,28,0,2.72
73,100,29,0,2.72
73,100,30,0,2.72
73,100,31,0,2.72
73,100,32,0,2.72
73,100,33,0,2.72
73,100,34,0,2.72
73,100,35,0,2.72
73,100,36,0,2.72
73,100,37,0,2.72
73,100,38,0,2.72
73,100,39,272,2.72
73,100,40,0,2.72
73,100,41,0,2.72
73,100,42,0,2.72
73,100,43,0,2.72
73,100,44,0,2.72
73,100,45,0,2.72
73,100,46,0,2.72
73,100,47,0,2.72
73,100,48,0,2.72
73,100,49,0,2.72
73,100,50,0,2.72
73,100,51,0,2.72
73,100,52,0,2.72
73,100,53,0,2.72
73,100,54,0,2.72
73,100,55,0,2.72
73,100,56,0,2.72
73,100,57,0,2.72
73,100,58,0,2.72
73,100,59,0,2.72
73,100,60,0,2.72
73,100,61,0,2.72
73,100,62,0,2.72
73,100,63,0,2.72
106,1,0,0,2
106,1,1,0,2
106,1,2,0,2
106,1,3,0,2
106,1,4,0,2
106,1,5,0,2
106,1,6,0,2
106,1,7,0,2
106,1,8,0,2
106,1,9,0,2
106,1,10,0,2
106,1,11,0,2
106,1,12,0,2
106,1,13,0,2
106,1,14,0,2
106,1,15,0,2
106,1,16,0,2
106,1,17,0,2
106,1,18,0,2
106,1,19,0,2
106,1,20,0,2
106,1,21,0,2
106,1,22,0,2
106,1,23,0,2
106,1,24,0,2
106,1,25,0,2
106,1,26,0,2
106,1,27,0,2
106,1,28,0,2
106,1,29,0,2
106,1,30,0,2
106,1,31,0,2
106,1,32,0,2
106,1,33,0,2
106,1,34,2,2
106,1,35,0,2
106,1,36,0,2
106,1,37,0,2
106,1,38,0,2
106,1,39,0,2
106,1,40,0,2
106,1,41,0,2
106,1,42,0,2
106,1,43,0,2
106,1,44,0,2
106,1,45,0,2
106,1,46,0,2
106,1,47,0,2
106,1,48,0,2
106,1,49,0,2
106,1,50,0,2
106,1,51,0,2
106,1,52,0,2
106,1,53,0,2
106,1,54,0,2
106,1,55,0,2
106,1,56,0,2
106,1,57,0,2
106,1,58,0,2
106,1,59,0,2
106,1,60,0,2
106,1,61,0,2
106,1,62,0,2
106,1,63,0,2
106,2,0,0,1.5
106,2,1,0,1.5
106,2,2,0,1.5
106,2,3,0,1.5
106,2,4,0,1.5
106,2,5,0,1.5
106,2,6,0,1.5
106,2,7,0,1.5
106,2,8,0,1.5
106,2,9,0,1.5
106,2,10,0,1.5
106,2,11,0,1.5
106,2,12,0,1.5
106,2,13,0,1.5
106,2,14,0,1.5
106,2,15,0,1.5
106,2,16,0,1.5
106,2,17,0,1.5
106,2,18,0,1.5
106,2,19,0,1.5
106,2,20,0,1.5
106,2,21,0,1.5
106,2,22,0,1.5
106,2,23,0,1.5
106,2,24,0,1.5
106,2,25,0,1.5
106,2,26,0,1.5
106,2,27,0,1.5
106,2,28,0,1.5
106,2,29,0,1.5
106,2,30,0,1.5
106,2,31,0,1.5
106,2,32,0,1.5
106,2,33,0,1.5
106,2,34,3,1.5
106,2,35,0,1.5
106,2,36,0,1.5
106,2,37,0,1.5
106,2,38,0,1.5
106,2,39,0,1.5
106,2,40,0,1.5
106,2,41,0,1.5
106,2,42,0,1.5
106,2,43,0,1.5
106,2,44,0,1.5
106,2,45,0,1.5
106,2,46,0,1.5
106,2,47,0,1.5
106,2,48,0,1.5
106,2,49,0,1.5
106,2,50,0,1.5
106,2,51,0,1.5
106,2,52,0,1.5
106,2,53,0,1.5
106,2,54,0,1.5
106,2,55,0,1.5
106,2,56,0,1.5
106,2,57,0,1.5
106,2,58,0,1.5
106,2,59,0,1.5
106,2,60,0,1.5
106,2,61,0,1.5
106,2,62,0,1.5
106,2,63,0,1.5
106,3,0,0,1.33333
106,3,1,0,1.33333
106,3,2,0,1.33333
106,3,3,0,1.33333
106,3,4,0,1.33333
106,3,5,0,1.33333
106,3,6,0,1.33333
106,3,7,0,1.33333
106,3,8,0,1.33333
106,3,9,0,1.33333
106,3,10,0,1.33333
106,3,11,0,1.33333
106,3,12,0,1.33333
106,3,13,0,1.33333
106,3,14,0,1.33333
106,3,15,0,1.33333
106,3,16,0,1.33333
106,3,17,0,1.33333
106,3,18,0,1.33333
106,3,19,0,1.33333
106,3,20,0,1.33333
106,3,21,0,1.33333
106,3,22,0,1.33333
106,3,23,0,1.33333
106,3,24,0,1.33333
106,3,25,0,1.33333
106,3,26,0,1.33333
106,3,27,0,1.33333
106,3,28,0,1.33333
106,3,29,0,1.33333
106,3,30,0,1.33333
106,3,31,0,1.33333
106,3,32,0,1.33333
106,3,33,0,1.33333
106,3,34,4,1.33333
106,3,35,0,1.33333
106,3,36,0,1.33333
106,3,37,0,1.33333
106,3,38,0,1.33333
106,3,39,0,1.33333
106,3,40,0,1.33333
106,3,41,0,1.33333
106,3,42,0,1.33333
106,3,43,0,1.33333
106,3,44,0,1.33333
106,3,45,0,1.33333
106,3,46,0,1.33333
106,3,47,0,1.33333
106,3,48,0,1.33333
106,3,49,0,1.33333
106,3,50,0,1.33333
106,3,51,0,1.33333
106,3,52,0,1.33333
106,3,53,0,1.33333
106,3,54,0,1.33333
106,3,55,0,1.33333
106,3,56,0,1.33333
106,3,57,0,1.33333
106,3,58,0,1.33333
106,3,59,0,1.33333
106,3,60,0,1.33333
106,3,61,0,1.33333
106,3,62,0,1.33333
106,3,63,0,1.33333
106,4,0,0,2
106,4,1,0,2
106,4,2,0,2
106,4,3,0,2
106,4,4,0,2
106,4,5,0,2
106,4,6,0,2
106,4,7,0,2
106,4,8,0,2
106,4,9,0,2
106,4,10,0,2
106,4,11,0,2
106,4,12,0,2
106,4,13,0,2
106,4,14,0,2
106,4,15,0,2
106,4,16,0,2
106,4,17,0,2
106,4,18,0,2
106,4,19,0,2
106,4,20,0,2
106,4,21,0,2
106,4,22,0,2
106,4,23,0,2
106,4,24,0,2
106,4,25,0,2
106,4,26,0,2
106,4,27,0,2
106,4,28,0,2
106,4,29,0,2
106,4,30,0,2
106,4,31,0,2
106,4,32,0,2
106,4,33,0,2
106,4,34,8,2
106,4,35,0,2
106,4,36,0,2
106,4,37,0,2
106,4,38,0,2
106,4,39,0,2
106,4,40,0,2
106,4,41,0,2
106,4,42,0,2
106,4,43,0,2
106,4,44,0,2
106,4,45,0,2
106,4,46,0,2
106,4,47,0,2
106,4,48,0,2
106,4,49,0,2
106,4,50,0,2
106,4,51,0,2
106,4,52,0,2
106,4,53,0,2
106,4,54,0,2
106,4,55,0,2
106,4,56,0,2
106,4,57,0,2
106,4,58,0,2
106,4,59,0,2
106,4,60,0,2
106,4,61,0,2
106,4,62,0,2
106,4,63,0,2
106,5,0,0,2.8
106,5,1,0,2.8
106,5,2,0,2.8
106,5,3,0,2.8
106,5,4,0,2.8
106,5,5,0,2.8
106,5,6,0,2.8
106,5,7,0,2.8
106,5,8,0,2.8
106,5,9,0,2.8
106,5,10,0,2.8
106,5,11,0,2.8
106,5,12,0,2.8
106,5,13,0,2.8
106,5,14,0,2.8
106,5,15,0,2.8
106,5,16,0,2.8
106,5,17,0,2.8
106,5,18,0,2.8
106,5,19,0,2.8
106,5,20,0,2.8
106,5,21,0,2.8
106,5,22,0,2.8
106,5,23,0,2.8
106,5,24,0,2.8
106,5,25,0,2.8
106,5,26,0,2.8
106,5,27,0,2.8
106,5,28,0,2.8
106,5,29,0,2.8
106,5,30,0,2.8
106,5,31,0,2.8
106,5,32,0,2.8
106,5,33,0,2.8
106,5,34,14,2.8
106,5,35,0,2.8
106,5,36,0,2.8
106,5,37,0,2.8
106,5,38,0,2.8
106,5,39,0,2.8
106,5,40,0,2.8
106,5,41,0,2.8
106,5,42,0,2.8
106,5,43,0,2.8
106,5,44,0,2.8
106,5,45,0,2.8
106,5,46,0,2.8
106,5,47,0,2.8
106,5,48,0,2.8
106,5,49,0,2.8
106,5,50,0,2.8
106,5,51,0,2.8
106,5,52,0,2.8
106,5,53,0,2.8
106,5,54,0,2.8
106,5,55,0,2.8
106,5,56,0,2.8
106,5,57,0,2.8
106,5,58,0,2.8
106,5,59,0,2.8
106,5,60,0,2.8
106,5,61,0,2.8
106,5,62,0,2.8
106,5,63,0,2.8
106,6,0,0,2.66667
106,6,1,0,2.66667
106,6,2,0,2.66667
106,6,3,0,2.66667
106,6,4,0,2.66667
106,6,5,0,2.66667
106,6,6,0,2.66667
106,6,7,0,2.66667
106,6,8,0,2.66667
106,6,9,0,2.66667
106,6,10,0,2.66667
106,6,11,0,2.66667
106,6,12,0,2.66667
106,6,13,0,2.66667
106,6,14,0,2.66667
106,6,15,0,2.66667
106,6,16,0,2.66667
106,6,17,0,2.66667
106,6,18,0,2.66667
106,6,19,0,2.66667
106,6,20,0,2.66667
106,6,21,0,2.66667
106,6,22,0,2.66667
106,6,23,0,2.66667
106,6,24,0,2.66667
106,6,25,0,2.66667
106,6,26,0,2.66667
106,6,27,0,2.66667
106,6,28,0,2.66667
106,6,29,0,2.66667
106,6,30,0,2.66667
106,6,31,0,2.66667
106,6,32,0,2.66667
106,6,33,0,2.66667
106,6,34,16,2.66667
106,6,35,0,2.66667
106,6,36,0,2.66667
106,6,37,0,2.66667
106,6,38,0,2.66667
106,6,39,0,2.66667
106,6,40,0,2.66667
106,6,41,0,2.66667
106,6,42,0,2.66667
106,6,43,0,2.66667
106,6,44,0,2.66667
106,6,45,0,2.66667
106,6,46,0,2.66667
106,6,47,0,2.66667
106,6,48,0,2.66667
106,6,49,0,2.66667
106,6,50,0,2.66667
106,6,51,0,2.66667
106,6,52,0,2.66667
106,6,53,0,2.66667
106,6,54,0,2.66667
106,6,55,0,2.66667
106,6,56,0,2.66667
106,6,57,0,2.66667
106,6,58,0,2.66667
106,6,59,0,2.66667
106,6,60,0,2.66667
106,6,61,0,2.66667
106,6,62,0,2.66667
106,6,63,0,2.66667
106,7,0,0,3.28571
106,7,1,0,3.28571
106,7,2,0,3.28571
106,7,3,0,3.28571
106,7,4,0,3.28571
106,7,5,0,3.28571
106,7,6,0,3.28571
106,7,7,0,3.28571
106,7,8,0,3.28571
106,7,9,0,3.28571
106,7,10,0,3.28571
106,7,11,0,3.28571
106,7,12,0,3.28571
106,7,13,0,3.28571
106,7,14,0,3.28571
106,7,15,0,3.28571
106,7,16,0,3.28571
106,7,17,0,3.28571
106,7,18,0,3.28571
106,7,19,0,3.28571
106,7,20,0,3.28571
106,7,21,0,3.28571
106,7,22,0,3.28571
106,7,23,0,3.28571
106,7,24,0,3.28571
106,7,25,0,3.28571
106,7,26,0,3.28571
106,7,27,0,3.28571
106,7,28,0,3.28571
106,7,29,0,3.28571
106,7,30,0,3.28571
106,7,31,0,3.28571
106,7,32,0,3.28571
106,7,33,0,3.28571
106,7,34,23,3.28571
106,7,35,0,3.28571
106,7,36,0,3.28571
106,7,37,0,3.28571
106,7,38,0,3.28571
106,7,39,0,3.28571
106,7,40,0,3.28571
106,7,41,0,3.28571
106,7,42,0,3.28571
106,7,43,0,3.28571
106,7,44,0,3.28571
106,7,45,0,3.28571
106,7,46,0,3.28571
106,7,47,0,3.28571
106,7,48,0,3.28571
106,7,49,0,3.28571
106,7,50,0,3.28571
106,7,51,0,3.28571
106,7,52,0,3.28571
106,7,53,0,3.28571
106,7,54,0,3.28571
106,7,55,0,3.28571
106,7,56,0,3.28571
106,7,57,0,3.28571
106,7,58,0,3.28571
106,7,59,0,3.28571
106,7,60,0,3.28571
106,7,61,0,3.28571
106,7,62,0,3.28571
106,7,63,0,3.28571
106,8,0,0,3.125
106,8,1,0,3.125
106,8,2,0,3.125
106,8,3,0,3.125
106,8,4,0,3.125
106,8,5,0,3.125
106,8,6,0,3.125
106,8,7,0,3.125
106,8,8,0,3.125
106,8,9,0,3.125
106,8,10,0,3.125
106,8,11,0,3.125
106,8,12,0,3.125
106,8,13,0,3.125
106,8,14,0,3.125
106,8,15,0,3.125
106,8,16,0,3.125
106,8,17,0,3.125
106,8,18,0,3.125
106,8,19,0,3.125
106,8,20,0,3.125
106,8,21,0,3.125
106,8,22,0,3.125
106,8,23,0,3.125
106,8,24,0,3.125
106,8,25,0,3.125
106,8,26,0,3.125
106,8,27,0,3.125
106,8,28,0,3.125
106,8,29,0,3.125
106,8,30,0,3.125
106,8,31,0,3.125
106,8,32,0,3.125
106,8,33,0,3.125
106,8,34,25,3.125
106,8,35,0,3.125
106,8,36,0,3.125
106,8,37,0,3.125
106,8,38,0,3.125
106,8,39,0,3.125
106,8,40,0,3.125
106,8,41,0,3.125
106,8,42,0,3.125
106,8,43,0,3.125
106,8,44,0,3.125
106,8,45,0,3.125
106,8,46,0,3.125
106,8,47,0,3.125
106,8,48,0,3.125
106,8,49,0,3.125
106,8,50,0,3.125
106,8,51,0,3.125
106,8,52,0,3.125
106,8,53,0,3.125
106,8,54,0,3.125
106,8,55,0,3.125
106,8,56,0,3.125
106,8,57,0,3.125
106,8,58,0,3.125
106,8,59,0,3.125
106,8,60,0,3.125
106,8,61,0,3.125
106,8,62,0,3.125
106,8,63,0,3.125
106,9,0,0,3.33333
106,9,1,0,3.33333
106,9,2,0,3.33333
106,9,3,0,3.33333
106,9,4,0,3.33333
106,9,5,0,3.33333
106,9,6,0,3.33333
106,9,7,0,3.33333
106,9,8,0,3.33333
106,9,9,0,3.33333
106,9,10,0,3.33333
106,9,11,0,3.33333
106,9,12,0,3.33333
106,9,13,0,3.33333
106,9,14,0,3.33333
106,9,15,0,3.33333
106,9,16,0,3.33333
106,9,17,0,3.33333
106,9,18,0,3.33333
106,9,19,0,3.33333
106,9,20,0,3.33333
106,9,21,0,3.33333
106,9,22,0,3.33333
106,9,23,0,3.33333
106,9,24,0,3.33333
106,9,25,0,3.33333
106,9,26,0,3.33333
106,9,27,0,3.33333
106,9,28,0,3.33333
106,9,29,0,3.33333
106,9,30,0,3.33333
106,9,31,0,3.33333
106,9,32,0,3.33333
106,9,33,0,3.33333
106,9,34,30,3.33333
106,9,35,0,3.33333
106,9,36,0,3.33333
106,9,37,0,3.33333
106,9,38,0,3.33333
106,9,39,0,3.33333
106,9,40,0,3.33333
106,9,41,0,3.33333
106,9,42,0,3.33333
106,9,43,0,3.33333
106,9,44,0,3.33333
106,9,45,0,3.33333
106,9,46,0,3.33333
106,9,47,0,3.33333
106,9,48,0,3.33333
106,9,49,0,3.33333
106,9,50,0,3.33333
106,9,51,0,3.33333
106,9,52,0,3.33333
106,9,53,0,3.33333
106,9,54,0,3.33333
106,9,55,0,3.33333
106,9,56,0,3.33333
106,9,57,0,3.33333
106,9,58,0,3.33333
106,9,59,0,3.33333
106,9,60,0,3.33333
106,9,61,0,3.33333
106,9,62,0,3.33333
106,9,63,0,3.33333
106,10,0,0,3.5
106,10,1,0,3.5
106,10,2,0,3.5
106,10,3,0,3.5
106,10,4,0,3.5
106,10,5,0,3.5
106,10,6,0,3.5
106,10,7,0,3.5
106,10,8,0,3.5
106,10,9,0,3.5
106,10,10,0,3.5
106,10,11,0,3.5
106,10,12,0,3.5
106,10,13,0,3.5
106,10,14,0,3.5
106,10,15,0,3.5
106,10,16,0,3.5
106,10,17,0,3.5
106,10,18,0,3.5
106,10,19,0,3.5
106,10,20,0,3.5
106,10,21,0,3.5
106,10,22,0,3.5
106,10,23,0,3.5
106,10,24,0,3.5
106,10,25,0,3.5
106,10,26,0,3.5
106,10,27,0,3.5
106,10,28,0,3.5
106,10,29,0,3.5
106,10,30,0,3.5
106,10,31,0,3.5
106,10,32,0,3.5
106,10,33,0,3.5
106,10,34,35,3.5
106,10,35,0,3.5
106,10,36,0,3.5
106,10,37,0,3.5
106,10,38,0,3.5
106,10,39,0,3.5
106,10,40,0,3.5
106,10,41,0,3.5
106,10,42,0,3.5
106,10,43,0,3.5
106,10,44,0,3.5
106,10,45,0,3.5
106,10,46,0,3.5
106,10,47,0,3.5
106,10,48,0,3.5
106,10,49,0,3.5
106,10,50,0,3.5
106,10,51,0,3.5
106,10,52,0,3.5
106,10,53,0,3.5
106,10,54,0,3.5
106,10,55,0,3.5
106,10,56,0,3.5
106,10,57,0,3.5
106,10,58,0,3.5
106,10,59,0,3.5
106,10,60,0,3.5
106,10,61,0,3.5
106,10,62,0,3.5
106,10,63,0,3.5
106,11,0,0,3.45455
106,11,1,0,3.45455
106,11,2,0,3.45455
106,11,3,0,3.45455
106,11,4,0,3.45455
106,11,5,0,3.45455
106,11,6,0,3.45455
106,11,7,0,3.45455
106,11,8,0,3.45455
106,11,9,0,3.45455
106,11,10,0,3.45455
106,11,11,0,3.45455
106,11,12,0,3.45455
106,11,13,0,3.45455
106,11,14,0,3.45455
106,11,15,0,3.45455
106,11,16,0,3.45455
106,11,17,0,3.45455
106,11,18,0,3.45455
106,11,19,0,3.45455
106,11,20,0,3.45455
106,11,21,0,3.45455
106,11,22,0,3.45455
106,11,23,0,3.45455
106,11,24,0,3.45455
106,11,25,0,3.45455
106,11,26,0,3.45455
106,11,27,0,3.45455
106,11,28,0,3.45455
106,11,29,0,3.45455
106,11,30,0,3.45455
106,11,31,0,3.45455
106,11,32,0,3.45455
106,11,33,0,3.45455
106,11,34,38,3.45455
106,11,35,0,3.45455
106,11,36,0,3.45455
106,11,37,0,3.45455
106,11,38,0,3.45455
106,11,39,0,3.45455
106,11,40,0,3.45455
106,11,41,0,3.45455
106,11,42,0,3.45455
106,11,43,0,3.45455
106,11,44,0,3.45455
106,11,45,0,3.45455
106,11,46,0,3.45455
106,11,47,0,3.45455
106,11,48,0,3.45455
106,11,49,0,3.45455
106,11,50,0,3.45455
106,11,51,0,3.45455
106,11,52,0,3.45455
106,11,53,0,3.45455
106,11,54,0,3.45455
106,11,55,0,3.45455
106,11,56,0,3.45455
106,11,57,0,3.45455
106,11,58,0,3.45455
106,11,59,0,3.45455
106,11,60,0,3.45455
106,11,61,0,3.45455
106,11,62,0,3.45455
106,11,63,0,3.45455
106,12,0,0,3.41667
106,12,1,0,3.41667
106,12,2,0,3.41667
106,12,3,0,3.41667
106,12,4,0,3.41667
106,12,5,0,3.41667
106,12,6,0,3.41667
106,12,7,0,3.41667
106,12,8,0,3.41667
106,12,9,0,3.41667
106,12,10,0,3.41667
106,12,11,0,3.41667
106,12,12,0,3.41667
106,12,13,0,3.41667
106,12,14,0,3.41667
106,12,15,0,3.41667
106,12,16,0,3.41667
106,12,17,0,3.41667
106,12,18,0,3.41667
106,12,19,0,3.41667
106,12,20,0,3.41667
106,12,21,0,3.41667
106,12,22,0,3.41667
106,12,23,0,3.41667
106,12,24,0,3.41667
106,12,25,0,3.41667
106,12,26,0,3.41667
106,12,27,0,3.41667
106,12,28,0,3.41667
106,12,29,0,3.41667
106,12,30,0,3.41667
106,12,31,0,3.41667
106,12,32,0,3.41667
106,12,33,0,3.41667
106,12,34,41,3.41667
106,12,35,0,3.41667
106,12,36,0,3.41667
106,12,37,0,3.41667
106,12,38,0,3.41667
106,12,39,0,3.41667
106,12,40,0,3.41667
106,12,41,0,3.41667
106,12,42,0,3.41667
106,12,43,0,3.41667
106,12,44,0,3.41667
106,12,45,0,3.41667
106,12,46,0,3.41667
106,12,47,0,3.41667
106,12,48,0,3.41667
106,12,49,0,3.41667
106,12,50,0,3.41667
106,12,51,0,3.41667
106,12,52,0,3.41667
106,12,53,0,3.41667
106,12,54,0,3.41667
106,12,55,0,3.41667
106,12,56,0,3.41667
106,12,57,0,3.41667
106,12,58,0,3.41667
106,12,59,0,3.41667
106,12,60,0,3.41667
106,12,61,0,3.41667
106,12,62,0,3.41667
106,12,63,0,3.41667
106,13,0,0,3.30769
106,13,1,0,3.30769
106,13,2,0,3.30769
106,13,3,0,3.30769
106,13,4,0,3.30769
106,13,5,0,3.30769
106,13,6,0,3.30769
106,13,7,0,3.30769
106,13,8,0,3.30769
106,13,9,0,3.30769
106,13,10,0,3.30769
106,13,11,0,3.30769
106,13,12,0,3.30769
106,13,13,0,3.30769
106,13,14,0,3.30769
106,13,15,0,3.30769
106,13,16,0,3.30769
106,13,17,0,3.30769
106,13,18,0,3.30769
106,13,19,0,3.30769
106,13,20,0,3.30769
106,13,21,0,3.30769
106,13,22,0,3.30769
106,13,23,0,3.30769
106,13,24,0,3.30769
106,13,25,0,3.30769
106,13,26,0,3.30769
106,13,27,0,3.30769
106,13,28,0,3.30769
106,13,29,0,3.30769
106,13,30,0,3.30769
106,13,31,0,3.30769
106,13,32,0,3.30769
106,13,33,0,3.30769
106,13,34,43,3.30769
106,13,35,0,3.30769
106,13,36,0,3.30769
106,13,37,0,3.30769
106,13,38,0,3.30769
106,13,39,0,3.30769
106,13,40,0,3.30769
106,13,41,0,3.30769
106,13,42,0,3.30769
106,13,43,0,3.30769
106,13,44,0,3.30769
106,13,45,0,3.30769
106,13,46,0,3.30769
106,13,47,0,3.30769
106,13,48,0,3.30769
106,13,49,0,3.30769
106,13,50,0,3.30769
106,13,51,0,3.30769
106,13,52,0,3.30769
106,13,53,0,3.30769
106,13,54,0,3.30769
106,13,55,0,3.30769
106,13,56,0,3.30769
106,13,57,0,3.30769
106,13,58,0,3.30769
106,13,59,0,3.30769
106,13,60,0,3.30769
106,13,61,0,3.30769
106,13,62,0,3.30769
106,13,63,0,3.30769
106,14,0,0,3.14286
106,14,1,0,3.14286
106,14,2,0,3.14286
106,14,3,0,3.14286
106,14,4,0,3.14286
106,14,5,0,3.14286
106,14,6,0,3.14286
106,14,7,0,3.14286
106,14,8,0,3.14286
106,14,9,0,3.14286
106,14,10,0,3.14286
106,14,11,0,3.14286
106,14,12,0,3.14286
106,14,13,0,3.14286
106,14,14,0,3.14286
106,14,15,0,3.14286
106,14,16,0,3.14286
106,14,17,0,3.14286
106,14,18,0,3.14286
106,14,19,0,3.14286
106,14,20,0,3.14286
106,14,21,0,3.14286
106,14,22,0,3.14286
106,14,23,0,3.14286
106,14,24,0,3.14286
106,14,25,0,3.14286
106,14,26,0,3.14286
106,14,27,0,3.14286
106,14,28,0,3.14286
106,14,29,0,3.14286
106,14,30,0,3.14286
106,14,31,0,3.14286
106,14,32,0,3.14286
106,14,33,0,3.14286
106,14,34,44,3.14286
106,14,35,0,3.14286
106,14,36,0,3.14286
106,14,37,0,3.14286
106,14,38,0,3.14286
106,14,39,0,3.14286
106,14,40,0,3.14286
106,14,41,0,3.14286
106,14,42,0,3.14286
106,14,43,0,3.14286
106,14,44,0,3.14286
106,14,45,0,3.14286
106,14,46,0,3.14286
106,14,47,0,3.14286
106,14,48,0,3.14286
106,14,49,0,3.14286
106,14,50,0,3.14286
106,14,51,0,3.14286
106,14,52,0,3.14286
106,14,53,0,3.14286
106,14,54,0,3.14286
106,14,55,0,3.14286
106,14,56,0,3.14286
106,14,57,0,3.14286
106,14,58,0,3.14286
106,14,59,0,3.14286
106,14,60,0,3.14286
106,14,61,0,3.14286
106,14,62,0,3.14286
106,14,63,0,3.14286
106,15,0,0,3.13333
106,15,1,0,3.13333
106,15,2,0,3.13333
106,15,3,0,3.13333
106,15,4,0,3.13333
106,15,5,0,3.13333
106,15,6,0,3.13333
106,15,7,0,3.13333
106,15,8,0,3.13333
106,15,9,0,3.13333
106,15,10,0,3.13333
106,15,11,0,3.13333
106,15,12,0,3.13333
106,15,13,0,3.13333
106,15,14,0,3.13333
106,15,15,0,3.13333
106,15,16,0,3.13333
106,15,17,0,3.13333
106,15,18,0,3.13333
106,15,19,0,3.13333
106,15,20,0,3.13333
106,15,21,0,3.13333
106,15,22,0,3.13333
106,15,23,0,3.13333
106,15,24,0,3.13333
106,15,25,0,3.13333
106,15,26,0,3.13333
106,15,27,0,3.13333
106,15,28,0,3.13333
106,15,29,0,3.13333
106,15,30,0,3.13333
106,15,31,0,3.13333
106,15,32,0,3.13333
106,15,33,0,3.13333
106,15,34,47,3.13333
106,15,35,0,3.13333
106,15,36,0,3.13333
106,15,37,0,3.13333
106,15,38,0,3.13333
106,15,39,0,3.13333
106,15,40,0,3.13333
106,15,41,0,3.13333
106,15,42,0,3.13333
106,15,43,0,3.13333
106,15,44,0,3.13333
106,15,45,0,3.13333
106,15,46,0,3.13333
106,15,47,0,3.13333
106,15,48,0,3.13333
106,15,49,0,3.13333
106,15,50,0,3.13333
106,15,51,0,3.13333
106,15,52,0,3.13333
106,15,53,0,3.13333
106,15,54,0,3.13333
106,15,55,0,3.13333
106,15,56,0,3.13333
106,15,57,0,3.13333
106,15,58,0,3.13333
106,15,59,0,3.13333
106,15,60,0,3.13333
106,15,61,0,3.13333
106,15,62,0,3.13333
106,15,63,0,3.13333
106,16,0,0,3.0625
106,16,1,0,3.0625
106,16,2,0,3.0625
106,16,3,0,3.0625
106,16,4,0,3.0625
106,16,5,0,3.0625
106,16,6,0,3.0625
106,16,7,0,3.0625
106,16,8,0,3.0625
106,16,9,0,3.0625
106,16,10,0,3.0625
106,16,11,0,3.0625
106,16,12,0,3.0625
106,16,13,0,3.0625
106,16,14,0,3.0625
106,16,15,0,3.0625
106,16,16,0,3.0625
106,16,17,0,3.0625
106,16,18,0,3.0625
106,16,19,0,3.0625
106,16,20,0,3.0625
106,16,21,0,3.0625
106,16,22,0,3.0625
106,16,23,0,3.0625
106,16,24,0,3.0625
106,16,25,0,3.0625
106,16,26,0,3.0625
106,16,27,0,3.0625
106,16,28,0,3.0625
106,16,29,0,3.0625
106,16,30,0,3.0625
106,16,31,0,3.0625
106,16,32,0,3.0625
106,16,33,0,3.0625
106,16,34,49,3.0625
106,16,35,0,3.0625
106,16,36,0,3.0625
106,16,37,0,3.0625
106,16,38,0,3.0625
106,16,39,0,3.0625
106,16,40,0,3.0625
106,16,41,0,3.0625
106,16,42,0,3.0625
106,16,43,0,3.0625
106,16,44,0,3.0625
106,16,45,0,3.0625
106,16,46,0,3.0625
106,16,47,0,3.0625
106,16,48,0,3.0625
106,16,49,0,3.0625
106,16,50,0,3.0625
106,16,51,0,3.0625
106,16,52,0,3.0625
106,16,53,0,3.0625
106,16,54,0,3.0625
106,16,55,0,3.0625
106,16,56,0,3.0625
106,16,57,0,3.0625
106,16,58,0,3.0625
106,16,59,0,3.0625
106,16,60,0,3.0625
106,16,61,0,3.0625
106,16,62,0,3.0625
106,16,63,0,3.0625
106,17,0,0,3
106,17,1,0,3
106,17,2,0,3
106,17,3,0,3
106,17,4,0,3
106,17,5,0,3
106,17,6,0,3
106,17,7,0,3
106,17,8,0,3
106,17,9,0,3
106,17,10,0,3
106,17,11,0,3
106,17,12,0,3
106,17,13,0,3
106,17,14,0,3
106,17,15,0,3
106,17,16,0,3
106,17,17,0,3
106,17,18,0,3
106,17,19,0,3
106,17,20,0,3
106,17,21,0,3
106,17,22,0,3
106,17,23,0,3
106,17,24,0,3
106,17,25,0,3
106,17,26,0,3
106,17,27,0,3
106,17,28,0,3
106,17,29,0,3
106,17,30,0,3
106,17,31,0,3
106,17,32,0,3
106,17,33,0,3
106,17,34,51,3
106,17,35,0,3
106,17,36,0,3
106,17,37,0,3
106,17,38,0,3
106,17,39,0,3
106,17,40,0,3
106,17,41,0,3
106,17,42,0,3
106,17,43,0,3
106,17,44,0,3
106,17,45,0,3
106,17,46,0,3
106,17,47,0,3
106,17,48,0,3
106,17,49,0,3
106,17,50,0,3
106,17,51,0,3
106,17,52,0,3
106,17,53,0,3
106,17,54,0,3
106,17,55,0,3
106,17,56,0,3
106,17,57,0,3
106,17,58,0,3
106,17,59,0,3
106,17,60,0,3
106,17,61,0,3
106,17,62,0,3
106,17,63,0,3
106,18,0,0,3
106,18,1,0,3
106,18,2,0,3
106,18,3,0,3
106,18,4,0,3
106,18,5,0,3
106,18,6,0,3
106,18,7,0,3
106,18,8,0,3
106,18,9,0,3
106,18,10,0,3
106,18,11,0,3
106,18,12,0,3
106,18,13,0,3
106,18,14,0,3
106,18,15,0,3
106,18,16,0,3
106,18,17,0,3
106,18,18,0,3
106,18,19,0,3
106,18,20,0,3
106,18,21,0,3
106,18,22,0,3
106,18,23,0,3
106,18,24,0,3
106,18,25,0,3
106,18,26,0,3
106,18,27,0,3
106,18,28,0,3
106,18,29,0,3
106,18,30,0,3
106,18,31,0,3
106,18,32,0,3
106,18,33,0,3
106,18,34,54,3
106,18,35,0,3
106,18,36,0,3
106,18,37,0,3
106,18,38,0,3
106,18,39,0,3
106,18,40,0,3
106,18,41,0,3
106,18,42,0,3
106,18,43,0,3
106,18,44,0,3
106,18,45,0,3
106,18,46,0,3
106,18,47,0,3
106,18,48,0,3
106,18,49,0,3
106,18,50,0,3
106,18,51,0,3
106,18,52,0,3
106,18,53,0,3
106,18,54,0,3
106,18,55,0,3
106,18,56,0,3
106,18,57,0,3
106,18,58,0,3
106,18,59,0,3
106,18,60,0,3
106,18,61,0,3
106,18,62,0,3
106,18,63,0,3
106,19,0,0,3.05263
106,19,1,0,3.05263
106,19,2,0,3.05263
106,19,3,0,3.05263
106,19,4,0,3.05263
106,19,5,0,3.05263
106,19,6,0,3.05263
106,19,7,0,3.05263
106,19,8,0,3.05263
106,19,9,0,3.05263
106,19,10,0,3.05263
106,19,11,0,3.05263
106,19,12,0,3.05263
106,19,13,0,3.05263
106,19,14,0,3.05263
106,19,15,0,3.05263
106,19,16,0,3.05263
106,19,17,0,3.05263
106,19,18,0,3.05263
106,19,19,0,3.05263
106,19,20,0,3.05263
106,19,21,0,3.05263
106,19,22,0,3.05263
106,19,23,0,3.05263
106,19,24,0,3.05263
106,19,25,0,3.05263
106,19,26,0,3.05263
106,19,27,0,3.05263
106,19,28,0,3.05263
106,19,29,0,3.05263
106,19,30,0,3.05263
106,19,31,0,3.05263
106,19,32,0,3.05263
106,19,33,0,3.05263
106,19,34,58,3.05263
106,19,35,0,3.05263
106,19,36,0,3.05263
106,19,37,0,3.05263
106,19,38,0,3.05263
106,19,39,0,3.05263
106,19,40,0,3.05263
106,19,41,0,3.05263
106,19,42,0,3.05263
106,19,43,0,3.05263
106,19,44,0,3.05263
106,19,45,0,3.05263
106,19,46,0,3.05263
106,19,47,0,3.05263
106,19,48,0,3.05263
106,19,49,0,3.05263
106,19,50,0,3.05263
106,19,51,0,3.05263
106,19,52,0,3.05263
106,19,53,0,3.05263
106,19,54,0,3.05263
106,19,55,0,3.05263
106,19,56,0,3.05263
106,19,57,0,3.05263
106,19,58,0,3.05263
106,19,59,0,3.05263
106,19,60,0,3.05263
106,19,61,0,3.05263
106,19,62,0,3.05263
106,19,63,0,3.05263
106,20,0,0,3.1
106,20,1,0,3.1
106,20,2,0,3.1
106,20,3,0,3.1
106,20,4,0,3.1
106,20,5,0,3.1
106,20,6,0,3.1
106,20,7,0,3.1
106,20,8,0,3.1
106,20,9,0,3.1
106,20,10,0,3.1
106,20,11,0,3.1
106,20,12,0,3.1
106,20,13,0,3.1
106,20,14,0,3.1
106,20,15,0,3.1
106,20,16,0,3.1
106,20,17,0,3.1
106,20,18,0,3.1
106,20,19,0,3.1
106,20,20,0,3.1
106,20,21,0,3.1
106,20,22,0,3.1
106,20,23,0,3.1
106,20,24,0,3.1
106,20,25,0,3.1
106,20,26,0,3.1
106,20,27,0,3.1
106,20,28,0,3.1
106,20,29,0,3.1
106,20,30,0,3.1
106,20,31,0,3.1
106,20,32,0,3.1
106,20,33,0,3.1
106,20,34,62,3.1
106,20,35,0,3.1
106,20,36,0,3.1
106,20,37,0,3.1
106,20,38,0,3.1
106,20,39,0,3.1
106,20,40,0,3.1
106,20,41,0,3.1
106,20,42,0,3.1
106,20,43,0,3.1
106,20,44,0,3.1
106,20,45,0,3.1
106,20,46,0,3.1
106,20,47,0,3.1
106,20,48,0,3.1
106,20,49,0,3.1
106,20,50,0,3.1
106,20,51,0,3.1
106,20,52,0,3.1
106,20,53,0,3.1
106,20,54,0,3.1
106,20,55,0,3.1
106,20,56,0,3.1
106,20,57,0,3.1
106,20,58,0,3.1
106,20,59,0,3.1
106,20,60,0,3.1
106,20,61,0,3.1
106,20,62,0,3.1
106,20,63,0,3.1
106,21,0,0,3.19048
106,21,1,0,3.19048
106,21,2,0,3.19048
106,21,3,0,3.19048
106,21,4,0,3.19048
106,21,5,0,3.19048
106,21,6,0,3.19048
106,21,7,0,3.19048
106,21,8,0,3.19048
106,21,9,0,3.19048
106,21,10,0,3.19048
106,21,11,0,3.19048
106,21,12,0,3.19048
106,21,13,0,3.19048
106,21,14,0,3.19048
106,21,15,0,3.19048
106,21,16,0,3.19048
106,21,17,0,3.19048
106,21,18,0,3.19048
106,21,19,0,3.19048
106,21,20,0,3.19048
106,21,21,0,3.19048
106,21,22,0,3.19048
106,21,23,0,3.19048
106,21,24,0,3.19048
106,21,25,0,3.19048
106,21,26,0,3.19048
106,21,27,0,3.19048
106,21,28,0,3.19048
106,21,29,0,3.19048
106,21,30,0,3.19048
106,21,31,0,3.19048
106,21,32,0,3.19048
106,21,33,0,3.19048
106,21,34,67,3.19048
106,21,35,0,3.19048
106,21,36,0,3.19048
106,21,37,0,3.19048
106,21,38,0,3.19048
106,21,39,0,3.19048
106,21,40,0,3.19048
106,21,41,0,3.19048
106,21,42,0,3.19048
106,21,43,0,3.19048
106,21,44,0,3.19048
106,21,45,0,3.19048
106,21,46,0,3.19048
106,21,47,0,3.19048
106,21,48,0,3.19048
106,21,49,0,3.19048
106,21,50,0,3.19048
106,21,51,0,3.19048
106,21,52,0,3.19048
106,21,53,0,3.19048
106,21,54,0,3.19048
106,21,55,0,3.19048
106,21,56,0,3.19048
106,21,57,0,3.19048
106,21,58,0,3.19048
106,21,59,0,3.19048
106,21,60,0,3.19048
106,21,61,0,3.19048
106,21,62,0,3.19048
106,21,63,0,3.19048
106,22,0,0,3.09091
106,22,1,0,3.09091
106,22,2,0,3.09091
106,22,3,0,3.09091
106,22,4,0,3.09091
106,22,5,0,3.09091
106,22,6,0,3.09091
106,22,7,0,3.09091
106,22,8,0,3.09091
106,22,9,0,3.09091
106,22,10,0,3.09091
106,22,11,0,3.09091
106,22,12,0,3.09091
106,22,13,0,3.09091
106,22,14,0,3.09091
106,22,15,0,3.09091
106,22,16,0,3.09091
106,22,17,0,3.09091
106,22,18,0,3.09091
106,22,19,0,3.09091
106,22,20,0,3.09091
106,22,21,0,3.09091
106,22,22,0,3.09091
106,22,23,0,3.09091
106,22,24,0,3.09091
106,22,25,0,3.09091
106,22,26,0,3.09091
106,22,27,0,3.09091
106,22,28,0,3.09091
106,22,29,0,3.09091
106,22,30,0,3.09091
106,22,31,0,3.09091
106,22,32,0,3.09091
106,22,33,0,3.09091
106,22,34,68,3.09091
106,22,35,0,3.09091
106,22,36,0,3.09091
106,22,37,0,3.09091
106,22,38,0,3.09091
106,22,39,0,3.09091
106,22,40,0,3.09091
106,22,41,0,3.09091
106,22,42,0,3.09091
106,22,43,0,3.09091
106,22,44,0,3.09091
106,22,45,0,3.09091
106,22,46,0,3.09091
106,22,47,0,3.09091
106,22,48,0,3.09091
106,22,49,0,3.09091
106,22,50,0,3.09091
106,22,51,0,3.09091
106,22,52,0,3.09091
106,22,53,0,3.09091
106,22,54,0,3.09091
106,22,55,0,3.09091
106,22,56,0,3.09091
106,22,57,0,3.09091
106,22,58,0,3.09091
106,22,59,0,3.09091
106,22,60,0,3.09091
106,22,61,0,3.09091
106,22,62,0,3.09091
106,22,63,0,3.09091
106,23,0,0,3.13043
106,23,1,0,3.13043
106,23,2,0,3.13043
106,23,3,0,3.13043
106,23,4,0,3.13043
106,23,5,0,3.13043
106,23,6,0,3.13043
106,23,7,0,3.13043
106,23,8,0,3.13043
106,23,9,0,3.13043
106,23,10,0,3.13043
106,23,11,0,3.13043
106,23,12,0,3.13043
106,23,13,0,3.13043
106,23,14,0,3.13043
106,23,15,0,3.13043
106,23,16,0,3.13043
106,23,17,0,3.13043
106,23,18,0,3.13043
106,23,19,0,3.13043
106,23,20,0,3.13043
106,23,21,0,3.13043
106,23,22,0,3.13043
106,23,23,0,3.13043
106,23,24,0,3.13043
106,23,25,0,3.13043
106,23,26,0,3.13043
106,23,27,0,3.13043
106,23,28,0,3.13043
106,23,29,0,3.13043
106,23,30,0,3.13043
106,23,31,0,3.13043
106,23,32,0,3.13043
106,23,33,0,3.13043
106,23,34,72,3.13043
106,23,35,0,3.13043
106,23,36,0,3.13043
106,23,37,0,3.13043
106,23,38,0,3.13043
106,23,39,0,3.13043
106,23,40,0,3.13043
106,23,41,0,3.13043
106,23,42,0,3.13043
106,23,43,0,3.13043
106,23,44,0,3.13043
106,23,45,0,3.13043
106,23,46,0,3.13043
106,23,47,0,3.13043
106,23,48,0,3.13043
106,23,49,0,3.13043
106,23,50,0,3.13043
106,23,51,0,3.13043
106,23,52,0,3.13043
106,23,53,0,3.13043
106,23,54,0,3.13043
106,23,55,0,3.13043
106,23,56,0,3.13043
106,23,57,0,3.13043
106,23,58,0,3.13043
106,23,59,0,3.13043
106,23,60,0,3.13043
106,23,61,0,3.13043
106,23,62,0,3.13043
106,23,63,0,3.13043
106,24,0,0,3.16667
106,24,1,0,3.16667
106,24,2,0,3.16667
106,24,3,0,3.16667
106,24,4,0,3.16667
106,24,5,0,3.16667
106,24,6,0,3.16667
106,24,7,0,3.16667
106,24,8,0,3.16667
106,24,9,0,3.16667
106,24,10,0,3.16667
106,24,11,0,3.16667
106,24,12,0,3.16667
106,24,13,0,3.16667
106,24,14,0,3.16667
106,24,15,0,3.16667
106,24,16,0,3.16667
106,24,17,0,3.16667
106,24,18,0,3.16667
106,24,19,0,3.16667
106,24,20,0,3.16667
106,24,21,0,3.16667
106,24,22,0,3.16667
106,24,23,0,3.16667
106,24,24,0,3.16667
106,24,25,0,3.16667
106,24,26,0,3.16667
106,24,27,0,3.16667
106,24,28,0,3.16667
106,24,29,0,3.16667
106,24,30,0,3.16667
106,24,31,0,3.16667
106,24,32,0,3.16667
106,24,33,0,3.16667
106,24,34,76,3.16667
106,24,35,0,3.16667
106,24,36,0,3.16667
106,24,37,0,3.16667
106,24,38,0,3.16667
106,24,39,0,3.16667
106,24,40,0,3.16667
106,24,41,0,3.16667
106,24,42,0,3.16667
106,24,43,0,3.16667
106,24,44,0,3.16667
106,24,45,0,3.16667
106,24,46,0,3.16667
106,24,47,0,3.16667
106,24,48,0,3.16667
106,24,49,0,3.16667
106,24,50,0,3.16667
106,24,51,0,3.16667
106,24,52,0,3.16667
106,24,53,0,3.16667
106,24,54,0,3.16667
106,24,55,0,3.16667
106,24,56,0,3.16667
106,24,57,0,3.16667
106,24,58,0,3.16667
106,24,59,0,3.16667
106,24,60,0,3.16667
106,24,61,0,3.16667
106,24,62,0,3.16667
106,24,63,0,3.16667
106,25,0,0,3.36
106,25,1,0,3.36
106,25,2,0,3.36
106,25,3,0,3.36
106,25,4,0,3.36
106,25,5,0,3.36
106,25,6,0,3.36
106,25,7,0,3.36
106,25,8,0,3.36
106,25,9,0,3.36
106,25,10,0,3.36
106,25,11,0,3.36
106,25,12,0,3.36
106,25,13,0,3.36
106,25,14,0,3.36
106,25,15,0,3.36
106,25,16,0,3.36
106,25,17,0,3.36
106,25,18,0,3.36
106,25,19,0,3.36
106,25,20,0,3.36
106,25,21,0,3.36
106,25,22,0,3.36
106,25,23,0,3.36
106,25,24,0,3.36
106,25,25,0,3.36
106,25,26,0,3.36
106,25,27,0,3.36
106,25,28,0,3.36
106,25,29,0,3.36
106,25,30,0,3.36
106,25,31,0,3.36
106,25,32,0,3.36
106,25,33,0,3.36
106,25,34,84,3.36
106,25,35,0,3.36
106,25,36,0,3.36
106,25,37,0,3.36
106,25,38,0,3.36
106,25,39,0,3.36
106,25,40,0,3.36
106,25,41,0,3.36
106,25,42,0,3.36
106,25,43,0,3.36
106,25,44,0,3.36
106,25,45,0,3.36
106,25,46,0,3.36
106,25,47,0,3.36
106,25,48,0,3.36
106,25,49,0,3.36
106,25,50,0,3.36
106,25,51,0,3.36
106,25,52,0,3.36
106,25,53,0,3.36
106,25,54,0,3.36
106,25,55,0,3.36
106,25,56,0,3.36
106,25,57,0,3.36
106,25,58,0,3.36
106,25,59,0,3.36
106,25,60,0,3.36
106,25,61,0,3.36
106,25,62,0,3.36
106,25,63,0,3.36
106,26,0,0,3.5
106,26,1,0,3.5
106,26,2,0,3.5
106,26,3,0,3.5
106,26,4,0,3.5
106,26,5,0,3.5
106,26,6,0,3.5
106,26,7,0,3.5
106,26,8,0,3.5
106,26,9,0,3.5
106,26,10,0,3.5
106,26,11,0,3.5
106,26,12,0,3.5
106,26,13,0,3.5
106,26,14,0,3.5
106,26,15,0,3.5
106,26,16,0,3.5
106,26,17,0,3.5
106,26,18,0,3.5
106,26,19,0,3.5
106,26,20,0,3.5
106,26,21,0,3.5
106,26,22,0,3.5
106,26,23,0,3.5
106,26,24,0,3.5
106,26,25,0,3.5
106,26,26,0,3.5
106,26,27,0,3.5
106,26,28,0,3.5
106,26,29,0,3.5
106,26,30,0,3.5
106,26,31,0,3.5
106,26,32,0,3.5
106,26,33,0,3.5
106,26,34,91,3.5
106,26,35,0,3.5
106,26,36,0,3.5
106,26,37,0,3.5
106,26,38,0,3.5
106,26,39,0,3.5
106,26,40,0,3.5
106,26,41,0,3.5
106,26,42,0,3.5
106,26,43,0,3.5
106,26,44,0,3.5
106,26,45,0,3.5
106,26,46,0,3.5
106,26,47,0,3.5
106,26,48,0,3.5
106,26,49,0,3.5
106,26,50,0,3.5
106,26,51,0,3.5
106,26,52,0,3.5
106,26,53,0,3.5
106,26,54,0,3.5
106,26,55,0,3.5
106,26,56,0,3.5
106,26,57,0,3.5
106,26,58,0,3.5
106,26,59,0,3.5
106,26,60,0,3.5
106,26,61,0,3.5
106,26,62,0,3.5
106,26,63,0,3.5
106,27,0,0,3.62963
106,27,1,0,3.62963
106,27,2,0,3.62963
106,27,3,0,3.62963
106,27,4,0,3.62963
106,27,5,0,3.62963
106,27,6,0,3.62963
106,27,7,0,3.62963
106,27,8,0,3.62963
106,27,9,0,3.62963
106,27,10,0,3.62963
106,27,11,0,3.62963
106,27,12,0,3.62963
106,27,13,0,3.62963
106,27,14,0,3.62963
106,27,15,0,3.62963
106,27,16,0,3.62963
106,27,17,0,3.62963
106,27,18,0,3.62963
106,27,19,0,3.62963
106,27,20,0,3.62963
106,27,21,0,3.62963
106,27,22,0,3.62963
106,27,23,0,3.62963
106,27,24,0,3.62963
106,27,25,0,3.62963
106,27,26,0,3.62963
106,27,27,0,3.62963
106,27,28,0,3.62963
106,27,29,0,3.62963
106,27,30,0,3.62963
106,27,31,0,3.62963
106,27,32,0,3.62963
106,27,33,0,3.62963
106,27,34,98,3.62963
106,27,35,0,3.62963
106,27,36,0,3.62963
106,27,37,0,3.62963
106,27,38,0,3.62963
106,27,39,0,3.62963
106,27,40,0,3.62963
106,27,41,0,3.62963
106,27,42,0,3.62963
106,27,43,0,3.62963
106,27,44,0,3.62963
106,27,45,0,3.62963
106,27,46,0,3.62963
106,27,47,0,3.62963
106,27,48,0,3.62963
106,27,49,0,3.62963
106,27,50,0,3.62963
106,27,51,0,3.62963
106,27,52,0,3.62963
106,27,53,0,3.62963
106,27,54,0,3.62963
106,27,55,0,3.62963
106,27,56,0,3.62963
106,27,57,0,3.62963
106,27,58,0,3.62963
106,27,59,0,3.62963
106,27,60,0,3.62963
106,27,61,0,3.62963
106,27,62,0,3.62963
106,27,63,0,3.62963
106,28,0,0,3.57143
106,28,1,0,3.57143
106,28,2,0,3.57143
106,28,3,0,3.57143
106,28,4,0,3.57143
106,28,5,0,3.57143
106,28,6,0,3.57143
106,28,7,0,3.57143
106,28,8,0,3.57143
106,28,9,0,3.57143
106,28,10,0,3.57143
106,28,11,0,3.57143
106,28,12,0,3.57143
106,28,13,0,3.57143
106,28,14,0,3.57143
106,28,15,0,3.57143
106,28,16,0,3.57143
106,28,17,0,3.57143
106,28,18,0,3.57143
106,28,19,0,3.57143
106,28,20,0,3.57143
106,28,21,0,3.57143
106,28,22,0,3.57143
106,28,23,0,3.57143
106,28,24,0,3.57143
106,28,25,0,3.57143
106,28,26,0,3.57143
106,28,27,0,3.57143
106,28,28,0,3.57143
106,28,29,0,3.57143
106,28,30,0,3.57143
106,28,31,0,3.57143
106,28,32,0,3.57143
106,28,33,0,3.57143
106,28,34,100,3.57143
106,28,35,0,3.57143
106,28,36,0,3.57143
106,28,37,0,3.57143
106,28,38,0,3.57143
106,28,39,0,3.57143
106,28,40,0,3.57143
106,28,41,0,3.57143
106,28,42,0,3.57143
106,28,43,0,3.57143
106,28,44,0,3.57143
106,28,45,0,3.57143
106,28,46,0,3.57143
106,28,47,0,3.57143
106,28,48,0,3.57143
106,28,49,0,3.57143
106,28,50,0,3.57143
106,28,51,0,3.57143
106,28,52,0,3.57143
106,28,53,0,3.57143
106,28,54,0,3.57143
106,28,55,0,3.57143
106,28,56,0,3.57143
106,28,57,0,3.57143
106,28,58,0,3.57143
106,28,59,0,3.57143
106,28,60,0,3.57143
106,28,61,0,3.57143
106,28,62,0,3.57143
106,28,63,0,3.57143
106,29,0,0,3.51724
106,29,1,0,3.51724
106,29,2,0,3.51724
106,29,3,0,3.51724
106,29,4,0,3.51724
106,29,5,0,3.51724
106,29,6,0,3.51724
106,29,7,0,3.51724
106,29,8,0,3.51724
106,29,9,0,3.51724
106,29,10,0,3.51724
106,29,11,0,3.51724
106,29,12,0,3.51724
106,29,13,0,3.51724
106,29,14,0,3.51724
106,29,15,0,3.51724
106,29,16,0,3.51724
106,29,17,0,3.51724
106,29,18,0,3.51724
106,29,19,0,3.51724
106,29,20,0,3.51724
106,29,21,0,3.51724
106,29,22,0,3.51724
106,29,23,0,3.51724
106,29,24,0,3.51724
106,29,25,0,3.51724
106,29,26,0,3.51724
106,29,27,0,3.51724
106,29,28,0,3.51724
106,29,29,0,3.51724
106,29,30,0,3.51724
106,29,31,0,3.51724
106,29,32,0,3.51724
106,29,33,0,3.51724
106,29,34,102,3.51724
106,29,35,0,3.51724
106,29,36,0,3.51724
106,29,37,0,3.51724
106,29,38,0,3.51724
106,29,39,0,3.51724
106,29,40,0,3.51724
106,29,41,0,3.51724
106,29,42,0,3.51724
106,29,43,0,3.51724
106,29,44,0,3.51724
106,29,45,0,3.51724
106,29,46,0,3.51724
106,29,47,0,3.51724
106,29,48,0,3.51724
106,29,49,0,3.51724
106,29,50,0,3.51724
106,29,51,0,3.51724
106,29,52,0,3.51724
106,29,53,0,3.51724
106,29,54,0,3.51724
106,29,55,0,3.51724
106,29,56,0,3.51724
106,29,57,0,3.51724
106,29,58,0,3.51724
106,29,59,0,3.51724
106,29,60,0,3.51724
106,29,61,0,3.51724
106,29,62,0,3.51724
106,29,63,0,3.51724
106,30,0,0,3.5
106,30,1,0,3.5
106,30,2,0,3.5
106,30,3,0,3.5
106,30,4,0,3.5
106,30,5,0,3.5
106,30,6,0,3.5
106,30,7,0,3.5
106,30,8,0,3.5
106,30,9,0,3.5
106,30,10,0,3.5
106,30,11,0,3.5
106,30,12,0,3.5
106,30,13,0,3.5
106,30,14,0,3.5
106,30,15,0,3.5
106,30,16,0,3.5
106,30,17,0,3.5
106,30,18,0,3.5
106,30,19,0,3.5
106,30,20,0,3.5
106,30,21,0,3.5
106,30,22,0,3.5
106,30,23,0,3.5
106,30,24,0,3.5
106,30,25,0,3.5
106,30,26,0,3.5
106,30,27,0,3.5
106,30,28,0,3.5
106,30,29,0,3.5
106,30,30,0,3.5
106,30,31,0,3.5
106,30,32,0,3.5
106,30,33,0,3.5
106,30,34,105,3.5
106,30,35,0,3.5
106,30,36,0,3.5
106,30,37,0,3.5
106,30,38,0,3.5
106,30,39,0,3.5
106,30,40,0,3.5
106,30,41,0,3.5
106,30,42,0,3.5
106,30,43,0,3.5
106,30,44,0,3.5
106,30,45,0,3.5
106,30,46,0,3.5
106,30,47,0,3.5
106,30,48,0,3.5
106,30,49,0,3.5
106,30,50,0,3.5
106,30,51,0,3.5
106,30,52,0,3.5
106,30,53,0,3.5
106,30,54,0,3.5
106,30,55,0,3.5
106,30,56,0,3.5
106,30,57,0,3.5
106,30,58,0,3.5
106,30,59,0,3.5
106,30,60,0,3.5
106,30,61,0,3.5
106,30,62,0,3.5
106,30,63,0,3.5
106,31,0,0,3.41935
106,31,1,0,3.41935
106,31,2,0,3.41935
106,31,3,0,3.41935
106,31,4,0,3.41935
106,31,5,0,3.41935
106,31,6,0,3.41935
106,31,7,0,3.41935
106,31,8,0,3.41935
106,31,9,0,3.41935
106,31,10,0,3.41935
106,31,11,0,3.41935
106,31,12,0,3.41935
106,31,13,0,3.41935
106,31,14,0,3.41935
106,31,15,0,3.41935
106,31,16,0,3.41935
106,31,17,0,3.41935
106,31,18,0,3.41935
106,31,19,0,3.41935
106,31,20,0,3.41935
106,31,21,0,3.41935
106,31,22,0,3.41935
106,31,23,0,3.41935
106,31,24,0,3.41935
106,31,25,0,3.41935
106,31,26,0,3.41935
106,31,27,0,3.41935
106,31,28,0,3.41935
106,31,29,0,3.41935
106,31,30,0,3.41935
106,31,31,0,3.41935
106,31,32,0,3.41935
106,31,33,0,3.41935
106,31,34,106,3.41935
106,31,35,0,3.41935
106,31,36,0,3.41935
106,31,37,0,3.41935
106,31,38,0,3.41935
106,31,39,0,3.41935
106,31,40,0,3.41935
106,31,41,0,3.41935
106,31,42,0,3.41935
106,31,43,0,3.41935
106,31,44,0,3.41935
106,31,45,0,3.41935
106,31,46,0,3.41935
106,31,47,0,3.41935
106,31,48,0,3.41935
106,31,49,0,3.41935
106,31,50,0,3.41935
106,31,51,0,3.41935
106,31,52,0,3.41935
106,31,53,0,3.41935
106,31,54,0,3.41935
106,31,55,0,3.41935
106,31,56,0,3.41935
106,31,57,0,3.41935
106,31,58,0,3.41935
106,31,59,0,3.41935
106,31,60,0,3.41935
106,31,61,0,3.41935
106,31,62,0,3.41935
106,31,63,0,3.41935
106,32,0,0,3.4375
106,32,1,0,3.4375
106,32,2,0,3.4375
106,32,3,0,3.4375
106,32,4,0,3.4375
106,32,5,0,3.4375
106,32,6,0,3.4375
106,32,7,0,3.4375
106,32,8,0,3.4375
106,32,9,0,3.4375
106,32,10,0,3.4375
106,32,11,0,3.4375
106,32,12,0,3.4375
106,32,13,0,3.4375
106,32,14,0,3.4375
106,32,15,0,3.4375
106,32,16,0,3.4375
106,32,17,0,3.4375
106,32,18,0,3.4375
106,32,19,0,3.4375
106,32,20,0,3.4375
106,32,21,0,3.4375
106,32,22,0,3.4375
106,32,23,0,3.4375
106,32,24,0,3.4375
106,32,25,0,3.4375
106,32,26,0,3.4375
106,32,27,0,3.4375
106,32,28,0,3.4375
106,32,29,0,3.4375
106,32,30,0,3.4375
106,32,31,0,3.4375
106,32,32,0,3.4375
106,32,33,0,3.4375
106,32,34,110,3.4375
106,32,35,0,3.4375
106,32,36,0,3.4375
106,32,37,0,3.4375
106,32,38,0,3.4375
106,32,39,0,3.4375
106,32,40,0,3.4375
106,32,41,0,3.4375
106,32,42,0,3.4375
106,32,43,0,3.4375
106,32,44,0,3.4375
106,32,45,0,3.4375
106,32,46,0,3.4375
106,32,47,0,3.4375
106,32,48,0,3.4375
106,32,49,0,3.4375
106,32,50,0,3.4375
106,32,51,0,3.4375
106,32,52,0,3.4375
106,32,53,0,3.4375
106,32,54,0,3.4375
106,32,55,0,3.4375
106,32,56,0,3.4375
106,32,57,0,3.4375
106,32,58,0,3.4375
106,32,59,0,3.4375
106,32,60,0,3.4375
106,32,61,0,3.4375
106,32,62,0,3.4375
106,32,63,0,3.4375
106,33,0,0,3.48485
106,33,1,0,3.48485
106,33,2,0,3.48485
106,33,3,0,3.48485
106,33,4,0,3.48485
106,33,5,0,3.48485
106,33,6,0,3.48485
106,33,7,0,3.48485
106,33,8,0,3.48485
106,33,9,0,3.48485
106,33,10,0,3.48485
106,33,11,0,3.48485
106,33,12,0,3.48485
106,33,13,0,3.48485
106,33,14,0,3.48485
106,33,15,0,3.48485
106,33,16,0,3.48485
106,33,17,0,3.48485
106,33,18,0,3.48485
106,33,19,0,3.48485
106,33,20,0,3.48485
106,33,21,0,3.48485
106,33,22,0,3.48485
106,33,23,0,3.48485
106,33,24,0,3.48485
106,33,25,0,3.48485
106,33,26,0,3.48485
106,33,27,0,3.48485
106,33,28,0,3.48485
106,33,29,0,3.48485
106,33,30,0,3.48485
106,33,31,0,3.48485
106,33,32,0,3.48485
106,33,33,0,3.48485
106,33,34,115,3.48485
106,33,35,0,3.48485
106,33,36,0,3.48485
106,33,37,0,3.48485
106,33,38,0,3.48485
106,33,39,0,3.48485
106,33,40,0,3.48485
106,33,41,0,3.48485
106,33,42,0,3.48485
106,33,43,0,3.48485
106,33,44,0,3.48485
106,33,45,0,3.48485
106,33,46,0,3.48485
106,33,47,0,3.48485
106,33,48,0,3.48485
106,33,49,0,3.48485
106,33,50,0,3.48485
106,33,51,0,3.48485
106,33,52,0,3.48485
106,33,53,0,3.48485
106,33,54,0,3.48485
106,33,55,0,3.48485
106,33,56,0,3.48485
106,33,57,0,3.48485
106,33,58,0,3.48485
106,33,59,0,3.48485
106,33,60,0,3.48485
106,33,61,0,3.48485
106,33,62,0,3.48485
106,33,63,0,3.48485
106,34,0,0,3.44118
106,34,1,0,3.44118
106,34,2,0,3.44118
106,34,3,0,3.44118
106,34,4,0,3.44118
106,34,5,0,3.44118
106,34,6,0,3.44118
106,34,7,0,3.44118
106,34,8,0,3.44118
106,34,9,0,3.44118
106,34,10,0,3.44118
106,34,11,0,3.44118
106,34,12,0,3.44118
106,34,13,0,3.44118
106,34,14,0,3.44118
106,34,15,0,3.44118
106,34,16,0,3.44118
106,34,17,0,3.44118
106,34,18,0,3.44118
106,34,19,0,3.44118
106,34,20,0,3.44118
106,34,21,0,3.44118
106,34,22,0,3.44118
106,34,23,0,3.44118
106,34,24,0,3.44118
106,34,25,0,3.44118
106,34,26,0,3.44118
106,34,27,0,3.44118
106,34,28,0,3.44118
106,34,29,0,3.44118
106,34,30,0,3.44118
106,34,31,0,3.44118
106,34,32,0,3.44118
106,34,33,0,3.44118
106,34,34,117,3.44118
106,34,35,0,3.44118
106,34,36,0,3.44118
106,34,37,0,3.44118
106,34,38,0,3.44118
106,34,39,0,3.44118
106,34,40,0,3.44118
106,34,41,0,3.44118
106,34,42,0,3.44118
106,34,43,0,3.44118
106,34,44,0,3.44118
106,34,45,0,3.44118
106,34,46,0,3.44118
106,34,47,0,3.44118
106,34,48,0,3.44118
106,34,49,0,3.44118
106,34,50,0,3.44118
106,34,51,0,3.44118
106,34,52,0,3.44118
106,34,53,0,3.44118
106,34,54,0,3.44118
106,34,55,0,3.44118
106,34,56,0,3.44118
106,34,57,0,3.44118
106,34,58,0,3.44118
106,34,59,0,3.44118
106,34,60,0,3.44118
106,34,61,0,3.44118
106,34,62,0,3.44118
106,34,63,0,3.44118
106,35,0,0,3.42857
106,35,1,0,3.42857
106,35,2,0,3.42857
106,35,3,0,3.42857
106,35,4,0,3.42857
106,35,5,0,3.42857
106,35,6,0,3.42857
106,35,7,0,3.42857
106,35,8,0,3.42857
106,35,9,0,3.42857
106,35,10,0,3.42857
106,35,11,0,3.42857
106,35,12,0,3.42857
106,35,13,0,3.42857
106,35,14,0,3.42857
106,35,15,0,3.42857
106,35,16,0,3.42857
106,35,17,0,3.42857
106,35,18,0,3.42857
106,35,19,0,3.42857
106,35,20,0,3.42857
106,35,21,0,3.42857
106,35,22,0,3.42857
106,35,23,0,3.42857
106,35,24,0,3.42857
106,35,25,0,3.42857
106,35,26,0,3.42857
106,35,27,0,3.42857
106,35,28,0,3.42857
106,35,29,0,3.42857
106,35,30,0,3.42857
106,35,31,0,3.42857
106,35,32,0,3.42857
106,35,33,0,3.42857
106,35,34,120,3.42857
106,35,35,0,3.42857
106,35,36,0,3.42857
106,35,37,0,3.42857
106,35,38,0,3.42857
106,35,39,0,3.42857
106,35,40,0,3.42857
106,35,41,0,3.42857
106,35,42,0,3.42857
106,35,43,0,3.42857
106,35,44,0,3.42857
106,35,45,0,3.42857
106,35,46,0,3.42857
106,35,47,0,3.42857
106,35,48,0,3.42857
106,35,49,0,3.42857
106,35,50,0,3.42857
106,35,51,0,3.42857
106,35,52,0,3.42857
106,35,53,0,3.42857
106,35,54,0,3.42857
106,35,55,0,3.42857
106,35,56,0,3.42857
106,35,57,0,3.42857
106,35,58,0,3.42857
106,35,59,0,3.42857
106,35,60,0,3.42857
106,35,61,0,3.42857
106,35,62,0,3.42857
106,35,63,0,3.42857
106,36,0,0,3.44444
106,36,1,0,3.44444
106,36,2,0,3.44444
106,36,3,0,3.44444
106,36,4,0,3.44444
106,36,5,0,3.44444
106,36,6,0,3.44444
106,36,7,0,3.44444
106,36,8,0,3.44444
106,36,9,0,3.44444
106,36,10,0,3.44444
106,36,11,0,3.44444
106,36,12,0,3.44444
106,36,13,0,3.44444
106,36,14,0,3.44444
106,36,15,0,3.44444
106,36,16,0,3.44444
106,36,17,0,3.44444
106,36,18,0,3.44444
106,36,19,0,3.44444
106,36,20,0,3.44444
106,36,21,0,3.44444
106,36,22,0,3.44444
106,36,23,0,3.44444
106,36,24,0,3.44444
106,36,25,0,3.44444
106,36,26,0,3.44444
106,36,27,0,3.44444
106,36,28,0,3.44444
106,36,29,0,3.44444
106,36,30,0,3.44444
106,36,31,0,3.44444
106,36,32,0,3.44444
106,36,33,0,3.44444
106,36,34,124,3.44444
106,36,35,0,3.44444
106,36,36,0,3.44444
106,36,37,0,3.44444
106,36,38,0,3.44444
106,36,39,0,3.44444
106,36,40,0,3.44444
106,36,41,0,3.44444
106,36,42,0,3.44444
106,36,43,0,3.44444
106,36,44,0,3.44444
106,36,45,0,3.44444
106,36,46,0,3.44444
106,36,47,0,3.44444
106,36,48,0,3.44444
106,36,49,0,3.44444
106,36,50,0,3.44444
106,36,51,0,3.44444
106,36,52,0,3.44444
106,36,53,0,3.44444
106,36,54,0,3.44444
106,36,55,0,3.44444
106,36,56,0,3.44444
106,36,57,0,3.44444
106,36,58,0,3.44444
106,36,59,0,3.44444
106,36,60,0,3.44444
106,36,61,0,3.44444
106,36,62,0,3.44444
106,36,63,0,3.44444
106,37,0,0,3.48649
106,37,1,0,3.48649
106,37,2,0,3.48649
106,37,3,0,3.48649
106,37,4,0,3.48649
106,37,5,0,3.48649
106,37,6,0,3.48649
106,37,7,0,3.48649
106,37,8,0,3.48649
106,37,9,0,3.48649
106,37,10,0,3.48649
106,37,11,0,3.48649
106,37,12,0,3.48649
106,37,13,0,3.48649
106,37,14,0,3.48649
106,37,15,0,3.48649
106,37,16,0,3.48649
106,37,17,0,3.48649
106,37,18,0,3.48649
106,37,19,0,3.48649
106,37,20,0,3.48649
106,37,21,0,3.48649
106,37,22,0,3.48649
106,37,23,0,3.48649
106,37,24,0,3.48649
106,37,25,0,3.48649
106,37,26,0,3.48649
106,37,27,0,3.48649
106,37,28,0,3.48649
106,37,29,0,3.48649
106,37,30,0,3.48649
106,37,31,0,3.48649
106,37,32,0,3.48649
106,37,33,0,3.48649
106,37,34,129,3.48649
106,37,35,0,3.48649
106,37,36,0,3.48649
106,37,37,0,3.48649
106,37,38,0,3.48649
106,37,39,0,3.48649
106,37,40,0,3.48649
106,37,41,0,3.48649
106,37,42,0,3.48649
106,37,43,0,3.48649
106,37,44,0,3.48649
106,37,45,0,3.48649
106,37,46,0,3.48649
106,37,47,0,3.48649
106,37,48,0,3.48649
106,37,49,0,3.48649
106,37,50,0,3.48649
106,37,51,0,3.48649
106,37,52,0,3.48649
106,37,53,0,3.48649
106,37,54,0,3.48649
106,37,55,0,3.48649
106,37,56,0,3.48649
106,37,57,0,3.48649
106,37,58,0,3.48649
106,37,59,0,3.48649
106,37,60,0,3.48649
106,37,61,0,3.48649
106,37,62,0,3.48649
106,37,63,0,3.48649
106,38,0,0,3.47368
106,38,1,0,3.47368
106,38,2,0,3.47368
106,38,3,0,3.47368
106,38,4,0,3.47368
106,38,5,0,3.47368
106,38,6,0,3.47368
106,38,7,0,3.47368
106,38,8,0,3.47368
106,38,9,0,3.47368
106,38,10,0,3.47368
106,38,11,0,3.47368
106,38,12,0,3.47368
106,38,13,0,3.47368
106,38,14,0,3.47368
106,38,15,0,3.47368
106,38,16,0,3.47368
106,38,17,0,3.47368
106,38,18,0,3.47368
106,38,19,0,3.47368
106,38,20,0,3.47368
106,38,21,0,3.47368
106,38,22,0,3.47368
106,38,23,0,3.47368
106,38,24,0,3.47368
106,38,25,0,3.47368
106,38,26,0,3.47368
106,38,27,0,3.47368
106,38,28,0,3.47368
106,38,29,0,3.47368
106,38,30,0,3.47368
106,38,31,0,3.47368
106,38,32,0,3.47368
106,38,33,0,3.47368
106,38,34,132,3.47368
106,38,35,0,3.47368
106,38,36,0,3.47368
106,38,37,0,3.47368
106,38,38,0,3.47368
106,38,39,0,3.47368
106,38,40,0,3.47368
106,38,41,0,3.47368
106,38,42,0,3.47368
106,38,43,0,3.47368
106,38,44,0,3.47368
106,38,45,0,3.47368
106,38,46,0,3.47368
106,38,47,0,3.47368
106,38,48,0,3.47368
106,38,49,0,3.47368
106,38,50,0,3.47368
106,38,51,0,3.47368
106,38,52,0,3.47368
106,38,53,0,3.47368
106,38,54,0,3.47368
106,38,55,0,3.47368
106,38,56,0,3.47368
106,38,57,0,3.47368
106,38,58,0,3.47368
106,38,59,0,3.47368
106,38,60,0,3.47368
106,38,61,0,3.47368
106,38,62,0,3.47368
106,38,63,0,3.47368
106,39,0,0,3.4359
106,39,1,0,3.4359
106,39,2,0,3.4359
106,39,3,0,3.4359
106,39,4,0,3.4359
106,39,5,0,3.4359
106,39,6,0,3.4359
106,39,7,0,3.4359
106,39,8,0,3.4359
106,39,9,0,3.4359
106,39,10,0,3.4359
106,39,11,0,3.4359
106,39,12,0,3.4359
106,39,13,0,3.4359
106,39,14,0,3.4359
106,39,15,0,3.4359
106,39,16,0,3.4359
106,39,17,0,3.4359
106,39,18,0,3.4359
106,39,19,0,3.4359
106,39,20,0,3.4359
106,39,21,0,3.4359
106,39,22,0,3.4359
106,39,23,0,3.4359
106,39,24,0,3.4359
106,39,25,0,3.4359
106,39,26,0,3.4359
106,39,27,0,3.4359
106,39,28,0,3.4359
106,39,29,0,3.4359
106,39,30,0,3.4359
106,39,31,0,3.4359
106,39,32,0,3.4359
106,39,33,0,3.4359
106,39,34,134,3.4359
106,39,35,0,3.4359
106,39,36,0,3.4359
106,39,37,0,3.4359
106,39,38,0,3.4359
106,39,39,0,3.4359
106,39,40,0,3.4359
106,39,41,0,3.4359
106,39,42,0,3.4359
106,39,43,0,3.4359
106,39,44,0,3.4359
106,39,45,0,3.4359
106,39,46,0,3.4359
106,39,47,0,3.4359
106,39,48,0,3.4359
106,39,49,0,3.4359
106,39,50,0,3.4359
106,39,51,0,3.4359
106,39,52,0,3.4359
106,39,53,0,3.4359
106,39,54,0,3.4359
106,39,55,0,3.4359
106,39,56,0,3.4359
106,39,57,0,3.4359
106,39,58,0,3.4359
106,39,59,0,3.4359
106,39,60,0,3.4359
106,39,61,0,3.4359
106,39,62,0,3.4359
106,39,63,0,3.4359
106,40,0,0,3.625
106,40,1,0,3.625
106,40,2,0,3.625
106,40,3,0,3.625
106,40,4,0,3.625
106,40,5,0,3.625
106,40,6,0,3.625
106,40,7,0,3.625
106,40,8,0,3.625
106,40,9,0,3.625
106,40,10,0,3.625
106,40,11,0,3.625
106,40,12,0,3.625
106,40,13,0,3.625
106,40,14,0,3.625
106,40,15,0,3.625
106,40,16,0,3.625
106,40,17,0,3.625
106,40,18,0,3.625
106,40,19,0,3.625
106,40,20,0,3.625
106,40,21,0,3.625
106,40,22,0,3.625
106,40,23,0,3.625
106,40,24,0,3.625
106,40,25,0,3.625
106,40,26,0,3.625
106,40,27,0,3.625
106,40,28,0,3.625
106,40,29,0,3.625
106,40,30,0,3.625
106,40,31,0,3.625
106,40,32,0,3.625
106,40,33,0,3.625
106,40,34,145,3.625
106,40,35,0,3.625
106,40,36,0,3.625
106,40,37,0,3.625
106,40,38,0,3.625
106,40,39,0,3.625
106,40,40,0,3.625
106,40,41,0,3.625
106,40,42,0,3.625
106,40,43,0,3.625
106,40,44,0,3.625
106,40,45,0,3.625
106,40,46,0,3.625
106,40,47,0,3.625
106,40,48,0,3.625
106,40,49,0,3.625
106,40,50,0,3.625
106,40,51,0,3.625
106,40,52,0,3.625
106,40,53,0,3.625
106,40,54,0,3.625
106,40,55,0,3.625
106,40,56,0,3.625
106,40,57,0,3.625
106,40,58,0,3.625
106,40,59,0,3.625
106,40,60,0,3.625
106,40,61,0,3.625
106,40,62,0,3.625
106,40,63,0,3.625
106,41,0,0,3.60976
106,41,1,0,3.60976
106,41,2,0,3.60976
106,41,3,0,3.60976
106,41,4,0,3.60976
106,41,5,0,3.60976
106,41,6,0,3.60976
106,41,7,0,3.60976
106,41,8,0,3.60976
106,41,9,0,3.60976
106,41,10,0,3.60976
106,41,11,0,3.60976
106,41,12,0,3.60976
106,41,13,0,3.60976
106,41,14,0,3.60976
106,41,15,0,3.60976
106,41,16,0,3.60976
106,41,17,0,3.60976
106,41,18,0,3.60976
106,41,19,0,3.60976
106,41,20,0,3.60976
106,41,21,0,3.60976
106,41,22,0,3.60976
106,41,23,0,3.60976
106,41,24,0,3.60976
106,41,25,0,3.60976
106,41,26,0,3.60976
106,41,27,0,3.60976
106,41,28,0,3.60976
106,41,29,0,3.60976
106,41,30,0,3.60976
106,41,31,0,3.60976
106,41,32,0,3.60976
106,41,33,0,3.60976
106,41,34,148,3.60976
106,41,35,0,3.60976
106,41,36,0,3.60976
106,41,37,0,3.60976
106,41,38,0,3.60976
106,41,39,0,3.60976
106,41,40,0,3.60976
106,41,41,0,3.60976
106,41,42,0,3.60976
106,41,43,0,3.60976
106,41,44,0,3.60976
106,41,45,0,3.60976
106,41,46,0,3.60976
106,41,47,0,3.60976
106,41,48,0,3.60976
106,41,49,0,3.60976
106,41,50,0,3.60976
106,41,51,0,3.60976
106,41,52,0,3.60976
106,41,53,0,3.60976
106,41,54,0,3.60976
106,41,55,0,3.60976
106,41,56,0,3.60976
106,41,57,0,3.60976
106,41,58,0,3.60976
106,41,59,0,3.60976
106,41,60,0,3.60976
106,41,61,0,3.60976
106,41,62,0,3.60976
106,41,63,0,3.60976
106,42,0,0,3.57143
106,42,1,0,3.57143
106,42,2,0,3.57143
106,42,3,0,3.57143
106,42,4,0,3.57143
106,42,5,0,3.57143
106,42,6,0,3.57143
106,42,7,0,3.57143
106,42,8,0,3.57143
106,42,9,0,3.57143
106,42,10,0,3.57143
106,42,11,0,3.57143
106,42,12,0,3.57143
106,42,13,0,3.57143
106,42,14,0,3.57143
106,42,15,0,3.57143
106,42,16,0,3.57143
106,42,17,0,3.57143
106,42,18,0,3.57143
106,42,19,0,3.57143
106,42,20,0,3.57143
106,42,21,0,3.57143
106,42,22,0,3.57143
106,42,23,0,3.57143
106,42,24,0,3.57143
106,42,25,0,3.57143
106,42,26,0,3.57143
106,42,27,0,3.57143
106,42,28,0,3.57143
106,42,29,0,3.57143
106,42,30,0,3.57143
106,42,31,0,3.57143
106,42,32,0,3.57143
106,42,33,0,3.57143
106,42,34,150,3.57143
106,42,35,0,3.57143
106,42,36,0,3.57143
106,42,37,0,3.57143
106,42,38,0,3.57143
106,42,39,0,3.57143
106,42,40,0,3.57143
106,42,41,0,3.57143
106,42,42,0,3.57143
106,42,43,0,3.57143
106,42,44,0,3.57143
106,42,45,0,3.57143
106,42,46,0,3.57143
106,42,47,0,3.57143
106,42,48,0,3.57143
106,42,49,0,3.57143
106,42,50,0,3.57143
106,42,51,0,3.57143
106,42,52,0,3.57143
106,42,53,0,3.57143
106,42,54,0,3.57143
106,42,55,0,3.57143
106,42,56,0,3.57143
106,42,57,0,3.57143
106,42,58,0,3.57143
106,42,59,0,3.57143
106,42,60,0,3.57143
106,42,61,0,3.57143
106,42,62,0,3.57143
106,42,63,0,3.57143
106,43,0,0,3.62791
106,43,1,0,3.62791
106,43,2,0,3.62791
106,43,3,0,3.62791
106,43,4,0,3.62791
106,43,5,0,3.62791
106,43,6,0,3.62791
106,43,7,0,3.62791
106,43,8,0,3.62791
106,43,9,0,3.62791
106,43,10,0,3.62791
106,43,11,0,3.62791
106,43,12,0,3.62791
106,43,13,0,3.62791
106,43,14,0,3.62791
106,43,15,0,3.62791
106,43,16,0,3.62791
106,43,17,0,3.62791
106,43,18,0,3.62791
106,43,19,0,3.62791
106,43,20,0,3.62791
106,43,21,0,3.62791
106,43,22,0,3.62791
106,43,23,0,3.62791
106,43,24,0,3.62791
106,43,25,0,3.62791
106,43,26,0,3.62791
106,43,27,0,3.62791
106,43,28,0,3.62791
106,43,29,0,3.62791
106,43,30,0,3.62791
106,43,31,0,3.62791
106,43,32,0,3.62791
106,43,33,0,3.62791
106,43,34,156,3.62791
106,43,35,0,3.62791
106,43,36,0,3.62791
106,43,37,0,3.62791
106,43,38,0,3.62791
106,43,39,0,3.62791
106,43,40,0,3.62791
106,43,41,0,3.62791
106,43,42,0,3.62791
106,43,43,0,3.62791
106,43,44,0,3.62791
106,43,45,0,3.62791
106,43,46,0,3.62791
106,43,47,0,3.62791
106,43,48,0,3.62791
106,43,49,0,3.62791
106,43,50,0,3.62791
106,43,51,0,3.62791
106,43,52,0,3.62791
106,43,53,0,3.62791
106,43,54,0,3.62791
106,43,55,0,3.62791
106,43,56,0,3.62791
106,43,57,0,3.62791
106,43,58,0,3.62791
106,43,59,0,3.62791
106,43,60,0,3.62791
106,43,61,0,3.62791
106,43,62,0,3.62791
106,43,63,0,3.62791
106,44,0,0,3.75
106,44,1,0,3.75
106,44,2,0,3.75
106,44,3,0,3.75
106,44,4,0,3.75
106,44,5,0,3.75
106,44,6,0,3.75
106,44,7,0,3.75
106,44,8,0,3.75
106,44,9,0,3.75
106,44,10,0,3.75
106,44,11,0,3.75
106,44,12,0,3.75
106,44,13,0,3.75
106,44,14,0,3.75
106,44,15,0,3.75
106,44,16,0,3.75
106,44,17,0,3.75
106,44,18,0,3.75
106,44,19,0,3.75
106,44,20,0,3.75
106,44,21,0,3.75
106,44,22,0,3.75
106,44,23,0,3.75
106,44,24,0,3.75
106,44,25,0,3.75
106,44,26,0,3.75
106,44,27,0,3.75
106,44,28,0,3.75
106,44,29,0,3.75
106,44,30,0,3.75
106,44,31,0,3.75
106,44,32,0,3.75
106,44,33,0,3.75
106,44,34,165,3.75
106,44,35,0,3.75
106,44,36,0,3.75
106,44,37,0,3.75
106,44,38,0,3.75
106,44,39,0,3.75
106,44,40,0,3.75
106,44,41,0,3.75
106,44,42,0,3.75
106,44,43,0,3.75
106,44,44,0,3.75
106,44,45,0,3.75
106,44,46,0,3.75
106,44,47,0,3.75
106,44,48,0,3.75
106,44,49,0,3.75
106,44,50,0,3.75
106,44,51,0,3.75
106,44,52,0,3.75
106,44,53,0,3.75
106,44,54,0,3.75
106,44,55,0,3.75
106,44,56,0,3.75
106,44,57,0,3.75
106,44,58,0,3.75
106,44,59,0,3.75
106,44,60,0,3.75
106,44,61,0,3.75
106,44,62,0,3.75
106,44,63,0,3.75
106,45,0,0,3.73333
106,45,1,0,3.73333
106,45,2,0,3.73333
106,45,3,0,3.73333
106,45,4,0,3.73333
106,45,5,0,3.73333
106,45,6,0,3.73333
106,45,7,0,3.73333
106,45,8,0,3.73333
106,45,9,0,3.73333
106,45,10,0,3.73333
106,45,11,0,3.73333
106,45,12,0,3.73333
106,45,13,0,3.73333
106,45,14,0,3.73333
106,45,15,0,3.73333
106,45,16,0,3.73333
106,45,17,0,3.73333
106,45,18,0,3.73333
106,45,19,0,3.73333
106,45,20,0,3.73333
106,45,21,0,3.73333
106,45,22,0,3.73333
106,45,23,0,3.73333
106,45,24,0,3.73333
106,45,25,0,3.73333
106,45,26,0,3.73333
106,45,27,0,3.73333
106,45,28,0,3.73333
106,45,29,0,3.73333
106,45,30,0,3.73333
106,45,31,0,3.73333
106,45,32,0,3.73333
106,45,33,0,3.73333
106,45,34,168,3.73333
106,45,35,0,3.73333
106,45,36,0,3.73333
106,45,37,0,3.73333
106,45,38,0,3.73333
106,45,39,0,3.73333
106,45,40,0,3.73333
106,45,41,0,3.73333
106,45,42,0,3.73333
106,45,43,0,3.73333
106,45,44,0,3.73333
106,45,45,0,3.73333
106,45,46,0,3.73333
106,45,47,0,3.73333
106,45,48,0,3.73333
106,45,49,0,3.73333
106,45,50,0,3.73333
106,45,51,0,3.73333
106,45,52,0,3.73333
106,45,53,0,3.73333
106,45,54,0,3.73333
106,45,55,0,3.73333
106,45,56,0,3.73333
106,45,57,0,3.73333
106,45,58,0,3.73333
106,45,59,0,3.73333
106,45,60,0,3.73333
106,45,61,0,3.73333
106,45,62,0,3.73333
106,45,63,0,3.73333
106,46,0,0,3.80435
106,46,1,0,3.80435
106,46,2,0,3.80435
106,46,3,0,3.80435
106,46,4,0,3.80435
106,46,5,0,3.80435
106,46,6,0,3.80435
106,46,7,0,3.80435
106,46,8,0,3.80435
106,46,9,0,3.80435
106,46,10,0,3.80435
106,46,11,0,3.80435
106,46,12,0,3.80435
106,46,13,0,3.80435
106,46,14,0,3.80435
106,46,15,0,3.80435
106,46,16,0,3.80435
106,46,17,0,3.80435
106,46,18,0,3.80435
106,46,19,0,3.80435
106,46,20,0,3.80435
106,46,21,0,3.80435
106,46,22,0,3.80435
106,46,23,0,3.80435
106,46,24,0,3.80435
106,46,25,0,3.80435
106,46,26,0,3.80435
106,46,27,0,3.80435
106,46,28,0,3.80435
106,46,29,0,3.80435
106,46,30,0,3.80435
106,46,31,0,3.80435
106,46,32,0,3.80435
106,46,33,0,3.80435
106,46,34,175,3.80435
106,46,35,0,3.80435
106,46,36,0,3.80435
106,46,37,0,3.80435
106,46,38,0,3.80435
106,46,39,0,3.80435
106,46,40,0,3.80435
106,46,41,0,3.80435
106,46,42,0,3.80435
106,46,43,0,3.80435
106,46,44,0,3.80435
106,46,45,0,3.80435
106,46,46,0,3.80435
106,46,47,0,3.80435
106,46,48,0,3.80435
106,46,49,0,3.80435
106,46,50,0,3.80435
106,46,51,0,3.80435
106,46,52,0,3.80435
106,46,53,0,3.80435
106,46,54,0,3.80435
106,46,55,0,3.80435
106,46,56,0,3.80435
106,46,57,0,3.80435
106,46,58,0,3.80435
106,46,59,0,3.80435
106,46,60,0,3.80435
106,46,61,0,3.80435
106,46,62,0,3.80435
106,46,63,0,3.80435
106,47,0,0,3.76596
106,47,1,0,3.76596
106,47,2,0,3.76596
106,47,3,0,3.76596
106,47,4,0,3.76596
106,47,5,0,3.76596
106,47,6,0,3.76596
106,47,7,0,3.76596
106,47,8,0,3.76596
106,47,9,0,3.76596
106,47,10,0,3.76596
106,47,11,0,3.76596
106,47,12,0,3.76596
106,47,13,0,3.76596
106,47,14,0,3.76596
106,47,15,0,3.76596
106,47,16,0,3.76596
106,47,17,0,3.76596
106,47,18,0,3.76596
106,47,19,0,3.76596
106,47,20,0,3.76596
106,47,21,0,3.76596
106,47,22,0,3.76596
106,47,23,0,3.76596
106,47,24,0,3.76596
106,47,25,0,3.76596
106,47,26,0,3.76596
106,47,27,0,3.76596
106,47,28,0,3.76596
106,47,29,0,3.76596
106,47,30,0,3.76596
106,47,31,0,3.76596
106,47,32,0,3.76596
106,47,33,0,3.76596
106,47,34,177,3.76596
106,47,35,0,3.76596
106,47,36,0,3.76596
106,47,37,0,3.76596
106,47,38,0,3.76596
106,47,39,0,3.76596
106,47,40,0,3.76596
106,47,41,0,3.76596
106,47,42,0,3.76596
106,47,43,0,3.76596
106,47,44,0,3.76596
106,47,45,0,3.76596
106,47,46,0,3.76596
106,47,47,0,3.76596
106,47,48,0,3.76596
106,47,49,0,3.76596
106,47,50,0,3.76596
106,47,51,0,3.76596
106,47,52,0,3.76596
106,47,53,0,3.76596
106,47,54,0,3.76596
106,47,55,0,3.76596
106,47,56,0,3.76596
106,47,57,0,3.76596
106,47,58,0,3.76596
106,47,59,0,3.76596
106,47,60,0,3.76596
106,47,61,0,3.76596
106,47,62,0,3.76596
106,47,63,0,3.76596
106,48,0,0,3.75
106,48,1,0,3.75
106,48,2,0,3.75
106,48,3,0,3.75
106,48,4,0,3.75
106,48,5,0,3.75
106,48,6,0,3.75
106,48,7,0,3.75
106,48,8,0,3.75
106,48,9,0,3.75
106,48,10,0,3.75
106,48,11,0,3.75
106,48,12,0,3.75
106,48,13,0,3.75
106,48,14,0,3.75
106,48,15,0,3.75
106,48,16,0,3.75
106,48,17,0,3.75
106,48,18,0,3.75
106,48,19,0,3.75
106,48,20,0,3.75
106,48,21,0,3.75
106,48,22,0,3.75
106,48,23,0,3.75
106,48,24,0,3.75
106,48,25,0,3.75
106,48,26,0,3.75
106,48,27,0,3.75
106,48,28,0,3.75
106,48,29,0,3.75
106,48,30,0,3.75
106,48,31,0,3.75
106,48,32,0,3.75
106,48,33,0,3.75
106,48,34,180,3.75
106,48,35,0,3.75
106,48,36,0,3.75
106,48,37,0,3.75
106,48,38,0,3.75
106,48,39,0,3.75
106,48,40,0,3.75
106,48,41,0,3.75
106,48,42,0,3.75
106,48,43,0,3.75
106,48,44,0,3.75
106,48,45,0,3.75
106,48,46,0,3.75
106,48,47,0,3.75
106,48,48,0,3.75
106,48,49,0,3.75
106,48,50,0,3.75
106,48,51,0,3.75
106,48,52,0,3.75
106,48,53,0,3.75
106,48,54,0,3.75
106,48,55,0,3.75
106,48,56,0,3.75
106,48,57,0,3.75
106,48,58,0,3.75
106,48,59,0,3.75
106,48,60,0,3.75
106,48,61,0,3.75
106,48,62,0,3.75
106,48,63,0,3.75
106,49,0,0,3.71429
106,49,1,0,3.71429
106,49,2,0,3.71429
106,49,3,0,3.71429
106,49,4,0,3.71429
106,49,5,0,3.71429
106,49,6,0,3.71429
106,49,7,0,3.71429
106,49,8,0,3.71429
106,49,9,0,3.71429
106,49,10,0,3.71429
106,49,11,0,3.71429
106,49,12,0,3.71429
106,49,13,0,3.71429
106,49,14,0,3.71429
106,49,15,0,3.71429
106,49,16,0,3.71429
106,49,17,0,3.71429
106,49,18,0,3.71429
106,49,19,0,3.71429
106,49,20,0,3.71429
106,49,21,0,3.71429
106,49,22,0,3.71429
106,49,23,0,3.71429
106,49,24,0,3.71429
106,49,25,0,3.71429
106,49,26,0,3.71429
106,49,27,0,3.71429
106,49,28,0,3.71429
106,49,29,0,3.71429
106,49,30,0,3.71429
106,49,31,0,3.71429
106,49,32,0,3.71429
106,49,33,0,3.71429
106,49,34,182,3.71429
106,49,35,0,3.71429
106,49,36,0,3.71429
106,49,37,0,3.71429
106,49,38,0,3.71429
106,49,39,0,3.71429
106,49,40,0,3.71429
106,49,41,0,3.71429
106,49,42,0,3.71429
106,49,43,0,3.71429
106,49,44,0,3.71429
106,49,45,0,3.71429
106,49,46,0,3.71429
106,49,47,0,3.71429
106,49,48,0,3.71429
106,49,49,0,3.71429
106,49,50,0,3.71429
106,49,51,0,3.71429
106,49,52,0,3.71429
106,49,53,0,3.71429
106,49,54,0,3.71429
106,49,55,0,3.71429
106,49,56,0,3.71429
106,49,57,0,3.71429
106,49,58,0,3.71429
106,49,59,0,3.71429
106,49,60,0,3.71429
106,49,61,0,3.71429
106,49,62,0,3.71429
106,49,63,0,3.71429
106,50,0,0,3.7
106,50,1,0,3.7
106,50,2,0,3.7
106,50,3,0,3.7
106,50,4,0,3.7
106,50,5,0,3.7
106,50,6,0,3.7
106,50,7,0,3.7
106,50,8,0,3.7
106,50,9,0,3.7
106,50,10,0,3.7
106,50,11,0,3.7
106,50,12,0,3.7
106,50,13,0,3.7
106,50,14,0,3.7
106,50,15,0,3.7
106,50,16,0,3.7
106,50,17,0,3.7
106,50,18,0,3.7
106,50,19,0,3.7
106,50,20,0,3.7
106,50,21,0,3.7
106,50,22,0,3.7
106,50,23,0,3.7
106,50,24,0,3.7
106,50,25,0,3.7
106,50,26,0,3.7
106,50,27,0,3.7
106,50,28,0,3.7
106,50,29,0,3.7
106,50,30,0,3.7
106,50,31,0,3.7
106,50,32,0,3.7
106,50,33,0,3.7
106,50,34,185,3.7
106,50,35,0,3.7
106,50,36,0,3.7
106,50,37,0,3.7
106,50,38,0,3.7
106,50,39,0,3.7
106,50,40,0,3.7
106,50,41,0,3.7
106,50,42,0,3.7
106,50,43,0,3.7
106,50,44,0,3.7
106,50,45,0,3.7
106,50,46,0,3.7
106,50,47,0,3.7
106,50,48,0,3.7
106,50,49,0,3.7
106,50,50,0,3.7
106,50,51,0,3.7
106,50,52,0,3.7
106,50,53,0,3.7
106,50,54,0,3.7
106,50,55,0,3.7
106,50,56,0,3.7
106,50,57,0,3.7
106,50,58,0,3.7
106,50,59,0,3.7
106,50,60,0,3.7
106,50,61,0,3.7
106,50,62,0,3.7
106,50,63,0,3.7
106,51,0,0,3.66667
106,51,1,0,3.66667
106,51,2,0,3.66667
106,51,3,0,3.66667
106,51,4,0,3.66667
106,51,5,0,3.66667
106,51,6,0,3.66667
106,51,7,0,3.66667
106,51,8,0,3.66667
106,51,9,0,3.66667
106,51,10,0,3.66667
106,51,11,0,3.66667
106,51,12,0,3.66667
106,51,13,0,3.66667
106,51,14,0,3.66667
106,51,15,0,3.66667
106,51,16,0,3.66667
106,51,17,0,3.66667
106,51,18,0,3.66667
106,51,19,0,3.66667
106,51,20,0,3.66667
106,51,21,0,3.66667
106,51,22,0,3.66667
106,51,23,0,3.66667
106,51,24,0,3.66667
106,51,25,0,3.66667
106,51,26,0,3.66667
106,51,27,0,3.66667
106,51,28,0,3.66667
106,51,29,0,3.66667
106,51,30,0,3.66667
106,51,31,0,3.66667
106,51,32,0,3.66667
106,51,33,0,3.66667
106,51,34,187,3.66667
106,51,35,0,3.66667
106,51,36,0,3.66667
106,51,37,0,3.66667
106,51,38,0,3.66667
106,51,39,0,3.66667
106,51,40,0,3.66667
106,51,41,0,3.66667
106,51,42,0,3.66667
106,51,43,0,3.66667
106,51,44,0,3.66667
106,51,45,0,3.66667
106,51,46,0,3.66667
106,51,47,0,3.66667
106,51,48,0,3.66667
106,51,49,0,3.66667
106,51,50,0,3.66667
106,51,51,0,3.66667
106,51,52,0,3.66667
106,51,53,0,3.66667
106,51,54,0,3.66667
106,51,55,0,3.66667
106,51,56,0,3.66667
106,51,57,0,3.66667
106,51,58,0,3.66667
106,51,59,0,3.66667
106,51,60,0,3.66667
106,51,61,0,3.66667
106,51,62,0,3.66667
106,51,63,0,3.66667
106,52,0,0,3.69231
106,52,1,0,3.69231
106,52,2,0,3.69231
106,52,3,0,3.69231
106,52,4,0,3.69231
106,52,5,0,3.69231
106,52,6,0,3.69231
106,52,7,0,3.69231
106,52,8,0,3.69231
106,52,9,0,3.69231
106,52,10,0,3.69231
106,52,11,0,3.69231
106,52,12,0,3.69231
106,52,13,0,3.69231
106,52,14,0,3.69231
106,52,15,0,3.69231
106,52,16,0,3.69231
106,52,17,0,3.69231
106,52,18,0,3.69231
106,52,19,0,3.69231
106,52,20,0,3.69231
106,52,21,0,3.69231
106,52,22,0,3.69231
106,52,23,0,3.69231
106,52,24,0,3.69231
106,52,25,0,3.69231
106,52,26,0,3.69231
106,52,27,0,3.69231
106,52,28,0,3.69231
106,52,29,0,3.69231
106,52,30,0,3.69231
106,52,31,0,3.69231
106,52,32,0,3.69231
106,52,33,0,3.69231
106,52,34,192,3.69231
106,52,35,0,3.69231
106,52,36,0,3.69231
106,52,37,0,3.69231
106,52,38,0,3.69231
106,52,39,0,3.69231
106,52,40,0,3.69231
106,52,41,0,3.69231
106,52,42,0,3.69231
106,52,43,0,3.69231
106,52,44,0,3.69231
106,52,45,0,3.69231
106,52,46,0,3.69231
106,52,47,0,3.69231
106,52,48,0,3.69231
106,52,49,0,3.69231
106,52,50,0,3.69231
106,52,51,0,3.69231
106,52,52,0,3.69231
106,52,53,0,3.69231
106,52,54,0,3.69231
106,52,55,0,3.69231
106,52,56,0,3.69231
106,52,57,0,3.69231
106,52,58,0,3.69231
106,52,59,0,3.69231
106,52,60,0,3.69231
106,52,61,0,3.69231
106,52,62,0,3.69231
106,52,63,0,3.69231
106,53,0,0,3.75472
106,53,1,0,3.75472
106,53,2,0,3.75472
106,53,3,0,3.75472
106,53,4,0,3.75472
106,53,5,0,3.75472
106,53,6,0,3.75472
106,53,7,0,3.75472
106,53,8,0,3.75472
106,53,9,0,3.75472
106,53,10,0,3.75472
106,53,11,0,3.75472
106,53,12,0,3.75472
106,53,13,0,3.75472
106,53,14,0,3.75472
106,53,15,0,3.75472
106,53,16,0,3.75472
106,53,17,0,3.75472
106,53,18,0,3.75472
106,53,19,0,3.75472
106,53,20,0,3.75472
106,53,21,0,3.75472
106,53,22,0,3.75472
106,53,23,0,3.75472
106,53,24,0,3.75472
106,53,25,0,3.75472
106,53,26,0,3.75472
106,53,27,0,3.75472
106,53,28,0,3.75472
106,53,29,0,3.75472
106,53,30,0,3.75472
106,53,31,0,3.75472
106,53,32,0,3.75472
106,53,33,0,3.75472
106,53,34,199,3.75472
106,53,35,0,3.75472
106,53,36,0,3.75472
106,53,37,0,3.75472
106,53,38,0,3.75472
106,53,39,0,3.75472
106,53,40,0,3.75472
106,53,41,0,3.75472
106,53,42,0,3.75472
106,53,43,0,3.75472
106,53,44,0,3.75472
106,53,45,0,3.75472
106,53,46,0,3.75472
106,53,47,0,3.75472
106,53,48,0,3.75472
106,53,49,0,3.75472
106,53,50,0,3.75472
106,53,51,0,3.75472
106,53,52,0,3.75472
106,53,53,0,3.75472
106,53,54,0,3.75472
106,53,55,0,3.75472
106,53,56,0,3.75472
106,53,57,0,3.75472
106,53,58,0,3.75472
106,53,59,0,3.75472
106,53,60,0,3.75472
106,53,61,0,3.75472
106,53,62,0,3.75472
106,53,63,0,3.75472
106,54,0,0,3.72222
106,54,1,0,3.72222
106,54,2,0,3.72222
106,54,3,0,3.72222
106,54,4,0,3.72222
106,54,5,0,3.72222
106,54,6,0,3.72222
106,54,7,0,3.72222
106,54,8,0,3.72222
106,54,9,0,3.72222
106,54,10,0,3.72222
106,54,11,0,3.72222
106,54,12,0,3.72222
106,54,13,0,3.72222
106,54,14,0,3.72222
106,54,15,0,3.72222
106,54,16,0,3.72222
106,54,17,0,3.72222
106,54,18,0,3.72222
106,54,19,0,3.72222
106,54,20,0,3.72222
106,54,21,0,3.72222
106,54,22,0,3.72222
106,54,23,0,3.72222
106,54,24,0,3.72222
106,54,25,0,3.72222
106,54,26,0,3.72222
106,54,27,0,3.72222
106,54,28,0,3.72222
106,54,29,0,3.72222
106,54,30,0,3.72222
106,54,31,0,3.72222
106,54,32,0,3.72222
106,54,33,0,3.72222
106,54,34,201,3.72222
106,54,35,0,3.72222
106,54,36,0,3.72222
106,54,37,0,3.72222
106,54,38,0,3.72222
106,54,39,0,3.72222
106,54,40,0,3.72222
106,54,41,0,3.72222
106,54,42,0,3.72222
106,54,43,0,3.72222
106,54,44,0,3.72222
106,54,45,0,3.72222
106,54,46,0,3.72222
106,54,47,0,3.72222
106,54,48,0,3.72222
106,54,49,0,3.72222
106,54,50,0,3.72222
106,54,51,0,3.72222
106,54,52,0,3.72222
106,54,53,0,3.72222
106,54,54,0,3.72222
106,54,55,0,3.72222
106,54,56,0,3.72222
106,54,57,0,3.72222
106,54,58,0,3.72222
106,54,59,0,3.72222
106,54,60,0,3.72222
106,54,61,0,3.72222
106,54,62,0,3.72222
106,54,63,0,3.72222
106,55,0,0,3.70909
106,55,1,0,3.70909
106,55,2,0,3.70909
106,55,3,0,3.70909
106,55,4,0,3.70909
106,55,5,0,3.70909
106,55,6,0,3.70909
106,55,7,0,3.70909
106,55,8,0,3.70909
106,55,9,0,3.70909
106,55,10,0,3.70909
106,55,11,0,3.70909
106,55,12,0,3.70909
106,55,13,0,3.70909
106,55,14,0,3.70909
106,55,15,0,3.70909
106,55,16,0,3.70909
106,55,17,0,3.70909
106,55,18,0,3.70909
106,55,19,0,3.70909
106,55,20,0,3.70909
106,55,21,0,3.70909
106,55,22,0,3.70909
106,55,23,0,3.70909
106,55,24,0,3.70909
106,55,25,0,3.70909
106,55,26,0,3.70909
106,55,27,0,3.70909
106,55,28,0,3.70909
106,55,29,0,3.70909
106,55,30,0,3.70909
106,55,31,0,3.70909
106,55,32,0,3.70909
106,55,33,0,3.70909
106,55,34,204,3.70909
106,55,35,0,3.70909
106,55,36,0,3.70909
106,55,37,0,3.70909
106,55,38,0,3.70909
106,55,39,0,3.70909
106,55,40,0,3.70909
106,55,41,0,3.70909
106,55,42,0,3.70909
106,55,43,0,3.70909
106,55,44,0,3.70909
106,55,45,0,3.70909
106,55,46,0,3.70909
106,55,47,0,3.70909
106,55,48,0,3.70909
106,55,49,0,3.70909
106,55,50,0,3.70909
106,55,51,0,3.70909
106,55,52,0,3.70909
106,55,53,0,3.70909
106,55,54,0,3.70909
106,55,55,0,3.70909
106,55,56,0,3.70909
106,55,57,0,3.70909
106,55,58,0,3.70909
106,55,59,0,3.70909
106,55,60,0,3.70909
106,55,61,0,3.70909
106,55,62,0,3.70909
106,55,63,0,3.70909
106,56,0,0,3.69643
106,56,1,0,3.69643
106,56,2,0,3.69643
106,56,3,0,3.69643
106,56,4,0,3.69643
106,56,5,0,3.69643
106,56,6,0,3.69643
106,56,7,0,3.69643
106,56,8,0,3.69643
106,56,9,0,3.69643
106,56,10,0,3.69643
106,56,11,0,3.69643
106,56,12,0,3.69643
106,56,13,0,3.69643
106,56,14,0,3.69643
106,56,15,0,3.69643
106,56,16,0,3.69643
106,56,17,0,3.69643
106,56,18,0,3.69643
106,56,19,0,3.69643
106,56,20,0,3.69643
106,56,21,0,3.69643
106,56,22,0,3.69643
106,56,23,0,3.69643
106,56,24,0,3.69643
106,56,25,0,3.69643
106,56,26,0,3.69643
106,56,27,0,3.69643
106,56,28,0,3.69643
106,56,29,0,3.69643
106,56,30,0,3.69643
106,56,31,0,3.69643
106,56,32,0,3.69643
106,56,33,0,3.69643
106,56,34,207,3.69643
106,56,35,0,3.69643
106,56,36,0,3.69643
106,56,37,0,3.69643
106,56,38,0,3.69643
106,56,39,0,3.69643
106,56,40,0,3.69643
106,56,41,0,3.69643
106,56,42,0,3.69643
106,56,43,0,3.69643
106,56,44,0,3.69643
106,56,45,0,3.69643
106,56,46,0,3.69643
106,56,47,0,3.69643
106,56,48,0,3.69643
106,56,49,0,3.69643
106,56,50,0,3.69643
106,56,51,0,3.69643
106,56,52,0,3.69643
106,56,53,0,3.69643
106,56,54,0,3.69643
106,56,55,0,3.69643
106,56,56,0,3.69643
106,56,57,0,3.69643
106,56,58,0,3.69643
106,56,59,0,3.69643
106,56,60,0,3.69643
106,56,61,0,3.69643
106,56,62,0,3.69643
106,56,63,0,3.69643
106,57,0,0,3.70175
106,57,1,0,3.70175
106,57,2,0,3.70175
106,57,3,0,3.70175
106,57,4,0,3.70175
106,57,5,0,3.70175
106,57,6,0,3.70175
106,57,7,0,3.70175
106,57,8,0,3.70175
106,57,9,0,3.70175
106,57,10,0,3.70175
106,57,11,0,3.70175
106,57,12,0,3.70175
106,57,13,0,3.70175
106,57,14,0,3.70175
106,57,15,0,3.70175
106,57,16,0,3.70175
106,57,17,0,3.70175
106,57,18,0,3.70175
106,57,19,0,3.70175
106,57,20,0,3.70175
106,57,21,0,3.70175
106,57,22,0,3.70175
106,57,23,0,3.70175
106,57,24,0,3.70175
106,57,25,0,3.70175
106,57,26,0,3.70175
106,57,27,0,3.70175
106,57,28,0,3.70175
106,57,29,0,3.70175
106,57,30,0,3.70175
106,57,31,0,3.70175
106,57,32,0,3.70175
106,57,33,0,3.70175
106,57,34,211,3.70175
106,57,35,0,3.70175
106,57,36,0,3.70175
106,57,37,0,3.70175
106,57,38,0,3.70175
106,57,39,0,3.70175
106,57,40,0,3.70175
106,57,41,0,3.70175
106,57,42,0,3.70175
106,57,43,0,3.70175
106,57,44,0,3.70175
106,57,45,0,3.70175
106,57,46,0,3.70175
106,57,47,0,3.70175
106,57,48,0,3.70175
106,57,49,0,3.70175
106,57,50,0,3.70175
106,57,51,0,3.70175
106,57,52,0,3.70175
106,57,53,0,3.70175
106,57,54,0,3.70175
106,57,55,0,3.70175
106,57,56,0,3.70175
106,57,57,0,3.70175
106,57,58,0,3.70175
106,57,59,0,3.70175
106,57,60,0,3.70175
106,57,61,0,3.70175
106,57,62,0,3.70175
106,57,63,0,3.70175
106,58,0,0,3.7069
106,58,1,0,3.7069
106,58,2,0,3.7069
106,58,3,0,3.7069
106,58,4,0,3.7069
106,58,5,0,3.7069
106,58,6,0,3.7069
106,58,7,0,3.7069
106,58,8,0,3.7069
106,58,9,0,3.7069
106,58,10,0,3.7069
106,58,11,0,3.7069
106,58,12,0,3.7069
106,58,13,0,3.7069
106,58,14,0,3.7069
106,58,15,0,3.7069
106,58,16,0,3.7069
106,58,17,0,3.7069
106,58,18,0,3.7069
106,58,19,0,3.7069
106,58,20,0,3.7069
106,58,21,0,3.7069
106,58,22,0,3.7069
106,58,23,0,3.7069
106,58,24,0,3.7069
106,58,25,0,3.7069
106,58,26,0,3.7069
106,58,27,0,3.7069
106,58,28,0,3.7069
106,58,29,0,3.7069
106,58,30,0,3.7069
106,58,31,0,3.7069
106,58,32,0,3.7069
106,58,33,0,3.7069
106,58,34,215,3.7069
106,58,35,0,3.7069
106,58,36,0,3.7069
106,58,37,0,3.7069
106,58,38,0,3.7069
106,58,39,0,3.7069
106,58,40,0,3.7069
106,58,41,0,3.7069
106,58,42,0,3.7069
106,58,43,0,3.7069
106,58,44,0,3.7069
106,58,45,0,3.7069
106,58,46,0,3.7069
106,58,47,0,3.7069
106,58,48,0,3.7069
106,58,49,0,3.7069
106,58,50,0,3.7069
106,58,51,0,3.7069
106,58,52,0,3.7069
106,58,53,0,3.7069
106,58,54,0,3.7069
106,58,55,0,3.7069
106,58,56,0,3.7069
106,58,57,0,3.7069
106,58,58,0,3.7069
106,58,59,0,3.7069
106,58,60,0,3.7069
106,58,61,0,3.7069
106,58,62,0,3.7069
106,58,63,0,3.7069
106,59,0,0,3.67797
106,59,1,0,3.67797
106,59,2,0,3.67797
106,59,3,0,3.67797
106,59,4,0,3.67797
106,59,5,0,3.67797
106,59,6,0,3.67797
106,59,7,0,3.67797
106,59,8,0,3.67797
106,59,9,0,3.67797
106,59,10,0,3.67797
106,59,11,0,3.67797
106,59,12,0,3.67797
106,59,13,0,3.67797
106,59,14,0,3.67797
106,59,15,0,3.67797
106,59,16,0,3.67797
106,59,17,0,3.67797
106,59,18,0,3.67797
106,59,19,0,3.67797
106,59,20,0,3.67797
106,59,21,0,3.67797
106,59,22,0,3.67797
106,59,23,0,3.67797
106,59,24,0,3.67797
106,59,25,0,3.67797
106,59,26,0,3.67797
106,59,27,0,3.67797
106,59,28,0,3.67797
106,59,29,0,3.67797
106,59,30,0,3.67797
106,59,31,0,3.67797
106,59,32,0,3.67797
106,59,33,0,3.67797
106,59,34,217,3.67797
106,59,35,0,3.67797
106,59,36,0,3.67797
106,59,37,0,3.67797
106,59,38,0,3.67797
106,59,39,0,3.67797
106,59,40,0,3.67797
106,59,41,0,3.67797
106,59,42,0,3.67797
106,59,43,0,3.67797
106,59,44,0,3.67797
106,59,45,0,3.67797
106,59,46,0,3.67797
106,59,47,0,3.67797
106,59,48,0,3.67797
106,59,49,0,3.67797
106,59,50,0,3.67797
106,59,51,0,3.67797
106,59,52,0,3.67797
106,59,53,0,3.67797
106,59,54,0,3.67797
106,59,55,0,3.67797
106,59,56,0,3.67797
106,59,57,0,3.67797
106,59,58,0,3.67797
106,59,59,0,3.67797
106,59,60,0,3.67797
106,59,61,0,3.67797
106,59,62,0,3.67797
106,59,63,0,3.67797
106,60,0,0,3.7
106,60,1,0,3.7
106,60,2,0,3.7
106,60,3,0,3.7
106,60,4,0,3.7
106,60,5,0,3.7
106,60,6,0,3.7
106,60,7,0,3.7
106,60,8,0,3.7
106,60,9,0,3.7
106,60,10,0,3.7
106,60,11,0,3.7
106,60,12,0,3.7
106,60,13,0,3.7
106,60,14,0,3.7
106,60,15,0,3.7
106,60,16,0,3.7
106,60,17,0,3.7
106,60,18,0,3.7
106,60,19,0,3.7
106,60,20,0,3.7
106,60,21,0,3.7
106,60,22,0,3.7
106,60,23,0,3.7
106,60,24,0,3.7
106,60,25,0,3.7
106,60,26,0,3.7
106,60,27,0,3.7
106,60,28,0,3.7
106,60,29,0,3.7
106,60,30,0,3.7
106,60,31,0,3.7
106,60,32,0,3.7
106,60,33,0,3.7
106,60,34,222,3.7
106,60,35,0,3.7
106,60,36,0,3.7
106,60,37,0,3.7
106,60,38,0,3.7
106,60,39,0,3.7
106,60,40,0,3.7
106,60,41,0,3.7
106,60,42,0,3.7
106,60,43,0,3.7
106,60,44,0,3.7
106,60,45,0,3.7
106,60,46,0,3.7
106,60,47,0,3.7
106,60,48,0,3.7
106,60,49,0,3.7
106,60,50,0,3.7
106,60,51,0,3.7
106,60,52,0,3.7
106,60,53,0,3.7
106,60,54,0,3.7
106,60,55,0,3.7
106,60,56,0,3.7
106,60,57,0,3.7
106,60,58,0,3.7
106,60,59,0,3.7
106,60,60,0,3.7
106,60,61,0,3.7
106,60,62,0,3.7
106,60,63,0,3.7
106,61,0,0,3.80328
106,61,1,0,3.80328
106,61,2,0,3.80328
106,61,3,0,3.80328
106,61,4,0,3.80328
106,61,5,0,3.80328
106,61,6,0,3.80328
106,61,7,0,3.80328
106,61,8,0,3.80328
106,61,9,0,3.80328
106,61,10,0,3.80328
106,61,11,0,3.80328
106,61,12,0,3.80328
106,61,13,0,3.80328
106,61,14,0,3.80328
106,61,15,0,3.80328
106,61,16,0,3.80328
106,61,17,0,3.80328
106,61,18,0,3.80328
106,61,19,0,3.80328
106,61,20,0,3.80328
106,61,21,0,3.80328
106,61,22,0,3.80328
106,61,23,0,3.80328
106,61,24,0,3.80328
106,61,25,0,3.80328
106,61,26,0,3.80328
106,61,27,0,3.80328
106,61,28,0,3.80328
106,61,29,0,3.80328
106,61,30,0,3.80328
106,61,31,0,3.80328
106,61,32,0,3.80328
106,61,33,0,3.80328
106,61,34,232,3.80328
106,61,35,0,3.80328
106,61,36,0,3.80328
106,61,37,0,3.80328
106,61,38,0,3.80328
106,61,39,0,3.80328
106,61,40,0,3.80328
106,61,41,0,3.80328
106,61,42,0,3.80328
106,61,43,0,3.80328
106,61,44,0,3.80328
106,61,45,0,3.80328
106,61,46,0,3.80328
106,61,47,0,3.80328
106,61,48,0,3.80328
106,61,49,0,3.80328
106,61,50,0,3.80328
106,61,51,0,3.80328
106,61,52,0,3.80328
106,61,53,0,3.80328
106,61,54,0,3.80328
106,61,55,0,3.80328
106,61,56,0,3.80328
106,61,57,0,3.80328
106,61,58,0,3.80328
106,61,59,0,3.80328
106,61,60,0,3.80328
106,61,61,0,3.80328
106,61,62,0,3.80328
106,61,63,0,3.80328
106,62,0,0,3.79032
106,62,1,0,3.79032
106,62,2,0,3.79032
106,62,3,0,3.79032
106,62,4,0,3.79032
106,62,5,0,3.79032
106,62,6,0,3.79032
106,62,7,0,3.79032
106,62,8,0,3.79032
106,62,9,0,3.79032
106,62,10,0,3.79032
106,62,11,0,3.79032
106,62,12,0,3.79032
106,62,13,0,3.79032
106,62,14,0,3.79032
106,62,15,0,3.79032
106,62,16,0,3.79032
106,62,17,0,3.79032
106,62,18,0,3.79032
106,62,19,0,3.79032
106,62,20,0,3.79032
106,62,21,0,3.79032
106,62,22,0,3.79032
106,62,23,0,3.79032
106,62,24,0,3.79032
106,62,25,0,3.79032
106,62,26,0,3.79032
106,62,27,0,3.79032
106,62,28,0,3.79032
106,62,29,0,3.79032
106,62,30,0,3.79032
106,62,31,0,3.79032
106,62,32,0,3.79032
106,62,33,0,3.79032
106,62,34,235,3.79032
106,62,35,0,3.79032
106,62,36,0,3.79032
106,62,37,0,3.79032
106,62,38,0,3.79032
106,62,39,0,3.79032
106,62,40,0,3.79032
106,62,41,0,3.79032
106,62,42,0,3.79032
106,62,43,0,3.79032
106,62,44,0,3.79032
106,62,45,0,3.79032
106,62,46,0,3.79032
106,62,47,0,3.79032
106,62,48,0,3.79032
106,62,49,0,3.79032
106,62,50,0,3.79032
106,62,51,0,3.79032
106,62,52,0,3.79032
106,62,53,0,3.79032
106,62,54,0,3.79032
106,62,55,0,3.79032
106,62,56,0,3.79032
106,62,57,0,3.79032
106,62,58,0,3.79032
106,62,59,0,3.79032
106,62,60,0,3.79032
106,62,61,0,3.79032
106,62,62,0,3.79032
106,62,63,0,3.79032
106,63,0,0,3.79365
106,63,1,0,3.79365
106,63,2,0,3.79365
106,63,3,0,3.79365
106,63,4,0,3.79365
106,63,5,0,3.79365
106,63,6,0,3.79365
106,63,7,0,3.79365
106,63,8,0,3.79365
106,63,9,0,3.79365
106,63,10,0,3.79365
106,63,11,0,3.79365
106,63,12,0,3.79365
106,63,13,0,3.79365
106,63,14,0,3.79365
106,63,15,0,3.79365
106,63,16,0,3.79365
106,63,17,0,3.79365
106,63,18,0,3.79365
106,63,19,0,3.79365
106,63,20,0,3.79365
106,63,21,0,3.79365
106,63,22,0,3.79365
106,63,23,0,3.79365
106,63,24,0,3.79365
106,63,25,0,3.79365
106,63,26,0,3.79365
106,63,27,0,3.79365
106,63,28,0,3.79365
106,63,29,0,3.79365
106,63,30,0,3.79365
106,63,31,0,3.79365
106,63,32,0,3.79365
106,63,33,0,3.79365
106,63,34,239,3.79365
106,63,35,0,3.79365
106,63,36,0,3.79365
106,63,37,0,3.79365
106,63,38,0,3.79365
106,63,39,0,3.79365
106,63,40,0,3.79365
106,63,41,0,3.79365
106,63,42,0,3.79365
106,63,43,0,3.79365
106,63,44,0,3.79365
106,63,45,0,3.79365
106,63,46,0,3.79365
106,63,47,0,3.79365
106,63,48,0,3.79365
106,63,49,0,3.79365
106,63,50,0,3.79365
106,63,51,0,3.79365
106,63,52,0,3.79365
106,63,53,0,3.79365
106,63,54,0,3.79365
106,63,55,0,3.79365
106,63,56,0,3.79365
106,63,57,0,3.79365
106,63,58,0,3.79365
106,63,59,0,3.79365
106,63,60,0,3.79365
106,63,61,0,3.79365
106,63,62,0,3.79365
106,63,63,0,3.79365
106,64,0,0,3.8125
106,64,1,0,3.8125
106,64,2,0,3.8125
106,64,3,0,3.8125
106,64,4,0,3.8125
106,64,5,0,3.8125
106,64,6,0,3.8125
106,64,7,0,3.8125
106,64,8,0,3.8125
106,64,9,0,3.8125
106,64,10,0,3.8125
106,64,11,0,3.8125
106,64,12,0,3.8125
106,64,13,0,3.8125
106,64,14,0,3.8125
106,64,15,0,3.8125
106,64,16,0,3.8125
106,64,17,0,3.8125
106,64,18,0,3.8125
106,64,19,0,3.8125
106,64,20,0,3.8125
106,64,21,0,3.8125
106,64,22,0,3.8125
106,64,23,0,3.8125
106,64,24,0,3.8125
106,64,25,0,3.8125
106,64,26,0,3.8125
106,64,27,0,3.8125
106,64,28,0,3.8125
106,64,29,0,3.8125
106,64,30,0,3.8125
106,64,31,0,3.8125
106,64,32,0,3.8125
106,64,33,0,3.8125
106,64,34,244,3.8125
106,64,35,0,3.8125
106,64,36,0,3.8125
106,64,37,0,3.8125
106,64,38,0,3.8125
106,64,39,0,3.8125
106,64,40,0,3.8125
106,64,41,0,3.8125
106,64,42,0,3.8125
106,64,43,0,3.8125
106,64,44,0,3.8125
106,64,45,0,3.8125
106,64,46,0,3.8125
106,64,47,0,3.8125
106,64,48,0,3.8125
106,64,49,0,3.8125
106,64,50,0,3.8125
106,64,51,0,3.8125
106,64,52,0,3.8125
106,64,53,0,3.8125
106,64,54,0,3.8125
106,64,55,0,3.8125
106,64,56,0,3.8125
106,64,57,0,3.8125
106,64,58,0,3.8125
106,64,59,0,3.8125
106,64,60,0,3.8125
106,64,61,0,3.8125
106,64,62,0,3.8125
106,64,63,0,3.8125
106,65,0,0,3.78462
106,65,1,0,3.78462
106,65,2,0,3.78462
106,65,3,0,3.78462
106,65,4,0,3.78462
106,65,5,0,3.78462
106,65,6,0,3.78462
106,65,7,0,3.78462
106,65,8,0,3.78462
106,65,9,0,3.78462
106,65,10,0,3.78462
106,65,11,0,3.78462
106,65,12,0,3.78462
106,65,13,0,3.78462
106,65,14,0,3.78462
106,65,15,0,3.78462
106,65,16,0,3.78462
106,65,17,0,3.78462
106,65,18,0,3.78462
106,65,19,0,3.78462
106,65,20,0,3.78462
106,65,21,0,3.78462
106,65,22,0,3.78462
106,65,23,0,3.78462
106,65,24,0,3.78462
106,65,25,0,3.78462
106,65,26,0,3.78462
106,65,27,0,3.78462
106,65,28,0,3.78462
106,65,29,0,3.78462
106,65,30,0,3.78462
106,65,31,0,3.78462
106,65,32,0,3.78462
106,65,33,0,3.78462
106,65,34,246,3.78462
106,65,35,0,3.78462
106,65,36,0,3.78462
106,65,37,0,3.78462
106,65,38,0,3.78462
106,65,39,0,3.78462
106,65,40,0,3.78462
106,65,41,0,3.78462
106,65,42,0,3.78462
106,65,43,0,3.78462
106,65,44,0,3.78462
106,65,45,0,3.78462
106,65,46,0,3.78462
106,65,47,0,3.78462
106,65,48,0,3.78462
106,65,49,0,3.78462
106,65,50,0,3.78462
106,65,51,0,3.78462
106,65,52,0,3.78462
106,65,53,0,3.78462
106,65,54,0,3.78462
106,65,55,0,3.78462
106,65,56,0,3.78462
106,65,57,0,3.78462
106,65,58,0,3.78462
106,65,59,0,3.78462
106,65,60,0,3.78462
106,65,61,0,3.78462
106,65,62,0,3.78462
106,65,63,0,3.78462
106,66,0,0,3.78788
106,66,1,0,3.78788
106,66,2,0,3.78788
106,66,3,0,3.78788
106,66,4,0,3.78788
106,66,5,0,3.78788
106,66,6,0,3.78788
106,66,7,0,3.78788
106,66,8,0,3.78788
106,66,9,0,3.78788
106,66,10,0,3.78788
106,66,11,0,3.78788
106,66,12,0,3.78788
106,66,13,0,3.78788
106,66,14,0,3.78788
106,66,15,0,3.78788
106,66,16,0,3.78788
106,66,17,0,3.78788
106,66,18,0,3.78788
106,66,19,0,3.78788
106,66,20,0,3.78788
106,66,21,0,3.78788
106,66,22,0,3.78788
106,66,23,0,3.78788
106,66,24,0,3.78788
106,66,25,0,3.78788
106,66,26,0,3.78788
106,66,27,0,3.78788
106,66,28,0,3.78788
106,66,29,0,3.78788
106,66,30,0,3.78788
106,66,31,0,3.78788
106,66,32,0,3.78788
106,66,33,0,3.78788
106,66,34,250,3.78788
106,66,35,0,3.78788
106,66,36,0,3.78788
106,66,37,0,3.78788
106,66,38,0,3.78788
106,66,39,0,3.78788
106,66,40,0,3.78788
106,66,41,0,3.78788
106,66,42,0,3.78788
106,66,43,0,3.78788
106,66,44,0,3.78788
106,66,45,0,3.78788
106,66,46,0,3.78788
106,66,47,0,3.78788
106,66,48,0,3.78788
106,66,49,0,3.78788
106,66,50,0,3.78788
106,66,51,0,3.78788
106,66,52,0,3.78788
106,66,53,0,3.78788
106,66,54,0,3.78788
106,66,55,0,3.78788
106,66,56,0,3.78788
106,66,57,0,3.78788
106,66,58,0,3.78788
106,66,59,0,3.78788
106,66,60,0,3.78788
106,66,61,0,3.78788
106,66,62,0,3.78788
106,66,63,0,3.78788
106,67,0,0,3.80597
106,67,1,0,3.80597
106,67,2,0,3.80597
106,67,3,0,3.80597
106,67,4,0,3.80597
106,67,5,0,3.80597
106,67,6,0,3.80597
106,67,7,0,3.80597
106,67,8,0,3.80597
106,67,9,0,3.80597
106,67,10,0,3.80597
106,67,11,0,3.80597
106,67,12,0,3.80597
106,67,13,0,3.80597
106,67,14,0,3.80597
106,67,15,0,3.80597
106,67,16,0,3.80597
106,67,17,0,3.80597
106,67,18,0,3.80597
106,67,19,0,3.80597
106,67,20,0,3.80597
106,67,21,0,3.80597
106,67,22,0,3.80597
106,67,23,0,3.80597
106,67,24,0,3.80597
106,67,25,0,3.80597
106,67,26,0,3.80597
106,67,27,0,3.80597
106,67,28,0,3.80597
106,67,29,0,3.80597
106,67,30,0,3.80597
106,67,31,0,3.80597
106,67,32,0,3.80597
106,67,33,0,3.80597
106,67,34,255,3.80597
106,67,35,0,3.80597
106,67,36,0,3.80597
106,67,37,0,3.80597
106,67,38,0,3.80597
106,67,39,0,3.80597
106,67,40,0,3.80597
106,67,41,0,3.80597
106,67,42,0,3.80597
106,67,43,0,3.80597
106,67,44,0,3.80597
106,67,45,0,3.80597
106,67,46,0,3.80597
106,67,47,0,3.80597
106,67,48,0,3.80597
106,67,49,0,3.80597
106,67,50,0,3.80597
106,67,51,0,3.80597
106,67,52,0,3.80597
106,67,53,0,3.80597
106,67,54,0,3.80597
106,67,55,0,3.80597
106,67,56,0,3.80597
106,67,57,0,3.80597
106,67,58,0,3.80597
106,67,59,0,3.80597
106,67,60,0,3.80597
106,67,61,0,3.80597
106,67,62,0,3.80597
106,67,63,0,3.80597
106,68,0,0,3.88235
106,68,1,0,3.88235
106,68,2,0,3.88235
106,68,3,0,3.88235
106,68,4,0,3.88235
106,68,5,0,3.88235
106,68,6,0,3.88235
106,68,7,0,3.88235
106,68,8,0,3.88235
106,68,9,0,3.88235
106,68,10,0,3.88235
106,68,11,0,3.88235
106,68,12,0,3.88235
106,68,13,0,3.88235
106,68,14,0,3.88235
106,68,15,0,3.88235
106,68,16,0,3.88235
106,68,17,0,3.88235
106,68,18,0,3.88235
106,68,19,0,3.88235
106,68,20,0,3.88235
106,68,21,0,3.88235
106,68,22,0,3.88235
106,68,23,0,3.88235
106,68,24,0,3.88235
106,68,25,0,3.88235
106,68,26,0,3.88235
106,68,27,0,3.88235
106,68,28,0,3.88235
106,68,29,0,3.88235
106,68,30,0,3.88235
106,68,31,0,3.88235
106,68,32,0,3.88235
106,68,33,0,3.88235
106,68,34,264,3.88235
106,68,35,0,3.88235
106,68,36,0,3.88235
106,68,37,0,3.88235
106,68,38,0,3.88235
106,68,39,0,3.88235
106,68,40,0,3.88235
106,68,41,0,3.88235
106,68,42,0,3.88235
106,68,43,0,3.88235
106,68,44,0,3.88235
106,68,45,0,3.88235
106,68,46,0,3.88235
106,68,47,0,3.88235
106,68,48,0,3.88235
106,68,49,0,3.88235
106,68,50,0,3.88235
106,68,51,0,3.88235
106,68,52,0,3.88235
106,68,53,0,3.88235
106,68,54,0,3.88235
106,68,55,0,3.88235
106,68,56,0,3.88235
106,68,57,0,3.88235
106,68,58,0,3.88235
106,68,59,0,3.88235
106,68,60,0,3.88235
106,68,61,0,3.88235
106,68,62,0,3.88235
106,68,63,0,3.88235
106,69,0,0,3.89855
106,69,1,0,3.89855
106,69,2,0,3.89855
106,69,3,0,3.89855
106,69,4,0,3.89855
106,69,5,0,3.89855
106,69,6,0,3.89855
106,69,7,0,3.89855
106,69,8,0,3.89855
106,69,9,0,3.89855
106,69,10,0,3.89855
106,69,11,0,3.89855
106,69,12,0,3.89855
106,69,13,0,3.89855
106,69,14,0,3.89855
106,69,15,0,3.89855
106,69,16,0,3.89855
106,69,17,0,3.89855
106,69,18,0,3.89855
106,69,19,0,3.89855
106,69,20,0,3.89855
106,69,21,0,3.89855
106,69,22,0,3.89855
106,69,23,0,3.89855
106,69,24,0,3.89855
106,69,25,0,3.89855
106,69,26,0,3.89855
106,69,27,0,3.89855
106,69,28,0,3.89855
106,69,29,0,3.89855
106,69,30,0,3.89855
106,69,31,0,3.89855
106,69,32,0,3.89855
106,69,33,0,3.89855
106,69,34,269,3.89855
106,69,35,0,3.89855
106,69,36,0,3.89855
106,69,37,0,3.89855
106,69,38,0,3.89855
106,69,39,0,3.89855
106,69,40,0,3.89855
106,69,41,0,3.89855
106,69,42,0,3.89855
106,69,43,0,3.89855
106,69,44,0,3.89855
106,69,45,0,3.89855
106,69,46,0,3.89855
106,69,47,0,3.89855
106,69,48,0,3.89855
106,69,49,0,3.89855
106,69,50,0,3.89855
106,69,51,0,3.89855
106,69,52,0,3.89855
106,69,53,0,3.89855
106,69,54,0,3.89855
106,69,55,0,3.89855
106,69,56,0,3.89855
106,69,57,0,3.89855
106,69,58,0,3.89855
106,69,59,0,3.89855
106,69,60,0,3.89855
106,69,61,0,3.89855
106,69,62,0,3.89855
106,69,63,0,3.89855
106,70,0,0,3.91429
106,70,1,0,3.91429
106,70,2,0,3.91429
106,70,3,0,3.91429
106,70,4,0,3.91429
106,70,5,0,3.91429
106,70,6,0,3.91429
106,70,7,0,3.91429
106,70,8,0,3.91429
106,70,9,0,3.91429
106,70,10,0,3.91429
106,70,11,0,3.91429
106,70,12,0,3.91429
106,70,13,0,3.91429
106,70,14,0,3.91429
106,70,15,0,3.91429
106,70,16,0,3.91429
106,70,17,0,3.91429
106,70,18,0,3.91429
106,70,19,0,3.91429
106,70,20,0,3.91429
106,70,21,0,3.91429
106,70,22,0,3.91429
106,70,23,0,3.91429
106,70,24,0,3.91429
106,70,25,0,3.91429
106,70,26,0,3.91429
106,70,27,0,3.91429
106,70,28,0,3.91429
106,70,29,0,3.91429
106,70,30,0,3.91429
106,70,31,0,3.91429
106,70,32,0,3.91429
106,70,33,0,3.91429
106,70,34,274,3.91429
106,70,35,0,3.91429
106,70,36,0,3.91429
106,70,37,0,3.91429
106,70,38,0,3.91429
106,70,39,0,3.91429
106,70,40,0,3.91429
106,70,41,0,3.91429
106,70,42,0,3.91429
106,70,43,0,3.91429
106,70,44,0,3.91429
106,70,45,0,3.91429
106,70,46,0,3.91429
106,70,47,0,3.91429
106,70,48,0,3.91429
106,70,49,0,3.91429
106,70,50,0,3.91429
106,70,51,0,3.91429
106,70,52,0,3.91429
106,70,53,0,3.91429
106,70,54,0,3.91429
106,70,55,0,3.91429
106,70,56,0,3.91429
106,70,57,0,3.91429
106,70,58,0,3.91429
106,70,59,0,3.91429
106,70,60,0,3.91429
106,70,61,0,3.91429
106,70,62,0,3.91429
106,70,63,0,3.91429
106,71,0,0,3.88732
106,71,1,0,3.88732
106,71,2,0,3.88732
106,71,3,0,3.88732
106,71,4,0,3.88732
106,71,5,0,3.88732
106,71,6,0,3.88732
106,71,7,0,3.88732
106,71,8,0,3.88732
106,71,9,0,3.88732
106,71,10,0,3.88732
106,71,11,0,3.88732
106,71,12,0,3.88732
106,71,13,0,3.88732
106,71,14,0,3.88732
106,71,15,0,3.88732
106,71,16,0,3.88732
106,71,17,0,3.88732
106,71,18,0,3.88732
106,71,19,0,3.88732
106,71,20,0,3.88732
106,71,21,0,3.88732
106,71,22,0,3.88732
106,71,23,0,3.88732
106,71,24,0,3.88732
106,71,25,0,3.88732
106,71,26,0,3.88732
106,71,27,0,3.88732
106,71,28,0,3.88732
106,71,29,0,3.88732
106,71,30,0,3.88732
106,71,31,0,3.88732
106,71,32,0,3.88732
106,71,33,0,3.88732
106,71,34,276,3.88732
106,71,35,0,3.88732
106,71,36,0,3.88732
106,71,37,0,3.88732
106,71,38,0,3.88732
106,71,39,0,3.88732
106,71,40,0,3.88732
106,71,41,0,3.88732
106,71,42,0,3.88732
106,71,43,0,3.88732
106,71,44,0,3.88732
106,71,45,0,3.88732
106,71,46,0,3.88732
106,71,47,0,3.88732
106,71,48,0,3.88732
106,71,49,0,3.88732
106,71,50,0,3.88732
106,71,51,0,3.88732
106,71,52,0,3.88732
106,71,53,0,3.88732
106,71,54,0,3.88732
106,71,55,0,3.88732
106,71,56,0,3.88732
106,71,57,0,3.88732
106,71,58,0,3.88732
106,71,59,0,3.88732
106,71,60,0,3.88732
106,71,61,0,3.88732
106,71,62,0,3.88732
106,71,63,0,3.88732
106,72,0,0,3.88889
106,72,1,0,3.88889
106,72,2,0,3.88889
106,72,3,0,3.88889
106,72,4,0,3.88889
106,72,5,0,3.88889
106,72,6,0,3.88889
106,72,7,0,3.88889
106,72,8,0,3.88889
106,72,9,0,3.88889
106,72,10,0,3.88889
106,72,11,0,3.88889
106,72,12,0,3.88889
106,72,13,0,3.88889
106,72,14,0,3.88889
106,72,15,0,3.88889
106,72,16,0,3.88889
106,72,17,0,3.88889
106,72,18,0,3.88889
106,72,19,0,3.88889
106,72,20,0,3.88889
106,72,21,0,3.88889
106,72,22,0,3.88889
106,72,23,0,3.88889
106,72,24,0,3.88889
106,72,25,0,3.88889
106,72,26,0,3.88889
106,72,27,0,3.88889
106,72,28,0,3.88889
106,72,29,0,3.88889
106,72,30,0,3.88889
106,72,31,0,3.88889
106,72,32,0,3.88889
106,72,33,0,3.88889
106,72,34,280,3.88889
106,72,35,0,3.88889
106,72,36,0,3.88889
106,72,37,0,3.88889
106,72,38,0,3.88889
106,72,39,0,3.88889
106,72,40,0,3.88889
106,72,41,0,3.88889
106,72,42,0,3.88889
106,72,43,0,3.88889
106,72,44,0,3.88889
106,72,45,0,3.88889
106,72,46,0,3.88889
106,72,47,0,3.88889
106,72,48,0,3.88889
106,72,49,0,3.88889
106,72,50,0,3.88889
106,72,51,0,3.88889
106,72,52,0,3.88889
106,72,53,0,3.88889
106,72,54,0,3.88889
106,72,55,0,3.88889
106,72,56,0,3.88889
106,72,57,0,3.88889
106,72,58,0,3.88889
106,72,59,0,3.88889
106,72,60,0,3.88889
106,72,61,0,3.88889
106,72,62,0,3.88889
106,72,63,0,3.88889
106,73,0,0,3.86301
106,73,1,0,3.86301
106,73,2,0,3.86301
106,73,3,0,3.86301
106,73,4,0,3.86301
106,73,5,0,3.86301
106,73,6,0,3.86301
106,73,7,0,3.86301
106,73,8,0,3.86301
106,73,9,0,3.86301
106,73,10,0,3.86301
106,73,11,0,3.86301
106,73,12,0,3.86301
106,73,13,0,3.86301
106,73,14,0,3.86301
106,73,15,0,3.86301
106,73,16,0,3.86301
106,73,17,0,3.86301
106,73,18,0,3.86301
106,73,19,0,3.86301
106,73,20,0,3.86301
106,73,21,0,3.86301
106,73,22,0,3.86301
106,73,23,0,3.86301
106,73,24,0,3.86301
106,73,25,0,3.86301
106,73,26,0,3.86301
106,73,27,0,3.86301
106,73,28,0,3.86301
106,73,29,0,3.86301
106,73,30,0,3.86301
106,73,31,0,3.86301
106,73,32,0,3.86301
106,73,33,0,3.86301
106,73,34,282,3.86301
106,73,35,0,3.86301
106,73,36,0,3.86301
106,73,37,0,3.86301
106,73,38,0,3.86301
106,73,39,0,3.86301
106,73,40,0,3.86301
106,73,41,0,3.86301
106,73,42,0,3.86301
106,73,43,0,3.86301
106,73,44,0,3.86301
106,73,45,0,3.86301
106,73,46,0,3.86301
106,73,47,0,3.86301
106,73,48,0,3.86301
106,73,49,0,3.86301
106,73,50,0,3.86301
106,73,51,0,3.86301
106,73,52,0,3.86301
106,73,53,0,3.86301
106,73,54,0,3.86301
106,73,55,0,3.86301
106,73,56,0,3.86301
106,73,57,0,3.86301
106,73,58,0,3.86301
106,73,59,0,3.86301
106,73,60,0,3.86301
106,73,61,0,3.86301
106,73,62,0,3.86301
106,73,63,0,3.86301
106,74,0,0,3.83784
106,74,1,0,3.83784
106,74,2,0,3.83784
106,74,3,0,3.83784
106,74,4,0,3.83784
106,74,5,0,3.83784
106,74,6,0,3.83784
106,74,7,0,3.83784
106,74,8,0,3.83784
106,74,9,0,3.83784
106,74,10,0,3.83784
106,74,11,0,3.83784
106,74,12,0,3.83784
106,74,13,0,3.83784
106,74,14,0,3.83784
106,74,15,0,3.83784
106,74,16,0,3.83784
106,74,17,0,3.83784
106,74,18,0,3.83784
106,74,19,0,3.83784
106,74,20,0,3.83784
106,74,21,0,3.83784
106,74,22,0,3.83784
106,74,23,0,3.83784
106,74,24,0,3.83784
106,74,25,0,3.83784
106,74,26,0,3.83784
106,74,27,0,3.83784
106,74,28,0,3.83784
106,74,29,0,3.83784
106,74,30,0,3.83784
106,74,31,0,3.83784
106,74,32,0,3.83784
106,74,33,0,3.83784
106,74,34,284,3.83784
106,74,35,0,3.83784
106,74,36,0,3.83784
106,74,37,0,3.83784
106,74,38,0,3.83784
106,74,39,0,3.83784
106,74,40,0,3.83784
106,74,41,0,3.83784
106,74,42,0,3.83784
106,74,43,0,3.83784
106,74,44,0,3.83784
106,74,45,0,3.83784
106,74,46,0,3.83784
106,74,47,0,3.83784
106,74,48,0,3.83784
106,74,49,0,3.83784
106,74,50,0,3.83784
106,74,51,0,3.83784
106,74,52,0,3.83784
106,74,53,0,3.83784
106,74,54,0,3.83784
106,74,55,0,3.83784
106,74,56,0,3.83784
106,74,57,0,3.83784
106,74,58,0,3.83784
106,74,59,0,3.83784
106,74,60,0,3.83784
106,74,61,0,3.83784
106,74,62,0,3.83784
106,74,63,0,3.83784
106,75,0,0,3.81333
106,75,1,0,3.81333
106,75,2,0,3.81333
106,75,3,0,3.81333
106,75,4,0,3.81333
106,75,5,0,3.81333
106,75,6,0,3.81333
106,75,7,0,3.81333
106,75,8,0,3.81333
106,75,9,0,3.81333
106,75,10,0,3.81333
106,75,11,0,3.81333
106,75,12,0,3.81333
106,75,13,0,3.81333
106,75,14,0,3.81333
106,75,15,0,3.81333
106,75,16,0,3.81333
106,75,17,0,3.81333
106,75,18,0,3.81333
106,75,19,0,3.81333
106,75,20,0,3.81333
106,75,21,0,3.81333
106,75,22,0,3.81333
106,75,23,0,3.81333
106,75,24,0,3.81333
106,75,25,0,3.81333
106,75,26,0,3.81333
106,75,27,0,3.81333
106,75,28,0,3.81333
106,75,29,0,3.81333
106,75,30,0,3.81333
106,75,31,0,3.81333
106,75,32,0,3.81333
106,75,33,0,3.81333
106,75,34,286,3.81333
106,75,35,0,3.81333
106,75,36,0,3.81333
106,75,37,0,3.81333
106,75,38,0,3.81333
106,75,39,0,3.81333
106,75,40,0,3.81333
106,75,41,0,3.81333
106,75,42,0,3.81333
106,75,43,0,3.81333
106,75,44,0,3.81333
106,75,45,0,3.81333
106,75,46,0,3.81333
106,75,47,0,3.81333
106,75,48,0,3.81333
106,75,49,0,3.81333
106,75,50,0,3.81333
106,75,51,0,3.81333
106,75,52,0,3.81333
106,75,53,0,3.81333
106,75,54,0,3.81333
106,75,55,0,3.81333
106,75,56,0,3.81333
106,75,57,0,3.81333
106,75,58,0,3.81333
106,75,59,0,3.81333
106,75,60,0,3.81333
106,75,61,0,3.81333
106,75,62,0,3.81333
106,75,63,0,3.81333
106,76,0,0,3.77632
106,76,1,0,3.77632
106,76,2,0,3.77632
106,76,3,0,3.77632
106,76,4,0,3.77632
106,76,5,0,3.77632
106,76,6,0,3.77632
106,76,7,0,3.77632
106,76,8,0,3.77632
106,76,9,0,3.77632
106,76,10,0,3.77632
106,76,11,0,3.77632
106,76,12,0,3.77632
106,76,13,0,3.77632
106,76,14,0,3.77632
106,76,15,0,3.77632
106,76,16,0,3.77632
106,76,17,0,3.77632
106,76,18,0,3.77632
106,76,19,0,3.77632
106,76,20,0,3.77632
106,76,21,0,3.77632
106,76,22,0,3.77632
106,76,23,0,3.77632
106,76,24,0,3.77632
106,76,25,0,3.77632
106,76,26,0,3.77632
106,76,27,0,3.77632
106,76,28,0,3.77632
106,76,29,0,3.77632
106,76,30,0,3.77632
106,76,31,0,3.77632
106,76,32,0,3.77632
106,76,33,0,3.77632
106,76,34,287,3.77632
106,76,35,0,3.77632
106,76,36,0,3.77632
106,76,37,0,3.77632
106,76,38,0,3.77632
106,76,39,0,3.77632
106,76,40,0,3.77632
106,76,41,0,3.77632
106,76,42,0,3.77632
106,76,43,0,3.77632
106,76,44,0,3.77632
106,76,45,0,3.77632
106,76,46,0,3.77632
106,76,47,0,3.77632
106,76,48,0,3.77632
106,76,49,0,3.77632
106,76,50,0,3.77632
106,76,51,0,3.77632
106,76,52,0,3.77632
106,76,53,0,3.77632
106,76,54,0,3.77632
106,76,55,0,3.77632
106,76,56,0,3.77632
106,76,57,0,3.77632
106,76,58,0,3.77632
106,76,59,0,3.77632
106,76,60,0,3.77632
106,76,61,0,3.77632
106,76,62,0,3.77632
106,76,63,0,3.77632
106,77,0,0,3.76623
106,77,1,0,3.76623
106,77,2,0,3.76623
106,77,3,0,3.76623
106,77,4,0,3.76623
106,77,5,0,3.76623
106,77,6,0,3.76623
106,77,7,0,3.76623
106,77,8,0,3.76623
106,77,9,0,3.76623
106,77,10,0,3.76623
106,77,11,0,3.76623
106,77,12,0,3.76623
106,77,13,0,3.76623
106,77,14,0,3.76623
106,77,15,0,3.76623
106,77,16,0,3.76623
106,77,17,0,3.76623
106,77,18,0,3.76623
106,77,19,0,3.76623
106,77,20,0,3.76623
106,77,21,0,3.76623
106,77,22,0,3.76623
106,77,23,0,3.76623
106,77,24,0,3.76623
106,77,25,0,3.76623
106,77,26,0,3.76623
106,77,27,0,3.76623
106,77,28,0,3.76623
106,77,29,0,3.76623
106,77,30,0,3.76623
106,77,31,0,3.76623
106,77,32,0,3.76623
106,77,33,0,3.76623
106,77,34,290,3.76623
106,77,35,0,3.76623
106,77,36,0,3.76623
106,77,37,0,3.76623
106,77,38,0,3.76623
106,77,39,0,3.76623
106,77,40,0,3.76623
106,77,41,0,3.76623
106,77,42,0,3.76623
106,77,43,0,3.76623
106,77,44,0,3.76623
106,77,45,0,3.76623
106,77,46,0,3.76623
106,77,47,0,3.76623
106,77,48,0,3.76623
106,77,49,0,3.76623
106,77,50,0,3.76623
106,77,51,0,3.76623
106,77,52,0,3.76623
106,77,53,0,3.76623
106,77,54,0,3.76623
106,77,55,0,3.76623
106,77,56,0,3.76623
106,77,57,0,3.76623
106,77,58,0,3.76623
106,77,59,0,3.76623
106,77,60,0,3.76623
106,77,61,0,3.76623
106,77,62,0,3.76623
106,77,63,0,3.76623
106,78,0,0,3.73077
106,78,1,0,3.73077
106,78,2,0,3.73077
106,78,3,0,3.73077
106,78,4,0,3.73077
106,78,5,0,3.73077
106,78,6,0,3.73077
106,78,7,0,3.73077
106,78,8,0,3.73077
106,78,9,0,3.73077
106,78,10,0,3.73077
106,78,11,0,3.73077
106,78,12,0,3.73077
106,78,13,0,3.73077
106,78,14,0,3.73077
106,78,15,0,3.73077
106,78,16,0,3.73077
106,78,17,0,3.73077
106,78,18,0,3.73077
106,78,19,0,3.73077
106,78,20,0,3.73077
106,78,21,0,3.73077
106,78,22,0,3.73077
106,78,23,0,3.73077
106,78,24,0,3.73077
106,78,25,0,3.73077
106,78,26,0,3.73077
106,78,27,0,3.73077
106,78,28,0,3.73077
106,78,29,0,3.73077
106,78,30,0,3.73077
106,78,31,0,3.73077
106,78,32,0,3.73077
106,78,33,0,3.73077
106,78,34,291,3.73077
106,78,35,0,3.73077
106,78,36,0,3.73077
106,78,37,0,3.73077
106,78,38,0,3.73077
106,78,39,0,3.73077
106,78,40,0,3.73077
106,78,41,0,3.73077
106,78,42,0,3.73077
106,78,43,0,3.73077
106,78,44,0,3.73077
106,78,45,0,3.73077
106,78,46,0,3.73077
106,78,47,0,3.73077
106,78,48,0,3.73077
106,78,49,0,3.73077
106,78,50,0,3.73077
106,78,51,0,3.73077
106,78,52,0,3.73077
106,78,53,0,3.73077
106,78,54,0,3.73077
106,78,55,0,3.73077
106,78,56,0,3.73077
106,78,57,0,3.73077
106,78,58,0,3.73077
106,78,59,0,3.73077
106,78,60,0,3.73077
106,78,61,0,3.73077
106,78,62,0,3.73077
106,78,63,0,3.73077
106,79,0,0,3.73418
106,79,1,0,3.73418
106,79,2,0,3.73418
106,79,3,0,3.73418
106,79,4,0,3.73418
106,79,5,0,3.73418
106,79,6,0,3.73418
106,79,7,0,3.73418
106,79,8,0,3.73418
106,79,9,0,3.73418
106,79,10,0,3.73418
106,79,11,0,3.73418
106,79,12,0,3.73418
106,79,13,0,3.73418
106,79,14,0,3.73418
106,79,15,0,3.73418
106,79,16,0,3.73418
106,79,17,0,3.73418
106,79,18,0,3.73418
106,79,19,0,3.73418
106,79,20,0,3.73418
106,79,21,0,3.73418
106,79,22,0,3.73418
106,79,23,0,3.73418
106,79,24,0,3.73418
106,79,25,0,3.73418
106,79,26,0,3.73418
106,79,27,0,3.73418
106,79,28,0,3.73418
106,79,29,0,3.73418
106,79,30,0,3.73418
106,79,31,0,3.73418
106,79,32,0,3.73418
106,79,33,0,3.73418
106,79,34,295,3.73418
106,79,35,0,3.73418
106,79,36,0,3.73418
106,79,37,0,3.73418
106,79,38,0,3.73418
106,79,39,0,3.73418
106,79,40,0,3.73418
106,79,41,0,3.73418
106,79,42,0,3.73418
106,79,43,0,3.73418
106,79,44,0,3.73418
106,79,45,0,3.73418
106,79,46,0,3.73418
106,79,47,0,3.73418
106,79,48,0,3.73418
106,79,49,0,3.73418
106,79,50,0,3.73418
106,79,51,0,3.73418
106,79,52,0,3.73418
106,79,53,0,3.73418
106,79,54,0,3.73418
106,79,55,0,3.73418
106,79,56,0,3.73418
106,79,57,0,3.73418
106,79,58,0,3.73418
106,79,59,0,3.73418
106,79,60,0,3.73418
106,79,61,0,3.73418
106,79,62,0,3.73418
106,79,63,0,3.73418
106,80,0,0,3.725
106,80,1,0,3.725
106,80,2,0,3.725
106,80,3,0,3.725
106,80,4,0,3.725
106,80,5,0,3.725
106,80,6,0,3.725
106,80,7,0,3.725
106,80,8,0,3.725
106,80,9,0,3.725
106,80,10,0,3.725
106,80,11,0,3.725
106,80,12,0,3.725
106,80,13,0,3.725
106,80,14,0,3.725
106,80,15,0,3.725
106,80,16,0,3.725
106,80,17,0,3.725
106,80,18,0,3.725
106,80,19,0,3.725
106,80,20,0,3.725
106,80,21,0,3.725
106,80,22,0,3.725
106,80,23,0,3.725
106,80,24,0,3.725
106,80,25,0,3.725
106,80,26,0,3.725
106,80,27,0,3.725
106,80,28,0,3.725
106,80,29,0,3.725
106,80,30,0,3.725
106,80,31,0,3.725
106,80,32,0,3.725
106,80,33,0,3.725
106,80,34,298,3.725
106,80,35,0,3.725
106,80,36,0,3.725
106,80,37,0,3.725
106,80,38,0,3.725
106,80,39,0,3.725
106,80,40,0,3.725
106,80,41,0,3.725
106,80,42,0,3.725
106,80,43,0,3.725
106,80,44,0,3.725
106,80,45,0,3.725
106,80,46,0,3.725
106,80,47,0,3.725
106,80,48,0,3.725
106,80,49,0,3.725
106,80,50,0,3.725
106,80,51,0,3.725
106,80,52,0,3.725
106,80,53,0,3.725
106,80,54,0,3.725
106,80,55,0,3.725
106,80,56,0,3.725
106,80,57,0,3.725
106,80,58,0,3.725
106,80,59,0,3.725
106,80,60,0,3.725
106,80,61,0,3.725
106,80,62,0,3.725
106,80,63,0,3.725
106,81,0,0,3.7037
106,81,1,0,3.7037
106,81,2,0,3.7037
106,81,3,0,3.7037
106,81,4,0,3.7037
106,81,5,0,3.7037
106,81,6,0,3.7037
106,81,7,0,3.7037
106,81,8,0,3.7037
106,81,9,0,3.7037
106,81,10,0,3.7037
106,81,11,0,3.7037
106,81,12,0,3.7037
106,81,13,0,3.7037
106,81,14,0,3.7037
106,81,15,0,3.7037
106,81,16,0,3.7037
106,81,17,0,3.7037
106,81,18,0,3.7037
106,81,19,0,3.7037
106,81,20,0,3.7037
106,81,21,0,3.7037
106,81,22,0,3.7037
106,81,23,0,3.7037
106,81,24,0,3.7037
106,81,25,0,3.7037
106,81,26,0,3.7037
106,81,27,0,3.7037
106,81,28,0,3.7037
106,81,29,0,3.7037
106,81,30,0,3.7037
106,81,31,0,3.7037
106,81,32,0,3.7037
106,81,33,0,3.7037
106,81,34,300,3.7037
106,81,35,0,3.7037
106,81,36,0,3.7037
106,81,37,0,3.7037
106,81,38,0,3.7037
106,81,39,0,3.7037
106,81,40,0,3.7037
106,81,41,0,3.7037
106,81,42,0,3.7037
106,81,43,0,3.7037
106,81,44,0,3.7037
106,81,45,0,3.7037
106,81,46,0,3.7037
106,81,47,0,3.7037
106,81,48,0,3.7037
106,81,49,0,3.7037
106,81,50,0,3.7037
106,81,51,0,3.7037
106,81,52,0,3.7037
106,81,53,0,3.7037
106,81,54,0,3.7037
106,81,55,0,3.7037
106,81,56,0,3.7037
106,81,57,0,3.7037
106,81,58,0,3.7037
106,81,59,0,3.7037
106,81,60,0,3.7037
106,81,61,0,3.7037
106,81,62,0,3.7037
106,81,63,0,3.7037
106,82,0,0,3.7439
106,82,1,0,3.7439
106,82,2,0,3.7439
106,82,3,0,3.7439
106,82,4,0,3.7439
106,82,5,0,3.7439
106,82,6,0,3.7439
106,82,7,0,3.7439
106,82,8,0,3.7439
106,82,9,0,3.7439
106,82,10,0,3.7439
106,82,11,0,3.7439
106,82,12,0,3.7439
106,82,13,0,3.7439
106,82,14,0,3.7439
106,82,15,0,3.7439
106,82,16,0,3.7439
106,82,17,0,3.7439
106,82,18,0,3.7439
106,82,19,0,3.7439
106,82,20,0,3.7439
106,82,21,0,3.7439
106,82,22,0,3.7439
106,82,23,0,3.7439
106,82,24,0,3.7439
106,82,25,0,3.7439
106,82,26,0,3.7439
106,82,27,0,3.7439
106,82,28,0,3.7439
106,82,29,0,3.7439
106,82,30,0,3.7439
106,82,31,0,3.7439
106,82,32,0,3.7439
106,82,33,0,3.7439
106,82,34,307,3.7439
106,82,35,0,3.7439
106,82,36,0,3.7439
106,82,37,0,3.7439
106,82,38,0,3.7439
106,82,39,0,3.7439
106,82,40,0,3.7439
106,82,41,0,3.7439
106,82,42,0,3.7439
106,82,43,0,3.7439
106,82,44,0,3.7439
106,82,45,0,3.7439
106,82,46,0,3.7439
106,82,47,0,3.7439
106,82,48,0,3.7439
106,82,49,0,3.7439
106,82,50,0,3.7439
106,82,51,0,3.7439
106,82,52,0,3.7439
106,82,53,0,3.7439
106,82,54,0,3.7439
106,82,55,0,3.7439
106,82,56,0,3.7439
106,82,57,0,3.7439
106,82,58,0,3.7439
106,82,59,0,3.7439
106,82,60,0,3.7439
106,82,61,0,3.7439
106,82,62,0,3.7439
106,82,63,0,3.7439
106,83,0,0,3.71084
106,83,1,0,3.71084
106,83,2,0,3.71084
106,83,3,0,3.71084
106,83,4,0,3.71084
106,83,5,0,3.71084
106,83,6,0,3.71084
106,83,7,0,3.71084
106,83,8,0,3.71084
106,83,9,0,3.71084
106,83,10,0,3.71084
106,83,11,0,3.71084
106,83,12,0,3.71084
106,83,13,0,3.71084
106,83,14,0,3.71084
106,83,15,0,3.71084
106,83,16,0,3.71084
106,83,17,0,3.71084
106,83,18,0,3.71084
106,83,19,0,3.71084
106,83,20,0,3.71084
106,83,21,0,3.71084
106,83,22,0,3.71084
106,83,23,0,3.71084
106,83,24,0,3.71084
106,83,25,0,3.71084
106,83,26,0,3.71084
106,83,27,0,3.71084
106,83,28,0,3.71084
106,83,29,0,3.71084
106,83,30,0,3.71084
106,83,31,0,3.71084
106,83,32,0,3.71084
106,83,33,0,3.71084
106,83,34,308,3.71084
106,83,35,0,3.71084
106,83,36,0,3.71084
106,83,37,0,3.71084
106,83,38,0,3.71084
106,83,39,0,3.71084
106,83,40,0,3.71084
106,83,41,0,3.71084
106,83,42,0,3.71084
106,83,43,0,3.71084
106,83,44,0,3.71084
106,83,45,0,3.71084
106,83,46,0,3.71084
106,83,47,0,3.71084
106,83,48,0,3.71084
106,83,49,0,3.71084
106,83,50,0,3.71084
106,83,51,0,3.71084
106,83,52,0,3.71084
106,83,53,0,3.71084
106,83,54,0,3.71084
106,83,55,0,3.71084
106,83,56,0,3.71084
106,83,57,0,3.71084
106,83,58,0,3.71084
106,83,59,0,3.71084
106,83,60,0,3.71084
106,83,61,0,3.71084
106,83,62,0,3.71084
106,83,63,0,3.71084
106,84,0,0,3.75
106,84,1,0,3.75
106,84,2,0,3.75
106,84,3,0,3.75
106,84,4,0,3.75
106,84,5,0,3.75
106,84,6,0,3.75
106,84,7,0,3.75
106,84,8,0,3.75
106,84,9,0,3.75
106,84,10,0,3.75
106,84,11,0,3.75
106,84,12,0,3.75
106,84,13,0,3.75
106,84,14,0,3.75
106,84,15,0,3.75
106,84,16,0,3.75
106,84,17,0,3.75
106,84,18,0,3.75
106,84,19,0,3.75
106,84,20,0,3.75
106,84,21,0,3.75
106,84,22,0,3.75
106,84,23,0,3.75
106,84,24,0,3.75
106,84,25,0,3.75
106,84,26,0,3.75
106,84,27,0,3.75
106,84,28,0,3.75
106,84,29,0,3.75
106,84,30,0,3.75
106,84,31,0,3.75
106,84,32,0,3.75
106,84,33,0,3.75
106,84,34,315,3.75
106,84,35,0,3.75
106,84,36,0,3.75
106,84,37,0,3.75
106,84,38,0,3.75
106,84,39,0,3.75
106,84,40,0,3.75
106,84,41,0,3.75
106,84,42,0,3.75
106,84,43,0,3.75
106,84,44,0,3.75
106,84,45,0,3.75
106,84,46,0,3.75
106,84,47,0,3.75
106,84,48,0,3.75
106,84,49,0,3.75
106,84,50,0,3.75
106,84,51,0,3.75
106,84,52,0,3.75
106,84,53,0,3.75
106,84,54,0,3.75
106,84,55,0,3.75
106,84,56,0,3.75
106,84,57,0,3.75
106,84,58,0,3.75
106,84,59,0,3.75
106,84,60,0,3.75
106,84,61,0,3.75
106,84,62,0,3.75
106,84,63,0,3.75
106,85,0,0,3.72941
106,85,1,0,3.72941
106,85,2,0,3.72941
106,85,3,0,3.72941
106,85,4,0,3.72941
106,85,5,0,3.72941
106,85,6,0,3.72941
106,85,7,0,3.72941
106,85,8,0,3.72941
106,85,9,0,3.72941
106,85,10,0,3.72941
106,85,11,0,3.72941
106,85,12,0,3.72941
106,85,13,0,3.72941
106,85,14,0,3.72941
106,85,15,0,3.72941
106,85,16,0,3.72941
106,85,17,0,3.72941
106,85,18,0,3.72941
106,85,19,0,3.72941
106,85,20,0,3.72941
106,85,21,0,3.72941
106,85,22,0,3.72941
106,85,23,0,3.72941
106,85,24,0,3.72941
106,85,25,0,3.72941
106,85,26,0,3.72941
106,85,27,0,3.72941
106,85,28,0,3.72941
106,85,29,0,3.72941
106,85,30,0,3.72941
106,85,31,0,3.72941
106,85,32,0,3.72941
106,85,33,0,3.72941
106,85,34,317,3.72941
106,85,35,0,3.72941
106,85,36,0,3.72941
106,85,37,0,3.72941
106,85,38,0,3.72941
106,85,39,0,3.72941
106,85,40,0,3.72941
106,85,41,0,3.72941
106,85,42,0,3.72941
106,85,43,0,3.72941
106,85,44,0,3.72941
106,85,45,0,3.72941
106,85,46,0,3.72941
106,85,47,0,3.72941
106,85,48,0,3.72941
106,85,49,0,3.72941
106,85,50,0,3.72941
106,85,51,0,3.72941
106,85,52,0,3.72941
106,85,53,0,3.72941
106,85,54,0,3.72941
106,85,55,0,3.72941
106,85,56,0,3.72941
106,85,57,0,3.72941
106,85,58,0,3.72941
106,85,59,0,3.72941
106,85,60,0,3.72941
106,85,61,0,3.72941
106,85,62,0,3.72941
106,85,63,0,3.72941
106,86,0,0,3.69767
106,86,1,0,3.69767
106,86,2,0,3.69767
106,86,3,0,3.69767
106,86,4,0,3.69767
106,86,5,0,3.69767
106,86,6,0,3.69767
106,86,7,0,3.69767
106,86,8,0,3.69767
106,86,9,0,3.69767
106,86,10,0,3.69767
106,86,11,0,3.69767
106,86,12,0,3.69767
106,86,13,0,3.69767
106,86,14,0,3.69767
106,86,15,0,3.69767
106,86,16,0,3.69767
106,86,17,0,3.69767
106,86,18,0,3.69767
106,86,19,0,3.69767
106,86,20,0,3.69767
106,86,21,0,3.69767
106,86,22,0,3.69767
106,86,23,0,3.69767
106,86,24,0,3.69767
106,86,25,0,3.69767
106,86,26,0,3.69767
106,86,27,0,3.69767
106,86,28,0,3.69767
106,86,29,0,3.69767
106,86,30,0,3.69767
106,86,31,0,3.69767
106,86,32,0,3.69767
106,86,33,0,3.69767
106,86,34,318,3.69767
106,86,35,0,3.69767
106,86,36,0,3.69767
106,86,37,0,3.69767
106,86,38,0,3.69767
106,86,39,0,3.69767
106,86,40,0,3.69767
106,86,41,0,3.69767
106,86,42,0,3.69767
106,86,43,0,3.69767
106,86,44,0,3.69767
106,86,45,0,3.69767
106,86,46,0,3.69767
106,86,47,0,3.69767
106,86,48,0,3.69767
106,86,49,0,3.69767
106,86,50,0,3.69767
106,86,51,0,3.69767
106,86,52,0,3.69767
106,86,53,0,3.69767
106,86,54,0,3.69767
106,86,55,0,3.69767
106,86,56,0,3.69767
106,86,57,0,3.69767
106,86,58,0,3.69767
106,86,59,0,3.69767
106,86,60,0,3.69767
106,86,61,0,3.69767
106,86,62,0,3.69767
106,86,63,0,3.69767
106,87,0,0,3.67816
106,87,1,0,3.67816
106,87,2,0,3.67816
106,87,3,0,3.67816
106,87,4,0,3.67816
106,87,5,0,3.67816
106,87,6,0,3.67816
106,87,7,0,3.67816
106,87,8,0,3.67816
106,87,9,0,3.67816
106,87,10,0,3.67816
106,87,11,0,3.67816
106,87,12,0,3.67816
106,87,13,0,3.67816
106,87,14,0,3.67816
106,87,15,0,3.67816
106,87,16,0,3.67816
106,87,17,0,3.67816
106,87,18,0,3.67816
106,87,19,0,3.67816
106,87,20,0,3.67816
106,87,21,0,3.67816
106,87,22,0,3.67816
106,87,23,0,3.67816
106,87,24,0,3.67816
106,87,25,0,3.67816
106,87,26,0,3.67816
106,87,27,0,3.67816
106,87,28,0,3.67816
106,87,29,0,3.67816
106,87,30,0,3.67816
106,87,31,0,3.67816
106,87,32,0,3.67816
106,87,33,0,3.67816
106,87,34,320,3.67816
106,87,35,0,3.67816
106,87,36,0,3.67816
106,87,37,0,3.67816
106,87,38,0,3.67816
106,87,39,0,3.67816
106,87,40,0,3.67816
106,87,41,0,3.67816
106,87,42,0,3.67816
106,87,43,0,3.67816
106,87,44,0,3.67816
106,87,45,0,3.67816
106,87,46,0,3.67816
106,87,47,0,3.67816
106,87,48,0,3.67816
106,87,49,0,3.67816
106,87,50,0,3.67816
106,87,51,0,3.67816
106,87,52,0,3.67816
106,87,53,0,3.67816
106,87,54,0,3.67816
106,87,55,0,3.67816
106,87,56,0,3.67816
106,87,57,0,3.67816
106,87,58,0,3.67816
106,87,59,0,3.67816
106,87,60,0,3.67816
106,87,61,0,3.67816
106,87,62,0,3.67816
106,87,63,0,3.67816
106,88,0,0,3.72727
106,88,1,0,3.72727
106,88,2,0,3.72727
106,88,3,0,3.72727
106,88,4,0,3.72727
106,88,5,0,3.72727
106,88,6,0,3.72727
106,88,7,0,3.72727
106,88,8,0,3.72727
106,88,9,0,3.72727
106,88,10,0,3.72727
106,88,11,0,3.72727
106,88,12,0,3.72727
106,88,13,0,3.72727
106,88,14,0,3.72727
106,88,15,0,3.72727
106,88,16,0,3.72727
106,88,17,0,3.72727
106,88,18,0,3.72727
106,88,19,0,3.72727
106,88,20,0,3.72727
106,88,21,0,3.72727
106,88,22,0,3.72727
106,88,23,0,3.72727
106,88,24,0,3.72727
106,88,25,0,3.72727
106,88,26,0,3.72727
106,88,27,0,3.72727
106,88,28,0,3.72727
106,88,29,0,3.72727
106,88,30,0,3.72727
106,88,31,0,3.72727
106,88,32,0,3.72727
106,88,33,0,3.72727
106,88,34,328,3.72727
106,88,35,0,3.72727
106,88,36,0,3.72727
106,88,37,0,3.72727
106,88,38,0,3.72727
106,88,39,0,3.72727
106,88,40,0,3.72727
106,88,41,0,3.72727
106,88,42,0,3.72727
106,88,43,0,3.72727
106,88,44,0,3.72727
106,88,45,0,3.72727
106,88,46,0,3.72727
106,88,47,0,3.72727
106,88,48,0,3.72727
106,88,49,0,3.72727
106,88,50,0,3.72727
106,88,51,0,3.72727
106,88,52,0,3.72727
106,88,53,0,3.72727
106,88,54,0,3.72727
106,88,55,0,3.72727
106,88,56,0,3.72727
106,88,57,0,3.72727
106,88,58,0,3.72727
106,88,59,0,3.72727
106,88,60,0,3.72727
106,88,61,0,3.72727
106,88,62,0,3.72727
106,88,63,0,3.72727
106,89,0,0,3.73034
106,89,1,0,3.73034
106,89,2,0,3.73034
106,89,3,0,3.73034
106,89,4,0,3.73034
106,89,5,0,3.73034
106,89,6,0,3.73034
106,89,7,0,3.73034
106,89,8,0,3.73034
106,89,9,0,3.73034
106,89,10,0,3.73034
106,89,11,0,3.73034
106,89,12,0,3.73034
106,89,13,0,3.73034
106,89,14,0,3.73034
106,89,15,0,3.73034
106,89,16,0,3.73034
106,89,17,0,3.73034
106,89,18,0,3.73034
106,89,19,0,3.73034
106,89,20,0,3.73034
106,89,21,0,3.73034
106,89,22,0,3.73034
106,89,23,0,3.73034
106,89,24,0,3.73034
106,89,25,0,3.73034
106,89,26,0,3.73034
106,89,27,0,3.73034
106,89,28,0,3.73034
106,89,29,0,3.73034
106,89,30,0,3.73034
106,89,31,0,3.73034
106,89,32,0,3.73034
106,89,33,0,3.73034
106,89,34,332,3.73034
106,89,35,0,3.73034
106,89,36,0,3.73034
106,89,37,0,3.73034
106,89,38,0,3.73034
106,89,39,0,3.73034
106,89,40,0,3.73034
106,89,41,0,3.73034
106,89,42,0,3.73034
106,89,43,0,3.73034
106,89,44,0,3.73034
106,89,45,0,3.73034
106,89,46,0,3.73034
106,89,47,0,3.73034
106,89,48,0,3.73034
106,89,49,0,3.73034
106,89,50,0,3.73034
106,89,51,0,3.73034
106,89,52,0,3.73034
106,89,53,0,3.73034
106,89,54,0,3.73034
106,89,55,0,3.73034
106,89,56,0,3.73034
106,89,57,0,3.73034
106,89,58,0,3.73034
106,89,59,0,3.73034
106,89,60,0,3.73034
106,89,61,0,3.73034
106,89,62,0,3.73034
106,89,63,0,3.73034
106,90,0,0,3.73333
106,90,1,0,3.73333
106,90,2,0,3.73333
106,90,3,0,3.73333
106,90,4,0,3.73333
106,90,5,0,3.73333
106,90,6,0,3.73333
106,90,7,0,3.73333
106,90,8,0,3.73333
106,90,9,0,3.73333
106,90,10,0,3.73333
106,90,11,0,3.73333
106,90,12,0,3.73333
106,90,13,0,3.73333
106,90,14,0,3.73333
106,90,15,0,3.73333
106,90,16,0,3.73333
106,90,17,0,3.73333
106,90,18,0,3.73333
106,90,19,0,3.73333
106,90,20,0,3.73333
106,90,21,0,3.73333
106,90,22,0,3.73333
106,90,23,0,3.73333
106,90,24,0,3.73333
106,90,25,0,3.73333
106,90,26,0,3.73333
106,90,27,0,3.73333
106,90,28,0,3.73333
106,90,29,0,3.73333
106,90,30,0,3.73333
106,90,31,0,3.73333
106,90,32,0,3.73333
106,90,33,0,3.73333
106,90,34,336,3.73333
106,90,35,0,3.73333
106,90,36,0,3.73333
106,90,37,0,3.73333
106,90,38,0,3.73333
106,90,39,0,3.73333
106,90,40,0,3.73333
106,90,41,0,3.73333
106,90,42,0,3.73333
106,90,43,0,3.73333
106,90,44,0,3.73333
106,90,45,0,3.73333
106,90,46,0,3.73333
106,90,47,0,3.73333
106,90,48,0,3.73333
106,90,49,0,3.73333
106,90,50,0,3.73333
106,90,51,0,3.73333
106,90,52,0,3.73333
106,90,53,0,3.73333
106,90,54,0,3.73333
106,90,55,0,3.73333
106,90,56,0,3.73333
106,90,57,0,3.73333
106,90,58,0,3.73333
106,90,59,0,3.73333
106,90,60,0,3.73333
106,90,61,0,3.73333
106,90,62,0,3.73333
106,90,63,0,3.73333
106,91,0,0,3.75824
106,91,1,0,3.75824
106,91,2,0,3.75824
106,91,3,0,3.75824
106,91,4,0,3.75824
106,91,5,0,3.75824
106,91,6,0,3.75824
106,91,7,0,3.75824
106,91,8,0,3.75824
106,91,9,0,3.75824
106,91,10,0,3.75824
106,91,11,0,3.75824
106,91,12,0,3.75824
106,91,13,0,3.75824
106,91,14,0,3.75824
106,91,15,0,3.75824
106,91,16,0,3.75824
106,91,17,0,3.75824
106,91,18,0,3.75824
106,91,19,0,3.75824
106,91,20,0,3.75824
106,91,21,0,3.75824
106,91,22,0,3.75824
106,91,23,0,3.75824
106,91,24,0,3.75824
106,91,25,0,3.75824
106,91,26,0,3.75824
106,91,27,0,3.75824
106,91,28,0,3.75824
106,91,29,0,3.75824
106,91,30,0,3.75824
106,91,31,0,3.75824
106,91,32,0,3.75824
106,91,33,0,3.75824
106,91,34,342,3.75824
106,91,35,0,3.75824
106,91,36,0,3.75824
106,91,37,0,3.75824
106,91,38,0,3.75824
106,91,39,0,3.75824
106,91,40,0,3.75824
106,91,41,0,3.75824
106,91,42,0,3.75824
106,91,43,0,3.75824
106,91,44,0,3.75824
106,91,45,0,3.75824
106,91,46,0,3.75824
106,91,47,0,3.75824
106,91,48,0,3.75824
106,91,49,0,3.75824
106,91,50,0,3.75824
106,91,51,0,3.75824
106,91,52,0,3.75824
106,91,53,0,3.75824
106,91,54,0,3.75824
106,91,55,0,3.75824
106,91,56,0,3.75824
106,91,57,0,3.75824
106,91,58,0,3.75824
106,91,59,0,3.75824
106,91,60,0,3.75824
106,91,61,0,3.75824
106,91,62,0,3.75824
106,91,63,0,3.75824
106,92,0,0,3.72826
106,92,1,0,3.72826
106,92,2,0,3.72826
106,92,3,0,3.72826
106,92,4,0,3.72826
106,92,5,0,3.72826
106,92,6,0,3.72826
106,92,7,0,3.72826
106,92,8,0,3.72826
106,92,9,0,3.72826
106,92,10,0,3.72826
106,92,11,0,3.72826
106,92,12,0,3.72826
106,92,13,0,3.72826
106,92,14,0,3.72826
106,92,15,0,3.72826
106,92,16,0,3.72826
106,92,17,0,3.72826
106,92,18,0,3.72826
106,92,19,0,3.72826
106,92,20,0,3.72826
106,92,21,0,3.72826
106,92,22,0,3.72826
106,92,23,0,3.72826
106,92,24,0,3.72826
106,92,25,0,3.72826
106,92,26,0,3.72826
106,92,27,0,3.72826
106,92,28,0,3.72826
106,92,29,0,3.72826
106,92,30,0,3.72826
106,92,31,0,3.72826
106,92,32,0,3.72826
106,92,33,0,3.72826
106,92,34,343,3.72826
106,92,35,0,3.72826
106,92,36,0,3.72826
106,92,37,0,3.72826
106,92,38,0,3.72826
106,92,39,0,3.72826
106,92,40,0,3.72826
106,92,41,0,3.72826
106,92,42,0,3.72826
106,92,43,0,3.72826
106,92,44,0,3.72826
106,92,45,0,3.72826
106,92,46,0,3.72826
106,92,47,0,3.72826
106,92,48,0,3.72826
106,92,49,0,3.72826
106,92,50,0,3.72826
106,92,51,0,3.72826
106,92,52,0,3.72826
106,92,53,0,3.72826
106,92,54,0,3.72826
106,92,55,0,3.72826
106,92,56,0,3.72826
106,92,57,0,3.72826
106,92,58,0,3.72826
106,92,59,0,3.72826
106,92,60,0,3.72826
106,92,61,0,3.72826
106,92,62,0,3.72826
106,92,63,0,3.72826
106,93,0,0,3.74194
106,93,1,0,3.74194
106,93,2,0,3.74194
106,93,3,0,3.74194
106,93,4,0,3.74194
106,93,5,0,3.74194
106,93,6,0,3.74194
106,93,7,0,3.74194
106,93,8,0,3.74194
106,93,9,0,3.74194
106,93,10,0,3.74194
106,93,11,0,3.74194
106,93,12,0,3.74194
106,93,13,0,3.74194
106,93,14,0,3.74194
106,93,15,0,3.74194
106,93,16,0,3.74194
106,93,17,0,3.74194
106,93,18,0,3.74194
106,93,19,0,3.74194
106,93,20,0,3.74194
106,93,21,0,3.74194
106,93,22,0,3.74194
106,93,23,0,3.74194
106,93,24,0,3.74194
106,93,25,0,3.74194
106,93,26,0,3.74194
106,93,27,0,3.74194
106,93,28,0,3.74194
106,93,29,0,3.74194
106,93,30,0,3.74194
106,93,31,0,3.74194
106,93,32,0,3.74194
106,93,33,0,3.74194
106,93,34,348,3.74194
106,93,35,0,3.74194
106,93,36,0,3.74194
106,93,37,0,3.74194
106,93,38,0,3.74194
106,93,39,0,3.74194
106,93,40,0,3.74194
106,93,41,0,3.74194
106,93,42,0,3.74194
106,93,43,0,3.74194
106,93,44,0,3.74194
106,93,45,0,3.74194
106,93,46,0,3.74194
106,93,47,0,3.74194
106,93,48,0,3.74194
106,93,49,0,3.74194
106,93,50,0,3.74194
106,93,51,0,3.74194
106,93,52,0,3.74194
106,93,53,0,3.74194
106,93,54,0,3.74194
106,93,55,0,3.74194
106,93,56,0,3.74194
106,93,57,0,3.74194
106,93,58,0,3.74194
106,93,59,0,3.74194
106,93,60,0,3.74194
106,93,61,0,3.74194
106,93,62,0,3.74194
106,93,63,0,3.74194
106,94,0,0,3.71277
106,94,1,0,3.71277
106,94,2,0,3.71277
106,94,3,0,3.71277
106,94,4,0,3.71277
106,94,5,0,3.71277
106,94,6,0,3.71277
106,94,7,0,3.71277
106,94,8,0,3.71277
106,94,9,0,3.71277
106,94,10,0,3.71277
106,94,11,0,3.71277
106,94,12,0,3.71277
106,94,13,0,3.71277
106,94,14,0,3.71277
106,94,15,0,3.71277
106,94,16,0,3.71277
106,94,17,0,3.71277
106,94,18,0,3.71277
106,94,19,0,3.71277
106,94,20,0,3.71277
106,94,21,0,3.71277
106,94,22,0,3.71277
106,94,23,0,3.71277
106,94,24,0,3.71277
106,94,25,0,3.71277
106,94,26,0,3.71277
106,94,27,0,3.71277
106,94,28,0,3.71277
106,94,29,0,3.71277
106,94,30,0,3.71277
106,94,31,0,3.71277
106,94,32,0,3.71277
106,94,33,0,3.71277
106,94,34,349,3.71277
106,94,35,0,3.71277
106,94,36,0,3.71277
106,94,37,0,3.71277
106,94,38,0,3.71277
106,94,39,0,3.71277
106,94,40,0,3.71277
106,94,41,0,3.71277
106,94,42,0,3.71277
106,94,43,0,3.71277
106,94,44,0,3.71277
106,94,45,0,3.71277
106,94,46,0,3.71277
106,94,47,0,3.71277
106,94,48,0,3.71277
106,94,49,0,3.71277
106,94,50,0,3.71277
106,94,51,0,3.71277
106,94,52,0,3.71277
106,94,53,0,3.71277
106,94,54,0,3.71277
106,94,55,0,3.71277
106,94,56,0,3.71277
106,94,57,0,3.71277
106,94,58,0,3.71277
106,94,59,0,3.71277
106,94,60,0,3.71277
106,94,61,0,3.71277
106,94,62,0,3.71277
106,94,63,0,3.71277
106,95,0,0,3.69474
106,95,1,0,3.69474
106,95,2,0,3.69474
106,95,3,0,3.69474
106,95,4,0,3.69474
106,95,5,0,3.69474
106,95,6,0,3.69474
106,95,7,0,3.69474
106,95,8,0,3.69474
106,95,9,0,3.69474
106,95,10,0,3.69474
106,95,11,0,3.69474
106,95,12,0,3.69474
106,95,13,0,3.69474
106,95,14,0,3.69474
106,95,15,0,3.69474
106,95,16,0,3.69474
106,95,17,0,3.69474
106,95,18,0,3.69474
106,95,19,0,3.69474
106,95,20,0,3.69474
106,95,21,0,3.69474
106,95,22,0,3.69474
106,95,23,0,3.69474
106,95,24,0,3.69474
106,95,25,0,3.69474
106,95,26,0,3.69474
106,95,27,0,3.69474
106,95,28,0,3.69474
106,95,29,0,3.69474
106,95,30,0,3.69474
106,95,31,0,3.69474
106,95,32,0,3.69474
106,95,33,0,3.69474
106,95,34,351,3.69474
106,95,35,0,3.69474
106,95,36,0,3.69474
106,95,37,0,3.69474
106,95,38,0,3.69474
106,95,39,0,3.69474
106,95,40,0,3.69474
106,95,41,0,3.69474
106,95,42,0,3.69474
106,95,43,0,3.69474
106,95,44,0,3.69474
106,95,45,0,3.69474
106,95,46,0,3.69474
106,95,47,0,3.69474
106,95,48,0,3.69474
106,95,49,0,3.69474
106,95,50,0,3.69474
106,95,51,0,3.69474
106,95,52,0,3.69474
106,95,53,0,3.69474
106,95,54,0,3.69474
106,95,55,0,3.69474
106,95,56,0,3.69474
106,95,57,0,3.69474
106,95,58,0,3.69474
106,95,59,0,3.69474
106,95,60,0,3.69474
106,95,61,0,3.69474
106,95,62,0,3.69474
106,95,63,0,3.69474
106,96,0,0,3.70833
106,96,1,0,3.70833
106,96,2,0,3.70833
106,96,3,0,3.70833
106,96,4,0,3.70833
106,96,5,0,3.70833
106,96,6,0,3.70833
106,96,7,0,3.70833
106,96,8,0,3.70833
106,96,9,0,3.70833
106,96,10,0,3.70833
106,96,11,0,3.70833
106,96,12,0,3.70833
106,96,13,0,3.70833
106,96,14,0,3.70833
106,96,15,0,3.70833
106,96,16,0,3.70833
106,96,17,0,3.70833
106,96,18,0,3.70833
106,96,19,0,3.70833
106,96,20,0,3.70833
106,96,21,0,3.70833
106,96,22,0,3.70833
106,96,23,0,3.70833
106,96,24,0,3.70833
106,96,25,0,3.70833
106,96,26,0,3.70833
106,96,27,0,3.70833
106,96,28,0,3.70833
106,96,29,0,3.70833
106,96,30,0,3.70833
106,96,31,0,3.70833
106,96,32,0,3.70833
106,96,33,0,3.70833
106,96,34,356,3.70833
106,96,35,0,3.70833
106,96,36,0,3.70833
106,96,37,0,3.70833
106,96,38,0,3.70833
106,96,39,0,3.70833
106,96,40,0,3.70833
106,96,41,0,3.70833
106,96,42,0,3.70833
106,96,43,0,3.70833
106,96,44,0,3.70833
106,96,45,0,3.70833
106,96,46,0,3.70833
106,96,47,0,3.70833
106,96,48,0,3.70833
106,96,49,0,3.70833
106,96,50,0,3.70833
106,96,51,0,3.70833
106,96,52,0,3.70833
106,96,53,0,3.70833
106,96,54,0,3.70833
106,96,55,0,3.70833
106,96,56,0,3.70833
106,96,57,0,3.70833
106,96,58,0,3.70833
106,96,59,0,3.70833
106,96,60,0,3.70833
106,96,61,0,3.70833
106,96,62,0,3.70833
106,96,63,0,3.70833
106,97,0,0,3.70103
106,97,1,0,3.70103
106,97,2,0,3.70103
106,97,3,0,3.70103
106,97,4,0,3.70103
106,97,5,0,3.70103
106,97,6,0,3.70103
106,97,7,0,3.70103
106,97,8,0,3.70103
106,97,9,0,3.70103
106,97,10,0,3.70103
106,97,11,0,3.70103
106,97,12,0,3.70103
106,97,13,0,3.70103
106,97,14,0,3.70103
106,97,15,0,3.70103
106,97,16,0,3.70103
106,97,17,0,3.70103
106,97,18,0,3.70103
106,97,19,0,3.70103
106,97,20,0,3.70103
106,97,21,0,3.70103
106,97,22,0,3.70103
106,97,23,0,3.70103
106,97,24,0,3.70103
106,97,25,0,3.70103
106,97,26,0,3.70103
106,97,27,0,3.70103
106,97,28,0,3.70103
106,97,29,0,3.70103
106,97,30,0,3.70103
106,97,31,0,3.70103
106,97,32,0,3.70103
106,97,33,0,3.70103
106,97,34,359,3.70103
106,97,35,0,3.70103
106,97,36,0,3.70103
106,97,37,0,3.70103
106,97,38,0,3.70103
106,97,39,0,3.70103
106,97,40,0,3.70103
106,97,41,0,3.70103
106,97,42,0,3.70103
106,97,43,0,3.70103
106,97,44,0,3.70103
106,97,45,0,3.70103
106,97,46,0,3.70103
106,97,47,0,3.70103
106,97,48,0,3.70103
106,97,49,0,3.70103
106,97,50,0,3.70103
106,97,51,0,3.70103
106,97,52,0,3.70103
106,97,53,0,3.70103
106,97,54,0,3.70103
106,97,55,0,3.70103
106,97,56,0,3.70103
106,97,57,0,3.70103
106,97,58,0,3.70103
106,97,59,0,3.70103
106,97,60,0,3.70103
106,97,61,0,3.70103
106,97,62,0,3.70103
106,97,63,0,3.70103
106,98,0,0,3.70408
106,98,1,0,3.70408
106,98,2,0,3.70408
106,98,3,0,3.70408
106,98,4,0,3.70408
106,98,5,0,3.70408
106,98,6,0,3.70408
106,98,7,0,3.70408
106,98,8,0,3.70408
106,98,9,0,3.70408
106,98,10,0,3.70408
106,98,11,0,3.70408
106,98,12,0,3.70408
106,98,13,0,3.70408
106,98,14,0,3.70408
106,98,15,0,3.70408
106,98,16,0,3.70408
106,98,17,0,3.70408
106,98,18,0,3.70408
106,98,19,0,3.70408
106,98,20,0,3.70408
106,98,21,0,3.70408
106,98,22,0,3.70408
106,98,23,0,3.70408
106,98,24,0,3.70408
106,98,25,0,3.70408
106,98,26,0,3.70408
106,98,27,0,3.70408
106,98,28,0,3.70408
106,98,29,0,3.70408
106,98,30,0,3.70408
106,98,31,0,3.70408
106,98,32,0,3.70408
106,98,33,0,3.70408
106,98,34,363,3.70408
106,98,35,0,3.70408
106,98,36,0,3.70408
106,98,37,0,3.70408
106,98,38,0,3.70408
106,98,39,0,3.70408
106,98,40,0,3.70408
106,98,41,0,3.70408
106,98,42,0,3.70408
106,98,43,0,3.70408
106,98,44,0,3.70408
106,98,45,0,3.70408
106,98,46,0,3.70408
106,98,47,0,3.70408
106,98,48,0,3.70408
106,98,49,0,3.70408
106,98,50,0,3.70408
106,98,51,0,3.70408
106,98,52,0,3.70408
106,98,53,0,3.70408
106,98,54,0,3.70408
106,98,55,0,3.70408
106,98,56,0,3.70408
106,98,57,0,3.70408
106,98,58,0,3.70408
106,98,59,0,3.70408
106,98,60,0,3.70408
106,98,61,0,3.70408
106,98,62,0,3.70408
106,98,63,0,3.70408
106,99,0,0,3.71717
106,99,1,0,3.71717
106,99,2,0,3.71717
106,99,3,0,3.71717
106,99,4,0,3.71717
106,99,5,0,3.71717
106,99,6,0,3.71717
106,99,7,0,3.71717
106,99,8,0,3.71717
106,99,9,0,3.71717
106,99,10,0,3.71717
106,99,11,0,3.71717
106,99,12,0,3.71717
106,99,13,0,3.71717
106,99,14,0,3.71717
106,99,15,0,3.71717
106,99,16,0,3.71717
106,99,17,0,3.71717
106,99,18,0,3.71717
106,99,19,0,3.71717
106,99,20,0,3.71717
106,99,21,0,3.71717
106,99,22,0,3.71717
106,99,23,0,3.71717
106,99,24,0,3.71717
106,99,25,0,3.71717
106,99,26,0,3.71717
106,99,27,0,3.71717
106,99,28,0,3.71717
106,99,29,0,3.71717
106,99,30,0,3.71717
106,99,31,0,3.71717
106,99,32,0,3.71717
106,99,33,0,3.71717
106,99,34,368,3.71717
106,99,35,0,3.71717
106,99,36,0,3.71717
106,99,37,0,3.71717
106,99,38,0,3.71717
106,99,39,0,3.71717
106,99,40,0,3.71717
106,99,41,0,3.71717
106,99,42,0,3.71717
106,99,43,0,3.71717
106,99,44,0,3.71717
106,99,45,0,3.71717
106,99,46,0,3.71717
106,99,47,0,3.71717
106,99,48,0,3.71717
106,99,49,0,3.71717
106,99,50,0,3.71717
106,99,51,0,3.71717
106,99,52,0,3.71717
106,99,53,0,3.71717
106,99,54,0,3.71717
106,99,55,0,3.71717
106,99,56,0,3.71717
106,99,57,0,3.71717
106,99,58,0,3.71717
106,99,59,0,3.71717
106,99,60,0,3.71717
106,99,61,0,3.71717
106,99,62,0,3.71717
106,99,63,0,3.71717
106,100,0,0,3.7
106,100,1,0,3.7
106,100,2,0,3.7
106,100,3,0,3.7
106,100,4,0,3.7
106,100,5,0,3.7
106,100,6,0,3.7
106,100,7,0,3.7
106,100,8,0,3.7
106,100,9,0,3.7
106,100,10,0,3.7
106,100,11,0,3.7
106,100,12,0,3.7
106,100,13,0,3.7
106,100,14,0,3.7
106,100,15,0,3.7
106,100,16,0,3.7
106,100,17,0,3.7
106,100,18,0,3.7
106,100,19,0,3.7
106,100,20,0,3.7
106,100,21,0,3.7
106,100,22,0,3.7
106,100,23,0,3.7
106,100,24,0,3.7
106,100,25,0,3.7
106,100,26,0,3.7
106,100,27,0,3.7
106,100,28,0,3.7
106,100,29,0,3.7
106,100,30,0,3.7
106,100,31,0,3.7
106,100,32,0,3.7
106,100,33,0,3.7
106,100,34,370,3.7
106,100,35,0,3.7
106,100,36,0,3.7
106,100,37,0,3.7
106,100,38,0,3.7
106,100,39,0,3.7
106,100,40,0,3.7
106,100,41,0,3.7
106,100,42,0,3.7
106,100,43,0,3.7
106,100,44,0,3.7
106,100,45,0,3.7
106,100,46,0,3.7
106,100,47,0,3.7
106,100,48,0,3.7
106,100,49,0,3.7
106,100,50,0,3.7
106,100,51,0,3.7
106,100,52,0,3.7
106,100,53,0,3.7
106,100,54,0,3.7
106,100,55,0,3.7
106,100,56,0,3.7
106,100,57,0,3.7
106,100,58,0,3.7
106,100,59,0,3.7
106,100,60,0,3.7
106,100,61,0,3.7
106,100,62,0,3.7
106,100,63,0,3.7
126,1,0,0,4
126,1,1,0,4
126,1,2,0,4
126,1,3,0,4
126,1,4,0,4
126,1,5,0,4
126,1,6,0,4
126,1,7,0,4
126,1,8,0,4
126,1,9,0,4
126,1,10,0,4
126,1,11,0,4
126,1,12,0,4
126,1,13,0,4
126,1,14,0,4
126,1,15,0,4
126,1,16,0,4
126,1,17,0,4
126,1,18,0,4
126,1,19,0,4
126,1,20,0,4
126,1,21,0,4
126,1,22,0,4
126,1,23,0,4
126,1,24,0,4
126,1,25,0,4
126,1,26,0,4
126,1,27,0,4
126,1,28,0,4
126,1,29,0,4
126,1,30,0,4
126,1,31,0,4
126,1,32,0,4
126,1,33,0,4
126,1,34,0,4
126,1,35,0,4
126,1,36,0,4
126,1,37,0,4
126,1,38,0,4
126,1,39,4,4
126,1,40,0,4
126,1,41,0,4
126,1,42,0,4
126,1,43,0,4
126,1,44,0,4
126,1,45,0,4
126,1,46,0,4
126,1,47,0,4
126,1,48,0,4
126,1,49,0,4
126,1,50,0,4
126,1,51,0,4
126,1,52,0,4
126,1,53,0,4
126,1,54,0,4
126,1,55,0,4
126,1,56,0,4
126,1,57,0,4
126,1,58,0,4
126,1,59,0,4
126,1,60,0,4
126,1,61,0,4
126,1,62,0,4
126,1,63,0,4
126,2,0,0,2.5
126,2,1,0,2.5
126,2,2,0,2.5
126,2,3,0,2.5
126,2,4,0,2.5
126,2,5,0,2.5
126,2,6,0,2.5
126,2,7,0,2.5
126,2,8,0,2.5
126,2,9,0,2.5
126,2,10,0,2.5
126,2,11,0,2.5
126,2,12,0,2.5
126,2,13,0,2.5
126,2,14,0,2.5
126,2,15,0,2.5
126,2,16,0,2.5
126,2,17,0,2.5
126,2,18,0,2.5
126,2,19,0,2.5
126,2,20,0,2.5
126,2,21,0,2.5
126,2,22,0,2.5
126,2,23,0,2.5
126,2,24,0,2.5
126,2,25,0,2.5
126,2,26,0,2.5
126,2,27,0,2.5
126,2,28,0,2.5
126,2,29,0,2.5
126,2,30,0,2.5
126,2,31,0,2.5
126,2,32,0,2.5
126,2,33,0,2.5
126,2,34,0,2.5
126,2,35,0,2.5
126,2,36,0,2.5
126,2,37,0,2.5
126,2,38,0,2.5
126,2,39,5,2.5
126,2,40,0,2.5
126,2,41,0,2.5
126,2,42,0,2.5
126,2,43,0,2.5
126,2,44,0,2.5
126,2,45,0,2.5
126,2,46,0,2.5
126,2,47,0,2.5
126,2,48,0,2.5
126,2,49,0,2.5
126,2,50,0,2.5
126,2,51,0,2.5
126,2,52,0,2.5
126,2,53,0,2.5
126,2,54,0,2.5
126,2,55,0,2.5
126,2,56,0,2.5
126,2,57,0,2.5
126,2,58,0,2.5
126,2,59,0,2.5
126,2,60,0,2.5
126,2,61,0,2.5
126,2,62,0,2.5
126,2,63,0,2.5
126,3,0,0,2.66667
126,3,1,0,2.66667
126,3,2,0,2.66667
126,3,3,0,2.66667
126,3,4,0,2.66667
126,3,5,0,2.66667
126,3,6,0,2.66667
126,3,7,0,2.66667
126,3,8,0,2.66667
126,3,9,0,2.66667
126,3,10,0,2.66667
126,3,11,0,2.66667
126,3,12,0,2.66667
126,3,13,0,2.66667
126,3,14,0,2.66667
126,3,15,0,2.66667
126,3,16,0,2.66667
126,3,17,0,2.66667
126,3,18,0,2.66667
126,3,19,0,2.66667
126,3,20,0,2.66667
126,3,21,0,2.66667
126,3,22,0,2.66667
126,3,23,0,2.66667
126,3,24,0,2.66667
126,3,25,0,2.66667
126,3,26,0,2.66667
126,3,27,0,2.66667
126,3,28,0,2.66667
126,3,29,0,2.66667
126,3,30,0,2.66667
126,3,31,0,2.66667
126,3,32,0,2.66667
126,3,33,0,2.66667
126,3,34,0,2.66667
126,3,35,0,2.66667
126,3,36,0,2.66667
126,3,37,0,2.66667
126,3,38,0,2.66667
126,3,39,8,2.66667
126,3,40,0,2.66667
126,3,41,0,2.66667
126,3,42,0,2.66667
126,3,43,0,2.66667
126,3,44,0,2.66667
126,3,45,0,2.66667
126,3,46,0,2.66667
126,3,47,0,2.66667
126,3,48,0,2.66667
126,3,49,0,2.66667
126,3,50,0,2.66667
126,3,51,0,2.66667
126,3,52,0,2.66667
126,3,53,0,2.66667
126,3,54,0,2.66667
126,3,55,0,2.66667
126,3,56,0,2.66667
126,3,57,0,2.66667
126,3,58,0,2.66667
126,3,59,0,2.66667
126,3,60,0,2.66667
126,3,61,0,2.66667
126,3,62,0,2.66667
126,3,63,0,2.66667
126,4,0,0,2.25
126,4,1,0,2.25
126,4,2,0,2.25
126,4,3,0,2.25
126,4,4,0,2.25
126,4,5,0,2.25
126,4,6,0,2.25
126,4,7,0,2.25
126,4,8,0,2.25
126,4,9,0,2.25
126,4,10,0,2.25
126,4,11,0,2.25
126,4,12,0,2.25
126,4,13,0,2.25
126,4,14,0,2.25
126,4,15,0,2.25
126,4,16,0,2.25
126,4,17,0,2.25
126,4,18,0,2.25
126,4,19,0,2.25
126,4,20,0,2.25
126,4,21,0,2.25
126,4,22,0,2.25
126,4,23,0,2.25
126,4,24,0,2.25
126,4,25,0,2.25
126,4,26,0,2.25
126,4,27,0,2.25
126,4,28,0,2.25
126,4,29,0,2.25
126,4,30,0,2.25
126,4,31,0,2.25
126,4,32,0,2.25
126,4,33,0,2.25
126,4,34,0,2.25
126,4,35,0,2.25
126,4,36,0,2.25
126,4,37,0,2.25
126,4,38,0,2.25
126,4,39,9,2.25
126,4,40,0,2.25
126,4,41,0,2.25
126,4,42,0,2.25
126,4,43,0,2.25
126,4,44,0,2.25
126,4,45,0,2.25
126,4,46,0,2.25
126,4,47,0,2.25
126,4,48,0,2.25
126,4,49,0,2.25
126,4,50,0,2.25
126,4,51,0,2.25
126,4,52,0,2.25
126,4,53,0,2.25
126,4,54,0,2.25
126,4,55,0,2.25
126,4,56,0,2.25
126,4,57,0,2.25
126,4,58,0,2.25
126,4,59,0,2.25
126,4,60,0,2.25
126,4,61,0,2.25
126,4,62,0,2.25
126,4,63,0,2.25
126,5,0,0,2
126,5,1,0,2
126,5,2,0,2
126,5,3,0,2
126,5,4,0,2
126,5,5,0,2
126,5,6,0,2
126,5,7,0,2
126,5,8,0,2
126,5,9,0,2
126,5,10,0,2
126,5,11,0,2
126,5,12,0,2
126,5,13,0,2
126,5,14,0,2
126,5,15,0,2
126,5,16,0,2
126,5,17,0,2
126,5,18,0,2
126,5,19,0,2
126,5,20,0,2
126,5,21,0,2
126,5,22,0,2
126,5,23,0,2
126,5,24,0,2
126,5,25,0,2
126,5,26,0,2
126,5,27,0,2
126,5,28,0,2
126,5,29,0,2
126,5,30,0,2
126,5,31,0,2
126,5,32,0,2
126,5,33,0,2
126,5,34,0,2
126,5,35,0,2
126,5,36,0,2
126,5,37,0,2
126,5,38,0,2
126,5,39,10,2
126,5,40,0,2
126,5,41,0,2
126,5,42,0,2
126,5,43,0,2
126,5,44,0,2
126,5,45,0,2
126,5,46,0,2
126,5,47,0,2
126,5,48,0,2
126,5,49,0,2
126,5,50,0,2
126,5,51,0,2
126,5,52,0,2
126,5,53,0,2
126,5,54,0,2
126,5,55,0,2
126,5,56,0,2
126,5,57,0,2
126,5,58,0,2
126,5,59,0,2
126,5,60,0,2
126,5,61,0,2
126,5,62,0,2
126,5,63,0,2
126,6,0,0,2.33333
126,6,1,0,2.33333
126,6,2,0,2.33333
126,6,3,0,2.33333
126,6,4,0,2.33333
126,6,5,0,2.33333
126,6,6,0,2.33333
126,6,7,0,2.33333
126,6,8,0,2.33333
126,6,9,0,2.33333
126,6,10,0,2.33333
126,6,11,0,2.33333
126,6,12,0,2.33333
126,6,13,0,2.33333
126,6,14,0,2.33333
126,6,15,0,2.33333
126,6,16,0,2.33333
126,6,17,0,2.33333
126,6,18,0,2.33333
126,6,19,0,2.33333
126,6,20,0,2.33333
126,6,21,0,2.33333
126,6,22,0,2.33333
126,6,23,0,2.33333
126,6,24,0,2.33333
126,6,25,0,2.33333
126,6,26,0,2.33333
126,6,27,0,2.33333
126,6,28,0,2.33333
126,6,29,0,2.33333
126,6,30,0,2.33333
126,6,31,0,2.33333
126,6,32,0,2.33333
126,6,33,0,2.33333
126,6,34,0,2.33333
126,6,35,0,2.33333
126,6,36,0,2.33333
126,6,37,0,2.33333
126,6,38,0,2.33333
126,6,39,14,2.33333
126,6,40,0,2.33333
126,6,41,0,2.33333
126,6,42,0,2.33333
126,6,43,0,2.33333
126,6,44,0,2.33333
126,6,45,0,2.33333
126,6,46,0,2.33333
126,6,47,0,2.33333
126,6,48,0,2.33333
126,6,49,0,2.33333
126,6,50,0,2.33333
126,6,51,0,2.33333
126,6,52,0,2.33333
126,6,53,0,2.33333
126,6,54,0,2.33333
126,6,55,0,2.33333
126,6,56,0,2.33333
126,6,57,0,2.33333
126,6,58,0,2.33333
126,6,59,0,2.33333
126,6,60,0,2.33333
126,6,61,0,2.33333
126,6,62,0,2.33333
126,6,63,0,2.33333
126,7,0,0,2.14286
126,7,1,0,2.14286
126,7,2,0,2.14286
126,7,3,0,2.14286
126,7,4,0,2.14286
126,7,5,0,2.14286
126,7,6,0,2.14286
126,7,7,0,2.14286
126,7,8,0,2.14286
126,7,9,0,2.14286
126,7,10,0,2.14286
126,7,11,0,2.14286
126,7,12,0,2.14286
126,7,13,0,2.14286
126,7,14,0,2.14286
126,7,15,0,2.14286
126,7,16,0,2.14286
126,7,17,0,2.14286
126,7,18,0,2.14286
126,7,19,0,2.14286
126,7,20,0,2.14286
126,7,21,0,2.14286
126,7,22,0,2.14286
126,7,23,0,2.14286
126,7,24,0,2.14286
126,7,25,0,2.14286
126,7,26,0,2.14286
126,7,27,0,2.14286
126,7,28,0,2.14286
126,7,29,0,2.14286
126,7,30,0,2.14286
126,7,31,0,2.14286
126,7,32,0,2.14286
126,7,33,0,2.14286
126,7,34,0,2.14286
126,7,35,0,2.14286
126,7,36,0,2.14286
126,7,37,0,2.14286
126,7,38,0,2.14286
126,7,39,15,2.14286
126,7,40,0,2.14286
126,7,41,0,2.14286
126,7,42,0,2.14286
126,7,43,0,2.14286
126,7,44,0,2.14286
126,7,45,0,2.14286
126,7,46,0,2.14286
126,7,47,0,2.14286
126,7,48,0,2.14286
126,7,49,0,2.14286
126,7,50,0,2.14286
126,7,51,0,2.14286
126,7,52,0,2.14286
126,7,53,0,2.14286
126,7,54,0,2.14286
126,7,55,0,2.14286
126,7,56,0,2.14286
126,7,57,0,2.14286
126,7,58,0,2.14286
126,7,59,0,2.14286
126,7,60,0,2.14286
126,7,61,0,2.14286
126,7,62,0,2.14286
126,7,63,0,2.14286
126,8,0,0,2.25
126,8,1,0,2.25
126,8,2,0,2.25
126,8,3,0,2.25
126,8,4,0,2.25
126,8,5,0,2.25
126,8,6,0,2.25
126,8,7,0,2.25
126,8,8,0,2.25
126,8,9,0,2.25
126,8,10,0,2.25
126,8,11,0,2.25
126,8,12,0,2.25
126,8,13,0,2.25
126,8,14,0,2.25
126,8,15,0,2.25
126,8,16,0,2.25
126,8,17,0,2.25
126,8,18,0,2.25
126,8,19,0,2.25
126,8,20,0,2.25
126,8,21,0,2.25
126,8,22,0,2.25
126,8,23,0,2.25
126,8,24,0,2.25
126,8,25,0,2.25
126,8,26,0,2.25
126,8,27,0,2.25
126,8,28,0,2.25
126,8,29,0,2.25
126,8,30,0,2.25
126,8,31,0,2.25
126,8,32,0,2.25
126,8,33,0,2.25
126,8,34,0,2.25
126,8,35,0,2.25
126,8,36,0,2.25
126,8,37,0,2.25
126,8,38,0,2.25
126,8,39,18,2.25
126,8,40,0,2.25
126,8,41,0,2.25
126,8,42,0,2.25
126,8,43,0,2.25
126,8,44,0,2.25
126,8,45,0,2.25
126,8,46,0,2.25
126,8,47,0,2.25
126,8,48,0,2.25
126,8,49,0,2.25
126,8,50,0,2.25
126,8,51,0,2.25
126,8,52,0,2.25
126,8,53,0,2.25
126,8,54,0,2.25
126,8,55,0,2.25
126,8,56,0,2.25
126,8,57,0,2.25
126,8,58,0,2.25
126,8,59,0,2.25
126,8,60,0,2.25
126,8,61,0,2.25
126,8,62,0,2.25
126,8,63,0,2.25
126,9,0,0,2.22222
126,9,1,0,2.22222
126,9,2,0,2.22222
126,9,3,0,2.22222
126,9,4,0,2.22222
126,9,5,0,2.22222
126,9,6,0,2.22222
126,9,7,0,2.22222
126,9,8,0,2.22222
126,9,9,0,2.22222
126,9,10,0,2.22222
126,9,11,0,2.22222
126,9,12,0,2.22222
126,9,13,0,2.22222
126,9,14,0,2.22222
126,9,15,0,2.22222
126,9,16,0,2.22222
126,9,17,0,2.22222
126,9,18,0,2.22222
126,9,19,0,2.22222
126,9,20,0,2.22222
126,9,21,0,2.22222
126,9,22,0,2.22222
126,9,23,0,2.22222
126,9,24,0,2.22222
126,9,25,0,2.22222
126,9,26,0,2.22222
126,9,27,0,2.22222
126,9,28,0,2.22222
126,9,29,0,2.22222
126,9,30,0,2.22222
126,9,31,0,2.22222
126,9,32,0,2.22222
126,9,33,0,2.22222
126,9,34,0,2.22222
126,9,35,0,2.22222
126,9,36,0,2.22222
126,9,37,0,2.22222
126,9,38,0,2.22222
126,9,39,20,2.22222
126,9,40,0,2.22222
126,9,41,0,2.22222
126,9,42,0,2.22222
126,9,43,0,2.22222
126,9,44,0,2.22222
126,9,45,0,2.22222
126,9,46,0,2.22222
126,9,47,0,2.22222
126,9,48,0,2.22222
126,9,49,0,2.22222
126,9,50,0,2.22222
126,9,51,0,2.22222
126,9,52,0,2.22222
126,9,53,0,2.22222
126,9,54,0,2.22222
126,9,55,0,2.22222
126,9,56,0,2.22222
126,9,57,0,2.22222
126,9,58,0,2.22222
126,9,59,0,2.22222
126,9,60,0,2.22222
126,9,61,0,2.22222
126,9,62,0,2.22222
126,9,63,0,2.22222
126,10,0,0,2.2
126,10,1,0,2.2
126,10,2,0,2.2
126,10,3,0,2.2
126,10,4,0,2.2
126,10,5,0,2.2
126,10,6,0,2.2
126,10,7,0,2.2
126,10,8,0,2.2
126,10,9,0,2.2
126,10,10,0,2.2
126,10,11,0,2.2
126,10,12,0,2.2
126,10,13,0,2.2
126,10,14,0,2.2
126,10,15,0,2.2
126,10,16,0,2.2
126,10,17,0,2.2
126,10,18,0,2.2
126,10,19,0,2.2
126,10,20,0,2.2
126,10,21,0,2.2
126,10,22,0,2.2
126,10,23,0,2.2
126,10,24,0,2.2
126,10,25,0,2.2
126,10,26,0,2.2
126,10,27,0,2.2
126,10,28,0,2.2
126,10,29,0,2.2
126,10,30,0,2.2
126,10,31,0,2.2
126,10,32,0,2.2
126,10,33,0,2.2
126,10,34,0,2.2
126,10,35,0,2.2
126,10,36,0,2.2
126,10,37,0,2.2
126,10,38,0,2.2
126,10,39,22,2.2
126,10,40,0,2.2
126,10,41,0,2.2
126,10,42,0,2.2
126,10,43,0,2.2
126,10,44,0,2.2
126,10,45,0,2.2
126,10,46,0,2.2
126,10,47,0,2.2
126,10,48,0,2.2
126,10,49,0,2.2
126,10,50,0,2.2
126,10,51,0,2.2
126,10,52,0,2.2
126,10,53,0,2.2
126,10,54,0,2.2
126,10,55,0,2.2
126,10,56,0,2.2
126,10,57,0,2.2
126,10,58,0,2.2
126,10,59,0,2.2
126,10,60,0,2.2
126,10,61,0,2.2
126,10,62,0,2.2
126,10,63,0,2.2
126,11,0,0,2.09091
126,11,1,0,2.09091
126,11,2,0,2.09091
126,11,3,0,2.09091
126,11,4,0,2.09091
126,11,5,0,2.09091
126,11,6,0,2.09091
126,11,7,0,2.09091
126,11,8,0,2.09091
126,11,9,0,2.09091
126,11,10,0,2.09091
126,11,11,0,2.09091
126,11,12,0,2.09091
126,11,13,0,2.09091
126,11,14,0,2.09091
126,11,15,0,2.09091
126,11,16,0,2.09091
126,11,17,0,2.09091
126,11,18,0,2.09091
126,11,19,0,2.09091
126,11,20,0,2.09091
126,11,21,0,2.09091
126,11,22,0,2.09091
126,11,23,0,2.09091
126,11,24,0,2.09091
126,11,25,0,2.09091
126,11,26,0,2.09091
126,11,27,0,2.09091
126,11,28,0,2.09091
126,11,29,0,2.09091
126,11,30,0,2.09091
126,11,31,0,2.09091
126,11,32,0,2.09091
126,11,33,0,2.09091
126,11,34,0,2.09091
126,11,35,0,2.09091
126,11,36,0,2.09091
126,11,37,0,2.09091
126,11,38,0,2.09091
126,11,39,23,2.09091
126,11,40,0,2.09091
126,11,41,0,2.09091
126,11,42,0,2.09091
126,11,43,0,2.09091
126,11,44,0,2.09091
126,11,45,0,2.09091
126,11,46,0,2.09091
126,11,47,0,2.09091
126,11,48,0,2.09091
126,11,49,0,2.09091
126,11,50,0,2.09091
126,11,51,0,2.09091
126,11,52,0,2.09091
126,11,53,0,2.09091
126,11,54,0,2.09091
126,11,55,0,2.09091
126,11,56,0,2.09091
126,11,57,0,2.09091
126,11,58,0,2.09091
126,11,59,0,2.09091
126,11,60,0,2.09091
126,11,61,0,2.09091
126,11,62,0,2.09091
126,11,63,0,2.09091
126,12,0,0,2.08333
126,12,1,0,2.08333
126,12,2,0,2.08333
126,12,3,0,2.08333
126,12,4,0,2.08333
126,12,5,0,2.08333
126,12,6,0,2.08333
126,12,7,0,2.08333
126,12,8,0,2.08333
126,12,9,0,2.08333
126,12,10,0,2.08333
126,12,11,0,2.08333
126,12,12,0,2.08333
126,12,13,0,2.08333
126,12,14,0,2.08333
126,12,15,0,2.08333
126,12,16,0,2.08333
126,12,17,0,2.08333
126,12,18,0,2.08333
126,12,19,0,2.08333
126,12,20,0,2.08333
126,12,21,0,2.08333
126,12,22,0,2.08333
126,12,23,0,2.08333
126,12,24,0,2.08333
126,12,25,0,2.08333
126,12,26,0,2.08333
126,12,27,0,2.08333
126,12,28,0,2.08333
126,12,29,0,2.08333
126,12,30,0,2.08333
126,12,31,0,2.08333
126,12,32,0,2.08333
126,12,33,0,2.08333
126,12,34,0,2.08333
126,12,35,0,2.08333
126,12,36,0,2.08333
126,12,37,0,2.08333
126,12,38,0,2.08333
126,12,39,25,2.08333
126,12,40,0,2.08333
126,12,41,0,2.08333
126,12,42,0,2.08333
126,12,43,0,2.08333
126,12,44,0,2.08333
126,12,45,0,2.08333
126,12,46,0,2.08333
126,12,47,0,2.08333
126,12,48,0,2.08333
126,12,49,0,2.08333
126,12,50,0,2.08333
126,12,51,0,2.08333
126,12,52,0,2.08333
126,12,53,0,2.08333
126,12,54,0,2.08333
126,12,55,0,2.08333
126,12,56,0,2.08333
126,12,57,0,2.08333
126,12,58,0,2.08333
126,12,59,0,2.08333
126,12,60,0,2.08333
126,12,61,0,2.08333
126,12,62,0,2.08333
126,12,63,0,2.08333
126,13,0,0,2.07692
126,13,1,0,2.07692
126,13,2,0,2.07692
126,13,3,0,2.07692
126,13,4,0,2.07692
126,13,5,0,2.07692
126,13,6,0,2.07692
126,13,7,0,2.07692
126,13,8,0,2.07692
126,13,9,0,2.07692
126,13,10,0,2.07692
126,13,11,0,2.07692
126,13,12,0,2.07692
126,13,13,0,2.07692
126,13,14,0,2.07692
126,13,15,0,2.07692
126,13,16,0,2.07692
126,13,17,0,2.07692
126,13,18,0,2.07692
126,13,19,0,2.07692
126,13,20,0,2.07692
126,13,21,0,2.07692
126,13,22,0,2.07692
126,13,23,0,2.07692
126,13,24,0,2.07692
126,13,25,0,2.07692
126,13,26,0,2.07692
126,13,27,0,2.07692
126,13,28,0,2.07692
126,13,29,0,2.07692
126,13,30,0,2.07692
126,13,31,0,2.07692
126,13,32,0,2.07692
126,13,33,0,2.07692
126,13,34,0,2.07692
126,13,35,0,2.07692
126,13,36,0,2.07692
126,13,37,0,2.07692
126,13,38,0,2.07692
126,13,39,27,2.07692
126,13,40,0,2.07692
126,13,41,0,2.07692
126,13,42,0,2.07692
126,13,43,0,2.07692
126,13,44,0,2.07692
126,13,45,0,2.07692
126,13,46,0,2.07692
126,13,47,0,2.07692
126,13,48,0,2.07692
126,13,49,0,2.07692
126,13,50,0,2.07692
126,13,51,0,2.07692
126,13,52,0,2.07692
126,13,53,0,2.07692
126,13,54,0,2.07692
126,13,55,0,2.07692
126,13,56,0,2.07692
126,13,57,0,2.07692
126,13,58,0,2.07692
126,13,59,0,2.07692
126,13,60,0,2.07692
126,13,61,0,2.07692
126,13,62,0,2.07692
126,13,63,0,2.07692
126,14,0,0,2.07143
126,14,1,0,2.07143
126,14,2,0,2.07143
126,14,3,0,2.07143
126,14,4,0,2.07143
126,14,5,0,2.07143
126,14,6,0,2.07143
126,14,7,0,2.07143
126,14,8,0,2.07143
126,14,9,0,2.07143
126,14,10,0,2.07143
126,14,11,0,2.07143
126,14,12,0,2.07143
126,14,13,0,2.07143
126,14,14,0,2.07143
126,14,15,0,2.07143
126,14,16,0,2.07143
126,14,17,0,2.07143
126,14,18,0,2.07143
126,14,19,0,2.07143
126,14,20,0,2.07143
126,14,21,0,2.07143
126,14,22,0,2.07143
126,14,23,0,2.07143
126,14,24,0,2.07143
126,14,25,0,2.07143
126,14,26,0,2.07143
126,14,27,0,2.07143
126,14,28,0,2.07143
126,14,29,0,2.07143
126,14,30,0,2.07143
126,14,31,0,2.07143
126,14,32,0,2.07143
126,14,33,0,2.07143
126,14,34,0,2.07143
126,14,35,0,2.07143
126,14,36,0,2.07143
126,14,37,0,2.07143
126,14,38,0,2.07143
126,14,39,29,2.07143
126,14,40,0,2.07143
126,14,41,0,2.07143
126,14,42,0,2.07143
126,14,43,0,2.07143
126,14,44,0,2.07143
126,14,45,0,2.07143
126,14,46,0,2.07143
126,14,47,0,2.07143
126,14,48,0,2.07143
126,14,49,0,2.07143
126,14,50,0,2.07143
126,14,51,0,2.07143
126,14,52,0,2.07143
126,14,53,0,2.07143
126,14,54,0,2.07143
126,14,55,0,2.07143
126,14,56,0,2.07143
126,14,57,0,2.07143
126,14,58,0,2.07143
126,14,59,0,2.07143
126,14,60,0,2.07143
126,14,61,0,2.07143
126,14,62,0,2.07143
126,14,63,0,2.07143
126,15,0,0,2.06667
126,15,1,0,2.06667
126,15,2,0,2.06667
126,15,3,0,2.06667
126,15,4,0,2.06667
126,15,5,0,2.06667
126,15,6,0,2.06667
126,15,7,0,2.06667
126,15,8,0,2.06667
126,15,9,0,2.06667
126,15,10,0,2.06667
126,15,11,0,2.06667
126,15,12,0,2.06667
126,15,13,0,2.06667
126,15,14,0,2.06667
126,15,15,0,2.06667
126,15,16,0,2.06667
126,15,17,0,2.06667
126,15,18,0,2.06667
126,15,19,0,2.06667
126,15,20,0,2.06667
126,15,21,0,2.06667
126,15,22,0,2.06667
126,15,23,0,2.06667
126,15,24,0,2.06667
126,15,25,0,2.06667
126,15,26,0,2.06667
126,15,27,0,2.06667
126,15,28,0,2.06667
126,15,29,0,2.06667
126,15,30,0,2.06667
126,15,31,0,2.06667
126,15,32,0,2.06667
126,15,33,0,2.06667
126,15,34,0,2.06667
126,15,35,0,2.06667
126,15,36,0,2.06667
126,15,37,0,2.06667
126,15,38,0,2.06667
126,15,39,31,2.06667
126,15,40,0,2.06667
126,15,41,0,2.06667
126,15,42,0,2.06667
126,15,43,0,2.06667
126,15,44,0,2.06667
126,15,45,0,2.06667
126,15,46,0,2.06667
126,15,47,0,2.06667
126,15,48,0,2.06667
126,15,49,0,2.06667
126,15,50,0,2.06667
126,15,51,0,2.06667
126,15,52,0,2.06667
126,15,53,0,2.06667
126,15,54,0,2.06667
126,15,55,0,2.06667
126,15,56,0,2.06667
126,15,57,0,2.06667
126,15,58,0,2.06667
126,15,59,0,2.06667
126,15,60,0,2.06667
126,15,61,0,2.06667
126,15,62,0,2.06667
126,15,63,0,2.06667
126,16,0,0,2.125
126,16,1,0,2.125
126,16,2,0,2.125
126,16,3,0,2.125
126,16,4,0,2.125
126,16,5,0,2.125
126,16,6,0,2.125
126,16,7,0,2.125
126,16,8,0,2.125
126,16,9,0,2.125
126,16,10,0,2.125
126,16,11,0,2.125
126,16,12,0,2.125
126,16,13,0,2.125
126,16,14,0,2.125
126,16,15,0,2.125
126,16,16,0,2.125
126,16,17,0,2.125
126,16,18,0,2.125
126,16,19,0,2.125
126,16,20,0,2.125
126,16,21,0,2.125
126,16,22,0,2.125
126,16,23,0,2.125
126,16,24,0,2.125
126,16,25,0,2.125
126,16,26,0,2.125
126,16,27,0,2.125
126,16,28,0,2.125
126,16,29,0,2.125
126,16,30,0,2.125
126,16,31,0,2.125
126,16,32,0,2.125
126,16,33,0,2.125
126,16,34,0,2.125
126,16,35,0,2.125
126,16,36,0,2.125
126,16,37,0,2.125
126,16,38,0,2.125
126,16,39,34,2.125
126,16,40,0,2.125
126,16,41,0,2.125
126,16,42,0,2.125
126,16,43,0,2.125
126,16,44,0,2.125
126,16,45,0,2.125
126,16,46,0,2.125
126,16,47,0,2.125
126,16,48,0,2.125
126,16,49,0,2.125
126,16,50,0,2.125
126,16,51,0,2.125
126,16,52,0,2.125
126,16,53,0,2.125
126,16,54,0,2.125
126,16,55,0,2.125
126,16,56,0,2.125
126,16,57,0,2.125
126,16,58,0,2.125
126,16,59,0,2.125
126,16,60,0,2.125
126,16,61,0,2.125
126,16,62,0,2.125
126,16,63,0,2.125
126,17,0,0,2.05882
126,17,1,0,2.05882
126,17,2,0,2.05882
126,17,3,0,2.05882
126,17,4,0,2.05882
126,17,5,0,2.05882
126,17,6,0,2.05882
126,17,7,0,2.05882
126,17,8,0,2.05882
126,17,9,0,2.05882
126,17,10,0,2.05882
126,17,11,0,2.05882
126,17,12,0,2.05882
126,17,13,0,2.05882
126,17,14,0,2.05882
126,17,15,0,2.05882
126,17,16,0,2.05882
126,17,17,0,2.05882
126,17,18,0,2.05882
126,17,19,0,2.05882
126,17,20,0,2.05882
126,17,21,0,2.05882
126,17,22,0,2.05882
126,17,23,0,2.05882
126,17,24,0,2.05882
126,17,25,0,2.05882
126,17,26,0,2.05882
126,17,27,0,2.05882
126,17,28,0,2.05882
126,17,29,0,2.05882
126,17,30,0,2.05882
126,17,31,0,2.05882
126,17,32,0,2.05882
126,17,33,0,2.05882
126,17,34,0,2.05882
126,17,35,0,2.05882
126,17,36,0,2.05882
126,17,37,0,2.05882
126,17,38,0,2.05882
126,17,39,35,2.05882
126,17,40,0,2.05882
126,17,41,0,2.05882
126,17,42,0,2.05882
126,17,43,0,2.05882
126,17,44,0,2.05882
126,17,45,0,2.05882
126,17,46,0,2.05882
126,17,47,0,2.05882
126,17,48,0,2.05882
126,17,49,0,2.05882
126,17,50,0,2.05882
126,17,51,0,2.05882
126,17,52,0,2.05882
126,17,53,0,2.05882
126,17,54,0,2.05882
126,17,55,0,2.05882
126,17,56,0,2.05882
126,17,57,0,2.05882
126,17,58,0,2.05882
126,17,59,0,2.05882
126,17,60,0,2.05882
126,17,61,0,2.05882
126,17,62,0,2.05882
126,17,63,0,2.05882
126,18,0,0,2.05556
126,18,1,0,2.05556
126,18,2,0,2.05556
126,18,3,0,2.05556
126,18,4,0,2.05556
126,18,5,0,2.05556
126,18,6,0,2.05556
126,18,7,0,2.05556
126,18,8,0,2.05556
126,18,9,0,2.05556
126,18,10,0,2.05556
126,18,11,0,2.05556
126,18,12,0,2.05556
126,18,13,0,2.05556
126,18,14,0,2.05556
126,18,15,0,2.05556
126,18,16,0,2.05556
126,18,17,0,2.05556
126,18,18,0,2.05556
126,18,19,0,2.05556
126,18,20,0,2.05556
126,18,21,0,2.05556
126,18,22,0,2.05556
126,18,23,0,2.05556
126,18,24,0,2.05556
126,18,25,0,2.05556
126,18,26,0,2.05556
126,18,27,0,2.05556
126,18,28,0,2.05556
126,18,29,0,2.05556
126,18,30,0,2.05556
126,18,31,0,2.05556
126,18,32,0,2.05556
126,18,33,0,2.05556
126,18,34,0,2.05556
126,18,35,0,2.05556
126,18,36,0,2.05556
126,18,37,0,2.05556
126,18,38,0,2.05556
126,18,39,37,2.05556
126,18,40,0,2.05556
126,18,41,0,2.05556
126,18,42,0,2.05556
126,18,43,0,2.05556
126,18,44,0,2.05556
126,18,45,0,2.05556
126,18,46,0,2.05556
126,18,47,0,2.05556
126,18,48,0,2.05556
126,18,49,0,2.05556
126,18,50,0,2.05556
126,18,51,0,2.05556
126,18,52,0,2.05556
126,18,53,0,2.05556
126,18,54,0,2.05556
126,18,55,0,2.05556
126,18,56,0,2.05556
126,18,57,0,2.05556
126,18,58,0,2.05556
126,18,59,0,2.05556
126,18,60,0,2.05556
126,18,61,0,2.05556
126,18,62,0,2.05556
126,18,63,0,2.05556
126,19,0,0,2.10526
126,19,1,0,2.10526
126,19,2,0,2.10526
126,19,3,0,2.10526
126,19,4,0,2.10526
126,19,5,0,2.10526
126,19,6,0,2.10526
126,19,7,0,2.10526
126,19,8,0,2.10526
126,19,9,0,2.10526
126,19,10,0,2.10526
126,19,11,0,2.10526
126,19,12,0,2.10526
126,19,13,0,2.10526
126,19,14,0,2.10526
126,19,15,0,2.10526
126,19,16,0,2.10526
126,19,17,0,2.10526
126,19,18,0,2.10526
126,19,19,0,2.10526
126,19,20,0,2.10526
126,19,21,0,2.10526
126,19,22,0,2.10526
126,19,23,0,2.10526
126,19,24,0,2.10526
126,19,25,0,2.10526
126,19,26,0,2.10526
126,19,27,0,2.10526
126,19,28,0,2.10526
126,19,29,0,2.10526
126,19,30,0,2.10526
126,19,31,0,2.10526
126,19,32,0,2.10526
126,19,33,0,2.10526
126,19,34,0,2.10526
126,19,35,0,2.10526
126,19,36,0,2.10526
126,19,37,0,2.10526
126,19,38,0,2.10526
126,19,39,40,2.10526
126,19,40,0,2.10526
126,19,41,0,2.10526
126,19,42,0,2.10526
126,19,43,0,2.10526
126,19,44,0,2.10526
126,19,45,0,2.10526
126,19,46,0,2.10526
126,19,47,0,2.10526
126,19,48,0,2.10526
126,19,49,0,2.10526
126,19,50,0,2.10526
126,19,51,0,2.10526
126,19,52,0,2.10526
126,19,53,0,2.10526
126,19,54,0,2.10526
126,19,55,0,2.10526
126,19,56,0,2.10526
126,19,57,0,2.10526
126,19,58,0,2.10526
126,19,59,0,2.10526
126,19,60,0,2.10526
126,19,61,0,2.10526
126,19,62,0,2.10526
126,19,63,0,2.10526
126,20,0,0,2.1
126,20,1,0,2.1
126,20,2,0,2.1
126,20,3,0,2.1
126,20,4,0,2.1
126,20,5,0,2.1
126,20,6,0,2.1
126,20,7,0,2.1
126,20,8,0,2.1
126,20,9,0,2.1
126,20,10,0,2.1
126,20,11,0,2.1
126,20,12,0,2.1
126,20,13,0,2.1
126,20,14,0,2.1
126,20,15,0,2.1
126,20,16,0,2.1
126,20,17,0,2.1
126,20,18,0,2.1
126,20,19,0,2.1
126,20,20,0,2.1
126,20,21,0,2.1
126,20,22,0,2.1
126,20,23,0,2.1
126,20,24,0,2.1
126,20,25,0,2.1
126,20,26,0,2.1
126,20,27,0,2.1
126,20,28,0,2.1
126,20,29,0,2.1
126,20,30,0,2.1
126,20,31,0,2.1
126,20,32,0,2.1
126,20,33,0,2.1
126,20,34,0,2.1
126,20,35,0,2.1
126,20,36,0,2.1
126,20,37,0,2.1
126,20,38,0,2.1
126,20,39,42,2.1
126,20,40,0,2.1
126,20,41,0,2.1
126,20,42,0,2.1
126,20,43,0,2.1
126,20,44,0,2.1
126,20,45,0,2.1
126,20,46,0,2.1
126,20,47,0,2.1
126,20,48,0,2.1
126,20,49,0,2.1
126,20,50,0,2.1
126,20,51,0,2.1
126,20,52,0,2.1
126,20,53,0,2.1
126,20,54,0,2.1
126,20,55,0,2.1
126,20,56,0,2.1
126,20,57,0,2.1
126,20,58,0,2.1
126,20,59,0,2.1
126,20,60,0,2.1
126,20,61,0,2.1
126,20,62,0,2.1
126,20,63,0,2.1
126,21,0,0,2.19048
126,21,1,0,2.19048
126,21,2,0,2.19048
126,21,3,0,2.19048
126,21,4,0,2.19048
126,21,5,0,2.19048
126,21,6,0,2.19048
126,21,7,0,2.19048
126,21,8,0,2.19048
126,21,9,0,2.19048
126,21,10,0,2.19048
126,21,11,0,2.19048
126,21,12,0,2.19048
126,21,13,0,2.19048
126,21,14,0,2.19048
126,21,15,0,2.19048
126,21,16,0,2.19048
126,21,17,0,2.19048
126,21,18,0,2.19048
126,21,19,0,2.19048
126,21,20,0,2.19048
126,21,21,0,2.19048
126,21,22,0,2.19048
126,21,23,0,2.19048
126,21,24,0,2.19048
126,21,25,0,2.19048
126,21,26,0,2.19048
126,21,27,0,2.19048
126,21,28,0,2.19048
126,21,29,0,2.19048
126,21,30,0,2.19048
126,21,31,0,2.19048
126,21,32,0,2.19048
126,21,33,0,2.19048
126,21,34,0,2.19048
126,21,35,0,2.19048
126,21,36,0,2.19048
126,21,37,0,2.19048
126,21,38,0,2.19048
126,21,39,46,2.19048
126,21,40,0,2.19048
126,21,41,0,2.19048
126,21,42,0,2.19048
126,21,43,0,2.19048
126,21,44,0,2.19048
126,21,45,0,2.19048
126,21,46,0,2.19048
126,21,47,0,2.19048
126,21,48,0,2.19048
126,21,49,0,2.19048
126,21,50,0,2.19048
126,21,51,0,2.19048
126,21,52,0,2.19048
126,21,53,0,2.19048
126,21,54,0,2.19048
126,21,55,0,2.19048
126,21,56,0,2.19048
126,21,57,0,2.19048
126,21,58,0,2.19048
126,21,59,0,2.19048
126,21,60,0,2.19048
126,21,61,0,2.19048
126,21,62,0,2.19048
126,21,63,0,2.19048
126,22,0,0,2.22727
126,22,1,0,2.22727
126,22,2,0,2.22727
126,22,3,0,2.22727
126,22,4,0,2.22727
126,22,5,0,2.22727
126,22,6,0,2.22727
126,22,7,0,2.22727
126,22,8,0,2.22727
126,22,9,0,2.22727
126,22,10,0,2.22727
126,22,11,0,2.22727
126,22,12,0,2.22727
126,22,13,0,2.22727
126,22,14,0,2.22727
126,22,15,0,2.22727
126,22,16,0,2.22727
126,22,17,0,2.22727
126,22,18,0,2.22727
126,22,19,0,2.22727
126,22,20,0,2.22727
126,22,21,0,2.22727
126,22,22,0,2.22727
126,22,23,0,2.22727
126,22,24,0,2.22727
126,22,25,0,2.22727
126,22,26,0,2.22727
126,22,27,0,2.22727
126,22,28,0,2.22727
126,22,29,0,2.22727
126,22,30,0,2.22727
126,22,31,0,2.22727
126,22,32,0,2.22727
126,22,33,0,2.22727
126,22,34,0,2.22727
126,22,35,0,2.22727
126,22,36,0,2.22727
126,22,37,0,2.22727
126,22,38,0,2.22727
126,22,39,49,2.22727
126,22,40,0,2.22727
126,22,41,0,2.22727
126,22,42,0,2.22727
126,22,43,0,2.22727
126,22,44,0,2.22727
126,22,45,0,2.22727
126,22,46,0,2.22727
126,22,47,0,2.22727
126,22,48,0,2.22727
126,22,49,0,2.22727
126,22,50,0,2.22727
126,22,51,0,2.22727
126,22,52,0,2.22727
126,22,53,0,2.22727
126,22,54,0,2.22727
126,22,55,0,2.22727
126,22,56,0,2.22727
126,22,57,0,2.22727
126,22,58,0,2.22727
126,22,59,0,2.22727
126,22,60,0,2.22727
126,22,61,0,2.22727
126,22,62,0,2.22727
126,22,63,0,2.22727
126,23,0,0,2.30435
126,23,1,0,2.30435
126,23,2,0,2.30435
126,23,3,0,2.30435
126,23,4,0,2.30435
126,23,5,0,2.30435
126,23,6,0,2.30435
126,23,7,0,2.30435
126,23,8,0,2.30435
126,23,9,0,2.30435
126,23,10,0,2.30435
126,23,11,0,2.30435
126,23,12,0,2.30435
126,23,13,0,2.30435
126,23,14,0,2.30435
126,23,15,0,2.30435
126,23,16,0,2.30435
126,23,17,0,2.30435
126,23,18,0,2.30435
126,23,19,0,2.30435
126,23,20,0,2.30435
126,23,21,0,2.30435
126,23,22,0,2.30435
126,23,23,0,2.30435
126,23,24,0,2.30435
126,23,25,0,2.30435
126,23,26,0,2.30435
126,23,27,0,2.30435
126,23,28,0,2.30435
126,23,29,0,2.30435
126,23,30,0,2.30435
126,23,31,0,2.30435
126,23,32,0,2.30435
126,23,33,0,2.30435
126,23,34,0,2.30435
126,23,35,0,2.30435
126,23,36,0,2.30435
126,23,37,0,2.30435
126,23,38,0,2.30435
126,23,39,53,2.30435
126,23,40,0,2.30435
126,23,41,0,2.30435
126,23,42,0,2.30435
126,23,43,0,2.30435
126,23,44,0,2.30435
126,23,45,0,2.30435
126,23,46,0,2.30435
126,23,47,0,2.30435
126,23,48,0,2.30435
126,23,49,0,2.30435
126,23,50,0,2.30435
126,23,51,0,2.30435
126,23,52,0,2.30435
126,23,53,0,2.30435
126,23,54,0,2.30435
126,23,55,0,2.30435
126,23,56,0,2.30435
126,23,57,0,2.30435
126,23,58,0,2.30435
126,23,59,0,2.30435
126,23,60,0,2.30435
126,23,61,0,2.30435
126,23,62,0,2.30435
126,23,63,0,2.30435
126,24,0,0,2.29167
126,24,1,0,2.29167
126,24,2,0,2.29167
126,24,3,0,2.29167
126,24,4,0,2.29167
126,24,5,0,2.29167
126,24,6,0,2.29167
126,24,7,0,2.29167
126,24,8,0,2.29167
126,24,9,0,2.29167
126,24,10,0,2.29167
126,24,11,0,2.29167
126,24,12,0,2.29167
126,24,13,0,2.29167
126,24,14,0,2.29167
126,24,15,0,2.29167
126,24,16,0,2.29167
126,24,17,0,2.29167
126,24,18,0,2.29167
126,24,19,0,2.29167
126,24,20,0,2.29167
126,24,21,0,2.29167
126,24,22,0,2.29167
126,24,23,0,2.29167
126,24,24,0,2.29167
126,24,25,0,2.29167
126,24,26,0,2.29167
126,24,27,0,2.29167
126,24,28,0,2.29167
126,24,29,0,2.29167
126,24,30,0,2.29167
126,24,31,0,2.29167
126,24,32,0,2.29167
126,24,33,0,2.29167
126,24,34,0,2.29167
126,24,35,0,2.29167
126,24,36,0,2.29167
126,24,37,0,2.29167
126,24,38,0,2.29167
126,24,39,55,2.29167
126,24,40,0,2.29167
126,24,41,0,2.29167
126,24,42,0,2.29167
126,24,43,0,2.29167
126,24,44,0,2.29167
126,24,45,0,2.29167
126,24,46,0,2.29167
126,24,47,0,2.29167
126,24,48,0,2.29167
126,24,49,0,2.29167
126,24,50,0,2.29167
126,24,51,0,2.29167
126,24,52,0,2.29167
126,24,53,0,2.29167
126,24,54,0,2.29167
126,24,55,0,2.29167
126,24,56,0,2.29167
126,24,57,0,2.29167
126,24,58,0,2.29167
126,24,59,0,2.29167
126,24,60,0,2.29167
126,24,61,0,2.29167
126,24,62,0,2.29167
126,24,63,0,2.29167
126,25,0,0,2.28
126,25,1,0,2.28
126,25,2,0,2.28
126,25,3,0,2.28
126,25,4,0,2.28
126,25,5,0,2.28
126,25,6,0,2.28
126,25,7,0,2.28
126,25,8,0,2.28
126,25,9,0,2.28
126,25,10,0,2.28
126,25,11,0,2.28
126,25,12,0,2.28
126,25,13,0,2.28
126,25,14,0,2.28
126,25,15,0,2.28
126,25,16,0,2.28
126,25,17,0,2.28
126,25,18,0,2.28
126,25,19,0,2.28
126,25,20,0,2.28
126,25,21,0,2.28
126,25,22,0,2.28
126,25,23,0,2.28
126,25,24,0,2.28
126,25,25,0,2.28
126,25,26,0,2.28
126,25,27,0,2.28
126,25,28,0,2.28
126,25,29,0,2.28
126,25,30,0,2.28
126,25,31,0,2.28
126,25,32,0,2.28
126,25,33,0,2.28
126,25,34,0,2.28
126,25,35,0,2.28
126,25,36,0,2.28
126,25,37,0,2.28
126,25,38,0,2.28
126,25,39,57,2.28
126,25,40,0,2.28
126,25,41,0,2.28
126,25,42,0,2.28
126,25,43,0,2.28
126,25,44,0,2.28
126,25,45,0,2.28
126,25,46,0,2.28
126,25,47,0,2.28
126,25,48,0,2.28
126,25,49,0,2.28
126,25,50,0,2.28
126,25,51,0,2.28
126,25,52,0,2.28
126,25,53,0,2.28
126,25,54,0,2.28
126,25,55,0,2.28
126,25,56,0,2.28
126,25,57,0,2.28
126,25,58,0,2.28
126,25,59,0,2.28
126,25,60,0,2.28
126,25,61,0,2.28
126,25,62,0,2.28
126,25,63,0,2.28
126,26,0,0,2.26923
126,26,1,0,2.26923
126,26,2,0,2.26923
126,26,3,0,2.26923
126,26,4,0,2.26923
126,26,5,0,2.26923
126,26,6,0,2.26923
126,26,7,0,2.26923
126,26,8,0,2.26923
126,26,9,0,2.26923
126,26,10,0,2.26923
126,26,11,0,2.26923
126,26,12,0,2.26923
126,26,13,0,2.26923
126,26,14,0,2.26923
126,26,15,0,2.26923
126,26,16,0,2.26923
126,26,17,0,2.26923
126,26,18,0,2.26923
126,26,19,0,2.26923
126,26,20,0,2.26923
126,26,21,0,2.26923
126,26,22,0,2.26923
126,26,23,0,2.26923
126,26,24,0,2.26923
126,26,25,0,2.26923
126,26,26,0,2.26923
126,26,27,0,2.26923
126,26,28,0,2.26923
126,26,29,0,2.26923
126,26,30,0,2.26923
126,26,31,0,2.26923
126,26,32,0,2.26923
126,26,33,0,2.26923
126,26,34,0,2.26923
126,26,35,0,2.26923
126,26,36,0,2.26923
126,26,37,0,2.26923
126,26,38,0,2.26923
126,26,39,59,2.26923
126,26,40,0,2.26923
126,26,41,0,2.26923
126,26,42,0,2.26923
126,26,43,0,2.26923
126,26,44,0,2.26923
126,26,45,0,2.26923
126,26,46,0,2.26923
126,26,47,0,2.26923
126,26,48,0,2.26923
126,26,49,0,2.26923
126,26,50,0,2.26923
126,26,51,0,2.26923
126,26,52,0,2.26923
126,26,53,0,2.26923
126,26,54,0,2.26923
126,26,55,0,2.26923
126,26,56,0,2.26923
126,26,57,0,2.26923
126,26,58,0,2.26923
126,26,59,0,2.26923
126,26,60,0,2.26923
126,26,61,0,2.26923
126,26,62,0,2.26923
126,26,63,0,2.26923
126,27,0,0,2.2963
126,27,1,0,2.2963
126,27,2,0,2.2963
126,27,3,0,2.2963
126,27,4,0,2.2963
126,27,5,0,2.2963
126,27,6,0,2.2963
126,27,7,0,2.2963
126,27,8,0,2.2963
126,27,9,0,2.2963
126,27,10,0,2.2963
126,27,11,0,2.2963
126,27,12,0,2.2963
126,27,13,0,2.2963
126,27,14,0,2.2963
126,27,15,0,2.2963
126,27,16,0,2.2963
126,27,17,0,2.2963
126,27,18,0,2.2963
126,27,19,0,2.2963
126,27,20,0,2.2963
126,27,21,0,2.2963
126,27,22,0,2.2963
126,27,23,0,2.2963
126,27,24,0,2.2963
126,27,25,0,2.2963
126,27,26,0,2.2963
126,27,27,0,2.2963
126,27,28,0,2.2963
126,27,29,0,2.2963
126,27,30,0,2.2963
126,27,31,0,2.2963
126,27,32,0,2.2963
126,27,33,0,2.2963
126,27,34,0,2.2963
126,27,35,0,2.2963
126,27,36,0,2.2963
126,27,37,0,2.2963
126,27,38,0,2.2963
126,27,39,62,2.2963
126,27,40,0,2.2963
126,27,41,0,2.2963
126,27,42,0,2.2963
126,27,43,0,2.2963
126,27,44,0,2.2963
126,27,45,0,2.2963
126,27,46,0,2.2963
126,27,47,0,2.2963
126,27,48,0,2.2963
126,27,49,0,2.2963
126,27,50,0,2.2963
126,27,51,0,2.2963
126,27,52,0,2.2963
126,27,53,0,2.2963
126,27,54,0,2.2963
126,27,55,0,2.2963
126,27,56,0,2.2963
126,27,57,0,2.2963
126,27,58,0,2.2963
126,27,59,0,2.2963
126,27,60,0,2.2963
126,27,61,0,2.2963
126,27,62,0,2.2963
126,27,63,0,2.2963
126,28,0,0,2.35714
126,28,1,0,2.35714
126,28,2,0,2.35714
126,28,3,0,2.35714
126,28,4,0,2.35714
126,28,5,0,2.35714
126,28,6,0,2.35714
126,28,7,0,2.35714
126,28,8,0,2.35714
126,28,9,0,2.35714
126,28,10,0,2.35714
126,28,11,0,2.35714
126,28,12,0,2.35714
126,28,13,0,2.35714
126,28,14,0,2.35714
126,28,15,0,2.35714
126,28,16,0,2.35714
126,28,17,0,2.35714
126,28,18,0,2.35714
126,28,19,0,2.35714
126,28,20,0,2.35714
126,28,21,0,2.35714
126,28,22,0,2.35714
126,28,23,0,2.35714
126,28,24,0,2.35714
126,28,25,0,2.35714
126,28,26,0,2.35714
126,28,27,0,2.35714
126,28,28,0,2.35714
126,28,29,0,2.35714
126,28,30,0,2.35714
126,28,31,0,2.35714
126,28,32,0,2.35714
126,28,33,0,2.35714
126,28,34,0,2.35714
126,28,35,0,2.35714
126,28,36,0,2.35714
126,28,37,0,2.35714
126,28,38,0,2.35714
126,28,39,66,2.35714
126,28,40,0,2.35714
126,28,41,0,2.35714
126,28,42,0,2.35714
126,28,43,0,2.35714
126,28,44,0,2.35714
126,28,45,0,2.35714
126,28,46,0,2.35714
126,28,47,0,2.35714
126,28,48,0,2.35714
126,28,49,0,2.35714
126,28,50,0,2.35714
126,28,51,0,2.35714
126,28,52,0,2.35714
126,28,53,0,2.35714
126,28,54,0,2.35714
126,28,55,0,2.35714
126,28,56,0,2.35714
126,28,57,0,2.35714
126,28,58,0,2.35714
126,28,59,0,2.35714
126,28,60,0,2.35714
126,28,61,0,2.35714
126,28,62,0,2.35714
126,28,63,0,2.35714
126,29,0,0,2.31034
126,29,1,0,2.31034
126,29,2,0,2.31034
126,29,3,0,2.31034
126,29,4,0,2.31034
126,29,5,0,2.31034
126,29,6,0,2.31034
126,29,7,0,2.31034
126,29,8,0,2.31034
126,29,9,0,2.31034
126,29,10,0,2.31034
126,29,11,0,2.31034
126,29,12,0,2.31034
126,29,13,0,2.31034
126,29,14,0,2.31034
126,29,15,0,2.31034
126,29,16,0,2.31034
126,29,17,0,2.31034
126,29,18,0,2.31034
126,29,19,0,2.31034
126,29,20,0,2.31034
126,29,21,0,2.31034
126,29,22,0,2.31034
126,29,23,0,2.31034
126,29,24,0,2.31034
126,29,25,0,2.31034
126,29,26,0,2.31034
126,29,27,0,2.31034
126,29,28,0,2.31034
126,29,29,0,2.31034
126,29,30,0,2.31034
126,29,31,0,2.31034
126,29,32,0,2.31034
126,29,33,0,2.31034
126,29,34,0,2.31034
126,29,35,0,2.31034
126,29,36,0,2.31034
126,29,37,0,2.31034
126,29,38,0,2.31034
126,29,39,67,2.31034
126,29,40,0,2.31034
126,29,41,0,2.31034
126,29,42,0,2.31034
126,29,43,0,2.31034
126,29,44,0,2.31034
126,29,45,0,2.31034
126,29,46,0,2.31034
126,29,47,0,2.31034
126,29,48,0,2.31034
126,29,49,0,2.31034
126,29,50,0,2.31034
126,29,51,0,2.31034
126,29,52,0,2.31034
126,29,53,0,2.31034
126,29,54,0,2.31034
126,29,55,0,2.31034
126,29,56,0,2.31034
126,29,57,0,2.31034
126,29,58,0,2.31034
126,29,59,0,2.31034
126,29,60,0,2.31034
126,29,61,0,2.31034
126,29,62,0,2.31034
126,29,63,0,2.31034
126,30,0,0,2.26667
126,30,1,0,2.26667
126,30,2,0,2.26667
126,30,3,0,2.26667
126,30,4,0,2.26667
126,30,5,0,2.26667
126,30,6,0,2.26667
126,30,7,0,2.26667
126,30,8,0,2.26667
126,30,9,0,2.26667
126,30,10,0,2.26667
126,30,11,0,2.26667
126,30,12,0,2.26667
126,30,13,0,2.26667
126,30,14,0,2.26667
126,30,15,0,2.26667
126,30,16,0,2.26667
126,30,17,0,2.26667
126,30,18,0,2.26667
126,30,19,0,2.26667
126,30,20,0,2.26667
126,30,21,0,2.26667
126,30,22,0,2.26667
126,30,23,0,2.26667
126,30,24,0,2.26667
126,30,25,0,2.26667
126,30,26,0,2.26667
126,30,27,0,2.26667
126,30,28,0,2.26667
126,30,29,0,2.26667
126,30,30,0,2.26667
126,30,31,0,2.26667
126,30,32,0,2.26667
126,30,33,0,2.26667
126,30,34,0,2.26667
126,30,35,0,2.26667
126,30,36,0,2.26667
126,30,37,0,2.26667
126,30,38,0,2.26667
126,30,39,68,2.26667
126,30,40,0,2.26667
126,30,41,0,2.26667
126,30,42,0,2.26667
126,30,43,0,2.26667
126,30,44,0,2.26667
126,30,45,0,2.26667
126,30,46,0,2.26667
126,30,47,0,2.26667
126,30,48,0,2.26667
126,30,49,0,2.26667
126,30,50,0,2.26667
126,30,51,0,2.26667
126,30,52,0,2.26667
126,30,53,0,2.26667
126,30,54,0,2.26667
126,30,55,0,2.26667
126,30,56,0,2.26667
126,30,57,0,2.26667
126,30,58,0,2.26667
126,30,59,0,2.26667
126,30,60,0,2.26667
126,30,61,0,2.26667
126,30,62,0,2.26667
126,30,63,0,2.26667
126,31,0,0,2.35484
126,31,1,0,2.35484
126,31,2,0,2.35484
126,31,3,0,2.35484
126,31,4,0,2.35484
126,31,5,0,2.35484
126,31,6,0,2.35484
126,31,7,0,2.35484
126,31,8,0,2.35484
126,31,9,0,2.35484
126,31,10,0,2.35484
126,31,11,0,2.35484
126,31,12,0,2.35484
126,31,13,0,2.35484
126,31,14,0,2.35484
126,31,15,0,2.35484
126,31,16,0,2.35484
126,31,17,0,2.35484
126,31,18,0,2.35484
126,31,19,0,2.35484
126,31,20,0,2.35484
126,31,21,0,2.35484
126,31,22,0,2.35484
126,31,23,0,2.35484
126,31,24,0,2.35484
126,31,25,0,2.35484
126,31,26,0,2.35484
126,31,27,0,2.35484
126,31,28,0,2.35484
126,31,29,0,2.35484
126,31,30,0,2.35484
126,31,31,0,2.35484
126,31,32,0,2.35484
126,31,33,0,2.35484
126,31,34,0,2.35484
126,31,35,0,2.35484
126,31,36,0,2.35484
126,31,37,0,2.35484
126,31,38,0,2.35484
126,31,39,73,2.35484
126,31,40,0,2.35484
126,31,41,0,2.35484
126,31,42,0,2.35484
126,31,43,0,2.35484
126,31,44,0,2.35484
126,31,45,0,2.35484
126,31,46,0,2.35484
126,31,47,0,2.35484
126,31,48,0,2.35484
126,31,49,0,2.35484
126,31,50,0,2.35484
126,31,51,0,2.35484
126,31,52,0,2.35484
126,31,53,0,2.35484
126,31,54,0,2.35484
126,31,55,0,2.35484
126,31,56,0,2.35484
126,31,57,0,2.35484
126,31,58,0,2.35484
126,31,59,0,2.35484
126,31,60,0,2.35484
126,31,61,0,2.35484
126,31,62,0,2.35484
126,31,63,0,2.35484
126,32,0,0,2.34375
126,32,1,0,2.34375
126,32,2,0,2.34375
126,32,3,0,2.34375
126,32,4,0,2.34375
126,32,5,0,2.34375
126,32,6,0,2.34375
126,32,7,0,2.34375
126,32,8,0,2.34375
126,32,9,0,2.34375
126,32,10,0,2.34375
126,32,11,0,2.34375
126,32,12,0,2.34375
126,32,13,0,2.34375
126,32,14,0,2.34375
126,32,15,0,2.34375
126,32,16,0,2.34375
126,32,17,0,2.34375
126,32,18,0,2.34375
126,32,19,0,2.34375
126,32,20,0,2.34375
126,32,21,0,2.34375
126,32,22,0,2.34375
126,32,23,0,2.34375
126,32,24,0,2.34375
126,32,25,0,2.34375
126,32,26,0,2.34375
126,32,27,0,2.34375
126,32,28,0,2.34375
126,32,29,0,2.34375
126,32,30,0,2.34375
126,32,31,0,2.34375
126,32,32,0,2.34375
126,32,33,0,2.34375
126,32,34,0,2.34375
126,32,35,0,2.34375
126,32,36,0,2.34375
126,32,37,0,2.34375
126,32,38,0,2.34375
126,32,39,75,2.34375
126,32,40,0,2.34375
126,32,41,0,2.34375
126,32,42,0,2.34375
126,32,43,0,2.34375
126,32,44,0,2.34375
126,32,45,0,2.34375
126,32,46,0,2.34375
126,32,47,0,2.34375
126,32,48,0,2.34375
126,32,49,0,2.34375
126,32,50,0,2.34375
126,32,51,0,2.34375
126,32,52,0,2.34375
126,32,53,0,2.34375
126,32,54,0,2.34375
126,32,55,0,2.34375
126,32,56,0,2.34375
126,32,57,0,2.34375
126,32,58,0,2.34375
126,32,59,0,2.34375
126,32,60,0,2.34375
126,32,61,0,2.34375
126,32,62,0,2.34375
126,32,63,0,2.34375
126,33,0,0,2.36364
126,33,1,0,2.36364
126,33,2,0,2.36364
126,33,3,0,2.36364
126,33,4,0,2.36364
126,33,5,0,2.36364
126,33,6,0,2.36364
126,33,7,0,2.36364
126,33,8,0,2.36364
126,33,9,0,2.36364
126,33,10,0,2.36364
126,33,11,0,2.36364
126,33,12,0,2.36364
126,33,13,0,2.36364
126,33,14,0,2.36364
126,33,15,0,2.36364
126,33,16,0,2.36364
126,33,17,0,2.36364
126,33,18,0,2.36364
126,33,19,0,2.36364
126,33,20,0,2.36364
126,33,21,0,2.36364
126,33,22,0,2.36364
126,33,23,0,2.36364
126,33,24,0,2.36364
126,33,25,0,2.36364
126,33,26,0,2.36364
126,33,27,0,2.36364
126,33,28,0,2.36364
126,33,29,0,2.36364
126,33,30,0,2.36364
126,33,31,0,2.36364
126,33,32,0,2.36364
126,33,33,0,2.36364
126,33,34,0,2.36364
126,33,35,0,2.36364
126,33,36,0,2.36364
126,33,37,0,2.36364
126,33,38,0,2.36364
126,33,39,78,2.36364
126,33,40,0,2.36364
126,33,41,0,2.36364
126,33,42,0,2.36364
126,33,43,0,2.36364
126,33,44,0,2.36364
126,33,45,0,2.36364
126,33,46,0,2.36364
126,33,47,0,2.36364
126,33,48,0,2.36364
126,33,49,0,2.36364
126,33,50,0,2.36364
126,33,51,0,2.36364
126,33,52,0,2.36364
126,33,53,0,2.36364
126,33,54,0,2.36364
126,33,55,0,2.36364
126,33,56,0,2.36364
126,33,57,0,2.36364
126,33,58,0,2.36364
126,33,59,0,2.36364
126,33,60,0,2.36364
126,33,61,0,2.36364
126,33,62,0,2.36364
126,33,63,0,2.36364
126,34,0,0,2.41176
126,34,1,0,2.41176
126,34,2,0,2.41176
126,34,3,0,2.41176
126,34,4,0,2.41176
126,34,5,0,2.41176
126,34,6,0,2.41176
126,34,7,0,2.41176
126,34,8,0,2.41176
126,34,9,0,2.41176
126,34,10,0,2.41176
126,34,11,0,2.41176
126,34,12,0,2.41176
126,34,13,0,2.41176
126,34,14,0,2.41176
126,34,15,0,2.41176
126,34,16,0,2.41176
126,34,17,0,2.41176
126,34,18,0,2.41176
126,34,19,0,2.41176
126,34,20,0,2.41176
126,34,21,0,2.41176
126,34,22,0,2.41176
126,34,23,0,2.41176
126,34,24,0,2.41176
126,34,25,0,2.41176
126,34,26,0,2.41176
126,34,27,0,2.41176
126,34,28,0,2.41176
126,34,29,0,2.41176
126,34,30,0,2.41176
126,34,31,0,2.41176
126,34,32,0,2.41176
126,34,33,0,2.41176
126,34,34,0,2.41176
126,34,35,0,2.41176
126,34,36,0,2.41176
126,34,37,0,2.41176
126,34,38,0,2.41176
126,34,39,82,2.41176
126,34,40,0,2.41176
126,34,41,0,2.41176
126,34,42,0,2.41176
126,34,43,0,2.41176
126,34,44,0,2.41176
126,34,45,0,2.41176
126,34,46,0,2.41176
126,34,47,0,2.41176
126,34,48,0,2.41176
126,34,49,0,2.41176
126,34,50,0,2.41176
126,34,51,0,2.41176
126,34,52,0,2.41176
126,34,53,0,2.41176
126,34,54,0,2.41176
126,34,55,0,2.41176
126,34,56,0,2.41176
126,34,57,0,2.41176
126,34,58,0,2.41176
126,34,59,0,2.41176
126,34,60,0,2.41176
126,34,61,0,2.41176
126,34,62,0,2.41176
126,34,63,0,2.41176
126,35,0,0,2.4
126,35,1,0,2.4
126,35,2,0,2.4
126,35,3,0,2.4
126,35,4,0,2.4
126,35,5,0,2.4
126,35,6,0,2.4
126,35,7,0,2.4
126,35,8,0,2.4
126,35,9,0,2.4
126,35,10,0,2.4
126,35,11,0,2.4
126,35,12,0,2.4
126,35,13,0,2.4
126,35,14,0,2.4
126,35,15,0,2.4
126,35,16,0,2.4
126,35,17,0,2.4
126,35,18,0,2.4
126,35,19,0,2.4
126,35,20,0,2.4
126,35,21,0,2.4
126,35,22,0,2.4
126,35,23,0,2.4
126,35,24,0,2.4
126,35,25,0,2.4
126,35,26,0,2.4
126,35,27,0,2.4
126,35,28,0,2.4
126,35,29,0,2.4
126,35,30,0,2.4
126,35,31,0,2.4
126,35,32,0,2.4
126,35,33,0,2.4
126,35,34,0,2.4
126,35,35,0,2.4
126,35,36,0,2.4
126,35,37,0,2.4
126,35,38,0,2.4
126,35,39,84,2.4
126,35,40,0,2.4
126,35,41,0,2.4
126,35,42,0,2.4
126,35,43,0,2.4
126,35,44,0,2.4
126,35,45,0,2.4
126,35,46,0,2.4
126,35,47,0,2.4
126,35,48,0,2.4
126,35,49,0,2.4
126,35,50,0,2.4
126,35,51,0,2.4
126,35,52,0,2.4
126,35,53,0,2.4
126,35,54,0,2.4
126,35,55,0,2.4
126,35,56,0,2.4
126,35,57,0,2.4
126,35,58,0,2.4
126,35,59,0,2.4
126,35,60,0,2.4
126,35,61,0,2.4
126,35,62,0,2.4
126,35,63,0,2.4
126,36,0,0,2.36111
126,36,1,0,2.36111
126,36,2,0,2.36111
126,36,3,0,2.36111
126,36,4,0,2.36111
126,36,5,0,2.36111
126,36,6,0,2.36111
126,36,7,0,2.36111
126,36,8,0,2.36111
126,36,9,0,2.36111
126,36,10,0,2.36111
126,36,11,0,2.36111
126,36,12,0,2.36111
126,36,13,0,2.36111
126,36,14,0,2.36111
126,36,15,0,2.36111
126,36,16,0,2.36111
126,36,17,0,2.36111
126,36,18,0,2.36111
126,36,19,0,2.36111
126,36,20,0,2.36111
126,36,21,0,2.36111
126,36,22,0,2.36111
126,36,23,0,2.36111
126,36,24,0,2.36111
126,36,25,0,2.36111
126,36,26,0,2.36111
126,36,27,0,2.36111
126,36,28,0,2.36111
126,36,29,0,2.36111
126,36,30,0,2.36111
126,36,31,0,2.36111
126,36,32,0,2.36111
126,36,33,0,2.36111
126,36,34,0,2.36111
126,36,35,0,2.36111
126,36,36,0,2.36111
126,36,37,0,2.36111
126,36,38,0,2.36111
126,36,39,85,2.36111
126,36,40,0,2.36111
126,36,41,0,2.36111
126,36,42,0,2.36111
126,36,43,0,2.36111
126,36,44,0,2.36111
126,36,45,0,2.36111
126,36,46,0,2.36111
126,36,47,0,2.36111
126,36,48,0,2.36111
126,36,49,0,2.36111
126,36,50,0,2.36111
126,36,51,0,2.36111
126,36,52,0,2.36111
126,36,53,0,2.36111
126,36,54,0,2.36111
126,36,55,0,2.36111
126,36,56,0,2.36111
126,36,57,0,2.36111
126,36,58,0,2.36111
126,36,59,0,2.36111
126,36,60,0,2.36111
126,36,61,0,2.36111
126,36,62,0,2.36111
126,36,63,0,2.36111
126,37,0,0,2.35135
126,37,1,0,2.35135
126,37,2,0,2.35135
126,37,3,0,2.35135
126,37,4,0,2.35135
126,37,5,0,2.35135
126,37,6,0,2.35135
126,37,7,0,2.35135
126,37,8,0,2.35135
126,37,9,0,2.35135
126,37,10,0,2.35135
126,37,11,0,2.35135
126,37,12,0,2.35135
126,37,13,0,2.35135
126,37,14,0,2.35135
126,37,15,0,2.35135
126,37,16,0,2.35135
126,37,17,0,2.35135
126,37,18,0,2.35135
126,37,19,0,2.35135
126,37,20,0,2.35135
126,37,21,0,2.35135
126,37,22,0,2.35135
126,37,23,0,2.35135
126,37,24,0,2.35135
126,37,25,0,2.35135
126,37,26,0,2.35135
126,37,27,0,2.35135
126,37,28,0,2.35135
126,37,29,0,2.35135
126,37,30,0,2.35135
126,37,31,0,2.35135
126,37,32,0,2.35135
126,37,33,0,2.35135
126,37,34,0,2.35135
126,37,35,0,2.35135
126,37,36,0,2.35135
126,37,37,0,2.35135
126,37,38,0,2.35135
126,37,39,87,2.35135
126,37,40,0,2.35135
126,37,41,0,2.35135
126,37,42,0,2.35135
126,37,43,0,2.35135
126,37,44,0,2.35135
126,37,45,0,2.35135
126,37,46,0,2.35135
126,37,47,0,2.35135
126,37,48,0,2.35135
126,37,49,0,2.35135
126,37,50,0,2.35135
126,37,51,0,2.35135
126,37,52,0,2.35135
126,37,53,0,2.35135
126,37,54,0,2.35135
126,37,55,0,2.35135
126,37,56,0,2.35135
126,37,57,0,2.35135
126,37,58,0,2.35135
126,37,59,0,2.35135
126,37,60,0,2.35135
126,37,61,0,2.35135
126,37,62,0,2.35135
126,37,63,0,2.35135
126,38,0,0,2.52632
126,38,1,0,2.52632
126,38,2,0,2.52632
126,38,3,0,2.52632
126,38,4,0,2.52632
126,38,5,0,2.52632
126,38,6,0,2.52632
126,38,7,0,2.52632
126,38,8,0,2.52632
126,38,9,0,2.52632
126,38,10,0,2.52632
126,38,11,0,2.52632
126,38,12,0,2.52632
126,38,13,0,2.52632
126,38,14,0,2.52632
126,38,15,0,2.52632
126,38,16,0,2.52632
126,38,17,0,2.52632
126,38,18,0,2.52632
126,38,19,0,2.52632
126,38,20,0,2.52632
126,38,21,0,2.52632
126,38,22,0,2.52632
126,38,23,0,2.52632
126,38,24,0,2.52632
126,38,25,0,2.52632
126,38,26,0,2.52632
126,38,27,0,2.52632
126,38,28,0,2.52632
126,38,29,0,2.52632
126,38,30,0,2.52632
126,38,31,0,2.52632
126,38,32,0,2.52632
126,38,33,0,2.52632
126,38,34,0,2.52632
126,38,35,0,2.52632
126,38,36,0,2.52632
126,38,37,0,2.52632
126,38,38,0,2.52632
126,38,39,96,2.52632
126,38,40,0,2.52632
126,38,41,0,2.52632
126,38,42,0,2.52632
126,38,43,0,2.52632
126,38,44,0,2.52632
126,38,45,0,2.52632
126,38,46,0,2.52632
126,38,47,0,2.52632
126,38,48,0,2.52632
126,38,49,0,2.52632
126,38,50,0,2.52632
126,38,51,0,2.52632
126,38,52,0,2.52632
126,38,53,0,2.52632
126,38,54,0,2.52632
126,38,55,0,2.52632
126,38,56,0,2.52632
126,38,57,0,2.52632
126,38,58,0,2.52632
126,38,59,0,2.52632
126,38,60,0,2.52632
126,38,61,0,2.52632
126,38,62,0,2.52632
126,38,63,0,2.52632
126,39,0,0,2.74359
126,39,1,0,2.74359
126,39,2,0,2.74359
126,39,3,0,2.74359
126,39,4,0,2.74359
126,39,5,0,2.74359
126,39,6,0,2.74359
126,39,7,0,2.74359
126,39,8,0,2.74359
126,39,9,0,2.74359
126,39,10,0,2.74359
126,39,11,0,2.74359
126,39,12,0,2.74359
126,39,13,0,2.74359
126,39,14,0,2.74359
126,39,15,0,2.74359
126,39,16,0,2.74359
126,39,17,0,2.74359
126,39,18,0,2.74359
126,39,19,0,2.74359
126,39,20,0,2.74359
126,39,21,0,2.74359
126,39,22,0,2.74359
126,39,23,0,2.74359
126,39,24,0,2.74359
126,39,25,0,2.74359
126,39,26,0,2.74359
126,39,27,0,2.74359
126,39,28,0,2.74359
126,39,29,0,2.74359
126,39,30,0,2.74359
126,39,31,0,2.74359
126,39,32,0,2.74359
126,39,33,0,2.74359
126,39,34,0,2.74359
126,39,35,0,2.74359
126,39,36,0,2.74359
126,39,37,0,2.74359
126,39,38,0,2.74359
126,39,39,107,2.74359
126,39,40,0,2.74359
126,39,41,0,2.74359
126,39,42,0,2.74359
126,39,43,0,2.74359
126,39,44,0,2.74359
126,39,45,0,2.74359
126,39,46,0,2.74359
126,39,47,0,2.74359
126,39,48,0,2.74359
126,39,49,0,2.74359
126,39,50,0,2.74359
126,39,51,0,2.74359
126,39,52,0,2.74359
126,39,53,0,2.74359
126,39,54,0,2.74359
126,39,55,0,2.74359
126,39,56,0,2.74359
126,39,57,0,2.74359
126,39,58,0,2.74359
126,39,59,0,2.74359
126,39,60,0,2.74359
126,39,61,0,2.74359
126,39,62,0,2.74359
126,39,63,0,2.74359
126,40,0,0,2.75
126,40,1,0,2.75
126,40,2,0,2.75
126,40,3,0,2.75
126,40,4,0,2.75
126,40,5,0,2.75
126,40,6,0,2.75
126,40,7,0,2.75
126,40,8,0,2.75
126,40,9,0,2.75
126,40,10,0,2.75
126,40,11,0,2.75
126,40,12,0,2.75
126,40,13,0,2.75
126,40,14,0,2.75
126,40,15,0,2.75
126,40,16,0,2.75
126,40,17,0,2.75
126,40,18,0,2.75
126,40,19,0,2.75
126,40,20,0,2.75
126,40,21,0,2.75
126,40,22,0,2.75
126,40,23,0,2.75
126,40,24,0,2.75
126,40,25,0,2.75
126,40,26,0,2.75
126,40,27,0,2.75
126,40,28,0,2.75
126,40,29,0,2.75
126,40,30,0,2.75
126,40,31,0,2.75
126,40,32,0,2.75
126,40,33,0,2.75
126,40,34,0,2.75
126,40,35,0,2.75
126,40,36,0,2.75
126,40,37,0,2.75
126,40,38,0,2.75
126,40,39,110,2.75
126,40,40,0,2.75
126,40,41,0,2.75
126,40,42,0,2.75
126,40,43,0,2.75
126,40,44,0,2.75
126,40,45,0,2.75
126,40,46,0,2.75
126,40,47,0,2.75
126,40,48,0,2.75
126,40,49,0,2.75
126,40,50,0,2.75
126,40,51,0,2.75
126,40,52,0,2.75
126,40,53,0,2.75
126,40,54,0,2.75
126,40,55,0,2.75
126,40,56,0,2.75
126,40,57,0,2.75
126,40,58,0,2.75
126,40,59,0,2.75
126,40,60,0,2.75
126,40,61,0,2.75
126,40,62,0,2.75
126,40,63,0,2.75
126,41,0,0,2.73171
126,41,1,0,2.73171
126,41,2,0,2.73171
126,41,3,0,2.73171
126,41,4,0,2.73171
126,41,5,0,2.73171
126,41,6,0,2.73171
126,41,7,0,2.73171
126,41,8,0,2.73171
126,41,9,0,2.73171
126,41,10,0,2.73171
126,41,11,0,2.73171
126,41,12,0,2.73171
126,41,13,0,2.73171
126,41,14,0,2.73171
126,41,15,0,2.73171
126,41,16,0,2.73171
126,41,17,0,2.73171
126,41,18,0,2.73171
126,41,19,0,2.73171
126,41,20,0,2.73171
126,41,21,0,2.73171
126,41,22,0,2.73171
126,41,23,0,2.73171
126,41,24,0,2.73171
126,41,25,0,2.73171
126,41,26,0,2.73171
126,41,27,0,2.73171
126,41,28,0,2.73171
126,41,29,0,2.73171
126,41,30,0,2.73171
126,41,31,0,2.73171
126,41,32,0,2.73171
126,41,33,0,2.73171
126,41,34,0,2.73171
126,41,35,0,2.73171
126,41,36,0,2.73171
126,41,37,0,2.73171
126,41,38,0,2.73171
126,41,39,112,2.73171
126,41,40,0,2.73171
126,41,41,0,2.73171
126,41,42,0,2.73171
126,41,43,0,2.73171
126,41,44,0,2.73171
126,41,45,0,2.73171
126,41,46,0,2.73171
126,41,47,0,2.73171
126,41,48,0,2.73171
126,41,49,0,2.73171
126,41,50,0,2.73171
126,41,51,0,2.73171
126,41,52,0,2.73171
126,41,53,0,2.73171
126,41,54,0,2.73171
126,41,55,0,2.73171
126,41,56,0,2.73171
126,41,57,0,2.73171
126,41,58,0,2.73171
126,41,59,0,2.73171
126,41,60,0,2.73171
126,41,61,0,2.73171
126,41,62,0,2.73171
126,41,63,0,2.73171
126,42,0,0,2.7381
126,42,1,0,2.7381
126,42,2,0,2.7381
126,42,3,0,2.7381
126,42,4,0,2.7381
126,42,5,0,2.7381
126,42,6,0,2.7381
126,42,7,0,2.7381
126,42,8,0,2.7381
126,42,9,0,2.7381
126,42,10,0,2.7381
126,42,11,0,2.7381
126,42,12,0,2.7381
126,42,13,0,2.7381
126,42,14,0,2.7381
126,42,15,0,2.7381
126,42,16,0,2.7381
126,42,17,0,2.7381
126,42,18,0,2.7381
126,42,19,0,2.7381
126,42,20,0,2.7381
126,42,21,0,2.7381
126,42,22,0,2.7381
126,42,23,0,2.7381
126,42,24,0,2.7381
126,42,25,0,2.7381
126,42,26,0,2.7381
126,42,27,0,2.7381
126,42,28,0,2.7381
126,42,29,0,2.7381
126,42,30,0,2.7381
126,42,31,0,2.7381
126,42,32,0,2.7381
126,42,33,0,2.7381
126,42,34,0,2.7381
126,42,35,0,2.7381
126,42,36,0,2.7381
126,42,37,0,2.7381
126,42,38,0,2.7381
126,42,39,115,2.7381
126,42,40,0,2.7381
126,42,41,0,2.7381
126,42,42,0,2.7381
126,42,43,0,2.7381
126,42,44,0,2.7381
126,42,45,0,2.7381
126,42,46,0,2.7381
126,42,47,0,2.7381
126,42,48,0,2.7381
126,42,49,0,2.7381
126,42,50,0,2.7381
126,42,51,0,2.7381
126,42,52,0,2.7381
126,42,53,0,2.7381
126,42,54,0,2.7381
126,42,55,0,2.7381
126,42,56,0,2.7381
126,42,57,0,2.7381
126,42,58,0,2.7381
126,42,59,0,2.7381
126,42,60,0,2.7381
126,42,61,0,2.7381
126,42,62,0,2.7381
126,42,63,0,2.7381
126,43,0,0,2.72093
126,43,1,0,2.72093
126,43,2,0,2.72093
126,43,3,0,2.72093
126,43,4,0,2.72093
126,43,5,0,2.72093
126,43,6,0,2.72093
126,43,7,0,2.72093
126,43,8,0,2.72093
126,43,9,0,2.72093
126,43,10,0,2.72093
126,43,11,0,2.72093
126,43,12,0,2.72093
126,43,13,0,2.72093
126,43,14,0,2.72093
126,43,15,0,2.72093
126,43,16,0,2.72093
126,43,17,0,2.72093
126,43,18,0,2.72093
126,43,19,0,2.72093
126,43,20,0,2.72093
126,43,21,0,2.72093
126,43,22,0,2.72093
126,43,23,0,2.72093
126,43,24,0,2.72093
126,43,25,0,2.72093
126,43,26,0,2.72093
126,43,27,0,2.72093
126,43,28,0,2.72093
126,43,29,0,2.72093
126,43,30,0,2.72093
126,43,31,0,2.72093
126,43,32,0,2.72093
126,43,33,0,2.72093
126,43,34,0,2.72093
126,43,35,0,2.72093
126,43,36,0,2.72093
126,43,37,0,2.72093
126,43,38,0,2.72093
126,43,39,117,2.72093
126,43,40,0,2.72093
126,43,41,0,2.72093
126,43,42,0,2.72093
126,43,43,0,2.72093
126,43,44,0,2.72093
126,43,45,0,2.72093
126,43,46,0,2.72093
126,43,47,0,2.72093
126,43,48,0,2.72093
126,43,49,0,2.72093
126,43,50,0,2.72093
126,43,51,0,2.72093
126,43,52,0,2.72093
126,43,53,0,2.72093
126,43,54,0,2.72093
126,43,55,0,2.72093
126,43,56,0,2.72093
126,43,57,0,2.72093
126,43,58,0,2.72093
126,43,59,0,2.72093
126,43,60,0,2.72093
126,43,61,0,2.72093
126,43,62,0,2.72093
126,43,63,0,2.72093
126,44,0,0,2.70455
126,44,1,0,2.70455
126,44,2,0,2.70455
126,44,3,0,2.70455
126,44,4,0,2.70455
126,44,5,0,2.70455
126,44,6,0,2.70455
126,44,7,0,2.70455
126,44,8,0,2.70455
126,44,9,0,2.70455
126,44,10,0,2.70455
126,44,11,0,2.70455
126,44,12,0,2.70455
126,44,13,0,2.70455
126,44,14,0,2.70455
126,44,15,0,2.70455
126,44,16,0,2.70455
126,44,17,0,2.70455
126,44,18,0,2.70455
126,44,19,0,2.70455
126,44,20,0,2.70455
126,44,21,0,2.70455
126,44,22,0,2.70455
126,44,23,0,2.70455
126,44,24,0,2.70455
126,44,25,0,2.70455
126,44,26,0,2.70455
126,44,27,0,2.70455
126,44,28,0,2.70455
126,44,29,0,2.70455
126,44,30,0,2.70455
126,44,31,0,2.70455
126,44,32,0,2.70455
126,44,33,0,2.70455
126,44,34,0,2.70455
126,44,35,0,2.70455
126,44,36,0,2.70455
126,44,37,0,2.70455
126,44,38,0,2.70455
126,44,39,119,2.70455
126,44,40,0,2.70455
126,44,41,0,2.70455
126,44,42,0,2.70455
126,44,43,0,2.70455
126,44,44,0,2.70455
126,44,45,0,2.70455
126,44,46,0,2.70455
126,44,47,0,2.70455
126,44,48,0,2.70455
126,44,49,0,2.70455
126,44,50,0,2.70455
126,44,51,0,2.70455
126,44,52,0,2.70455
126,44,53,0,2.70455
126,44,54,0,2.70455
126,44,55,0,2.70455
126,44,56,0,2.70455
126,44,57,0,2.70455
126,44,58,0,2.70455
126,44,59,0,2.70455
126,44,60,0,2.70455
126,44,61,0,2.70455
126,44,62,0,2.70455
126,44,63,0,2.70455
126,45,0,0,2.75556
126,45,1,0,2.75556
126,45,2,0,2.75556
126,45,3,0,2.75556
126,45,4,0,2.75556
126,45,5,0,2.75556
126,45,6,0,2.75556
126,45,7,0,2.75556
126,45,8,0,2.75556
126,45,9,0,2.75556
126,45,10,0,2.75556
126,45,11,0,2.75556
126,45,12,0,2.75556
126,45,13,0,2.75556
126,45,14,0,2.75556
126,45,15,0,2.75556
126,45,16,0,2.75556
126,45,17,0,2.75556
126,45,18,0,2.75556
126,45,19,0,2.75556
126,45,20,0,2.75556
126,45,21,0,2.75556
126,45,22,0,2.75556
126,45,23,0,2.75556
126,45,24,0,2.75556
126,45,25,0,2.75556
126,45,26,0,2.75556
126,45,27,0,2.75556
126,45,28,0,2.75556
126,45,29,0,2.75556
126,45,30,0,2.75556
126,45,31,0,2.75556
126,45,32,0,2.75556
126,45,33,0,2.75556
126,45,34,0,2.75556
126,45,35,0,2.75556
126,45,36,0,2.75556
126,45,37,0,2.75556
126,45,38,0,2.75556
126,45,39,124,2.75556
126,45,40,0,2.75556
126,45,41,0,2.75556
126,45,42,0,2.75556
126,45,43,0,2.75556
126,45,44,0,2.75556
126,45,45,0,2.75556
126,45,46,0,2.75556
126,45,47,0,2.75556
126,45,48,0,2.75556
126,45,49,0,2.75556
126,45,50,0,2.75556
126,45,51,0,2.75556
126,45,52,0,2.75556
126,45,53,0,2.75556
126,45,54,0,2.75556
126,45,55,0,2.75556
126,45,56,0,2.75556
126,45,57,0,2.75556
126,45,58,0,2.75556
126,45,59,0,2.75556
126,45,60,0,2.75556
126,45,61,0,2.75556
126,45,62,0,2.75556
126,45,63,0,2.75556
126,46,0,0,2.73913
126,46,1,0,2.73913
126,46,2,0,2.73913
126,46,3,0,2.73913
126,46,4,0,2.73913
126,46,5,0,2.73913
126,46,6,0,2.73913
126,46,7,0,2.73913
126,46,8,0,2.73913
126,46,9,0,2.73913
126,46,10,0,2.73913
126,46,11,0,2.73913
126,46,12,0,2.73913
126,46,13,0,2.73913
126,46,14,0,2.73913
126,46,15,0,2.73913
126,46,16,0,2.73913
126,46,17,0,2.73913
126,46,18,0,2.73913
126,46,19,0,2.73913
126,46,20,0,2.73913
126,46,21,0,2.73913
126,46,22,0,2.73913
126,46,23,0,2.73913
126,46,24,0,2.73913
126,46,25,0,2.73913
126,46,26,0,2.73913
126,46,27,0,2.73913
126,46,28,0,2.73913
126,46,29,0,2.73913
126,46,30,0,2.73913
126,46,31,0,2.73913
126,46,32,0,2.73913
126,46,33,0,2.73913
126,46,34,0,2.73913
126,46,35,0,2.73913
126,46,36,0,2.73913
126,46,37,0,2.73913
126,46,38,0,2.73913
126,46,39,126,2.73913
126,46,40,0,2.73913
126,46,41,0,2.73913
126,46,42,0,2.73913
126,46,43,0,2.73913
126,46,44,0,2.73913
126,46,45,0,2.73913
126,46,46,0,2.73913
126,46,47,0,2.73913
126,46,48,0,2.73913
126,46,49,0,2.73913
126,46,50,0,2.73913
126,46,51,0,2.73913
126,46,52,0,2.73913
126,46,53,0,2.73913
126,46,54,0,2.73913
126,46,55,0,2.73913
126,46,56,0,2.73913
126,46,57,0,2.73913
126,46,58,0,2.73913
126,46,59,0,2.73913
126,46,60,0,2.73913
126,46,61,0,2.73913
126,46,62,0,2.73913
126,46,63,0,2.73913
126,47,0,0,2.74468
126,47,1,0,2.74468
126,47,2,0,2.74468
126,47,3,0,2.74468
126,47,4,0,2.74468
126,47,5,0,2.74468
126,47,6,0,2.74468
126,47,7,0,2.74468
126,47,8,0,2.74468
126,47,9,0,2.74468
126,47,10,0,2.74468
126,47,11,0,2.74468
126,47,12,0,2.74468
126,47,13,0,2.74468
126,47,14,0,2.74468
126,47,15,0,2.74468
126,47,16,0,2.74468
126,47,17,0,2.74468
126,47,18,0,2.74468
126,47,19,0,2.74468
126,47,20,0,2.74468
126,47,21,0,2.74468
126,47,22,0,2.74468
126,47,23,0,2.74468
126,47,24,0,2.74468
126,47,25,0,2.74468
126,47,26,0,2.74468
126,47,27,0,2.74468
126,47,28,0,2.74468
126,47,29,0,2.74468
126,47,30,0,2.74468
126,47,31,0,2.74468
126,47,32,0,2.74468
126,47,33,0,2.74468
126,47,34,0,2.74468
126,47,35,0,2.74468
126,47,36,0,2.74468
126,47,37,0,2.74468
126,47,38,0,2.74468
126,47,39,129,2.74468
126,47,40,0,2.74468
126,47,41,0,2.74468
126,47,42,0,2.74468
126,47,43,0,2.74468
126,47,44,0,2.74468
126,47,45,0,2.74468
126,47,46,0,2.74468
126,47,47,0,2.74468
126,47,48,0,2.74468
126,47,49,0,2.74468
126,47,50,0,2.74468
126,47,51,0,2.74468
126,47,52,0,2.74468
126,47,53,0,2.74468
126,47,54,0,2.74468
126,47,55,0,2.74468
126,47,56,0,2.74468
126,47,57,0,2.74468
126,47,58,0,2.74468
126,47,59,0,2.74468
126,47,60,0,2.74468
126,47,61,0,2.74468
126,47,62,0,2.74468
126,47,63,0,2.74468
126,48,0,0,2.85417
126,48,1,0,2.85417
126,48,2,0,2.85417
126,48,3,0,2.85417
126,48,4,0,2.85417
126,48,5,0,2.85417
126,48,6,0,2.85417
126,48,7,0,2.85417
126,48,8,0,2.85417
126,48,9,0,2.85417
126,48,10,0,2.85417
126,48,11,0,2.85417
126,48,12,0,2.85417
126,48,13,0,2.85417
126,48,14,0,2.85417
126,48,15,0,2.85417
126,48,16,0,2.85417
126,48,17,0,2.85417
126,48,18,0,2.85417
126,48,19,0,2.85417
126,48,20,0,2.85417
126,48,21,0,2.85417
126,48,22,0,2.85417
126,48,23,0,2.85417
126,48,24,0,2.85417
126,48,25,0,2.85417
126,48,26,0,2.85417
126,48,27,0,2.85417
126,48,28,0,2.85417
126,48,29,0,2.85417
126,48,30,0,2.85417
126,48,31,0,2.85417
126,48,32,0,2.85417
126,48,33,0,2.85417
126,48,34,0,2.85417
126,48,35,0,2.85417
126,48,36,0,2.85417
126,48,37,0,2.85417
126,48,38,0,2.85417
126,48,39,137,2.85417
126,48,40,0,2.85417
126,48,41,0,2.85417
126,48,42,0,2.85417
126,48,43,0,2.85417
126,48,44,0,2.85417
126,48,45,0,2.85417
126,48,46,0,2.85417
126,48,47,0,2.85417
126,48,48,0,2.85417
126,48,49,0,2.85417
126,48,50,0,2.85417
126,48,51,0,2.85417
126,48,52,0,2.85417
126,48,53,0,2.85417
126,48,54,0,2.85417
126,48,55,0,2.85417
126,48,56,0,2.85417
126,48,57,0,2.85417
126,48,58,0,2.85417
126,48,59,0,2.85417
126,48,60,0,2.85417
126,48,61,0,2.85417
126,48,62,0,2.85417
126,48,63,0,2.85417
126,49,0,0,2.85714
126,49,1,0,2.85714
126,49,2,0,2.85714
126,49,3,0,2.85714
126,49,4,0,2.85714
126,49,5,0,2.85714
126,49,6,0,2.85714
126,49,7,0,2.85714
126,49,8,0,2.85714
126,49,9,0,2.85714
126,49,10,0,2.85714
126,49,11,0,2.85714
126,49,12,0,2.85714
126,49,13,0,2.85714
126,49,14,0,2.85714
126,49,15,0,2.85714
126,49,16,0,2.85714
126,49,17,0,2.85714
126,49,18,0,2.85714
126,49,19,0,2.85714
126,49,20,0,2.85714
126,49,21,0,2.85714
126,49,22,0,2.85714
126,49,23,0,2.85714
126,49,24,0,2.85714
126,49,25,0,2.85714
126,49,26,0,2.85714
126,49,27,0,2.85714
126,49,28,0,2.85714
126,49,29,0,2.85714
126,49,30,0,2.85714
126,49,31,0,2.85714
126,49,32,0,2.85714
126,49,33,0,2.85714
126,49,34,0,2.85714
126,49,35,0,2.85714
126,49,36,0,2.85714
126,49,37,0,2.85714
126,49,38,0,2.85714
126,49,39,140,2.85714
126,49,40,0,2.85714
126,49,41,0,2.85714
126,49,42,0,2.85714
126,49,43,0,2.85714
126,49,44,0,2.85714
126,49,45,0,2.85714
126,49,46,0,2.85714
126,49,47,0,2.85714
126,49,48,0,2.85714
126,49,49,0,2.85714
126,49,50,0,2.85714
126,49,51,0,2.85714
126,49,52,0,2.85714
126,49,53,0,2.85714
126,49,54,0,2.85714
126,49,55,0,2.85714
126,49,56,0,2.85714
126,49,57,0,2.85714
126,49,58,0,2.85714
126,49,59,0,2.85714
126,49,60,0,2.85714
126,49,61,0,2.85714
126,49,62,0,2.85714
126,49,63,0,2.85714
126,50,0,0,2.84
126,50,1,0,2.84
126,50,2,0,2.84
126,50,3,0,2.84
126,50,4,0,2.84
126,50,5,0,2.84
126,50,6,0,2.84
126,50,7,0,2.84
126,50,8,0,2.84
126,50,9,0,2.84
126,50,10,0,2.84
126,50,11,0,2.84
126,50,12,0,2.84
126,50,13,0,2.84
126,50,14,0,2.84
126,50,15,0,2.84
126,50,16,0,2.84
126,50,17,0,2.84
126,50,18,0,2.84
126,50,19,0,2.84
126,50,20,0,2.84
126,50,21,0,2.84
126,50,22,0,2.84
126,50,23,0,2.84
126,50,24,0,2.84
126,50,25,0,2.84
126,50,26,0,2.84
126,50,27,0,2.84
126,50,28,0,2.84
126,50,29,0,2.84
126,50,30,0,2.84
126,50,31,0,2.84
126,50,32,0,2.84
126,50,33,0,2.84
126,50,34,0,2.84
126,50,35,0,2.84
126,50,36,0,2.84
126,50,37,0,2.84
126,50,38,0,2.84
126,50,39,142,2.84
126,50,40,0,2.84
126,50,41,0,2.84
126,50,42,0,2.84
126,50,43,0,2.84
126,50,44,0,2.84
126,50,45,0,2.84
126,50,46,0,2.84
126,50,47,0,2.84
126,50,48,0,2.84
126,50,49,0,2.84
126,50,50,0,2.84
126,50,51,0,2.84
126,50,52,0,2.84
126,50,53,0,2.84
126,50,54,0,2.84
126,50,55,0,2.84
126,50,56,0,2.84
126,50,57,0,2.84
126,50,58,0,2.84
126,50,59,0,2.84
126,50,60,0,2.84
126,50,61,0,2.84
126,50,62,0,2.84
126,50,63,0,2.84
126,51,0,0,2.86275
126,51,1,0,2.86275
126,51,2,0,2.86275
126,51,3,0,2.86275
126,51,4,0,2.86275
126,51,5,0,2.86275
126,51,6,0,2.86275
126,51,7,0,2.86275
126,51,8,0,2.86275
126,51,9,0,2.86275
126,51,10,0,2.86275
126,51,11,0,2.86275
126,51,12,0,2.86275
126,51,13,0,2.86275
126,51,14,0,2.86275
126,51,15,0,2.86275
126,51,16,0,2.86275
126,51,17,0,2.86275
126,51,18,0,2.86275
126,51,19,0,2.86275
126,51,20,0,2.86275
126,51,21,0,2.86275
126,51,22,0,2.86275
126,51,23,0,2.86275
126,51,24,0,2.86275
126,51,25,0,2.86275
126,51,26,0,2.86275
126,51,27,0,2.86275
126,51,28,0,2.86275
126,51,29,0,2.86275
126,51,30,0,2.86275
126,51,31,0,2.86275
126,51,32,0,2.86275
126,51,33,0,2.86275
126,51,34,0,2.86275
126,51,35,0,2.86275
126,51,36,0,2.86275
126,51,37,0,2.86275
126,51,38,0,2.86275
126,51,39,146,2.86275
126,51,40,0,2.86275
126,51,41,0,2.86275
126,51,42,0,2.86275
126,51,43,0,2.86275
126,51,44,0,2.86275
126,51,45,0,2.86275
126,51,46,0,2.86275
126,51,47,0,2.86275
126,51,48,0,2.86275
126,51,49,0,2.86275
126,51,50,0,2.86275
126,51,51,0,2.86275
126,51,52,0,2.86275
126,51,53,0,2.86275
126,51,54,0,2.86275
126,51,55,0,2.86275
126,51,56,0,2.86275
126,51,57,0,2.86275
126,51,58,0,2.86275
126,51,59,0,2.86275
126,51,60,0,2.86275
126,51,61,0,2.86275
126,51,62,0,2.86275
126,51,63,0,2.86275
126,52,0,0,3.05769
126,52,1,0,3.05769
126,52,2,0,3.05769
126,52,3,0,3.05769
126,52,4,0,3.05769
126,52,5,0,3.05769
126,52,6,0,3.05769
126,52,7,0,3.05769
126,52,8,0,3.05769
126,52,9,0,3.05769
126,52,10,0,3.05769
126,52,11,0,3.05769
126,52,12,0,3.05769
126,52,13,0,3.05769
126,52,14,0,3.05769
126,52,15,0,3.05769
126,52,16,0,3.05769
126,52,17,0,3.05769
126,52,18,0,3.05769
126,52,19,0,3.05769
126,52,20,0,3.05769
126,52,21,0,3.05769
126,52,22,0,3.05769
126,52,23,0,3.05769
126,52,24,0,3.05769
126,52,25,0,3.05769
126,52,26,0,3.05769
126,52,27,0,3.05769
126,52,28,0,3.05769
126,52,29,0,3.05769
126,52,30,0,3.05769
126,52,31,0,3.05769
126,52,32,0,3.05769
126,52,33,0,3.05769
126,52,34,0,3.05769
126,52,35,0,3.05769
126,52,36,0,3.05769
126,52,37,0,3.05769
126,52,38,0,3.05769
126,52,39,159,3.05769
126,52,40,0,3.05769
126,52,41,0,3.05769
126,52,42,0,3.05769
126,52,43,0,3.05769
126,52,44,0,3.05769
126,52,45,0,3.05769
126,52,46,0,3.05769
126,52,47,0,3.05769
126,52,48,0,3.05769
126,52,49,0,3.05769
126,52,50,0,3.05769
126,52,51,0,3.05769
126,52,52,0,3.05769
126,52,53,0,3.05769
126,52,54,0,3.05769
126,52,55,0,3.05769
126,52,56,0,3.05769
126,52,57,0,3.05769
126,52,58,0,3.05769
126,52,59,0,3.05769
126,52,60,0,3.05769
126,52,61,0,3.05769
126,52,62,0,3.05769
126,52,63,0,3.05769
126,53,0,0,3.07547
126,53,1,0,3.07547
126,53,2,0,3.07547
126,53,3,0,3.07547
126,53,4,0,3.07547
126,53,5,0,3.07547
126,53,6,0,3.07547
126,53,7,0,3.07547
126,53,8,0,3.07547
126,53,9,0,3.07547
126,53,10,0,3.07547
126,53,11,0,3.07547
126,53,12,0,3.07547
126,53,13,0,3.07547
126,53,14,0,3.07547
126,53,15,0,3.07547
126,53,16,0,3.07547
126,53,17,0,3.07547
126,53,18,0,3.07547
126,53,19,0,3.07547
126,53,20,0,3.07547
126,53,21,0,3.07547
126,53,22,0,3.07547
126,53,23,0,3.07547
126,53,24,0,3.07547
126,53,25,0,3.07547
126,53,26,0,3.07547
126,53,27,0,3.07547
126,53,28,0,3.07547
126,53,29,0,3.07547
126,53,30,0,3.07547
126,53,31,0,3.07547
126,53,32,0,3.07547
126,53,33,0,3.07547
126,53,34,0,3.07547
126,53,35,0,3.07547
126,53,36,0,3.07547
126,53,37,0,3.07547
126,53,38,0,3.07547
126,53,39,163,3.07547
126,53,40,0,3.07547
126,53,41,0,3.07547
126,53,42,0,3.07547
126,53,43,0,3.07547
126,53,44,0,3.07547
126,53,45,0,3.07547
126,53,46,0,3.07547
126,53,47,0,3.07547
126,53,48,0,3.07547
126,53,49,0,3.07547
126,53,50,0,3.07547
126,53,51,0,3.07547
126,53,52,0,3.07547
126,53,53,0,3.07547
126,53,54,0,3.07547
126,53,55,0,3.07547
126,53,56,0,3.07547
126,53,57,0,3.07547
126,53,58,0,3.07547
126,53,59,0,3.07547
126,53,60,0,3.07547
126,53,61,0,3.07547
126,53,62,0,3.07547
126,53,63,0,3.07547
126,54,0,0,3.14815
126,54,1,0,3.14815
126,54,2,0,3.14815
126,54,3,0,3.14815
126,54,4,0,3.14815
126,54,5,0,3.14815
126,54,6,0,3.14815
126,54,7,0,3.14815
126,54,8,0,3.14815
126,54,9,0,3.14815
126,54,10,0,3.14815
126,54,11,0,3.14815
126,54,12,0,3.14815
126,54,13,0,3.14815
126,54,14,0,3.14815
126,54,15,0,3.14815
126,54,16,0,3.14815
126,54,17,0,3.14815
126,54,18,0,3.14815
126,54,19,0,3.14815
126,54,20,0,3.14815
126,54,21,0,3.14815
126,54,22,0,3.14815
126,54,23,0,3.14815
126,54,24,0,3.14815
126,54,25,0,3.14815
126,54,26,0,3.14815
126,54,27,0,3.14815
126,54,28,0,3.14815
126,54,29,0,3.14815
126,54,30,0,3.14815
126,54,31,0,3.14815
126,54,32,0,3.14815
126,54,33,0,3.14815
126,54,34,0,3.14815
126,54,35,0,3.14815
126,54,36,0,3.14815
126,54,37,0,3.14815
126,54,38,0,3.14815
126,54,39,170,3.14815
126,54,40,0,3.14815
126,54,41,0,3.14815
126,54,42,0,3.14815
126,54,43,0,3.14815
126,54,44,0,3.14815
126,54,45,0,3.14815
126,54,46,0,3.14815
126,54,47,0,3.14815
126,54,48,0,3.14815
126,54,49,0,3.14815
126,54,50,0,3.14815
126,54,51,0,3.14815
126,54,52,0,3.14815
126,54,53,0,3.14815
126,54,54,0,3.14815
126,54,55,0,3.14815
126,54,56,0,3.14815
126,54,57,0,3.14815
126,54,58,0,3.14815
126,54,59,0,3.14815
126,54,60,0,3.14815
126,54,61,0,3.14815
126,54,62,0,3.14815
126,54,63,0,3.14815
126,55,0,0,3.10909
126,55,1,0,3.10909
126,55,2,0,3.10909
126,55,3,0,3.10909
126,55,4,0,3.10909
126,55,5,0,3.10909
126,55,6,0,3.10909
126,55,7,0,3.10909
126,55,8,0,3.10909
126,55,9,0,3.10909
126,55,10,0,3.10909
126,55,11,0,3.10909
126,55,12,0,3.10909
126,55,13,0,3.10909
126,55,14,0,3.10909
126,55,15,0,3.10909
126,55,16,0,3.10909
126,55,17,0,3.10909
126,55,18,0,3.10909
126,55,19,0,3.10909
126,55,20,0,3.10909
126,55,21,0,3.10909
126,55,22,0,3.10909
126,55,23,0,3.10909
126,55,24,0,3.10909
126,55,25,0,3.10909
126,55,26,0,3.10909
126,55,27,0,3.10909
126,55,28,0,3.10909
126,55,29,0,3.10909
126,55,30,0,3.10909
126,55,31,0,3.10909
126,55,32,0,3.10909
126,55,33,0,3.10909
126,55,34,0,3.10909
126,55,35,0,3.10909
126,55,36,0,3.10909
126,55,37,0,3.10909
126,55,38,0,3.10909
126,55,39,171,3.10909
126,55,40,0,3.10909
126,55,41,0,3.10909
126,55,42,0,3.10909
126,55,43,0,3.10909
126,55,44,0,3.10909
126,55,45,0,3.10909
126,55,46,0,3.10909
126,55,47,0,3.10909
126,55,48,0,3.10909
126,55,49,0,3.10909
126,55,50,0,3.10909
126,55,51,0,3.10909
126,55,52,0,3.10909
126,55,53,0,3.10909
126,55,54,0,3.10909
126,55,55,0,3.10909
126,55,56,0,3.10909
126,55,57,0,3.10909
126,55,58,0,3.10909
126,55,59,0,3.10909
126,55,60,0,3.10909
126,55,61,0,3.10909
126,55,62,0,3.10909
126,55,63,0,3.10909
126,56,0,0,3.17857
126,56,1,0,3.17857
126,56,2,0,3.17857
126,56,3,0,3.17857
126,56,4,0,3.17857
126,56,5,0,3.17857
126,56,6,0,3.17857
126,56,7,0,3.17857
126,56,8,0,3.17857
126,56,9,0,3.17857
126,56,10,0,3.17857
126,56,11,0,3.17857
126,56,12,0,3.17857
126,56,13,0,3.17857
126,56,14,0,3.17857
126,56,15,0,3.17857
126,56,16,0,3.17857
126,56,17,0,3.17857
126,56,18,0,3.17857
126,56,19,0,3.17857
126,56,20,0,3.17857
126,56,21,0,3.17857
126,56,22,0,3.17857
126,56,23,0,3.17857
126,56,24,0,3.17857
126,56,25,0,3.17857
126,56,26,0,3.17857
126,56,27,0,3.17857
126,56,28,0,3.17857
126,56,29,0,3.17857
126,56,30,0,3.17857
126,56,31,0,3.17857
126,56,32,0,3.17857
126,56,33,0,3.17857
126,56,34,0,3.17857
126,56,35,0,3.17857
126,56,36,0,3.17857
126,56,37,0,3.17857
126,56,38,0,3.17857
126,56,39,178,3.17857
126,56,40,0,3.17857
126,56,41,0,3.17857
126,56,42,0,3.17857
126,56,43,0,3.17857
126,56,44,0,3.17857
126,56,45,0,3.17857
126,56,46,0,3.17857
126,56,47,0,3.17857
126,56,48,0,3.17857
126,56,49,0,3.17857
126,56,50,0,3.17857
126,56,51,0,3.17857
126,56,52,0,3.17857
126,56,53,0,3.17857
126,56,54,0,3.17857
126,56,55,0,3.17857
126,56,56,0,3.17857
126,56,57,0,3.17857
126,56,58,0,3.17857
126,56,59,0,3.17857
126,56,60,0,3.17857
126,56,61,0,3.17857
126,56,62,0,3.17857
126,56,63,0,3.17857
126,57,0,0,3.26316
126,57,1,0,3.26316
126,57,2,0,3.26316
126,57,3,0,3.26316
126,57,4,0,3.26316
126,57,5,0,3.26316
126,57,6,0,3.26316
126,57,7,0,3.26316
126,57,8,0,3.26316
126,57,9,0,3.26316
126,57,10,0,3.26316
126,57,11,0,3.26316
126,57,12,0,3.26316
126,57,13,0,3.26316
126,57,14,0,3.26316
126,57,15,0,3.26316
126,57,16,0,3.26316
126,57,17,0,3.26316
126,57,18,0,3.26316
126,57,19,0,3.26316
126,57,20,0,3.26316
126,57,21,0,3.26316
126,57,22,0,3.26316
126,57,23,0,3.26316
126,57,24,0,3.26316
126,57,25,0,3.26316
126,57,26,0,3.26316
126,57,27,0,3.26316
126,57,28,0,3.26316
126,57,29,0,3.26316
126,57,30,0,3.26316
126,57,31,0,3.26316
126,57,32,0,3.26316
126,57,33,0,3.26316
126,57,34,0,3.26316
126,57,35,0,3.26316
126,57,36,0,3.26316
126,57,37,0,3.26316
126,57,38,0,3.26316
126,57,39,186,3.26316
126,57,40,0,3.26316
126,57,41,0,3.26316
126,57,42,0,3.26316
126,57,43,0,3.26316
126,57,44,0,3.26316
126,57,45,0,3.26316
126,57,46,0,3.26316
126,57,47,0,3.26316
126,57,48,0,3.26316
126,57,49,0,3.26316
126,57,50,0,3.26316
126,57,51,0,3.26316
126,57,52,0,3.26316
126,57,53,0,3.26316
126,57,54,0,3.26316
126,57,55,0,3.26316
126,57,56,0,3.26316
126,57,57,0,3.26316
126,57,58,0,3.26316
126,57,59,0,3.26316
126,57,60,0,3.26316
126,57,61,0,3.26316
126,57,62,0,3.26316
126,57,63,0,3.26316
126,58,0,0,3.37931
126,58,1,0,3.37931
126,58,2,0,3.37931
126,58,3,0,3.37931
126,58,4,0,3.37931
126,58,5,0,3.37931
126,58,6,0,3.37931
126,58,7,0,3.37931
126,58,8,0,3.37931
126,58,9,0,3.37931
126,58,10,0,3.37931
126,58,11,0,3.37931
126,58,12,0,3.37931
126,58,13,0,3.37931
126,58,14,0,3.37931
126,58,15,0,3.37931
126,58,16,0,3.37931
126,58,17,0,3.37931
126,58,18,0,3.37931
126,58,19,0,3.37931
126,58,20,0,3.37931
126,58,21,0,3.37931
126,58,22,0,3.37931
126,58,23,0,3.37931
126,58,24,0,3.37931
126,58,25,0,3.37931
126,58,26,0,3.37931
126,58,27,0,3.37931
126,58,28,0,3.37931
126,58,29,0,3.37931
126,58,30,0,3.37931
126,58,31,0,3.37931
126,58,32,0,3.37931
126,58,33,0,3.37931
126,58,34,0,3.37931
126,58,35,0,3.37931
126,58,36,0,3.37931
126,58,37,0,3.37931
126,58,38,0,3.37931
126,58,39,196,3.37931
126,58,40,0,3.37931
126,58,41,0,3.37931
126,58,42,0,3.37931
126,58,43,0,3.37931
126,58,44,0,3.37931
126,58,45,0,3.37931
126,58,46,0,3.37931
126,58,47,0,3.37931
126,58,48,0,3.37931
126,58,49,0,3.37931
126,58,50,0,3.37931
126,58,51,0,3.37931
126,58,52,0,3.37931
126,58,53,0,3.37931
126,58,54,0,3.37931
126,58,55,0,3.37931
126,58,56,0,3.37931
126,58,57,0,3.37931
126,58,58,0,3.37931
126,58,59,0,3.37931
126,58,60,0,3.37931
126,58,61,0,3.37931
126,58,62,0,3.37931
126,58,63,0,3.37931
126,59,0,0,3.33898
126,59,1,0,3.33898
126,59,2,0,3.33898
126,59,3,0,3.33898
126,59,4,0,3.33898
126,59,5,0,3.33898
126,59,6,0,3.33898
126,59,7,0,3.33898
126,59,8,0,3.33898
126,59,9,0,3.33898
126,59,10,0,3.33898
126,59,11,0,3.33898
126,59,12,0,3.33898
126,59,13,0,3.33898
126,59,14,0,3.33898
126,59,15,0,3.33898
126,59,16,0,3.33898
126,59,17,0,3.33898
126,59,18,0,3.33898
126,59,19,0,3.33898
126,59,20,0,3.33898
126,59,21,0,3.33898
126,59,22,0,3.33898
126,59,23,0,3.33898
126,59,24,0,3.33898
126,59,25,0,3.33898
126,59,26,0,3.33898
126,59,27,0,3.33898
126,59,28,0,3.33898
126,59,29,0,3.33898
126,59,30,0,3.33898
126,59,31,0,3.33898
126,59,32,0,3.33898
126,59,33,0,3.33898
126,59,34,0,3.33898
126,59,35,0,3.33898
126,59,36,0,3.33898
126,59,37,0,3.33898
126,59,38,0,3.33898
126,59,39,197,3.33898
126,59,40,0,3.33898
126,59,41,0,3.33898
126,59,42,0,3.33898
126,59,43,0,3.33898
126,59,44,0,3.33898
126,59,45,0,3.33898
126,59,46,0,3.33898
126,59,47,0,3.33898
126,59,48,0,3.33898
126,59,49,0,3.33898
126,59,50,0,3.33898
126,59,51,0,3.33898
126,59,52,0,3.33898
126,59,53,0,3.33898
126,59,54,0,3.33898
126,59,55,0,3.33898
126,59,56,0,3.33898
126,59,57,0,3.33898
126,59,58,0,3.33898
126,59,59,0,3.33898
126,59,60,0,3.33898
126,59,61,0,3.33898
126,59,62,0,3.33898
126,59,63,0,3.33898
126,60,0,0,3.38333
126,60,1,0,3.38333
126,60,2,0,3.38333
126,60,3,0,3.38333
126,60,4,0,3.38333
126,60,5,0,3.38333
126,60,6,0,3.38333
126,60,7,0,3.38333
126,60,8,0,3.38333
126,60,9,0,3.38333
126,60,10,0,3.38333
126,60,11,0,3.38333
126,60,12,0,3.38333
126,60,13,0,3.38333
126,60,14,0,3.38333
126,60,15,0,3.38333
126,60,16,0,3.38333
126,60,17,0,3.38333
126,60,18,0,3.38333
126,60,19,0,3.38333
126,60,20,0,3.38333
126,60,21,0,3.38333
126,60,22,0,3.38333
126,60,23,0,3.38333
126,60,24,0,3.38333
126,60,25,0,3.38333
126,60,26,0,3.38333
126,60,27,0,3.38333
126,60,28,0,3.38333
126,60,29,0,3.38333
126,60,30,0,3.38333
126,60,31,0,3.38333
126,60,32,0,3.38333
126,60,33,0,3.38333
126,60,34,0,3.38333
126,60,35,0,3.38333
126,60,36,0,3.38333
126,60,37,0,3.38333
126,60,38,0,3.38333
126,60,39,203,3.38333
126,60,40,0,3.38333
126,60,41,0,3.38333
126,60,42,0,3.38333
126,60,43,0,3.38333
126,60,44,0,3.38333
126,60,45,0,3.38333
126,60,46,0,3.38333
126,60,47,0,3.38333
126,60,48,0,3.38333
126,60,49,0,3.38333
126,60,50,0,3.38333
126,60,51,0,3.38333
126,60,52,0,3.38333
126,60,53,0,3.38333
126,60,54,0,3.38333
126,60,55,0,3.38333
126,60,56,0,3.38333
126,60,57,0,3.38333
126,60,58,0,3.38333
126,60,59,0,3.38333
126,60,60,0,3.38333
126,60,61,0,3.38333
126,60,62,0,3.38333
126,60,63,0,3.38333
126,61,0,0,3.42623
126,61,1,0,3.42623
126,61,2,0,3.42623
126,61,3,0,3.42623
126,61,4,0,3.42623
126,61,5,0,3.42623
126,61,6,0,3.42623
126,61,7,0,3.42623
126,61,8,0,3.42623
126,61,9,0,3.42623
126,61,10,0,3.42623
126,61,11,0,3.42623
126,61,12,0,3.42623
126,61,13,0,3.42623
126,61,14,0,3.42623
126,61,15,0,3.42623
126,61,16,0,3.42623
126,61,17,0,3.42623
126,61,18,0,3.42623
126,61,19,0,3.42623
126,61,20,0,3.42623
126,61,21,0,3.42623
126,61,22,0,3.42623
126,61,23,0,3.42623
126,61,24,0,3.42623
126,61,25,0,3.42623
126,61,26,0,3.42623
126,61,27,0,3.42623
126,61,28,0,3.42623
126,61,29,0,3.42623
126,61,30,0,3.42623
126,61,31,0,3.42623
126,61,32,0,3.42623
126,61,33,0,3.42623
126,61,34,0,3.42623
126,61,35,0,3.42623
126,61,36,0,3.42623
126,61,37,0,3.42623
126,61,38,0,3.42623
126,61,39,209,3.42623
126,61,40,0,3.42623
126,61,41,0,3.42623
126,61,42,0,3.42623
126,61,43,0,3.42623
126,61,44,0,3.42623
126,61,45,0,3.42623
126,61,46,0,3.42623
126,61,47,0,3.42623
126,61,48,0,3.42623
126,61,49,0,3.42623
126,61,50,0,3.42623
126,61,51,0,3.42623
126,61,52,0,3.42623
126,61,53,0,3.42623
126,61,54,0,3.42623
126,61,55,0,3.42623
126,61,56,0,3.42623
126,61,57,0,3.42623
126,61,58,0,3.42623
126,61,59,0,3.42623
126,61,60,0,3.42623
126,61,61,0,3.42623
126,61,62,0,3.42623
126,61,63,0,3.42623
126,62,0,0,3.3871
126,62,1,0,3.3871
126,62,2,0,3.3871
126,62,3,0,3.3871
126,62,4,0,3.3871
126,62,5,0,3.3871
126,62,6,0,3.3871
126,62,7,0,3.3871
126,62,8,0,3.3871
126,62,9,0,3.3871
126,62,10,0,3.3871
126,62,11,0,3.3871
126,62,12,0,3.3871
126,62,13,0,3.3871
126,62,14,0,3.3871
126,62,15,0,3.3871
126,62,16,0,3.3871
126,62,17,0,3.3871
126,62,18,0,3.3871
126,62,19,0,3.3871
126,62,20,0,3.3871
126,62,21,0,3.3871
126,62,22,0,3.3871
126,62,23,0,3.3871
126,62,24,0,3.3871
126,62,25,0,3.3871
126,62,26,0,3.3871
126,62,27,0,3.3871
126,62,28,0,3.3871
126,62,29,0,3.3871
126,62,30,0,3.3871
126,62,31,0,3.3871
126,62,32,0,3.3871
126,62,33,0,3.3871
126,62,34,0,3.3871
126,62,35,0,3.3871
126,62,36,0,3.3871
126,62,37,0,3.3871
126,62,38,0,3.3871
126,62,39,210,3.3871
126,62,40,0,3.3871
126,62,41,0,3.3871
126,62,42,0,3.3871
126,62,43,0,3.3871
126,62,44,0,3.3871
126,62,45,0,3.3871
126,62,46,0,3.3871
126,62,47,0,3.3871
126,62,48,0,3.3871
126,62,49,0,3.3871
126,62,50,0,3.3871
126,62,51,0,3.3871
126,62,52,0,3.3871
126,62,53,0,3.3871
126,62,54,0,3.3871
126,62,55,0,3.3871
126,62,56,0,3.3871
126,62,57,0,3.3871
126,62,58,0,3.3871
126,62,59,0,3.3871
126,62,60,0,3.3871
126,62,61,0,3.3871
126,62,62,0,3.3871
126,62,63,0,3.3871
126,63,0,0,3.38095
126,63,1,0,3.38095
126,63,2,0,3.38095
126,63,3,0,3.38095
126,63,4,0,3.38095
126,63,5,0,3.38095
126,63,6,0,3.38095
126,63,7,0,3.38095
126,63,8,0,3.38095
126,63,9,0,3.38095
126,63,10,0,3.38095
126,63,11,0,3.38095
126,63,12,0,3.38095
126,63,13,0,3.38095
126,63,14,0,3.38095
126,63,15,0,3.38095
126,63,16,0,3.38095
126,63,17,0,3.38095
126,63,18,0,3.38095
126,63,19,0,3.38095
126,63,20,0,3.38095
126,63,21,0,3.38095
126,63,22,0,3.38095
126,63,23,0,3.38095
126,63,24,0,3.38095
126,63,25,0,3.38095
126,63,26,0,3.38095
126,63,27,0,3.38095
126,63,28,0,3.38095
126,63,29,0,3.38095
126,63,30,0,3.38095
126,63,31,0,3.38095
126,63,32,0,3.38095
126,63,33,0,3.38095
126,63,34,0,3.38095
126,63,35,0,3.38095
126,63,36,0,3.38095
126,63,37,0,3.38095
126,63,38,0,3.38095
126,63,39,213,3.38095
126,63,40,0,3.38095
126,63,41,0,3.38095
126,63,42,0,3.38095
126,63,43,0,3.38095
126,63,44,0,3.38095
126,63,45,0,3.38095
126,63,46,0,3.38095
126,63,47,0,3.38095
126,63,48,0,3.38095
126,63,49,0,3.38095
126,63,50,0,3.38095
126,63,51,0,3.38095
126,63,52,0,3.38095
126,63,53,0,3.38095
126,63,54,0,3.38095
126,63,55,0,3.38095
126,63,56,0,3.38095
126,63,57,0,3.38095
126,63,58,0,3.38095
126,63,59,0,3.38095
126,63,60,0,3.38095
126,63,61,0,3.38095
126,63,62,0,3.38095
126,63,63,0,3.38095
126,64,0,0,3.40625
126,64,1,0,3.40625
126,64,2,0,3.40625
126,64,3,0,3.40625
126,64,4,0,3.40625
126,64,5,0,3.40625
126,64,6,0,3.40625
126,64,7,0,3.40625
126,64,8,0,3.40625
126,64,9,0,3.40625
126,64,10,0,3.40625
126,64,11,0,3.40625
126,64,12,0,3.40625
126,64,13,0,3.40625
126,64,14,0,3.40625
126,64,15,0,3.40625
126,64,16,0,3.40625
126,64,17,0,3.40625
126,64,18,0,3.40625
126,64,19,0,3.40625
126,64,20,0,3.40625
126,64,21,0,3.40625
126,64,22,0,3.40625
126,64,23,0,3.40625
126,64,24,0,3.40625
126,64,25,0,3.40625
126,64,26,0,3.40625
126,64,27,0,3.40625
126,64,28,0,3.40625
126,64,29,0,3.40625
126,64,30,0,3.40625
126,64,31,0,3.40625
126,64,32,0,3.40625
126,64,33,0,3.40625
126,64,34,0,3.40625
126,64,35,0,3.40625
126,64,36,0,3.40625
126,64,37,0,3.40625
126,64,38,0,3.40625
126,64,39,218,3.40625
126,64,40,0,3.40625
126,64,41,0,3.40625
126,64,42,0,3.40625
126,64,43,0,3.40625
126,64,44,0,3.40625
126,64,45,0,3.40625
126,64,46,0,3.40625
126,64,47,0,3.40625
126,64,48,0,3.40625
126,64,49,0,3.40625
126,64,50,0,3.40625
126,64,51,0,3.40625
126,64,52,0,3.40625
126,64,53,0,3.40625
126,64,54,0,3.40625
126,64,55,0,3.40625
126,64,56,0,3.40625
126,64,57,0,3.40625
126,64,58,0,3.40625
126,64,59,0,3.40625
126,64,60,0,3.40625
126,64,61,0,3.40625
126,64,62,0,3.40625
126,64,63,0,3.40625
126,65,0,0,3.4
126,65,1,0,3.4
126,65,2,0,3.4
126,65,3,0,3.4
126,65,4,0,3.4
126,65,5,0,3.4
126,65,6,0,3.4
126,65,7,0,3.4
126,65,8,0,3.4
126,65,9,0,3.4
126,65,10,0,3.4
126,65,11,0,3.4
126,65,12,0,3.4
126,65,13,0,3.4
126,65,14,0,3.4
126,65,15,0,3.4
126,65,16,0,3.4
126,65,17,0,3.4
126,65,18,0,3.4
126,65,19,0,3.4
126,65,20,0,3.4
126,65,21,0,3.4
126,65,22,0,3.4
126,65,23,0,3.4
126,65,24,0,3.4
126,65,25,0,3.4
126,65,26,0,3.4
126,65,27,0,3.4
126,65,28,0,3.4
126,65,29,0,3.4
126,65,30,0,3.4
126,65,31,0,3.4
126,65,32,0,3.4
126,65,33,0,3.4
126,65,34,0,3.4
126,65,35,0,3.4
126,65,36,0,3.4
126,65,37,0,3.4
126,65,38,0,3.4
126,65,39,221,3.4
126,65,40,0,3.4
126,65,41,0,3.4
126,65,42,0,3.4
126,65,43,0,3.4
126,65,44,0,3.4
126,65,45,0,3.4
126,65,46,0,3.4
126,65,47,0,3.4
126,65,48,0,3.4
126,65,49,0,3.4
126,65,50,0,3.4
126,65,51,0,3.4
126,65,52,0,3.4
126,65,53,0,3.4
126,65,54,0,3.4
126,65,55,0,3.4
126,65,56,0,3.4
126,65,57,0,3.4
126,65,58,0,3.4
126,65,59,0,3.4
126,65,60,0,3.4
126,65,61,0,3.4
126,65,62,0,3.4
126,65,63,0,3.4
126,66,0,0,3.39394
126,66,1,0,3.39394
126,66,2,0,3.39394
126,66,3,0,3.39394
126,66,4,0,3.39394
126,66,5,0,3.39394
126,66,6,0,3.39394
126,66,7,0,3.39394
126,66,8,0,3.39394
126,66,9,0,3.39394
126,66,10,0,3.39394
126,66,11,0,3.39394
126,66,12,0,3.39394
126,66,13,0,3.39394
126,66,14,0,3.39394
126,66,15,0,3.39394
126,66,16,0,3.39394
126,66,17,0,3.39394
126,66,18,0,3.39394
126,66,19,0,3.39394
126,66,20,0,3.39394
126,66,21,0,3.39394
126,66,22,0,3.39394
126,66,23,0,3.39394
126,66,24,0,3.39394
126,66,25,0,3.39394
126,66,26,0,3.39394
126,66,27,0,3.39394
126,66,28,0,3.39394
126,66,29,0,3.39394
126,66,30,0,3.39394
126,66,31,0,3.39394
126,66,32,0,3.39394
126,66,33,0,3.39394
126,66,34,0,3.39394
126,66,35,0,3.39394
126,66,36,0,3.39394
126,66,37,0,3.39394
126,66,38,0,3.39394
126,66,39,224,3.39394
126,66,40,0,3.39394
126,66,41,0,3.39394
126,66,42,0,3.39394
126,66,43,0,3.39394
126,66,44,0,3.39394
126,66,45,0,3.39394
126,66,46,0,3.39394
126,66,47,0,3.39394
126,66,48,0,3.39394
126,66,49,0,3.39394
126,66,50,0,3.39394
126,66,51,0,3.39394
126,66,52,0,3.39394
126,66,53,0,3.39394
126,66,54,0,3.39394
126,66,55,0,3.39394
126,66,56,0,3.39394
126,66,57,0,3.39394
126,66,58,0,3.39394
126,66,59,0,3.39394
126,66,60,0,3.39394
126,66,61,0,3.39394
126,66,62,0,3.39394
126,66,63,0,3.39394
126,67,0,0,3.40299
126,67,1,0,3.40299
126,67,2,0,3.40299
126,67,3,0,3.40299
126,67,4,0,3.40299
126,67,5,0,3.40299
126,67,6,0,3.40299
126,67,7,0,3.40299
126,67,8,0,3.40299
126,67,9,0,3.40299
126,67,10,0,3.40299
126,67,11,0,3.40299
126,67,12,0,3.40299
126,67,13,0,3.40299
126,67,14,0,3.40299
126,67,15,0,3.40299
126,67,16,0,3.40299
126,67,17,0,3.40299
126,67,18,0,3.40299
126,67,19,0,3.40299
126,67,20,0,3.40299
126,67,21,0,3.40299
126,67,22,0,3.40299
126,67,23,0,3.40299
126,67,24,0,3.40299
126,67,25,0,3.40299
126,67,26,0,3.40299
126,67,27,0,3.40299
126,67,28,0,3.40299
126,67,29,0,3.40299
126,67,30,0,3.40299
126,67,31,0,3.40299
126,67,32,0,3.40299
126,67,33,0,3.40299
126,67,34,0,3.40299
126,67,35,0,3.40299
126,67,36,0,3.40299
126,67,37,0,3.40299
126,67,38,0,3.40299
126,67,39,228,3.40299
126,67,40,0,3.40299
126,67,41,0,3.40299
126,67,42,0,3.40299
126,67,43,0,3.40299
126,67,44,0,3.40299
126,67,45,0,3.40299
126,67,46,0,3.40299
126,67,47,0,3.40299
126,67,48,0,3.40299
126,67,49,0,3.40299
126,67,50,0,3.40299
126,67,51,0,3.40299
126,67,52,0,3.40299
126,67,53,0,3.40299
126,67,54,0,3.40299
126,67,55,0,3.40299
126,67,56,0,3.40299
126,67,57,0,3.40299
126,67,58,0,3.40299
126,67,59,0,3.40299
126,67,60,0,3.40299
126,67,61,0,3.40299
126,67,62,0,3.40299
126,67,63,0,3.40299
126,68,0,0,3.36765
126,68,1,0,3.36765
126,68,2,0,3.36765
126,68,3,0,3.36765
126,68,4,0,3.36765
126,68,5,0,3.36765
126,68,6,0,3.36765
126,68,7,0,3.36765
126,68,8,0,3.36765
126,68,9,0,3.36765
126,68,10,0,3.36765
126,68,11,0,3.36765
126,68,12,0,3.36765
126,68,13,0,3.36765
126,68,14,0,3.36765
126,68,15,0,3.36765
126,68,16,0,3.36765
126,68,17,0,3.36765
126,68,18,0,3.36765
126,68,19,0,3.36765
126,68,20,0,3.36765
126,68,21,0,3.36765
126,68,22,0,3.36765
126,68,23,0,3.36765
126,68,24,0,3.36765
126,68,25,0,3.36765
126,68,26,0,3.36765
126,68,27,0,3.36765
126,68,28,0,3.36765
126,68,29,0,3.36765
126,68,30,0,3.36765
126,68,31,0,3.36765
126,68,32,0,3.36765
126,68,33,0,3.36765
126,68,34,0,3.36765
126,68,35,0,3.36765
126,68,36,0,3.36765
126,68,37,0,3.36765
126,68,38,0,3.36765
126,68,39,229,3.36765
126,68,40,0,3.36765
126,68,41,0,3.36765
126,68,42,0,3.36765
126,68,43,0,3.36765
126,68,44,0,3.36765
126,68,45,0,3.36765
126,68,46,0,3.36765
126,68,47,0,3.36765
126,68,48,0,3.36765
126,68,49,0,3.36765
126,68,50,0,3.36765
126,68,51,0,3.36765
126,68,52,0,3.36765
126,68,53,0,3.36765
126,68,54,0,3.36765
126,68,55,0,3.36765
126,68,56,0,3.36765
126,68,57,0,3.36765
126,68,58,0,3.36765
126,68,59,0,3.36765
126,68,60,0,3.36765
126,68,61,0,3.36765
126,68,62,0,3.36765
126,68,63,0,3.36765
126,69,0,0,3.33333
126,69,1,0,3.33333
126,69,2,0,3.33333
126,69,3,0,3.33333
126,69,4,0,3.33333
126,69,5,0,3.33333
126,69,6,0,3.33333
126,69,7,0,3.33333
126,69,8,0,3.33333
126,69,9,0,3.33333
126,69,10,0,3.33333
126,69,11,0,3.33333
126,69,12,0,3.33333
126,69,13,0,3.33333
126,69,14,0,3.33333
126,69,15,0,3.33333
126,69,16,0,3.33333
126,69,17,0,3.33333
126,69,18,0,3.33333
126,69,19,0,3.33333
126,69,20,0,3.33333
126,69,21,0,3.33333
126,69,22,0,3.33333
126,69,23,0,3.33333
126,69,24,0,3.33333
126,69,25,0,3.33333
126,69,26,0,3.33333
126,69,27,0,3.33333
126,69,28,0,3.33333
126,69,29,0,3.33333
126,69,30,0,3.33333
126,69,31,0,3.33333
126,69,32,0,3.33333
126,69,33,0,3.33333
126,69,34,0,3.33333
126,69,35,0,3.33333
126,69,36,0,3.33333
126,69,37,0,3.33333
126,69,38,0,3.33333
126,69,39,230,3.33333
126,69,40,0,3.33333
126,69,41,0,3.33333
126,69,42,0,3.33333
126,69,43,0,3.33333
126,69,44,0,3.33333
126,69,45,0,3.33333
126,69,46,0,3.33333
126,69,47,0,3.33333
126,69,48,0,3.33333
126,69,49,0,3.33333
126,69,50,0,3.33333
126,69,51,0,3.33333
126,69,52,0,3.33333
126,69,53,0,3.33333
126,69,54,0,3.33333
126,69,55,0,3.33333
126,69,56,0,3.33333
126,69,57,0,3.33333
126,69,58,0,3.33333
126,69,59,0,3.33333
126,69,60,0,3.33333
126,69,61,0,3.33333
126,69,62,0,3.33333
126,69,63,0,3.33333
126,70,0,0,3.47143
126,70,1,0,3.47143
126,70,2,0,3.47143
126,70,3,0,3.47143
126,70,4,0,3.47143
126,70,5,0,3.47143
126,70,6,0,3.47143
126,70,7,0,3.47143
126,70,8,0,3.47143
126,70,9,0,3.47143
126,70,10,0,3.47143
126,70,11,0,3.47143
126,70,12,0,3.47143
126,70,13,0,3.47143
126,70,14,0,3.47143
126,70,15,0,3.47143
126,70,16,0,3.47143
126,70,17,0,3.47143
126,70,18,0,3.47143
126,70,19,0,3.47143
126,70,20,0,3.47143
126,70,21,0,3.47143
126,70,22,0,3.47143
126,70,23,0,3.47143
126,70,24,0,3.47143
126,70,25,0,3.47143
126,70,26,0,3.47143
126,70,27,0,3.47143
126,70,28,0,3.47143
126,70,29,0,3.47143
126,70,30,0,3.47143
126,70,31,0,3.47143
126,70,32,0,3.47143
126,70,33,0,3.47143
126,70,34,0,3.47143
126,70,35,0,3.47143
126,70,36,0,3.47143
126,70,37,0,3.47143
126,70,38,0,3.47143
126,70,39,243,3.47143
126,70,40,0,3.47143
126,70,41,0,3.47143
126,70,42,0,3.47143
126,70,43,0,3.47143
126,70,44,0,3.47143
126,70,45,0,3.47143
126,70,46,0,3.47143
126,70,47,0,3.47143
126,70,48,0,3.47143
126,70,49,0,3.47143
126,70,50,0,3.47143
126,70,51,0,3.47143
126,70,52,0,3.47143
126,70,53,0,3.47143
126,70,54,0,3.47143
126,70,55,0,3.47143
126,70,56,0,3.47143
126,70,57,0,3.47143
126,70,58,0,3.47143
126,70,59,0,3.47143
126,70,60,0,3.47143
126,70,61,0,3.47143
126,70,62,0,3.47143
126,70,63,0,3.47143
126,71,0,0,3.49296
126,71,1,0,3.49296
126,71,2,0,3.49296
126,71,3,0,3.49296
126,71,4,0,3.49296
126,71,5,0,3.49296
126,71,6,0,3.49296
126,71,7,0,3.49296
126,71,8,0,3.49296
126,71,9,0,3.49296
126,71,10,0,3.49296
126,71,11,0,3.49296
126,71,12,0,3.49296
126,71,13,0,3.49296
126,71,14,0,3.49296
126,71,15,0,3.49296
126,71,16,0,3.49296
126,71,17,0,3.49296
126,71,18,0,3.49296
126,71,19,0,3.49296
126,71,20,0,3.49296
126,71,21,0,3.49296
126,71,22,0,3.49296
126,71,23,0,3.49296
126,71,24,0,3.49296
126,71,25,0,3.49296
126,71,26,0,3.49296
126,71,27,0,3.49296
126,71,28,0,3.49296
126,71,29,0,3.49296
126,71,30,0,3.49296
126,71,31,0,3.49296
126,71,32,0,3.49296
126,71,33,0,3.49296
126,71,34,0,3.49296
126,71,35,0,3.49296
126,71,36,0,3.49296
126,71,37,0,3.49296
126,71,38,0,3.49296
126,71,39,248,3.49296
126,71,40,0,3.49296
126,71,41,0,3.49296
126,71,42,0,3.49296
126,71,43,0,3.49296
126,71,44,0,3.49296
126,71,45,0,3.49296
126,71,46,0,3.49296
126,71,47,0,3.49296
126,71,48,0,3.49296
126,71,49,0,3.49296
126,71,50,0,3.49296
126,71,51,0,3.49296
126,71,52,0,3.49296
126,71,53,0,3.49296
126,71,54,0,3.49296
126,71,55,0,3.49296
126,71,56,0,3.49296
126,71,57,0,3.49296
126,71,58,0,3.49296
126,71,59,0,3.49296
126,71,60,0,3.49296
126,71,61,0,3.49296
126,71,62,0,3.49296
126,71,63,0,3.49296
126,72,0,0,3.52778
126,72,1,0,3.52778
126,72,2,0,3.52778
126,72,3,0,3.52778
126,72,4,0,3.52778
126,72,5,0,3.52778
126,72,6,0,3.52778
126,72,7,0,3.52778
126,72,8,0,3.52778
126,72,9,0,3.52778
126,72,10,0,3.52778
126,72,11,0,3.52778
126,72,12,0,3.52778
126,72,13,0,3.52778
126,72,14,0,3.52778
126,72,15,0,3.52778
126,72,16,0,3.52778
126,72,17,0,3.52778
126,72,18,0,3.52778
126,72,19,0,3.52778
126,72,20,0,3.52778
126,72,21,0,3.52778
126,72,22,0,3.52778
126,72,23,0,3.52778
126,72,24,0,3.52778
126,72,25,0,3.52778
126,72,26,0,3.52778
126,72,27,0,3.52778
126,72,28,0,3.52778
126,72,29,0,3.52778
126,72,30,0,3.52778
126,72,31,0,3.52778
126,72,32,0,3.52778
126,72,33,0,3.52778
126,72,34,0,3.52778
126,72,35,0,3.52778
126,72,36,0,3.52778
126,72,37,0,3.52778
126,72,38,0,3.52778
126,72,39,254,3.52778
126,72,40,0,3.52778
126,72,41,0,3.52778
126,72,42,0,3.52778
126,72,43,0,3.52778
126,72,44,0,3.52778
126,72,45,0,3.52778
126,72,46,0,3.52778
126,72,47,0,3.52778
126,72,48,0,3.52778
126,72,49,0,3.52778
126,72,50,0,3.52778
126,72,51,0,3.52778
126,72,52,0,3.52778
126,72,53,0,3.52778
126,72,54,0,3.52778
126,72,55,0,3.52778
126,72,56,0,3.52778
126,72,57,0,3.52778
126,72,58,0,3.52778
126,72,59,0,3.52778
126,72,60,0,3.52778
126,72,61,0,3.52778
126,72,62,0,3.52778
126,72,63,0,3.52778
126,73,0,0,3.50685
126,73,1,0,3.50685
126,73,2,0,3.50685
126,73,3,0,3.50685
126,73,4,0,3.50685
126,73,5,0,3.50685
126,73,6,0,3.50685
126,73,7,0,3.50685
126,73,8,0,3.50685
126,73,9,0,3.50685
126,73,10,0,3.50685
126,73,11,0,3.50685
126,73,12,0,3.50685
126,73,13,0,3.50685
126,73,14,0,3.50685
126,73,15,0,3.50685
126,73,16,0,3.50685
126,73,17,0,3.50685
126,73,18,0,3.50685
126,73,19,0,3.50685
126,73,20,0,3.50685
126,73,21,0,3.50685
126,73,22,0,3.50685
126,73,23,0,3.50685
126,73,24,0,3.50685
126,73,25,0,3.50685
126,73,26,0,3.50685
126,73,27,0,3.50685
126,73,28,0,3.50685
126,73,29,0,3.50685
126,73,30,0,3.50685
126,73,31,0,3.50685
126,73,32,0,3.50685
126,73,33,0,3.50685
126,73,34,0,3.50685
126,73,35,0,3.50685
126,73,36,0,3.50685
126,73,37,0,3.50685
126,73,38,0,3.50685
126,73,39,256,3.50685
126,73,40,0,3.50685
126,73,41,0,3.50685
126,73,42,0,3.50685
126,73,43,0,3.50685
126,73,44,0,3.50685
126,73,45,0,3.50685
126,73,46,0,3.50685
126,73,47,0,3.50685
126,73,48,0,3.50685
126,73,49,0,3.50685
126,73,50,0,3.50685
126,73,51,0,3.50685
126,73,52,0,3.50685
126,73,53,0,3.50685
126,73,54,0,3.50685
126,73,55,0,3.50685
126,73,56,0,3.50685
126,73,57,0,3.50685
126,73,58,0,3.50685
126,73,59,0,3.50685
126,73,60,0,3.50685
126,73,61,0,3.50685
126,73,62,0,3.50685
126,73,63,0,3.50685
126,74,0,0,3.54054
126,74,1,0,3.54054
126,74,2,0,3.54054
126,74,3,0,3.54054
126,74,4,0,3.54054
126,74,5,0,3.54054
126,74,6,0,3.54054
126,74,7,0,3.54054
126,74,8,0,3.54054
126,74,9,0,3.54054
126,74,10,0,3.54054
126,74,11,0,3.54054
126,74,12,0,3.54054
126,74,13,0,3.54054
126,74,14,0,3.54054
126,74,15,0,3.54054
126,74,16,0,3.54054
126,74,17,0,3.54054
126,74,18,0,3.54054
126,74,19,0,3.54054
126,74,20,0,3.54054
126,74,21,0,3.54054
126,74,22,0,3.54054
126,74,23,0,3.54054
126,74,24,0,3.54054
126,74,25,0,3.54054
126,74,26,0,3.54054
126,74,27,0,3.54054
126,74,28,0,3.54054
126,74,29,0,3.54054
126,74,30,0,3.54054
126,74,31,0,3.54054
126,74,32,0,3.54054
126,74,33,0,3.54054
126,74,34,0,3.54054
126,74,35,0,3.54054
126,74,36,0,3.54054
126,74,37,0,3.54054
126,74,38,0,3.54054
126,74,39,262,3.54054
126,74,40,0,3.54054
126,74,41,0,3.54054
126,74,42,0,3.54054
126,74,43,0,3.54054
126,74,44,0,3.54054
126,74,45,0,3.54054
126,74,46,0,3.54054
126,74,47,0,3.54054
126,74,48,0,3.54054
126,74,49,0,3.54054
126,74,50,0,3.54054
126,74,51,0,3.54054
126,74,52,0,3.54054
126,74,53,0,3.54054
126,74,54,0,3.54054
126,74,55,0,3.54054
126,74,56,0,3.54054
126,74,57,0,3.54054
126,74,58,0,3.54054
126,74,59,0,3.54054
126,74,60,0,3.54054
126,74,61,0,3.54054
126,74,62,0,3.54054
126,74,63,0,3.54054
126,75,0,0,3.52
126,75,1,0,3.52
126,75,2,0,3.52
126,75,3,0,3.52
126,75,4,0,3.52
126,75,5,0,3.52
126,75,6,0,3.52
126,75,7,0,3.52
126,75,8,0,3.52
126,75,9,0,3.52
126,75,10,0,3.52
126,75,11,0,3.52
126,75,12,0,3.52
126,75,13,0,3.52
126,75,14,0,3.52
126,75,15,0,3.52
126,75,16,0,3.52
126,75,17,0,3.52
126,75,18,0,3.52
126,75,19,0,3.52
126,75,20,0,3.52
126,75,21,0,3.52
126,75,22,0,3.52
126,75,23,0,3.52
126,75,24,0,3.52
126,75,25,0,3.52
126,75,26,0,3.52
126,75,27,0,3.52
126,75,28,0,3.52
126,75,29,0,3.52
126,75,30,0,3.52
126,75,31,0,3.52
126,75,32,0,3.52
126,75,33,0,3.52
126,75,34,0,3.52
126,75,35,0,3.52
126,75,36,0,3.52
126,75,37,0,3.52
126,75,38,0,3.52
126,75,39,264,3.52
126,75,40,0,3.52
126,75,41,0,3.52
126,75,42,0,3.52
126,75,43,0,3.52
126,75,44,0,3.52
126,75,45,0,3.52
126,75,46,0,3.52
126,75,47,0,3.52
126,75,48,0,3.52
126,75,49,0,3.52
126,75,50,0,3.52
126,75,51,0,3.52
126,75,52,0,3.52
126,75,53,0,3.52
126,75,54,0,3.52
126,75,55,0,3.52
126,75,56,0,3.52
126,75,57,0,3.52
126,75,58,0,3.52
126,75,59,0,3.52
126,75,60,0,3.52
126,75,61,0,3.52
126,75,62,0,3.52
126,75,63,0,3.52
126,76,0,0,3.51316
126,76,1,0,3.51316
126,76,2,0,3.51316
126,76,3,0,3.51316
126,76,4,0,3.51316
126,76,5,0,3.51316
126,76,6,0,3.51316
126,76,7,0,3.51316
126,76,8,0,3.51316
126,76,9,0,3.51316
126,76,10,0,3.51316
126,76,11,0,3.51316
126,76,12,0,3.51316
126,76,13,0,3.51316
126,76,14,0,3.51316
126,76,15,0,3.51316
126,76,16,0,3.51316
126,76,17,0,3.51316
126,76,18,0,3.51316
126,76,19,0,3.51316
126,76,20,0,3.51316
126,76,21,0,3.51316
126,76,22,0,3.51316
126,76,23,0,3.51316
126,76,24,0,3.51316
126,76,25,0,3.51316
126,76,26,0,3.51316
126,76,27,0,3.51316
126,76,28,0,3.51316
126,76,29,0,3.51316
126,76,30,0,3.51316
126,76,31,0,3.51316
126,76,32,0,3.51316
126,76,33,0,3.51316
126,76,34,0,3.51316
126,76,35,0,3.51316
126,76,36,0,3.51316
126,76,37,0,3.51316
126,76,38,0,3.51316
126,76,39,267,3.51316
126,76,40,0,3.51316
126,76,41,0,3.51316
126,76,42,0,3.51316
126,76,43,0,3.51316
126,76,44,0,3.51316
126,76,45,0,3.51316
126,76,46,0,3.51316
126,76,47,0,3.51316
126,76,48,0,3.51316
126,76,49,0,3.51316
126,76,50,0,3.51316
126,76,51,0,3.51316
126,76,52,0,3.51316
126,76,53,0,3.51316
126,76,54,0,3.51316
126,76,55,0,3.51316
126,76,56,0,3.51316
126,76,57,0,3.51316
126,76,58,0,3.51316
126,76,59,0,3.51316
126,76,60,0,3.51316
126,76,61,0,3.51316
126,76,62,0,3.51316
126,76,63,0,3.51316
126,77,0,0,3.49351
126,77,1,0,3.49351
126,77,2,0,3.49351
126,77,3,0,3.49351
126,77,4,0,3.49351
126,77,5,0,3.49351
126,77,6,0,3.49351
126,77,7,0,3.49351
126,77,8,0,3.49351
126,77,9,0,3.49351
126,77,10,0,3.49351
126,77,11,0,3.49351
126,77,12,0,3.49351
126,77,13,0,3.49351
126,77,14,0,3.49351
126,77,15,0,3.49351
126,77,16,0,3.49351
126,77,17,0,3.49351
126,77,18,0,3.49351
126,77,19,0,3.49351
126,77,20,0,3.49351
126,77,21,0,3.49351
126,77,22,0,3.49351
126,77,23,0,3.49351
126,77,24,0,3.49351
126,77,25,0,3.49351
126,77,26,0,3.49351
126,77,27,0,3.49351
126,77,28,0,3.49351
126,77,29,0,3.49351
126,77,30,0,3.49351
126,77,31,0,3.49351
126,77,32,0,3.49351
126,77,33,0,3.49351
126,77,34,0,3.49351
126,77,35,0,3.49351
126,77,36,0,3.49351
126,77,37,0,3.49351
126,77,38,0,3.49351
126,77,39,269,3.49351
126,77,40,0,3.49351
126,77,41,0,3.49351
126,77,42,0,3.49351
126,77,43,0,3.49351
126,77,44,0,3.49351
126,77,45,0,3.49351
126,77,46,0,3.49351
126,77,47,0,3.49351
126,77,48,0,3.49351
126,77,49,0,3.49351
126,77,50,0,3.49351
126,77,51,0,3.49351
126,77,52,0,3.49351
126,77,53,0,3.49351
126,77,54,0,3.49351
126,77,55,0,3.49351
126,77,56,0,3.49351
126,77,57,0,3.49351
126,77,58,0,3.49351
126,77,59,0,3.49351
126,77,60,0,3.49351
126,77,61,0,3.49351
126,77,62,0,3.49351
126,77,63,0,3.49351
126,78,0,0,3.48718
126,78,1,0,3.48718
126,78,2,0,3.48718
126,78,3,0,3.48718
126,78,4,0,3.48718
126,78,5,0,3.48718
126,78,6,0,3.48718
126,78,7,0,3.48718
126,78,8,0,3.48718
126,78,9,0,3.48718
126,78,10,0,3.48718
126,78,11,0,3.48718
126,78,12,0,3.48718
126,78,13,0,3.48718
126,78,14,0,3.48718
126,78,15,0,3.48718
126,78,16,0,3.48718
126,78,17,0,3.48718
126,78,18,0,3.48718
126,78,19,0,3.48718
126,78,20,0,3.48718
126,78,21,0,3.48718
126,78,22,0,3.48718
126,78,23,0,3.48718
126,78,24,0,3.48718
126,78,25,0,3.48718
126,78,26,0,3.48718
126,78,27,0,3.48718
126,78,28,0,3.48718
126,78,29,0,3.48718
126,78,30,0,3.48718
126,78,31,0,3.48718
126,78,32,0,3.48718
126,78,33,0,3.48718
126,78,34,0,3.48718
126,78,35,0,3.48718
126,78,36,0,3.48718
126,78,37,0,3.48718
126,78,38,0,3.48718
126,78,39,272,3.48718
126,78,40,0,3.48718
126,78,41,0,3.48718
126,78,42,0,3.48718
126,78,43,0,3.48718
126,78,44,0,3.48718
126,78,45,0,3.48718
126,78,46,0,3.48718
126,78,47,0,3.48718
126,78,48,0,3.48718
126,78,49,0,3.48718
126,78,50,0,3.48718
126,78,51,0,3.48718
126,78,52,0,3.48718
126,78,53,0,3.48718
126,78,54,0,3.48718
126,78,55,0,3.48718
126,78,56,0,3.48718
126,78,57,0,3.48718
126,78,58,0,3.48718
126,78,59,0,3.48718
126,78,60,0,3.48718
126,78,61,0,3.48718
126,78,62,0,3.48718
126,78,63,0,3.48718
126,79,0,0,3.48101
126,79,1,0,3.48101
126,79,2,0,3.48101
126,79,3,0,3.48101
126,79,4,0,3.48101
126,79,5,0,3.48101
126,79,6,0,3.48101
126,79,7,0,3.48101
126,79,8,0,3.48101
126,79,9,0,3.48101
126,79,10,0,3.48101
126,79,11,0,3.48101
126,79,12,0,3.48101
126,79,13,0,3.48101
126,79,14,0,3.48101
126,79,15,0,3.48101
126,79,16,0,3.48101
126,79,17,0,3.48101
126,79,18,0,3.48101
126,79,19,0,3.48101
126,79,20,0,3.48101
126,79,21,0,3.48101
126,79,22,0,3.48101
126,79,23,0,3.48101
126,79,24,0,3.48101
126,79,25,0,3.48101
126,79,26,0,3.48101
126,79,27,0,3.48101
126,79,28,0,3.48101
126,79,29,0,3.48101
126,79,30,0,3.48101
126,79,31,0,3.48101
126,79,32,0,3.48101
126,79,33,0,3.48101
126,79,34,0,3.48101
126,79,35,0,3.48101
126,79,36,0,3.48101
126,79,37,0,3.48101
126,79,38,0,3.48101
126,79,39,275,3.48101
126,79,40,0,3.48101
126,79,41,0,3.48101
126,79,42,0,3.48101
126,79,43,0,3.48101
126,79,44,0,3.48101
126,79,45,0,3.48101
126,79,46,0,3.48101
126,79,47,0,3.48101
126,79,48,0,3.48101
126,79,49,0,3.48101
126,79,50,0,3.48101
126,79,51,0,3.48101
126,79,52,0,3.48101
126,79,53,0,3.48101
126,79,54,0,3.48101
126,79,55,0,3.48101
126,79,56,0,3.48101
126,79,57,0,3.48101
126,79,58,0,3.48101
126,79,59,0,3.48101
126,79,60,0,3.48101
126,79,61,0,3.48101
126,79,62,0,3.48101
126,79,63,0,3.48101
126,80,0,0,3.575
126,80,1,0,3.575
126,80,2,0,3.575
126,80,3,0,3.575
126,80,4,0,3.575
126,80,5,0,3.575
126,80,6,0,3.575
126,80,7,0,3.575
126,80,8,0,3.575
126,80,9,0,3.575
126,80,10,0,3.575
126,80,11,0,3.575
126,80,12,0,3.575
126,80,13,0,3.575
126,80,14,0,3.575
126,80,15,0,3.575
126,80,16,0,3.575
126,80,17,0,3.575
126,80,18,0,3.575
126,80,19,0,3.575
126,80,20,0,3.575
126,80,21,0,3.575
126,80,22,0,3.575
126,80,23,0,3.575
126,80,24,0,3.575
126,80,25,0,3.575
126,80,26,0,3.575
126,80,27,0,3.575
126,80,28,0,3.575
126,80,29,0,3.575
126,80,30,0,3.575
126,80,31,0,3.575
126,80,32,0,3.575
126,80,33,0,3.575
126,80,34,0,3.575
126,80,35,0,3.575
126,80,36,0,3.575
126,80,37,0,3.575
126,80,38,0,3.575
126,80,39,286,3.575
126,80,40,0,3.575
126,80,41,0,3.575
126,80,42,0,3.575
126,80,43,0,3.575
126,80,44,0,3.575
126,80,45,0,3.575
126,80,46,0,3.575
126,80,47,0,3.575
126,80,48,0,3.575
126,80,49,0,3.575
126,80,50,0,3.575
126,80,51,0,3.575
126,80,52,0,3.575
126,80,53,0,3.575
126,80,54,0,3.575
126,80,55,0,3.575
126,80,56,0,3.575
126,80,57,0,3.575
126,80,58,0,3.575
126,80,59,0,3.575
126,80,60,0,3.575
126,80,61,0,3.575
126,80,62,0,3.575
126,80,63,0,3.575
126,81,0,0,3.54321
126,81,1,0,3.54321
126,81,2,0,3.54321
126,81,3,0,3.54321
126,81,4,0,3.54321
126,81,5,0,3.54321
126,81,6,0,3.54321
126,81,7,0,3.54321
126,81,8,0,3.54321
126,81,9,0,3.54321
126,81,10,0,3.54321
126,81,11,0,3.54321
126,81,12,0,3.54321
126,81,13,0,3.54321
126,81,14,0,3.54321
126,81,15,0,3.54321
126,81,16,0,3.54321
126,81,17,0,3.54321
126,81,18,0,3.54321
126,81,19,0,3.54321
126,81,20,0,3.54321
126,81,21,0,3.54321
126,81,22,0,3.54321
126,81,23,0,3.54321
126,81,24,0,3.54321
126,81,25,0,3.54321
126,81,26,0,3.54321
126,81,27,0,3.54321
126,81,28,0,3.54321
126,81,29,0,3.54321
126,81,30,0,3.54321
126,81,31,0,3.54321
126,81,32,0,3.54321
126,81,33,0,3.54321
126,81,34,0,3.54321
126,81,35,0,3.54321
126,81,36,0,3.54321
126,81,37,0,3.54321
126,81,38,0,3.54321
126,81,39,287,3.54321
126,81,40,0,3.54321
126,81,41,0,3.54321
126,81,42,0,3.54321
126,81,43,0,3.54321
126,81,44,0,3.54321
126,81,45,0,3.54321
126,81,46,0,3.54321
126,81,47,0,3.54321
126,81,48,0,3.54321
126,81,49,0,3.54321
126,81,50,0,3.54321
126,81,51,0,3.54321
126,81,52,0,3.54321
126,81,53,0,3.54321
126,81,54,0,3.54321
126,81,55,0,3.54321
126,81,56,0,3.54321
126,81,57,0,3.54321
126,81,58,0,3.54321
126,81,59,0,3.54321
126,81,60,0,3.54321
126,81,61,0,3.54321
126,81,62,0,3.54321
126,81,63,0,3.54321
126,82,0,0,3.54878
126,82,1,0,3.54878
126,82,2,0,3.54878
126,82,3,0,3.54878
126,82,4,0,3.54878
126,82,5,0,3.54878
126,82,6,0,3.54878
126,82,7,0,3.54878
126,82,8,0,3.54878
126,82,9,0,3.54878
126,82,10,0,3.54878
126,82,11,0,3.54878
126,82,12,0,3.54878
126,82,13,0,3.54878
126,82,14,0,3.54878
126,82,15,0,3.54878
126,82,16,0,3.54878
126,82,17,0,3.54878
126,82,18,0,3.54878
126,82,19,0,3.54878
126,82,20,0,3.54878
126,82,21,0,3.54878
126,82,22,0,3.54878
126,82,23,0,3.54878
126,82,24,0,3.54878
126,82,25,0,3.54878
126,82,26,0,3.54878
126,82,27,0,3.54878
126,82,28,0,3.54878
126,82,29,0,3.54878
126,82,30,0,3.54878
126,82,31,0,3.54878
126,82,32,0,3.54878
126,82,33,0,3.54878
126,82,34,0,3.54878
126,82,35,0,3.54878
126,82,36,0,3.54878
126,82,37,0,3.54878
126,82,38,0,3.54878
126,82,39,291,3.54878
126,82,40,0,3.54878
126,82,41,0,3.54878
126,82,42,0,3.54878
126,82,43,0,3.54878
126,82,44,0,3.54878
126,82,45,0,3.54878
126,82,46,0,3.54878
126,82,47,0,3.54878
126,82,48,0,3.54878
126,82,49,0,3.54878
126,82,50,0,3.54878
126,82,51,0,3.54878
126,82,52,0,3.54878
126,82,53,0,3.54878
126,82,54,0,3.54878
126,82,55,0,3.54878
126,82,56,0,3.54878
126,82,57,0,3.54878
126,82,58,0,3.54878
126,82,59,0,3.54878
126,82,60,0,3.54878
126,82,61,0,3.54878
126,82,62,0,3.54878
126,82,63,0,3.54878
126,83,0,0,3.60241
126,83,1,0,3.60241
126,83,2,0,3.60241
126,83,3,0,3.60241
126,83,4,0,3.60241
126,83,5,0,3.60241
126,83,6,0,3.60241
126,83,7,0,3.60241
126,83,8,0,3.60241
126,83,9,0,3.60241
126,83,10,0,3.60241
126,83,11,0,3.60241
126,83,12,0,3.60241
126,83,13,0,3.60241
126,83,14,0,3.60241
126,83,15,0,3.60241
126,83,16,0,3.60241
126,83,17,0,3.60241
126,83,18,0,3.60241
126,83,19,0,3.60241
126,83,20,0,3.60241
126,83,21,0,3.60241
126,83,22,0,3.60241
126,83,23,0,3.60241
126,83,24,0,3.60241
126,83,25,0,3.60241
126,83,26,0,3.60241
126,83,27,0,3.60241
126,83,28,0,3.60241
126,83,29,0,3.60241
126,83,30,0,3.60241
126,83,31,0,3.60241
126,83,32,0,3.60241
126,83,33,0,3.60241
126,83,34,0,3.60241
126,83,35,0,3.60241
126,83,36,0,3.60241
126,83,37,0,3.60241
126,83,38,0,3.60241
126,83,39,299,3.60241
126,83,40,0,3.60241
126,83,41,0,3.60241
126,83,42,0,3.60241
126,83,43,0,3.60241
126,83,44,0,3.60241
126,83,45,0,3.60241
126,83,46,0,3.60241
126,83,47,0,3.60241
126,83,48,0,3.60241
126,83,49,0,3.60241
126,83,50,0,3.60241
126,83,51,0,3.60241
126,83,52,0,3.60241
126,83,53,0,3.60241
126,83,54,0,3.60241
126,83,55,0,3.60241
126,83,56,0,3.60241
126,83,57,0,3.60241
126,83,58,0,3.60241
126,83,59,0,3.60241
126,83,60,0,3.60241
126,83,61,0,3.60241
126,83,62,0,3.60241
126,83,63,0,3.60241
126,84,0,0,3.59524
126,84,1,0,3.59524
126,84,2,0,3.59524
126,84,3,0,3.59524
126,84,4,0,3.59524
126,84,5,0,3.59524
126,84,6,0,3.59524
126,84,7,0,3.59524
126,84,8,0,3.59524
126,84,9,0,3.59524
126,84,10,0,3.59524
126,84,11,0,3.59524
126,84,12,0,3.59524
126,84,13,0,3.59524
126,84,14,0,3.59524
126,84,15,0,3.59524
126,84,16,0,3.59524
126,84,17,0,3.59524
126,84,18,0,3.59524
126,84,19,0,3.59524
126,84,20,0,3.59524
126,84,21,0,3.59524
126,84,22,0,3.59524
126,84,23,0,3.59524
126,84,24,0,3.59524
126,84,25,0,3.59524
126,84,26,0,3.59524
126,84,27,0,3.59524
126,84,28,0,3.59524
126,84,29,0,3.59524
126,84,30,0,3.59524
126,84,31,0,3.59524
126,84,32,0,3.59524
126,84,33,0,3.59524
126,84,34,0,3.59524
126,84,35,0,3.59524
126,84,36,0,3.59524
126,84,37,0,3.59524
126,84,38,0,3.59524
126,84,39,302,3.59524
126,84,40,0,3.59524
126,84,41,0,3.59524
126,84,42,0,3.59524
126,84,43,0,3.59524
126,84,44,0,3.59524
126,84,45,0,3.59524
126,84,46,0,3.59524
126,84,47,0,3.59524
126,84,48,0,3.59524
126,84,49,0,3.59524
126,84,50,0,3.59524
126,84,51,0,3.59524
126,84,52,0,3.59524
126,84,53,0,3.59524
126,84,54,0,3.59524
126,84,55,0,3.59524
126,84,56,0,3.59524
126,84,57,0,3.59524
126,84,58,0,3.59524
126,84,59,0,3.59524
126,84,60,0,3.59524
126,84,61,0,3.59524
126,84,62,0,3.59524
126,84,63,0,3.59524
126,85,0,0,3.57647
126,85,1,0,3.57647
126,85,2,0,3.57647
126,85,3,0,3.57647
126,85,4,0,3.57647
126,85,5,0,3.57647
126,85,6,0,3.57647
126,85,7,0,3.57647
126,85,8,0,3.57647
126,85,9,0,3.57647
126,85,10,0,3.57647
126,85,11,0,3.57647
126,85,12,0,3.57647
126,85,13,0,3.57647
126,85,14,0,3.57647
126,85,15,0,3.57647
126,85,16,0,3.57647
126,85,17,0,3.57647
126,85,18,0,3.57647
126,85,19,0,3.57647
126,85,20,0,3.57647
126,85,21,0,3.57647
126,85,22,0,3.57647
126,85,23,0,3.57647
126,85,24,0,3.57647
126,85,25,0,3.57647
126,85,26,0,3.57647
126,85,27,0,3.57647
126,85,28,0,3.57647
126,85,29,0,3.57647
126,85,30,0,3.57647
126,85,31,0,3.57647
126,85,32,0,3.57647
126,85,33,0,3.57647
126,85,34,0,3.57647
126,85,35,0,3.57647
126,85,36,0,3.57647
126,85,37,0,3.57647
126,85,38,0,3.57647
126,85,39,304,3.57647
126,85,40,0,3.57647
126,85,41,0,3.57647
126,85,42,0,3.57647
126,85,43,0,3.57647
126,85,44,0,3.57647
126,85,45,0,3.57647
126,85,46,0,3.57647
126,85,47,0,3.57647
126,85,48,0,3.57647
126,85,49,0,3.57647
126,85,50,0,3.57647
126,85,51,0,3.57647
126,85,52,0,3.57647
126,85,53,0,3.57647
126,85,54,0,3.57647
126,85,55,0,3.57647
126,85,56,0,3.57647
126,85,57,0,3.57647
126,85,58,0,3.57647
126,85,59,0,3.57647
126,85,60,0,3.57647
126,85,61,0,3.57647
126,85,62,0,3.57647
126,85,63,0,3.57647
126,86,0,0,3.55814
126,86,1,0,3.55814
126,86,2,0,3.55814
126,86,3,0,3.55814
126,86,4,0,3.55814
126,86,5,0,3.55814
126,86,6,0,3.55814
126,86,7,0,3.55814
126,86,8,0,3.55814
126,86,9,0,3.55814
126,86,10,0,3.55814
126,86,11,0,3.55814
126,86,12,0,3.55814
126,86,13,0,3.55814
126,86,14,0,3.55814
126,86,15,0,3.55814
126,86,16,0,3.55814
126,86,17,0,3.55814
126,86,18,0,3.55814
126,86,19,0,3.55814
126,86,20,0,3.55814
126,86,21,0,3.55814
126,86,22,0,3.55814
126,86,23,0,3.55814
126,86,24,0,3.55814
126,86,25,0,3.55814
126,86,26,0,3.55814
126,86,27,0,3.55814
126,86,28,0,3.55814
126,86,29,0,3.55814
126,86,30,0,3.55814
126,86,31,0,3.55814
126,86,32,0,3.55814
126,86,33,0,3.55814
126,86,34,0,3.55814
126,86,35,0,3.55814
126,86,36,0,3.55814
126,86,37,0,3.55814
126,86,38,0,3.55814
126,86,39,306,3.55814
126,86,40,0,3.55814
126,86,41,0,3.55814
126,86,42,0,3.55814
126,86,43,0,3.55814
126,86,44,0,3.55814
126,86,45,0,3.55814
126,86,46,0,3.55814
126,86,47,0,3.55814
126,86,48,0,3.55814
126,86,49,0,3.55814
126,86,50,0,3.55814
126,86,51,0,3.55814
126,86,52,0,3.55814
126,86,53,0,3.55814
126,86,54,0,3.55814
126,86,55,0,3.55814
126,86,56,0,3.55814
126,86,57,0,3.55814
126,86,58,0,3.55814
126,86,59,0,3.55814
126,86,60,0,3.55814
126,86,61,0,3.55814
126,86,62,0,3.55814
126,86,63,0,3.55814
126,87,0,0,3.55172
126,87,1,0,3.55172
126,87,2,0,3.55172
126,87,3,0,3.55172
126,87,4,0,3.55172
126,87,5,0,3.55172
126,87,6,0,3.55172
126,87,7,0,3.55172
126,87,8,0,3.55172
126,87,9,0,3.55172
126,87,10,0,3.55172
126,87,11,0,3.55172
126,87,12,0,3.55172
126,87,13,0,3.55172
126,87,14,0,3.55172
126,87,15,0,3.55172
126,87,16,0,3.55172
126,87,17,0,3.55172
126,87,18,0,3.55172
126,87,19,0,3.55172
126,87,20,0,3.55172
126,87,21,0,3.55172
126,87,22,0,3.55172
126,87,23,0,3.55172
126,87,24,0,3.55172
126,87,25,0,3.55172
126,87,26,0,3.55172
126,87,27,0,3.55172
126,87,28,0,3.55172
126,87,29,0,3.55172
126,87,30,0,3.55172
126,87,31,0,3.55172
126,87,32,0,3.55172
126,87,33,0,3.55172
126,87,34,0,3.55172
126,87,35,0,3.55172
126,87,36,0,3.55172
126,87,37,0,3.55172
126,87,38,0,3.55172
126,87,39,309,3.55172
126,87,40,0,3.55172
126,87,41,0,3.55172
126,87,42,0,3.55172
126,87,43,0,3.55172
126,87,44,0,3.55172
126,87,45,0,3.55172
126,87,46,0,3.55172
126,87,47,0,3.55172
126,87,48,0,3.55172
126,87,49,0,3.55172
126,87,50,0,3.55172
126,87,51,0,3.55172
126,87,52,0,3.55172
126,87,53,0,3.55172
126,87,54,0,3.55172
126,87,55,0,3.55172
126,87,56,0,3.55172
126,87,57,0,3.55172
126,87,58,0,3.55172
126,87,59,0,3.55172
126,87,60,0,3.55172
126,87,61,0,3.55172
126,87,62,0,3.55172
126,87,63,0,3.55172
126,88,0,0,3.53409
126,88,1,0,3.53409
126,88,2,0,3.53409
126,88,3,0,3.53409
126,88,4,0,3.53409
126,88,5,0,3.53409
126,88,6,0,3.53409
126,88,7,0,3.53409
126,88,8,0,3.53409
126,88,9,0,3.53409
126,88,10,0,3.53409
126,88,11,0,3.53409
126,88,12,0,3.53409
126,88,13,0,3.53409
126,88,14,0,3.53409
126,88,15,0,3.53409
126,88,16,0,3.53409
126,88,17,0,3.53409
126,88,18,0,3.53409
126,88,19,0,3.53409
126,88,20,0,3.53409
126,88,21,0,3.53409
126,88,22,0,3.53409
126,88,23,0,3.53409
126,88,24,0,3.53409
126,88,25,0,3.53409
126,88,26,0,3.53409
126,88,27,0,3.53409
126,88,28,0,3.53409
126,88,29,0,3.53409
126,88,30,0,3.53409
126,88,31,0,3.53409
126,88,32,0,3.53409
126,88,33,0,3.53409
126,88,34,0,3.53409
126,88,35,0,3.53409
126,88,36,0,3.53409
126,88,37,0,3.53409
126,88,38,0,3.53409
126,88,39,311,3.53409
126,88,40,0,3.53409
126,88,41,0,3.53409
126,88,42,0,3.53409
126,88,43,0,3.53409
126,88,44,0,3.53409
126,88,45,0,3.53409
126,88,46,0,3.53409
126,88,47,0,3.53409
126,88,48,0,3.53409
126,88,49,0,3.53409
126,88,50,0,3.53409
126,88,51,0,3.53409
126,88,52,0,3.53409
126,88,53,0,3.53409
126,88,54,0,3.53409
126,88,55,0,3.53409
126,88,56,0,3.53409
126,88,57,0,3.53409
126,88,58,0,3.53409
126,88,59,0,3.53409
126,88,60,0,3.53409
126,88,61,0,3.53409
126,88,62,0,3.53409
126,88,63,0,3.53409
126,89,0,0,3.55056
126,89,1,0,3.55056
126,89,2,0,3.55056
126,89,3,0,3.55056
126,89,4,0,3.55056
126,89,5,0,3.55056
126,89,6,0,3.55056
126,89,7,0,3.55056
126,89,8,0,3.55056
126,89,9,0,3.55056
126,89,10,0,3.55056
126,89,11,0,3.55056
126,89,12,0,3.55056
126,89,13,0,3.55056
126,89,14,0,3.55056
126,89,15,0,3.55056
126,89,16,0,3.55056
126,89,17,0,3.55056
126,89,18,0,3.55056
126,89,19,0,3.55056
126,89,20,0,3.55056
126,89,21,0,3.55056
126,89,22,0,3.55056
126,89,23,0,3.55056
126,89,24,0,3.55056
126,89,25,0,3.55056
126,89,26,0,3.55056
126,89,27,0,3.55056
126,89,28,0,3.55056
126,89,29,0,3.55056
126,89,30,0,3.55056
126,89,31,0,3.55056
126,89,32,0,3.55056
126,89,33,0,3.55056
126,89,34,0,3.55056
126,89,35,0,3.55056
126,89,36,0,3.55056
126,89,37,0,3.55056
126,89,38,0,3.55056
126,89,39,316,3.55056
126,89,40,0,3.55056
126,89,41,0,3.55056
126,89,42,0,3.55056
126,89,43,0,3.55056
126,89,44,0,3.55056
126,89,45,0,3.55056
126,89,46,0,3.55056
126,89,47,0,3.55056
126,89,48,0,3.55056
126,89,49,0,3.55056
126,89,50,0,3.55056
126,89,51,0,3.55056
126,89,52,0,3.55056
126,89,53,0,3.55056
126,89,54,0,3.55056
126,89,55,0,3.55056
126,89,56,0,3.55056
126,89,57,0,3.55056
126,89,58,0,3.55056
126,89,59,0,3.55056
126,89,60,0,3.55056
126,89,61,0,3.55056
126,89,62,0,3.55056
126,89,63,0,3.55056
126,90,0,0,3.52222
126,90,1,0,3.52222
126,90,2,0,3.52222
126,90,3,0,3.52222
126,90,4,0,3.52222
126,90,5,0,3.52222
126,90,6,0,3.52222
126,90,7,0,3.52222
126,90,8,0,3.52222
126,90,9,0,3.52222
126,90,10,0,3.52222
126,90,11,0,3.52222
126,90,12,0,3.52222
126,90,13,0,3.52222
126,90,14,0,3.52222
126,90,15,0,3.52222
126,90,16,0,3.52222
126,90,17,0,3.52222
126,90,18,0,3.52222
126,90,19,0,3.52222
126,90,20,0,3.52222
126,90,21,0,3.52222
126,90,22,0,3.52222
126,90,23,0,3.52222
126,90,24,0,3.52222
126,90,25,0,3.52222
126,90,26,0,3.52222
126,90,27,0,3.52222
126,90,28,0,3.52222
126,90,29,0,3.52222
126,90,30,0,3.52222
126,90,31,0,3.52222
126,90,32,0,3.52222
126,90,33,0,3.52222
126,90,34,0,3.52222
126,90,35,0,3.52222
126,90,36,0,3.52222
126,90,37,0,3.52222
126,90,38,0,3.52222
126,90,39,317,3.52222
126,90,40,0,3.52222
126,90,41,0,3.52222
126,90,42,0,3.52222
126,90,43,0,3.52222
126,90,44,0,3.52222
126,90,45,0,3.52222
126,90,46,0,3.52222
126,90,47,0,3.52222
126,90,48,0,3.52222
126,90,49,0,3.52222
126,90,50,0,3.52222
126,90,51,0,3.52222
126,90,52,0,3.52222
126,90,53,0,3.52222
126,90,54,0,3.52222
126,90,55,0,3.52222
126,90,56,0,3.52222
126,90,57,0,3.52222
126,90,58,0,3.52222
126,90,59,0,3.52222
126,90,60,0,3.52222
126,90,61,0,3.52222
126,90,62,0,3.52222
126,90,63,0,3.52222
126,91,0,0,3.51648
126,91,1,0,3.51648
126,91,2,0,3.51648
126,91,3,0,3.51648
126,91,4,0,3.51648
126,91,5,0,3.51648
126,91,6,0,3.51648
126,91,7,0,3.51648
126,91,8,0,3.51648
126,91,9,0,3.51648
126,91,10,0,3.51648
126,91,11,0,3.51648
126,91,12,0,3.51648
126,91,13,0,3.51648
126,91,14,0,3.51648
126,91,15,0,3.51648
126,91,16,0,3.51648
126,91,17,0,3.51648
126,91,18,0,3.51648
126,91,19,0,3.51648
126,91,20,0,3.51648
126,91,21,0,3.51648
126,91,22,0,3.51648
126,91,23,0,3.51648
126,91,24,0,3.51648
126,91,25,0,3.51648
126,91,26,0,3.51648
126,91,27,0,3.51648
126,91,28,0,3.51648
126,91,29,0,3.51648
126,91,30,0,3.51648
126,91,31,0,3.51648
126,91,32,0,3.51648
126,91,33,0,3.51648
126,91,34,0,3.51648
126,91,35,0,3.51648
126,91,36,0,3.51648
126,91,37,0,3.51648
126,91,38,0,3.51648
126,91,39,320,3.51648
126,91,40,0,3.51648
126,91,41,0,3.51648
126,91,42,0,3.51648
126,91,43,0,3.51648
126,91,44,0,3.51648
126,91,45,0,3.51648
126,91,46,0,3.51648
126,91,47,0,3.51648
126,91,48,0,3.51648
126,91,49,0,3.51648
126,91,50,0,3.51648
126,91,51,0,3.51648
126,91,52,0,3.51648
126,91,53,0,3.51648
126,91,54,0,3.51648
126,91,55,0,3.51648
126,91,56,0,3.51648
126,91,57,0,3.51648
126,91,58,0,3.51648
126,91,59,0,3.51648
126,91,60,0,3.51648
126,91,61,0,3.51648
126,91,62,0,3.51648
126,91,63,0,3.51648
126,92,0,0,3.56522
126,92,1,0,3.56522
126,92,2,0,3.56522
126,92,3,0,3.56522
126,92,4,0,3.56522
126,92,5,0,3.56522
126,92,6,0,3.56522
126,92,7,0,3.56522
126,92,8,0,3.56522
126,92,9,0,3.56522
126,92,10,0,3.56522
126,92,11,0,3.56522
126,92,12,0,3.56522
126,92,13,0,3.56522
126,92,14,0,3.56522
126,92,15,0,3.56522
126,92,16,0,3.56522
126,92,17,0,3.56522
126,92,18,0,3.56522
126,92,19,0,3.56522
126,92,20,0,3.56522
126,92,21,0,3.56522
126,92,22,0,3.56522
126,92,23,0,3.56522
126,92,24,0,3.56522
126,92,25,0,3.56522
126,92,26,0,3.56522
126,92,27,0,3.56522
126,92,28,0,3.56522
126,92,29,0,3.56522
126,92,30,0,3.56522
126,92,31,0,3.56522
126,92,32,0,3.56522
126,92,33,0,3.56522
126,92,34,0,3.56522
126,92,35,0,3.56522
126,92,36,0,3.56522
126,92,37,0,3.56522
126,92,38,0,3.56522
126,92,39,328,3.56522
126,92,40,0,3.56522
126,92,41,0,3.56522
126,92,42,0,3.56522
126,92,43,0,3.56522
126,92,44,0,3.56522
126,92,45,0,3.56522
126,92,46,0,3.56522
126,92,47,0,3.56522
126,92,48,0,3.56522
126,92,49,0,3.56522
126,92,50,0,3.56522
126,92,51,0,3.56522
126,92,52,0,3.56522
126,92,53,0,3.56522
126,92,54,0,3.56522
126,92,55,0,3.56522
126,92,56,0,3.56522
126,92,57,0,3.56522
126,92,58,0,3.56522
126,92,59,0,3.56522
126,92,60,0,3.56522
126,92,61,0,3.56522
126,92,62,0,3.56522
126,92,63,0,3.56522
126,93,0,0,3.55914
126,93,1,0,3.55914
126,93,2,0,3.55914
126,93,3,0,3.55914
126,93,4,0,3.55914
126,93,5,0,3.55914
126,93,6,0,3.55914
126,93,7,0,3.55914
126,93,8,0,3.55914
126,93,9,0,3.55914
126,93,10,0,3.55914
126,93,11,0,3.55914
126,93,12,0,3.55914
126,93,13,0,3.55914
126,93,14,0,3.55914
126,93,15,0,3.55914
126,93,16,0,3.55914
126,93,17,0,3.55914
126,93,18,0,3.55914
126,93,19,0,3.55914
126,93,20,0,3.55914
126,93,21,0,3.55914
126,93,22,0,3.55914
126,93,23,0,3.55914
126,93,24,0,3.55914
126,93,25,0,3.55914
126,93,26,0,3.55914
126,93,27,0,3.55914
126,93,28,0,3.55914
126,93,29,0,3.55914
126,93,30,0,3.55914
126,93,31,0,3.55914
126,93,32,0,3.55914
126,93,33,0,3.55914
126,93,34,0,3.55914
126,93,35,0,3.55914
126,93,36,0,3.55914
126,93,37,0,3.55914
126,93,38,0,3.55914
126,93,39,331,3.55914
126,93,40,0,3.55914
126,93,41,0,3.55914
126,93,42,0,3.55914
126,93,43,0,3.55914
126,93,44,0,3.55914
126,93,45,0,3.55914
126,93,46,0,3.55914
126,93,47,0,3.55914
126,93,48,0,3.55914
126,93,49,0,3.55914
126,93,50,0,3.55914
126,93,51,0,3.55914
126,93,52,0,3.55914
126,93,53,0,3.55914
126,93,54,0,3.55914
126,93,55,0,3.55914
126,93,56,0,3.55914
126,93,57,0,3.55914
126,93,58,0,3.55914
126,93,59,0,3.55914
126,93,60,0,3.55914
126,93,61,0,3.55914
126,93,62,0,3.55914
126,93,63,0,3.55914
126,94,0,0,3.54255
126,94,1,0,3.54255
126,94,2,0,3.54255
126,94,3,0,3.54255
126,94,4,0,3.54255
126,94,5,0,3.54255
126,94,6,0,3.54255
126,94,7,0,3.54255
126,94,8,0,3.54255
126,94,9,0,3.54255
126,94,10,0,3.54255
126,94,11,0,3.54255
126,94,12,0,3.54255
126,94,13,0,3.54255
126,94,14,0,3.54255
126,94,15,0,3.54255
126,94,16,0,3.54255
126,94,17,0,3.54255
126,94,18,0,3.54255
126,94,19,0,3.54255
126,94,20,0,3.54255
126,94,21,0,3.54255
126,94,22,0,3.54255
126,94,23,0,3.54255
126,94,24,0,3.54255
126,94,25,0,3.54255
126,94,26,0,3.54255
126,94,27,0,3.54255
126,94,28,0,3.54255
126,94,29,0,3.54255
126,94,30,0,3.54255
126,94,31,0,3.54255
126,94,32,0,3.54255
126,94,33,0,3.54255
126,94,34,0,3.54255
126,94,35,0,3.54255
126,94,36,0,3.54255
126,94,37,0,3.54255
126,94,38,0,3.54255
126,94,39,333,3.54255
126,94,40,0,3.54255
126,94,41,0,3.54255
126,94,42,0,3.54255
126,94,43,0,3.54255
126,94,44,0,3.54255
126,94,45,0,3.54255
126,94,46,0,3.54255
126,94,47,0,3.54255
126,94,48,0,3.54255
126,94,49,0,3.54255
126,94,50,0,3.54255
126,94,51,0,3.54255
126,94,52,0,3.54255
126,94,53,0,3.54255
126,94,54,0,3.54255
126,94,55,0,3.54255
126,94,56,0,3.54255
126,94,57,0,3.54255
126,94,58,0,3.54255
126,94,59,0,3.54255
126,94,60,0,3.54255
126,94,61,0,3.54255
126,94,62,0,3.54255
126,94,63,0,3.54255
126,95,0,0,3.53684
126,95,1,0,3.53684
126,95,2,0,3.53684
126,95,3,0,3.53684
126,95,4,0,3.53684
126,95,5,0,3.53684
126,95,6,0,3.53684
126,95,7,0,3.53684
126,95,8,0,3.53684
126,95,9,0,3.53684
126,95,10,0,3.53684
126,95,11,0,3.53684
126,95,12,0,3.53684
126,95,13,0,3.53684
126,95,14,0,3.53684
126,95,15,0,3.53684
126,95,16,0,3.53684
126,95,17,0,3.53684
126,95,18,0,3.53684
126,95,19,0,3.53684
126,95,20,0,3.53684
126,95,21,0,3.53684
126,95,22,0,3.53684
126,95,23,0,3.53684
126,95,24,0,3.53684
126,95,25,0,3.53684
126,95,26,0,3.53684
126,95,27,0,3.53684
126,95,28,0,3.53684
126,95,29,0,3.53684
126,95,30,0,3.53684
126,95,31,0,3.53684
126,95,32,0,3.53684
126,95,33,0,3.53684
126,95,34,0,3.53684
126,95,35,0,3.53684
126,95,36,0,3.53684
126,95,37,0,3.53684
126,95,38,0,3.53684
126,95,39,336,3.53684
126,95,40,0,3.53684
126,95,41,0,3.53684
126,95,42,0,3.53684
126,95,43,0,3.53684
126,95,44,0,3.53684
126,95,45,0,3.53684
126,95,46,0,3.53684
126,95,47,0,3.53684
126,95,48,0,3.53684
126,95,49,0,3.53684
126,95,50,0,3.53684
126,95,51,0,3.53684
126,95,52,0,3.53684
126,95,53,0,3.53684
126,95,54,0,3.53684
126,95,55,0,3.53684
126,95,56,0,3.53684
126,95,57,0,3.53684
126,95,58,0,3.53684
126,95,59,0,3.53684
126,95,60,0,3.53684
126,95,61,0,3.53684
126,95,62,0,3.53684
126,95,63,0,3.53684
126,96,0,0,3.51042
126,96,1,0,3.51042
126,96,2,0,3.51042
126,96,3,0,3.51042
126,96,4,0,3.51042
126,96,5,0,3.51042
126,96,6,0,3.51042
126,96,7,0,3.51042
126,96,8,0,3.51042
126,96,9,0,3.51042
126,96,10,0,3.51042
126,96,11,0,3.51042
126,96,12,0,3.51042
126,96,13,0,3.51042
126,96,14,0,3.51042
126,96,15,0,3.51042
126,96,16,0,3.51042
126,96,17,0,3.51042
126,96,18,0,3.51042
126,96,19,0,3.51042
126,96,20,0,3.51042
126,96,21,0,3.51042
126,96,22,0,3.51042
126,96,23,0,3.51042
126,96,24,0,3.51042
126,96,25,0,3.51042
126,96,26,0,3.51042
126,96,27,0,3.51042
126,96,28,0,3.51042
126,96,29,0,3.51042
126,96,30,0,3.51042
126,96,31,0,3.51042
126,96,32,0,3.51042
126,96,33,0,3.51042
126,96,34,0,3.51042
126,96,35,0,3.51042
126,96,36,0,3.51042
126,96,37,0,3.51042
126,96,38,0,3.51042
126,96,39,337,3.51042
126,96,40,0,3.51042
126,96,41,0,3.51042
126,96,42,0,3.51042
126,96,43,0,3.51042
126,96,44,0,3.51042
126,96,45,0,3.51042
126,96,46,0,3.51042
126,96,47,0,3.51042
126,96,48,0,3.51042
126,96,49,0,3.51042
126,96,50,0,3.51042
126,96,51,0,3.51042
126,96,52,0,3.51042
126,96,53,0,3.51042
126,96,54,0,3.51042
126,96,55,0,3.51042
126,96,56,0,3.51042
126,96,57,0,3.51042
126,96,58,0,3.51042
126,96,59,0,3.51042
126,96,60,0,3.51042
126,96,61,0,3.51042
126,96,62,0,3.51042
126,96,63,0,3.51042
126,97,0,0,3.56701
126,97,1,0,3.56701
126,97,2,0,3.56701
126,97,3,0,3.56701
126,97,4,0,3.56701
126,97,5,0,3.56701
126,97,6,0,3.56701
126,97,7,0,3.56701
126,97,8,0,3.56701
126,97,9,0,3.56701
126,97,10,0,3.56701
126,97,11,0,3.56701
126,97,12,0,3.56701
126,97,13,0,3.56701
126,97,14,0,3.56701
126,97,15,0,3.56701
126,97,16,0,3.56701
126,97,17,0,3.56701
126,97,18,0,3.56701
126,97,19,0,3.56701
126,97,20,0,3.56701
126,97,21,0,3.56701
126,97,22,0,3.56701
126,97,23,0,3.56701
126,97,24,0,3.56701
126,97,25,0,3.56701
126,97,26,0,3.56701
126,97,27,0,3.56701
126,97,28,0,3.56701
126,97,29,0,3.56701
126,97,30,0,3.56701
126,97,31,0,3.56701
126,97,32,0,3.56701
126,97,33,0,3.56701
126,97,34,0,3.56701
126,97,35,0,3.56701
126,97,36,0,3.56701
126,97,37,0,3.56701
126,97,38,0,3.56701
126,97,39,346,3.56701
126,97,40,0,3.56701
126,97,41,0,3.56701
126,97,42,0,3.56701
126,97,43,0,3.56701
126,97,44,0,3.56701
126,97,45,0,3.56701
126,97,46,0,3.56701
126,97,47,0,3.56701
126,97,48,0,3.56701
126,97,49,0,3.56701
126,97,50,0,3.56701
126,97,51,0,3.56701
126,97,52,0,3.56701
126,97,53,0,3.56701
126,97,54,0,3.56701
126,97,55,0,3.56701
126,97,56,0,3.56701
126,97,57,0,3.56701
126,97,58,0,3.56701
126,97,59,0,3.56701
126,97,60,0,3.56701
126,97,61,0,3.56701
126,97,62,0,3.56701
126,97,63,0,3.56701
126,98,0,0,3.55102
126,98,1,0,3.55102
126,98,2,0,3.55102
126,98,3,0,3.55102
126,98,4,0,3.55102
126,98,5,0,3.55102
126,98,6,0,3.55102
126,98,7,0,3.55102
126,98,8,0,3.55102
126,98,9,0,3.55102
126,98,10,0,3.55102
126,98,11,0,3.55102
126,98,12,0,3.55102
126,98,13,0,3.55102
126,98,14,0,3.55102
126,98,15,0,3.55102
126,98,16,0,3.55102
126,98,17,0,3.55102
126,98,18,0,3.55102
126,98,19,0,3.55102
126,98,20,0,3.55102
126,98,21,0,3.55102
126,98,22,0,3.55102
126,98,23,0,3.55102
126,98,24,0,3.55102
126,98,25,0,3.55102
126,98,26,0,3.55102
126,98,27,0,3.55102
126,98,28,0,3.55102
126,98,29,0,3.55102
126,98,30,0,3.55102
126,98,31,0,3.55102
126,98,32,0,3.55102
126,98,33,0,3.55102
126,98,34,0,3.55102
126,98,35,0,3.55102
126,98,36,0,3.55102
126,98,37,0,3.55102
126,98,38,0,3.55102
126,98,39,348,3.55102
126,98,40,0,3.55102
126,98,41,0,3.55102
126,98,42,0,3.55102
126,98,43,0,3.55102
126,98,44,0,3.55102
126,98,45,0,3.55102
126,98,46,0,3.55102
126,98,47,0,3.55102
126,98,48,0,3.55102
126,98,49,0,3.55102
126,98,50,0,3.55102
126,98,51,0,3.55102
126,98,52,0,3.55102
126,98,53,0,3.55102
126,98,54,0,3.55102
126,98,55,0,3.55102
126,98,56,0,3.55102
126,98,57,0,3.55102
126,98,58,0,3.55102
126,98,59,0,3.55102
126,98,60,0,3.55102
126,98,61,0,3.55102
126,98,62,0,3.55102
126,98,63,0,3.55102
126,99,0,0,3.53535
126,99,1,0,3.53535
126,99,2,0,3.53535
126,99,3,0,3.53535
126,99,4,0,3.53535
126,99,5,0,3.53535
126,99,6,0,3.53535
126,99,7,0,3.53535
126,99,8,0,3.53535
126,99,9,0,3.53535
126,99,10,0,3.53535
126,99,11,0,3.53535
126,99,12,0,3.53535
126,99,13,0,3.53535
126,99,14,0,3.53535
126,99,15,0,3.53535
126,99,16,0,3.53535
126,99,17,0,3.53535
126,99,18,0,3.53535
126,99,19,0,3.53535
126,99,20,0,3.53535
126,99,21,0,3.53535
126,99,22,0,3.53535
126,99,23,0,3.53535
126,99,24,0,3.53535
126,99,25,0,3.53535
126,99,26,0,3.53535
126,99,27,0,3.53535
126,99,28,0,3.53535
126,99,29,0,3.53535
126,99,30,0,3.53535
126,99,31,0,3.53535
126,99,32,0,3.53535
126,99,33,0,3.53535
126,99,34,0,3.53535
126,99,35,0,3.53535
126,99,36,0,3.53535
126,99,37,0,3.53535
126,99,38,0,3.53535
126,99,39,350,3.53535
126,99,40,0,3.53535
126,99,41,0,3.53535
126,99,42,0,3.53535
126,99,43,0,3.53535
126,99,44,0,3.53535
126,99,45,0,3.53535
126,99,46,0,3.53535
126,99,47,0,3.53535
126,99,48,0,3.53535
126,99,49,0,3.53535
126,99,50,0,3.53535
126,99,51,0,3.53535
126,99,52,0,3.53535
126,99,53,0,3.53535
126,99,54,0,3.53535
126,99,55,0,3.53535
126,99,56,0,3.53535
126,99,57,0,3.53535
126,99,58,0,3.53535
126,99,59,0,3.53535
126,99,60,0,3.53535
126,99,61,0,3.53535
126,99,62,0,3.53535
126,99,63,0,3.53535
126,100,0,0,3.54
126,100,1,0,3.54
126,100,2,0,3.54
126,100,3,0,3.54
126,100,4,0,3.54
126,100,5,0,3.54
126,100,6,0,3.54
126,100,7,0,3.54
126,100,8,0,3.54
126,100,9,0,3.54
126,100,10,0,3.54
126,100,11,0,3.54
126,100,12,0,3.54
126,100,13,0,3.54
126,100,14,0,3.54
126,100,15,0,3.54
126,100,16,0,3.54
126,100,17,0,3.54
126,100,18,0,3.54
126,100,19,0,3.54
126,100,20,0,3.54
126,100,21,0,3.54
126,100,22,0,3.54
126,100,23,0,3.54
126,100,24,0,3.54
126,100,25,0,3.54
126,100,26,0,3.54
126,100,27,0,3.54
126,100,28,0,3.54
126,100,29,0,3.54
126,100,30,0,3.54
126,100,31,0,3.54
126,100,32,0,3.54
126,100,33,0,3.54
126,100,34,0,3.54
126,100,35,0,3.54
126,100,36,0,3.54
126,100,37,0,3.54
126,100,38,0,3.54
126,100,39,354,3.54
126,100,40,0,3.54
126,100,41,0,3.54
126,100,42,0,3.54
126,100,43,0,3.54
126,100,44,0,3.54
126,100,45,0,3.54
126,100,46,0,3.54
126,100,47,0,3.54
126,100,48,0,3.54
126,100,49,0,3.54
126,100,50,0,3.54
126,100,51,0,3.54
126,100,52,0,3.54
126,100,53,0,3.54
126,100,54,0,3.54
126,100,55,0,3.54
126,100,56,0,3.54
126,100,57,0,3.54
126,100,58,0,3.54
126,100,59,0,3.54
126,100,60,0,3.54
126,100,61,0,3.54
126,100,62,0,3.54
126,100,63,0,3.54
135,1,0,0,6
135,1,1,0,6
135,1,2,0,6
135,1,3,0,6
135,1,4,0,6
135,1,5,0,6
135,1,6,0,6
135,1,7,0,6
135,1,8,0,6
135,1,9,0,6
135,1,10,0,6
135,1,11,0,6
135,1,12,0,6
135,1,13,0,6
135,1,14,0,6
135,1,15,0,6
135,1,16,0,6
135,1,17,0,6
135,1,18,0,6
135,1,19,0,6
135,1,20,0,6
135,1,21,0,6
135,1,22,0,6
135,1,23,0,6
135,1,24,0,6
135,1,25,0,6
135,1,26,0,6
135,1,27,0,6
135,1,28,0,6
135,1,29,0,6
135,1,30,0,6
135,1,31,0,6
135,1,32,0,6
135,1,33,0,6
135,1,34,6,6
135,1,35,0,6
135,1,36,0,6
135,1,37,0,6
135,1,38,0,6
135,1,39,0,6
135,1,40,0,6
135,1,41,0,6
135,1,42,0,6
135,1,43,0,6
135,1,44,0,6
135,1,45,0,6
135,1,46,0,6
135,1,47,0,6
135,1,48,0,6
135,1,49,0,6
135,1,50,0,6
135,1,51,0,6
135,1,52,0,6
135,1,53,0,6
135,1,54,0,6
135,1,55,0,6
135,1,56,0,6
135,1,57,0,6
135,1,58,0,6
135,1,59,0,6
135,1,60,0,6
135,1,61,0,6
135,1,62,0,6
135,1,63,0,6
135,2,0,0,6
135,2,1,0,6
135,2,2,0,6
135,2,3,0,6
135,2,4,0,6
135,2,5,0,6
135,2,6,0,6
135,2,7,0,6
135,2,8,0,6
135,2,9,0,6
135,2,10,0,6
135,2,11,0,6
135,2,12,0,6
135,2,13,0,6
135,2,14,0,6
135,2,15,0,6
135,2,16,0,6
135,2,17,0,6
135,2,18,0,6
135,2,19,0,6
135,2,20,0,6
135,2,21,0,6
135,2,22,0,6
135,2,23,0,6
135,2,24,0,6
135,2,25,0,6
135,2,26,0,6
135,2,27,0,6
135,2,28,0,6
135,2,29,0,6
135,2,30,0,6
135,2,31,0,6
135,2,32,0,6
135,2,33,0,6
135,2,34,12,6
135,2,35,0,6
135,2,36,0,6
135,2,37,0,6
135,2,38,0,6
135,2,39,0,6
135,2,40,0,6
135,2,41,0,6
135,2,42,0,6
135,2,43,0,6
135,2,44,0,6
135,2,45,0,6
135,2,46,0,6
135,2,47,0,6
135,2,48,0,6
135,2,49,0,6
135,2,50,0,6
135,2,51,0,6
135,2,52,0,6
135,2,53,0,6
135,2,54,0,6
135,2,55,0,6
135,2,56,0,6
135,2,57,0,6
135,2,58,0,6
135,2,59,0,6
135,2,60,0,6
135,2,61,0,6
135,2,62,0,6
135,2,63,0,6
135,3,0,0,6.66667
135,3,1,0,6.66667
135,3,2,0,6.66667
135,3,3,0,6.66667
135,3,4,0,6.66667
135,3,5,0,6.66667
135,3,6,0,6.66667
135,3,7,0,6.66667
135,3,8,0,6.66667
135,3,9,0,6.66667
135,3,10,0,6.66667
135,3,11,0,6.66667
135,3,12,0,6.66667
135,3,13,0,6.66667
135,3,14,0,6.66667
135,3,15,0,6.66667
135,3,16,0,6.66667
135,3,17,0,6.66667
135,3,18,0,6.66667
135,3,19,0,6.66667
135,3,20,0,6.66667
135,3,21,0,6.66667
135,3,22,0,6.66667
135,3,23,0,6.66667
135,3,24,0,6.66667
135,3,25,0,6.66667
135,3,26,0,6.66667
135,3,27,0,6.66667
135,3,28,0,6.66667
135,3,29,0,6.66667
135,3,30,0,6.66667
135,3,31,0,6.66667
135,3,32,0,6.66667
135,3,33,0,6.66667
135,3,34,20,6.66667
135,3,35,0,6.66667
135,3,36,0,6.66667
135,3,37,0,6.66667
135,3,38,0,6.66667
135,3,39,0,6.66667
135,3,40,0,6.66667
135,3,41,0,6.66667
135,3,42,0,6.66667
135,3,43,0,6.66667
135,3,44,0,6.66667
135,3,45,0,6.66667
135,3,46,0,6.66667
135,3,47,0,6.66667
135,3,48,0,6.66667
135,3,49,0,6.66667
135,3,50,0,6.66667
135,3,51,0,6.66667
135,3,52,0,6.66667
135,3,53,0,6.66667
135,3,54,0,6.66667
135,3,55,0,6.66667
135,3,56,0,6.66667
135,3,57,0,6.66667
135,3,58,0,6.66667
135,3,59,0,6.66667
135,3,60,0,6.66667
135,3,61,0,6.66667
135,3,62,0,6.66667
135,3,63,0,6.66667
135,4,0,0,5.25
135,4,1,0,5.25
135,4,2,0,5.25
135,4,3,0,5.25
135,4,4,0,5.25
135,4,5,0,5.25
135,4,6,0,5.25
135,4,7,0,5.25
135,4,8,0,5.25
135,4,9,0,5.25
135,4,10,0,5.25
135,4,11,0,5.25
135,4,12,0,5.25
135,4,13,0,5.25
135,4,14,0,5.25
135,4,15,0,5.25
135,4,16,0,5.25
135,4,17,0,5.25
135,4,18,0,5.25
135,4,19,0,5.25
135,4,20,0,5.25
135,4,21,0,5.25
135,4,22,0,5.25
135,4,23,0,5.25
135,4,24,0,5.25
135,4,25,0,5.25
135,4,26,0,5.25
135,4,27,0,5.25
135,4,28,0,5.25
135,4,29,0,5.25
135,4,30,0,5.25
135,4,31,0,5.25
135,4,32,0,5.25
135,4,33,0,5.25
135,4,34,21,5.25
135,4,35,0,5.25
135,4,36,0,5.25
135,4,37,0,5.25
135,4,38,0,5.25
135,4,39,0,5.25
135,4,40,0,5.25
135,4,41,0,5.25
135,4,42,0,5.25
135,4,43,0,5.25
135,4,44,0,5.25
135,4,45,0,5.25
135,4,46,0,5.25
135,4,47,0,5.25
135,4,48,0,5.25
135,4,49,0,5.25
135,4,50,0,5.25
135,4,51,0,5.25
135,4,52,0,5.25
135,4,53,0,5.25
135,4,54,0,5.25
135,4,55,0,5.25
135,4,56,0,5.25
135,4,57,0,5.25
135,4,58,0,5.25
135,4,59,0,5.25
135,4,60,0,5.25
135,4,61,0,5.25
135,4,62,0,5.25
135,4,63,0,5.25
135,5,0,0,4.4
135,5,1,0,4.4
135,5,2,0,4.4
135,5,3,0,4.4
135,5,4,0,4.4
135,5,5,0,4.4
135,5,6,0,4.4
135,5,7,0,4.4
135,5,8,0,4.4
135,5,9,0,4.4
135,5,10,0,4.4
135,5,11,0,4.4
135,5,12,0,4.4
135,5,13,0,4.4
135,5,14,0,4.4
135,5,15,0,4.4
135,5,16,0,4.4
135,5,17,0,4.4
135,5,18,0,4.4
135,5,19,0,4.4
135,5,20,0,4.4
135,5,21,0,4.4
135,5,22,0,4.4
135,5,23,0,4.4
135,5,24,0,4.4
135,5,25,0,4.4
135,5,26,0,4.4
135,5,27,0,4.4
135,5,28,0,4.4
135,5,29,0,4.4
135,5,30,0,4.4
135,5,31,0,4.4
135,5,32,0,4.4
135,5,33,0,4.4
135,5,34,22,4.4
135,5,35,0,4.4
135,5,36,0,4.4
135,5,37,0,4.4
135,5,38,0,4.4
135,5,39,0,4.4
135,5,40,0,4.4
135,5,41,0,4.4
135,5,42,0,4.4
135,5,43,0,4.4
135,5,44,0,4.4
135,5,45,0,4.4
135,5,46,0,4.4
135,5,47,0,4.4
135,5,48,0,4.4
135,5,49,0,4.4
135,5,50,0,4.4
135,5,51,0,4.4
135,5,52,0,4.4
135,5,53,0,4.4
135,5,54,0,4.4
135,5,55,0,4.4
135,5,56,0,4.4
135,5,57,0,4.4
135,5,58,0,4.4
135,5,59,0,4.4
135,5,60,0,4.4
135,5,61,0,4.4
135,5,62,0,4.4
135,5,63,0,4.4
135,6,0,0,5
135,6,1,0,5
135,6,2,0,5
135,6,3,0,5
135,6,4,0,5
135,6,5,0,5
135,6,6,0,5
135,6,7,0,5
135,6,8,0,5
135,6,9,0,5
135,6,10,0,5
135,6,11,0,5
135,6,12,0,5
135,6,13,0,5
135,6,14,0,5
135,6,15,0,5
135,6,16,0,5
135,6,17,0,5
135,6,18,0,5
135,6,19,0,5
135,6,20,0,5
135,6,21,0,5
135,6,22,0,5
135,6,23,0,5
135,6,24,0,5
135,6,25,0,5
135,6,26,0,5
135,6,27,0,5
135,6,28,0,5
135,6,29,0,5
135,6,30,0,5
135,6,31,0,5
135,6,32,0,5
135,6,33,0,5
135,6,34,30,5
135,6,35,0,5
135,6,36,0,5
135,6,37,0,5
135,6,38,0,5
135,6,39,0,5
135,6,40,0,5
135,6,41,0,5
135,6,42,0,5
135,6,43,0,5
135,6,44,0,5
135,6,45,0,5
135,6,46,0,5
135,6,47,0,5
135,6,48,0,5
135,6,49,0,5
135,6,50,0,5
135,6,51,0,5
135,6,52,0,5
135,6,53,0,5
135,6,54,0,5
135,6,55,0,5
135,6,56,0,5
135,6,57,0,5
135,6,58,0,5
135,6,59,0,5
135,6,60,0,5
135,6,61,0,5
135,6,62,0,5
135,6,63,0,5
135,7,0,0,5.85714
135,7,1,0,5.85714
135,7,2,0,5.85714
135,7,3,0,5.85714
135,7,4,0,5.85714
135,7,5,0,5.85714
135,7,6,0,5.85714
135,7,7,0,5.85714
135,7,8,0,5.85714
135,7,9,0,5.85714
135,7,10,0,5.85714
135,7,11,0,5.85714
135,7,12,0,5.85714
135,7,13,0,5.85714
135,7,14,0,5.85714
135,7,15,0,5.85714
135,7,16,0,5.85714
135,7,17,0,5.85714
135,7,18,0,5.85714
135,7,19,0,5.85714
135,7,20,0,5.85714
135,7,21,0,5.85714
135,7,22,0,5.85714
135,7,23,0,5.85714
135,7,24,0,5.85714
135,7,25,0,5.85714
135,7,26,0,5.85714
135,7,27,0,5.85714
135,7,28,0,5.85714
135,7,29,0,5.85714
135,7,30,0,5.85714
135,7,31,0,5.85714
135,7,32,0,5.85714
135,7,33,0,5.85714
135,7,34,41,5.85714
135,7,35,0,5.85714
135,7,36,0,5.85714
135,7,37,0,5.85714
135,7,38,0,5.85714
135,7,39,0,5.85714
135,7,40,0,5.85714
135,7,41,0,5.85714
135,7,42,0,5.85714
135,7,43,0,5.85714
135,7,44,0,5.85714
135,7,45,0,5.85714
135,7,46,0,5.85714
135,7,47,0,5.85714
135,7,48,0,5.85714
135,7,49,0,5.85714
135,7,50,0,5.85714
135,7,51,0,5.85714
135,7,52,0,5.85714
135,7,53,0,5.85714
135,7,54,0,5.85714
135,7,55,0,5.85714
135,7,56,0,5.85714
135,7,57,0,5.85714
135,7,58,0,5.85714
135,7,59,0,5.85714
135,7,60,0,5.85714
135,7,61,0,5.85714
135,7,62,0,5.85714
135,7,63,0,5.85714
135,8,0,0,5.375
135,8,1,0,5.375
135,8,2,0,5.375
135,8,3,0,5.375
135,8,4,0,5.375
135,8,5,0,5.375
135,8,6,0,5.375
135,8,7,0,5.375
135,8,8,0,5.375
135,8,9,0,5.375
135,8,10,0,5.375
135,8,11,0,5.375
135,8,12,0,5.375
135,8,13,0,5.375
135,8,14,0,5.375
135,8,15,0,5.375
135,8,16,0,5.375
135,8,17,0,5.375
135,8,18,0,5.375
135,8,19,0,5.375
135,8,20,0,5.375
135,8,21,0,5.375
135,8,22,0,5.375
135,8,23,0,5.375
135,8,24,0,5.375
135,8,25,0,5.375
135,8,26,0,5.375
135,8,27,0,5.375
135,8,28,0,5.375
135,8,29,0,5.375
135,8,30,0,5.375
135,8,31,0,5.375
135,8,32,0,5.375
135,8,33,0,5.375
135,8,34,43,5.375
135,8,35,0,5.375
135,8,36,0,5.375
135,8,37,0,5.375
135,8,38,0,5.375
135,8,39,0,5.375
135,8,40,0,5.375
135,8,41,0,5.375
135,8,42,0,5.375
135,8,43,0,5.375
135,8,44,0,5.375
135,8,45,0,5.375
135,8,46,0,5.375
135,8,47,0,5.375
135,8,48,0,5.375
135,8,49,0,5.375
135,8,50,0,5.375
135,8,51,0,5.375
135,8,52,0,5.375
135,8,53,0,5.375
135,8,54,0,5.375
135,8,55,0,5.375
135,8,56,0,5.375
135,8,57,0,5.375
135,8,58,0,5.375
135,8,59,0,5.375
135,8,60,0,5.375
135,8,61,0,5.375
135,8,62,0,5.375
135,8,63,0,5.375
135,9,0,0,5.77778
135,9,1,0,5.77778
135,9,2,0,5.77778
135,9,3,0,5.77778
135,9,4,0,5.77778
135,9,5,0,5.77778
135,9,6,0,5.77778
135,9,7,0,5.77778
135,9,8,0,5.77778
135,9,9,0,5.77778
135,9,10,0,5.77778
135,9,11,0,5.77778
135,9,12,0,5.77778
135,9,13,0,5.77778
135,9,14,0,5.77778
135,9,15,0,5.77778
135,9,16,0,5.77778
135,9,17,0,5.77778
135,9,18,0,5.77778
135,9,19,0,5.77778
135,9,20,0,5.77778
135,9,21,0,5.77778
135,9,22,0,5.77778
135,9,23,0,5.77778
135,9,24,0,5.77778
135,9,25,0,5.77778
135,9,26,0,5.77778
135,9,27,0,5.77778
135,9,28,0,5.77778
135,9,29,0,5.77778
135,9,30,0,5.77778
135,9,31,0,5.77778
135,9,32,0,5.77778
135,9,33,0,5.77778
135,9,34,52,5.77778
135,9,35,0,5.77778
135,9,36,0,5.77778
135,9,37,0,5.77778
135,9,38,0,5.77778
135,9,39,0,5.77778
135,9,40,0,5.77778
135,9,41,0,5.77778
135,9,42,0,5.77778
135,9,43,0,5.77778
135,9,44,0,5.77778
135,9,45,0,5.77778
135,9,46,0,5.77778
135,9,47,0,5.77778
135,9,48,0,5.77778
135,9,49,0,5.77778
135,9,50,0,5.77778
135,9,51,0,5.77778
135,9,52,0,5.77778
135,9,53,0,5.77778
135,9,54,0,5.77778
135,9,55,0,5.77778
135,9,56,0,5.77778
135,9,57,0,5.77778
135,9,58,0,5.77778
135,9,59,0,5.77778
135,9,60,0,5.77778
135,9,61,0,5.77778
135,9,62,0,5.77778
135,9,63,0,5.77778
135,10,0,0,6
135,10,1,0,6
135,10,2,0,6
135,10,3,0,6
135,10,4,0,6
135,10,5,0,6
135,10,6,0,6
135,10,7,0,6
135,10,8,0,6
135,10,9,0,6
135,10,10,0,6
135,10,11,0,6
135,10,12,0,6
135,10,13,0,6
135,10,14,0,6
135,10,15,0,6
135,10,16,0,6
135,10,17,0,6
135,10,18,0,6
135,10,19,0,6
135,10,20,0,6
135,10,21,0,6
135,10,22,0,6
135,10,23,0,6
135,10,24,0,6
135,10,25,0,6
135,10,26,0,6
135,10,27,0,6
135,10,28,0,6
135,10,29,0,6
135,10,30,0,6
135,10,31,0,6
135,10,32,0,6
135,10,33,0,6
135,10,34,60,6
135,10,35,0,6
135,10,36,0,6
135,10,37,0,6
135,10,38,0,6
135,10,39,0,6
135,10,40,0,6
135,10,41,0,6
135,10,42,0,6
135,10,43,0,6
135,10,44,0,6
135,10,45,0,6
135,10,46,0,6
135,10,47,0,6
135,10,48,0,6
135,10,49,0,6
135,10,50,0,6
135,10,51,0,6
135,10,52,0,6
135,10,53,0,6
135,10,54,0,6
135,10,55,0,6
135,10,56,0,6
135,10,57,0,6
135,10,58,0,6
135,10,59,0,6
135,10,60,0,6
135,10,61,0,6
135,10,62,0,6
135,10,63,0,6
135,11,0,0,6.36364
135,11,1,0,6.36364
135,11,2,0,6.36364
135,11,3,0,6.36364
135,11,4,0,6.36364
135,11,5,0,6.36364
135,11,6,0,6.36364
135,11,7,0,6.36364
135,11,8,0,6.36364
135,11,9,0,6.36364
135,11,10,0,6.36364
135,11,11,0,6.36364
135,11,12,0,6.36364
135,11,13,0,6.36364
135,11,14,0,6.36364
135,11,15,0,6.36364
135,11,16,0,6.36364
135,11,17,0,6.36364
135,11,18,0,6.36364
135,11,19,0,6.36364
135,11,20,0,6.36364
135,11,21,0,6.36364
135,11,22,0,6.36364
135,11,23,0,6.36364
135,11,24,0,6.36364
135,11,25,0,6.36364
135,11,26,0,6.36364
135,11,27,0,6.36364
135,11,28,0,6.36364
135,11,29,0,6.36364
135,11,30,0,6.36364
135,11,31,0,6.36364
135,11,32,0,6.36364
135,11,33,0,6.36364
135,11,34,70,6.36364
135,11,35,0,6.36364
135,11,36,0,6.36364
135,11,37,0,6.36364
135,11,38,0,6.36364
135,11,39,0,6.36364
135,11,40,0,6.36364
135,11,41,0,6.36364
135,11,42,0,6.36364
135,11,43,0,6.36364
135,11,44,0,6.36364
135,11,45,0,6.36364
135,11,46,0,6.36364
135,11,47,0,6.36364
135,11,48,0,6.36364
135,11,49,0,6.36364
135,11,50,0,6.36364
135,11,51,0,6.36364
135,11,52,0,6.36364
135,11,53,0,6.36364
135,11,54,0,6.36364
135,11,55,0,6.36364
135,11,56,0,6.36364
135,11,57,0,6.36364
135,11,58,0,6.36364
135,11,59,0,6.36364
135,11,60,0,6.36364
135,11,61,0,6.36364
135,11,62,0,6.36364
135,11,63,0,6.36364
148,1,0,0,14
148,1,1,0,14
148,1,2,0,14
148,1,3,0,14
148,1,4,0,14
148,1,5,0,14
148,1,6,0,14
148,1,7,0,14
148,1,8,0,14
148,1,9,0,14
148,1,10,0,14
148,1,11,0,14
148,1,12,0,14
148,1,13,0,14
148,1,14,0,14
148,1,15,0,14
148,1,16,0,14
148,1,17,0,14
148,1,18,0,14
148,1,19,0,14
148,1,20,0,14
148,1,21,0,14
148,1,22,0,14
148,1,23,0,14
148,1,24,0,14
148,1,25,0,14
148,1,26,0,14
148,1,27,0,14
148,1,28,0,14
148,1,29,0,14
148,1,30,0,14
148,1,31,0,14
148,1,32,0,14
148,1,33,0,14
148,1,34,14,14
148,1,35,0,14
148,1,36,0,14
148,1,37,0,14
148,1,38,0,14
148,1,39,0,14
148,1,40,0,14
148,1,41,0,14
148,1,42,0,14
148,1,43,0,14
148,1,44,0,14
148,1,45,0,14
148,1,46,0,14
148,1,47,0,14
148,1,48,0,14
148,1,49,0,14
148,1,50,0,14
148,1,51,0,14
148,1,52,0,14
148,1,53,0,14
148,1,54,0,14
148,1,55,0,14
148,1,56,0,14
148,1,57,0,14
148,1,58,0,14
148,1,59,0,14
148,1,60,0,14
148,1,61,0,14
148,1,62,0,14
148,1,63,0,14
148,2,0,0,9
148,2,1,0,9
148,2,2,0,9
148,2,3,0,9
148,2,4,0,9
148,2,5,0,9
148,2,6,0,9
148,2,7,0,9
148,2,8,0,9
148,2,9,0,9
148,2,10,0,9
148,2,11,0,9
148,2,12,0,9
148,2,13,0,9
148,2,14,0,9
148,2,15,0,9
148,2,16,0,9
148,2,17,0,9
148,2,18,0,9
148,2,19,0,9
148,2,20,0,9
148,2,21,0,9
148,2,22,0,9
148,2,23,0,9
148,2,24,0,9
148,2,25,0,9
148,2,26,0,9
148,2,27,0,9
148,2,28,0,9
148,2,29,0,9
148,2,30,0,9
148,2,31,0,9
148,2,32,0,9
148,2,33,0,9
148,2,34,18,9
148,2,35,0,9
148,2,36,0,9
148,2,37,0,9
148,2,38,0,9
148,2,39,0,9
148,2,40,0,9
148,2,41,0,9
148,2,42,0,9
148,2,43,0,9
148,2,44,0,9
148,2,45,0,9
148,2,46,0,9
148,2,47,0,9
148,2,48,0,9
148,2,49,0,9
148,2,50,0,9
148,2,51,0,9
148,2,52,0,9
148,2,53,0,9
148,2,54,0,9
148,2,55,0,9
148,2,56,0,9
148,2,57,0,9
148,2,58,0,9
148,2,59,0,9
148,2,60,0,9
148,2,61,0,9
148,2,62,0,9
148,2,63,0,9
148,3,0,0,8
148,3,1,0,8
148,3,2,0,8
148,3,3,0,8
148,3,4,0,8
148,3,5,0,8
148,3,6,0,8
148,3,7,0,8
148,3,8,0,8
148,3,9,0,8
148,3,10,0,8
148,3,11,0,8
148,3,12,0,8
148,3,13,0,8
148,3,14,0,8
148,3,15,0,8
148,3,16,0,8
148,3,17,0,8
148,3,18,0,8
148,3,19,0,8
148,3,20,0,8
148,3,21,0,8
148,3,22,0,8
148,3,23,0,8
148,3,24,0,8
148,3,25,0,8
148,3,26,0,8
148,3,27,0,8
148,3,28,0,8
148,3,29,0,8
148,3,30,0,8
148,3,31,0,8
148,3,32,0,8
148,3,33,0,8
148,3,34,24,8
148,3,35,0,8
148,3,36,0,8
148,3,37,0,8
148,3,38,0,8
148,3,39,0,8
148,3,40,0,8
148,3,41,0,8
148,3,42,0,8
148,3,43,0,8
148,3,44,0,8
148,3,45,0,8
148,3,46,0,8
148,3,47,0,8
148,3,48,0,8
148,3,49,0,8
148,3,50,0,8
148,3,51,0,8
148,3,52,0,8
148,3,53,0,8
148,3,54,0,8
148,3,55,0,8
148,3,56,0,8
148,3,57,0,8
148,3,58,0,8
148,3,59,0,8
148,3,60,0,8
148,3,61,0,8
148,3,62,0,8
148,3,63,0,8
148,4,0,0,8
148,4,1,0,8
148,4,2,0,8
148,4,3,0,8
148,4,4,0,8
148,4,5,0,8
148,4,6,0,8
148,4,7,0,8
148,4,8,0,8
148,4,9,0,8
148,4,10,0,8
148,4,11,0,8
148,4,12,0,8
148,4,13,0,8
148,4,14,0,8
148,4,15,0,8
148,4,16,0,8
148,4,17,0,8
148,4,18,0,8
148,4,19,0,8
148,4,20,0,8
148,4,21,0,8
148,4,22,0,8
148,4,23,0,8
148,4,24,0,8
148,4,25,0,8
148,4,26,0,8
148,4,27,0,8
148,4,28,0,8
148,4,29,0,8
148,4,30,0,8
148,4,31,0,8
148,4,32,0,8
148,4,33,0,8
148,4,34,32,8
148,4,35,0,8
148,4,36,0,8
148,4,37,0,8
148,4,38,0,8
148,4,39,0,8
148,4,40,0,8
148,4,41,0,8
148,4,42,0,8
148,4,43,0,8
148,4,44,0,8
148,4,45,0,8
148,4,46,0,8
148,4,47,0,8
148,4,48,0,8
148,4,49,0,8
148,4,50,0,8
148,4,51,0,8
148,4,52,0,8
148,4,53,0,8
148,4,54,0,8
148,4,55,0,8
148,4,56,0,8
148,4,57,0,8
148,4,58,0,8
148,4,59,0,8
148,4,60,0,8
148,4,61,0,8
148,4,62,0,8
148,4,63,0,8
148,5,0,0,6.6
148,5,1,0,6.6
148,5,2,0,6.6
148,5,3,0,6.6
148,5,4,0,6.6
148,5,5,0,6.6
148,5,6,0,6.6
148,5,7,0,6.6
148,5,8,0,6.6
148,5,9,0,6.6
148,5,10,0,6.6
148,5,11,0,6.6
148,5,12,0,6.6
148,5,13,0,6.6
148,5,14,0,6.6
148,5,15,0,6.6
148,5,16,0,6.6
148,5,17,0,6.6
148,5,18,0,6.6
148,5,19,0,6.6
148,5,20,0,6.6
148,5,21,0,6.6
148,5,22,0,6.6
148,5,23,0,6.6
148,5,24,0,6.6
148,5,25,0,6.6
148,5,26,0,6.6
148,5,27,0,6.6
148,5,28,0,6.6
148,5,29,0,6.6
148,5,30,0,6.6
148,5,31,0,6.6
148,5,32,0,6.6
148,5,33,0,6.6
148,5,34,33,6.6
148,5,35,0,6.6
148,5,36,0,6.6
148,5,37,0,6.6
148,5,38,0,6.6
148,5,39,0,6.6
148,5,40,0,6.6
148,5,41,0,6.6
148,5,42,0,6.6
148,5,43,0,6.6
148,5,44,0,6.6
148,5,45,0,6.6
148,5,46,0,6.6
148,5,47,0,6.6
148,5,48,0,6.6
148,5,49,0,6.6
148,5,50,0,6.6
148,5,51,0,6.6
148,5,52,0,6.6
148,5,53,0,6.6
148,5,54,0,6.6
148,5,55,0,6.6
148,5,56,0,6.6
148,5,57,0,6.6
148,5,58,0,6.6
148,5,59,0,6.6
148,5,60,0,6.6
148,5,61,0,6.6
148,5,62,0,6.6
148,5,63,0,6.6
148,6,0,0,6.33333
148,6,1,0,6.33333
148,6,2,0,6.33333
148,6,3,0,6.33333
148,6,4,0,6.33333
148,6,5,0,6.33333
148,6,6,0,6.33333
148,6,7,0,6.33333
148,6,8,0,6.33333
148,6,9,0,6.33333
148,6,10,0,6.33333
148,6,11,0,6.33333
148,6,12,0,6.33333
148,6,13,0,6.33333
148,6,14,0,6.33333
148,6,15,0,6.33333
148,6,16,0,6.33333
148,6,17,0,6.33333
148,6,18,0,6.33333
148,6,19,0,6.33333
148,6,20,0,6.33333
148,6,21,0,6.33333
148,6,22,0,6.33333
148,6,23,0,6.33333
148,6,24,0,6.33333
148,6,25,0,6.33333
148,6,26,0,6.33333
148,6,27,0,6.33333
148,6,28,0,6.33333
148,6,29,0,6.33333
148,6,30,0,6.33333
148,6,31,0,6.33333
148,6,32,0,6.33333
148,6,33,0,6.33333
148,6,34,38,6.33333
148,6,35,0,6.33333
148,6,36,0,6.33333
148,6,37,0,6.33333
148,6,38,0,6.33333
148,6,39,0,6.33333
148,6,40,0,6.33333
148,6,41,0,6.33333
148,6,42,0,6.33333
148,6,43,0,6.33333
148,6,44,0,6.33333
148,6,45,0,6.33333
148,6,46,0,6.33333
148,6,47,0,6.33333
148,6,48,0,6.33333
148,6,49,0,6.33333
148,6,50,0,6.33333
148,6,51,0,6.33333
148,6,52,0,6.33333
148,6,53,0,6.33333
148,6,54,0,6.33333
148,6,55,0,6.33333
148,6,56,0,6.33333
148,6,57,0,6.33333
148,6,58,0,6.33333
148,6,59,0,6.33333
148,6,60,0,6.33333
148,6,61,0,6.33333
148,6,62,0,6.33333
148,6,63,0,6.33333
148,7,0,0,6.71429
148,7,1,0,6.71429
148,7,2,0,6.71429
148,7,3,0,6.71429
148,7,4,0,6.71429
148,7,5,0,6.71429
148,7,6,0,6.71429
148,7,7,0,6.71429
148,7,8,0,6.71429
148,7,9,0,6.71429
148,7,10,0,6.71429
148,7,11,0,6.71429
148,7,12,0,6.71429
148,7,13,0,6.71429
148,7,14,0,6.71429
148,7,15,0,6.71429
148,7,16,0,6.71429
148,7,17,0,6.71429
148,7,18,0,6.71429
148,7,19,0,6.71429
148,7,20,0,6.71429
148,7,21,0,6.71429
148,7,22,0,6.71429
148,7,23,0,6.71429
148,7,24,0,6.71429
148,7,25,0,6.71429
148,7,26,0,6.71429
148,7,27,0,6.71429
148,7,28,0,6.71429
148,7,29,0,6.71429
148,7,30,0,6.71429
148,7,31,0,6.71429
148,7,32,0,6.71429
148,7,33,0,6.71429
148,7,34,47,6.71429
148,7,35,0,6.71429
148,7,36,0,6.71429
148,7,37,0,6.71429
148,7,38,0,6.71429
148,7,39,0,6.71429
148,7,40,0,6.71429
148,7,41,0,6.71429
148,7,42,0,6.71429
148,7,43,0,6.71429
148,7,44,0,6.71429
148,7,45,0,6.71429
148,7,46,0,6.71429
148,7,47,0,6.71429
148,7,48,0,6.71429
148,7,49,0,6.71429
148,7,50,0,6.71429
148,7,51,0,6.71429
148,7,52,0,6.71429
148,7,53,0,6.71429
148,7,54,0,6.71429
148,7,55,0,6.71429
148,7,56,0,6.71429
148,7,57,0,6.71429
148,7,58,0,6.71429
148,7,59,0,6.71429
148,7,60,0,6.71429
148,7,61,0,6.71429
148,7,62,0,6.71429
148,7,63,0,6.71429
148,8,0,0,7.125
148,8,1,0,7.125
148,8,2,0,7.125
148,8,3,0,7.125
148,8,4,0,7.125
148,8,5,0,7.125
148,8,6,0,7.125
148,8,7,0,7.125
148,8,8,0,7.125
148,8,9,0,7.125
148,8,10,0,7.125
148,8,11,0,7.125
148,8,12,0,7.125
148,8,13,0,7.125
148,8,14,0,7.125
148,8,15,0,7.125
148,8,16,0,7.125
148,8,17,0,7.125
148,8,18,0,7.125
148,8,19,0,7.125
148,8,20,0,7.125
148,8,21,0,7.125
148,8,22,0,7.125
148,8,23,0,7.125
148,8,24,0,7.125
148,8,25,0,7.125
148,8,26,0,7.125
148,8,27,0,7.125
148,8,28,0,7.125
148,8,29,0,7.125
148,8,30,0,7.125
148,8,31,0,7.125
148,8,32,0,7.125
148,8,33,0,7.125
148,8,34,57,7.125
148,8,35,0,7.125
148,8,36,0,7.125
148,8,37,0,7.125
148,8,38,0,7.125
148,8,39,0,7.125
148,8,40,0,7.125
148,8,41,0,7.125
148,8,42,0,7.125
148,8,43,0,7.125
148,8,44,0,7.125
148,8,45,0,7.125
148,8,46,0,7.125
148,8,47,0,7.125
148,8,48,0,7.125
148,8,49,0,7.125
148,8,50,0,7.125
148,8,51,0,7.125
148,8,52,0,7.125
148,8,53,0,7.125
148,8,54,0,7.125
148,8,55,0,7.125
148,8,56,0,7.125
148,8,57,0,7.125
148,8,58,0,7.125
148,8,59,0,7.125
148,8,60,0,7.125
148,8,61,0,7.125
148,8,62,0,7.125
148,8,63,0,7.125
148,9,0,0,6.55556
148,9,1,0,6.55556
148,9,2,0,6.55556
148,9,3,0,6.55556
148,9,4,0,6.55556
148,9,5,0,6.55556
148,9,6,0,6.55556
148,9,7,0,6.55556
148,9,8,0,6.55556
148,9,9,0,6.55556
148,9,10,0,6.55556
148,9,11,0,6.55556
148,9,12,0,6.55556
148,9,13,0,6.55556
148,9,14,0,6.55556
148,9,15,0,6.55556
148,9,16,0,6.55556
148,9,17,0,6.55556
148,9,18,0,6.55556
148,9,19,0,6.55556
148,9,20,0,6.55556
148,9,21,0,6.55556
148,9,22,0,6.55556
148,9,23,0,6.55556
148,9,24,0,6.55556
148,9,25,0,6.55556
148,9,26,0,6.55556
148,9,27,0,6.55556
148,9,28,0,6.55556
148,9,29,0,6.55556
148,9,30,0,6.55556
148,9,31,0,6.55556
148,9,32,0,6.55556
148,9,33,0,6.55556
148,9,34,59,6.55556
148,9,35,0,6.55556
148,9,36,0,6.55556
148,9,37,0,6.55556
148,9,38,0,6.55556
148,9,39,0,6.55556
148,9,40,0,6.55556
148,9,41,0,6.55556
148,9,42,0,6.55556
148,9,43,0,6.55556
148,9,44,0,6.55556
148,9,45,0,6.55556
148,9,46,0,6.55556
148,9,47,0,6.55556
148,9,48,0,6.55556
148,9,49,0,6.55556
148,9,50,0,6.55556
148,9,51,0,6.55556
148,9,52,0,6.55556
148,9,53,0,6.55556
148,9,54,0,6.55556
148,9,55,0,6.55556
148,9,56,0,6.55556
148,9,57,0,6.55556
148,9,58,0,6.55556
148,9,59,0,6.55556
148,9,60,0,6.55556
148,9,61,0,6.55556
148,9,62,0,6.55556
148,9,63,0,6.55556
148,10,0,0,6.9
148,10,1,0,6.9
148,10,2,0,6.9
148,10,3,0,6.9
148,10,4,0,6.9
148,10,5,0,6.9
148,10,6,0,6.9
148,10,7,0,6.9
148,10,8,0,6.9
148,10,9,0,6.9
148,10,10,0,6.9
148,10,11,0,6.9
148,10,12,0,6.9
148,10,13,0,6.9
148,10,14,0,6.9
148,10,15,0,6.9
148,10,16,0,6.9
148,10,17,0,6.9
148,10,18,0,6.9
148,10,19,0,6.9
148,10,20,0,6.9
148,10,21,0,6.9
148,10,22,0,6.9
148,10,23,0,6.9
148,10,24,0,6.9
148,10,25,0,6.9
148,10,26,0,6.9
148,10,27,0,6.9
148,10,28,0,6.9
148,10,29,0,6.9
148,10,30,0,6.9
148,10,31,0,6.9
148,10,32,0,6.9
148,10,33,0,6.9
148,10,34,69,6.9
148,10,35,0,6.9
148,10,36,0,6.9
148,10,37,0,6.9
148,10,38,0,6.9
148,10,39,0,6.9
148,10,40,0,6.9
148,10,41,0,6.9
148,10,42,0,6.9
148,10,43,0,6.9
148,10,44,0,6.9
148,10,45,0,6.9
148,10,46,0,6.9
148,10,47,0,6.9
148,10,48,0,6.9
148,10,49,0,6.9
148,10,50,0,6.9
148,10,51,0,6.9
148,10,52,0,6.9
148,10,53,0,6.9
148,10,54,0,6.9
148,10,55,0,6.9
148,10,56,0,6.9
148,10,57,0,6.9
148,10,58,0,6.9
148,10,59,0,6.9
148,10,60,0,6.9
148,10,61,0,6.9
148,10,62,0,6.9
148,10,63,0,6.9
148,11,0,0,6.90909
148,11,1,0,6.90909
148,11,2,0,6.90909
148,11,3,0,6.90909
148,11,4,0,6.90909
148,11,5,0,6.90909
148,11,6,0,6.90909
148,11,7,0,6.90909
148,11,8,0,6.90909
148,11,9,0,6.90909
148,11,10,0,6.90909
148,11,11,0,6.90909
148,11,12,0,6.90909
148,11,13,0,6.90909
148,11,14,0,6.90909
148,11,15,0,6.90909
148,11,16,0,6.90909
148,11,17,0,6.90909
148,11,18,0,6.90909
148,11,19,0,6.90909
148,11,20,0,6.90909
148,11,21,0,6.90909
148,11,22,0,6.90909
148,11,23,0,6.90909
148,11,24,0,6.90909
148,11,25,0,6.90909
148,11,26,0,6.90909
148,11,27,0,6.90909
148,11,28,0,6.90909
148,11,29,0,6.90909
148,11,30,0,6.90909
148,11,31,0,6.90909
148,11,32,0,6.90909
148,11,33,0,6.90909
148,11,34,76,6.90909
148,11,35,0,6.90909
148,11,36,0,6.90909
148,11,37,0,6.90909
148,11,38,0,6.90909
148,11,39,0,6.90909
148,11,40,0,6.90909
148,11,41,0,6.90909
148,11,42,0,6.90909
148,11,43,0,6.90909
148,11,44,0,6.90909
148,11,45,0,6.90909
148,11,46,0,6.90909
148,11,47,0,6.90909
148,11,48,0,6.90909
148,11,49,0,6.90909
148,11,50,0,6.90909
148,11,51,0,6.90909
148,11,52,0,6.90909
148,11,53,0,6.90909
148,11,54,0,6.90909
148,11,55,0,6.90909
148,11,56,0,6.90909
148,11,57,0,6.90909
148,11,58,0,6.90909
148,11,59,0,6.90909
148,11,60,0,6.90909
148,11,61,0,6.90909
148,11,62,0,6.90909
148,11,63,0,6.90909
148,12,0,0,7.66667
148,12,1,0,7.66667
148,12,2,0,7.66667
148,12,3,0,7.66667
148,12,4,0,7.66667
148,12,5,0,7.66667
148,12,6,0,7.66667
148,12,7,0,7.66667
148,12,8,0,7.66667
148,12,9,0,7.66667
148,12,10,0,7.66667
148,12,11,0,7.66667
148,12,12,0,7.66667
148,12,13,0,7.66667
148,12,14,0,7.66667
148,12,15,0,7.66667
148,12,16,0,7.66667
148,12,17,0,7.66667
148,12,18,0,7.66667
148,12,19,0,7.66667
148,12,20,0,7.66667
148,12,21,0,7.66667
148,12,22,0,7.66667
148,12,23,0,7.66667
148,12,24,0,7.66667
148,12,25,0,7.66667
148,12,26,0,7.66667
148,12,27,0,7.66667
148,12,28,0,7.66667
148,12,29,0,7.66667
148,12,30,0,7.66667
148,12,31,0,7.66667
148,12,32,0,7.66667
148,12,33,0,7.66667
148,12,34,92,7.66667
148,12,35,0,7.66667
148,12,36,0,7.66667
148,12,37,0,7.66667
148,12,38,0,7.66667
148,12,39,0,7.66667
148,12,40,0,7.66667
148,12,41,0,7.66667
148,12,42,0,7.66667
148,12,43,0,7.66667
148,12,44,0,7.66667
148,12,45,0,7.66667
148,12,46,0,7.66667
148,12,47,0,7.66667
148,12,48,0,7.66667
148,12,49,0,7.66667
148,12,50,0,7.66667
148,12,51,0,7.66667
148,12,52,0,7.66667
148,12,53,0,7.66667
148,12,54,0,7.66667
148,12,55,0,7.66667
148,12,56,0,7.66667
148,12,57,0,7.66667
148,12,58,0,7.66667
148,12,59,0,7.66667
148,12,60,0,7.66667
148,12,61,0,7.66667
148,12,62,0,7.66667
148,12,63,0,7.66667
148,13,0,0,7.92308
148,13,1,0,7.92308
148,13,2,0,7.92308
148,13,3,0,7.92308
148,13,4,0,7.92308
148,13,5,0,7.92308
148,13,6,0,7.92308
148,13,7,0,7.92308
148,13,8,0,7.92308
148,13,9,0,7.92308
148,13,10,0,7.92308
148,13,11,0,7.92308
148,13,12,0,7.92308
148,13,13,0,7.92308
148,13,14,0,7.92308
148,13,15,0,7.92308
148,13,16,0,7.92308
148,13,17,0,7.92308
148,13,18,0,7.92308
148,13,19,0,7.92308
148,13,20,0,7.92308
148,13,21,0,7.92308
148,13,22,0,7.92308
148,13,23,0,7.92308
148,13,24,0,7.92308
148,13,25,0,7.92308
148,13,26,0,7.92308
148,13,27,0,7.92308
148,13,28,0,7.92308
148,13,29,0,7.92308
148,13,30,0,7.92308
148,13,31,0,7.92308
148,13,32,0,7.92308
148,13,33,0,7.92308
148,13,34,103,7.92308
148,13,35,0,7.92308
148,13,36,0,7.92308
148,13,37,0,7.92308
148,13,38,0,7.92308
148,13,39,0,7.92308
148,13,40,0,7.92308
148,13,41,0,7.92308
148,13,42,0,7.92308
148,13,43,0,7.92308
148,13,44,0,7.92308
148,13,45,0,7.92308
148,13,46,0,7.92308
148,13,47,0,7.92308
148,13,48,0,7.92308
148,13,49,0,7.92308
148,13,50,0,7.92308
148,13,51,0,7.92308
148,13,52,0,7.92308
148,13,53,0,7.92308
148,13,54,0,7.92308
148,13,55,0,7.92308
148,13,56,0,7.92308
148,13,57,0,7.92308
148,13,58,0,7.92308
148,13,59,0,7.92308
148,13,60,0,7.92308
148,13,61,0,7.92308
148,13,62,0,7.92308
148,13,63,0,7.92308
148,14,0,0,8.07143
148,14,1,0,8.07143
148,14,2,0,8.07143
148,14,3,0,8.07143
148,14,4,0,8.07143
148,14,5,0,8.07143
148,14,6,0,8.07143
148,14,7,0,8.07143
148,14,8,0,8.07143
148,14,9,0,8.07143
148,14,10,0,8.07143
148,14,11,0,8.07143
148,14,12,0,8.07143
148,14,13,0,8.07143
148,14,14,0,8.07143
148,14,15,0,8.07143
148,14,16,0,8.07143
148,14,17,0,8.07143
148,14,18,0,8.07143
148,14,19,0,8.07143
148,14,20,0,8.07143
148,14,21,0,8.07143
148,14,22,0,8.07143
148,14,23,0,8.07143
148,14,24,0,8.07143
148,14,25,0,8.07143
148,14,26,0,8.07143
148,14,27,0,8.07143
148,14,28,0,8.07143
148,14,29,0,8.07143
148,14,30,0,8.07143
148,14,31,0,8.07143
148,14,32,0,8.07143
148,14,33,0,8.07143
148,14,34,113,8.07143
148,14,35,0,8.07143
148,14,36,0,8.07143
148,14,37,0,8.07143
148,14,38,0,8.07143
148,14,39,0,8.07143
148,14,40,0,8.07143
148,14,41,0,8.07143
148,14,42,0,8.07143
148,14,43,0,8.07143
148,14,44,0,8.07143
148,14,45,0,8.07143
148,14,46,0,8.07143
148,14,47,0,8.07143
148,14,48,0,8.07143
148,14,49,0,8.07143
148,14,50,0,8.07143
148,14,51,0,8.07143
148,14,52,0,8.07143
148,14,53,0,8.07143
148,14,54,0,8.07143
148,14,55,0,8.07143
148,14,56,0,8.07143
148,14,57,0,8.07143
148,14,58,0,8.07143
148,14,59,0,8.07143
148,14,60,0,8.07143
148,14,61,0,8.07143
148,14,62,0,8.07143
148,14,63,0,8.07143
148,15,0,0,8.06667
148,15,1,0,8.06667
148,15,2,0,8.06667
148,15,3,0,8.06667
148,15,4,0,8.06667
148,15,5,0,8.06667
148,15,6,0,8.06667
148,15,7,0,8.06667
148,15,8,0,8.06667
148,15,9,0,8.06667
148,15,10,0,8.06667
148,15,11,0,8.06667
148,15,12,0,8.06667
148,15,13,0,8.06667
148,15,14,0,8.06667
148,15,15,0,8.06667
148,15,16,0,8.06667
148,15,17,0,8.06667
148,15,18,0,8.06667
148,15,19,0,8.06667
148,15,20,0,8.06667
148,15,21,0,8.06667
148,15,22,0,8.06667
148,15,23,0,8.06667
148,15,24,0,8.06667
148,15,25,0,8.06667
148,15,26,0,8.06667
148,15,27,0,8.06667
148,15,28,0,8.06667
148,15,29,0,8.06667
148,15,30,0,8.06667
148,15,31,0,8.06667
148,15,32,0,8.06667
148,15,33,0,8.06667
148,15,34,121,8.06667
148,15,35,0,8.06667
148,15,36,0,8.06667
148,15,37,0,8.06667
148,15,38,0,8.06667
148,15,39,0,8.06667
148,15,40,0,8.06667
148,15,41,0,8.06667
148,15,42,0,8.06667
148,15,43,0,8.06667
148,15,44,0,8.06667
148,15,45,0,8.06667
148,15,46,0,8.06667
148,15,47,0,8.06667
148,15,48,0,8.06667
148,15,49,0,8.06667
148,15,50,0,8.06667
148,15,51,0,8.06667
148,15,52,0,8.06667
148,15,53,0,8.06667
148,15,54,0,8.06667
148,15,55,0,8.06667
148,15,56,0,8.06667
148,15,57,0,8.06667
148,15,58,0,8.06667
148,15,59,0,8.06667
148,15,60,0,8.06667
148,15,61,0,8.06667
148,15,62,0,8.06667
148,15,63,0,8.06667
148,16,0,0,8.0625
148,16,1,0,8.0625
148,16,2,0,8.0625
148,16,3,0,8.0625
148,16,4,0,8.0625
148,16,5,0,8.0625
148,16,6,0,8.0625
148,16,7,0,8.0625
148,16,8,0,8.0625
148,16,9,0,8.0625
148,16,10,0,8.0625
148,16,11,0,8.0625
148,16,12,0,8.0625
148,16,13,0,8.0625
148,16,14,0,8.0625
148,16,15,0,8.0625
148,16,16,0,8.0625
148,16,17,0,8.0625
148,16,18,0,8.0625
148,16,19,0,8.0625
148,16,20,0,8.0625
148,16,21,0,8.0625
148,16,22,0,8.0625
148,16,23,0,8.0625
148,16,24,0,8.0625
148,16,25,0,8.0625
148,16,26,0,8.0625
148,16,27,0,8.0625
148,16,28,0,8.0625
148,16,29,0,8.0625
148,16,30,0,8.0625
148,16,31,0,8.0625
148,16,32,0,8.0625
148,16,33,0,8.0625
148,16,34,129,8.0625
148,16,35,0,8.0625
148,16,36,0,8.0625
148,16,37,0,8.0625
148,16,38,0,8.0625
148,16,39,0,8.0625
148,16,40,0,8.0625
148,16,41,0,8.0625
148,16,42,0,8.0625
148,16,43,0,8.0625
148,16,44,0,8.0625
148,16,45,0,8.0625
148,16,46,0,8.0625
148,16,47,0,8.0625
148,16,48,0,8.0625
148,16,49,0,8.0625
148,16,50,0,8.0625
148,16,51,0,8.0625
148,16,52,0,8.0625
148,16,53,0,8.0625
148,16,54,0,8.0625
148,16,55,0,8.0625
148,16,56,0,8.0625
148,16,57,0,8.0625
148,16,58,0,8.0625
148,16,59,0,8.0625
148,16,60,0,8.0625
148,16,61,0,8.0625
148,16,62,0,8.0625
148,16,63,0,8.0625
148,17,0,0,8.23529
148,17,1,0,8.23529
148,17,2,0,8.23529
148,17,3,0,8.23529
148,17,4,0,8.23529
148,17,5,0,8.23529
148,17,6,0,8.23529
148,17,7,0,8.23529
148,17,8,0,8.23529
148,17,9,0,8.23529
148,17,10,0,8.23529
148,17,11,0,8.23529
148,17,12,0,8.23529
148,17,13,0,8.23529
148,17,14,0,8.23529
148,17,15,0,8.23529
148,17,16,0,8.23529
148,17,17,0,8.23529
148,17,18,0,8.23529
148,17,19,0,8.23529
148,17,20,0,8.23529
148,17,21,0,8.23529
148,17,22,0,8.23529
148,17,23,0,8.23529
148,17,24,0,8.23529
148,17,25,0,8.23529
148,17,26,0,8.23529
148,17,27,0,8.23529
148,17,28,0,8.23529
148,17,29,0,8.23529
148,17,30,0,8.23529
148,17,31,0,8.23529
148,17,32,0,8.23529
148,17,33,0,8.23529
148,17,34,140,8.23529
148,17,35,0,8.23529
148,17,36,0,8.23529
148,17,37,0,8.23529
148,17,38,0,8.23529
148,17,39,0,8.23529
148,17,40,0,8.23529
148,17,41,0,8.23529
148,17,42,0,8.23529
148,17,43,0,8.23529
148,17,44,0,8.23529
148,17,45,0,8.23529
148,17,46,0,8.23529
148,17,47,0,8.23529
148,17,48,0,8.23529
148,17,49,0,8.23529
148,17,50,0,8.23529
148,17,51,0,8.23529
148,17,52,0,8.23529
148,17,53,0,8.23529
148,17,54,0,8.23529
148,17,55,0,8.23529
148,17,56,0,8.23529
148,17,57,0,8.23529
148,17,58,0,8.23529
148,17,59,0,8.23529
148,17,60,0,8.23529
148,17,61,0,8.23529
148,17,62,0,8.23529
148,17,63,0,8.23529
148,18,0,0,8.77778
148,18,1,0,8.77778
148,18,2,0,8.77778
148,18,3,0,8.77778
148,18,4,0,8.77778
148,18,5,0,8.77778
148,18,6,0,8.77778
148,18,7,0,8.77778
148,18,8,0,8.77778
148,18,9,0,8.77778
148,18,10,0,8.77778
148,18,11,0,8.77778
148,18,12,0,8.77778
148,18,13,0,8.77778
148,18,14,0,8.77778
148,18,15,0,8.77778
148,18,16,0,8.77778
148,18,17,0,8.77778
148,18,18,0,8.77778
148,18,19,0,8.77778
148,18,20,0,8.77778
148,18,21,0,8.77778
148,18,22,0,8.77778
148,18,23,0,8.77778
148,18,24,0,8.77778
148,18,25,0,8.77778
148,18,26,0,8.77778
148,18,27,0,8.77778
148,18,28,0,8.77778
148,18,29,0,8.77778
148,18,30,0,8.77778
148,18,31,0,8.77778
148,18,32,0,8.77778
148,18,33,0,8.77778
148,18,34,158,8.77778
148,18,35,0,8.77778
148,18,36,0,8.77778
148,18,37,0,8.77778
148,18,38,0,8.77778
148,18,39,0,8.77778
148,18,40,0,8.77778
148,18,41,0,8.77778
148,18,42,0,8.77778
148,18,43,0,8.77778
148,18,44,0,8.77778
148,18,45,0,8.77778
148,18,46,0,8.77778
148,18,47,0,8.77778
148,18,48,0,8.77778
148,18,49,0,8.77778
148,18,50,0,8.77778
148,18,51,0,8.77778
148,18,52,0,8.77778
148,18,53,0,8.77778
148,18,54,0,8.77778
148,18,55,0,8.77778
148,18,56,0,8.77778
148,18,57,0,8.77778
148,18,58,0,8.77778
148,18,59,0,8.77778
148,18,60,0,8.77778
148,18,61,0,8.77778
148,18,62,0,8.77778
148,18,63,0,8.77778
148,19,0,0,9.26316
148,19,1,0,9.26316
148,19,2,0,9.26316
148,19,3,0,9.26316
148,19,4,0,9.26316
148,19,5,0,9.26316
148,19,6,0,9.26316
148,19,7,0,9.26316
148,19,8,0,9.26316
148,19,9,0,9.26316
148,19,10,0,9.26316
148,19,11,0,9.26316
148,19,12,0,9.26316
148,19,13,0,9.26316
148,19,14,0,9.26316
148,19,15,0,9.26316
148,19,16,0,9.26316
148,19,17,0,9.26316
148,19,18,0,9.26316
148,19,19,0,9.26316
148,19,20,0,9.26316
148,19,21,0,9.26316
148,19,22,0,9.26316
148,19,23,0,9.26316
148,19,24,0,9.26316
148,19,25,0,9.26316
148,19,26,0,9.26316
148,19,27,0,9.26316
148,19,28,0,9.26316
148,19,29,0,9.26316
148,19,30,0,9.26316
148,19,31,0,9.26316
148,19,32,0,9.26316
148,19,33,0,9.26316
148,19,34,176,9.26316
148,19,35,0,9.26316
148,19,36,0,9.26316
148,19,37,0,9.26316
148,19,38,0,9.26316
148,19,39,0,9.26316
148,19,40,0,9.26316
148,19,41,0,9.26316
148,19,42,0,9.26316
148,19,43,0,9.26316
148,19,44,0,9.26316
148,19,45,0,9.26316
148,19,46,0,9.26316
148,19,47,0,9.26316
148,19,48,0,9.26316
148,19,49,0,9.26316
148,19,50,0,9.26316
148,19,51,0,9.26316
148,19,52,0,9.26316
148,19,53,0,9.26316
148,19,54,0,9.26316
148,19,55,0,9.26316
148,19,56,0,9.26316
148,19,57,0,9.26316
148,19,58,0,9.26316
148,19,59,0,9.26316
148,19,60,0,9.26316
148,19,61,0,9.26316
148,19,62,0,9.26316
148,19,63,0,9.26316
148,20,0,0,9.25
148,20,1,0,9.25
148,20,2,0,9.25
148,20,3,0,9.25
148,20,4,0,9.25
148,20,5,0,9.25
148,20,6,0,9.25
148,20,7,0,9.25
148,20,8,0,9.25
148,20,9,0,9.25
148,20,10,0,9.25
148,20,11,0,9.25
148,20,12,0,9.25
148,20,13,0,9.25
148,20,14,0,9.25
148,20,15,0,9.25
148,20,16,0,9.25
148,20,17,0,9.25
148,20,18,0,9.25
148,20,19,0,9.25
148,20,20,0,9.25
148,20,21,0,9.25
148,20,22,0,9.25
148,20,23,0,9.25
148,20,24,0,9.25
148,20,25,0,9.25
148,20,26,0,9.25
148,20,27,0,9.25
148,20,28,0,9.25
148,20,29,0,9.25
148,20,30,0,9.25
148,20,31,0,9.25
148,20,32,0,9.25
148,20,33,0,9.25
148,20,34,185,9.25
148,20,35,0,9.25
148,20,36,0,9.25
148,20,37,0,9.25
148,20,38,0,9.25
148,20,39,0,9.25
148,20,40,0,9.25
148,20,41,0,9.25
148,20,42,0,9.25
148,20,43,0,9.25
148,20,44,0,9.25
148,20,45,0,9.25
148,20,46,0,9.25
148,20,47,0,9.25
148,20,48,0,9.25
148,20,49,0,9.25
148,20,50,0,9.25
148,20,51,0,9.25
148,20,52,0,9.25
148,20,53,0,9.25
148,20,54,0,9.25
148,20,55,0,9.25
148,20,56,0,9.25
148,20,57,0,9.25
148,20,58,0,9.25
148,20,59,0,9.25
148,20,60,0,9.25
148,20,61,0,9.25
148,20,62,0,9.25
148,20,63,0,9.25
148,21,0,0,8.95238
148,21,1,0,8.95238
148,21,2,0,8.95238
148,21,3,0,8.95238
148,21,4,0,8.95238
148,21,5,0,8.95238
148,21,6,0,8.95238
148,21,7,0,8.95238
148,21,8,0,8.95238
148,21,9,0,8.95238
148,21,10,0,8.95238
148,21,11,0,8.95238
148,21,12,0,8.95238
148,21,13,0,8.95238
148,21,14,0,8.95238
148,21,15,0,8.95238
148,21,16,0,8.95238
148,21,17,0,8.95238
148,21,18,0,8.95238
148,21,19,0,8.95238
148,21,20,0,8.95238
148,21,21,0,8.95238
148,21,22,0,8.95238
148,21,23,0,8.95238
148,21,24,0,8.95238
148,21,25,0,8.95238
148,21,26,0,8.95238
148,21,27,0,8.95238
148,21,28,0,8.95238
148,21,29,0,8.95238
148,21,30,0,8.95238
148,21,31,0,8.95238
148,21,32,0,8.95238
148,21,33,0,8.95238
148,21,34,188,8.95238
148,21,35,0,8.95238
148,21,36,0,8.95238
148,21,37,0,8.95238
148,21,38,0,8.95238
148,21,39,0,8.95238
148,21,40,0,8.95238
148,21,41,0,8.95238
148,21,42,0,8.95238
148,21,43,0,8.95238
148,21,44,0,8.95238
148,21,45,0,8.95238
148,21,46,0,8.95238
148,21,47,0,8.95238
148,21,48,0,8.95238
148,21,49,0,8.95238
148,21,50,0,8.95238
148,21,51,0,8.95238
148,21,52,0,8.95238
148,21,53,0,8.95238
148,21,54,0,8.95238
148,21,55,0,8.95238
148,21,56,0,8.95238
148,21,57,0,8.95238
148,21,58,0,8.95238
148,21,59,0,8.95238
148,21,60,0,8.95238
148,21,61,0,8.95238
148,21,62,0,8.95238
148,21,63,0,8.95238
148,22,0,0,8.95455
148,22,1,0,8.95455
148,22,2,0,8.95455
148,22,3,0,8.95455
148,22,4,0,8.95455
148,22,5,0,8.95455
148,22,6,0,8.95455
148,22,7,0,8.95455
148,22,8,0,8.95455
148,22,9,0,8.95455
148,22,10,0,8.95455
148,22,11,0,8.95455
148,22,12,0,8.95455
148,22,13,0,8.95455
148,22,14,0,8.95455
148,22,15,0,8.95455
148,22,16,0,8.95455
148,22,17,0,8.95455
148,22,18,0,8.95455
148,22,19,0,8.95455
148,22,20,0,8.95455
148,22,21,0,8.95455
148,22,22,0,8.95455
148,22,23,0,8.95455
148,22,24,0,8.95455
148,22,25,0,8.95455
148,22,26,0,8.95455
148,22,27,0,8.95455
148,22,28,0,8.95455
148,22,29,0,8.95455
148,22,30,0,8.95455
148,22,31,0,8.95455
148,22,32,0,8.95455
148,22,33,0,8.95455
148,22,34,197,8.95455
148,22,35,0,8.95455
148,22,36,0,8.95455
148,22,37,0,8.95455
148,22,38,0,8.95455
148,22,39,0,8.95455
148,22,40,0,8.95455
148,22,41,0,8.95455
148,22,42,0,8.95455
148,22,43,0,8.95455
148,22,44,0,8.95455
148,22,45,0,8.95455
148,22,46,0,8.95455
148,22,47,0,8.95455
148,22,48,0,8.95455
148,22,49,0,8.95455
148,22,50,0,8.95455
148,22,51,0,8.95455
148,22,52,0,8.95455
148,22,53,0,8.95455
148,22,54,0,8.95455
148,22,55,0,8.95455
148,22,56,0,8.95455
148,22,57,0,8.95455
148,22,58,0,8.95455
148,22,59,0,8.95455
148,22,60,0,8.95455
148,22,61,0,8.95455
148,22,62,0,8.95455
148,22,63,0,8.95455
148,23,0,0,8.78261
148,23,1,0,8.78261
148,23,2,0,8.78261
148,23,3,0,8.78261
148,23,4,0,8.78261
148,23,5,0,8.78261
148,23,6,0,8.78261
148,23,7,0,8.78261
148,23,8,0,8.78261
148,23,9,0,8.78261
148,23,10,0,8.78261
148,23,11,0,8.78261
148,23,12,0,8.78261
148,23,13,0,8.78261
148,23,14,0,8.78261
148,23,15,0,8.78261
148,23,16,0,8.78261
148,23,17,0,8.78261
148,23,18,0,8.78261
148,23,19,0,8.78261
148,23,20,0,8.78261
148,23,21,0,8.78261
148,23,22,0,8.78261
148,23,23,0,8.78261
148,23,24,0,8.78261
148,23,25,0,8.78261
148,23,26,0,8.78261
148,23,27,0,8.78261
148,23,28,0,8.78261
148,23,29,0,8.78261
148,23,30,0,8.78261
148,23,31,0,8.78261
148,23,32,0,8.78261
148,23,33,0,8.78261
148,23,34,202,8.78261
148,23,35,0,8.78261
148,23,36,0,8.78261
148,23,37,0,8.78261
148,23,38,0,8.78261
148,23,39,0,8.78261
148,23,40,0,8.78261
148,23,41,0,8.78261
148,23,42,0,8.78261
148,23,43,0,8.78261
148,23,44,0,8.78261
148,23,45,0,8.78261
148,23,46,0,8.78261
148,23,47,0,8.78261
148,23,48,0,8.78261
148,23,49,0,8.78261
148,23,50,0,8.78261
148,23,51,0,8.78261
148,23,52,0,8.78261
148,23,53,0,8.78261
148,23,54,0,8.78261
148,23,55,0,8.78261
148,23,56,0,8.78261
148,23,57,0,8.78261
148,23,58,0,8.78261
148,23,59,0,8.78261
148,23,60,0,8.78261
148,23,61,0,8.78261
148,23,62,0,8.78261
148,23,63,0,8.78261
148,24,0,0,8.95833
148,24,1,0,8.95833
148,24,2,0,8.95833
148,24,3,0,8.95833
148,24,4,0,8.95833
148,24,5,0,8.95833
148,24,6,0,8.95833
148,24,7,0,8.95833
148,24,8,0,8.95833
148,24,9,0,8.95833
148,24,10,0,8.95833
148,24,11,0,8.95833
148,24,12,0,8.95833
148,24,13,0,8.95833
148,24,14,0,8.95833
148,24,15,0,8.95833
148,24,16,0,8.95833
148,24,17,0,8.95833
148,24,18,0,8.95833
148,24,19,0,8.95833
148,24,20,0,8.95833
148,24,21,0,8.95833
148,24,22,0,8.95833
148,24,23,0,8.95833
148,24,24,0,8.95833
148,24,25,0,8.95833
148,24,26,0,8.95833
148,24,27,0,8.95833
148,24,28,0,8.95833
148,24,29,0,8.95833
148,24,30,0,8.95833
148,24,31,0,8.95833
148,24,32,0,8.95833
148,24,33,0,8.95833
148,24,34,215,8.95833
148,24,35,0,8.95833
148,24,36,0,8.95833
148,24,37,0,8.95833
148,24,38,0,8.95833
148,24,39,0,8.95833
148,24,40,0,8.95833
148,24,41,0,8.95833
148,24,42,0,8.95833
148,24,43,0,8.95833
148,24,44,0,8.95833
148,24,45,0,8.95833
148,24,46,0,8.95833
148,24,47,0,8.95833
148,24,48,0,8.95833
148,24,49,0,8.95833
148,24,50,0,8.95833
148,24,51,0,8.95833
148,24,52,0,8.95833
148,24,53,0,8.95833
148,24,54,0,8.95833
148,24,55,0,8.95833
148,24,56,0,8.95833
148,24,57,0,8.95833
148,24,58,0,8.95833
148,24,59,0,8.95833
148,24,60,0,8.95833
148,24,61,0,8.95833
148,24,62,0,8.95833
148,24,63,0,8.95833
148,25,0,0,8.64
148,25,1,0,8.64
148,25,2,0,8.64
148,25,3,0,8.64
148,25,4,0,8.64
148,25,5,0,8.64
148,25,6,0,8.64
148,25,7,0,8.64
148,25,8,0,8.64
148,25,9,0,8.64
148,25,10,0,8.64
148,25,11,0,8.64
148,25,12,0,8.64
148,25,13,0,8.64
148,25,14,0,8.64
148,25,15,0,8.64
148,25,16,0,8.64
148,25,17,0,8.64
148,25,18,0,8.64
148,25,19,0,8.64
148,25,20,0,8.64
148,25,21,0,8.64
148,25,22,0,8.64
148,25,23,0,8.64
148,25,24,0,8.64
148,25,25,0,8.64
148,25,26,0,8.64
148,25,27,0,8.64
148,25,28,0,8.64
148,25,29,0,8.64
148,25,30,0,8.64
148,25,31,0,8.64
148,25,32,0,8.64
148,25,33,0,8.64
148,25,34,216,8.64
148,25,35,0,8.64
148,25,36,0,8.64
148,25,37,0,8.64
148,25,38,0,8.64
148,25,39,0,8.64
148,25,40,0,8.64
148,25,41,0,8.64
148,25,42,0,8.64
148,25,43,0,8.64
148,25,44,0,8.64
148,25,45,0,8.64
148,25,46,0,8.64
148,25,47,0,8.64
148,25,48,0,8.64
148,25,49,0,8.64
148,25,50,0,8.64
148,25,51,0,8.64
148,25,52,0,8.64
148,25,53,0,8.64
148,25,54,0,8.64
148,25,55,0,8.64
148,25,56,0,8.64
148,25,57,0,8.64
148,25,58,0,8.64
148,25,59,0,8.64
148,25,60,0,8.64
148,25,61,0,8.64
148,25,62,0,8.64
148,25,63,0,8.64
148,26,0,0,8.69231
148,26,1,0,8.69231
148,26,2,0,8.69231
148,26,3,0,8.69231
148,26,4,0,8.69231
148,26,5,0,8.69231
148,26,6,0,8.69231
148,26,7,0,8.69231
148,26,8,0,8.69231
148,26,9,0,8.69231
148,26,10,0,8.69231
148,26,11,0,8.69231
148,26,12,0,8.69231
148,26,13,0,8.69231
148,26,14,0,8.69231
148,26,15,0,8.69231
148,26,16,0,8.69231
148,26,17,0,8.69231
148,26,18,0,8.69231
148,26,19,0,8.69231
148,26,20,0,8.69231
148,26,21,0,8.69231
148,26,22,0,8.69231
148,26,23,0,8.69231
148,26,24,0,8.69231
148,26,25,0,8.69231
148,26,26,0,8.69231
148,26,27,0,8.69231
148,26,28,0,8.69231
148,26,29,0,8.69231
148,26,30,0,8.69231
148,26,31,0,8.69231
148,26,32,0,8.69231
148,26,33,0,8.69231
148,26,34,226,8.69231
148,26,35,0,8.69231
148,26,36,0,8.69231
148,26,37,0,8.69231
148,26,38,0,8.69231
148,26,39,0,8.69231
148,26,40,0,8.69231
148,26,41,0,8.69231
148,26,42,0,8.69231
148,26,43,0,8.69231
148,26,44,0,8.69231
148,26,45,0,8.69231
148,26,46,0,8.69231
148,26,47,0,8.69231
148,26,48,0,8.69231
148,26,49,0,8.69231
148,26,50,0,8.69231
148,26,51,0,8.69231
148,26,52,0,8.69231
148,26,53,0,8.69231
148,26,54,0,8.69231
148,26,55,0,8.69231
148,26,56,0,8.69231
148,26,57,0,8.69231
148,26,58,0,8.69231
148,26,59,0,8.69231
148,26,60,0,8.69231
148,26,61,0,8.69231
148,26,62,0,8.69231
148,26,63,0,8.69231
148,27,0,0,8.85185
148,27,1,0,8.85185
148,27,2,0,8.85185
148,27,3,0,8.85185
148,27,4,0,8.85185
148,27,5,0,8.85185
148,27,6,0,8.85185
148,27,7,0,8.85185
148,27,8,0,8.85185
148,27,9,0,8.85185
148,27,10,0,8.85185
148,27,11,0,8.85185
148,27,12,0,8.85185
148,27,13,0,8.85185
148,27,14,0,8.85185
148,27,15,0,8.85185
148,27,16,0,8.85185
148,27,17,0,8.85185
148,27,18,0,8.85185
148,27,19,0,8.85185
148,27,20,0,8.85185
148,27,21,0,8.85185
148,27,22,0,8.85185
148,27,23,0,8.85185
148,27,24,0,8.85185
148,27,25,0,8.85185
148,27,26,0,8.85185
148,27,27,0,8.85185
148,27,28,0,8.85185
148,27,29,0,8.85185
148,27,30,0,8.85185
148,27,31,0,8.85185
148,27,32,0,8.85185
148,27,33,0,8.85185
148,27,34,239,8.85185
148,27,35,0,8.85185
148,27,36,0,8.85185
148,27,37,0,8.85185
148,27,38,0,8.85185
148,27,39,0,8.85185
148,27,40,0,8.85185
148,27,41,0,8.85185
148,27,42,0,8.85185
148,27,43,0,8.85185
148,27,44,0,8.85185
148,27,45,0,8.85185
148,27,46,0,8.85185
148,27,47,0,8.85185
148,27,48,0,8.85185
148,27,49,0,8.85185
148,27,50,0,8.85185
148,27,51,0,8.85185
148,27,52,0,8.85185
148,27,53,0,8.85185
148,27,54,0,8.85185
148,27,55,0,8.85185
148,27,56,0,8.85185
148,27,57,0,8.85185
148,27,58,0,8.85185
148,27,59,0,8.85185
148,27,60,0,8.85185
148,27,61,0,8.85185
148,27,62,0,8.85185
148,27,63,0,8.85185
148,28,0,0,8.75
148,28,1,0,8.75
148,28,2,0,8.75
148,28,3,0,8.75
148,28,4,0,8.75
148,28,5,0,8.75
148,28,6,0,8.75
148,28,7,0,8.75
148,28,8,0,8.75
148,28,9,0,8.75
148,28,10,0,8.75
148,28,11,0,8.75
148,28,12,0,8.75
148,28,13,0,8.75
148,28,14,0,8.75
148,28,15,0,8.75
148,28,16,0,8.75
148,28,17,0,8.75
148,28,18,0,8.75
148,28,19,0,8.75
148,28,20,0,8.75
148,28,21,0,8.75
148,28,22,0,8.75
148,28,23,0,8.75
148,28,24,0,8.75
148,28,25,0,8.75
148,28,26,0,8.75
148,28,27,0,8.75
148,28,28,0,8.75
148,28,29,0,8.75
148,28,30,0,8.75
148,28,31,0,8.75
148,28,32,0,8.75
148,28,33,0,8.75
148,28,34,245,8.75
148,28,35,0,8.75
148,28,36,0,8.75
148,28,37,0,8.75
148,28,38,0,8.75
148,28,39,0,8.75
148,28,40,0,8.75
148,28,41,0,8.75
148,28,42,0,8.75
148,28,43,0,8.75
148,28,44,0,8.75
148,28,45,0,8.75
148,28,46,0,8.75
148,28,47,0,8.75
148,28,48,0,8.75
148,28,49,0,8.75
148,28,50,0,8.75
148,28,51,0,8.75
148,28,52,0,8.75
148,28,53,0,8.75
148,28,54,0,8.75
148,28,55,0,8.75
148,28,56,0,8.75
148,28,57,0,8.75
148,28,58,0,8.75
148,28,59,0,8.75
148,28,60,0,8.75
148,28,61,0,8.75
148,28,62,0,8.75
148,28,63,0,8.75
148,29,0,0,8.65517
148,29,1,0,8.65517
148,29,2,0,8.65517
148,29,3,0,8.65517
148,29,4,0,8.65517
148,29,5,0,8.65517
148,29,6,0,8.65517
148,29,7,0,8.65517
148,29,8,0,8.65517
148,29,9,0,8.65517
148,29,10,0,8.65517
148,29,11,0,8.65517
148,29,12,0,8.65517
148,29,13,0,8.65517
148,29,14,0,8.65517
148,29,15,0,8.65517
148,29,16,0,8.65517
148,29,17,0,8.65517
148,29,18,0,8.65517
148,29,19,0,8.65517
148,29,20,0,8.65517
148,29,21,0,8.65517
148,29,22,0,8.65517
148,29,23,0,8.65517
148,29,24,0,8.65517
148,29,25,0,8.65517
148,29,26,0,8.65517
148,29,27,0,8.65517
148,29,28,0,8.65517
148,29,29,0,8.65517
148,29,30,0,8.65517
148,29,31,0,8.65517
148,29,32,0,8.65517
148,29,33,0,8.65517
148,29,34,251,8.65517
148,29,35,0,8.65517
148,29,36,0,8.65517
148,29,37,0,8.65517
148,29,38,0,8.65517
148,29,39,0,8.65517
148,29,40,0,8.65517
148,29,41,0,8.65517
148,29,42,0,8.65517
148,29,43,0,8.65517
148,29,44,0,8.65517
148,29,45,0,8.65517
148,29,46,0,8.65517
148,29,47,0,8.65517
148,29,48,0,8.65517
148,29,49,0,8.65517
148,29,50,0,8.65517
148,29,51,0,8.65517
148,29,52,0,8.65517
148,29,53,0,8.65517
148,29,54,0,8.65517
148,29,55,0,8.65517
148,29,56,0,8.65517
148,29,57,0,8.65517
148,29,58,0,8.65517
148,29,59,0,8.65517
148,29,60,0,8.65517
148,29,61,0,8.65517
148,29,62,0,8.65517
148,29,63,0,8.65517
148,30,0,0,8.56667
148,30,1,0,8.56667
148,30,2,0,8.56667
148,30,3,0,8.56667
148,30,4,0,8.56667
148,30,5,0,8.56667
148,30,6,0,8.56667
148,30,7,0,8.56667
148,30,8,0,8.56667
148,30,9,0,8.56667
148,30,10,0,8.56667
148,30,11,0,8.56667
148,30,12,0,8.56667
148,30,13,0,8.56667
148,30,14,0,8.56667
148,30,15,0,8.56667
148,30,16,0,8.56667
148,30,17,0,8.56667
148,30,18,0,8.56667
148,30,19,0,8.56667
148,30,20,0,8.56667
148,30,21,0,8.56667
148,30,22,0,8.56667
148,30,23,0,8.56667
148,30,24,0,8.56667
148,30,25,0,8.56667
148,30,26,0,8.56667
148,30,27,0,8.56667
148,30,28,0,8.56667
148,30,29,0,8.56667
148,30,30,0,8.56667
148,30,31,0,8.56667
148,30,32,0,8.56667
148,30,33,0,8.56667
148,30,34,257,8.56667
148,30,35,0,8.56667
148,30,36,0,8.56667
148,30,37,0,8.56667
148,30,38,0,8.56667
148,30,39,0,8.56667
148,30,40,0,8.56667
148,30,41,0,8.56667
148,30,42,0,8.56667
148,30,43,0,8.56667
148,30,44,0,8.56667
148,30,45,0,8.56667
148,30,46,0,8.56667
148,30,47,0,8.56667
148,30,48,0,8.56667
148,30,49,0,8.56667
148,30,50,0,8.56667
148,30,51,0,8.56667
148,30,52,0,8.56667
148,30,53,0,8.56667
148,30,54,0,8.56667
148,30,55,0,8.56667
148,30,56,0,8.56667
148,30,57,0,8.56667
148,30,58,0,8.56667
148,30,59,0,8.56667
148,30,60,0,8.56667
148,30,61,0,8.56667
148,30,62,0,8.56667
148,30,63,0,8.56667
148,31,0,0,8.51613
148,31,1,0,8.51613
148,31,2,0,8.51613
148,31,3,0,8.51613
148,31,4,0,8.51613
148,31,5,0,8.51613
148,31,6,0,8.51613
148,31,7,0,8.51613
148,31,8,0,8.51613
148,31,9,0,8.51613
148,31,10,0,8.51613
148,31,11,0,8.51613
148,31,12,0,8.51613
148,31,13,0,8.51613
148,31,14,0,8.51613
148,31,15,0,8.51613
148,31,16,0,8.51613
148,31,17,0,8.51613
148,31,18,0,8.51613
148,31,19,0,8.51613
148,31,20,0,8.51613
148,31,21,0,8.51613
148,31,22,0,8.51613
148,31,23,0,8.51613
148,31,24,0,8.51613
148,31,25,0,8.51613
148,31,26,0,8.51613
148,31,27,0,8.51613
148,31,28,0,8.51613
148,31,29,0,8.51613
148,31,30,0,8.51613
148,31,31,0,8.51613
148,31,32,0,8.51613
148,31,33,0,8.51613
148,31,34,264,8.51613
148,31,35,0,8.51613
148,31,36,0,8.51613
148,31,37,0,8.51613
148,31,38,0,8.51613
148,31,39,0,8.51613
148,31,40,0,8.51613
148,31,41,0,8.51613
148,31,42,0,8.51613
148,31,43,0,8.51613
148,31,44,0,8.51613
148,31,45,0,8.51613
148,31,46,0,8.51613
148,31,47,0,8.51613
148,31,48,0,8.51613
148,31,49,0,8.51613
148,31,50,0,8.51613
148,31,51,0,8.51613
148,31,52,0,8.51613
148,31,53,0,8.51613
148,31,54,0,8.51613
148,31,55,0,8.51613
148,31,56,0,8.51613
148,31,57,0,8.51613
148,31,58,0,8.51613
148,31,59,0,8.51613
148,31,60,0,8.51613
148,31,61,0,8.51613
148,31,62,0,8.51613
148,31,63,0,8.51613
148,32,0,0,8.71875
148,32,1,0,8.71875
148,32,2,0,8.71875
148,32,3,0,8.71875
148,32,4,0,8.71875
148,32,5,0,8.71875
148,32,6,0,8.71875
148,32,7,0,8.71875
148,32,8,0,8.71875
148,32,9,0,8.71875
148,32,10,0,8.71875
148,32,11,0,8.71875
148,32,12,0,8.71875
148,32,13,0,8.71875
148,32,14,0,8.71875
148,32,15,0,8.71875
148,32,16,0,8.71875
148,32,17,0,8.71875
148,32,18,0,8.71875
148,32,19,0,8.71875
148,32,20,0,8.71875
148,32,21,0,8.71875
148,32,22,0,8.71875
148,32,23,0,8.71875
148,32,24,0,8.71875
148,32,25,0,8.71875
148,32,26,0,8.71875
148,32,27,0,8.71875
148,32,28,0,8.71875
148,32,29,0,8.71875
148,32,30,0,8.71875
148,32,31,0,8.71875
148,32,32,0,8.71875
148,32,33,0,8.71875
148,32,34,279,8.71875
148,32,35,0,8.71875
148,32,36,0,8.71875
148,32,37,0,8.71875
148,32,38,0,8.71875
148,32,39,0,8.71875
148,32,40,0,8.71875
148,32,41,0,8.71875
148,32,42,0,8.71875
148,32,43,0,8.71875
148,32,44,0,8.71875
148,32,45,0,8.71875
148,32,46,0,8.71875
148,32,47,0,8.71875
148,32,48,0,8.71875
148,32,49,0,8.71875
148,32,50,0,8.71875
148,32,51,0,8.71875
148,32,52,0,8.71875
148,32,53,0,8.71875
148,32,54,0,8.71875
148,32,55,0,8.71875
148,32,56,0,8.71875
148,32,57,0,8.71875
148,32,58,0,8.71875
148,32,59,0,8.71875
148,32,60,0,8.71875
148,32,61,0,8.71875
148,32,62,0,8.71875
148,32,63,0,8.71875
148,33,0,0,9.0303
148,33,1,0,9.0303
148,33,2,0,9.0303
148,33,3,0,9.0303
148,33,4,0,9.0303
148,33,5,0,9.0303
148,33,6,0,9.0303
148,33,7,0,9.0303
148,33,8,0,9.0303
148,33,9,0,9.0303
148,33,10,0,9.0303
148,33,11,0,9.0303
148,33,12,0,9.0303
148,33,13,0,9.0303
148,33,14,0,9.0303
148,33,15,0,9.0303
148,33,16,0,9.0303
148,33,17,0,9.0303
148,33,18,0,9.0303
148,33,19,0,9.0303
148,33,20,0,9.0303
148,33,21,0,9.0303
148,33,22,0,9.0303
148,33,23,0,9.0303
148,33,24,0,9.0303
148,33,25,0,9.0303
148,33,26,0,9.0303
148,33,27,0,9.0303
148,33,28,0,9.0303
148,33,29,0,9.0303
148,33,30,0,9.0303
148,33,31,0,9.0303
148,33,32,0,9.0303
148,33,33,0,9.0303
148,33,34,298,9.0303
148,33,35,0,9.0303
148,33,36,0,9.0303
148,33,37,0,9.0303
148,33,38,0,9.0303
148,33,39,0,9.0303
148,33,40,0,9.0303
148,33,41,0,9.0303
148,33,42,0,9.0303
148,33,43,0,9.0303
148,33,44,0,9.0303
148,33,45,0,9.0303
148,33,46,0,9.0303
148,33,47,0,9.0303
148,33,48,0,9.0303
148,33,49,0,9.0303
148,33,50,0,9.0303
148,33,51,0,9.0303
148,33,52,0,9.0303
148,33,53,0,9.0303
148,33,54,0,9.0303
148,33,55,0,9.0303
148,33,56,0,9.0303
148,33,57,0,9.0303
148,33,58,0,9.0303
148,33,59,0,9.0303
148,33,60,0,9.0303
148,33,61,0,9.0303
148,33,62,0,9.0303
148,33,63,0,9.0303
148,34,0,0,9.79412
148,34,1,0,9.79412
148,34,2,0,9.79412
148,34,3,0,9.79412
148,34,4,0,9.79412
148,34,5,0,9.79412
148,34,6,0,9.79412
148,34,7,0,9.79412
148,34,8,0,9.79412
148,34,9,0,9.79412
148,34,10,0,9.79412
148,34,11,0,9.79412
148,34,12,0,9.79412
148,34,13,0,9.79412
148,34,14,0,9.79412
148,34,15,0,9.79412
148,34,16,0,9.79412
148,34,17,0,9.79412
148,34,18,0,9.79412
148,34,19,0,9.79412
148,34,20,0,9.79412
148,34,21,0,9.79412
148,34,22,0,9.79412
148,34,23,0,9.79412
148,34,24,0,9.79412
148,34,25,0,9.79412
148,34,26,0,9.79412
148,34,27,0,9.79412
148,34,28,0,9.79412
148,34,29,0,9.79412
148,34,30,0,9.79412
148,34,31,0,9.79412
148,34,32,0,9.79412
148,34,33,0,9.79412
148,34,34,333,9.79412
148,34,35,0,9.79412
148,34,36,0,9.79412
148,34,37,0,9.79412
148,34,38,0,9.79412
148,34,39,0,9.79412
148,34,40,0,9.79412
148,34,41,0,9.79412
148,34,42,0,9.79412
148,34,43,0,9.79412
148,34,44,0,9.79412
148,34,45,0,9.79412
148,34,46,0,9.79412
148,34,47,0,9.79412
148,34,48,0,9.79412
148,34,49,0,9.79412
148,34,50,0,9.79412
148,34,51,0,9.79412
148,34,52,0,9.79412
148,34,53,0,9.79412
148,34,54,0,9.79412
148,34,55,0,9.79412
148,34,56,0,9.79412
148,34,57,0,9.79412
148,34,58,0,9.79412
148,34,59,0,9.79412
148,34,60,0,9.79412
148,34,61,0,9.79412
148,34,62,0,9.79412
148,34,63,0,9.79412
148,35,0,0,10.1714
148,35,1,0,10.1714
148,35,2,0,10.1714
148,35,3,0,10.1714
148,35,4,0,10.1714
148,35,5,0,10.1714
148,35,6,0,10.1714
148,35,7,0,10.1714
148,35,8,0,10.1714
148,35,9,0,10.1714
148,35,10,0,10.1714
148,35,11,0,10.1714
148,35,12,0,10.1714
148,35,13,0,10.1714
148,35,14,0,10.1714
148,35,15,0,10.1714
148,35,16,0,10.1714
148,35,17,0,10.1714
148,35,18,0,10.1714
148,35,19,0,10.1714
148,35,20,0,10.1714
148,35,21,0,10.1714
148,35,22,0,10.1714
148,35,23,0,10.1714
148,35,24,0,10.1714
148,35,25,0,10.1714
148,35,26,0,10.1714
148,35,27,0,10.1714
148,35,28,0,10.1714
148,35,29,0,10.1714
148,35,30,0,10.1714
148,35,31,0,10.1714
148,35,32,0,10.1714
148,35,33,0,10.1714
148,35,34,356,10.1714
148,35,35,0,10.1714
148,35,36,0,10.1714
148,35,37,0,10.1714
148,35,38,0,10.1714
148,35,39,0,10.1714
148,35,40,0,10.1714
148,35,41,0,10.1714
148,35,42,0,10.1714
148,35,43,0,10.1714
148,35,44,0,10.1714
148,35,45,0,10.1714
148,35,46,0,10.1714
148,35,47,0,10.1714
148,35,48,0,10.1714
148,35,49,0,10.1714
148,35,50,0,10.1714
148,35,51,0,10.1714
148,35,52,0,10.1714
148,35,53,0,10.1714
148,35,54,0,10.1714
148,35,55,0,10.1714
148,35,56,0,10.1714
148,35,57,0,10.1714
148,35,58,0,10.1714
148,35,59,0,10.1714
148,35,60,0,10.1714
148,35,61,0,10.1714
148,35,62,0,10.1714
148,35,63,0,10.1714
148,36,0,0,10.4167
148,36,1,0,10.4167
148,36,2,0,10.4167
148,36,3,0,10.4167
148,36,4,0,10.4167
148,36,5,0,10.4167
148,36,6,0,10.4167
148,36,7,0,10.4167
148,36,8,0,10.4167
148,36,9,0,10.4167
148,36,10,0,10.4167
148,36,11,0,10.4167
148,36,12,0,10.4167
148,36,13,0,10.4167
148,36,14,0,10.4167
148,36,15,0,10.4167
148,36,16,0,10.4167
148,36,17,0,10.4167
148,36,18,0,10.4167
148,36,19,0,10.4167
148,36,20,0,10.4167
148,36,21,0,10.4167
148,36,22,0,10.4167
148,36,23,0,10.4167
148,36,24,0,10.4167
148,36,25,0,10.4167
148,36,26,0,10.4167
148,36,27,0,10.4167
148,36,28,0,10.4167
148,36,29,0,10.4167
148,36,30,0,10.4167
148,36,31,0,10.4167
148,36,32,0,10.4167
148,36,33,0,10.4167
148,36,34,375,10.4167
148,36,35,0,10.4167
148,36,36,0,10.4167
148,36,37,0,10.4167
148,36,38,0,10.4167
148,36,39,0,10.4167
148,36,40,0,10.4167
148,36,41,0,10.4167
148,36,42,0,10.4167
148,36,43,0,10.4167
148,36,44,0,10.4167
148,36,45,0,10.4167
148,36,46,0,10.4167
148,36,47,0,10.4167
148,36,48,0,10.4167
148,36,49,0,10.4167
148,36,50,0,10.4167
148,36,51,0,10.4167
148,36,52,0,10.4167
148,36,53,0,10.4167
148,36,54,0,10.4167
148,36,55,0,10.4167
148,36,56,0,10.4167
148,36,57,0,10.4167
148,36,58,0,10.4167
148,36,59,0,10.4167
148,36,60,0,10.4167
148,36,61,0,10.4167
148,36,62,0,10.4167
148,36,63,0,10.4167
148,37,0,0,10.8378
148,37,1,0,10.8378
148,37,2,0,10.8378
148,37,3,0,10.8378
148,37,4,0,10.8378
148,37,5,0,10.8378
148,37,6,0,10.8378
148,37,7,0,10.8378
148,37,8,0,10.8378
148,37,9,0,10.8378
148,37,10,0,10.8378
148,37,11,0,10.8378
148,37,12,0,10.8378
148,37,13,0,10.8378
148,37,14,0,10.8378
148,37,15,0,10.8378
148,37,16,0,10.8378
148,37,17,0,10.8378
148,37,18,0,10.8378
148,37,19,0,10.8378
148,37,20,0,10.8378
148,37,21,0,10.8378
148,37,22,0,10.8378
148,37,23,0,10.8378
148,37,24,0,10.8378
148,37,25,0,10.8378
148,37,26,0,10.8378
148,37,27,0,10.8378
148,37,28,0,10.8378
148,37,29,0,10.8378
148,37,30,0,10.8378
148,37,31,0,10.8378
148,37,32,0,10.8378
148,37,33,0,10.8378
148,37,34,401,10.8378
148,37,35,0,10.8378
148,37,36,0,10.8378
148,37,37,0,10.8378
148,37,38,0,10.8378
148,37,39,0,10.8378
148,37,40,0,10.8378
148,37,41,0,10.8378
148,37,42,0,10.8378
148,37,43,0,10.8378
148,37,44,0,10.8378
148,37,45,0,10.8378
148,37,46,0,10.8378
148,37,47,0,10.8378
148,37,48,0,10.8378
148,37,49,0,10.8378
148,37,50,0,10.8378
148,37,51,0,10.8378
148,37,52,0,10.8378
148,37,53,0,10.8378
148,37,54,0,10.8378
148,37,55,0,10.8378
148,37,56,0,10.8378
148,37,57,0,10.8378
148,37,58,0,10.8378
148,37,59,0,10.8378
148,37,60,0,10.8378
148,37,61,0,10.8378
148,37,62,0,10.8378
148,37,63,0,10.8378
148,38,0,0,10.6053
148,38,1,0,10.6053
148,38,2,0,10.6053
148,38,3,0,10.6053
148,38,4,0,10.6053
148,38,5,0,10.6053
148,38,6,0,10.6053
148,38,7,0,10.6053
148,38,8,0,10.6053
148,38,9,0,10.6053
148,38,10,0,10.6053
148,38,11,0,10.6053
148,38,12,0,10.6053
148,38,13,0,10.6053
148,38,14,0,10.6053
148,38,15,0,10.6053
148,38,16,0,10.6053
148,38,17,0,10.6053
148,38,18,0,10.6053
148,38,19,0,10.6053
148,38,20,0,10.6053
148,38,21,0,10.6053
148,38,22,0,10.6053
148,38,23,0,10.6053
148,38,24,0,10.6053
148,38,25,0,10.6053
148,38,26,0,10.6053
148,38,27,0,10.6053
148,38,28,0,10.6053
148,38,29,0,10.6053
148,38,30,0,10.6053
148,38,31,0,10.6053
148,38,32,0,10.6053
148,38,33,0,10.6053
148,38,34,403,10.6053
148,38,35,0,10.6053
148,38,36,0,10.6053
148,38,37,0,10.6053
148,38,38,0,10.6053
148,38,39,0,10.6053
148,38,40,0,10.6053
148,38,41,0,10.6053
148,38,42,0,10.6053
148,38,43,0,10.6053
148,38,44,0,10.6053
148,38,45,0,10.6053
148,38,46,0,10.6053
148,38,47,0,10.6053
148,38,48,0,10.6053
148,38,49,0,10.6053
148,38,50,0,10.6053
148,38,51,0,10.6053
148,38,52,0,10.6053
148,38,53,0,10.6053
148,38,54,0,10.6053
148,38,55,0,10.6053
148,38,56,0,10.6053
148,38,57,0,10.6053
148,38,58,0,10.6053
148,38,59,0,10.6053
148,38,60,0,10.6053
148,38,61,0,10.6053
148,38,62,0,10.6053
148,38,63,0,10.6053
148,39,0,0,10.4872
148,39,1,0,10.4872
148,39,2,0,10.4872
148,39,3,0,10.4872
148,39,4,0,10.4872
148,39,5,0,10.4872
148,39,6,0,10.4872
148,39,7,0,10.4872
148,39,8,0,10.4872
148,39,9,0,10.4872
148,39,10,0,10.4872
148,39,11,0,10.4872
148,39,12,0,10.4872
148,39,13,0,10.4872
148,39,14,0,10.4872
148,39,15,0,10.4872
148,39,16,0,10.4872
148,39,17,0,10.4872
148,39,18,0,10.4872
148,39,19,0,10.4872
148,39,20,0,10.4872
148,39,21,0,10.4872
148,39,22,0,10.4872
148,39,23,0,10.4872
148,39,24,0,10.4872
148,39,25,0,10.4872
148,39,26,0,10.4872
148,39,27,0,10.4872
148,39,28,0,10.4872
148,39,29,0,10.4872
148,39,30,0,10.4872
148,39,31,0,10.4872
148,39,32,0,10.4872
148,39,33,0,10.4872
148,39,34,409,10.4872
148,39,35,0,10.4872
148,39,36,0,10.4872
148,39,37,0,10.4872
148,39,38,0,10.4872
148,39,39,0,10.4872
148,39,40,0,10.4872
148,39,41,0,10.4872
148,39,42,0,10.4872
148,39,43,0,10.4872
148,39,44,0,10.4872
148,39,45,0,10.4872
148,39,46,0,10.4872
148,39,47,0,10.4872
148,39,48,0,10.4872
148,39,49,0,10.4872
148,39,50,0,10.4872
148,39,51,0,10.4872
148,39,52,0,10.4872
148,39,53,0,10.4872
148,39,54,0,10.4872
148,39,55,0,10.4872
148,39,56,0,10.4872
148,39,57,0,10.4872
148,39,58,0,10.4872
148,39,59,0,10.4872
148,39,60,0,10.4872
148,39,61,0,10.4872
148,39,62,0,10.4872
148,39,63,0,10.4872
148,40,0,0,10.225
148,40,1,0,10.225
148,40,2,0,10.225
148,40,3,0,10.225
148,40,4,0,10.225
148,40,5,0,10.225
148,40,6,0,10.225
148,40,7,0,10.225
148,40,8,0,10.225
148,40,9,0,10.225
148,40,10,0,10.225
148,40,11,0,10.225
148,40,12,0,10.225
148,40,13,0,10.225
148,40,14,0,10.225
148,40,15,0,10.225
148,40,16,0,10.225
148,40,17,0,10.225
148,40,18,0,10.225
148,40,19,0,10.225
148,40,20,0,10.225
148,40,21,0,10.225
148,40,22,0,10.225
148,40,23,0,10.225
148,40,24,0,10.225
148,40,25,0,10.225
148,40,26,0,10.225
148,40,27,0,10.225
148,40,28,0,10.225
148,40,29,0,10.225
148,40,30,0,10.225
148,40,31,0,10.225
148,40,32,0,10.225
148,40,33,0,10.225
148,40,34,409,10.225
148,40,35,0,10.225
148,40,36,0,10.225
148,40,37,0,10.225
148,40,38,0,10.225
148,40,39,0,10.225
148,40,40,0,10.225
148,40,41,0,10.225
148,40,42,0,10.225
148,40,43,0,10.225
148,40,44,0,10.225
148,40,45,0,10.225
148,40,46,0,10.225
148,40,47,0,10.225
148,40,48,0,10.225
148,40,49,0,10.225
148,40,50,0,10.225
148,40,51,0,10.225
148,40,52,0,10.225
148,40,53,0,10.225
148,40,54,0,10.225
148,40,55,0,10.225
148,40,56,0,10.225
148,40,57,0,10.225
148,40,58,0,10.225
148,40,59,0,10.225
148,40,60,0,10.225
148,40,61,0,10.225
148,40,62,0,10.225
148,40,63,0,10.225
148,41,0,0,10.0732
148,41,1,0,10.0732
148,41,2,0,10.0732
148,41,3,0,10.0732
148,41,4,0,10.0732
148,41,5,0,10.0732
148,41,6,0,10.0732
148,41,7,0,10.0732
148,41,8,0,10.0732
148,41,9,0,10.0732
148,41,10,0,10.0732
148,41,11,0,10.0732
148,41,12,0,10.0732
148,41,13,0,10.0732
148,41,14,0,10.0732
148,41,15,0,10.0732
148,41,16,0,10.0732
148,41,17,0,10.0732
148,41,18,0,10.0732
148,41,19,0,10.0732
148,41,20,0,10.0732
148,41,21,0,10.0732
148,41,22,0,10.0732
148,41,23,0,10.0732
148,41,24,0,10.0732
148,41,25,0,10.0732
148,41,26,0,10.0732
148,41,27,0,10.0732
148,41,28,0,10.0732
148,41,29,0,10.0732
148,41,30,0,10.0732
148,41,31,0,10.0732
148,41,32,0,10.0732
148,41,33,0,10.0732
148,41,34,413,10.0732
148,41,35,0,10.0732
148,41,36,0,10.0732
148,41,37,0,10.0732
148,41,38,0,10.0732
148,41,39,0,10.0732
148,41,40,0,10.0732
148,41,41,0,10.0732
148,41,42,0,10.0732
148,41,43,0,10.0732
148,41,44,0,10.0732
148,41,45,0,10.0732
148,41,46,0,10.0732
148,41,47,0,10.0732
148,41,48,0,10.0732
148,41,49,0,10.0732
148,41,50,0,10.0732
148,41,51,0,10.0732
148,41,52,0,10.0732
148,41,53,0,10.0732
148,41,54,0,10.0732
148,41,55,0,10.0732
148,41,56,0,10.0732
148,41,57,0,10.0732
148,41,58,0,10.0732
148,41,59,0,10.0732
148,41,60,0,10.0732
148,41,61,0,10.0732
148,41,62,0,10.0732
148,41,63,0,10.0732
148,42,0,0,9.97619
148,42,1,0,9.97619
148,42,2,0,9.97619
148,42,3,0,9.97619
148,42,4,0,9.97619
148,42,5,0,9.97619
148,42,6,0,9.97619
148,42,7,0,9.97619
148,42,8,0,9.97619
148,42,9,0,9.97619
148,42,10,0,9.97619
148,42,11,0,9.97619
148,42,12,0,9.97619
148,42,13,0,9.97619
148,42,14,0,9.97619
148,42,15,0,9.97619
148,42,16,0,9.97619
148,42,17,0,9.97619
148,42,18,0,9.97619
148,42,19,0,9.97619
148,42,20,0,9.97619
148,42,21,0,9.97619
148,42,22,0,9.97619
148,42,23,0,9.97619
148,42,24,0,9.97619
148,42,25,0,9.97619
148,42,26,0,9.97619
148,42,27,0,9.97619
148,42,28,0,9.97619
148,42,29,0,9.97619
148,42,30,0,9.97619
148,42,31,0,9.97619
148,42,32,0,9.97619
148,42,33,0,9.97619
148,42,34,419,9.97619
148,42,35,0,9.97619
148,42,36,0,9.97619
148,42,37,0,9.97619
148,42,38,0,9.97619
148,42,39,0,9.97619
148,42,40,0,9.97619
148,42,41,0,9.97619
148,42,42,0,9.97619
148,42,43,0,9.97619
148,42,44,0,9.97619
148,42,45,0,9.97619
148,42,46,0,9.97619
148,42,47,0,9.97619
148,42,48,0,9.97619
148,42,49,0,9.97619
148,42,50,0,9.97619
148,42,51,0,9.97619
148,42,52,0,9.97619
148,42,53,0,9.97619
148,42,54,0,9.97619
148,42,55,0,9.97619
148,42,56,0,9.97619
148,42,57,0,9.97619
148,42,58,0,9.97619
148,42,59,0,9.97619
148,42,60,0,9.97619
148,42,61,0,9.97619
148,42,62,0,9.97619
148,42,63,0,9.97619
148,43,0,0,9.86047
148,43,1,0,9.86047
148,43,2,0,9.86047
148,43,3,0,9.86047
148,43,4,0,9.86047
148,43,5,0,9.86047
148,43,6,0,9.86047
148,43,7,0,9.86047
148,43,8,0,9.86047
148,43,9,0,9.86047
148,43,10,0,9.86047
148,43,11,0,9.86047
148,43,12,0,9.86047
148,43,13,0,9.86047
148,43,14,0,9.86047
148,43,15,0,9.86047
148,43,16,0,9.86047
148,43,17,0,9.86047
148,43,18,0,9.86047
148,43,19,0,9.86047
148,43,20,0,9.86047
148,43,21,0,9.86047
148,43,22,0,9.86047
148,43,23,0,9.86047
148,43,24,0,9.86047
148,43,25,0,9.86047
148,43,26,0,9.86047
148,43,27,0,9.86047
148,43,28,0,9.86047
148,43,29,0,9.86047
148,43,30,0,9.86047
148,43,31,0,9.86047
148,43,32,0,9.86047
148,43,33,0,9.86047
148,43,34,424,9.86047
148,43,35,0,9.86047
148,43,36,0,9.86047
148,43,37,0,9.86047
148,43,38,0,9.86047
148,43,39,0,9.86047
148,43,40,0,9.86047
148,43,41,0,9.86047
148,43,42,0,9.86047
148,43,43,0,9.86047
148,43,44,0,9.86047
148,43,45,0,9.86047
148,43,46,0,9.86047
148,43,47,0,9.86047
148,43,48,0,9.86047
148,43,49,0,9.86047
148,43,50,0,9.86047
148,43,51,0,9.86047
148,43,52,0,9.86047
148,43,53,0,9.86047
148,43,54,0,9.86047
148,43,55,0,9.86047
148,43,56,0,9.86047
148,43,57,0,9.86047
148,43,58,0,9.86047
148,43,59,0,9.86047
148,43,60,0,9.86047
148,43,61,0,9.86047
148,43,62,0,9.86047
148,43,63,0,9.86047
148,44,0,0,9.70455
148,44,1,0,9.70455
148,44,2,0,9.70455
148,44,3,0,9.70455
148,44,4,0,9.70455
148,44,5,0,9.70455
148,44,6,0,9.70455
148,44,7,0,9.70455
148,44,8,0,9.70455
148,44,9,0,9.70455
148,44,10,0,9.70455
148,44,11,0,9.70455
148,44,12,0,9.70455
148,44,13,0,9.70455
148,44,14,0,9.70455
148,44,15,0,9.70455
148,44,16,0,9.70455
148,44,17,0,9.70455
148,44,18,0,9.70455
148,44,19,0,9.70455
148,44,20,0,9.70455
148,44,21,0,9.70455
148,44,22,0,9.70455
148,44,23,0,9.70455
148,44,24,0,9.70455
148,44,25,0,9.70455
148,44,26,0,9.70455
148,44,27,0,9.70455
148,44,28,0,9.70455
148,44,29,0,9.70455
148,44,30,0,9.70455
148,44,31,0,9.70455
148,44,32,0,9.70455
148,44,33,0,9.70455
148,44,34,427,9.70455
148,44,35,0,9.70455
148,44,36,0,9.70455
148,44,37,0,9.70455
148,44,38,0,9.70455
148,44,39,0,9.70455
148,44,40,0,9.70455
148,44,41,0,9.70455
148,44,42,0,9.70455
148,44,43,0,9.70455
148,44,44,0,9.70455
148,44,45,0,9.70455
148,44,46,0,9.70455
148,44,47,0,9.70455
148,44,48,0,9.70455
148,44,49,0,9.70455
148,44,50,0,9.70455
148,44,51,0,9.70455
148,44,52,0,9.70455
148,44,53,0,9.70455
148,44,54,0,9.70455
148,44,55,0,9.70455
148,44,56,0,9.70455
148,44,57,0,9.70455
148,44,58,0,9.70455
148,44,59,0,9.70455
148,44,60,0,9.70455
148,44,61,0,9.70455
148,44,62,0,9.70455
148,44,63,0,9.70455
148,45,0,0,9.84444
148,45,1,0,9.84444
148,45,2,0,9.84444
148,45,3,0,9.84444
148,45,4,0,9.84444
148,45,5,0,9.84444
148,45,6,0,9.84444
148,45,7,0,9.84444
148,45,8,0,9.84444
148,45,9,0,9.84444
148,45,10,0,9.84444
148,45,11,0,9.84444
148,45,12,0,9.84444
148,45,13,0,9.84444
148,45,14,0,9.84444
148,45,15,0,9.84444
148,45,16,0,9.84444
148,45,17,0,9.84444
148,45,18,0,9.84444
148,45,19,0,9.84444
148,45,20,0,9.84444
148,45,21,0,9.84444
148,45,22,0,9.84444
148,45,23,0,9.84444
148,45,24,0,9.84444
148,45,25,0,9.84444
148,45,26,0,9.84444
148,45,27,0,9.84444
148,45,28,0,9.84444
148,45,29,0,9.84444
148,45,30,0,9.84444
148,45,31,0,9.84444
148,45,32,0,9.84444
148,45,33,0,9.84444
148,45,34,443,9.84444
148,45,35,0,9.84444
148,45,36,0,9.84444
148,45,37,0,9.84444
148,45,38,0,9.84444
148,45,39,0,9.84444
148,45,40,0,9.84444
148,45,41,0,9.84444
148,45,42,0,9.84444
148,45,43,0,9.84444
148,45,44,0,9.84444
148,45,45,0,9.84444
148,45,46,0,9.84444
148,45,47,0,9.84444
148,45,48,0,9.84444
148,45,49,0,9.84444
148,45,50,0,9.84444
148,45,51,0,9.84444
148,45,52,0,9.84444
148,45,53,0,9.84444
148,45,54,0,9.84444
148,45,55,0,9.84444
148,45,56,0,9.84444
148,45,57,0,9.84444
148,45,58,0,9.84444
148,45,59,0,9.84444
148,45,60,0,9.84444
148,45,61,0,9.84444
148,45,62,0,9.84444
148,45,63,0,9.84444
148,46,0,0,9.82609
148,46,1,0,9.82609
148,46,2,0,9.82609
148,46,3,0,9.82609
148,46,4,0,9.82609
148,46,5,0,9.82609
148,46,6,0,9.82609
148,46,7,0,9.82609
148,46,8,0,9.82609
148,46,9,0,9.82609
148,46,10,0,9.82609
148,46,11,0,9.82609
148,46,12,0,9.82609
148,46,13,0,9.82609
148,46,14,0,9.82609
148,46,15,0,9.82609
148,46,16,0,9.82609
148,46,17,0,9.82609
148,46,18,0,9.82609
148,46,19,0,9.82609
148,46,20,0,9.82609
148,46,21,0,9.82609
148,46,22,0,9.82609
148,46,23,0,9.82609
148,46,24,0,9.82609
148,46,25,0,9.82609
148,46,26,0,9.82609
148,46,27,0,9.82609
148,46,28,0,9.82609
148,46,29,0,9.82609
148,46,30,0,9.82609
148,46,31,0,9.82609
148,46,32,0,9.82609
148,46,33,0,9.82609
148,46,34,452,9.82609
148,46,35,0,9.82609
148,46,36,0,9.82609
148,46,37,0,9.82609
148,46,38,0,9.82609
148,46,39,0,9.82609
148,46,40,0,9.82609
148,46,41,0,9.82609
148,46,42,0,9.82609
148,46,43,0,9.82609
148,46,44,0,9.82609
148,46,45,0,9.82609
148,46,46,0,9.82609
148,46,47,0,9.82609
148,46,48,0,9.82609
148,46,49,0,9.82609
148,46,50,0,9.82609
148,46,51,0,9.82609
148,46,52,0,9.82609
148,46,53,0,9.82609
148,46,54,0,9.82609
148,46,55,0,9.82609
148,46,56,0,9.82609
148,46,57,0,9.82609
148,46,58,0,9.82609
148,46,59,0,9.82609
148,46,60,0,9.82609
148,46,61,0,9.82609
148,46,62,0,9.82609
148,46,63,0,9.82609
148,47,0,0,9.74468
148,47,1,0,9.74468
148,47,2,0,9.74468
148,47,3,0,9.74468
148,47,4,0,9.74468
148,47,5,0,9.74468
148,47,6,0,9.74468
148,47,7,0,9.74468
148,47,8,0,9.74468
148,47,9,0,9.74468
148,47,10,0,9.74468
148,47,11,0,9.74468
148,47,12,0,9.74468
148,47,13,0,9.74468
148,47,14,0,9.74468
148,47,15,0,9.74468
148,47,16,0,9.74468
148,47,17,0,9.74468
148,47,18,0,9.74468
148,47,19,0,9.74468
148,47,20,0,9.74468
148,47,21,0,9.74468
148,47,22,0,9.74468
148,47,23,0,9.74468
148,47,24,0,9.74468
148,47,25,0,9.74468
148,47,26,0,9.74468
148,47,27,0,9.74468
148,47,28,0,9.74468
148,47,29,0,9.74468
148,47,30,0,9.74468
148,47,31,0,9.74468
148,47,32,0,9.74468
148,47,33,0,9.74468
148,47,34,458,9.74468
148,47,35,0,9.74468
148,47,36,0,9.74468
148,47,37,0,9.74468
148,47,38,0,9.74468
148,47,39,0,9.74468
148,47,40,0,9.74468
148,47,41,0,9.74468
148,47,42,0,9.74468
148,47,43,0,9.74468
148,47,44,0,9.74468
148,47,45,0,9.74468
148,47,46,0,9.74468
148,47,47,0,9.74468
148,47,48,0,9.74468
148,47,49,0,9.74468
148,47,50,0,9.74468
148,47,51,0,9.74468
148,47,52,0,9.74468
148,47,53,0,9.74468
148,47,54,0,9.74468
148,47,55,0,9.74468
148,47,56,0,9.74468
148,47,57,0,9.74468
148,47,58,0,9.74468
148,47,59,0,9.74468
148,47,60,0,9.74468
148,47,61,0,9.74468
148,47,62,0,9.74468
148,47,63,0,9.74468
148,48,0,0,9.6875
148,48,1,0,9.6875
148,48,2,0,9.6875
148,48,3,0,9.6875
148,48,4,0,9.6875
148,48,5,0,9.6875
148,48,6,0,9.6875
148,48,7,0,9.6875
148,48,8,0,9.6875
148,48,9,0,9.6875
148,48,10,0,9.6875
148,48,11,0,9.6875
148,48,12,0,9.6875
148,48,13,0,9.6875
148,48,14,0,9.6875
148,48,15,0,9.6875
148,48,16,0,9.6875
148,48,17,0,9.6875
148,48,18,0,9.6875
148,48,19,0,9.6875
148,48,20,0,9.6875
148,48,21,0,9.6875
148,48,22,0,9.6875
148,48,23,0,9.6875
148,48,24,0,9.6875
148,48,25,0,9.6875
148,48,26,0,9.6875
148,48,27,0,9.6875
148,48,28,0,9.6875
148,48,29,0,9.6875
148,48,30,0,9.6875
148,48,31,0,9.6875
148,48,32,0,9.6875
148,48,33,0,9.6875
148,48,34,465,9.6875
148,48,35,0,9.6875
148,48,36,0,9.6875
148,48,37,0,9.6875
148,48,38,0,9.6875
148,48,39,0,9.6875
148,48,40,0,9.6875
148,48,41,0,9.6875
148,48,42,0,9.6875
148,48,43,0,9.6875
148,48,44,0,9.6875
148,48,45,0,9.6875
148,48,46,0,9.6875
148,48,47,0,9.6875
148,48,48,0,9.6875
148,48,49,0,9.6875
148,48,50,0,9.6875
148,48,51,0,9.6875
148,48,52,0,9.6875
148,48,53,0,9.6875
148,48,54,0,9.6875
148,48,55,0,9.6875
148,48,56,0,9.6875
148,48,57,0,9.6875
148,48,58,0,9.6875
148,48,59,0,9.6875
148,48,60,0,9.6875
148,48,61,0,9.6875
148,48,62,0,9.6875
148,48,63,0,9.6875
148,49,0,0,9.57143
148,49,1,0,9.57143
148,49,2,0,9.57143
148,49,3,0,9.57143
148,49,4,0,9.57143
148,49,5,0,9.57143
148,49,6,0,9.57143
148,49,7,0,9.57143
148,49,8,0,9.57143
148,49,9,0,9.57143
148,49,10,0,9.57143
148,49,11,0,9.57143
148,49,12,0,9.57143
148,49,13,0,9.57143
148,49,14,0,9.57143
148,49,15,0,9.57143
148,49,16,0,9.57143
148,49,17,0,9.57143
148,49,18,0,9.57143
148,49,19,0,9.57143
148,49,20,0,9.57143
148,49,21,0,9.57143
148,49,22,0,9.57143
148,49,23,0,9.57143
148,49,24,0,9.57143
148,49,25,0,9.57143
148,49,26,0,9.57143
148,49,27,0,9.57143
148,49,28,0,9.57143
148,49,29,0,9.57143
148,49,30,0,9.57143
148,49,31,0,9.57143
148,49,32,0,9.57143
148,49,33,0,9.57143
148,49,34,469,9.57143
148,49,35,0,9.57143
148,49,36,0,9.57143
148,49,37,0,9.57143
148,49,38,0,9.57143
148,49,39,0,9.57143
148,49,40,0,9.57143
148,49,41,0,9.57143
148,49,42,0,9.57143
148,49,43,0,9.57143
148,49,44,0,9.57143
148,49,45,0,9.57143
148,49,46,0,9.57143
148,49,47,0,9.57143
148,49,48,0,9.57143
148,49,49,0,9.57143
148,49,50,0,9.57143
148,49,51,0,9.57143
148,49,52,0,9.57143
148,49,53,0,9.57143
148,49,54,0,9.57143
148,49,55,0,9.57143
148,49,56,0,9.57143
148,49,57,0,9.57143
148,49,58,0,9.57143
148,49,59,0,9.57143
148,49,60,0,9.57143
148,49,61,0,9.57143
148,49,62,0,9.57143
148,49,63,0,9.57143
148,50,0,0,9.66
148,50,1,0,9.66
148,50,2,0,9.66
148,50,3,0,9.66
148,50,4,0,9.66
148,50,5,0,9.66
148,50,6,0,9.66
148,50,7,0,9.66
148,50,8,0,9.66
148,50,9,0,9.66
148,50,10,0,9.66
148,50,11,0,9.66
148,50,12,0,9.66
148,50,13,0,9.66
148,50,14,0,9.66
148,50,15,0,9.66
148,50,16,0,9.66
148,50,17,0,9.66
148,50,18,0,9.66
148,50,19,0,9.66
148,50,20,0,9.66
148,50,21,0,9.66
148,50,22,0,9.66
148,50,23,0,9.66
148,50,24,0,9.66
148,50,25,0,9.66
148,50,26,0,9.66
148,50,27,0,9.66
148,50,28,0,9.66
148,50,29,0,9.66
148,50,30,0,9.66
148,50,31,0,9.66
148,50,32,0,9.66
148,50,33,0,9.66
148,50,34,483,9.66
148,50,35,0,9.66
148,50,36,0,9.66
148,50,37,0,9.66
148,50,38,0,9.66
148,50,39,0,9.66
148,50,40,0,9.66
148,50,41,0,9.66
148,50,42,0,9.66
148,50,43,0,9.66
148,50,44,0,9.66
148,50,45,0,9.66
148,50,46,0,9.66
148,50,47,0,9.66
148,50,48,0,9.66
148,50,49,0,9.66
148,50,50,0,9.66
148,50,51,0,9.66
148,50,52,0,9.66
148,50,53,0,9.66
148,50,54,0,9.66
148,50,55,0,9.66
148,50,56,0,9.66
148,50,57,0,9.66
148,50,58,0,9.66
148,50,59,0,9.66
148,50,60,0,9.66
148,50,61,0,9.66
148,50,62,0,9.66
148,50,63,0,9.66
148,51,0,0,9.56863
148,51,1,0,9.56863
148,51,2,0,9.56863
148,51,3,0,9.56863
148,51,4,0,9.56863
148,51,5,0,9.56863
148,51,6,0,9.56863
148,51,7,0,9.56863
148,51,8,0,9.56863
148,51,9,0,9.56863
148,51,10,0,9.56863
148,51,11,0,9.56863
148,51,12,0,9.56863
148,51,13,0,9.56863
148,51,14,0,9.56863
148,51,15,0,9.56863
148,51,16,0,9.56863
148,51,17,0,9.56863
148,51,18,0,9.56863
148,51,19,0,9.56863
148,51,20,0,9.56863
148,51,21,0,9.56863
148,51,22,0,9.56863
148,51,23,0,9.56863
148,51,24,0,9.56863
148,51,25,0,9.56863
148,51,26,0,9.56863
148,51,27,0,9.56863
148,51,28,0,9.56863
148,51,29,0,9.56863
148,51,30,0,9.56863
148,51,31,0,9.56863
148,51,32,0,9.56863
148,51,33,0,9.56863
148,51,34,488,9.56863
148,51,35,0,9.56863
148,51,36,0,9.56863
148,51,37,0,9.56863
148,51,38,0,9.56863
148,51,39,0,9.56863
148,51,40,0,9.56863
148,51,41,0,9.56863
148,51,42,0,9.56863
148,51,43,0,9.56863
148,51,44,0,9.56863
148,51,45,0,9.56863
148,51,46,0,9.56863
148,51,47,0,9.56863
148,51,48,0,9.56863
148,51,49,0,9.56863
148,51,50,0,9.56863
148,51,51,0,9.56863
148,51,52,0,9.56863
148,51,53,0,9.56863
148,51,54,0,9.56863
148,51,55,0,9.56863
148,51,56,0,9.56863
148,51,57,0,9.56863
148,51,58,0,9.56863
148,51,59,0,9.56863
148,51,60,0,9.56863
148,51,61,0,9.56863
148,51,62,0,9.56863
148,51,63,0,9.56863
148,52,0,0,9.80769
148,52,1,0,9.80769
148,52,2,0,9.80769
148,52,3,0,9.80769
148,52,4,0,9.80769
148,52,5,0,9.80769
148,52,6,0,9.80769
148,52,7,0,9.80769
148,52,8,0,9.80769
148,52,9,0,9.80769
148,52,10,0,9.80769
148,52,11,0,9.80769
148,52,12,0,9.80769
148,52,13,0,9.80769
148,52,14,0,9.80769
148,52,15,0,9.80769
148,52,16,0,9.80769
148,52,17,0,9.80769
148,52,18,0,9.80769
148,52,19,0,9.80769
148,52,20,0,9.80769
148,52,21,0,9.80769
148,52,22,0,9.80769
148,52,23,0,9.80769
148,52,24,0,9.80769
148,52,25,0,9.80769
148,52,26,0,9.80769
148,52,27,0,9.80769
148,52,28,0,9.80769
148,52,29,0,9.80769
148,52,30,0,9.80769
148,52,31,0,9.80769
148,52,32,0,9.80769
148,52,33,0,9.80769
148,52,34,510,9.80769
148,52,35,0,9.80769
148,52,36,0,9.80769
148,52,37,0,9.80769
148,52,38,0,9.80769
148,52,39,0,9.80769
148,52,40,0,9.80769
148,52,41,0,9.80769
148,52,42,0,9.80769
148,52,43,0,9.80769
148,52,44,0,9.80769
148,52,45,0,9.80769
148,52,46,0,9.80769
148,52,47,0,9.80769
148,52,48,0,9.80769
148,52,49,0,9.80769
148,52,50,0,9.80769
148,52,51,0,9.80769
148,52,52,0,9.80769
148,52,53,0,9.80769
148,52,54,0,9.80769
148,52,55,0,9.80769
148,52,56,0,9.80769
148,52,57,0,9.80769
148,52,58,0,9.80769
148,52,59,0,9.80769
148,52,60,0,9.80769
148,52,61,0,9.80769
148,52,62,0,9.80769
148,52,63,0,9.80769
148,53,0,0,9.67925
148,53,1,0,9.67925
148,53,2,0,9.67925
148,53,3,0,9.67925
148,53,4,0,9.67925
148,53,5,0,9.67925
148,53,6,0,9.67925
148,53,7,0,9.67925
148,53,8,0,9.67925
148,53,9,0,9.67925
148,53,10,0,9.67925
148,53,11,0,9.67925
148,53,12,0,9.67925
148,53,13,0,9.67925
148,53,14,0,9.67925
148,53,15,0,9.67925
148,53,16,0,9.67925
148,53,17,0,9.67925
148,53,18,0,9.67925
148,53,19,0,9.67925
148,53,20,0,9.67925
148,53,21,0,9.67925
148,53,22,0,9.67925
148,53,23,0,9.67925
148,53,24,0,9.67925
148,53,25,0,9.67925
148,53,26,0,9.67925
148,53,27,0,9.67925
148,53,28,0,9.67925
148,53,29,0,9.67925
148,53,30,0,9.67925
148,53,31,0,9.67925
148,53,32,0,9.67925
148,53,33,0,9.67925
148,53,34,513,9.67925
148,53,35,0,9.67925
148,53,36,0,9.67925
148,53,37,0,9.67925
148,53,38,0,9.67925
148,53,39,0,9.67925
148,53,40,0,9.67925
148,53,41,0,9.67925
148,53,42,0,9.67925
148,53,43,0,9.67925
148,53,44,0,9.67925
148,53,45,0,9.67925
148,53,46,0,9.67925
148,53,47,0,9.67925
148,53,48,0,9.67925
148,53,49,0,9.67925
148,53,50,0,9.67925
148,53,51,0,9.67925
148,53,52,0,9.67925
148,53,53,0,9.67925
148,53,54,0,9.67925
148,53,55,0,9.67925
148,53,56,0,9.67925
148,53,57,0,9.67925
148,53,58,0,9.67925
148,53,59,0,9.67925
148,53,60,0,9.67925
148,53,61,0,9.67925
148,53,62,0,9.67925
148,53,63,0,9.67925
148,54,0,0,9.55556
148,54,1,0,9.55556
148,54,2,0,9.55556
148,54,3,0,9.55556
148,54,4,0,9.55556
148,54,5,0,9.55556
148,54,6,0,9.55556
148,54,7,0,9.55556
148,54,8,0,9.55556
148,54,9,0,9.55556
148,54,10,0,9.55556
148,54,11,0,9.55556
148,54,12,0,9.55556
148,54,13,0,9.55556
148,54,14,0,9.55556
148,54,15,0,9.55556
148,54,16,0,9.55556
148,54,17,0,9.55556
148,54,18,0,9.55556
148,54,19,0,9.55556
148,54,20,0,9.55556
148,54,21,0,9.55556
148,54,22,0,9.55556
148,54,23,0,9.55556
148,54,24,0,9.55556
148,54,25,0,9.55556
148,54,26,0,9.55556
148,54,27,0,9.55556
148,54,28,0,9.55556
148,54,29,0,9.55556
148,54,30,0,9.55556
148,54,31,0,9.55556
148,54,32,0,9.55556
148,54,33,0,9.55556
148,54,34,516,9.55556
148,54,35,0,9.55556
148,54,36,0,9.55556
148,54,37,0,9.55556
148,54,38,0,9.55556
148,54,39,0,9.55556
148,54,40,0,9.55556
148,54,41,0,9.55556
148,54,42,0,9.55556
148,54,43,0,9.55556
148,54,44,0,9.55556
148,54,45,0,9.55556
148,54,46,0,9.55556
148,54,47,0,9.55556
148,54,48,0,9.55556
148,54,49,0,9.55556
148,54,50,0,9.55556
148,54,51,0,9.55556
148,54,52,0,9.55556
148,54,53,0,9.55556
148,54,54,0,9.55556
148,54,55,0,9.55556
148,54,56,0,9.55556
148,54,57,0,9.55556
148,54,58,0,9.55556
148,54,59,0,9.55556
148,54,60,0,9.55556
148,54,61,0,9.55556
148,54,62,0,9.55556
148,54,63,0,9.55556
148,55,0,0,9.49091
148,55,1,0,9.49091
148,55,2,0,9.49091
148,55,3,0,9.49091
148,55,4,0,9.49091
148,55,5,0,9.49091
148,55,6,0,9.49091
148,55,7,0,9.49091
148,55,8,0,9.49091
148,55,9,0,9.49091
148,55,10,0,9.49091
148,55,11,0,9.49091
148,55,12,0,9.49091
148,55,13,0,9.49091
148,55,14,0,9.49091
148,55,15,0,9.49091
148,55,16,0,9.49091
148,55,17,0,9.49091
148,55,18,0,9.49091
148,55,19,0,9.49091
148,55,20,0,9.49091
148,55,21,0,9.49091
148,55,22,0,9.49091
148,55,23,0,9.49091
148,55,24,0,9.49091
148,55,25,0,9.49091
148,55,26,0,9.49091
148,55,27,0,9.49091
148,55,28,0,9.49091
148,55,29,0,9.49091
148,55,30,0,9.49091
148,55,31,0,9.49091
148,55,32,0,9.49091
148,55,33,0,9.49091
148,55,34,522,9.49091
148,55,35,0,9.49091
148,55,36,0,9.49091
148,55,37,0,9.49091
148,55,38,0,9.49091
148,55,39,0,9.49091
148,55,40,0,9.49091
148,55,41,0,9.49091
148,55,42,0,9.49091
148,55,43,0,9.49091
148,55,44,0,9.49091
148,55,45,0,9.49091
148,55,46,0,9.49091
148,55,47,0,9.49091
148,55,48,0,9.49091
148,55,49,0,9.49091
148,55,50,0,9.49091
148,55,51,0,9.49091
148,55,52,0,9.49091
148,55,53,0,9.49091
148,55,54,0,9.49091
148,55,55,0,9.49091
148,55,56,0,9.49091
148,55,57,0,9.49091
148,55,58,0,9.49091
148,55,59,0,9.49091
148,55,60,0,9.49091
148,55,61,0,9.49091
148,55,62,0,9.49091
148,55,63,0,9.49091
148,56,0,0,9.39286
148,56,1,0,9.39286
148,56,2,0,9.39286
148,56,3,0,9.39286
148,56,4,0,9.39286
148,56,5,0,9.39286
148,56,6,0,9.39286
148,56,7,0,9.39286
148,56,8,0,9.39286
148,56,9,0,9.39286
148,56,10,0,9.39286
148,56,11,0,9.39286
148,56,12,0,9.39286
148,56,13,0,9.39286
148,56,14,0,9.39286
148,56,15,0,9.39286
148,56,16,0,9.39286
148,56,17,0,9.39286
148,56,18,0,9.39286
148,56,19,0,9.39286
148,56,20,0,9.39286
148,56,21,0,9.39286
148,56,22,0,9.39286
148,56,23,0,9.39286
148,56,24,0,9.39286
148,56,25,0,9.39286
148,56,26,0,9.39286
148,56,27,0,9.39286
148,56,28,0,9.39286
148,56,29,0,9.39286
148,56,30,0,9.39286
148,56,31,0,9.39286
148,56,32,0,9.39286
148,56,33,0,9.39286
148,56,34,526,9.39286
148,56,35,0,9.39286
148,56,36,0,9.39286
148,56,37,0,9.39286
148,56,38,0,9.39286
148,56,39,0,9.39286
148,56,40,0,9.39286
148,56,41,0,9.39286
148,56,42,0,9.39286
148,56,43,0,9.39286
148,56,44,0,9.39286
148,56,45,0,9.39286
148,56,46,0,9.39286
148,56,47,0,9.39286
148,56,48,0,9.39286
148,56,49,0,9.39286
148,56,50,0,9.39286
148,56,51,0,9.39286
148,56,52,0,9.39286
148,56,53,0,9.39286
148,56,54,0,9.39286
148,56,55,0,9.39286
148,56,56,0,9.39286
148,56,57,0,9.39286
148,56,58,0,9.39286
148,56,59,0,9.39286
148,56,60,0,9.39286
148,56,61,0,9.39286
148,56,62,0,9.39286
148,56,63,0,9.39286
148,57,0,0,9.31579
148,57,1,0,9.31579
148,57,2,0,9.31579
148,57,3,0,9.31579
148,57,4,0,9.31579
148,57,5,0,9.31579
148,57,6,0,9.31579
148,57,7,0,9.31579
148,57,8,0,9.31579
148,57,9,0,9.31579
148,57,10,0,9.31579
148,57,11,0,9.31579
148,57,12,0,9.31579
148,57,13,0,9.31579
148,57,14,0,9.31579
148,57,15,0,9.31579
148,57,16,0,9.31579
148,57,17,0,9.31579
148,57,18,0,9.31579
148,57,19,0,9.31579
148,57,20,0,9.31579
148,57,21,0,9.31579
148,57,22,0,9.31579
148,57,23,0,9.31579
148,57,24,0,9.31579
148,57,25,0,9.31579
148,57,26,0,9.31579
148,57,27,0,9.31579
148,57,28,0,9.31579
148,57,29,0,9.31579
148,57,30,0,9.31579
148,57,31,0,9.31579
148,57,32,0,9.31579
148,57,33,0,9.31579
148,57,34,531,9.31579
148,57,35,0,9.31579
148,57,36,0,9.31579
148,57,37,0,9.31579
148,57,38,0,9.31579
148,57,39,0,9.31579
148,57,40,0,9.31579
148,57,41,0,9.31579
148,57,42,0,9.31579
148,57,43,0,9.31579
148,57,44,0,9.31579
148,57,45,0,9.31579
148,57,46,0,9.31579
148,57,47,0,9.31579
148,57,48,0,9.31579
148,57,49,0,9.31579
148,57,50,0,9.31579
148,57,51,0,9.31579
148,57,52,0,9.31579
148,57,53,0,9.31579
148,57,54,0,9.31579
148,57,55,0,9.31579
148,57,56,0,9.31579
148,57,57,0,9.31579
148,57,58,0,9.31579
148,57,59,0,9.31579
148,57,60,0,9.31579
148,57,61,0,9.31579
148,57,62,0,9.31579
148,57,63,0,9.31579
148,58,0,0,9.2069
148,58,1,0,9.2069
148,58,2,0,9.2069
148,58,3,0,9.2069
148,58,4,0,9.2069
148,58,5,0,9.2069
148,58,6,0,9.2069
148,58,7,0,9.2069
148,58,8,0,9.2069
148,58,9,0,9.2069
148,58,10,0,9.2069
148,58,11,0,9.2069
148,58,12,0,9.2069
148,58,13,0,9.2069
148,58,14,0,9.2069
148,58,15,0,9.2069
148,58,16,0,9.2069
148,58,17,0,9.2069
148,58,18,0,9.2069
148,58,19,0,9.2069
148,58,20,0,9.2069
148,58,21,0,9.2069
148,58,22,0,9.2069
148,58,23,0,9.2069
148,58,24,0,9.2069
148,58,25,0,9.2069
148,58,26,0,9.2069
148,58,27,0,9.2069
148,58,28,0,9.2069
148,58,29,0,9.2069
148,58,30,0,9.2069
148,58,31,0,9.2069
148,58,32,0,9.2069
148,58,33,0,9.2069
148,58,34,534,9.2069
148,58,35,0,9.2069
148,58,36,0,9.2069
148,58,37,0,9.2069
148,58,38,0,9.2069
148,58,39,0,9.2069
148,58,40,0,9.2069
148,58,41,0,9.2069
148,58,42,0,9.2069
148,58,43,0,9.2069
148,58,44,0,9.2069
148,58,45,0,9.2069
148,58,46,0,9.2069
148,58,47,0,9.2069
148,58,48,0,9.2069
148,58,49,0,9.2069
148,58,50,0,9.2069
148,58,51,0,9.2069
148,58,52,0,9.2069
148,58,53,0,9.2069
148,58,54,0,9.2069
148,58,55,0,9.2069
148,58,56,0,9.2069
148,58,57,0,9.2069
148,58,58,0,9.2069
148,58,59,0,9.2069
148,58,60,0,9.2069
148,58,61,0,9.2069
148,58,62,0,9.2069
148,58,63,0,9.2069
148,59,0,0,9.18644
148,59,1,0,9.18644
148,59,2,0,9.18644
148,59,3,0,9.18644
148,59,4,0,9.18644
148,59,5,0,9.18644
148,59,6,0,9.18644
148,59,7,0,9.18644
148,59,8,0,9.18644
148,59,9,0,9.18644
148,59,10,0,9.18644
148,59,11,0,9.18644
148,59,12,0,9.18644
148,59,13,0,9.18644
148,59,14,0,9.18644
148,59,15,0,9.18644
148,59,16,0,9.18644
148,59,17,0,9.18644
148,59,18,0,9.18644
148,59,19,0,9.18644
148,59,20,0,9.18644
148,59,21,0,9.18644
148,59,22,0,9.18644
148,59,23,0,9.18644
148,59,24,0,9.18644
148,59,25,0,9.18644
148,59,26,0,9.18644
148,59,27,0,9.18644
148,59,28,0,9.18644
148,59,29,0,9.18644
148,59,30,0,9.18644
148,59,31,0,9.18644
148,59,32,0,9.18644
148,59,33,0,9.18644
148,59,34,542,9.18644
148,59,35,0,9.18644
148,59,36,0,9.18644
148,59,37,0,9.18644
148,59,38,0,9.18644
148,59,39,0,9.18644
148,59,40,0,9.18644
148,59,41,0,9.18644
148,59,42,0,9.18644
148,59,43,0,9.18644
148,59,44,0,9.18644
148,59,45,0,9.18644
148,59,46,0,9.18644
148,59,47,0,9.18644
148,59,48,0,9.18644
148,59,49,0,9.18644
148,59,50,0,9.18644
148,59,51,0,9.18644
148,59,52,0,9.18644
148,59,53,0,9.18644
148,59,54,0,9.18644
148,59,55,0,9.18644
148,59,56,0,9.18644
148,59,57,0,9.18644
148,59,58,0,9.18644
148,59,59,0,9.18644
148,59,60,0,9.18644
148,59,61,0,9.18644
148,59,62,0,9.18644
148,59,63,0,9.18644
148,60,0,0,9.36667
148,60,1,0,9.36667
148,60,2,0,9.36667
148,60,3,0,9.36667
148,60,4,0,9.36667
148,60,5,0,9.36667
148,60,6,0,9.36667
148,60,7,0,9.36667
148,60,8,0,9.36667
148,60,9,0,9.36667
148,60,10,0,9.36667
148,60,11,0,9.36667
148,60,12,0,9.36667
148,60,13,0,9.36667
148,60,14,0,9.36667
148,60,15,0,9.36667
148,60,16,0,9.36667
148,60,17,0,9.36667
148,60,18,0,9.36667
148,60,19,0,9.36667
148,60,20,0,9.36667
148,60,21,0,9.36667
148,60,22,0,9.36667
148,60,23,0,9.36667
148,60,24,0,9.36667
148,60,25,0,9.36667
148,60,26,0,9.36667
148,60,27,0,9.36667
148,60,28,0,9.36667
148,60,29,0,9.36667
148,60,30,0,9.36667
148,60,31,0,9.36667
148,60,32,0,9.36667
148,60,33,0,9.36667
148,60,34,562,9.36667
148,60,35,0,9.36667
148,60,36,0,9.36667
148,60,37,0,9.36667
148,60,38,0,9.36667
148,60,39,0,9.36667
148,60,40,0,9.36667
148,60,41,0,9.36667
148,60,42,0,9.36667
148,60,43,0,9.36667
148,60,44,0,9.36667
148,60,45,0,9.36667
148,60,46,0,9.36667
148,60,47,0,9.36667
148,60,48,0,9.36667
148,60,49,0,9.36667
148,60,50,0,9.36667
148,60,51,0,9.36667
148,60,52,0,9.36667
148,60,53,0,9.36667
148,60,54,0,9.36667
148,60,55,0,9.36667
148,60,56,0,9.36667
148,60,57,0,9.36667
148,60,58,0,9.36667
148,60,59,0,9.36667
148,60,60,0,9.36667
148,60,61,0,9.36667
148,60,62,0,9.36667
148,60,63,0,9.36667
148,61,0,0,9.31148
148,61,1,0,9.31148
148,61,2,0,9.31148
148,61,3,0,9.31148
148,61,4,0,9.31148
148,61,5,0,9.31148
148,61,6,0,9.31148
148,61,7,0,9.31148
148,61,8,0,9.31148
148,61,9,0,9.31148
148,61,10,0,9.31148
148,61,11,0,9.31148
148,61,12,0,9.31148
148,61,13,0,9.31148
148,61,14,0,9.31148
148,61,15,0,9.31148
148,61,16,0,9.31148
148,61,17,0,9.31148
148,61,18,0,9.31148
148,61,19,0,9.31148
148,61,20,0,9.31148
148,61,21,0,9.31148
148,61,22,0,9.31148
148,61,23,0,9.31148
148,61,24,0,9.31148
148,61,25,0,9.31148
148,61,26,0,9.31148
148,61,27,0,9.31148
148,61,28,0,9.31148
148,61,29,0,9.31148
148,61,30,0,9.31148
148,61,31,0,9.31148
148,61,32,0,9.31148
148,61,33,0,9.31148
148,61,34,568,9.31148
148,61,35,0,9.31148
148,61,36,0,9.31148
148,61,37,0,9.31148
148,61,38,0,9.31148
148,61,39,0,9.31148
148,61,40,0,9.31148
148,61,41,0,9.31148
148,61,42,0,9.31148
148,61,43,0,9.31148
148,61,44,0,9.31148
148,61,45,0,9.31148
148,61,46,0,9.31148
148,61,47,0,9.31148
148,61,48,0,9.31148
148,61,49,0,9.31148
148,61,50,0,9.31148
148,61,51,0,9.31148
148,61,52,0,9.31148
148,61,53,0,9.31148
148,61,54,0,9.31148
148,61,55,0,9.31148
148,61,56,0,9.31148
148,61,57,0,9.31148
148,61,58,0,9.31148
148,61,59,0,9.31148
148,61,60,0,9.31148
148,61,61,0,9.31148
148,61,62,0,9.31148
148,61,63,0,9.31148
148,62,0,0,9.25806
148,62,1,0,9.25806
148,62,2,0,9.25806
148,62,3,0,9.25806
148,62,4,0,9.25806
148,62,5,0,9.25806
148,62,6,0,9.25806
148,62,7,0,9.25806
148,62,8,0,9.25806
148,62,9,0,9.25806
148,62,10,0,9.25806
148,62,11,0,9.25806
148,62,12,0,9.25806
148,62,13,0,9.25806
148,62,14,0,9.25806
148,62,15,0,9.25806
148,62,16,0,9.25806
148,62,17,0,9.25806
148,62,18,0,9.25806
148,62,19,0,9.25806
148,62,20,0,9.25806
148,62,21,0,9.25806
148,62,22,0,9.25806
148,62,23,0,9.25806
148,62,24,0,9.25806
148,62,25,0,9.25806
148,62,26,0,9.25806
148,62,27,0,9.25806
148,62,28,0,9.25806
148,62,29,0,9.25806
148,62,30,0,9.25806
148,62,31,0,9.25806
148,62,32,0,9.25806
148,62,33,0,9.25806
148,62,34,574,9.25806
148,62,35,0,9.25806
148,62,36,0,9.25806
148,62,37,0,9.25806
148,62,38,0,9.25806
148,62,39,0,9.25806
148,62,40,0,9.25806
148,62,41,0,9.25806
148,62,42,0,9.25806
148,62,43,0,9.25806
148,62,44,0,9.25806
148,62,45,0,9.25806
148,62,46,0,9.25806
148,62,47,0,9.25806
148,62,48,0,9.25806
148,62,49,0,9.25806
148,62,50,0,9.25806
148,62,51,0,9.25806
148,62,52,0,9.25806
148,62,53,0,9.25806
148,62,54,0,9.25806
148,62,55,0,9.25806
148,62,56,0,9.25806
148,62,57,0,9.25806
148,62,58,0,9.25806
148,62,59,0,9.25806
148,62,60,0,9.25806
148,62,61,0,9.25806
148,62,62,0,9.25806
148,62,63,0,9.25806
148,63,0,0,9.38095
148,63,1,0,9.38095
148,63,2,0,9.38095
148,63,3,0,9.38095
148,63,4,0,9.38095
148,63,5,0,9.38095
148,63,6,0,9.38095
148,63,7,0,9.38095
148,63,8,0,9.38095
148,63,9,0,9.38095
148,63,10,0,9.38095
148,63,11,0,9.38095
148,63,12,0,9.38095
148,63,13,0,9.38095
148,63,14,0,9.38095
148,63,15,0,9.38095
148,63,16,0,9.38095
148,63,17,0,9.38095
148,63,18,0,9.38095
148,63,19,0,9.38095
148,63,20,0,9.38095
148,63,21,0,9.38095
148,63,22,0,9.38095
148,63,23,0,9.38095
148,63,24,0,9.38095
148,63,25,0,9.38095
148,63,26,0,9.38095
148,63,27,0,9.38095
148,63,28,0,9.38095
148,63,29,0,9.38095
148,63,30,0,9.38095
148,63,31,0,9.38095
148,63,32,0,9.38095
148,63,33,0,9.38095
148,63,34,591,9.38095
148,63,35,0,9.38095
148,63,36,0,9.38095
148,63,37,0,9.38095
148,63,38,0,9.38095
148,63,39,0,9.38095
148,63,40,0,9.38095
148,63,41,0,9.38095
148,63,42,0,9.38095
148,63,43,0,9.38095
148,63,44,0,9.38095
148,63,45,0,9.38095
148,63,46,0,9.38095
148,63,47,0,9.38095
148,63,48,0,9.38095
148,63,49,0,9.38095
148,63,50,0,9.38095
148,63,51,0,9.38095
148,63,52,0,9.38095
148,63,53,0,9.38095
148,63,54,0,9.38095
148,63,55,0,9.38095
148,63,56,0,9.38095
148,63,57,0,9.38095
148,63,58,0,9.38095
148,63,59,0,9.38095
148,63,60,0,9.38095
148,63,61,0,9.38095
148,63,62,0,9.38095
148,63,63,0,9.38095
148,64,0,0,9.32812
148,64,1,0,9.32812
148,64,2,0,9.32812
148,64,3,0,9.32812
148,64,4,0,9.32812
148,64,5,0,9.32812
148,64,6,0,9.32812
148,64,7,0,9.32812
148,64,8,0,9.32812
148,64,9,0,9.32812
148,64,10,0,9.32812
148,64,11,0,9.32812
148,64,12,0,9.32812
148,64,13,0,9.32812
148,64,14,0,9.32812
148,64,15,0,9.32812
148,64,16,0,9.32812
148,64,17,0,9.32812
148,64,18,0,9.32812
148,64,19,0,9.32812
148,64,20,0,9.32812
148,64,21,0,9.32812
148,64,22,0,9.32812
148,64,23,0,9.32812
148,64,24,0,9.32812
148,64,25,0,9.32812
148,64,26,0,9.32812
148,64,27,0,9.32812
148,64,28,0,9.32812
148,64,29,0,9.32812
148,64,30,0,9.32812
148,64,31,0,9.32812
148,64,32,0,9.32812
148,64,33,0,9.32812
148,64,34,597,9.32812
148,64,35,0,9.32812
148,64,36,0,9.32812
148,64,37,0,9.32812
148,64,38,0,9.32812
148,64,39,0,9.32812
148,64,40,0,9.32812
148,64,41,0,9.32812
148,64,42,0,9.32812
148,64,43,0,9.32812
148,64,44,0,9.32812
148,64,45,0,9.32812
148,64,46,0,9.32812
148,64,47,0,9.32812
148,64,48,0,9.32812
148,64,49,0,9.32812
148,64,50,0,9.32812
148,64,51,0,9.32812
148,64,52,0,9.32812
148,64,53,0,9.32812
148,64,54,0,9.32812
148,64,55,0,9.32812
148,64,56,0,9.32812
148,64,57,0,9.32812
148,64,58,0,9.32812
148,64,59,0,9.32812
148,64,60,0,9.32812
148,64,61,0,9.32812
148,64,62,0,9.32812
148,64,63,0,9.32812
148,65,0,0,9.21538
148,65,1,0,9.21538
148,65,2,0,9.21538
148,65,3,0,9.21538
148,65,4,0,9.21538
148,65,5,0,9.21538
148,65,6,0,9.21538
148,65,7,0,9.21538
148,65,8,0,9.21538
148,65,9,0,9.21538
148,65,10,0,9.21538
148,65,11,0,9.21538
148,65,12,0,9.21538
148,65,13,0,9.21538
148,65,14,0,9.21538
148,65,15,0,9.21538
148,65,16,0,9.21538
148,65,17,0,9.21538
148,65,18,0,9.21538
148,65,19,0,9.21538
148,65,20,0,9.21538
148,65,21,0,9.21538
148,65,22,0,9.21538
148,65,23,0,9.21538
148,65,24,0,9.21538
148,65,25,0,9.21538
148,65,26,0,9.21538
148,65,27,0,9.21538
148,65,28,0,9.21538
148,65,29,0,9.21538
148,65,30,0,9.21538
148,65,31,0,9.21538
148,65,32,0,9.21538
148,65,33,0,9.21538
148,65,34,599,9.21538
148,65,35,0,9.21538
148,65,36,0,9.21538
148,65,37,0,9.21538
148,65,38,0,9.21538
148,65,39,0,9.21538
148,65,40,0,9.21538
148,65,41,0,9.21538
148,65,42,0,9.21538
148,65,43,0,9.21538
148,65,44,0,9.21538
148,65,45,0,9.21538
148,65,46,0,9.21538
148,65,47,0,9.21538
148,65,48,0,9.21538
148,65,49,0,9.21538
148,65,50,0,9.21538
148,65,51,0,9.21538
148,65,52,0,9.21538
148,65,53,0,9.21538
148,65,54,0,9.21538
148,65,55,0,9.21538
148,65,56,0,9.21538
148,65,57,0,9.21538
148,65,58,0,9.21538
148,65,59,0,9.21538
148,65,60,0,9.21538
148,65,61,0,9.21538
148,65,62,0,9.21538
148,65,63,0,9.21538
148,66,0,0,9.13636
148,66,1,0,9.13636
148,66,2,0,9.13636
148,66,3,0,9.13636
148,66,4,0,9.13636
148,66,5,0,9.13636
148,66,6,0,9.13636
148,66,7,0,9.13636
148,66,8,0,9.13636
148,66,9,0,9.13636
148,66,10,0,9.13636
148,66,11,0,9.13636
148,66,12,0,9.13636
148,66,13,0,9.13636
148,66,14,0,9.13636
148,66,15,0,9.13636
148,66,16,0,9.13636
148,66,17,0,9.13636
148,66,18,0,9.13636
148,66,19,0,9.13636
148,66,20,0,9.13636
148,66,21,0,9.13636
148,66,22,0,9.13636
148,66,23,0,9.13636
148,66,24,0,9.13636
148,66,25,0,9.13636
148,66,26,0,9.13636
148,66,27,0,9.13636
148,66,28,0,9.13636
148,66,29,0,9.13636
148,66,30,0,9.13636
148,66,31,0,9.13636
148,66,32,0,9.13636
148,66,33,0,9.13636
148,66,34,603,9.13636
148,66,35,0,9.13636
148,66,36,0,9.13636
148,66,37,0,9.13636
148,66,38,0,9.13636
148,66,39,0,9.13636
148,66,40,0,9.13636
148,66,41,0,9.13636
148,66,42,0,9.13636
148,66,43,0,9.13636
148,66,44,0,9.13636
148,66,45,0,9.13636
148,66,46,0,9.13636
148,66,47,0,9.13636
148,66,48,0,9.13636
148,66,49,0,9.13636
148,66,50,0,9.13636
148,66,51,0,9.13636
148,66,52,0,9.13636
148,66,53,0,9.13636
148,66,54,0,9.13636
148,66,55,0,9.13636
148,66,56,0,9.13636
148,66,57,0,9.13636
148,66,58,0,9.13636
148,66,59,0,9.13636
148,66,60,0,9.13636
148,66,61,0,9.13636
148,66,62,0,9.13636
148,66,63,0,9.13636
148,67,0,0,9.02985
148,67,1,0,9.02985
148,67,2,0,9.02985
148,67,3,0,9.02985
148,67,4,0,9.02985
148,67,5,0,9.02985
148,67,6,0,9.02985
148,67,7,0,9.02985
148,67,8,0,9.02985
148,67,9,0,9.02985
148,67,10,0,9.02985
148,67,11,0,9.02985
148,67,12,0,9.02985
148,67,13,0,9.02985
148,67,14,0,9.02985
148,67,15,0,9.02985
148,67,16,0,9.02985
148,67,17,0,9.02985
148,67,18,0,9.02985
148,67,19,0,9.02985
148,67,20,0,9.02985
148,67,21,0,9.02985
148,67,22,0,9.02985
148,67,23,0,9.02985
148,67,24,0,9.02985
148,67,25,0,9.02985
148,67,26,0,9.02985
148,67,27,0,9.02985
148,67,28,0,9.02985
148,67,29,0,9.02985
148,67,30,0,9.02985
148,67,31,0,9.02985
148,67,32,0,9.02985
148,67,33,0,9.02985
148,67,34,605,9.02985
148,67,35,0,9.02985
148,67,36,0,9.02985
148,67,37,0,9.02985
148,67,38,0,9.02985
148,67,39,0,9.02985
148,67,40,0,9.02985
148,67,41,0,9.02985
148,67,42,0,9.02985
148,67,43,0,9.02985
148,67,44,0,9.02985
148,67,45,0,9.02985
148,67,46,0,9.02985
148,67,47,0,9.02985
148,67,48,0,9.02985
148,67,49,0,9.02985
148,67,50,0,9.02985
148,67,51,0,9.02985
148,67,52,0,9.02985
148,67,53,0,9.02985
148,67,54,0,9.02985
148,67,55,0,9.02985
148,67,56,0,9.02985
148,67,57,0,9.02985
148,67,58,0,9.02985
148,67,59,0,9.02985
148,67,60,0,9.02985
148,67,61,0,9.02985
148,67,62,0,9.02985
148,67,63,0,9.02985
148,68,0,0,8.92647
148,68,1,0,8.92647
148,68,2,0,8.92647
148,68,3,0,8.92647
148,68,4,0,8.92647
148,68,5,0,8.92647
148,68,6,0,8.92647
148,68,7,0,8.92647
148,68,8,0,8.92647
148,68,9,0,8.92647
148,68,10,0,8.92647
148,68,11,0,8.92647
148,68,12,0,8.92647
148,68,13,0,8.92647
148,68,14,0,8.92647
148,68,15,0,8.92647
148,68,16,0,8.92647
148,68,17,0,8.92647
148,68,18,0,8.92647
148,68,19,0,8.92647
148,68,20,0,8.92647
148,68,21,0,8.92647
148,68,22,0,8.92647
148,68,23,0,8.92647
148,68,24,0,8.92647
148,68,25,0,8.92647
148,68,26,0,8.92647
148,68,27,0,8.92647
148,68,28,0,8.92647
148,68,29,0,8.92647
148,68,30,0,8.92647
148,68,31,0,8.92647
148,68,32,0,8.92647
148,68,33,0,8.92647
148,68,34,607,8.92647
148,68,35,0,8.92647
148,68,36,0,8.92647
148,68,37,0,8.92647
148,68,38,0,8.92647
148,68,39,0,8.92647
148,68,40,0,8.92647
148,68,41,0,8.92647
148,68,42,0,8.92647
148,68,43,0,8.92647
148,68,44,0,8.92647
148,68,45,0,8.92647
148,68,46,0,8.92647
148,68,47,0,8.92647
148,68,48,0,8.92647
148,68,49,0,8.92647
148,68,50,0,8.92647
148,68,51,0,8.92647
148,68,52,0,8.92647
148,68,53,0,8.92647
148,68,54,0,8.92647
148,68,55,0,8.92647
148,68,56,0,8.92647
148,68,57,0,8.92647
148,68,58,0,8.92647
148,68,59,0,8.92647
148,68,60,0,8.92647
148,68,61,0,8.92647
148,68,62,0,8.92647
148,68,63,0,8.92647
148,69,0,0,8.81159
148,69,1,0,8.81159
148,69,2,0,8.81159
148,69,3,0,8.81159
148,69,4,0,8.81159
148,69,5,0,8.81159
148,69,6,0,8.81159
148,69,7,0,8.81159
148,69,8,0,8.81159
148,69,9,0,8.81159
148,69,10,0,8.81159
148,69,11,0,8.81159
148,69,12,0,8.81159
148,69,13,0,8.81159
148,69,14,0,8.81159
148,69,15,0,8.81159
148,69,16,0,8.81159
148,69,17,0,8.81159
148,69,18,0,8.81159
148,69,19,0,8.81159
148,69,20,0,8.81159
148,69,21,0,8.81159
148,69,22,0,8.81159
148,69,23,0,8.81159
148,69,24,0,8.81159
148,69,25,0,8.81159
148,69,26,0,8.81159
148,69,27,0,8.81159
148,69,28,0,8.81159
148,69,29,0,8.81159
148,69,30,0,8.81159
148,69,31,0,8.81159
148,69,32,0,8.81159
148,69,33,0,8.81159
148,69,34,608,8.81159
148,69,35,0,8.81159
148,69,36,0,8.81159
148,69,37,0,8.81159
148,69,38,0,8.81159
148,69,39,0,8.81159
148,69,40,0,8.81159
148,69,41,0,8.81159
148,69,42,0,8.81159
148,69,43,0,8.81159
148,69,44,0,8.81159
148,69,45,0,8.81159
148,69,46,0,8.81159
148,69,47,0,8.81159
148,69,48,0,8.81159
148,69,49,0,8.81159
148,69,50,0,8.81159
148,69,51,0,8.81159
148,69,52,0,8.81159
148,69,53,0,8.81159
148,69,54,0,8.81159
148,69,55,0,8.81159
148,69,56,0,8.81159
148,69,57,0,8.81159
148,69,58,0,8.81159
148,69,59,0,8.81159
148,69,60,0,8.81159
148,69,61,0,8.81159
148,69,62,0,8.81159
148,69,63,0,8.81159
148,70,0,0,8.77143
148,70,1,0,8.77143
148,70,2,0,8.77143
148,70,3,0,8.77143
148,70,4,0,8.77143
148,70,5,0,8.77143
148,70,6,0,8.77143
148,70,7,0,8.77143
148,70,8,0,8.77143
148,70,9,0,8.77143
148,70,10,0,8.77143
148,70,11,0,8.77143
148,70,12,0,8.77143
148,70,13,0,8.77143
148,70,14,0,8.77143
148,70,15,0,8.77143
148,70,16,0,8.77143
148,70,17,0,8.77143
148,70,18,0,8.77143
148,70,19,0,8.77143
148,70,20,0,8.77143
148,70,21,0,8.77143
148,70,22,0,8.77143
148,70,23,0,8.77143
148,70,24,0,8.77143
148,70,25,0,8.77143
148,70,26,0,8.77143
148,70,27,0,8.77143
148,70,28,0,8.77143
148,70,29,0,8.77143
148,70,30,0,8.77143
148,70,31,0,8.77143
148,70,32,0,8.77143
148,70,33,0,8.77143
148,70,34,614,8.77143
148,70,35,0,8.77143
148,70,36,0,8.77143
148,70,37,0,8.77143
148,70,38,0,8.77143
148,70,39,0,8.77143
148,70,40,0,8.77143
148,70,41,0,8.77143
148,70,42,0,8.77143
148,70,43,0,8.77143
148,70,44,0,8.77143
148,70,45,0,8.77143
148,70,46,0,8.77143
148,70,47,0,8.77143
148,70,48,0,8.77143
148,70,49,0,8.77143
148,70,50,0,8.77143
148,70,51,0,8.77143
148,70,52,0,8.77143
148,70,53,0,8.77143
148,70,54,0,8.77143
148,70,55,0,8.77143
148,70,56,0,8.77143
148,70,57,0,8.77143
148,70,58,0,8.77143
148,70,59,0,8.77143
148,70,60,0,8.77143
148,70,61,0,8.77143
148,70,62,0,8.77143
148,70,63,0,8.77143
148,71,0,0,8.80282
148,71,1,0,8.80282
148,71,2,0,8.80282
148,71,3,0,8.80282
148,71,4,0,8.80282
148,71,5,0,8.80282
148,71,6,0,8.80282
148,71,7,0,8.80282
148,71,8,0,8.80282
148,71,9,0,8.80282
148,71,10,0,8.80282
148,71,11,0,8.80282
148,71,12,0,8.80282
148,71,13,0,8.80282
148,71,14,0,8.80282
148,71,15,0,8.80282
148,71,16,0,8.80282
148,71,17,0,8.80282
148,71,18,0,8.80282
148,71,19,0,8.80282
148,71,20,0,8.80282
148,71,21,0,8.80282
148,71,22,0,8.80282
148,71,23,0,8.80282
148,71,24,0,8.80282
148,71,25,0,8.80282
148,71,26,0,8.80282
148,71,27,0,8.80282
148,71,28,0,8.80282
148,71,29,0,8.80282
148,71,30,0,8.80282
148,71,31,0,8.80282
148,71,32,0,8.80282
148,71,33,0,8.80282
148,71,34,625,8.80282
148,71,35,0,8.80282
148,71,36,0,8.80282
148,71,37,0,8.80282
148,71,38,0,8.80282
148,71,39,0,8.80282
148,71,40,0,8.80282
148,71,41,0,8.80282
148,71,42,0,8.80282
148,71,43,0,8.80282
148,71,44,0,8.80282
148,71,45,0,8.80282
148,71,46,0,8.80282
148,71,47,0,8.80282
148,71,48,0,8.80282
148,71,49,0,8.80282
148,71,50,0,8.80282
148,71,51,0,8.80282
148,71,52,0,8.80282
148,71,53,0,8.80282
148,71,54,0,8.80282
148,71,55,0,8.80282
148,71,56,0,8.80282
148,71,57,0,8.80282
148,71,58,0,8.80282
148,71,59,0,8.80282
148,71,60,0,8.80282
148,71,61,0,8.80282
148,71,62,0,8.80282
148,71,63,0,8.80282
148,72,0,0,8.90278
148,72,1,0,8.90278
148,72,2,0,8.90278
148,72,3,0,8.90278
148,72,4,0,8.90278
148,72,5,0,8.90278
148,72,6,0,8.90278
148,72,7,0,8.90278
148,72,8,0,8.90278
148,72,9,0,8.90278
148,72,10,0,8.90278
148,72,11,0,8.90278
148,72,12,0,8.90278
148,72,13,0,8.90278
148,72,14,0,8.90278
148,72,15,0,8.90278
148,72,16,0,8.90278
148,72,17,0,8.90278
148,72,18,0,8.90278
148,72,19,0,8.90278
148,72,20,0,8.90278
148,72,21,0,8.90278
148,72,22,0,8.90278
148,72,23,0,8.90278
148,72,24,0,8.90278
148,72,25,0,8.90278
148,72,26,0,8.90278
148,72,27,0,8.90278
148,72,28,0,8.90278
148,72,29,0,8.90278
148,72,30,0,8.90278
148,72,31,0,8.90278
148,72,32,0,8.90278
148,72,33,0,8.90278
148,72,34,641,8.90278
148,72,35,0,8.90278
148,72,36,0,8.90278
148,72,37,0,8.90278
148,72,38,0,8.90278
148,72,39,0,8.90278
148,72,40,0,8.90278
148,72,41,0,8.90278
148,72,42,0,8.90278
148,72,43,0,8.90278
148,72,44,0,8.90278
148,72,45,0,8.90278
148,72,46,0,8.90278
148,72,47,0,8.90278
148,72,48,0,8.90278
148,72,49,0,8.90278
148,72,50,0,8.90278
148,72,51,0,8.90278
148,72,52,0,8.90278
148,72,53,0,8.90278
148,72,54,0,8.90278
148,72,55,0,8.90278
148,72,56,0,8.90278
148,72,57,0,8.90278
148,72,58,0,8.90278
148,72,59,0,8.90278
148,72,60,0,8.90278
148,72,61,0,8.90278
148,72,62,0,8.90278
148,72,63,0,8.90278
148,73,0,0,8.80822
148,73,1,0,8.80822
148,73,2,0,8.80822
148,73,3,0,8.80822
148,73,4,0,8.80822
148,73,5,0,8.80822
148,73,6,0,8.80822
148,73,7,0,8.80822
148,73,8,0,8.80822
148,73,9,0,8.80822
148,73,10,0,8.80822
148,73,11,0,8.80822
148,73,12,0,8.80822
148,73,13,0,8.80822
148,73,14,0,8.80822
148,73,15,0,8.80822
148,73,16,0,8.80822
148,73,17,0,8.80822
148,73,18,0,8.80822
148,73,19,0,8.80822
148,73,20,0,8.80822
148,73,21,0,8.80822
148,73,22,0,8.80822
148,73,23,0,8.80822
148,73,24,0,8.80822
148,73,25,0,8.80822
148,73,26,0,8.80822
148,73,27,0,8.80822
148,73,28,0,8.80822
148,73,29,0,8.80822
148,73,30,0,8.80822
148,73,31,0,8.80822
148,73,32,0,8.80822
148,73,33,0,8.80822
148,73,34,643,8.80822
148,73,35,0,8.80822
148,73,36,0,8.80822
148,73,37,0,8.80822
148,73,38,0,8.80822
148,73,39,0,8.80822
148,73,40,0,8.80822
148,73,41,0,8.80822
148,73,42,0,8.80822
148,73,43,0,8.80822
148,73,44,0,8.80822
148,73,45,0,8.80822
148,73,46,0,8.80822
148,73,47,0,8.80822
148,73,48,0,8.80822
148,73,49,0,8.80822
148,73,50,0,8.80822
148,73,51,0,8.80822
148,73,52,0,8.80822
148,73,53,0,8.80822
148,73,54,0,8.80822
148,73,55,0,8.80822
148,73,56,0,8.80822
148,73,57,0,8.80822
148,73,58,0,8.80822
148,73,59,0,8.80822
148,73,60,0,8.80822
148,73,61,0,8.80822
148,73,62,0,8.80822
148,73,63,0,8.80822
148,74,0,0,8.75676
148,74,1,0,8.75676
148,74,2,0,8.75676
148,74,3,0,8.75676
148,74,4,0,8.75676
148,74,5,0,8.75676
148,74,6,0,8.75676
148,74,7,0,8.75676
148,74,8,0,8.75676
148,74,9,0,8.75676
148,74,10,0,8.75676
148,74,11,0,8.75676
148,74,12,0,8.75676
148,74,13,0,8.75676
148,74,14,0,8.75676
148,74,15,0,8.75676
148,74,16,0,8.75676
148,74,17,0,8.75676
148,74,18,0,8.75676
148,74,19,0,8.75676
148,74,20,0,8.75676
148,74,21,0,8.75676
148,74,22,0,8.75676
148,74,23,0,8.75676
148,74,24,0,8.75676
148,74,25,0,8.75676
148,74,26,0,8.75676
148,74,27,0,8.75676
148,74,28,0,8.75676
148,74,29,0,8.75676
148,74,30,0,8.75676
148,74,31,0,8.75676
148,74,32,0,8.75676
148,74,33,0,8.75676
148,74,34,648,8.75676
148,74,35,0,8.75676
148,74,36,0,8.75676
148,74,37,0,8.75676
148,74,38,0,8.75676
148,74,39,0,8.75676
148,74,40,0,8.75676
148,74,41,0,8.75676
148,74,42,0,8.75676
148,74,43,0,8.75676
148,74,44,0,8.75676
148,74,45,0,8.75676
148,74,46,0,8.75676
148,74,47,0,8.75676
148,74,48,0,8.75676
148,74,49,0,8.75676
148,74,50,0,8.75676
148,74,51,0,8.75676
148,74,52,0,8.75676
148,74,53,0,8.75676
148,74,54,0,8.75676
148,74,55,0,8.75676
148,74,56,0,8.75676
148,74,57,0,8.75676
148,74,58,0,8.75676
148,74,59,0,8.75676
148,74,60,0,8.75676
148,74,61,0,8.75676
148,74,62,0,8.75676
148,74,63,0,8.75676
148,75,0,0,8.74667
148,75,1,0,8.74667
148,75,2,0,8.74667
148,75,3,0,8.74667
148,75,4,0,8.74667
148,75,5,0,8.74667
148,75,6,0,8.74667
148,75,7,0,8.74667
148,75,8,0,8.74667
148,75,9,0,8.74667
148,75,10,0,8.74667
148,75,11,0,8.74667
148,75,12,0,8.74667
148,75,13,0,8.74667
148,75,14,0,8.74667
148,75,15,0,8.74667
148,75,16,0,8.74667
148,75,17,0,8.74667
148,75,18,0,8.74667
148,75,19,0,8.74667
148,75,20,0,8.74667
148,75,21,0,8.74667
148,75,22,0,8.74667
148,75,23,0,8.74667
148,75,24,0,8.74667
148,75,25,0,8.74667
148,75,26,0,8.74667
148,75,27,0,8.74667
148,75,28,0,8.74667
148,75,29,0,8.74667
148,75,30,0,8.74667
148,75,31,0,8.74667
148,75,32,0,8.74667
148,75,33,0,8.74667
148,75,34,656,8.74667
148,75,35,0,8.74667
148,75,36,0,8.74667
148,75,37,0,8.74667
148,75,38,0,8.74667
148,75,39,0,8.74667
148,75,40,0,8.74667
148,75,41,0,8.74667
148,75,42,0,8.74667
148,75,43,0,8.74667
148,75,44,0,8.74667
148,75,45,0,8.74667
148,75,46,0,8.74667
148,75,47,0,8.74667
148,75,48,0,8.74667
148,75,49,0,8.74667
148,75,50,0,8.74667
148,75,51,0,8.74667
148,75,52,0,8.74667
148,75,53,0,8.74667
148,75,54,0,8.74667
148,75,55,0,8.74667
148,75,56,0,8.74667
148,75,57,0,8.74667
148,75,58,0,8.74667
148,75,59,0,8.74667
148,75,60,0,8.74667
148,75,61,0,8.74667
148,75,62,0,8.74667
148,75,63,0,8.74667
148,76,0,0,8.68421
148,76,1,0,8.68421
148,76,2,0,8.68421
148,76,3,0,8.68421
148,76,4,0,8.68421
148,76,5,0,8.68421
148,76,6,0,8.68421
148,76,7,0,8.68421
148,76,8,0,8.68421
148,76,9,0,8.68421
148,76,10,0,8.68421
148,76,11,0,8.68421
148,76,12,0,8.68421
148,76,13,0,8.68421
148,76,14,0,8.68421
148,76,15,0,8.68421
148,76,16,0,8.68421
148,76,17,0,8.68421
148,76,18,0,8.68421
148,76,19,0,8.68421
148,76,20,0,8.68421
148,76,21,0,8.68421
148,76,22,0,8.68421
148,76,23,0,8.68421
148,76,24,0,8.68421
148,76,25,0,8.68421
148,76,26,0,8.68421
148,76,27,0,8.68421
148,76,28,0,8.68421
148,76,29,0,8.68421
148,76,30,0,8.68421
148,76,31,0,8.68421
148,76,32,0,8.68421
148,76,33,0,8.68421
148,76,34,660,8.68421
148,76,35,0,8.68421
148,76,36,0,8.68421
148,76,37,0,8.68421
148,76,38,0,8.68421
148,76,39,0,8.68421
148,76,40,0,8.68421
148,76,41,0,8.68421
148,76,42,0,8.68421
148,76,43,0,8.68421
148,76,44,0,8.68421
148,76,45,0,8.68421
148,76,46,0,8.68421
148,76,47,0,8.68421
148,76,48,0,8.68421
148,76,49,0,8.68421
148,76,50,0,8.68421
148,76,51,0,8.68421
148,76,52,0,8.68421
148,76,53,0,8.68421
148,76,54,0,8.68421
148,76,55,0,8.68421
148,76,56,0,8.68421
148,76,57,0,8.68421
148,76,58,0,8.68421
148,76,59,0,8.68421
148,76,60,0,8.68421
148,76,61,0,8.68421
148,76,62,0,8.68421
148,76,63,0,8.68421
148,77,0,0,8.5974
148,77,1,0,8.5974
148,77,2,0,8.5974
148,77,3,0,8.5974
148,77,4,0,8.5974
148,77,5,0,8.5974
148,77,6,0,8.5974
148,77,7,0,8.5974
148,77,8,0,8.5974
148,77,9,0,8.5974
148,77,10,0,8.5974
148,77,11,0,8.5974
148,77,12,0,8.5974
148,77,13,0,8.5974
148,77,14,0,8.5974
148,77,15,0,8.5974
148,77,16,0,8.5974
148,77,17,0,8.5974
148,77,18,0,8.5974
148,77,19,0,8.5974
148,77,20,0,8.5974
148,77,21,0,8.5974
148,77,22,0,8.5974
148,77,23,0,8.5974
148,77,24,0,8.5974
148,77,25,0,8.5974
148,77,26,0,8.5974
148,77,27,0,8.5974
148,77,28,0,8.5974
148,77,29,0,8.5974
148,77,30,0,8.5974
148,77,31,0,8.5974
148,77,32,0,8.5974
148,77,33,0,8.5974
148,77,34,662,8.5974
148,77,35,0,8.5974
148,77,36,0,8.5974
148,77,37,0,8.5974
148,77,38,0,8.5974
148,77,39,0,8.5974
148,77,40,0,8.5974
148,77,41,0,8.5974
148,77,42,0,8.5974
148,77,43,0,8.5974
148,77,44,0,8.5974
148,77,45,0,8.5974
148,77,46,0,8.5974
148,77,47,0,8.5974
148,77,48,0,8.5974
148,77,49,0,8.5974
148,77,50,0,8.5974
148,77,51,0,8.5974
148,77,52,0,8.5974
148,77,53,0,8.5974
148,77,54,0,8.5974
148,77,55,0,8.5974
148,77,56,0,8.5974
148,77,57,0,8.5974
148,77,58,0,8.5974
148,77,59,0,8.5974
148,77,60,0,8.5974
148,77,61,0,8.5974
148,77,62,0,8.5974
148,77,63,0,8.5974
148,78,0,0,8.60256
148,78,1,0,8.60256
148,78,2,0,8.60256
148,78,3,0,8.60256
148,78,4,0,8.60256
148,78,5,0,8.60256
148,78,6,0,8.60256
148,78,7,0,8.60256
148,78,8,0,8.60256
148,78,9,0,8.60256
148,78,10,0,8.60256
148,78,11,0,8.60256
148,78,12,0,8.60256
148,78,13,0,8.60256
148,78,14,0,8.60256
148,78,15,0,8.60256
148,78,16,0,8.60256
148,78,17,0,8.60256
148,78,18,0,8.60256
148,78,19,0,8.60256
148,78,20,0,8.60256
148,78,21,0,8.60256
148,78,22,0,8.60256
148,78,23,0,8.60256
148,78,24,0,8.60256
148,78,25,0,8.60256
148,78,26,0,8.60256
148,78,27,0,8.60256
148,78,28,0,8.60256
148,78,29,0,8.60256
148,78,30,0,8.60256
148,78,31,0,8.60256
148,78,32,0,8.60256
148,78,33,0,8.60256
148,78,34,671,8.60256
148,78,35,0,8.60256
148,78,36,0,8.60256
148,78,37,0,8.60256
148,78,38,0,8.60256
148,78,39,0,8.60256
148,78,40,0,8.60256
148,78,41,0,8.60256
148,78,42,0,8.60256
148,78,43,0,8.60256
148,78,44,0,8.60256
148,78,45,0,8.60256
148,78,46,0,8.60256
148,78,47,0,8.60256
148,78,48,0,8.60256
148,78,49,0,8.60256
148,78,50,0,8.60256
148,78,51,0,8.60256
148,78,52,0,8.60256
148,78,53,0,8.60256
148,78,54,0,8.60256
148,78,55,0,8.60256
148,78,56,0,8.60256
148,78,57,0,8.60256
148,78,58,0,8.60256
148,78,59,0,8.60256
148,78,60,0,8.60256
148,78,61,0,8.60256
148,78,62,0,8.60256
148,78,63,0,8.60256
148,79,0,0,8.6962
148,79,1,0,8.6962
148,79,2,0,8.6962
148,79,3,0,8.6962
148,79,4,0,8.6962
148,79,5,0,8.6962
148,79,6,0,8.6962
148,79,7,0,8.6962
148,79,8,0,8.6962
148,79,9,0,8.6962
148,79,10,0,8.6962
148,79,11,0,8.6962
148,79,12,0,8.6962
148,79,13,0,8.6962
148,79,14,0,8.6962
148,79,15,0,8.6962
148,79,16,0,8.6962
148,79,17,0,8.6962
148,79,18,0,8.6962
148,79,19,0,8.6962
148,79,20,0,8.6962
148,79,21,0,8.6962
148,79,22,0,8.6962
148,79,23,0,8.6962
148,79,24,0,8.6962
148,79,25,0,8.6962
148,79,26,0,8.6962
148,79,27,0,8.6962
148,79,28,0,8.6962
148,79,29,0,8.6962
148,79,30,0,8.6962
148,79,31,0,8.6962
148,79,32,0,8.6962
148,79,33,0,8.6962
148,79,34,687,8.6962
148,79,35,0,8.6962
148,79,36,0,8.6962
148,79,37,0,8.6962
148,79,38,0,8.6962
148,79,39,0,8.6962
148,79,40,0,8.6962
148,79,41,0,8.6962
148,79,42,0,8.6962
148,79,43,0,8.6962
148,79,44,0,8.6962
148,79,45,0,8.6962
148,79,46,0,8.6962
148,79,47,0,8.6962
148,79,48,0,8.6962
148,79,49,0,8.6962
148,79,50,0,8.6962
148,79,51,0,8.6962
148,79,52,0,8.6962
148,79,53,0,8.6962
148,79,54,0,8.6962
148,79,55,0,8.6962
148,79,56,0,8.6962
148,79,57,0,8.6962
148,79,58,0,8.6962
148,79,59,0,8.6962
148,79,60,0,8.6962
148,79,61,0,8.6962
148,79,62,0,8.6962
148,79,63,0,8.6962
148,80,0,0,8.7
148,80,1,0,8.7
148,80,2,0,8.7
148,80,3,0,8.7
148,80,4,0,8.7
148,80,5,0,8.7
148,80,6,0,8.7
148,80,7,0,8.7
148,80,8,0,8.7
148,80,9,0,8.7
148,80,10,0,8.7
148,80,11,0,8.7
148,80,12,0,8.7
148,80,13,0,8.7
148,80,14,0,8.7
148,80,15,0,8.7
148,80,16,0,8.7
148,80,17,0,8.7
148,80,18,0,8.7
148,80,19,0,8.7
148,80,20,0,8.7
148,80,21,0,8.7
148,80,22,0,8.7
148,80,23,0,8.7
148,80,24,0,8.7
148,80,25,0,8.7
148,80,26,0,8.7
148,80,27,0,8.7
148,80,28,0,8.7
148,80,29,0,8.7
148,80,30,0,8.7
148,80,31,0,8.7
148,80,32,0,8.7
148,80,33,0,8.7
148,80,34,696,8.7
148,80,35,0,8.7
148,80,36,0,8.7
148,80,37,0,8.7
148,80,38,0,8.7
148,80,39,0,8.7
148,80,40,0,8.7
148,80,41,0,8.7
148,80,42,0,8.7
148,80,43,0,8.7
148,80,44,0,8.7
148,80,45,0,8.7
148,80,46,0,8.7
148,80,47,0,8.7
148,80,48,0,8.7
148,80,49,0,8.7
148,80,50,0,8.7
148,80,51,0,8.7
148,80,52,0,8.7
148,80,53,0,8.7
148,80,54,0,8.7
148,80,55,0,8.7
148,80,56,0,8.7
148,80,57,0,8.7
148,80,58,0,8.7
148,80,59,0,8.7
148,80,60,0,8.7
148,80,61,0,8.7
148,80,62,0,8.7
148,80,63,0,8.7
148,81,0,0,8.75309
148,81,1,0,8.75309
148,81,2,0,8.75309
148,81,3,0,8.75309
148,81,4,0,8.75309
148,81,5,0,8.75309
148,81,6,0,8.75309
148,81,7,0,8.75309
148,81,8,0,8.75309
148,81,9,0,8.75309
148,81,10,0,8.75309
148,81,11,0,8.75309
148,81,12,0,8.75309
148,81,13,0,8.75309
148,81,14,0,8.75309
148,81,15,0,8.75309
148,81,16,0,8.75309
148,81,17,0,8.75309
148,81,18,0,8.75309
148,81,19,0,8.75309
148,81,20,0,8.75309
148,81,21,0,8.75309
148,81,22,0,8.75309
148,81,23,0,8.75309
148,81,24,0,8.75309
148,81,25,0,8.75309
148,81,26,0,8.75309
148,81,27,0,8.75309
148,81,28,0,8.75309
148,81,29,0,8.75309
148,81,30,0,8.75309
148,81,31,0,8.75309
148,81,32,0,8.75309
148,81,33,0,8.75309
148,81,34,709,8.75309
148,81,35,0,8.75309
148,81,36,0,8.75309
148,81,37,0,8.75309
148,81,38,0,8.75309
148,81,39,0,8.75309
148,81,40,0,8.75309
148,81,41,0,8.75309
148,81,42,0,8.75309
148,81,43,0,8.75309
148,81,44,0,8.75309
148,81,45,0,8.75309
148,81,46,0,8.75309
148,81,47,0,8.75309
148,81,48,0,8.75309
148,81,49,0,8.75309
148,81,50,0,8.75309
148,81,51,0,8.75309
148,81,52,0,8.75309
148,81,53,0,8.75309
148,81,54,0,8.75309
148,81,55,0,8.75309
148,81,56,0,8.75309
148,81,57,0,8.75309
148,81,58,0,8.75309
148,81,59,0,8.75309
148,81,60,0,8.75309
148,81,61,0,8.75309
148,81,62,0,8.75309
148,81,63,0,8.75309
148,82,0,0,8.7561
148,82,1,0,8.7561
148,82,2,0,8.7561
148,82,3,0,8.7561
148,82,4,0,8.7561
148,82,5,0,8.7561
148,82,6,0,8.7561
148,82,7,0,8.7561
148,82,8,0,8.7561
148,82,9,0,8.7561
148,82,10,0,8.7561
148,82,11,0,8.7561
148,82,12,0,8.7561
148,82,13,0,8.7561
148,82,14,0,8.7561
148,82,15,0,8.7561
148,82,16,0,8.7561
148,82,17,0,8.7561
148,82,18,0,8.7561
148,82,19,0,8.7561
148,82,20,0,8.7561
148,82,21,0,8.7561
148,82,22,0,8.7561
148,82,23,0,8.7561
148,82,24,0,8.7561
148,82,25,0,8.7561
148,82,26,0,8.7561
148,82,27,0,8.7561
148,82,28,0,8.7561
148,82,29,0,8.7561
148,82,30,0,8.7561
148,82,31,0,8.7561
148,82,32,0,8.7561
148,82,33,0,8.7561
148,82,34,718,8.7561
148,82,35,0,8.7561
148,82,36,0,8.7561
148,82,37,0,8.7561
148,82,38,0,8.7561
148,82,39,0,8.7561
148,82,40,0,8.7561
148,82,41,0,8.7561
148,82,42,0,8.7561
148,82,43,0,8.7561
148,82,44,0,8.7561
148,82,45,0,8.7561
148,82,46,0,8.7561
148,82,47,0,8.7561
148,82,48,0,8.7561
148,82,49,0,8.7561
148,82,50,0,8.7561
148,82,51,0,8.7561
148,82,52,0,8.7561
148,82,53,0,8.7561
148,82,54,0,8.7561
148,82,55,0,8.7561
148,82,56,0,8.7561
148,82,57,0,8.7561
148,82,58,0,8.7561
148,82,59,0,8.7561
148,82,60,0,8.7561
148,82,61,0,8.7561
148,82,62,0,8.7561
148,82,63,0,8.7561
148,83,0,0,8.71084
148,83,1,0,8.71084
148,83,2,0,8.71084
148,83,3,0,8.71084
148,83,4,0,8.71084
148,83,5,0,8.71084
148,83,6,0,8.71084
148,83,7,0,8.71084
148,83,8,0,8.71084
148,83,9,0,8.71084
148,83,10,0,8.71084
148,83,11,0,8.71084
148,83,12,0,8.71084
148,83,13,0,8.71084
148,83,14,0,8.71084
148,83,15,0,8.71084
148,83,16,0,8.71084
148,83,17,0,8.71084
148,83,18,0,8.71084
148,83,19,0,8.71084
148,83,20,0,8.71084
148,83,21,0,8.71084
148,83,22,0,8.71084
148,83,23,0,8.71084
148,83,24,0,8.71084
148,83,25,0,8.71084
148,83,26,0,8.71084
148,83,27,0,8.71084
148,83,28,0,8.71084
148,83,29,0,8.71084
148,83,30,0,8.71084
148,83,31,0,8.71084
148,83,32,0,8.71084
148,83,33,0,8.71084
148,83,34,723,8.71084
148,83,35,0,8.71084
148,83,36,0,8.71084
148,83,37,0,8.71084
148,83,38,0,8.71084
148,83,39,0,8.71084
148,83,40,0,8.71084
148,83,41,0,8.71084
148,83,42,0,8.71084
148,83,43,0,8.71084
148,83,44,0,8.71084
148,83,45,0,8.71084
148,83,46,0,8.71084
148,83,47,0,8.71084
148,83,48,0,8.71084
148,83,49,0,8.71084
148,83,50,0,8.71084
148,83,51,0,8.71084
148,83,52,0,8.71084
148,83,53,0,8.71084
148,83,54,0,8.71084
148,83,55,0,8.71084
148,83,56,0,8.71084
148,83,57,0,8.71084
148,83,58,0,8.71084
148,83,59,0,8.71084
148,83,60,0,8.71084
148,83,61,0,8.71084
148,83,62,0,8.71084
148,83,63,0,8.71084
148,84,0,0,8.65476
148,84,1,0,8.65476
148,84,2,0,8.65476
148,84,3,0,8.65476
148,84,4,0,8.65476
148,84,5,0,8.65476
148,84,6,0,8.65476
148,84,7,0,8.65476
148,84,8,0,8.65476
148,84,9,0,8.65476
148,84,10,0,8.65476
148,84,11,0,8.65476
148,84,12,0,8.65476
148,84,13,0,8.65476
148,84,14,0,8.65476
148,84,15,0,8.65476
148,84,16,0,8.65476
148,84,17,0,8.65476
148,84,18,0,8.65476
148,84,19,0,8.65476
148,84,20,0,8.65476
148,84,21,0,8.65476
148,84,22,0,8.65476
148,84,23,0,8.65476
148,84,24,0,8.65476
148,84,25,0,8.65476
148,84,26,0,8.65476
148,84,27,0,8.65476
148,84,28,0,8.65476
148,84,29,0,8.65476
148,84,30,0,8.65476
148,84,31,0,8.65476
148,84,32,0,8.65476
148,84,33,0,8.65476
148,84,34,727,8.65476
148,84,35,0,8.65476
148,84,36,0,8.65476
148,84,37,0,8.65476
148,84,38,0,8.65476
148,84,39,0,8.65476
148,84,40,0,8.65476
148,84,41,0,8.65476
148,84,42,0,8.65476
148,84,43,0,8.65476
148,84,44,0,8.65476
148,84,45,0,8.65476
148,84,46,0,8.65476
148,84,47,0,8.65476
148,84,48,0,8.65476
148,84,49,0,8.65476
148,84,50,0,8.65476
148,84,51,0,8.65476
148,84,52,0,8.65476
148,84,53,0,8.65476
148,84,54,0,8.65476
148,84,55,0,8.65476
148,84,56,0,8.65476
148,84,57,0,8.65476
148,84,58,0,8.65476
148,84,59,0,8.65476
148,84,60,0,8.65476
148,84,61,0,8.65476
148,84,62,0,8.65476
148,84,63,0,8.65476
148,85,0,0,8.64706
148,85,1,0,8.64706
148,85,2,0,8.64706
148,85,3,0,8.64706
148,85,4,0,8.64706
148,85,5,0,8.64706
148,85,6,0,8.64706
148,85,7,0,8.64706
148,85,8,0,8.64706
148,85,9,0,8.64706
148,85,10,0,8.64706
148,85,11,0,8.64706
148,85,12,0,8.64706
148,85,13,0,8.64706
148,85,14,0,8.64706
148,85,15,0,8.64706
148,85,16,0,8.64706
148,85,17,0,8.64706
148,85,18,0,8.64706
148,85,19,0,8.64706
148,85,20,0,8.64706
148,85,21,0,8.64706
148,85,22,0,8.64706
148,85,23,0,8.64706
148,85,24,0,8.64706
148,85,25,0,8.64706
148,85,26,0,8.64706
148,85,27,0,8.64706
148,85,28,0,8.64706
148,85,29,0,8.64706
148,85,30,0,8.64706
148,85,31,0,8.64706
148,85,32,0,8.64706
148,85,33,0,8.64706
148,85,34,735,8.64706
148,85,35,0,8.64706
148,85,36,0,8.64706
148,85,37,0,8.64706
148,85,38,0,8.64706
148,85,39,0,8.64706
148,85,40,0,8.64706
148,85,41,0,8.64706
148,85,42,0,8.64706
148,85,43,0,8.64706
148,85,44,0,8.64706
148,85,45,0,8.64706
148,85,46,0,8.64706
148,85,47,0,8.64706
148,85,48,0,8.64706
148,85,49,0,8.64706
148,85,50,0,8.64706
148,85,51,0,8.64706
148,85,52,0,8.64706
148,85,53,0,8.64706
148,85,54,0,8.64706
148,85,55,0,8.64706
148,85,56,0,8.64706
148,85,57,0,8.64706
148,85,58,0,8.64706
148,85,59,0,8.64706
148,85,60,0,8.64706
148,85,61,0,8.64706
148,85,62,0,8.64706
148,85,63,0,8.64706
148,86,0,0,8.7093
148,86,1,0,8.7093
148,86,2,0,8.7093
148,86,3,0,8.7093
148,86,4,0,8.7093
148,86,5,0,8.7093
148,86,6,0,8.7093
148,86,7,0,8.7093
148,86,8,0,8.7093
148,86,9,0,8.7093
148,86,10,0,8.7093
148,86,11,0,8.7093
148,86,12,0,8.7093
148,86,13,0,8.7093
148,86,14,0,8.7093
148,86,15,0,8.7093
148,86,16,0,8.7093
148,86,17,0,8.7093
148,86,18,0,8.7093
148,86,19,0,8.7093
148,86,20,0,8.7093
148,86,21,0,8.7093
148,86,22,0,8.7093
148,86,23,0,8.7093
148,86,24,0,8.7093
148,86,25,0,8.7093
148,86,26,0,8.7093
148,86,27,0,8.7093
148,86,28,0,8.7093
148,86,29,0,8.7093
148,86,30,0,8.7093
148,86,31,0,8.7093
148,86,32,0,8.7093
148,86,33,0,8.7093
148,86,34,749,8.7093
148,86,35,0,8.7093
148,86,36,0,8.7093
148,86,37,0,8.7093
148,86,38,0,8.7093
148,86,39,0,8.7093
148,86,40,0,8.7093
148,86,41,0,8.7093
148,86,42,0,8.7093
148,86,43,0,8.7093
148,86,44,0,8.7093
148,86,45,0,8.7093
148,86,46,0,8.7093
148,86,47,0,8.7093
148,86,48,0,8.7093
148,86,49,0,8.7093
148,86,50,0,8.7093
148,86,51,0,8.7093
148,86,52,0,8.7093
148,86,53,0,8.7093
148,86,54,0,8.7093
148,86,55,0,8.7093
148,86,56,0,8.7093
148,86,57,0,8.7093
148,86,58,0,8.7093
148,86,59,0,8.7093
148,86,60,0,8.7093
148,86,61,0,8.7093
148,86,62,0,8.7093
148,86,63,0,8.7093
148,87,0,0,8.70115
148,87,1,0,8.70115
148,87,2,0,8.70115
148,87,3,0,8.70115
148,87,4,0,8.70115
148,87,5,0,8.70115
148,87,6,0,8.70115
148,87,7,0,8.70115
148,87,8,0,8.70115
148,87,9,0,8.70115
148,87,10,0,8.70115
148,87,11,0,8.70115
148,87,12,0,8.70115
148,87,13,0,8.70115
148,87,14,0,8.70115
148,87,15,0,8.70115
148,87,16,0,8.70115
148,87,17,0,8.70115
148,87,18,0,8.70115
148,87,19,0,8.70115
148,87,20,0,8.70115
148,87,21,0,8.70115
148,87,22,0,8.70115
148,87,23,0,8.70115
148,87,24,0,8.70115
148,87,25,0,8.70115
148,87,26,0,8.70115
148,87,27,0,8.70115
148,87,28,0,8.70115
148,87,29,0,8.70115
148,87,30,0,8.70115
148,87,31,0,8.70115
148,87,32,0,8.70115
148,87,33,0,8.70115
148,87,34,757,8.70115
148,87,35,0,8.70115
148,87,36,0,8.70115
148,87,37,0,8.70115
148,87,38,0,8.70115
148,87,39,0,8.70115
148,87,40,0,8.70115
148,87,41,0,8.70115
148,87,42,0,8.70115
148,87,43,0,8.70115
148,87,44,0,8.70115
148,87,45,0,8.70115
148,87,46,0,8.70115
148,87,47,0,8.70115
148,87,48,0,8.70115
148,87,49,0,8.70115
148,87,50,0,8.70115
148,87,51,0,8.70115
148,87,52,0,8.70115
148,87,53,0,8.70115
148,87,54,0,8.70115
148,87,55,0,8.70115
148,87,56,0,8.70115
148,87,57,0,8.70115
148,87,58,0,8.70115
148,87,59,0,8.70115
148,87,60,0,8.70115
148,87,61,0,8.70115
148,87,62,0,8.70115
148,87,63,0,8.70115
148,88,0,0,8.71591
148,88,1,0,8.71591
148,88,2,0,8.71591
148,88,3,0,8.71591
148,88,4,0,8.71591
148,88,5,0,8.71591
148,88,6,0,8.71591
148,88,7,0,8.71591
148,88,8,0,8.71591
148,88,9,0,8.71591
148,88,10,0,8.71591
148,88,11,0,8.71591
148,88,12,0,8.71591
148,88,13,0,8.71591
148,88,14,0,8.71591
148,88,15,0,8.71591
148,88,16,0,8.71591
148,88,17,0,8.71591
148,88,18,0,8.71591
148,88,19,0,8.71591
148,88,20,0,8.71591
148,88,21,0,8.71591
148,88,22,0,8.71591
148,88,23,0,8.71591
148,88,24,0,8.71591
148,88,25,0,8.71591
148,88,26,0,8.71591
148,88,27,0,8.71591
148,88,28,0,8.71591
148,88,29,0,8.71591
148,88,30,0,8.71591
148,88,31,0,8.71591
148,88,32,0,8.71591
148,88,33,0,8.71591
148,88,34,767,8.71591
148,88,35,0,8.71591
148,88,36,0,8.71591
148,88,37,0,8.71591
148,88,38,0,8.71591
148,88,39,0,8.71591
148,88,40,0,8.71591
148,88,41,0,8.71591
148,88,42,0,8.71591
148,88,43,0,8.71591
148,88,44,0,8.71591
148,88,45,0,8.71591
148,88,46,0,8.71591
148,88,47,0,8.71591
148,88,48,0,8.71591
148,88,49,0,8.71591
148,88,50,0,8.71591
148,88,51,0,8.71591
148,88,52,0,8.71591
148,88,53,0,8.71591
148,88,54,0,8.71591
148,88,55,0,8.71591
148,88,56,0,8.71591
148,88,57,0,8.71591
148,88,58,0,8.71591
148,88,59,0,8.71591
148,88,60,0,8.71591
148,88,61,0,8.71591
148,88,62,0,8.71591
148,88,63,0,8.71591
148,89,0,0,8.62921
148,89,1,0,8.62921
148,89,2,0,8.62921
148,89,3,0,8.62921
148,89,4,0,8.62921
148,89,5,0,8.62921
148,89,6,0,8.62921
148,89,7,0,8.62921
148,89,8,0,8.62921
148,89,9,0,8.62921
148,89,10,0,8.62921
148,89,11,0,8.62921
148,89,12,0,8.62921
148,89,13,0,8.62921
148,89,14,0,8.62921
148,89,15,0,8.62921
148,89,16,0,8.62921
148,89,17,0,8.62921
148,89,18,0,8.62921
148,89,19,0,8.62921
148,89,20,0,8.62921
148,89,21,0,8.62921
148,89,22,0,8.62921
148,89,23,0,8.62921
148,89,24,0,8.62921
148,89,25,0,8.62921
148,89,26,0,8.62921
148,89,27,0,8.62921
148,89,28,0,8.62921
148,89,29,0,8.62921
148,89,30,0,8.62921
148,89,31,0,8.62921
148,89,32,0,8.62921
148,89,33,0,8.62921
148,89,34,768,8.62921
148,89,35,0,8.62921
148,89,36,0,8.62921
148,89,37,0,8.62921
148,89,38,0,8.62921
148,89,39,0,8.62921
148,89,40,0,8.62921
148,89,41,0,8.62921
148,89,42,0,8.62921
148,89,43,0,8.62921
148,89,44,0,8.62921
148,89,45,0,8.62921
148,89,46,0,8.62921
148,89,47,0,8.62921
148,89,48,0,8.62921
148,89,49,0,8.62921
148,89,50,0,8.62921
148,89,51,0,8.62921
148,89,52,0,8.62921
148,89,53,0,8.62921
148,89,54,0,8.62921
148,89,55,0,8.62921
148,89,56,0,8.62921
148,89,57,0,8.62921
148,89,58,0,8.62921
148,89,59,0,8.62921
148,89,60,0,8.62921
148,89,61,0,8.62921
148,89,62,0,8.62921
148,89,63,0,8.62921
148,90,0,0,8.66667
148,90,1,0,8.66667
148,90,2,0,8.66667
148,90,3,0,8.66667
148,90,4,0,8.66667
148,90,5,0,8.66667
148,90,6,0,8.66667
148,90,7,0,8.66667
148,90,8,0,8.66667
148,90,9,0,8.66667
148,90,10,0,8.66667
148,90,11,0,8.66667
148,90,12,0,8.66667
148,90,13,0,8.66667
148,90,14,0,8.66667
148,90,15,0,8.66667
148,90,16,0,8.66667
148,90,17,0,8.66667
148,90,18,0,8.66667
148,90,19,0,8.66667
148,90,20,0,8.66667
148,90,21,0,8.66667
148,90,22,0,8.66667
148,90,23,0,8.66667
148,90,24,0,8.66667
148,90,25,0,8.66667
148,90,26,0,8.66667
148,90,27,0,8.66667
148,90,28,0,8.66667
148,90,29,0,8.66667
148,90,30,0,8.66667
148,90,31,0,8.66667
148,90,32,0,8.66667
148,90,33,0,8.66667
148,90,34,780,8.66667
148,90,35,0,8.66667
148,90,36,0,8.66667
148,90,37,0,8.66667
148,90,38,0,8.66667
148,90,39,0,8.66667
148,90,40,0,8.66667
148,90,41,0,8.66667
148,90,42,0,8.66667
148,90,43,0,8.66667
148,90,44,0,8.66667
148,90,45,0,8.66667
148,90,46,0,8.66667
148,90,47,0,8.66667
148,90,48,0,8.66667
148,90,49,0,8.66667
148,90,50,0,8.66667
148,90,51,0,8.66667
148,90,52,0,8.66667
148,90,53,0,8.66667
148,90,54,0,8.66667
148,90,55,0,8.66667
148,90,56,0,8.66667
148,90,57,0,8.66667
148,90,58,0,8.66667
148,90,59,0,8.66667
148,90,60,0,8.66667
148,90,61,0,8.66667
148,90,62,0,8.66667
148,90,63,0,8.66667
148,91,0,0,8.63736
148,91,1,0,8.63736
148,91,2,0,8.63736
148,91,3,0,8.63736
148,91,4,0,8.63736
148,91,5,0,8.63736
148,91,6,0,8.63736
148,91,7,0,8.63736
148,91,8,0,8.63736
148,91,9,0,8.63736
148,91,10,0,8.63736
148,91,11,0,8.63736
148,91,12,0,8.63736
148,91,13,0,8.63736
148,91,14,0,8.63736
148,91,15,0,8.63736
148,91,16,0,8.63736
148,91,17,0,8.63736
148,91,18,0,8.63736
148,91,19,0,8.63736
148,91,20,0,8.63736
148,91,21,0,8.63736
148,91,22,0,8.63736
148,91,23,0,8.63736
148,91,24,0,8.63736
148,91,25,0,8.63736
148,91,26,0,8.63736
148,91,27,0,8.63736
148,91,28,0,8.63736
148,91,29,0,8.63736
148,91,30,0,8.63736
148,91,31,0,8.63736
148,91,32,0,8.63736
148,91,33,0,8.63736
148,91,34,786,8.63736
148,91,35,0,8.63736
148,91,36,0,8.63736
148,91,37,0,8.63736
148,91,38,0,8.63736
148,91,39,0,8.63736
148,91,40,0,8.63736
148,91,41,0,8.63736
148,91,42,0,8.63736
148,91,43,0,8.63736
148,91,44,0,8.63736
148,91,45,0,8.63736
148,91,46,0,8.63736
148,91,47,0,8.63736
148,91,48,0,8.63736
148,91,49,0,8.63736
148,91,50,0,8.63736
148,91,51,0,8.63736
148,91,52,0,8.63736
148,91,53,0,8.63736
148,91,54,0,8.63736
148,91,55,0,8.63736
148,91,56,0,8.63736
148,91,57,0,8.63736
148,91,58,0,8.63736
148,91,59,0,8.63736
148,91,60,0,8.63736
148,91,61,0,8.63736
148,91,62,0,8.63736
148,91,63,0,8.63736
148,92,0,0,8.56522
148,92,1,0,8.56522
148,92,2,0,8.56522
148,92,3,0,8.56522
148,92,4,0,8.56522
148,92,5,0,8.56522
148,92,6,0,8.56522
148,92,7,0,8.56522
148,92,8,0,8.56522
148,92,9,0,8.56522
148,92,10,0,8.56522
148,92,11,0,8.56522
148,92,12,0,8.56522
148,92,13,0,8.56522
148,92,14,0,8.56522
148,92,15,0,8.56522
148,92,16,0,8.56522
148,92,17,0,8.56522
148,92,18,0,8.56522
148,92,19,0,8.56522
148,92,20,0,8.56522
148,92,21,0,8.56522
148,92,22,0,8.56522
148,92,23,0,8.56522
148,92,24,0,8.56522
148,92,25,0,8.56522
148,92,26,0,8.56522
148,92,27,0,8.56522
148,92,28,0,8.56522
148,92,29,0,8.56522
148,92,30,0,8.56522
148,92,31,0,8.56522
148,92,32,0,8.56522
148,92,33,0,8.56522
148,92,34,788,8.56522
148,92,35,0,8.56522
148,92,36,0,8.56522
148,92,37,0,8.56522
148,92,38,0,8.56522
148,92,39,0,8.56522
148,92,40,0,8.56522
148,92,41,0,8.56522
148,92,42,0,8.56522
148,92,43,0,8.56522
148,92,44,0,8.56522
148,92,45,0,8.56522
148,92,46,0,8.56522
148,92,47,0,8.56522
148,92,48,0,8.56522
148,92,49,0,8.56522
148,92,50,0,8.56522
148,92,51,0,8.56522
148,92,52,0,8.56522
148,92,53,0,8.56522
148,92,54,0,8.56522
148,92,55,0,8.56522
148,92,56,0,8.56522
148,92,57,0,8.56522
148,92,58,0,8.56522
148,92,59,0,8.56522
148,92,60,0,8.56522
148,92,61,0,8.56522
148,92,62,0,8.56522
148,92,63,0,8.56522
148,93,0,0,8.50538
148,93,1,0,8.50538
148,93,2,0,8.50538
148,93,3,0,8.50538
148,93,4,0,8.50538
148,93,5,0,8.50538
148,93,6,0,8.50538
148,93,7,0,8.50538
148,93,8,0,8.50538
148,93,9,0,8.50538
148,93,10,0,8.50538
148,93,11,0,8.50538
148,93,12,0,8.50538
148,93,13,0,8.50538
148,93,14,0,8.50538
148,93,15,0,8.50538
148,93,16,0,8.50538
148,93,17,0,8.50538
148,93,18,0,8.50538
148,93,19,0,8.50538
148,93,20,0,8.50538
148,93,21,0,8.50538
148,93,22,0,8.50538
148,93,23,0,8.50538
148,93,24,0,8.50538
148,93,25,0,8.50538
148,93,26,0,8.50538
148,93,27,0,8.50538
148,93,28,0,8.50538
148,93,29,0,8.50538
148,93,30,0,8.50538
148,93,31,0,8.50538
148,93,32,0,8.50538
148,93,33,0,8.50538
148,93,34,791,8.50538
148,93,35,0,8.50538
148,93,36,0,8.50538
148,93,37,0,8.50538
148,93,38,0,8.50538
148,93,39,0,8.50538
148,93,40,0,8.50538
148,93,41,0,8.50538
148,93,42,0,8.50538
148,93,43,0,8.50538
148,93,44,0,8.50538
148,93,45,0,8.50538
148,93,46,0,8.50538
148,93,47,0,8.50538
148,93,48,0,8.50538
148,93,49,0,8.50538
148,93,50,0,8.50538
148,93,51,0,8.50538
148,93,52,0,8.50538
148,93,53,0,8.50538
148,93,54,0,8.50538
148,93,55,0,8.50538
148,93,56,0,8.50538
148,93,57,0,8.50538
148,93,58,0,8.50538
148,93,59,0,8.50538
148,93,60,0,8.50538
148,93,61,0,8.50538
148,93,62,0,8.50538
148,93,63,0,8.50538
148,94,0,0,8.45745
148,94,1,0,8.45745
148,94,2,0,8.45745
148,94,3,0,8.45745
148,94,4,0,8.45745
148,94,5,0,8.45745
148,94,6,0,8.45745
148,94,7,0,8.45745
148,94,8,0,8.45745
148,94,9,0,8.45745
148,94,10,0,8.45745
148,94,11,0,8.45745
148,94,12,0,8.45745
148,94,13,0,8.45745
148,94,14,0,8.45745
148,94,15,0,8.45745
148,94,16,0,8.45745
148,94,17,0,8.45745
148,94,18,0,8.45745
148,94,19,0,8.45745
148,94,20,0,8.45745
148,94,21,0,8.45745
148,94,22,0,8.45745
148,94,23,0,8.45745
148,94,24,0,8.45745
148,94,25,0,8.45745
148,94,26,0,8.45745
148,94,27,0,8.45745
148,94,28,0,8.45745
148,94,29,0,8.45745
148,94,30,0,8.45745
148,94,31,0,8.45745
148,94,32,0,8.45745
148,94,33,0,8.45745
148,94,34,795,8.45745
148,94,35,0,8.45745
148,94,36,0,8.45745
148,94,37,0,8.45745
148,94,38,0,8.45745
148,94,39,0,8.45745
148,94,40,0,8.45745
148,94,41,0,8.45745
148,94,42,0,8.45745
148,94,43,0,8.45745
148,94,44,0,8.45745
148,94,45,0,8.45745
148,94,46,0,8.45745
148,94,47,0,8.45745
148,94,48,0,8.45745
148,94,49,0,8.45745
148,94,50,0,8.45745
148,94,51,0,8.45745
148,94,52,0,8.45745
148,94,53,0,8.45745
148,94,54,0,8.45745
148,94,55,0,8.45745
148,94,56,0,8.45745
148,94,57,0,8.45745
148,94,58,0,8.45745
148,94,59,0,8.45745
148,94,60,0,8.45745
148,94,61,0,8.45745
148,94,62,0,8.45745
148,94,63,0,8.45745
148,95,0,0,8.45263
148,95,1,0,8.45263
148,95,2,0,8.45263
148,95,3,0,8.45263
148,95,4,0,8.45263
148,95,5,0,8.45263
148,95,6,0,8.45263
148,95,7,0,8.45263
148,95,8,0,8.45263
148,95,9,0,8.45263
148,95,10,0,8.45263
148,95,11,0,8.45263
148,95,12,0,8.45263
148,95,13,0,8.45263
148,95,14,0,8.45263
148,95,15,0,8.45263
148,95,16,0,8.45263
148,95,17,0,8.45263
148,95,18,0,8.45263
148,95,19,0,8.45263
148,95,20,0,8.45263
148,95,21,0,8.45263
148,95,22,0,8.45263
148,95,23,0,8.45263
148,95,24,0,8.45263
148,95,25,0,8.45263
148,95,26,0,8.45263
148,95,27,0,8.45263
148,95,28,0,8.45263
148,95,29,0,8.45263
148,95,30,0,8.45263
148,95,31,0,8.45263
148,95,32,0,8.45263
148,95,33,0,8.45263
148,95,34,803,8.45263
148,95,35,0,8.45263
148,95,36,0,8.45263
148,95,37,0,8.45263
148,95,38,0,8.45263
148,95,39,0,8.45263
148,95,40,0,8.45263
148,95,41,0,8.45263
148,95,42,0,8.45263
148,95,43,0,8.45263
148,95,44,0,8.45263
148,95,45,0,8.45263
148,95,46,0,8.45263
148,95,47,0,8.45263
148,95,48,0,8.45263
148,95,49,0,8.45263
148,95,50,0,8.45263
148,95,51,0,8.45263
148,95,52,0,8.45263
148,95,53,0,8.45263
148,95,54,0,8.45263
148,95,55,0,8.45263
148,95,56,0,8.45263
148,95,57,0,8.45263
148,95,58,0,8.45263
148,95,59,0,8.45263
148,95,60,0,8.45263
148,95,61,0,8.45263
148,95,62,0,8.45263
148,95,63,0,8.45263
148,96,0,0,8.40625
148,96,1,0,8.40625
148,96,2,0,8.40625
148,96,3,0,8.40625
148,96,4,0,8.40625
148,96,5,0,8.40625
148,96,6,0,8.40625
148,96,7,0,8.40625
148,96,8,0,8.40625
148,96,9,0,8.40625
148,96,10,0,8.40625
148,96,11,0,8.40625
148,96,12,0,8.40625
148,96,13,0,8.40625
148,96,14,0,8.40625
148,96,15,0,8.40625
148,96,16,0,8.40625
148,96,17,0,8.40625
148,96,18,0,8.40625
148,96,19,0,8.40625
148,96,20,0,8.40625
148,96,21,0,8.40625
148,96,22,0,8.40625
148,96,23,0,8.40625
148,96,24,0,8.40625
148,96,25,0,8.40625
148,96,26,0,8.40625
148,96,27,0,8.40625
148,96,28,0,8.40625
148,96,29,0,8.40625
148,96,30,0,8.40625
148,96,31,0,8.40625
148,96,32,0,8.40625
148,96,33,0,8.40625
148,96,34,807,8.40625
148,96,35,0,8.40625
148,96,36,0,8.40625
148,96,37,0,8.40625
148,96,38,0,8.40625
148,96,39,0,8.40625
148,96,40,0,8.40625
148,96,41,0,8.40625
148,96,42,0,8.40625
148,96,43,0,8.40625
148,96,44,0,8.40625
148,96,45,0,8.40625
148,96,46,0,8.40625
148,96,47,0,8.40625
148,96,48,0,8.40625
148,96,49,0,8.40625
148,96,50,0,8.40625
148,96,51,0,8.40625
148,96,52,0,8.40625
148,96,53,0,8.40625
148,96,54,0,8.40625
148,96,55,0,8.40625
148,96,56,0,8.40625
148,96,57,0,8.40625
148,96,58,0,8.40625
148,96,59,0,8.40625
148,96,60,0,8.40625
148,96,61,0,8.40625
148,96,62,0,8.40625
148,96,63,0,8.40625
148,97,0,0,8.53608
148,97,1,0,8.53608
148,97,2,0,8.53608
148,97,3,0,8.53608
148,97,4,0,8.53608
148,97,5,0,8.53608
148,97,6,0,8.53608
148,97,7,0,8.53608
148,97,8,0,8.53608
148,97,9,0,8.53608
148,97,10,0,8.53608
148,97,11,0,8.53608
148,97,12,0,8.53608
148,97,13,0,8.53608
148,97,14,0,8.53608
148,97,15,0,8.53608
148,97,16,0,8.53608
148,97,17,0,8.53608
148,97,18,0,8.53608
148,97,19,0,8.53608
148,97,20,0,8.53608
148,97,21,0,8.53608
148,97,22,0,8.53608
148,97,23,0,8.53608
148,97,24,0,8.53608
148,97,25,0,8.53608
148,97,26,0,8.53608
148,97,27,0,8.53608
148,97,28,0,8.53608
148,97,29,0,8.53608
148,97,30,0,8.53608
148,97,31,0,8.53608
148,97,32,0,8.53608
148,97,33,0,8.53608
148,97,34,828,8.53608
148,97,35,0,8.53608
148,97,36,0,8.53608
148,97,37,0,8.53608
148,97,38,0,8.53608
148,97,39,0,8.53608
148,97,40,0,8.53608
148,97,41,0,8.53608
148,97,42,0,8.53608
148,97,43,0,8.53608
148,97,44,0,8.53608
148,97,45,0,8.53608
148,97,46,0,8.53608
148,97,47,0,8.53608
148,97,48,0,8.53608
148,97,49,0,8.53608
148,97,50,0,8.53608
148,97,51,0,8.53608
148,97,52,0,8.53608
148,97,53,0,8.53608
148,97,54,0,8.53608
148,97,55,0,8.53608
148,97,56,0,8.53608
148,97,57,0,8.53608
148,97,58,0,8.53608
148,97,59,0,8.53608
148,97,60,0,8.53608
148,97,61,0,8.53608
148,97,62,0,8.53608
148,97,63,0,8.53608
148,98,0,0,8.4898
148,98,1,0,8.4898
148,98,2,0,8.4898
148,98,3,0,8.4898
148,98,4,0,8.4898
148,98,5,0,8.4898
148,98,6,0,8.4898
148,98,7,0,8.4898
148,98,8,0,8.4898
148,98,9,0,8.4898
148,98,10,0,8.4898
148,98,11,0,8.4898
148,98,12,0,8.4898
148,98,13,0,8.4898
148,98,14,0,8.4898
148,98,15,0,8.4898
148,98,16,0,8.4898
148,98,17,0,8.4898
148,98,18,0,8.4898
148,98,19,0,8.4898
148,98,20,0,8.4898
148,98,21,0,8.4898
148,98,22,0,8.4898
148,98,23,0,8.4898
148,98,24,0,8.4898
148,98,25,0,8.4898
148,98,26,0,8.4898
148,98,27,0,8.4898
148,98,28,0,8.4898
148,98,29,0,8.4898
148,98,30,0,8.4898
148,98,31,0,8.4898
148,98,32,0,8.4898
148,98,33,0,8.4898
148,98,34,832,8.4898
148,98,35,0,8.4898
148,98,36,0,8.4898
148,98,37,0,8.4898
148,98,38,0,8.4898
148,98,39,0,8.4898
148,98,40,0,8.4898
148,98,41,0,8.4898
148,98,42,0,8.4898
148,98,43,0,8.4898
148,98,44,0,8.4898
148,98,45,0,8.4898
148,98,46,0,8.4898
148,98,47,0,8.4898
148,98,48,0,8.4898
148,98,49,0,8.4898
148,98,50,0,8.4898
148,98,51,0,8.4898
148,98,52,0,8.4898
148,98,53,0,8.4898
148,98,54,0,8.4898
148,98,55,0,8.4898
148,98,56,0,8.4898
148,98,57,0,8.4898
148,98,58,0,8.4898
148,98,59,0,8.4898
148,98,60,0,8.4898
148,98,61,0,8.4898
148,98,62,0,8.4898
148,98,63,0,8.4898
148,99,0,0,8.44444
148,99,1,0,8.44444
148,99,2,0,8.44444
148,99,3,0,8.44444
148,99,4,0,8.44444
148,99,5,0,8.44444
148,99,6,0,8.44444
148,99,7,0,8.44444
148,99,8,0,8.44444
148,99,9,0,8.44444
148,99,10,0,8.44444
148,99,11,0,8.44444
148,99,12,0,8.44444
148,99,13,0,8.44444
148,99,14,0,8.44444
148,99,15,0,8.44444
148,99,16,0,8.44444
148,99,17,0,8.44444
148,99,18,0,8.44444
148,99,19,0,8.44444
148,99,20,0,8.44444
148,99,21,0,8.44444
148,99,22,0,8.44444
148,99,23,0,8.44444
148,99,24,0,8.44444
148,99,25,0,8.44444
148,99,26,0,8.44444
148,99,27,0,8.44444
148,99,28,0,8.44444
148,99,29,0,8.44444
148,99,30,0,8.44444
148,99,31,0,8.44444
148,99,32,0,8.44444
148,99,33,0,8.44444
148,99,34,836,8.44444
148,99,35,0,8.44444
148,99,36,0,8.44444
148,99,37,0,8.44444
148,99,38,0,8.44444
148,99,39,0,8.44444
148,99,40,0,8.44444
148,99,41,0,8.44444
148,99,42,0,8.44444
148,99,43,0,8.44444
148,99,44,0,8.44444
148,99,45,0,8.44444
148,99,46,0,8.44444
148,99,47,0,8.44444
148,99,48,0,8.44444
148,99,49,0,8.44444
148,99,50,0,8.44444
148,99,51,0,8.44444
148,99,52,0,8.44444
148,99,53,0,8.44444
148,99,54,0,8.44444
148,99,55,0,8.44444
148,99,56,0,8.44444
148,99,57,0,8.44444
148,99,58,0,8.44444
148,99,59,0,8.44444
148,99,60,0,8.44444
148,99,61,0,8.44444
148,99,62,0,8.44444
148,99,63,0,8.44444
148,100,0,0,8.44
148,100,1,0,8.44
148,100,2,0,8.44
148,100,3,0,8.44
148,100,4,0,8.44
148,100,5,0,8.44
148,100,6,0,8.44
148,100,7,0,8.44
148,100,8,0,8.44
148,100,9,0,8.44
148,100,10,0,8.44
148,100,11,0,8.44
148,100,12,0,8.44
148,100,13,0,8.44
148,100,14,0,8.44
148,100,15,0,8.44
148,100,16,0,8.44
148,100,17,0,8.44
148,100,18,0,8.44
148,100,19,0,8.44
148,100,20,0,8.44
148,100,21,0,8.44
148,100,22,0,8.44
148,100,23,0,8.44
148,100,24,0,8.44
148,100,25,0,8.44
148,100,26,0,8.44
148,100,27,0,8.44
148,100,28,0,8.44
148,100,29,0,8.44
148,100,30,0,8.44
148,100,31,0,8.44
148,100,32,0,8.44
148,100,33,0,8.44
148,100,34,844,8.44
148,100,35,0,8.44
148,100,36,0,8.44
148,100,37,0,8.44
148,100,38,0,8.44
148,100,39,0,8.44
148,100,40,0,8.44
148,100,41,0,8.44
148,100,42,0,8.44
148,100,43,0,8.44
148,100,44,0,8.44
148,100,45,0,8.44
148,100,46,0,8.44
148,100,47,0,8.44
148,100,48,0,8.44
148,100,49,0,8.44
148,100,50,0,8.44
148,100,51,0,8.44
148,100,52,0,8.44
148,100,53,0,8.44
148,100,54,0,8.44
148,100,55,0,8.44
148,100,56,0,8.44
148,100,57,0,8.44
148,100,58,0,8.44
148,100,59,0,8.44
148,100,60,0,8.44
148,100,61,0,8.44
148,100,62,0,8.44
148,100,63,0,8.44
230,1,0,0,15
230,1,1,0,15
230,1,2,0,15
230,1,3,0,15
230,1,4,0,15
230,1,5,0,15
230,1,6,0,15
230,1,7,0,15
230,1,8,0,15
230,1,9,0,15
230,1,10,0,15
230,1,11,0,15
230,1,12,0,15
230,1,13,0,15
230,1,14,0,15
230,1,15,0,15
230,1,16,0,15
230,1,17,0,15
230,1,18,0,15
230,1,19,0,15
230,1,20,0,15
230,1,21,0,15
230,1,22,0,15
230,1,23,0,15
230,1,24,0,15
230,1,25,0,15
230,1,26,0,15
230,1,27,0,15
230,1,28,0,15
230,1,29,0,15
230,1,30,0,15
230,1,31,0,15
230,1,32,0,15
230,1,33,0,15
230,1,34,0,15
230,1,35,0,15
230,1,36,15,15
230,1,37,0,15
230,1,38,0,15
230,1,39,0,15
230,1,40,0,15
230,1,41,0,15
230,1,42,0,15
230,1,43,0,15
230,1,44,0,15
230,1,45,0,15
230,1,46,0,15
230,1,47,0,15
230,1,48,0,15
230,1,49,0,15
230,1,50,0,15
230,1,51,0,15
230,1,52,0,15
230,1,53,0,15
230,1,54,0,15
230,1,55,0,15
230,1,56,0,15
230,1,57,0,15
230,1,58,0,15
230,1,59,0,15
230,1,60,0,15
230,1,61,0,15
230,1,62,0,15
230,1,63,0,15
230,2,0,0,9.5
230,2,1,0,9.5
230,2,2,0,9.5
230,2,3,0,9.5
230,2,4,0,9.5
230,2,5,0,9.5
230,2,6,0,9.5
230,2,7,0,9.5
230,2,8,0,9.5
230,2,9,0,9.5
230,2,10,0,9.5
230,2,11,0,9.5
230,2,12,0,9.5
230,2,13,0,9.5
230,2,14,0,9.5
230,2,15,0,9.5
230,2,16,0,9.5
230,2,17,0,9.5
230,2,18,0,9.5
230,2,19,0,9.5
230,2,20,0,9.5
230,2,21,0,9.5
230,2,22,0,9.5
230,2,23,0,9.5
230,2,24,0,9.5
230,2,25,0,9.5
230,2,26,0,9.5
230,2,27,0,9.5
230,2,28,0,9.5
230,2,29,0,9.5
230,2,30,0,9.5
230,2,31,0,9.5
230,2,32,0,9.5
230,2,33,0,9.5
230,2,34,0,9.5
230,2,35,0,9.5
230,2,36,19,9.5
230,2,37,0,9.5
230,2,38,0,9.5
230,2,39,0,9.5
230,2,40,0,9.5
230,2,41,0,9.5
230,2,42,0,9.5
230,2,43,0,9.5
230,2,44,0,9.5
230,2,45,0,9.5
230,2,46,0,9.5
230,2,47,0,9.5
230,2,48,0,9.5
230,2,49,0,9.5
230,2,50,0,9.5
230,2,51,0,9.5
230,2,52,0,9.5
230,2,53,0,9.5
230,2,54,0,9.5
230,2,55,0,9.5
230,2,56,0,9.5
230,2,57,0,9.5
230,2,58,0,9.5
230,2,59,0,9.5
230,2,60,0,9.5
230,2,61,0,9.5
230,2,62,0,9.5
230,2,63,0,9.5
230,3,0,0,8
230,3,1,0,8
230,3,2,0,8
230,3,3,0,8
230,3,4,0,8
230,3,5,0,8
230,3,6,0,8
230,3,7,0,8
230,3,8,0,8
230,3,9,0,8
230,3,10,0,8
230,3,11,0,8
230,3,12,0,8
230,3,13,0,8
230,3,14,0,8
230,3,15,0,8
230,3,16,0,8
230,3,17,0,8
230,3,18,0,8
230,3,19,0,8
230,3,20,0,8
230,3,21,0,8
230,3,22,0,8
230,3,23,0,8
230,3,24,0,8
230,3,25,0,8
230,3,26,0,8
230,3,27,0,8
230,3,28,0,8
230,3,29,0,8
230,3,30,0,8
230,3,31,0,8
230,3,32,0,8
230,3,33,0,8
230,3,34,0,8
230,3,35,0,8
230,3,36,24,8
230,3,37,0,8
230,3,38,0,8
230,3,39,0,8
230,3,40,0,8
230,3,41,0,8
230,3,42,0,8
230,3,43,0,8
230,3,44,0,8
230,3,45,0,8
230,3,46,0,8
230,3,47,0,8
230,3,48,0,8
230,3,49,0,8
230,3,50,0,8
230,3,51,0,8
230,3,52,0,8
230,3,53,0,8
230,3,54,0,8
230,3,55,0,8
230,3,56,0,8
230,3,57,0,8
230,3,58,0,8
230,3,59,0,8
230,3,60,0,8
230,3,61,0,8
230,3,62,0,8
230,3,63,0,8
230,4,0,0,9
230,4,1,0,9
230,4,2,0,9
230,4,3,0,9
230,4,4,0,9
230,4,5,0,9
230,4,6,0,9
230,4,7,0,9
230,4,8,0,9
230,4,9,0,9
230,4,10,0,9
230,4,11,0,9
230,4,12,0,9
230,4,13,0,9
230,4,14,0,9
230,4,15,0,9
230,4,16,0,9
230,4,17,0,9
230,4,18,0,9
230,4,19,0,9
230,4,20,0,9
230,4,21,0,9
230,4,22,0,9
230,4,23,0,9
230,4,24,0,9
230,4,25,0,9
230,4,26,0,9
230,4,27,0,9
230,4,28,0,9
230,4,29,0,9
230,4,30,0,9
230,4,31,0,9
230,4,32,0,9
230,4,33,0,9
230,4,34,0,9
230,4,35,0,9
230,4,36,36,9
230,4,37,0,9
230,4,38,0,9
230,4,39,0,9
230,4,40,0,9
230,4,41,0,9
230,4,42,0,9
230,4,43,0,9
230,4,44,0,9
230,4,45,0,9
230,4,46,0,9
230,4,47,0,9
230,4,48,0,9
230,4,49,0,9
230,4,50,0,9
230,4,51,0,9
230,4,52,0,9
230,4,53,0,9
230,4,54,0,9
230,4,55,0,9
230,4,56,0,9
230,4,57,0,9
230,4,58,0,9
230,4,59,0,9
230,4,60,0,9
230,4,61,0,9
230,4,62,0,9
230,4,63,0,9
230,5,0,0,9
230,5,1,0,9
230,5,2,0,9
230,5,3,0,9
230,5,4,0,9
230,5,5,0,9
230,5,6,0,9
230,5,7,0,9
230,5,8,0,9
230,5,9,0,9
230,5,10,0,9
230,5,11,0,9
230,5,12,0,9
230,5,13,0,9
230,5,14,0,9
230,5,15,0,9
230,5,16,0,9
230,5,17,0,9
230,5,18,0,9
230,5,19,0,9
230,5,20,0,9
230,5,21,0,9
230,5,22,0,9
230,5,23,0,9
230,5,24,0,9
230,5,25,0,9
230,5,26,0,9
230,5,27,0,9
230,5,28,0,9
230,5,29,0,9
230,5,30,0,9
230,5,31,0,9
230,5,32,0,9
230,5,33,0,9
230,5,34,0,9
230,5,35,0,9
230,5,36,45,9
230,5,37,0,9
230,5,38,0,9
230,5,39,0,9
230,5,40,0,9
230,5,41,0,9
230,5,42,0,9
230,5,43,0,9
230,5,44,0,9
230,5,45,0,9
230,5,46,0,9
230,5,47,0,9
230,5,48,0,9
230,5,49,0,9
230,5,50,0,9
230,5,51,0,9
230,5,52,0,9
230,5,53,0,9
230,5,54,0,9
230,5,55,0,9
230,5,56,0,9
230,5,57,0,9
230,5,58,0,9
230,5,59,0,9
230,5,60,0,9
230,5,61,0,9
230,5,62,0,9
230,5,63,0,9
230,6,0,0,8
230,6,1,0,8
230,6,2,0,8
230,6,3,0,8
230,6,4,0,8
230,6,5,0,8
230,6,6,0,8
230,6,7,0,8
230,6,8,0,8
230,6,9,0,8
230,6,10,0,8
230,6,11,0,8
230,6,12,0,8
230,6,13,0,8
230,6,14,0,8
230,6,15,0,8
230,6,16,0,8
230,6,17,0,8
230,6,18,0,8
230,6,19,0,8
230,6,20,0,8
230,6,21,0,8
230,6,22,0,8
230,6,23,0,8
230,6,24,0,8
230,6,25,0,8
230,6,26,0,8
230,6,27,0,8
230,6,28,0,8
230,6,29,0,8
230,6,30,0,8
230,6,31,0,8
230,6,32,0,8
230,6,33,0,8
230,6,34,0,8
230,6,35,0,8
230,6,36,48,8
230,6,37,0,8
230,6,38,0,8
230,6,39,0,8
230,6,40,0,8
230,6,41,0,8
230,6,42,0,8
230,6,43,0,8
230,6,44,0,8
230,6,45,0,8
230,6,46,0,8
230,6,47,0,8
230,6,48,0,8
230,6,49,0,8
230,6,50,0,8
230,6,51,0,8
230,6,52,0,8
230,6,53,0,8
230,6,54,0,8
230,6,55,0,8
230,6,56,0,8
230,6,57,0,8
230,6,58,0,8
230,6,59,0,8
230,6,60,0,8
230,6,61,0,8
230,6,62,0,8
230,6,63,0,8
230,7,0,0,11.8571
230,7,1,0,11.8571
230,7,2,0,11.8571
230,7,3,0,11.8571
230,7,4,0,11.8571
230,7,5,0,11.8571
230,7,6,0,11.8571
230,7,7,0,11.8571
230,7,8,0,11.8571
230,7,9,0,11.8571
230,7,10,0,11.8571
230,7,11,0,11.8571
230,7,12,0,11.8571
230,7,13,0,11.8571
230,7,14,0,11.8571
230,7,15,0,11.8571
230,7,16,0,11.8571
230,7,17,0,11.8571
230,7,18,0,11.8571
230,7,19,0,11.8571
230,7,20,0,11.8571
230,7,21,0,11.8571
230,7,22,0,11.8571
230,7,23,0,11.8571
230,7,24,0,11.8571
230,7,25,0,11.8571
230,7,26,0,11.8571
230,7,27,0,11.8571
230,7,28,0,11.8571
230,7,29,0,11.8571
230,7,30,0,11.8571
230,7,31,0,11.8571
230,7,32,0,11.8571
230,7,33,0,11.8571
230,7,34,0,11.8571
230,7,35,0,11.8571
230,7,36,83,11.8571
230,7,37,0,11.8571
230,7,38,0,11.8571
230,7,39,0,11.8571
230,7,40,0,11.8571
230,7,41,0,11.8571
230,7,42,0,11.8571
230,7,43,0,11.8571
230,7,44,0,11.8571
230,7,45,0,11.8571
230,7,46,0,11.8571
230,7,47,0,11.8571
230,7,48,0,11.8571
230,7,49,0,11.8571
230,7,50,0,11.8571
230,7,51,0,11.8571
230,7,52,0,11.8571
230,7,53,0,11.8571
230,7,54,0,11.8571
230,7,55,0,11.8571
230,7,56,0,11.8571
230,7,57,0,11.8571
230,7,58,0,11.8571
230,7,59,0,11.8571
230,7,60,0,11.8571
230,7,61,0,11.8571
230,7,62,0,11.8571
230,7,63,0,11.8571
230,8,0,0,11.625
230,8,1,0,11.625
230,8,2,0,11.625
230,8,3,0,11.625
230,8,4,0,11.625
230,8,5,0,11.625
230,8,6,0,11.625
230,8,7,0,11.625
230,8,8,0,11.625
230,8,9,0,11.625
230,8,10,0,11.625
230,8,11,0,11.625
230,8,12,0,11.625
230,8,13,0,11.625
230,8,14,0,11.625
230,8,15,0,11.625
230,8,16,0,11.625
230,8,17,0,11.625
230,8,18,0,11.625
230,8,19,0,11.625
230,8,20,0,11.625
230,8,21,0,11.625
230,8,22,0,11.625
230,8,23,0,11.625
230,8,24,0,11.625
230,8,25,0,11.625
230,8,26,0,11.625
230,8,27,0,11.625
230,8,28,0,11.625
230,8,29,0,11.625
230,8,30,0,11.625
230,8,31,0,11.625
230,8,32,0,11.625
230,8,33,0,11.625
230,8,34,0,11.625
230,8,35,0,11.625
230,8,36,93,11.625
230,8,37,0,11.625
230,8,38,0,11.625
230,8,39,0,11.625
230,8,40,0,11.625
230,8,41,0,11.625
230,8,42,0,11.625
230,8,43,0,11.625
230,8,44,0,11.625
230,8,45,0,11.625
230,8,46,0,11.625
230,8,47,0,11.625
230,8,48,0,11.625
230,8,49,0,11.625
230,8,50,0,11.625
230,8,51,0,11.625
230,8,52,0,11.625
230,8,53,0,11.625
230,8,54,0,11.625
230,8,55,0,11.625
230,8,56,0,11.625
230,8,57,0,11.625
230,8,58,0,11.625
230,8,59,0,11.625
230,8,60,0,11.625
230,8,61,0,11.625
230,8,62,0,11.625
230,8,63,0,11.625
230,9,0,0,11.2222
230,9,1,0,11.2222
230,9,2,0,11.2222
230,9,3,0,11.2222
230,9,4,0,11.2222
230,9,5,0,11.2222
230,9,6,0,11.2222
230,9,7,0,11.2222
230,9,8,0,11.2222
230,9,9,0,11.2222
230,9,10,0,11.2222
230,9,11,0,11.2222
230,9,12,0,11.2222
230,9,13,0,11.2222
230,9,14,0,11.2222
230,9,15,0,11.2222
230,9,16,0,11.2222
230,9,17,0,11.2222
230,9,18,0,11.2222
230,9,19,0,11.2222
230,9,20,0,11.2222
230,9,21,0,11.2222
230,9,22,0,11.2222
230,9,23,0,11.2222
230,9,24,0,11.2222
230,9,25,0,11.2222
230,9,26,0,11.2222
230,9,27,0,11.2222
230,9,28,0,11.2222
230,9,29,0,11.2222
230,9,30,0,11.2222
230,9,31,0,11.2222
230,9,32,0,11.2222
230,9,33,0,11.2222
230,9,34,0,11.2222
230,9,35,0,11.2222
230,9,36,101,11.2222
230,9,37,0,11.2222
230,9,38,0,11.2222
230,9,39,0,11.2222
230,9,40,0,11.2222
230,9,41,0,11.2222
230,9,42,0,11.2222
230,9,43,0,11.2222
230,9,44,0,11.2222
230,9,45,0,11.2222
230,9,46,0,11.2222
230,9,47,0,11.2222
230,9,48,0,11.2222
230,9,49,0,11.2222
230,9,50,0,11.2222
230,9,51,0,11.2222
230,9,52,0,11.2222
230,9,53,0,11.2222
230,9,54,0,11.2222
230,9,55,0,11.2222
230,9,56,0,11.2222
230,9,57,0,11.2222
230,9,58,0,11.2222
230,9,59,0,11.2222
230,9,60,0,11.2222
230,9,61,0,11.2222
230,9,62,0,11.2222
230,9,63,0,11.2222
230,10,0,0,10.7
230,10,1,0,10.7
230,10,2,0,10.7
230,10,3,0,10.7
230,10,4,0,10.7
230,10,5,0,10.7
230,10,6,0,10.7
230,10,7,0,10.7
230,10,8,0,10.7
230,10,9,0,10.7
230,10,10,0,10.7
230,10,11,0,10.7
230,10,12,0,10.7
230,10,13,0,10.7
230,10,14,0,10.7
230,10,15,0,10.7
230,10,16,0,10.7
230,10,17,0,10.7
230,10,18,0,10.7
230,10,19,0,10.7
230,10,20,0,10.7
230,10,21,0,10.7
230,10,22,0,10.7
230,10,23,0,10.7
230,10,24,0,10.7
230,10,25,0,10.7
230,10,26,0,10.7
230,10,27,0,10.7
230,10,28,0,10.7
230,10,29,0,10.7
230,10,30,0,10.7
230,10,31,0,10.7
230,10,32,0,10.7
230,10,33,0,10.7
230,10,34,0,10.7
230,10,35,0,10.7
230,10,36,107,10.7
230,10,37,0,10.7
230,10,38,0,10.7
230,10,39,0,10.7
230,10,40,0,10.7
230,10,41,0,10.7
230,10,42,0,10.7
230,10,43,0,10.7
230,10,44,0,10.7
230,10,45,0,10.7
230,10,46,0,10.7
230,10,47,0,10.7
230,10,48,0,10.7
230,10,49,0,10.7
230,10,50,0,10.7
230,10,51,0,10.7
230,10,52,0,10.7
230,10,53,0,10.7
230,10,54,0,10.7
230,10,55,0,10.7
230,10,56,0,10.7
230,10,57,0,10.7
230,10,58,0,10.7
230,10,59,0,10.7
230,10,60,0,10.7
230,10,61,0,10.7
230,10,62,0,10.7
230,10,63,0,10.7
230,11,0,0,9.72727
230,11,1,0,9.72727
230,11,2,0,9.72727
230,11,3,0,9.72727
230,11,4,0,9.72727
230,11,5,0,9.72727
230,11,6,0,9.72727
230,11,7,0,9.72727
230,11,8,0,9.72727
230,11,9,0,9.72727
230,11,10,0,9.72727
230,11,11,0,9.72727
230,11,12,0,9.72727
230,11,13,0,9.72727
230,11,14,0,9.72727
230,11,15,0,9.72727
230,11,16,0,9.72727
230,11,17,0,9.72727
230,11,18,0,9.72727
230,11,19,0,9.72727
230,11,20,0,9.72727
230,11,21,0,9.72727
230,11,22,0,9.72727
230,11,23,0,9.72727
230,11,24,0,9.72727
230,11,25,0,9.72727
230,11,26,0,9.72727
230,11,27,0,9.72727
230,11,28,0,9.72727
230,11,29,0,9.72727
230,11,30,0,9.72727
230,11,31,0,9.72727
230,11,32,0,9.72727
230,11,33,0,9.72727
230,11,34,0,9.72727
230,11,35,0,9.72727
230,11,36,107,9.72727
230,11,37,0,9.72727
230,11,38,0,9.72727
230,11,39,0,9.72727
230,11,40,0,9.72727
230,11,41,0,9.72727
230,11,42,0,9.72727
230,11,43,0,9.72727
230,11,44,0,9.72727
230,11,45,0,9.72727
230,11,46,0,9.72727
230,11,47,0,9.72727
230,11,48,0,9.72727
230,11,49,0,9.72727
230,11,50,0,9.72727
230,11,51,0,9.72727
230,11,52,0,9.72727
230,11,53,0,9.72727
230,11,54,0,9.72727
230,11,55,0,9.72727
230,11,56,0,9.72727
230,11,57,0,9.72727
230,11,58,0,9.72727
230,11,59,0,9.72727
230,11,60,0,9.72727
230,11,61,0,9.72727
230,11,62,0,9.72727
230,11,63,0,9.72727
230,12,0,0,10.5833
230,12,1,0,10.5833
230,12,2,0,10.5833
230,12,3,0,10.5833
230,12,4,0,10.5833
230,12,5,0,10.5833
230,12,6,0,10.5833
230,12,7,0,10.5833
230,12,8,0,10.5833
230,12,9,0,10.5833
230,12,10,0,10.5833
230,12,11,0,10.5833
230,12,12,0,10.5833
230,12,13,0,10.5833
230,12,14,0,10.5833
230,12,15,0,10.5833
230,12,16,0,10.5833
230,12,17,0,10.5833
230,12,18,0,10.5833
230,12,19,0,10.5833
230,12,20,0,10.5833
230,12,21,0,10.5833
230,12,22,0,10.5833
230,12,23,0,10.5833
230,12,24,0,10.5833
230,12,25,0,10.5833
230,12,26,0,10.5833
230,12,27,0,10.5833
230,12,28,0,10.5833
230,12,29,0,10.5833
230,12,30,0,10.5833
230,12,31,0,10.5833
230,12,32,0,10.5833
230,12,33,0,10.5833
230,12,34,0,10.5833
230,12,35,0,10.5833
230,12,36,127,10.5833
230,12,37,0,10.5833
230,12,38,0,10.5833
230,12,39,0,10.5833
230,12,40,0,10.5833
230,12,41,0,10.5833
230,12,42,0,10.5833
230,12,43,0,10.5833
230,12,44,0,10.5833
230,12,45,0,10.5833
230,12,46,0,10.5833
230,12,47,0,10.5833
230,12,48,0,10.5833
230,12,49,0,10.5833
230,12,50,0,10.5833
230,12,51,0,10.5833
230,12,52,0,10.5833
230,12,53,0,10.5833
230,12,54,0,10.5833
230,12,55,0,10.5833
230,12,56,0,10.5833
230,12,57,0,10.5833
230,12,58,0,10.5833
230,12,59,0,10.5833
230,12,60,0,10.5833
230,12,61,0,10.5833
230,12,62,0,10.5833
230,12,63,0,10.5833
230,13,0,0,11.2308
230,13,1,0,11.2308
230,13,2,0,11.2308
230,13,3,0,11.2308
230,13,4,0,11.2308
230,13,5,0,11.2308
230,13,6,0,11.2308
230,13,7,0,11.2308
230,13,8,0,11.2308
230,13,9,0,11.2308
230,13,10,0,11.2308
230,13,11,0,11.2308
230,13,12,0,11.2308
230,13,13,0,11.2308
230,13,14,0,11.2308
230,13,15,0,11.2308
230,13,16,0,11.2308
230,13,17,0,11.2308
230,13,18,0,11.2308
230,13,19,0,11.2308
230,13,20,0,11.2308
230,13,21,0,11.2308
230,13,22,0,11.2308
230,13,23,0,11.2308
230,13,24,0,11.2308
230,13,25,0,11.2308
230,13,26,0,11.2308
230,13,27,0,11.2308
230,13,28,0,11.2308
230,13,29,0,11.2308
230,13,30,0,11.2308
230,13,31,0,11.2308
230,13,32,0,11.2308
230,13,33,0,11.2308
230,13,34,0,11.2308
230,13,35,0,11.2308
230,13,36,146,11.2308
230,13,37,0,11.2308
230,13,38,0,11.2308
230,13,39,0,11.2308
230,13,40,0,11.2308
230,13,41,0,11.2308
230,13,42,0,11.2308
230,13,43,0,11.2308
230,13,44,0,11.2308
230,13,45,0,11.2308
230,13,46,0,11.2308
230,13,47,0,11.2308
230,13,48,0,11.2308
230,13,49,0,11.2308
230,13,50,0,11.2308
230,13,51,0,11.2308
230,13,52,0,11.2308
230,13,53,0,11.2308
230,13,54,0,11.2308
230,13,55,0,11.2308
230,13,56,0,11.2308
230,13,57,0,11.2308
230,13,58,0,11.2308
230,13,59,0,11.2308
230,13,60,0,11.2308
230,13,61,0,11.2308
230,13,62,0,11.2308
230,13,63,0,11.2308
230,14,0,0,11.7143
230,14,1,0,11.7143
230,14,2,0,11.7143
230,14,3,0,11.7143
230,14,4,0,11.7143
230,14,5,0,11.7143
230,14,6,0,11.7143
230,14,7,0,11.7143
230,14,8,0,11.7143
230,14,9,0,11.7143
230,14,10,0,11.7143
230,14,11,0,11.7143
230,14,12,0,11.7143
230,14,13,0,11.7143
230,14,14,0,11.7143
230,14,15,0,11.7143
230,14,16,0,11.7143
230,14,17,0,11.7143
230,14,18,0,11.7143
230,14,19,0,11.7143
230,14,20,0,11.7143
230,14,21,0,11.7143
230,14,22,0,11.7143
230,14,23,0,11.7143
230,14,24,0,11.7143
230,14,25,0,11.7143
230,14,26,0,11.7143
230,14,27,0,11.7143
230,14,28,0,11.7143
230,14,29,0,11.7143
230,14,30,0,11.7143
230,14,31,0,11.7143
230,14,32,0,11.7143
230,14,33,0,11.7143
230,14,34,0,11.7143
230,14,35,0,11.7143
230,14,36,164,11.7143
230,14,37,0,11.7143
230,14,38,0,11.7143
230,14,39,0,11.7143
230,14,40,0,11.7143
230,14,41,0,11.7143
230,14,42,0,11.7143
230,14,43,0,11.7143
230,14,44,0,11.7143
230,14,45,0,11.7143
230,14,46,0,11.7143
230,14,47,0,11.7143
230,14,48,0,11.7143
230,14,49,0,11.7143
230,14,50,0,11.7143
230,14,51,0,11.7143
230,14,52,0,11.7143
230,14,53,0,11.7143
230,14,54,0,11.7143
230,14,55,0,11.7143
230,14,56,0,11.7143
230,14,57,0,11.7143
230,14,58,0,11.7143
230,14,59,0,11.7143
230,14,60,0,11.7143
230,14,61,0,11.7143
230,14,62,0,11.7143
230,14,63,0,11.7143
230,15,0,0,11.6667
230,15,1,0,11.6667
230,15,2,0,11.6667
230,15,3,0,11.6667
230,15,4,0,11.6667
230,15,5,0,11.6667
230,15,6,0,11.6667
230,15,7,0,11.6667
230,15,8,0,11.6667
230,15,9,0,11.6667
230,15,10,0,11.6667
230,15,11,0,11.6667
230,15,12,0,11.6667
230,15,13,0,11.6667
230,15,14,0,11.6667
230,15,15,0,11.6667
230,15,16,0,11.6667
230,15,17,0,11.6667
230,15,18,0,11.6667
230,15,19,0,11.6667
230,15,20,0,11.6667
230,15,21,0,11.6667
230,15,22,0,11.6667
230,15,23,0,11.6667
230,15,24,0,11.6667
230,15,25,0,11.6667
230,15,26,0,11.6667
230,15,27,0,11.6667
230,15,28,0,11.6667
230,15,29,0,11.6667
230,15,30,0,11.6667
230,15,31,0,11.6667
230,15,32,0,11.6667
230,15,33,0,11.6667
230,15,34,0,11.6667
230,15,35,0,11.6667
230,15,36,175,11.6667
230,15,37,0,11.6667
230,15,38,0,11.6667
230,15,39,0,11.6667
230,15,40,0,11.6667
230,15,41,0,11.6667
230,15,42,0,11.6667
230,15,43,0,11.6667
230,15,44,0,11.6667
230,15,45,0,11.6667
230,15,46,0,11.6667
230,15,47,0,11.6667
230,15,48,0,11.6667
230,15,49,0,11.6667
230,15,50,0,11.6667
230,15,51,0,11.6667
230,15,52,0,11.6667
230,15,53,0,11.6667
230,15,54,0,11.6667
230,15,55,0,11.6667
230,15,56,0,11.6667
230,15,57,0,11.6667
230,15,58,0,11.6667
230,15,59,0,11.6667
230,15,60,0,11.6667
230,15,61,0,11.6667
230,15,62,0,11.6667
230,15,63,0,11.6667
230,16,0,0,11.75
230,16,1,0,11.75
230,16,2,0,11.75
230,16,3,0,11.75
230,16,4,0,11.75
230,16,5,0,11.75
230,16,6,0,11.75
230,16,7,0,11.75
230,16,8,0,11.75
230,16,9,0,11.75
230,16,10,0,11.75
230,16,11,0,11.75
230,16,12,0,11.75
230,16,13,0,11.75
230,16,14,0,11.75
230,16,15,0,11.75
230,16,16,0,11.75
230,16,17,0,11.75
230,16,18,0,11.75
230,16,19,0,11.75
230,16,20,0,11.75
230,16,21,0,11.75
230,16,22,0,11.75
230,16,23,0,11.75
230,16,24,0,11.75
230,16,25,0,11.75
230,16,26,0,11.75
230,16,27,0,11.75
230,16,28,0,11.75
230,16,29,0,11.75
230,16,30,0,11.75
230,16,31,0,11.75
230,16,32,0,11.75
230,16,33,0,11.75
230,16,34,0,11.75
230,16,35,0,11.75
230,16,36,188,11.75
230,16,37,0,11.75
230,16,38,0,11.75
230,16,39,0,11.75
230,16,40,0,11.75
230,16,41,0,11.75
230,16,42,0,11.75
230,16,43,0,11.75
230,16,44,0,11.75
230,16,45,0,11.75
230,16,46,0,11.75
230,16,47,0,11.75
230,16,48,0,11.75
230,16,49,0,11.75
230,16,50,0,11.75
230,16,51,0,11.75
230,16,52,0,11.75
230,16,53,0,11.75
230,16,54,0,11.75
230,16,55,0,11.75
230,16,56,0,11.75
230,16,57,0,11.75
230,16,58,0,11.75
230,16,59,0,11.75
230,16,60,0,11.75
230,16,61,0,11.75
230,16,62,0,11.75
230,16,63,0,11.75
230,17,0,0,11.4706
230,17,1,0,11.4706
230,17,2,0,11.4706
230,17,3,0,11.4706
230,17,4,0,11.4706
230,17,5,0,11.4706
230,17,6,0,11.4706
230,17,7,0,11.4706
230,17,8,0,11.4706
230,17,9,0,11.4706
230,17,10,0,11.4706
230,17,11,0,11.4706
230,17,12,0,11.4706
230,17,13,0,11.4706
230,17,14,0,11.4706
230,17,15,0,11.4706
230,17,16,0,11.4706
230,17,17,0,11.4706
230,17,18,0,11.4706
230,17,19,0,11.4706
230,17,20,0,11.4706
230,17,21,0,11.4706
230,17,22,0,11.4706
230,17,23,0,11.4706
230,17,24,0,11.4706
230,17,25,0,11.4706
230,17,26,0,11.4706
230,17,27,0,11.4706
230,17,28,0,11.4706
230,17,29,0,11.4706
230,17,30,0,11.4706
230,17,31,0,11.4706
230,17,32,0,11.4706
230,17,33,0,11.4706
230,17,34,0,11.4706
230,17,35,0,11.4706
230,17,36,195,11.4706
230,17,37,0,11.4706
230,17,38,0,11.4706
230,17,39,0,11.4706
230,17,40,0,11.4706
230,17,41,0,11.4706
230,17,42,0,11.4706
230,17,43,0,11.4706
230,17,44,0,11.4706
230,17,45,0,11.4706
230,17,46,0,11.4706
230,17,47,0,11.4706
230,17,48,0,11.4706
230,17,49,0,11.4706
230,17,50,0,11.4706
230,17,51,0,11.4706
230,17,52,0,11.4706
230,17,53,0,11.4706
230,17,54,0,11.4706
230,17,55,0,11.4706
230,17,56,0,11.4706
230,17,57,0,11.4706
230,17,58,0,11.4706
230,17,59,0,11.4706
230,17,60,0,11.4706
230,17,61,0,11.4706
230,17,62,0,11.4706
230,17,63,0,11.4706
230,18,0,0,11.6667
230,18,1,0,11.6667
230,18,2,0,11.6667
230,18,3,0,11.6667
230,18,4,0,11.6667
230,18,5,0,11.6667
230,18,6,0,11.6667
230,18,7,0,11.6667
230,18,8,0,11.6667
230,18,9,0,11.6667
230,18,10,0,11.6667
230,18,11,0,11.6667
230,18,12,0,11.6667
230,18,13,0,11.6667
230,18,14,0,11.6667
230,18,15,0,11.6667
230,18,16,0,11.6667
230,18,17,0,11.6667
230,18,18,0,11.6667
230,18,19,0,11.6667
230,18,20,0,11.6667
230,18,21,0,11.6667
230,18,22,0,11.6667
230,18,23,0,11.6667
230,18,24,0,11.6667
230,18,25,0,11.6667
230,18,26,0,11.6667
230,18,27,0,11.6667
230,18,28,0,11.6667
230,18,29,0,11.6667
230,18,30,0,11.6667
230,18,31,0,11.6667
230,18,32,0,11.6667
230,18,33,0,11.6667
230,18,34,0,11.6667
230,18,35,0,11.6667
230,18,36,210,11.6667
230,18,37,0,11.6667
230,18,38,0,11.6667
230,18,39,0,11.6667
230,18,40,0,11.6667
230,18,41,0,11.6667
230,18,42,0,11.6667
230,18,43,0,11.6667
230,18,44,0,11.6667
230,18,45,0,11.6667
230,18,46,0,11.6667
230,18,47,0,11.6667
230,18,48,0,11.6667
230,18,49,0,11.6667
230,18,50,0,11.6667
230,18,51,0,11.6667
230,18,52,0,11.6667
230,18,53,0,11.6667
230,18,54,0,11.6667
230,18,55,0,11.6667
230,18,56,0,11.6667
230,18,57,0,11.6667
230,18,58,0,11.6667
230,18,59,0,11.6667
230,18,60,0,11.6667
230,18,61,0,11.6667
230,18,62,0,11.6667
230,18,63,0,11.6667
230,19,0,0,12.2105
230,19,1,0,12.2105
230,19,2,0,12.2105
230,19,3,0,12.2105
230,19,4,0,12.2105
230,19,5,0,12.2105
230,19,6,0,12.2105
230,19,7,0,12.2105
230,19,8,0,12.2105
230,19,9,0,12.2105
230,19,10,0,12.2105
230,19,11,0,12.2105
230,19,12,0,12.2105
230,19,13,0,12.2105
230,19,14,0,12.2105
230,19,15,0,12.2105
230,19,16,0,12.2105
230,19,17,0,12.2105
230,19,18,0,12.2105
230,19,19,0,12.2105
230,19,20,0,12.2105
230,19,21,0,12.2105
230,19,22,0,12.2105
230,19,23,0,12.2105
230,19,24,0,12.2105
230,19,25,0,12.2105
230,19,26,0,12.2105
230,19,27,0,12.2105
230,19,28,0,12.2105
230,19,29,0,12.2105
230,19,30,0,12.2105
230,19,31,0,12.2105
230,19,32,0,12.2105
230,19,33,0,12.2105
230,19,34,0,12.2105
230,19,35,0,12.2105
230,19,36,232,12.2105
230,19,37,0,12.2105
230,19,38,0,12.2105
230,19,39,0,12.2105
230,19,40,0,12.2105
230,19,41,0,12.2105
230,19,42,0,12.2105
230,19,43,0,12.2105
230,19,44,0,12.2105
230,19,45,0,12.2105
230,19,46,0,12.2105
230,19,47,0,12.2105
230,19,48,0,12.2105
230,19,49,0,12.2105
230,19,50,0,12.2105
230,19,51,0,12.2105
230,19,52,0,12.2105
230,19,53,0,12.2105
230,19,54,0,12.2105
230,19,55,0,12.2105
230,19,56,0,12.2105
230,19,57,0,12.2105
230,19,58,0,12.2105
230,19,59,0,12.2105
230,19,60,0,12.2105
230,19,61,0,12.2105
230,19,62,0,12.2105
230,19,63,0,12.2105
230,20,0,0,12.45
230,20,1,0,12.45
230,20,2,0,12.45
230,20,3,0,12.45
230,20,4,0,12.45
230,20,5,0,12.45
230,20,6,0,12.45
230,20,7,0,12.45
230,20,8,0,12.45
230,20,9,0,12.45
230,20,10,0,12.45
230,20,11,0,12.45
230,20,12,0,12.45
230,20,13,0,12.45
230,20,14,0,12.45
230,20,15,0,12.45
230,20,16,0,12.45
230,20,17,0,12.45
230,20,18,0,12.45
230,20,19,0,12.45
230,20,20,0,12.45
230,20,21,0,12.45
230,20,22,0,12.45
230,20,23,0,12.45
230,20,24,0,12.45
230,20,25,0,12.45
230,20,26,0,12.45
230,20,27,0,12.45
230,20,28,0,12.45
230,20,29,0,12.45
230,20,30,0,12.45
230,20,31,0,12.45
230,20,32,0,12.45
230,20,33,0,12.45
230,20,34,0,12.45
230,20,35,0,12.45
230,20,36,249,12.45
230,20,37,0,12.45
230,20,38,0,12.45
230,20,39,0,12.45
230,20,40,0,12.45
230,20,41,0,12.45
230,20,42,0,12.45
230,20,43,0,12.45
230,20,44,0,12.45
230,20,45,0,12.45
230,20,46,0,12.45
230,20,47,0,12.45
230,20,48,0,12.45
230,20,49,0,12.45
230,20,50,0,12.45
230,20,51,0,12.45
230,20,52,0,12.45
230,20,53,0,12.45
230,20,54,0,12.45
230,20,55,0,12.45
230,20,56,0,12.45
230,20,57,0,12.45
230,20,58,0,12.45
230,20,59,0,12.45
230,20,60,0,12.45
230,20,61,0,12.45
230,20,62,0,12.45
230,20,63,0,12.45
230,21,0,0,12.5238
230,21,1,0,12.5238
230,21,2,0,12.5238
230,21,3,0,12.5238
230,21,4,0,12.5238
230,21,5,0,12.5238
230,21,6,0,12.5238
230,21,7,0,12.5238
230,21,8,0,12.5238
230,21,9,0,12.5238
230,21,10,0,12.5238
230,21,11,0,12.5238
230,21,12,0,12.5238
230,21,13,0,12.5238
230,21,14,0,12.5238
230,21,15,0,12.5238
230,21,16,0,12.5238
230,21,17,0,12.5238
230,21,18,0,12.5238
230,21,19,0,12.5238
230,21,20,0,12.5238
230,21,21,0,12.5238
230,21,22,0,12.5238
230,21,23,0,12.5238
230,21,24,0,12.5238
230,21,25,0,12.5238
230,21,26,0,12.5238
230,21,27,0,12.5238
230,21,28,0,12.5238
230,21,29,0,12.5238
230,21,30,0,12.5238
230,21,31,0,12.5238
230,21,32,0,12.5238
230,21,33,0,12.5238
230,21,34,0,12.5238
230,21,35,0,12.5238
230,21,36,263,12.5238
230,21,37,0,12.5238
230,21,38,0,12.5238
230,21,39,0,12.5238
230,21,40,0,12.5238
230,21,41,0,12.5238
230,21,42,0,12.5238
230,21,43,0,12.5238
230,21,44,0,12.5238
230,21,45,0,12.5238
230,21,46,0,12.5238
230,21,47,0,12.5238
230,21,48,0,12.5238
230,21,49,0,12.5238
230,21,50,0,12.5238
230,21,51,0,12.5238
230,21,52,0,12.5238
230,21,53,0,12.5238
230,21,54,0,12.5238
230,21,55,0,12.5238
230,21,56,0,12.5238
230,21,57,0,12.5238
230,21,58,0,12.5238
230,21,59,0,12.5238
230,21,60,0,12.5238
230,21,61,0,12.5238
230,21,62,0,12.5238
230,21,63,0,12.5238
230,22,0,0,12.8182
230,22,1,0,12.8182
230,22,2,0,12.8182
230,22,3,0,12.8182
230,22,4,0,12.8182
230,22,5,0,12.8182
230,22,6,0,12.8182
230,22,7,0,12.8182
230,22,8,0,12.8182
230,22,9,0,12.8182
230,22,10,0,12.8182
230,22,11,0,12.8182
230,22,12,0,12.8182
230,22,13,0,12.8182
230,22,14,0,12.8182
230,22,15,0,12.8182
230,22,16,0,12.8182
230,22,17,0,12.8182
230,22,18,0,12.8182
230,22,19,0,12.8182
230,22,20,0,12.8182
230,22,21,0,12.8182
230,22,22,0,12.8182
230,22,23,0,12.8182
230,22,24,0,12.8182
230,22,25,0,12.8182
230,22,26,0,12.8182
230,22,27,0,12.8182
230,22,28,0,12.8182
230,22,29,0,12.8182
230,22,30,0,12.8182
230,22,31,0,12.8182
230,22,32,0,12.8182
230,22,33,0,12.8182
230,22,34,0,12.8182
230,22,35,0,12.8182
230,22,36,282,12.8182
230,22,37,0,12.8182
230,22,38,0,12.8182
230,22,39,0,12.8182
230,22,40,0,12.8182
230,22,41,0,12.8182
230,22,42,0,12.8182
230,22,43,0,12.8182
230,22,44,0,12.8182
230,22,45,0,12.8182
230,22,46,0,12.8182
230,22,47,0,12.8182
230,22,48,0,12.8182
230,22,49,0,12.8182
230,22,50,0,12.8182
230,22,51,0,12.8182
230,22,52,0,12.8182
230,22,53,0,12.8182
230,22,54,0,12.8182
230,22,55,0,12.8182
230,22,56,0,12.8182
230,22,57,0,12.8182
230,22,58,0,12.8182
230,22,59,0,12.8182
230,22,60,0,12.8182
230,22,61,0,12.8182
230,22,62,0,12.8182
230,22,63,0,12.8182
230,23,0,0,12.913
230,23,1,0,12.913
230,23,2,0,12.913
230,23,3,0,12.913
230,23,4,0,12.913
230,23,5,0,12.913
230,23,6,0,12.913
230,23,7,0,12.913
230,23,8,0,12.913
230,23,9,0,12.913
230,23,10,0,12.913
230,23,11,0,12.913
230,23,12,0,12.913
230,23,13,0,12.913
230,23,14,0,12.913
230,23,15,0,12.913
230,23,16,0,12.913
230,23,17,0,12.913
230,23,18,0,12.913
230,23,19,0,12.913
230,23,20,0,12.913
230,23,21,0,12.913
230,23,22,0,12.913
230,23,23,0,12.913
230,23,24,0,12.913
230,23,25,0,12.913
230,23,26,0,12.913
230,23,27,0,12.913
230,23,28,0,12.913
230,23,29,0,12.913
230,23,30,0,12.913
230,23,31,0,12.913
230,23,32,0,12.913
230,23,33,0,12.913
230,23,34,0,12.913
230,23,35,0,12.913
230,23,36,297,12.913
230,23,37,0,12.913
230,23,38,0,12.913
230,23,39,0,12.913
230,23,40,0,12.913
230,23,41,0,12.913
230,23,42,0,12.913
230,23,43,0,12.913
230,23,44,0,12.913
230,23,45,0,12.913
230,23,46,0,12.913
230,23,47,0,12.913
230,23,48,0,12.913
230,23,49,0,12.913
230,23,50,0,12.913
230,23,51,0,12.913
230,23,52,0,12.913
230,23,53,0,12.913
230,23,54,0,12.913
230,23,55,0,12.913
230,23,56,0,12.913
230,23,57,0,12.913
230,23,58,0,12.913
230,23,59,0,12.913
230,23,60,0,12.913
230,23,61,0,12.913
230,23,62,0,12.913
230,23,63,0,12.913
230,24,0,0,12.5
230,24,1,0,12.5
230,24,2,0,12.5
230,24,3,0,12.5
230,24,4,0,12.5
230,24,5,0,12.5
230,24,6,0,12.5
230,24,7,0,12.5
230,24,8,0,12.5
230,24,9,0,12.5
230,24,10,0,12.5
230,24,11,0,12.5
230,24,12,0,12.5
230,24,13,0,12.5
230,24,14,0,12.5
230,24,15,0,12.5
230,24,16,0,12.5
230,24,17,0,12.5
230,24,18,0,12.5
230,24,19,0,12.5
230,24,20,0,12.5
230,24,21,0,12.5
230,24,22,0,12.5
230,24,23,0,12.5
230,24,24,0,12.5
230,24,25,0,12.5
230,24,26,0,12.5
230,24,27,0,12.5
230,24,28,0,12.5
230,24,29,0,12.5
230,24,30,0,12.5
230,24,31,0,12.5
230,24,32,0,12.5
230,24,33,0,12.5
230,24,34,0,12.5
230,24,35,0,12.5
230,24,36,300,12.5
230,24,37,0,12.5
230,24,38,0,12.5
230,24,39,0,12.5
230,24,40,0,12.5
230,24,41,0,12.5
230,24,42,0,12.5
230,24,43,0,12.5
230,24,44,0,12.5
230,24,45,0,12.5
230,24,46,0,12.5
230,24,47,0,12.5
230,24,48,0,12.5
230,24,49,0,12.5
230,24,50,0,12.5
230,24,51,0,12.5
230,24,52,0,12.5
230,24,53,0,12.5
230,24,54,0,12.5
230,24,55,0,12.5
230,24,56,0,12.5
230,24,57,0,12.5
230,24,58,0,12.5
230,24,59,0,12.5
230,24,60,0,12.5
230,24,61,0,12.5
230,24,62,0,12.5
230,24,63,0,12.5
230,25,0,0,12.68
230,25,1,0,12.68
230,25,2,0,12.68
230,25,3,0,12.68
230,25,4,0,12.68
230,25,5,0,12.68
230,25,6,0,12.68
230,25,7,0,12.68
230,25,8,0,12.68
230,25,9,0,12.68
230,25,10,0,12.68
230,25,11,0,12.68
230,25,12,0,12.68
230,25,13,0,12.68
230,25,14,0,12.68
230,25,15,0,12.68
230,25,16,0,12.68
230,25,17,0,12.68
230,25,18,0,12.68
230,25,19,0,12.68
230,25,20,0,12.68
230,25,21,0,12.68
230,25,22,0,12.68
230,25,23,0,12.68
230,25,24,0,12.68
230,25,25,0,12.68
230,25,26,0,12.68
230,25,27,0,12.68
230,25,28,0,12.68
230,25,29,0,12.68
230,25,30,0,12.68
230,25,31,0,12.68
230,25,32,0,12.68
230,25,33,0,12.68
230,25,34,0,12.68
230,25,35,0,12.68
230,25,36,317,12.68
230,25,37,0,12.68
230,25,38,0,12.68
230,25,39,0,12.68
230,25,40,0,12.68
230,25,41,0,12.68
230,25,42,0,12.68
230,25,43,0,12.68
230,25,44,0,12.68
230,25,45,0,12.68
230,25,46,0,12.68
230,25,47,0,12.68
230,25,48,0,12.68
230,25,49,0,12.68
230,25,50,0,12.68
230,25,51,0,12.68
230,25,52,0,12.68
230,25,53,0,12.68
230,25,54,0,12.68
230,25,55,0,12.68
230,25,56,0,12.68
230,25,57,0,12.68
230,25,58,0,12.68
230,25,59,0,12.68
230,25,60,0,12.68
230,25,61,0,12.68
230,25,62,0,12.68
230,25,63,0,12.68
230,26,0,0,12.4231
230,26,1,0,12.4231
230,26,2,0,12.4231
230,26,3,0,12.4231
230,26,4,0,12.4231
230,26,5,0,12.4231
230,26,6,0,12.4231
230,26,7,0,12.4231
230,26,8,0,12.4231
230,26,9,0,12.4231
230,26,10,0,12.4231
230,26,11,0,12.4231
230,26,12,0,12.4231
230,26,13,0,12.4231
230,26,14,0,12.4231
230,26,15,0,12.4231
230,26,16,0,12.4231
230,26,17,0,12.4231
230,26,18,0,12.4231
230,26,19,0,12.4231
230,26,20,0,12.4231
230,26,21,0,12.4231
230,26,22,0,12.4231
230,26,23,0,12.4231
230,26,24,0,12.4231
230,26,25,0,12.4231
230,26,26,0,12.4231
230,26,27,0,12.4231
230,26,28,0,12.4231
230,26,29,0,12.4231
230,26,30,0,12.4231
230,26,31,0,12.4231
230,26,32,0,12.4231
230,26,33,0,12.4231
230,26,34,0,12.4231
230,26,35,0,12.4231
230,26,36,323,12.4231
230,26,37,0,12.4231
230,26,38,0,12.4231
230,26,39,0,12.4231
230,26,40,0,12.4231
230,26,41,0,12.4231
230,26,42,0,12.4231
230,26,43,0,12.4231
230,26,44,0,12.4231
230,26,45,0,12.4231
230,26,46,0,12.4231
230,26,47,0,12.4231
230,26,48,0,12.4231
230,26,49,0,12.4231
230,26,50,0,12.4231
230,26,51,0,12.4231
230,26,52,0,12.4231
230,26,53,0,12.4231
230,26,54,0,12.4231
230,26,55,0,12.4231
230,26,56,0,12.4231
230,26,57,0,12.4231
230,26,58,0,12.4231
230,26,59,0,12.4231
230,26,60,0,12.4231
230,26,61,0,12.4231
230,26,62,0,12.4231
230,26,63,0,12.4231
230,27,0,0,12.037
230,27,1,0,12.037
230,27,2,0,12.037
230,27,3,0,12.037
230,27,4,0,12.037
230,27,5,0,12.037
230,27,6,0,12.037
230,27,7,0,12.037
230,27,8,0,12.037
230,27,9,0,12.037
230,27,10,0,12.037
230,27,11,0,12.037
230,27,12,0,12.037
230,27,13,0,12.037
230,27,14,0,12.037
230,27,15,0,12.037
230,27,16,0,12.037
230,27,17,0,12.037
230,27,18,0,12.037
230,27,19,0,12.037
230,27,20,0,12.037
230,27,21,0,12.037
230,27,22,0,12.037
230,27,23,0,12.037
230,27,24,0,12.037
230,27,25,0,12.037
230,27,26,0,12.037
230,27,27,0,12.037
230,27,28,0,12.037
230,27,29,0,12.037
230,27,30,0,12.037
230,27,31,0,12.037
230,27,32,0,12.037
230,27,33,0,12.037
230,27,34,0,12.037
230,27,35,0,12.037
230,27,36,325,12.037
230,27,37,0,12.037
230,27,38,0,12.037
230,27,39,0,12.037
230,27,40,0,12.037
230,27,41,0,12.037
230,27,42,0,12.037
230,27,43,0,12.037
230,27,44,0,12.037
230,27,45,0,12.037
230,27,46,0,12.037
230,27,47,0,12.037
230,27,48,0,12.037
230,27,49,0,12.037
230,27,50,0,12.037
230,27,51,0,12.037
230,27,52,0,12.037
230,27,53,0,12.037
230,27,54,0,12.037
230,27,55,0,12.037
230,27,56,0,12.037
230,27,57,0,12.037
230,27,58,0,12.037
230,27,59,0,12.037
230,27,60,0,12.037
230,27,61,0,12.037
230,27,62,0,12.037
230,27,63,0,12.037
230,28,0,0,11.6786
230,28,1,0,11.6786
230,28,2,0,11.6786
230,28,3,0,11.6786
230,28,4,0,11.6786
230,28,5,0,11.6786
230,28,6,0,11.6786
230,28,7,0,11.6786
230,28,8,0,11.6786
230,28,9,0,11.6786
230,28,10,0,11.6786
230,28,11,0,11.6786
230,28,12,0,11.6786
230,28,13,0,11.6786
230,28,14,0,11.6786
230,28,15,0,11.6786
230,28,16,0,11.6786
230,28,17,0,11.6786
230,28,18,0,11.6786
230,28,19,0,11.6786
230,28,20,0,11.6786
230,28,21,0,11.6786
230,28,22,0,11.6786
230,28,23,0,11.6786
230,28,24,0,11.6786
230,28,25,0,11.6786
230,28,26,0,11.6786
230,28,27,0,11.6786
230,28,28,0,11.6786
230,28,29,0,11.6786
230,28,30,0,11.6786
230,28,31,0,11.6786
230,28,32,0,11.6786
230,28,33,0,11.6786
230,28,34,0,11.6786
230,28,35,0,11.6786
230,28,36,327,11.6786
230,28,37,0,11.6786
230,28,38,0,11.6786
230,28,39,0,11.6786
230,28,40,0,11.6786
230,28,41,0,11.6786
230,28,42,0,11.6786
230,28,43,0,11.6786
230,28,44,0,11.6786
230,28,45,0,11.6786
230,28,46,0,11.6786
230,28,47,0,11.6786
230,28,48,0,11.6786
230,28,49,0,11.6786
230,28,50,0,11.6786
230,28,51,0,11.6786
230,28,52,0,11.6786
230,28,53,0,11.6786
230,28,54,0,11.6786
230,28,55,0,11.6786
230,28,56,0,11.6786
230,28,57,0,11.6786
230,28,58,0,11.6786
230,28,59,0,11.6786
230,28,60,0,11.6786
230,28,61,0,11.6786
230,28,62,0,11.6786
230,28,63,0,11.6786
230,29,0,0,11.5517
230,29,1,0,11.5517
230,29,2,0,11.5517
230,29,3,0,11.5517
230,29,4,0,11.5517
230,29,5,0,11.5517
230,29,6,0,11.5517
230,29,7,0,11.5517
230,29,8,0,11.5517
230,29,9,0,11.5517
230,29,10,0,11.5517
230,29,11,0,11.5517
230,29,12,0,11.5517
230,29,13,0,11.5517
230,29,14,0,11.5517
230,29,15,0,11.5517
230,29,16,0,11.5517
230,29,17,0,11.5517
230,29,18,0,11.5517
230,29,19,0,11.5517
230,29,20,0,11.5517
230,29,21,0,11.5517
230,29,22,0,11.5517
230,29,23,0,11.5517
230,29,24,0,11.5517
230,29,25,0,11.5517
230,29,26,0,11.5517
230,29,27,0,11.5517
230,29,28,0,11.5517
230,29,29,0,11.5517
230,29,30,0,11.5517
230,29,31,0,11.5517
230,29,32,0,11.5517
230,29,33,0,11.5517
230,29,34,0,11.5517
230,29,35,0,11.5517
230,29,36,335,11.5517
230,29,37,0,11.5517
230,29,38,0,11.5517
230,29,39,0,11.5517
230,29,40,0,11.5517
230,29,41,0,11.5517
230,29,42,0,11.5517
230,29,43,0,11.5517
230,29,44,0,11.5517
230,29,45,0,11.5517
230,29,46,0,11.5517
230,29,47,0,11.5517
230,29,48,0,11.5517
230,29,49,0,11.5517
230,29,50,0,11.5517
230,29,51,0,11.5517
230,29,52,0,11.5517
230,29,53,0,11.5517
230,29,54,0,11.5517
230,29,55,0,11.5517
230,29,56,0,11.5517
230,29,57,0,11.5517
230,29,58,0,11.5517
230,29,59,0,11.5517
230,29,60,0,11.5517
230,29,61,0,11.5517
230,29,62,0,11.5517
230,29,63,0,11.5517
230,30,0,0,11.6
230,30,1,0,11.6
230,30,2,0,11.6
230,30,3,0,11.6
230,30,4,0,11.6
230,30,5,0,11.6
230,30,6,0,11.6
230,30,7,0,11.6
230,30,8,0,11.6
230,30,9,0,11.6
230,30,10,0,11.6
230,30,11,0,11.6
230,30,12,0,11.6
230,30,13,0,11.6
230,30,14,0,11.6
230,30,15,0,11.6
230,30,16,0,11.6
230,30,17,0,11.6
230,30,18,0,11.6
230,30,19,0,11.6
230,30,20,0,11.6
230,30,21,0,11.6
230,30,22,0,11.6
230,30,23,0,11.6
230,30,24,0,11.6
230,30,25,0,11.6
230,30,26,0,11.6
230,30,27,0,11.6
230,30,28,0,11.6
230,30,29,0,11.6
230,30,30,0,11.6
230,30,31,0,11.6
230,30,32,0,11.6
230,30,33,0,11.6
230,30,34,0,11.6
230,30,35,0,11.6
230,30,36,348,11.6
230,30,37,0,11.6
230,30,38,0,11.6
230,30,39,0,11.6
230,30,40,0,11.6
230,30,41,0,11.6
230,30,42,0,11.6
230,30,43,0,11.6
230,30,44,0,11.6
230,30,45,0,11.6
230,30,46,0,11.6
230,30,47,0,11.6
230,30,48,0,11.6
230,30,49,0,11.6
230,30,50,0,11.6
230,30,51,0,11.6
230,30,52,0,11.6
230,30,53,0,11.6
230,30,54,0,11.6
230,30,55,0,11.6
230,30,56,0,11.6
230,30,57,0,11.6
230,30,58,0,11.6
230,30,59,0,11.6
230,30,60,0,11.6
230,30,61,0,11.6
230,30,62,0,11.6
230,30,63,0,11.6
230,31,0,0,11.7097
230,31,1,0,11.7097
230,31,2,0,11.7097
230,31,3,0,11.7097
230,31,4,0,11.7097
230,31,5,0,11.7097
230,31,6,0,11.7097
230,31,7,0,11.7097
230,31,8,0,11.7097
230,31,9,0,11.7097
230,31,10,0,11.7097
230,31,11,0,11.7097
230,31,12,0,11.7097
230,31,13,0,11.7097
230,31,14,0,11.7097
230,31,15,0,11.7097
230,31,16,0,11.7097
230,31,17,0,11.7097
230,31,18,0,11.7097
230,31,19,0,11.7097
230,31,20,0,11.7097
230,31,21,0,11.7097
230,31,22,0,11.7097
230,31,23,0,11.7097
230,31,24,0,11.7097
230,31,25,0,11.7097
230,31,26,0,11.7097
230,31,27,0,11.7097
230,31,28,0,11.7097
230,31,29,0,11.7097
230,31,30,0,11.7097
230,31,31,0,11.7097
230,31,32,0,11.7097
230,31,33,0,11.7097
230,31,34,0,11.7097
230,31,35,0,11.7097
230,31,36,363,11.7097
230,31,37,0,11.7097
230,31,38,0,11.7097
230,31,39,0,11.7097
230,31,40,0,11.7097
230,31,41,0,11.7097
230,31,42,0,11.7097
230,31,43,0,11.7097
230,31,44,0,11.7097
230,31,45,0,11.7097
230,31,46,0,11.7097
230,31,47,0,11.7097
230,31,48,0,11.7097
230,31,49,0,11.7097
230,31,50,0,11.7097
230,31,51,0,11.7097
230,31,52,0,11.7097
230,31,53,0,11.7097
230,31,54,0,11.7097
230,31,55,0,11.7097
230,31,56,0,11.7097
230,31,57,0,11.7097
230,31,58,0,11.7097
230,31,59,0,11.7097
230,31,60,0,11.7097
230,31,61,0,11.7097
230,31,62,0,11.7097
230,31,63,0,11.7097
230,32,0,0,11.4062
230,32,1,0,11.4062
230,32,2,0,11.4062
230,32,3,0,11.4062
230,32,4,0,11.4062
230,32,5,0,11.4062
230,32,6,0,11.4062
230,32,7,0,11.4062
230,32,8,0,11.4062
230,32,9,0,11.4062
230,32,10,0,11.4062
230,32,11,0,11.4062
230,32,12,0,11.4062
230,32,13,0,11.4062
230,32,14,0,11.4062
230,32,15,0,11.4062
230,32,16,0,11.4062
230,32,17,0,11.4062
230,32,18,0,11.4062
230,32,19,0,11.4062
230,32,20,0,11.4062
230,32,21,0,11.4062
230,32,22,0,11.4062
230,32,23,0,11.4062
230,32,24,0,11.4062
230,32,25,0,11.4062
230,32,26,0,11.4062
230,32,27,0,11.4062
230,32,28,0,11.4062
230,32,29,0,11.4062
230,32,30,0,11.4062
230,32,31,0,11.4062
230,32,32,0,11.4062
230,32,33,0,11.4062
230,32,34,0,11.4062
230,32,35,0,11.4062
230,32,36,365,11.4062
230,32,37,0,11.4062
230,32,38,0,11.4062
230,32,39,0,11.4062
230,32,40,0,11.4062
230,32,41,0,11.4062
230,32,42,0,11.4062
230,32,43,0,11.4062
230,32,44,0,11.4062
230,32,45,0,11.4062
230,32,46,0,11.4062
230,32,47,0,11.4062
230,32,48,0,11.4062
230,32,49,0,11.4062
230,32,50,0,11.4062
230,32,51,0,11.4062
230,32,52,0,11.4062
230,32,53,0,11.4062
230,32,54,0,11.4062
230,32,55,0,11.4062
230,32,56,0,11.4062
230,32,57,0,11.4062
230,32,58,0,11.4062
230,32,59,0,11.4062
230,32,60,0,11.4062
230,32,61,0,11.4062
230,32,62,0,11.4062
230,32,63,0,11.4062
230,33,0,0,11.1818
230,33,1,0,11.1818
230,33,2,0,11.1818
230,33,3,0,11.1818
230,33,4,0,11.1818
230,33,5,0,11.1818
230,33,6,0,11.1818
230,33,7,0,11.1818
230,33,8,0,11.1818
230,33,9,0,11.1818
230,33,10,0,11.1818
230,33,11,0,11.1818
230,33,12,0,11.1818
230,33,13,0,11.1818
230,33,14,0,11.1818
230,33,15,0,11.1818
230,33,16,0,11.1818
230,33,17,0,11.1818
230,33,18,0,11.1818
230,33,19,0,11.1818
230,33,20,0,11.1818
230,33,21,0,11.1818
230,33,22,0,11.1818
230,33,23,0,11.1818
230,33,24,0,11.1818
230,33,25,0,11.1818
230,33,26,0,11.1818
230,33,27,0,11.1818
230,33,28,0,11.1818
230,33,29,0,11.1818
230,33,30,0,11.1818
230,33,31,0,11.1818
230,33,32,0,11.1818
230,33,33,0,11.1818
230,33,34,0,11.1818
230,33,35,0,11.1818
230,33,36,369,11.1818
230,33,37,0,11.1818
230,33,38,0,11.1818
230,33,39,0,11.1818
230,33,40,0,11.1818
230,33,41,0,11.1818
230,33,42,0,11.1818
230,33,43,0,11.1818
230,33,44,0,11.1818
230,33,45,0,11.1818
230,33,46,0,11.1818
230,33,47,0,11.1818
230,33,48,0,11.1818
230,33,49,0,11.1818
230,33,50,0,11.1818
230,33,51,0,11.1818
230,33,52,0,11.1818
230,33,53,0,11.1818
230,33,54,0,11.1818
230,33,55,0,11.1818
230,33,56,0,11.1818
230,33,57,0,11.1818
230,33,58,0,11.1818
230,33,59,0,11.1818
230,33,60,0,11.1818
230,33,61,0,11.1818
230,33,62,0,11.1818
230,33,63,0,11.1818
230,34,0,0,11.2941
230,34,1,0,11.2941
230,34,2,0,11.2941
230,34,3,0,11.2941
230,34,4,0,11.2941
230,34,5,0,11.2941
230,34,6,0,11.2941
230,34,7,0,11.2941
230,34,8,0,11.2941
230,34,9,0,11.2941
230,34,10,0,11.2941
230,34,11,0,11.2941
230,34,12,0,11.2941
230,34,13,0,11.2941
230,34,14,0,11.2941
230,34,15,0,11.2941
230,34,16,0,11.2941
230,34,17,0,11.2941
230,34,18,0,11.2941
230,34,19,0,11.2941
230,34,20,0,11.2941
230,34,21,0,11.2941
230,34,22,0,11.2941
230,34,23,0,11.2941
230,34,24,0,11.2941
230,34,25,0,11.2941
230,34,26,0,11.2941
230,34,27,0,11.2941
230,34,28,0,11.2941
230,34,29,0,11.2941
230,34,30,0,11.2941
230,34,31,0,11.2941
230,34,32,0,11.2941
230,34,33,0,11.2941
230,34,34,0,11.2941
230,34,35,0,11.2941
230,34,36,384,11.2941
230,34,37,0,11.2941
230,34,38,0,11.2941
230,34,39,0,11.2941
230,34,40,0,11.2941
230,34,41,0,11.2941
230,34,42,0,11.2941
230,34,43,0,11.2941
230,34,44,0,11.2941
230,34,45,0,11.2941
230,34,46,0,11.2941
230,34,47,0,11.2941
230,34,48,0,11.2941
230,34,49,0,11.2941
230,34,50,0,11.2941
230,34,51,0,11.2941
230,34,52,0,11.2941
230,34,53,0,11.2941
230,34,54,0,11.2941
230,34,55,0,11.2941
230,34,56,0,11.2941
230,34,57,0,11.2941
230,34,58,0,11.2941
230,34,59,0,11.2941
230,34,60,0,11.2941
230,34,61,0,11.2941
230,34,62,0,11.2941
230,34,63,0,11.2941
230,35,0,0,11.2571
230,35,1,0,11.2571
230,35,2,0,11.2571
230,35,3,0,11.2571
230,35,4,0,11.2571
230,35,5,0,11.2571
230,35,6,0,11.2571
230,35,7,0,11.2571
230,35,8,0,11.2571
230,35,9,0,11.2571
230,35,10,0,11.2571
230,35,11,0,11.2571
230,35,12,0,11.2571
230,35,13,0,11.2571
230,35,14,0,11.2571
230,35,15,0,11.2571
230,35,16,0,11.2571
230,35,17,0,11.2571
230,35,18,0,11.2571
230,35,19,0,11.2571
230,35,20,0,11.2571
230,35,21,0,11.2571
230,35,22,0,11.2571
230,35,23,0,11.2571
230,35,24,0,11.2571
230,35,25,0,11.2571
230,35,26,0,11.2571
230,35,27,0,11.2571
230,35,28,0,11.2571
230,35,29,0,11.2571
230,35,30,0,11.2571
230,35,31,0,11.2571
230,35,32,0,11.2571
230,35,33,0,11.2571
230,35,34,0,11.2571
230,35,35,0,11.2571
230,35,36,394,11.2571
230,35,37,0,11.2571
230,35,38,0,11.2571
230,35,39,0,11.2571
230,35,40,0,11.2571
230,35,41,0,11.2571
230,35,42,0,11.2571
230,35,43,0,11.2571
230,35,44,0,11.2571
230,35,45,0,11.2571
230,35,46,0,11.2571
230,35,47,0,11.2571
230,35,48,0,11.2571
230,35,49,0,11.2571
230,35,50,0,11.2571
230,35,51,0,11.2571
230,35,52,0,11.2571
230,35,53,0,11.2571
230,35,54,0,11.2571
230,35,55,0,11.2571
230,35,56,0,11.2571
230,35,57,0,11.2571
230,35,58,0,11.2571
230,35,59,0,11.2571
230,35,60,0,11.2571
230,35,61,0,11.2571
230,35,62,0,11.2571
230,35,63,0,11.2571
230,36,0,0,11.3333
230,36,1,0,11.3333
230,36,2,0,11.3333
230,36,3,0,11.3333
230,36,4,0,11.3333
230,36,5,0,11.3333
230,36,6,0,11.3333
230,36,7,0,11.3333
230,36,8,0,11.3333
230,36,9,0,11.3333
230,36,10,0,11.3333
230,36,11,0,11.3333
230,36,12,0,11.3333
230,36,13,0,11.3333
230,36,14,0,11.3333
230,36,15,0,11.3333
230,36,16,0,11.3333
230,36,17,0,11.3333
230,36,18,0,11.3333
230,36,19,0,11.3333
230,36,20,0,11.3333
230,36,21,0,11.3333
230,36,22,0,11.3333
230,36,23,0,11.3333
230,36,24,0,11.3333
230,36,25,0,11.3333
230,36,26,0,11.3333
230,36,27,0,11.3333
230,36,28,0,11.3333
230,36,29,0,11.3333
230,36,30,0,11.3333
230,36,31,0,11.3333
230,36,32,0,11.3333
230,36,33,0,11.3333
230,36,34,0,11.3333
230,36,35,0,11.3333
230,36,36,408,11.3333
230,36,37,0,11.3333
230,36,38,0,11.3333
230,36,39,0,11.3333
230,36,40,0,11.3333
230,36,41,0,11.3333
230,36,42,0,11.3333
230,36,43,0,11.3333
230,36,44,0,11.3333
230,36,45,0,11.3333
230,36,46,0,11.3333
230,36,47,0,11.3333
230,36,48,0,11.3333
230,36,49,0,11.3333
230,36,50,0,11.3333
230,36,51,0,11.3333
230,36,52,0,11.3333
230,36,53,0,11.3333
230,36,54,0,11.3333
230,36,55,0,11.3333
230,36,56,0,11.3333
230,36,57,0,11.3333
230,36,58,0,11.3333
230,36,59,0,11.3333
230,36,60,0,11.3333
230,36,61,0,11.3333
230,36,62,0,11.3333
230,36,63,0,11.3333
230,37,0,0,11.4054
230,37,1,0,11.4054
230,37,2,0,11.4054
230,37,3,0,11.4054
230,37,4,0,11.4054
230,37,5,0,11.4054
230,37,6,0,11.4054
230,37,7,0,11.4054
230,37,8,0,11.4054
230,37,9,0,11.4054
230,37,10,0,11.4054
230,37,11,0,11.4054
230,37,12,0,11.4054
230,37,13,0,11.4054
230,37,14,0,11.4054
230,37,15,0,11.4054
230,37,16,0,11.4054
230,37,17,0,11.4054
230,37,18,0,11.4054
230,37,19,0,11.4054
230,37,20,0,11.4054
230,37,21,0,11.4054
230,37,22,0,11.4054
230,37,23,0,11.4054
230,37,24,0,11.4054
230,37,25,0,11.4054
230,37,26,0,11.4054
230,37,27,0,11.4054
230,37,28,0,11.4054
230,37,29,0,11.4054
230,37,30,0,11.4054
230,37,31,0,11.4054
230,37,32,0,11.4054
230,37,33,0,11.4054
230,37,34,0,11.4054
230,37,35,0,11.4054
230,37,36,422,11.4054
230,37,37,0,11.4054
230,37,38,0,11.4054
230,37,39,0,11.4054
230,37,40,0,11.4054
230,37,41,0,11.4054
230,37,42,0,11.4054
230,37,43,0,11.4054
230,37,44,0,11.4054
230,37,45,0,11.4054
230,37,46,0,11.4054
230,37,47,0,11.4054
230,37,48,0,11.4054
230,37,49,0,11.4054
230,37,50,0,11.4054
230,37,51,0,11.4054
230,37,52,0,11.4054
230,37,53,0,11.4054
230,37,54,0,11.4054
230,37,55,0,11.4054
230,37,56,0,11.4054
230,37,57,0,11.4054
230,37,58,0,11.4054
230,37,59,0,11.4054
230,37,60,0,11.4054
230,37,61,0,11.4054
230,37,62,0,11.4054
230,37,63,0,11.4054
230,38,0,0,11.4474
230,38,1,0,11.4474
230,38,2,0,11.4474
230,38,3,0,11.4474
230,38,4,0,11.4474
230,38,5,0,11.4474
230,38,6,0,11.4474
230,38,7,0,11.4474
230,38,8,0,11.4474
230,38,9,0,11.4474
230,38,10,0,11.4474
230,38,11,0,11.4474
230,38,12,0,11.4474
230,38,13,0,11.4474
230,38,14,0,11.4474
230,38,15,0,11.4474
230,38,16,0,11.4474
230,38,17,0,11.4474
230,38,18,0,11.4474
230,38,19,0,11.4474
230,38,20,0,11.4474
230,38,21,0,11.4474
230,38,22,0,11.4474
230,38,23,0,11.4474
230,38,24,0,11.4474
230,38,25,0,11.4474
230,38,26,0,11.4474
230,38,27,0,11.4474
230,38,28,0,11.4474
230,38,29,0,11.4474
230,38,30,0,11.4474
230,38,31,0,11.4474
230,38,32,0,11.4474
230,38,33,0,11.4474
230,38,34,0,11.4474
230,38,35,0,11.4474
230,38,36,435,11.4474
230,38,37,0,11.4474
230,38,38,0,11.4474
230,38,39,0,11.4474
230,38,40,0,11.4474
230,38,41,0,11.4474
230,38,42,0,11.4474
230,38,43,0,11.4474
230,38,44,0,11.4474
230,38,45,0,11.4474
230,38,46,0,11.4474
230,38,47,0,11.4474
230,38,48,0,11.4474
230,38,49,0,11.4474
230,38,50,0,11.4474
230,38,51,0,11.4474
230,38,52,0,11.4474
230,38,53,0,11.4474
230,38,54,0,11.4474
230,38,55,0,11.4474
230,38,56,0,11.4474
230,38,57,0,11.4474
230,38,58,0,11.4474
230,38,59,0,11.4474
230,38,60,0,11.4474
230,38,61,0,11.4474
230,38,62,0,11.4474
230,38,63,0,11.4474
230,39,0,0,11.4103
230,39,1,0,11.4103
230,39,2,0,11.4103
230,39,3,0,11.4103
230,39,4,0,11.4103
230,39,5,0,11.4103
230,39,6,0,11.4103
230,39,7,0,11.4103
230,39,8,0,11.4103
230,39,9,0,11.4103
230,39,10,0,11.4103
230,39,11,0,11.4103
230,39,12,0,11.4103
230,39,13,0,11.4103
230,39,14,0,11.4103
230,39,15,0,11.4103
230,39,16,0,11.4103
230,39,17,0,11.4103
230,39,18,0,11.4103
230,39,19,0,11.4103
230,39,20,0,11.4103
230,39,21,0,11.4103
230,39,22,0,11.4103
230,39,23,0,11.4103
230,39,24,0,11.4103
230,39,25,0,11.4103
230,39,26,0,11.4103
230,39,27,0,11.4103
230,39,28,0,11.4103
230,39,29,0,11.4103
230,39,30,0,11.4103
230,39,31,0,11.4103
230,39,32,0,11.4103
230,39,33,0,11.4103
230,39,34,0,11.4103
230,39,35,0,11.4103
230,39,36,445,11.4103
230,39,37,0,11.4103
230,39,38,0,11.4103
230,39,39,0,11.4103
230,39,40,0,11.4103
230,39,41,0,11.4103
230,39,42,0,11.4103
230,39,43,0,11.4103
230,39,44,0,11.4103
230,39,45,0,11.4103
230,39,46,0,11.4103
230,39,47,0,11.4103
230,39,48,0,11.4103
230,39,49,0,11.4103
230,39,50,0,11.4103
230,39,51,0,11.4103
230,39,52,0,11.4103
230,39,53,0,11.4103
230,39,54,0,11.4103
230,39,55,0,11.4103
230,39,56,0,11.4103
230,39,57,0,11.4103
230,39,58,0,11.4103
230,39,59,0,11.4103
230,39,60,0,11.4103
230,39,61,0,11.4103
230,39,62,0,11.4103
230,39,63,0,11.4103
230,40,0,0,11.35
230,40,1,0,11.35
230,40,2,0,11.35
230,40,3,0,11.35
230,40,4,0,11.35
230,40,5,0,11.35
230,40,6,0,11.35
230,40,7,0,11.35
230,40,8,0,11.35
230,40,9,0,11.35
230,40,10,0,11.35
230,40,11,0,11.35
230,40,12,0,11.35
230,40,13,0,11.35
230,40,14,0,11.35
230,40,15,0,11.35
230,40,16,0,11.35
230,40,17,0,11.35
230,40,18,0,11.35
230,40,19,0,11.35
230,40,20,0,11.35
230,40,21,0,11.35
230,40,22,0,11.35
230,40,23,0,11.35
230,40,24,0,11.35
230,40,25,0,11.35
230,40,26,0,11.35
230,40,27,0,11.35
230,40,28,0,11.35
230,40,29,0,11.35
230,40,30,0,11.35
230,40,31,0,11.35
230,40,32,0,11.35
230,40,33,0,11.35
230,40,34,0,11.35
230,40,35,0,11.35
230,40,36,454,11.35
230,40,37,0,11.35
230,40,38,0,11.35
230,40,39,0,11.35
230,40,40,0,11.35
230,40,41,0,11.35
230,40,42,0,11.35
230,40,43,0,11.35
230,40,44,0,11.35
230,40,45,0,11.35
230,40,46,0,11.35
230,40,47,0,11.35
230,40,48,0,11.35
230,40,49,0,11.35
230,40,50,0,11.35
230,40,51,0,11.35
230,40,52,0,11.35
230,40,53,0,11.35
230,40,54,0,11.35
230,40,55,0,11.35
230,40,56,0,11.35
230,40,57,0,11.35
230,40,58,0,11.35
230,40,59,0,11.35
230,40,60,0,11.35
230,40,61,0,11.35
230,40,62,0,11.35
230,40,63,0,11.35
230,41,0,0,11.1951
230,41,1,0,11.1951
230,41,2,0,11.1951
230,41,3,0,11.1951
230,41,4,0,11.1951
230,41,5,0,11.1951
230,41,6,0,11.1951
230,41,7,0,11.1951
230,41,8,0,11.1951
230,41,9,0,11.1951
230,41,10,0,11.1951
230,41,11,0,11.1951
230,41,12,0,11.1951
230,41,13,0,11.1951
230,41,14,0,11.1951
230,41,15,0,11.1951
230,41,16,0,11.1951
230,41,17,0,11.1951
230,41,18,0,11.1951
230,41,19,0,11.1951
230,41,20,0,11.1951
230,41,21,0,11.1951
230,41,22,0,11.1951
230,41,23,0,11.1951
230,41,24,0,11.1951
230,41,25,0,11.1951
230,41,26,0,11.1951
230,41,27,0,11.1951
230,41,28,0,11.1951
230,41,29,0,11.1951
230,41,30,0,11.1951
230,41,31,0,11.1951
230,41,32,0,11.1951
230,41,33,0,11.1951
230,41,34,0,11.1951
230,41,35,0,11.1951
230,41,36,459,11.1951
230,41,37,0,11.1951
230,41,38,0,11.1951
230,41,39,0,11.1951
230,41,40,0,11.1951
230,41,41,0,11.1951
230,41,42,0,11.1951
230,41,43,0,11.1951
230,41,44,0,11.1951
230,41,45,0,11.1951
230,41,46,0,11.1951
230,41,47,0,11.1951
230,41,48,0,11.1951
230,41,49,0,11.1951
230,41,50,0,11.1951
230,41,51,0,11.1951
230,41,52,0,11.1951
230,41,53,0,11.1951
230,41,54,0,11.1951
230,41,55,0,11.1951
230,41,56,0,11.1951
230,41,57,0,11.1951
230,41,58,0,11.1951
230,41,59,0,11.1951
230,41,60,0,11.1951
230,41,61,0,11.1951
230,41,62,0,11.1951
230,41,63,0,11.1951
230,42,0,0,11.1429
230,42,1,0,11.1429
230,42,2,0,11.1429
230,42,3,0,11.1429
230,42,4,0,11.1429
230,42,5,0,11.1429
230,42,6,0,11.1429
230,42,7,0,11.1429
230,42,8,0,11.1429
230,42,9,0,11.1429
230,42,10,0,11.1429
230,42,11,0,11.1429
230,42,12,0,11.1429
230,42,13,0,11.1429
230,42,14,0,11.1429
230,42,15,0,11.1429
230,42,16,0,11.1429
230,42,17,0,11.1429
230,42,18,0,11.1429
230,42,19,0,11.1429
230,42,20,0,11.1429
230,42,21,0,11.1429
230,42,22,0,11.1429
230,42,23,0,11.1429
230,42,24,0,11.1429
230,42,25,0,11.1429
230,42,26,0,11.1429
230,42,27,0,11.1429
230,42,28,0,11.1429
230,42,29,0,11.1429
230,42,30,0,11.1429
230,42,31,0,11.1429
230,42,32,0,11.1429
230,42,33,0,11.1429
230,42,34,0,11.1429
230,42,35,0,11.1429
230,42,36,468,11.1429
230,42,37,0,11.1429
230,42,38,0,11.1429
230,42,39,0,11.1429
230,42,40,0,11.1429
230,42,41,0,11.1429
230,42,42,0,11.1429
230,42,43,0,11.1429
230,42,44,0,11.1429
230,42,45,0,11.1429
230,42,46,0,11.1429
230,42,47,0,11.1429
230,42,48,0,11.1429
230,42,49,0,11.1429
230,42,50,0,11.1429
230,42,51,0,11.1429
230,42,52,0,11.1429
230,42,53,0,11.1429
230,42,54,0,11.1429
230,42,55,0,11.1429
230,42,56,0,11.1429
230,42,57,0,11.1429
230,42,58,0,11.1429
230,42,59,0,11.1429
230,42,60,0,11.1429
230,42,61,0,11.1429
230,42,62,0,11.1429
230,42,63,0,11.1429
230,43,0,0,11.5349
230,43,1,0,11.5349
230,43,2,0,11.5349
230,43,3,0,11.5349
230,43,4,0,11.5349
230,43,5,0,11.5349
230,43,6,0,11.5349
230,43,7,0,11.5349
230,43,8,0,11.5349
230,43,9,0,11.5349
230,43,10,0,11.5349
230,43,11,0,11.5349
230,43,12,0,11.5349
230,43,13,0,11.5349
230,43,14,0,11.5349
230,43,15,0,11.5349
230,43,16,0,11.5349
230,43,17,0,11.5349
230,43,18,0,11.5349
230,43,19,0,11.5349
230,43,20,0,11.5349
230,43,21,0,11.5349
230,43,22,0,11.5349
230,43,23,0,11.5349
230,43,24,0,11.5349
230,43,25,0,11.5349
230,43,26,0,11.5349
230,43,27,0,11.5349
230,43,28,0,11.5349
230,43,29,0,11.5349
230,43,30,0,11.5349
230,43,31,0,11.5349
230,43,32,0,11.5349
230,43,33,0,11.5349
230,43,34,0,11.5349
230,43,35,0,11.5349
230,43,36,496,11.5349
230,43,37,0,11.5349
230,43,38,0,11.5349
230,43,39,0,11.5349
230,43,40,0,11.5349
230,43,41,0,11.5349
230,43,42,0,11.5349
230,43,43,0,11.5349
230,43,44,0,11.5349
230,43,45,0,11.5349
230,43,46,0,11.5349
230,43,47,0,11.5349
230,43,48,0,11.5349
230,43,49,0,11.5349
230,43,50,0,11.5349
230,43,51,0,11.5349
230,43,52,0,11.5349
230,43,53,0,11.5349
230,43,54,0,11.5349
230,43,55,0,11.5349
230,43,56,0,11.5349
230,43,57,0,11.5349
230,43,58,0,11.5349
230,43,59,0,11.5349
230,43,60,0,11.5349
230,43,61,0,11.5349
230,43,62,0,11.5349
230,43,63,0,11.5349
230,44,0,0,11.4773
230,44,1,0,11.4773
230,44,2,0,11.4773
230,44,3,0,11.4773
230,44,4,0,11.4773
230,44,5,0,11.4773
230,44,6,0,11.4773
230,44,7,0,11.4773
230,44,8,0,11.4773
230,44,9,0,11.4773
230,44,10,0,11.4773
230,44,11,0,11.4773
230,44,12,0,11.4773
230,44,13,0,11.4773
230,44,14,0,11.4773
230,44,15,0,11.4773
230,44,16,0,11.4773
230,44,17,0,11.4773
230,44,18,0,11.4773
230,44,19,0,11.4773
230,44,20,0,11.4773
230,44,21,0,11.4773
230,44,22,0,11.4773
230,44,23,0,11.4773
230,44,24,0,11.4773
230,44,25,0,11.4773
230,44,26,0,11.4773
230,44,27,0,11.4773
230,44,28,0,11.4773
230,44,29,0,11.4773
230,44,30,0,11.4773
230,44,31,0,11.4773
230,44,32,0,11.4773
230,44,33,0,11.4773
230,44,34,0,11.4773
230,44,35,0,11.4773
230,44,36,505,11.4773
230,44,37,0,11.4773
230,44,38,0,11.4773
230,44,39,0,11.4773
230,44,40,0,11.4773
230,44,41,0,11.4773
230,44,42,0,11.4773
230,44,43,0,11.4773
230,44,44,0,11.4773
230,44,45,0,11.4773
230,44,46,0,11.4773
230,44,47,0,11.4773
230,44,48,0,11.4773
230,44,49,0,11.4773
230,44,50,0,11.4773
230,44,51,0,11.4773
230,44,52,0,11.4773
230,44,53,0,11.4773
230,44,54,0,11.4773
230,44,55,0,11.4773
230,44,56,0,11.4773
230,44,57,0,11.4773
230,44,58,0,11.4773
230,44,59,0,11.4773
230,44,60,0,11.4773
230,44,61,0,11.4773
230,44,62,0,11.4773
230,44,63,0,11.4773
230,45,0,0,11.4
230,45,1,0,11.4
230,45,2,0,11.4
230,45,3,0,11.4
230,45,4,0,11.4
230,45,5,0,11.4
230,45,6,0,11.4
230,45,7,0,11.4
230,45,8,0,11.4
230,45,9,0,11.4
230,45,10,0,11.4
230,45,11,0,11.4
230,45,12,0,11.4
230,45,13,0,11.4
230,45,14,0,11.4
230,45,15,0,11.4
230,45,16,0,11.4
230,45,17,0,11.4
230,45,18,0,11.4
230,45,19,0,11.4
230,45,20,0,11.4
230,45,21,0,11.4
230,45,22,0,11.4
230,45,23,0,11.4
230,45,24,0,11.4
230,45,25,0,11.4
230,45,26,0,11.4
230,45,27,0,11.4
230,45,28,0,11.4
230,45,29,0,11.4
230,45,30,0,11.4
230,45,31,0,11.4
230,45,32,0,11.4
230,45,33,0,11.4
230,45,34,0,11.4
230,45,35,0,11.4
230,45,36,513,11.4
230,45,37,0,11.4
230,45,38,0,11.4
230,45,39,0,11.4
230,45,40,0,11.4
230,45,41,0,11.4
230,45,42,0,11.4
230,45,43,0,11.4
230,45,44,0,11.4
230,45,45,0,11.4
230,45,46,0,11.4
230,45,47,0,11.4
230,45,48,0,11.4
230,45,49,0,11.4
230,45,50,0,11.4
230,45,51,0,11.4
230,45,52,0,11.4
230,45,53,0,11.4
230,45,54,0,11.4
230,45,55,0,11.4
230,45,56,0,11.4
230,45,57,0,11.4
230,45,58,0,11.4
230,45,59,0,11.4
230,45,60,0,11.4
230,45,61,0,11.4
230,45,62,0,11.4
230,45,63,0,11.4
230,46,0,0,11.3261
230,46,1,0,11.3261
230,46,2,0,11.3261
230,46,3,0,11.3261
230,46,4,0,11.3261
230,46,5,0,11.3261
230,46,6,0,11.3261
230,46,7,0,11.3261
230,46,8,0,11.3261
230,46,9,0,11.3261
230,46,10,0,11.3261
230,46,11,0,11.3261
230,46,12,0,11.3261
230,46,13,0,11.3261
230,46,14,0,11.3261
230,46,15,0,11.3261
230,46,16,0,11.3261
230,46,17,0,11.3261
230,46,18,0,11.3261
230,46,19,0,11.3261
230,46,20,0,11.3261
230,46,21,0,11.3261
230,46,22,0,11.3261
230,46,23,0,11.3261
230,46,24,0,11.3261
230,46,25,0,11.3261
230,46,26,0,11.3261
230,46,27,0,11.3261
230,46,28,0,11.3261
230,46,29,0,11.3261
230,46,30,0,11.3261
230,46,31,0,11.3261
230,46,32,0,11.3261
230,46,33,0,11.3261
230,46,34,0,11.3261
230,46,35,0,11.3261
230,46,36,521,11.3261
230,46,37,0,11.3261
230,46,38,0,11.3261
230,46,39,0,11.3261
230,46,40,0,11.3261
230,46,41,0,11.3261
230,46,42,0,11.3261
230,46,43,0,11.3261
230,46,44,0,11.3261
230,46,45,0,11.3261
230,46,46,0,11.3261
230,46,47,0,11.3261
230,46,48,0,11.3261
230,46,49,0,11.3261
230,46,50,0,11.3261
230,46,51,0,11.3261
230,46,52,0,11.3261
230,46,53,0,11.3261
230,46,54,0,11.3261
230,46,55,0,11.3261
230,46,56,0,11.3261
230,46,57,0,11.3261
230,46,58,0,11.3261
230,46,59,0,11.3261
230,46,60,0,11.3261
230,46,61,0,11.3261
230,46,62,0,11.3261
230,46,63,0,11.3261
230,47,0,0,11.3191
230,47,1,0,11.3191
230,47,2,0,11.3191
230,47,3,0,11.3191
230,47,4,0,11.3191
230,47,5,0,11.3191
230,47,6,0,11.3191
230,47,7,0,11.3191
230,47,8,0,11.3191
230,47,9,0,11.3191
230,47,10,0,11.3191
230,47,11,0,11.3191
230,47,12,0,11.3191
230,47,13,0,11.3191
230,47,14,0,11.3191
230,47,15,0,11.3191
230,47,16,0,11.3191
230,47,17,0,11.3191
230,47,18,0,11.3191
230,47,19,0,11.3191
230,47,20,0,11.3191
230,47,21,0,11.3191
230,47,22,0,11.3191
230,47,23,0,11.3191
230,47,24,0,11.3191
230,47,25,0,11.3191
230,47,26,0,11.3191
230,47,27,0,11.3191
230,47,28,0,11.3191
230,47,29,0,11.3191
230,47,30,0,11.3191
230,47,31,0,11.3191
230,47,32,0,11.3191
230,47,33,0,11.3191
230,47,34,0,11.3191
230,47,35,0,11.3191
230,47,36,532,11.3191
230,47,37,0,11.3191
230,47,38,0,11.3191
230,47,39,0,11.3191
230,47,40,0,11.3191
230,47,41,0,11.3191
230,47,42,0,11.3191
230,47,43,0,11.3191
230,47,44,0,11.3191
230,47,45,0,11.3191
230,47,46,0,11.3191
230,47,47,0,11.3191
230,47,48,0,11.3191
230,47,49,0,11.3191
230,47,50,0,11.3191
230,47,51,0,11.3191
230,47,52,0,11.3191
230,47,53,0,11.3191
230,47,54,0,11.3191
230,47,55,0,11.3191
230,47,56,0,11.3191
230,47,57,0,11.3191
230,47,58,0,11.3191
230,47,59,0,11.3191
230,47,60,0,11.3191
230,47,61,0,11.3191
230,47,62,0,11.3191
230,47,63,0,11.3191
230,48,0,0,11.2708
230,48,1,0,11.2708
230,48,2,0,11.2708
230,48,3,0,11.2708
230,48,4,0,11.2708
230,48,5,0,11.2708
230,48,6,0,11.2708
230,48,7,0,11.2708
230,48,8,0,11.2708
230,48,9,0,11.2708
230,48,10,0,11.2708
230,48,11,0,11.2708
230,48,12,0,11.2708
230,48,13,0,11.2708
230,48,14,0,11.2708
230,48,15,0,11.2708
230,48,16,0,11.2708
230,48,17,0,11.2708
230,48,18,0,11.2708
230,48,19,0,11.2708
230,48,20,0,11.2708
230,48,21,0,11.2708
230,48,22,0,11.2708
230,48,23,0,11.2708
230,48,24,0,11.2708
230,48,25,0,11.2708
230,48,26,0,11.2708
230,48,27,0,11.2708
230,48,28,0,11.2708
230,48,29,0,11.2708
230,48,30,0,11.2708
230,48,31,0,11.2708
230,48,32,0,11.2708
230,48,33,0,11.2708
230,48,34,0,11.2708
230,48,35,0,11.2708
230,48,36,541,11.2708
230,48,37,0,11.2708
230,48,38,0,11.2708
230,48,39,0,11.2708
230,48,40,0,11.2708
230,48,41,0,11.2708
230,48,42,0,11.2708
230,48,43,0,11.2708
230,48,44,0,11.2708
230,48,45,0,11.2708
230,48,46,0,11.2708
230,48,47,0,11.2708
230,48,48,0,11.2708
230,48,49,0,11.2708
230,48,50,0,11.2708
230,48,51,0,11.2708
230,48,52,0,11.2708
230,48,53,0,11.2708
230,48,54,0,11.2708
230,48,55,0,11.2708
230,48,56,0,11.2708
230,48,57,0,11.2708
230,48,58,0,11.2708
230,48,59,0,11.2708
230,48,60,0,11.2708
230,48,61,0,11.2708
230,48,62,0,11.2708
230,48,63,0,11.2708
230,49,0,0,11.1224
230,49,1,0,11.1224
230,49,2,0,11.1224
230,49,3,0,11.1224
230,49,4,0,11.1224
230,49,5,0,11.1224
230,49,6,0,11.1224
230,49,7,0,11.1224
230,49,8,0,11.1224
230,49,9,0,11.1224
230,49,10,0,11.1224
230,49,11,0,11.1224
230,49,12,0,11.1224
230,49,13,0,11.1224
230,49,14,0,11.1224
230,49,15,0,11.1224
230,49,16,0,11.1224
230,49,17,0,11.1224
230,49,18,0,11.1224
230,49,19,0,11.1224
230,49,20,0,11.1224
230,49,21,0,11.1224
230,49,22,0,11.1224
230,49,23,0,11.1224
230,49,24,0,11.1224
230,49,25,0,11.1224
230,49,26,0,11.1224
230,49,27,0,11.1224
230,49,28,0,11.1224
230,49,29,0,11.1224
230,49,30,0,11.1224
230,49,31,0,11.1224
230,49,32,0,11.1224
230,49,33,0,11.1224
230,49,34,0,11.1224
230,49,35,0,11.1224
230,49,36,545,11.1224
230,49,37,0,11.1224
230,49,38,0,11.1224
230,49,39,0,11.1224
230,49,40,0,11.1224
230,49,41,0,11.1224
230,49,42,0,11.1224
230,49,43,0,11.1224
230,49,44,0,11.1224
230,49,45,0,11.1224
230,49,46,0,11.1224
230,49,47,0,11.1224
230,49,48,0,11.1224
230,49,49,0,11.1224
230,49,50,0,11.1224
230,49,51,0,11.1224
230,49,52,0,11.1224
230,49,53,0,11.1224
230,49,54,0,11.1224
230,49,55,0,11.1224
230,49,56,0,11.1224
230,49,57,0,11.1224
230,49,58,0,11.1224
230,49,59,0,11.1224
230,49,60,0,11.1224
230,49,61,0,11.1224
230,49,62,0,11.1224
230,49,63,0,11.1224
230,50,0,0,11.18
230,50,1,0,11.18
230,50,2,0,11.18
230,50,3,0,11.18
230,50,4,0,11.18
230,50,5,0,11.18
230,50,6,0,11.18
230,50,7,0,11.18
230,50,8,0,11.18
230,50,9,0,11.18
230,50,10,0,11.18
230,50,11,0,11.18
230,50,12,0,11.18
230,50,13,0,11.18
230,50,14,0,11.18
230,50,15,0,11.18
230,50,16,0,11.18
230,50,17,0,11.18
230,50,18,0,11.18
230,50,19,0,11.18
230,50,20,0,11.18
230,50,21,0,11.18
230,50,22,0,11.18
230,50,23,0,11.18
230,50,24,0,11.18
230,50,25,0,11.18
230,50,26,0,11.18
230,50,27,0,11.18
230,50,28,0,11.18
230,50,29,0,11.18
230,50,30,0,11.18
230,50,31,0,11.18
230,50,32,0,11.18
230,50,33,0,11.18
230,50,34,0,11.18
230,50,35,0,11.18
230,50,36,559,11.18
230,50,37,0,11.18
230,50,38,0,11.18
230,50,39,0,11.18
230,50,40,0,11.18
230,50,41,0,11.18
230,50,42,0,11.18
230,50,43,0,11.18
230,50,44,0,11.18
230,50,45,0,11.18
230,50,46,0,11.18
230,50,47,0,11.18
230,50,48,0,11.18
230,50,49,0,11.18
230,50,50,0,11.18
230,50,51,0,11.18
230,50,52,0,11.18
230,50,53,0,11.18
230,50,54,0,11.18
230,50,55,0,11.18
230,50,56,0,11.18
230,50,57,0,11.18
230,50,58,0,11.18
230,50,59,0,11.18
230,50,60,0,11.18
230,50,61,0,11.18
230,50,62,0,11.18
230,50,63,0,11.18
230,51,0,0,11.0588
230,51,1,0,11.0588
230,51,2,0,11.0588
230,51,3,0,11.0588
230,51,4,0,11.0588
230,51,5,0,11.0588
230,51,6,0,11.0588
230,51,7,0,11.0588
230,51,8,0,11.0588
230,51,9,0,11.0588
230,51,10,0,11.0588
230,51,11,0,11.0588
230,51,12,0,11.0588
230,51,13,0,11.0588
230,51,14,0,11.0588
230,51,15,0,11.0588
230,51,16,0,11.0588
230,51,17,0,11.0588
230,51,18,0,11.0588
230,51,19,0,11.0588
230,51,20,0,11.0588
230,51,21,0,11.0588
230,51,22,0,11.0588
230,51,23,0,11.0588
230,51,24,0,11.0588
230,51,25,0,11.0588
230,51,26,0,11.0588
230,51,27,0,11.0588
230,51,28,0,11.0588
230,51,29,0,11.0588
230,51,30,0,11.0588
230,51,31,0,11.0588
230,51,32,0,11.0588
230,51,33,0,11.0588
230,51,34,0,11.0588
230,51,35,0,11.0588
230,51,36,564,11.0588
230,51,37,0,11.0588
230,51,38,0,11.0588
230,51,39,0,11.0588
230,51,40,0,11.0588
230,51,41,0,11.0588
230,51,42,0,11.0588
230,51,43,0,11.0588
230,51,44,0,11.0588
230,51,45,0,11.0588
230,51,46,0,11.0588
230,51,47,0,11.0588
230,51,48,0,11.0588
230,51,49,0,11.0588
230,51,50,0,11.0588
230,51,51,0,11.0588
230,51,52,0,11.0588
230,51,53,0,11.0588
230,51,54,0,11.0588
230,51,55,0,11.0588
230,51,56,0,11.0588
230,51,57,0,11.0588
230,51,58,0,11.0588
230,51,59,0,11.0588
230,51,60,0,11.0588
230,51,61,0,11.0588
230,51,62,0,11.0588
230,51,63,0,11.0588
230,52,0,0,11.3654
230,52,1,0,11.3654
230,52,2,0,11.3654
230,52,3,0,11.3654
230,52,4,0,11.3654
230,52,5,0,11.3654
230,52,6,0,11.3654
230,52,7,0,11.3654
230,52,8,0,11.3654
230,52,9,0,11.3654
230,52,10,0,11.3654
230,52,11,0,11.3654
230,52,12,0,11.3654
230,52,13,0,11.3654
230,52,14,0,11.3654
230,52,15,0,11.3654
230,52,16,0,11.3654
230,52,17,0,11.3654
230,52,18,0,11.3654
230,52,19,0,11.3654
230,52,20,0,11.3654
230,52,21,0,11.3654
230,52,22,0,11.3654
230,52,23,0,11.3654
230,52,24,0,11.3654
230,52,25,0,11.3654
230,52,26,0,11.3654
230,52,27,0,11.3654
230,52,28,0,11.3654
230,52,29,0,11.3654
230,52,30,0,11.3654
230,52,31,0,11.3654
230,52,32,0,11.3654
230,52,33,0,11.3654
230,52,34,0,11.3654
230,52,35,0,11.3654
230,52,36,591,11.3654
230,52,37,0,11.3654
230,52,38,0,11.3654
230,52,39,0,11.3654
230,52,40,0,11.3654
230,52,41,0,11.3654
230,52,42,0,11.3654
230,52,43,0,11.3654
230,52,44,0,11.3654
230,52,45,0,11.3654
230,52,46,0,11.3654
230,52,47,0,11.3654
230,52,48,0,11.3654
230,52,49,0,11.3654
230,52,50,0,11.3654
230,52,51,0,11.3654
230,52,52,0,11.3654
230,52,53,0,11.3654
230,52,54,0,11.3654
230,52,55,0,11.3654
230,52,56,0,11.3654
230,52,57,0,11.3654
230,52,58,0,11.3654
230,52,59,0,11.3654
230,52,60,0,11.3654
230,52,61,0,11.3654
230,52,62,0,11.3654
230,52,63,0,11.3654
230,53,0,0,11.4151
230,53,1,0,11.4151
230,53,2,0,11.4151
230,53,3,0,11.4151
230,53,4,0,11.4151
230,53,5,0,11.4151
230,53,6,0,11.4151
230,53,7,0,11.4151
230,53,8,0,11.4151
230,53,9,0,11.4151
230,53,10,0,11.4151
230,53,11,0,11.4151
230,53,12,0,11.4151
230,53,13,0,11.4151
230,53,14,0,11.4151
230,53,15,0,11.4151
230,53,16,0,11.4151
230,53,17,0,11.4151
230,53,18,0,11.4151
230,53,19,0,11.4151
230,53,20,0,11.4151
230,53,21,0,11.4151
230,53,22,0,11.4151
230,53,23,0,11.4151
230,53,24,0,11.4151
230,53,25,0,11.4151
230,53,26,0,11.4151
230,53,27,0,11.4151
230,53,28,0,11.4151
230,53,29,0,11.4151
230,53,30,0,11.4151
230,53,31,0,11.4151
230,53,32,0,11.4151
230,53,33,0,11.4151
230,53,34,0,11.4151
230,53,35,0,11.4151
230,53,36,605,11.4151
230,53,37,0,11.4151
230,53,38,0,11.4151
230,53,39,0,11.4151
230,53,40,0,11.4151
230,53,41,0,11.4151
230,53,42,0,11.4151
230,53,43,0,11.4151
230,53,44,0,11.4151
230,53,45,0,11.4151
230,53,46,0,11.4151
230,53,47,0,11.4151
230,53,48,0,11.4151
230,53,49,0,11.4151
230,53,50,0,11.4151
230,53,51,0,11.4151
230,53,52,0,11.4151
230,53,53,0,11.4151
230,53,54,0,11.4151
230,53,55,0,11.4151
230,53,56,0,11.4151
230,53,57,0,11.4151
230,53,58,0,11.4151
230,53,59,0,11.4151
230,53,60,0,11.4151
230,53,61,0,11.4151
230,53,62,0,11.4151
230,53,63,0,11.4151
230,54,0,0,11.2778
230,54,1,0,11.2778
230,54,2,0,11.2778
230,54,3,0,11.2778
230,54,4,0,11.2778
230,54,5,0,11.2778
230,54,6,0,11.2778
230,54,7,0,11.2778
230,54,8,0,11.2778
230,54,9,0,11.2778
230,54,10,0,11.2778
230,54,11,0,11.2778
230,54,12,0,11.2778
230,54,13,0,11.2778
230,54,14,0,11.2778
230,54,15,0,11.2778
230,54,16,0,11.2778
230,54,17,0,11.2778
230,54,18,0,11.2778
230,54,19,0,11.2778
230,54,20,0,11.2778
230,54,21,0,11.2778
230,54,22,0,11.2778
230,54,23,0,11.2778
230,54,24,0,11.2778
230,54,25,0,11.2778
230,54,26,0,11.2778
230,54,27,0,11.2778
230,54,28,0,11.2778
230,54,29,0,11.2778
230,54,30,0,11.2778
230,54,31,0,11.2778
230,54,32,0,11.2778
230,54,33,0,11.2778
230,54,34,0,11.2778
230,54,35,0,11.2778
230,54,36,609,11.2778
230,54,37,0,11.2778
230,54,38,0,11.2778
230,54,39,0,11.2778
230,54,40,0,11.2778
230,54,41,0,11.2778
230,54,42,0,11.2778
230,54,43,0,11.2778
230,54,44,0,11.2778
230,54,45,0,11.2778
230,54,46,0,11.2778
230,54,47,0,11.2778
230,54,48,0,11.2778
230,54,49,0,11.2778
230,54,50,0,11.2778
230,54,51,0,11.2778
230,54,52,0,11.2778
230,54,53,0,11.2778
230,54,54,0,11.2778
230,54,55,0,11.2778
230,54,56,0,11.2778
230,54,57,0,11.2778
230,54,58,0,11.2778
230,54,59,0,11.2778
230,54,60,0,11.2778
230,54,61,0,11.2778
230,54,62,0,11.2778
230,54,63,0,11.2778
230,55,0,0,11.1636
230,55,1,0,11.1636
230,55,2,0,11.1636
230,55,3,0,11.1636
230,55,4,0,11.1636
230,55,5,0,11.1636
230,55,6,0,11.1636
230,55,7,0,11.1636
230,55,8,0,11.1636
230,55,9,0,11.1636
230,55,10,0,11.1636
230,55,11,0,11.1636
230,55,12,0,11.1636
230,55,13,0,11.1636
230,55,14,0,11.1636
230,55,15,0,11.1636
230,55,16,0,11.1636
230,55,17,0,11.1636
230,55,18,0,11.1636
230,55,19,0,11.1636
230,55,20,0,11.1636
230,55,21,0,11.1636
230,55,22,0,11.1636
230,55,23,0,11.1636
230,55,24,0,11.1636
230,55,25,0,11.1636
230,55,26,0,11.1636
230,55,27,0,11.1636
230,55,28,0,11.1636
230,55,29,0,11.1636
230,55,30,0,11.1636
230,55,31,0,11.1636
230,55,32,0,11.1636
230,55,33,0,11.1636
230,55,34,0,11.1636
230,55,35,0,11.1636
230,55,36,614,11.1636
230,55,37,0,11.1636
230,55,38,0,11.1636
230,55,39,0,11.1636
230,55,40,0,11.1636
230,55,41,0,11.1636
230,55,42,0,11.1636
230,55,43,0,11.1636
230,55,44,0,11.1636
230,55,45,0,11.1636
230,55,46,0,11.1636
230,55,47,0,11.1636
230,55,48,0,11.1636
230,55,49,0,11.1636
230,55,50,0,11.1636
230,55,51,0,11.1636
230,55,52,0,11.1636
230,55,53,0,11.1636
230,55,54,0,11.1636
230,55,55,0,11.1636
230,55,56,0,11.1636
230,55,57,0,11.1636
230,55,58,0,11.1636
230,55,59,0,11.1636
230,55,60,0,11.1636
230,55,61,0,11.1636
230,55,62,0,11.1636
230,55,63,0,11.1636
230,56,0,0,11.1071
230,56,1,0,11.1071
230,56,2,0,11.1071
230,56,3,0,11.1071
230,56,4,0,11.1071
230,56,5,0,11.1071
230,56,6,0,11.1071
230,56,7,0,11.1071
230,56,8,0,11.1071
230,56,9,0,11.1071
230,56,10,0,11.1071
230,56,11,0,11.1071
230,56,12,0,11.1071
230,56,13,0,11.1071
230,56,14,0,11.1071
230,56,15,0,11.1071
230,56,16,0,11.1071
230,56,17,0,11.1071
230,56,18,0,11.1071
230,56,19,0,11.1071
230,56,20,0,11.1071
230,56,21,0,11.1071
230,56,22,0,11.1071
230,56,23,0,11.1071
230,56,24,0,11.1071
230,56,25,0,11.1071
230,56,26,0,11.1071
230,56,27,0,11.1071
230,56,28,0,11.1071
230,56,29,0,11.1071
230,56,30,0,11.1071
230,56,31,0,11.1071
230,56,32,0,11.1071
230,56,33,0,11.1071
230,56,34,0,11.1071
230,56,35,0,11.1071
230,56,36,622,11.1071
230,56,37,0,11.1071
230,56,38,0,11.1071
230,56,39,0,11.1071
230,56,40,0,11.1071
230,56,41,0,11.1071
230,56,42,0,11.1071
230,56,43,0,11.1071
230,56,44,0,11.1071
230,56,45,0,11.1071
230,56,46,0,11.1071
230,56,47,0,11.1071
230,56,48,0,11.1071
230,56,49,0,11.1071
230,56,50,0,11.1071
230,56,51,0,11.1071
230,56,52,0,11.1071
230,56,53,0,11.1071
230,56,54,0,11.1071
230,56,55,0,11.1071
230,56,56,0,11.1071
230,56,57,0,11.1071
230,56,58,0,11.1071
230,56,59,0,11.1071
230,56,60,0,11.1071
230,56,61,0,11.1071
230,56,62,0,11.1071
230,56,63,0,11.1071
230,57,0,0,11.1754
230,57,1,0,11.1754
230,57,2,0,11.1754
230,57,3,0,11.1754
230,57,4,0,11.1754
230,57,5,0,11.1754
230,57,6,0,11.1754
230,57,7,0,11.1754
230,57,8,0,11.1754
230,57,9,0,11.1754
230,57,10,0,11.1754
230,57,11,0,11.1754
230,57,12,0,11.1754
230,57,13,0,11.1754
230,57,14,0,11.1754
230,57,15,0,11.1754
230,57,16,0,11.1754
230,57,17,0,11.1754
230,57,18,0,11.1754
230,57,19,0,11.1754
230,57,20,0,11.1754
230,57,21,0,11.1754
230,57,22,0,11.1754
230,57,23,0,11.1754
230,57,24,0,11.1754
230,57,25,0,11.1754
230,57,26,0,11.1754
230,57,27,0,11.1754
230,57,28,0,11.1754
230,57,29,0,11.1754
230,57,30,0,11.1754
230,57,31,0,11.1754
230,57,32,0,11.1754
230,57,33,0,11.1754
230,57,34,0,11.1754
230,57,35,0,11.1754
230,57,36,637,11.1754
230,57,37,0,11.1754
230,57,38,0,11.1754
230,57,39,0,11.1754
230,57,40,0,11.1754
230,57,41,0,11.1754
230,57,42,0,11.1754
230,57,43,0,11.1754
230,57,44,0,11.1754
230,57,45,0,11.1754
230,57,46,0,11.1754
230,57,47,0,11.1754
230,57,48,0,11.1754
230,57,49,0,11.1754
230,57,50,0,11.1754
230,57,51,0,11.1754
230,57,52,0,11.1754
230,57,53,0,11.1754
230,57,54,0,11.1754
230,57,55,0,11.1754
230,57,56,0,11.1754
230,57,57,0,11.1754
230,57,58,0,11.1754
230,57,59,0,11.1754
230,57,60,0,11.1754
230,57,61,0,11.1754
230,57,62,0,11.1754
230,57,63,0,11.1754
230,58,0,0,11.5
230,58,1,0,11.5
230,58,2,0,11.5
230,58,3,0,11.5
230,58,4,0,11.5
230,58,5,0,11.5
230,58,6,0,11.5
230,58,7,0,11.5
230,58,8,0,11.5
230,58,9,0,11.5
230,58,10,0,11.5
230,58,11,0,11.5
230,58,12,0,11.5
230,58,13,0,11.5
230,58,14,0,11.5
230,58,15,0,11.5
230,58,16,0,11.5
230,58,17,0,11.5
230,58,18,0,11.5
230,58,19,0,11.5
230,58,20,0,11.5
230,58,21,0,11.5
230,58,22,0,11.5
230,58,23,0,11.5
230,58,24,0,11.5
230,58,25,0,11.5
230,58,26,0,11.5
230,58,27,0,11.5
230,58,28,0,11.5
230,58,29,0,11.5
230,58,30,0,11.5
230,58,31,0,11.5
230,58,32,0,11.5
230,58,33,0,11.5
230,58,34,0,11.5
230,58,35,0,11.5
230,58,36,667,11.5
230,58,37,0,11.5
230,58,38,0,11.5
230,58,39,0,11.5
230,58,40,0,11.5
230,58,41,0,11.5
230,58,42,0,11.5
230,58,43,0,11.5
230,58,44,0,11.5
230,58,45,0,11.5
230,58,46,0,11.5
230,58,47,0,11.5
230,58,48,0,11.5
230,58,49,0,11.5
230,58,50,0,11.5
230,58,51,0,11.5
230,58,52,0,11.5
230,58,53,0,11.5
230,58,54,0,11.5
230,58,55,0,11.5
230,58,56,0,11.5
230,58,57,0,11.5
230,58,58,0,11.5
230,58,59,0,11.5
230,58,60,0,11.5
230,58,61,0,11.5
230,58,62,0,11.5
230,58,63,0,11.5
230,59,0,0,11.7627
230,59,1,0,11.7627
230,59,2,0,11.7627
230,59,3,0,11.7627
230,59,4,0,11.7627
230,59,5,0,11.7627
230,59,6,0,11.7627
230,59,7,0,11.7627
230,59,8,0,11.7627
230,59,9,0,11.7627
230,59,10,0,11.7627
230,59,11,0,11.7627
230,59,12,0,11.7627
230,59,13,0,11.7627
230,59,14,0,11.7627
230,59,15,0,11.7627
230,59,16,0,11.7627
230,59,17,0,11.7627
230,59,18,0,11.7627
230,59,19,0,11.7627
230,59,20,0,11.7627
230,59,21,0,11.7627
230,59,22,0,11.7627
230,59,23,0,11.7627
230,59,24,0,11.7627
230,59,25,0,11.7627
230,59,26,0,11.7627
230,59,27,0,11.7627
230,59,28,0,11.7627
230,59,29,0,11.7627
230,59,30,0,11.7627
230,59,31,0,11.7627
230,59,32,0,11.7627
230,59,33,0,11.7627
230,59,34,0,11.7627
230,59,35,0,11.7627
230,59,36,694,11.7627
230,59,37,0,11.7627
230,59,38,0,11.7627
230,59,39,0,11.7627
230,59,40,0,11.7627
230,59,41,0,11.7627
230,59,42,0,11.7627
230,59,43,0,11.7627
230,59,44,0,11.7627
230,59,45,0,11.7627
230,59,46,0,11.7627
230,59,47,0,11.7627
230,59,48,0,11.7627
230,59,49,0,11.7627
230,59,50,0,11.7627
230,59,51,0,11.7627
230,59,52,0,11.7627
230,59,53,0,11.7627
230,59,54,0,11.7627
230,59,55,0,11.7627
230,59,56,0,11.7627
230,59,57,0,11.7627
230,59,58,0,11.7627
230,59,59,0,11.7627
230,59,60,0,11.7627
230,59,61,0,11.7627
230,59,62,0,11.7627
230,59,63,0,11.7627
230,60,0,0,11.8167
230,60,1,0,11.8167
230,60,2,0,11.8167
230,60,3,0,11.8167
230,60,4,0,11.8167
230,60,5,0,11.8167
230,60,6,0,11.8167
230,60,7,0,11.8167
230,60,8,0,11.8167
230,60,9,0,11.8167
230,60,10,0,11.8167
230,60,11,0,11.8167
230,60,12,0,11.8167
230,60,13,0,11.8167
230,60,14,0,11.8167
230,60,15,0,11.8167
230,60,16,0,11.8167
230,60,17,0,11.8167
230,60,18,0,11.8167
230,60,19,0,11.8167
230,60,20,0,11.8167
230,60,21,0,11.8167
230,60,22,0,11.8167
230,60,23,0,11.8167
230,60,24,0,11.8167
230,60,25,0,11.8167
230,60,26,0,11.8167
230,60,27,0,11.8167
230,60,28,0,11.8167
230,60,29,0,11.8167
230,60,30,0,11.8167
230,60,31,0,11.8167
230,60,32,0,11.8167
230,60,33,0,11.8167
230,60,34,0,11.8167
230,60,35,0,11.8167
230,60,36,709,11.8167
230,60,37,0,11.8167
230,60,38,0,11.8167
230,60,39,0,11.8167
230,60,40,0,11.8167
230,60,41,0,11.8167
230,60,42,0,11.8167
230,60,43,0,11.8167
230,60,44,0,11.8167
230,60,45,0,11.8167
230,60,46,0,11.8167
230,60,47,0,11.8167
230,60,48,0,11.8167
230,60,49,0,11.8167
230,60,50,0,11.8167
230,60,51,0,11.8167
230,60,52,0,11.8167
230,60,53,0,11.8167
230,60,54,0,11.8167
230,60,55,0,11.8167
230,60,56,0,11.8167
230,60,57,0,11.8167
230,60,58,0,11.8167
230,60,59,0,11.8167
230,60,60,0,11.8167
230,60,61,0,11.8167
230,60,62,0,11.8167
230,60,63,0,11.8167
230,61,0,0,11.7049
230,61,1,0,11.7049
230,61,2,0,11.7049
230,61,3,0,11.7049
230,61,4,0,11.7049
230,61,5,0,11.7049
230,61,6,0,11.7049
230,61,7,0,11.7049
230,61,8,0,11.7049
230,61,9,0,11.7049
230,61,10,0,11.7049
230,61,11,0,11.7049
230,61,12,0,11.7049
230,61,13,0,11.7049
230,61,14,0,11.7049
230,61,15,0,11.7049
230,61,16,0,11.7049
230,61,17,0,11.7049
230,61,18,0,11.7049
230,61,19,0,11.7049
230,61,20,0,11.7049
230,61,21,0,11.7049
230,61,22,0,11.7049
230,61,23,0,11.7049
230,61,24,0,11.7049
230,61,25,0,11.7049
230,61,26,0,11.7049
230,61,27,0,11.7049
230,61,28,0,11.7049
230,61,29,0,11.7049
230,61,30,0,11.7049
230,61,31,0,11.7049
230,61,32,0,11.7049
230,61,33,0,11.7049
230,61,34,0,11.7049
230,61,35,0,11.7049
230,61,36,714,11.7049
230,61,37,0,11.7049
230,61,38,0,11.7049
230,61,39,0,11.7049
230,61,40,0,11.7049
230,61,41,0,11.7049
230,61,42,0,11.7049
230,61,43,0,11.7049
230,61,44,0,11.7049
230,61,45,0,11.7049
230,61,46,0,11.7049
230,61,47,0,11.7049
230,61,48,0,11.7049
230,61,49,0,11.7049
230,61,50,0,11.7049
230,61,51,0,11.7049
230,61,52,0,11.7049
230,61,53,0,11.7049
230,61,54,0,11.7049
230,61,55,0,11.7049
230,61,56,0,11.7049
230,61,57,0,11.7049
230,61,58,0,11.7049
230,61,59,0,11.7049
230,61,60,0,11.7049
230,61,61,0,11.7049
230,61,62,0,11.7049
230,61,63,0,11.7049
230,62,0,0,11.7258
230,62,1,0,11.7258
230,62,2,0,11.7258
230,62,3,0,11.7258
230,62,4,0,11.7258
230,62,5,0,11.7258
230,62,6,0,11.7258
230,62,7,0,11.7258
230,62,8,0,11.7258
230,62,9,0,11.7258
230,62,10,0,11.7258
230,62,11,0,11.7258
230,62,12,0,11.7258
230,62,13,0,11.7258
230,62,14,0,11.7258
230,62,15,0,11.7258
230,62,16,0,11.7258
230,62,17,0,11.7258
230,62,18,0,11.7258
230,62,19,0,11.7258
230,62,20,0,11.7258
230,62,21,0,11.7258
230,62,22,0,11.7258
230,62,23,0,11.7258
230,62,24,0,11.7258
230,62,25,0,11.7258
230,62,26,0,11.7258
230,62,27,0,11.7258
230,62,28,0,11.7258
230,62,29,0,11.7258
230,62,30,0,11.7258
230,62,31,0,11.7258
230,62,32,0,11.7258
230,62,33,0,11.7258
230,62,34,0,11.7258
230,62,35,0,11.7258
230,62,36,727,11.7258
230,62,37,0,11.7258
230,62,38,0,11.7258
230,62,39,0,11.7258
230,62,40,0,11.7258
230,62,41,0,11.7258
230,62,42,0,11.7258
230,62,43,0,11.7258
230,62,44,0,11.7258
230,62,45,0,11.7258
230,62,46,0,11.7258
230,62,47,0,11.7258
230,62,48,0,11.7258
230,62,49,0,11.7258
230,62,50,0,11.7258
230,62,51,0,11.7258
230,62,52,0,11.7258
230,62,53,0,11.7258
230,62,54,0,11.7258
230,62,55,0,11.7258
230,62,56,0,11.7258
230,62,57,0,11.7258
230,62,58,0,11.7258
230,62,59,0,11.7258
230,62,60,0,11.7258
230,62,61,0,11.7258
230,62,62,0,11.7258
230,62,63,0,11.7258
230,63,0,0,11.7619
230,63,1,0,11.7619
230,63,2,0,11.7619
230,63,3,0,11.7619
230,63,4,0,11.7619
230,63,5,0,11.7619
230,63,6,0,11.7619
230,63,7,0,11.7619
230,63,8,0,11.7619
230,63,9,0,11.7619
230,63,10,0,11.7619
230,63,11,0,11.7619
230,63,12,0,11.7619
230,63,13,0,11.7619
230,63,14,0,11.7619
230,63,15,0,11.7619
230,63,16,0,11.7619
230,63,17,0,11.7619
230,63,18,0,11.7619
230,63,19,0,11.7619
230,63,20,0,11.7619
230,63,21,0,11.7619
230,63,22,0,11.7619
230,63,23,0,11.7619
230,63,24,0,11.7619
230,63,25,0,11.7619
230,63,26,0,11.7619
230,63,27,0,11.7619
230,63,28,0,11.7619
230,63,29,0,11.7619
230,63,30,0,11.7619
230,63,31,0,11.7619
230,63,32,0,11.7619
230,63,33,0,11.7619
230,63,34,0,11.7619
230,63,35,0,11.7619
230,63,36,741,11.7619
230,63,37,0,11.7619
230,63,38,0,11.7619
230,63,39,0,11.7619
230,63,40,0,11.7619
230,63,41,0,11.7619
230,63,42,0,11.7619
230,63,43,0,11.7619
230,63,44,0,11.7619
230,63,45,0,11.7619
230,63,46,0,11.7619
230,63,47,0,11.7619
230,63,48,0,11.7619
230,63,49,0,11.7619
230,63,50,0,11.7619
230,63,51,0,11.7619
230,63,52,0,11.7619
230,63,53,0,11.7619
230,63,54,0,11.7619
230,63,55,0,11.7619
230,63,56,0,11.7619
230,63,57,0,11.7619
230,63,58,0,11.7619
230,63,59,0,11.7619
230,63,60,0,11.7619
230,63,61,0,11.7619
230,63,62,0,11.7619
230,63,63,0,11.7619
230,64,0,0,11.625
230,64,1,0,11.625
230,64,2,0,11.625
230,64,3,0,11.625
230,64,4,0,11.625
230,64,5,0,11.625
230,64,6,0,11.625
230,64,7,0,11.625
230,64,8,0,11.625
230,64,9,0,11.625
230,64,10,0,11.625
230,64,11,0,11.625
230,64,12,0,11.625
230,64,13,0,11.625
230,64,14,0,11.625
230,64,15,0,11.625
230,64,16,0,11.625
230,64,17,0,11.625
230,64,18,0,11.625
230,64,19,0,11.625
230,64,20,0,11.625
230,64,21,0,11.625
230,64,22,0,11.625
230,64,23,0,11.625
230,64,24,0,11.625
230,64,25,0,11.625
230,64,26,0,11.625
230,64,27,0,11.625
230,64,28,0,11.625
230,64,29,0,11.625
230,64,30,0,11.625
230,64,31,0,11.625
230,64,32,0,11.625
230,64,33,0,11.625
230,64,34,0,11.625
230,64,35,0,11.625
230,64,36,744,11.625
230,64,37,0,11.625
230,64,38,0,11.625
230,64,39,0,11.625
230,64,40,0,11.625
230,64,41,0,11.625
230,64,42,0,11.625
230,64,43,0,11.625
230,64,44,0,11.625
230,64,45,0,11.625
230,64,46,0,11.625
230,64,47,0,11.625
230,64,48,0,11.625
230,64,49,0,11.625
230,64,50,0,11.625
230,64,51,0,11.625
230,64,52,0,11.625
230,64,53,0,11.625
230,64,54,0,11.625
230,64,55,0,11.625
230,64,56,0,11.625
230,64,57,0,11.625
230,64,58,0,11.625
230,64,59,0,11.625
230,64,60,0,11.625
230,64,61,0,11.625
230,64,62,0,11.625
230,64,63,0,11.625
230,65,0,0,11.5077
230,65,1,0,11.5077
230,65,2,0,11.5077
230,65,3,0,11.5077
230,65,4,0,11.5077
230,65,5,0,11.5077
230,65,6,0,11.5077
230,65,7,0,11.5077
230,65,8,0,11.5077
230,65,9,0,11.5077
230,65,10,0,11.5077
230,65,11,0,11.5077
230,65,12,0,11.5077
230,65,13,0,11.5077
230,65,14,0,11.5077
230,65,15,0,11.5077
230,65,16,0,11.5077
230,65,17,0,11.5077
230,65,18,0,11.5077
230,65,19,0,11.5077
230,65,20,0,11.5077
230,65,21,0,11.5077
230,65,22,0,11.5077
230,65,23,0,11.5077
230,65,24,0,11.5077
230,65,25,0,11.5077
230,65,26,0,11.5077
230,65,27,0,11.5077
230,65,28,0,11.5077
230,65,29,0,11.5077
230,65,30,0,11.5077
230,65,31,0,11.5077
230,65,32,0,11.5077
230,65,33,0,11.5077
230,65,34,0,11.5077
230,65,35,0,11.5077
230,65,36,748,11.5077
230,65,37,0,11.5077
230,65,38,0,11.5077
230,65,39,0,11.5077
230,65,40,0,11.5077
230,65,41,0,11.5077
230,65,42,0,11.5077
230,65,43,0,11.5077
230,65,44,0,11.5077
230,65,45,0,11.5077
230,65,46,0,11.5077
230,65,47,0,11.5077
230,65,48,0,11.5077
230,65,49,0,11.5077
230,65,50,0,11.5077
230,65,51,0,11.5077
230,65,52,0,11.5077
230,65,53,0,11.5077
230,65,54,0,11.5077
230,65,55,0,11.5077
230,65,56,0,11.5077
230,65,57,0,11.5077
230,65,58,0,11.5077
230,65,59,0,11.5077
230,65,60,0,11.5077
230,65,61,0,11.5077
230,65,62,0,11.5077
230,65,63,0,11.5077
230,66,0,0,11.3485
230,66,1,0,11.3485
230,66,2,0,11.3485
230,66,3,0,11.3485
230,66,4,0,11.3485
230,66,5,0,11.3485
230,66,6,0,11.3485
230,66,7,0,11.3485
230,66,8,0,11.3485
230,66,9,0,11.3485
230,66,10,0,11.3485
230,66,11,0,11.3485
230,66,12,0,11.3485
230,66,13,0,11.3485
230,66,14,0,11.3485
230,66,15,0,11.3485
230,66,16,0,11.3485
230,66,17,0,11.3485
230,66,18,0,11.3485
230,66,19,0,11.3485
230,66,20,0,11.3485
230,66,21,0,11.3485
230,66,22,0,11.3485
230,66,23,0,11.3485
230,66,24,0,11.3485
230,66,25,0,11.3485
230,66,26,0,11.3485
230,66,27,0,11.3485
230,66,28,0,11.3485
230,66,29,0,11.3485
230,66,30,0,11.3485
230,66,31,0,11.3485
230,66,32,0,11.3485
230,66,33,0,11.3485
230,66,34,0,11.3485
230,66,35,0,11.3485
230,66,36,749,11.3485
230,66,37,0,11.3485
230,66,38,0,11.3485
230,66,39,0,11.3485
230,66,40,0,11.3485
230,66,41,0,11.3485
230,66,42,0,11.3485
230,66,43,0,11.3485
230,66,44,0,11.3485
230,66,45,0,11.3485
230,66,46,0,11.3485
230,66,47,0,11.3485
230,66,48,0,11.3485
230,66,49,0,11.3485
230,66,50,0,11.3485
230,66,51,0,11.3485
230,66,52,0,11.3485
230,66,53,0,11.3485
230,66,54,0,11.3485
230,66,55,0,11.3485
230,66,56,0,11.3485
230,66,57,0,11.3485
230,66,58,0,11.3485
230,66,59,0,11.3485
230,66,60,0,11.3485
230,66,61,0,11.3485
230,66,62,0,11.3485
230,66,63,0,11.3485
230,67,0,0,11.2239
230,67,1,0,11.2239
230,67,2,0,11.2239
230,67,3,0,11.2239
230,67,4,0,11.2239
230,67,5,0,11.2239
230,67,6,0,11.2239
230,67,7,0,11.2239
230,67,8,0,11.2239
230,67,9,0,11.2239
230,67,10,0,11.2239
230,67,11,0,11.2239
230,67,12,0,11.2239
230,67,13,0,11.2239
230,67,14,0,11.2239
230,67,15,0,11.2239
230,67,16,0,11.2239
230,67,17,0,11.2239
230,67,18,0,11.2239
230,67,19,0,11.2239
230,67,20,0,11.2239
230,67,21,0,11.2239
230,67,22,0,11.2239
230,67,23,0,11.2239
230,67,24,0,11.2239
230,67,25,0,11.2239
230,67,26,0,11.2239
230,67,27,0,11.2239
230,67,28,0,11.2239
230,67,29,0,11.2239
230,67,30,0,11.2239
230,67,31,0,11.2239
230,67,32,0,11.2239
230,67,33,0,11.2239
230,67,34,0,11.2239
230,67,35,0,11.2239
230,67,36,752,11.2239
230,67,37,0,11.2239
230,67,38,0,11.2239
230,67,39,0,11.2239
230,67,40,0,11.2239
230,67,41,0,11.2239
230,67,42,0,11.2239
230,67,43,0,11.2239
230,67,44,0,11.2239
230,67,45,0,11.2239
230,67,46,0,11.2239
230,67,47,0,11.2239
230,67,48,0,11.2239
230,67,49,0,11.2239
230,67,50,0,11.2239
230,67,51,0,11.2239
230,67,52,0,11.2239
230,67,53,0,11.2239
230,67,54,0,11.2239
230,67,55,0,11.2239
230,67,56,0,11.2239
230,67,57,0,11.2239
230,67,58,0,11.2239
230,67,59,0,11.2239
230,67,60,0,11.2239
230,67,61,0,11.2239
230,67,62,0,11.2239
230,67,63,0,11.2239
230,68,0,0,11.1176
230,68,1,0,11.1176
230,68,2,0,11.1176
230,68,3,0,11.1176
230,68,4,0,11.1176
230,68,5,0,11.1176
230,68,6,0,11.1176
230,68,7,0,11.1176
230,68,8,0,11.1176
230,68,9,0,11.1176
230,68,10,0,11.1176
230,68,11,0,11.1176
230,68,12,0,11.1176
230,68,13,0,11.1176
230,68,14,0,11.1176
230,68,15,0,11.1176
230,68,16,0,11.1176
230,68,17,0,11.1176
230,68,18,0,11.1176
230,68,19,0,11.1176
230,68,20,0,11.1176
230,68,21,0,11.1176
230,68,22,0,11.1176
230,68,23,0,11.1176
230,68,24,0,11.1176
230,68,25,0,11.1176
230,68,26,0,11.1176
230,68,27,0,11.1176
230,68,28,0,11.1176
230,68,29,0,11.1176
230,68,30,0,11.1176
230,68,31,0,11.1176
230,68,32,0,11.1176
230,68,33,0,11.1176
230,68,34,0,11.1176
230,68,35,0,11.1176
230,68,36,756,11.1176
230,68,37,0,11.1176
230,68,38,0,11.1176
230,68,39,0,11.1176
230,68,40,0,11.1176
230,68,41,0,11.1176
230,68,42,0,11.1176
230,68,43,0,11.1176
230,68,44,0,11.1176
230,68,45,0,11.1176
230,68,46,0,11.1176
230,68,47,0,11.1176
230,68,48,0,11.1176
230,68,49,0,11.1176
230,68,50,0,11.1176
230,68,51,0,11.1176
230,68,52,0,11.1176
230,68,53,0,11.1176
230,68,54,0,11.1176
230,68,55,0,11.1176
230,68,56,0,11.1176
230,68,57,0,11.1176
230,68,58,0,11.1176
230,68,59,0,11.1176
230,68,60,0,11.1176
230,68,61,0,11.1176
230,68,62,0,11.1176
230,68,63,0,11.1176
230,69,0,0,11.029
230,69,1,0,11.029
230,69,2,0,11.029
230,69,3,0,11.029
230,69,4,0,11.029
230,69,5,0,11.029
230,69,6,0,11.029
230,69,7,0,11.029
230,69,8,0,11.029
230,69,9,0,11.029
230,69,10,0,11.029
230,69,11,0,11.029
230,69,12,0,11.029
230,69,13,0,11.029
230,69,14,0,11.029
230,69,15,0,11.029
230,69,16,0,11.029
230,69,17,0,11.029
230,69,18,0,11.029
230,69,19,0,11.029
230,69,20,0,11.029
230,69,21,0,11.029
230,69,22,0,11.029
230,69,23,0,11.029
230,69,24,0,11.029
230,69,25,0,11.029
230,69,26,0,11.029
230,69,27,0,11.029
230,69,28,0,11.029
230,69,29,0,11.029
230,69,30,0,11.029
230,69,31,0,11.029
230,69,32,0,11.029
230,69,33,0,11.029
230,69,34,0,11.029
230,69,35,0,11.029
230,69,36,761,11.029
230,69,37,0,11.029
230,69,38,0,11.029
230,69,39,0,11.029
230,69,40,0,11.029
230,69,41,0,11.029
230,69,42,0,11.029
230,69,43,0,11.029
230,69,44,0,11.029
230,69,45,0,11.029
230,69,46,0,11.029
230,69,47,0,11.029
230,69,48,0,11.029
230,69,49,0,11.029
230,69,50,0,11.029
230,69,51,0,11.029
230,69,52,0,11.029
230,69,53,0,11.029
230,69,54,0,11.029
230,69,55,0,11.029
230,69,56,0,11.029
230,69,57,0,11.029
230,69,58,0,11.029
230,69,59,0,11.029
230,69,60,0,11.029
230,69,61,0,11.029
230,69,62,0,11.029
230,69,63,0,11.029
230,70,0,0,11.0143
230,70,1,0,11.0143
230,70,2,0,11.0143
230,70,3,0,11.0143
230,70,4,0,11.0143
230,70,5,0,11.0143
230,70,6,0,11.0143
230,70,7,0,11.0143
230,70,8,0,11.0143
230,70,9,0,11.0143
230,70,10,0,11.0143
230,70,11,0,11.0143
230,70,12,0,11.0143
230,70,13,0,11.0143
230,70,14,0,11.0143
230,70,15,0,11.0143
230,70,16,0,11.0143
230,70,17,0,11.0143
230,70,18,0,11.0143
230,70,19,0,11.0143
230,70,20,0,11.0143
230,70,21,0,11.0143
230,70,22,0,11.0143
230,70,23,0,11.0143
230,70,24,0,11.0143
230,70,25,0,11.0143
230,70,26,0,11.0143
230,70,27,0,11.0143
230,70,28,0,11.0143
230,70,29,0,11.0143
230,70,30,0,11.0143
230,70,31,0,11.0143
230,70,32,0,11.0143
230,70,33,0,11.0143
230,70,34,0,11.0143
230,70,35,0,11.0143
230,70,36,771,11.0143
230,70,37,0,11.0143
230,70,38,0,11.0143
230,70,39,0,11.0143
230,70,40,0,11.0143
230,70,41,0,11.0143
230,70,42,0,11.0143
230,70,43,0,11.0143
230,70,44,0,11.0143
230,70,45,0,11.0143
230,70,46,0,11.0143
230,70,47,0,11.0143
230,70,48,0,11.0143
230,70,49,0,11.0143
230,70,50,0,11.0143
230,70,51,0,11.0143
230,70,52,0,11.0143
230,70,53,0,11.0143
230,70,54,0,11.0143
230,70,55,0,11.0143
230,70,56,0,11.0143
230,70,57,0,11.0143
230,70,58,0,11.0143
230,70,59,0,11.0143
230,70,60,0,11.0143
230,70,61,0,11.0143
230,70,62,0,11.0143
230,70,63,0,11.0143
230,71,0,0,10.9718
230,71,1,0,10.9718
230,71,2,0,10.9718
230,71,3,0,10.9718
230,71,4,0,10.9718
230,71,5,0,10.9718
230,71,6,0,10.9718
230,71,7,0,10.9718
230,71,8,0,10.9718
230,71,9,0,10.9718
230,71,10,0,10.9718
230,71,11,0,10.9718
230,71,12,0,10.9718
230,71,13,0,10.9718
230,71,14,0,10.9718
230,71,15,0,10.9718
230,71,16,0,10.9718
230,71,17,0,10.9718
230,71,18,0,10.9718
230,71,19,0,10.9718
230,71,20,0,10.9718
230,71,21,0,10.9718
230,71,22,0,10.9718
230,71,23,0,10.9718
230,71,24,0,10.9718
230,71,25,0,10.9718
230,71,26,0,10.9718
230,71,27,0,10.9718
230,71,28,0,10.9718
230,71,29,0,10.9718
230,71,30,0,10.9718
230,71,31,0,10.9718
230,71,32,0,10.9718
230,71,33,0,10.9718
230,71,34,0,10.9718
230,71,35,0,10.9718
230,71,36,779,10.9718
230,71,37,0,10.9718
230,71,38,0,10.9718
230,71,39,0,10.9718
230,71,40,0,10.9718
230,71,41,0,10.9718
230,71,42,0,10.9718
230,71,43,0,10.9718
230,71,44,0,10.9718
230,71,45,0,10.9718
230,71,46,0,10.9718
230,71,47,0,10.9718
230,71,48,0,10.9718
230,71,49,0,10.9718
230,71,50,0,10.9718
230,71,51,0,10.9718
230,71,52,0,10.9718
230,71,53,0,10.9718
230,71,54,0,10.9718
230,71,55,0,10.9718
230,71,56,0,10.9718
230,71,57,0,10.9718
230,71,58,0,10.9718
230,71,59,0,10.9718
230,71,60,0,10.9718
230,71,61,0,10.9718
230,71,62,0,10.9718
230,71,63,0,10.9718
230,72,0,0,10.9583
230,72,1,0,10.9583
230,72,2,0,10.9583
230,72,3,0,10.9583
230,72,4,0,10.9583
230,72,5,0,10.9583
230,72,6,0,10.9583
230,72,7,0,10.9583
230,72,8,0,10.9583
230,72,9,0,10.9583
230,72,10,0,10.9583
230,72,11,0,10.9583
230,72,12,0,10.9583
230,72,13,0,10.9583
230,72,14,0,10.9583
230,72,15,0,10.9583
230,72,16,0,10.9583
230,72,17,0,10.9583
230,72,18,0,10.9583
230,72,19,0,10.9583
230,72,20,0,10.9583
230,72,21,0,10.9583
230,72,22,0,10.9583
230,72,23,0,10.9583
230,72,24,0,10.9583
230,72,25,0,10.9583
230,72,26,0,10.9583
230,72,27,0,10.9583
230,72,28,0,10.9583
230,72,29,0,10.9583
230,72,30,0,10.9583
230,72,31,0,10.9583
230,72,32,0,10.9583
230,72,33,0,10.9583
230,72,34,0,10.9583
230,72,35,0,10.9583
230,72,36,789,10.9583
230,72,37,0,10.9583
230,72,38,0,10.9583
230,72,39,0,10.9583
230,72,40,0,10.9583
230,72,41,0,10.9583
230,72,42,0,10.9583
230,72,43,0,10.9583
230,72,44,0,10.9583
230,72,45,0,10.9583
230,72,46,0,10.9583
230,72,47,0,10.9583
230,72,48,0,10.9583
230,72,49,0,10.9583
230,72,50,0,10.9583
230,72,51,0,10.9583
230,72,52,0,10.9583
230,72,53,0,10.9583
230,72,54,0,10.9583
230,72,55,0,10.9583
230,72,56,0,10.9583
230,72,57,0,10.9583
230,72,58,0,10.9583
230,72,59,0,10.9583
230,72,60,0,10.9583
230,72,61,0,10.9583
230,72,62,0,10.9583
230,72,63,0,10.9583
230,73,0,0,10.9589
230,73,1,0,10.9589
230,73,2,0,10.9589
230,73,3,0,10.9589
230,73,4,0,10.9589
230,73,5,0,10.9589
230,73,6,0,10.9589
230,73,7,0,10.9589
230,73,8,0,10.9589
230,73,9,0,10.9589
230,73,10,0,10.9589
230,73,11,0,10.9589
230,73,12,0,10.9589
230,73,13,0,10.9589
230,73,14,0,10.9589
230,73,15,0,10.9589
230,73,16,0,10.9589
230,73,17,0,10.9589
230,73,18,0,10.9589
230,73,19,0,10.9589
230,73,20,0,10.9589
230,73,21,0,10.9589
230,73,22,0,10.9589
230,73,23,0,10.9589
230,73,24,0,10.9589
230,73,25,0,10.9589
230,73,26,0,10.9589
230,73,27,0,10.9589
230,73,28,0,10.9589
230,73,29,0,10.9589
230,73,30,0,10.9589
230,73,31,0,10.9589
230,73,32,0,10.9589
230,73,33,0,10.9589
230,73,34,0,10.9589
230,73,35,0,10.9589
230,73,36,800,10.9589
230,73,37,0,10.9589
230,73,38,0,10.9589
230,73,39,0,10.9589
230,73,40,0,10.9589
230,73,41,0,10.9589
230,73,42,0,10.9589
230,73,43,0,10.9589
230,73,44,0,10.9589
230,73,45,0,10.9589
230,73,46,0,10.9589
230,73,47,0,10.9589
230,73,48,0,10.9589
230,73,49,0,10.9589
230,73,50,0,10.9589
230,73,51,0,10.9589
230,73,52,0,10.9589
230,73,53,0,10.9589
230,73,54,0,10.9589
230,73,55,0,10.9589
230,73,56,0,10.9589
230,73,57,0,10.9589
230,73,58,0,10.9589
230,73,59,0,10.9589
230,73,60,0,10.9589
230,73,61,0,10.9589
230,73,62,0,10.9589
230,73,63,0,10.9589
230,74,0,0,10.8378
230,74,1,0,10.8378
230,74,2,0,10.8378
230,74,3,0,10.8378
230,74,4,0,10.8378
230,74,5,0,10.8378
230,74,6,0,10.8378
230,74,7,0,10.8378
230,74,8,0,10.8378
230,74,9,0,10.8378
230,74,10,0,10.8378
230,74,11,0,10.8378
230,74,12,0,10.8378
230,74,13,0,10.8378
230,74,14,0,10.8378
230,74,15,0,10.8378
230,74,16,0,10.8378
230,74,17,0,10.8378
230,74,18,0,10.8378
230,74,19,0,10.8378
230,74,20,0,10.8378
230,74,21,0,10.8378
230,74,22,0,10.8378
230,74,23,0,10.8378
230,74,24,0,10.8378
230,74,25,0,10.8378
230,74,26,0,10.8378
230,74,27,0,10.8378
230,74,28,0,10.8378
230,74,29,0,10.8378
230,74,30,0,10.8378
230,74,31,0,10.8378
230,74,32,0,10.8378
230,74,33,0,10.8378
230,74,34,0,10.8378
230,74,35,0,10.8378
230,74,36,802,10.8378
230,74,37,0,10.8378
230,74,38,0,10.8378
230,74,39,0,10.8378
230,74,40,0,10.8378
230,74,41,0,10.8378
230,74,42,0,10.8378
230,74,43,0,10.8378
230,74,44,0,10.8378
230,74,45,0,10.8378
230,74,46,0,10.8378
230,74,47,0,10.8378
230,74,48,0,10.8378
230,74,49,0,10.8378
230,74,50,0,10.8378
230,74,51,0,10.8378
230,74,52,0,10.8378
230,74,53,0,10.8378
230,74,54,0,10.8378
230,74,55,0,10.8378
230,74,56,0,10.8378
230,74,57,0,10.8378
230,74,58,0,10.8378
230,74,59,0,10.8378
230,74,60,0,10.8378
230,74,61,0,10.8378
230,74,62,0,10.8378
230,74,63,0,10.8378
230,75,0,0,10.9067
230,75,1,0,10.9067
230,75,2,0,10.9067
230,75,3,0,10.9067
230,75,4,0,10.9067
230,75,5,0,10.9067
230,75,6,0,10.9067
230,75,7,0,10.9067
230,75,8,0,10.9067
230,75,9,0,10.9067
230,75,10,0,10.9067
230,75,11,0,10.9067
230,75,12,0,10.9067
230,75,13,0,10.9067
230,75,14,0,10.9067
230,75,15,0,10.9067
230,75,16,0,10.9067
230,75,17,0,10.9067
230,75,18,0,10.9067
230,75,19,0,10.9067
230,75,20,0,10.9067
230,75,21,0,10.9067
230,75,22,0,10.9067
230,75,23,0,10.9067
230,75,24,0,10.9067
230,75,25,0,10.9067
230,75,26,0,10.9067
230,75,27,0,10.9067
230,75,28,0,10.9067
230,75,29,0,10.9067
230,75,30,0,10.9067
230,75,31,0,10.9067
230,75,32,0,10.9067
230,75,33,0,10.9067
230,75,34,0,10.9067
230,75,35,0,10.9067
230,75,36,818,10.9067
230,75,37,0,10.9067
230,75,38,0,10.9067
230,75,39,0,10.9067
230,75,40,0,10.9067
230,75,41,0,10.9067
230,75,42,0,10.9067
230,75,43,0,10.9067
230,75,44,0,10.9067
230,75,45,0,10.9067
230,75,46,0,10.9067
230,75,47,0,10.9067
230,75,48,0,10.9067
230,75,49,0,10.9067
230,75,50,0,10.9067
230,75,51,0,10.9067
230,75,52,0,10.9067
230,75,53,0,10.9067
230,75,54,0,10.9067
230,75,55,0,10.9067
230,75,56,0,10.9067
230,75,57,0,10.9067
230,75,58,0,10.9067
230,75,59,0,10.9067
230,75,60,0,10.9067
230,75,61,0,10.9067
230,75,62,0,10.9067
230,75,63,0,10.9067
230,76,0,0,11.0132
230,76,1,0,11.0132
230,76,2,0,11.0132
230,76,3,0,11.0132
230,76,4,0,11.0132
230,76,5,0,11.0132
230,76,6,0,11.0132
230,76,7,0,11.0132
230,76,8,0,11.0132
230,76,9,0,11.0132
230,76,10,0,11.0132
230,76,11,0,11.0132
230,76,12,0,11.0132
230,76,13,0,11.0132
230,76,14,0,11.0132
230,76,15,0,11.0132
230,76,16,0,11.0132
230,76,17,0,11.0132
230,76,18,0,11.0132
230,76,19,0,11.0132
230,76,20,0,11.0132
230,76,21,0,11.0132
230,76,22,0,11.0132
230,76,23,0,11.0132
230,76,24,0,11.0132
230,76,25,0,11.0132
230,76,26,0,11.0132
230,76,27,0,11.0132
230,76,28,0,11.0132
230,76,29,0,11.0132
230,76,30,0,11.0132
230,76,31,0,11.0132
230,76,32,0,11.0132
230,76,33,0,11.0132
230,76,34,0,11.0132
230,76,35,0,11.0132
230,76,36,837,11.0132
230,76,37,0,11.0132
230,76,38,0,11.0132
230,76,39,0,11.0132
230,76,40,0,11.0132
230,76,41,0,11.0132
230,76,42,0,11.0132
230,76,43,0,11.0132
230,76,44,0,11.0132
230,76,45,0,11.0132
230,76,46,0,11.0132
230,76,47,0,11.0132
230,76,48,0,11.0132
230,76,49,0,11.0132
230,76,50,0,11.0132
230,76,51,0,11.0132
230,76,52,0,11.0132
230,76,53,0,11.0132
230,76,54,0,11.0132
230,76,55,0,11.0132
230,76,56,0,11.0132
230,76,57,0,11.0132
230,76,58,0,11.0132
230,76,59,0,11.0132
230,76,60,0,11.0132
230,76,61,0,11.0132
230,76,62,0,11.0132
230,76,63,0,11.0132
230,77,0,0,11.013
230,77,1,0,11.013
230,77,2,0,11.013
230,77,3,0,11.013
230,77,4,0,11.013
230,77,5,0,11.013
230,77,6,0,11.013
230,77,7,0,11.013
230,77,8,0,11.013
230,77,9,0,11.013
230,77,10,0,11.013
230,77,11,0,11.013
230,77,12,0,11.013
230,77,13,0,11.013
230,77,14,0,11.013
230,77,15,0,11.013
230,77,16,0,11.013
230,77,17,0,11.013
230,77,18,0,11.013
230,77,19,0,11.013
230,77,20,0,11.013
230,77,21,0,11.013
230,77,22,0,11.013
230,77,23,0,11.013
230,77,24,0,11.013
230,77,25,0,11.013
230,77,26,0,11.013
230,77,27,0,11.013
230,77,28,0,11.013
230,77,29,0,11.013
230,77,30,0,11.013
230,77,31,0,11.013
230,77,32,0,11.013
230,77,33,0,11.013
230,77,34,0,11.013
230,77,35,0,11.013
230,77,36,848,11.013
230,77,37,0,11.013
230,77,38,0,11.013
230,77,39,0,11.013
230,77,40,0,11.013
230,77,41,0,11.013
230,77,42,0,11.013
230,77,43,0,11.013
230,77,44,0,11.013
230,77,45,0,11.013
230,77,46,0,11.013
230,77,47,0,11.013
230,77,48,0,11.013
230,77,49,0,11.013
230,77,50,0,11.013
230,77,51,0,11.013
230,77,52,0,11.013
230,77,53,0,11.013
230,77,54,0,11.013
230,77,55,0,11.013
230,77,56,0,11.013
230,77,57,0,11.013
230,77,58,0,11.013
230,77,59,0,11.013
230,77,60,0,11.013
230,77,61,0,11.013
230,77,62,0,11.013
230,77,63,0,11.013
230,78,0,0,10.9744
230,78,1,0,10.9744
230,78,2,0,10.9744
230,78,3,0,10.9744
230,78,4,0,10.9744
230,78,5,0,10.9744
230,78,6,0,10.9744
230,78,7,0,10.9744
230,78,8,0,10.9744
230,78,9,0,10.9744
230,78,10,0,10.9744
230,78,11,0,10.9744
230,78,12,0,10.9744
230,78,13,0,10.9744
230,78,14,0,10.9744
230,78,15,0,10.9744
230,78,16,0,10.9744
230,78,17,0,10.9744
230,78,18,0,10.9744
230,78,19,0,10.9744
230,78,20,0,10.9744
230,78,21,0,10.9744
230,78,22,0,10.9744
230,78,23,0,10.9744
230,78,24,0,10.9744
230,78,25,0,10.9744
230,78,26,0,10.9744
230,78,27,0,10.9744
230,78,28,0,10.9744
230,78,29,0,10.9744
230,78,30,0,10.9744
230,78,31,0,10.9744
230,78,32,0,10.9744
230,78,33,0,10.9744
230,78,34,0,10.9744
230,78,35,0,10.9744
230,78,36,856,10.9744
230,78,37,0,10.9744
230,78,38,0,10.9744
230,78,39,0,10.9744
230,78,40,0,10.9744
230,78,41,0,10.9744
230,78,42,0,10.9744
230,78,43,0,10.9744
230,78,44,0,10.9744
230,78,45,0,10.9744
230,78,46,0,10.9744
230,78,47,0,10.9744
230,78,48,0,10.9744
230,78,49,0,10.9744
230,78,50,0,10.9744
230,78,51,0,10.9744
230,78,52,0,10.9744
230,78,53,0,10.9744
230,78,54,0,10.9744
230,78,55,0,10.9744
230,78,56,0,10.9744
230,78,57,0,10.9744
230,78,58,0,10.9744
230,78,59,0,10.9744
230,78,60,0,10.9744
230,78,61,0,10.9744
230,78,62,0,10.9744
230,78,63,0,10.9744
230,79,0,0,11.0886
230,79,1,0,11.0886
230,79,2,0,11.0886
230,79,3,0,11.0886
230,79,4,0,11.0886
230,79,5,0,11.0886
230,79,6,0,11.0886
230,79,7,0,11.0886
230,79,8,0,11.0886
230,79,9,0,11.0886
230,79,10,0,11.0886
230,79,11,0,11.0886
230,79,12,0,11.0886
230,79,13,0,11.0886
230,79,14,0,11.0886
230,79,15,0,11.0886
230,79,16,0,11.0886
230,79,17,0,11.0886
230,79,18,0,11.0886
230,79,19,0,11.0886
230,79,20,0,11.0886
230,79,21,0,11.0886
230,79,22,0,11.0886
230,79,23,0,11.0886
230,79,24,0,11.0886
230,79,25,0,11.0886
230,79,26,0,11.0886
230,79,27,0,11.0886
230,79,28,0,11.0886
230,79,29,0,11.0886
230,79,30,0,11.0886
230,79,31,0,11.0886
230,79,32,0,11.0886
230,79,33,0,11.0886
230,79,34,0,11.0886
230,79,35,0,11.0886
230,79,36,876,11.0886
230,79,37,0,11.0886
230,79,38,0,11.0886
230,79,39,0,11.0886
230,79,40,0,11.0886
230,79,41,0,11.0886
230,79,42,0,11.0886
230,79,43,0,11.0886
230,79,44,0,11.0886
230,79,45,0,11.0886
230,79,46,0,11.0886
230,79,47,0,11.0886
230,79,48,0,11.0886
230,79,49,0,11.0886
230,79,50,0,11.0886
230,79,51,0,11.0886
230,79,52,0,11.0886
230,79,53,0,11.0886
230,79,54,0,11.0886
230,79,55,0,11.0886
230,79,56,0,11.0886
230,79,57,0,11.0886
230,79,58,0,11.0886
230,79,59,0,11.0886
230,79,60,0,11.0886
230,79,61,0,11.0886
230,79,62,0,11.0886
230,79,63,0,11.0886
230,80,0,0,11.3125
230,80,1,0,11.3125
230,80,2,0,11.3125
230,80,3,0,11.3125
230,80,4,0,11.3125
230,80,5,0,11.3125
230,80,6,0,11.3125
230,80,7,0,11.3125
230,80,8,0,11.3125
230,80,9,0,11.3125
230,80,10,0,11.3125
230,80,11,0,11.3125
230,80,12,0,11.3125
230,80,13,0,11.3125
230,80,14,0,11.3125
230,80,15,0,11.3125
230,80,16,0,11.3125
230,80,17,0,11.3125
230,80,18,0,11.3125
230,80,19,0,11.3125
230,80,20,0,11.3125
230,80,21,0,11.3125
230,80,22,0,11.3125
230,80,23,0,11.3125
230,80,24,0,11.3125
230,80,25,0,11.3125
230,80,26,0,11.3125
230,80,27,0,11.3125
230,80,28,0,11.3125
230,80,29,0,11.3125
230,80,30,0,11.3125
230,80,31,0,11.3125
230,80,32,0,11.3125
230,80,33,0,11.3125
230,80,34,0,11.3125
230,80,35,0,11.3125
230,80,36,905,11.3125
230,80,37,0,11.3125
230,80,38,0,11.3125
230,80,39,0,11.3125
230,80,40,0,11.3125
230,80,41,0,11.3125
230,80,42,0,11.3125
230,80,43,0,11.3125
230,80,44,0,11.3125
230,80,45,0,11.3125
230,80,46,0,11.3125
230,80,47,0,11.3125
230,80,48,0,11.3125
230,80,49,0,11.3125
230,80,50,0,11.3125
230,80,51,0,11.3125
230,80,52,0,11.3125
230,80,53,0,11.3125
230,80,54,0,11.3125
230,80,55,0,11.3125
230,80,56,0,11.3125
230,80,57,0,11.3125
230,80,58,0,11.3125
230,80,59,0,11.3125
230,80,60,0,11.3125
230,80,61,0,11.3125
230,80,62,0,11.3125
230,80,63,0,11.3125
230,81,0,0,11.2222
230,81,1,0,11.2222
230,81,2,0,11.2222
230,81,3,0,11.2222
230,81,4,0,11.2222
230,81,5,0,11.2222
230,81,6,0,11.2222
230,81,7,0,11.2222
230,81,8,0,11.2222
230,81,9,0,11.2222
230,81,10,0,11.2222
230,81,11,0,11.2222
230,81,12,0,11.2222
230,81,13,0,11.2222
230,81,14,0,11.2222
230,81,15,0,11.2222
230,81,16,0,11.2222
230,81,17,0,11.2222
230,81,18,0,11.2222
230,81,19,0,11.2222
230,81,20,0,11.2222
230,81,21,0,11.2222
230,81,22,0,11.2222
230,81,23,0,11.2222
230,81,24,0,11.2222
230,81,25,0,11.2222
230,81,26,0,11.2222
230,81,27,0,11.2222
230,81,28,0,11.2222
230,81,29,0,11.2222
230,81,30,0,11.2222
230,81,31,0,11.2222
230,81,32,0,11.2222
230,81,33,0,11.2222
230,81,34,0,11.2222
230,81,35,0,11.2222
230,81,36,909,11.2222
230,81,37,0,11.2222
230,81,38,0,11.2222
230,81,39,0,11.2222
230,81,40,0,11.2222
230,81,41,0,11.2222
230,81,42,0,11.2222
230,81,43,0,11.2222
230,81,44,0,11.2222
230,81,45,0,11.2222
230,81,46,0,11.2222
230,81,47,0,11.2222
230,81,48,0,11.2222
230,81,49,0,11.2222
230,81,50,0,11.2222
230,81,51,0,11.2222
230,81,52,0,11.2222
230,81,53,0,11.2222
230,81,54,0,11.2222
230,81,55,0,11.2222
230,81,56,0,11.2222
230,81,57,0,11.2222
230,81,58,0,11.2222
230,81,59,0,11.2222
230,81,60,0,11.2222
230,81,61,0,11.2222
230,81,62,0,11.2222
230,81,63,0,11.2222
230,82,0,0,11.1829
230,82,1,0,11.1829
230,82,2,0,11.1829
230,82,3,0,11.1829
230,82,4,0,11.1829
230,82,5,0,11.1829
230,82,6,0,11.1829
230,82,7,0,11.1829
230,82,8,0,11.1829
230,82,9,0,11.1829
230,82,10,0,11.1829
230,82,11,0,11.1829
230,82,12,0,11.1829
230,82,13,0,11.1829
230,82,14,0,11.1829
230,82,15,0,11.1829
230,82,16,0,11.1829
230,82,17,0,11.1829
230,82,18,0,11.1829
230,82,19,0,11.1829
230,82,20,0,11.1829
230,82,21,0,11.1829
230,82,22,0,11.1829
230,82,23,0,11.1829
230,82,24,0,11.1829
230,82,25,0,11.1829
230,82,26,0,11.1829
230,82,27,0,11.1829
230,82,28,0,11.1829
230,82,29,0,11.1829
230,82,30,0,11.1829
230,82,31,0,11.1829
230,82,32,0,11.1829
230,82,33,0,11.1829
230,82,34,0,11.1829
230,82,35,0,11.1829
230,82,36,917,11.1829
230,82,37,0,11.1829
230,82,38,0,11.1829
230,82,39,0,11.1829
230,82,40,0,11.1829
230,82,41,0,11.1829
230,82,42,0,11.1829
230,82,43,0,11.1829
230,82,44,0,11.1829
230,82,45,0,11.1829
230,82,46,0,11.1829
230,82,47,0,11.1829
230,82,48,0,11.1829
230,82,49,0,11.1829
230,82,50,0,11.1829
230,82,51,0,11.1829
230,82,52,0,11.1829
230,82,53,0,11.1829
230,82,54,0,11.1829
230,82,55,0,11.1829
230,82,56,0,11.1829
230,82,57,0,11.1829
230,82,58,0,11.1829
230,82,59,0,11.1829
230,82,60,0,11.1829
230,82,61,0,11.1829
230,82,62,0,11.1829
230,82,63,0,11.1829
230,83,0,0,11.2651
230,83,1,0,11.2651
230,83,2,0,11.2651
230,83,3,0,11.2651
230,83,4,0,11.2651
230,83,5,0,11.2651
230,83,6,0,11.2651
230,83,7,0,11.2651
230,83,8,0,11.2651
230,83,9,0,11.2651
230,83,10,0,11.2651
230,83,11,0,11.2651
230,83,12,0,11.2651
230,83,13,0,11.2651
230,83,14,0,11.2651
230,83,15,0,11.2651
230,83,16,0,11.2651
230,83,17,0,11.2651
230,83,18,0,11.2651
230,83,19,0,11.2651
230,83,20,0,11.2651
230,83,21,0,11.2651
230,83,22,0,11.2651
230,83,23,0,11.2651
230,83,24,0,11.2651
230,83,25,0,11.2651
230,83,26,0,11.2651
230,83,27,0,11.2651
230,83,28,0,11.2651
230,83,29,0,11.2651
230,83,30,0,11.2651
230,83,31,0,11.2651
230,83,32,0,11.2651
230,83,33,0,11.2651
230,83,34,0,11.2651
230,83,35,0,11.2651
230,83,36,935,11.2651
230,83,37,0,11.2651
230,83,38,0,11.2651
230,83,39,0,11.2651
230,83,40,0,11.2651
230,83,41,0,11.2651
230,83,42,0,11.2651
230,83,43,0,11.2651
230,83,44,0,11.2651
230,83,45,0,11.2651
230,83,46,0,11.2651
230,83,47,0,11.2651
230,83,48,0,11.2651
230,83,49,0,11.2651
230,83,50,0,11.2651
230,83,51,0,11.2651
230,83,52,0,11.2651
230,83,53,0,11.2651
230,83,54,0,11.2651
230,83,55,0,11.2651
230,83,56,0,11.2651
230,83,57,0,11.2651
230,83,58,0,11.2651
230,83,59,0,11.2651
230,83,60,0,11.2651
230,83,61,0,11.2651
230,83,62,0,11.2651
230,83,63,0,11.2651
230,84,0,0,11.381
230,84,1,0,11.381
230,84,2,0,11.381
230,84,3,0,11.381
230,84,4,0,11.381
230,84,5,0,11.381
230,84,6,0,11.381
230,84,7,0,11.381
230,84,8,0,11.381
230,84,9,0,11.381
230,84,10,0,11.381
230,84,11,0,11.381
230,84,12,0,11.381
230,84,13,0,11.381
230,84,14,0,11.381
230,84,15,0,11.381
230,84,16,0,11.381
230,84,17,0,11.381
230,84,18,0,11.381
230,84,19,0,11.381
230,84,20,0,11.381
230,84,21,0,11.381
230,84,22,0,11.381
230,84,23,0,11.381
230,84,24,0,11.381
230,84,25,0,11.381
230,84,26,0,11.381
230,84,27,0,11.381
230,84,28,0,11.381
230,84,29,0,11.381
230,84,30,0,11.381
230,84,31,0,11.381
230,84,32,0,11.381
230,84,33,0,11.381
230,84,34,0,11.381
230,84,35,0,11.381
230,84,36,956,11.381
230,84,37,0,11.381
230,84,38,0,11.381
230,84,39,0,11.381
230,84,40,0,11.381
230,84,41,0,11.381
230,84,42,0,11.381
230,84,43,0,11.381
230,84,44,0,11.381
230,84,45,0,11.381
230,84,46,0,11.381
230,84,47,0,11.381
230,84,48,0,11.381
230,84,49,0,11.381
230,84,50,0,11.381
230,84,51,0,11.381
230,84,52,0,11.381
230,84,53,0,11.381
230,84,54,0,11.381
230,84,55,0,11.381
230,84,56,0,11.381
230,84,57,0,11.381
230,84,58,0,11.381
230,84,59,0,11.381
230,84,60,0,11.381
230,84,61,0,11.381
230,84,62,0,11.381
230,84,63,0,11.381
230,85,0,0,11.2941
230,85,1,0,11.2941
230,85,2,0,11.2941
230,85,3,0,11.2941
230,85,4,0,11.2941
230,85,5,0,11.2941
230,85,6,0,11.2941
230,85,7,0,11.2941
230,85,8,0,11.2941
230,85,9,0,11.2941
230,85,10,0,11.2941
230,85,11,0,11.2941
230,85,12,0,11.2941
230,85,13,0,11.2941
230,85,14,0,11.2941
230,85,15,0,11.2941
230,85,16,0,11.2941
230,85,17,0,11.2941
230,85,18,0,11.2941
230,85,19,0,11.2941
230,85,20,0,11.2941
230,85,21,0,11.2941
230,85,22,0,11.2941
230,85,23,0,11.2941
230,85,24,0,11.2941
230,85,25,0,11.2941
230,85,26,0,11.2941
230,85,27,0,11.2941
230,85,28,0,11.2941
230,85,29,0,11.2941
230,85,30,0,11.2941
230,85,31,0,11.2941
230,85,32,0,11.2941
230,85,33,0,11.2941
230,85,34,0,11.2941
230,85,35,0,11.2941
230,85,36,960,11.2941
230,85,37,0,11.2941
230,85,38,0,11.2941
230,85,39,0,11.2941
230,85,40,0,11.2941
230,85,41,0,11.2941
230,85,42,0,11.2941
230,85,43,0,11.2941
230,85,44,0,11.2941
230,85,45,0,11.2941
230,85,46,0,11.2941
230,85,47,0,11.2941
230,85,48,0,11.2941
230,85,49,0,11.2941
230,85,50,0,11.2941
230,85,51,0,11.2941
230,85,52,0,11.2941
230,85,53,0,11.2941
230,85,54,0,11.2941
230,85,55,0,11.2941
230,85,56,0,11.2941
230,85,57,0,11.2941
230,85,58,0,11.2941
230,85,59,0,11.2941
230,85,60,0,11.2941
230,85,61,0,11.2941
230,85,62,0,11.2941
230,85,63,0,11.2941
230,86,0,0,11.2326
230,86,1,0,11.2326
230,86,2,0,11.2326
230,86,3,0,11.2326
230,86,4,0,11.2326
230,86,5,0,11.2326
230,86,6,0,11.2326
230,86,7,0,11.2326
230,86,8,0,11.2326
230,86,9,0,11.2326
230,86,10,0,11.2326
230,86,11,0,11.2326
230,86,12,0,11.2326
230,86,13,0,11.2326
230,86,14,0,11.2326
230,86,15,0,11.2326
230,86,16,0,11.2326
230,86,17,0,11.2326
230,86,18,0,11.2326
230,86,19,0,11.2326
230,86,20,0,11.2326
230,86,21,0,11.2326
230,86,22,0,11.2326
230,86,23,0,11.2326
230,86,24,0,11.2326
230,86,25,0,11.2326
230,86,26,0,11.2326
230,86,27,0,11.2326
230,86,28,0,11.2326
230,86,29,0,11.2326
230,86,30,0,11.2326
230,86,31,0,11.2326
230,86,32,0,11.2326
230,86,33,0,11.2326
230,86,34,0,11.2326
230,86,35,0,11.2326
230,86,36,966,11.2326
230,86,37,0,11.2326
230,86,38,0,11.2326
230,86,39,0,11.2326
230,86,40,0,11.2326
230,86,41,0,11.2326
230,86,42,0,11.2326
230,86,43,0,11.2326
230,86,44,0,11.2326
230,86,45,0,11.2326
230,86,46,0,11.2326
230,86,47,0,11.2326
230,86,48,0,11.2326
230,86,49,0,11.2326
230,86,50,0,11.2326
230,86,51,0,11.2326
230,86,52,0,11.2326
230,86,53,0,11.2326
230,86,54,0,11.2326
230,86,55,0,11.2326
230,86,56,0,11.2326
230,86,57,0,11.2326
230,86,58,0,11.2326
230,86,59,0,11.2326
230,86,60,0,11.2326
230,86,61,0,11.2326
230,86,62,0,11.2326
230,86,63,0,11.2326
230,87,0,0,11.1954
230,87,1,0,11.1954
230,87,2,0,11.1954
230,87,3,0,11.1954
230,87,4,0,11.1954
230,87,5,0,11.1954
230,87,6,0,11.1954
230,87,7,0,11.1954
230,87,8,0,11.1954
230,87,9,0,11.1954
230,87,10,0,11.1954
230,87,11,0,11.1954
230,87,12,0,11.1954
230,87,13,0,11.1954
230,87,14,0,11.1954
230,87,15,0,11.1954
230,87,16,0,11.1954
230,87,17,0,11.1954
230,87,18,0,11.1954
230,87,19,0,11.1954
230,87,20,0,11.1954
230,87,21,0,11.1954
230,87,22,0,11.1954
230,87,23,0,11.1954
230,87,24,0,11.1954
230,87,25,0,11.1954
230,87,26,0,11.1954
230,87,27,0,11.1954
230,87,28,0,11.1954
230,87,29,0,11.1954
230,87,30,0,11.1954
230,87,31,0,11.1954
230,87,32,0,11.1954
230,87,33,0,11.1954
230,87,34,0,11.1954
230,87,35,0,11.1954
230,87,36,974,11.1954
230,87,37,0,11.1954
230,87,38,0,11.1954
230,87,39,0,11.1954
230,87,40,0,11.1954
230,87,41,0,11.1954
230,87,42,0,11.1954
230,87,43,0,11.1954
230,87,44,0,11.1954
230,87,45,0,11.1954
230,87,46,0,11.1954
230,87,47,0,11.1954
230,87,48,0,11.1954
230,87,49,0,11.1954
230,87,50,0,11.1954
230,87,51,0,11.1954
230,87,52,0,11.1954
230,87,53,0,11.1954
230,87,54,0,11.1954
230,87,55,0,11.1954
230,87,56,0,11.1954
230,87,57,0,11.1954
230,87,58,0,11.1954
230,87,59,0,11.1954
230,87,60,0,11.1954
230,87,61,0,11.1954
230,87,62,0,11.1954
230,87,63,0,11.1954
230,88,0,0,11.1705
230,88,1,0,11.1705
230,88,2,0,11.1705
230,88,3,0,11.1705
230,88,4,0,11.1705
230,88,5,0,11.1705
230,88,6,0,11.1705
230,88,7,0,11.1705
230,88,8,0,11.1705
230,88,9,0,11.1705
230,88,10,0,11.1705
230,88,11,0,11.1705
230,88,12,0,11.1705
230,88,13,0,11.1705
230,88,14,0,11.1705
230,88,15,0,11.1705
230,88,16,0,11.1705
230,88,17,0,11.1705
230,88,18,0,11.1705
230,88,19,0,11.1705
230,88,20,0,11.1705
230,88,21,0,11.1705
230,88,22,0,11.1705
230,88,23,0,11.1705
230,88,24,0,11.1705
230,88,25,0,11.1705
230,88,26,0,11.1705
230,88,27,0,11.1705
230,88,28,0,11.1705
230,88,29,0,11.1705
230,88,30,0,11.1705
230,88,31,0,11.1705
230,88,32,0,11.1705
230,88,33,0,11.1705
230,88,34,0,11.1705
230,88,35,0,11.1705
230,88,36,983,11.1705
230,88,37,0,11.1705
230,88,38,0,11.1705
230,88,39,0,11.1705
230,88,40,0,11.1705
230,88,41,0,11.1705
230,88,42,0,11.1705
230,88,43,0,11.1705
230,88,44,0,11.1705
230,88,45,0,11.1705
230,88,46,0,11.1705
230,88,47,0,11.1705
230,88,48,0,11.1705
230,88,49,0,11.1705
230,88,50,0,11.1705
230,88,51,0,11.1705
230,88,52,0,11.1705
230,88,53,0,11.1705
230,88,54,0,11.1705
230,88,55,0,11.1705
230,88,56,0,11.1705
230,88,57,0,11.1705
230,88,58,0,11.1705
230,88,59,0,11.1705
230,88,60,0,11.1705
230,88,61,0,11.1705
230,88,62,0,11.1705
230,88,63,0,11.1705
230,89,0,0,11.1124
230,89,1,0,11.1124
230,89,2,0,11.1124
230,89,3,0,11.1124
230,89,4,0,11.1124
230,89,5,0,11.1124
230,89,6,0,11.1124
230,89,7,0,11.1124
230,89,8,0,11.1124
230,89,9,0,11.1124
230,89,10,0,11.1124
230,89,11,0,11.1124
230,89,12,0,11.1124
230,89,13,0,11.1124
230,89,14,0,11.1124
230,89,15,0,11.1124
230,89,16,0,11.1124
230,89,17,0,11.1124
230,89,18,0,11.1124
230,89,19,0,11.1124
230,89,20,0,11.1124
230,89,21,0,11.1124
230,89,22,0,11.1124
230,89,23,0,11.1124
230,89,24,0,11.1124
230,89,25,0,11.1124
230,89,26,0,11.1124
230,89,27,0,11.1124
230,89,28,0,11.1124
230,89,29,0,11.1124
230,89,30,0,11.1124
230,89,31,0,11.1124
230,89,32,0,11.1124
230,89,33,0,11.1124
230,89,34,0,11.1124
230,89,35,0,11.1124
230,89,36,989,11.1124
230,89,37,0,11.1124
230,89,38,0,11.1124
230,89,39,0,11.1124
230,89,40,0,11.1124
230,89,41,0,11.1124
230,89,42,0,11.1124
230,89,43,0,11.1124
230,89,44,0,11.1124
230,89,45,0,11.1124
230,89,46,0,11.1124
230,89,47,0,11.1124
230,89,48,0,11.1124
230,89,49,0,11.1124
230,89,50,0,11.1124
230,89,51,0,11.1124
230,89,52,0,11.1124
230,89,53,0,11.1124
230,89,54,0,11.1124
230,89,55,0,11.1124
230,89,56,0,11.1124
230,89,57,0,11.1124
230,89,58,0,11.1124
230,89,59,0,11.1124
230,89,60,0,11.1124
230,89,61,0,11.1124
230,89,62,0,11.1124
230,89,63,0,11.1124
230,90,0,0,11
230,90,1,0,11
230,90,2,0,11
230,90,3,0,11
230,90,4,0,11
230,90,5,0,11
230,90,6,0,11
230,90,7,0,11
230,90,8,0,11
230,90,9,0,11
230,90,10,0,11
230,90,11,0,11
230,90,12,0,11
230,90,13,0,11
230,90,14,0,11
230,90,15,0,11
230,90,16,0,11
230,90,17,0,11
230,90,18,0,11
230,90,19,0,11
230,90,20,0,11
230,90,21,0,11
230,90,22,0,11
230,90,23,0,11
230,90,24,0,11
230,90,25,0,11
230,90,26,0,11
230,90,27,0,11
230,90,28,0,11
230,90,29,0,11
230,90,30,0,11
230,90,31,0,11
230,90,32,0,11
230,90,33,0,11
230,90,34,0,11
230,90,35,0,11
230,90,36,990,11
230,90,37,0,11
230,90,38,0,11
230,90,39,0,11
230,90,40,0,11
230,90,41,0,11
230,90,42,0,11
230,90,43,0,11
230,90,44,0,11
230,90,45,0,11
230,90,46,0,11
230,90,47,0,11
230,90,48,0,11
230,90,49,0,11
230,90,50,0,11
230,90,51,0,11
230,90,52,0,11
230,90,53,0,11
230,90,54,0,11
230,90,55,0,11
230,90,56,0,11
230,90,57,0,11
230,90,58,0,11
230,90,59,0,11
230,90,60,0,11
230,90,61,0,11
230,90,62,0,11
230,90,63,0,11
230,91,0,0,11.1758
230,91,1,0,11.1758
230,91,2,0,11.1758
230,91,3,0,11.1758
230,91,4,0,11.1758
230,91,5,0,11.1758
230,91,6,0,11.1758
230,91,7,0,11.1758
230,91,8,0,11.1758
230,91,9,0,11.1758
230,91,10,0,11.1758
230,91,11,0,11.1758
230,91,12,0,11.1758
230,91,13,0,11.1758
230,91,14,0,11.1758
230,91,15,0,11.1758
230,91,16,0,11.1758
230,91,17,0,11.1758
230,91,18,0,11.1758
230,91,19,0,11.1758
230,91,20,0,11.1758
230,91,21,0,11.1758
230,91,22,0,11.1758
230,91,23,0,11.1758
230,91,24,0,11.1758
230,91,25,0,11.1758
230,91,26,0,11.1758
230,91,27,0,11.1758
230,91,28,0,11.1758
230,91,29,0,11.1758
230,91,30,0,11.1758
230,91,31,0,11.1758
230,91,32,0,11.1758
230,91,33,0,11.1758
230,91,34,0,11.1758
230,91,35,0,11.1758
230,91,36,1017,11.1758
230,91,37,0,11.1758
230,91,38,0,11.1758
230,91,39,0,11.1758
230,91,40,0,11.1758
230,91,41,0,11.1758
230,91,42,0,11.1758
230,91,43,0,11.1758
230,91,44,0,11.1758
230,91,45,0,11.1758
230,91,46,0,11.1758
230,91,47,0,11.1758
230,91,48,0,11.1758
230,91,49,0,11.1758
230,91,50,0,11.1758
230,91,51,0,11.1758
230,91,52,0,11.1758
230,91,53,0,11.1758
230,91,54,0,11.1758
230,91,55,0,11.1758
230,91,56,0,11.1758
230,91,57,0,11.1758
230,91,58,0,11.1758
230,91,59,0,11.1758
230,91,60,0,11.1758
230,91,61,0,11.1758
230,91,62,0,11.1758
230,91,63,0,11.1758
230,92,0,0,11.0652
230,92,1,0,11.0652
230,92,2,0,11.0652
230,92,3,0,11.0652
230,92,4,0,11.0652
230,92,5,0,11.0652
230,92,6,0,11.0652
230,92,7,0,11.0652
230,92,8,0,11.0652
230,92,9,0,11.0652
230,92,10,0,11.0652
230,92,11,0,11.0652
230,92,12,0,11.0652
230,92,13,0,11.0652
230,92,14,0,11.0652
230,92,15,0,11.0652
230,92,16,0,11.0652
230,92,17,0,11.0652
230,92,18,0,11.0652
230,92,19,0,11.0652
230,92,20,0,11.0652
230,92,21,0,11.0652
230,92,22,0,11.0652
230,92,23,0,11.0652
230,92,24,0,11.0652
230,92,25,0,11.0652
230,92,26,0,11.0652
230,92,27,0,11.0652
230,92,28,0,11.0652
230,92,29,0,11.0652
230,92,30,0,11.0652
230,92,31,0,11.0652
230,92,32,0,11.0652
230,92,33,0,11.0652
230,92,34,0,11.0652
230,92,35,0,11.0652
230,92,36,1018,11.0652
230,92,37,0,11.0652
230,92,38,0,11.0652
230,92,39,0,11.0652
230,92,40,0,11.0652
230,92,41,0,11.0652
230,92,42,0,11.0652
230,92,43,0,11.0652
230,92,44,0,11.0652
230,92,45,0,11.0652
230,92,46,0,11.0652
230,92,47,0,11.0652
230,92,48,0,11.0652
230,92,49,0,11.0652
230,92,50,0,11.0652
230,92,51,0,11.0652
230,92,52,0,11.0652
230,92,53,0,11.0652
230,92,54,0,11.0652
230,92,55,0,11.0652
230,92,56,0,11.0652
230,92,57,0,11.0652
230,92,58,0,11.0652
230,92,59,0,11.0652
230,92,60,0,11.0652
230,92,61,0,11.0652
230,92,62,0,11.0652
230,92,63,0,11.0652
230,93,0,0,11.0215
230,93,1,0,11.0215
230,93,2,0,11.0215
230,93,3,0,11.0215
230,93,4,0,11.0215
230,93,5,0,11.0215
230,93,6,0,11.0215
230,93,7,0,11.0215
230,93,8,0,11.0215
230,93,9,0,11.0215
230,93,10,0,11.0215
230,93,11,0,11.0215
230,93,12,0,11.0215
230,93,13,0,11.0215
230,93,14,0,11.0215
230,93,15,0,11.0215
230,93,16,0,11.0215
230,93,17,0,11.0215
230,93,18,0,11.0215
230,93,19,0,11.0215
230,93,20,0,11.0215
230,93,21,0,11.0215
230,93,22,0,11.0215
230,93,23,0,11.0215
230,93,24,0,11.0215
230,93,25,0,11.0215
230,93,26,0,11.0215
230,93,27,0,11.0215
230,93,28,0,11.0215
230,93,29,0,11.0215
230,93,30,0,11.0215
230,93,31,0,11.0215
230,93,32,0,11.0215
230,93,33,0,11.0215
230,93,34,0,11.0215
230,93,35,0,11.0215
230,93,36,1025,11.0215
230,93,37,0,11.0215
230,93,38,0,11.0215
230,93,39,0,11.0215
230,93,40,0,11.0215
230,93,41,0,11.0215
230,93,42,0,11.0215
230,93,43,0,11.0215
230,93,44,0,11.0215
230,93,45,0,11.0215
230,93,46,0,11.0215
230,93,47,0,11.0215
230,93,48,0,11.0215
230,93,49,0,11.0215
230,93,50,0,11.0215
230,93,51,0,11.0215
230,93,52,0,11.0215
230,93,53,0,11.0215
230,93,54,0,11.0215
230,93,55,0,11.0215
230,93,56,0,11.0215
230,93,57,0,11.0215
230,93,58,0,11.0215
230,93,59,0,11.0215
230,93,60,0,11.0215
230,93,61,0,11.0215
230,93,62,0,11.0215
230,93,63,0,11.0215
230,94,0,0,11.1915
230,94,1,0,11.1915
230,94,2,0,11.1915
230,94,3,0,11.1915
230,94,4,0,11.1915
230,94,5,0,11.1915
230,94,6,0,11.1915
230,94,7,0,11.1915
230,94,8,0,11.1915
230,94,9,0,11.1915
230,94,10,0,11.1915
230,94,11,0,11.1915
230,94,12,0,11.1915
230,94,13,0,11.1915
230,94,14,0,11.1915
230,94,15,0,11.1915
230,94,16,0,11.1915
230,94,17,0,11.1915
230,94,18,0,11.1915
230,94,19,0,11.1915
230,94,20,0,11.1915
230,94,21,0,11.1915
230,94,22,0,11.1915
230,94,23,0,11.1915
230,94,24,0,11.1915
230,94,25,0,11.1915
230,94,26,0,11.1915
230,94,27,0,11.1915
230,94,28,0,11.1915
230,94,29,0,11.1915
230,94,30,0,11.1915
230,94,31,0,11.1915
230,94,32,0,11.1915
230,94,33,0,11.1915
230,94,34,0,11.1915
230,94,35,0,11.1915
230,94,36,1052,11.1915
230,94,37,0,11.1915
230,94,38,0,11.1915
230,94,39,0,11.1915
230,94,40,0,11.1915
230,94,41,0,11.1915
230,94,42,0,11.1915
230,94,43,0,11.1915
230,94,44,0,11.1915
230,94,45,0,11.1915
230,94,46,0,11.1915
230,94,47,0,11.1915
230,94,48,0,11.1915
230,94,49,0,11.1915
230,94,50,0,11.1915
230,94,51,0,11.1915
230,94,52,0,11.1915
230,94,53,0,11.1915
230,94,54,0,11.1915
230,94,55,0,11.1915
230,94,56,0,11.1915
230,94,57,0,11.1915
230,94,58,0,11.1915
230,94,59,0,11.1915
230,94,60,0,11.1915
230,94,61,0,11.1915
230,94,62,0,11.1915
230,94,63,0,11.1915
230,95,0,0,11.1158
230,95,1,0,11.1158
230,95,2,0,11.1158
230,95,3,0,11.1158
230,95,4,0,11.1158
230,95,5,0,11.1158
230,95,6,0,11.1158
230,95,7,0,11.1158
230,95,8,0,11.1158
230,95,9,0,11.1158
230,95,10,0,11.1158
230,95,11,0,11.1158
230,95,12,0,11.1158
230,95,13,0,11.1158
230,95,14,0,11.1158
230,95,15,0,11.1158
230,95,16,0,11.1158
230,95,17,0,11.1158
230,95,18,0,11.1158
230,95,19,0,11.1158
230,95,20,0,11.1158
230,95,21,0,11.1158
230,95,22,0,11.1158
230,95,23,0,11.1158
230,95,24,0,11.1158
230,95,25,0,11.1158
230,95,26,0,11.1158
230,95,27,0,11.1158
230,95,28,0,11.1158
230,95,29,0,11.1158
230,95,30,0,11.1158
230,95,31,0,11.1158
230,95,32,0,11.1158
230,95,33,0,11.1158
230,95,34,0,11.1158
230,95,35,0,11.1158
230,95,36,1056,11.1158
230,95,37,0,11.1158
230,95,38,0,11.1158
230,95,39,0,11.1158
230,95,40,0,11.1158
230,95,41,0,11.1158
230,95,42,0,11.1158
230,95,43,0,11.1158
230,95,44,0,11.1158
230,95,45,0,11.1158
230,95,46,0,11.1158
230,95,47,0,11.1158
230,95,48,0,11.1158
230,95,49,0,11.1158
230,95,50,0,11.1158
230,95,51,0,11.1158
230,95,52,0,11.1158
230,95,53,0,11.1158
230,95,54,0,11.1158
230,95,55,0,11.1158
230,95,56,0,11.1158
230,95,57,0,11.1158
230,95,58,0,11.1158
230,95,59,0,11.1158
230,95,60,0,11.1158
230,95,61,0,11.1158
230,95,62,0,11.1158
230,95,63,0,11.1158
230,96,0,0,11.1771
230,96,1,0,11.1771
230,96,2,0,11.1771
230,96,3,0,11.1771
230,96,4,0,11.1771
230,96,5,0,11.1771
230,96,6,0,11.1771
230,96,7,0,11.1771
230,96,8,0,11.1771
230,96,9,0,11.1771
230,96,10,0,11.1771
230,96,11,0,11.1771
230,96,12,0,11.1771
230,96,13,0,11.1771
230,96,14,0,11.1771
230,96,15,0,11.1771
230,96,16,0,11.1771
230,96,17,0,11.1771
230,96,18,0,11.1771
230,96,19,0,11.1771
230,96,20,0,11.1771
230,96,21,0,11.1771
230,96,22,0,11.1771
230,96,23,0,11.1771
230,96,24,0,11.1771
230,96,25,0,11.1771
230,96,26,0,11.1771
230,96,27,0,11.1771
230,96,28,0,11.1771
230,96,29,0,11.1771
230,96,30,0,11.1771
230,96,31,0,11.1771
230,96,32,0,11.1771
230,96,33,0,11.1771
230,96,34,0,11.1771
230,96,35,0,11.1771
230,96,36,1073,11.1771
230,96,37,0,11.1771
230,96,38,0,11.1771
230,96,39,0,11.1771
230,96,40,0,11.1771
230,96,41,0,11.1771
230,96,42,0,11.1771
230,96,43,0,11.1771
230,96,44,0,11.1771
230,96,45,0,11.1771
230,96,46,0,11.1771
230,96,47,0,11.1771
230,96,48,0,11.1771
230,96,49,0,11.1771
230,96,50,0,11.1771
230,96,51,0,11.1771
230,96,52,0,11.1771
230,96,53,0,11.1771
230,96,54,0,11.1771
230,96,55,0,11.1771
230,96,56,0,11.1771
230,96,57,0,11.1771
230,96,58,0,11.1771
230,96,59,0,11.1771
230,96,60,0,11.1771
230,96,61,0,11.1771
230,96,62,0,11.1771
230,96,63,0,11.1771
230,97,0,0,11.1959
230,97,1,0,11.1959
230,97,2,0,11.1959
230,97,3,0,11.1959
230,97,4,0,11.1959
230,97,5,0,11.1959
230,97,6,0,11.1959
230,97,7,0,11.1959
230,97,8,0,11.1959
230,97,9,0,11.1959
230,97,10,0,11.1959
230,97,11,0,11.1959
230,97,12,0,11.1959
230,97,13,0,11.1959
230,97,14,0,11.1959
230,97,15,0,11.1959
230,97,16,0,11.1959
230,97,17,0,11.1959
230,97,18,0,11.1959
230,97,19,0,11.1959
230,97,20,0,11.1959
230,97,21,0,11.1959
230,97,22,0,11.1959
230,97,23,0,11.1959
230,97,24,0,11.1959
230,97,25,0,11.1959
230,97,26,0,11.1959
230,97,27,0,11.1959
230,97,28,0,11.1959
230,97,29,0,11.1959
230,97,30,0,11.1959
230,97,31,0,11.1959
230,97,32,0,11.1959
230,97,33,0,11.1959
230,97,34,0,11.1959
230,97,35,0,11.1959
230,97,36,1086,11.1959
230,97,37,0,11.1959
230,97,38,0,11.1959
230,97,39,0,11.1959
230,97,40,0,11.1959
230,97,41,0,11.1959
230,97,42,0,11.1959
230,97,43,0,11.1959
230,97,44,0,11.1959
230,97,45,0,11.1959
230,97,46,0,11.1959
230,97,47,0,11.1959
230,97,48,0,11.1959
230,97,49,0,11.1959
230,97,50,0,11.1959
230,97,51,0,11.1959
230,97,52,0,11.1959
230,97,53,0,11.1959
230,97,54,0,11.1959
230,97,55,0,11.1959
230,97,56,0,11.1959
230,97,57,0,11.1959
230,97,58,0,11.1959
230,97,59,0,11.1959
230,97,60,0,11.1959
230,97,61,0,11.1959
230,97,62,0,11.1959
230,97,63,0,11.1959
230,98,0,0,11.1531
230,98,1,0,11.1531
230,98,2,0,11.1531
230,98,3,0,11.1531
230,98,4,0,11.1531
230,98,5,0,11.1531
230,98,6,0,11.1531
230,98,7,0,11.1531
230,98,8,0,11.1531
230,98,9,0,11.1531
230,98,10,0,11.1531
230,98,11,0,11.1531
230,98,12,0,11.1531
230,98,13,0,11.1531
230,98,14,0,11.1531
230,98,15,0,11.1531
230,98,16,0,11.1531
230,98,17,0,11.1531
230,98,18,0,11.1531
230,98,19,0,11.1531
230,98,20,0,11.1531
230,98,21,0,11.1531
230,98,22,0,11.1531
230,98,23,0,11.1531
230,98,24,0,11.1531
230,98,25,0,11.1531
230,98,26,0,11.1531
230,98,27,0,11.1531
230,98,28,0,11.1531
230,98,29,0,11.1531
230,98,30,0,11.1531
230,98,31,0,11.1531
230,98,32,0,11.1531
230,98,33,0,11.1531
230,98,34,0,11.1531
230,98,35,0,11.1531
230,98,36,1093,11.1531
230,98,37,0,11.1531
230,98,38,0,11.1531
230,98,39,0,11.1531
230,98,40,0,11.1531
230,98,41,0,11.1531
230,98,42,0,11.1531
230,98,43,0,11.1531
230,98,44,0,11.1531
230,98,45,0,11.1531
230,98,46,0,11.1531
230,98,47,0,11.1531
230,98,48,0,11.1531
230,98,49,0,11.1531
230,98,50,0,11.1531
230,98,51,0,11.1531
230,98,52,0,11.1531
230,98,53,0,11.1531
230,98,54,0,11.1531
230,98,55,0,11.1531
230,98,56,0,11.1531
230,98,57,0,11.1531
230,98,58,0,11.1531
230,98,59,0,11.1531
230,98,60,0,11.1531
230,98,61,0,11.1531
230,98,62,0,11.1531
230,98,63,0,11.1531
230,99,0,0,11.1515
230,99,1,0,11.1515
230,99,2,0,11.1515
230,99,3,0,11.1515
230,99,4,0,11.1515
230,99,5,0,11.1515
230,99,6,0,11.1515
230,99,7,0,11.1515
230,99,8,0,11.1515
230,99,9,0,11.1515
230,99,10,0,11.1515
230,99,11,0,11.1515
230,99,12,0,11.1515
230,99,13,0,11.1515
230,99,14,0,11.1515
230,99,15,0,11.1515
230,99,16,0,11.1515
230,99,17,0,11.1515
230,99,18,0,11.1515
230,99,19,0,11.1515
230,99,20,0,11.1515
230,99,21,0,11.1515
230,99,22,0,11.1515
230,99,23,0,11.1515
230,99,24,0,11.1515
230,99,25,0,11.1515
230,99,26,0,11.1515
230,99,27,0,11.1515
230,99,28,0,11.1515
230,99,29,0,11.1515
230,99,30,0,11.1515
230,99,31,0,11.1515
230,99,32,0,11.1515
230,99,33,0,11.1515
230,99,34,0,11.1515
230,99,35,0,11.1515
230,99,36,1104,11.1515
230,99,37,0,11.1515
230,99,38,0,11.1515
230,99,39,0,11.1515
230,99,40,0,11.1515
230,99,41,0,11.1515
230,99,42,0,11.1515
230,99,43,0,11.1515
230,99,44,0,11.1515
230,99,45,0,11.1515
230,99,46,0,11.1515
230,99,47,0,11.1515
230,99,48,0,11.1515
230,99,49,0,11.1515
230,99,50,0,11.1515
230,99,51,0,11.1515
230,99,52,0,11.1515
230,99,53,0,11.1515
230,99,54,0,11.1515
230,99,55,0,11.1515
230,99,56,0,11.1515
230,99,57,0,11.1515
230,99,58,0,11.1515
230,99,59,0,11.1515
230,99,60,0,11.1515
230,99,61,0,11.1515
230,99,62,0,11.1515
230,99,63,0,11.1515
230,100,0,0,11.25
230,100,1,0,11.25
230,100,2,0,11.25
230,100,3,0,11.25
230,100,4,0,11.25
230,100,5,0,11.25
230,100,6,0,11.25
230,100,7,0,11.25
230,100,8,0,11.25
230,100,9,0,11.25
230,100,10,0,11.25
230,100,11,0,11.25
230,100,12,0,11.25
230,100,13,0,11.25
230,100,14,0,11.25
230,100,15,0,11.25
230,100,16,0,11.25
230,100,17,0,11.25
230,100,18,0,11.25
230,100,19,0,11.25
230,100,20,0,11.25
230,100,21,0,11.25
230,100,22,0,11.25
230,100,23,0,11.25
230,100,24,0,11.25
230,100,25,0,11.25
230,100,26,0,11.25
230,100,27,0,11.25
230,100,28,0,11.25
230,100,29,0,11.25
230,100,30,0,11.25
230,100,31,0,11.25
230,100,32,0,11.25
230,100,33,0,11.25
230,100,34,0,11.25
230,100,35,0,11.25
230,100,36,1125,11.25
230,100,37,0,11.25
230,100,38,0,11.25
230,100,39,0,11.25
230,100,40,0,11.25
230,100,41,0,11.25
230,100,42,0,11.25
230,100,43,0,11.25
230,100,44,0,11.25
230,100,45,0,11.25
230,100,46,0,11.25
230,100,47,0,11.25
230,100,48,0,11.25
230,100,49,0,11.25
230,100,50,0,11.25
230,100,51,0,11.25
230,100,52,0,11.25
230,100,53,0,11.25
230,100,54,0,11.25
230,100,55,0,11.25
230,100,56,0,11.25
230,100,57,0,11.25
230,100,58,0,11.25
230,100,59,0,11.25
230,100,60,0,11.25
230,100,61,0,11.25
230,100,62,0,11.25
230,100,63,0,11.25
239,1,0,0,31
239,1,1,0,31
239,1,2,0,31
239,1,3,0,31
239,1,4,0,31
239,1,5,0,31
239,1,6,0,31
239,1,7,0,31
239,1,8,0,31
239,1,9,0,31
239,1,10,0,31
239,1,11,0,31
239,1,12,0,31
239,1,13,0,31
239,1,14,0,31
239,1,15,0,31
239,1,16,0,31
239,1,17,0,31
239,1,18,0,31
239,1,19,0,31
239,1,20,0,31
239,1,21,0,31
239,1,22,0,31
239,1,23,0,31
239,1,24,0,31
239,1,25,0,31
239,1,26,0,31
239,1,27,0,31
239,1,28,0,31
239,1,29,0,31
239,1,30,0,31
239,1,31,0,31
239,1,32,0,31
239,1,33,0,31
239,1,34,0,31
239,1,35,0,31
239,1,36,0,31
239,1,37,0,31
239,1,38,0,31
239,1,39,0,31
239,1,40,0,31
239,1,41,0,31
239,1,42,31,31
239,1,43,0,31
239,1,44,0,31
239,1,45,0,31
239,1,46,0,31
239,1,47,0,31
239,1,48,0,31
239,1,49,0,31
239,1,50,0,31
239,1,51,0,31
239,1,52,0,31
239,1,53,0,31
239,1,54,0,31
239,1,55,0,31
239,1,56,0,31
239,1,57,0,31
239,1,58,0,31
239,1,59,0,31
239,1,60,0,31
239,1,61,0,31
239,1,62,0,31
239,1,63,0,31
239,2,0,0,19.5
239,2,1,0,19.5
239,2,2,0,19.5
239,2,3,0,19.5
239,2,4,0,19.5
239,2,5,0,19.5
239,2,6,0,19.5
239,2,7,0,19.5
239,2,8,0,19.5
239,2,9,0,19.5
239,2,10,0,19.5
239,2,11,0,19.5
239,2,12,0,19.5
239,2,13,0,19.5
239,2,14,0,19.5
239,2,15,0,19.5
239,2,16,0,19.5
239,2,17,0,19.5
239,2,18,0,19.5
239,2,19,0,19.5
239,2,20,0,19.5
239,2,21,0,19.5
239,2,22,0,19.5
239,2,23,0,19.5
239,2,24,0,19.5
239,2,25,0,19.5
239,2,26,0,19.5
239,2,27,0,19.5
239,2,28,0,19.5
239,2,29,0,19.5
239,2,30,0,19.5
239,2,31,0,19.5
239,2,32,0,19.5
239,2,33,0,19.5
239,2,34,0,19.5
239,2,35,0,19.5
239,2,36,0,19.5
239,2,37,0,19.5
239,2,38,0,19.5
239,2,39,0,19.5
239,2,40,0,19.5
239,2,41,8,19.5
239,2,42,31,19.5
239,2,43,0,19.5
239,2,44,0,19.5
239,2,45,0,19.5
239,2,46,0,19.5
239,2,47,0,19.5
239,2,48,0,19.5
239,2,49,0,19.5
239,2,50,0,19.5
239,2,51,0,19.5
239,2,52,0,19.5
239,2,53,0,19.5
239,2,54,0,19.5
239,2,55,0,19.5
239,2,56,0,19.5
239,2,57,0,19.5
239,2,58,0,19.5
239,2,59,0,19.5
239,2,60,0,19.5
239,2,61,0,19.5
239,2,62,0,19.5
239,2,63,0,19.5
239,3,0,0,14.6667
239,3,1,0,14.6667
239,3,2,0,14.6667
239,3,3,0,14.6667
239,3,4,0,14.6667
239,3,5,0,14.6667
239,3,6,0,14.6667
239,3,7,0,14.6667
239,3,8,0,14.6667
239,3,9,0,14.6667
239,3,10,0,14.6667
239,3,11,0,14.6667
239,3,12,0,14.6667
239,3,13,0,14.6667
239,3,14,0,14.6667
239,3,15,0,14.6667
239,3,16,0,14.6667
239,3,17,0,14.6667
239,3,18,0,14.6667
239,3,19,0,14.6667
239,3,20,0,14.6667
239,3,21,0,14.6667
239,3,22,0,14.6667
239,3,23,0,14.6667
239,3,24,0,14.6667
239,3,25,0,14.6667
239,3,26,0,14.6667
239,3,27,0,14.6667
239,3,28,0,14.6667
239,3,29,0,14.6667
239,3,30,0,14.6667
239,3,31,0,14.6667
239,3,32,0,14.6667
239,3,33,0,14.6667
239,3,34,0,14.6667
239,3,35,0,14.6667
239,3,36,0,14.6667
239,3,37,0,14.6667
239,3,38,0,14.6667
239,3,39,0,14.6667
239,3,40,0,14.6667
239,3,41,13,14.6667
239,3,42,31,14.6667
239,3,43,0,14.6667
239,3,44,0,14.6667
239,3,45,0,14.6667
239,3,46,0,14.6667
239,3,47,0,14.6667
239,3,48,0,14.6667
239,3,49,0,14.6667
239,3,50,0,14.6667
239,3,51,0,14.6667
239,3,52,0,14.6667
239,3,53,0,14.6667
239,3,54,0,14.6667
239,3,55,0,14.6667
239,3,56,0,14.6667
239,3,57,0,14.6667
239,3,58,0,14.6667
239,3,59,0,14.6667
239,3,60,0,14.6667
239,3,61,0,14.6667
239,3,62,0,14.6667
239,3,63,0,14.6667
239,4,0,0,14.25
239,4,1,0,14.25
239,4,2,0,14.25
239,4,3,0,14.25
239,4,4,0,14.25
239,4,5,0,14.25
239,4,6,0,14.25
239,4,7,0,14.25
239,4,8,0,14.25
239,4,9,0,14.25
239,4,10,0,14.25
239,4,11,0,14.25
239,4,12,0,14.25
239,4,13,0,14.25
239,4,14,0,14.25
239,4,15,0,14.25
239,4,16,0,14.25
239,4,17,0,14.25
239,4,18,0,14.25
239,4,19,0,14.25
239,4,20,0,14.25
239,4,21,0,14.25
239,4,22,0,14.25
239,4,23,0,14.25
239,4,24,0,14.25
239,4,25,0,14.25
239,4,26,0,14.25
239,4,27,0,14.25
239,4,28,0,14.25
239,4,29,0,14.25
239,4,30,0,14.25
239,4,31,0,14.25
239,4,32,0,14.25
239,4,33,0,14.25
239,4,34,0,14.25
239,4,35,0,14.25
239,4,36,0,14.25
239,4,37,0,14.25
239,4,38,0,14.25
239,4,39,0,14.25
239,4,40,0,14.25
239,4,41,26,14.25
239,4,42,31,14.25
239,4,43,0,14.25
239,4,44,0,14.25
239,4,45,0,14.25
239,4,46,0,14.25
239,4,47,0,14.25
239,4,48,0,14.25
239,4,49,0,14.25
239,4,50,0,14.25
239,4,51,0,14.25
239,4,52,0,14.25
239,4,53,0,14.25
239,4,54,0,14.25
239,4,55,0,14.25
239,4,56,0,14.25
239,4,57,0,14.25
239,4,58,0,14.25
239,4,59,0,14.25
239,4,60,0,14.25
239,4,61,0,14.25
239,4,62,0,14.25
239,4,63,0,14.25
239,5,0,0,15.8
239,5,1,0,15.8
239,5,2,0,15.8
239,5,3,0,15.8
239,5,4,0,15.8
239,5,5,0,15.8
239,5,6,0,15.8
239,5,7,0,15.8
239,5,8,0,15.8
239,5,9,0,15.8
239,5,10,0,15.8
239,5,11,0,15.8
239,5,12,0,15.8
239,5,13,0,15.8
239,5,14,0,15.8
239,5,15,0,15.8
239,5,16,0,15.8
239,5,17,0,15.8
239,5,18,0,15.8
239,5,19,0,15.8
239,5,20,0,15.8
239,5,21,0,15.8
239,5,22,0,15.8
239,5,23,0,15.8
239,5,24,0,15.8
239,5,25,0,15.8
239,5,26,0,15.8
239,5,27,0,15.8
239,5,28,0,15.8
239,5,29,0,15.8
239,5,30,0,15.8
239,5,31,0,15.8
239,5,32,0,15.8
239,5,33,0,15.8
239,5,34,0,15.8
239,5,35,0,15.8
239,5,36,0,15.8
239,5,37,0,15.8
239,5,38,0,15.8
239,5,39,0,15.8
239,5,40,0,15.8
239,5,41,48,15.8
239,5,42,31,15.8
239,5,43,0,15.8
239,5,44,0,15.8
239,5,45,0,15.8
239,5,46,0,15.8
239,5,47,0,15.8
239,5,48,0,15.8
239,5,49,0,15.8
239,5,50,0,15.8
239,5,51,0,15.8
239,5,52,0,15.8
239,5,53,0,15.8
239,5,54,0,15.8
239,5,55,0,15.8
239,5,56,0,15.8
239,5,57,0,15.8
239,5,58,0,15.8
239,5,59,0,15.8
239,5,60,0,15.8
239,5,61,0,15.8
239,5,62,0,15.8
239,5,63,0,15.8
239,6,0,0,16.1667
239,6,1,0,16.1667
239,6,2,0,16.1667
239,6,3,0,16.1667
239,6,4,0,16.1667
239,6,5,0,16.1667
239,6,6,0,16.1667
239,6,7,0,16.1667
239,6,8,0,16.1667
239,6,9,0,16.1667
239,6,10,0,16.1667
239,6,11,0,16.1667
239,6,12,0,16.1667
239,6,13,0,16.1667
239,6,14,0,16.1667
239,6,15,0,16.1667
239,6,16,0,16.1667
239,6,17,0,16.1667
239,6,18,0,16.1667
239,6,19,0,16.1667
239,6,20,0,16.1667
239,6,21,0,16.1667
239,6,22,0,16.1667
239,6,23,0,16.1667
239,6,24,0,16.1667
239,6,25,0,16.1667
239,6,26,0,16.1667
239,6,27,0,16.1667
239,6,28,0,16.1667
239,6,29,0,16.1667
239,6,30,0,16.1667
239,6,31,0,16.1667
239,6,32,0,16.1667
239,6,33,0,16.1667
239,6,34,0,16.1667
239,6,35,0,16.1667
239,6,36,0,16.1667
239,6,37,0,16.1667
239,6,38,0,16.1667
239,6,39,0,16.1667
239,6,40,0,16.1667
239,6,41,48,16.1667
239,6,42,49,16.1667
239,6,43,0,16.1667
239,6,44,0,16.1667
239,6,45,0,16.1667
239,6,46,0,16.1667
239,6,47,0,16.1667
239,6,48,0,16.1667
239,6,49,0,16.1667
239,6,50,0,16.1667
239,6,51,0,16.1667
239,6,52,0,16.1667
239,6,53,0,16.1667
239,6,54,0,16.1667
239,6,55,0,16.1667
239,6,56,0,16.1667
239,6,57,0,16.1667
239,6,58,0,16.1667
239,6,59,0,16.1667
239,6,60,0,16.1667
239,6,61,0,16.1667
239,6,62,0,16.1667
239,6,63,0,16.1667
239,7,0,0,15.2857
239,7,1,0,15.2857
239,7,2,0,15.2857
239,7,3,0,15.2857
239,7,4,0,15.2857
239,7,5,0,15.2857
239,7,6,0,15.2857
239,7,7,0,15.2857
239,7,8,0,15.2857
239,7,9,0,15.2857
239,7,10,0,15.2857
239,7,11,0,15.2857
239,7,12,0,15.2857
239,7,13,0,15.2857
239,7,14,0,15.2857
239,7,15,0,15.2857
239,7,16,0,15.2857
239,7,17,0,15.2857
239,7,18,0,15.2857
239,7,19,0,15.2857
239,7,20,0,15.2857
239,7,21,0,15.2857
239,7,22,0,15.2857
239,7,23,0,15.2857
239,7,24,0,15.2857
239,7,25,0,15.2857
239,7,26,0,15.2857
239,7,27,0,15.2857
239,7,28,0,15.2857
239,7,29,0,15.2857
239,7,30,0,15.2857
239,7,31,0,15.2857
239,7,32,0,15.2857
239,7,33,0,15.2857
239,7,34,0,15.2857
239,7,35,0,15.2857
239,7,36,0,15.2857
239,7,37,0,15.2857
239,7,38,0,15.2857
239,7,39,0,15.2857
239,7,40,0,15.2857
239,7,41,48,15.2857
239,7,42,59,15.2857
239,7,43,0,15.2857
239,7,44,0,15.2857
239,7,45,0,15.2857
239,7,46,0,15.2857
239,7,47,0,15.2857
239,7,48,0,15.2857
239,7,49,0,15.2857
239,7,50,0,15.2857
239,7,51,0,15.2857
239,7,52,0,15.2857
239,7,53,0,15.2857
239,7,54,0,15.2857
239,7,55,0,15.2857
239,7,56,0,15.2857
239,7,57,0,15.2857
239,7,58,0,15.2857
239,7,59,0,15.2857
239,7,60,0,15.2857
239,7,61,0,15.2857
239,7,62,0,15.2857
239,7,63,0,15.2857
239,8,0,0,14.875
239,8,1,0,14.875
239,8,2,0,14.875
239,8,3,0,14.875
239,8,4,0,14.875
239,8,5,0,14.875
239,8,6,0,14.875
239,8,7,0,14.875
239,8,8,0,14.875
239,8,9,0,14.875
239,8,10,0,14.875
239,8,11,0,14.875
239,8,12,0,14.875
239,8,13,0,14.875
239,8,14,0,14.875
239,8,15,0,14.875
239,8,16,0,14.875
239,8,17,0,14.875
239,8,18,0,14.875
239,8,19,0,14.875
239,8,20,0,14.875
239,8,21,0,14.875
239,8,22,0,14.875
239,8,23,0,14.875
239,8,24,0,14.875
239,8,25,0,14.875
239,8,26,0,14.875
239,8,27,0,14.875
239,8,28,0,14.875
239,8,29,0,14.875
239,8,30,0,14.875
239,8,31,0,14.875
239,8,32,0,14.875
239,8,33,0,14.875
239,8,34,0,14.875
239,8,35,0,14.875
239,8,36,0,14.875
239,8,37,0,14.875
239,8,38,0,14.875
239,8,39,0,14.875
239,8,40,0,14.875
239,8,41,60,14.875
239,8,42,59,14.875
239,8,43,0,14.875
239,8,44,0,14.875
239,8,45,0,14.875
239,8,46,0,14.875
239,8,47,0,14.875
239,8,48,0,14.875
239,8,49,0,14.875
239,8,50,0,14.875
239,8,51,0,14.875
239,8,52,0,14.875
239,8,53,0,14.875
239,8,54,0,14.875
239,8,55,0,14.875
239,8,56,0,14.875
239,8,57,0,14.875
239,8,58,0,14.875
239,8,59,0,14.875
239,8,60,0,14.875
239,8,61,0,14.875
239,8,62,0,14.875
239,8,63,0,14.875
239,9,0,0,14.5556
239,9,1,0,14.5556
239,9,2,0,14.5556
239,9,3,0,14.5556
239,9,4,0,14.5556
239,9,5,0,14.5556
239,9,6,0,14.5556
239,9,7,0,14.5556
239,9,8,0,14.5556
239,9,9,0,14.5556
239,9,10,0,14.5556
239,9,11,0,14.5556
239,9,12,0,14.5556
239,9,13,0,14.5556
239,9,14,0,14.5556
239,9,15,0,14.5556
239,9,16,0,14.5556
239,9,17,0,14.5556
239,9,18,0,14.5556
239,9,19,0,14.5556
239,9,20,0,14.5556
239,9,21,0,14.5556
239,9,22,0,14.5556
239,9,23,0,14.5556
239,9,24,0,14.5556
239,9,25,0,14.5556
239,9,26,0,14.5556
239,9,27,0,14.5556
239,9,28,0,14.5556
239,9,29,0,14.5556
239,9,30,0,14.5556
239,9,31,0,14.5556
239,9,32,0,14.5556
239,9,33,0,14.5556
239,9,34,0,14.5556
239,9,35,0,14.5556
239,9,36,0,14.5556
239,9,37,0,14.5556
239,9,38,0,14.5556
239,9,39,0,14.5556
239,9,40,0,14.5556
239,9,41,60,14.5556
239,9,42,71,14.5556
239,9,43,0,14.5556
239,9,44,0,14.5556
239,9,45,0,14.5556
239,9,46,0,14.5556
239,9,47,0,14.5556
239,9,48,0,14.5556
239,9,49,0,14.5556
239,9,50,0,14.5556
239,9,51,0,14.5556
239,9,52,0,14.5556
239,9,53,0,14.5556
239,9,54,0,14.5556
239,9,55,0,14.5556
239,9,56,0,14.5556
239,9,57,0,14.5556
239,9,58,0,14.5556
239,9,59,0,14.5556
239,9,60,0,14.5556
239,9,61,0,14.5556
239,9,62,0,14.5556
239,9,63,0,14.5556
239,10,0,0,18.9
239,10,1,0,18.9
239,10,2,0,18.9
239,10,3,0,18.9
239,10,4,0,18.9
239,10,5,0,18.9
239,10,6,0,18.9
239,10,7,0,18.9
239,10,8,0,18.9
239,10,9,0,18.9
239,10,10,0,18.9
239,10,11,0,18.9
239,10,12,0,18.9
239,10,13,0,18.9
239,10,14,0,18.9
239,10,15,0,18.9
239,10,16,0,18.9
239,10,17,0,18.9
239,10,18,0,18.9
239,10,19,0,18.9
239,10,20,0,18.9
239,10,21,0,18.9
239,10,22,0,18.9
239,10,23,0,18.9
239,10,24,0,18.9
239,10,25,0,18.9
239,10,26,0,18.9
239,10,27,0,18.9
239,10,28,0,18.9
239,10,29,0,18.9
239,10,30,0,18.9
239,10,31,0,18.9
239,10,32,0,18.9
239,10,33,0,18.9
239,10,34,0,18.9
239,10,35,0,18.9
239,10,36,0,18.9
239,10,37,0,18.9
239,10,38,0,18.9
239,10,39,0,18.9
239,10,40,0,18.9
239,10,41,118,18.9
239,10,42,71,18.9
239,10,43,0,18.9
239,10,44,0,18.9
239,10,45,0,18.9
239,10,46,0,18.9
239,10,47,0,18.9
239,10,48,0,18.9
239,10,49,0,18.9
239,10,50,0,18.9
239,10,51,0,18.9
239,10,52,0,18.9
239,10,53,0,18.9
239,10,54,0,18.9
239,10,55,0,18.9
239,10,56,0,18.9
239,10,57,0,18.9
239,10,58,0,18.9
239,10,59,0,18.9
239,10,60,0,18.9
239,10,61,0,18.9
239,10,62,0,18.9
239,10,63,0,18.9
239,11,0,0,18.0909
239,11,1,0,18.0909
239,11,2,0,18.0909
239,11,3,0,18.0909
239,11,4,0,18.0909
239,11,5,0,18.0909
239,11,6,0,18.0909
239,11,7,0,18.0909
239,11,8,0,18.0909
239,11,9,0,18.0909
239,11,10,0,18.0909
239,11,11,0,18.0909
239,11,12,0,18.0909
239,11,13,0,18.0909
239,11,14,0,18.0909
239,11,15,0,18.0909
239,11,16,0,18.0909
239,11,17,0,18.0909
239,11,18,0,18.0909
239,11,19,0,18.0909
239,11,20,0,18.0909
239,11,21,0,18.0909
239,11,22,0,18.0909
239,11,23,0,18.0909
239,11,24,0,18.0909
239,11,25,0,18.0909
239,11,26,0,18.0909
239,11,27,0,18.0909
239,11,28,0,18.0909
239,11,29,0,18.0909
239,11,30,0,18.0909
239,11,31,0,18.0909
239,11,32,0,18.0909
239,11,33,0,18.0909
239,11,34,0,18.0909
239,11,35,0,18.0909
239,11,36,0,18.0909
239,11,37,0,18.0909
239,11,38,0,18.0909
239,11,39,0,18.0909
239,11,40,0,18.0909
239,11,41,118,18.0909
239,11,42,81,18.0909
239,11,43,0,18.0909
239,11,44,0,18.0909
239,11,45,0,18.0909
239,11,46,0,18.0909
239,11,47,0,18.0909
239,11,48,0,18.0909
239,11,49,0,18.0909
239,11,50,0,18.0909
239,11,51,0,18.0909
239,11,52,0,18.0909
239,11,53,0,18.0909
239,11,54,0,18.0909
239,11,55,0,18.0909
239,11,56,0,18.0909
239,11,57,0,18.0909
239,11,58,0,18.0909
239,11,59,0,18.0909
239,11,60,0,18.0909
239,11,61,0,18.0909
239,11,62,0,18.0909
239,11,63,0,18.0909
239,12,0,0,17.9167
239,12,1,0,17.9167
239,12,2,0,17.9167
239,12,3,0,17.9167
239,12,4,0,17.9167
239,12,5,0,17.9167
239,12,6,0,17.9167
239,12,7,0,17.9167
239,12,8,0,17.9167
239,12,9,0,17.9167
239,12,10,0,17.9167
239,12,11,0,17.9167
239,12,12,0,17.9167
239,12,13,0,17.9167
239,12,14,0,17.9167
239,12,15,0,17.9167
239,12,16,0,17.9167
239,12,17,0,17.9167
239,12,18,0,17.9167
239,12,19,0,17.9167
239,12,20,0,17.9167
239,12,21,0,17.9167
239,12,22,0,17.9167
239,12,23,0,17.9167
239,12,24,0,17.9167
239,12,25,0,17.9167
239,12,26,0,17.9167
239,12,27,0,17.9167
239,12,28,0,17.9167
239,12,29,0,17.9167
239,12,30,0,17.9167
239,12,31,0,17.9167
239,12,32,0,17.9167
239,12,33,0,17.9167
239,12,34,0,17.9167
239,12,35,0,17.9167
239,12,36,0,17.9167
239,12,37,0,17.9167
239,12,38,0,17.9167
239,12,39,0,17.9167
239,12,40,0,17.9167
239,12,41,118,17.9167
239,12,42,97,17.9167
239,12,43,0,17.9167
239,12,44,0,17.9167
239,12,45,0,17.9167
239,12,46,0,17.9167
239,12,47,0,17.9167
239,12,48,0,17.9167
239,12,49,0,17.9167
239,12,50,0,17.9167
239,12,51,0,17.9167
239,12,52,0,17.9167
239,12,53,0,17.9167
239,12,54,0,17.9167
239,12,55,0,17.9167
239,12,56,0,17.9167
239,12,57,0,17.9167
239,12,58,0,17.9167
239,12,59,0,17.9167
239,12,60,0,17.9167
239,12,61,0,17.9167
239,12,62,0,17.9167
239,12,63,0,17.9167
239,13,0,0,17.7692
239,13,1,0,17.7692
239,13,2,0,17.7692
239,13,3,0,17.7692
239,13,4,0,17.7692
239,13,5,0,17.7692
239,13,6,0,17.7692
239,13,7,0,17.7692
239,13,8,0,17.7692
239,13,9,0,17.7692
239,13,10,0,17.7692
239,13,11,0,17.7692
239,13,12,0,17.7692
239,13,13,0,17.7692
239,13,14,0,17.7692
239,13,15,0,17.7692
239,13,16,0,17.7692
239,13,17,0,17.7692
239,13,18,0,17.7692
239,13,19,0,17.7692
239,13,20,0,17.7692
239,13,21,0,17.7692
239,13,22,0,17.7692
239,13,23,0,17.7692
239,13,24,0,17.7692
239,13,25,0,17.7692
239,13,26,0,17.7692
239,13,27,0,17.7692
239,13,28,0,17.7692
239,13,29,0,17.7692
239,13,30,0,17.7692
239,13,31,0,17.7692
239,13,32,0,17.7692
239,13,33,0,17.7692
239,13,34,0,17.7692
239,13,35,0,17.7692
239,13,36,0,17.7692
239,13,37,0,17.7692
239,13,38,0,17.7692
239,13,39,0,17.7692
239,13,40,0,17.7692
239,13,41,134,17.7692
239,13,42,97,17.7692
239,13,43,0,17.7692
239,13,44,0,17.7692
239,13,45,0,17.7692
239,13,46,0,17.7692
239,13,47,0,17.7692
239,13,48,0,17.7692
239,13,49,0,17.7692
239,13,50,0,17.7692
239,13,51,0,17.7692
239,13,52,0,17.7692
239,13,53,0,17.7692
239,13,54,0,17.7692
239,13,55,0,17.7692
239,13,56,0,17.7692
239,13,57,0,17.7692
239,13,58,0,17.7692
239,13,59,0,17.7692
239,13,60,0,17.7692
239,13,61,0,17.7692
239,13,62,0,17.7692
239,13,63,0,17.7692
239,14,0,0,17.2143
239,14,1,0,17.2143
239,14,2,0,17.2143
239,14,3,0,17.2143
239,14,4,0,17.2143
239,14,5,0,17.2143
239,14,6,0,17.2143
239,14,7,0,17.2143
239,14,8,0,17.2143
239,14,9,0,17.2143
239,14,10,0,17.2143
239,14,11,0,17.2143
239,14,12,0,17.2143
239,14,13,0,17.2143
239,14,14,0,17.2143
239,14,15,0,17.2143
239,14,16,0,17.2143
239,14,17,0,17.2143
239,14,18,0,17.2143
239,14,19,0,17.2143
239,14,20,0,17.2143
239,14,21,0,17.2143
239,14,22,0,17.2143
239,14,23,0,17.2143
239,14,24,0,17.2143
239,14,25,0,17.2143
239,14,26,0,17.2143
239,14,27,0,17.2143
239,14,28,0,17.2143
239,14,29,0,17.2143
239,14,30,0,17.2143
239,14,31,0,17.2143
239,14,32,0,17.2143
239,14,33,0,17.2143
239,14,34,0,17.2143
239,14,35,0,17.2143
239,14,36,0,17.2143
239,14,37,0,17.2143
239,14,38,0,17.2143
239,14,39,0,17.2143
239,14,40,0,17.2143
239,14,41,134,17.2143
239,14,42,107,17.2143
239,14,43,0,17.2143
239,14,44,0,17.2143
239,14,45,0,17.2143
239,14,46,0,17.2143
239,14,47,0,17.2143
239,14,48,0,17.2143
239,14,49,0,17.2143
239,14,50,0,17.2143
239,14,51,0,17.2143
239,14,52,0,17.2143
239,14,53,0,17.2143
239,14,54,0,17.2143
239,14,55,0,17.2143
239,14,56,0,17.2143
239,14,57,0,17.2143
239,14,58,0,17.2143
239,14,59,0,17.2143
239,14,60,0,17.2143
239,14,61,0,17.2143
239,14,62,0,17.2143
239,14,63,0,17.2143
239,15,0,0,17.8667
239,15,1,0,17.8667
239,15,2,0,17.8667
239,15,3,0,17.8667
239,15,4,0,17.8667
239,15,5,0,17.8667
239,15,6,0,17.8667
239,15,7,0,17.8667
239,15,8,0,17.8667
239,15,9,0,17.8667
239,15,10,0,17.8667
239,15,11,0,17.8667
239,15,12,0,17.8667
239,15,13,0,17.8667
239,15,14,0,17.8667
239,15,15,0,17.8667
239,15,16,0,17.8667
239,15,17,0,17.8667
239,15,18,0,17.8667
239,15,19,0,17.8667
239,15,20,0,17.8667
239,15,21,0,17.8667
239,15,22,0,17.8667
239,15,23,0,17.8667
239,15,24,0,17.8667
239,15,25,0,17.8667
239,15,26,0,17.8667
239,15,27,0,17.8667
239,15,28,0,17.8667
239,15,29,0,17.8667
239,15,30,0,17.8667
239,15,31,0,17.8667
239,15,32,0,17.8667
239,15,33,0,17.8667
239,15,34,0,17.8667
239,15,35,0,17.8667
239,15,36,0,17.8667
239,15,37,0,17.8667
239,15,38,0,17.8667
239,15,39,0,17.8667
239,15,40,0,17.8667
239,15,41,134,17.8667
239,15,42,134,17.8667
239,15,43,0,17.8667
239,15,44,0,17.8667
239,15,45,0,17.8667
239,15,46,0,17.8667
239,15,47,0,17.8667
239,15,48,0,17.8667
239,15,49,0,17.8667
239,15,50,0,17.8667
239,15,51,0,17.8667
239,15,52,0,17.8667
239,15,53,0,17.8667
239,15,54,0,17.8667
239,15,55,0,17.8667
239,15,56,0,17.8667
239,15,57,0,17.8667
239,15,58,0,17.8667
239,15,59,0,17.8667
239,15,60,0,17.8667
239,15,61,0,17.8667
239,15,62,0,17.8667
239,15,63,0,17.8667
239,16,0,0,17.9375
239,16,1,0,17.9375
239,16,2,0,17.9375
239,16,3,0,17.9375
239,16,4,0,17.9375
239,16,5,0,17.9375
239,16,6,0,17.9375
239,16,7,0,17.9375
239,16,8,0,17.9375
239,16,9,0,17.9375
239,16,10,0,17.9375
239,16,11,0,17.9375
239,16,12,0,17.9375
239,16,13,0,17.9375
239,16,14,0,17.9375
239,16,15,0,17.9375
239,16,16,0,17.9375
239,16,17,0,17.9375
239,16,18,0,17.9375
239,16,19,0,17.9375
239,16,20,0,17.9375
239,16,21,0,17.9375
239,16,22,0,17.9375
239,16,23,0,17.9375
239,16,24,0,17.9375
239,16,25,0,17.9375
239,16,26,0,17.9375
239,16,27,0,17.9375
239,16,28,0,17.9375
239,16,29,0,17.9375
239,16,30,0,17.9375
239,16,31,0,17.9375
239,16,32,0,17.9375
239,16,33,0,17.9375
239,16,34,0,17.9375
239,16,35,0,17.9375
239,16,36,0,17.9375
239,16,37,0,17.9375
239,16,38,0,17.9375
239,16,39,0,17.9375
239,16,40,0,17.9375
239,16,41,153,17.9375
239,16,42,134,17.9375
239,16,43,0,17.9375
239,16,44,0,17.9375
239,16,45,0,17.9375
239,16,46,0,17.9375
239,16,47,0,17.9375
239,16,48,0,17.9375
239,16,49,0,17.9375
239,16,50,0,17.9375
239,16,51,0,17.9375
239,16,52,0,17.9375
239,16,53,0,17.9375
239,16,54,0,17.9375
239,16,55,0,17.9375
239,16,56,0,17.9375
239,16,57,0,17.9375
239,16,58,0,17.9375
239,16,59,0,17.9375
239,16,60,0,17.9375
239,16,61,0,17.9375
239,16,62,0,17.9375
239,16,63,0,17.9375
239,17,0,0,17.1176
239,17,1,0,17.1176
239,17,2,0,17.1176
239,17,3,0,17.1176
239,17,4,0,17.1176
239,17,5,0,17.1176
239,17,6,0,17.1176
239,17,7,0,17.1176
239,17,8,0,17.1176
239,17,9,0,17.1176
239,17,10,0,17.1176
239,17,11,0,17.1176
239,17,12,0,17.1176
239,17,13,0,17.1176
239,17,14,0,17.1176
239,17,15,0,17.1176
239,17,16,0,17.1176
239,17,17,0,17.1176
239,17,18,0,17.1176
239,17,19,0,17.1176
239,17,20,0,17.1176
239,17,21,0,17.1176
239,17,22,0,17.1176
239,17,23,0,17.1176
239,17,24,0,17.1176
239,17,25,0,17.1176
239,17,26,0,17.1176
239,17,27,0,17.1176
239,17,28,0,17.1176
239,17,29,0,17.1176
239,17,30,0,17.1176
239,17,31,0,17.1176
239,17,32,0,17.1176
239,17,33,0,17.1176
239,17,34,0,17.1176
239,17,35,0,17.1176
239,17,36,0,17.1176
239,17,37,0,17.1176
239,17,38,0,17.1176
239,17,39,0,17.1176
239,17,40,0,17.1176
239,17,41,157,17.1176
239,17,42,134,17.1176
239,17,43,0,17.1176
239,17,44,0,17.1176
239,17,45,0,17.1176
239,17,46,0,17.1176
239,17,47,0,17.1176
239,17,48,0,17.1176
239,17,49,0,17.1176
239,17,50,0,17.1176
239,17,51,0,17.1176
239,17,52,0,17.1176
239,17,53,0,17.1176
239,17,54,0,17.1176
239,17,55,0,17.1176
239,17,56,0,17.1176
239,17,57,0,17.1176
239,17,58,0,17.1176
239,17,59,0,17.1176
239,17,60,0,17.1176
239,17,61,0,17.1176
239,17,62,0,17.1176
239,17,63,0,17.1176
239,18,0,0,16.6111
239,18,1,0,16.6111
239,18,2,0,16.6111
239,18,3,0,16.6111
239,18,4,0,16.6111
239,18,5,0,16.6111
239,18,6,0,16.6111
239,18,7,0,16.6111
239,18,8,0,16.6111
239,18,9,0,16.6111
239,18,10,0,16.6111
239,18,11,0,16.6111
239,18,12,0,16.6111
239,18,13,0,16.6111
239,18,14,0,16.6111
239,18,15,0,16.6111
239,18,16,0,16.6111
239,18,17,0,16.6111
239,18,18,0,16.6111
239,18,19,0,16.6111
239,18,20,0,16.6111
239,18,21,0,16.6111
239,18,22,0,16.6111
239,18,23,0,16.6111
239,18,24,0,16.6111
239,18,25,0,16.6111
239,18,26,0,16.6111
239,18,27,0,16.6111
239,18,28,0,16.6111
239,18,29,0,16.6111
239,18,30,0,16.6111
239,18,31,0,16.6111
239,18,32,0,16.6111
239,18,33,0,16.6111
239,18,34,0,16.6111
239,18,35,0,16.6111
239,18,36,0,16.6111
239,18,37,0,16.6111
239,18,38,0,16.6111
239,18,39,0,16.6111
239,18,40,0,16.6111
239,18,41,157,16.6111
239,18,42,142,16.6111
239,18,43,0,16.6111
239,18,44,0,16.6111
239,18,45,0,16.6111
239,18,46,0,16.6111
239,18,47,0,16.6111
239,18,48,0,16.6111
239,18,49,0,16.6111
239,18,50,0,16.6111
239,18,51,0,16.6111
239,18,52,0,16.6111
239,18,53,0,16.6111
239,18,54,0,16.6111
239,18,55,0,16.6111
239,18,56,0,16.6111
239,18,57,0,16.6111
239,18,58,0,16.6111
239,18,59,0,16.6111
239,18,60,0,16.6111
239,18,61,0,16.6111
239,18,62,0,16.6111
239,18,63,0,16.6111
239,19,0,0,16.6316
239,19,1,0,16.6316
239,19,2,0,16.6316
239,19,3,0,16.6316
239,19,4,0,16.6316
239,19,5,0,16.6316
239,19,6,0,16.6316
239,19,7,0,16.6316
239,19,8,0,16.6316
239,19,9,0,16.6316
239,19,10,0,16.6316
239,19,11,0,16.6316
239,19,12,0,16.6316
239,19,13,0,16.6316
239,19,14,0,16.6316
239,19,15,0,16.6316
239,19,16,0,16.6316
239,19,17,0,16.6316
239,19,18,0,16.6316
239,19,19,0,16.6316
239,19,20,0,16.6316
239,19,21,0,16.6316
239,19,22,0,16.6316
239,19,23,0,16.6316
239,19,24,0,16.6316
239,19,25,0,16.6316
239,19,26,0,16.6316
239,19,27,0,16.6316
239,19,28,0,16.6316
239,19,29,0,16.6316
239,19,30,0,16.6316
239,19,31,0,16.6316
239,19,32,0,16.6316
239,19,33,0,16.6316
239,19,34,0,16.6316
239,19,35,0,16.6316
239,19,36,0,16.6316
239,19,37,0,16.6316
239,19,38,0,16.6316
239,19,39,0,16.6316
239,19,40,0,16.6316
239,19,41,157,16.6316
239,19,42,159,16.6316
239,19,43,0,16.6316
239,19,44,0,16.6316
239,19,45,0,16.6316
239,19,46,0,16.6316
239,19,47,0,16.6316
239,19,48,0,16.6316
239,19,49,0,16.6316
239,19,50,0,16.6316
239,19,51,0,16.6316
239,19,52,0,16.6316
239,19,53,0,16.6316
239,19,54,0,16.6316
239,19,55,0,16.6316
239,19,56,0,16.6316
239,19,57,0,16.6316
239,19,58,0,16.6316
239,19,59,0,16.6316
239,19,60,0,16.6316
239,19,61,0,16.6316
239,19,62,0,16.6316
239,19,63,0,16.6316
239,20,0,0,17.75
239,20,1,0,17.75
239,20,2,0,17.75
239,20,3,0,17.75
239,20,4,0,17.75
239,20,5,0,17.75
239,20,6,0,17.75
239,20,7,0,17.75
239,20,8,0,17.75
239,20,9,0,17.75
239,20,10,0,17.75
239,20,11,0,17.75
239,20,12,0,17.75
239,20,13,0,17.75
239,20,14,0,17.75
239,20,15,0,17.75
239,20,16,0,17.75
239,20,17,0,17.75
239,20,18,0,17.75
239,20,19,0,17.75
239,20,20,0,17.75
239,20,21,0,17.75
239,20,22,0,17.75
239,20,23,0,17.75
239,20,24,0,17.75
239,20,25,0,17.75
239,20,26,0,17.75
239,20,27,0,17.75
239,20,28,0,17.75
239,20,29,0,17.75
239,20,30,0,17.75
239,20,31,0,17.75
239,20,32,0,17.75
239,20,33,0,17.75
239,20,34,0,17.75
239,20,35,0,17.75
239,20,36,0,17.75
239,20,37,0,17.75
239,20,38,0,17.75
239,20,39,0,17.75
239,20,40,0,17.75
239,20,41,157,17.75
239,20,42,198,17.75
239,20,43,0,17.75
239,20,44,0,17.75
239,20,45,0,17.75
239,20,46,0,17.75
239,20,47,0,17.75
239,20,48,0,17.75
239,20,49,0,17.75
239,20,50,0,17.75
239,20,51,0,17.75
239,20,52,0,17.75
239,20,53,0,17.75
239,20,54,0,17.75
239,20,55,0,17.75
239,20,56,0,17.75
239,20,57,0,17.75
239,20,58,0,17.75
239,20,59,0,17.75
239,20,60,0,17.75
239,20,61,0,17.75
239,20,62,0,17.75
239,20,63,0,17.75
239,21,0,0,18.2381
239,21,1,0,18.2381
239,21,2,0,18.2381
239,21,3,0,18.2381
239,21,4,0,18.2381
239,21,5,0,18.2381
239,21,6,0,18.2381
239,21,7,0,18.2381
239,21,8,0,18.2381
239,21,9,0,18.2381
239,21,10,0,18.2381
239,21,11,0,18.2381
239,21,12,0,18.2381
239,21,13,0,18.2381
239,21,14,0,18.2381
239,21,15,0,18.2381
239,21,16,0,18.2381
239,21,17,0,18.2381
239,21,18,0,18.2381
239,21,19,0,18.2381
239,21,20,0,18.2381
239,21,21,0,18.2381
239,21,22,0,18.2381
239,21,23,0,18.2381
239,21,24,0,18.2381
239,21,25,0,18.2381
239,21,26,0,18.2381
239,21,27,0,18.2381
239,21,28,0,18.2381
239,21,29,0,18.2381
239,21,30,0,18.2381
239,21,31,0,18.2381
239,21,32,0,18.2381
239,21,33,0,18.2381
239,21,34,0,18.2381
239,21,35,0,18.2381
239,21,36,0,18.2381
239,21,37,0,18.2381
239,21,38,0,18.2381
239,21,39,0,18.2381
239,21,40,0,18.2381
239,21,41,157,18.2381
239,21,42,226,18.2381
239,21,43,0,18.2381
239,21,44,0,18.2381
239,21,45,0,18.2381
239,21,46,0,18.2381
239,21,47,0,18.2381
239,21,48,0,18.2381
239,21,49,0,18.2381
239,21,50,0,18.2381
239,21,51,0,18.2381
239,21,52,0,18.2381
239,21,53,0,18.2381
239,21,54,0,18.2381
239,21,55,0,18.2381
239,21,56,0,18.2381
239,21,57,0,18.2381
239,21,58,0,18.2381
239,21,59,0,18.2381
239,21,60,0,18.2381
239,21,61,0,18.2381
239,21,62,0,18.2381
239,21,63,0,18.2381
239,22,0,0,17.9545
239,22,1,0,17.9545
239,22,2,0,17.9545
239,22,3,0,17.9545
239,22,4,0,17.9545
239,22,5,0,17.9545
239,22,6,0,17.9545
239,22,7,0,17.9545
239,22,8,0,17.9545
239,22,9,0,17.9545
239,22,10,0,17.9545
239,22,11,0,17.9545
239,22,12,0,17.9545
239,22,13,0,17.9545
239,22,14,0,17.9545
239,22,15,0,17.9545
239,22,16,0,17.9545
239,22,17,0,17.9545
239,22,18,0,17.9545
239,22,19,0,17.9545
239,22,20,0,17.9545
239,22,21,0,17.9545
239,22,22,0,17.9545
239,22,23,0,17.9545
239,22,24,0,17.9545
239,22,25,0,17.9545
239,22,26,0,17.9545
239,22,27,0,17.9545
239,22,28,0,17.9545
239,22,29,0,17.9545
239,22,30,0,17.9545
239,22,31,0,17.9545
239,22,32,0,17.9545
239,22,33,0,17.9545
239,22,34,0,17.9545
239,22,35,0,17.9545
239,22,36,0,17.9545
239,22,37,0,17.9545
239,22,38,0,17.9545
239,22,39,0,17.9545
239,22,40,0,17.9545
239,22,41,157,17.9545
239,22,42,238,17.9545
239,22,43,0,17.9545
239,22,44,0,17.9545
239,22,45,0,17.9545
239,22,46,0,17.9545
239,22,47,0,17.9545
239,22,48,0,17.9545
239,22,49,0,17.9545
239,22,50,0,17.9545
239,22,51,0,17.9545
239,22,52,0,17.9545
239,22,53,0,17.9545
239,22,54,0,17.9545
239,22,55,0,17.9545
239,22,56,0,17.9545
239,22,57,0,17.9545
239,22,58,0,17.9545
239,22,59,0,17.9545
239,22,60,0,17.9545
239,22,61,0,17.9545
239,22,62,0,17.9545
239,22,63,0,17.9545
239,23,0,0,17.4783
239,23,1,0,17.4783
239,23,2,0,17.4783
239,23,3,0,17.4783
239,23,4,0,17.4783
239,23,5,0,17.4783
239,23,6,0,17.4783
239,23,7,0,17.4783
239,23,8,0,17.4783
239,23,9,0,17.4783
239,23,10,0,17.4783
239,23,11,0,17.4783
239,23,12,0,17.4783
239,23,13,0,17.4783
239,23,14,0,17.4783
239,23,15,0,17.4783
239,23,16,0,17.4783
239,23,17,0,17.4783
239,23,18,0,17.4783
239,23,19,0,17.4783
239,23,20,0,17.4783
239,23,21,0,17.4783
239,23,22,0,17.4783
239,23,23,0,17.4783
239,23,24,0,17.4783
239,23,25,0,17.4783
239,23,26,0,17.4783
239,23,27,0,17.4783
239,23,28,0,17.4783
239,23,29,0,17.4783
239,23,30,0,17.4783
239,23,31,0,17.4783
239,23,32,0,17.4783
239,23,33,0,17.4783
239,23,34,0,17.4783
239,23,35,0,17.4783
239,23,36,0,17.4783
239,23,37,0,17.4783
239,23,38,0,17.4783
239,23,39,0,17.4783
239,23,40,0,17.4783
239,23,41,157,17.4783
239,23,42,245,17.4783
239,23,43,0,17.4783
239,23,44,0,17.4783
239,23,45,0,17.4783
239,23,46,0,17.4783
239,23,47,0,17.4783
239,23,48,0,17.4783
239,23,49,0,17.4783
239,23,50,0,17.4783
239,23,51,0,17.4783
239,23,52,0,17.4783
239,23,53,0,17.4783
239,23,54,0,17.4783
239,23,55,0,17.4783
239,23,56,0,17.4783
239,23,57,0,17.4783
239,23,58,0,17.4783
239,23,59,0,17.4783
239,23,60,0,17.4783
239,23,61,0,17.4783
239,23,62,0,17.4783
239,23,63,0,17.4783
239,24,0,0,17.2083
239,24,1,0,17.2083
239,24,2,0,17.2083
239,24,3,0,17.2083
239,24,4,0,17.2083
239,24,5,0,17.2083
239,24,6,0,17.2083
239,24,7,0,17.2083
239,24,8,0,17.2083
239,24,9,0,17.2083
239,24,10,0,17.2083
239,24,11,0,17.2083
239,24,12,0,17.2083
239,24,13,0,17.2083
239,24,14,0,17.2083
239,24,15,0,17.2083
239,24,16,0,17.2083
239,24,17,0,17.2083
239,24,18,0,17.2083
239,24,19,0,17.2083
239,24,20,0,17.2083
239,24,21,0,17.2083
239,24,22,0,17.2083
239,24,23,0,17.2083
239,24,24,0,17.2083
239,24,25,0,17.2083
239,24,26,0,17.2083
239,24,27,0,17.2083
239,24,28,0,17.2083
239,24,29,0,17.2083
239,24,30,0,17.2083
239,24,31,0,17.2083
239,24,32,0,17.2083
239,24,33,0,17.2083
239,24,34,0,17.2083
239,24,35,0,17.2083
239,24,36,0,17.2083
239,24,37,0,17.2083
239,24,38,0,17.2083
239,24,39,0,17.2083
239,24,40,0,17.2083
239,24,41,168,17.2083
239,24,42,245,17.2083
239,24,43,0,17.2083
239,24,44,0,17.2083
239,24,45,0,17.2083
239,24,46,0,17.2083
239,24,47,0,17.2083
239,24,48,0,17.2083
239,24,49,0,17.2083
239,24,50,0,17.2083
239,24,51,0,17.2083
239,24,52,0,17.2083
239,24,53,0,17.2083
239,24,54,0,17.2083
239,24,55,0,17.2083
239,24,56,0,17.2083
239,24,57,0,17.2083
239,24,58,0,17.2083
239,24,59,0,17.2083
239,24,60,0,17.2083
239,24,61,0,17.2083
239,24,62,0,17.2083
239,24,63,0,17.2083
239,25,0,0,17.48
239,25,1,0,17.48
239,25,2,0,17.48
239,25,3,0,17.48
239,25,4,0,17.48
239,25,5,0,17.48
239,25,6,0,17.48
239,25,7,0,17.48
239,25,8,0,17.48
239,25,9,0,17.48
239,25,10,0,17.48
239,25,11,0,17.48
239,25,12,0,17.48
239,25,13,0,17.48
239,25,14,0,17.48
239,25,15,0,17.48
239,25,16,0,17.48
239,25,17,0,17.48
239,25,18,0,17.48
239,25,19,0,17.48
239,25,20,0,17.48
239,25,21,0,17.48
239,25,22,0,17.48
239,25,23,0,17.48
239,25,24,0,17.48
239,25,25,0,17.48
239,25,26,0,17.48
239,25,27,0,17.48
239,25,28,0,17.48
239,25,29,0,17.48
239,25,30,0,17.48
239,25,31,0,17.48
239,25,32,0,17.48
239,25,33,0,17.48
239,25,34,0,17.48
239,25,35,0,17.48
239,25,36,0,17.48
239,25,37,0,17.48
239,25,38,0,17.48
239,25,39,0,17.48
239,25,40,0,17.48
239,25,41,192,17.48
239,25,42,245,17.48
239,25,43,0,17.48
239,25,44,0,17.48
239,25,45,0,17.48
239,25,46,0,17.48
239,25,47,0,17.48
239,25,48,0,17.48
239,25,49,0,17.48
239,25,50,0,17.48
239,25,51,0,17.48
239,25,52,0,17.48
239,25,53,0,17.48
239,25,54,0,17.48
239,25,55,0,17.48
239,25,56,0,17.48
239,25,57,0,17.48
239,25,58,0,17.48
239,25,59,0,17.48
239,25,60,0,17.48
239,25,61,0,17.48
239,25,62,0,17.48
239,25,63,0,17.48
239,26,0,0,16.8846
239,26,1,0,16.8846
239,26,2,0,16.8846
239,26,3,0,16.8846
239,26,4,0,16.8846
239,26,5,0,16.8846
239,26,6,0,16.8846
239,26,7,0,16.8846
239,26,8,0,16.8846
239,26,9,0,16.8846
239,26,10,0,16.8846
239,26,11,0,16.8846
239,26,12,0,16.8846
239,26,13,0,16.8846
239,26,14,0,16.8846
239,26,15,0,16.8846
239,26,16,0,16.8846
239,26,17,0,16.8846
239,26,18,0,16.8846
239,26,19,0,16.8846
239,26,20,0,16.8846
239,26,21,0,16.8846
239,26,22,0,16.8846
239,26,23,0,16.8846
239,26,24,0,16.8846
239,26,25,0,16.8846
239,26,26,0,16.8846
239,26,27,0,16.8846
239,26,28,0,16.8846
239,26,29,0,16.8846
239,26,30,0,16.8846
239,26,31,0,16.8846
239,26,32,0,16.8846
239,26,33,0,16.8846
239,26,34,0,16.8846
239,26,35,0,16.8846
239,26,36,0,16.8846
239,26,37,0,16.8846
239,26,38,0,16.8846
239,26,39,0,16.8846
239,26,40,0,16.8846
239,26,41,194,16.8846
239,26,42,245,16.8846
239,26,43,0,16.8846
239,26,44,0,16.8846
239,26,45,0,16.8846
239,26,46,0,16.8846
239,26,47,0,16.8846
239,26,48,0,16.8846
239,26,49,0,16.8846
239,26,50,0,16.8846
239,26,51,0,16.8846
239,26,52,0,16.8846
239,26,53,0,16.8846
239,26,54,0,16.8846
239,26,55,0,16.8846
239,26,56,0,16.8846
239,26,57,0,16.8846
239,26,58,0,16.8846
239,26,59,0,16.8846
239,26,60,0,16.8846
239,26,61,0,16.8846
239,26,62,0,16.8846
239,26,63,0,16.8846
239,27,0,0,17.0741
239,27,1,0,17.0741
239,27,2,0,17.0741
239,27,3,0,17.0741
239,27,4,0,17.0741
239,27,5,0,17.0741
239,27,6,0,17.0741
239,27,7,0,17.0741
239,27,8,0,17.0741
239,27,9,0,17.0741
239,27,10,0,17.0741
239,27,11,0,17.0741
239,27,12,0,17.0741
239,27,13,0,17.0741
239,27,14,0,17.0741
239,27,15,0,17.0741
239,27,16,0,17.0741
239,27,17,0,17.0741
239,27,18,0,17.0741
239,27,19,0,17.0741
239,27,20,0,17.0741
239,27,21,0,17.0741
239,27,22,0,17.0741
239,27,23,0,17.0741
239,27,24,0,17.0741
239,27,25,0,17.0741
239,27,26,0,17.0741
239,27,27,0,17.0741
239,27,28,0,17.0741
239,27,29,0,17.0741
239,27,30,0,17.0741
239,27,31,0,17.0741
239,27,32,0,17.0741
239,27,33,0,17.0741
239,27,34,0,17.0741
239,27,35,0,17.0741
239,27,36,0,17.0741
239,27,37,0,17.0741
239,27,38,0,17.0741
239,27,39,0,17.0741
239,27,40,0,17.0741
239,27,41,194,17.0741
239,27,42,267,17.0741
239,27,43,0,17.0741
239,27,44,0,17.0741
239,27,45,0,17.0741
239,27,46,0,17.0741
239,27,47,0,17.0741
239,27,48,0,17.0741
239,27,49,0,17.0741
239,27,50,0,17.0741
239,27,51,0,17.0741
239,27,52,0,17.0741
239,27,53,0,17.0741
239,27,54,0,17.0741
239,27,55,0,17.0741
239,27,56,0,17.0741
239,27,57,0,17.0741
239,27,58,0,17.0741
239,27,59,0,17.0741
239,27,60,0,17.0741
239,27,61,0,17.0741
239,27,62,0,17.0741
239,27,63,0,17.0741
239,28,0,0,16.9643
239,28,1,0,16.9643
239,28,2,0,16.9643
239,28,3,0,16.9643
239,28,4,0,16.9643
239,28,5,0,16.9643
239,28,6,0,16.9643
239,28,7,0,16.9643
239,28,8,0,16.9643
239,28,9,0,16.9643
239,28,10,0,16.9643
239,28,11,0,16.9643
239,28,12,0,16.9643
239,28,13,0,16.9643
239,28,14,0,16.9643
239,28,15,0,16.9643
239,28,16,0,16.9643
239,28,17,0,16.9643
239,28,18,0,16.9643
239,28,19,0,16.9643
239,28,20,0,16.9643
239,28,21,0,16.9643
239,28,22,0,16.9643
239,28,23,0,16.9643
239,28,24,0,16.9643
239,28,25,0,16.9643
239,28,26,0,16.9643
239,28,27,0,16.9643
239,28,28,0,16.9643
239,28,29,0,16.9643
239,28,30,0,16.9643
239,28,31,0,16.9643
239,28,32,0,16.9643
239,28,33,0,16.9643
239,28,34,0,16.9643
239,28,35,0,16.9643
239,28,36,0,16.9643
239,28,37,0,16.9643
239,28,38,0,16.9643
239,28,39,0,16.9643
239,28,40,0,16.9643
239,28,41,208,16.9643
239,28,42,267,16.9643
239,28,43,0,16.9643
239,28,44,0,16.9643
239,28,45,0,16.9643
239,28,46,0,16.9643
239,28,47,0,16.9643
239,28,48,0,16.9643
239,28,49,0,16.9643
239,28,50,0,16.9643
239,28,51,0,16.9643
239,28,52,0,16.9643
239,28,53,0,16.9643
239,28,54,0,16.9643
239,28,55,0,16.9643
239,28,56,0,16.9643
239,28,57,0,16.9643
239,28,58,0,16.9643
239,28,59,0,16.9643
239,28,60,0,16.9643
239,28,61,0,16.9643
239,28,62,0,16.9643
239,28,63,0,16.9643
239,29,0,0,17.9655
239,29,1,0,17.9655
239,29,2,0,17.9655
239,29,3,0,17.9655
239,29,4,0,17.9655
239,29,5,0,17.9655
239,29,6,0,17.9655
239,29,7,0,17.9655
239,29,8,0,17.9655
239,29,9,0,17.9655
239,29,10,0,17.9655
239,29,11,0,17.9655
239,29,12,0,17.9655
239,29,13,0,17.9655
239,29,14,0,17.9655
239,29,15,0,17.9655
239,29,16,0,17.9655
239,29,17,0,17.9655
239,29,18,0,17.9655
239,29,19,0,17.9655
239,29,20,0,17.9655
239,29,21,0,17.9655
239,29,22,0,17.9655
239,29,23,0,17.9655
239,29,24,0,17.9655
239,29,25,0,17.9655
239,29,26,0,17.9655
239,29,27,0,17.9655
239,29,28,0,17.9655
239,29,29,0,17.9655
239,29,30,0,17.9655
239,29,31,0,17.9655
239,29,32,0,17.9655
239,29,33,0,17.9655
239,29,34,0,17.9655
239,29,35,0,17.9655
239,29,36,0,17.9655
239,29,37,0,17.9655
239,29,38,0,17.9655
239,29,39,0,17.9655
239,29,40,0,17.9655
239,29,41,254,17.9655
239,29,42,267,17.9655
239,29,43,0,17.9655
239,29,44,0,17.9655
239,29,45,0,17.9655
239,29,46,0,17.9655
239,29,47,0,17.9655
239,29,48,0,17.9655
239,29,49,0,17.9655
239,29,50,0,17.9655
239,29,51,0,17.9655
239,29,52,0,17.9655
239,29,53,0,17.9655
239,29,54,0,17.9655
239,29,55,0,17.9655
239,29,56,0,17.9655
239,29,57,0,17.9655
239,29,58,0,17.9655
239,29,59,0,17.9655
239,29,60,0,17.9655
239,29,61,0,17.9655
239,29,62,0,17.9655
239,29,63,0,17.9655
239,30,0,0,19
239,30,1,0,19
239,30,2,0,19
239,30,3,0,19
239,30,4,0,19
239,30,5,0,19
239,30,6,0,19
239,30,7,0,19
239,30,8,0,19
239,30,9,0,19
239,30,10,0,19
239,30,11,0,19
239,30,12,0,19
239,30,13,0,19
239,30,14,0,19
239,30,15,0,19
239,30,16,0,19
239,30,17,0,19
239,30,18,0,19
239,30,19,0,19
239,30,20,0,19
239,30,21,0,19
239,30,22,0,19
239,30,23,0,19
239,30,24,0,19
239,30,25,0,19
239,30,26,0,19
239,30,27,0,19
239,30,28,0,19
239,30,29,0,19
239,30,30,0,19
239,30,31,0,19
239,30,32,0,19
239,30,33,0,19
239,30,34,0,19
239,30,35,0,19
239,30,36,0,19
239,30,37,0,19
239,30,38,0,19
239,30,39,0,19
239,30,40,0,19
239,30,41,254,19
239,30,42,316,19
239,30,43,0,19
239,30,44,0,19
239,30,45,0,19
239,30,46,0,19
239,30,47,0,19
239,30,48,0,19
239,30,49,0,19
239,30,50,0,19
239,30,51,0,19
239,30,52,0,19
239,30,53,0,19
239,30,54,0,19
239,30,55,0,19
239,30,56,0,19
239,30,57,0,19
239,30,58,0,19
239,30,59,0,19
239,30,60,0,19
239,30,61,0,19
239,30,62,0,19
239,30,63,0,19
239,31,0,0,19.2903
239,31,1,0,19.2903
239,31,2,0,19.2903
239,31,3,0,19.2903
239,31,4,0,19.2903
239,31,5,0,19.2903
239,31,6,0,19.2903
239,31,7,0,19.2903
239,31,8,0,19.2903
239,31,9,0,19.2903
239,31,10,0,19.2903
239,31,11,0,19.2903
239,31,12,0,19.2903
239,31,13,0,19.2903
239,31,14,0,19.2903
239,31,15,0,19.2903
239,31,16,0,19.2903
239,31,17,0,19.2903
239,31,18,0,19.2903
239,31,19,0,19.2903
239,31,20,0,19.2903
239,31,21,0,19.2903
239,31,22,0,19.2903
239,31,23,0,19.2903
239,31,24,0,19.2903
239,31,25,0,19.2903
239,31,26,0,19.2903
239,31,27,0,19.2903
239,31,28,0,19.2903
239,31,29,0,19.2903
239,31,30,0,19.2903
239,31,31,0,19.2903
239,31,32,0,19.2903
239,31,33,0,19.2903
239,31,34,0,19.2903
239,31,35,0,19.2903
239,31,36,0,19.2903
239,31,37,0,19.2903
239,31,38,0,19.2903
239,31,39,0,19.2903
239,31,40,0,19.2903
239,31,41,254,19.2903
239,31,42,344,19.2903
239,31,43,0,19.2903
239,31,44,0,19.2903
239,31,45,0,19.2903
239,31,46,0,19.2903
239,31,47,0,19.2903
239,31,48,0,19.2903
239,31,49,0,19.2903
239,31,50,0,19.2903
239,31,51,0,19.2903
239,31,52,0,19.2903
239,31,53,0,19.2903
239,31,54,0,19.2903
239,31,55,0,19.2903
239,31,56,0,19.2903
239,31,57,0,19.2903
239,31,58,0,19.2903
239,31,59,0,19.2903
239,31,60,0,19.2903
239,31,61,0,19.2903
239,31,62,0,19.2903
239,31,63,0,19.2903
239,32,0,0,18.9375
239,32,1,0,18.9375
239,32,2,0,18.9375
239,32,3,0,18.9375
239,32,4,0,18.9375
239,32,5,0,18.9375
239,32,6,0,18.9375
239,32,7,0,18.9375
239,32,8,0,18.9375
239,32,9,0,18.9375
239,32,10,0,18.9375
239,32,11,0,18.9375
239,32,12,0,18.9375
239,32,13,0,18.9375
239,32,14,0,18.9375
239,32,15,0,18.9375
239,32,16,0,18.9375
239,32,17,0,18.9375
239,32,18,0,18.9375
239,32,19,0,18.9375
239,32,20,0,18.9375
239,32,21,0,18.9375
239,32,22,0,18.9375
239,32,23,0,18.9375
239,32,24,0,18.9375
239,32,25,0,18.9375
239,32,26,0,18.9375
239,32,27,0,18.9375
239,32,28,0,18.9375
239,32,29,0,18.9375
239,32,30,0,18.9375
239,32,31,0,18.9375
239,32,32,0,18.9375
239,32,33,0,18.9375
239,32,34,0,18.9375
239,32,35,0,18.9375
239,32,36,0,18.9375
239,32,37,0,18.9375
239,32,38,0,18.9375
239,32,39,0,18.9375
239,32,40,0,18.9375
239,32,41,262,18.9375
239,32,42,344,18.9375
239,32,43,0,18.9375
239,32,44,0,18.9375
239,32,45,0,18.9375
239,32,46,0,18.9375
239,32,47,0,18.9375
239,32,48,0,18.9375
239,32,49,0,18.9375
239,32,50,0,18.9375
239,32,51,0,18.9375
239,32,52,0,18.9375
239,32,53,0,18.9375
239,32,54,0,18.9375
239,32,55,0,18.9375
239,32,56,0,18.9375
239,32,57,0,18.9375
239,32,58,0,18.9375
239,32,59,0,18.9375
239,32,60,0,18.9375
239,32,61,0,18.9375
239,32,62,0,18.9375
239,32,63,0,18.9375
239,33,0,0,18.697
239,33,1,0,18.697
239,33,2,0,18.697
239,33,3,0,18.697
239,33,4,0,18.697
239,33,5,0,18.697
239,33,6,0,18.697
239,33,7,0,18.697
239,33,8,0,18.697
239,33,9,0,18.697
239,33,10,0,18.697
239,33,11,0,18.697
239,33,12,0,18.697
239,33,13,0,18.697
239,33,14,0,18.697
239,33,15,0,18.697
239,33,16,0,18.697
239,33,17,0,18.697
239,33,18,0,18.697
239,33,19,0,18.697
239,33,20,0,18.697
239,33,21,0,18.697
239,33,22,0,18.697
239,33,23,0,18.697
239,33,24,0,18.697
239,33,25,0,18.697
239,33,26,0,18.697
239,33,27,0,18.697
239,33,28,0,18.697
239,33,29,0,18.697
239,33,30,0,18.697
239,33,31,0,18.697
239,33,32,0,18.697
239,33,33,0,18.697
239,33,34,0,18.697
239,33,35,0,18.697
239,33,36,0,18.697
239,33,37,0,18.697
239,33,38,0,18.697
239,33,39,0,18.697
239,33,40,0,18.697
239,33,41,273,18.697
239,33,42,344,18.697
239,33,43,0,18.697
239,33,44,0,18.697
239,33,45,0,18.697
239,33,46,0,18.697
239,33,47,0,18.697
239,33,48,0,18.697
239,33,49,0,18.697
239,33,50,0,18.697
239,33,51,0,18.697
239,33,52,0,18.697
239,33,53,0,18.697
239,33,54,0,18.697
239,33,55,0,18.697
239,33,56,0,18.697
239,33,57,0,18.697
239,33,58,0,18.697
239,33,59,0,18.697
239,33,60,0,18.697
239,33,61,0,18.697
239,33,62,0,18.697
239,33,63,0,18.697
239,34,0,0,18.3824
239,34,1,0,18.3824
239,34,2,0,18.3824
239,34,3,0,18.3824
239,34,4,0,18.3824
239,34,5,0,18.3824
239,34,6,0,18.3824
239,34,7,0,18.3824
239,34,8,0,18.3824
239,34,9,0,18.3824
239,34,10,0,18.3824
239,34,11,0,18.3824
239,34,12,0,18.3824
239,34,13,0,18.3824
239,34,14,0,18.3824
239,34,15,0,18.3824
239,34,16,0,18.3824
239,34,17,0,18.3824
239,34,18,0,18.3824
239,34,19,0,18.3824
239,34,20,0,18.3824
239,34,21,0,18.3824
239,34,22,0,18.3824
239,34,23,0,18.3824
239,34,24,0,18.3824
239,34,25,0,18.3824
239,34,26,0,18.3824
239,34,27,0,18.3824
239,34,28,0,18.3824
239,34,29,0,18.3824
239,34,30,0,18.3824
239,34,31,0,18.3824
239,34,32,0,18.3824
239,34,33,0,18.3824
239,34,34,0,18.3824
239,34,35,0,18.3824
239,34,36,0,18.3824
239,34,37,0,18.3824
239,34,38,0,18.3824
239,34,39,0,18.3824
239,34,40,0,18.3824
239,34,41,273,18.3824
239,34,42,352,18.3824
239,34,43,0,18.3824
239,34,44,0,18.3824
239,34,45,0,18.3824
239,34,46,0,18.3824
239,34,47,0,18.3824
239,34,48,0,18.3824
239,34,49,0,18.3824
239,34,50,0,18.3824
239,34,51,0,18.3824
239,34,52,0,18.3824
239,34,53,0,18.3824
239,34,54,0,18.3824
239,34,55,0,18.3824
239,34,56,0,18.3824
239,34,57,0,18.3824
239,34,58,0,18.3824
239,34,59,0,18.3824
239,34,60,0,18.3824
239,34,61,0,18.3824
239,34,62,0,18.3824
239,34,63,0,18.3824
239,35,0,0,18.8286
239,35,1,0,18.8286
239,35,2,0,18.8286
239,35,3,0,18.8286
239,35,4,0,18.8286
239,35,5,0,18.8286
239,35,6,0,18.8286
239,35,7,0,18.8286
239,35,8,0,18.8286
239,35,9,0,18.8286
239,35,10,0,18.8286
239,35,11,0,18.8286
239,35,12,0,18.8286
239,35,13,0,18.8286
239,35,14,0,18.8286
239,35,15,0,18.8286
239,35,16,0,18.8286
239,35,17,0,18.8286
239,35,18,0,18.8286
239,35,19,0,18.8286
239,35,20,0,18.8286
239,35,21,0,18.8286
239,35,22,0,18.8286
239,35,23,0,18.8286
239,35,24,0,18.8286
239,35,25,0,18.8286
239,35,26,0,18.8286
239,35,27,0,18.8286
239,35,28,0,18.8286
239,35,29,0,18.8286
239,35,30,0,18.8286
239,35,31,0,18.8286
239,35,32,0,18.8286
239,35,33,0,18.8286
239,35,34,0,18.8286
239,35,35,0,18.8286
239,35,36,0,18.8286
239,35,37,0,18.8286
239,35,38,0,18.8286
239,35,39,0,18.8286
239,35,40,0,18.8286
239,35,41,307,18.8286
239,35,42,352,18.8286
239,35,43,0,18.8286
239,35,44,0,18.8286
239,35,45,0,18.8286
239,35,46,0,18.8286
239,35,47,0,18.8286
239,35,48,0,18.8286
239,35,49,0,18.8286
239,35,50,0,18.8286
239,35,51,0,18.8286
239,35,52,0,18.8286
239,35,53,0,18.8286
239,35,54,0,18.8286
239,35,55,0,18.8286
239,35,56,0,18.8286
239,35,57,0,18.8286
239,35,58,0,18.8286
239,35,59,0,18.8286
239,35,60,0,18.8286
239,35,61,0,18.8286
239,35,62,0,18.8286
239,35,63,0,18.8286
239,36,0,0,18.75
239,36,1,0,18.75
239,36,2,0,18.75
239,36,3,0,18.75
239,36,4,0,18.75
239,36,5,0,18.75
239,36,6,0,18.75
239,36,7,0,18.75
239,36,8,0,18.75
239,36,9,0,18.75
239,36,10,0,18.75
239,36,11,0,18.75
239,36,12,0,18.75
239,36,13,0,18.75
239,36,14,0,18.75
239,36,15,0,18.75
239,36,16,0,18.75
239,36,17,0,18.75
239,36,18,0,18.75
239,36,19,0,18.75
239,36,20,0,18.75
239,36,21,0,18.75
239,36,22,0,18.75
239,36,23,0,18.75
239,36,24,0,18.75
239,36,25,0,18.75
239,36,26,0,18.75
239,36,27,0,18.75
239,36,28,0,18.75
239,36,29,0,18.75
239,36,30,0,18.75
239,36,31,0,18.75
239,36,32,0,18.75
239,36,33,0,18.75
239,36,34,0,18.75
239,36,35,0,18.75
239,36,36,0,18.75
239,36,37,0,18.75
239,36,38,0,18.75
239,36,39,0,18.75
239,36,40,0,18.75
239,36,41,323,18.75
239,36,42,352,18.75
239,36,43,0,18.75
239,36,44,0,18.75
239,36,45,0,18.75
239,36,46,0,18.75
239,36,47,0,18.75
239,36,48,0,18.75
239,36,49,0,18.75
239,36,50,0,18.75
239,36,51,0,18.75
239,36,52,0,18.75
239,36,53,0,18.75
239,36,54,0,18.75
239,36,55,0,18.75
239,36,56,0,18.75
239,36,57,0,18.75
239,36,58,0,18.75
239,36,59,0,18.75
239,36,60,0,18.75
239,36,61,0,18.75
239,36,62,0,18.75
239,36,63,0,18.75
239,37,0,0,19.2973
239,37,1,0,19.2973
239,37,2,0,19.2973
239,37,3,0,19.2973
239,37,4,0,19.2973
239,37,5,0,19.2973
239,37,6,0,19.2973
239,37,7,0,19.2973
239,37,8,0,19.2973
239,37,9,0,19.2973
239,37,10,0,19.2973
239,37,11,0,19.2973
239,37,12,0,19.2973
239,37,13,0,19.2973
239,37,14,0,19.2973
239,37,15,0,19.2973
239,37,16,0,19.2973
239,37,17,0,19.2973
239,37,18,0,19.2973
239,37,19,0,19.2973
239,37,20,0,19.2973
239,37,21,0,19.2973
239,37,22,0,19.2973
239,37,23,0,19.2973
239,37,24,0,19.2973
239,37,25,0,19.2973
239,37,26,0,19.2973
239,37,27,0,19.2973
239,37,28,0,19.2973
239,37,29,0,19.2973
239,37,30,0,19.2973
239,37,31,0,19.2973
239,37,32,0,19.2973
239,37,33,0,19.2973
239,37,34,0,19.2973
239,37,35,0,19.2973
239,37,36,0,19.2973
239,37,37,0,19.2973
239,37,38,0,19.2973
239,37,39,0,19.2973
239,37,40,0,19.2973
239,37,41,362,19.2973
239,37,42,352,19.2973
239,37,43,0,19.2973
239,37,44,0,19.2973
239,37,45,0,19.2973
239,37,46,0,19.2973
239,37,47,0,19.2973
239,37,48,0,19.2973
239,37,49,0,19.2973
239,37,50,0,19.2973
239,37,51,0,19.2973
239,37,52,0,19.2973
239,37,53,0,19.2973
239,37,54,0,19.2973
239,37,55,0,19.2973
239,37,56,0,19.2973
239,37,57,0,19.2973
239,37,58,0,19.2973
239,37,59,0,19.2973
239,37,60,0,19.2973
239,37,61,0,19.2973
239,37,62,0,19.2973
239,37,63,0,19.2973
239,38,0,0,19.7632
239,38,1,0,19.7632
239,38,2,0,19.7632
239,38,3,0,19.7632
239,38,4,0,19.7632
239,38,5,0,19.7632
239,38,6,0,19.7632
239,38,7,0,19.7632
239,38,8,0,19.7632
239,38,9,0,19.7632
239,38,10,0,19.7632
239,38,11,0,19.7632
239,38,12,0,19.7632
239,38,13,0,19.7632
239,38,14,0,19.7632
239,38,15,0,19.7632
239,38,16,0,19.7632
239,38,17,0,19.7632
239,38,18,0,19.7632
239,38,19,0,19.7632
239,38,20,0,19.7632
239,38,21,0,19.7632
239,38,22,0,19.7632
239,38,23,0,19.7632
239,38,24,0,19.7632
239,38,25,0,19.7632
239,38,26,0,19.7632
239,38,27,0,19.7632
239,38,28,0,19.7632
239,38,29,0,19.7632
239,38,30,0,19.7632
239,38,31,0,19.7632
239,38,32,0,19.7632
239,38,33,0,19.7632
239,38,34,0,19.7632
239,38,35,0,19.7632
239,38,36,0,19.7632
239,38,37,0,19.7632
239,38,38,0,19.7632
239,38,39,0,19.7632
239,38,40,0,19.7632
239,38,41,399,19.7632
239,38,42,352,19.7632
239,38,43,0,19.7632
239,38,44,0,19.7632
239,38,45,0,19.7632
239,38,46,0,19.7632
239,38,47,0,19.7632
239,38,48,0,19.7632
239,38,49,0,19.7632
239,38,50,0,19.7632
239,38,51,0,19.7632
239,38,52,0,19.7632
239,38,53,0,19.7632
239,38,54,0,19.7632
239,38,55,0,19.7632
239,38,56,0,19.7632
239,38,57,0,19.7632
239,38,58,0,19.7632
239,38,59,0,19.7632
239,38,60,0,19.7632
239,38,61,0,19.7632
239,38,62,0,19.7632
239,38,63,0,19.7632
239,39,0,0,19.5897
239,39,1,0,19.5897
239,39,2,0,19.5897
239,39,3,0,19.5897
239,39,4,0,19.5897
239,39,5,0,19.5897
239,39,6,0,19.5897
239,39,7,0,19.5897
239,39,8,0,19.5897
239,39,9,0,19.5897
239,39,10,0,19.5897
239,39,11,0,19.5897
239,39,12,0,19.5897
239,39,13,0,19.5897
239,39,14,0,19.5897
239,39,15,0,19.5897
239,39,16,0,19.5897
239,39,17,0,19.5897
239,39,18,0,19.5897
239,39,19,0,19.5897
239,39,20,0,19.5897
239,39,21,0,19.5897
239,39,22,0,19.5897
239,39,23,0,19.5897
239,39,24,0,19.5897
239,39,25,0,19.5897
239,39,26,0,19.5897
239,39,27,0,19.5897
239,39,28,0,19.5897
239,39,29,0,19.5897
239,39,30,0,19.5897
239,39,31,0,19.5897
239,39,32,0,19.5897
239,39,33,0,19.5897
239,39,34,0,19.5897
239,39,35,0,19.5897
239,39,36,0,19.5897
239,39,37,0,19.5897
239,39,38,0,19.5897
239,39,39,0,19.5897
239,39,40,0,19.5897
239,39,41,412,19.5897
239,39,42,352,19.5897
239,39,43,0,19.5897
239,39,44,0,19.5897
239,39,45,0,19.5897
239,39,46,0,19.5897
239,39,47,0,19.5897
239,39,48,0,19.5897
239,39,49,0,19.5897
239,39,50,0,19.5897
239,39,51,0,19.5897
239,39,52,0,19.5897
239,39,53,0,19.5897
239,39,54,0,19.5897
239,39,55,0,19.5897
239,39,56,0,19.5897
239,39,57,0,19.5897
239,39,58,0,19.5897
239,39,59,0,19.5897
239,39,60,0,19.5897
239,39,61,0,19.5897
239,39,62,0,19.5897
239,39,63,0,19.5897
239,40,0,0,19.175
239,40,1,0,19.175
239,40,2,0,19.175
239,40,3,0,19.175
239,40,4,0,19.175
239,40,5,0,19.175
239,40,6,0,19.175
239,40,7,0,19.175
239,40,8,0,19.175
239,40,9,0,19.175
239,40,10,0,19.175
239,40,11,0,19.175
239,40,12,0,19.175
239,40,13,0,19.175
239,40,14,0,19.175
239,40,15,0,19.175
239,40,16,0,19.175
239,40,17,0,19.175
239,40,18,0,19.175
239,40,19,0,19.175
239,40,20,0,19.175
239,40,21,0,19.175
239,40,22,0,19.175
239,40,23,0,19.175
239,40,24,0,19.175
239,40,25,0,19.175
239,40,26,0,19.175
239,40,27,0,19.175
239,40,28,0,19.175
239,40,29,0,19.175
239,40,30,0,19.175
239,40,31,0,19.175
239,40,32,0,19.175
239,40,33,0,19.175
239,40,34,0,19.175
239,40,35,0,19.175
239,40,36,0,19.175
239,40,37,0,19.175
239,40,38,0,19.175
239,40,39,0,19.175
239,40,40,0,19.175
239,40,41,415,19.175
239,40,42,352,19.175
239,40,43,0,19.175
239,40,44,0,19.175
239,40,45,0,19.175
239,40,46,0,19.175
239,40,47,0,19.175
239,40,48,0,19.175
239,40,49,0,19.175
239,40,50,0,19.175
239,40,51,0,19.175
239,40,52,0,19.175
239,40,53,0,19.175
239,40,54,0,19.175
239,40,55,0,19.175
239,40,56,0,19.175
239,40,57,0,19.175
239,40,58,0,19.175
239,40,59,0,19.175
239,40,60,0,19.175
239,40,61,0,19.175
239,40,62,0,19.175
239,40,63,0,19.175
239,41,0,0,19.122
239,41,1,0,19.122
239,41,2,0,19.122
239,41,3,0,19.122
239,41,4,0,19.122
239,41,5,0,19.122
239,41,6,0,19.122
239,41,7,0,19.122
239,41,8,0,19.122
239,41,9,0,19.122
239,41,10,0,19.122
239,41,11,0,19.122
239,41,12,0,19.122
239,41,13,0,19.122
239,41,14,0,19.122
239,41,15,0,19.122
239,41,16,0,19.122
239,41,17,0,19.122
239,41,18,0,19.122
239,41,19,0,19.122
239,41,20,0,19.122
239,41,21,0,19.122
239,41,22,0,19.122
239,41,23,0,19.122
239,41,24,0,19.122
239,41,25,0,19.122
239,41,26,0,19.122
239,41,27,0,19.122
239,41,28,0,19.122
239,41,29,0,19.122
239,41,30,0,19.122
239,41,31,0,19.122
239,41,32,0,19.122
239,41,33,0,19.122
239,41,34,0,19.122
239,41,35,0,19.122
239,41,36,0,19.122
239,41,37,0,19.122
239,41,38,0,19.122
239,41,39,0,19.122
239,41,40,0,19.122
239,41,41,432,19.122
239,41,42,352,19.122
239,41,43,0,19.122
239,41,44,0,19.122
239,41,45,0,19.122
239,41,46,0,19.122
239,41,47,0,19.122
239,41,48,0,19.122
239,41,49,0,19.122
239,41,50,0,19.122
239,41,51,0,19.122
239,41,52,0,19.122
239,41,53,0,19.122
239,41,54,0,19.122
239,41,55,0,19.122
239,41,56,0,19.122
239,41,57,0,19.122
239,41,58,0,19.122
239,41,59,0,19.122
239,41,60,0,19.122
239,41,61,0,19.122
239,41,62,0,19.122
239,41,63,0,19.122
239,42,0,0,19.0238
239,42,1,0,19.0238
239,42,2,0,19.0238
239,42,3,0,19.0238
239,42,4,0,19.0238
239,42,5,0,19.0238
239,42,6,0,19.0238
239,42,7,0,19.0238
239,42,8,0,19.0238
239,42,9,0,19.0238
239,42,10,0,19.0238
239,42,11,0,19.0238
239,42,12,0,19.0238
239,42,13,0,19.0238
239,42,14,0,19.0238
239,42,15,0,19.0238
239,42,16,0,19.0238
239,42,17,0,19.0238
239,42,18,0,19.0238
239,42,19,0,19.0238
239,42,20,0,19.0238
239,42,21,0,19.0238
239,42,22,0,19.0238
239,42,23,0,19.0238
239,42,24,0,19.0238
239,42,25,0,19.0238
239,42,26,0,19.0238
239,42,27,0,19.0238
239,42,28,0,19.0238
239,42,29,0,19.0238
239,42,30,0,19.0238
239,42,31,0,19.0238
239,42,32,0,19.0238
239,42,33,0,19.0238
239,42,34,0,19.0238
239,42,35,0,19.0238
239,42,36,0,19.0238
239,42,37,0,19.0238
239,42,38,0,19.0238
239,42,39,0,19.0238
239,42,40,0,19.0238
239,42,41,447,19.0238
239,42,42,352,19.0238
239,42,43,0,19.0238
239,42,44,0,19.0238
239,42,45,0,19.0238
239,42,46,0,19.0238
239,42,47,0,19.0238
239,42,48,0,19.0238
239,42,49,0,19.0238
239,42,50,0,19.0238
239,42,51,0,19.0238
239,42,52,0,19.0238
239,42,53,0,19.0238
239,42,54,0,19.0238
239,42,55,0,19.0238
239,42,56,0,19.0238
239,42,57,0,19.0238
239,42,58,0,19.0238
239,42,59,0,19.0238
239,42,60,0,19.0238
239,42,61,0,19.0238
239,42,62,0,19.0238
239,42,63,0,19.0238
239,43,0,0,18.6512
239,43,1,0,18.6512
239,43,2,0,18.6512
239,43,3,0,18.6512
239,43,4,0,18.6512
239,43,5,0,18.6512
239,43,6,0,18.6512
239,43,7,0,18.6512
239,43,8,0,18.6512
239,43,9,0,18.6512
239,43,10,0,18.6512
239,43,11,0,18.6512
239,43,12,0,18.6512
239,43,13,0,18.6512
239,43,14,0,18.6512
239,43,15,0,18.6512
239,43,16,0,18.6512
239,43,17,0,18.6512
239,43,18,0,18.6512
239,43,19,0,18.6512
239,43,20,0,18.6512
239,43,21,0,18.6512
239,43,22,0,18.6512
239,43,23,0,18.6512
239,43,24,0,18.6512
239,43,25,0,18.6512
239,43,26,0,18.6512
239,43,27,0,18.6512
239,43,28,0,18.6512
239,43,29,0,18.6512
239,43,30,0,18.6512
239,43,31,0,18.6512
239,43,32,0,18.6512
239,43,33,0,18.6512
239,43,34,0,18.6512
239,43,35,0,18.6512
239,43,36,0,18.6512
239,43,37,0,18.6512
239,43,38,0,18.6512
239,43,39,0,18.6512
239,43,40,0,18.6512
239,43,41,450,18.6512
239,43,42,352,18.6512
239,43,43,0,18.6512
239,43,44,0,18.6512
239,43,45,0,18.6512
239,43,46,0,18.6512
239,43,47,0,18.6512
239,43,48,0,18.6512
239,43,49,0,18.6512
239,43,50,0,18.6512
239,43,51,0,18.6512
239,43,52,0,18.6512
239,43,53,0,18.6512
239,43,54,0,18.6512
239,43,55,0,18.6512
239,43,56,0,18.6512
239,43,57,0,18.6512
239,43,58,0,18.6512
239,43,59,0,18.6512
239,43,60,0,18.6512
239,43,61,0,18.6512
239,43,62,0,18.6512
239,43,63,0,18.6512
239,44,0,0,18.5682
239,44,1,0,18.5682
239,44,2,0,18.5682
239,44,3,0,18.5682
239,44,4,0,18.5682
239,44,5,0,18.5682
239,44,6,0,18.5682
239,44,7,0,18.5682
239,44,8,0,18.5682
239,44,9,0,18.5682
239,44,10,0,18.5682
239,44,11,0,18.5682
239,44,12,0,18.5682
239,44,13,0,18.5682
239,44,14,0,18.5682
239,44,15,0,18.5682
239,44,16,0,18.5682
239,44,17,0,18.5682
239,44,18,0,18.5682
239,44,19,0,18.5682
239,44,20,0,18.5682
239,44,21,0,18.5682
239,44,22,0,18.5682
239,44,23,0,18.5682
239,44,24,0,18.5682
239,44,25,0,18.5682
239,44,26,0,18.5682
239,44,27,0,18.5682
239,44,28,0,18.5682
239,44,29,0,18.5682
239,44,30,0,18.5682
239,44,31,0,18.5682
239,44,32,0,18.5682
239,44,33,0,18.5682
239,44,34,0,18.5682
239,44,35,0,18.5682
239,44,36,0,18.5682
239,44,37,0,18.5682
239,44,38,0,18.5682
239,44,39,0,18.5682
239,44,40,0,18.5682
239,44,41,465,18.5682
239,44,42,352,18.5682
239,44,43,0,18.5682
239,44,44,0,18.5682
239,44,45,0,18.5682
239,44,46,0,18.5682
239,44,47,0,18.5682
239,44,48,0,18.5682
239,44,49,0,18.5682
239,44,50,0,18.5682
239,44,51,0,18.5682
239,44,52,0,18.5682
239,44,53,0,18.5682
239,44,54,0,18.5682
239,44,55,0,18.5682
239,44,56,0,18.5682
239,44,57,0,18.5682
239,44,58,0,18.5682
239,44,59,0,18.5682
239,44,60,0,18.5682
239,44,61,0,18.5682
239,44,62,0,18.5682
239,44,63,0,18.5682
239,45,0,0,18.4667
239,45,1,0,18.4667
239,45,2,0,18.4667
239,45,3,0,18.4667
239,45,4,0,18.4667
239,45,5,0,18.4667
239,45,6,0,18.4667
239,45,7,0,18.4667
239,45,8,0,18.4667
239,45,9,0,18.4667
239,45,10,0,18.4667
239,45,11,0,18.4667
239,45,12,0,18.4667
239,45,13,0,18.4667
239,45,14,0,18.4667
239,45,15,0,18.4667
239,45,16,0,18.4667
239,45,17,0,18.4667
239,45,18,0,18.4667
239,45,19,0,18.4667
239,45,20,0,18.4667
239,45,21,0,18.4667
239,45,22,0,18.4667
239,45,23,0,18.4667
239,45,24,0,18.4667
239,45,25,0,18.4667
239,45,26,0,18.4667
239,45,27,0,18.4667
239,45,28,0,18.4667
239,45,29,0,18.4667
239,45,30,0,18.4667
239,45,31,0,18.4667
239,45,32,0,18.4667
239,45,33,0,18.4667
239,45,34,0,18.4667
239,45,35,0,18.4667
239,45,36,0,18.4667
239,45,37,0,18.4667
239,45,38,0,18.4667
239,45,39,0,18.4667
239,45,40,0,18.4667
239,45,41,479,18.4667
239,45,42,352,18.4667
239,45,43,0,18.4667
239,45,44,0,18.4667
239,45,45,0,18.4667
239,45,46,0,18.4667
239,45,47,0,18.4667
239,45,48,0,18.4667
239,45,49,0,18.4667
239,45,50,0,18.4667
239,45,51,0,18.4667
239,45,52,0,18.4667
239,45,53,0,18.4667
239,45,54,0,18.4667
239,45,55,0,18.4667
239,45,56,0,18.4667
239,45,57,0,18.4667
239,45,58,0,18.4667
239,45,59,0,18.4667
239,45,60,0,18.4667
239,45,61,0,18.4667
239,45,62,0,18.4667
239,45,63,0,18.4667
239,46,0,0,18.5217
239,46,1,0,18.5217
239,46,2,0,18.5217
239,46,3,0,18.5217
239,46,4,0,18.5217
239,46,5,0,18.5217
239,46,6,0,18.5217
239,46,7,0,18.5217
239,46,8,0,18.5217
239,46,9,0,18.5217
239,46,10,0,18.5217
239,46,11,0,18.5217
239,46,12,0,18.5217
239,46,13,0,18.5217
239,46,14,0,18.5217
239,46,15,0,18.5217
239,46,16,0,18.5217
239,46,17,0,18.5217
239,46,18,0,18.5217
239,46,19,0,18.5217
239,46,20,0,18.5217
239,46,21,0,18.5217
239,46,22,0,18.5217
239,46,23,0,18.5217
239,46,24,0,18.5217
239,46,25,0,18.5217
239,46,26,0,18.5217
239,46,27,0,18.5217
239,46,28,0,18.5217
239,46,29,0,18.5217
239,46,30,0,18.5217
239,46,31,0,18.5217
239,46,32,0,18.5217
239,46,33,0,18.5217
239,46,34,0,18.5217
239,46,35,0,18.5217
239,46,36,0,18.5217
239,46,37,0,18.5217
239,46,38,0,18.5217
239,46,39,0,18.5217
239,46,40,0,18.5217
239,46,41,479,18.5217
239,46,42,373,18.5217
239,46,43,0,18.5217
239,46,44,0,18.5217
239,46,45,0,18.5217
239,46,46,0,18.5217
239,46,47,0,18.5217
239,46,48,0,18.5217
239,46,49,0,18.5217
239,46,50,0,18.5217
239,46,51,0,18.5217
239,46,52,0,18.5217
239,46,53,0,18.5217
239,46,54,0,18.5217
239,46,55,0,18.5217
239,46,56,0,18.5217
239,46,57,0,18.5217
239,46,58,0,18.5217
239,46,59,0,18.5217
239,46,60,0,18.5217
239,46,61,0,18.5217
239,46,62,0,18.5217
239,46,63,0,18.5217
239,47,0,0,18.234
239,47,1,0,18.234
239,47,2,0,18.234
239,47,3,0,18.234
239,47,4,0,18.234
239,47,5,0,18.234
239,47,6,0,18.234
239,47,7,0,18.234
239,47,8,0,18.234
239,47,9,0,18.234
239,47,10,0,18.234
239,47,11,0,18.234
239,47,12,0,18.234
239,47,13,0,18.234
239,47,14,0,18.234
239,47,15,0,18.234
239,47,16,0,18.234
239,47,17,0,18.234
239,47,18,0,18.234
239,47,19,0,18.234
239,47,20,0,18.234
239,47,21,0,18.234
239,47,22,0,18.234
239,47,23,0,18.234
239,47,24,0,18.234
239,47,25,0,18.234
239,47,26,0,18.234
239,47,27,0,18.234
239,47,28,0,18.234
239,47,29,0,18.234
239,47,30,0,18.234
239,47,31,0,18.234
239,47,32,0,18.234
239,47,33,0,18.234
239,47,34,0,18.234
239,47,35,0,18.234
239,47,36,0,18.234
239,47,37,0,18.234
239,47,38,0,18.234
239,47,39,0,18.234
239,47,40,0,18.234
239,47,41,484,18.234
239,47,42,373,18.234
239,47,43,0,18.234
239,47,44,0,18.234
239,47,45,0,18.234
239,47,46,0,18.234
239,47,47,0,18.234
239,47,48,0,18.234
239,47,49,0,18.234
239,47,50,0,18.234
239,47,51,0,18.234
239,47,52,0,18.234
239,47,53,0,18.234
239,47,54,0,18.234
239,47,55,0,18.234
239,47,56,0,18.234
239,47,57,0,18.234
239,47,58,0,18.234
239,47,59,0,18.234
239,47,60,0,18.234
239,47,61,0,18.234
239,47,62,0,18.234
239,47,63,0,18.234
239,48,0,0,18
239,48,1,0,18
239,48,2,0,18
239,48,3,0,18
239,48,4,0,18
239,48,5,0,18
239,48,6,0,18
239,48,7,0,18
239,48,8,0,18
239,48,9,0,18
239,48,10,0,18
239,48,11,0,18
239,48,12,0,18
239,48,13,0,18
239,48,14,0,18
239,48,15,0,18
239,48,16,0,18
239,48,17,0,18
239,48,18,0,18
239,48,19,0,18
239,48,20,0,18
239,48,21,0,18
239,48,22,0,18
239,48,23,0,18
239,48,24,0,18
239,48,25,0,18
239,48,26,0,18
239,48,27,0,18
239,48,28,0,18
239,48,29,0,18
239,48,30,0,18
239,48,31,0,18
239,48,32,0,18
239,48,33,0,18
239,48,34,0,18
239,48,35,0,18
239,48,36,0,18
239,48,37,0,18
239,48,38,0,18
239,48,39,0,18
239,48,40,0,18
239,48,41,491,18
239,48,42,373,18
239,48,43,0,18
239,48,44,0,18
239,48,45,0,18
239,48,46,0,18
239,48,47,0,18
239,48,48,0,18
239,48,49,0,18
239,48,50,0,18
239,48,51,0,18
239,48,52,0,18
239,48,53,0,18
239,48,54,0,18
239,48,55,0,18
239,48,56,0,18
239,48,57,0,18
239,48,58,0,18
239,48,59,0,18
239,48,60,0,18
239,48,61,0,18
239,48,62,0,18
239,48,63,0,18
239,49,0,0,18.3673
239,49,1,0,18.3673
239,49,2,0,18.3673
239,49,3,0,18.3673
239,49,4,0,18.3673
239,49,5,0,18.3673
239,49,6,0,18.3673
239,49,7,0,18.3673
239,49,8,0,18.3673
239,49,9,0,18.3673
239,49,10,0,18.3673
239,49,11,0,18.3673
239,49,12,0,18.3673
239,49,13,0,18.3673
239,49,14,0,18.3673
239,49,15,0,18.3673
239,49,16,0,18.3673
239,49,17,0,18.3673
239,49,18,0,18.3673
239,49,19,0,18.3673
239,49,20,0,18.3673
239,49,21,0,18.3673
239,49,22,0,18.3673
239,49,23,0,18.3673
239,49,24,0,18.3673
239,49,25,0,18.3673
239,49,26,0,18.3673
239,49,27,0,18.3673
239,49,28,0,18.3673
239,49,29,0,18.3673
239,49,30,0,18.3673
239,49,31,0,18.3673
239,49,32,0,18.3673
239,49,33,0,18.3673
239,49,34,0,18.3673
239,49,35,0,18.3673
239,49,36,0,18.3673
239,49,37,0,18.3673
239,49,38,0,18.3673
239,49,39,0,18.3673
239,49,40,0,18.3673
239,49,41,527,18.3673
239,49,42,373,18.3673
239,49,43,0,18.3673
239,49,44,0,18.3673
239,49,45,0,18.3673
239,49,46,0,18.3673
239,49,47,0,18.3673
239,49,48,0,18.3673
239,49,49,0,18.3673
239,49,50,0,18.3673
239,49,51,0,18.3673
239,49,52,0,18.3673
239,49,53,0,18.3673
239,49,54,0,18.3673
239,49,55,0,18.3673
239,49,56,0,18.3673
239,49,57,0,18.3673
239,49,58,0,18.3673
239,49,59,0,18.3673
239,49,60,0,18.3673
239,49,61,0,18.3673
239,49,62,0,18.3673
239,49,63,0,18.3673
239,50,0,0,18.1
239,50,1,0,18.1
239,50,2,0,18.1
239,50,3,0,18.1
239,50,4,0,18.1
239,50,5,0,18.1
239,50,6,0,18.1
239,50,7,0,18.1
239,50,8,0,18.1
239,50,9,0,18.1
239,50,10,0,18.1
239,50,11,0,18.1
239,50,12,0,18.1
239,50,13,0,18.1
239,50,14,0,18.1
239,50,15,0,18.1
239,50,16,0,18.1
239,50,17,0,18.1
239,50,18,0,18.1
239,50,19,0,18.1
239,50,20,0,18.1
239,50,21,0,18.1
239,50,22,0,18.1
239,50,23,0,18.1
239,50,24,0,18.1
239,50,25,0,18.1
239,50,26,0,18.1
239,50,27,0,18.1
239,50,28,0,18.1
239,50,29,0,18.1
239,50,30,0,18.1
239,50,31,0,18.1
239,50,32,0,18.1
239,50,33,0,18.1
239,50,34,0,18.1
239,50,35,0,18.1
239,50,36,0,18.1
239,50,37,0,18.1
239,50,38,0,18.1
239,50,39,0,18.1
239,50,40,0,18.1
239,50,41,532,18.1
239,50,42,373,18.1
239,50,43,0,18.1
239,50,44,0,18.1
239,50,45,0,18.1
239,50,46,0,18.1
239,50,47,0,18.1
239,50,48,0,18.1
239,50,49,0,18.1
239,50,50,0,18.1
239,50,51,0,18.1
239,50,52,0,18.1
239,50,53,0,18.1
239,50,54,0,18.1
239,50,55,0,18.1
239,50,56,0,18.1
239,50,57,0,18.1
239,50,58,0,18.1
239,50,59,0,18.1
239,50,60,0,18.1
239,50,61,0,18.1
239,50,62,0,18.1
239,50,63,0,18.1
239,51,0,0,18.1373
239,51,1,0,18.1373
239,51,2,0,18.1373
239,51,3,0,18.1373
239,51,4,0,18.1373
239,51,5,0,18.1373
239,51,6,0,18.1373
239,51,7,0,18.1373
239,51,8,0,18.1373
239,51,9,0,18.1373
239,51,10,0,18.1373
239,51,11,0,18.1373
239,51,12,0,18.1373
239,51,13,0,18.1373
239,51,14,0,18.1373
239,51,15,0,18.1373
239,51,16,0,18.1373
239,51,17,0,18.1373
239,51,18,0,18.1373
239,51,19,0,18.1373
239,51,20,0,18.1373
239,51,21,0,18.1373
239,51,22,0,18.1373
239,51,23,0,18.1373
239,51,24,0,18.1373
239,51,25,0,18.1373
239,51,26,0,18.1373
239,51,27,0,18.1373
239,51,28,0,18.1373
239,51,29,0,18.1373
239,51,30,0,18.1373
239,51,31,0,18.1373
239,51,32,0,18.1373
239,51,33,0,18.1373
239,51,34,0,18.1373
239,51,35,0,18.1373
239,51,36,0,18.1373
239,51,37,0,18.1373
239,51,38,0,18.1373
239,51,39,0,18.1373
239,51,40,0,18.1373
239,51,41,552,18.1373
239,51,42,373,18.1373
239,51,43,0,18.1373
239,51,44,0,18.1373
239,51,45,0,18.1373
239,51,46,0,18.1373
239,51,47,0,18.1373
239,51,48,0,18.1373
239,51,49,0,18.1373
239,51,50,0,18.1373
239,51,51,0,18.1373
239,51,52,0,18.1373
239,51,53,0,18.1373
239,51,54,0,18.1373
239,51,55,0,18.1373
239,51,56,0,18.1373
239,51,57,0,18.1373
239,51,58,0,18.1373
239,51,59,0,18.1373
239,51,60,0,18.1373
239,51,61,0,18.1373
239,51,62,0,18.1373
239,51,63,0,18.1373
239,52,0,0,17.9808
239,52,1,0,17.9808
239,52,2,0,17.9808
239,52,3,0,17.9808
239,52,4,0,17.9808
239,52,5,0,17.9808
239,52,6,0,17.9808
239,52,7,0,17.9808
239,52,8,0,17.9808
239,52,9,0,17.9808
239,52,10,0,17.9808
239,52,11,0,17.9808
239,52,12,0,17.9808
239,52,13,0,17.9808
239,52,14,0,17.9808
239,52,15,0,17.9808
239,52,16,0,17.9808
239,52,17,0,17.9808
239,52,18,0,17.9808
239,52,19,0,17.9808
239,52,20,0,17.9808
239,52,21,0,17.9808
239,52,22,0,17.9808
239,52,23,0,17.9808
239,52,24,0,17.9808
239,52,25,0,17.9808
239,52,26,0,17.9808
239,52,27,0,17.9808
239,52,28,0,17.9808
239,52,29,0,17.9808
239,52,30,0,17.9808
239,52,31,0,17.9808
239,52,32,0,17.9808
239,52,33,0,17.9808
239,52,34,0,17.9808
239,52,35,0,17.9808
239,52,36,0,17.9808
239,52,37,0,17.9808
239,52,38,0,17.9808
239,52,39,0,17.9808
239,52,40,0,17.9808
239,52,41,562,17.9808
239,52,42,373,17.9808
239,52,43,0,17.9808
239,52,44,0,17.9808
239,52,45,0,17.9808
239,52,46,0,17.9808
239,52,47,0,17.9808
239,52,48,0,17.9808
239,52,49,0,17.9808
239,52,50,0,17.9808
239,52,51,0,17.9808
239,52,52,0,17.9808
239,52,53,0,17.9808
239,52,54,0,17.9808
239,52,55,0,17.9808
239,52,56,0,17.9808
239,52,57,0,17.9808
239,52,58,0,17.9808
239,52,59,0,17.9808
239,52,60,0,17.9808
239,52,61,0,17.9808
239,52,62,0,17.9808
239,52,63,0,17.9808
239,53,0,0,17.9434
239,53,1,0,17.9434
239,53,2,0,17.9434
239,53,3,0,17.9434
239,53,4,0,17.9434
239,53,5,0,17.9434
239,53,6,0,17.9434
239,53,7,0,17.9434
239,53,8,0,17.9434
239,53,9,0,17.9434
239,53,10,0,17.9434
239,53,11,0,17.9434
239,53,12,0,17.9434
239,53,13,0,17.9434
239,53,14,0,17.9434
239,53,15,0,17.9434
239,53,16,0,17.9434
239,53,17,0,17.9434
239,53,18,0,17.9434
239,53,19,0,17.9434
239,53,20,0,17.9434
239,53,21,0,17.9434
239,53,22,0,17.9434
239,53,23,0,17.9434
239,53,24,0,17.9434
239,53,25,0,17.9434
239,53,26,0,17.9434
239,53,27,0,17.9434
239,53,28,0,17.9434
239,53,29,0,17.9434
239,53,30,0,17.9434
239,53,31,0,17.9434
239,53,32,0,17.9434
239,53,33,0,17.9434
239,53,34,0,17.9434
239,53,35,0,17.9434
239,53,36,0,17.9434
239,53,37,0,17.9434
239,53,38,0,17.9434
239,53,39,0,17.9434
239,53,40,0,17.9434
239,53,41,578,17.9434
239,53,42,373,17.9434
239,53,43,0,17.9434
239,53,44,0,17.9434
239,53,45,0,17.9434
239,53,46,0,17.9434
239,53,47,0,17.9434
239,53,48,0,17.9434
239,53,49,0,17.9434
239,53,50,0,17.9434
239,53,51,0,17.9434
239,53,52,0,17.9434
239,53,53,0,17.9434
239,53,54,0,17.9434
239,53,55,0,17.9434
239,53,56,0,17.9434
239,53,57,0,17.9434
239,53,58,0,17.9434
239,53,59,0,17.9434
239,53,60,0,17.9434
239,53,61,0,17.9434
239,53,62,0,17.9434
239,53,63,0,17.9434
239,54,0,0,18.037
239,54,1,0,18.037
239,54,2,0,18.037
239,54,3,0,18.037
239,54,4,0,18.037
239,54,5,0,18.037
239,54,6,0,18.037
239,54,7,0,18.037
239,54,8,0,18.037
239,54,9,0,18.037
239,54,10,0,18.037
239,54,11,0,18.037
239,54,12,0,18.037
239,54,13,0,18.037
239,54,14,0,18.037
239,54,15,0,18.037
239,54,16,0,18.037
239,54,17,0,18.037
239,54,18,0,18.037
239,54,19,0,18.037
239,54,20,0,18.037
239,54,21,0,18.037
239,54,22,0,18.037
239,54,23,0,18.037
239,54,24,0,18.037
239,54,25,0,18.037
239,54,26,0,18.037
239,54,27,0,18.037
239,54,28,0,18.037
239,54,29,0,18.037
239,54,30,0,18.037
239,54,31,0,18.037
239,54,32,0,18.037
239,54,33,0,18.037
239,54,34,0,18.037
239,54,35,0,18.037
239,54,36,0,18.037
239,54,37,0,18.037
239,54,38,0,18.037
239,54,39,0,18.037
239,54,40,0,18.037
239,54,41,601,18.037
239,54,42,373,18.037
239,54,43,0,18.037
239,54,44,0,18.037
239,54,45,0,18.037
239,54,46,0,18.037
239,54,47,0,18.037
239,54,48,0,18.037
239,54,49,0,18.037
239,54,50,0,18.037
239,54,51,0,18.037
239,54,52,0,18.037
239,54,53,0,18.037
239,54,54,0,18.037
239,54,55,0,18.037
239,54,56,0,18.037
239,54,57,0,18.037
239,54,58,0,18.037
239,54,59,0,18.037
239,54,60,0,18.037
239,54,61,0,18.037
239,54,62,0,18.037
239,54,63,0,18.037
239,55,0,0,17.9091
239,55,1,0,17.9091
239,55,2,0,17.9091
239,55,3,0,17.9091
239,55,4,0,17.9091
239,55,5,0,17.9091
239,55,6,0,17.9091
239,55,7,0,17.9091
239,55,8,0,17.9091
239,55,9,0,17.9091
239,55,10,0,17.9091
239,55,11,0,17.9091
239,55,12,0,17.9091
239,55,13,0,17.9091
239,55,14,0,17.9091
239,55,15,0,17.9091
239,55,16,0,17.9091
239,55,17,0,17.9091
239,55,18,0,17.9091
239,55,19,0,17.9091
239,55,20,0,17.9091
239,55,21,0,17.9091
239,55,22,0,17.9091
239,55,23,0,17.9091
239,55,24,0,17.9091
239,55,25,0,17.9091
239,55,26,0,17.9091
239,55,27,0,17.9091
239,55,28,0,17.9091
239,55,29,0,17.9091
239,55,30,0,17.9091
239,55,31,0,17.9091
239,55,32,0,17.9091
239,55,33,0,17.9091
239,55,34,0,17.9091
239,55,35,0,17.9091
239,55,36,0,17.9091
239,55,37,0,17.9091
239,55,38,0,17.9091
239,55,39,0,17.9091
239,55,40,0,17.9091
239,55,41,612,17.9091
239,55,42,373,17.9091
239,55,43,0,17.9091
239,55,44,0,17.9091
239,55,45,0,17.9091
239,55,46,0,17.9091
239,55,47,0,17.9091
239,55,48,0,17.9091
239,55,49,0,17.9091
239,55,50,0,17.9091
239,55,51,0,17.9091
239,55,52,0,17.9091
239,55,53,0,17.9091
239,55,54,0,17.9091
239,55,55,0,17.9091
239,55,56,0,17.9091
239,55,57,0,17.9091
239,55,58,0,17.9091
239,55,59,0,17.9091
239,55,60,0,17.9091
239,55,61,0,17.9091
239,55,62,0,17.9091
239,55,63,0,17.9091
239,56,0,0,18.3571
239,56,1,0,18.3571
239,56,2,0,18.3571
239,56,3,0,18.3571
239,56,4,0,18.3571
239,56,5,0,18.3571
239,56,6,0,18.3571
239,56,7,0,18.3571
239,56,8,0,18.3571
239,56,9,0,18.3571
239,56,10,0,18.3571
239,56,11,0,18.3571
239,56,12,0,18.3571
239,56,13,0,18.3571
239,56,14,0,18.3571
239,56,15,0,18.3571
239,56,16,0,18.3571
239,56,17,0,18.3571
239,56,18,0,18.3571
239,56,19,0,18.3571
239,56,20,0,18.3571
239,56,21,0,18.3571
239,56,22,0,18.3571
239,56,23,0,18.3571
239,56,24,0,18.3571
239,56,25,0,18.3571
239,56,26,0,18.3571
239,56,27,0,18.3571
239,56,28,0,18.3571
239,56,29,0,18.3571
239,56,30,0,18.3571
239,56,31,0,18.3571
239,56,32,0,18.3571
239,56,33,0,18.3571
239,56,34,0,18.3571
239,56,35,0,18.3571
239,56,36,0,18.3571
239,56,37,0,18.3571
239,56,38,0,18.3571
239,56,39,0,18.3571
239,56,40,0,18.3571
239,56,41,612,18.3571
239,56,42,416,18.3571
239,56,43,0,18.3571
239,56,44,0,18.3571
239,56,45,0,18.3571
239,56,46,0,18.3571
239,56,47,0,18.3571
239,56,48,0,18.3571
239,56,49,0,18.3571
239,56,50,0,18.3571
239,56,51,0,18.3571
239,56,52,0,18.3571
239,56,53,0,18.3571
239,56,54,0,18.3571
239,56,55,0,18.3571
239,56,56,0,18.3571
239,56,57,0,18.3571
239,56,58,0,18.3571
239,56,59,0,18.3571
239,56,60,0,18.3571
239,56,61,0,18.3571
239,56,62,0,18.3571
239,56,63,0,18.3571
239,57,0,0,18.193
239,57,1,0,18.193
239,57,2,0,18.193
239,57,3,0,18.193
239,57,4,0,18.193
239,57,5,0,18.193
239,57,6,0,18.193
239,57,7,0,18.193
239,57,8,0,18.193
239,57,9,0,18.193
239,57,10,0,18.193
239,57,11,0,18.193
239,57,12,0,18.193
239,57,13,0,18.193
239,57,14,0,18.193
239,57,15,0,18.193
239,57,16,0,18.193
239,57,17,0,18.193
239,57,18,0,18.193
239,57,19,0,18.193
239,57,20,0,18.193
239,57,21,0,18.193
239,57,22,0,18.193
239,57,23,0,18.193
239,57,24,0,18.193
239,57,25,0,18.193
239,57,26,0,18.193
239,57,27,0,18.193
239,57,28,0,18.193
239,57,29,0,18.193
239,57,30,0,18.193
239,57,31,0,18.193
239,57,32,0,18.193
239,57,33,0,18.193
239,57,34,0,18.193
239,57,35,0,18.193
239,57,36,0,18.193
239,57,37,0,18.193
239,57,38,0,18.193
239,57,39,0,18.193
239,57,40,0,18.193
239,57,41,621,18.193
239,57,42,416,18.193
239,57,43,0,18.193
239,57,44,0,18.193
239,57,45,0,18.193
239,57,46,0,18.193
239,57,47,0,18.193
239,57,48,0,18.193
239,57,49,0,18.193
239,57,50,0,18.193
239,57,51,0,18.193
239,57,52,0,18.193
239,57,53,0,18.193
239,57,54,0,18.193
239,57,55,0,18.193
239,57,56,0,18.193
239,57,57,0,18.193
239,57,58,0,18.193
239,57,59,0,18.193
239,57,60,0,18.193
239,57,61,0,18.193
239,57,62,0,18.193
239,57,63,0,18.193
239,58,0,0,18.3621
239,58,1,0,18.3621
239,58,2,0,18.3621
239,58,3,0,18.3621
239,58,4,0,18.3621
239,58,5,0,18.3621
239,58,6,0,18.3621
239,58,7,0,18.3621
239,58,8,0,18.3621
239,58,9,0,18.3621
239,58,10,0,18.3621
239,58,11,0,18.3621
239,58,12,0,18.3621
239,58,13,0,18.3621
239,58,14,0,18.3621
239,58,15,0,18.3621
239,58,16,0,18.3621
239,58,17,0,18.3621
239,58,18,0,18.3621
239,58,19,0,18.3621
239,58,20,0,18.3621
239,58,21,0,18.3621
239,58,22,0,18.3621
239,58,23,0,18.3621
239,58,24,0,18.3621
239,58,25,0,18.3621
239,58,26,0,18.3621
239,58,27,0,18.3621
239,58,28,0,18.3621
239,58,29,0,18.3621
239,58,30,0,18.3621
239,58,31,0,18.3621
239,58,32,0,18.3621
239,58,33,0,18.3621
239,58,34,0,18.3621
239,58,35,0,18.3621
239,58,36,0,18.3621
239,58,37,0,18.3621
239,58,38,0,18.3621
239,58,39,0,18.3621
239,58,40,0,18.3621
239,58,41,621,18.3621
239,58,42,444,18.3621
239,58,43,0,18.3621
239,58,44,0,18.3621
239,58,45,0,18.3621
239,58,46,0,18.3621
239,58,47,0,18.3621
239,58,48,0,18.3621
239,58,49,0,18.3621
239,58,50,0,18.3621
239,58,51,0,18.3621
239,58,52,0,18.3621
239,58,53,0,18.3621
239,58,54,0,18.3621
239,58,55,0,18.3621
239,58,56,0,18.3621
239,58,57,0,18.3621
239,58,58,0,18.3621
239,58,59,0,18.3621
239,58,60,0,18.3621
239,58,61,0,18.3621
239,58,62,0,18.3621
239,58,63,0,18.3621
239,59,0,0,18.1864
239,59,1,0,18.1864
239,59,2,0,18.1864
239,59,3,0,18.1864
239,59,4,0,18.1864
239,59,5,0,18.1864
239,59,6,0,18.1864
239,59,7,0,18.1864
239,59,8,0,18.1864
239,59,9,0,18.1864
239,59,10,0,18.1864
239,59,11,0,18.1864
239,59,12,0,18.1864
239,59,13,0,18.1864
239,59,14,0,18.1864
239,59,15,0,18.1864
239,59,16,0,18.1864
239,59,17,0,18.1864
239,59,18,0,18.1864
239,59,19,0,18.1864
239,59,20,0,18.1864
239,59,21,0,18.1864
239,59,22,0,18.1864
239,59,23,0,18.1864
239,59,24,0,18.1864
239,59,25,0,18.1864
239,59,26,0,18.1864
239,59,27,0,18.1864
239,59,28,0,18.1864
239,59,29,0,18.1864
239,59,30,0,18.1864
239,59,31,0,18.1864
239,59,32,0,18.1864
239,59,33,0,18.1864
239,59,34,0,18.1864
239,59,35,0,18.1864
239,59,36,0,18.1864
239,59,37,0,18.1864
239,59,38,0,18.1864
239,59,39,0,18.1864
239,59,40,0,18.1864
239,59,41,629,18.1864
239,59,42,444,18.1864
239,59,43,0,18.1864
239,59,44,0,18.1864
239,59,45,0,18.1864
239,59,46,0,18.1864
239,59,47,0,18.1864
239,59,48,0,18.1864
239,59,49,0,18.1864
239,59,50,0,18.1864
239,59,51,0,18.1864
239,59,52,0,18.1864
239,59,53,0,18.1864
239,59,54,0,18.1864
239,59,55,0,18.1864
239,59,56,0,18.1864
239,59,57,0,18.1864
239,59,58,0,18.1864
239,59,59,0,18.1864
239,59,60,0,18.1864
239,59,61,0,18.1864
239,59,62,0,18.1864
239,59,63,0,18.1864
239,60,0,0,17.95
239,60,1,0,17.95
239,60,2,0,17.95
239,60,3,0,17.95
239,60,4,0,17.95
239,60,5,0,17.95
239,60,6,0,17.95
239,60,7,0,17.95
239,60,8,0,17.95
239,60,9,0,17.95
239,60,10,0,17.95
239,60,11,0,17.95
239,60,12,0,17.95
239,60,13,0,17.95
239,60,14,0,17.95
239,60,15,0,17.95
239,60,16,0,17.95
239,60,17,0,17.95
239,60,18,0,17.95
239,60,19,0,17.95
239,60,20,0,17.95
239,60,21,0,17.95
239,60,22,0,17.95
239,60,23,0,17.95
239,60,24,0,17.95
239,60,25,0,17.95
239,60,26,0,17.95
239,60,27,0,17.95
239,60,28,0,17.95
239,60,29,0,17.95
239,60,30,0,17.95
239,60,31,0,17.95
239,60,32,0,17.95
239,60,33,0,17.95
239,60,34,0,17.95
239,60,35,0,17.95
239,60,36,0,17.95
239,60,37,0,17.95
239,60,38,0,17.95
239,60,39,0,17.95
239,60,40,0,17.95
239,60,41,629,17.95
239,60,42,448,17.95
239,60,43,0,17.95
239,60,44,0,17.95
239,60,45,0,17.95
239,60,46,0,17.95
239,60,47,0,17.95
239,60,48,0,17.95
239,60,49,0,17.95
239,60,50,0,17.95
239,60,51,0,17.95
239,60,52,0,17.95
239,60,53,0,17.95
239,60,54,0,17.95
239,60,55,0,17.95
239,60,56,0,17.95
239,60,57,0,17.95
239,60,58,0,17.95
239,60,59,0,17.95
239,60,60,0,17.95
239,60,61,0,17.95
239,60,62,0,17.95
239,60,63,0,17.95
239,61,0,0,18.8033
239,61,1,0,18.8033
239,61,2,0,18.8033
239,61,3,0,18.8033
239,61,4,0,18.8033
239,61,5,0,18.8033
239,61,6,0,18.8033
239,61,7,0,18.8033
239,61,8,0,18.8033
239,61,9,0,18.8033
239,61,10,0,18.8033
239,61,11,0,18.8033
239,61,12,0,18.8033
239,61,13,0,18.8033
239,61,14,0,18.8033
239,61,15,0,18.8033
239,61,16,0,18.8033
239,61,17,0,18.8033
239,61,18,0,18.8033
239,61,19,0,18.8033
239,61,20,0,18.8033
239,61,21,0,18.8033
239,61,22,0,18.8033
239,61,23,0,18.8033
239,61,24,0,18.8033
239,61,25,0,18.8033
239,61,26,0,18.8033
239,61,27,0,18.8033
239,61,28,0,18.8033
239,61,29,0,18.8033
239,61,30,0,18.8033
239,61,31,0,18.8033
239,61,32,0,18.8033
239,61,33,0,18.8033
239,61,34,0,18.8033
239,61,35,0,18.8033
239,61,36,0,18.8033
239,61,37,0,18.8033
239,61,38,0,18.8033
239,61,39,0,18.8033
239,61,40,0,18.8033
239,61,41,699,18.8033
239,61,42,448,18.8033
239,61,43,0,18.8033
239,61,44,0,18.8033
239,61,45,0,18.8033
239,61,46,0,18.8033
239,61,47,0,18.8033
239,61,48,0,18.8033
239,61,49,0,18.8033
239,61,50,0,18.8033
239,61,51,0,18.8033
239,61,52,0,18.8033
239,61,53,0,18.8033
239,61,54,0,18.8033
239,61,55,0,18.8033
239,61,56,0,18.8033
239,61,57,0,18.8033
239,61,58,0,18.8033
239,61,59,0,18.8033
239,61,60,0,18.8033
239,61,61,0,18.8033
239,61,62,0,18.8033
239,61,63,0,18.8033
239,62,0,0,18.7581
239,62,1,0,18.7581
239,62,2,0,18.7581
239,62,3,0,18.7581
239,62,4,0,18.7581
239,62,5,0,18.7581
239,62,6,0,18.7581
239,62,7,0,18.7581
239,62,8,0,18.7581
239,62,9,0,18.7581
239,62,10,0,18.7581
239,62,11,0,18.7581
239,62,12,0,18.7581
239,62,13,0,18.7581
239,62,14,0,18.7581
239,62,15,0,18.7581
239,62,16,0,18.7581
239,62,17,0,18.7581
239,62,18,0,18.7581
239,62,19,0,18.7581
239,62,20,0,18.7581
239,62,21,0,18.7581
239,62,22,0,18.7581
239,62,23,0,18.7581
239,62,24,0,18.7581
239,62,25,0,18.7581
239,62,26,0,18.7581
239,62,27,0,18.7581
239,62,28,0,18.7581
239,62,29,0,18.7581
239,62,30,0,18.7581
239,62,31,0,18.7581
239,62,32,0,18.7581
239,62,33,0,18.7581
239,62,34,0,18.7581
239,62,35,0,18.7581
239,62,36,0,18.7581
239,62,37,0,18.7581
239,62,38,0,18.7581
239,62,39,0,18.7581
239,62,40,0,18.7581
239,62,41,715,18.7581
239,62,42,448,18.7581
239,62,43,0,18.7581
239,62,44,0,18.7581
239,62,45,0,18.7581
239,62,46,0,18.7581
239,62,47,0,18.7581
239,62,48,0,18.7581
239,62,49,0,18.7581
239,62,50,0,18.7581
239,62,51,0,18.7581
239,62,52,0,18.7581
239,62,53,0,18.7581
239,62,54,0,18.7581
239,62,55,0,18.7581
239,62,56,0,18.7581
239,62,57,0,18.7581
239,62,58,0,18.7581
239,62,59,0,18.7581
239,62,60,0,18.7581
239,62,61,0,18.7581
239,62,62,0,18.7581
239,62,63,0,18.7581
239,63,0,0,18.6032
239,63,1,0,18.6032
239,63,2,0,18.6032
239,63,3,0,18.6032
239,63,4,0,18.6032
239,63,5,0,18.6032
239,63,6,0,18.6032
239,63,7,0,18.6032
239,63,8,0,18.6032
239,63,9,0,18.6032
239,63,10,0,18.6032
239,63,11,0,18.6032
239,63,12,0,18.6032
239,63,13,0,18.6032
239,63,14,0,18.6032
239,63,15,0,18.6032
239,63,16,0,18.6032
239,63,17,0,18.6032
239,63,18,0,18.6032
239,63,19,0,18.6032
239,63,20,0,18.6032
239,63,21,0,18.6032
239,63,22,0,18.6032
239,63,23,0,18.6032
239,63,24,0,18.6032
239,63,25,0,18.6032
239,63,26,0,18.6032
239,63,27,0,18.6032
239,63,28,0,18.6032
239,63,29,0,18.6032
239,63,30,0,18.6032
239,63,31,0,18.6032
239,63,32,0,18.6032
239,63,33,0,18.6032
239,63,34,0,18.6032
239,63,35,0,18.6032
239,63,36,0,18.6032
239,63,37,0,18.6032
239,63,38,0,18.6032
239,63,39,0,18.6032
239,63,40,0,18.6032
239,63,41,724,18.6032
239,63,42,448,18.6032
239,63,43,0,18.6032
239,63,44,0,18.6032
239,63,45,0,18.6032
239,63,46,0,18.6032
239,63,47,0,18.6032
239,63,48,0,18.6032
239,63,49,0,18.6032
239,63,50,0,18.6032
239,63,51,0,18.6032
239,63,52,0,18.6032
239,63,53,0,18.6032
239,63,54,0,18.6032
239,63,55,0,18.6032
239,63,56,0,18.6032
239,63,57,0,18.6032
239,63,58,0,18.6032
239,63,59,0,18.6032
239,63,60,0,18.6032
239,63,61,0,18.6032
239,63,62,0,18.6032
239,63,63,0,18.6032
239,64,0,0,18.4531
239,64,1,0,18.4531
239,64,2,0,18.4531
239,64,3,0,18.4531
239,64,4,0,18.4531
239,64,5,0,18.4531
239,64,6,0,18.4531
239,64,7,0,18.4531
239,64,8,0,18.4531
239,64,9,0,18.4531
239,64,10,0,18.4531
239,64,11,0,18.4531
239,64,12,0,18.4531
239,64,13,0,18.4531
239,64,14,0,18.4531
239,64,15,0,18.4531
239,64,16,0,18.4531
239,64,17,0,18.4531
239,64,18,0,18.4531
239,64,19,0,18.4531
239,64,20,0,18.4531
239,64,21,0,18.4531
239,64,22,0,18.4531
239,64,23,0,18.4531
239,64,24,0,18.4531
239,64,25,0,18.4531
239,64,26,0,18.4531
239,64,27,0,18.4531
239,64,28,0,18.4531
239,64,29,0,18.4531
239,64,30,0,18.4531
239,64,31,0,18.4531
239,64,32,0,18.4531
239,64,33,0,18.4531
239,64,34,0,18.4531
239,64,35,0,18.4531
239,64,36,0,18.4531
239,64,37,0,18.4531
239,64,38,0,18.4531
239,64,39,0,18.4531
239,64,40,0,18.4531
239,64,41,724,18.4531
239,64,42,457,18.4531
239,64,43,0,18.4531
239,64,44,0,18.4531
239,64,45,0,18.4531
239,64,46,0,18.4531
239,64,47,0,18.4531
239,64,48,0,18.4531
239,64,49,0,18.4531
239,64,50,0,18.4531
239,64,51,0,18.4531
239,64,52,0,18.4531
239,64,53,0,18.4531
239,64,54,0,18.4531
239,64,55,0,18.4531
239,64,56,0,18.4531
239,64,57,0,18.4531
239,64,58,0,18.4531
239,64,59,0,18.4531
239,64,60,0,18.4531
239,64,61,0,18.4531
239,64,62,0,18.4531
239,64,63,0,18.4531
239,65,0,0,18.4
239,65,1,0,18.4
239,65,2,0,18.4
239,65,3,0,18.4
239,65,4,0,18.4
239,65,5,0,18.4
239,65,6,0,18.4
239,65,7,0,18.4
239,65,8,0,18.4
239,65,9,0,18.4
239,65,10,0,18.4
239,65,11,0,18.4
239,65,12,0,18.4
239,65,13,0,18.4
239,65,14,0,18.4
239,65,15,0,18.4
239,65,16,0,18.4
239,65,17,0,18.4
239,65,18,0,18.4
239,65,19,0,18.4
239,65,20,0,18.4
239,65,21,0,18.4
239,65,22,0,18.4
239,65,23,0,18.4
239,65,24,0,18.4
239,65,25,0,18.4
239,65,26,0,18.4
239,65,27,0,18.4
239,65,28,0,18.4
239,65,29,0,18.4
239,65,30,0,18.4
239,65,31,0,18.4
239,65,32,0,18.4
239,65,33,0,18.4
239,65,34,0,18.4
239,65,35,0,18.4
239,65,36,0,18.4
239,65,37,0,18.4
239,65,38,0,18.4
239,65,39,0,18.4
239,65,40,0,18.4
239,65,41,739,18.4
239,65,42,457,18.4
239,65,43,0,18.4
239,65,44,0,18.4
239,65,45,0,18.4
239,65,46,0,18.4
239,65,47,0,18.4
239,65,48,0,18.4
239,65,49,0,18.4
239,65,50,0,18.4
239,65,51,0,18.4
239,65,52,0,18.4
239,65,53,0,18.4
239,65,54,0,18.4
239,65,55,0,18.4
239,65,56,0,18.4
239,65,57,0,18.4
239,65,58,0,18.4
239,65,59,0,18.4
239,65,60,0,18.4
239,65,61,0,18.4
239,65,62,0,18.4
239,65,63,0,18.4
239,66,0,0,18.5606
239,66,1,0,18.5606
239,66,2,0,18.5606
239,66,3,0,18.5606
239,66,4,0,18.5606
239,66,5,0,18.5606
239,66,6,0,18.5606
239,66,7,0,18.5606
239,66,8,0,18.5606
239,66,9,0,18.5606
239,66,10,0,18.5606
239,66,11,0,18.5606
239,66,12,0,18.5606
239,66,13,0,18.5606
239,66,14,0,18.5606
239,66,15,0,18.5606
239,66,16,0,18.5606
239,66,17,0,18.5606
239,66,18,0,18.5606
239,66,19,0,18.5606
239,66,20,0,18.5606
239,66,21,0,18.5606
239,66,22,0,18.5606
239,66,23,0,18.5606
239,66,24,0,18.5606
239,66,25,0,18.5606
239,66,26,0,18.5606
239,66,27,0,18.5606
239,66,28,0,18.5606
239,66,29,0,18.5606
239,66,30,0,18.5606
239,66,31,0,18.5606
239,66,32,0,18.5606
239,66,33,0,18.5606
239,66,34,0,18.5606
239,66,35,0,18.5606
239,66,36,0,18.5606
239,66,37,0,18.5606
239,66,38,0,18.5606
239,66,39,0,18.5606
239,66,40,0,18.5606
239,66,41,768,18.5606
239,66,42,457,18.5606
239,66,43,0,18.5606
239,66,44,0,18.5606
239,66,45,0,18.5606
239,66,46,0,18.5606
239,66,47,0,18.5606
239,66,48,0,18.5606
239,66,49,0,18.5606
239,66,50,0,18.5606
239,66,51,0,18.5606
239,66,52,0,18.5606
239,66,53,0,18.5606
239,66,54,0,18.5606
239,66,55,0,18.5606
239,66,56,0,18.5606
239,66,57,0,18.5606
239,66,58,0,18.5606
239,66,59,0,18.5606
239,66,60,0,18.5606
239,66,61,0,18.5606
239,66,62,0,18.5606
239,66,63,0,18.5606
239,67,0,0,18.806
239,67,1,0,18.806
239,67,2,0,18.806
239,67,3,0,18.806
239,67,4,0,18.806
239,67,5,0,18.806
239,67,6,0,18.806
239,67,7,0,18.806
239,67,8,0,18.806
239,67,9,0,18.806
239,67,10,0,18.806
239,67,11,0,18.806
239,67,12,0,18.806
239,67,13,0,18.806
239,67,14,0,18.806
239,67,15,0,18.806
239,67,16,0,18.806
239,67,17,0,18.806
239,67,18,0,18.806
239,67,19,0,18.806
239,67,20,0,18.806
239,67,21,0,18.806
239,67,22,0,18.806
239,67,23,0,18.806
239,67,24,0,18.806
239,67,25,0,18.806
239,67,26,0,18.806
239,67,27,0,18.806
239,67,28,0,18.806
239,67,29,0,18.806
239,67,30,0,18.806
239,67,31,0,18.806
239,67,32,0,18.806
239,67,33,0,18.806
239,67,34,0,18.806
239,67,35,0,18.806
239,67,36,0,18.806
239,67,37,0,18.806
239,67,38,0,18.806
239,67,39,0,18.806
239,67,40,0,18.806
239,67,41,803,18.806
239,67,42,457,18.806
239,67,43,0,18.806
239,67,44,0,18.806
239,67,45,0,18.806
239,67,46,0,18.806
239,67,47,0,18.806
239,67,48,0,18.806
239,67,49,0,18.806
239,67,50,0,18.806
239,67,51,0,18.806
239,67,52,0,18.806
239,67,53,0,18.806
239,67,54,0,18.806
239,67,55,0,18.806
239,67,56,0,18.806
239,67,57,0,18.806
239,67,58,0,18.806
239,67,59,0,18.806
239,67,60,0,18.806
239,67,61,0,18.806
239,67,62,0,18.806
239,67,63,0,18.806
239,68,0,0,18.75
239,68,1,0,18.75
239,68,2,0,18.75
239,68,3,0,18.75
239,68,4,0,18.75
239,68,5,0,18.75
239,68,6,0,18.75
239,68,7,0,18.75
239,68,8,0,18.75
239,68,9,0,18.75
239,68,10,0,18.75
239,68,11,0,18.75
239,68,12,0,18.75
239,68,13,0,18.75
239,68,14,0,18.75
239,68,15,0,18.75
239,68,16,0,18.75
239,68,17,0,18.75
239,68,18,0,18.75
239,68,19,0,18.75
239,68,20,0,18.75
239,68,21,0,18.75
239,68,22,0,18.75
239,68,23,0,18.75
239,68,24,0,18.75
239,68,25,0,18.75
239,68,26,0,18.75
239,68,27,0,18.75
239,68,28,0,18.75
239,68,29,0,18.75
239,68,30,0,18.75
239,68,31,0,18.75
239,68,32,0,18.75
239,68,33,0,18.75
239,68,34,0,18.75
239,68,35,0,18.75
239,68,36,0,18.75
239,68,37,0,18.75
239,68,38,0,18.75
239,68,39,0,18.75
239,68,40,0,18.75
239,68,41,818,18.75
239,68,42,457,18.75
239,68,43,0,18.75
239,68,44,0,18.75
239,68,45,0,18.75
239,68,46,0,18.75
239,68,47,0,18.75
239,68,48,0,18.75
239,68,49,0,18.75
239,68,50,0,18.75
239,68,51,0,18.75
239,68,52,0,18.75
239,68,53,0,18.75
239,68,54,0,18.75
239,68,55,0,18.75
239,68,56,0,18.75
239,68,57,0,18.75
239,68,58,0,18.75
239,68,59,0,18.75
239,68,60,0,18.75
239,68,61,0,18.75
239,68,62,0,18.75
239,68,63,0,18.75
239,69,0,0,18.5942
239,69,1,0,18.5942
239,69,2,0,18.5942
239,69,3,0,18.5942
239,69,4,0,18.5942
239,69,5,0,18.5942
239,69,6,0,18.5942
239,69,7,0,18.5942
239,69,8,0,18.5942
239,69,9,0,18.5942
239,69,10,0,18.5942
239,69,11,0,18.5942
239,69,12,0,18.5942
239,69,13,0,18.5942
239,69,14,0,18.5942
239,69,15,0,18.5942
239,69,16,0,18.5942
239,69,17,0,18.5942
239,69,18,0,18.5942
239,69,19,0,18.5942
239,69,20,0,18.5942
239,69,21,0,18.5942
239,69,22,0,18.5942
239,69,23,0,18.5942
239,69,24,0,18.5942
239,69,25,0,18.5942
239,69,26,0,18.5942
239,69,27,0,18.5942
239,69,28,0,18.5942
239,69,29,0,18.5942
239,69,30,0,18.5942
239,69,31,0,18.5942
239,69,32,0,18.5942
239,69,33,0,18.5942
239,69,34,0,18.5942
239,69,35,0,18.5942
239,69,36,0,18.5942
239,69,37,0,18.5942
239,69,38,0,18.5942
239,69,39,0,18.5942
239,69,40,0,18.5942
239,69,41,826,18.5942
239,69,42,457,18.5942
239,69,43,0,18.5942
239,69,44,0,18.5942
239,69,45,0,18.5942
239,69,46,0,18.5942
239,69,47,0,18.5942
239,69,48,0,18.5942
239,69,49,0,18.5942
239,69,50,0,18.5942
239,69,51,0,18.5942
239,69,52,0,18.5942
239,69,53,0,18.5942
239,69,54,0,18.5942
239,69,55,0,18.5942
239,69,56,0,18.5942
239,69,57,0,18.5942
239,69,58,0,18.5942
239,69,59,0,18.5942
239,69,60,0,18.5942
239,69,61,0,18.5942
239,69,62,0,18.5942
239,69,63,0,18.5942
239,70,0,0,18.8571
239,70,1,0,18.8571
239,70,2,0,18.8571
239,70,3,0,18.8571
239,70,4,0,18.8571
239,70,5,0,18.8571
239,70,6,0,18.8571
239,70,7,0,18.8571
239,70,8,0,18.8571
239,70,9,0,18.8571
239,70,10,0,18.8571
239,70,11,0,18.8571
239,70,12,0,18.8571
239,70,13,0,18.8571
239,70,14,0,18.8571
239,70,15,0,18.8571
239,70,16,0,18.8571
239,70,17,0,18.8571
239,70,18,0,18.8571
239,70,19,0,18.8571
239,70,20,0,18.8571
239,70,21,0,18.8571
239,70,22,0,18.8571
239,70,23,0,18.8571
239,70,24,0,18.8571
239,70,25,0,18.8571
239,70,26,0,18.8571
239,70,27,0,18.8571
239,70,28,0,18.8571
239,70,29,0,18.8571
239,70,30,0,18.8571
239,70,31,0,18.8571
239,70,32,0,18.8571
239,70,33,0,18.8571
239,70,34,0,18.8571
239,70,35,0,18.8571
239,70,36,0,18.8571
239,70,37,0,18.8571
239,70,38,0,18.8571
239,70,39,0,18.8571
239,70,40,0,18.8571
239,70,41,863,18.8571
239,70,42,457,18.8571
239,70,43,0,18.8571
239,70,44,0,18.8571
239,70,45,0,18.8571
239,70,46,0,18.8571
239,70,47,0,18.8571
239,70,48,0,18.8571
239,70,49,0,18.8571
239,70,50,0,18.8571
239,70,51,0,18.8571
239,70,52,0,18.8571
239,70,53,0,18.8571
239,70,54,0,18.8571
239,70,55,0,18.8571
239,70,56,0,18.8571
239,70,57,0,18.8571
239,70,58,0,18.8571
239,70,59,0,18.8571
239,70,60,0,18.8571
239,70,61,0,18.8571
239,70,62,0,18.8571
239,70,63,0,18.8571
239,71,0,0,18.9155
239,71,1,0,18.9155
239,71,2,0,18.9155
239,71,3,0,18.9155
239,71,4,0,18.9155
239,71,5,0,18.9155
239,71,6,0,18.9155
239,71,7,0,18.9155
239,71,8,0,18.9155
239,71,9,0,18.9155
239,71,10,0,18.9155
239,71,11,0,18.9155
239,71,12,0,18.9155
239,71,13,0,18.9155
239,71,14,0,18.9155
239,71,15,0,18.9155
239,71,16,0,18.9155
239,71,17,0,18.9155
239,71,18,0,18.9155
239,71,19,0,18.9155
239,71,20,0,18.9155
239,71,21,0,18.9155
239,71,22,0,18.9155
239,71,23,0,18.9155
239,71,24,0,18.9155
239,71,25,0,18.9155
239,71,26,0,18.9155
239,71,27,0,18.9155
239,71,28,0,18.9155
239,71,29,0,18.9155
239,71,30,0,18.9155
239,71,31,0,18.9155
239,71,32,0,18.9155
239,71,33,0,18.9155
239,71,34,0,18.9155
239,71,35,0,18.9155
239,71,36,0,18.9155
239,71,37,0,18.9155
239,71,38,0,18.9155
239,71,39,0,18.9155
239,71,40,0,18.9155
239,71,41,886,18.9155
239,71,42,457,18.9155
239,71,43,0,18.9155
239,71,44,0,18.9155
239,71,45,0,18.9155
239,71,46,0,18.9155
239,71,47,0,18.9155
239,71,48,0,18.9155
239,71,49,0,18.9155
239,71,50,0,18.9155
239,71,51,0,18.9155
239,71,52,0,18.9155
239,71,53,0,18.9155
239,71,54,0,18.9155
239,71,55,0,18.9155
239,71,56,0,18.9155
239,71,57,0,18.9155
239,71,58,0,18.9155
239,71,59,0,18.9155
239,71,60,0,18.9155
239,71,61,0,18.9155
239,71,62,0,18.9155
239,71,63,0,18.9155
239,72,0,0,18.9028
239,72,1,0,18.9028
239,72,2,0,18.9028
239,72,3,0,18.9028
239,72,4,0,18.9028
239,72,5,0,18.9028
239,72,6,0,18.9028
239,72,7,0,18.9028
239,72,8,0,18.9028
239,72,9,0,18.9028
239,72,10,0,18.9028
239,72,11,0,18.9028
239,72,12,0,18.9028
239,72,13,0,18.9028
239,72,14,0,18.9028
239,72,15,0,18.9028
239,72,16,0,18.9028
239,72,17,0,18.9028
239,72,18,0,18.9028
239,72,19,0,18.9028
239,72,20,0,18.9028
239,72,21,0,18.9028
239,72,22,0,18.9028
239,72,23,0,18.9028
239,72,24,0,18.9028
239,72,25,0,18.9028
239,72,26,0,18.9028
239,72,27,0,18.9028
239,72,28,0,18.9028
239,72,29,0,18.9028
239,72,30,0,18.9028
239,72,31,0,18.9028
239,72,32,0,18.9028
239,72,33,0,18.9028
239,72,34,0,18.9028
239,72,35,0,18.9028
239,72,36,0,18.9028
239,72,37,0,18.9028
239,72,38,0,18.9028
239,72,39,0,18.9028
239,72,40,0,18.9028
239,72,41,904,18.9028
239,72,42,457,18.9028
239,72,43,0,18.9028
239,72,44,0,18.9028
239,72,45,0,18.9028
239,72,46,0,18.9028
239,72,47,0,18.9028
239,72,48,0,18.9028
239,72,49,0,18.9028
239,72,50,0,18.9028
239,72,51,0,18.9028
239,72,52,0,18.9028
239,72,53,0,18.9028
239,72,54,0,18.9028
239,72,55,0,18.9028
239,72,56,0,18.9028
239,72,57,0,18.9028
239,72,58,0,18.9028
239,72,59,0,18.9028
239,72,60,0,18.9028
239,72,61,0,18.9028
239,72,62,0,18.9028
239,72,63,0,18.9028
239,73,0,0,19.0548
239,73,1,0,19.0548
239,73,2,0,19.0548
239,73,3,0,19.0548
239,73,4,0,19.0548
239,73,5,0,19.0548
239,73,6,0,19.0548
239,73,7,0,19.0548
239,73,8,0,19.0548
239,73,9,0,19.0548
239,73,10,0,19.0548
239,73,11,0,19.0548
239,73,12,0,19.0548
239,73,13,0,19.0548
239,73,14,0,19.0548
239,73,15,0,19.0548
239,73,16,0,19.0548
239,73,17,0,19.0548
239,73,18,0,19.0548
239,73,19,0,19.0548
239,73,20,0,19.0548
239,73,21,0,19.0548
239,73,22,0,19.0548
239,73,23,0,19.0548
239,73,24,0,19.0548
239,73,25,0,19.0548
239,73,26,0,19.0548
239,73,27,0,19.0548
239,73,28,0,19.0548
239,73,29,0,19.0548
239,73,30,0,19.0548
239,73,31,0,19.0548
239,73,32,0,19.0548
239,73,33,0,19.0548
239,73,34,0,19.0548
239,73,35,0,19.0548
239,73,36,0,19.0548
239,73,37,0,19.0548
239,73,38,0,19.0548
239,73,39,0,19.0548
239,73,40,0,19.0548
239,73,41,934,19.0548
239,73,42,457,19.0548
239,73,43,0,19.0548
239,73,44,0,19.0548
239,73,45,0,19.0548
239,73,46,0,19.0548
239,73,47,0,19.0548
239,73,48,0,19.0548
239,73,49,0,19.0548
239,73,50,0,19.0548
239,73,51,0,19.0548
239,73,52,0,19.0548
239,73,53,0,19.0548
239,73,54,0,19.0548
239,73,55,0,19.0548
239,73,56,0,19.0548
239,73,57,0,19.0548
239,73,58,0,19.0548
239,73,59,0,19.0548
239,73,60,0,19.0548
239,73,61,0,19.0548
239,73,62,0,19.0548
239,73,63,0,19.0548
239,74,0,0,19.0811
239,74,1,0,19.0811
239,74,2,0,19.0811
239,74,3,0,19.0811
239,74,4,0,19.0811
239,74,5,0,19.0811
239,74,6,0,19.0811
239,74,7,0,19.0811
239,74,8,0,19.0811
239,74,9,0,19.0811
239,74,10,0,19.0811
239,74,11,0,19.0811
239,74,12,0,19.0811
239,74,13,0,19.0811
239,74,14,0,19.0811
239,74,15,0,19.0811
239,74,16,0,19.0811
239,74,17,0,19.0811
239,74,18,0,19.0811
239,74,19,0,19.0811
239,74,20,0,19.0811
239,74,21,0,19.0811
239,74,22,0,19.0811
239,74,23,0,19.0811
239,74,24,0,19.0811
239,74,25,0,19.0811
239,74,26,0,19.0811
239,74,27,0,19.0811
239,74,28,0,19.0811
239,74,29,0,19.0811
239,74,30,0,19.0811
239,74,31,0,19.0811
239,74,32,0,19.0811
239,74,33,0,19.0811
239,74,34,0,19.0811
239,74,35,0,19.0811
239,74,36,0,19.0811
239,74,37,0,19.0811
239,74,38,0,19.0811
239,74,39,0,19.0811
239,74,40,0,19.0811
239,74,41,955,19.0811
239,74,42,457,19.0811
239,74,43,0,19.0811
239,74,44,0,19.0811
239,74,45,0,19.0811
239,74,46,0,19.0811
239,74,47,0,19.0811
239,74,48,0,19.0811
239,74,49,0,19.0811
239,74,50,0,19.0811
239,74,51,0,19.0811
239,74,52,0,19.0811
239,74,53,0,19.0811
239,74,54,0,19.0811
239,74,55,0,19.0811
239,74,56,0,19.0811
239,74,57,0,19.0811
239,74,58,0,19.0811
239,74,59,0,19.0811
239,74,60,0,19.0811
239,74,61,0,19.0811
239,74,62,0,19.0811
239,74,63,0,19.0811
239,75,0,0,19.3867
239,75,1,0,19.3867
239,75,2,0,19.3867
239,75,3,0,19.3867
239,75,4,0,19.3867
239,75,5,0,19.3867
239,75,6,0,19.3867
239,75,7,0,19.3867
239,75,8,0,19.3867
239,75,9,0,19.3867
239,75,10,0,19.3867
239,75,11,0,19.3867
239,75,12,0,19.3867
239,75,13,0,19.3867
239,75,14,0,19.3867
239,75,15,0,19.3867
239,75,16,0,19.3867
239,75,17,0,19.3867
239,75,18,0,19.3867
239,75,19,0,19.3867
239,75,20,0,19.3867
239,75,21,0,19.3867
239,75,22,0,19.3867
239,75,23,0,19.3867
239,75,24,0,19.3867
239,75,25,0,19.3867
239,75,26,0,19.3867
239,75,27,0,19.3867
239,75,28,0,19.3867
239,75,29,0,19.3867
239,75,30,0,19.3867
239,75,31,0,19.3867
239,75,32,0,19.3867
239,75,33,0,19.3867
239,75,34,0,19.3867
239,75,35,0,19.3867
239,75,36,0,19.3867
239,75,37,0,19.3867
239,75,38,0,19.3867
239,75,39,0,19.3867
239,75,40,0,19.3867
239,75,41,997,19.3867
239,75,42,457,19.3867
239,75,43,0,19.3867
239,75,44,0,19.3867
239,75,45,0,19.3867
239,75,46,0,19.3867
239,75,47,0,19.3867
239,75,48,0,19.3867
239,75,49,0,19.3867
239,75,50,0,19.3867
239,75,51,0,19.3867
239,75,52,0,19.3867
239,75,53,0,19.3867
239,75,54,0,19.3867
239,75,55,0,19.3867
239,75,56,0,19.3867
239,75,57,0,19.3867
239,75,58,0,19.3867
239,75,59,0,19.3867
239,75,60,0,19.3867
239,75,61,0,19.3867
239,75,62,0,19.3867
239,75,63,0,19.3867
239,76,0,0,19.2895
239,76,1,0,19.2895
239,76,2,0,19.2895
239,76,3,0,19.2895
239,76,4,0,19.2895
239,76,5,0,19.2895
239,76,6,0,19.2895
239,76,7,0,19.2895
239,76,8,0,19.2895
239,76,9,0,19.2895
239,76,10,0,19.2895
239,76,11,0,19.2895
239,76,12,0,19.2895
239,76,13,0,19.2895
239,76,14,0,19.2895
239,76,15,0,19.2895
239,76,16,0,19.2895
239,76,17,0,19.2895
239,76,18,0,19.2895
239,76,19,0,19.2895
239,76,20,0,19.2895
239,76,21,0,19.2895
239,76,22,0,19.2895
239,76,23,0,19.2895
239,76,24,0,19.2895
239,76,25,0,19.2895
239,76,26,0,19.2895
239,76,27,0,19.2895
239,76,28,0,19.2895
239,76,29,0,19.2895
239,76,30,0,19.2895
239,76,31,0,19.2895
239,76,32,0,19.2895
239,76,33,0,19.2895
239,76,34,0,19.2895
239,76,35,0,19.2895
239,76,36,0,19.2895
239,76,37,0,19.2895
239,76,38,0,19.2895
239,76,39,0,19.2895
239,76,40,0,19.2895
239,76,41,1009,19.2895
239,76,42,457,19.2895
239,76,43,0,19.2895
239,76,44,0,19.2895
239,76,45,0,19.2895
239,76,46,0,19.2895
239,76,47,0,19.2895
239,76,48,0,19.2895
239,76,49,0,19.2895
239,76,50,0,19.2895
239,76,51,0,19.2895
239,76,52,0,19.2895
239,76,53,0,19.2895
239,76,54,0,19.2895
239,76,55,0,19.2895
239,76,56,0,19.2895
239,76,57,0,19.2895
239,76,58,0,19.2895
239,76,59,0,19.2895
239,76,60,0,19.2895
239,76,61,0,19.2895
239,76,62,0,19.2895
239,76,63,0,19.2895
239,77,0,0,19.5844
239,77,1,0,19.5844
239,77,2,0,19.5844
239,77,3,0,19.5844
239,77,4,0,19.5844
239,77,5,0,19.5844
239,77,6,0,19.5844
239,77,7,0,19.5844
239,77,8,0,19.5844
239,77,9,0,19.5844
239,77,10,0,19.5844
239,77,11,0,19.5844
239,77,12,0,19.5844
239,77,13,0,19.5844
239,77,14,0,19.5844
239,77,15,0,19.5844
239,77,16,0,19.5844
239,77,17,0,19.5844
239,77,18,0,19.5844
239,77,19,0,19.5844
239,77,20,0,19.5844
239,77,21,0,19.5844
239,77,22,0,19.5844
239,77,23,0,19.5844
239,77,24,0,19.5844
239,77,25,0,19.5844
239,77,26,0,19.5844
239,77,27,0,19.5844
239,77,28,0,19.5844
239,77,29,0,19.5844
239,77,30,0,19.5844
239,77,31,0,19.5844
239,77,32,0,19.5844
239,77,33,0,19.5844
239,77,34,0,19.5844
239,77,35,0,19.5844
239,77,36,0,19.5844
239,77,37,0,19.5844
239,77,38,0,19.5844
239,77,39,0,19.5844
239,77,40,0,19.5844
239,77,41,1051,19.5844
239,77,42,457,19.5844
239,77,43,0,19.5844
239,77,44,0,19.5844
239,77,45,0,19.5844
239,77,46,0,19.5844
239,77,47,0,19.5844
239,77,48,0,19.5844
239,77,49,0,19.5844
239,77,50,0,19.5844
239,77,51,0,19.5844
239,77,52,0,19.5844
239,77,53,0,19.5844
239,77,54,0,19.5844
239,77,55,0,19.5844
239,77,56,0,19.5844
239,77,57,0,19.5844
239,77,58,0,19.5844
239,77,59,0,19.5844
239,77,60,0,19.5844
239,77,61,0,19.5844
239,77,62,0,19.5844
239,77,63,0,19.5844
239,78,0,0,19.3718
239,78,1,0,19.3718
239,78,2,0,19.3718
239,78,3,0,19.3718
239,78,4,0,19.3718
239,78,5,0,19.3718
239,78,6,0,19.3718
239,78,7,0,19.3718
239,78,8,0,19.3718
239,78,9,0,19.3718
239,78,10,0,19.3718
239,78,11,0,19.3718
239,78,12,0,19.3718
239,78,13,0,19.3718
239,78,14,0,19.3718
239,78,15,0,19.3718
239,78,16,0,19.3718
239,78,17,0,19.3718
239,78,18,0,19.3718
239,78,19,0,19.3718
239,78,20,0,19.3718
239,78,21,0,19.3718
239,78,22,0,19.3718
239,78,23,0,19.3718
239,78,24,0,19.3718
239,78,25,0,19.3718
239,78,26,0,19.3718
239,78,27,0,19.3718
239,78,28,0,19.3718
239,78,29,0,19.3718
239,78,30,0,19.3718
239,78,31,0,19.3718
239,78,32,0,19.3718
239,78,33,0,19.3718
239,78,34,0,19.3718
239,78,35,0,19.3718
239,78,36,0,19.3718
239,78,37,0,19.3718
239,78,38,0,19.3718
239,78,39,0,19.3718
239,78,40,0,19.3718
239,78,41,1054,19.3718
239,78,42,457,19.3718
239,78,43,0,19.3718
239,78,44,0,19.3718
239,78,45,0,19.3718
239,78,46,0,19.3718
239,78,47,0,19.3718
239,78,48,0,19.3718
239,78,49,0,19.3718
239,78,50,0,19.3718
239,78,51,0,19.3718
239,78,52,0,19.3718
239,78,53,0,19.3718
239,78,54,0,19.3718
239,78,55,0,19.3718
239,78,56,0,19.3718
239,78,57,0,19.3718
239,78,58,0,19.3718
239,78,59,0,19.3718
239,78,60,0,19.3718
239,78,61,0,19.3718
239,78,62,0,19.3718
239,78,63,0,19.3718
239,79,0,0,19.2152
239,79,1,0,19.2152
239,79,2,0,19.2152
239,79,3,0,19.2152
239,79,4,0,19.2152
239,79,5,0,19.2152
239,79,6,0,19.2152
239,79,7,0,19.2152
239,79,8,0,19.2152
239,79,9,0,19.2152
239,79,10,0,19.2152
239,79,11,0,19.2152
239,79,12,0,19.2152
239,79,13,0,19.2152
239,79,14,0,19.2152
239,79,15,0,19.2152
239,79,16,0,19.2152
239,79,17,0,19.2152
239,79,18,0,19.2152
239,79,19,0,19.2152
239,79,20,0,19.2152
239,79,21,0,19.2152
239,79,22,0,19.2152
239,79,23,0,19.2152
239,79,24,0,19.2152
239,79,25,0,19.2152
239,79,26,0,19.2152
239,79,27,0,19.2152
239,79,28,0,19.2152
239,79,29,0,19.2152
239,79,30,0,19.2152
239,79,31,0,19.2152
239,79,32,0,19.2152
239,79,33,0,19.2152
239,79,34,0,19.2152
239,79,35,0,19.2152
239,79,36,0,19.2152
239,79,37,0,19.2152
239,79,38,0,19.2152
239,79,39,0,19.2152
239,79,40,0,19.2152
239,79,41,1054,19.2152
239,79,42,464,19.2152
239,79,43,0,19.2152
239,79,44,0,19.2152
239,79,45,0,19.2152
239,79,46,0,19.2152
239,79,47,0,19.2152
239,79,48,0,19.2152
239,79,49,0,19.2152
239,79,50,0,19.2152
239,79,51,0,19.2152
239,79,52,0,19.2152
239,79,53,0,19.2152
239,79,54,0,19.2152
239,79,55,0,19.2152
239,79,56,0,19.2152
239,79,57,0,19.2152
239,79,58,0,19.2152
239,79,59,0,19.2152
239,79,60,0,19.2152
239,79,61,0,19.2152
239,79,62,0,19.2152
239,79,63,0,19.2152
239,80,0,0,19.25
239,80,1,0,19.25
239,80,2,0,19.25
239,80,3,0,19.25
239,80,4,0,19.25
239,80,5,0,19.25
239,80,6,0,19.25
239,80,7,0,19.25
239,80,8,0,19.25
239,80,9,0,19.25
239,80,10,0,19.25
239,80,11,0,19.25
239,80,12,0,19.25
239,80,13,0,19.25
239,80,14,0,19.25
239,80,15,0,19.25
239,80,16,0,19.25
239,80,17,0,19.25
239,80,18,0,19.25
239,80,19,0,19.25
239,80,20,0,19.25
239,80,21,0,19.25
239,80,22,0,19.25
239,80,23,0,19.25
239,80,24,0,19.25
239,80,25,0,19.25
239,80,26,0,19.25
239,80,27,0,19.25
239,80,28,0,19.25
239,80,29,0,19.25
239,80,30,0,19.25
239,80,31,0,19.25
239,80,32,0,19.25
239,80,33,0,19.25
239,80,34,0,19.25
239,80,35,0,19.25
239,80,36,0,19.25
239,80,37,0,19.25
239,80,38,0,19.25
239,80,39,0,19.25
239,80,40,0,19.25
239,80,41,1076,19.25
239,80,42,464,19.25
239,80,43,0,19.25
239,80,44,0,19.25
239,80,45,0,19.25
239,80,46,0,19.25
239,80,47,0,19.25
239,80,48,0,19.25
239,80,49,0,19.25
239,80,50,0,19.25
239,80,51,0,19.25
239,80,52,0,19.25
239,80,53,0,19.25
239,80,54,0,19.25
239,80,55,0,19.25
239,80,56,0,19.25
239,80,57,0,19.25
239,80,58,0,19.25
239,80,59,0,19.25
239,80,60,0,19.25
239,80,61,0,19.25
239,80,62,0,19.25
239,80,63,0,19.25
239,81,0,0,19.3086
239,81,1,0,19.3086
239,81,2,0,19.3086
239,81,3,0,19.3086
239,81,4,0,19.3086
239,81,5,0,19.3086
239,81,6,0,19.3086
239,81,7,0,19.3086
239,81,8,0,19.3086
239,81,9,0,19.3086
239,81,10,0,19.3086
239,81,11,0,19.3086
239,81,12,0,19.3086
239,81,13,0,19.3086
239,81,14,0,19.3086
239,81,15,0,19.3086
239,81,16,0,19.3086
239,81,17,0,19.3086
239,81,18,0,19.3086
239,81,19,0,19.3086
239,81,20,0,19.3086
239,81,21,0,19.3086
239,81,22,0,19.3086
239,81,23,0,19.3086
239,81,24,0,19.3086
239,81,25,0,19.3086
239,81,26,0,19.3086
239,81,27,0,19.3086
239,81,28,0,19.3086
239,81,29,0,19.3086
239,81,30,0,19.3086
239,81,31,0,19.3086
239,81,32,0,19.3086
239,81,33,0,19.3086
239,81,34,0,19.3086
239,81,35,0,19.3086
239,81,36,0,19.3086
239,81,37,0,19.3086
239,81,38,0,19.3086
239,81,39,0,19.3086
239,81,40,0,19.3086
239,81,41,1076,19.3086
239,81,42,488,19.3086
239,81,43,0,19.3086
239,81,44,0,19.3086
239,81,45,0,19.3086
239,81,46,0,19.3086
239,81,47,0,19.3086
239,81,48,0,19.3086
239,81,49,0,19.3086
239,81,50,0,19.3086
239,81,51,0,19.3086
239,81,52,0,19.3086
239,81,53,0,19.3086
239,81,54,0,19.3086
239,81,55,0,19.3086
239,81,56,0,19.3086
239,81,57,0,19.3086
239,81,58,0,19.3086
239,81,59,0,19.3086
239,81,60,0,19.3086
239,81,61,0,19.3086
239,81,62,0,19.3086
239,81,63,0,19.3086
239,82,0,0,19.3049
239,82,1,0,19.3049
239,82,2,0,19.3049
239,82,3,0,19.3049
239,82,4,0,19.3049
239,82,5,0,19.3049
239,82,6,0,19.3049
239,82,7,0,19.3049
239,82,8,0,19.3049
239,82,9,0,19.3049
239,82,10,0,19.3049
239,82,11,0,19.3049
239,82,12,0,19.3049
239,82,13,0,19.3049
239,82,14,0,19.3049
239,82,15,0,19.3049
239,82,16,0,19.3049
239,82,17,0,19.3049
239,82,18,0,19.3049
239,82,19,0,19.3049
239,82,20,0,19.3049
239,82,21,0,19.3049
239,82,22,0,19.3049
239,82,23,0,19.3049
239,82,24,0,19.3049
239,82,25,0,19.3049
239,82,26,0,19.3049
239,82,27,0,19.3049
239,82,28,0,19.3049
239,82,29,0,19.3049
239,82,30,0,19.3049
239,82,31,0,19.3049
239,82,32,0,19.3049
239,82,33,0,19.3049
239,82,34,0,19.3049
239,82,35,0,19.3049
239,82,36,0,19.3049
239,82,37,0,19.3049
239,82,38,0,19.3049
239,82,39,0,19.3049
239,82,40,0,19.3049
239,82,41,1095,19.3049
239,82,42,488,19.3049
239,82,43,0,19.3049
239,82,44,0,19.3049
239,82,45,0,19.3049
239,82,46,0,19.3049
239,82,47,0,19.3049
239,82,48,0,19.3049
239,82,49,0,19.3049
239,82,50,0,19.3049
239,82,51,0,19.3049
239,82,52,0,19.3049
239,82,53,0,19.3049
239,82,54,0,19.3049
239,82,55,0,19.3049
239,82,56,0,19.3049
239,82,57,0,19.3049
239,82,58,0,19.3049
239,82,59,0,19.3049
239,82,60,0,19.3049
239,82,61,0,19.3049
239,82,62,0,19.3049
239,82,63,0,19.3049
239,83,0,0,19.1687
239,83,1,0,19.1687
239,83,2,0,19.1687
239,83,3,0,19.1687
239,83,4,0,19.1687
239,83,5,0,19.1687
239,83,6,0,19.1687
239,83,7,0,19.1687
239,83,8,0,19.1687
239,83,9,0,19.1687
239,83,10,0,19.1687
239,83,11,0,19.1687
239,83,12,0,19.1687
239,83,13,0,19.1687
239,83,14,0,19.1687
239,83,15,0,19.1687
239,83,16,0,19.1687
239,83,17,0,19.1687
239,83,18,0,19.1687
239,83,19,0,19.1687
239,83,20,0,19.1687
239,83,21,0,19.1687
239,83,22,0,19.1687
239,83,23,0,19.1687
239,83,24,0,19.1687
239,83,25,0,19.1687
239,83,26,0,19.1687
239,83,27,0,19.1687
239,83,28,0,19.1687
239,83,29,0,19.1687
239,83,30,0,19.1687
239,83,31,0,19.1687
239,83,32,0,19.1687
239,83,33,0,19.1687
239,83,34,0,19.1687
239,83,35,0,19.1687
239,83,36,0,19.1687
239,83,37,0,19.1687
239,83,38,0,19.1687
239,83,39,0,19.1687
239,83,40,0,19.1687
239,83,41,1103,19.1687
239,83,42,488,19.1687
239,83,43,0,19.1687
239,83,44,0,19.1687
239,83,45,0,19.1687
239,83,46,0,19.1687
239,83,47,0,19.1687
239,83,48,0,19.1687
239,83,49,0,19.1687
239,83,50,0,19.1687
239,83,51,0,19.1687
239,83,52,0,19.1687
239,83,53,0,19.1687
239,83,54,0,19.1687
239,83,55,0,19.1687
239,83,56,0,19.1687
239,83,57,0,19.1687
239,83,58,0,19.1687
239,83,59,0,19.1687
239,83,60,0,19.1687
239,83,61,0,19.1687
239,83,62,0,19.1687
239,83,63,0,19.1687
239,84,0,0,19.2024
239,84,1,0,19.2024
239,84,2,0,19.2024
239,84,3,0,19.2024
239,84,4,0,19.2024
239,84,5,0,19.2024
239,84,6,0,19.2024
239,84,7,0,19.2024
239,84,8,0,19.2024
239,84,9,0,19.2024
239,84,10,0,19.2024
239,84,11,0,19.2024
239,84,12,0,19.2024
239,84,13,0,19.2024
239,84,14,0,19.2024
239,84,15,0,19.2024
239,84,16,0,19.2024
239,84,17,0,19.2024
239,84,18,0,19.2024
239,84,19,0,19.2024
239,84,20,0,19.2024
239,84,21,0,19.2024
239,84,22,0,19.2024
239,84,23,0,19.2024
239,84,24,0,19.2024
239,84,25,0,19.2024
239,84,26,0,19.2024
239,84,27,0,19.2024
239,84,28,0,19.2024
239,84,29,0,19.2024
239,84,30,0,19.2024
239,84,31,0,19.2024
239,84,32,0,19.2024
239,84,33,0,19.2024
239,84,34,0,19.2024
239,84,35,0,19.2024
239,84,36,0,19.2024
239,84,37,0,19.2024
239,84,38,0,19.2024
239,84,39,0,19.2024
239,84,40,0,19.2024
239,84,41,1125,19.2024
239,84,42,488,19.2024
239,84,43,0,19.2024
239,84,44,0,19.2024
239,84,45,0,19.2024
239,84,46,0,19.2024
239,84,47,0,19.2024
239,84,48,0,19.2024
239,84,49,0,19.2024
239,84,50,0,19.2024
239,84,51,0,19.2024
239,84,52,0,19.2024
239,84,53,0,19.2024
239,84,54,0,19.2024
239,84,55,0,19.2024
239,84,56,0,19.2024
239,84,57,0,19.2024
239,84,58,0,19.2024
239,84,59,0,19.2024
239,84,60,0,19.2024
239,84,61,0,19.2024
239,84,62,0,19.2024
239,84,63,0,19.2024
239,85,0,0,19.1176
239,85,1,0,19.1176
239,85,2,0,19.1176
239,85,3,0,19.1176
239,85,4,0,19.1176
239,85,5,0,19.1176
239,85,6,0,19.1176
239,85,7,0,19.1176
239,85,8,0,19.1176
239,85,9,0,19.1176
239,85,10,0,19.1176
239,85,11,0,19.1176
239,85,12,0,19.1176
239,85,13,0,19.1176
239,85,14,0,19.1176
239,85,15,0,19.1176
239,85,16,0,19.1176
239,85,17,0,19.1176
239,85,18,0,19.1176
239,85,19,0,19.1176
239,85,20,0,19.1176
239,85,21,0,19.1176
239,85,22,0,19.1176
239,85,23,0,19.1176
239,85,24,0,19.1176
239,85,25,0,19.1176
239,85,26,0,19.1176
239,85,27,0,19.1176
239,85,28,0,19.1176
239,85,29,0,19.1176
239,85,30,0,19.1176
239,85,31,0,19.1176
239,85,32,0,19.1176
239,85,33,0,19.1176
239,85,34,0,19.1176
239,85,35,0,19.1176
239,85,36,0,19.1176
239,85,37,0,19.1176
239,85,38,0,19.1176
239,85,39,0,19.1176
239,85,40,0,19.1176
239,85,41,1137,19.1176
239,85,42,488,19.1176
239,85,43,0,19.1176
239,85,44,0,19.1176
239,85,45,0,19.1176
239,85,46,0,19.1176
239,85,47,0,19.1176
239,85,48,0,19.1176
239,85,49,0,19.1176
239,85,50,0,19.1176
239,85,51,0,19.1176
239,85,52,0,19.1176
239,85,53,0,19.1176
239,85,54,0,19.1176
239,85,55,0,19.1176
239,85,56,0,19.1176
239,85,57,0,19.1176
239,85,58,0,19.1176
239,85,59,0,19.1176
239,85,60,0,19.1176
239,85,61,0,19.1176
239,85,62,0,19.1176
239,85,63,0,19.1176
239,86,0,0,19.0349
239,86,1,0,19.0349
239,86,2,0,19.0349
239,86,3,0,19.0349
239,86,4,0,19.0349
239,86,5,0,19.0349
239,86,6,0,19.0349
239,86,7,0,19.0349
239,86,8,0,19.0349
239,86,9,0,19.0349
239,86,10,0,19.0349
239,86,11,0,19.0349
239,86,12,0,19.0349
239,86,13,0,19.0349
239,86,14,0,19.0349
239,86,15,0,19.0349
239,86,16,0,19.0349
239,86,17,0,19.0349
239,86,18,0,19.0349
239,86,19,0,19.0349
239,86,20,0,19.0349
239,86,21,0,19.0349
239,86,22,0,19.0349
239,86,23,0,19.0349
239,86,24,0,19.0349
239,86,25,0,19.0349
239,86,26,0,19.0349
239,86,27,0,19.0349
239,86,28,0,19.0349
239,86,29,0,19.0349
239,86,30,0,19.0349
239,86,31,0,19.0349
239,86,32,0,19.0349
239,86,33,0,19.0349
239,86,34,0,19.0349
239,86,35,0,19.0349
239,86,36,0,19.0349
239,86,37,0,19.0349
239,86,38,0,19.0349
239,86,39,0,19.0349
239,86,40,0,19.0349
239,86,41,1149,19.0349
239,86,42,488,19.0349
239,86,43,0,19.0349
239,86,44,0,19.0349
239,86,45,0,19.0349
239,86,46,0,19.0349
239,86,47,0,19.0349
239,86,48,0,19.0349
239,86,49,0,19.0349
239,86,50,0,19.0349
239,86,51,0,19.0349
239,86,52,0,19.0349
239,86,53,0,19.0349
239,86,54,0,19.0349
239,86,55,0,19.0349
239,86,56,0,19.0349
239,86,57,0,19.0349
239,86,58,0,19.0349
239,86,59,0,19.0349
239,86,60,0,19.0349
239,86,61,0,19.0349
239,86,62,0,19.0349
239,86,63,0,19.0349
239,87,0,0,19.023
239,87,1,0,19.023
239,87,2,0,19.023
239,87,3,0,19.023
239,87,4,0,19.023
239,87,5,0,19.023
239,87,6,0,19.023
239,87,7,0,19.023
239,87,8,0,19.023
239,87,9,0,19.023
239,87,10,0,19.023
239,87,11,0,19.023
239,87,12,0,19.023
239,87,13,0,19.023
239,87,14,0,19.023
239,87,15,0,19.023
239,87,16,0,19.023
239,87,17,0,19.023
239,87,18,0,19.023
239,87,19,0,19.023
239,87,20,0,19.023
239,87,21,0,19.023
239,87,22,0,19.023
239,87,23,0,19.023
239,87,24,0,19.023
239,87,25,0,19.023
239,87,26,0,19.023
239,87,27,0,19.023
239,87,28,0,19.023
239,87,29,0,19.023
239,87,30,0,19.023
239,87,31,0,19.023
239,87,32,0,19.023
239,87,33,0,19.023
239,87,34,0,19.023
239,87,35,0,19.023
239,87,36,0,19.023
239,87,37,0,19.023
239,87,38,0,19.023
239,87,39,0,19.023
239,87,40,0,19.023
239,87,41,1167,19.023
239,87,42,488,19.023
239,87,43,0,19.023
239,87,44,0,19.023
239,87,45,0,19.023
239,87,46,0,19.023
239,87,47,0,19.023
239,87,48,0,19.023
239,87,49,0,19.023
239,87,50,0,19.023
239,87,51,0,19.023
239,87,52,0,19.023
239,87,53,0,19.023
239,87,54,0,19.023
239,87,55,0,19.023
239,87,56,0,19.023
239,87,57,0,19.023
239,87,58,0,19.023
239,87,59,0,19.023
239,87,60,0,19.023
239,87,61,0,19.023
239,87,62,0,19.023
239,87,63,0,19.023
239,88,0,0,18.9545
239,88,1,0,18.9545
239,88,2,0,18.9545
239,88,3,0,18.9545
239,88,4,0,18.9545
239,88,5,0,18.9545
239,88,6,0,18.9545
239,88,7,0,18.9545
239,88,8,0,18.9545
239,88,9,0,18.9545
239,88,10,0,18.9545
239,88,11,0,18.9545
239,88,12,0,18.9545
239,88,13,0,18.9545
239,88,14,0,18.9545
239,88,15,0,18.9545
239,88,16,0,18.9545
239,88,17,0,18.9545
239,88,18,0,18.9545
239,88,19,0,18.9545
239,88,20,0,18.9545
239,88,21,0,18.9545
239,88,22,0,18.9545
239,88,23,0,18.9545
239,88,24,0,18.9545
239,88,25,0,18.9545
239,88,26,0,18.9545
239,88,27,0,18.9545
239,88,28,0,18.9545
239,88,29,0,18.9545
239,88,30,0,18.9545
239,88,31,0,18.9545
239,88,32,0,18.9545
239,88,33,0,18.9545
239,88,34,0,18.9545
239,88,35,0,18.9545
239,88,36,0,18.9545
239,88,37,0,18.9545
239,88,38,0,18.9545
239,88,39,0,18.9545
239,88,40,0,18.9545
239,88,41,1167,18.9545
239,88,42,501,18.9545
239,88,43,0,18.9545
239,88,44,0,18.9545
239,88,45,0,18.9545
239,88,46,0,18.9545
239,88,47,0,18.9545
239,88,48,0,18.9545
239,88,49,0,18.9545
239,88,50,0,18.9545
239,88,51,0,18.9545
239,88,52,0,18.9545
239,88,53,0,18.9545
239,88,54,0,18.9545
239,88,55,0,18.9545
239,88,56,0,18.9545
239,88,57,0,18.9545
239,88,58,0,18.9545
239,88,59,0,18.9545
239,88,60,0,18.9545
239,88,61,0,18.9545
239,88,62,0,18.9545
239,88,63,0,18.9545
239,89,0,0,18.9888
239,89,1,0,18.9888
239,89,2,0,18.9888
239,89,3,0,18.9888
239,89,4,0,18.9888
239,89,5,0,18.9888
239,89,6,0,18.9888
239,89,7,0,18.9888
239,89,8,0,18.9888
239,89,9,0,18.9888
239,89,10,0,18.9888
239,89,11,0,18.9888
239,89,12,0,18.9888
239,89,13,0,18.9888
239,89,14,0,18.9888
239,89,15,0,18.9888
239,89,16,0,18.9888
239,89,17,0,18.9888
239,89,18,0,18.9888
239,89,19,0,18.9888
239,89,20,0,18.9888
239,89,21,0,18.9888
239,89,22,0,18.9888
239,89,23,0,18.9888
239,89,24,0,18.9888
239,89,25,0,18.9888
239,89,26,0,18.9888
239,89,27,0,18.9888
239,89,28,0,18.9888
239,89,29,0,18.9888
239,89,30,0,18.9888
239,89,31,0,18.9888
239,89,32,0,18.9888
239,89,33,0,18.9888
239,89,34,0,18.9888
239,89,35,0,18.9888
239,89,36,0,18.9888
239,89,37,0,18.9888
239,89,38,0,18.9888
239,89,39,0,18.9888
239,89,40,0,18.9888
239,89,41,1167,18.9888
239,89,42,523,18.9888
239,89,43,0,18.9888
239,89,44,0,18.9888
239,89,45,0,18.9888
239,89,46,0,18.9888
239,89,47,0,18.9888
239,89,48,0,18.9888
239,89,49,0,18.9888
239,89,50,0,18.9888
239,89,51,0,18.9888
239,89,52,0,18.9888
239,89,53,0,18.9888
239,89,54,0,18.9888
239,89,55,0,18.9888
239,89,56,0,18.9888
239,89,57,0,18.9888
239,89,58,0,18.9888
239,89,59,0,18.9888
239,89,60,0,18.9888
239,89,61,0,18.9888
239,89,62,0,18.9888
239,89,63,0,18.9888
239,90,0,0,18.8111
239,90,1,0,18.8111
239,90,2,0,18.8111
239,90,3,0,18.8111
239,90,4,0,18.8111
239,90,5,0,18.8111
239,90,6,0,18.8111
239,90,7,0,18.8111
239,90,8,0,18.8111
239,90,9,0,18.8111
239,90,10,0,18.8111
239,90,11,0,18.8111
239,90,12,0,18.8111
239,90,13,0,18.8111
239,90,14,0,18.8111
239,90,15,0,18.8111
239,90,16,0,18.8111
239,90,17,0,18.8111
239,90,18,0,18.8111
239,90,19,0,18.8111
239,90,20,0,18.8111
239,90,21,0,18.8111
239,90,22,0,18.8111
239,90,23,0,18.8111
239,90,24,0,18.8111
239,90,25,0,18.8111
239,90,26,0,18.8111
239,90,27,0,18.8111
239,90,28,0,18.8111
239,90,29,0,18.8111
239,90,30,0,18.8111
239,90,31,0,18.8111
239,90,32,0,18.8111
239,90,33,0,18.8111
239,90,34,0,18.8111
239,90,35,0,18.8111
239,90,36,0,18.8111
239,90,37,0,18.8111
239,90,38,0,18.8111
239,90,39,0,18.8111
239,90,40,0,18.8111
239,90,41,1170,18.8111
239,90,42,523,18.8111
239,90,43,0,18.8111
239,90,44,0,18.8111
239,90,45,0,18.8111
239,90,46,0,18.8111
239,90,47,0,18.8111
239,90,48,0,18.8111
239,90,49,0,18.8111
239,90,50,0,18.8111
239,90,51,0,18.8111
239,90,52,0,18.8111
239,90,53,0,18.8111
239,90,54,0,18.8111
239,90,55,0,18.8111
239,90,56,0,18.8111
239,90,57,0,18.8111
239,90,58,0,18.8111
239,90,59,0,18.8111
239,90,60,0,18.8111
239,90,61,0,18.8111
239,90,62,0,18.8111
239,90,63,0,18.8111
239,91,0,0,19.0879
239,91,1,0,19.0879
239,91,2,0,19.0879
239,91,3,0,19.0879
239,91,4,0,19.0879
239,91,5,0,19.0879
239,91,6,0,19.0879
239,91,7,0,19.0879
239,91,8,0,19.0879
239,91,9,0,19.0879
239,91,10,0,19.0879
239,91,11,0,19.0879
239,91,12,0,19.0879
239,91,13,0,19.0879
239,91,14,0,19.0879
239,91,15,0,19.0879
239,91,16,0,19.0879
239,91,17,0,19.0879
239,91,18,0,19.0879
239,91,19,0,19.0879
239,91,20,0,19.0879
239,91,21,0,19.0879
239,91,22,0,19.0879
239,91,23,0,19.0879
239,91,24,0,19.0879
239,91,25,0,19.0879
239,91,26,0,19.0879
239,91,27,0,19.0879
239,91,28,0,19.0879
239,91,29,0,19.0879
239,91,30,0,19.0879
239,91,31,0,19.0879
239,91,32,0,19.0879
239,91,33,0,19.0879
239,91,34,0,19.0879
239,91,35,0,19.0879
239,91,36,0,19.0879
239,91,37,0,19.0879
239,91,38,0,19.0879
239,91,39,0,19.0879
239,91,40,0,19.0879
239,91,41,1170,19.0879
239,91,42,567,19.0879
239,91,43,0,19.0879
239,91,44,0,19.0879
239,91,45,0,19.0879
239,91,46,0,19.0879
239,91,47,0,19.0879
239,91,48,0,19.0879
239,91,49,0,19.0879
239,91,50,0,19.0879
239,91,51,0,19.0879
239,91,52,0,19.0879
239,91,53,0,19.0879
239,91,54,0,19.0879
239,91,55,0,19.0879
239,91,56,0,19.0879
239,91,57,0,19.0879
239,91,58,0,19.0879
239,91,59,0,19.0879
239,91,60,0,19.0879
239,91,61,0,19.0879
239,91,62,0,19.0879
239,91,63,0,19.0879
239,92,0,0,19.0761
239,92,1,0,19.0761
239,92,2,0,19.0761
239,92,3,0,19.0761
239,92,4,0,19.0761
239,92,5,0,19.0761
239,92,6,0,19.0761
239,92,7,0,19.0761
239,92,8,0,19.0761
239,92,9,0,19.0761
239,92,10,0,19.0761
239,92,11,0,19.0761
239,92,12,0,19.0761
239,92,13,0,19.0761
239,92,14,0,19.0761
239,92,15,0,19.0761
239,92,16,0,19.0761
239,92,17,0,19.0761
239,92,18,0,19.0761
239,92,19,0,19.0761
239,92,20,0,19.0761
239,92,21,0,19.0761
239,92,22,0,19.0761
239,92,23,0,19.0761
239,92,24,0,19.0761
239,92,25,0,19.0761
239,92,26,0,19.0761
239,92,27,0,19.0761
239,92,28,0,19.0761
239,92,29,0,19.0761
239,92,30,0,19.0761
239,92,31,0,19.0761
239,92,32,0,19.0761
239,92,33,0,19.0761
239,92,34,0,19.0761
239,92,35,0,19.0761
239,92,36,0,19.0761
239,92,37,0,19.0761
239,92,38,0,19.0761
239,92,39,0,19.0761
239,92,40,0,19.0761
239,92,41,1188,19.0761
239,92,42,567,19.0761
239,92,43,0,19.0761
239,92,44,0,19.0761
239,92,45,0,19.0761
239,92,46,0,19.0761
239,92,47,0,19.0761
239,92,48,0,19.0761
239,92,49,0,19.0761
239,92,50,0,19.0761
239,92,51,0,19.0761
239,92,52,0,19.0761
239,92,53,0,19.0761
239,92,54,0,19.0761
239,92,55,0,19.0761
239,92,56,0,19.0761
239,92,57,0,19.0761
239,92,58,0,19.0761
239,92,59,0,19.0761
239,92,60,0,19.0761
239,92,61,0,19.0761
239,92,62,0,19.0761
239,92,63,0,19.0761
239,93,0,0,19.1828
239,93,1,0,19.1828
239,93,2,0,19.1828
239,93,3,0,19.1828
239,93,4,0,19.1828
239,93,5,0,19.1828
239,93,6,0,19.1828
239,93,7,0,19.1828
239,93,8,0,19.1828
239,93,9,0,19.1828
239,93,10,0,19.1828
239,93,11,0,19.1828
239,93,12,0,19.1828
239,93,13,0,19.1828
239,93,14,0,19.1828
239,93,15,0,19.1828
239,93,16,0,19.1828
239,93,17,0,19.1828
239,93,18,0,19.1828
239,93,19,0,19.1828
239,93,20,0,19.1828
239,93,21,0,19.1828
239,93,22,0,19.1828
239,93,23,0,19.1828
239,93,24,0,19.1828
239,93,25,0,19.1828
239,93,26,0,19.1828
239,93,27,0,19.1828
239,93,28,0,19.1828
239,93,29,0,19.1828
239,93,30,0,19.1828
239,93,31,0,19.1828
239,93,32,0,19.1828
239,93,33,0,19.1828
239,93,34,0,19.1828
239,93,35,0,19.1828
239,93,36,0,19.1828
239,93,37,0,19.1828
239,93,38,0,19.1828
239,93,39,0,19.1828
239,93,40,0,19.1828
239,93,41,1188,19.1828
239,93,42,596,19.1828
239,93,43,0,19.1828
239,93,44,0,19.1828
239,93,45,0,19.1828
239,93,46,0,19.1828
239,93,47,0,19.1828
239,93,48,0,19.1828
239,93,49,0,19.1828
239,93,50,0,19.1828
239,93,51,0,19.1828
239,93,52,0,19.1828
239,93,53,0,19.1828
239,93,54,0,19.1828
239,93,55,0,19.1828
239,93,56,0,19.1828
239,93,57,0,19.1828
239,93,58,0,19.1828
239,93,59,0,19.1828
239,93,60,0,19.1828
239,93,61,0,19.1828
239,93,62,0,19.1828
239,93,63,0,19.1828
239,94,0,0,19
239,94,1,0,19
239,94,2,0,19
239,94,3,0,19
239,94,4,0,19
239,94,5,0,19
239,94,6,0,19
239,94,7,0,19
239,94,8,0,19
239,94,9,0,19
239,94,10,0,19
239,94,11,0,19
239,94,12,0,19
239,94,13,0,19
239,94,14,0,19
239,94,15,0,19
239,94,16,0,19
239,94,17,0,19
239,94,18,0,19
239,94,19,0,19
239,94,20,0,19
239,94,21,0,19
239,94,22,0,19
239,94,23,0,19
239,94,24,0,19
239,94,25,0,19
239,94,26,0,19
239,94,27,0,19
239,94,28,0,19
239,94,29,0,19
239,94,30,0,19
239,94,31,0,19
239,94,32,0,19
239,94,33,0,19
239,94,34,0,19
239,94,35,0,19
239,94,36,0,19
239,94,37,0,19
239,94,38,0,19
239,94,39,0,19
239,94,40,0,19
239,94,41,1188,19
239,94,42,598,19
239,94,43,0,19
239,94,44,0,19
239,94,45,0,19
239,94,46,0,19
239,94,47,0,19
239,94,48,0,19
239,94,49,0,19
239,94,50,0,19
239,94,51,0,19
239,94,52,0,19
239,94,53,0,19
239,94,54,0,19
239,94,55,0,19
239,94,56,0,19
239,94,57,0,19
239,94,58,0,19
239,94,59,0,19
239,94,60,0,19
239,94,61,0,19
239,94,62,0,19
239,94,63,0,19
239,95,0,0,19.0105
239,95,1,0,19.0105
239,95,2,0,19.0105
239,95,3,0,19.0105
239,95,4,0,19.0105
239,95,5,0,19.0105
239,95,6,0,19.0105
239,95,7,0,19.0105
239,95,8,0,19.0105
239,95,9,0,19.0105
239,95,10,0,19.0105
239,95,11,0,19.0105
239,95,12,0,19.0105
239,95,13,0,19.0105
239,95,14,0,19.0105
239,95,15,0,19.0105
239,95,16,0,19.0105
239,95,17,0,19.0105
239,95,18,0,19.0105
239,95,19,0,19.0105
239,95,20,0,19.0105
239,95,21,0,19.0105
239,95,22,0,19.0105
239,95,23,0,19.0105
239,95,24,0,19.0105
239,95,25,0,19.0105
239,95,26,0,19.0105
239,95,27,0,19.0105
239,95,28,0,19.0105
239,95,29,0,19.0105
239,95,30,0,19.0105
239,95,31,0,19.0105
239,95,32,0,19.0105
239,95,33,0,19.0105
239,95,34,0,19.0105
239,95,35,0,19.0105
239,95,36,0,19.0105
239,95,37,0,19.0105
239,95,38,0,19.0105
239,95,39,0,19.0105
239,95,40,0,19.0105
239,95,41,1188,19.0105
239,95,42,618,19.0105
239,95,43,0,19.0105
239,95,44,0,19.0105
239,95,45,0,19.0105
239,95,46,0,19.0105
239,95,47,0,19.0105
239,95,48,0,19.0105
239,95,49,0,19.0105
239,95,50,0,19.0105
239,95,51,0,19.0105
239,95,52,0,19.0105
239,95,53,0,19.0105
239,95,54,0,19.0105
239,95,55,0,19.0105
239,95,56,0,19.0105
239,95,57,0,19.0105
239,95,58,0,19.0105
239,95,59,0,19.0105
239,95,60,0,19.0105
239,95,61,0,19.0105
239,95,62,0,19.0105
239,95,63,0,19.0105
239,96,0,0,19
239,96,1,0,19
239,96,2,0,19
239,96,3,0,19
239,96,4,0,19
239,96,5,0,19
239,96,6,0,19
239,96,7,0,19
239,96,8,0,19
239,96,9,0,19
239,96,10,0,19
239,96,11,0,19
239,96,12,0,19
239,96,13,0,19
239,96,14,0,19
239,96,15,0,19
239,96,16,0,19
239,96,17,0,19
239,96,18,0,19
239,96,19,0,19
239,96,20,0,19
239,96,21,0,19
239,96,22,0,19
239,96,23,0,19
239,96,24,0,19
239,96,25,0,19
239,96,26,0,19
239,96,27,0,19
239,96,28,0,19
239,96,29,0,19
239,96,30,0,19
239,96,31,0,19
239,96,32,0,19
239,96,33,0,19
239,96,34,0,19
239,96,35,0,19
239,96,36,0,19
239,96,37,0,19
239,96,38,0,19
239,96,39,0,19
239,96,40,0,19
239,96,41,1206,19
239,96,42,618,19
239,96,43,0,19
239,96,44,0,19
239,96,45,0,19
239,96,46,0,19
239,96,47,0,19
239,96,48,0,19
239,96,49,0,19
239,96,50,0,19
239,96,51,0,19
239,96,52,0,19
239,96,53,0,19
239,96,54,0,19
239,96,55,0,19
239,96,56,0,19
239,96,57,0,19
239,96,58,0,19
239,96,59,0,19
239,96,60,0,19
239,96,61,0,19
239,96,62,0,19
239,96,63,0,19
239,97,0,0,18.9588
239,97,1,0,18.9588
239,97,2,0,18.9588
239,97,3,0,18.9588
239,97,4,0,18.9588
239,97,5,0,18.9588
239,97,6,0,18.9588
239,97,7,0,18.9588
239,97,8,0,18.9588
239,97,9,0,18.9588
239,97,10,0,18.9588
239,97,11,0,18.9588
239,97,12,0,18.9588
239,97,13,0,18.9588
239,97,14,0,18.9588
239,97,15,0,18.9588
239,97,16,0,18.9588
239,97,17,0,18.9588
239,97,18,0,18.9588
239,97,19,0,18.9588
239,97,20,0,18.9588
239,97,21,0,18.9588
239,97,22,0,18.9588
239,97,23,0,18.9588
239,97,24,0,18.9588
239,97,25,0,18.9588
239,97,26,0,18.9588
239,97,27,0,18.9588
239,97,28,0,18.9588
239,97,29,0,18.9588
239,97,30,0,18.9588
239,97,31,0,18.9588
239,97,32,0,18.9588
239,97,33,0,18.9588
239,97,34,0,18.9588
239,97,35,0,18.9588
239,97,36,0,18.9588
239,97,37,0,18.9588
239,97,38,0,18.9588
239,97,39,0,18.9588
239,97,40,0,18.9588
239,97,41,1221,18.9588
239,97,42,618,18.9588
239,97,43,0,18.9588
239,97,44,0,18.9588
239,97,45,0,18.9588
239,97,46,0,18.9588
239,97,47,0,18.9588
239,97,48,0,18.9588
239,97,49,0,18.9588
239,97,50,0,18.9588
239,97,51,0,18.9588
239,97,52,0,18.9588
239,97,53,0,18.9588
239,97,54,0,18.9588
239,97,55,0,18.9588
239,97,56,0,18.9588
239,97,57,0,18.9588
239,97,58,0,18.9588
239,97,59,0,18.9588
239,97,60,0,18.9588
239,97,61,0,18.9588
239,97,62,0,18.9588
239,97,63,0,18.9588
239,98,0,0,18.8265
239,98,1,0,18.8265
239,98,2,0,18.8265
239,98,3,0,18.8265
239,98,4,0,18.8265
239,98,5,0,18.8265
239,98,6,0,18.8265
239,98,7,0,18.8265
239,98,8,0,18.8265
239,98,9,0,18.8265
239,98,10,0,18.8265
239,98,11,0,18.8265
239,98,12,0,18.8265
239,98,13,0,18.8265
239,98,14,0,18.8265
239,98,15,0,18.8265
239,98,16,0,18.8265
239,98,17,0,18.8265
239,98,18,0,18.8265
239,98,19,0,18.8265
239,98,20,0,18.8265
239,98,21,0,18.8265
239,98,22,0,18.8265
239,98,23,0,18.8265
239,98,24,0,18.8265
239,98,25,0,18.8265
239,98,26,0,18.8265
239,98,27,0,18.8265
239,98,28,0,18.8265
239,98,29,0,18.8265
239,98,30,0,18.8265
239,98,31,0,18.8265
239,98,32,0,18.8265
239,98,33,0,18.8265
239,98,34,0,18.8265
239,98,35,0,18.8265
239,98,36,0,18.8265
239,98,37,0,18.8265
239,98,38,0,18.8265
239,98,39,0,18.8265
239,98,40,0,18.8265
239,98,41,1227,18.8265
239,98,42,618,18.8265
239,98,43,0,18.8265
239,98,44,0,18.8265
239,98,45,0,18.8265
239,98,46,0,18.8265
239,98,47,0,18.8265
239,98,48,0,18.8265
239,98,49,0,18.8265
239,98,50,0,18.8265
239,98,51,0,18.8265
239,98,52,0,18.8265
239,98,53,0,18.8265
239,98,54,0,18.8265
239,98,55,0,18.8265
239,98,56,0,18.8265
239,98,57,0,18.8265
239,98,58,0,18.8265
239,98,59,0,18.8265
239,98,60,0,18.8265
239,98,61,0,18.8265
239,98,62,0,18.8265
239,98,63,0,18.8265
239,99,0,0,18.6667
239,99,1,0,18.6667
239,99,2,0,18.6667
239,99,3,0,18.6667
239,99,4,0,18.6667
239,99,5,0,18.6667
239,99,6,0,18.6667
239,99,7,0,18.6667
239,99,8,0,18.6667
239,99,9,0,18.6667
239,99,10,0,18.6667
239,99,11,0,18.6667
239,99,12,0,18.6667
239,99,13,0,18.6667
239,99,14,0,18.6667
239,99,15,0,18.6667
239,99,16,0,18.6667
239,99,17,0,18.6667
239,99,18,0,18.6667
239,99,19,0,18.6667
239,99,20,0,18.6667
239,99,21,0,18.6667
239,99,22,0,18.6667
239,99,23,0,18.6667
239,99,24,0,18.6667
239,99,25,0,18.6667
239,99,26,0,18.6667
239,99,27,0,18.6667
239,99,28,0,18.6667
239,99,29,0,18.6667
239,99,30,0,18.6667
239,99,31,0,18.6667
239,99,32,0,18.6667
239,99,33,0,18.6667
239,99,34,0,18.6667
239,99,35,0,18.6667
239,99,36,0,18.6667
239,99,37,0,18.6667
239,99,38,0,18.6667
239,99,39,0,18.6667
239,99,40,0,18.6667
239,99,41,1227,18.6667
239,99,42,621,18.6667
239,99,43,0,18.6667
239,99,44,0,18.6667
239,99,45,0,18.6667
239,99,46,0,18.6667
239,99,47,0,18.6667
239,99,48,0,18.6667
239,99,49,0,18.6667
239,99,50,0,18.6667
239,99,51,0,18.6667
239,99,52,0,18.6667
239,99,53,0,18.6667
239,99,54,0,18.6667
239,99,55,0,18.6667
239,99,56,0,18.6667
239,99,57,0,18.6667
239,99,58,0,18.6667
239,99,59,0,18.6667
239,99,60,0,18.6667
239,99,61,0,18.6667
239,99,62,0,18.6667
239,99,63,0,18.6667
239,100,0,0,18.69
239,100,1,0,18.69
239,100,2,0,18.69
239,100,3,0,18.69
239,100,4,0,18.69
239,100,5,0,18.69
239,100,6,0,18.69
239,100,7,0,18.69
239,100,8,0,18.69
239,100,9,0,18.69
239,100,10,0,18.69
239,100,11,0,18.69
239,100,12,0,18.69
239,100,13,0,18.69
239,100,14,0,18.69
239,100,15,0,18.69
239,100,16,0,18.69
239,100,17,0,18.69
239,100,18,0,18.69
239,100,19,0,18.69
239,100,20,0,18.69
239,100,21,0,18.69
239,100,22,0,18.69
239,100,23,0,18.69
239,100,24,0,18.69
239,100,25,0,18.69
239,100,26,0,18.69
239,100,27,0,18.69
239,100,28,0,18.69
239,100,29,0,18.69
239,100,30,0,18.69
239,100,31,0,18.69
239,100,32,0,18.69
239,100,33,0,18.69
239,100,34,0,18.69
239,100,35,0,18.69
239,100,36,0,18.69
239,100,37,0,18.69
239,100,38,0,18.69
239,100,39,0,18.69
239,100,40,0,18.69
239,100,41,1248,18.69
239,100,42,621,18.69
239,100,43,0,18.69
239,100,44,0,18.69
239,100,45,0,18.69
239,100,46,0,18.69
239,100,47,0,18.69
239,100,48,0,18.69
239,100,49,0,18.69
239,100,50,0,18.69
239,100,51,0,18.69
239,100,52,0,18.69
239,100,53,0,18.69
239,100,54,0,18.69
239,100,55,0,18.69
239,100,56,0,18.69
239,100,57,0,18.69
239,100,58,0,18.69
239,100,59,0,18.69
239,100,60,0,18.69
239,100,61,0,18.69
239,100,62,0,18.69
239,100,63,0,18.69
343,1,0,0,9
343,1,1,0,9
343,1,2,0,9
343,1,3,0,9
343,1,4,0,9
343,1,5,0,9
343,1,6,0,9
343,1,7,0,9
343,1,8,0,9
343,1,9,0,9
343,1,10,0,9
343,1,11,0,9
343,1,12,0,9
343,1,13,0,9
343,1,14,0,9
343,1,15,0,9
343,1,16,0,9
343,1,17,0,9
343,1,18,0,9
343,1,19,0,9
343,1,20,0,9
343,1,21,0,9
343,1,22,0,9
343,1,23,0,9
343,1,24,0,9
343,1,25,0,9
343,1,26,0,9
343,1,27,0,9
343,1,28,0,9
343,1,29,0,9
343,1,30,0,9
343,1,31,0,9
343,1,32,0,9
343,1,33,0,9
343,1,34,0,9
343,1,35,0,9
343,1,36,0,9
343,1,37,0,9
343,1,38,9,9
343,1,39,0,9
343,1,40,0,9
343,1,41,0,9
343,1,42,0,9
343,1,43,0,9
343,1,44,0,9
343,1,45,0,9
343,1,46,0,9
343,1,47,0,9
343,1,48,0,9
343,1,49,0,9
343,1,50,0,9
343,1,51,0,9
343,1,52,0,9
343,1,53,0,9
343,1,54,0,9
343,1,55,0,9
343,1,56,0,9
343,1,57,0,9
343,1,58,0,9
343,1,59,0,9
343,1,60,0,9
343,1,61,0,9
343,1,62,0,9
343,1,63,0,9
343,2,0,0,14
343,2,1,0,14
343,2,2,0,14
343,2,3,0,14
343,2,4,0,14
343,2,5,0,14
343,2,6,0,14
343,2,7,0,14
343,2,8,0,14
343,2,9,0,14
343,2,10,0,14
343,2,11,0,14
343,2,12,0,14
343,2,13,0,14
343,2,14,0,14
343,2,15,0,14
343,2,16,0,14
343,2,17,0,14
343,2,18,0,14
343,2,19,0,14
343,2,20,0,14
343,2,21,0,14
343,2,22,0,14
343,2,23,0,14
343,2,24,0,14
343,2,25,0,14
343,2,26,0,14
343,2,27,0,14
343,2,28,0,14
343,2,29,0,14
343,2,30,0,14
343,2,31,0,14
343,2,32,0,14
343,2,33,0,14
343,2,34,0,14
343,2,35,0,14
343,2,36,0,14
343,2,37,0,14
343,2,38,28,14
343,2,39,0,14
343,2,40,0,14
343,2,41,0,14
343,2,42,0,14
343,2,43,0,14
343,2,44,0,14
343,2,45,0,14
343,2,46,0,14
343,2,47,0,14
343,2,48,0,14
343,2,49,0,14
343,2,50,0,14
343,2,51,0,14
343,2,52,0,14
343,2,53,0,14
343,2,54,0,14
343,2,55,0,14
343,2,56,0,14
343,2,57,0,14
343,2,58,0,14
343,2,59,0,14
343,2,60,0,14
343,2,61,0,14
343,2,62,0,14
343,2,63,0,14
343,3,0,0,18.6667
343,3,1,0,18.6667
343,3,2,0,18.6667
343,3,3,0,18.6667
343,3,4,0,18.6667
343,3,5,0,18.6667
343,3,6,0,18.6667
343,3,7,0,18.6667
343,3,8,0,18.6667
343,3,9,0,18.6667
343,3,10,0,18.6667
343,3,11,0,18.6667
343,3,12,0,18.6667
343,3,13,0,18.6667
343,3,14,0,18.6667
343,3,15,0,18.6667
343,3,16,0,18.6667
343,3,17,0,18.6667
343,3,18,0,18.6667
343,3,19,0,18.6667
343,3,20,0,18.6667
343,3,21,0,18.6667
343,3,22,0,18.6667
343,3,23,0,18.6667
343,3,24,0,18.6667
343,3,25,0,18.6667
343,3,26,0,18.6667
343,3,27,0,18.6667
343,3,28,0,18.6667
343,3,29,0,18.6667
343,3,30,0,18.6667
343,3,31,0,18.6667
343,3,32,0,18.6667
343,3,33,0,18.6667
343,3,34,0,18.6667
343,3,35,0,18.6667
343,3,36,0,18.6667
343,3,37,0,18.6667
343,3,38,56,18.6667
343,3,39,0,18.6667
343,3,40,0,18.6667
343,3,41,0,18.6667
343,3,42,0,18.6667
343,3,43,0,18.6667
343,3,44,0,18.6667
343,3,45,0,18.6667
343,3,46,0,18.6667
343,3,47,0,18.6667
343,3,48,0,18.6667
343,3,49,0,18.6667
343,3,50,0,18.6667
343,3,51,0,18.6667
343,3,52,0,18.6667
343,3,53,0,18.6667
343,3,54,0,18.6667
343,3,55,0,18.6667
343,3,56,0,18.6667
343,3,57,0,18.6667
343,3,58,0,18.6667
343,3,59,0,18.6667
343,3,60,0,18.6667
343,3,61,0,18.6667
343,3,62,0,18.6667
343,3,63,0,18.6667
343,4,0,0,14.25
343,4,1,0,14.25
343,4,2,0,14.25
343,4,3,0,14.25
343,4,4,0,14.25
343,4,5,0,14.25
343,4,6,0,14.25
343,4,7,0,14.25
343,4,8,0,14.25
343,4,9,0,14.25
343,4,10,0,14.25
343,4,11,0,14.25
343,4,12,0,14.25
343,4,13,0,14.25
343,4,14,0,14.25
343,4,15,0,14.25
343,4,16,0,14.25
343,4,17,0,14.25
343,4,18,0,14.25
343,4,19,0,14.25
343,4,20,0,14.25
343,4,21,0,14.25
343,4,22,0,14.25
343,4,23,0,14.25
343,4,24,0,14.25
343,4,25,0,14.25
343,4,26,0,14.25
343,4,27,0,14.25
343,4,28,0,14.25
343,4,29,0,14.25
343,4,30,0,14.25
343,4,31,0,14.25
343,4,32,0,14.25
343,4,33,0,14.25
343,4,34,0,14.25
343,4,35,0,14.25
343,4,36,0,14.25
343,4,37,0,14.25
343,4,38,57,14.25
343,4,39,0,14.25
343,4,40,0,14.25
343,4,41,0,14.25
343,4,42,0,14.25
343,4,43,0,14.25
343,4,44,0,14.25
343,4,45,0,14.25
343,4,46,0,14.25
343,4,47,0,14.25
343,4,48,0,14.25
343,4,49,0,14.25
343,4,50,0,14.25
343,4,51,0,14.25
343,4,52,0,14.25
343,4,53,0,14.25
343,4,54,0,14.25
343,4,55,0,14.25
343,4,56,0,14.25
343,4,57,0,14.25
343,4,58,0,14.25
343,4,59,0,14.25
343,4,60,0,14.25
343,4,61,0,14.25
343,4,62,0,14.25
343,4,63,0,14.25
343,5,0,0,14
343,5,1,0,14
343,5,2,0,14
343,5,3,0,14
343,5,4,0,14
343,5,5,0,14
343,5,6,0,14
343,5,7,0,14
343,5,8,0,14
343,5,9,0,14
343,5,10,0,14
343,5,11,0,14
343,5,12,0,14
343,5,13,0,14
343,5,14,0,14
343,5,15,0,14
343,5,16,0,14
343,5,17,0,14
343,5,18,0,14
343,5,19,0,14
343,5,20,0,14
343,5,21,0,14
343,5,22,0,14
343,5,23,0,14
343,5,24,0,14
343,5,25,0,14
343,5,26,0,14
343,5,27,0,14
343,5,28,0,14
343,5,29,0,14
343,5,30,0,14
343,5,31,0,14
343,5,32,0,14
343,5,33,0,14
343,5,34,0,14
343,5,35,0,14
343,5,36,0,14
343,5,37,0,14
343,5,38,70,14
343,5,39,0,14
343,5,40,0,14
343,5,41,0,14
343,5,42,0,14
343,5,43,0,14
343,5,44,0,14
343,5,45,0,14
343,5,46,0,14
343,5,47,0,14
343,5,48,0,14
343,5,49,0,14
343,5,50,0,14
343,5,51,0,14
343,5,52,0,14
343,5,53,0,14
343,5,54,0,14
343,5,55,0,14
343,5,56,0,14
343,5,57,0,14
343,5,58,0,14
343,5,59,0,14
343,5,60,0,14
343,5,61,0,14
343,5,62,0,14
343,5,63,0,14
343,6,0,0,12.3333
343,6,1,0,12.3333
343,6,2,0,12.3333
343,6,3,0,12.3333
343,6,4,0,12.3333
343,6,5,0,12.3333
343,6,6,0,12.3333
343,6,7,0,12.3333
343,6,8,0,12.3333
343,6,9,0,12.3333
343,6,10,0,12.3333
343,6,11,0,12.3333
343,6,12,0,12.3333
343,6,13,0,12.3333
343,6,14,0,12.3333
343,6,15,0,12.3333
343,6,16,0,12.3333
343,6,17,0,12.3333
343,6,18,0,12.3333
343,6,19,0,12.3333
343,6,20,0,12.3333
343,6,21,0,12.3333
343,6,22,0,12.3333
343,6,23,0,12.3333
343,6,24,0,12.3333
343,6,25,0,12.3333
343,6,26,0,12.3333
343,6,27,0,12.3333
343,6,28,0,12.3333
343,6,29,0,12.3333
343,6,30,0,12.3333
343,6,31,0,12.3333
343,6,32,0,12.3333
343,6,33,0,12.3333
343,6,34,0,12.3333
343,6,35,0,12.3333
343,6,36,0,12.3333
343,6,37,0,12.3333
343,6,38,74,12.3333
343,6,39,0,12.3333
343,6,40,0,12.3333
343,6,41,0,12.3333
343,6,42,0,12.3333
343,6,43,0,12.3333
343,6,44,0,12.3333
343,6,45,0,12.3333
343,6,46,0,12.3333
343,6,47,0,12.3333
343,6,48,0,12.3333
343,6,49,0,12.3333
343,6,50,0,12.3333
343,6,51,0,12.3333
343,6,52,0,12.3333
343,6,53,0,12.3333
343,6,54,0,12.3333
343,6,55,0,12.3333
343,6,56,0,12.3333
343,6,57,0,12.3333
343,6,58,0,12.3333
343,6,59,0,12.3333
343,6,60,0,12.3333
343,6,61,0,12.3333
343,6,62,0,12.3333
343,6,63,0,12.3333
343,7,0,0,11.7143
343,7,1,0,11.7143
343,7,2,0,11.7143
343,7,3,0,11.7143
343,7,4,0,11.7143
343,7,5,0,11.7143
343,7,6,0,11.7143
343,7,7,0,11.7143
343,7,8,0,11.7143
343,7,9,0,11.7143
343,7,10,0,11.7143
343,7,11,0,11.7143
343,7,12,0,11.7143
343,7,13,0,11.7143
343,7,14,0,11.7143
343,7,15,0,11.7143
343,7,16,0,11.7143
343,7,17,0,11.7143
343,7,18,0,11.7143
343,7,19,0,11.7143
343,7,20,0,11.7143
343,7,21,0,11.7143
343,7,22,0,11.7143
343,7,23,0,11.7143
343,7,24,0,11.7143
343,7,25,0,11.7143
343,7,26,0,11.7143
343,7,27,0,11.7143
343,7,28,0,11.7143
343,7,29,0,11.7143
343,7,30,0,11.7143
343,7,31,0,11.7143
343,7,32,0,11.7143
343,7,33,0,11.7143
343,7,34,0,11.7143
343,7,35,0,11.7143
343,7,36,0,11.7143
343,7,37,0,11.7143
343,7,38,82,11.7143
343,7,39,0,11.7143
343,7,40,0,11.7143
343,7,41,0,11.7143
343,7,42,0,11.7143
343,7,43,0,11.7143
343,7,44,0,11.7143
343,7,45,0,11.7143
343,7,46,0,11.7143
343,7,47,0,11.7143
343,7,48,0,11.7143
343,7,49,0,11.7143
343,7,50,0,11.7143
343,7,51,0,11.7143
343,7,52,0,11.7143
343,7,53,0,11.7143
343,7,54,0,11.7143
343,7,55,0,11.7143
343,7,56,0,11.7143
343,7,57,0,11.7143
343,7,58,0,11.7143
343,7,59,0,11.7143
343,7,60,0,11.7143
343,7,61,0,11.7143
343,7,62,0,11.7143
343,7,63,0,11.7143
343,8,0,0,11.625
343,8,1,0,11.625
343,8,2,0,11.625
343,8,3,0,11.625
343,8,4,0,11.625
343,8,5,0,11.625
343,8,6,0,11.625
343,8,7,0,11.625
343,8,8,0,11.625
343,8,9,0,11.625
343,8,10,0,11.625
343,8,11,0,11.625
343,8,12,0,11.625
343,8,13,0,11.625
343,8,14,0,11.625
343,8,15,0,11.625
343,8,16,0,11.625
343,8,17,0,11.625
343,8,18,0,11.625
343,8,19,0,11.625
343,8,20,0,11.625
343,8,21,0,11.625
343,8,22,0,11.625
343,8,23,0,11.625
343,8,24,0,11.625
343,8,25,0,11.625
343,8,26,0,11.625
343,8,27,0,11.625
343,8,28,0,11.625
343,8,29,0,11.625
343,8,30,0,11.625
343,8,31,0,11.625
343,8,32,0,11.625
343,8,33,0,11.625
343,8,34,0,11.625
343,8,35,0,11.625
343,8,36,0,11.625
343,8,37,0,11.625
343,8,38,93,11.625
343,8,39,0,11.625
343,8,40,0,11.625
343,8,41,0,11.625
343,8,42,0,11.625
343,8,43,0,11.625
343,8,44,0,11.625
343,8,45,0,11.625
343,8,46,0,11.625
343,8,47,0,11.625
343,8,48,0,11.625
343,8,49,0,11.625
343,8,50,0,11.625
343,8,51,0,11.625
343,8,52,0,11.625
343,8,53,0,11.625
343,8,54,0,11.625
343,8,55,0,11.625
343,8,56,0,11.625
343,8,57,0,11.625
343,8,58,0,11.625
343,8,59,0,11.625
343,8,60,0,11.625
343,8,61,0,11.625
343,8,62,0,11.625
343,8,63,0,11.625
343,9,0,0,11.3333
343,9,1,0,11.3333
343,9,2,0,11.3333
343,9,3,0,11.3333
343,9,4,0,11.3333
343,9,5,0,11.3333
343,9,6,0,11.3333
343,9,7,0,11.3333
343,9,8,0,11.3333
343,9,9,0,11.3333
343,9,10,0,11.3333
343,9,11,0,11.3333
343,9,12,0,11.3333
343,9,13,0,11.3333
343,9,14,0,11.3333
343,9,15,0,11.3333
343,9,16,0,11.3333
343,9,17,0,11.3333
343,9,18,0,11.3333
343,9,19,0,11.3333
343,9,20,0,11.3333
343,9,21,0,11.3333
343,9,22,0,11.3333
343,9,23,0,11.3333
343,9,24,0,11.3333
343,9,25,0,11.3333
343,9,26,0,11.3333
343,9,27,0,11.3333
343,9,28,0,11.3333
343,9,29,0,11.3333
343,9,30,0,11.3333
343,9,31,0,11.3333
343,9,32,0,11.3333
343,9,33,0,11.3333
343,9,34,0,11.3333
343,9,35,0,11.3333
343,9,36,0,11.3333
343,9,37,0,11.3333
343,9,38,102,11.3333
343,9,39,0,11.3333
343,9,40,0,11.3333
343,9,41,0,11.3333
343,9,42,0,11.3333
343,9,43,0,11.3333
343,9,44,0,11.3333
343,9,45,0,11.3333
343,9,46,0,11.3333
343,9,47,0,11.3333
343,9,48,0,11.3333
343,9,49,0,11.3333
343,9,50,0,11.3333
343,9,51,0,11.3333
343,9,52,0,11.3333
343,9,53,0,11.3333
343,9,54,0,11.3333
343,9,55,0,11.3333
343,9,56,0,11.3333
343,9,57,0,11.3333
343,9,58,0,11.3333
343,9,59,0,11.3333
343,9,60,0,11.3333
343,9,61,0,11.3333
343,9,62,0,11.3333
343,9,63,0,11.3333
343,10,0,0,16.7
343,10,1,0,16.7
343,10,2,0,16.7
343,10,3,0,16.7
343,10,4,0,16.7
343,10,5,0,16.7
343,10,6,0,16.7
343,10,7,0,16.7
343,10,8,0,16.7
343,10,9,0,16.7
343,10,10,0,16.7
343,10,11,0,16.7
343,10,12,0,16.7
343,10,13,0,16.7
343,10,14,0,16.7
343,10,15,0,16.7
343,10,16,0,16.7
343,10,17,0,16.7
343,10,18,0,16.7
343,10,19,0,16.7
343,10,20,0,16.7
343,10,21,0,16.7
343,10,22,0,16.7
343,10,23,0,16.7
343,10,24,0,16.7
343,10,25,0,16.7
343,10,26,0,16.7
343,10,27,0,16.7
343,10,28,0,16.7
343,10,29,0,16.7
343,10,30,0,16.7
343,10,31,0,16.7
343,10,32,0,16.7
343,10,33,0,16.7
343,10,34,0,16.7
343,10,35,0,16.7
343,10,36,0,16.7
343,10,37,0,16.7
343,10,38,167,16.7
343,10,39,0,16.7
343,10,40,0,16.7
343,10,41,0,16.7
343,10,42,0,16.7
343,10,43,0,16.7
343,10,44,0,16.7
343,10,45,0,16.7
343,10,46,0,16.7
343,10,47,0,16.7
343,10,48,0,16.7
343,10,49,0,16.7
343,10,50,0,16.7
343,10,51,0,16.7
343,10,52,0,16.7
343,10,53,0,16.7
343,10,54,0,16.7
343,10,55,0,16.7
343,10,56,0,16.7
343,10,57,0,16.7
343,10,58,0,16.7
343,10,59,0,16.7
343,10,60,0,16.7
343,10,61,0,16.7
343,10,62,0,16.7
343,10,63,0,16.7
343,11,0,0,15.4545
343,11,1,0,15.4545
343,11,2,0,15.4545
343,11,3,0,15.4545
343,11,4,0,15.4545
343,11,5,0,15.4545
343,11,6,0,15.4545
343,11,7,0,15.4545
343,11,8,0,15.4545
343,11,9,0,15.4545
343,11,10,0,15.4545
343,11,11,0,15.4545
343,11,12,0,15.4545
343,11,13,0,15.4545
343,11,14,0,15.4545
343,11,15,0,15.4545
343,11,16,0,15.4545
343,11,17,0,15.4545
343,11,18,0,15.4545
343,11,19,0,15.4545
343,11,20,0,15.4545
343,11,21,0,15.4545
343,11,22,0,15.4545
343,11,23,0,15.4545
343,11,24,0,15.4545
343,11,25,0,15.4545
343,11,26,0,15.4545
343,11,27,0,15.4545
343,11,28,0,15.4545
343,11,29,0,15.4545
343,11,30,0,15.4545
343,11,31,0,15.4545
343,11,32,0,15.4545
343,11,33,0,15.4545
343,11,34,0,15.4545
343,11,35,0,15.4545
343,11,36,0,15.4545
343,11,37,0,15.4545
343,11,38,170,15.4545
343,11,39,0,15.4545
343,11,40,0,15.4545
343,11,41,0,15.4545
343,11,42,0,15.4545
343,11,43,0,15.4545
343,11,44,0,15.4545
343,11,45,0,15.4545
343,11,46,0,15.4545
343,11,47,0,15.4545
343,11,48,0,15.4545
343,11,49,0,15.4545
343,11,50,0,15.4545
343,11,51,0,15.4545
343,11,52,0,15.4545
343,11,53,0,15.4545
343,11,54,0,15.4545
343,11,55,0,15.4545
343,11,56,0,15.4545
343,11,57,0,15.4545
343,11,58,0,15.4545
343,11,59,0,15.4545
343,11,60,0,15.4545
343,11,61,0,15.4545
343,11,62,0,15.4545
343,11,63,0,15.4545
343,12,0,0,16.9167
343,12,1,0,16.9167
343,12,2,0,16.9167
343,12,3,0,16.9167
343,12,4,0,16.9167
343,12,5,0,16.9167
343,12,6,0,16.9167
343,12,7,0,16.9167
343,12,8,0,16.9167
343,12,9,0,16.9167
343,12,10,0,16.9167
343,12,11,0,16.9167
343,12,12,0,16.9167
343,12,13,0,16.9167
343,12,14,0,16.9167
343,12,15,0,16.9167
343,12,16,0,16.9167
343,12,17,0,16.9167
343,12,18,0,16.9167
343,12,19,0,16.9167
343,12,20,0,16.9167
343,12,21,0,16.9167
343,12,22,0,16.9167
343,12,23,0,16.9167
343,12,24,0,16.9167
343,12,25,0,16.9167
343,12,26,0,16.9167
343,12,27,0,16.9167
343,12,28,0,16.9167
343,12,29,0,16.9167
343,12,30,0,16.9167
343,12,31,0,16.9167
343,12,32,0,16.9167
343,12,33,0,16.9167
343,12,34,0,16.9167
343,12,35,0,16.9167
343,12,36,0,16.9167
343,12,37,0,16.9167
343,12,38,203,16.9167
343,12,39,0,16.9167
343,12,40,0,16.9167
343,12,41,0,16.9167
343,12,42,0,16.9167
343,12,43,0,16.9167
343,12,44,0,16.9167
343,12,45,0,16.9167
343,12,46,0,16.9167
343,12,47,0,16.9167
343,12,48,0,16.9167
343,12,49,0,16.9167
343,12,50,0,16.9167
343,12,51,0,16.9167
343,12,52,0,16.9167
343,12,53,0,16.9167
343,12,54,0,16.9167
343,12,55,0,16.9167
343,12,56,0,16.9167
343,12,57,0,16.9167
343,12,58,0,16.9167
343,12,59,0,16.9167
343,12,60,0,16.9167
343,12,61,0,16.9167
343,12,62,0,16.9167
343,12,63,0,16.9167
343,13,0,0,18.5385
343,13,1,0,18.5385
343,13,2,0,18.5385
343,13,3,0,18.5385
343,13,4,0,18.5385
343,13,5,0,18.5385
343,13,6,0,18.5385
343,13,7,0,18.5385
343,13,8,0,18.5385
343,13,9,0,18.5385
343,13,10,0,18.5385
343,13,11,0,18.5385
343,13,12,0,18.5385
343,13,13,0,18.5385
343,13,14,0,18.5385
343,13,15,0,18.5385
343,13,16,0,18.5385
343,13,17,0,18.5385
343,13,18,0,18.5385
343,13,19,0,18.5385
343,13,20,0,18.5385
343,13,21,0,18.5385
343,13,22,0,18.5385
343,13,23,0,18.5385
343,13,24,0,18.5385
343,13,25,0,18.5385
343,13,26,0,18.5385
343,13,27,0,18.5385
343,13,28,0,18.5385
343,13,29,0,18.5385
343,13,30,0,18.5385
343,13,31,0,18.5385
343,13,32,0,18.5385
343,13,33,0,18.5385
343,13,34,0,18.5385
343,13,35,0,18.5385
343,13,36,0,18.5385
343,13,37,0,18.5385
343,13,38,241,18.5385
343,13,39,0,18.5385
343,13,40,0,18.5385
343,13,41,0,18.5385
343,13,42,0,18.5385
343,13,43,0,18.5385
343,13,44,0,18.5385
343,13,45,0,18.5385
343,13,46,0,18.5385
343,13,47,0,18.5385
343,13,48,0,18.5385
343,13,49,0,18.5385
343,13,50,0,18.5385
343,13,51,0,18.5385
343,13,52,0,18.5385
343,13,53,0,18.5385
343,13,54,0,18.5385
343,13,55,0,18.5385
343,13,56,0,18.5385
343,13,57,0,18.5385
343,13,58,0,18.5385
343,13,59,0,18.5385
343,13,60,0,18.5385
343,13,61,0,18.5385
343,13,62,0,18.5385
343,13,63,0,18.5385
343,14,0,0,17.5
343,14,1,0,17.5
343,14,2,0,17.5
343,14,3,0,17.5
343,14,4,0,17.5
343,14,5,0,17.5
343,14,6,0,17.5
343,14,7,0,17.5
343,14,8,0,17.5
343,14,9,0,17.5
343,14,10,0,17.5
343,14,11,0,17.5
343,14,12,0,17.5
343,14,13,0,17.5
343,14,14,0,17.5
343,14,15,0,17.5
343,14,16,0,17.5
343,14,17,0,17.5
343,14,18,0,17.5
343,14,19,0,17.5
343,14,20,0,17.5
343,14,21,0,17.5
343,14,22,0,17.5
343,14,23,0,17.5
343,14,24,0,17.5
343,14,25,0,17.5
343,14,26,0,17.5
343,14,27,0,17.5
343,14,28,0,17.5
343,14,29,0,17.5
343,14,30,0,17.5
343,14,31,0,17.5
343,14,32,0,17.5
343,14,33,0,17.5
343,14,34,0,17.5
343,14,35,0,17.5
343,14,36,0,17.5
343,14,37,0,17.5
343,14,38,245,17.5
343,14,39,0,17.5
343,14,40,0,17.5
343,14,41,0,17.5
343,14,42,0,17.5
343,14,43,0,17.5
343,14,44,0,17.5
343,14,45,0,17.5
343,14,46,0,17.5
343,14,47,0,17.5
343,14,48,0,17.5
343,14,49,0,17.5
343,14,50,0,17.5
343,14,51,0,17.5
343,14,52,0,17.5
343,14,53,0,17.5
343,14,54,0,17.5
343,14,55,0,17.5
343,14,56,0,17.5
343,14,57,0,17.5
343,14,58,0,17.5
343,14,59,0,17.5
343,14,60,0,17.5
343,14,61,0,17.5
343,14,62,0,17.5
343,14,63,0,17.5
343,15,0,0,17
343,15,1,0,17
343,15,2,0,17
343,15,3,0,17
343,15,4,0,17
343,15,5,0,17
343,15,6,0,17
343,15,7,0,17
343,15,8,0,17
343,15,9,0,17
343,15,10,0,17
343,15,11,0,17
343,15,12,0,17
343,15,13,0,17
343,15,14,0,17
343,15,15,0,17
343,15,16,0,17
343,15,17,0,17
343,15,18,0,17
343,15,19,0,17
343,15,20,0,17
343,15,21,0,17
343,15,22,0,17
343,15,23,0,17
343,15,24,0,17
343,15,25,0,17
343,15,26,0,17
343,15,27,0,17
343,15,28,0,17
343,15,29,0,17
343,15,30,0,17
343,15,31,0,17
343,15,32,0,17
343,15,33,0,17
343,15,34,0,17
343,15,35,0,17
343,15,36,0,17
343,15,37,0,17
343,15,38,255,17
343,15,39,0,17
343,15,40,0,17
343,15,41,0,17
343,15,42,0,17
343,15,43,0,17
343,15,44,0,17
343,15,45,0,17
343,15,46,0,17
343,15,47,0,17
343,15,48,0,17
343,15,49,0,17
343,15,50,0,17
343,15,51,0,17
343,15,52,0,17
343,15,53,0,17
343,15,54,0,17
343,15,55,0,17
343,15,56,0,17
343,15,57,0,17
343,15,58,0,17
343,15,59,0,17
343,15,60,0,17
343,15,61,0,17
343,15,62,0,17
343,15,63,0,17
343,16,0,0,16.9375
343,16,1,0,16.9375
343,16,2,0,16.9375
343,16,3,0,16.9375
343,16,4,0,16.9375
343,16,5,0,16.9375
343,16,6,0,16.9375
343,16,7,0,16.9375
343,16,8,0,16.9375
343,16,9,0,16.9375
343,16,10,0,16.9375
343,16,11,0,16.9375
343,16,12,0,16.9375
343,16,13,0,16.9375
343,16,14,0,16.9375
343,16,15,0,16.9375
343,16,16,0,16.9375
343,16,17,0,16.9375
343,16,18,0,16.9375
343,16,19,0,16.9375
343,16,20,0,16.9375
343,16,21,0,16.9375
343,16,22,0,16.9375
343,16,23,0,16.9375
343,16,24,0,16.9375
343,16,25,0,16.9375
343,16,26,0,16.9375
343,16,27,0,16.9375
343,16,28,0,16.9375
343,16,29,0,16.9375
343,16,30,0,16.9375
343,16,31,0,16.9375
343,16,32,0,16.9375
343,16,33,0,16.9375
343,16,34,0,16.9375
343,16,35,0,16.9375
343,16,36,0,16.9375
343,16,37,0,16.9375
343,16,38,271,16.9375
343,16,39,0,16.9375
343,16,40,0,16.9375
343,16,41,0,16.9375
343,16,42,0,16.9375
343,16,43,0,16.9375
343,16,44,0,16.9375
343,16,45,0,16.9375
343,16,46,0,16.9375
343,16,47,0,16.9375
343,16,48,0,16.9375
343,16,49,0,16.9375
343,16,50,0,16.9375
343,16,51,0,16.9375
343,16,52,0,16.9375
343,16,53,0,16.9375
343,16,54,0,16.9375
343,16,55,0,16.9375
343,16,56,0,16.9375
343,16,57,0,16.9375
343,16,58,0,16.9375
343,16,59,0,16.9375
343,16,60,0,16.9375
343,16,61,0,16.9375
343,16,62,0,16.9375
343,16,63,0,16.9375
343,17,0,0,18.4118
343,17,1,0,18.4118
343,17,2,0,18.4118
343,17,3,0,18.4118
343,17,4,0,18.4118
343,17,5,0,18.4118
343,17,6,0,18.4118
343,17,7,0,18.4118
343,17,8,0,18.4118
343,17,9,0,18.4118
343,17,10,0,18.4118
343,17,11,0,18.4118
343,17,12,0,18.4118
343,17,13,0,18.4118
343,17,14,0,18.4118
343,17,15,0,18.4118
343,17,16,0,18.4118
343,17,17,0,18.4118
343,17,18,0,18.4118
343,17,19,0,18.4118
343,17,20,0,18.4118
343,17,21,0,18.4118
343,17,22,0,18.4118
343,17,23,0,18.4118
343,17,24,0,18.4118
343,17,25,0,18.4118
343,17,26,0,18.4118
343,17,27,0,18.4118
343,17,28,0,18.4118
343,17,29,0,18.4118
343,17,30,0,18.4118
343,17,31,0,18.4118
343,17,32,0,18.4118
343,17,33,0,18.4118
343,17,34,0,18.4118
343,17,35,0,18.4118
343,17,36,0,18.4118
343,17,37,0,18.4118
343,17,38,313,18.4118
343,17,39,0,18.4118
343,17,40,0,18.4118
343,17,41,0,18.4118
343,17,42,0,18.4118
343,17,43,0,18.4118
343,17,44,0,18.4118
343,17,45,0,18.4118
343,17,46,0,18.4118
343,17,47,0,18.4118
343,17,48,0,18.4118
343,17,49,0,18.4118
343,17,50,0,18.4118
343,17,51,0,18.4118
343,17,52,0,18.4118
343,17,53,0,18.4118
343,17,54,0,18.4118
343,17,55,0,18.4118
343,17,56,0,18.4118
343,17,57,0,18.4118
343,17,58,0,18.4118
343,17,59,0,18.4118
343,17,60,0,18.4118
343,17,61,0,18.4118
343,17,62,0,18.4118
343,17,63,0,18.4118
343,18,0,0,18.1111
343,18,1,0,18.1111
343,18,2,0,18.1111
343,18,3,0,18.1111
343,18,4,0,18.1111
343,18,5,0,18.1111
343,18,6,0,18.1111
343,18,7,0,18.1111
343,18,8,0,18.1111
343,18,9,0,18.1111
343,18,10,0,18.1111
343,18,11,0,18.1111
343,18,12,0,18.1111
343,18,13,0,18.1111
343,18,14,0,18.1111
343,18,15,0,18.1111
343,18,16,0,18.1111
343,18,17,0,18.1111
343,18,18,0,18.1111
343,18,19,0,18.1111
343,18,20,0,18.1111
343,18,21,0,18.1111
343,18,22,0,18.1111
343,18,23,0,18.1111
343,18,24,0,18.1111
343,18,25,0,18.1111
343,18,26,0,18.1111
343,18,27,0,18.1111
343,18,28,0,18.1111
343,18,29,0,18.1111
343,18,30,0,18.1111
343,18,31,0,18.1111
343,18,32,0,18.1111
343,18,33,0,18.1111
343,18,34,0,18.1111
343,18,35,0,18.1111
343,18,36,0,18.1111
343,18,37,0,18.1111
343,18,38,326,18.1111
343,18,39,0,18.1111
343,18,40,0,18.1111
343,18,41,0,18.1111
343,18,42,0,18.1111
343,18,43,0,18.1111
343,18,44,0,18.1111
343,18,45,0,18.1111
343,18,46,0,18.1111
343,18,47,0,18.1111
343,18,48,0,18.1111
343,18,49,0,18.1111
343,18,50,0,18.1111
343,18,51,0,18.1111
343,18,52,0,18.1111
343,18,53,0,18.1111
343,18,54,0,18.1111
343,18,55,0,18.1111
343,18,56,0,18.1111
343,18,57,0,18.1111
343,18,58,0,18.1111
343,18,59,0,18.1111
343,18,60,0,18.1111
343,18,61,0,18.1111
343,18,62,0,18.1111
343,18,63,0,18.1111
343,19,0,0,17.5263
343,19,1,0,17.5263
343,19,2,0,17.5263
343,19,3,0,17.5263
343,19,4,0,17.5263
343,19,5,0,17.5263
343,19,6,0,17.5263
343,19,7,0,17.5263
343,19,8,0,17.5263
343,19,9,0,17.5263
343,19,10,0,17.5263
343,19,11,0,17.5263
343,19,12,0,17.5263
343,19,13,0,17.5263
343,19,14,0,17.5263
343,19,15,0,17.5263
343,19,16,0,17.5263
343,19,17,0,17.5263
343,19,18,0,17.5263
343,19,19,0,17.5263
343,19,20,0,17.5263
343,19,21,0,17.5263
343,19,22,0,17.5263
343,19,23,0,17.5263
343,19,24,0,17.5263
343,19,25,0,17.5263
343,19,26,0,17.5263
343,19,27,0,17.5263
343,19,28,0,17.5263
343,19,29,0,17.5263
343,19,30,0,17.5263
343,19,31,0,17.5263
343,19,32,0,17.5263
343,19,33,0,17.5263
343,19,34,0,17.5263
343,19,35,0,17.5263
343,19,36,0,17.5263
343,19,37,0,17.5263
343,19,38,333,17.5263
343,19,39,0,17.5263
343,19,40,0,17.5263
343,19,41,0,17.5263
343,19,42,0,17.5263
343,19,43,0,17.5263
343,19,44,0,17.5263
343,19,45,0,17.5263
343,19,46,0,17.5263
343,19,47,0,17.5263
343,19,48,0,17.5263
343,19,49,0,17.5263
343,19,50,0,17.5263
343,19,51,0,17.5263
343,19,52,0,17.5263
343,19,53,0,17.5263
343,19,54,0,17.5263
343,19,55,0,17.5263
343,19,56,0,17.5263
343,19,57,0,17.5263
343,19,58,0,17.5263
343,19,59,0,17.5263
343,19,60,0,17.5263
343,19,61,0,17.5263
343,19,62,0,17.5263
343,19,63,0,17.5263
343,20,0,0,16.9
343,20,1,0,16.9
343,20,2,0,16.9
343,20,3,0,16.9
343,20,4,0,16.9
343,20,5,0,16.9
343,20,6,0,16.9
343,20,7,0,16.9
343,20,8,0,16.9
343,20,9,0,16.9
343,20,10,0,16.9
343,20,11,0,16.9
343,20,12,0,16.9
343,20,13,0,16.9
343,20,14,0,16.9
343,20,15,0,16.9
343,20,16,0,16.9
343,20,17,0,16.9
343,20,18,0,16.9
343,20,19,0,16.9
343,20,20,0,16.9
343,20,21,0,16.9
343,20,22,0,16.9
343,20,23,0,16.9
343,20,24,0,16.9
343,20,25,0,16.9
343,20,26,0,16.9
343,20,27,0,16.9
343,20,28,0,16.9
343,20,29,0,16.9
343,20,30,0,16.9
343,20,31,0,16.9
343,20,32,0,16.9
343,20,33,0,16.9
343,20,34,0,16.9
343,20,35,0,16.9
343,20,36,0,16.9
343,20,37,0,16.9
343,20,38,338,16.9
343,20,39,0,16.9
343,20,40,0,16.9
343,20,41,0,16.9
343,20,42,0,16.9
343,20,43,0,16.9
343,20,44,0,16.9
343,20,45,0,16.9
343,20,46,0,16.9
343,20,47,0,16.9
343,20,48,0,16.9
343,20,49,0,16.9
343,20,50,0,16.9
343,20,51,0,16.9
343,20,52,0,16.9
343,20,53,0,16.9
343,20,54,0,16.9
343,20,55,0,16.9
343,20,56,0,16.9
343,20,57,0,16.9
343,20,58,0,16.9
343,20,59,0,16.9
343,20,60,0,16.9
343,20,61,0,16.9
343,20,62,0,16.9
343,20,63,0,16.9
343,21,0,0,17.0952
343,21,1,0,17.0952
343,21,2,0,17.0952
343,21,3,0,17.0952
343,21,4,0,17.0952
343,21,5,0,17.0952
343,21,6,0,17.0952
343,21,7,0,17.0952
343,21,8,0,17.0952
343,21,9,0,17.0952
343,21,10,0,17.0952
343,21,11,0,17.0952
343,21,12,0,17.0952
343,21,13,0,17.0952
343,21,14,0,17.0952
343,21,15,0,17.0952
343,21,16,0,17.0952
343,21,17,0,17.0952
343,21,18,0,17.0952
343,21,19,0,17.0952
343,21,20,0,17.0952
343,21,21,0,17.0952
343,21,22,0,17.0952
343,21,23,0,17.0952
343,21,24,0,17.0952
343,21,25,0,17.0952
343,21,26,0,17.0952
343,21,27,0,17.0952
343,21,28,0,17.0952
343,21,29,0,17.0952
343,21,30,0,17.0952
343,21,31,0,17.0952
343,21,32,0,17.0952
343,21,33,0,17.0952
343,21,34,0,17.0952
343,21,35,0,17.0952
343,21,36,0,17.0952
343,21,37,0,17.0952
343,21,38,359,17.0952
343,21,39,0,17.0952
343,21,40,0,17.0952
343,21,41,0,17.0952
343,21,42,0,17.0952
343,21,43,0,17.0952
343,21,44,0,17.0952
343,21,45,0,17.0952
343,21,46,0,17.0952
343,21,47,0,17.0952
343,21,48,0,17.0952
343,21,49,0,17.0952
343,21,50,0,17.0952
343,21,51,0,17.0952
343,21,52,0,17.0952
343,21,53,0,17.0952
343,21,54,0,17.0952
343,21,55,0,17.0952
343,21,56,0,17.0952
343,21,57,0,17.0952
343,21,58,0,17.0952
343,21,59,0,17.0952
343,21,60,0,17.0952
343,21,61,0,17.0952
343,21,62,0,17.0952
343,21,63,0,17.0952
343,22,0,0,16.5455
343,22,1,0,16.5455
343,22,2,0,16.5455
343,22,3,0,16.5455
343,22,4,0,16.5455
343,22,5,0,16.5455
343,22,6,0,16.5455
343,22,7,0,16.5455
343,22,8,0,16.5455
343,22,9,0,16.5455
343,22,10,0,16.5455
343,22,11,0,16.5455
343,22,12,0,16.5455
343,22,13,0,16.5455
343,22,14,0,16.5455
343,22,15,0,16.5455
343,22,16,0,16.5455
343,22,17,0,16.5455
343,22,18,0,16.5455
343,22,19,0,16.5455
343,22,20,0,16.5455
343,22,21,0,16.5455
343,22,22,0,16.5455
343,22,23,0,16.5455
343,22,24,0,16.5455
343,22,25,0,16.5455
343,22,26,0,16.5455
343,22,27,0,16.5455
343,22,28,0,16.5455
343,22,29,0,16.5455
343,22,30,0,16.5455
343,22,31,0,16.5455
343,22,32,0,16.5455
343,22,33,0,16.5455
343,22,34,0,16.5455
343,22,35,0,16.5455
343,22,36,0,16.5455
343,22,37,0,16.5455
343,22,38,364,16.5455
343,22,39,0,16.5455
343,22,40,0,16.5455
343,22,41,0,16.5455
343,22,42,0,16.5455
343,22,43,0,16.5455
343,22,44,0,16.5455
343,22,45,0,16.5455
343,22,46,0,16.5455
343,22,47,0,16.5455
343,22,48,0,16.5455
343,22,49,0,16.5455
343,22,50,0,16.5455
343,22,51,0,16.5455
343,22,52,0,16.5455
343,22,53,0,16.5455
343,22,54,0,16.5455
343,22,55,0,16.5455
343,22,56,0,16.5455
343,22,57,0,16.5455
343,22,58,0,16.5455
343,22,59,0,16.5455
343,22,60,0,16.5455
343,22,61,0,16.5455
343,22,62,0,16.5455
343,22,63,0,16.5455
343,23,0,0,15.913
343,23,1,0,15.913
343,23,2,0,15.913
343,23,3,0,15.913
343,23,4,0,15.913
343,23,5,0,15.913
343,23,6,0,15.913
343,23,7,0,15.913
343,23,8,0,15.913
343,23,9,0,15.913
343,23,10,0,15.913
343,23,11,0,15.913
343,23,12,0,15.913
343,23,13,0,15.913
343,23,14,0,15.913
343,23,15,0,15.913
343,23,16,0,15.913
343,23,17,0,15.913
343,23,18,0,15.913
343,23,19,0,15.913
343,23,20,0,15.913
343,23,21,0,15.913
343,23,22,0,15.913
343,23,23,0,15.913
343,23,24,0,15.913
343,23,25,0,15.913
343,23,26,0,15.913
343,23,27,0,15.913
343,23,28,0,15.913
343,23,29,0,15.913
343,23,30,0,15.913
343,23,31,0,15.913
343,23,32,0,15.913
343,23,33,0,15.913
343,23,34,0,15.913
343,23,35,0,15.913
343,23,36,0,15.913
343,23,37,0,15.913
343,23,38,366,15.913
343,23,39,0,15.913
343,23,40,0,15.913
343,23,41,0,15.913
343,23,42,0,15.913
343,23,43,0,15.913
343,23,44,0,15.913
343,23,45,0,15.913
343,23,46,0,15.913
343,23,47,0,15.913
343,23,48,0,15.913
343,23,49,0,15.913
343,23,50,0,15.913
343,23,51,0,15.913
343,23,52,0,15.913
343,23,53,0,15.913
343,23,54,0,15.913
343,23,55,0,15.913
343,23,56,0,15.913
343,23,57,0,15.913
343,23,58,0,15.913
343,23,59,0,15.913
343,23,60,0,15.913
343,23,61,0,15.913
343,23,62,0,15.913
343,23,63,0,15.913
343,24,0,0,16.9583
343,24,1,0,16.9583
343,24,2,0,16.9583
343,24,3,0,16.9583
343,24,4,0,16.9583
343,24,5,0,16.9583
343,24,6,0,16.9583
343,24,7,0,16.9583
343,24,8,0,16.9583
343,24,9,0,16.9583
343,24,10,0,16.9583
343,24,11,0,16.9583
343,24,12,0,16.9583
343,24,13,0,16.9583
343,24,14,0,16.9583
343,24,15,0,16.9583
343,24,16,0,16.9583
343,24,17,0,16.9583
343,24,18,0,16.9583
343,24,19,0,16.9583
343,24,20,0,16.9583
343,24,21,0,16.9583
343,24,22,0,16.9583
343,24,23,0,16.9583
343,24,24,0,16.9583
343,24,25,0,16.9583
343,24,26,0,16.9583
343,24,27,0,16.9583
343,24,28,0,16.9583
343,24,29,0,16.9583
343,24,30,0,16.9583
343,24,31,0,16.9583
343,24,32,0,16.9583
343,24,33,0,16.9583
343,24,34,0,16.9583
343,24,35,0,16.9583
343,24,36,0,16.9583
343,24,37,0,16.9583
343,24,38,407,16.9583
343,24,39,0,16.9583
343,24,40,0,16.9583
343,24,41,0,16.9583
343,24,42,0,16.9583
343,24,43,0,16.9583
343,24,44,0,16.9583
343,24,45,0,16.9583
343,24,46,0,16.9583
343,24,47,0,16.9583
343,24,48,0,16.9583
343,24,49,0,16.9583
343,24,50,0,16.9583
343,24,51,0,16.9583
343,24,52,0,16.9583
343,24,53,0,16.9583
343,24,54,0,16.9583
343,24,55,0,16.9583
343,24,56,0,16.9583
343,24,57,0,16.9583
343,24,58,0,16.9583
343,24,59,0,16.9583
343,24,60,0,16.9583
343,24,61,0,16.9583
343,24,62,0,16.9583
343,24,63,0,16.9583
343,25,0,0,16.36
343,25,1,0,16.36
343,25,2,0,16.36
343,25,3,0,16.36
343,25,4,0,16.36
343,25,5,0,16.36
343,25,6,0,16.36
343,25,7,0,16.36
343,25,8,0,16.36
343,25,9,0,16.36
343,25,10,0,16.36
343,25,11,0,16.36
343,25,12,0,16.36
343,25,13,0,16.36
343,25,14,0,16.36
343,25,15,0,16.36
343,25,16,0,16.36
343,25,17,0,16.36
343,25,18,0,16.36
343,25,19,0,16.36
343,25,20,0,16.36
343,25,21,0,16.36
343,25,22,0,16.36
343,25,23,0,16.36
343,25,24,0,16.36
343,25,25,0,16.36
343,25,26,0,16.36
343,25,27,0,16.36
343,25,28,0,16.36
343,25,29,0,16.36
343,25,30,0,16.36
343,25,31,0,16.36
343,25,32,0,16.36
343,25,33,0,16.36
343,25,34,0,16.36
343,25,35,0,16.36
343,25,36,0,16.36
343,25,37,0,16.36
343,25,38,409,16.36
343,25,39,0,16.36
343,25,40,0,16.36
343,25,41,0,16.36
343,25,42,0,16.36
343,25,43,0,16.36
343,25,44,0,16.36
343,25,45,0,16.36
343,25,46,0,16.36
343,25,47,0,16.36
343,25,48,0,16.36
343,25,49,0,16.36
343,25,50,0,16.36
343,25,51,0,16.36
343,25,52,0,16.36
343,25,53,0,16.36
343,25,54,0,16.36
343,25,55,0,16.36
343,25,56,0,16.36
343,25,57,0,16.36
343,25,58,0,16.36
343,25,59,0,16.36
343,25,60,0,16.36
343,25,61,0,16.36
343,25,62,0,16.36
343,25,63,0,16.36
343,26,0,0,16.2692
343,26,1,0,16.2692
343,26,2,0,16.2692
343,26,3,0,16.2692
343,26,4,0,16.2692
343,26,5,0,16.2692
343,26,6,0,16.2692
343,26,7,0,16.2692
343,26,8,0,16.2692
343,26,9,0,16.2692
343,26,10,0,16.2692
343,26,11,0,16.2692
343,26,12,0,16.2692
343,26,13,0,16.2692
343,26,14,0,16.2692
343,26,15,0,16.2692
343,26,16,0,16.2692
343,26,17,0,16.2692
343,26,18,0,16.2692
343,26,19,0,16.2692
343,26,20,0,16.2692
343,26,21,0,16.2692
343,26,22,0,16.2692
343,26,23,0,16.2692
343,26,24,0,16.2692
343,26,25,0,16.2692
343,26,26,0,16.2692
343,26,27,0,16.2692
343,26,28,0,16.2692
343,26,29,0,16.2692
343,26,30,0,16.2692
343,26,31,0,16.2692
343,26,32,0,16.2692
343,26,33,0,16.2692
343,26,34,0,16.2692
343,26,35,0,16.2692
343,26,36,0,16.2692
343,26,37,0,16.2692
343,26,38,423,16.2692
343,26,39,0,16.2692
343,26,40,0,16.2692
343,26,41,0,16.2692
343,26,42,0,16.2692
343,26,43,0,16.2692
343,26,44,0,16.2692
343,26,45,0,16.2692
343,26,46,0,16.2692
343,26,47,0,16.2692
343,26,48,0,16.2692
343,26,49,0,16.2692
343,26,50,0,16.2692
343,26,51,0,16.2692
343,26,52,0,16.2692
343,26,53,0,16.2692
343,26,54,0,16.2692
343,26,55,0,16.2692
343,26,56,0,16.2692
343,26,57,0,16.2692
343,26,58,0,16.2692
343,26,59,0,16.2692
343,26,60,0,16.2692
343,26,61,0,16.2692
343,26,62,0,16.2692
343,26,63,0,16.2692
343,27,0,0,17.2222
343,27,1,0,17.2222
343,27,2,0,17.2222
343,27,3,0,17.2222
343,27,4,0,17.2222
343,27,5,0,17.2222
343,27,6,0,17.2222
343,27,7,0,17.2222
343,27,8,0,17.2222
343,27,9,0,17.2222
343,27,10,0,17.2222
343,27,11,0,17.2222
343,27,12,0,17.2222
343,27,13,0,17.2222
343,27,14,0,17.2222
343,27,15,0,17.2222
343,27,16,0,17.2222
343,27,17,0,17.2222
343,27,18,0,17.2222
343,27,19,0,17.2222
343,27,20,0,17.2222
343,27,21,0,17.2222
343,27,22,0,17.2222
343,27,23,0,17.2222
343,27,24,0,17.2222
343,27,25,0,17.2222
343,27,26,0,17.2222
343,27,27,0,17.2222
343,27,28,0,17.2222
343,27,29,0,17.2222
343,27,30,0,17.2222
343,27,31,0,17.2222
343,27,32,0,17.2222
343,27,33,0,17.2222
343,27,34,0,17.2222
343,27,35,0,17.2222
343,27,36,0,17.2222
343,27,37,0,17.2222
343,27,38,465,17.2222
343,27,39,0,17.2222
343,27,40,0,17.2222
343,27,41,0,17.2222
343,27,42,0,17.2222
343,27,43,0,17.2222
343,27,44,0,17.2222
343,27,45,0,17.2222
343,27,46,0,17.2222
343,27,47,0,17.2222
343,27,48,0,17.2222
343,27,49,0,17.2222
343,27,50,0,17.2222
343,27,51,0,17.2222
343,27,52,0,17.2222
343,27,53,0,17.2222
343,27,54,0,17.2222
343,27,55,0,17.2222
343,27,56,0,17.2222
343,27,57,0,17.2222
343,27,58,0,17.2222
343,27,59,0,17.2222
343,27,60,0,17.2222
343,27,61,0,17.2222
343,27,62,0,17.2222
343,27,63,0,17.2222
343,28,0,0,17.1786
343,28,1,0,17.1786
343,28,2,0,17.1786
343,28,3,0,17.1786
343,28,4,0,17.1786
343,28,5,0,17.1786
343,28,6,0,17.1786
343,28,7,0,17.1786
343,28,8,0,17.1786
343,28,9,0,17.1786
343,28,10,0,17.1786
343,28,11,0,17.1786
343,28,12,0,17.1786
343,28,13,0,17.1786
343,28,14,0,17.1786
343,28,15,0,17.1786
343,28,16,0,17.1786
343,28,17,0,17.1786
343,28,18,0,17.1786
343,28,19,0,17.1786
343,28,20,0,17.1786
343,28,21,0,17.1786
343,28,22,0,17.1786
343,28,23,0,17.1786
343,28,24,0,17.1786
343,28,25,0,17.1786
343,28,26,0,17.1786
343,28,27,0,17.1786
343,28,28,0,17.1786
343,28,29,0,17.1786
343,28,30,0,17.1786
343,28,31,0,17.1786
343,28,32,0,17.1786
343,28,33,0,17.1786
343,28,34,0,17.1786
343,28,35,0,17.1786
343,28,36,0,17.1786
343,28,37,0,17.1786
343,28,38,481,17.1786
343,28,39,0,17.1786
343,28,40,0,17.1786
343,28,41,0,17.1786
343,28,42,0,17.1786
343,28,43,0,17.1786
343,28,44,0,17.1786
343,28,45,0,17.1786
343,28,46,0,17.1786
343,28,47,0,17.1786
343,28,48,0,17.1786
343,28,49,0,17.1786
343,28,50,0,17.1786
343,28,51,0,17.1786
343,28,52,0,17.1786
343,28,53,0,17.1786
343,28,54,0,17.1786
343,28,55,0,17.1786
343,28,56,0,17.1786
343,28,57,0,17.1786
343,28,58,0,17.1786
343,28,59,0,17.1786
343,28,60,0,17.1786
343,28,61,0,17.1786
343,28,62,0,17.1786
343,28,63,0,17.1786
343,29,0,0,16.8276
343,29,1,0,16.8276
343,29,2,0,16.8276
343,29,3,0,16.8276
343,29,4,0,16.8276
343,29,5,0,16.8276
343,29,6,0,16.8276
343,29,7,0,16.8276
343,29,8,0,16.8276
343,29,9,0,16.8276
343,29,10,0,16.8276
343,29,11,0,16.8276
343,29,12,0,16.8276
343,29,13,0,16.8276
343,29,14,0,16.8276
343,29,15,0,16.8276
343,29,16,0,16.8276
343,29,17,0,16.8276
343,29,18,0,16.8276
343,29,19,0,16.8276
343,29,20,0,16.8276
343,29,21,0,16.8276
343,29,22,0,16.8276
343,29,23,0,16.8276
343,29,24,0,16.8276
343,29,25,0,16.8276
343,29,26,0,16.8276
343,29,27,0,16.8276
343,29,28,0,16.8276
343,29,29,0,16.8276
343,29,30,0,16.8276
343,29,31,0,16.8276
343,29,32,0,16.8276
343,29,33,0,16.8276
343,29,34,0,16.8276
343,29,35,0,16.8276
343,29,36,0,16.8276
343,29,37,0,16.8276
343,29,38,488,16.8276
343,29,39,0,16.8276
343,29,40,0,16.8276
343,29,41,0,16.8276
343,29,42,0,16.8276
343,29,43,0,16.8276
343,29,44,0,16.8276
343,29,45,0,16.8276
343,29,46,0,16.8276
343,29,47,0,16.8276
343,29,48,0,16.8276
343,29,49,0,16.8276
343,29,50,0,16.8276
343,29,51,0,16.8276
343,29,52,0,16.8276
343,29,53,0,16.8276
343,29,54,0,16.8276
343,29,55,0,16.8276
343,29,56,0,16.8276
343,29,57,0,16.8276
343,29,58,0,16.8276
343,29,59,0,16.8276
343,29,60,0,16.8276
343,29,61,0,16.8276
343,29,62,0,16.8276
343,29,63,0,16.8276
343,30,0,0,17.7
343,30,1,0,17.7
343,30,2,0,17.7
343,30,3,0,17.7
343,30,4,0,17.7
343,30,5,0,17.7
343,30,6,0,17.7
343,30,7,0,17.7
343,30,8,0,17.7
343,30,9,0,17.7
343,30,10,0,17.7
343,30,11,0,17.7
343,30,12,0,17.7
343,30,13,0,17.7
343,30,14,0,17.7
343,30,15,0,17.7
343,30,16,0,17.7
343,30,17,0,17.7
343,30,18,0,17.7
343,30,19,0,17.7
343,30,20,0,17.7
343,30,21,0,17.7
343,30,22,0,17.7
343,30,23,0,17.7
343,30,24,0,17.7
343,30,25,0,17.7
343,30,26,0,17.7
343,30,27,0,17.7
343,30,28,0,17.7
343,30,29,0,17.7
343,30,30,0,17.7
343,30,31,0,17.7
343,30,32,0,17.7
343,30,33,0,17.7
343,30,34,0,17.7
343,30,35,0,17.7
343,30,36,0,17.7
343,30,37,0,17.7
343,30,38,531,17.7
343,30,39,0,17.7
343,30,40,0,17.7
343,30,41,0,17.7
343,30,42,0,17.7
343,30,43,0,17.7
343,30,44,0,17.7
343,30,45,0,17.7
343,30,46,0,17.7
343,30,47,0,17.7
343,30,48,0,17.7
343,30,49,0,17.7
343,30,50,0,17.7
343,30,51,0,17.7
343,30,52,0,17.7
343,30,53,0,17.7
343,30,54,0,17.7
343,30,55,0,17.7
343,30,56,0,17.7
343,30,57,0,17.7
343,30,58,0,17.7
343,30,59,0,17.7
343,30,60,0,17.7
343,30,61,0,17.7
343,30,62,0,17.7
343,30,63,0,17.7
343,31,0,0,17.4194
343,31,1,0,17.4194
343,31,2,0,17.4194
343,31,3,0,17.4194
343,31,4,0,17.4194
343,31,5,0,17.4194
343,31,6,0,17.4194
343,31,7,0,17.4194
343,31,8,0,17.4194
343,31,9,0,17.4194
343,31,10,0,17.4194
343,31,11,0,17.4194
343,31,12,0,17.4194
343,31,13,0,17.4194
343,31,14,0,17.4194
343,31,15,0,17.4194
343,31,16,0,17.4194
343,31,17,0,17.4194
343,31,18,0,17.4194
343,31,19,0,17.4194
343,31,20,0,17.4194
343,31,21,0,17.4194
343,31,22,0,17.4194
343,31,23,0,17.4194
343,31,24,0,17.4194
343,31,25,0,17.4194
343,31,26,0,17.4194
343,31,27,0,17.4194
343,31,28,0,17.4194
343,31,29,0,17.4194
343,31,30,0,17.4194
343,31,31,0,17.4194
343,31,32,0,17.4194
343,31,33,0,17.4194
343,31,34,0,17.4194
343,31,35,0,17.4194
343,31,36,0,17.4194
343,31,37,0,17.4194
343,31,38,540,17.4194
343,31,39,0,17.4194
343,31,40,0,17.4194
343,31,41,0,17.4194
343,31,42,0,17.4194
343,31,43,0,17.4194
343,31,44,0,17.4194
343,31,45,0,17.4194
343,31,46,0,17.4194
343,31,47,0,17.4194
343,31,48,0,17.4194
343,31,49,0,17.4194
343,31,50,0,17.4194
343,31,51,0,17.4194
343,31,52,0,17.4194
343,31,53,0,17.4194
343,31,54,0,17.4194
343,31,55,0,17.4194
343,31,56,0,17.4194
343,31,57,0,17.4194
343,31,58,0,17.4194
343,31,59,0,17.4194
343,31,60,0,17.4194
343,31,61,0,17.4194
343,31,62,0,17.4194
343,31,63,0,17.4194
343,32,0,0,18.625
343,32,1,0,18.625
343,32,2,0,18.625
343,32,3,0,18.625
343,32,4,0,18.625
343,32,5,0,18.625
343,32,6,0,18.625
343,32,7,0,18.625
343,32,8,0,18.625
343,32,9,0,18.625
343,32,10,0,18.625
343,32,11,0,18.625
343,32,12,0,18.625
343,32,13,0,18.625
343,32,14,0,18.625
343,32,15,0,18.625
343,32,16,0,18.625
343,32,17,0,18.625
343,32,18,0,18.625
343,32,19,0,18.625
343,32,20,0,18.625
343,32,21,0,18.625
343,32,22,0,18.625
343,32,23,0,18.625
343,32,24,0,18.625
343,32,25,0,18.625
343,32,26,0,18.625
343,32,27,0,18.625
343,32,28,0,18.625
343,32,29,0,18.625
343,32,30,0,18.625
343,32,31,0,18.625
343,32,32,0,18.625
343,32,33,0,18.625
343,32,34,0,18.625
343,32,35,0,18.625
343,32,36,0,18.625
343,32,37,0,18.625
343,32,38,596,18.625
343,32,39,0,18.625
343,32,40,0,18.625
343,32,41,0,18.625
343,32,42,0,18.625
343,32,43,0,18.625
343,32,44,0,18.625
343,32,45,0,18.625
343,32,46,0,18.625
343,32,47,0,18.625
343,32,48,0,18.625
343,32,49,0,18.625
343,32,50,0,18.625
343,32,51,0,18.625
343,32,52,0,18.625
343,32,53,0,18.625
343,32,54,0,18.625
343,32,55,0,18.625
343,32,56,0,18.625
343,32,57,0,18.625
343,32,58,0,18.625
343,32,59,0,18.625
343,32,60,0,18.625
343,32,61,0,18.625
343,32,62,0,18.625
343,32,63,0,18.625
343,33,0,0,18.2727
343,33,1,0,18.2727
343,33,2,0,18.2727
343,33,3,0,18.2727
343,33,4,0,18.2727
343,33,5,0,18.2727
343,33,6,0,18.2727
343,33,7,0,18.2727
343,33,8,0,18.2727
343,33,9,0,18.2727
343,33,10,0,18.2727
343,33,11,0,18.2727
343,33,12,0,18.2727
343,33,13,0,18.2727
343,33,14,0,18.2727
343,33,15,0,18.2727
343,33,16,0,18.2727
343,33,17,0,18.2727
343,33,18,0,18.2727
343,33,19,0,18.2727
343,33,20,0,18.2727
343,33,21,0,18.2727
343,33,22,0,18.2727
343,33,23,0,18.2727
343,33,24,0,18.2727
343,33,25,0,18.2727
343,33,26,0,18.2727
343,33,27,0,18.2727
343,33,28,0,18.2727
343,33,29,0,18.2727
343,33,30,0,18.2727
343,33,31,0,18.2727
343,33,32,0,18.2727
343,33,33,0,18.2727
343,33,34,0,18.2727
343,33,35,0,18.2727
343,33,36,0,18.2727
343,33,37,0,18.2727
343,33,38,603,18.2727
343,33,39,0,18.2727
343,33,40,0,18.2727
343,33,41,0,18.2727
343,33,42,0,18.2727
343,33,43,0,18.2727
343,33,44,0,18.2727
343,33,45,0,18.2727
343,33,46,0,18.2727
343,33,47,0,18.2727
343,33,48,0,18.2727
343,33,49,0,18.2727
343,33,50,0,18.2727
343,33,51,0,18.2727
343,33,52,0,18.2727
343,33,53,0,18.2727
343,33,54,0,18.2727
343,33,55,0,18.2727
343,33,56,0,18.2727
343,33,57,0,18.2727
343,33,58,0,18.2727
343,33,59,0,18.2727
343,33,60,0,18.2727
343,33,61,0,18.2727
343,33,62,0,18.2727
343,33,63,0,18.2727
343,34,0,0,18.9412
343,34,1,0,18.9412
343,34,2,0,18.9412
343,34,3,0,18.9412
343,34,4,0,18.9412
343,34,5,0,18.9412
343,34,6,0,18.9412
343,34,7,0,18.9412
343,34,8,0,18.9412
343,34,9,0,18.9412
343,34,10,0,18.9412
343,34,11,0,18.9412
343,34,12,0,18.9412
343,34,13,0,18.9412
343,34,14,0,18.9412
343,34,15,0,18.9412
343,34,16,0,18.9412
343,34,17,0,18.9412
343,34,18,0,18.9412
343,34,19,0,18.9412
343,34,20,0,18.9412
343,34,21,0,18.9412
343,34,22,0,18.9412
343,34,23,0,18.9412
343,34,24,0,18.9412
343,34,25,0,18.9412
343,34,26,0,18.9412
343,34,27,0,18.9412
343,34,28,0,18.9412
343,34,29,0,18.9412
343,34,30,0,18.9412
343,34,31,0,18.9412
343,34,32,0,18.9412
343,34,33,0,18.9412
343,34,34,0,18.9412
343,34,35,0,18.9412
343,34,36,0,18.9412
343,34,37,0,18.9412
343,34,38,644,18.9412
343,34,39,0,18.9412
343,34,40,0,18.9412
343,34,41,0,18.9412
343,34,42,0,18.9412
343,34,43,0,18.9412
343,34,44,0,18.9412
343,34,45,0,18.9412
343,34,46,0,18.9412
343,34,47,0,18.9412
343,34,48,0,18.9412
343,34,49,0,18.9412
343,34,50,0,18.9412
343,34,51,0,18.9412
343,34,52,0,18.9412
343,34,53,0,18.9412
343,34,54,0,18.9412
343,34,55,0,18.9412
343,34,56,0,18.9412
343,34,57,0,18.9412
343,34,58,0,18.9412
343,34,59,0,18.9412
343,34,60,0,18.9412
343,34,61,0,18.9412
343,34,62,0,18.9412
343,34,63,0,18.9412
343,35,0,0,19.2571
343,35,1,0,19.2571
343,35,2,0,19.2571
343,35,3,0,19.2571
343,35,4,0,19.2571
343,35,5,0,19.2571
343,35,6,0,19.2571
343,35,7,0,19.2571
343,35,8,0,19.2571
343,35,9,0,19.2571
343,35,10,0,19.2571
343,35,11,0,19.2571
343,35,12,0,19.2571
343,35,13,0,19.2571
343,35,14,0,19.2571
343,35,15,0,19.2571
343,35,16,0,19.2571
343,35,17,0,19.2571
343,35,18,0,19.2571
343,35,19,0,19.2571
343,35,20,0,19.2571
343,35,21,0,19.2571
343,35,22,0,19.2571
343,35,23,0,19.2571
343,35,24,0,19.2571
343,35,25,0,19.2571
343,35,26,0,19.2571
343,35,27,0,19.2571
343,35,28,0,19.2571
343,35,29,0,19.2571
343,35,30,0,19.2571
343,35,31,0,19.2571
343,35,32,0,19.2571
343,35,33,0,19.2571
343,35,34,0,19.2571
343,35,35,0,19.2571
343,35,36,0,19.2571
343,35,37,0,19.2571
343,35,38,674,19.2571
343,35,39,0,19.2571
343,35,40,0,19.2571
343,35,41,0,19.2571
343,35,42,0,19.2571
343,35,43,0,19.2571
343,35,44,0,19.2571
343,35,45,0,19.2571
343,35,46,0,19.2571
343,35,47,0,19.2571
343,35,48,0,19.2571
343,35,49,0,19.2571
343,35,50,0,19.2571
343,35,51,0,19.2571
343,35,52,0,19.2571
343,35,53,0,19.2571
343,35,54,0,19.2571
343,35,55,0,19.2571
343,35,56,0,19.2571
343,35,57,0,19.2571
343,35,58,0,19.2571
343,35,59,0,19.2571
343,35,60,0,19.2571
343,35,61,0,19.2571
343,35,62,0,19.2571
343,35,63,0,19.2571
343,36,0,0,20.1667
343,36,1,0,20.1667
343,36,2,0,20.1667
343,36,3,0,20.1667
343,36,4,0,20.1667
343,36,5,0,20.1667
343,36,6,0,20.1667
343,36,7,0,20.1667
343,36,8,0,20.1667
343,36,9,0,20.1667
343,36,10,0,20.1667
343,36,11,0,20.1667
343,36,12,0,20.1667
343,36,13,0,20.1667
343,36,14,0,20.1667
343,36,15,0,20.1667
343,36,16,0,20.1667
343,36,17,0,20.1667
343,36,18,0,20.1667
343,36,19,0,20.1667
343,36,20,0,20.1667
343,36,21,0,20.1667
343,36,22,0,20.1667
343,36,23,0,20.1667
343,36,24,0,20.1667
343,36,25,0,20.1667
343,36,26,0,20.1667
343,36,27,0,20.1667
343,36,28,0,20.1667
343,36,29,0,20.1667
343,36,30,0,20.1667
343,36,31,0,20.1667
343,36,32,0,20.1667
343,36,33,0,20.1667
343,36,34,0,20.1667
343,36,35,0,20.1667
343,36,36,0,20.1667
343,36,37,0,20.1667
343,36,38,726,20.1667
343,36,39,0,20.1667
343,36,40,0,20.1667
343,36,41,0,20.1667
343,36,42,0,20.1667
343,36,43,0,20.1667
343,36,44,0,20.1667
343,36,45,0,20.1667
343,36,46,0,20.1667
343,36,47,0,20.1667
343,36,48,0,20.1667
343,36,49,0,20.1667
343,36,50,0,20.1667
343,36,51,0,20.1667
343,36,52,0,20.1667
343,36,53,0,20.1667
343,36,54,0,20.1667
343,36,55,0,20.1667
343,36,56,0,20.1667
343,36,57,0,20.1667
343,36,58,0,20.1667
343,36,59,0,20.1667
343,36,60,0,20.1667
343,36,61,0,20.1667
343,36,62,0,20.1667
343,36,63,0,20.1667
343,37,0,0,19.8649
343,37,1,0,19.8649
343,37,2,0,19.8649
343,37,3,0,19.8649
343,37,4,0,19.8649
343,37,5,0,19.8649
343,37,6,0,19.8649
343,37,7,0,19.8649
343,37,8,0,19.8649
343,37,9,0,19.8649
343,37,10,0,19.8649
343,37,11,0,19.8649
343,37,12,0,19.8649
343,37,13,0,19.8649
343,37,14,0,19.8649
343,37,15,0,19.8649
343,37,16,0,19.8649
343,37,17,0,19.8649
343,37,18,0,19.8649
343,37,19,0,19.8649
343,37,20,0,19.8649
343,37,21,0,19.8649
343,37,22,0,19.8649
343,37,23,0,19.8649
343,37,24,0,19.8649
343,37,25,0,19.8649
343,37,26,0,19.8649
343,37,27,0,19.8649
343,37,28,0,19.8649
343,37,29,0,19.8649
343,37,30,0,19.8649
343,37,31,0,19.8649
343,37,32,0,19.8649
343,37,33,0,19.8649
343,37,34,0,19.8649
343,37,35,0,19.8649
343,37,36,0,19.8649
343,37,37,0,19.8649
343,37,38,735,19.8649
343,37,39,0,19.8649
343,37,40,0,19.8649
343,37,41,0,19.8649
343,37,42,0,19.8649
343,37,43,0,19.8649
343,37,44,0,19.8649
343,37,45,0,19.8649
343,37,46,0,19.8649
343,37,47,0,19.8649
343,37,48,0,19.8649
343,37,49,0,19.8649
343,37,50,0,19.8649
343,37,51,0,19.8649
343,37,52,0,19.8649
343,37,53,0,19.8649
343,37,54,0,19.8649
343,37,55,0,19.8649
343,37,56,0,19.8649
343,37,57,0,19.8649
343,37,58,0,19.8649
343,37,59,0,19.8649
343,37,60,0,19.8649
343,37,61,0,19.8649
343,37,62,0,19.8649
343,37,63,0,19.8649
343,38,0,0,19.7895
343,38,1,0,19.7895
343,38,2,0,19.7895
343,38,3,0,19.7895
343,38,4,0,19.7895
343,38,5,0,19.7895
343,38,6,0,19.7895
343,38,7,0,19.7895
343,38,8,0,19.7895
343,38,9,0,19.7895
343,38,10,0,19.7895
343,38,11,0,19.7895
343,38,12,0,19.7895
343,38,13,0,19.7895
343,38,14,0,19.7895
343,38,15,0,19.7895
343,38,16,0,19.7895
343,38,17,0,19.7895
343,38,18,0,19.7895
343,38,19,0,19.7895
343,38,20,0,19.7895
343,38,21,0,19.7895
343,38,22,0,19.7895
343,38,23,0,19.7895
343,38,24,0,19.7895
343,38,25,0,19.7895
343,38,26,0,19.7895
343,38,27,0,19.7895
343,38,28,0,19.7895
343,38,29,0,19.7895
343,38,30,0,19.7895
343,38,31,0,19.7895
343,38,32,0,19.7895
343,38,33,0,19.7895
343,38,34,0,19.7895
343,38,35,0,19.7895
343,38,36,0,19.7895
343,38,37,0,19.7895
343,38,38,752,19.7895
343,38,39,0,19.7895
343,38,40,0,19.7895
343,38,41,0,19.7895
343,38,42,0,19.7895
343,38,43,0,19.7895
343,38,44,0,19.7895
343,38,45,0,19.7895
343,38,46,0,19.7895
343,38,47,0,19.7895
343,38,48,0,19.7895
343,38,49,0,19.7895
343,38,50,0,19.7895
343,38,51,0,19.7895
343,38,52,0,19.7895
343,38,53,0,19.7895
343,38,54,0,19.7895
343,38,55,0,19.7895
343,38,56,0,19.7895
343,38,57,0,19.7895
343,38,58,0,19.7895
343,38,59,0,19.7895
343,38,60,0,19.7895
343,38,61,0,19.7895
343,38,62,0,19.7895
343,38,63,0,19.7895
343,39,0,0,19.4103
343,39,1,0,19.4103
343,39,2,0,19.4103
343,39,3,0,19.4103
343,39,4,0,19.4103
343,39,5,0,19.4103
343,39,6,0,19.4103
343,39,7,0,19.4103
343,39,8,0,19.4103
343,39,9,0,19.4103
343,39,10,0,19.4103
343,39,11,0,19.4103
343,39,12,0,19.4103
343,39,13,0,19.4103
343,39,14,0,19.4103
343,39,15,0,19.4103
343,39,16,0,19.4103
343,39,17,0,19.4103
343,39,18,0,19.4103
343,39,19,0,19.4103
343,39,20,0,19.4103
343,39,21,0,19.4103
343,39,22,0,19.4103
343,39,23,0,19.4103
343,39,24,0,19.4103
343,39,25,0,19.4103
343,39,26,0,19.4103
343,39,27,0,19.4103
343,39,28,0,19.4103
343,39,29,0,19.4103
343,39,30,0,19.4103
343,39,31,0,19.4103
343,39,32,0,19.4103
343,39,33,0,19.4103
343,39,34,0,19.4103
343,39,35,0,19.4103
343,39,36,0,19.4103
343,39,37,0,19.4103
343,39,38,757,19.4103
343,39,39,0,19.4103
343,39,40,0,19.4103
343,39,41,0,19.4103
343,39,42,0,19.4103
343,39,43,0,19.4103
343,39,44,0,19.4103
343,39,45,0,19.4103
343,39,46,0,19.4103
343,39,47,0,19.4103
343,39,48,0,19.4103
343,39,49,0,19.4103
343,39,50,0,19.4103
343,39,51,0,19.4103
343,39,52,0,19.4103
343,39,53,0,19.4103
343,39,54,0,19.4103
343,39,55,0,19.4103
343,39,56,0,19.4103
343,39,57,0,19.4103
343,39,58,0,19.4103
343,39,59,0,19.4103
343,39,60,0,19.4103
343,39,61,0,19.4103
343,39,62,0,19.4103
343,39,63,0,19.4103
343,40,0,0,19.15
343,40,1,0,19.15
343,40,2,0,19.15
343,40,3,0,19.15
343,40,4,0,19.15
343,40,5,0,19.15
343,40,6,0,19.15
343,40,7,0,19.15
343,40,8,0,19.15
343,40,9,0,19.15
343,40,10,0,19.15
343,40,11,0,19.15
343,40,12,0,19.15
343,40,13,0,19.15
343,40,14,0,19.15
343,40,15,0,19.15
343,40,16,0,19.15
343,40,17,0,19.15
343,40,18,0,19.15
343,40,19,0,19.15
343,40,20,0,19.15
343,40,21,0,19.15
343,40,22,0,19.15
343,40,23,0,19.15
343,40,24,0,19.15
343,40,25,0,19.15
343,40,26,0,19.15
343,40,27,0,19.15
343,40,28,0,19.15
343,40,29,0,19.15
343,40,30,0,19.15
343,40,31,0,19.15
343,40,32,0,19.15
343,40,33,0,19.15
343,40,34,0,19.15
343,40,35,0,19.15
343,40,36,0,19.15
343,40,37,0,19.15
343,40,38,766,19.15
343,40,39,0,19.15
343,40,40,0,19.15
343,40,41,0,19.15
343,40,42,0,19.15
343,40,43,0,19.15
343,40,44,0,19.15
343,40,45,0,19.15
343,40,46,0,19.15
343,40,47,0,19.15
343,40,48,0,19.15
343,40,49,0,19.15
343,40,50,0,19.15
343,40,51,0,19.15
343,40,52,0,19.15
343,40,53,0,19.15
343,40,54,0,19.15
343,40,55,0,19.15
343,40,56,0,19.15
343,40,57,0,19.15
343,40,58,0,19.15
343,40,59,0,19.15
343,40,60,0,19.15
343,40,61,0,19.15
343,40,62,0,19.15
343,40,63,0,19.15
343,41,0,0,18.8537
343,41,1,0,18.8537
343,41,2,0,18.8537
343,41,3,0,18.8537
343,41,4,0,18.8537
343,41,5,0,18.8537
343,41,6,0,18.8537
343,41,7,0,18.8537
343,41,8,0,18.8537
343,41,9,0,18.8537
343,41,10,0,18.8537
343,41,11,0,18.8537
343,41,12,0,18.8537
343,41,13,0,18.8537
343,41,14,0,18.8537
343,41,15,0,18.8537
343,41,16,0,18.8537
343,41,17,0,18.8537
343,41,18,0,18.8537
343,41,19,0,18.8537
343,41,20,0,18.8537
343,41,21,0,18.8537
343,41,22,0,18.8537
343,41,23,0,18.8537
343,41,24,0,18.8537
343,41,25,0,18.8537
343,41,26,0,18.8537
343,41,27,0,18.8537
343,41,28,0,18.8537
343,41,29,0,18.8537
343,41,30,0,18.8537
343,41,31,0,18.8537
343,41,32,0,18.8537
343,41,33,0,18.8537
343,41,34,0,18.8537
343,41,35,0,18.8537
343,41,36,0,18.8537
343,41,37,0,18.8537
343,41,38,773,18.8537
343,41,39,0,18.8537
343,41,40,0,18.8537
343,41,41,0,18.8537
343,41,42,0,18.8537
343,41,43,0,18.8537
343,41,44,0,18.8537
343,41,45,0,18.8537
343,41,46,0,18.8537
343,41,47,0,18.8537
343,41,48,0,18.8537
343,41,49,0,18.8537
343,41,50,0,18.8537
343,41,51,0,18.8537
343,41,52,0,18.8537
343,41,53,0,18.8537
343,41,54,0,18.8537
343,41,55,0,18.8537
343,41,56,0,18.8537
343,41,57,0,18.8537
343,41,58,0,18.8537
343,41,59,0,18.8537
343,41,60,0,18.8537
343,41,61,0,18.8537
343,41,62,0,18.8537
343,41,63,0,18.8537
343,42,0,0,18.7381
343,42,1,0,18.7381
343,42,2,0,18.7381
343,42,3,0,18.7381
343,42,4,0,18.7381
343,42,5,0,18.7381
343,42,6,0,18.7381
343,42,7,0,18.7381
343,42,8,0,18.7381
343,42,9,0,18.7381
343,42,10,0,18.7381
343,42,11,0,18.7381
343,42,12,0,18.7381
343,42,13,0,18.7381
343,42,14,0,18.7381
343,42,15,0,18.7381
343,42,16,0,18.7381
343,42,17,0,18.7381
343,42,18,0,18.7381
343,42,19,0,18.7381
343,42,20,0,18.7381
343,42,21,0,18.7381
343,42,22,0,18.7381
343,42,23,0,18.7381
343,42,24,0,18.7381
343,42,25,0,18.7381
343,42,26,0,18.7381
343,42,27,0,18.7381
343,42,28,0,18.7381
343,42,29,0,18.7381
343,42,30,0,18.7381
343,42,31,0,18.7381
343,42,32,0,18.7381
343,42,33,0,18.7381
343,42,34,0,18.7381
343,42,35,0,18.7381
343,42,36,0,18.7381
343,42,37,0,18.7381
343,42,38,787,18.7381
343,42,39,0,18.7381
343,42,40,0,18.7381
343,42,41,0,18.7381
343,42,42,0,18.7381
343,42,43,0,18.7381
343,42,44,0,18.7381
343,42,45,0,18.7381
343,42,46,0,18.7381
343,42,47,0,18.7381
343,42,48,0,18.7381
343,42,49,0,18.7381
343,42,50,0,18.7381
343,42,51,0,18.7381
343,42,52,0,18.7381
343,42,53,0,18.7381
343,42,54,0,18.7381
343,42,55,0,18.7381
343,42,56,0,18.7381
343,42,57,0,18.7381
343,42,58,0,18.7381
343,42,59,0,18.7381
343,42,60,0,18.7381
343,42,61,0,18.7381
343,42,62,0,18.7381
343,42,63,0,18.7381
343,43,0,0,18.907
343,43,1,0,18.907
343,43,2,0,18.907
343,43,3,0,18.907
343,43,4,0,18.907
343,43,5,0,18.907
343,43,6,0,18.907
343,43,7,0,18.907
343,43,8,0,18.907
343,43,9,0,18.907
343,43,10,0,18.907
343,43,11,0,18.907
343,43,12,0,18.907
343,43,13,0,18.907
343,43,14,0,18.907
343,43,15,0,18.907
343,43,16,0,18.907
343,43,17,0,18.907
343,43,18,0,18.907
343,43,19,0,18.907
343,43,20,0,18.907
343,43,21,0,18.907
343,43,22,0,18.907
343,43,23,0,18.907
343,43,24,0,18.907
343,43,25,0,18.907
343,43,26,0,18.907
343,43,27,0,18.907
343,43,28,0,18.907
343,43,29,0,18.907
343,43,30,0,18.907
343,43,31,0,18.907
343,43,32,0,18.907
343,43,33,0,18.907
343,43,34,0,18.907
343,43,35,0,18.907
343,43,36,0,18.907
343,43,37,0,18.907
343,43,38,813,18.907
343,43,39,0,18.907
343,43,40,0,18.907
343,43,41,0,18.907
343,43,42,0,18.907
343,43,43,0,18.907
343,43,44,0,18.907
343,43,45,0,18.907
343,43,46,0,18.907
343,43,47,0,18.907
343,43,48,0,18.907
343,43,49,0,18.907
343,43,50,0,18.907
343,43,51,0,18.907
343,43,52,0,18.907
343,43,53,0,18.907
343,43,54,0,18.907
343,43,55,0,18.907
343,43,56,0,18.907
343,43,57,0,18.907
343,43,58,0,18.907
343,43,59,0,18.907
343,43,60,0,18.907
343,43,61,0,18.907
343,43,62,0,18.907
343,43,63,0,18.907
343,44,0,0,19.6364
343,44,1,0,19.6364
343,44,2,0,19.6364
343,44,3,0,19.6364
343,44,4,0,19.6364
343,44,5,0,19.6364
343,44,6,0,19.6364
343,44,7,0,19.6364
343,44,8,0,19.6364
343,44,9,0,19.6364
343,44,10,0,19.6364
343,44,11,0,19.6364
343,44,12,0,19.6364
343,44,13,0,19.6364
343,44,14,0,19.6364
343,44,15,0,19.6364
343,44,16,0,19.6364
343,44,17,0,19.6364
343,44,18,0,19.6364
343,44,19,0,19.6364
343,44,20,0,19.6364
343,44,21,0,19.6364
343,44,22,0,19.6364
343,44,23,0,19.6364
343,44,24,0,19.6364
343,44,25,0,19.6364
343,44,26,0,19.6364
343,44,27,0,19.6364
343,44,28,0,19.6364
343,44,29,0,19.6364
343,44,30,0,19.6364
343,44,31,0,19.6364
343,44,32,0,19.6364
343,44,33,0,19.6364
343,44,34,0,19.6364
343,44,35,0,19.6364
343,44,36,0,19.6364
343,44,37,0,19.6364
343,44,38,864,19.6364
343,44,39,0,19.6364
343,44,40,0,19.6364
343,44,41,0,19.6364
343,44,42,0,19.6364
343,44,43,0,19.6364
343,44,44,0,19.6364
343,44,45,0,19.6364
343,44,46,0,19.6364
343,44,47,0,19.6364
343,44,48,0,19.6364
343,44,49,0,19.6364
343,44,50,0,19.6364
343,44,51,0,19.6364
343,44,52,0,19.6364
343,44,53,0,19.6364
343,44,54,0,19.6364
343,44,55,0,19.6364
343,44,56,0,19.6364
343,44,57,0,19.6364
343,44,58,0,19.6364
343,44,59,0,19.6364
343,44,60,0,19.6364
343,44,61,0,19.6364
343,44,62,0,19.6364
343,44,63,0,19.6364
343,45,0,0,19.8
343,45,1,0,19.8
343,45,2,0,19.8
343,45,3,0,19.8
343,45,4,0,19.8
343,45,5,0,19.8
343,45,6,0,19.8
343,45,7,0,19.8
343,45,8,0,19.8
343,45,9,0,19.8
343,45,10,0,19.8
343,45,11,0,19.8
343,45,12,0,19.8
343,45,13,0,19.8
343,45,14,0,19.8
343,45,15,0,19.8
343,45,16,0,19.8
343,45,17,0,19.8
343,45,18,0,19.8
343,45,19,0,19.8
343,45,20,0,19.8
343,45,21,0,19.8
343,45,22,0,19.8
343,45,23,0,19.8
343,45,24,0,19.8
343,45,25,0,19.8
343,45,26,0,19.8
343,45,27,0,19.8
343,45,28,0,19.8
343,45,29,0,19.8
343,45,30,0,19.8
343,45,31,0,19.8
343,45,32,0,19.8
343,45,33,0,19.8
343,45,34,0,19.8
343,45,35,0,19.8
343,45,36,0,19.8
343,45,37,0,19.8
343,45,38,891,19.8
343,45,39,0,19.8
343,45,40,0,19.8
343,45,41,0,19.8
343,45,42,0,19.8
343,45,43,0,19.8
343,45,44,0,19.8
343,45,45,0,19.8
343,45,46,0,19.8
343,45,47,0,19.8
343,45,48,0,19.8
343,45,49,0,19.8
343,45,50,0,19.8
343,45,51,0,19.8
343,45,52,0,19.8
343,45,53,0,19.8
343,45,54,0,19.8
343,45,55,0,19.8
343,45,56,0,19.8
343,45,57,0,19.8
343,45,58,0,19.8
343,45,59,0,19.8
343,45,60,0,19.8
343,45,61,0,19.8
343,45,62,0,19.8
343,45,63,0,19.8
343,46,0,0,19.8261
343,46,1,0,19.8261
343,46,2,0,19.8261
343,46,3,0,19.8261
343,46,4,0,19.8261
343,46,5,0,19.8261
343,46,6,0,19.8261
343,46,7,0,19.8261
343,46,8,0,19.8261
343,46,9,0,19.8261
343,46,10,0,19.8261
343,46,11,0,19.8261
343,46,12,0,19.8261
343,46,13,0,19.8261
343,46,14,0,19.8261
343,46,15,0,19.8261
343,46,16,0,19.8261
343,46,17,0,19.8261
343,46,18,0,19.8261
343,46,19,0,19.8261
343,46,20,0,19.8261
343,46,21,0,19.8261
343,46,22,0,19.8261
343,46,23,0,19.8261
343,46,24,0,19.8261
343,46,25,0,19.8261
343,46,26,0,19.8261
343,46,27,0,19.8261
343,46,28,0,19.8261
343,46,29,0,19.8261
343,46,30,0,19.8261
343,46,31,0,19.8261
343,46,32,0,19.8261
343,46,33,0,19.8261
343,46,34,0,19.8261
343,46,35,0,19.8261
343,46,36,0,19.8261
343,46,37,0,19.8261
343,46,38,912,19.8261
343,46,39,0,19.8261
343,46,40,0,19.8261
343,46,41,0,19.8261
343,46,42,0,19.8261
343,46,43,0,19.8261
343,46,44,0,19.8261
343,46,45,0,19.8261
343,46,46,0,19.8261
343,46,47,0,19.8261
343,46,48,0,19.8261
343,46,49,0,19.8261
343,46,50,0,19.8261
343,46,51,0,19.8261
343,46,52,0,19.8261
343,46,53,0,19.8261
343,46,54,0,19.8261
343,46,55,0,19.8261
343,46,56,0,19.8261
343,46,57,0,19.8261
343,46,58,0,19.8261
343,46,59,0,19.8261
343,46,60,0,19.8261
343,46,61,0,19.8261
343,46,62,0,19.8261
343,46,63,0,19.8261
343,47,0,0,19.7872
343,47,1,0,19.7872
343,47,2,0,19.7872
343,47,3,0,19.7872
343,47,4,0,19.7872
343,47,5,0,19.7872
343,47,6,0,19.7872
343,47,7,0,19.7872
343,47,8,0,19.7872
343,47,9,0,19.7872
343,47,10,0,19.7872
343,47,11,0,19.7872
343,47,12,0,19.7872
343,47,13,0,19.7872
343,47,14,0,19.7872
343,47,15,0,19.7872
343,47,16,0,19.7872
343,47,17,0,19.7872
343,47,18,0,19.7872
343,47,19,0,19.7872
343,47,20,0,19.7872
343,47,21,0,19.7872
343,47,22,0,19.7872
343,47,23,0,19.7872
343,47,24,0,19.7872
343,47,25,0,19.7872
343,47,26,0,19.7872
343,47,27,0,19.7872
343,47,28,0,19.7872
343,47,29,0,19.7872
343,47,30,0,19.7872
343,47,31,0,19.7872
343,47,32,0,19.7872
343,47,33,0,19.7872
343,47,34,0,19.7872
343,47,35,0,19.7872
343,47,36,0,19.7872
343,47,37,0,19.7872
343,47,38,930,19.7872
343,47,39,0,19.7872
343,47,40,0,19.7872
343,47,41,0,19.7872
343,47,42,0,19.7872
343,47,43,0,19.7872
343,47,44,0,19.7872
343,47,45,0,19.7872
343,47,46,0,19.7872
343,47,47,0,19.7872
343,47,48,0,19.7872
343,47,49,0,19.7872
343,47,50,0,19.7872
343,47,51,0,19.7872
343,47,52,0,19.7872
343,47,53,0,19.7872
343,47,54,0,19.7872
343,47,55,0,19.7872
343,47,56,0,19.7872
343,47,57,0,19.7872
343,47,58,0,19.7872
343,47,59,0,19.7872
343,47,60,0,19.7872
343,47,61,0,19.7872
343,47,62,0,19.7872
343,47,63,0,19.7872
343,48,0,0,19.75
343,48,1,0,19.75
343,48,2,0,19.75
343,48,3,0,19.75
343,48,4,0,19.75
343,48,5,0,19.75
343,48,6,0,19.75
343,48,7,0,19.75
343,48,8,0,19.75
343,48,9,0,19.75
343,48,10,0,19.75
343,48,11,0,19.75
343,48,12,0,19.75
343,48,13,0,19.75
343,48,14,0,19.75
343,48,15,0,19.75
343,48,16,0,19.75
343,48,17,0,19.75
343,48,18,0,19.75
343,48,19,0,19.75
343,48,20,0,19.75
343,48,21,0,19.75
343,48,22,0,19.75
343,48,23,0,19.75
343,48,24,0,19.75
343,48,25,0,19.75
343,48,26,0,19.75
343,48,27,0,19.75
343,48,28,0,19.75
343,48,29,0,19.75
343,48,30,0,19.75
343,48,31,0,19.75
343,48,32,0,19.75
343,48,33,0,19.75
343,48,34,0,19.75
343,48,35,0,19.75
343,48,36,0,19.75
343,48,37,0,19.75
343,48,38,948,19.75
343,48,39,0,19.75
343,48,40,0,19.75
343,48,41,0,19.75
343,48,42,0,19.75
343,48,43,0,19.75
343,48,44,0,19.75
343,48,45,0,19.75
343,48,46,0,19.75
343,48,47,0,19.75
343,48,48,0,19.75
343,48,49,0,19.75
343,48,50,0,19.75
343,48,51,0,19.75
343,48,52,0,19.75
343,48,53,0,19.75
343,48,54,0,19.75
343,48,55,0,19.75
343,48,56,0,19.75
343,48,57,0,19.75
343,48,58,0,19.75
343,48,59,0,19.75
343,48,60,0,19.75
343,48,61,0,19.75
343,48,62,0,19.75
343,48,63,0,19.75
343,49,0,0,19.6531
343,49,1,0,19.6531
343,49,2,0,19.6531
343,49,3,0,19.6531
343,49,4,0,19.6531
343,49,5,0,19.6531
343,49,6,0,19.6531
343,49,7,0,19.6531
343,49,8,0,19.6531
343,49,9,0,19.6531
343,49,10,0,19.6531
343,49,11,0,19.6531
343,49,12,0,19.6531
343,49,13,0,19.6531
343,49,14,0,19.6531
343,49,15,0,19.6531
343,49,16,0,19.6531
343,49,17,0,19.6531
343,49,18,0,19.6531
343,49,19,0,19.6531
343,49,20,0,19.6531
343,49,21,0,19.6531
343,49,22,0,19.6531
343,49,23,0,19.6531
343,49,24,0,19.6531
343,49,25,0,19.6531
343,49,26,0,19.6531
343,49,27,0,19.6531
343,49,28,0,19.6531
343,49,29,0,19.6531
343,49,30,0,19.6531
343,49,31,0,19.6531
343,49,32,0,19.6531
343,49,33,0,19.6531
343,49,34,0,19.6531
343,49,35,0,19.6531
343,49,36,0,19.6531
343,49,37,0,19.6531
343,49,38,963,19.6531
343,49,39,0,19.6531
343,49,40,0,19.6531
343,49,41,0,19.6531
343,49,42,0,19.6531
343,49,43,0,19.6531
343,49,44,0,19.6531
343,49,45,0,19.6531
343,49,46,0,19.6531
343,49,47,0,19.6531
343,49,48,0,19.6531
343,49,49,0,19.6531
343,49,50,0,19.6531
343,49,51,0,19.6531
343,49,52,0,19.6531
343,49,53,0,19.6531
343,49,54,0,19.6531
343,49,55,0,19.6531
343,49,56,0,19.6531
343,49,57,0,19.6531
343,49,58,0,19.6531
343,49,59,0,19.6531
343,49,60,0,19.6531
343,49,61,0,19.6531
343,49,62,0,19.6531
343,49,63,0,19.6531
343,50,0,0,20.42
343,50,1,0,20.42
343,50,2,0,20.42
343,50,3,0,20.42
343,50,4,0,20.42
343,50,5,0,20.42
343,50,6,0,20.42
343,50,7,0,20.42
343,50,8,0,20.42
343,50,9,0,20.42
343,50,10,0,20.42
343,50,11,0,20.42
343,50,12,0,20.42
343,50,13,0,20.42
343,50,14,0,20.42
343,50,15,0,20.42
343,50,16,0,20.42
343,50,17,0,20.42
343,50,18,0,20.42
343,50,19,0,20.42
343,50,20,0,20.42
343,50,21,0,20.42
343,50,22,0,20.42
343,50,23,0,20.42
343,50,24,0,20.42
343,50,25,0,20.42
343,50,26,0,20.42
343,50,27,0,20.42
343,50,28,0,20.42
343,50,29,0,20.42
343,50,30,0,20.42
343,50,31,0,20.42
343,50,32,0,20.42
343,50,33,0,20.42
343,50,34,0,20.42
343,50,35,0,20.42
343,50,36,0,20.42
343,50,37,0,20.42
343,50,38,1021,20.42
343,50,39,0,20.42
343,50,40,0,20.42
343,50,41,0,20.42
343,50,42,0,20.42
343,50,43,0,20.42
343,50,44,0,20.42
343,50,45,0,20.42
343,50,46,0,20.42
343,50,47,0,20.42
343,50,48,0,20.42
343,50,49,0,20.42
343,50,50,0,20.42
343,50,51,0,20.42
343,50,52,0,20.42
343,50,53,0,20.42
343,50,54,0,20.42
343,50,55,0,20.42
343,50,56,0,20.42
343,50,57,0,20.42
343,50,58,0,20.42
343,50,59,0,20.42
343,50,60,0,20.42
343,50,61,0,20.42
343,50,62,0,20.42
343,50,63,0,20.42
343,51,0,0,20.1765
343,51,1,0,20.1765
343,51,2,0,20.1765
343,51,3,0,20.1765
343,51,4,0,20.1765
343,51,5,0,20.1765
343,51,6,0,20.1765
343,51,7,0,20.1765
343,51,8,0,20.1765
343,51,9,0,20.1765
343,51,10,0,20.1765
343,51,11,0,20.1765
343,51,12,0,20.1765
343,51,13,0,20.1765
343,51,14,0,20.1765
343,51,15,0,20.1765
343,51,16,0,20.1765
343,51,17,0,20.1765
343,51,18,0,20.1765
343,51,19,0,20.1765
343,51,20,0,20.1765
343,51,21,0,20.1765
343,51,22,0,20.1765
343,51,23,0,20.1765
343,51,24,0,20.1765
343,51,25,0,20.1765
343,51,26,0,20.1765
343,51,27,0,20.1765
343,51,28,0,20.1765
343,51,29,0,20.1765
343,51,30,0,20.1765
343,51,31,0,20.1765
343,51,32,0,20.1765
343,51,33,0,20.1765
343,51,34,0,20.1765
343,51,35,0,20.1765
343,51,36,0,20.1765
343,51,37,0,20.1765
343,51,38,1029,20.1765
343,51,39,0,20.1765
343,51,40,0,20.1765
343,51,41,0,20.1765
343,51,42,0,20.1765
343,51,43,0,20.1765
343,51,44,0,20.1765
343,51,45,0,20.1765
343,51,46,0,20.1765
343,51,47,0,20.1765
343,51,48,0,20.1765
343,51,49,0,20.1765
343,51,50,0,20.1765
343,51,51,0,20.1765
343,51,52,0,20.1765
343,51,53,0,20.1765
343,51,54,0,20.1765
343,51,55,0,20.1765
343,51,56,0,20.1765
343,51,57,0,20.1765
343,51,58,0,20.1765
343,51,59,0,20.1765
343,51,60,0,20.1765
343,51,61,0,20.1765
343,51,62,0,20.1765
343,51,63,0,20.1765
343,52,0,0,20
343,52,1,0,20
343,52,2,0,20
343,52,3,0,20
343,52,4,0,20
343,52,5,0,20
343,52,6,0,20
343,52,7,0,20
343,52,8,0,20
343,52,9,0,20
343,52,10,0,20
343,52,11,0,20
343,52,12,0,20
343,52,13,0,20
343,52,14,0,20
343,52,15,0,20
343,52,16,0,20
343,52,17,0,20
343,52,18,0,20
343,52,19,0,20
343,52,20,0,20
343,52,21,0,20
343,52,22,0,20
343,52,23,0,20
343,52,24,0,20
343,52,25,0,20
343,52,26,0,20
343,52,27,0,20
343,52,28,0,20
343,52,29,0,20
343,52,30,0,20
343,52,31,0,20
343,52,32,0,20
343,52,33,0,20
343,52,34,0,20
343,52,35,0,20
343,52,36,0,20
343,52,37,0,20
343,52,38,1040,20
343,52,39,0,20
343,52,40,0,20
343,52,41,0,20
343,52,42,0,20
343,52,43,0,20
343,52,44,0,20
343,52,45,0,20
343,52,46,0,20
343,52,47,0,20
343,52,48,0,20
343,52,49,0,20
343,52,50,0,20
343,52,51,0,20
343,52,52,0,20
343,52,53,0,20
343,52,54,0,20
343,52,55,0,20
343,52,56,0,20
343,52,57,0,20
343,52,58,0,20
343,52,59,0,20
343,52,60,0,20
343,52,61,0,20
343,52,62,0,20
343,52,63,0,20
343,53,0,0,19.8679
343,53,1,0,19.8679
343,53,2,0,19.8679
343,53,3,0,19.8679
343,53,4,0,19.8679
343,53,5,0,19.8679
343,53,6,0,19.8679
343,53,7,0,19.8679
343,53,8,0,19.8679
343,53,9,0,19.8679
343,53,10,0,19.8679
343,53,11,0,19.8679
343,53,12,0,19.8679
343,53,13,0,19.8679
343,53,14,0,19.8679
343,53,15,0,19.8679
343,53,16,0,19.8679
343,53,17,0,19.8679
343,53,18,0,19.8679
343,53,19,0,19.8679
343,53,20,0,19.8679
343,53,21,0,19.8679
343,53,22,0,19.8679
343,53,23,0,19.8679
343,53,24,0,19.8679
343,53,25,0,19.8679
343,53,26,0,19.8679
343,53,27,0,19.8679
343,53,28,0,19.8679
343,53,29,0,19.8679
343,53,30,0,19.8679
343,53,31,0,19.8679
343,53,32,0,19.8679
343,53,33,0,19.8679
343,53,34,0,19.8679
343,53,35,0,19.8679
343,53,36,0,19.8679
343,53,37,0,19.8679
343,53,38,1053,19.8679
343,53,39,0,19.8679
343,53,40,0,19.8679
343,53,41,0,19.8679
343,53,42,0,19.8679
343,53,43,0,19.8679
343,53,44,0,19.8679
343,53,45,0,19.8679
343,53,46,0,19.8679
343,53,47,0,19.8679
343,53,48,0,19.8679
343,53,49,0,19.8679
343,53,50,0,19.8679
343,53,51,0,19.8679
343,53,52,0,19.8679
343,53,53,0,19.8679
343,53,54,0,19.8679
343,53,55,0,19.8679
343,53,56,0,19.8679
343,53,57,0,19.8679
343,53,58,0,19.8679
343,53,59,0,19.8679
343,53,60,0,19.8679
343,53,61,0,19.8679
343,53,62,0,19.8679
343,53,63,0,19.8679
343,54,0,0,19.6852
343,54,1,0,19.6852
343,54,2,0,19.6852
343,54,3,0,19.6852
343,54,4,0,19.6852
343,54,5,0,19.6852
343,54,6,0,19.6852
343,54,7,0,19.6852
343,54,8,0,19.6852
343,54,9,0,19.6852
343,54,10,0,19.6852
343,54,11,0,19.6852
343,54,12,0,19.6852
343,54,13,0,19.6852
343,54,14,0,19.6852
343,54,15,0,19.6852
343,54,16,0,19.6852
343,54,17,0,19.6852
343,54,18,0,19.6852
343,54,19,0,19.6852
343,54,20,0,19.6852
343,54,21,0,19.6852
343,54,22,0,19.6852
343,54,23,0,19.6852
343,54,24,0,19.6852
343,54,25,0,19.6852
343,54,26,0,19.6852
343,54,27,0,19.6852
343,54,28,0,19.6852
343,54,29,0,19.6852
343,54,30,0,19.6852
343,54,31,0,19.6852
343,54,32,0,19.6852
343,54,33,0,19.6852
343,54,34,0,19.6852
343,54,35,0,19.6852
343,54,36,0,19.6852
343,54,37,0,19.6852
343,54,38,1063,19.6852
343,54,39,0,19.6852
343,54,40,0,19.6852
343,54,41,0,19.6852
343,54,42,0,19.6852
343,54,43,0,19.6852
343,54,44,0,19.6852
343,54,45,0,19.6852
343,54,46,0,19.6852
343,54,47,0,19.6852
343,54,48,0,19.6852
343,54,49,0,19.6852
343,54,50,0,19.6852
343,54,51,0,19.6852
343,54,52,0,19.6852
343,54,53,0,19.6852
343,54,54,0,19.6852
343,54,55,0,19.6852
343,54,56,0,19.6852
343,54,57,0,19.6852
343,54,58,0,19.6852
343,54,59,0,19.6852
343,54,60,0,19.6852
343,54,61,0,19.6852
343,54,62,0,19.6852
343,54,63,0,19.6852
343,55,0,0,19.5636
343,55,1,0,19.5636
343,55,2,0,19.5636
343,55,3,0,19.5636
343,55,4,0,19.5636
343,55,5,0,19.5636
343,55,6,0,19.5636
343,55,7,0,19.5636
343,55,8,0,19.5636
343,55,9,0,19.5636
343,55,10,0,19.5636
343,55,11,0,19.5636
343,55,12,0,19.5636
343,55,13,0,19.5636
343,55,14,0,19.5636
343,55,15,0,19.5636
343,55,16,0,19.5636
343,55,17,0,19.5636
343,55,18,0,19.5636
343,55,19,0,19.5636
343,55,20,0,19.5636
343,55,21,0,19.5636
343,55,22,0,19.5636
343,55,23,0,19.5636
343,55,24,0,19.5636
343,55,25,0,19.5636
343,55,26,0,19.5636
343,55,27,0,19.5636
343,55,28,0,19.5636
343,55,29,0,19.5636
343,55,30,0,19.5636
343,55,31,0,19.5636
343,55,32,0,19.5636
343,55,33,0,19.5636
343,55,34,0,19.5636
343,55,35,0,19.5636
343,55,36,0,19.5636
343,55,37,0,19.5636
343,55,38,1076,19.5636
343,55,39,0,19.5636
343,55,40,0,19.5636
343,55,41,0,19.5636
343,55,42,0,19.5636
343,55,43,0,19.5636
343,55,44,0,19.5636
343,55,45,0,19.5636
343,55,46,0,19.5636
343,55,47,0,19.5636
343,55,48,0,19.5636
343,55,49,0,19.5636
343,55,50,0,19.5636
343,55,51,0,19.5636
343,55,52,0,19.5636
343,55,53,0,19.5636
343,55,54,0,19.5636
343,55,55,0,19.5636
343,55,56,0,19.5636
343,55,57,0,19.5636
343,55,58,0,19.5636
343,55,59,0,19.5636
343,55,60,0,19.5636
343,55,61,0,19.5636
343,55,62,0,19.5636
343,55,63,0,19.5636
343,56,0,0,19.625
343,56,1,0,19.625
343,56,2,0,19.625
343,56,3,0,19.625
343,56,4,0,19.625
343,56,5,0,19.625
343,56,6,0,19.625
343,56,7,0,19.625
343,56,8,0,19.625
343,56,9,0,19.625
343,56,10,0,19.625
343,56,11,0,19.625
343,56,12,0,19.625
343,56,13,0,19.625
343,56,14,0,19.625
343,56,15,0,19.625
343,56,16,0,19.625
343,56,17,0,19.625
343,56,18,0,19.625
343,56,19,0,19.625
343,56,20,0,19.625
343,56,21,0,19.625
343,56,22,0,19.625
343,56,23,0,19.625
343,56,24,0,19.625
343,56,25,0,19.625
343,56,26,0,19.625
343,56,27,0,19.625
343,56,28,0,19.625
343,56,29,0,19.625
343,56,30,0,19.625
343,56,31,0,19.625
343,56,32,0,19.625
343,56,33,0,19.625
343,56,34,0,19.625
343,56,35,0,19.625
343,56,36,0,19.625
343,56,37,0,19.625
343,56,38,1099,19.625
343,56,39,0,19.625
343,56,40,0,19.625
343,56,41,0,19.625
343,56,42,0,19.625
343,56,43,0,19.625
343,56,44,0,19.625
343,56,45,0,19.625
343,56,46,0,19.625
343,56,47,0,19.625
343,56,48,0,19.625
343,56,49,0,19.625
343,56,50,0,19.625
343,56,51,0,19.625
343,56,52,0,19.625
343,56,53,0,19.625
343,56,54,0,19.625
343,56,55,0,19.625
343,56,56,0,19.625
343,56,57,0,19.625
343,56,58,0,19.625
343,56,59,0,19.625
343,56,60,0,19.625
343,56,61,0,19.625
343,56,62,0,19.625
343,56,63,0,19.625
343,57,0,0,20.2281
343,57,1,0,20.2281
343,57,2,0,20.2281
343,57,3,0,20.2281
343,57,4,0,20.2281
343,57,5,0,20.2281
343,57,6,0,20.2281
343,57,7,0,20.2281
343,57,8,0,20.2281
343,57,9,0,20.2281
343,57,10,0,20.2281
343,57,11,0,20.2281
343,57,12,0,20.2281
343,57,13,0,20.2281
343,57,14,0,20.2281
343,57,15,0,20.2281
343,57,16,0,20.2281
343,57,17,0,20.2281
343,57,18,0,20.2281
343,57,19,0,20.2281
343,57,20,0,20.2281
343,57,21,0,20.2281
343,57,22,0,20.2281
343,57,23,0,20.2281
343,57,24,0,20.2281
343,57,25,0,20.2281
343,57,26,0,20.2281
343,57,27,0,20.2281
343,57,28,0,20.2281
343,57,29,0,20.2281
343,57,30,0,20.2281
343,57,31,0,20.2281
343,57,32,0,20.2281
343,57,33,0,20.2281
343,57,34,0,20.2281
343,57,35,0,20.2281
343,57,36,0,20.2281
343,57,37,0,20.2281
343,57,38,1153,20.2281
343,57,39,0,20.2281
343,57,40,0,20.2281
343,57,41,0,20.2281
343,57,42,0,20.2281
343,57,43,0,20.2281
343,57,44,0,20.2281
343,57,45,0,20.2281
343,57,46,0,20.2281
343,57,47,0,20.2281
343,57,48,0,20.2281
343,57,49,0,20.2281
343,57,50,0,20.2281
343,57,51,0,20.2281
343,57,52,0,20.2281
343,57,53,0,20.2281
343,57,54,0,20.2281
343,57,55,0,20.2281
343,57,56,0,20.2281
343,57,57,0,20.2281
343,57,58,0,20.2281
343,57,59,0,20.2281
343,57,60,0,20.2281
343,57,61,0,20.2281
343,57,62,0,20.2281
343,57,63,0,20.2281
343,58,0,0,20.2586
343,58,1,0,20.2586
343,58,2,0,20.2586
343,58,3,0,20.2586
343,58,4,0,20.2586
343,58,5,0,20.2586
343,58,6,0,20.2586
343,58,7,0,20.2586
343,58,8,0,20.2586
343,58,9,0,20.2586
343,58,10,0,20.2586
343,58,11,0,20.2586
343,58,12,0,20.2586
343,58,13,0,20.2586
343,58,14,0,20.2586
343,58,15,0,20.2586
343,58,16,0,20.2586
343,58,17,0,20.2586
343,58,18,0,20.2586
343,58,19,0,20.2586
343,58,20,0,20.2586
343,58,21,0,20.2586
343,58,22,0,20.2586
343,58,23,0,20.2586
343,58,24,0,20.2586
343,58,25,0,20.2586
343,58,26,0,20.2586
343,58,27,0,20.2586
343,58,28,0,20.2586
343,58,29,0,20.2586
343,58,30,0,20.2586
343,58,31,0,20.2586
343,58,32,0,20.2586
343,58,33,0,20.2586
343,58,34,0,20.2586
343,58,35,0,20.2586
343,58,36,0,20.2586
343,58,37,0,20.2586
343,58,38,1175,20.2586
343,58,39,0,20.2586
343,58,40,0,20.2586
343,58,41,0,20.2586
343,58,42,0,20.2586
343,58,43,0,20.2586
343,58,44,0,20.2586
343,58,45,0,20.2586
343,58,46,0,20.2586
343,58,47,0,20.2586
343,58,48,0,20.2586
343,58,49,0,20.2586
343,58,50,0,20.2586
343,58,51,0,20.2586
343,58,52,0,20.2586
343,58,53,0,20.2586
343,58,54,0,20.2586
343,58,55,0,20.2586
343,58,56,0,20.2586
343,58,57,0,20.2586
343,58,58,0,20.2586
343,58,59,0,20.2586
343,58,60,0,20.2586
343,58,61,0,20.2586
343,58,62,0,20.2586
343,58,63,0,20.2586
343,59,0,0,20
343,59,1,0,20
343,59,2,0,20
343,59,3,0,20
343,59,4,0,20
343,59,5,0,20
343,59,6,0,20
343,59,7,0,20
343,59,8,0,20
343,59,9,0,20
343,59,10,0,20
343,59,11,0,20
343,59,12,0,20
343,59,13,0,20
343,59,14,0,20
343,59,15,0,20
343,59,16,0,20
343,59,17,0,20
343,59,18,0,20
343,59,19,0,20
343,59,20,0,20
343,59,21,0,20
343,59,22,0,20
343,59,23,0,20
343,59,24,0,20
343,59,25,0,20
343,59,26,0,20
343,59,27,0,20
343,59,28,0,20
343,59,29,0,20
343,59,30,0,20
343,59,31,0,20
343,59,32,0,20
343,59,33,0,20
343,59,34,0,20
343,59,35,0,20
343,59,36,0,20
343,59,37,0,20
343,59,38,1180,20
343,59,39,0,20
343,59,40,0,20
343,59,41,0,20
343,59,42,0,20
343,59,43,0,20
343,59,44,0,20
343,59,45,0,20
343,59,46,0,20
343,59,47,0,20
343,59,48,0,20
343,59,49,0,20
343,59,50,0,20
343,59,51,0,20
343,59,52,0,20
343,59,53,0,20
343,59,54,0,20
343,59,55,0,20
343,59,56,0,20
343,59,57,0,20
343,59,58,0,20
343,59,59,0,20
343,59,60,0,20
343,59,61,0,20
343,59,62,0,20
343,59,63,0,20
343,60,0,0,19.7333
343,60,1,0,19.7333
343,60,2,0,19.7333
343,60,3,0,19.7333
343,60,4,0,19.7333
343,60,5,0,19.7333
343,60,6,0,19.7333
343,60,7,0,19.7333
343,60,8,0,19.7333
343,60,9,0,19.7333
343,60,10,0,19.7333
343,60,11,0,19.7333
343,60,12,0,19.7333
343,60,13,0,19.7333
343,60,14,0,19.7333
343,60,15,0,19.7333
343,60,16,0,19.7333
343,60,17,0,19.7333
343,60,18,0,19.7333
343,60,19,0,19.7333
343,60,20,0,19.7333
343,60,21,0,19.7333
343,60,22,0,19.7333
343,60,23,0,19.7333
343,60,24,0,19.7333
343,60,25,0,19.7333
343,60,26,0,19.7333
343,60,27,0,19.7333
343,60,28,0,19.7333
343,60,29,0,19.7333
343,60,30,0,19.7333
343,60,31,0,19.7333
343,60,32,0,19.7333
343,60,33,0,19.7333
343,60,34,0,19.7333
343,60,35,0,19.7333
343,60,36,0,19.7333
343,60,37,0,19.7333
343,60,38,1184,19.7333
343,60,39,0,19.7333
343,60,40,0,19.7333
343,60,41,0,19.7333
343,60,42,0,19.7333
343,60,43,0,19.7333
343,60,44,0,19.7333
343,60,45,0,19.7333
343,60,46,0,19.7333
343,60,47,0,19.7333
343,60,48,0,19.7333
343,60,49,0,19.7333
343,60,50,0,19.7333
343,60,51,0,19.7333
343,60,52,0,19.7333
343,60,53,0,19.7333
343,60,54,0,19.7333
343,60,55,0,19.7333
343,60,56,0,19.7333
343,60,57,0,19.7333
343,60,58,0,19.7333
343,60,59,0,19.7333
343,60,60,0,19.7333
343,60,61,0,19.7333
343,60,62,0,19.7333
343,60,63,0,19.7333
343,61,0,0,19.7869
343,61,1,0,19.7869
343,61,2,0,19.7869
343,61,3,0,19.7869
343,61,4,0,19.7869
343,61,5,0,19.7869
343,61,6,0,19.7869
343,61,7,0,19.7869
343,61,8,0,19.7869
343,61,9,0,19.7869
343,61,10,0,19.7869
343,61,11,0,19.7869
343,61,12,0,19.7869
343,61,13,0,19.7869
343,61,14,0,19.7869
343,61,15,0,19.7869
343,61,16,0,19.7869
343,61,17,0,19.7869
343,61,18,0,19.7869
343,61,19,0,19.7869
343,61,20,0,19.7869
343,61,21,0,19.7869
343,61,22,0,19.7869
343,61,23,0,19.7869
343,61,24,0,19.7869
343,61,25,0,19.7869
343,61,26,0,19.7869
343,61,27,0,19.7869
343,61,28,0,19.7869
343,61,29,0,19.7869
343,61,30,0,19.7869
343,61,31,0,19.7869
343,61,32,0,19.7869
343,61,33,0,19.7869
343,61,34,0,19.7869
343,61,35,0,19.7869
343,61,36,0,19.7869
343,61,37,0,19.7869
343,61,38,1207,19.7869
343,61,39,0,19.7869
343,61,40,0,19.7869
343,61,41,0,19.7869
343,61,42,0,19.7869
343,61,43,0,19.7869
343,61,44,0,19.7869
343,61,45,0,19.7869
343,61,46,0,19.7869
343,61,47,0,19.7869
343,61,48,0,19.7869
343,61,49,0,19.7869
343,61,50,0,19.7869
343,61,51,0,19.7869
343,61,52,0,19.7869
343,61,53,0,19.7869
343,61,54,0,19.7869
343,61,55,0,19.7869
343,61,56,0,19.7869
343,61,57,0,19.7869
343,61,58,0,19.7869
343,61,59,0,19.7869
343,61,60,0,19.7869
343,61,61,0,19.7869
343,61,62,0,19.7869
343,61,63,0,19.7869
343,62,0,0,20.0968
343,62,1,0,20.0968
343,62,2,0,20.0968
343,62,3,0,20.0968
343,62,4,0,20.0968
343,62,5,0,20.0968
343,62,6,0,20.0968
343,62,7,0,20.0968
343,62,8,0,20.0968
343,62,9,0,20.0968
343,62,10,0,20.0968
343,62,11,0,20.0968
343,62,12,0,20.0968
343,62,13,0,20.0968
343,62,14,0,20.0968
343,62,15,0,20.0968
343,62,16,0,20.0968
343,62,17,0,20.0968
343,62,18,0,20.0968
343,62,19,0,20.0968
343,62,20,0,20.0968
343,62,21,0,20.0968
343,62,22,0,20.0968
343,62,23,0,20.0968
343,62,24,0,20.0968
343,62,25,0,20.0968
343,62,26,0,20.0968
343,62,27,0,20.0968
343,62,28,0,20.0968
343,62,29,0,20.0968
343,62,30,0,20.0968
343,62,31,0,20.0968
343,62,32,0,20.0968
343,62,33,0,20.0968
343,62,34,0,20.0968
343,62,35,0,20.0968
343,62,36,0,20.0968
343,62,37,0,20.0968
343,62,38,1246,20.0968
343,62,39,0,20.0968
343,62,40,0,20.0968
343,62,41,0,20.0968
343,62,42,0,20.0968
343,62,43,0,20.0968
343,62,44,0,20.0968
343,62,45,0,20.0968
343,62,46,0,20.0968
343,62,47,0,20.0968
343,62,48,0,20.0968
343,62,49,0,20.0968
343,62,50,0,20.0968
343,62,51,0,20.0968
343,62,52,0,20.0968
343,62,53,0,20.0968
343,62,54,0,20.0968
343,62,55,0,20.0968
343,62,56,0,20.0968
343,62,57,0,20.0968
343,62,58,0,20.0968
343,62,59,0,20.0968
343,62,60,0,20.0968
343,62,61,0,20.0968
343,62,62,0,20.0968
343,62,63,0,20.0968
343,63,0,0,19.9206
343,63,1,0,19.9206
343,63,2,0,19.9206
343,63,3,0,19.9206
343,63,4,0,19.9206
343,63,5,0,19.9206
343,63,6,0,19.9206
343,63,7,0,19.9206
343,63,8,0,19.9206
343,63,9,0,19.9206
343,63,10,0,19.9206
343,63,11,0,19.9206
343,63,12,0,19.9206
343,63,13,0,19.9206
343,63,14,0,19.9206
343,63,15,0,19.9206
343,63,16,0,19.9206
343,63,17,0,19.9206
343,63,18,0,19.9206
343,63,19,0,19.9206
343,63,20,0,19.9206
343,63,21,0,19.9206
343,63,22,0,19.9206
343,63,23,0,19.9206
343,63,24,0,19.9206
343,63,25,0,19.9206
343,63,26,0,19.9206
343,63,27,0,19.9206
343,63,28,0,19.9206
343,63,29,0,19.9206
343,63,30,0,19.9206
343,63,31,0,19.9206
343,63,32,0,19.9206
343,63,33,0,19.9206
343,63,34,0,19.9206
343,63,35,0,19.9206
343,63,36,0,19.9206
343,63,37,0,19.9206
343,63,38,1255,19.9206
343,63,39,0,19.9206
343,63,40,0,19.9206
343,63,41,0,19.9206
343,63,42,0,19.9206
343,63,43,0,19.9206
343,63,44,0,19.9206
343,63,45,0,19.9206
343,63,46,0,19.9206
343,63,47,0,19.9206
343,63,48,0,19.9206
343,63,49,0,19.9206
343,63,50,0,19.9206
343,63,51,0,19.9206
343,63,52,0,19.9206
343,63,53,0,19.9206
343,63,54,0,19.9206
343,63,55,0,19.9206
343,63,56,0,19.9206
343,63,57,0,19.9206
343,63,58,0,19.9206
343,63,59,0,19.9206
343,63,60,0,19.9206
343,63,61,0,19.9206
343,63,62,0,19.9206
343,63,63,0,19.9206
343,64,0,0,19.8906
343,64,1,0,19.8906
343,64,2,0,19.8906
343,64,3,0,19.8906
343,64,4,0,19.8906
343,64,5,0,19.8906
343,64,6,0,19.8906
343,64,7,0,19.8906
343,64,8,0,19.8906
343,64,9,0,19.8906
343,64,10,0,19.8906
343,64,11,0,19.8906
343,64,12,0,19.8906
343,64,13,0,19.8906
343,64,14,0,19.8906
343,64,15,0,19.8906
343,64,16,0,19.8906
343,64,17,0,19.8906
343,64,18,0,19.8906
343,64,19,0,19.8906
343,64,20,0,19.8906
343,64,21,0,19.8906
343,64,22,0,19.8906
343,64,23,0,19.8906
343,64,24,0,19.8906
343,64,25,0,19.8906
343,64,26,0,19.8906
343,64,27,0,19.8906
343,64,28,0,19.8906
343,64,29,0,19.8906
343,64,30,0,19.8906
343,64,31,0,19.8906
343,64,32,0,19.8906
343,64,33,0,19.8906
343,64,34,0,19.8906
343,64,35,0,19.8906
343,64,36,0,19.8906
343,64,37,0,19.8906
343,64,38,1273,19.8906
343,64,39,0,19.8906
343,64,40,0,19.8906
343,64,41,0,19.8906
343,64,42,0,19.8906
343,64,43,0,19.8906
343,64,44,0,19.8906
343,64,45,0,19.8906
343,64,46,0,19.8906
343,64,47,0,19.8906
343,64,48,0,19.8906
343,64,49,0,19.8906
343,64,50,0,19.8906
343,64,51,0,19.8906
343,64,52,0,19.8906
343,64,53,0,19.8906
343,64,54,0,19.8906
343,64,55,0,19.8906
343,64,56,0,19.8906
343,64,57,0,19.8906
343,64,58,0,19.8906
343,64,59,0,19.8906
343,64,60,0,19.8906
343,64,61,0,19.8906
343,64,62,0,19.8906
343,64,63,0,19.8906
343,65,0,0,19.8923
343,65,1,0,19.8923
343,65,2,0,19.8923
343,65,3,0,19.8923
343,65,4,0,19.8923
343,65,5,0,19.8923
343,65,6,0,19.8923
343,65,7,0,19.8923
343,65,8,0,19.8923
343,65,9,0,19.8923
343,65,10,0,19.8923
343,65,11,0,19.8923
343,65,12,0,19.8923
343,65,13,0,19.8923
343,65,14,0,19.8923
343,65,15,0,19.8923
343,65,16,0,19.8923
343,65,17,0,19.8923
343,65,18,0,19.8923
343,65,19,0,19.8923
343,65,20,0,19.8923
343,65,21,0,19.8923
343,65,22,0,19.8923
343,65,23,0,19.8923
343,65,24,0,19.8923
343,65,25,0,19.8923
343,65,26,0,19.8923
343,65,27,0,19.8923
343,65,28,0,19.8923
343,65,29,0,19.8923
343,65,30,0,19.8923
343,65,31,0,19.8923
343,65,32,0,19.8923
343,65,33,0,19.8923
343,65,34,0,19.8923
343,65,35,0,19.8923
343,65,36,0,19.8923
343,65,37,0,19.8923
343,65,38,1293,19.8923
343,65,39,0,19.8923
343,65,40,0,19.8923
343,65,41,0,19.8923
343,65,42,0,19.8923
343,65,43,0,19.8923
343,65,44,0,19.8923
343,65,45,0,19.8923
343,65,46,0,19.8923
343,65,47,0,19.8923
343,65,48,0,19.8923
343,65,49,0,19.8923
343,65,50,0,19.8923
343,65,51,0,19.8923
343,65,52,0,19.8923
343,65,53,0,19.8923
343,65,54,0,19.8923
343,65,55,0,19.8923
343,65,56,0,19.8923
343,65,57,0,19.8923
343,65,58,0,19.8923
343,65,59,0,19.8923
343,65,60,0,19.8923
343,65,61,0,19.8923
343,65,62,0,19.8923
343,65,63,0,19.8923
343,66,0,0,20.2424
343,66,1,0,20.2424
343,66,2,0,20.2424
343,66,3,0,20.2424
343,66,4,0,20.2424
343,66,5,0,20.2424
343,66,6,0,20.2424
343,66,7,0,20.2424
343,66,8,0,20.2424
343,66,9,0,20.2424
343,66,10,0,20.2424
343,66,11,0,20.2424
343,66,12,0,20.2424
343,66,13,0,20.2424
343,66,14,0,20.2424
343,66,15,0,20.2424
343,66,16,0,20.2424
343,66,17,0,20.2424
343,66,18,0,20.2424
343,66,19,0,20.2424
343,66,20,0,20.2424
343,66,21,0,20.2424
343,66,22,0,20.2424
343,66,23,0,20.2424
343,66,24,0,20.2424
343,66,25,0,20.2424
343,66,26,0,20.2424
343,66,27,0,20.2424
343,66,28,0,20.2424
343,66,29,0,20.2424
343,66,30,0,20.2424
343,66,31,0,20.2424
343,66,32,0,20.2424
343,66,33,0,20.2424
343,66,34,0,20.2424
343,66,35,0,20.2424
343,66,36,0,20.2424
343,66,37,0,20.2424
343,66,38,1336,20.2424
343,66,39,0,20.2424
343,66,40,0,20.2424
343,66,41,0,20.2424
343,66,42,0,20.2424
343,66,43,0,20.2424
343,66,44,0,20.2424
343,66,45,0,20.2424
343,66,46,0,20.2424
343,66,47,0,20.2424
343,66,48,0,20.2424
343,66,49,0,20.2424
343,66,50,0,20.2424
343,66,51,0,20.2424
343,66,52,0,20.2424
343,66,53,0,20.2424
343,66,54,0,20.2424
343,66,55,0,20.2424
343,66,56,0,20.2424
343,66,57,0,20.2424
343,66,58,0,20.2424
343,66,59,0,20.2424
343,66,60,0,20.2424
343,66,61,0,20.2424
343,66,62,0,20.2424
343,66,63,0,20.2424
343,67,0,0,20.1791
343,67,1,0,20.1791
343,67,2,0,20.1791
343,67,3,0,20.1791
343,67,4,0,20.1791
343,67,5,0,20.1791
343,67,6,0,20.1791
343,67,7,0,20.1791
343,67,8,0,20.1791
343,67,9,0,20.1791
343,67,10,0,20.1791
343,67,11,0,20.1791
343,67,12,0,20.1791
343,67,13,0,20.1791
343,67,14,0,20.1791
343,67,15,0,20.1791
343,67,16,0,20.1791
343,67,17,0,20.1791
343,67,18,0,20.1791
343,67,19,0,20.1791
343,67,20,0,20.1791
343,67,21,0,20.1791
343,67,22,0,20.1791
343,67,23,0,20.1791
343,67,24,0,20.1791
343,67,25,0,20.1791
343,67,26,0,20.1791
343,67,27,0,20.1791
343,67,28,0,20.1791
343,67,29,0,20.1791
343,67,30,0,20.1791
343,67,31,0,20.1791
343,67,32,0,20.1791
343,67,33,0,20.1791
343,67,34,0,20.1791
343,67,35,0,20.1791
343,67,36,0,20.1791
343,67,37,0,20.1791
343,67,38,1352,20.1791
343,67,39,0,20.1791
343,67,40,0,20.1791
343,67,41,0,20.1791
343,67,42,0,20.1791
343,67,43,0,20.1791
343,67,44,0,20.1791
343,67,45,0,20.1791
343,67,46,0,20.1791
343,67,47,0,20.1791
343,67,48,0,20.1791
343,67,49,0,20.1791
343,67,50,0,20.1791
343,67,51,0,20.1791
343,67,52,0,20.1791
343,67,53,0,20.1791
343,67,54,0,20.1791
343,67,55,0,20.1791
343,67,56,0,20.1791
343,67,57,0,20.1791
343,67,58,0,20.1791
343,67,59,0,20.1791
343,67,60,0,20.1791
343,67,61,0,20.1791
343,67,62,0,20.1791
343,67,63,0,20.1791
343,68,0,0,20.1912
343,68,1,0,20.1912
343,68,2,0,20.1912
343,68,3,0,20.1912
343,68,4,0,20.1912
343,68,5,0,20.1912
343,68,6,0,20.1912
343,68,7,0,20.1912
343,68,8,0,20.1912
343,68,9,0,20.1912
343,68,10,0,20.1912
343,68,11,0,20.1912
343,68,12,0,20.1912
343,68,13,0,20.1912
343,68,14,0,20.1912
343,68,15,0,20.1912
343,68,16,0,20.1912
343,68,17,0,20.1912
343,68,18,0,20.1912
343,68,19,0,20.1912
343,68,20,0,20.1912
343,68,21,0,20.1912
343,68,22,0,20.1912
343,68,23,0,20.1912
343,68,24,0,20.1912
343,68,25,0,20.1912
343,68,26,0,20.1912
343,68,27,0,20.1912
343,68,28,0,20.1912
343,68,29,0,20.1912
343,68,30,0,20.1912
343,68,31,0,20.1912
343,68,32,0,20.1912
343,68,33,0,20.1912
343,68,34,0,20.1912
343,68,35,0,20.1912
343,68,36,0,20.1912
343,68,37,0,20.1912
343,68,38,1373,20.1912
343,68,39,0,20.1912
343,68,40,0,20.1912
343,68,41,0,20.1912
343,68,42,0,20.1912
343,68,43,0,20.1912
343,68,44,0,20.1912
343,68,45,0,20.1912
343,68,46,0,20.1912
343,68,47,0,20.1912
343,68,48,0,20.1912
343,68,49,0,20.1912
343,68,50,0,20.1912
343,68,51,0,20.1912
343,68,52,0,20.1912
343,68,53,0,20.1912
343,68,54,0,20.1912
343,68,55,0,20.1912
343,68,56,0,20.1912
343,68,57,0,20.1912
343,68,58,0,20.1912
343,68,59,0,20.1912
343,68,60,0,20.1912
343,68,61,0,20.1912
343,68,62,0,20.1912
343,68,63,0,20.1912
343,69,0,0,20.029
343,69,1,0,20.029
343,69,2,0,20.029
343,69,3,0,20.029
343,69,4,0,20.029
343,69,5,0,20.029
343,69,6,0,20.029
343,69,7,0,20.029
343,69,8,0,20.029
343,69,9,0,20.029
343,69,10,0,20.029
343,69,11,0,20.029
343,69,12,0,20.029
343,69,13,0,20.029
343,69,14,0,20.029
343,69,15,0,20.029
343,69,16,0,20.029
343,69,17,0,20.029
343,69,18,0,20.029
343,69,19,0,20.029
343,69,20,0,20.029
343,69,21,0,20.029
343,69,22,0,20.029
343,69,23,0,20.029
343,69,24,0,20.029
343,69,25,0,20.029
343,69,26,0,20.029
343,69,27,0,20.029
343,69,28,0,20.029
343,69,29,0,20.029
343,69,30,0,20.029
343,69,31,0,20.029
343,69,32,0,20.029
343,69,33,0,20.029
343,69,34,0,20.029
343,69,35,0,20.029
343,69,36,0,20.029
343,69,37,0,20.029
343,69,38,1382,20.029
343,69,39,0,20.029
343,69,40,0,20.029
343,69,41,0,20.029
343,69,42,0,20.029
343,69,43,0,20.029
343,69,44,0,20.029
343,69,45,0,20.029
343,69,46,0,20.029
343,69,47,0,20.029
343,69,48,0,20.029
343,69,49,0,20.029
343,69,50,0,20.029
343,69,51,0,20.029
343,69,52,0,20.029
343,69,53,0,20.029
343,69,54,0,20.029
343,69,55,0,20.029
343,69,56,0,20.029
343,69,57,0,20.029
343,69,58,0,20.029
343,69,59,0,20.029
343,69,60,0,20.029
343,69,61,0,20.029
343,69,62,0,20.029
343,69,63,0,20.029
343,70,0,0,20.2286
343,70,1,0,20.2286
343,70,2,0,20.2286
343,70,3,0,20.2286
343,70,4,0,20.2286
343,70,5,0,20.2286
343,70,6,0,20.2286
343,70,7,0,20.2286
343,70,8,0,20.2286
343,70,9,0,20.2286
343,70,10,0,20.2286
343,70,11,0,20.2286
343,70,12,0,20.2286
343,70,13,0,20.2286
343,70,14,0,20.2286
343,70,15,0,20.2286
343,70,16,0,20.2286
343,70,17,0,20.2286
343,70,18,0,20.2286
343,70,19,0,20.2286
343,70,20,0,20.2286
343,70,21,0,20.2286
343,70,22,0,20.2286
343,70,23,0,20.2286
343,70,24,0,20.2286
343,70,25,0,20.2286
343,70,26,0,20.2286
343,70,27,0,20.2286
343,70,28,0,20.2286
343,70,29,0,20.2286
343,70,30,0,20.2286
343,70,31,0,20.2286
343,70,32,0,20.2286
343,70,33,0,20.2286
343,70,34,0,20.2286
343,70,35,0,20.2286
343,70,36,0,20.2286
343,70,37,0,20.2286
343,70,38,1416,20.2286
343,70,39,0,20.2286
343,70,40,0,20.2286
343,70,41,0,20.2286
343,70,42,0,20.2286
343,70,43,0,20.2286
343,70,44,0,20.2286
343,70,45,0,20.2286
343,70,46,0,20.2286
343,70,47,0,20.2286
343,70,48,0,20.2286
343,70,49,0,20.2286
343,70,50,0,20.2286
343,70,51,0,20.2286
343,70,52,0,20.2286
343,70,53,0,20.2286
343,70,54,0,20.2286
343,70,55,0,20.2286
343,70,56,0,20.2286
343,70,57,0,20.2286
343,70,58,0,20.2286
343,70,59,0,20.2286
343,70,60,0,20.2286
343,70,61,0,20.2286
343,70,62,0,20.2286
343,70,63,0,20.2286
343,71,0,0,20.169
343,71,1,0,20.169
343,71,2,0,20.169
343,71,3,0,20.169
343,71,4,0,20.169
343,71,5,0,20.169
343,71,6,0,20.169
343,71,7,0,20.169
343,71,8,0,20.169
343,71,9,0,20.169
343,71,10,0,20.169
343,71,11,0,20.169
343,71,12,0,20.169
343,71,13,0,20.169
343,71,14,0,20.169
343,71,15,0,20.169
343,71,16,0,20.169
343,71,17,0,20.169
343,71,18,0,20.169
343,71,19,0,20.169
343,71,20,0,20.169
343,71,21,0,20.169
343,71,22,0,20.169
343,71,23,0,20.169
343,71,24,0,20.169
343,71,25,0,20.169
343,71,26,0,20.169
343,71,27,0,20.169
343,71,28,0,20.169
343,71,29,0,20.169
343,71,30,0,20.169
343,71,31,0,20.169
343,71,32,0,20.169
343,71,33,0,20.169
343,71,34,0,20.169
343,71,35,0,20.169
343,71,36,0,20.169
343,71,37,0,20.169
343,71,38,1432,20.169
343,71,39,0,20.169
343,71,40,0,20.169
343,71,41,0,20.169
343,71,42,0,20.169
343,71,43,0,20.169
343,71,44,0,20.169
343,71,45,0,20.169
343,71,46,0,20.169
343,71,47,0,20.169
343,71,48,0,20.169
343,71,49,0,20.169
343,71,50,0,20.169
343,71,51,0,20.169
343,71,52,0,20.169
343,71,53,0,20.169
343,71,54,0,20.169
343,71,55,0,20.169
343,71,56,0,20.169
343,71,57,0,20.169
343,71,58,0,20.169
343,71,59,0,20.169
343,71,60,0,20.169
343,71,61,0,20.169
343,71,62,0,20.169
343,71,63,0,20.169
343,72,0,0,20.4028
343,72,1,0,20.4028
343,72,2,0,20.4028
343,72,3,0,20.4028
343,72,4,0,20.4028
343,72,5,0,20.4028
343,72,6,0,20.4028
343,72,7,0,20.4028
343,72,8,0,20.4028
343,72,9,0,20.4028
343,72,10,0,20.4028
343,72,11,0,20.4028
343,72,12,0,20.4028
343,72,13,0,20.4028
343,72,14,0,20.4028
343,72,15,0,20.4028
343,72,16,0,20.4028
343,72,17,0,20.4028
343,72,18,0,20.4028
343,72,19,0,20.4028
343,72,20,0,20.4028
343,72,21,0,20.4028
343,72,22,0,20.4028
343,72,23,0,20.4028
343,72,24,0,20.4028
343,72,25,0,20.4028
343,72,26,0,20.4028
343,72,27,0,20.4028
343,72,28,0,20.4028
343,72,29,0,20.4028
343,72,30,0,20.4028
343,72,31,0,20.4028
343,72,32,0,20.4028
343,72,33,0,20.4028
343,72,34,0,20.4028
343,72,35,0,20.4028
343,72,36,0,20.4028
343,72,37,0,20.4028
343,72,38,1469,20.4028
343,72,39,0,20.4028
343,72,40,0,20.4028
343,72,41,0,20.4028
343,72,42,0,20.4028
343,72,43,0,20.4028
343,72,44,0,20.4028
343,72,45,0,20.4028
343,72,46,0,20.4028
343,72,47,0,20.4028
343,72,48,0,20.4028
343,72,49,0,20.4028
343,72,50,0,20.4028
343,72,51,0,20.4028
343,72,52,0,20.4028
343,72,53,0,20.4028
343,72,54,0,20.4028
343,72,55,0,20.4028
343,72,56,0,20.4028
343,72,57,0,20.4028
343,72,58,0,20.4028
343,72,59,0,20.4028
343,72,60,0,20.4028
343,72,61,0,20.4028
343,72,62,0,20.4028
343,72,63,0,20.4028
343,73,0,0,20.589
343,73,1,0,20.589
343,73,2,0,20.589
343,73,3,0,20.589
343,73,4,0,20.589
343,73,5,0,20.589
343,73,6,0,20.589
343,73,7,0,20.589
343,73,8,0,20.589
343,73,9,0,20.589
343,73,10,0,20.589
343,73,11,0,20.589
343,73,12,0,20.589
343,73,13,0,20.589
343,73,14,0,20.589
343,73,15,0,20.589
343,73,16,0,20.589
343,73,17,0,20.589
343,73,18,0,20.589
343,73,19,0,20.589
343,73,20,0,20.589
343,73,21,0,20.589
343,73,22,0,20.589
343,73,23,0,20.589
343,73,24,0,20.589
343,73,25,0,20.589
343,73,26,0,20.589
343,73,27,0,20.589
343,73,28,0,20.589
343,73,29,0,20.589
343,73,30,0,20.589
343,73,31,0,20.589
343,73,32,0,20.589
343,73,33,0,20.589
343,73,34,0,20.589
343,73,35,0,20.589
343,73,36,0,20.589
343,73,37,0,20.589
343,73,38,1503,20.589
343,73,39,0,20.589
343,73,40,0,20.589
343,73,41,0,20.589
343,73,42,0,20.589
343,73,43,0,20.589
343,73,44,0,20.589
343,73,45,0,20.589
343,73,46,0,20.589
343,73,47,0,20.589
343,73,48,0,20.589
343,73,49,0,20.589
343,73,50,0,20.589
343,73,51,0,20.589
343,73,52,0,20.589
343,73,53,0,20.589
343,73,54,0,20.589
343,73,55,0,20.589
343,73,56,0,20.589
343,73,57,0,20.589
343,73,58,0,20.589
343,73,59,0,20.589
343,73,60,0,20.589
343,73,61,0,20.589
343,73,62,0,20.589
343,73,63,0,20.589
343,74,0,0,20.4054
343,74,1,0,20.4054
343,74,2,0,20.4054
343,74,3,0,20.4054
343,74,4,0,20.4054
343,74,5,0,20.4054
343,74,6,0,20.4054
343,74,7,0,20.4054
343,74,8,0,20.4054
343,74,9,0,20.4054
343,74,10,0,20.4054
343,74,11,0,20.4054
343,74,12,0,20.4054
343,74,13,0,20.4054
343,74,14,0,20.4054
343,74,15,0,20.4054
343,74,16,0,20.4054
343,74,17,0,20.4054
343,74,18,0,20.4054
343,74,19,0,20.4054
343,74,20,0,20.4054
343,74,21,0,20.4054
343,74,22,0,20.4054
343,74,23,0,20.4054
343,74,24,0,20.4054
343,74,25,0,20.4054
343,74,26,0,20.4054
343,74,27,0,20.4054
343,74,28,0,20.4054
343,74,29,0,20.4054
343,74,30,0,20.4054
343,74,31,0,20.4054
343,74,32,0,20.4054
343,74,33,0,20.4054
343,74,34,0,20.4054
343,74,35,0,20.4054
343,74,36,0,20.4054
343,74,37,0,20.4054
343,74,38,1510,20.4054
343,74,39,0,20.4054
343,74,40,0,20.4054
343,74,41,0,20.4054
343,74,42,0,20.4054
343,74,43,0,20.4054
343,74,44,0,20.4054
343,74,45,0,20.4054
343,74,46,0,20.4054
343,74,47,0,20.4054
343,74,48,0,20.4054
343,74,49,0,20.4054
343,74,50,0,20.4054
343,74,51,0,20.4054
343,74,52,0,20.4054
343,74,53,0,20.4054
343,74,54,0,20.4054
343,74,55,0,20.4054
343,74,56,0,20.4054
343,74,57,0,20.4054
343,74,58,0,20.4054
343,74,59,0,20.4054
343,74,60,0,20.4054
343,74,61,0,20.4054
343,74,62,0,20.4054
343,74,63,0,20.4054
343,75,0,0,20.1867
343,75,1,0,20.1867
343,75,2,0,20.1867
343,75,3,0,20.1867
343,75,4,0,20.1867
343,75,5,0,20.1867
343,75,6,0,20.1867
343,75,7,0,20.1867
343,75,8,0,20.1867
343,75,9,0,20.1867
343,75,10,0,20.1867
343,75,11,0,20.1867
343,75,12,0,20.1867
343,75,13,0,20.1867
343,75,14,0,20.1867
343,75,15,0,20.1867
343,75,16,0,20.1867
343,75,17,0,20.1867
343,75,18,0,20.1867
343,75,19,0,20.1867
343,75,20,0,20.1867
343,75,21,0,20.1867
343,75,22,0,20.1867
343,75,23,0,20.1867
343,75,24,0,20.1867
343,75,25,0,20.1867
343,75,26,0,20.1867
343,75,27,0,20.1867
343,75,28,0,20.1867
343,75,29,0,20.1867
343,75,30,0,20.1867
343,75,31,0,20.1867
343,75,32,0,20.1867
343,75,33,0,20.1867
343,75,34,0,20.1867
343,75,35,0,20.1867
343,75,36,0,20.1867
343,75,37,0,20.1867
343,75,38,1514,20.1867
343,75,39,0,20.1867
343,75,40,0,20.1867
343,75,41,0,20.1867
343,75,42,0,20.1867
343,75,43,0,20.1867
343,75,44,0,20.1867
343,75,45,0,20.1867
343,75,46,0,20.1867
343,75,47,0,20.1867
343,75,48,0,20.1867
343,75,49,0,20.1867
343,75,50,0,20.1867
343,75,51,0,20.1867
343,75,52,0,20.1867
343,75,53,0,20.1867
343,75,54,0,20.1867
343,75,55,0,20.1867
343,75,56,0,20.1867
343,75,57,0,20.1867
343,75,58,0,20.1867
343,75,59,0,20.1867
343,75,60,0,20.1867
343,75,61,0,20.1867
343,75,62,0,20.1867
343,75,63,0,20.1867
343,76,0,0,20.3421
343,76,1,0,20.3421
343,76,2,0,20.3421
343,76,3,0,20.3421
343,76,4,0,20.3421
343,76,5,0,20.3421
343,76,6,0,20.3421
343,76,7,0,20.3421
343,76,8,0,20.3421
343,76,9,0,20.3421
343,76,10,0,20.3421
343,76,11,0,20.3421
343,76,12,0,20.3421
343,76,13,0,20.3421
343,76,14,0,20.3421
343,76,15,0,20.3421
343,76,16,0,20.3421
343,76,17,0,20.3421
343,76,18,0,20.3421
343,76,19,0,20.3421
343,76,20,0,20.3421
343,76,21,0,20.3421
343,76,22,0,20.3421
343,76,23,0,20.3421
343,76,24,0,20.3421
343,76,25,0,20.3421
343,76,26,0,20.3421
343,76,27,0,20.3421
343,76,28,0,20.3421
343,76,29,0,20.3421
343,76,30,0,20.3421
343,76,31,0,20.3421
343,76,32,0,20.3421
343,76,33,0,20.3421
343,76,34,0,20.3421
343,76,35,0,20.3421
343,76,36,0,20.3421
343,76,37,0,20.3421
343,76,38,1546,20.3421
343,76,39,0,20.3421
343,76,40,0,20.3421
343,76,41,0,20.3421
343,76,42,0,20.3421
343,76,43,0,20.3421
343,76,44,0,20.3421
343,76,45,0,20.3421
343,76,46,0,20.3421
343,76,47,0,20.3421
343,76,48,0,20.3421
343,76,49,0,20.3421
343,76,50,0,20.3421
343,76,51,0,20.3421
343,76,52,0,20.3421
343,76,53,0,20.3421
343,76,54,0,20.3421
343,76,55,0,20.3421
343,76,56,0,20.3421
343,76,57,0,20.3421
343,76,58,0,20.3421
343,76,59,0,20.3421
343,76,60,0,20.3421
343,76,61,0,20.3421
343,76,62,0,20.3421
343,76,63,0,20.3421
343,77,0,0,20.1688
343,77,1,0,20.1688
343,77,2,0,20.1688
343,77,3,0,20.1688
343,77,4,0,20.1688
343,77,5,0,20.1688
343,77,6,0,20.1688
343,77,7,0,20.1688
343,77,8,0,20.1688
343,77,9,0,20.1688
343,77,10,0,20.1688
343,77,11,0,20.1688
343,77,12,0,20.1688
343,77,13,0,20.1688
343,77,14,0,20.1688
343,77,15,0,20.1688
343,77,16,0,20.1688
343,77,17,0,20.1688
343,77,18,0,20.1688
343,77,19,0,20.1688
343,77,20,0,20.1688
343,77,21,0,20.1688
343,77,22,0,20.1688
343,77,23,0,20.1688
343,77,24,0,20.1688
343,77,25,0,20.1688
343,77,26,0,20.1688
343,77,27,0,20.1688
343,77,28,0,20.1688
343,77,29,0,20.1688
343,77,30,0,20.1688
343,77,31,0,20.1688
343,77,32,0,20.1688
343,77,33,0,20.1688
343,77,34,0,20.1688
343,77,35,0,20.1688
343,77,36,0,20.1688
343,77,37,0,20.1688
343,77,38,1553,20.1688
343,77,39,0,20.1688
343,77,40,0,20.1688
343,77,41,0,20.1688
343,77,42,0,20.1688
343,77,43,0,20.1688
343,77,44,0,20.1688
343,77,45,0,20.1688
343,77,46,0,20.1688
343,77,47,0,20.1688
343,77,48,0,20.1688
343,77,49,0,20.1688
343,77,50,0,20.1688
343,77,51,0,20.1688
343,77,52,0,20.1688
343,77,53,0,20.1688
343,77,54,0,20.1688
343,77,55,0,20.1688
343,77,56,0,20.1688
343,77,57,0,20.1688
343,77,58,0,20.1688
343,77,59,0,20.1688
343,77,60,0,20.1688
343,77,61,0,20.1688
343,77,62,0,20.1688
343,77,63,0,20.1688
343,78,0,0,20.3205
343,78,1,0,20.3205
343,78,2,0,20.3205
343,78,3,0,20.3205
343,78,4,0,20.3205
343,78,5,0,20.3205
343,78,6,0,20.3205
343,78,7,0,20.3205
343,78,8,0,20.3205
343,78,9,0,20.3205
343,78,10,0,20.3205
343,78,11,0,20.3205
343,78,12,0,20.3205
343,78,13,0,20.3205
343,78,14,0,20.3205
343,78,15,0,20.3205
343,78,16,0,20.3205
343,78,17,0,20.3205
343,78,18,0,20.3205
343,78,19,0,20.3205
343,78,20,0,20.3205
343,78,21,0,20.3205
343,78,22,0,20.3205
343,78,23,0,20.3205
343,78,24,0,20.3205
343,78,25,0,20.3205
343,78,26,0,20.3205
343,78,27,0,20.3205
343,78,28,0,20.3205
343,78,29,0,20.3205
343,78,30,0,20.3205
343,78,31,0,20.3205
343,78,32,0,20.3205
343,78,33,0,20.3205
343,78,34,0,20.3205
343,78,35,0,20.3205
343,78,36,0,20.3205
343,78,37,0,20.3205
343,78,38,1585,20.3205
343,78,39,0,20.3205
343,78,40,0,20.3205
343,78,41,0,20.3205
343,78,42,0,20.3205
343,78,43,0,20.3205
343,78,44,0,20.3205
343,78,45,0,20.3205
343,78,46,0,20.3205
343,78,47,0,20.3205
343,78,48,0,20.3205
343,78,49,0,20.3205
343,78,50,0,20.3205
343,78,51,0,20.3205
343,78,52,0,20.3205
343,78,53,0,20.3205
343,78,54,0,20.3205
343,78,55,0,20.3205
343,78,56,0,20.3205
343,78,57,0,20.3205
343,78,58,0,20.3205
343,78,59,0,20.3205
343,78,60,0,20.3205
343,78,61,0,20.3205
343,78,62,0,20.3205
343,78,63,0,20.3205
343,79,0,0,20.3418
343,79,1,0,20.3418
343,79,2,0,20.3418
343,79,3,0,20.3418
343,79,4,0,20.3418
343,79,5,0,20.3418
343,79,6,0,20.3418
343,79,7,0,20.3418
343,79,8,0,20.3418
343,79,9,0,20.3418
343,79,10,0,20.3418
343,79,11,0,20.3418
343,79,12,0,20.3418
343,79,13,0,20.3418
343,79,14,0,20.3418
343,79,15,0,20.3418
343,79,16,0,20.3418
343,79,17,0,20.3418
343,79,18,0,20.3418
343,79,19,0,20.3418
343,79,20,0,20.3418
343,79,21,0,20.3418
343,79,22,0,20.3418
343,79,23,0,20.3418
343,79,24,0,20.3418
343,79,25,0,20.3418
343,79,26,0,20.3418
343,79,27,0,20.3418
343,79,28,0,20.3418
343,79,29,0,20.3418
343,79,30,0,20.3418
343,79,31,0,20.3418
343,79,32,0,20.3418
343,79,33,0,20.3418
343,79,34,0,20.3418
343,79,35,0,20.3418
343,79,36,0,20.3418
343,79,37,0,20.3418
343,79,38,1607,20.3418
343,79,39,0,20.3418
343,79,40,0,20.3418
343,79,41,0,20.3418
343,79,42,0,20.3418
343,79,43,0,20.3418
343,79,44,0,20.3418
343,79,45,0,20.3418
343,79,46,0,20.3418
343,79,47,0,20.3418
343,79,48,0,20.3418
343,79,49,0,20.3418
343,79,50,0,20.3418
343,79,51,0,20.3418
343,79,52,0,20.3418
343,79,53,0,20.3418
343,79,54,0,20.3418
343,79,55,0,20.3418
343,79,56,0,20.3418
343,79,57,0,20.3418
343,79,58,0,20.3418
343,79,59,0,20.3418
343,79,60,0,20.3418
343,79,61,0,20.3418
343,79,62,0,20.3418
343,79,63,0,20.3418
343,80,0,0,20.2625
343,80,1,0,20.2625
343,80,2,0,20.2625
343,80,3,0,20.2625
343,80,4,0,20.2625
343,80,5,0,20.2625
343,80,6,0,20.2625
343,80,7,0,20.2625
343,80,8,0,20.2625
343,80,9,0,20.2625
343,80,10,0,20.2625
343,80,11,0,20.2625
343,80,12,0,20.2625
343,80,13,0,20.2625
343,80,14,0,20.2625
343,80,15,0,20.2625
343,80,16,0,20.2625
343,80,17,0,20.2625
343,80,18,0,20.2625
343,80,19,0,20.2625
343,80,20,0,20.2625
343,80,21,0,20.2625
343,80,22,0,20.2625
343,80,23,0,20.2625
343,80,24,0,20.2625
343,80,25,0,20.2625
343,80,26,0,20.2625
343,80,27,0,20.2625
343,80,28,0,20.2625
343,80,29,0,20.2625
343,80,30,0,20.2625
343,80,31,0,20.2625
343,80,32,0,20.2625
343,80,33,0,20.2625
343,80,34,0,20.2625
343,80,35,0,20.2625
343,80,36,0,20.2625
343,80,37,0,20.2625
343,80,38,1621,20.2625
343,80,39,0,20.2625
343,80,40,0,20.2625
343,80,41,0,20.2625
343,80,42,0,20.2625
343,80,43,0,20.2625
343,80,44,0,20.2625
343,80,45,0,20.2625
343,80,46,0,20.2625
343,80,47,0,20.2625
343,80,48,0,20.2625
343,80,49,0,20.2625
343,80,50,0,20.2625
343,80,51,0,20.2625
343,80,52,0,20.2625
343,80,53,0,20.2625
343,80,54,0,20.2625
343,80,55,0,20.2625
343,80,56,0,20.2625
343,80,57,0,20.2625
343,80,58,0,20.2625
343,80,59,0,20.2625
343,80,60,0,20.2625
343,80,61,0,20.2625
343,80,62,0,20.2625
343,80,63,0,20.2625
343,81,0,0,20.1111
343,81,1,0,20.1111
343,81,2,0,20.1111
343,81,3,0,20.1111
343,81,4,0,20.1111
343,81,5,0,20.1111
343,81,6,0,20.1111
343,81,7,0,20.1111
343,81,8,0,20.1111
343,81,9,0,20.1111
343,81,10,0,20.1111
343,81,11,0,20.1111
343,81,12,0,20.1111
343,81,13,0,20.1111
343,81,14,0,20.1111
343,81,15,0,20.1111
343,81,16,0,20.1111
343,81,17,0,20.1111
343,81,18,0,20.1111
343,81,19,0,20.1111
343,81,20,0,20.1111
343,81,21,0,20.1111
343,81,22,0,20.1111
343,81,23,0,20.1111
343,81,24,0,20.1111
343,81,25,0,20.1111
343,81,26,0,20.1111
343,81,27,0,20.1111
343,81,28,0,20.1111
343,81,29,0,20.1111
343,81,30,0,20.1111
343,81,31,0,20.1111
343,81,32,0,20.1111
343,81,33,0,20.1111
343,81,34,0,20.1111
343,81,35,0,20.1111
343,81,36,0,20.1111
343,81,37,0,20.1111
343,81,38,1629,20.1111
343,81,39,0,20.1111
343,81,40,0,20.1111
343,81,41,0,20.1111
343,81,42,0,20.1111
343,81,43,0,20.1111
343,81,44,0,20.1111
343,81,45,0,20.1111
343,81,46,0,20.1111
343,81,47,0,20.1111
343,81,48,0,20.1111
343,81,49,0,20.1111
343,81,50,0,20.1111
343,81,51,0,20.1111
343,81,52,0,20.1111
343,81,53,0,20.1111
343,81,54,0,20.1111
343,81,55,0,20.1111
343,81,56,0,20.1111
343,81,57,0,20.1111
343,81,58,0,20.1111
343,81,59,0,20.1111
343,81,60,0,20.1111
343,81,61,0,20.1111
343,81,62,0,20.1111
343,81,63,0,20.1111
343,82,0,0,20.0854
343,82,1,0,20.0854
343,82,2,0,20.0854
343,82,3,0,20.0854
343,82,4,0,20.0854
343,82,5,0,20.0854
343,82,6,0,20.0854
343,82,7,0,20.0854
343,82,8,0,20.0854
343,82,9,0,20.0854
343,82,10,0,20.0854
343,82,11,0,20.0854
343,82,12,0,20.0854
343,82,13,0,20.0854
343,82,14,0,20.0854
343,82,15,0,20.0854
343,82,16,0,20.0854
343,82,17,0,20.0854
343,82,18,0,20.0854
343,82,19,0,20.0854
343,82,20,0,20.0854
343,82,21,0,20.0854
343,82,22,0,20.0854
343,82,23,0,20.0854
343,82,24,0,20.0854
343,82,25,0,20.0854
343,82,26,0,20.0854
343,82,27,0,20.0854
343,82,28,0,20.0854
343,82,29,0,20.0854
343,82,30,0,20.0854
343,82,31,0,20.0854
343,82,32,0,20.0854
343,82,33,0,20.0854
343,82,34,0,20.0854
343,82,35,0,20.0854
343,82,36,0,20.0854
343,82,37,0,20.0854
343,82,38,1647,20.0854
343,82,39,0,20.0854
343,82,40,0,20.0854
343,82,41,0,20.0854
343,82,42,0,20.0854
343,82,43,0,20.0854
343,82,44,0,20.0854
343,82,45,0,20.0854
343,82,46,0,20.0854
343,82,47,0,20.0854
343,82,48,0,20.0854
343,82,49,0,20.0854
343,82,50,0,20.0854
343,82,51,0,20.0854
343,82,52,0,20.0854
343,82,53,0,20.0854
343,82,54,0,20.0854
343,82,55,0,20.0854
343,82,56,0,20.0854
343,82,57,0,20.0854
343,82,58,0,20.0854
343,82,59,0,20.0854
343,82,60,0,20.0854
343,82,61,0,20.0854
343,82,62,0,20.0854
343,82,63,0,20.0854
343,83,0,0,19.988
343,83,1,0,19.988
343,83,2,0,19.988
343,83,3,0,19.988
343,83,4,0,19.988
343,83,5,0,19.988
343,83,6,0,19.988
343,83,7,0,19.988
343,83,8,0,19.988
343,83,9,0,19.988
343,83,10,0,19.988
343,83,11,0,19.988
343,83,12,0,19.988
343,83,13,0,19.988
343,83,14,0,19.988
343,83,15,0,19.988
343,83,16,0,19.988
343,83,17,0,19.988
343,83,18,0,19.988
343,83,19,0,19.988
343,83,20,0,19.988
343,83,21,0,19.988
343,83,22,0,19.988
343,83,23,0,19.988
343,83,24,0,19.988
343,83,25,0,19.988
343,83,26,0,19.988
343,83,27,0,19.988
343,83,28,0,19.988
343,83,29,0,19.988
343,83,30,0,19.988
343,83,31,0,19.988
343,83,32,0,19.988
343,83,33,0,19.988
343,83,34,0,19.988
343,83,35,0,19.988
343,83,36,0,19.988
343,83,37,0,19.988
343,83,38,1659,19.988
343,83,39,0,19.988
343,83,40,0,19.988
343,83,41,0,19.988
343,83,42,0,19.988
343,83,43,0,19.988
343,83,44,0,19.988
343,83,45,0,19.988
343,83,46,0,19.988
343,83,47,0,19.988
343,83,48,0,19.988
343,83,49,0,19.988
343,83,50,0,19.988
343,83,51,0,19.988
343,83,52,0,19.988
343,83,53,0,19.988
343,83,54,0,19.988
343,83,55,0,19.988
343,83,56,0,19.988
343,83,57,0,19.988
343,83,58,0,19.988
343,83,59,0,19.988
343,83,60,0,19.988
343,83,61,0,19.988
343,83,62,0,19.988
343,83,63,0,19.988
343,84,0,0,19.7976
343,84,1,0,19.7976
343,84,2,0,19.7976
343,84,3,0,19.7976
343,84,4,0,19.7976
343,84,5,0,19.7976
343,84,6,0,19.7976
343,84,7,0,19.7976
343,84,8,0,19.7976
343,84,9,0,19.7976
343,84,10,0,19.7976
343,84,11,0,19.7976
343,84,12,0,19.7976
343,84,13,0,19.7976
343,84,14,0,19.7976
343,84,15,0,19.7976
343,84,16,0,19.7976
343,84,17,0,19.7976
343,84,18,0,19.7976
343,84,19,0,19.7976
343,84,20,0,19.7976
343,84,21,0,19.7976
343,84,22,0,19.7976
343,84,23,0,19.7976
343,84,24,0,19.7976
343,84,25,0,19.7976
343,84,26,0,19.7976
343,84,27,0,19.7976
343,84,28,0,19.7976
343,84,29,0,19.7976
343,84,30,0,19.7976
343,84,31,0,19.7976
343,84,32,0,19.7976
343,84,33,0,19.7976
343,84,34,0,19.7976
343,84,35,0,19.7976
343,84,36,0,19.7976
343,84,37,0,19.7976
343,84,38,1663,19.7976
343,84,39,0,19.7976
343,84,40,0,19.7976
343,84,41,0,19.7976
343,84,42,0,19.7976
343,84,43,0,19.7976
343,84,44,0,19.7976
343,84,45,0,19.7976
343,84,46,0,19.7976
343,84,47,0,19.7976
343,84,48,0,19.7976
343,84,49,0,19.7976
343,84,50,0,19.7976
343,84,51,0,19.7976
343,84,52,0,19.7976
343,84,53,0,19.7976
343,84,54,0,19.7976
343,84,55,0,19.7976
343,84,56,0,19.7976
343,84,57,0,19.7976
343,84,58,0,19.7976
343,84,59,0,19.7976
343,84,60,0,19.7976
343,84,61,0,19.7976
343,84,62,0,19.7976
343,84,63,0,19.7976
343,85,0,0,19.6235
343,85,1,0,19.6235
343,85,2,0,19.6235
343,85,3,0,19.6235
343,85,4,0,19.6235
343,85,5,0,19.6235
343,85,6,0,19.6235
343,85,7,0,19.6235
343,85,8,0,19.6235
343,85,9,0,19.6235
343,85,10,0,19.6235
343,85,11,0,19.6235
343,85,12,0,19.6235
343,85,13,0,19.6235
343,85,14,0,19.6235
343,85,15,0,19.6235
343,85,16,0,19.6235
343,85,17,0,19.6235
343,85,18,0,19.6235
343,85,19,0,19.6235
343,85,20,0,19.6235
343,85,21,0,19.6235
343,85,22,0,19.6235
343,85,23,0,19.6235
343,85,24,0,19.6235
343,85,25,0,19.6235
343,85,26,0,19.6235
343,85,27,0,19.6235
343,85,28,0,19.6235
343,85,29,0,19.6235
343,85,30,0,19.6235
343,85,31,0,19.6235
343,85,32,0,19.6235
343,85,33,0,19.6235
343,85,34,0,19.6235
343,85,35,0,19.6235
343,85,36,0,19.6235
343,85,37,0,19.6235
343,85,38,1668,19.6235
343,85,39,0,19.6235
343,85,40,0,19.6235
343,85,41,0,19.6235
343,85,42,0,19.6235
343,85,43,0,19.6235
343,85,44,0,19.6235
343,85,45,0,19.6235
343,85,46,0,19.6235
343,85,47,0,19.6235
343,85,48,0,19.6235
343,85,49,0,19.6235
343,85,50,0,19.6235
343,85,51,0,19.6235
343,85,52,0,19.6235
343,85,53,0,19.6235
343,85,54,0,19.6235
343,85,55,0,19.6235
343,85,56,0,19.6235
343,85,57,0,19.6235
343,85,58,0,19.6235
343,85,59,0,19.6235
343,85,60,0,19.6235
343,85,61,0,19.6235
343,85,62,0,19.6235
343,85,63,0,19.6235
343,86,0,0,19.4767
343,86,1,0,19.4767
343,86,2,0,19.4767
343,86,3,0,19.4767
343,86,4,0,19.4767
343,86,5,0,19.4767
343,86,6,0,19.4767
343,86,7,0,19.4767
343,86,8,0,19.4767
343,86,9,0,19.4767
343,86,10,0,19.4767
343,86,11,0,19.4767
343,86,12,0,19.4767
343,86,13,0,19.4767
343,86,14,0,19.4767
343,86,15,0,19.4767
343,86,16,0,19.4767
343,86,17,0,19.4767
343,86,18,0,19.4767
343,86,19,0,19.4767
343,86,20,0,19.4767
343,86,21,0,19.4767
343,86,22,0,19.4767
343,86,23,0,19.4767
343,86,24,0,19.4767
343,86,25,0,19.4767
343,86,26,0,19.4767
343,86,27,0,19.4767
343,86,28,0,19.4767
343,86,29,0,19.4767
343,86,30,0,19.4767
343,86,31,0,19.4767
343,86,32,0,19.4767
343,86,33,0,19.4767
343,86,34,0,19.4767
343,86,35,0,19.4767
343,86,36,0,19.4767
343,86,37,0,19.4767
343,86,38,1675,19.4767
343,86,39,0,19.4767
343,86,40,0,19.4767
343,86,41,0,19.4767
343,86,42,0,19.4767
343,86,43,0,19.4767
343,86,44,0,19.4767
343,86,45,0,19.4767
343,86,46,0,19.4767
343,86,47,0,19.4767
343,86,48,0,19.4767
343,86,49,0,19.4767
343,86,50,0,19.4767
343,86,51,0,19.4767
343,86,52,0,19.4767
343,86,53,0,19.4767
343,86,54,0,19.4767
343,86,55,0,19.4767
343,86,56,0,19.4767
343,86,57,0,19.4767
343,86,58,0,19.4767
343,86,59,0,19.4767
343,86,60,0,19.4767
343,86,61,0,19.4767
343,86,62,0,19.4767
343,86,63,0,19.4767
343,87,0,0,19.3103
343,87,1,0,19.3103
343,87,2,0,19.3103
343,87,3,0,19.3103
343,87,4,0,19.3103
343,87,5,0,19.3103
343,87,6,0,19.3103
343,87,7,0,19.3103
343,87,8,0,19.3103
343,87,9,0,19.3103
343,87,10,0,19.3103
343,87,11,0,19.3103
343,87,12,0,19.3103
343,87,13,0,19.3103
343,87,14,0,19.3103
343,87,15,0,19.3103
343,87,16,0,19.3103
343,87,17,0,19.3103
343,87,18,0,19.3103
343,87,19,0,19.3103
343,87,20,0,19.3103
343,87,21,0,19.3103
343,87,22,0,19.3103
343,87,23,0,19.3103
343,87,24,0,19.3103
343,87,25,0,19.3103
343,87,26,0,19.3103
343,87,27,0,19.3103
343,87,28,0,19.3103
343,87,29,0,19.3103
343,87,30,0,19.3103
343,87,31,0,19.3103
343,87,32,0,19.3103
343,87,33,0,19.3103
343,87,34,0,19.3103
343,87,35,0,19.3103
343,87,36,0,19.3103
343,87,37,0,19.3103
343,87,38,1680,19.3103
343,87,39,0,19.3103
343,87,40,0,19.3103
343,87,41,0,19.3103
343,87,42,0,19.3103
343,87,43,0,19.3103
343,87,44,0,19.3103
343,87,45,0,19.3103
343,87,46,0,19.3103
343,87,47,0,19.3103
343,87,48,0,19.3103
343,87,49,0,19.3103
343,87,50,0,19.3103
343,87,51,0,19.3103
343,87,52,0,19.3103
343,87,53,0,19.3103
343,87,54,0,19.3103
343,87,55,0,19.3103
343,87,56,0,19.3103
343,87,57,0,19.3103
343,87,58,0,19.3103
343,87,59,0,19.3103
343,87,60,0,19.3103
343,87,61,0,19.3103
343,87,62,0,19.3103
343,87,63,0,19.3103
343,88,0,0,19.2727
343,88,1,0,19.2727
343,88,2,0,19.2727
343,88,3,0,19.2727
343,88,4,0,19.2727
343,88,5,0,19.2727
343,88,6,0,19.2727
343,88,7,0,19.2727
343,88,8,0,19.2727
343,88,9,0,19.2727
343,88,10,0,19.2727
343,88,11,0,19.2727
343,88,12,0,19.2727
343,88,13,0,19.2727
343,88,14,0,19.2727
343,88,15,0,19.2727
343,88,16,0,19.2727
343,88,17,0,19.2727
343,88,18,0,19.2727
343,88,19,0,19.2727
343,88,20,0,19.2727
343,88,21,0,19.2727
343,88,22,0,19.2727
343,88,23,0,19.2727
343,88,24,0,19.2727
343,88,25,0,19.2727
343,88,26,0,19.2727
343,88,27,0,19.2727
343,88,28,0,19.2727
343,88,29,0,19.2727
343,88,30,0,19.2727
343,88,31,0,19.2727
343,88,32,0,19.2727
343,88,33,0,19.2727
343,88,34,0,19.2727
343,88,35,0,19.2727
343,88,36,0,19.2727
343,88,37,0,19.2727
343,88,38,1696,19.2727
343,88,39,0,19.2727
343,88,40,0,19.2727
343,88,41,0,19.2727
343,88,42,0,19.2727
343,88,43,0,19.2727
343,88,44,0,19.2727
343,88,45,0,19.2727
343,88,46,0,19.2727
343,88,47,0,19.2727
343,88,48,0,19.2727
343,88,49,0,19.2727
343,88,50,0,19.2727
343,88,51,0,19.2727
343,88,52,0,19.2727
343,88,53,0,19.2727
343,88,54,0,19.2727
343,88,55,0,19.2727
343,88,56,0,19.2727
343,88,57,0,19.2727
343,88,58,0,19.2727
343,88,59,0,19.2727
343,88,60,0,19.2727
343,88,61,0,19.2727
343,88,62,0,19.2727
343,88,63,0,19.2727
343,89,0,0,19.2135
343,89,1,0,19.2135
343,89,2,0,19.2135
343,89,3,0,19.2135
343,89,4,0,19.2135
343,89,5,0,19.2135
343,89,6,0,19.2135
343,89,7,0,19.2135
343,89,8,0,19.2135
343,89,9,0,19.2135
343,89,10,0,19.2135
343,89,11,0,19.2135
343,89,12,0,19.2135
343,89,13,0,19.2135
343,89,14,0,19.2135
343,89,15,0,19.2135
343,89,16,0,19.2135
343,89,17,0,19.2135
343,89,18,0,19.2135
343,89,19,0,19.2135
343,89,20,0,19.2135
343,89,21,0,19.2135
343,89,22,0,19.2135
343,89,23,0,19.2135
343,89,24,0,19.2135
343,89,25,0,19.2135
343,89,26,0,19.2135
343,89,27,0,19.2135
343,89,28,0,19.2135
343,89,29,0,19.2135
343,89,30,0,19.2135
343,89,31,0,19.2135
343,89,32,0,19.2135
343,89,33,0,19.2135
343,89,34,0,19.2135
343,89,35,0,19.2135
343,89,36,0,19.2135
343,89,37,0,19.2135
343,89,38,1710,19.2135
343,89,39,0,19.2135
343,89,40,0,19.2135
343,89,41,0,19.2135
343,89,42,0,19.2135
343,89,43,0,19.2135
343,89,44,0,19.2135
343,89,45,0,19.2135
343,89,46,0,19.2135
343,89,47,0,19.2135
343,89,48,0,19.2135
343,89,49,0,19.2135
343,89,50,0,19.2135
343,89,51,0,19.2135
343,89,52,0,19.2135
343,89,53,0,19.2135
343,89,54,0,19.2135
343,89,55,0,19.2135
343,89,56,0,19.2135
343,89,57,0,19.2135
343,89,58,0,19.2135
343,89,59,0,19.2135
343,89,60,0,19.2135
343,89,61,0,19.2135
343,89,62,0,19.2135
343,89,63,0,19.2135
343,90,0,0,19.0444
343,90,1,0,19.0444
343,90,2,0,19.0444
343,90,3,0,19.0444
343,90,4,0,19.0444
343,90,5,0,19.0444
343,90,6,0,19.0444
343,90,7,0,19.0444
343,90,8,0,19.0444
343,90,9,0,19.0444
343,90,10,0,19.0444
343,90,11,0,19.0444
343,90,12,0,19.0444
343,90,13,0,19.0444
343,90,14,0,19.0444
343,90,15,0,19.0444
343,90,16,0,19.0444
343,90,17,0,19.0444
343,90,18,0,19.0444
343,90,19,0,19.0444
343,90,20,0,19.0444
343,90,21,0,19.0444
343,90,22,0,19.0444
343,90,23,0,19.0444
343,90,24,0,19.0444
343,90,25,0,19.0444
343,90,26,0,19.0444
343,90,27,0,19.0444
343,90,28,0,19.0444
343,90,29,0,19.0444
343,90,30,0,19.0444
343,90,31,0,19.0444
343,90,32,0,19.0444
343,90,33,0,19.0444
343,90,34,0,19.0444
343,90,35,0,19.0444
343,90,36,0,19.0444
343,90,37,0,19.0444
343,90,38,1714,19.0444
343,90,39,0,19.0444
343,90,40,0,19.0444
343,90,41,0,19.0444
343,90,42,0,19.0444
343,90,43,0,19.0444
343,90,44,0,19.0444
343,90,45,0,19.0444
343,90,46,0,19.0444
343,90,47,0,19.0444
343,90,48,0,19.0444
343,90,49,0,19.0444
343,90,50,0,19.0444
343,90,51,0,19.0444
343,90,52,0,19.0444
343,90,53,0,19.0444
343,90,54,0,19.0444
343,90,55,0,19.0444
343,90,56,0,19.0444
343,90,57,0,19.0444
343,90,58,0,19.0444
343,90,59,0,19.0444
343,90,60,0,19.0444
343,90,61,0,19.0444
343,90,62,0,19.0444
343,90,63,0,19.0444
343,91,0,0,18.8681
343,91,1,0,18.8681
343,91,2,0,18.8681
343,91,3,0,18.8681
343,91,4,0,18.8681
343,91,5,0,18.8681
343,91,6,0,18.8681
343,91,7,0,18.8681
343,91,8,0,18.8681
343,91,9,0,18.8681
343,91,10,0,18.8681
343,91,11,0,18.8681
343,91,12,0,18.8681
343,91,13,0,18.8681
343,91,14,0,18.8681
343,91,15,0,18.8681
343,91,16,0,18.8681
343,91,17,0,18.8681
343,91,18,0,18.8681
343,91,19,0,18.8681
343,91,20,0,18.8681
343,91,21,0,18.8681
343,91,22,0,18.8681
343,91,23,0,18.8681
343,91,24,0,18.8681
343,91,25,0,18.8681
343,91,26,0,18.8681
343,91,27,0,18.8681
343,91,28,0,18.8681
343,91,29,0,18.8681
343,91,30,0,18.8681
343,91,31,0,18.8681
343,91,32,0,18.8681
343,91,33,0,18.8681
343,91,34,0,18.8681
343,91,35,0,18.8681
343,91,36,0,18.8681
343,91,37,0,18.8681
343,91,38,1717,18.8681
343,91,39,0,18.8681
343,91,40,0,18.8681
343,91,41,0,18.8681
343,91,42,0,18.8681
343,91,43,0,18.8681
343,91,44,0,18.8681
343,91,45,0,18.8681
343,91,46,0,18.8681
343,91,47,0,18.8681
343,91,48,0,18.8681
343,91,49,0,18.8681
343,91,50,0,18.8681
343,91,51,0,18.8681
343,91,52,0,18.8681
343,91,53,0,18.8681
343,91,54,0,18.8681
343,91,55,0,18.8681
343,91,56,0,18.8681
343,91,57,0,18.8681
343,91,58,0,18.8681
343,91,59,0,18.8681
343,91,60,0,18.8681
343,91,61,0,18.8681
343,91,62,0,18.8681
343,91,63,0,18.8681
343,92,0,0,19.1957
343,92,1,0,19.1957
343,92,2,0,19.1957
343,92,3,0,19.1957
343,92,4,0,19.1957
343,92,5,0,19.1957
343,92,6,0,19.1957
343,92,7,0,19.1957
343,92,8,0,19.1957
343,92,9,0,19.1957
343,92,10,0,19.1957
343,92,11,0,19.1957
343,92,12,0,19.1957
343,92,13,0,19.1957
343,92,14,0,19.1957
343,92,15,0,19.1957
343,92,16,0,19.1957
343,92,17,0,19.1957
343,92,18,0,19.1957
343,92,19,0,19.1957
343,92,20,0,19.1957
343,92,21,0,19.1957
343,92,22,0,19.1957
343,92,23,0,19.1957
343,92,24,0,19.1957
343,92,25,0,19.1957
343,92,26,0,19.1957
343,92,27,0,19.1957
343,92,28,0,19.1957
343,92,29,0,19.1957
343,92,30,0,19.1957
343,92,31,0,19.1957
343,92,32,0,19.1957
343,92,33,0,19.1957
343,92,34,0,19.1957
343,92,35,0,19.1957
343,92,36,0,19.1957
343,92,37,0,19.1957
343,92,38,1766,19.1957
343,92,39,0,19.1957
343,92,40,0,19.1957
343,92,41,0,19.1957
343,92,42,0,19.1957
343,92,43,0,19.1957
343,92,44,0,19.1957
343,92,45,0,19.1957
343,92,46,0,19.1957
343,92,47,0,19.1957
343,92,48,0,19.1957
343,92,49,0,19.1957
343,92,50,0,19.1957
343,92,51,0,19.1957
343,92,52,0,19.1957
343,92,53,0,19.1957
343,92,54,0,19.1957
343,92,55,0,19.1957
343,92,56,0,19.1957
343,92,57,0,19.1957
343,92,58,0,19.1957
343,92,59,0,19.1957
343,92,60,0,19.1957
343,92,61,0,19.1957
343,92,62,0,19.1957
343,92,63,0,19.1957
343,93,0,0,19.3011
343,93,1,0,19.3011
343,93,2,0,19.3011
343,93,3,0,19.3011
343,93,4,0,19.3011
343,93,5,0,19.3011
343,93,6,0,19.3011
343,93,7,0,19.3011
343,93,8,0,19.3011
343,93,9,0,19.3011
343,93,10,0,19.3011
343,93,11,0,19.3011
343,93,12,0,19.3011
343,93,13,0,19.3011
343,93,14,0,19.3011
343,93,15,0,19.3011
343,93,16,0,19.3011
343,93,17,0,19.3011
343,93,18,0,19.3011
343,93,19,0,19.3011
343,93,20,0,19.3011
343,93,21,0,19.3011
343,93,22,0,19.3011
343,93,23,0,19.3011
343,93,24,0,19.3011
343,93,25,0,19.3011
343,93,26,0,19.3011
343,93,27,0,19.3011
343,93,28,0,19.3011
343,93,29,0,19.3011
343,93,30,0,19.3011
343,93,31,0,19.3011
343,93,32,0,19.3011
343,93,33,0,19.3011
343,93,34,0,19.3011
343,93,35,0,19.3011
343,93,36,0,19.3011
343,93,37,0,19.3011
343,93,38,1795,19.3011
343,93,39,0,19.3011
343,93,40,0,19.3011
343,93,41,0,19.3011
343,93,42,0,19.3011
343,93,43,0,19.3011
343,93,44,0,19.3011
343,93,45,0,19.3011
343,93,46,0,19.3011
343,93,47,0,19.3011
343,93,48,0,19.3011
343,93,49,0,19.3011
343,93,50,0,19.3011
343,93,51,0,19.3011
343,93,52,0,19.3011
343,93,53,0,19.3011
343,93,54,0,19.3011
343,93,55,0,19.3011
343,93,56,0,19.3011
343,93,57,0,19.3011
343,93,58,0,19.3011
343,93,59,0,19.3011
343,93,60,0,19.3011
343,93,61,0,19.3011
343,93,62,0,19.3011
343,93,63,0,19.3011
343,94,0,0,19.1915
343,94,1,0,19.1915
343,94,2,0,19.1915
343,94,3,0,19.1915
343,94,4,0,19.1915
343,94,5,0,19.1915
343,94,6,0,19.1915
343,94,7,0,19.1915
343,94,8,0,19.1915
343,94,9,0,19.1915
343,94,10,0,19.1915
343,94,11,0,19.1915
343,94,12,0,19.1915
343,94,13,0,19.1915
343,94,14,0,19.1915
343,94,15,0,19.1915
343,94,16,0,19.1915
343,94,17,0,19.1915
343,94,18,0,19.1915
343,94,19,0,19.1915
343,94,20,0,19.1915
343,94,21,0,19.1915
343,94,22,0,19.1915
343,94,23,0,19.1915
343,94,24,0,19.1915
343,94,25,0,19.1915
343,94,26,0,19.1915
343,94,27,0,19.1915
343,94,28,0,19.1915
343,94,29,0,19.1915
343,94,30,0,19.1915
343,94,31,0,19.1915
343,94,32,0,19.1915
343,94,33,0,19.1915
343,94,34,0,19.1915
343,94,35,0,19.1915
343,94,36,0,19.1915
343,94,37,0,19.1915
343,94,38,1804,19.1915
343,94,39,0,19.1915
343,94,40,0,19.1915
343,94,41,0,19.1915
343,94,42,0,19.1915
343,94,43,0,19.1915
343,94,44,0,19.1915
343,94,45,0,19.1915
343,94,46,0,19.1915
343,94,47,0,19.1915
343,94,48,0,19.1915
343,94,49,0,19.1915
343,94,50,0,19.1915
343,94,51,0,19.1915
343,94,52,0,19.1915
343,94,53,0,19.1915
343,94,54,0,19.1915
343,94,55,0,19.1915
343,94,56,0,19.1915
343,94,57,0,19.1915
343,94,58,0,19.1915
343,94,59,0,19.1915
343,94,60,0,19.1915
343,94,61,0,19.1915
343,94,62,0,19.1915
343,94,63,0,19.1915
343,95,0,0,19.0632
343,95,1,0,19.0632
343,95,2,0,19.0632
343,95,3,0,19.0632
343,95,4,0,19.0632
343,95,5,0,19.0632
343,95,6,0,19.0632
343,95,7,0,19.0632
343,95,8,0,19.0632
343,95,9,0,19.0632
343,95,10,0,19.0632
343,95,11,0,19.0632
343,95,12,0,19.0632
343,95,13,0,19.0632
343,95,14,0,19.0632
343,95,15,0,19.0632
343,95,16,0,19.0632
343,95,17,0,19.0632
343,95,18,0,19.0632
343,95,19,0,19.0632
343,95,20,0,19.0632
343,95,21,0,19.0632
343,95,22,0,19.0632
343,95,23,0,19.0632
343,95,24,0,19.0632
343,95,25,0,19.0632
343,95,26,0,19.0632
343,95,27,0,19.0632
343,95,28,0,19.0632
343,95,29,0,19.0632
343,95,30,0,19.0632
343,95,31,0,19.0632
343,95,32,0,19.0632
343,95,33,0,19.0632
343,95,34,0,19.0632
343,95,35,0,19.0632
343,95,36,0,19.0632
343,95,37,0,19.0632
343,95,38,1811,19.0632
343,95,39,0,19.0632
343,95,40,0,19.0632
343,95,41,0,19.0632
343,95,42,0,19.0632
343,95,43,0,19.0632
343,95,44,0,19.0632
343,95,45,0,19.0632
343,95,46,0,19.0632
343,95,47,0,19.0632
343,95,48,0,19.0632
343,95,49,0,19.0632
343,95,50,0,19.0632
343,95,51,0,19.0632
343,95,52,0,19.0632
343,95,53,0,19.0632
343,95,54,0,19.0632
343,95,55,0,19.0632
343,95,56,0,19.0632
343,95,57,0,19.0632
343,95,58,0,19.0632
343,95,59,0,19.0632
343,95,60,0,19.0632
343,95,61,0,19.0632
343,95,62,0,19.0632
343,95,63,0,19.0632
343,96,0,0,19.0208
343,96,1,0,19.0208
343,96,2,0,19.0208
343,96,3,0,19.0208
343,96,4,0,19.0208
343,96,5,0,19.0208
343,96,6,0,19.0208
343,96,7,0,19.0208
343,96,8,0,19.0208
343,96,9,0,19.0208
343,96,10,0,19.0208
343,96,11,0,19.0208
343,96,12,0,19.0208
343,96,13,0,19.0208
343,96,14,0,19.0208
343,96,15,0,19.0208
343,96,16,0,19.0208
343,96,17,0,19.0208
343,96,18,0,19.0208
343,96,19,0,19.0208
343,96,20,0,19.0208
343,96,21,0,19.0208
343,96,22,0,19.0208
343,96,23,0,19.0208
343,96,24,0,19.0208
343,96,25,0,19.0208
343,96,26,0,19.0208
343,96,27,0,19.0208
343,96,28,0,19.0208
343,96,29,0,19.0208
343,96,30,0,19.0208
343,96,31,0,19.0208
343,96,32,0,19.0208
343,96,33,0,19.0208
343,96,34,0,19.0208
343,96,35,0,19.0208
343,96,36,0,19.0208
343,96,37,0,19.0208
343,96,38,1826,19.0208
343,96,39,0,19.0208
343,96,40,0,19.0208
343,96,41,0,19.0208
343,96,42,0,19.0208
343,96,43,0,19.0208
343,96,44,0,19.0208
343,96,45,0,19.0208
343,96,46,0,19.0208
343,96,47,0,19.0208
343,96,48,0,19.0208
343,96,49,0,19.0208
343,96,50,0,19.0208
343,96,51,0,19.0208
343,96,52,0,19.0208
343,96,53,0,19.0208
343,96,54,0,19.0208
343,96,55,0,19.0208
343,96,56,0,19.0208
343,96,57,0,19.0208
343,96,58,0,19.0208
343,96,59,0,19.0208
343,96,60,0,19.0208
343,96,61,0,19.0208
343,96,62,0,19.0208
343,96,63,0,19.0208
343,97,0,0,19.0309
343,97,1,0,19.0309
343,97,2,0,19.0309
343,97,3,0,19.0309
343,97,4,0,19.0309
343,97,5,0,19.0309
343,97,6,0,19.0309
343,97,7,0,19.0309
343,97,8,0,19.0309
343,97,9,0,19.0309
343,97,10,0,19.0309
343,97,11,0,19.0309
343,97,12,0,19.0309
343,97,13,0,19.0309
343,97,14,0,19.0309
343,97,15,0,19.0309
343,97,16,0,19.0309
343,97,17,0,19.0309
343,97,18,0,19.0309
343,97,19,0,19.0309
343,97,20,0,19.0309
343,97,21,0,19.0309
343,97,22,0,19.0309
343,97,23,0,19.0309
343,97,24,0,19.0309
343,97,25,0,19.0309
343,97,26,0,19.0309
343,97,27,0,19.0309
343,97,28,0,19.0309
343,97,29,0,19.0309
343,97,30,0,19.0309
343,97,31,0,19.0309
343,97,32,0,19.0309
343,97,33,0,19.0309
343,97,34,0,19.0309
343,97,35,0,19.0309
343,97,36,0,19.0309
343,97,37,0,19.0309
343,97,38,1846,19.0309
343,97,39,0,19.0309
343,97,40,0,19.0309
343,97,41,0,19.0309
343,97,42,0,19.0309
343,97,43,0,19.0309
343,97,44,0,19.0309
343,97,45,0,19.0309
343,97,46,0,19.0309
343,97,47,0,19.0309
343,97,48,0,19.0309
343,97,49,0,19.0309
343,97,50,0,19.0309
343,97,51,0,19.0309
343,97,52,0,19.0309
343,97,53,0,19.0309
343,97,54,0,19.0309
343,97,55,0,19.0309
343,97,56,0,19.0309
343,97,57,0,19.0309
343,97,58,0,19.0309
343,97,59,0,19.0309
343,97,60,0,19.0309
343,97,61,0,19.0309
343,97,62,0,19.0309
343,97,63,0,19.0309
343,98,0,0,19.1531
343,98,1,0,19.1531
343,98,2,0,19.1531
343,98,3,0,19.1531
343,98,4,0,19.1531
343,98,5,0,19.1531
343,98,6,0,19.1531
343,98,7,0,19.1531
343,98,8,0,19.1531
343,98,9,0,19.1531
343,98,10,0,19.1531
343,98,11,0,19.1531
343,98,12,0,19.1531
343,98,13,0,19.1531
343,98,14,0,19.1531
343,98,15,0,19.1531
343,98,16,0,19.1531
343,98,17,0,19.1531
343,98,18,0,19.1531
343,98,19,0,19.1531
343,98,20,0,19.1531
343,98,21,0,19.1531
343,98,22,0,19.1531
343,98,23,0,19.1531
343,98,24,0,19.1531
343,98,25,0,19.1531
343,98,26,0,19.1531
343,98,27,0,19.1531
343,98,28,0,19.1531
343,98,29,0,19.1531
343,98,30,0,19.1531
343,98,31,0,19.1531
343,98,32,0,19.1531
343,98,33,0,19.1531
343,98,34,0,19.1531
343,98,35,0,19.1531
343,98,36,0,19.1531
343,98,37,0,19.1531
343,98,38,1877,19.1531
343,98,39,0,19.1531
343,98,40,0,19.1531
343,98,41,0,19.1531
343,98,42,0,19.1531
343,98,43,0,19.1531
343,98,44,0,19.1531
343,98,45,0,19.1531
343,98,46,0,19.1531
343,98,47,0,19.1531
343,98,48,0,19.1531
343,98,49,0,19.1531
343,98,50,0,19.1531
343,98,51,0,19.1531
343,98,52,0,19.1531
343,98,53,0,19.1531
343,98,54,0,19.1531
343,98,55,0,19.1531
343,98,56,0,19.1531
343,98,57,0,19.1531
343,98,58,0,19.1531
343,98,59,0,19.1531
343,98,60,0,19.1531
343,98,61,0,19.1531
343,98,62,0,19.1531
343,98,63,0,19.1531
343,99,0,0,19.0202
343,99,1,0,19.0202
343,99,2,0,19.0202
343,99,3,0,19.0202
343,99,4,0,19.0202
343,99,5,0,19.0202
343,99,6,0,19.0202
343,99,7,0,19.0202
343,99,8,0,19.0202
343,99,9,0,19.0202
343,99,10,0,19.0202
343,99,11,0,19.0202
343,99,12,0,19.0202
343,99,13,0,19.0202
343,99,14,0,19.0202
343,99,15,0,19.0202
343,99,16,0,19.0202
343,99,17,0,19.0202
343,99,18,0,19.0202
343,99,19,0,19.0202
343,99,20,0,19.0202
343,99,21,0,19.0202
343,99,22,0,19.0202
343,99,23,0,19.0202
343,99,24,0,19.0202
343,99,25,0,19.0202
343,99,26,0,19.0202
343,99,27,0,19.0202
343,99,28,0,19.0202
343,99,29,0,19.0202
343,99,30,0,19.0202
343,99,31,0,19.0202
343,99,32,0,19.0202
343,99,33,0,19.0202
343,99,34,0,19.0202
343,99,35,0,19.0202
343,99,36,0,19.0202
343,99,37,0,19.0202
343,99,38,1883,19.0202
343,99,39,0,19.0202
343,99,40,0,19.0202
343,99,41,0,19.0202
343,99,42,0,19.0202
343,99,43,0,19.0202
343,99,44,0,19.0202
343,99,45,0,19.0202
343,99,46,0,19.0202
343,99,47,0,19.0202
343,99,48,0,19.0202
343,99,49,0,19.0202
343,99,50,0,19.0202
343,99,51,0,19.0202
343,99,52,0,19.0202
343,99,53,0,19.0202
343,99,54,0,19.0202
343,99,55,0,19.0202
343,99,56,0,19.0202
343,99,57,0,19.0202
343,99,58,0,19.0202
343,99,59,0,19.0202
343,99,60,0,19.0202
343,99,61,0,19.0202
343,99,62,0,19.0202
343,99,63,0,19.0202
343,100,0,0,19.4
343,100,1,0,19.4
343,100,2,0,19.4
343,100,3,0,19.4
343,100,4,0,19.4
343,100,5,0,19.4
343,100,6,0,19.4
343,100,7,0,19.4
343,100,8,0,19.4
343,100,9,0,19.4
343,100,10,0,19.4
343,100,11,0,19.4
343,100,12,0,19.4
343,100,13,0,19.4
343,100,14,0,19.4
343,100,15,0,19.4
343,100,16,0,19.4
343,100,17,0,19.4
343,100,18,0,19.4
343,100,19,0,19.4
343,100,20,0,19.4
343,100,21,0,19.4
343,100,22,0,19.4
343,100,23,0,19.4
343,100,24,0,19.4
343,100,25,0,19.4
343,100,26,0,19.4
343,100,27,0,19.4
343,100,28,0,19.4
343,100,29,0,19.4
343,100,30,0,19.4
343,100,31,0,19.4
343,100,32,0,19.4
343,100,33,0,19.4
343,100,34,0,19.4
343,100,35,0,19.4
343,100,36,0,19.4
343,100,37,0,19.4
343,100,38,1940,19.4
343,100,39,0,19.4
343,100,40,0,19.4
343,100,41,0,19.4
343,100,42,0,19.4
343,100,43,0,19.4
343,100,44,0,19.4
343,100,45,0,19.4
343,100,46,0,19.4
343,100,47,0,19.4
343,100,48,0,19.4
343,100,49,0,19.4
343,100,50,0,19.4
343,100,51,0,19.4
343,100,52,0,19.4
343,100,53,0,19.4
343,100,54,0,19.4
343,100,55,0,19.4
343,100,56,0,19.4
343,100,57,0,19.4
343,100,58,0,19.4
343,100,59,0,19.4
343,100,60,0,19.4
343,100,61,0,19.4
343,100,62,0,19.4
343,100,63,0,19.4
361,1,0,0,29
361,1,1,0,29
361,1,2,0,29
361,1,3,0,29
361,1,4,0,29
361,1,5,0,29
361,1,6,0,29
361,1,7,0,29
361,1,8,0,29
361,1,9,0,29
361,1,10,0,29
361,1,11,0,29
361,1,12,0,29
361,1,13,0,29
361,1,14,0,29
361,1,15,0,29
361,1,16,0,29
361,1,17,0,29
361,1,18,0,29
361,1,19,0,29
361,1,20,0,29
361,1,21,0,29
361,1,22,0,29
361,1,23,0,29
361,1,24,0,29
361,1,25,0,29
361,1,26,0,29
361,1,27,0,29
361,1,28,0,29
361,1,29,0,29
361,1,30,0,29
361,1,31,0,29
361,1,32,0,29
361,1,33,29,29
361,1,34,0,29
361,1,35,0,29
361,1,36,0,29
361,1,37,0,29
361,1,38,0,29
361,1,39,0,29
361,1,40,0,29
361,1,41,0,29
361,1,42,0,29
361,1,43,0,29
361,1,44,0,29
361,1,45,0,29
361,1,46,0,29
361,1,47,0,29
361,1,48,0,29
361,1,49,0,29
361,1,50,0,29
361,1,51,0,29
361,1,52,0,29
361,1,53,0,29
361,1,54,0,29
361,1,55,0,29
361,1,56,0,29
361,1,57,0,29
361,1,58,0,29
361,1,59,0,29
361,1,60,0,29
361,1,61,0,29
361,1,62,0,29
361,1,63,0,29
361,2,0,0,22
361,2,1,0,22
361,2,2,0,22
361,2,3,0,22
361,2,4,0,22
361,2,5,0,22
361,2,6,0,22
361,2,7,0,22
361,2,8,0,22
361,2,9,0,22
361,2,10,0,22
361,2,11,0,22
361,2,12,0,22
361,2,13,0,22
361,2,14,0,22
361,2,15,0,22
361,2,16,0,22
361,2,17,0,22
361,2,18,0,22
361,2,19,0,22
361,2,20,0,22
361,2,21,0,22
361,2,22,0,22
361,2,23,0,22
361,2,24,0,22
361,2,25,0,22
361,2,26,0,22
361,2,27,0,22
361,2,28,0,22
361,2,29,0,22
361,2,30,0,22
361,2,31,0,22
361,2,32,0,22
361,2,33,44,22
361,2,34,0,22
361,2,35,0,22
361,2,36,0,22
361,2,37,0,22
361,2,38,0,22
361,2,39,0,22
361,2,40,0,22
361,2,41,0,22
361,2,42,0,22
361,2,43,0,22
361,2,44,0,22
361,2,45,0,22
361,2,46,0,22
361,2,47,0,22
361,2,48,0,22
361,2,49,0,22
361,2,50,0,22
361,2,51,0,22
361,2,52,0,22
361,2,53,0,22
361,2,54,0,22
361,2,55,0,22
361,2,56,0,22
361,2,57,0,22
361,2,58,0,22
361,2,59,0,22
361,2,60,0,22
361,2,61,0,22
361,2,62,0,22
361,2,63,0,22
361,3,0,0,18.3333
361,3,1,0,18.3333
361,3,2,0,18.3333
361,3,3,0,18.3333
361,3,4,0,18.3333
361,3,5,0,18.3333
361,3,6,0,18.3333
361,3,7,0,18.3333
361,3,8,0,18.3333
361,3,9,0,18.3333
361,3,10,0,18.3333
361,3,11,0,18.3333
361,3,12,0,18.3333
361,3,13,0,18.3333
361,3,14,0,18.3333
361,3,15,0,18.3333
361,3,16,0,18.3333
361,3,17,0,18.3333
361,3,18,0,18.3333
361,3,19,0,18.3333
361,3,20,0,18.3333
361,3,21,0,18.3333
361,3,22,0,18.3333
361,3,23,0,18.3333
361,3,24,0,18.3333
361,3,25,0,18.3333
361,3,26,0,18.3333
361,3,27,0,18.3333
361,3,28,0,18.3333
361,3,29,0,18.3333
361,3,30,0,18.3333
361,3,31,0,18.3333
361,3,32,0,18.3333
361,3,33,55,18.3333
361,3,34,0,18.3333
361,3,35,0,18.3333
361,3,36,0,18.3333
361,3,37,0,18.3333
361,3,38,0,18.3333
361,3,39,0,18.3333
361,3,40,0,18.3333
361,3,41,0,18.3333
361,3,42,0,18.3333
361,3,43,0,18.3333
361,3,44,0,18.3333
361,3,45,0,18.3333
361,3,46,0,18.3333
361,3,47,0,18.3333
361,3,48,0,18.3333
361,3,49,0,18.3333
361,3,50,0,18.3333
361,3,51,0,18.3333
361,3,52,0,18.3333
361,3,53,0,18.3333
361,3,54,0,18.3333
361,3,55,0,18.3333
361,3,56,0,18.3333
361,3,57,0,18.3333
361,3,58,0,18.3333
361,3,59,0,18.3333
361,3,60,0,18.3333
361,3,61,0,18.3333
361,3,62,0,18.3333
361,3,63,0,18.3333
361,4,0,0,17
361,4,1,0,17
361,4,2,0,17
361,4,3,0,17
361,4,4,0,17
361,4,5,0,17
361,4,6,0,17
361,4,7,0,17
361,4,8,0,17
361,4,9,0,17
361,4,10,0,17
361,4,11,0,17
361,4,12,0,17
361,4,13,0,17
361,4,14,0,17
361,4,15,0,17
361,4,16,0,17
361,4,17,0,17
361,4,18,0,17
361,4,19,0,17
361,4,20,0,17
361,4,21,0,17
361,4,22,0,17
361,4,23,0,17
361,4,24,0,17
361,4,25,0,17
361,4,26,0,17
361,4,27,0,17
361,4,28,0,17
361,4,29,0,17
361,4,30,0,17
361,4,31,0,17
361,4,32,0,17
361,4,33,68,17
361,4,34,0,17
361,4,35,0,17
361,4,36,0,17
361,4,37,0,17
361,4,38,0,17
361,4,39,0,17
361,4,40,0,17
361,4,41,0,17
361,4,42,0,17
361,4,43,0,17
361,4,44,0,17
361,4,45,0,17
361,4,46,0,17
361,4,47,0,17
361,4,48,0,17
361,4,49,0,17
361,4,50,0,17
361,4,51,0,17
361,4,52,0,17
361,4,53,0,17
361,4,54,0,17
361,4,55,0,17
361,4,56,0,17
361,4,57,0,17
361,4,58,0,17
361,4,59,0,17
361,4,60,0,17
361,4,61,0,17
361,4,62,0,17
361,4,63,0,17
361,5,0,0,17
361,5,1,0,17
361,5,2,0,17
361,5,3,0,17
361,5,4,0,17
361,5,5,0,17
361,5,6,0,17
361,5,7,0,17
361,5,8,0,17
361,5,9,0,17
361,5,10,0,17
361,5,11,0,17
361,5,12,0,17
361,5,13,0,17
361,5,14,0,17
361,5,15,0,17
361,5,16,0,17
361,5,17,0,17
361,5,18,0,17
361,5,19,0,17
361,5,20,0,17
361,5,21,0,17
361,5,22,0,17
361,5,23,0,17
361,5,24,0,17
361,5,25,0,17
361,5,26,0,17
361,5,27,0,17
361,5,28,0,17
361,5,29,0,17
361,5,30,0,17
361,5,31,0,17
361,5,32,0,17
361,5,33,85,17
361,5,34,0,17
361,5,35,0,17
361,5,36,0,17
361,5,37,0,17
361,5,38,0,17
361,5,39,0,17
361,5,40,0,17
361,5,41,0,17
361,5,42,0,17
361,5,43,0,17
361,5,44,0,17
361,5,45,0,17
361,5,46,0,17
361,5,47,0,17
361,5,48,0,17
361,5,49,0,17
361,5,50,0,17
361,5,51,0,17
361,5,52,0,17
361,5,53,0,17
361,5,54,0,17
361,5,55,0,17
361,5,56,0,17
361,5,57,0,17
361,5,58,0,17
361,5,59,0,17
361,5,60,0,17
361,5,61,0,17
361,5,62,0,17
361,5,63,0,17
361,6,0,0,19.3333
361,6,1,0,19.3333
361,6,2,0,19.3333
361,6,3,0,19.3333
361,6,4,0,19.3333
361,6,5,0,19.3333
361,6,6,0,19.3333
361,6,7,0,19.3333
361,6,8,0,19.3333
361,6,9,0,19.3333
361,6,10,0,19.3333
361,6,11,0,19.3333
361,6,12,0,19.3333
361,6,13,0,19.3333
361,6,14,0,19.3333
361,6,15,0,19.3333
361,6,16,0,19.3333
361,6,17,0,19.3333
361,6,18,0,19.3333
361,6,19,0,19.3333
361,6,20,0,19.3333
361,6,21,0,19.3333
361,6,22,0,19.3333
361,6,23,0,19.3333
361,6,24,0,19.3333
361,6,25,0,19.3333
361,6,26,0,19.3333
361,6,27,0,19.3333
361,6,28,0,19.3333
361,6,29,0,19.3333
361,6,30,0,19.3333
361,6,31,0,19.3333
361,6,32,0,19.3333
361,6,33,116,19.3333
361,6,34,0,19.3333
361,6,35,0,19.3333
361,6,36,0,19.3333
361,6,37,0,19.3333
361,6,38,0,19.3333
361,6,39,0,19.3333
361,6,40,0,19.3333
361,6,41,0,19.3333
361,6,42,0,19.3333
361,6,43,0,19.3333
361,6,44,0,19.3333
361,6,45,0,19.3333
361,6,46,0,19.3333
361,6,47,0,19.3333
361,6,48,0,19.3333
361,6,49,0,19.3333
361,6,50,0,19.3333
361,6,51,0,19.3333
361,6,52,0,19.3333
361,6,53,0,19.3333
361,6,54,0,19.3333
361,6,55,0,19.3333
361,6,56,0,19.3333
361,6,57,0,19.3333
361,6,58,0,19.3333
361,6,59,0,19.3333
361,6,60,0,19.3333
361,6,61,0,19.3333
361,6,62,0,19.3333
361,6,63,0,19.3333
361,7,0,0,20.4286
361,7,1,0,20.4286
361,7,2,0,20.4286
361,7,3,0,20.4286
361,7,4,0,20.4286
361,7,5,0,20.4286
361,7,6,0,20.4286
361,7,7,0,20.4286
361,7,8,0,20.4286
361,7,9,0,20.4286
361,7,10,0,20.4286
361,7,11,0,20.4286
361,7,12,0,20.4286
361,7,13,0,20.4286
361,7,14,0,20.4286
361,7,15,0,20.4286
361,7,16,0,20.4286
361,7,17,0,20.4286
361,7,18,0,20.4286
361,7,19,0,20.4286
361,7,20,0,20.4286
361,7,21,0,20.4286
361,7,22,0,20.4286
361,7,23,0,20.4286
361,7,24,0,20.4286
361,7,25,0,20.4286
361,7,26,0,20.4286
361,7,27,0,20.4286
361,7,28,0,20.4286
361,7,29,0,20.4286
361,7,30,0,20.4286
361,7,31,0,20.4286
361,7,32,0,20.4286
361,7,33,143,20.4286
361,7,34,0,20.4286
361,7,35,0,20.4286
361,7,36,0,20.4286
361,7,37,0,20.4286
361,7,38,0,20.4286
361,7,39,0,20.4286
361,7,40,0,20.4286
361,7,41,0,20.4286
361,7,42,0,20.4286
361,7,43,0,20.4286
361,7,44,0,20.4286
361,7,45,0,20.4286
361,7,46,0,20.4286
361,7,47,0,20.4286
361,7,48,0,20.4286
361,7,49,0,20.4286
361,7,50,0,20.4286
361,7,51,0,20.4286
361,7,52,0,20.4286
361,7,53,0,20.4286
361,7,54,0,20.4286
361,7,55,0,20.4286
361,7,56,0,20.4286
361,7,57,0,20.4286
361,7,58,0,20.4286
361,7,59,0,20.4286
361,7,60,0,20.4286
361,7,61,0,20.4286
361,7,62,0,20.4286
361,7,63,0,20.4286
361,8,0,0,22.5
361,8,1,0,22.5
361,8,2,0,22.5
361,8,3,0,22.5
361,8,4,0,22.5
361,8,5,0,22.5
361,8,6,0,22.5
361,8,7,0,22.5
361,8,8,0,22.5
361,8,9,0,22.5
361,8,10,0,22.5
361,8,11,0,22.5
361,8,12,0,22.5
361,8,13,0,22.5
361,8,14,0,22.5
361,8,15,0,22.5
361,8,16,0,22.5
361,8,17,0,22.5
361,8,18,0,22.5
361,8,19,0,22.5
361,8,20,0,22.5
361,8,21,0,22.5
361,8,22,0,22.5
361,8,23,0,22.5
361,8,24,0,22.5
361,8,25,0,22.5
361,8,26,0,22.5
361,8,27,0,22.5
361,8,28,0,22.5
361,8,29,0,22.5
361,8,30,0,22.5
361,8,31,0,22.5
361,8,32,0,22.5
361,8,33,180,22.5
361,8,34,0,22.5
361,8,35,0,22.5
361,8,36,0,22.5
361,8,37,0,22.5
361,8,38,0,22.5
361,8,39,0,22.5
361,8,40,0,22.5
361,8,41,0,22.5
361,8,42,0,22.5
361,8,43,0,22.5
361,8,44,0,22.5
361,8,45,0,22.5
361,8,46,0,22.5
361,8,47,0,22.5
361,8,48,0,22.5
361,8,49,0,22.5
361,8,50,0,22.5
361,8,51,0,22.5
361,8,52,0,22.5
361,8,53,0,22.5
361,8,54,0,22.5
361,8,55,0,22.5
361,8,56,0,22.5
361,8,57,0,22.5
361,8,58,0,22.5
361,8,59,0,22.5
361,8,60,0,22.5
361,8,61,0,22.5
361,8,62,0,22.5
361,8,63,0,22.5
361,9,0,0,25.5556
361,9,1,0,25.5556
361,9,2,0,25.5556
361,9,3,0,25.5556
361,9,4,0,25.5556
361,9,5,0,25.5556
361,9,6,0,25.5556
361,9,7,0,25.5556
361,9,8,0,25.5556
361,9,9,0,25.5556
361,9,10,0,25.5556
361,9,11,0,25.5556
361,9,12,0,25.5556
361,9,13,0,25.5556
361,9,14,0,25.5556
361,9,15,0,25.5556
361,9,16,0,25.5556
361,9,17,0,25.5556
361,9,18,0,25.5556
361,9,19,0,25.5556
361,9,20,0,25.5556
361,9,21,0,25.5556
361,9,22,0,25.5556
361,9,23,0,25.5556
361,9,24,0,25.5556
361,9,25,0,25.5556
361,9,26,0,25.5556
361,9,27,0,25.5556
361,9,28,0,25.5556
361,9,29,0,25.5556
361,9,30,0,25.5556
361,9,31,0,25.5556
361,9,32,0,25.5556
361,9,33,230,25.5556
361,9,34,0,25.5556
361,9,35,0,25.5556
361,9,36,0,25.5556
361,9,37,0,25.5556
361,9,38,0,25.5556
361,9,39,0,25.5556
361,9,40,0,25.5556
361,9,41,0,25.5556
361,9,42,0,25.5556
361,9,43,0,25.5556
361,9,44,0,25.5556
361,9,45,0,25.5556
361,9,46,0,25.5556
361,9,47,0,25.5556
361,9,48,0,25.5556
361,9,49,0,25.5556
361,9,50,0,25.5556
361,9,51,0,25.5556
361,9,52,0,25.5556
361,9,53,0,25.5556
361,9,54,0,25.5556
361,9,55,0,25.5556
361,9,56,0,25.5556
361,9,57,0,25.5556
361,9,58,0,25.5556
361,9,59,0,25.5556
361,9,60,0,25.5556
361,9,61,0,25.5556
361,9,62,0,25.5556
361,9,63,0,25.5556
361,10,0,0,28.8
361,10,1,0,28.8
361,10,2,0,28.8
361,10,3,0,28.8
361,10,4,0,28.8
361,10,5,0,28.8
361,10,6,0,28.8
361,10,7,0,28.8
361,10,8,0,28.8
361,10,9,0,28.8
361,10,10,0,28.8
361,10,11,0,28.8
361,10,12,0,28.8
361,10,13,0,28.8
361,10,14,0,28.8
361,10,15,0,28.8
361,10,16,0,28.8
361,10,17,0,28.8
361,10,18,0,28.8
361,10,19,0,28.8
361,10,20,0,28.8
361,10,21,0,28.8
361,10,22,0,28.8
361,10,23,0,28.8
361,10,24,0,28.8
361,10,25,0,28.8
361,10,26,0,28.8
361,10,27,0,28.8
361,10,28,0,28.8
361,10,29,0,28.8
361,10,30,0,28.8
361,10,31,0,28.8
361,10,32,0,28.8
361,10,33,288,28.8
361,10,34,0,28.8
361,10,35,0,28.8
361,10,36,0,28.8
361,10,37,0,28.8
361,10,38,0,28.8
361,10,39,0,28.8
361,10,40,0,28.8
361,10,41,0,28.8
361,10,42,0,28.8
361,10,43,0,28.8
361,10,44,0,28.8
361,10,45,0,28.8
361,10,46,0,28.8
361,10,47,0,28.8
361,10,48,0,28.8
361,10,49,0,28.8
361,10,50,0,28.8
361,10,51,0,28.8
361,10,52,0,28.8
361,10,53,0,28.8
361,10,54,0,28.8
361,10,55,0,28.8
361,10,56,0,28.8
361,10,57,0,28.8
361,10,58,0,28.8
361,10,59,0,28.8
361,10,60,0,28.8
361,10,61,0,28.8
361,10,62,0,28.8
361,10,63,0,28.8
361,11,0,0,31.1818
361,11,1,0,31.1818
361,11,2,0,31.1818
361,11,3,0,31.1818
361,11,4,0,31.1818
361,11,5,0,31.1818
361,11,6,0,31.1818
361,11,7,0,31.1818
361,11,8,0,31.1818
361,11,9,0,31.1818
361,11,10,0,31.1818
361,11,11,0,31.1818
361,11,12,0,31.1818
361,11,13,0,31.1818
361,11,14,0,31.1818
361,11,15,0,31.1818
361,11,16,0,31.1818
361,11,17,0,31.1818
361,11,18,0,31.1818
361,11,19,0,31.1818
361,11,20,0,31.1818
361,11,21,0,31.1818
361,11,22,0,31.1818
361,11,23,0,31.1818
361,11,24,0,31.1818
361,11,25,0,31.1818
361,11,26,0,31.1818
361,11,27,0,31.1818
361,11,28,0,31.1818
361,11,29,0,31.1818
361,11,30,0,31.1818
361,11,31,0,31.1818
361,11,32,0,31.1818
361,11,33,343,31.1818
361,11,34,0,31.1818
361,11,35,0,31.1818
361,11,36,0,31.1818
361,11,37,0,31.1818
361,11,38,0,31.1818
361,11,39,0,31.1818
361,11,40,0,31.1818
361,11,41,0,31.1818
361,11,42,0,31.1818
361,11,43,0,31.1818
361,11,44,0,31.1818
361,11,45,0,31.1818
361,11,46,0,31.1818
361,11,47,0,31.1818
361,11,48,0,31.1818
361,11,49,0,31.1818
361,11,50,0,31.1818
361,11,51,0,31.1818
361,11,52,0,31.1818
361,11,53,0,31.1818
361,11,54,0,31.1818
361,11,55,0,31.1818
361,11,56,0,31.1818
361,11,57,0,31.1818
361,11,58,0,31.1818
361,11,59,0,31.1818
361,11,60,0,31.1818
361,11,61,0,31.1818
361,11,62,0,31.1818
361,11,63,0,31.1818
361,12,0,0,31.3333
361,12,1,0,31.3333
361,12,2,0,31.3333
361,12,3,0,31.3333
361,12,4,0,31.3333
361,12,5,0,31.3333
361,12,6,0,31.3333
361,12,7,0,31.3333
361,12,8,0,31.3333
361,12,9,0,31.3333
361,12,10,0,31.3333
361,12,11,0,31.3333
361,12,12,0,31.3333
361,12,13,0,31.3333
361,12,14,0,31.3333
361,12,15,0,31.3333
361,12,16,0,31.3333
361,12,17,0,31.3333
361,12,18,0,31.3333
361,12,19,0,31.3333
361,12,20,0,31.3333
361,12,21,0,31.3333
361,12,22,0,31.3333
361,12,23,0,31.3333
361,12,24,0,31.3333
361,12,25,0,31.3333
361,12,26,0,31.3333
361,12,27,0,31.3333
361,12,28,0,31.3333
361,12,29,0,31.3333
361,12,30,0,31.3333
361,12,31,0,31.3333
361,12,32,0,31.3333
361,12,33,376,31.3333
361,12,34,0,31.3333
361,12,35,0,31.3333
361,12,36,0,31.3333
361,12,37,0,31.3333
361,12,38,0,31.3333
361,12,39,0,31.3333
361,12,40,0,31.3333
361,12,41,0,31.3333
361,12,42,0,31.3333
361,12,43,0,31.3333
361,12,44,0,31.3333
361,12,45,0,31.3333
361,12,46,0,31.3333
361,12,47,0,31.3333
361,12,48,0,31.3333
361,12,49,0,31.3333
361,12,50,0,31.3333
361,12,51,0,31.3333
361,12,52,0,31.3333
361,12,53,0,31.3333
361,12,54,0,31.3333
361,12,55,0,31.3333
361,12,56,0,31.3333
361,12,57,0,31.3333
361,12,58,0,31.3333
361,12,59,0,31.3333
361,12,60,0,31.3333
361,12,61,0,31.3333
361,12,62,0,31.3333
361,12,63,0,31.3333
361,13,0,0,29.3846
361,13,1,0,29.3846
361,13,2,0,29.3846
361,13,3,0,29.3846
361,13,4,0,29.3846
361,13,5,0,29.3846
361,13,6,0,29.3846
361,13,7,0,29.3846
361,13,8,0,29.3846
361,13,9,0,29.3846
361,13,10,0,29.3846
361,13,11,0,29.3846
361,13,12,0,29.3846
361,13,13,0,29.3846
361,13,14,0,29.3846
361,13,15,0,29.3846
361,13,16,0,29.3846
361,13,17,0,29.3846
361,13,18,0,29.3846
361,13,19,0,29.3846
361,13,20,0,29.3846
361,13,21,0,29.3846
361,13,22,0,29.3846
361,13,23,0,29.3846
361,13,24,0,29.3846
361,13,25,0,29.3846
361,13,26,0,29.3846
361,13,27,0,29.3846
361,13,28,0,29.3846
361,13,29,0,29.3846
361,13,30,0,29.3846
361,13,31,0,29.3846
361,13,32,0,29.3846
361,13,33,382,29.3846
361,13,34,0,29.3846
361,13,35,0,29.3846
361,13,36,0,29.3846
361,13,37,0,29.3846
361,13,38,0,29.3846
361,13,39,0,29.3846
361,13,40,0,29.3846
361,13,41,0,29.3846
361,13,42,0,29.3846
361,13,43,0,29.3846
361,13,44,0,29.3846
361,13,45,0,29.3846
361,13,46,0,29.3846
361,13,47,0,29.3846
361,13,48,0,29.3846
361,13,49,0,29.3846
361,13,50,0,29.3846
361,13,51,0,29.3846
361,13,52,0,29.3846
361,13,53,0,29.3846
361,13,54,0,29.3846
361,13,55,0,29.3846
361,13,56,0,29.3846
361,13,57,0,29.3846
361,13,58,0,29.3846
361,13,59,0,29.3846
361,13,60,0,29.3846
361,13,61,0,29.3846
361,13,62,0,29.3846
361,13,63,0,29.3846
361,14,0,0,29.2857
361,14,1,0,29.2857
361,14,2,0,29.2857
361,14,3,0,29.2857
361,14,4,0,29.2857
361,14,5,0,29.2857
361,14,6,0,29.2857
361,14,7,0,29.2857
361,14,8,0,29.2857
361,14,9,0,29.2857
361,14,10,0,29.2857
361,14,11,0,29.2857
361,14,12,0,29.2857
361,14,13,0,29.2857
361,14,14,0,29.2857
361,14,15,0,29.2857
361,14,16,0,29.2857
361,14,17,0,29.2857
361,14,18,0,29.2857
361,14,19,0,29.2857
361,14,20,0,29.2857
361,14,21,0,29.2857
361,14,22,0,29.2857
361,14,23,0,29.2857
361,14,24,0,29.2857
361,14,25,0,29.2857
361,14,26,0,29.2857
361,14,27,0,29.2857
361,14,28,0,29.2857
361,14,29,0,29.2857
361,14,30,0,29.2857
361,14,31,0,29.2857
361,14,32,0,29.2857
361,14,33,410,29.2857
361,14,34,0,29.2857
361,14,35,0,29.2857
361,14,36,0,29.2857
361,14,37,0,29.2857
361,14,38,0,29.2857
361,14,39,0,29.2857
361,14,40,0,29.2857
361,14,41,0,29.2857
361,14,42,0,29.2857
361,14,43,0,29.2857
361,14,44,0,29.2857
361,14,45,0,29.2857
361,14,46,0,29.2857
361,14,47,0,29.2857
361,14,48,0,29.2857
361,14,49,0,29.2857
361,14,50,0,29.2857
361,14,51,0,29.2857
361,14,52,0,29.2857
361,14,53,0,29.2857
361,14,54,0,29.2857
361,14,55,0,29.2857
361,14,56,0,29.2857
361,14,57,0,29.2857
361,14,58,0,29.2857
361,14,59,0,29.2857
361,14,60,0,29.2857
361,14,61,0,29.2857
361,14,62,0,29.2857
361,14,63,0,29.2857
361,15,0,0,31.6667
361,15,1,0,31.6667
361,15,2,0,31.6667
361,15,3,0,31.6667
361,15,4,0,31.6667
361,15,5,0,31.6667
361,15,6,0,31.6667
361,15,7,0,31.6667
361,15,8,0,31.6667
361,15,9,0,31.6667
361,15,10,0,31.6667
361,15,11,0,31.6667
361,15,12,0,31.6667
361,15,13,0,31.6667
361,15,14,0,31.6667
361,15,15,0,31.6667
361,15,16,0,31.6667
361,15,17,0,31.6667
361,15,18,0,31.6667
361,15,19,0,31.6667
361,15,20,0,31.6667
361,15,21,0,31.6667
361,15,22,0,31.6667
361,15,23,0,31.6667
361,15,24,0,31.6667
361,15,25,0,31.6667
361,15,26,0,31.6667
361,15,27,0,31.6667
361,15,28,0,31.6667
361,15,29,0,31.6667
361,15,30,0,31.6667
361,15,31,0,31.6667
361,15,32,0,31.6667
361,15,33,475,31.6667
361,15,34,0,31.6667
361,15,35,0,31.6667
361,15,36,0,31.6667
361,15,37,0,31.6667
361,15,38,0,31.6667
361,15,39,0,31.6667
361,15,40,0,31.6667
361,15,41,0,31.6667
361,15,42,0,31.6667
361,15,43,0,31.6667
361,15,44,0,31.6667
361,15,45,0,31.6667
361,15,46,0,31.6667
361,15,47,0,31.6667
361,15,48,0,31.6667
361,15,49,0,31.6667
361,15,50,0,31.6667
361,15,51,0,31.6667
361,15,52,0,31.6667
361,15,53,0,31.6667
361,15,54,0,31.6667
361,15,55,0,31.6667
361,15,56,0,31.6667
361,15,57,0,31.6667
361,15,58,0,31.6667
361,15,59,0,31.6667
361,15,60,0,31.6667
361,15,61,0,31.6667
361,15,62,0,31.6667
361,15,63,0,31.6667
361,16,0,0,30.3125
361,16,1,0,30.3125
361,16,2,0,30.3125
361,16,3,0,30.3125
361,16,4,0,30.3125
361,16,5,0,30.3125
361,16,6,0,30.3125
361,16,7,0,30.3125
361,16,8,0,30.3125
361,16,9,0,30.3125
361,16,10,0,30.3125
361,16,11,0,30.3125
361,16,12,0,30.3125
361,16,13,0,30.3125
361,16,14,0,30.3125
361,16,15,0,30.3125
361,16,16,0,30.3125
361,16,17,0,30.3125
361,16,18,0,30.3125
361,16,19,0,30.3125
361,16,20,0,30.3125
361,16,21,0,30.3125
361,16,22,0,30.3125
361,16,23,0,30.3125
361,16,24,0,30.3125
361,16,25,0,30.3125
361,16,26,0,30.3125
361,16,27,0,30.3125
361,16,28,0,30.3125
361,16,29,0,30.3125
361,16,30,0,30.3125
361,16,31,0,30.3125
361,16,32,0,30.3125
361,16,33,485,30.3125
361,16,34,0,30.3125
361,16,35,0,30.3125
361,16,36,0,30.3125
361,16,37,0,30.3125
361,16,38,0,30.3125
361,16,39,0,30.3125
361,16,40,0,30.3125
361,16,41,0,30.3125
361,16,42,0,30.3125
361,16,43,0,30.3125
361,16,44,0,30.3125
361,16,45,0,30.3125
361,16,46,0,30.3125
361,16,47,0,30.3125
361,16,48,0,30.3125
361,16,49,0,30.3125
361,16,50,0,30.3125
361,16,51,0,30.3125
361,16,52,0,30.3125
361,16,53,0,30.3125
361,16,54,0,30.3125
361,16,55,0,30.3125
361,16,56,0,30.3125
361,16,57,0,30.3125
361,16,58,0,30.3125
361,16,59,0,30.3125
361,16,60,0,30.3125
361,16,61,0,30.3125
361,16,62,0,30.3125
361,16,63,0,30.3125
361,17,0,0,30.5882
361,17,1,0,30.5882
361,17,2,0,30.5882
361,17,3,0,30.5882
361,17,4,0,30.5882
361,17,5,0,30.5882
361,17,6,0,30.5882
361,17,7,0,30.5882
361,17,8,0,30.5882
361,17,9,0,30.5882
361,17,10,0,30.5882
361,17,11,0,30.5882
361,17,12,0,30.5882
361,17,13,0,30.5882
361,17,14,0,30.5882
361,17,15,0,30.5882
361,17,16,0,30.5882
361,17,17,0,30.5882
361,17,18,0,30.5882
361,17,19,0,30.5882
361,17,20,0,30.5882
361,17,21,0,30.5882
361,17,22,0,30.5882
361,17,23,0,30.5882
361,17,24,0,30.5882
361,17,25,0,30.5882
361,17,26,0,30.5882
361,17,27,0,30.5882
361,17,28,0,30.5882
361,17,29,0,30.5882
361,17,30,0,30.5882
361,17,31,0,30.5882
361,17,32,0,30.5882
361,17,33,520,30.5882
361,17,34,0,30.5882
361,17,35,0,30.5882
361,17,36,0,30.5882
361,17,37,0,30.5882
361,17,38,0,30.5882
361,17,39,0,30.5882
361,17,40,0,30.5882
361,17,41,0,30.5882
361,17,42,0,30.5882
361,17,43,0,30.5882
361,17,44,0,30.5882
361,17,45,0,30.5882
361,17,46,0,30.5882
361,17,47,0,30.5882
361,17,48,0,30.5882
361,17,49,0,30.5882
361,17,50,0,30.5882
361,17,51,0,30.5882
361,17,52,0,30.5882
361,17,53,0,30.5882
361,17,54,0,30.5882
361,17,55,0,30.5882
361,17,56,0,30.5882
361,17,57,0,30.5882
361,17,58,0,30.5882
361,17,59,0,30.5882
361,17,60,0,30.5882
361,17,61,0,30.5882
361,17,62,0,30.5882
361,17,63,0,30.5882
361,18,0,0,31.2778
361,18,1,0,31.2778
361,18,2,0,31.2778
361,18,3,0,31.2778
361,18,4,0,31.2778
361,18,5,0,31.2778
361,18,6,0,31.2778
361,18,7,0,31.2778
361,18,8,0,31.2778
361,18,9,0,31.2778
361,18,10,0,31.2778
361,18,11,0,31.2778
361,18,12,0,31.2778
361,18,13,0,31.2778
361,18,14,0,31.2778
361,18,15,0,31.2778
361,18,16,0,31.2778
361,18,17,0,31.2778
361,18,18,0,31.2778
361,18,19,0,31.2778
361,18,20,0,31.2778
361,18,21,0,31.2778
361,18,22,0,31.2778
361,18,23,0,31.2778
361,18,24,0,31.2778
361,18,25,0,31.2778
361,18,26,0,31.2778
361,18,27,0,31.2778
361,18,28,0,31.2778
361,18,29,0,31.2778
361,18,30,0,31.2778
361,18,31,0,31.2778
361,18,32,0,31.2778
361,18,33,563,31.2778
361,18,34,0,31.2778
361,18,35,0,31.2778
361,18,36,0,31.2778
361,18,37,0,31.2778
361,18,38,0,31.2778
361,18,39,0,31.2778
361,18,40,0,31.2778
361,18,41,0,31.2778
361,18,42,0,31.2778
361,18,43,0,31.2778
361,18,44,0,31.2778
361,18,45,0,31.2778
361,18,46,0,31.2778
361,18,47,0,31.2778
361,18,48,0,31.2778
361,18,49,0,31.2778
361,18,50,0,31.2778
361,18,51,0,31.2778
361,18,52,0,31.2778
361,18,53,0,31.2778
361,18,54,0,31.2778
361,18,55,0,31.2778
361,18,56,0,31.2778
361,18,57,0,31.2778
361,18,58,0,31.2778
361,18,59,0,31.2778
361,18,60,0,31.2778
361,18,61,0,31.2778
361,18,62,0,31.2778
361,18,63,0,31.2778
361,19,0,0,30.4737
361,19,1,0,30.4737
361,19,2,0,30.4737
361,19,3,0,30.4737
361,19,4,0,30.4737
361,19,5,0,30.4737
361,19,6,0,30.4737
361,19,7,0,30.4737
361,19,8,0,30.4737
361,19,9,0,30.4737
361,19,10,0,30.4737
361,19,11,0,30.4737
361,19,12,0,30.4737
361,19,13,0,30.4737
361,19,14,0,30.4737
361,19,15,0,30.4737
361,19,16,0,30.4737
361,19,17,0,30.4737
361,19,18,0,30.4737
361,19,19,0,30.4737
361,19,20,0,30.4737
361,19,21,0,30.4737
361,19,22,0,30.4737
361,19,23,0,30.4737
361,19,24,0,30.4737
361,19,25,0,30.4737
361,19,26,0,30.4737
361,19,27,0,30.4737
361,19,28,0,30.4737
361,19,29,0,30.4737
361,19,30,0,30.4737
361,19,31,0,30.4737
361,19,32,0,30.4737
361,19,33,579,30.4737
361,19,34,0,30.4737
361,19,35,0,30.4737
361,19,36,0,30.4737
361,19,37,0,30.4737
361,19,38,0,30.4737
361,19,39,0,30.4737
361,19,40,0,30.4737
361,19,41,0,30.4737
361,19,42,0,30.4737
361,19,43,0,30.4737
361,19,44,0,30.4737
361,19,45,0,30.4737
361,19,46,0,30.4737
361,19,47,0,30.4737
361,19,48,0,30.4737
361,19,49,0,30.4737
361,19,50,0,30.4737
361,19,51,0,30.4737
361,19,52,0,30.4737
361,19,53,0,30.4737
361,19,54,0,30.4737
361,19,55,0,30.4737
361,19,56,0,30.4737
361,19,57,0,30.4737
361,19,58,0,30.4737
361,19,59,0,30.4737
361,19,60,0,30.4737
361,19,61,0,30.4737
361,19,62,0,30.4737
361,19,63,0,30.4737
361,20,0,0,30.2
361,20,1,0,30.2
361,20,2,0,30.2
361,20,3,0,30.2
361,20,4,0,30.2
361,20,5,0,30.2
361,20,6,0,30.2
361,20,7,0,30.2
361,20,8,0,30.2
361,20,9,0,30.2
361,20,10,0,30.2
361,20,11,0,30.2
361,20,12,0,30.2
361,20,13,0,30.2
361,20,14,0,30.2
361,20,15,0,30.2
361,20,16,0,30.2
361,20,17,0,30.2
361,20,18,0,30.2
361,20,19,0,30.2
361,20,20,0,30.2
361,20,21,0,30.2
361,20,22,0,30.2
361,20,23,0,30.2
361,20,24,0,30.2
361,20,25,0,30.2
361,20,26,0,30.2
361,20,27,0,30.2
361,20,28,0,30.2
361,20,29,0,30.2
361,20,30,0,30.2
361,20,31,0,30.2
361,20,32,0,30.2
361,20,33,604,30.2
361,20,34,0,30.2
361,20,35,0,30.2
361,20,36,0,30.2
361,20,37,0,30.2
361,20,38,0,30.2
361,20,39,0,30.2
361,20,40,0,30.2
361,20,41,0,30.2
361,20,42,0,30.2
361,20,43,0,30.2
361,20,44,0,30.2
361,20,45,0,30.2
361,20,46,0,30.2
361,20,47,0,30.2
361,20,48,0,30.2
361,20,49,0,30.2
361,20,50,0,30.2
361,20,51,0,30.2
361,20,52,0,30.2
361,20,53,0,30.2
361,20,54,0,30.2
361,20,55,0,30.2
361,20,56,0,30.2
361,20,57,0,30.2
361,20,58,0,30.2
361,20,59,0,30.2
361,20,60,0,30.2
361,20,61,0,30.2
361,20,62,0,30.2
361,20,63,0,30.2
361,21,0,0,29.9524
361,21,1,0,29.9524
361,21,2,0,29.9524
361,21,3,0,29.9524
361,21,4,0,29.9524
361,21,5,0,29.9524
361,21,6,0,29.9524
361,21,7,0,29.9524
361,21,8,0,29.9524
361,21,9,0,29.9524
361,21,10,0,29.9524
361,21,11,0,29.9524
361,21,12,0,29.9524
361,21,13,0,29.9524
361,21,14,0,29.9524
361,21,15,0,29.9524
361,21,16,0,29.9524
361,21,17,0,29.9524
361,21,18,0,29.9524
361,21,19,0,29.9524
361,21,20,0,29.9524
361,21,21,0,29.9524
361,21,22,0,29.9524
361,21,23,0,29.9524
361,21,24,0,29.9524
361,21,25,0,29.9524
361,21,26,0,29.9524
361,21,27,0,29.9524
361,21,28,0,29.9524
361,21,29,0,29.9524
361,21,30,0,29.9524
361,21,31,0,29.9524
361,21,32,0,29.9524
361,21,33,629,29.9524
361,21,34,0,29.9524
361,21,35,0,29.9524
361,21,36,0,29.9524
361,21,37,0,29.9524
361,21,38,0,29.9524
361,21,39,0,29.9524
361,21,40,0,29.9524
361,21,41,0,29.9524
361,21,42,0,29.9524
361,21,43,0,29.9524
361,21,44,0,29.9524
361,21,45,0,29.9524
361,21,46,0,29.9524
361,21,47,0,29.9524
361,21,48,0,29.9524
361,21,49,0,29.9524
361,21,50,0,29.9524
361,21,51,0,29.9524
361,21,52,0,29.9524
361,21,53,0,29.9524
361,21,54,0,29.9524
361,21,55,0,29.9524
361,21,56,0,29.9524
361,21,57,0,29.9524
361,21,58,0,29.9524
361,21,59,0,29.9524
361,21,60,0,29.9524
361,21,61,0,29.9524
361,21,62,0,29.9524
361,21,63,0,29.9524
361,22,0,0,29.5
361,22,1,0,29.5
361,22,2,0,29.5
361,22,3,0,29.5
361,22,4,0,29.5
361,22,5,0,29.5
361,22,6,0,29.5
361,22,7,0,29.5
361,22,8,0,29.5
361,22,9,0,29.5
361,22,10,0,29.5
361,22,11,0,29.5
361,22,12,0,29.5
361,22,13,0,29.5
361,22,14,0,29.5
361,22,15,0,29.5
361,22,16,0,29.5
361,22,17,0,29.5
361,22,18,0,29.5
361,22,19,0,29.5
361,22,20,0,29.5
361,22,21,0,29.5
361,22,22,0,29.5
361,22,23,0,29.5
361,22,24,0,29.5
361,22,25,0,29.5
361,22,26,0,29.5
361,22,27,0,29.5
361,22,28,0,29.5
361,22,29,0,29.5
361,22,30,0,29.5
361,22,31,0,29.5
361,22,32,0,29.5
361,22,33,649,29.5
361,22,34,0,29.5
361,22,35,0,29.5
361,22,36,0,29.5
361,22,37,0,29.5
361,22,38,0,29.5
361,22,39,0,29.5
361,22,40,0,29.5
361,22,41,0,29.5
361,22,42,0,29.5
361,22,43,0,29.5
361,22,44,0,29.5
361,22,45,0,29.5
361,22,46,0,29.5
361,22,47,0,29.5
361,22,48,0,29.5
361,22,49,0,29.5
361,22,50,0,29.5
361,22,51,0,29.5
361,22,52,0,29.5
361,22,53,0,29.5
361,22,54,0,29.5
361,22,55,0,29.5
361,22,56,0,29.5
361,22,57,0,29.5
361,22,58,0,29.5
361,22,59,0,29.5
361,22,60,0,29.5
361,22,61,0,29.5
361,22,62,0,29.5
361,22,63,0,29.5
361,23,0,0,32
361,23,1,0,32
361,23,2,0,32
361,23,3,0,32
361,23,4,0,32
361,23,5,0,32
361,23,6,0,32
361,23,7,0,32
361,23,8,0,32
361,23,9,0,32
361,23,10,0,32
361,23,11,0,32
361,23,12,0,32
361,23,13,0,32
361,23,14,0,32
361,23,15,0,32
361,23,16,0,32
361,23,17,0,32
361,23,18,0,32
361,23,19,0,32
361,23,20,0,32
361,23,21,0,32
361,23,22,0,32
361,23,23,0,32
361,23,24,0,32
361,23,25,0,32
361,23,26,0,32
361,23,27,0,32
361,23,28,0,32
361,23,29,0,32
361,23,30,0,32
361,23,31,0,32
361,23,32,0,32
361,23,33,736,32
361,23,34,0,32
361,23,35,0,32
361,23,36,0,32
361,23,37,0,32
361,23,38,0,32
361,23,39,0,32
361,23,40,0,32
361,23,41,0,32
361,23,42,0,32
361,23,43,0,32
361,23,44,0,32
361,23,45,0,32
361,23,46,0,32
361,23,47,0,32
361,23,48,0,32
361,23,49,0,32
361,23,50,0,32
361,23,51,0,32
361,23,52,0,32
361,23,53,0,32
361,23,54,0,32
361,23,55,0,32
361,23,56,0,32
361,23,57,0,32
361,23,58,0,32
361,23,59,0,32
361,23,60,0,32
361,23,61,0,32
361,23,62,0,32
361,23,63,0,32
361,24,0,0,31.5
361,24,1,0,31.5
361,24,2,0,31.5
361,24,3,0,31.5
361,24,4,0,31.5
361,24,5,0,31.5
361,24,6,0,31.5
361,24,7,0,31.5
361,24,8,0,31.5
361,24,9,0,31.5
361,24,10,0,31.5
361,24,11,0,31.5
361,24,12,0,31.5
361,24,13,0,31.5
361,24,14,0,31.5
361,24,15,0,31.5
361,24,16,0,31.5
361,24,17,0,31.5
361,24,18,0,31.5
361,24,19,0,31.5
361,24,20,0,31.5
361,24,21,0,31.5
361,24,22,0,31.5
361,24,23,0,31.5
361,24,24,0,31.5
361,24,25,0,31.5
361,24,26,0,31.5
361,24,27,0,31.5
361,24,28,0,31.5
361,24,29,0,31.5
361,24,30,0,31.5
361,24,31,0,31.5
361,24,32,0,31.5
361,24,33,756,31.5
361,24,34,0,31.5
361,24,35,0,31.5
361,24,36,0,31.5
361,24,37,0,31.5
361,24,38,0,31.5
361,24,39,0,31.5
361,24,40,0,31.5
361,24,41,0,31.5
361,24,42,0,31.5
361,24,43,0,31.5
361,24,44,0,31.5
361,24,45,0,31.5
361,24,46,0,31.5
361,24,47,0,31.5
361,24,48,0,31.5
361,24,49,0,31.5
361,24,50,0,31.5
361,24,51,0,31.5
361,24,52,0,31.5
361,24,53,0,31.5
361,24,54,0,31.5
361,24,55,0,31.5
361,24,56,0,31.5
361,24,57,0,31.5
361,24,58,0,31.5
361,24,59,0,31.5
361,24,60,0,31.5
361,24,61,0,31.5
361,24,62,0,31.5
361,24,63,0,31.5
361,25,0,0,30.76
361,25,1,0,30.76
361,25,2,0,30.76
361,25,3,0,30.76
361,25,4,0,30.76
361,25,5,0,30.76
361,25,6,0,30.76
361,25,7,0,30.76
361,25,8,0,30.76
361,25,9,0,30.76
361,25,10,0,30.76
361,25,11,0,30.76
361,25,12,0,30.76
361,25,13,0,30.76
361,25,14,0,30.76
361,25,15,0,30.76
361,25,16,0,30.76
361,25,17,0,30.76
361,25,18,0,30.76
361,25,19,0,30.76
361,25,20,0,30.76
361,25,21,0,30.76
361,25,22,0,30.76
361,25,23,0,30.76
361,25,24,0,30.76
361,25,25,0,30.76
361,25,26,0,30.76
361,25,27,0,30.76
361,25,28,0,30.76
361,25,29,0,30.76
361,25,30,0,30.76
361,25,31,0,30.76
361,25,32,0,30.76
361,25,33,769,30.76
361,25,34,0,30.76
361,25,35,0,30.76
361,25,36,0,30.76
361,25,37,0,30.76
361,25,38,0,30.76
361,25,39,0,30.76
361,25,40,0,30.76
361,25,41,0,30.76
361,25,42,0,30.76
361,25,43,0,30.76
361,25,44,0,30.76
361,25,45,0,30.76
361,25,46,0,30.76
361,25,47,0,30.76
361,25,48,0,30.76
361,25,49,0,30.76
361,25,50,0,30.76
361,25,51,0,30.76
361,25,52,0,30.76
361,25,53,0,30.76
361,25,54,0,30.76
361,25,55,0,30.76
361,25,56,0,30.76
361,25,57,0,30.76
361,25,58,0,30.76
361,25,59,0,30.76
361,25,60,0,30.76
361,25,61,0,30.76
361,25,62,0,30.76
361,25,63,0,30.76
361,26,0,0,29.8077
361,26,1,0,29.8077
361,26,2,0,29.8077
361,26,3,0,29.8077
361,26,4,0,29.8077
361,26,5,0,29.8077
361,26,6,0,29.8077
361,26,7,0,29.8077
361,26,8,0,29.8077
361,26,9,0,29.8077
361,26,10,0,29.8077
361,26,11,0,29.8077
361,26,12,0,29.8077
361,26,13,0,29.8077
361,26,14,0,29.8077
361,26,15,0,29.8077
361,26,16,0,29.8077
361,26,17,0,29.8077
361,26,18,0,29.8077
361,26,19,0,29.8077
361,26,20,0,29.8077
361,26,21,0,29.8077
361,26,22,0,29.8077
361,26,23,0,29.8077
361,26,24,0,29.8077
361,26,25,0,29.8077
361,26,26,0,29.8077
361,26,27,0,29.8077
361,26,28,0,29.8077
361,26,29,0,29.8077
361,26,30,0,29.8077
361,26,31,0,29.8077
361,26,32,0,29.8077
361,26,33,775,29.8077
361,26,34,0,29.8077
361,26,35,0,29.8077
361,26,36,0,29.8077
361,26,37,0,29.8077
361,26,38,0,29.8077
361,26,39,0,29.8077
361,26,40,0,29.8077
361,26,41,0,29.8077
361,26,42,0,29.8077
361,26,43,0,29.8077
361,26,44,0,29.8077
361,26,45,0,29.8077
361,26,46,0,29.8077
361,26,47,0,29.8077
361,26,48,0,29.8077
361,26,49,0,29.8077
361,26,50,0,29.8077
361,26,51,0,29.8077
361,26,52,0,29.8077
361,26,53,0,29.8077
361,26,54,0,29.8077
361,26,55,0,29.8077
361,26,56,0,29.8077
361,26,57,0,29.8077
361,26,58,0,29.8077
361,26,59,0,29.8077
361,26,60,0,29.8077
361,26,61,0,29.8077
361,26,62,0,29.8077
361,26,63,0,29.8077
361,27,0,0,30.9259
361,27,1,0,30.9259
361,27,2,0,30.9259
361,27,3,0,30.9259
361,27,4,0,30.9259
361,27,5,0,30.9259
361,27,6,0,30.9259
361,27,7,0,30.9259
361,27,8,0,30.9259
361,27,9,0,30.9259
361,27,10,0,30.9259
361,27,11,0,30.9259
361,27,12,0,30.9259
361,27,13,0,30.9259
361,27,14,0,30.9259
361,27,15,0,30.9259
361,27,16,0,30.9259
361,27,17,0,30.9259
361,27,18,0,30.9259
361,27,19,0,30.9259
361,27,20,0,30.9259
361,27,21,0,30.9259
361,27,22,0,30.9259
361,27,23,0,30.9259
361,27,24,0,30.9259
361,27,25,0,30.9259
361,27,26,0,30.9259
361,27,27,0,30.9259
361,27,28,0,30.9259
361,27,29,0,30.9259
361,27,30,0,30.9259
361,27,31,0,30.9259
361,27,32,0,30.9259
361,27,33,835,30.9259
361,27,34,0,30.9259
361,27,35,0,30.9259
361,27,36,0,30.9259
361,27,37,0,30.9259
361,27,38,0,30.9259
361,27,39,0,30.9259
361,27,40,0,30.9259
361,27,41,0,30.9259
361,27,42,0,30.9259
361,27,43,0,30.9259
361,27,44,0,30.9259
361,27,45,0,30.9259
361,27,46,0,30.9259
361,27,47,0,30.9259
361,27,48,0,30.9259
361,27,49,0,30.9259
361,27,50,0,30.9259
361,27,51,0,30.9259
361,27,52,0,30.9259
361,27,53,0,30.9259
361,27,54,0,30.9259
361,27,55,0,30.9259
361,27,56,0,30.9259
361,27,57,0,30.9259
361,27,58,0,30.9259
361,27,59,0,30.9259
361,27,60,0,30.9259
361,27,61,0,30.9259
361,27,62,0,30.9259
361,27,63,0,30.9259
361,28,0,0,31.7143
361,28,1,0,31.7143
361,28,2,0,31.7143
361,28,3,0,31.7143
361,28,4,0,31.7143
361,28,5,0,31.7143
361,28,6,0,31.7143
361,28,7,0,31.7143
361,28,8,0,31.7143
361,28,9,0,31.7143
361,28,10,0,31.7143
361,28,11,0,31.7143
361,28,12,0,31.7143
361,28,13,0,31.7143
361,28,14,0,31.7143
361,28,15,0,31.7143
361,28,16,0,31.7143
361,28,17,0,31.7143
361,28,18,0,31.7143
361,28,19,0,31.7143
361,28,20,0,31.7143
361,28,21,0,31.7143
361,28,22,0,31.7143
361,28,23,0,31.7143
361,28,24,0,31.7143
361,28,25,0,31.7143
361,28,26,0,31.7143
361,28,27,0,31.7143
361,28,28,0,31.7143
361,28,29,0,31.7143
361,28,30,0,31.7143
361,28,31,0,31.7143
361,28,32,0,31.7143
361,28,33,888,31.7143
361,28,34,0,31.7143
361,28,35,0,31.7143
361,28,36,0,31.7143
361,28,37,0,31.7143
361,28,38,0,31.7143
361,28,39,0,31.7143
361,28,40,0,31.7143
361,28,41,0,31.7143
361,28,42,0,31.7143
361,28,43,0,31.7143
361,28,44,0,31.7143
361,28,45,0,31.7143
361,28,46,0,31.7143
361,28,47,0,31.7143
361,28,48,0,31.7143
361,28,49,0,31.7143
361,28,50,0,31.7143
361,28,51,0,31.7143
361,28,52,0,31.7143
361,28,53,0,31.7143
361,28,54,0,31.7143
361,28,55,0,31.7143
361,28,56,0,31.7143
361,28,57,0,31.7143
361,28,58,0,31.7143
361,28,59,0,31.7143
361,28,60,0,31.7143
361,28,61,0,31.7143
361,28,62,0,31.7143
361,28,63,0,31.7143
361,29,0,0,32.6552
361,29,1,0,32.6552
361,29,2,0,32.6552
361,29,3,0,32.6552
361,29,4,0,32.6552
361,29,5,0,32.6552
361,29,6,0,32.6552
361,29,7,0,32.6552
361,29,8,0,32.6552
361,29,9,0,32.6552
361,29,10,0,32.6552
361,29,11,0,32.6552
361,29,12,0,32.6552
361,29,13,0,32.6552
361,29,14,0,32.6552
361,29,15,0,32.6552
361,29,16,0,32.6552
361,29,17,0,32.6552
361,29,18,0,32.6552
361,29,19,0,32.6552
361,29,20,0,32.6552
361,29,21,0,32.6552
361,29,22,0,32.6552
361,29,23,0,32.6552
361,29,24,0,32.6552
361,29,25,0,32.6552
361,29,26,0,32.6552
361,29,27,0,32.6552
361,29,28,0,32.6552
361,29,29,0,32.6552
361,29,30,0,32.6552
361,29,31,0,32.6552
361,29,32,0,32.6552
361,29,33,947,32.6552
361,29,34,0,32.6552
361,29,35,0,32.6552
361,29,36,0,32.6552
361,29,37,0,32.6552
361,29,38,0,32.6552
361,29,39,0,32.6552
361,29,40,0,32.6552
361,29,41,0,32.6552
361,29,42,0,32.6552
361,29,43,0,32.6552
361,29,44,0,32.6552
361,29,45,0,32.6552
361,29,46,0,32.6552
361,29,47,0,32.6552
361,29,48,0,32.6552
361,29,49,0,32.6552
361,29,50,0,32.6552
361,29,51,0,32.6552
361,29,52,0,32.6552
361,29,53,0,32.6552
361,29,54,0,32.6552
361,29,55,0,32.6552
361,29,56,0,32.6552
361,29,57,0,32.6552
361,29,58,0,32.6552
361,29,59,0,32.6552
361,29,60,0,32.6552
361,29,61,0,32.6552
361,29,62,0,32.6552
361,29,63,0,32.6552
361,30,0,0,32.7333
361,30,1,0,32.7333
361,30,2,0,32.7333
361,30,3,0,32.7333
361,30,4,0,32.7333
361,30,5,0,32.7333
361,30,6,0,32.7333
361,30,7,0,32.7333
361,30,8,0,32.7333
361,30,9,0,32.7333
361,30,10,0,32.7333
361,30,11,0,32.7333
361,30,12,0,32.7333
361,30,13,0,32.7333
361,30,14,0,32.7333
361,30,15,0,32.7333
361,30,16,0,32.7333
361,30,17,0,32.7333
361,30,18,0,32.7333
361,30,19,0,32.7333
361,30,20,0,32.7333
361,30,21,0,32.7333
361,30,22,0,32.7333
361,30,23,0,32.7333
361,30,24,0,32.7333
361,30,25,0,32.7333
361,30,26,0,32.7333
361,30,27,0,32.7333
361,30,28,0,32.7333
361,30,29,0,32.7333
361,30,30,0,32.7333
361,30,31,0,32.7333
361,30,32,0,32.7333
361,30,33,982,32.7333
361,30,34,0,32.7333
361,30,35,0,32.7333
361,30,36,0,32.7333
361,30,37,0,32.7333
361,30,38,0,32.7333
361,30,39,0,32.7333
361,30,40,0,32.7333
361,30,41,0,32.7333
361,30,42,0,32.7333
361,30,43,0,32.7333
361,30,44,0,32.7333
361,30,45,0,32.7333
361,30,46,0,32.7333
361,30,47,0,32.7333
361,30,48,0,32.7333
361,30,49,0,32.7333
361,30,50,0,32.7333
361,30,51,0,32.7333
361,30,52,0,32.7333
361,30,53,0,32.7333
361,30,54,0,32.7333
361,30,55,0,32.7333
361,30,56,0,32.7333
361,30,57,0,32.7333
361,30,58,0,32.7333
361,30,59,0,32.7333
361,30,60,0,32.7333
361,30,61,0,32.7333
361,30,62,0,32.7333
361,30,63,0,32.7333
361,31,0,0,32.0968
361,31,1,0,32.0968
361,31,2,0,32.0968
361,31,3,0,32.0968
361,31,4,0,32.0968
361,31,5,0,32.0968
361,31,6,0,32.0968
361,31,7,0,32.0968
361,31,8,0,32.0968
361,31,9,0,32.0968
361,31,10,0,32.0968
361,31,11,0,32.0968
361,31,12,0,32.0968
361,31,13,0,32.0968
361,31,14,0,32.0968
361,31,15,0,32.0968
361,31,16,0,32.0968
361,31,17,0,32.0968
361,31,18,0,32.0968
361,31,19,0,32.0968
361,31,20,0,32.0968
361,31,21,0,32.0968
361,31,22,0,32.0968
361,31,23,0,32.0968
361,31,24,0,32.0968
361,31,25,0,32.0968
361,31,26,0,32.0968
361,31,27,0,32.0968
361,31,28,0,32.0968
361,31,29,0,32.0968
361,31,30,0,32.0968
361,31,31,0,32.0968
361,31,32,0,32.0968
361,31,33,995,32.0968
361,31,34,0,32.0968
361,31,35,0,32.0968
361,31,36,0,32.0968
361,31,37,0,32.0968
361,31,38,0,32.0968
361,31,39,0,32.0968
361,31,40,0,32.0968
361,31,41,0,32.0968
361,31,42,0,32.0968
361,31,43,0,32.0968
361,31,44,0,32.0968
361,31,45,0,32.0968
361,31,46,0,32.0968
361,31,47,0,32.0968
361,31,48,0,32.0968
361,31,49,0,32.0968
361,31,50,0,32.0968
361,31,51,0,32.0968
361,31,52,0,32.0968
361,31,53,0,32.0968
361,31,54,0,32.0968
361,31,55,0,32.0968
361,31,56,0,32.0968
361,31,57,0,32.0968
361,31,58,0,32.0968
361,31,59,0,32.0968
361,31,60,0,32.0968
361,31,61,0,32.0968
361,31,62,0,32.0968
361,31,63,0,32.0968
361,32,0,0,32.75
361,32,1,0,32.75
361,32,2,0,32.75
361,32,3,0,32.75
361,32,4,0,32.75
361,32,5,0,32.75
361,32,6,0,32.75
361,32,7,0,32.75
361,32,8,0,32.75
361,32,9,0,32.75
361,32,10,0,32.75
361,32,11,0,32.75
361,32,12,0,32.75
361,32,13,0,32.75
361,32,14,0,32.75
361,32,15,0,32.75
361,32,16,0,32.75
361,32,17,0,32.75
361,32,18,0,32.75
361,32,19,0,32.75
361,32,20,0,32.75
361,32,21,0,32.75
361,32,22,0,32.75
361,32,23,0,32.75
361,32,24,0,32.75
361,32,25,0,32.75
361,32,26,0,32.75
361,32,27,0,32.75
361,32,28,0,32.75
361,32,29,0,32.75
361,32,30,0,32.75
361,32,31,0,32.75
361,32,32,0,32.75
361,32,33,1048,32.75
361,32,34,0,32.75
361,32,35,0,32.75
361,32,36,0,32.75
361,32,37,0,32.75
361,32,38,0,32.75
361,32,39,0,32.75
361,32,40,0,32.75
361,32,41,0,32.75
361,32,42,0,32.75
361,32,43,0,32.75
361,32,44,0,32.75
361,32,45,0,32.75
361,32,46,0,32.75
361,32,47,0,32.75
361,32,48,0,32.75
361,32,49,0,32.75
361,32,50,0,32.75
361,32,51,0,32.75
361,32,52,0,32.75
361,32,53,0,32.75
361,32,54,0,32.75
361,32,55,0,32.75
361,32,56,0,32.75
361,32,57,0,32.75
361,32,58,0,32.75
361,32,59,0,32.75
361,32,60,0,32.75
361,32,61,0,32.75
361,32,62,0,32.75
361,32,63,0,32.75
361,33,0,0,32.4545
361,33,1,0,32.4545
361,33,2,0,32.4545
361,33,3,0,32.4545
361,33,4,0,32.4545
361,33,5,0,32.4545
361,33,6,0,32.4545
361,33,7,0,32.4545
361,33,8,0,32.4545
361,33,9,0,32.4545
361,33,10,0,32.4545
361,33,11,0,32.4545
361,33,12,0,32.4545
361,33,13,0,32.4545
361,33,14,0,32.4545
361,33,15,0,32.4545
361,33,16,0,32.4545
361,33,17,0,32.4545
361,33,18,0,32.4545
361,33,19,0,32.4545
361,33,20,0,32.4545
361,33,21,0,32.4545
361,33,22,0,32.4545
361,33,23,0,32.4545
361,33,24,0,32.4545
361,33,25,0,32.4545
361,33,26,0,32.4545
361,33,27,0,32.4545
361,33,28,0,32.4545
361,33,29,0,32.4545
361,33,30,0,32.4545
361,33,31,0,32.4545
361,33,32,0,32.4545
361,33,33,1071,32.4545
361,33,34,0,32.4545
361,33,35,0,32.4545
361,33,36,0,32.4545
361,33,37,0,32.4545
361,33,38,0,32.4545
361,33,39,0,32.4545
361,33,40,0,32.4545
361,33,41,0,32.4545
361,33,42,0,32.4545
361,33,43,0,32.4545
361,33,44,0,32.4545
361,33,45,0,32.4545
361,33,46,0,32.4545
361,33,47,0,32.4545
361,33,48,0,32.4545
361,33,49,0,32.4545
361,33,50,0,32.4545
361,33,51,0,32.4545
361,33,52,0,32.4545
361,33,53,0,32.4545
361,33,54,0,32.4545
361,33,55,0,32.4545
361,33,56,0,32.4545
361,33,57,0,32.4545
361,33,58,0,32.4545
361,33,59,0,32.4545
361,33,60,0,32.4545
361,33,61,0,32.4545
361,33,62,0,32.4545
361,33,63,0,32.4545
361,34,0,0,32.3529
361,34,1,0,32.3529
361,34,2,0,32.3529
361,34,3,0,32.3529
361,34,4,0,32.3529
361,34,5,0,32.3529
361,34,6,0,32.3529
361,34,7,0,32.3529
361,34,8,0,32.3529
361,34,9,0,32.3529
361,34,10,0,32.3529
361,34,11,0,32.3529
361,34,12,0,32.3529
361,34,13,0,32.3529
361,34,14,0,32.3529
361,34,15,0,32.3529
361,34,16,0,32.3529
361,34,17,0,32.3529
361,34,18,0,32.3529
361,34,19,0,32.3529
361,34,20,0,32.3529
361,34,21,0,32.3529
361,34,22,0,32.3529
361,34,23,0,32.3529
361,34,24,0,32.3529
361,34,25,0,32.3529
361,34,26,0,32.3529
361,34,27,0,32.3529
361,34,28,0,32.3529
361,34,29,0,32.3529
361,34,30,0,32.3529
361,34,31,0,32.3529
361,34,32,0,32.3529
361,34,33,1100,32.3529
361,34,34,0,32.3529
361,34,35,0,32.3529
361,34,36,0,32.3529
361,34,37,0,32.3529
361,34,38,0,32.3529
361,34,39,0,32.3529
361,34,40,0,32.3529
361,34,41,0,32.3529
361,34,42,0,32.3529
361,34,43,0,32.3529
361,34,44,0,32.3529
361,34,45,0,32.3529
361,34,46,0,32.3529
361,34,47,0,32.3529
361,34,48,0,32.3529
361,34,49,0,32.3529
361,34,50,0,32.3529
361,34,51,0,32.3529
361,34,52,0,32.3529
361,34,53,0,32.3529
361,34,54,0,32.3529
361,34,55,0,32.3529
361,34,56,0,32.3529
361,34,57,0,32.3529
361,34,58,0,32.3529
361,34,59,0,32.3529
361,34,60,0,32.3529
361,34,61,0,32.3529
361,34,62,0,32.3529
361,34,63,0,32.3529
361,35,0,0,33.9429
361,35,1,0,33.9429
361,35,2,0,33.9429
361,35,3,0,33.9429
361,35,4,0,33.9429
361,35,5,0,33.9429
361,35,6,0,33.9429
361,35,7,0,33.9429
361,35,8,0,33.9429
361,35,9,0,33.9429
361,35,10,0,33.9429
361,35,11,0,33.9429
361,35,12,0,33.9429
361,35,13,0,33.9429
361,35,14,0,33.9429
361,35,15,0,33.9429
361,35,16,0,33.9429
361,35,17,0,33.9429
361,35,18,0,33.9429
361,35,19,0,33.9429
361,35,20,0,33.9429
361,35,21,0,33.9429
361,35,22,0,33.9429
361,35,23,0,33.9429
361,35,24,0,33.9429
361,35,25,0,33.9429
361,35,26,0,33.9429
361,35,27,0,33.9429
361,35,28,0,33.9429
361,35,29,0,33.9429
361,35,30,0,33.9429
361,35,31,0,33.9429
361,35,32,0,33.9429
361,35,33,1188,33.9429
361,35,34,0,33.9429
361,35,35,0,33.9429
361,35,36,0,33.9429
361,35,37,0,33.9429
361,35,38,0,33.9429
361,35,39,0,33.9429
361,35,40,0,33.9429
361,35,41,0,33.9429
361,35,42,0,33.9429
361,35,43,0,33.9429
361,35,44,0,33.9429
361,35,45,0,33.9429
361,35,46,0,33.9429
361,35,47,0,33.9429
361,35,48,0,33.9429
361,35,49,0,33.9429
361,35,50,0,33.9429
361,35,51,0,33.9429
361,35,52,0,33.9429
361,35,53,0,33.9429
361,35,54,0,33.9429
361,35,55,0,33.9429
361,35,56,0,33.9429
361,35,57,0,33.9429
361,35,58,0,33.9429
361,35,59,0,33.9429
361,35,60,0,33.9429
361,35,61,0,33.9429
361,35,62,0,33.9429
361,35,63,0,33.9429
