Shot Number,Number of events (secondary e.),Anode ID,Electrons in wire,Gas amplification  coefficient
20,1,0,0,1
20,1,1,0,1
20,1,2,0,1
20,1,3,0,1
20,1,4,0,1
20,1,5,0,1
20,1,6,0,1
20,1,7,0,1
20,1,8,0,1
20,1,9,0,1
20,1,10,0,1
20,1,11,0,1
20,1,12,0,1
20,1,13,0,1
20,1,14,0,1
20,1,15,0,1
20,1,16,0,1
20,1,17,0,1
20,1,18,0,1
20,1,19,0,1
20,1,20,0,1
20,1,21,0,1
20,1,22,0,1
20,1,23,0,1
20,1,24,0,1
20,1,25,0,1
20,1,26,0,1
20,1,27,0,1
20,1,28,0,1
20,1,29,0,1
20,1,30,0,1
20,1,31,0,1
20,1,32,1,1
20,1,33,0,1
20,1,34,0,1
20,1,35,0,1
20,1,36,0,1
20,1,37,0,1
20,1,38,0,1
20,1,39,0,1
20,1,40,0,1
20,1,41,0,1
20,1,42,0,1
20,1,43,0,1
20,1,44,0,1
20,1,45,0,1
20,1,46,0,1
20,1,47,0,1
20,1,48,0,1
20,1,49,0,1
20,1,50,0,1
20,1,51,0,1
20,1,52,0,1
20,1,53,0,1
20,1,54,0,1
20,1,55,0,1
20,1,56,0,1
20,1,57,0,1
20,1,58,0,1
20,1,59,0,1
20,1,60,0,1
20,1,61,0,1
20,1,62,0,1
20,1,63,0,1
20,2,0,0,1
20,2,1,0,1
20,2,2,0,1
20,2,3,0,1
20,2,4,0,1
20,2,5,0,1
20,2,6,0,1
20,2,7,0,1
20,2,8,0,1
20,2,9,0,1
20,2,10,0,1
20,2,11,0,1
20,2,12,0,1
20,2,13,0,1
20,2,14,0,1
20,2,15,0,1
20,2,16,0,1
20,2,17,0,1
20,2,18,0,1
20,2,19,0,1
20,2,20,0,1
20,2,21,0,1
20,2,22,0,1
20,2,23,0,1
20,2,24,0,1
20,2,25,0,1
20,2,26,0,1
20,2,27,0,1
20,2,28,0,1
20,2,29,0,1
20,2,30,0,1
20,2,31,0,1
20,2,32,2,1
20,2,33,0,1
20,2,34,0,1
20,2,35,0,1
20,2,36,0,1
20,2,37,0,1
20,2,38,0,1
20,2,39,0,1
20,2,40,0,1
20,2,41,0,1
20,2,42,0,1
20,2,43,0,1
20,2,44,0,1
20,2,45,0,1
20,2,46,0,1
20,2,47,0,1
20,2,48,0,1
20,2,49,0,1
20,2,50,0,1
20,2,51,0,1
20,2,52,0,1
20,2,53,0,1
20,2,54,0,1
20,2,55,0,1
20,2,56,0,1
20,2,57,0,1
20,2,58,0,1
20,2,59,0,1
20,2,60,0,1
20,2,61,0,1
20,2,62,0,1
20,2,63,0,1
20,3,0,0,1
20,3,1,0,1
20,3,2,0,1
20,3,3,0,1
20,3,4,0,1
20,3,5,0,1
20,3,6,0,1
20,3,7,0,1
20,3,8,0,1
20,3,9,0,1
20,3,10,0,1
20,3,11,0,1
20,3,12,0,1
20,3,13,0,1
20,3,14,0,1
20,3,15,0,1
20,3,16,0,1
20,3,17,0,1
20,3,18,0,1
20,3,19,0,1
20,3,20,0,1
20,3,21,0,1
20,3,22,0,1
20,3,23,0,1
20,3,24,0,1
20,3,25,0,1
20,3,26,0,1
20,3,27,0,1
20,3,28,0,1
20,3,29,0,1
20,3,30,0,1
20,3,31,0,1
20,3,32,3,1
20,3,33,0,1
20,3,34,0,1
20,3,35,0,1
20,3,36,0,1
20,3,37,0,1
20,3,38,0,1
20,3,39,0,1
20,3,40,0,1
20,3,41,0,1
20,3,42,0,1
20,3,43,0,1
20,3,44,0,1
20,3,45,0,1
20,3,46,0,1
20,3,47,0,1
20,3,48,0,1
20,3,49,0,1
20,3,50,0,1
20,3,51,0,1
20,3,52,0,1
20,3,53,0,1
20,3,54,0,1
20,3,55,0,1
20,3,56,0,1
20,3,57,0,1
20,3,58,0,1
20,3,59,0,1
20,3,60,0,1
20,3,61,0,1
20,3,62,0,1
20,3,63,0,1
20,4,0,0,1
20,4,1,0,1
20,4,2,0,1
20,4,3,0,1
20,4,4,0,1
20,4,5,0,1
20,4,6,0,1
20,4,7,0,1
20,4,8,0,1
20,4,9,0,1
20,4,10,0,1
20,4,11,0,1
20,4,12,0,1
20,4,13,0,1
20,4,14,0,1
20,4,15,0,1
20,4,16,0,1
20,4,17,0,1
20,4,18,0,1
20,4,19,0,1
20,4,20,0,1
20,4,21,0,1
20,4,22,0,1
20,4,23,0,1
20,4,24,0,1
20,4,25,0,1
20,4,26,0,1
20,4,27,0,1
20,4,28,0,1
20,4,29,0,1
20,4,30,0,1
20,4,31,0,1
20,4,32,4,1
20,4,33,0,1
20,4,34,0,1
20,4,35,0,1
20,4,36,0,1
20,4,37,0,1
20,4,38,0,1
20,4,39,0,1
20,4,40,0,1
20,4,41,0,1
20,4,42,0,1
20,4,43,0,1
20,4,44,0,1
20,4,45,0,1
20,4,46,0,1
20,4,47,0,1
20,4,48,0,1
20,4,49,0,1
20,4,50,0,1
20,4,51,0,1
20,4,52,0,1
20,4,53,0,1
20,4,54,0,1
20,4,55,0,1
20,4,56,0,1
20,4,57,0,1
20,4,58,0,1
20,4,59,0,1
20,4,60,0,1
20,4,61,0,1
20,4,62,0,1
20,4,63,0,1
20,5,0,0,1
20,5,1,0,1
20,5,2,0,1
20,5,3,0,1
20,5,4,0,1
20,5,5,0,1
20,5,6,0,1
20,5,7,0,1
20,5,8,0,1
20,5,9,0,1
20,5,10,0,1
20,5,11,0,1
20,5,12,0,1
20,5,13,0,1
20,5,14,0,1
20,5,15,0,1
20,5,16,0,1
20,5,17,0,1
20,5,18,0,1
20,5,19,0,1
20,5,20,0,1
20,5,21,0,1
20,5,22,0,1
20,5,23,0,1
20,5,24,0,1
20,5,25,0,1
20,5,26,0,1
20,5,27,0,1
20,5,28,0,1
20,5,29,0,1
20,5,30,0,1
20,5,31,0,1
20,5,32,5,1
20,5,33,0,1
20,5,34,0,1
20,5,35,0,1
20,5,36,0,1
20,5,37,0,1
20,5,38,0,1
20,5,39,0,1
20,5,40,0,1
20,5,41,0,1
20,5,42,0,1
20,5,43,0,1
20,5,44,0,1
20,5,45,0,1
20,5,46,0,1
20,5,47,0,1
20,5,48,0,1
20,5,49,0,1
20,5,50,0,1
20,5,51,0,1
20,5,52,0,1
20,5,53,0,1
20,5,54,0,1
20,5,55,0,1
20,5,56,0,1
20,5,57,0,1
20,5,58,0,1
20,5,59,0,1
20,5,60,0,1
20,5,61,0,1
20,5,62,0,1
20,5,63,0,1
20,6,0,0,1
20,6,1,0,1
20,6,2,0,1
20,6,3,0,1
20,6,4,0,1
20,6,5,0,1
20,6,6,0,1
20,6,7,0,1
20,6,8,0,1
20,6,9,0,1
20,6,10,0,1
20,6,11,0,1
20,6,12,0,1
20,6,13,0,1
20,6,14,0,1
20,6,15,0,1
20,6,16,0,1
20,6,17,0,1
20,6,18,0,1
20,6,19,0,1
20,6,20,0,1
20,6,21,0,1
20,6,22,0,1
20,6,23,0,1
20,6,24,0,1
20,6,25,0,1
20,6,26,0,1
20,6,27,0,1
20,6,28,0,1
20,6,29,0,1
20,6,30,0,1
20,6,31,0,1
20,6,32,6,1
20,6,33,0,1
20,6,34,0,1
20,6,35,0,1
20,6,36,0,1
20,6,37,0,1
20,6,38,0,1
20,6,39,0,1
20,6,40,0,1
20,6,41,0,1
20,6,42,0,1
20,6,43,0,1
20,6,44,0,1
20,6,45,0,1
20,6,46,0,1
20,6,47,0,1
20,6,48,0,1
20,6,49,0,1
20,6,50,0,1
20,6,51,0,1
20,6,52,0,1
20,6,53,0,1
20,6,54,0,1
20,6,55,0,1
20,6,56,0,1
20,6,57,0,1
20,6,58,0,1
20,6,59,0,1
20,6,60,0,1
20,6,61,0,1
20,6,62,0,1
20,6,63,0,1
20,7,0,0,1
20,7,1,0,1
20,7,2,0,1
20,7,3,0,1
20,7,4,0,1
20,7,5,0,1
20,7,6,0,1
20,7,7,0,1
20,7,8,0,1
20,7,9,0,1
20,7,10,0,1
20,7,11,0,1
20,7,12,0,1
20,7,13,0,1
20,7,14,0,1
20,7,15,0,1
20,7,16,0,1
20,7,17,0,1
20,7,18,0,1
20,7,19,0,1
20,7,20,0,1
20,7,21,0,1
20,7,22,0,1
20,7,23,0,1
20,7,24,0,1
20,7,25,0,1
20,7,26,0,1
20,7,27,0,1
20,7,28,0,1
20,7,29,0,1
20,7,30,0,1
20,7,31,0,1
20,7,32,7,1
20,7,33,0,1
20,7,34,0,1
20,7,35,0,1
20,7,36,0,1
20,7,37,0,1
20,7,38,0,1
20,7,39,0,1
20,7,40,0,1
20,7,41,0,1
20,7,42,0,1
20,7,43,0,1
20,7,44,0,1
20,7,45,0,1
20,7,46,0,1
20,7,47,0,1
20,7,48,0,1
20,7,49,0,1
20,7,50,0,1
20,7,51,0,1
20,7,52,0,1
20,7,53,0,1
20,7,54,0,1
20,7,55,0,1
20,7,56,0,1
20,7,57,0,1
20,7,58,0,1
20,7,59,0,1
20,7,60,0,1
20,7,61,0,1
20,7,62,0,1
20,7,63,0,1
20,8,0,0,1
20,8,1,0,1
20,8,2,0,1
20,8,3,0,1
20,8,4,0,1
20,8,5,0,1
20,8,6,0,1
20,8,7,0,1
20,8,8,0,1
20,8,9,0,1
20,8,10,0,1
20,8,11,0,1
20,8,12,0,1
20,8,13,0,1
20,8,14,0,1
20,8,15,0,1
20,8,16,0,1
20,8,17,0,1
20,8,18,0,1
20,8,19,0,1
20,8,20,0,1
20,8,21,0,1
20,8,22,0,1
20,8,23,0,1
20,8,24,0,1
20,8,25,0,1
20,8,26,0,1
20,8,27,0,1
20,8,28,0,1
20,8,29,0,1
20,8,30,0,1
20,8,31,0,1
20,8,32,8,1
20,8,33,0,1
20,8,34,0,1
20,8,35,0,1
20,8,36,0,1
20,8,37,0,1
20,8,38,0,1
20,8,39,0,1
20,8,40,0,1
20,8,41,0,1
20,8,42,0,1
20,8,43,0,1
20,8,44,0,1
20,8,45,0,1
20,8,46,0,1
20,8,47,0,1
20,8,48,0,1
20,8,49,0,1
20,8,50,0,1
20,8,51,0,1
20,8,52,0,1
20,8,53,0,1
20,8,54,0,1
20,8,55,0,1
20,8,56,0,1
20,8,57,0,1
20,8,58,0,1
20,8,59,0,1
20,8,60,0,1
20,8,61,0,1
20,8,62,0,1
20,8,63,0,1
20,9,0,0,1
20,9,1,0,1
20,9,2,0,1
20,9,3,0,1
20,9,4,0,1
20,9,5,0,1
20,9,6,0,1
20,9,7,0,1
20,9,8,0,1
20,9,9,0,1
20,9,10,0,1
20,9,11,0,1
20,9,12,0,1
20,9,13,0,1
20,9,14,0,1
20,9,15,0,1
20,9,16,0,1
20,9,17,0,1
20,9,18,0,1
20,9,19,0,1
20,9,20,0,1
20,9,21,0,1
20,9,22,0,1
20,9,23,0,1
20,9,24,0,1
20,9,25,0,1
20,9,26,0,1
20,9,27,0,1
20,9,28,0,1
20,9,29,0,1
20,9,30,0,1
20,9,31,0,1
20,9,32,9,1
20,9,33,0,1
20,9,34,0,1
20,9,35,0,1
20,9,36,0,1
20,9,37,0,1
20,9,38,0,1
20,9,39,0,1
20,9,40,0,1
20,9,41,0,1
20,9,42,0,1
20,9,43,0,1
20,9,44,0,1
20,9,45,0,1
20,9,46,0,1
20,9,47,0,1
20,9,48,0,1
20,9,49,0,1
20,9,50,0,1
20,9,51,0,1
20,9,52,0,1
20,9,53,0,1
20,9,54,0,1
20,9,55,0,1
20,9,56,0,1
20,9,57,0,1
20,9,58,0,1
20,9,59,0,1
20,9,60,0,1
20,9,61,0,1
20,9,62,0,1
20,9,63,0,1
20,10,0,0,1
20,10,1,0,1
20,10,2,0,1
20,10,3,0,1
20,10,4,0,1
20,10,5,0,1
20,10,6,0,1
20,10,7,0,1
20,10,8,0,1
20,10,9,0,1
20,10,10,0,1
20,10,11,0,1
20,10,12,0,1
20,10,13,0,1
20,10,14,0,1
20,10,15,0,1
20,10,16,0,1
20,10,17,0,1
20,10,18,0,1
20,10,19,0,1
20,10,20,0,1
20,10,21,0,1
20,10,22,0,1
20,10,23,0,1
20,10,24,0,1
20,10,25,0,1
20,10,26,0,1
20,10,27,0,1
20,10,28,0,1
20,10,29,0,1
20,10,30,0,1
20,10,31,0,1
20,10,32,10,1
20,10,33,0,1
20,10,34,0,1
20,10,35,0,1
20,10,36,0,1
20,10,37,0,1
20,10,38,0,1
20,10,39,0,1
20,10,40,0,1
20,10,41,0,1
20,10,42,0,1
20,10,43,0,1
20,10,44,0,1
20,10,45,0,1
20,10,46,0,1
20,10,47,0,1
20,10,48,0,1
20,10,49,0,1
20,10,50,0,1
20,10,51,0,1
20,10,52,0,1
20,10,53,0,1
20,10,54,0,1
20,10,55,0,1
20,10,56,0,1
20,10,57,0,1
20,10,58,0,1
20,10,59,0,1
20,10,60,0,1
20,10,61,0,1
20,10,62,0,1
20,10,63,0,1
20,11,0,0,1
20,11,1,0,1
20,11,2,0,1
20,11,3,0,1
20,11,4,0,1
20,11,5,0,1
20,11,6,0,1
20,11,7,0,1
20,11,8,0,1
20,11,9,0,1
20,11,10,0,1
20,11,11,0,1
20,11,12,0,1
20,11,13,0,1
20,11,14,0,1
20,11,15,0,1
20,11,16,0,1
20,11,17,0,1
20,11,18,0,1
20,11,19,0,1
20,11,20,0,1
20,11,21,0,1
20,11,22,0,1
20,11,23,0,1
20,11,24,0,1
20,11,25,0,1
20,11,26,0,1
20,11,27,0,1
20,11,28,0,1
20,11,29,0,1
20,11,30,0,1
20,11,31,0,1
20,11,32,11,1
20,11,33,0,1
20,11,34,0,1
20,11,35,0,1
20,11,36,0,1
20,11,37,0,1
20,11,38,0,1
20,11,39,0,1
20,11,40,0,1
20,11,41,0,1
20,11,42,0,1
20,11,43,0,1
20,11,44,0,1
20,11,45,0,1
20,11,46,0,1
20,11,47,0,1
20,11,48,0,1
20,11,49,0,1
20,11,50,0,1
20,11,51,0,1
20,11,52,0,1
20,11,53,0,1
20,11,54,0,1
20,11,55,0,1
20,11,56,0,1
20,11,57,0,1
20,11,58,0,1
20,11,59,0,1
20,11,60,0,1
20,11,61,0,1
20,11,62,0,1
20,11,63,0,1
20,12,0,0,1
20,12,1,0,1
20,12,2,0,1
20,12,3,0,1
20,12,4,0,1
20,12,5,0,1
20,12,6,0,1
20,12,7,0,1
20,12,8,0,1
20,12,9,0,1
20,12,10,0,1
20,12,11,0,1
20,12,12,0,1
20,12,13,0,1
20,12,14,0,1
20,12,15,0,1
20,12,16,0,1
20,12,17,0,1
20,12,18,0,1
20,12,19,0,1
20,12,20,0,1
20,12,21,0,1
20,12,22,0,1
20,12,23,0,1
20,12,24,0,1
20,12,25,0,1
20,12,26,0,1
20,12,27,0,1
20,12,28,0,1
20,12,29,0,1
20,12,30,0,1
20,12,31,0,1
20,12,32,12,1
20,12,33,0,1
20,12,34,0,1
20,12,35,0,1
20,12,36,0,1
20,12,37,0,1
20,12,38,0,1
20,12,39,0,1
20,12,40,0,1
20,12,41,0,1
20,12,42,0,1
20,12,43,0,1
20,12,44,0,1
20,12,45,0,1
20,12,46,0,1
20,12,47,0,1
20,12,48,0,1
20,12,49,0,1
20,12,50,0,1
20,12,51,0,1
20,12,52,0,1
20,12,53,0,1
20,12,54,0,1
20,12,55,0,1
20,12,56,0,1
20,12,57,0,1
20,12,58,0,1
20,12,59,0,1
20,12,60,0,1
20,12,61,0,1
20,12,62,0,1
20,12,63,0,1
20,13,0,0,1
20,13,1,0,1
20,13,2,0,1
20,13,3,0,1
20,13,4,0,1
20,13,5,0,1
20,13,6,0,1
20,13,7,0,1
20,13,8,0,1
20,13,9,0,1
20,13,10,0,1
20,13,11,0,1
20,13,12,0,1
20,13,13,0,1
20,13,14,0,1
20,13,15,0,1
20,13,16,0,1
20,13,17,0,1
20,13,18,0,1
20,13,19,0,1
20,13,20,0,1
20,13,21,0,1
20,13,22,0,1
20,13,23,0,1
20,13,24,0,1
20,13,25,0,1
20,13,26,0,1
20,13,27,0,1
20,13,28,0,1
20,13,29,0,1
20,13,30,0,1
20,13,31,0,1
20,13,32,13,1
20,13,33,0,1
20,13,34,0,1
20,13,35,0,1
20,13,36,0,1
20,13,37,0,1
20,13,38,0,1
20,13,39,0,1
20,13,40,0,1
20,13,41,0,1
20,13,42,0,1
20,13,43,0,1
20,13,44,0,1
20,13,45,0,1
20,13,46,0,1
20,13,47,0,1
20,13,48,0,1
20,13,49,0,1
20,13,50,0,1
20,13,51,0,1
20,13,52,0,1
20,13,53,0,1
20,13,54,0,1
20,13,55,0,1
20,13,56,0,1
20,13,57,0,1
20,13,58,0,1
20,13,59,0,1
20,13,60,0,1
20,13,61,0,1
20,13,62,0,1
20,13,63,0,1
20,14,0,0,1
20,14,1,0,1
20,14,2,0,1
20,14,3,0,1
20,14,4,0,1
20,14,5,0,1
20,14,6,0,1
20,14,7,0,1
20,14,8,0,1
20,14,9,0,1
20,14,10,0,1
20,14,11,0,1
20,14,12,0,1
20,14,13,0,1
20,14,14,0,1
20,14,15,0,1
20,14,16,0,1
20,14,17,0,1
20,14,18,0,1
20,14,19,0,1
20,14,20,0,1
20,14,21,0,1
20,14,22,0,1
20,14,23,0,1
20,14,24,0,1
20,14,25,0,1
20,14,26,0,1
20,14,27,0,1
20,14,28,0,1
20,14,29,0,1
20,14,30,0,1
20,14,31,0,1
20,14,32,14,1
20,14,33,0,1
20,14,34,0,1
20,14,35,0,1
20,14,36,0,1
20,14,37,0,1
20,14,38,0,1
20,14,39,0,1
20,14,40,0,1
20,14,41,0,1
20,14,42,0,1
20,14,43,0,1
20,14,44,0,1
20,14,45,0,1
20,14,46,0,1
20,14,47,0,1
20,14,48,0,1
20,14,49,0,1
20,14,50,0,1
20,14,51,0,1
20,14,52,0,1
20,14,53,0,1
20,14,54,0,1
20,14,55,0,1
20,14,56,0,1
20,14,57,0,1
20,14,58,0,1
20,14,59,0,1
20,14,60,0,1
20,14,61,0,1
20,14,62,0,1
20,14,63,0,1
20,15,0,0,1
20,15,1,0,1
20,15,2,0,1
20,15,3,0,1
20,15,4,0,1
20,15,5,0,1
20,15,6,0,1
20,15,7,0,1
20,15,8,0,1
20,15,9,0,1
20,15,10,0,1
20,15,11,0,1
20,15,12,0,1
20,15,13,0,1
20,15,14,0,1
20,15,15,0,1
20,15,16,0,1
20,15,17,0,1
20,15,18,0,1
20,15,19,0,1
20,15,20,0,1
20,15,21,0,1
20,15,22,0,1
20,15,23,0,1
20,15,24,0,1
20,15,25,0,1
20,15,26,0,1
20,15,27,0,1
20,15,28,0,1
20,15,29,0,1
20,15,30,0,1
20,15,31,0,1
20,15,32,15,1
20,15,33,0,1
20,15,34,0,1
20,15,35,0,1
20,15,36,0,1
20,15,37,0,1
20,15,38,0,1
20,15,39,0,1
20,15,40,0,1
20,15,41,0,1
20,15,42,0,1
20,15,43,0,1
20,15,44,0,1
20,15,45,0,1
20,15,46,0,1
20,15,47,0,1
20,15,48,0,1
20,15,49,0,1
20,15,50,0,1
20,15,51,0,1
20,15,52,0,1
20,15,53,0,1
20,15,54,0,1
20,15,55,0,1
20,15,56,0,1
20,15,57,0,1
20,15,58,0,1
20,15,59,0,1
20,15,60,0,1
20,15,61,0,1
20,15,62,0,1
20,15,63,0,1
20,16,0,0,1
20,16,1,0,1
20,16,2,0,1
20,16,3,0,1
20,16,4,0,1
20,16,5,0,1
20,16,6,0,1
20,16,7,0,1
20,16,8,0,1
20,16,9,0,1
20,16,10,0,1
20,16,11,0,1
20,16,12,0,1
20,16,13,0,1
20,16,14,0,1
20,16,15,0,1
20,16,16,0,1
20,16,17,0,1
20,16,18,0,1
20,16,19,0,1
20,16,20,0,1
20,16,21,0,1
20,16,22,0,1
20,16,23,0,1
20,16,24,0,1
20,16,25,0,1
20,16,26,0,1
20,16,27,0,1
20,16,28,0,1
20,16,29,0,1
20,16,30,0,1
20,16,31,0,1
20,16,32,16,1
20,16,33,0,1
20,16,34,0,1
20,16,35,0,1
20,16,36,0,1
20,16,37,0,1
20,16,38,0,1
20,16,39,0,1
20,16,40,0,1
20,16,41,0,1
20,16,42,0,1
20,16,43,0,1
20,16,44,0,1
20,16,45,0,1
20,16,46,0,1
20,16,47,0,1
20,16,48,0,1
20,16,49,0,1
20,16,50,0,1
20,16,51,0,1
20,16,52,0,1
20,16,53,0,1
20,16,54,0,1
20,16,55,0,1
20,16,56,0,1
20,16,57,0,1
20,16,58,0,1
20,16,59,0,1
20,16,60,0,1
20,16,61,0,1
20,16,62,0,1
20,16,63,0,1
20,17,0,0,1
20,17,1,0,1
20,17,2,0,1
20,17,3,0,1
20,17,4,0,1
20,17,5,0,1
20,17,6,0,1
20,17,7,0,1
20,17,8,0,1
20,17,9,0,1
20,17,10,0,1
20,17,11,0,1
20,17,12,0,1
20,17,13,0,1
20,17,14,0,1
20,17,15,0,1
20,17,16,0,1
20,17,17,0,1
20,17,18,0,1
20,17,19,0,1
20,17,20,0,1
20,17,21,0,1
20,17,22,0,1
20,17,23,0,1
20,17,24,0,1
20,17,25,0,1
20,17,26,0,1
20,17,27,0,1
20,17,28,0,1
20,17,29,0,1
20,17,30,0,1
20,17,31,0,1
20,17,32,17,1
20,17,33,0,1
20,17,34,0,1
20,17,35,0,1
20,17,36,0,1
20,17,37,0,1
20,17,38,0,1
20,17,39,0,1
20,17,40,0,1
20,17,41,0,1
20,17,42,0,1
20,17,43,0,1
20,17,44,0,1
20,17,45,0,1
20,17,46,0,1
20,17,47,0,1
20,17,48,0,1
20,17,49,0,1
20,17,50,0,1
20,17,51,0,1
20,17,52,0,1
20,17,53,0,1
20,17,54,0,1
20,17,55,0,1
20,17,56,0,1
20,17,57,0,1
20,17,58,0,1
20,17,59,0,1
20,17,60,0,1
20,17,61,0,1
20,17,62,0,1
20,17,63,0,1
20,18,0,0,1
20,18,1,0,1
20,18,2,0,1
20,18,3,0,1
20,18,4,0,1
20,18,5,0,1
20,18,6,0,1
20,18,7,0,1
20,18,8,0,1
20,18,9,0,1
20,18,10,0,1
20,18,11,0,1
20,18,12,0,1
20,18,13,0,1
20,18,14,0,1
20,18,15,0,1
20,18,16,0,1
20,18,17,0,1
20,18,18,0,1
20,18,19,0,1
20,18,20,0,1
20,18,21,0,1
20,18,22,0,1
20,18,23,0,1
20,18,24,0,1
20,18,25,0,1
20,18,26,0,1
20,18,27,0,1
20,18,28,0,1
20,18,29,0,1
20,18,30,0,1
20,18,31,0,1
20,18,32,18,1
20,18,33,0,1
20,18,34,0,1
20,18,35,0,1
20,18,36,0,1
20,18,37,0,1
20,18,38,0,1
20,18,39,0,1
20,18,40,0,1
20,18,41,0,1
20,18,42,0,1
20,18,43,0,1
20,18,44,0,1
20,18,45,0,1
20,18,46,0,1
20,18,47,0,1
20,18,48,0,1
20,18,49,0,1
20,18,50,0,1
20,18,51,0,1
20,18,52,0,1
20,18,53,0,1
20,18,54,0,1
20,18,55,0,1
20,18,56,0,1
20,18,57,0,1
20,18,58,0,1
20,18,59,0,1
20,18,60,0,1
20,18,61,0,1
20,18,62,0,1
20,18,63,0,1
20,19,0,0,1
20,19,1,0,1
20,19,2,0,1
20,19,3,0,1
20,19,4,0,1
20,19,5,0,1
20,19,6,0,1
20,19,7,0,1
20,19,8,0,1
20,19,9,0,1
20,19,10,0,1
20,19,11,0,1
20,19,12,0,1
20,19,13,0,1
20,19,14,0,1
20,19,15,0,1
20,19,16,0,1
20,19,17,0,1
20,19,18,0,1
20,19,19,0,1
20,19,20,0,1
20,19,21,0,1
20,19,22,0,1
20,19,23,0,1
20,19,24,0,1
20,19,25,0,1
20,19,26,0,1
20,19,27,0,1
20,19,28,0,1
20,19,29,0,1
20,19,30,0,1
20,19,31,0,1
20,19,32,19,1
20,19,33,0,1
20,19,34,0,1
20,19,35,0,1
20,19,36,0,1
20,19,37,0,1
20,19,38,0,1
20,19,39,0,1
20,19,40,0,1
20,19,41,0,1
20,19,42,0,1
20,19,43,0,1
20,19,44,0,1
20,19,45,0,1
20,19,46,0,1
20,19,47,0,1
20,19,48,0,1
20,19,49,0,1
20,19,50,0,1
20,19,51,0,1
20,19,52,0,1
20,19,53,0,1
20,19,54,0,1
20,19,55,0,1
20,19,56,0,1
20,19,57,0,1
20,19,58,0,1
20,19,59,0,1
20,19,60,0,1
20,19,61,0,1
20,19,62,0,1
20,19,63,0,1
20,20,0,0,1
20,20,1,0,1
20,20,2,0,1
20,20,3,0,1
20,20,4,0,1
20,20,5,0,1
20,20,6,0,1
20,20,7,0,1
20,20,8,0,1
20,20,9,0,1
20,20,10,0,1
20,20,11,0,1
20,20,12,0,1
20,20,13,0,1
20,20,14,0,1
20,20,15,0,1
20,20,16,0,1
20,20,17,0,1
20,20,18,0,1
20,20,19,0,1
20,20,20,0,1
20,20,21,0,1
20,20,22,0,1
20,20,23,0,1
20,20,24,0,1
20,20,25,0,1
20,20,26,0,1
20,20,27,0,1
20,20,28,0,1
20,20,29,0,1
20,20,30,0,1
20,20,31,0,1
20,20,32,20,1
20,20,33,0,1
20,20,34,0,1
20,20,35,0,1
20,20,36,0,1
20,20,37,0,1
20,20,38,0,1
20,20,39,0,1
20,20,40,0,1
20,20,41,0,1
20,20,42,0,1
20,20,43,0,1
20,20,44,0,1
20,20,45,0,1
20,20,46,0,1
20,20,47,0,1
20,20,48,0,1
20,20,49,0,1
20,20,50,0,1
20,20,51,0,1
20,20,52,0,1
20,20,53,0,1
20,20,54,0,1
20,20,55,0,1
20,20,56,0,1
20,20,57,0,1
20,20,58,0,1
20,20,59,0,1
20,20,60,0,1
20,20,61,0,1
20,20,62,0,1
20,20,63,0,1
20,21,0,0,1
20,21,1,0,1
20,21,2,0,1
20,21,3,0,1
20,21,4,0,1
20,21,5,0,1
20,21,6,0,1
20,21,7,0,1
20,21,8,0,1
20,21,9,0,1
20,21,10,0,1
20,21,11,0,1
20,21,12,0,1
20,21,13,0,1
20,21,14,0,1
20,21,15,0,1
20,21,16,0,1
20,21,17,0,1
20,21,18,0,1
20,21,19,0,1
20,21,20,0,1
20,21,21,0,1
20,21,22,0,1
20,21,23,0,1
20,21,24,0,1
20,21,25,0,1
20,21,26,0,1
20,21,27,0,1
20,21,28,0,1
20,21,29,0,1
20,21,30,0,1
20,21,31,0,1
20,21,32,21,1
20,21,33,0,1
20,21,34,0,1
20,21,35,0,1
20,21,36,0,1
20,21,37,0,1
20,21,38,0,1
20,21,39,0,1
20,21,40,0,1
20,21,41,0,1
20,21,42,0,1
20,21,43,0,1
20,21,44,0,1
20,21,45,0,1
20,21,46,0,1
20,21,47,0,1
20,21,48,0,1
20,21,49,0,1
20,21,50,0,1
20,21,51,0,1
20,21,52,0,1
20,21,53,0,1
20,21,54,0,1
20,21,55,0,1
20,21,56,0,1
20,21,57,0,1
20,21,58,0,1
20,21,59,0,1
20,21,60,0,1
20,21,61,0,1
20,21,62,0,1
20,21,63,0,1
20,22,0,0,1
20,22,1,0,1
20,22,2,0,1
20,22,3,0,1
20,22,4,0,1
20,22,5,0,1
20,22,6,0,1
20,22,7,0,1
20,22,8,0,1
20,22,9,0,1
20,22,10,0,1
20,22,11,0,1
20,22,12,0,1
20,22,13,0,1
20,22,14,0,1
20,22,15,0,1
20,22,16,0,1
20,22,17,0,1
20,22,18,0,1
20,22,19,0,1
20,22,20,0,1
20,22,21,0,1
20,22,22,0,1
20,22,23,0,1
20,22,24,0,1
20,22,25,0,1
20,22,26,0,1
20,22,27,0,1
20,22,28,0,1
20,22,29,0,1
20,22,30,0,1
20,22,31,0,1
20,22,32,22,1
20,22,33,0,1
20,22,34,0,1
20,22,35,0,1
20,22,36,0,1
20,22,37,0,1
20,22,38,0,1
20,22,39,0,1
20,22,40,0,1
20,22,41,0,1
20,22,42,0,1
20,22,43,0,1
20,22,44,0,1
20,22,45,0,1
20,22,46,0,1
20,22,47,0,1
20,22,48,0,1
20,22,49,0,1
20,22,50,0,1
20,22,51,0,1
20,22,52,0,1
20,22,53,0,1
20,22,54,0,1
20,22,55,0,1
20,22,56,0,1
20,22,57,0,1
20,22,58,0,1
20,22,59,0,1
20,22,60,0,1
20,22,61,0,1
20,22,62,0,1
20,22,63,0,1
20,23,0,0,1
20,23,1,0,1
20,23,2,0,1
20,23,3,0,1
20,23,4,0,1
20,23,5,0,1
20,23,6,0,1
20,23,7,0,1
20,23,8,0,1
20,23,9,0,1
20,23,10,0,1
20,23,11,0,1
20,23,12,0,1
20,23,13,0,1
20,23,14,0,1
20,23,15,0,1
20,23,16,0,1
20,23,17,0,1
20,23,18,0,1
20,23,19,0,1
20,23,20,0,1
20,23,21,0,1
20,23,22,0,1
20,23,23,0,1
20,23,24,0,1
20,23,25,0,1
20,23,26,0,1
20,23,27,0,1
20,23,28,0,1
20,23,29,0,1
20,23,30,0,1
20,23,31,0,1
20,23,32,23,1
20,23,33,0,1
20,23,34,0,1
20,23,35,0,1
20,23,36,0,1
20,23,37,0,1
20,23,38,0,1
20,23,39,0,1
20,23,40,0,1
20,23,41,0,1
20,23,42,0,1
20,23,43,0,1
20,23,44,0,1
20,23,45,0,1
20,23,46,0,1
20,23,47,0,1
20,23,48,0,1
20,23,49,0,1
20,23,50,0,1
20,23,51,0,1
20,23,52,0,1
20,23,53,0,1
20,23,54,0,1
20,23,55,0,1
20,23,56,0,1
20,23,57,0,1
20,23,58,0,1
20,23,59,0,1
20,23,60,0,1
20,23,61,0,1
20,23,62,0,1
20,23,63,0,1
20,24,0,0,1
20,24,1,0,1
20,24,2,0,1
20,24,3,0,1
20,24,4,0,1
20,24,5,0,1
20,24,6,0,1
20,24,7,0,1
20,24,8,0,1
20,24,9,0,1
20,24,10,0,1
20,24,11,0,1
20,24,12,0,1
20,24,13,0,1
20,24,14,0,1
20,24,15,0,1
20,24,16,0,1
20,24,17,0,1
20,24,18,0,1
20,24,19,0,1
20,24,20,0,1
20,24,21,0,1
20,24,22,0,1
20,24,23,0,1
20,24,24,0,1
20,24,25,0,1
20,24,26,0,1
20,24,27,0,1
20,24,28,0,1
20,24,29,0,1
20,24,30,0,1
20,24,31,0,1
20,24,32,24,1
20,24,33,0,1
20,24,34,0,1
20,24,35,0,1
20,24,36,0,1
20,24,37,0,1
20,24,38,0,1
20,24,39,0,1
20,24,40,0,1
20,24,41,0,1
20,24,42,0,1
20,24,43,0,1
20,24,44,0,1
20,24,45,0,1
20,24,46,0,1
20,24,47,0,1
20,24,48,0,1
20,24,49,0,1
20,24,50,0,1
20,24,51,0,1
20,24,52,0,1
20,24,53,0,1
20,24,54,0,1
20,24,55,0,1
20,24,56,0,1
20,24,57,0,1
20,24,58,0,1
20,24,59,0,1
20,24,60,0,1
20,24,61,0,1
20,24,62,0,1
20,24,63,0,1
20,25,0,0,1
20,25,1,0,1
20,25,2,0,1
20,25,3,0,1
20,25,4,0,1
20,25,5,0,1
20,25,6,0,1
20,25,7,0,1
20,25,8,0,1
20,25,9,0,1
20,25,10,0,1
20,25,11,0,1
20,25,12,0,1
20,25,13,0,1
20,25,14,0,1
20,25,15,0,1
20,25,16,0,1
20,25,17,0,1
20,25,18,0,1
20,25,19,0,1
20,25,20,0,1
20,25,21,0,1
20,25,22,0,1
20,25,23,0,1
20,25,24,0,1
20,25,25,0,1
20,25,26,0,1
20,25,27,0,1
20,25,28,0,1
20,25,29,0,1
20,25,30,0,1
20,25,31,0,1
20,25,32,25,1
20,25,33,0,1
20,25,34,0,1
20,25,35,0,1
20,25,36,0,1
20,25,37,0,1
20,25,38,0,1
20,25,39,0,1
20,25,40,0,1
20,25,41,0,1
20,25,42,0,1
20,25,43,0,1
20,25,44,0,1
20,25,45,0,1
20,25,46,0,1
20,25,47,0,1
20,25,48,0,1
20,25,49,0,1
20,25,50,0,1
20,25,51,0,1
20,25,52,0,1
20,25,53,0,1
20,25,54,0,1
20,25,55,0,1
20,25,56,0,1
20,25,57,0,1
20,25,58,0,1
20,25,59,0,1
20,25,60,0,1
20,25,61,0,1
20,25,62,0,1
20,25,63,0,1
20,26,0,0,1
20,26,1,0,1
20,26,2,0,1
20,26,3,0,1
20,26,4,0,1
20,26,5,0,1
20,26,6,0,1
20,26,7,0,1
20,26,8,0,1
20,26,9,0,1
20,26,10,0,1
20,26,11,0,1
20,26,12,0,1
20,26,13,0,1
20,26,14,0,1
20,26,15,0,1
20,26,16,0,1
20,26,17,0,1
20,26,18,0,1
20,26,19,0,1
20,26,20,0,1
20,26,21,0,1
20,26,22,0,1
20,26,23,0,1
20,26,24,0,1
20,26,25,0,1
20,26,26,0,1
20,26,27,0,1
20,26,28,0,1
20,26,29,0,1
20,26,30,0,1
20,26,31,0,1
20,26,32,26,1
20,26,33,0,1
20,26,34,0,1
20,26,35,0,1
20,26,36,0,1
20,26,37,0,1
20,26,38,0,1
20,26,39,0,1
20,26,40,0,1
20,26,41,0,1
20,26,42,0,1
20,26,43,0,1
20,26,44,0,1
20,26,45,0,1
20,26,46,0,1
20,26,47,0,1
20,26,48,0,1
20,26,49,0,1
20,26,50,0,1
20,26,51,0,1
20,26,52,0,1
20,26,53,0,1
20,26,54,0,1
20,26,55,0,1
20,26,56,0,1
20,26,57,0,1
20,26,58,0,1
20,26,59,0,1
20,26,60,0,1
20,26,61,0,1
20,26,62,0,1
20,26,63,0,1
20,27,0,0,1
20,27,1,0,1
20,27,2,0,1
20,27,3,0,1
20,27,4,0,1
20,27,5,0,1
20,27,6,0,1
20,27,7,0,1
20,27,8,0,1
20,27,9,0,1
20,27,10,0,1
20,27,11,0,1
20,27,12,0,1
20,27,13,0,1
20,27,14,0,1
20,27,15,0,1
20,27,16,0,1
20,27,17,0,1
20,27,18,0,1
20,27,19,0,1
20,27,20,0,1
20,27,21,0,1
20,27,22,0,1
20,27,23,0,1
20,27,24,0,1
20,27,25,0,1
20,27,26,0,1
20,27,27,0,1
20,27,28,0,1
20,27,29,0,1
20,27,30,0,1
20,27,31,0,1
20,27,32,27,1
20,27,33,0,1
20,27,34,0,1
20,27,35,0,1
20,27,36,0,1
20,27,37,0,1
20,27,38,0,1
20,27,39,0,1
20,27,40,0,1
20,27,41,0,1
20,27,42,0,1
20,27,43,0,1
20,27,44,0,1
20,27,45,0,1
20,27,46,0,1
20,27,47,0,1
20,27,48,0,1
20,27,49,0,1
20,27,50,0,1
20,27,51,0,1
20,27,52,0,1
20,27,53,0,1
20,27,54,0,1
20,27,55,0,1
20,27,56,0,1
20,27,57,0,1
20,27,58,0,1
20,27,59,0,1
20,27,60,0,1
20,27,61,0,1
20,27,62,0,1
20,27,63,0,1
20,28,0,0,1
20,28,1,0,1
20,28,2,0,1
20,28,3,0,1
20,28,4,0,1
20,28,5,0,1
20,28,6,0,1
20,28,7,0,1
20,28,8,0,1
20,28,9,0,1
20,28,10,0,1
20,28,11,0,1
20,28,12,0,1
20,28,13,0,1
20,28,14,0,1
20,28,15,0,1
20,28,16,0,1
20,28,17,0,1
20,28,18,0,1
20,28,19,0,1
20,28,20,0,1
20,28,21,0,1
20,28,22,0,1
20,28,23,0,1
20,28,24,0,1
20,28,25,0,1
20,28,26,0,1
20,28,27,0,1
20,28,28,0,1
20,28,29,0,1
20,28,30,0,1
20,28,31,0,1
20,28,32,28,1
20,28,33,0,1
20,28,34,0,1
20,28,35,0,1
20,28,36,0,1
20,28,37,0,1
20,28,38,0,1
20,28,39,0,1
20,28,40,0,1
20,28,41,0,1
20,28,42,0,1
20,28,43,0,1
20,28,44,0,1
20,28,45,0,1
20,28,46,0,1
20,28,47,0,1
20,28,48,0,1
20,28,49,0,1
20,28,50,0,1
20,28,51,0,1
20,28,52,0,1
20,28,53,0,1
20,28,54,0,1
20,28,55,0,1
20,28,56,0,1
20,28,57,0,1
20,28,58,0,1
20,28,59,0,1
20,28,60,0,1
20,28,61,0,1
20,28,62,0,1
20,28,63,0,1
20,29,0,0,1
20,29,1,0,1
20,29,2,0,1
20,29,3,0,1
20,29,4,0,1
20,29,5,0,1
20,29,6,0,1
20,29,7,0,1
20,29,8,0,1
20,29,9,0,1
20,29,10,0,1
20,29,11,0,1
20,29,12,0,1
20,29,13,0,1
20,29,14,0,1
20,29,15,0,1
20,29,16,0,1
20,29,17,0,1
20,29,18,0,1
20,29,19,0,1
20,29,20,0,1
20,29,21,0,1
20,29,22,0,1
20,29,23,0,1
20,29,24,0,1
20,29,25,0,1
20,29,26,0,1
20,29,27,0,1
20,29,28,0,1
20,29,29,0,1
20,29,30,0,1
20,29,31,0,1
20,29,32,29,1
20,29,33,0,1
20,29,34,0,1
20,29,35,0,1
20,29,36,0,1
20,29,37,0,1
20,29,38,0,1
20,29,39,0,1
20,29,40,0,1
20,29,41,0,1
20,29,42,0,1
20,29,43,0,1
20,29,44,0,1
20,29,45,0,1
20,29,46,0,1
20,29,47,0,1
20,29,48,0,1
20,29,49,0,1
20,29,50,0,1
20,29,51,0,1
20,29,52,0,1
20,29,53,0,1
20,29,54,0,1
20,29,55,0,1
20,29,56,0,1
20,29,57,0,1
20,29,58,0,1
20,29,59,0,1
20,29,60,0,1
20,29,61,0,1
20,29,62,0,1
20,29,63,0,1
20,30,0,0,1
20,30,1,0,1
20,30,2,0,1
20,30,3,0,1
20,30,4,0,1
20,30,5,0,1
20,30,6,0,1
20,30,7,0,1
20,30,8,0,1
20,30,9,0,1
20,30,10,0,1
20,30,11,0,1
20,30,12,0,1
20,30,13,0,1
20,30,14,0,1
20,30,15,0,1
20,30,16,0,1
20,30,17,0,1
20,30,18,0,1
20,30,19,0,1
20,30,20,0,1
20,30,21,0,1
20,30,22,0,1
20,30,23,0,1
20,30,24,0,1
20,30,25,0,1
20,30,26,0,1
20,30,27,0,1
20,30,28,0,1
20,30,29,0,1
20,30,30,0,1
20,30,31,0,1
20,30,32,30,1
20,30,33,0,1
20,30,34,0,1
20,30,35,0,1
20,30,36,0,1
20,30,37,0,1
20,30,38,0,1
20,30,39,0,1
20,30,40,0,1
20,30,41,0,1
20,30,42,0,1
20,30,43,0,1
20,30,44,0,1
20,30,45,0,1
20,30,46,0,1
20,30,47,0,1
20,30,48,0,1
20,30,49,0,1
20,30,50,0,1
20,30,51,0,1
20,30,52,0,1
20,30,53,0,1
20,30,54,0,1
20,30,55,0,1
20,30,56,0,1
20,30,57,0,1
20,30,58,0,1
20,30,59,0,1
20,30,60,0,1
20,30,61,0,1
20,30,62,0,1
20,30,63,0,1
20,31,0,0,1
20,31,1,0,1
20,31,2,0,1
20,31,3,0,1
20,31,4,0,1
20,31,5,0,1
20,31,6,0,1
20,31,7,0,1
20,31,8,0,1
20,31,9,0,1
20,31,10,0,1
20,31,11,0,1
20,31,12,0,1
20,31,13,0,1
20,31,14,0,1
20,31,15,0,1
20,31,16,0,1
20,31,17,0,1
20,31,18,0,1
20,31,19,0,1
20,31,20,0,1
20,31,21,0,1
20,31,22,0,1
20,31,23,0,1
20,31,24,0,1
20,31,25,0,1
20,31,26,0,1
20,31,27,0,1
20,31,28,0,1
20,31,29,0,1
20,31,30,0,1
20,31,31,0,1
20,31,32,31,1
20,31,33,0,1
20,31,34,0,1
20,31,35,0,1
20,31,36,0,1
20,31,37,0,1
20,31,38,0,1
20,31,39,0,1
20,31,40,0,1
20,31,41,0,1
20,31,42,0,1
20,31,43,0,1
20,31,44,0,1
20,31,45,0,1
20,31,46,0,1
20,31,47,0,1
20,31,48,0,1
20,31,49,0,1
20,31,50,0,1
20,31,51,0,1
20,31,52,0,1
20,31,53,0,1
20,31,54,0,1
20,31,55,0,1
20,31,56,0,1
20,31,57,0,1
20,31,58,0,1
20,31,59,0,1
20,31,60,0,1
20,31,61,0,1
20,31,62,0,1
20,31,63,0,1
20,32,0,0,1
20,32,1,0,1
20,32,2,0,1
20,32,3,0,1
20,32,4,0,1
20,32,5,0,1
20,32,6,0,1
20,32,7,0,1
20,32,8,0,1
20,32,9,0,1
20,32,10,0,1
20,32,11,0,1
20,32,12,0,1
20,32,13,0,1
20,32,14,0,1
20,32,15,0,1
20,32,16,0,1
20,32,17,0,1
20,32,18,0,1
20,32,19,0,1
20,32,20,0,1
20,32,21,0,1
20,32,22,0,1
20,32,23,0,1
20,32,24,0,1
20,32,25,0,1
20,32,26,0,1
20,32,27,0,1
20,32,28,0,1
20,32,29,0,1
20,32,30,0,1
20,32,31,0,1
20,32,32,32,1
20,32,33,0,1
20,32,34,0,1
20,32,35,0,1
20,32,36,0,1
20,32,37,0,1
20,32,38,0,1
20,32,39,0,1
20,32,40,0,1
20,32,41,0,1
20,32,42,0,1
20,32,43,0,1
20,32,44,0,1
20,32,45,0,1
20,32,46,0,1
20,32,47,0,1
20,32,48,0,1
20,32,49,0,1
20,32,50,0,1
20,32,51,0,1
20,32,52,0,1
20,32,53,0,1
20,32,54,0,1
20,32,55,0,1
20,32,56,0,1
20,32,57,0,1
20,32,58,0,1
20,32,59,0,1
20,32,60,0,1
20,32,61,0,1
20,32,62,0,1
20,32,63,0,1
20,33,0,0,1
20,33,1,0,1
20,33,2,0,1
20,33,3,0,1
20,33,4,0,1
20,33,5,0,1
20,33,6,0,1
20,33,7,0,1
20,33,8,0,1
20,33,9,0,1
20,33,10,0,1
20,33,11,0,1
20,33,12,0,1
20,33,13,0,1
20,33,14,0,1
20,33,15,0,1
20,33,16,0,1
20,33,17,0,1
20,33,18,0,1
20,33,19,0,1
20,33,20,0,1
20,33,21,0,1
20,33,22,0,1
20,33,23,0,1
20,33,24,0,1
20,33,25,0,1
20,33,26,0,1
20,33,27,0,1
20,33,28,0,1
20,33,29,0,1
20,33,30,0,1
20,33,31,0,1
20,33,32,33,1
20,33,33,0,1
20,33,34,0,1
20,33,35,0,1
20,33,36,0,1
20,33,37,0,1
20,33,38,0,1
20,33,39,0,1
20,33,40,0,1
20,33,41,0,1
20,33,42,0,1
20,33,43,0,1
20,33,44,0,1
20,33,45,0,1
20,33,46,0,1
20,33,47,0,1
20,33,48,0,1
20,33,49,0,1
20,33,50,0,1
20,33,51,0,1
20,33,52,0,1
20,33,53,0,1
20,33,54,0,1
20,33,55,0,1
20,33,56,0,1
20,33,57,0,1
20,33,58,0,1
20,33,59,0,1
20,33,60,0,1
20,33,61,0,1
20,33,62,0,1
20,33,63,0,1
20,34,0,0,1
20,34,1,0,1
20,34,2,0,1
20,34,3,0,1
20,34,4,0,1
20,34,5,0,1
20,34,6,0,1
20,34,7,0,1
20,34,8,0,1
20,34,9,0,1
20,34,10,0,1
20,34,11,0,1
20,34,12,0,1
20,34,13,0,1
20,34,14,0,1
20,34,15,0,1
20,34,16,0,1
20,34,17,0,1
20,34,18,0,1
20,34,19,0,1
20,34,20,0,1
20,34,21,0,1
20,34,22,0,1
20,34,23,0,1
20,34,24,0,1
20,34,25,0,1
20,34,26,0,1
20,34,27,0,1
20,34,28,0,1
20,34,29,0,1
20,34,30,0,1
20,34,31,0,1
20,34,32,34,1
20,34,33,0,1
20,34,34,0,1
20,34,35,0,1
20,34,36,0,1
20,34,37,0,1
20,34,38,0,1
20,34,39,0,1
20,34,40,0,1
20,34,41,0,1
20,34,42,0,1
20,34,43,0,1
20,34,44,0,1
20,34,45,0,1
20,34,46,0,1
20,34,47,0,1
20,34,48,0,1
20,34,49,0,1
20,34,50,0,1
20,34,51,0,1
20,34,52,0,1
20,34,53,0,1
20,34,54,0,1
20,34,55,0,1
20,34,56,0,1
20,34,57,0,1
20,34,58,0,1
20,34,59,0,1
20,34,60,0,1
20,34,61,0,1
20,34,62,0,1
20,34,63,0,1
20,35,0,0,1
20,35,1,0,1
20,35,2,0,1
20,35,3,0,1
20,35,4,0,1
20,35,5,0,1
20,35,6,0,1
20,35,7,0,1
20,35,8,0,1
20,35,9,0,1
20,35,10,0,1
20,35,11,0,1
20,35,12,0,1
20,35,13,0,1
20,35,14,0,1
20,35,15,0,1
20,35,16,0,1
20,35,17,0,1
20,35,18,0,1
20,35,19,0,1
20,35,20,0,1
20,35,21,0,1
20,35,22,0,1
20,35,23,0,1
20,35,24,0,1
20,35,25,0,1
20,35,26,0,1
20,35,27,0,1
20,35,28,0,1
20,35,29,0,1
20,35,30,0,1
20,35,31,0,1
20,35,32,35,1
20,35,33,0,1
20,35,34,0,1
20,35,35,0,1
20,35,36,0,1
20,35,37,0,1
20,35,38,0,1
20,35,39,0,1
20,35,40,0,1
20,35,41,0,1
20,35,42,0,1
20,35,43,0,1
20,35,44,0,1
20,35,45,0,1
20,35,46,0,1
20,35,47,0,1
20,35,48,0,1
20,35,49,0,1
20,35,50,0,1
20,35,51,0,1
20,35,52,0,1
20,35,53,0,1
20,35,54,0,1
20,35,55,0,1
20,35,56,0,1
20,35,57,0,1
20,35,58,0,1
20,35,59,0,1
20,35,60,0,1
20,35,61,0,1
20,35,62,0,1
20,35,63,0,1
20,36,0,0,1
20,36,1,0,1
20,36,2,0,1
20,36,3,0,1
20,36,4,0,1
20,36,5,0,1
20,36,6,0,1
20,36,7,0,1
20,36,8,0,1
20,36,9,0,1
20,36,10,0,1
20,36,11,0,1
20,36,12,0,1
20,36,13,0,1
20,36,14,0,1
20,36,15,0,1
20,36,16,0,1
20,36,17,0,1
20,36,18,0,1
20,36,19,0,1
20,36,20,0,1
20,36,21,0,1
20,36,22,0,1
20,36,23,0,1
20,36,24,0,1
20,36,25,0,1
20,36,26,0,1
20,36,27,0,1
20,36,28,0,1
20,36,29,0,1
20,36,30,0,1
20,36,31,0,1
20,36,32,36,1
20,36,33,0,1
20,36,34,0,1
20,36,35,0,1
20,36,36,0,1
20,36,37,0,1
20,36,38,0,1
20,36,39,0,1
20,36,40,0,1
20,36,41,0,1
20,36,42,0,1
20,36,43,0,1
20,36,44,0,1
20,36,45,0,1
20,36,46,0,1
20,36,47,0,1
20,36,48,0,1
20,36,49,0,1
20,36,50,0,1
20,36,51,0,1
20,36,52,0,1
20,36,53,0,1
20,36,54,0,1
20,36,55,0,1
20,36,56,0,1
20,36,57,0,1
20,36,58,0,1
20,36,59,0,1
20,36,60,0,1
20,36,61,0,1
20,36,62,0,1
20,36,63,0,1
20,37,0,0,1
20,37,1,0,1
20,37,2,0,1
20,37,3,0,1
20,37,4,0,1
20,37,5,0,1
20,37,6,0,1
20,37,7,0,1
20,37,8,0,1
20,37,9,0,1
20,37,10,0,1
20,37,11,0,1
20,37,12,0,1
20,37,13,0,1
20,37,14,0,1
20,37,15,0,1
20,37,16,0,1
20,37,17,0,1
20,37,18,0,1
20,37,19,0,1
20,37,20,0,1
20,37,21,0,1
20,37,22,0,1
20,37,23,0,1
20,37,24,0,1
20,37,25,0,1
20,37,26,0,1
20,37,27,0,1
20,37,28,0,1
20,37,29,0,1
20,37,30,0,1
20,37,31,0,1
20,37,32,37,1
20,37,33,0,1
20,37,34,0,1
20,37,35,0,1
20,37,36,0,1
20,37,37,0,1
20,37,38,0,1
20,37,39,0,1
20,37,40,0,1
20,37,41,0,1
20,37,42,0,1
20,37,43,0,1
20,37,44,0,1
20,37,45,0,1
20,37,46,0,1
20,37,47,0,1
20,37,48,0,1
20,37,49,0,1
20,37,50,0,1
20,37,51,0,1
20,37,52,0,1
20,37,53,0,1
20,37,54,0,1
20,37,55,0,1
20,37,56,0,1
20,37,57,0,1
20,37,58,0,1
20,37,59,0,1
20,37,60,0,1
20,37,61,0,1
20,37,62,0,1
20,37,63,0,1
20,38,0,0,1
20,38,1,0,1
20,38,2,0,1
20,38,3,0,1
20,38,4,0,1
20,38,5,0,1
20,38,6,0,1
20,38,7,0,1
20,38,8,0,1
20,38,9,0,1
20,38,10,0,1
20,38,11,0,1
20,38,12,0,1
20,38,13,0,1
20,38,14,0,1
20,38,15,0,1
20,38,16,0,1
20,38,17,0,1
20,38,18,0,1
20,38,19,0,1
20,38,20,0,1
20,38,21,0,1
20,38,22,0,1
20,38,23,0,1
20,38,24,0,1
20,38,25,0,1
20,38,26,0,1
20,38,27,0,1
20,38,28,0,1
20,38,29,0,1
20,38,30,0,1
20,38,31,0,1
20,38,32,38,1
20,38,33,0,1
20,38,34,0,1
20,38,35,0,1
20,38,36,0,1
20,38,37,0,1
20,38,38,0,1
20,38,39,0,1
20,38,40,0,1
20,38,41,0,1
20,38,42,0,1
20,38,43,0,1
20,38,44,0,1
20,38,45,0,1
20,38,46,0,1
20,38,47,0,1
20,38,48,0,1
20,38,49,0,1
20,38,50,0,1
20,38,51,0,1
20,38,52,0,1
20,38,53,0,1
20,38,54,0,1
20,38,55,0,1
20,38,56,0,1
20,38,57,0,1
20,38,58,0,1
20,38,59,0,1
20,38,60,0,1
20,38,61,0,1
20,38,62,0,1
20,38,63,0,1
20,39,0,0,1
20,39,1,0,1
20,39,2,0,1
20,39,3,0,1
20,39,4,0,1
20,39,5,0,1
20,39,6,0,1
20,39,7,0,1
20,39,8,0,1
20,39,9,0,1
20,39,10,0,1
20,39,11,0,1
20,39,12,0,1
20,39,13,0,1
20,39,14,0,1
20,39,15,0,1
20,39,16,0,1
20,39,17,0,1
20,39,18,0,1
20,39,19,0,1
20,39,20,0,1
20,39,21,0,1
20,39,22,0,1
20,39,23,0,1
20,39,24,0,1
20,39,25,0,1
20,39,26,0,1
20,39,27,0,1
20,39,28,0,1
20,39,29,0,1
20,39,30,0,1
20,39,31,0,1
20,39,32,39,1
20,39,33,0,1
20,39,34,0,1
20,39,35,0,1
20,39,36,0,1
20,39,37,0,1
20,39,38,0,1
20,39,39,0,1
20,39,40,0,1
20,39,41,0,1
20,39,42,0,1
20,39,43,0,1
20,39,44,0,1
20,39,45,0,1
20,39,46,0,1
20,39,47,0,1
20,39,48,0,1
20,39,49,0,1
20,39,50,0,1
20,39,51,0,1
20,39,52,0,1
20,39,53,0,1
20,39,54,0,1
20,39,55,0,1
20,39,56,0,1
20,39,57,0,1
20,39,58,0,1
20,39,59,0,1
20,39,60,0,1
20,39,61,0,1
20,39,62,0,1
20,39,63,0,1
20,40,0,0,1
20,40,1,0,1
20,40,2,0,1
20,40,3,0,1
20,40,4,0,1
20,40,5,0,1
20,40,6,0,1
20,40,7,0,1
20,40,8,0,1
20,40,9,0,1
20,40,10,0,1
20,40,11,0,1
20,40,12,0,1
20,40,13,0,1
20,40,14,0,1
20,40,15,0,1
20,40,16,0,1
20,40,17,0,1
20,40,18,0,1
20,40,19,0,1
20,40,20,0,1
20,40,21,0,1
20,40,22,0,1
20,40,23,0,1
20,40,24,0,1
20,40,25,0,1
20,40,26,0,1
20,40,27,0,1
20,40,28,0,1
20,40,29,0,1
20,40,30,0,1
20,40,31,0,1
20,40,32,40,1
20,40,33,0,1
20,40,34,0,1
20,40,35,0,1
20,40,36,0,1
20,40,37,0,1
20,40,38,0,1
20,40,39,0,1
20,40,40,0,1
20,40,41,0,1
20,40,42,0,1
20,40,43,0,1
20,40,44,0,1
20,40,45,0,1
20,40,46,0,1
20,40,47,0,1
20,40,48,0,1
20,40,49,0,1
20,40,50,0,1
20,40,51,0,1
20,40,52,0,1
20,40,53,0,1
20,40,54,0,1
20,40,55,0,1
20,40,56,0,1
20,40,57,0,1
20,40,58,0,1
20,40,59,0,1
20,40,60,0,1
20,40,61,0,1
20,40,62,0,1
20,40,63,0,1
20,41,0,0,1
20,41,1,0,1
20,41,2,0,1
20,41,3,0,1
20,41,4,0,1
20,41,5,0,1
20,41,6,0,1
20,41,7,0,1
20,41,8,0,1
20,41,9,0,1
20,41,10,0,1
20,41,11,0,1
20,41,12,0,1
20,41,13,0,1
20,41,14,0,1
20,41,15,0,1
20,41,16,0,1
20,41,17,0,1
20,41,18,0,1
20,41,19,0,1
20,41,20,0,1
20,41,21,0,1
20,41,22,0,1
20,41,23,0,1
20,41,24,0,1
20,41,25,0,1
20,41,26,0,1
20,41,27,0,1
20,41,28,0,1
20,41,29,0,1
20,41,30,0,1
20,41,31,0,1
20,41,32,41,1
20,41,33,0,1
20,41,34,0,1
20,41,35,0,1
20,41,36,0,1
20,41,37,0,1
20,41,38,0,1
20,41,39,0,1
20,41,40,0,1
20,41,41,0,1
20,41,42,0,1
20,41,43,0,1
20,41,44,0,1
20,41,45,0,1
20,41,46,0,1
20,41,47,0,1
20,41,48,0,1
20,41,49,0,1
20,41,50,0,1
20,41,51,0,1
20,41,52,0,1
20,41,53,0,1
20,41,54,0,1
20,41,55,0,1
20,41,56,0,1
20,41,57,0,1
20,41,58,0,1
20,41,59,0,1
20,41,60,0,1
20,41,61,0,1
20,41,62,0,1
20,41,63,0,1
20,42,0,0,1
20,42,1,0,1
20,42,2,0,1
20,42,3,0,1
20,42,4,0,1
20,42,5,0,1
20,42,6,0,1
20,42,7,0,1
20,42,8,0,1
20,42,9,0,1
20,42,10,0,1
20,42,11,0,1
20,42,12,0,1
20,42,13,0,1
20,42,14,0,1
20,42,15,0,1
20,42,16,0,1
20,42,17,0,1
20,42,18,0,1
20,42,19,0,1
20,42,20,0,1
20,42,21,0,1
20,42,22,0,1
20,42,23,0,1
20,42,24,0,1
20,42,25,0,1
20,42,26,0,1
20,42,27,0,1
20,42,28,0,1
20,42,29,0,1
20,42,30,0,1
20,42,31,0,1
20,42,32,42,1
20,42,33,0,1
20,42,34,0,1
20,42,35,0,1
20,42,36,0,1
20,42,37,0,1
20,42,38,0,1
20,42,39,0,1
20,42,40,0,1
20,42,41,0,1
20,42,42,0,1
20,42,43,0,1
20,42,44,0,1
20,42,45,0,1
20,42,46,0,1
20,42,47,0,1
20,42,48,0,1
20,42,49,0,1
20,42,50,0,1
20,42,51,0,1
20,42,52,0,1
20,42,53,0,1
20,42,54,0,1
20,42,55,0,1
20,42,56,0,1
20,42,57,0,1
20,42,58,0,1
20,42,59,0,1
20,42,60,0,1
20,42,61,0,1
20,42,62,0,1
20,42,63,0,1
20,43,0,0,1
20,43,1,0,1
20,43,2,0,1
20,43,3,0,1
20,43,4,0,1
20,43,5,0,1
20,43,6,0,1
20,43,7,0,1
20,43,8,0,1
20,43,9,0,1
20,43,10,0,1
20,43,11,0,1
20,43,12,0,1
20,43,13,0,1
20,43,14,0,1
20,43,15,0,1
20,43,16,0,1
20,43,17,0,1
20,43,18,0,1
20,43,19,0,1
20,43,20,0,1
20,43,21,0,1
20,43,22,0,1
20,43,23,0,1
20,43,24,0,1
20,43,25,0,1
20,43,26,0,1
20,43,27,0,1
20,43,28,0,1
20,43,29,0,1
20,43,30,0,1
20,43,31,0,1
20,43,32,43,1
20,43,33,0,1
20,43,34,0,1
20,43,35,0,1
20,43,36,0,1
20,43,37,0,1
20,43,38,0,1
20,43,39,0,1
20,43,40,0,1
20,43,41,0,1
20,43,42,0,1
20,43,43,0,1
20,43,44,0,1
20,43,45,0,1
20,43,46,0,1
20,43,47,0,1
20,43,48,0,1
20,43,49,0,1
20,43,50,0,1
20,43,51,0,1
20,43,52,0,1
20,43,53,0,1
20,43,54,0,1
20,43,55,0,1
20,43,56,0,1
20,43,57,0,1
20,43,58,0,1
20,43,59,0,1
20,43,60,0,1
20,43,61,0,1
20,43,62,0,1
20,43,63,0,1
20,44,0,0,1
20,44,1,0,1
20,44,2,0,1
20,44,3,0,1
20,44,4,0,1
20,44,5,0,1
20,44,6,0,1
20,44,7,0,1
20,44,8,0,1
20,44,9,0,1
20,44,10,0,1
20,44,11,0,1
20,44,12,0,1
20,44,13,0,1
20,44,14,0,1
20,44,15,0,1
20,44,16,0,1
20,44,17,0,1
20,44,18,0,1
20,44,19,0,1
20,44,20,0,1
20,44,21,0,1
20,44,22,0,1
20,44,23,0,1
20,44,24,0,1
20,44,25,0,1
20,44,26,0,1
20,44,27,0,1
20,44,28,0,1
20,44,29,0,1
20,44,30,0,1
20,44,31,0,1
20,44,32,44,1
20,44,33,0,1
20,44,34,0,1
20,44,35,0,1
20,44,36,0,1
20,44,37,0,1
20,44,38,0,1
20,44,39,0,1
20,44,40,0,1
20,44,41,0,1
20,44,42,0,1
20,44,43,0,1
20,44,44,0,1
20,44,45,0,1
20,44,46,0,1
20,44,47,0,1
20,44,48,0,1
20,44,49,0,1
20,44,50,0,1
20,44,51,0,1
20,44,52,0,1
20,44,53,0,1
20,44,54,0,1
20,44,55,0,1
20,44,56,0,1
20,44,57,0,1
20,44,58,0,1
20,44,59,0,1
20,44,60,0,1
20,44,61,0,1
20,44,62,0,1
20,44,63,0,1
20,45,0,0,1
20,45,1,0,1
20,45,2,0,1
20,45,3,0,1
20,45,4,0,1
20,45,5,0,1
20,45,6,0,1
20,45,7,0,1
20,45,8,0,1
20,45,9,0,1
20,45,10,0,1
20,45,11,0,1
20,45,12,0,1
20,45,13,0,1
20,45,14,0,1
20,45,15,0,1
20,45,16,0,1
20,45,17,0,1
20,45,18,0,1
20,45,19,0,1
20,45,20,0,1
20,45,21,0,1
20,45,22,0,1
20,45,23,0,1
20,45,24,0,1
20,45,25,0,1
20,45,26,0,1
20,45,27,0,1
20,45,28,0,1
20,45,29,0,1
20,45,30,0,1
20,45,31,0,1
20,45,32,45,1
20,45,33,0,1
20,45,34,0,1
20,45,35,0,1
20,45,36,0,1
20,45,37,0,1
20,45,38,0,1
20,45,39,0,1
20,45,40,0,1
20,45,41,0,1
20,45,42,0,1
20,45,43,0,1
20,45,44,0,1
20,45,45,0,1
20,45,46,0,1
20,45,47,0,1
20,45,48,0,1
20,45,49,0,1
20,45,50,0,1
20,45,51,0,1
20,45,52,0,1
20,45,53,0,1
20,45,54,0,1
20,45,55,0,1
20,45,56,0,1
20,45,57,0,1
20,45,58,0,1
20,45,59,0,1
20,45,60,0,1
20,45,61,0,1
20,45,62,0,1
20,45,63,0,1
20,46,0,0,1
20,46,1,0,1
20,46,2,0,1
20,46,3,0,1
20,46,4,0,1
20,46,5,0,1
20,46,6,0,1
20,46,7,0,1
20,46,8,0,1
20,46,9,0,1
20,46,10,0,1
20,46,11,0,1
20,46,12,0,1
20,46,13,0,1
20,46,14,0,1
20,46,15,0,1
20,46,16,0,1
20,46,17,0,1
20,46,18,0,1
20,46,19,0,1
20,46,20,0,1
20,46,21,0,1
20,46,22,0,1
20,46,23,0,1
20,46,24,0,1
20,46,25,0,1
20,46,26,0,1
20,46,27,0,1
20,46,28,0,1
20,46,29,0,1
20,46,30,0,1
20,46,31,0,1
20,46,32,46,1
20,46,33,0,1
20,46,34,0,1
20,46,35,0,1
20,46,36,0,1
20,46,37,0,1
20,46,38,0,1
20,46,39,0,1
20,46,40,0,1
20,46,41,0,1
20,46,42,0,1
20,46,43,0,1
20,46,44,0,1
20,46,45,0,1
20,46,46,0,1
20,46,47,0,1
20,46,48,0,1
20,46,49,0,1
20,46,50,0,1
20,46,51,0,1
20,46,52,0,1
20,46,53,0,1
20,46,54,0,1
20,46,55,0,1
20,46,56,0,1
20,46,57,0,1
20,46,58,0,1
20,46,59,0,1
20,46,60,0,1
20,46,61,0,1
20,46,62,0,1
20,46,63,0,1
20,47,0,0,1
20,47,1,0,1
20,47,2,0,1
20,47,3,0,1
20,47,4,0,1
20,47,5,0,1
20,47,6,0,1
20,47,7,0,1
20,47,8,0,1
20,47,9,0,1
20,47,10,0,1
20,47,11,0,1
20,47,12,0,1
20,47,13,0,1
20,47,14,0,1
20,47,15,0,1
20,47,16,0,1
20,47,17,0,1
20,47,18,0,1
20,47,19,0,1
20,47,20,0,1
20,47,21,0,1
20,47,22,0,1
20,47,23,0,1
20,47,24,0,1
20,47,25,0,1
20,47,26,0,1
20,47,27,0,1
20,47,28,0,1
20,47,29,0,1
20,47,30,0,1
20,47,31,0,1
20,47,32,47,1
20,47,33,0,1
20,47,34,0,1
20,47,35,0,1
20,47,36,0,1
20,47,37,0,1
20,47,38,0,1
20,47,39,0,1
20,47,40,0,1
20,47,41,0,1
20,47,42,0,1
20,47,43,0,1
20,47,44,0,1
20,47,45,0,1
20,47,46,0,1
20,47,47,0,1
20,47,48,0,1
20,47,49,0,1
20,47,50,0,1
20,47,51,0,1
20,47,52,0,1
20,47,53,0,1
20,47,54,0,1
20,47,55,0,1
20,47,56,0,1
20,47,57,0,1
20,47,58,0,1
20,47,59,0,1
20,47,60,0,1
20,47,61,0,1
20,47,62,0,1
20,47,63,0,1
20,48,0,0,1
20,48,1,0,1
20,48,2,0,1
20,48,3,0,1
20,48,4,0,1
20,48,5,0,1
20,48,6,0,1
20,48,7,0,1
20,48,8,0,1
20,48,9,0,1
20,48,10,0,1
20,48,11,0,1
20,48,12,0,1
20,48,13,0,1
20,48,14,0,1
20,48,15,0,1
20,48,16,0,1
20,48,17,0,1
20,48,18,0,1
20,48,19,0,1
20,48,20,0,1
20,48,21,0,1
20,48,22,0,1
20,48,23,0,1
20,48,24,0,1
20,48,25,0,1
20,48,26,0,1
20,48,27,0,1
20,48,28,0,1
20,48,29,0,1
20,48,30,0,1
20,48,31,0,1
20,48,32,48,1
20,48,33,0,1
20,48,34,0,1
20,48,35,0,1
20,48,36,0,1
20,48,37,0,1
20,48,38,0,1
20,48,39,0,1
20,48,40,0,1
20,48,41,0,1
20,48,42,0,1
20,48,43,0,1
20,48,44,0,1
20,48,45,0,1
20,48,46,0,1
20,48,47,0,1
20,48,48,0,1
20,48,49,0,1
20,48,50,0,1
20,48,51,0,1
20,48,52,0,1
20,48,53,0,1
20,48,54,0,1
20,48,55,0,1
20,48,56,0,1
20,48,57,0,1
20,48,58,0,1
20,48,59,0,1
20,48,60,0,1
20,48,61,0,1
20,48,62,0,1
20,48,63,0,1
20,49,0,0,1
20,49,1,0,1
20,49,2,0,1
20,49,3,0,1
20,49,4,0,1
20,49,5,0,1
20,49,6,0,1
20,49,7,0,1
20,49,8,0,1
20,49,9,0,1
20,49,10,0,1
20,49,11,0,1
20,49,12,0,1
20,49,13,0,1
20,49,14,0,1
20,49,15,0,1
20,49,16,0,1
20,49,17,0,1
20,49,18,0,1
20,49,19,0,1
20,49,20,0,1
20,49,21,0,1
20,49,22,0,1
20,49,23,0,1
20,49,24,0,1
20,49,25,0,1
20,49,26,0,1
20,49,27,0,1
20,49,28,0,1
20,49,29,0,1
20,49,30,0,1
20,49,31,0,1
20,49,32,49,1
20,49,33,0,1
20,49,34,0,1
20,49,35,0,1
20,49,36,0,1
20,49,37,0,1
20,49,38,0,1
20,49,39,0,1
20,49,40,0,1
20,49,41,0,1
20,49,42,0,1
20,49,43,0,1
20,49,44,0,1
20,49,45,0,1
20,49,46,0,1
20,49,47,0,1
20,49,48,0,1
20,49,49,0,1
20,49,50,0,1
20,49,51,0,1
20,49,52,0,1
20,49,53,0,1
20,49,54,0,1
20,49,55,0,1
20,49,56,0,1
20,49,57,0,1
20,49,58,0,1
20,49,59,0,1
20,49,60,0,1
20,49,61,0,1
20,49,62,0,1
20,49,63,0,1
20,50,0,0,1
20,50,1,0,1
20,50,2,0,1
20,50,3,0,1
20,50,4,0,1
20,50,5,0,1
20,50,6,0,1
20,50,7,0,1
20,50,8,0,1
20,50,9,0,1
20,50,10,0,1
20,50,11,0,1
20,50,12,0,1
20,50,13,0,1
20,50,14,0,1
20,50,15,0,1
20,50,16,0,1
20,50,17,0,1
20,50,18,0,1
20,50,19,0,1
20,50,20,0,1
20,50,21,0,1
20,50,22,0,1
20,50,23,0,1
20,50,24,0,1
20,50,25,0,1
20,50,26,0,1
20,50,27,0,1
20,50,28,0,1
20,50,29,0,1
20,50,30,0,1
20,50,31,0,1
20,50,32,50,1
20,50,33,0,1
20,50,34,0,1
20,50,35,0,1
20,50,36,0,1
20,50,37,0,1
20,50,38,0,1
20,50,39,0,1
20,50,40,0,1
20,50,41,0,1
20,50,42,0,1
20,50,43,0,1
20,50,44,0,1
20,50,45,0,1
20,50,46,0,1
20,50,47,0,1
20,50,48,0,1
20,50,49,0,1
20,50,50,0,1
20,50,51,0,1
20,50,52,0,1
20,50,53,0,1
20,50,54,0,1
20,50,55,0,1
20,50,56,0,1
20,50,57,0,1
20,50,58,0,1
20,50,59,0,1
20,50,60,0,1
20,50,61,0,1
20,50,62,0,1
20,50,63,0,1
20,51,0,0,1
20,51,1,0,1
20,51,2,0,1
20,51,3,0,1
20,51,4,0,1
20,51,5,0,1
20,51,6,0,1
20,51,7,0,1
20,51,8,0,1
20,51,9,0,1
20,51,10,0,1
20,51,11,0,1
20,51,12,0,1
20,51,13,0,1
20,51,14,0,1
20,51,15,0,1
20,51,16,0,1
20,51,17,0,1
20,51,18,0,1
20,51,19,0,1
20,51,20,0,1
20,51,21,0,1
20,51,22,0,1
20,51,23,0,1
20,51,24,0,1
20,51,25,0,1
20,51,26,0,1
20,51,27,0,1
20,51,28,0,1
20,51,29,0,1
20,51,30,0,1
20,51,31,0,1
20,51,32,51,1
20,51,33,0,1
20,51,34,0,1
20,51,35,0,1
20,51,36,0,1
20,51,37,0,1
20,51,38,0,1
20,51,39,0,1
20,51,40,0,1
20,51,41,0,1
20,51,42,0,1
20,51,43,0,1
20,51,44,0,1
20,51,45,0,1
20,51,46,0,1
20,51,47,0,1
20,51,48,0,1
20,51,49,0,1
20,51,50,0,1
20,51,51,0,1
20,51,52,0,1
20,51,53,0,1
20,51,54,0,1
20,51,55,0,1
20,51,56,0,1
20,51,57,0,1
20,51,58,0,1
20,51,59,0,1
20,51,60,0,1
20,51,61,0,1
20,51,62,0,1
20,51,63,0,1
20,52,0,0,1
20,52,1,0,1
20,52,2,0,1
20,52,3,0,1
20,52,4,0,1
20,52,5,0,1
20,52,6,0,1
20,52,7,0,1
20,52,8,0,1
20,52,9,0,1
20,52,10,0,1
20,52,11,0,1
20,52,12,0,1
20,52,13,0,1
20,52,14,0,1
20,52,15,0,1
20,52,16,0,1
20,52,17,0,1
20,52,18,0,1
20,52,19,0,1
20,52,20,0,1
20,52,21,0,1
20,52,22,0,1
20,52,23,0,1
20,52,24,0,1
20,52,25,0,1
20,52,26,0,1
20,52,27,0,1
20,52,28,0,1
20,52,29,0,1
20,52,30,0,1
20,52,31,0,1
20,52,32,52,1
20,52,33,0,1
20,52,34,0,1
20,52,35,0,1
20,52,36,0,1
20,52,37,0,1
20,52,38,0,1
20,52,39,0,1
20,52,40,0,1
20,52,41,0,1
20,52,42,0,1
20,52,43,0,1
20,52,44,0,1
20,52,45,0,1
20,52,46,0,1
20,52,47,0,1
20,52,48,0,1
20,52,49,0,1
20,52,50,0,1
20,52,51,0,1
20,52,52,0,1
20,52,53,0,1
20,52,54,0,1
20,52,55,0,1
20,52,56,0,1
20,52,57,0,1
20,52,58,0,1
20,52,59,0,1
20,52,60,0,1
20,52,61,0,1
20,52,62,0,1
20,52,63,0,1
20,53,0,0,1
20,53,1,0,1
20,53,2,0,1
20,53,3,0,1
20,53,4,0,1
20,53,5,0,1
20,53,6,0,1
20,53,7,0,1
20,53,8,0,1
20,53,9,0,1
20,53,10,0,1
20,53,11,0,1
20,53,12,0,1
20,53,13,0,1
20,53,14,0,1
20,53,15,0,1
20,53,16,0,1
20,53,17,0,1
20,53,18,0,1
20,53,19,0,1
20,53,20,0,1
20,53,21,0,1
20,53,22,0,1
20,53,23,0,1
20,53,24,0,1
20,53,25,0,1
20,53,26,0,1
20,53,27,0,1
20,53,28,0,1
20,53,29,0,1
20,53,30,0,1
20,53,31,0,1
20,53,32,53,1
20,53,33,0,1
20,53,34,0,1
20,53,35,0,1
20,53,36,0,1
20,53,37,0,1
20,53,38,0,1
20,53,39,0,1
20,53,40,0,1
20,53,41,0,1
20,53,42,0,1
20,53,43,0,1
20,53,44,0,1
20,53,45,0,1
20,53,46,0,1
20,53,47,0,1
20,53,48,0,1
20,53,49,0,1
20,53,50,0,1
20,53,51,0,1
20,53,52,0,1
20,53,53,0,1
20,53,54,0,1
20,53,55,0,1
20,53,56,0,1
20,53,57,0,1
20,53,58,0,1
20,53,59,0,1
20,53,60,0,1
20,53,61,0,1
20,53,62,0,1
20,53,63,0,1
20,54,0,0,1
20,54,1,0,1
20,54,2,0,1
20,54,3,0,1
20,54,4,0,1
20,54,5,0,1
20,54,6,0,1
20,54,7,0,1
20,54,8,0,1
20,54,9,0,1
20,54,10,0,1
20,54,11,0,1
20,54,12,0,1
20,54,13,0,1
20,54,14,0,1
20,54,15,0,1
20,54,16,0,1
20,54,17,0,1
20,54,18,0,1
20,54,19,0,1
20,54,20,0,1
20,54,21,0,1
20,54,22,0,1
20,54,23,0,1
20,54,24,0,1
20,54,25,0,1
20,54,26,0,1
20,54,27,0,1
20,54,28,0,1
20,54,29,0,1
20,54,30,0,1
20,54,31,0,1
20,54,32,54,1
20,54,33,0,1
20,54,34,0,1
20,54,35,0,1
20,54,36,0,1
20,54,37,0,1
20,54,38,0,1
20,54,39,0,1
20,54,40,0,1
20,54,41,0,1
20,54,42,0,1
20,54,43,0,1
20,54,44,0,1
20,54,45,0,1
20,54,46,0,1
20,54,47,0,1
20,54,48,0,1
20,54,49,0,1
20,54,50,0,1
20,54,51,0,1
20,54,52,0,1
20,54,53,0,1
20,54,54,0,1
20,54,55,0,1
20,54,56,0,1
20,54,57,0,1
20,54,58,0,1
20,54,59,0,1
20,54,60,0,1
20,54,61,0,1
20,54,62,0,1
20,54,63,0,1
20,55,0,0,1
20,55,1,0,1
20,55,2,0,1
20,55,3,0,1
20,55,4,0,1
20,55,5,0,1
20,55,6,0,1
20,55,7,0,1
20,55,8,0,1
20,55,9,0,1
20,55,10,0,1
20,55,11,0,1
20,55,12,0,1
20,55,13,0,1
20,55,14,0,1
20,55,15,0,1
20,55,16,0,1
20,55,17,0,1
20,55,18,0,1
20,55,19,0,1
20,55,20,0,1
20,55,21,0,1
20,55,22,0,1
20,55,23,0,1
20,55,24,0,1
20,55,25,0,1
20,55,26,0,1
20,55,27,0,1
20,55,28,0,1
20,55,29,0,1
20,55,30,0,1
20,55,31,0,1
20,55,32,55,1
20,55,33,0,1
20,55,34,0,1
20,55,35,0,1
20,55,36,0,1
20,55,37,0,1
20,55,38,0,1
20,55,39,0,1
20,55,40,0,1
20,55,41,0,1
20,55,42,0,1
20,55,43,0,1
20,55,44,0,1
20,55,45,0,1
20,55,46,0,1
20,55,47,0,1
20,55,48,0,1
20,55,49,0,1
20,55,50,0,1
20,55,51,0,1
20,55,52,0,1
20,55,53,0,1
20,55,54,0,1
20,55,55,0,1
20,55,56,0,1
20,55,57,0,1
20,55,58,0,1
20,55,59,0,1
20,55,60,0,1
20,55,61,0,1
20,55,62,0,1
20,55,63,0,1
20,56,0,0,1
20,56,1,0,1
20,56,2,0,1
20,56,3,0,1
20,56,4,0,1
20,56,5,0,1
20,56,6,0,1
20,56,7,0,1
20,56,8,0,1
20,56,9,0,1
20,56,10,0,1
20,56,11,0,1
20,56,12,0,1
20,56,13,0,1
20,56,14,0,1
20,56,15,0,1
20,56,16,0,1
20,56,17,0,1
20,56,18,0,1
20,56,19,0,1
20,56,20,0,1
20,56,21,0,1
20,56,22,0,1
20,56,23,0,1
20,56,24,0,1
20,56,25,0,1
20,56,26,0,1
20,56,27,0,1
20,56,28,0,1
20,56,29,0,1
20,56,30,0,1
20,56,31,0,1
20,56,32,56,1
20,56,33,0,1
20,56,34,0,1
20,56,35,0,1
20,56,36,0,1
20,56,37,0,1
20,56,38,0,1
20,56,39,0,1
20,56,40,0,1
20,56,41,0,1
20,56,42,0,1
20,56,43,0,1
20,56,44,0,1
20,56,45,0,1
20,56,46,0,1
20,56,47,0,1
20,56,48,0,1
20,56,49,0,1
20,56,50,0,1
20,56,51,0,1
20,56,52,0,1
20,56,53,0,1
20,56,54,0,1
20,56,55,0,1
20,56,56,0,1
20,56,57,0,1
20,56,58,0,1
20,56,59,0,1
20,56,60,0,1
20,56,61,0,1
20,56,62,0,1
20,56,63,0,1
20,57,0,0,1
20,57,1,0,1
20,57,2,0,1
20,57,3,0,1
20,57,4,0,1
20,57,5,0,1
20,57,6,0,1
20,57,7,0,1
20,57,8,0,1
20,57,9,0,1
20,57,10,0,1
20,57,11,0,1
20,57,12,0,1
20,57,13,0,1
20,57,14,0,1
20,57,15,0,1
20,57,16,0,1
20,57,17,0,1
20,57,18,0,1
20,57,19,0,1
20,57,20,0,1
20,57,21,0,1
20,57,22,0,1
20,57,23,0,1
20,57,24,0,1
20,57,25,0,1
20,57,26,0,1
20,57,27,0,1
20,57,28,0,1
20,57,29,0,1
20,57,30,0,1
20,57,31,0,1
20,57,32,57,1
20,57,33,0,1
20,57,34,0,1
20,57,35,0,1
20,57,36,0,1
20,57,37,0,1
20,57,38,0,1
20,57,39,0,1
20,57,40,0,1
20,57,41,0,1
20,57,42,0,1
20,57,43,0,1
20,57,44,0,1
20,57,45,0,1
20,57,46,0,1
20,57,47,0,1
20,57,48,0,1
20,57,49,0,1
20,57,50,0,1
20,57,51,0,1
20,57,52,0,1
20,57,53,0,1
20,57,54,0,1
20,57,55,0,1
20,57,56,0,1
20,57,57,0,1
20,57,58,0,1
20,57,59,0,1
20,57,60,0,1
20,57,61,0,1
20,57,62,0,1
20,57,63,0,1
20,58,0,0,1
20,58,1,0,1
20,58,2,0,1
20,58,3,0,1
20,58,4,0,1
20,58,5,0,1
20,58,6,0,1
20,58,7,0,1
20,58,8,0,1
20,58,9,0,1
20,58,10,0,1
20,58,11,0,1
20,58,12,0,1
20,58,13,0,1
20,58,14,0,1
20,58,15,0,1
20,58,16,0,1
20,58,17,0,1
20,58,18,0,1
20,58,19,0,1
20,58,20,0,1
20,58,21,0,1
20,58,22,0,1
20,58,23,0,1
20,58,24,0,1
20,58,25,0,1
20,58,26,0,1
20,58,27,0,1
20,58,28,0,1
20,58,29,0,1
20,58,30,0,1
20,58,31,0,1
20,58,32,58,1
20,58,33,0,1
20,58,34,0,1
20,58,35,0,1
20,58,36,0,1
20,58,37,0,1
20,58,38,0,1
20,58,39,0,1
20,58,40,0,1
20,58,41,0,1
20,58,42,0,1
20,58,43,0,1
20,58,44,0,1
20,58,45,0,1
20,58,46,0,1
20,58,47,0,1
20,58,48,0,1
20,58,49,0,1
20,58,50,0,1
20,58,51,0,1
20,58,52,0,1
20,58,53,0,1
20,58,54,0,1
20,58,55,0,1
20,58,56,0,1
20,58,57,0,1
20,58,58,0,1
20,58,59,0,1
20,58,60,0,1
20,58,61,0,1
20,58,62,0,1
20,58,63,0,1
20,59,0,0,1
20,59,1,0,1
20,59,2,0,1
20,59,3,0,1
20,59,4,0,1
20,59,5,0,1
20,59,6,0,1
20,59,7,0,1
20,59,8,0,1
20,59,9,0,1
20,59,10,0,1
20,59,11,0,1
20,59,12,0,1
20,59,13,0,1
20,59,14,0,1
20,59,15,0,1
20,59,16,0,1
20,59,17,0,1
20,59,18,0,1
20,59,19,0,1
20,59,20,0,1
20,59,21,0,1
20,59,22,0,1
20,59,23,0,1
20,59,24,0,1
20,59,25,0,1
20,59,26,0,1
20,59,27,0,1
20,59,28,0,1
20,59,29,0,1
20,59,30,0,1
20,59,31,0,1
20,59,32,59,1
20,59,33,0,1
20,59,34,0,1
20,59,35,0,1
20,59,36,0,1
20,59,37,0,1
20,59,38,0,1
20,59,39,0,1
20,59,40,0,1
20,59,41,0,1
20,59,42,0,1
20,59,43,0,1
20,59,44,0,1
20,59,45,0,1
20,59,46,0,1
20,59,47,0,1
20,59,48,0,1
20,59,49,0,1
20,59,50,0,1
20,59,51,0,1
20,59,52,0,1
20,59,53,0,1
20,59,54,0,1
20,59,55,0,1
20,59,56,0,1
20,59,57,0,1
20,59,58,0,1
20,59,59,0,1
20,59,60,0,1
20,59,61,0,1
20,59,62,0,1
20,59,63,0,1
20,60,0,0,1
20,60,1,0,1
20,60,2,0,1
20,60,3,0,1
20,60,4,0,1
20,60,5,0,1
20,60,6,0,1
20,60,7,0,1
20,60,8,0,1
20,60,9,0,1
20,60,10,0,1
20,60,11,0,1
20,60,12,0,1
20,60,13,0,1
20,60,14,0,1
20,60,15,0,1
20,60,16,0,1
20,60,17,0,1
20,60,18,0,1
20,60,19,0,1
20,60,20,0,1
20,60,21,0,1
20,60,22,0,1
20,60,23,0,1
20,60,24,0,1
20,60,25,0,1
20,60,26,0,1
20,60,27,0,1
20,60,28,0,1
20,60,29,0,1
20,60,30,0,1
20,60,31,0,1
20,60,32,60,1
20,60,33,0,1
20,60,34,0,1
20,60,35,0,1
20,60,36,0,1
20,60,37,0,1
20,60,38,0,1
20,60,39,0,1
20,60,40,0,1
20,60,41,0,1
20,60,42,0,1
20,60,43,0,1
20,60,44,0,1
20,60,45,0,1
20,60,46,0,1
20,60,47,0,1
20,60,48,0,1
20,60,49,0,1
20,60,50,0,1
20,60,51,0,1
20,60,52,0,1
20,60,53,0,1
20,60,54,0,1
20,60,55,0,1
20,60,56,0,1
20,60,57,0,1
20,60,58,0,1
20,60,59,0,1
20,60,60,0,1
20,60,61,0,1
20,60,62,0,1
20,60,63,0,1
20,61,0,0,1
20,61,1,0,1
20,61,2,0,1
20,61,3,0,1
20,61,4,0,1
20,61,5,0,1
20,61,6,0,1
20,61,7,0,1
20,61,8,0,1
20,61,9,0,1
20,61,10,0,1
20,61,11,0,1
20,61,12,0,1
20,61,13,0,1
20,61,14,0,1
20,61,15,0,1
20,61,16,0,1
20,61,17,0,1
20,61,18,0,1
20,61,19,0,1
20,61,20,0,1
20,61,21,0,1
20,61,22,0,1
20,61,23,0,1
20,61,24,0,1
20,61,25,0,1
20,61,26,0,1
20,61,27,0,1
20,61,28,0,1
20,61,29,0,1
20,61,30,0,1
20,61,31,0,1
20,61,32,61,1
20,61,33,0,1
20,61,34,0,1
20,61,35,0,1
20,61,36,0,1
20,61,37,0,1
20,61,38,0,1
20,61,39,0,1
20,61,40,0,1
20,61,41,0,1
20,61,42,0,1
20,61,43,0,1
20,61,44,0,1
20,61,45,0,1
20,61,46,0,1
20,61,47,0,1
20,61,48,0,1
20,61,49,0,1
20,61,50,0,1
20,61,51,0,1
20,61,52,0,1
20,61,53,0,1
20,61,54,0,1
20,61,55,0,1
20,61,56,0,1
20,61,57,0,1
20,61,58,0,1
20,61,59,0,1
20,61,60,0,1
20,61,61,0,1
20,61,62,0,1
20,61,63,0,1
20,62,0,0,1
20,62,1,0,1
20,62,2,0,1
20,62,3,0,1
20,62,4,0,1
20,62,5,0,1
20,62,6,0,1
20,62,7,0,1
20,62,8,0,1
20,62,9,0,1
20,62,10,0,1
20,62,11,0,1
20,62,12,0,1
20,62,13,0,1
20,62,14,0,1
20,62,15,0,1
20,62,16,0,1
20,62,17,0,1
20,62,18,0,1
20,62,19,0,1
20,62,20,0,1
20,62,21,0,1
20,62,22,0,1
20,62,23,0,1
20,62,24,0,1
20,62,25,0,1
20,62,26,0,1
20,62,27,0,1
20,62,28,0,1
20,62,29,0,1
20,62,30,0,1
20,62,31,0,1
20,62,32,62,1
20,62,33,0,1
20,62,34,0,1
20,62,35,0,1
20,62,36,0,1
20,62,37,0,1
20,62,38,0,1
20,62,39,0,1
20,62,40,0,1
20,62,41,0,1
20,62,42,0,1
20,62,43,0,1
20,62,44,0,1
20,62,45,0,1
20,62,46,0,1
20,62,47,0,1
20,62,48,0,1
20,62,49,0,1
20,62,50,0,1
20,62,51,0,1
20,62,52,0,1
20,62,53,0,1
20,62,54,0,1
20,62,55,0,1
20,62,56,0,1
20,62,57,0,1
20,62,58,0,1
20,62,59,0,1
20,62,60,0,1
20,62,61,0,1
20,62,62,0,1
20,62,63,0,1
20,63,0,0,1
20,63,1,0,1
20,63,2,0,1
20,63,3,0,1
20,63,4,0,1
20,63,5,0,1
20,63,6,0,1
20,63,7,0,1
20,63,8,0,1
20,63,9,0,1
20,63,10,0,1
20,63,11,0,1
20,63,12,0,1
20,63,13,0,1
20,63,14,0,1
20,63,15,0,1
20,63,16,0,1
20,63,17,0,1
20,63,18,0,1
20,63,19,0,1
20,63,20,0,1
20,63,21,0,1
20,63,22,0,1
20,63,23,0,1
20,63,24,0,1
20,63,25,0,1
20,63,26,0,1
20,63,27,0,1
20,63,28,0,1
20,63,29,0,1
20,63,30,0,1
20,63,31,0,1
20,63,32,63,1
20,63,33,0,1
20,63,34,0,1
20,63,35,0,1
20,63,36,0,1
20,63,37,0,1
20,63,38,0,1
20,63,39,0,1
20,63,40,0,1
20,63,41,0,1
20,63,42,0,1
20,63,43,0,1
20,63,44,0,1
20,63,45,0,1
20,63,46,0,1
20,63,47,0,1
20,63,48,0,1
20,63,49,0,1
20,63,50,0,1
20,63,51,0,1
20,63,52,0,1
20,63,53,0,1
20,63,54,0,1
20,63,55,0,1
20,63,56,0,1
20,63,57,0,1
20,63,58,0,1
20,63,59,0,1
20,63,60,0,1
20,63,61,0,1
20,63,62,0,1
20,63,63,0,1
20,64,0,0,1
20,64,1,0,1
20,64,2,0,1
20,64,3,0,1
20,64,4,0,1
20,64,5,0,1
20,64,6,0,1
20,64,7,0,1
20,64,8,0,1
20,64,9,0,1
20,64,10,0,1
20,64,11,0,1
20,64,12,0,1
20,64,13,0,1
20,64,14,0,1
20,64,15,0,1
20,64,16,0,1
20,64,17,0,1
20,64,18,0,1
20,64,19,0,1
20,64,20,0,1
20,64,21,0,1
20,64,22,0,1
20,64,23,0,1
20,64,24,0,1
20,64,25,0,1
20,64,26,0,1
20,64,27,0,1
20,64,28,0,1
20,64,29,0,1
20,64,30,0,1
20,64,31,0,1
20,64,32,64,1
20,64,33,0,1
20,64,34,0,1
20,64,35,0,1
20,64,36,0,1
20,64,37,0,1
20,64,38,0,1
20,64,39,0,1
20,64,40,0,1
20,64,41,0,1
20,64,42,0,1
20,64,43,0,1
20,64,44,0,1
20,64,45,0,1
20,64,46,0,1
20,64,47,0,1
20,64,48,0,1
20,64,49,0,1
20,64,50,0,1
20,64,51,0,1
20,64,52,0,1
20,64,53,0,1
20,64,54,0,1
20,64,55,0,1
20,64,56,0,1
20,64,57,0,1
20,64,58,0,1
20,64,59,0,1
20,64,60,0,1
20,64,61,0,1
20,64,62,0,1
20,64,63,0,1
20,65,0,0,1
20,65,1,0,1
20,65,2,0,1
20,65,3,0,1
20,65,4,0,1
20,65,5,0,1
20,65,6,0,1
20,65,7,0,1
20,65,8,0,1
20,65,9,0,1
20,65,10,0,1
20,65,11,0,1
20,65,12,0,1
20,65,13,0,1
20,65,14,0,1
20,65,15,0,1
20,65,16,0,1
20,65,17,0,1
20,65,18,0,1
20,65,19,0,1
20,65,20,0,1
20,65,21,0,1
20,65,22,0,1
20,65,23,0,1
20,65,24,0,1
20,65,25,0,1
20,65,26,0,1
20,65,27,0,1
20,65,28,0,1
20,65,29,0,1
20,65,30,0,1
20,65,31,0,1
20,65,32,65,1
20,65,33,0,1
20,65,34,0,1
20,65,35,0,1
20,65,36,0,1
20,65,37,0,1
20,65,38,0,1
20,65,39,0,1
20,65,40,0,1
20,65,41,0,1
20,65,42,0,1
20,65,43,0,1
20,65,44,0,1
20,65,45,0,1
20,65,46,0,1
20,65,47,0,1
20,65,48,0,1
20,65,49,0,1
20,65,50,0,1
20,65,51,0,1
20,65,52,0,1
20,65,53,0,1
20,65,54,0,1
20,65,55,0,1
20,65,56,0,1
20,65,57,0,1
20,65,58,0,1
20,65,59,0,1
20,65,60,0,1
20,65,61,0,1
20,65,62,0,1
20,65,63,0,1
20,66,0,0,1
20,66,1,0,1
20,66,2,0,1
20,66,3,0,1
20,66,4,0,1
20,66,5,0,1
20,66,6,0,1
20,66,7,0,1
20,66,8,0,1
20,66,9,0,1
20,66,10,0,1
20,66,11,0,1
20,66,12,0,1
20,66,13,0,1
20,66,14,0,1
20,66,15,0,1
20,66,16,0,1
20,66,17,0,1
20,66,18,0,1
20,66,19,0,1
20,66,20,0,1
20,66,21,0,1
20,66,22,0,1
20,66,23,0,1
20,66,24,0,1
20,66,25,0,1
20,66,26,0,1
20,66,27,0,1
20,66,28,0,1
20,66,29,0,1
20,66,30,0,1
20,66,31,0,1
20,66,32,66,1
20,66,33,0,1
20,66,34,0,1
20,66,35,0,1
20,66,36,0,1
20,66,37,0,1
20,66,38,0,1
20,66,39,0,1
20,66,40,0,1
20,66,41,0,1
20,66,42,0,1
20,66,43,0,1
20,66,44,0,1
20,66,45,0,1
20,66,46,0,1
20,66,47,0,1
20,66,48,0,1
20,66,49,0,1
20,66,50,0,1
20,66,51,0,1
20,66,52,0,1
20,66,53,0,1
20,66,54,0,1
20,66,55,0,1
20,66,56,0,1
20,66,57,0,1
20,66,58,0,1
20,66,59,0,1
20,66,60,0,1
20,66,61,0,1
20,66,62,0,1
20,66,63,0,1
20,67,0,0,1
20,67,1,0,1
20,67,2,0,1
20,67,3,0,1
20,67,4,0,1
20,67,5,0,1
20,67,6,0,1
20,67,7,0,1
20,67,8,0,1
20,67,9,0,1
20,67,10,0,1
20,67,11,0,1
20,67,12,0,1
20,67,13,0,1
20,67,14,0,1
20,67,15,0,1
20,67,16,0,1
20,67,17,0,1
20,67,18,0,1
20,67,19,0,1
20,67,20,0,1
20,67,21,0,1
20,67,22,0,1
20,67,23,0,1
20,67,24,0,1
20,67,25,0,1
20,67,26,0,1
20,67,27,0,1
20,67,28,0,1
20,67,29,0,1
20,67,30,0,1
20,67,31,0,1
20,67,32,67,1
20,67,33,0,1
20,67,34,0,1
20,67,35,0,1
20,67,36,0,1
20,67,37,0,1
20,67,38,0,1
20,67,39,0,1
20,67,40,0,1
20,67,41,0,1
20,67,42,0,1
20,67,43,0,1
20,67,44,0,1
20,67,45,0,1
20,67,46,0,1
20,67,47,0,1
20,67,48,0,1
20,67,49,0,1
20,67,50,0,1
20,67,51,0,1
20,67,52,0,1
20,67,53,0,1
20,67,54,0,1
20,67,55,0,1
20,67,56,0,1
20,67,57,0,1
20,67,58,0,1
20,67,59,0,1
20,67,60,0,1
20,67,61,0,1
20,67,62,0,1
20,67,63,0,1
20,68,0,0,1
20,68,1,0,1
20,68,2,0,1
20,68,3,0,1
20,68,4,0,1
20,68,5,0,1
20,68,6,0,1
20,68,7,0,1
20,68,8,0,1
20,68,9,0,1
20,68,10,0,1
20,68,11,0,1
20,68,12,0,1
20,68,13,0,1
20,68,14,0,1
20,68,15,0,1
20,68,16,0,1
20,68,17,0,1
20,68,18,0,1
20,68,19,0,1
20,68,20,0,1
20,68,21,0,1
20,68,22,0,1
20,68,23,0,1
20,68,24,0,1
20,68,25,0,1
20,68,26,0,1
20,68,27,0,1
20,68,28,0,1
20,68,29,0,1
20,68,30,0,1
20,68,31,0,1
20,68,32,68,1
20,68,33,0,1
20,68,34,0,1
20,68,35,0,1
20,68,36,0,1
20,68,37,0,1
20,68,38,0,1
20,68,39,0,1
20,68,40,0,1
20,68,41,0,1
20,68,42,0,1
20,68,43,0,1
20,68,44,0,1
20,68,45,0,1
20,68,46,0,1
20,68,47,0,1
20,68,48,0,1
20,68,49,0,1
20,68,50,0,1
20,68,51,0,1
20,68,52,0,1
20,68,53,0,1
20,68,54,0,1
20,68,55,0,1
20,68,56,0,1
20,68,57,0,1
20,68,58,0,1
20,68,59,0,1
20,68,60,0,1
20,68,61,0,1
20,68,62,0,1
20,68,63,0,1
20,69,0,0,1
20,69,1,0,1
20,69,2,0,1
20,69,3,0,1
20,69,4,0,1
20,69,5,0,1
20,69,6,0,1
20,69,7,0,1
20,69,8,0,1
20,69,9,0,1
20,69,10,0,1
20,69,11,0,1
20,69,12,0,1
20,69,13,0,1
20,69,14,0,1
20,69,15,0,1
20,69,16,0,1
20,69,17,0,1
20,69,18,0,1
20,69,19,0,1
20,69,20,0,1
20,69,21,0,1
20,69,22,0,1
20,69,23,0,1
20,69,24,0,1
20,69,25,0,1
20,69,26,0,1
20,69,27,0,1
20,69,28,0,1
20,69,29,0,1
20,69,30,0,1
20,69,31,0,1
20,69,32,69,1
20,69,33,0,1
20,69,34,0,1
20,69,35,0,1
20,69,36,0,1
20,69,37,0,1
20,69,38,0,1
20,69,39,0,1
20,69,40,0,1
20,69,41,0,1
20,69,42,0,1
20,69,43,0,1
20,69,44,0,1
20,69,45,0,1
20,69,46,0,1
20,69,47,0,1
20,69,48,0,1
20,69,49,0,1
20,69,50,0,1
20,69,51,0,1
20,69,52,0,1
20,69,53,0,1
20,69,54,0,1
20,69,55,0,1
20,69,56,0,1
20,69,57,0,1
20,69,58,0,1
20,69,59,0,1
20,69,60,0,1
20,69,61,0,1
20,69,62,0,1
20,69,63,0,1
20,70,0,0,1
20,70,1,0,1
20,70,2,0,1
20,70,3,0,1
20,70,4,0,1
20,70,5,0,1
20,70,6,0,1
20,70,7,0,1
20,70,8,0,1
20,70,9,0,1
20,70,10,0,1
20,70,11,0,1
20,70,12,0,1
20,70,13,0,1
20,70,14,0,1
20,70,15,0,1
20,70,16,0,1
20,70,17,0,1
20,70,18,0,1
20,70,19,0,1
20,70,20,0,1
20,70,21,0,1
20,70,22,0,1
20,70,23,0,1
20,70,24,0,1
20,70,25,0,1
20,70,26,0,1
20,70,27,0,1
20,70,28,0,1
20,70,29,0,1
20,70,30,0,1
20,70,31,0,1
20,70,32,70,1
20,70,33,0,1
20,70,34,0,1
20,70,35,0,1
20,70,36,0,1
20,70,37,0,1
20,70,38,0,1
20,70,39,0,1
20,70,40,0,1
20,70,41,0,1
20,70,42,0,1
20,70,43,0,1
20,70,44,0,1
20,70,45,0,1
20,70,46,0,1
20,70,47,0,1
20,70,48,0,1
20,70,49,0,1
20,70,50,0,1
20,70,51,0,1
20,70,52,0,1
20,70,53,0,1
20,70,54,0,1
20,70,55,0,1
20,70,56,0,1
20,70,57,0,1
20,70,58,0,1
20,70,59,0,1
20,70,60,0,1
20,70,61,0,1
20,70,62,0,1
20,70,63,0,1
20,71,0,0,1
20,71,1,0,1
20,71,2,0,1
20,71,3,0,1
20,71,4,0,1
20,71,5,0,1
20,71,6,0,1
20,71,7,0,1
20,71,8,0,1
20,71,9,0,1
20,71,10,0,1
20,71,11,0,1
20,71,12,0,1
20,71,13,0,1
20,71,14,0,1
20,71,15,0,1
20,71,16,0,1
20,71,17,0,1
20,71,18,0,1
20,71,19,0,1
20,71,20,0,1
20,71,21,0,1
20,71,22,0,1
20,71,23,0,1
20,71,24,0,1
20,71,25,0,1
20,71,26,0,1
20,71,27,0,1
20,71,28,0,1
20,71,29,0,1
20,71,30,0,1
20,71,31,0,1
20,71,32,71,1
20,71,33,0,1
20,71,34,0,1
20,71,35,0,1
20,71,36,0,1
20,71,37,0,1
20,71,38,0,1
20,71,39,0,1
20,71,40,0,1
20,71,41,0,1
20,71,42,0,1
20,71,43,0,1
20,71,44,0,1
20,71,45,0,1
20,71,46,0,1
20,71,47,0,1
20,71,48,0,1
20,71,49,0,1
20,71,50,0,1
20,71,51,0,1
20,71,52,0,1
20,71,53,0,1
20,71,54,0,1
20,71,55,0,1
20,71,56,0,1
20,71,57,0,1
20,71,58,0,1
20,71,59,0,1
20,71,60,0,1
20,71,61,0,1
20,71,62,0,1
20,71,63,0,1
20,72,0,0,1
20,72,1,0,1
20,72,2,0,1
20,72,3,0,1
20,72,4,0,1
20,72,5,0,1
20,72,6,0,1
20,72,7,0,1
20,72,8,0,1
20,72,9,0,1
20,72,10,0,1
20,72,11,0,1
20,72,12,0,1
20,72,13,0,1
20,72,14,0,1
20,72,15,0,1
20,72,16,0,1
20,72,17,0,1
20,72,18,0,1
20,72,19,0,1
20,72,20,0,1
20,72,21,0,1
20,72,22,0,1
20,72,23,0,1
20,72,24,0,1
20,72,25,0,1
20,72,26,0,1
20,72,27,0,1
20,72,28,0,1
20,72,29,0,1
20,72,30,0,1
20,72,31,0,1
20,72,32,72,1
20,72,33,0,1
20,72,34,0,1
20,72,35,0,1
20,72,36,0,1
20,72,37,0,1
20,72,38,0,1
20,72,39,0,1
20,72,40,0,1
20,72,41,0,1
20,72,42,0,1
20,72,43,0,1
20,72,44,0,1
20,72,45,0,1
20,72,46,0,1
20,72,47,0,1
20,72,48,0,1
20,72,49,0,1
20,72,50,0,1
20,72,51,0,1
20,72,52,0,1
20,72,53,0,1
20,72,54,0,1
20,72,55,0,1
20,72,56,0,1
20,72,57,0,1
20,72,58,0,1
20,72,59,0,1
20,72,60,0,1
20,72,61,0,1
20,72,62,0,1
20,72,63,0,1
20,73,0,0,1
20,73,1,0,1
20,73,2,0,1
20,73,3,0,1
20,73,4,0,1
20,73,5,0,1
20,73,6,0,1
20,73,7,0,1
20,73,8,0,1
20,73,9,0,1
20,73,10,0,1
20,73,11,0,1
20,73,12,0,1
20,73,13,0,1
20,73,14,0,1
20,73,15,0,1
20,73,16,0,1
20,73,17,0,1
20,73,18,0,1
20,73,19,0,1
20,73,20,0,1
20,73,21,0,1
20,73,22,0,1
20,73,23,0,1
20,73,24,0,1
20,73,25,0,1
20,73,26,0,1
20,73,27,0,1
20,73,28,0,1
20,73,29,0,1
20,73,30,0,1
20,73,31,0,1
20,73,32,73,1
20,73,33,0,1
20,73,34,0,1
20,73,35,0,1
20,73,36,0,1
20,73,37,0,1
20,73,38,0,1
20,73,39,0,1
20,73,40,0,1
20,73,41,0,1
20,73,42,0,1
20,73,43,0,1
20,73,44,0,1
20,73,45,0,1
20,73,46,0,1
20,73,47,0,1
20,73,48,0,1
20,73,49,0,1
20,73,50,0,1
20,73,51,0,1
20,73,52,0,1
20,73,53,0,1
20,73,54,0,1
20,73,55,0,1
20,73,56,0,1
20,73,57,0,1
20,73,58,0,1
20,73,59,0,1
20,73,60,0,1
20,73,61,0,1
20,73,62,0,1
20,73,63,0,1
20,74,0,0,1
20,74,1,0,1
20,74,2,0,1
20,74,3,0,1
20,74,4,0,1
20,74,5,0,1
20,74,6,0,1
20,74,7,0,1
20,74,8,0,1
20,74,9,0,1
20,74,10,0,1
20,74,11,0,1
20,74,12,0,1
20,74,13,0,1
20,74,14,0,1
20,74,15,0,1
20,74,16,0,1
20,74,17,0,1
20,74,18,0,1
20,74,19,0,1
20,74,20,0,1
20,74,21,0,1
20,74,22,0,1
20,74,23,0,1
20,74,24,0,1
20,74,25,0,1
20,74,26,0,1
20,74,27,0,1
20,74,28,0,1
20,74,29,0,1
20,74,30,0,1
20,74,31,0,1
20,74,32,74,1
20,74,33,0,1
20,74,34,0,1
20,74,35,0,1
20,74,36,0,1
20,74,37,0,1
20,74,38,0,1
20,74,39,0,1
20,74,40,0,1
20,74,41,0,1
20,74,42,0,1
20,74,43,0,1
20,74,44,0,1
20,74,45,0,1
20,74,46,0,1
20,74,47,0,1
20,74,48,0,1
20,74,49,0,1
20,74,50,0,1
20,74,51,0,1
20,74,52,0,1
20,74,53,0,1
20,74,54,0,1
20,74,55,0,1
20,74,56,0,1
20,74,57,0,1
20,74,58,0,1
20,74,59,0,1
20,74,60,0,1
20,74,61,0,1
20,74,62,0,1
20,74,63,0,1
20,75,0,0,1
20,75,1,0,1
20,75,2,0,1
20,75,3,0,1
20,75,4,0,1
20,75,5,0,1
20,75,6,0,1
20,75,7,0,1
20,75,8,0,1
20,75,9,0,1
20,75,10,0,1
20,75,11,0,1
20,75,12,0,1
20,75,13,0,1
20,75,14,0,1
20,75,15,0,1
20,75,16,0,1
20,75,17,0,1
20,75,18,0,1
20,75,19,0,1
20,75,20,0,1
20,75,21,0,1
20,75,22,0,1
20,75,23,0,1
20,75,24,0,1
20,75,25,0,1
20,75,26,0,1
20,75,27,0,1
20,75,28,0,1
20,75,29,0,1
20,75,30,0,1
20,75,31,0,1
20,75,32,75,1
20,75,33,0,1
20,75,34,0,1
20,75,35,0,1
20,75,36,0,1
20,75,37,0,1
20,75,38,0,1
20,75,39,0,1
20,75,40,0,1
20,75,41,0,1
20,75,42,0,1
20,75,43,0,1
20,75,44,0,1
20,75,45,0,1
20,75,46,0,1
20,75,47,0,1
20,75,48,0,1
20,75,49,0,1
20,75,50,0,1
20,75,51,0,1
20,75,52,0,1
20,75,53,0,1
20,75,54,0,1
20,75,55,0,1
20,75,56,0,1
20,75,57,0,1
20,75,58,0,1
20,75,59,0,1
20,75,60,0,1
20,75,61,0,1
20,75,62,0,1
20,75,63,0,1
20,76,0,0,1
20,76,1,0,1
20,76,2,0,1
20,76,3,0,1
20,76,4,0,1
20,76,5,0,1
20,76,6,0,1
20,76,7,0,1
20,76,8,0,1
20,76,9,0,1
20,76,10,0,1
20,76,11,0,1
20,76,12,0,1
20,76,13,0,1
20,76,14,0,1
20,76,15,0,1
20,76,16,0,1
20,76,17,0,1
20,76,18,0,1
20,76,19,0,1
20,76,20,0,1
20,76,21,0,1
20,76,22,0,1
20,76,23,0,1
20,76,24,0,1
20,76,25,0,1
20,76,26,0,1
20,76,27,0,1
20,76,28,0,1
20,76,29,0,1
20,76,30,0,1
20,76,31,0,1
20,76,32,76,1
20,76,33,0,1
20,76,34,0,1
20,76,35,0,1
20,76,36,0,1
20,76,37,0,1
20,76,38,0,1
20,76,39,0,1
20,76,40,0,1
20,76,41,0,1
20,76,42,0,1
20,76,43,0,1
20,76,44,0,1
20,76,45,0,1
20,76,46,0,1
20,76,47,0,1
20,76,48,0,1
20,76,49,0,1
20,76,50,0,1
20,76,51,0,1
20,76,52,0,1
20,76,53,0,1
20,76,54,0,1
20,76,55,0,1
20,76,56,0,1
20,76,57,0,1
20,76,58,0,1
20,76,59,0,1
20,76,60,0,1
20,76,61,0,1
20,76,62,0,1
20,76,63,0,1
20,77,0,0,1
20,77,1,0,1
20,77,2,0,1
20,77,3,0,1
20,77,4,0,1
20,77,5,0,1
20,77,6,0,1
20,77,7,0,1
20,77,8,0,1
20,77,9,0,1
20,77,10,0,1
20,77,11,0,1
20,77,12,0,1
20,77,13,0,1
20,77,14,0,1
20,77,15,0,1
20,77,16,0,1
20,77,17,0,1
20,77,18,0,1
20,77,19,0,1
20,77,20,0,1
20,77,21,0,1
20,77,22,0,1
20,77,23,0,1
20,77,24,0,1
20,77,25,0,1
20,77,26,0,1
20,77,27,0,1
20,77,28,0,1
20,77,29,0,1
20,77,30,0,1
20,77,31,0,1
20,77,32,77,1
20,77,33,0,1
20,77,34,0,1
20,77,35,0,1
20,77,36,0,1
20,77,37,0,1
20,77,38,0,1
20,77,39,0,1
20,77,40,0,1
20,77,41,0,1
20,77,42,0,1
20,77,43,0,1
20,77,44,0,1
20,77,45,0,1
20,77,46,0,1
20,77,47,0,1
20,77,48,0,1
20,77,49,0,1
20,77,50,0,1
20,77,51,0,1
20,77,52,0,1
20,77,53,0,1
20,77,54,0,1
20,77,55,0,1
20,77,56,0,1
20,77,57,0,1
20,77,58,0,1
20,77,59,0,1
20,77,60,0,1
20,77,61,0,1
20,77,62,0,1
20,77,63,0,1
20,78,0,0,1
20,78,1,0,1
20,78,2,0,1
20,78,3,0,1
20,78,4,0,1
20,78,5,0,1
20,78,6,0,1
20,78,7,0,1
20,78,8,0,1
20,78,9,0,1
20,78,10,0,1
20,78,11,0,1
20,78,12,0,1
20,78,13,0,1
20,78,14,0,1
20,78,15,0,1
20,78,16,0,1
20,78,17,0,1
20,78,18,0,1
20,78,19,0,1
20,78,20,0,1
20,78,21,0,1
20,78,22,0,1
20,78,23,0,1
20,78,24,0,1
20,78,25,0,1
20,78,26,0,1
20,78,27,0,1
20,78,28,0,1
20,78,29,0,1
20,78,30,0,1
20,78,31,0,1
20,78,32,78,1
20,78,33,0,1
20,78,34,0,1
20,78,35,0,1
20,78,36,0,1
20,78,37,0,1
20,78,38,0,1
20,78,39,0,1
20,78,40,0,1
20,78,41,0,1
20,78,42,0,1
20,78,43,0,1
20,78,44,0,1
20,78,45,0,1
20,78,46,0,1
20,78,47,0,1
20,78,48,0,1
20,78,49,0,1
20,78,50,0,1
20,78,51,0,1
20,78,52,0,1
20,78,53,0,1
20,78,54,0,1
20,78,55,0,1
20,78,56,0,1
20,78,57,0,1
20,78,58,0,1
20,78,59,0,1
20,78,60,0,1
20,78,61,0,1
20,78,62,0,1
20,78,63,0,1
20,79,0,0,1
20,79,1,0,1
20,79,2,0,1
20,79,3,0,1
20,79,4,0,1
20,79,5,0,1
20,79,6,0,1
20,79,7,0,1
20,79,8,0,1
20,79,9,0,1
20,79,10,0,1
20,79,11,0,1
20,79,12,0,1
20,79,13,0,1
20,79,14,0,1
20,79,15,0,1
20,79,16,0,1
20,79,17,0,1
20,79,18,0,1
20,79,19,0,1
20,79,20,0,1
20,79,21,0,1
20,79,22,0,1
20,79,23,0,1
20,79,24,0,1
20,79,25,0,1
20,79,26,0,1
20,79,27,0,1
20,79,28,0,1
20,79,29,0,1
20,79,30,0,1
20,79,31,0,1
20,79,32,79,1
20,79,33,0,1
20,79,34,0,1
20,79,35,0,1
20,79,36,0,1
20,79,37,0,1
20,79,38,0,1
20,79,39,0,1
20,79,40,0,1
20,79,41,0,1
20,79,42,0,1
20,79,43,0,1
20,79,44,0,1
20,79,45,0,1
20,79,46,0,1
20,79,47,0,1
20,79,48,0,1
20,79,49,0,1
20,79,50,0,1
20,79,51,0,1
20,79,52,0,1
20,79,53,0,1
20,79,54,0,1
20,79,55,0,1
20,79,56,0,1
20,79,57,0,1
20,79,58,0,1
20,79,59,0,1
20,79,60,0,1
20,79,61,0,1
20,79,62,0,1
20,79,63,0,1
20,80,0,0,1
20,80,1,0,1
20,80,2,0,1
20,80,3,0,1
20,80,4,0,1
20,80,5,0,1
20,80,6,0,1
20,80,7,0,1
20,80,8,0,1
20,80,9,0,1
20,80,10,0,1
20,80,11,0,1
20,80,12,0,1
20,80,13,0,1
20,80,14,0,1
20,80,15,0,1
20,80,16,0,1
20,80,17,0,1
20,80,18,0,1
20,80,19,0,1
20,80,20,0,1
20,80,21,0,1
20,80,22,0,1
20,80,23,0,1
20,80,24,0,1
20,80,25,0,1
20,80,26,0,1
20,80,27,0,1
20,80,28,0,1
20,80,29,0,1
20,80,30,0,1
20,80,31,0,1
20,80,32,80,1
20,80,33,0,1
20,80,34,0,1
20,80,35,0,1
20,80,36,0,1
20,80,37,0,1
20,80,38,0,1
20,80,39,0,1
20,80,40,0,1
20,80,41,0,1
20,80,42,0,1
20,80,43,0,1
20,80,44,0,1
20,80,45,0,1
20,80,46,0,1
20,80,47,0,1
20,80,48,0,1
20,80,49,0,1
20,80,50,0,1
20,80,51,0,1
20,80,52,0,1
20,80,53,0,1
20,80,54,0,1
20,80,55,0,1
20,80,56,0,1
20,80,57,0,1
20,80,58,0,1
20,80,59,0,1
20,80,60,0,1
20,80,61,0,1
20,80,62,0,1
20,80,63,0,1
20,81,0,0,1
20,81,1,0,1
20,81,2,0,1
20,81,3,0,1
20,81,4,0,1
20,81,5,0,1
20,81,6,0,1
20,81,7,0,1
20,81,8,0,1
20,81,9,0,1
20,81,10,0,1
20,81,11,0,1
20,81,12,0,1
20,81,13,0,1
20,81,14,0,1
20,81,15,0,1
20,81,16,0,1
20,81,17,0,1
20,81,18,0,1
20,81,19,0,1
20,81,20,0,1
20,81,21,0,1
20,81,22,0,1
20,81,23,0,1
20,81,24,0,1
20,81,25,0,1
20,81,26,0,1
20,81,27,0,1
20,81,28,0,1
20,81,29,0,1
20,81,30,0,1
20,81,31,0,1
20,81,32,81,1
20,81,33,0,1
20,81,34,0,1
20,81,35,0,1
20,81,36,0,1
20,81,37,0,1
20,81,38,0,1
20,81,39,0,1
20,81,40,0,1
20,81,41,0,1
20,81,42,0,1
20,81,43,0,1
20,81,44,0,1
20,81,45,0,1
20,81,46,0,1
20,81,47,0,1
20,81,48,0,1
20,81,49,0,1
20,81,50,0,1
20,81,51,0,1
20,81,52,0,1
20,81,53,0,1
20,81,54,0,1
20,81,55,0,1
20,81,56,0,1
20,81,57,0,1
20,81,58,0,1
20,81,59,0,1
20,81,60,0,1
20,81,61,0,1
20,81,62,0,1
20,81,63,0,1
20,82,0,0,1
20,82,1,0,1
20,82,2,0,1
20,82,3,0,1
20,82,4,0,1
20,82,5,0,1
20,82,6,0,1
20,82,7,0,1
20,82,8,0,1
20,82,9,0,1
20,82,10,0,1
20,82,11,0,1
20,82,12,0,1
20,82,13,0,1
20,82,14,0,1
20,82,15,0,1
20,82,16,0,1
20,82,17,0,1
20,82,18,0,1
20,82,19,0,1
20,82,20,0,1
20,82,21,0,1
20,82,22,0,1
20,82,23,0,1
20,82,24,0,1
20,82,25,0,1
20,82,26,0,1
20,82,27,0,1
20,82,28,0,1
20,82,29,0,1
20,82,30,0,1
20,82,31,0,1
20,82,32,82,1
20,82,33,0,1
20,82,34,0,1
20,82,35,0,1
20,82,36,0,1
20,82,37,0,1
20,82,38,0,1
20,82,39,0,1
20,82,40,0,1
20,82,41,0,1
20,82,42,0,1
20,82,43,0,1
20,82,44,0,1
20,82,45,0,1
20,82,46,0,1
20,82,47,0,1
20,82,48,0,1
20,82,49,0,1
20,82,50,0,1
20,82,51,0,1
20,82,52,0,1
20,82,53,0,1
20,82,54,0,1
20,82,55,0,1
20,82,56,0,1
20,82,57,0,1
20,82,58,0,1
20,82,59,0,1
20,82,60,0,1
20,82,61,0,1
20,82,62,0,1
20,82,63,0,1
20,83,0,0,1
20,83,1,0,1
20,83,2,0,1
20,83,3,0,1
20,83,4,0,1
20,83,5,0,1
20,83,6,0,1
20,83,7,0,1
20,83,8,0,1
20,83,9,0,1
20,83,10,0,1
20,83,11,0,1
20,83,12,0,1
20,83,13,0,1
20,83,14,0,1
20,83,15,0,1
20,83,16,0,1
20,83,17,0,1
20,83,18,0,1
20,83,19,0,1
20,83,20,0,1
20,83,21,0,1
20,83,22,0,1
20,83,23,0,1
20,83,24,0,1
20,83,25,0,1
20,83,26,0,1
20,83,27,0,1
20,83,28,0,1
20,83,29,0,1
20,83,30,0,1
20,83,31,0,1
20,83,32,83,1
20,83,33,0,1
20,83,34,0,1
20,83,35,0,1
20,83,36,0,1
20,83,37,0,1
20,83,38,0,1
20,83,39,0,1
20,83,40,0,1
20,83,41,0,1
20,83,42,0,1
20,83,43,0,1
20,83,44,0,1
20,83,45,0,1
20,83,46,0,1
20,83,47,0,1
20,83,48,0,1
20,83,49,0,1
20,83,50,0,1
20,83,51,0,1
20,83,52,0,1
20,83,53,0,1
20,83,54,0,1
20,83,55,0,1
20,83,56,0,1
20,83,57,0,1
20,83,58,0,1
20,83,59,0,1
20,83,60,0,1
20,83,61,0,1
20,83,62,0,1
20,83,63,0,1
20,84,0,0,1
20,84,1,0,1
20,84,2,0,1
20,84,3,0,1
20,84,4,0,1
20,84,5,0,1
20,84,6,0,1
20,84,7,0,1
20,84,8,0,1
20,84,9,0,1
20,84,10,0,1
20,84,11,0,1
20,84,12,0,1
20,84,13,0,1
20,84,14,0,1
20,84,15,0,1
20,84,16,0,1
20,84,17,0,1
20,84,18,0,1
20,84,19,0,1
20,84,20,0,1
20,84,21,0,1
20,84,22,0,1
20,84,23,0,1
20,84,24,0,1
20,84,25,0,1
20,84,26,0,1
20,84,27,0,1
20,84,28,0,1
20,84,29,0,1
20,84,30,0,1
20,84,31,0,1
20,84,32,84,1
20,84,33,0,1
20,84,34,0,1
20,84,35,0,1
20,84,36,0,1
20,84,37,0,1
20,84,38,0,1
20,84,39,0,1
20,84,40,0,1
20,84,41,0,1
20,84,42,0,1
20,84,43,0,1
20,84,44,0,1
20,84,45,0,1
20,84,46,0,1
20,84,47,0,1
20,84,48,0,1
20,84,49,0,1
20,84,50,0,1
20,84,51,0,1
20,84,52,0,1
20,84,53,0,1
20,84,54,0,1
20,84,55,0,1
20,84,56,0,1
20,84,57,0,1
20,84,58,0,1
20,84,59,0,1
20,84,60,0,1
20,84,61,0,1
20,84,62,0,1
20,84,63,0,1
20,85,0,0,1
20,85,1,0,1
20,85,2,0,1
20,85,3,0,1
20,85,4,0,1
20,85,5,0,1
20,85,6,0,1
20,85,7,0,1
20,85,8,0,1
20,85,9,0,1
20,85,10,0,1
20,85,11,0,1
20,85,12,0,1
20,85,13,0,1
20,85,14,0,1
20,85,15,0,1
20,85,16,0,1
20,85,17,0,1
20,85,18,0,1
20,85,19,0,1
20,85,20,0,1
20,85,21,0,1
20,85,22,0,1
20,85,23,0,1
20,85,24,0,1
20,85,25,0,1
20,85,26,0,1
20,85,27,0,1
20,85,28,0,1
20,85,29,0,1
20,85,30,0,1
20,85,31,0,1
20,85,32,85,1
20,85,33,0,1
20,85,34,0,1
20,85,35,0,1
20,85,36,0,1
20,85,37,0,1
20,85,38,0,1
20,85,39,0,1
20,85,40,0,1
20,85,41,0,1
20,85,42,0,1
20,85,43,0,1
20,85,44,0,1
20,85,45,0,1
20,85,46,0,1
20,85,47,0,1
20,85,48,0,1
20,85,49,0,1
20,85,50,0,1
20,85,51,0,1
20,85,52,0,1
20,85,53,0,1
20,85,54,0,1
20,85,55,0,1
20,85,56,0,1
20,85,57,0,1
20,85,58,0,1
20,85,59,0,1
20,85,60,0,1
20,85,61,0,1
20,85,62,0,1
20,85,63,0,1
20,86,0,0,1
20,86,1,0,1
20,86,2,0,1
20,86,3,0,1
20,86,4,0,1
20,86,5,0,1
20,86,6,0,1
20,86,7,0,1
20,86,8,0,1
20,86,9,0,1
20,86,10,0,1
20,86,11,0,1
20,86,12,0,1
20,86,13,0,1
20,86,14,0,1
20,86,15,0,1
20,86,16,0,1
20,86,17,0,1
20,86,18,0,1
20,86,19,0,1
20,86,20,0,1
20,86,21,0,1
20,86,22,0,1
20,86,23,0,1
20,86,24,0,1
20,86,25,0,1
20,86,26,0,1
20,86,27,0,1
20,86,28,0,1
20,86,29,0,1
20,86,30,0,1
20,86,31,0,1
20,86,32,86,1
20,86,33,0,1
20,86,34,0,1
20,86,35,0,1
20,86,36,0,1
20,86,37,0,1
20,86,38,0,1
20,86,39,0,1
20,86,40,0,1
20,86,41,0,1
20,86,42,0,1
20,86,43,0,1
20,86,44,0,1
20,86,45,0,1
20,86,46,0,1
20,86,47,0,1
20,86,48,0,1
20,86,49,0,1
20,86,50,0,1
20,86,51,0,1
20,86,52,0,1
20,86,53,0,1
20,86,54,0,1
20,86,55,0,1
20,86,56,0,1
20,86,57,0,1
20,86,58,0,1
20,86,59,0,1
20,86,60,0,1
20,86,61,0,1
20,86,62,0,1
20,86,63,0,1
20,87,0,0,1
20,87,1,0,1
20,87,2,0,1
20,87,3,0,1
20,87,4,0,1
20,87,5,0,1
20,87,6,0,1
20,87,7,0,1
20,87,8,0,1
20,87,9,0,1
20,87,10,0,1
20,87,11,0,1
20,87,12,0,1
20,87,13,0,1
20,87,14,0,1
20,87,15,0,1
20,87,16,0,1
20,87,17,0,1
20,87,18,0,1
20,87,19,0,1
20,87,20,0,1
20,87,21,0,1
20,87,22,0,1
20,87,23,0,1
20,87,24,0,1
20,87,25,0,1
20,87,26,0,1
20,87,27,0,1
20,87,28,0,1
20,87,29,0,1
20,87,30,0,1
20,87,31,0,1
20,87,32,87,1
20,87,33,0,1
20,87,34,0,1
20,87,35,0,1
20,87,36,0,1
20,87,37,0,1
20,87,38,0,1
20,87,39,0,1
20,87,40,0,1
20,87,41,0,1
20,87,42,0,1
20,87,43,0,1
20,87,44,0,1
20,87,45,0,1
20,87,46,0,1
20,87,47,0,1
20,87,48,0,1
20,87,49,0,1
20,87,50,0,1
20,87,51,0,1
20,87,52,0,1
20,87,53,0,1
20,87,54,0,1
20,87,55,0,1
20,87,56,0,1
20,87,57,0,1
20,87,58,0,1
20,87,59,0,1
20,87,60,0,1
20,87,61,0,1
20,87,62,0,1
20,87,63,0,1
20,88,0,0,1
20,88,1,0,1
20,88,2,0,1
20,88,3,0,1
20,88,4,0,1
20,88,5,0,1
20,88,6,0,1
20,88,7,0,1
20,88,8,0,1
20,88,9,0,1
20,88,10,0,1
20,88,11,0,1
20,88,12,0,1
20,88,13,0,1
20,88,14,0,1
20,88,15,0,1
20,88,16,0,1
20,88,17,0,1
20,88,18,0,1
20,88,19,0,1
20,88,20,0,1
20,88,21,0,1
20,88,22,0,1
20,88,23,0,1
20,88,24,0,1
20,88,25,0,1
20,88,26,0,1
20,88,27,0,1
20,88,28,0,1
20,88,29,0,1
20,88,30,0,1
20,88,31,0,1
20,88,32,88,1
20,88,33,0,1
20,88,34,0,1
20,88,35,0,1
20,88,36,0,1
20,88,37,0,1
20,88,38,0,1
20,88,39,0,1
20,88,40,0,1
20,88,41,0,1
20,88,42,0,1
20,88,43,0,1
20,88,44,0,1
20,88,45,0,1
20,88,46,0,1
20,88,47,0,1
20,88,48,0,1
20,88,49,0,1
20,88,50,0,1
20,88,51,0,1
20,88,52,0,1
20,88,53,0,1
20,88,54,0,1
20,88,55,0,1
20,88,56,0,1
20,88,57,0,1
20,88,58,0,1
20,88,59,0,1
20,88,60,0,1
20,88,61,0,1
20,88,62,0,1
20,88,63,0,1
20,89,0,0,1
20,89,1,0,1
20,89,2,0,1
20,89,3,0,1
20,89,4,0,1
20,89,5,0,1
20,89,6,0,1
20,89,7,0,1
20,89,8,0,1
20,89,9,0,1
20,89,10,0,1
20,89,11,0,1
20,89,12,0,1
20,89,13,0,1
20,89,14,0,1
20,89,15,0,1
20,89,16,0,1
20,89,17,0,1
20,89,18,0,1
20,89,19,0,1
20,89,20,0,1
20,89,21,0,1
20,89,22,0,1
20,89,23,0,1
20,89,24,0,1
20,89,25,0,1
20,89,26,0,1
20,89,27,0,1
20,89,28,0,1
20,89,29,0,1
20,89,30,0,1
20,89,31,0,1
20,89,32,89,1
20,89,33,0,1
20,89,34,0,1
20,89,35,0,1
20,89,36,0,1
20,89,37,0,1
20,89,38,0,1
20,89,39,0,1
20,89,40,0,1
20,89,41,0,1
20,89,42,0,1
20,89,43,0,1
20,89,44,0,1
20,89,45,0,1
20,89,46,0,1
20,89,47,0,1
20,89,48,0,1
20,89,49,0,1
20,89,50,0,1
20,89,51,0,1
20,89,52,0,1
20,89,53,0,1
20,89,54,0,1
20,89,55,0,1
20,89,56,0,1
20,89,57,0,1
20,89,58,0,1
20,89,59,0,1
20,89,60,0,1
20,89,61,0,1
20,89,62,0,1
20,89,63,0,1
20,90,0,0,1
20,90,1,0,1
20,90,2,0,1
20,90,3,0,1
20,90,4,0,1
20,90,5,0,1
20,90,6,0,1
20,90,7,0,1
20,90,8,0,1
20,90,9,0,1
20,90,10,0,1
20,90,11,0,1
20,90,12,0,1
20,90,13,0,1
20,90,14,0,1
20,90,15,0,1
20,90,16,0,1
20,90,17,0,1
20,90,18,0,1
20,90,19,0,1
20,90,20,0,1
20,90,21,0,1
20,90,22,0,1
20,90,23,0,1
20,90,24,0,1
20,90,25,0,1
20,90,26,0,1
20,90,27,0,1
20,90,28,0,1
20,90,29,0,1
20,90,30,0,1
20,90,31,0,1
20,90,32,90,1
20,90,33,0,1
20,90,34,0,1
20,90,35,0,1
20,90,36,0,1
20,90,37,0,1
20,90,38,0,1
20,90,39,0,1
20,90,40,0,1
20,90,41,0,1
20,90,42,0,1
20,90,43,0,1
20,90,44,0,1
20,90,45,0,1
20,90,46,0,1
20,90,47,0,1
20,90,48,0,1
20,90,49,0,1
20,90,50,0,1
20,90,51,0,1
20,90,52,0,1
20,90,53,0,1
20,90,54,0,1
20,90,55,0,1
20,90,56,0,1
20,90,57,0,1
20,90,58,0,1
20,90,59,0,1
20,90,60,0,1
20,90,61,0,1
20,90,62,0,1
20,90,63,0,1
20,91,0,0,1
20,91,1,0,1
20,91,2,0,1
20,91,3,0,1
20,91,4,0,1
20,91,5,0,1
20,91,6,0,1
20,91,7,0,1
20,91,8,0,1
20,91,9,0,1
20,91,10,0,1
20,91,11,0,1
20,91,12,0,1
20,91,13,0,1
20,91,14,0,1
20,91,15,0,1
20,91,16,0,1
20,91,17,0,1
20,91,18,0,1
20,91,19,0,1
20,91,20,0,1
20,91,21,0,1
20,91,22,0,1
20,91,23,0,1
20,91,24,0,1
20,91,25,0,1
20,91,26,0,1
20,91,27,0,1
20,91,28,0,1
20,91,29,0,1
20,91,30,0,1
20,91,31,0,1
20,91,32,91,1
20,91,33,0,1
20,91,34,0,1
20,91,35,0,1
20,91,36,0,1
20,91,37,0,1
20,91,38,0,1
20,91,39,0,1
20,91,40,0,1
20,91,41,0,1
20,91,42,0,1
20,91,43,0,1
20,91,44,0,1
20,91,45,0,1
20,91,46,0,1
20,91,47,0,1
20,91,48,0,1
20,91,49,0,1
20,91,50,0,1
20,91,51,0,1
20,91,52,0,1
20,91,53,0,1
20,91,54,0,1
20,91,55,0,1
20,91,56,0,1
20,91,57,0,1
20,91,58,0,1
20,91,59,0,1
20,91,60,0,1
20,91,61,0,1
20,91,62,0,1
20,91,63,0,1
20,92,0,0,1
20,92,1,0,1
20,92,2,0,1
20,92,3,0,1
20,92,4,0,1
20,92,5,0,1
20,92,6,0,1
20,92,7,0,1
20,92,8,0,1
20,92,9,0,1
20,92,10,0,1
20,92,11,0,1
20,92,12,0,1
20,92,13,0,1
20,92,14,0,1
20,92,15,0,1
20,92,16,0,1
20,92,17,0,1
20,92,18,0,1
20,92,19,0,1
20,92,20,0,1
20,92,21,0,1
20,92,22,0,1
20,92,23,0,1
20,92,24,0,1
20,92,25,0,1
20,92,26,0,1
20,92,27,0,1
20,92,28,0,1
20,92,29,0,1
20,92,30,0,1
20,92,31,0,1
20,92,32,92,1
20,92,33,0,1
20,92,34,0,1
20,92,35,0,1
20,92,36,0,1
20,92,37,0,1
20,92,38,0,1
20,92,39,0,1
20,92,40,0,1
20,92,41,0,1
20,92,42,0,1
20,92,43,0,1
20,92,44,0,1
20,92,45,0,1
20,92,46,0,1
20,92,47,0,1
20,92,48,0,1
20,92,49,0,1
20,92,50,0,1
20,92,51,0,1
20,92,52,0,1
20,92,53,0,1
20,92,54,0,1
20,92,55,0,1
20,92,56,0,1
20,92,57,0,1
20,92,58,0,1
20,92,59,0,1
20,92,60,0,1
20,92,61,0,1
20,92,62,0,1
20,92,63,0,1
20,93,0,0,1
20,93,1,0,1
20,93,2,0,1
20,93,3,0,1
20,93,4,0,1
20,93,5,0,1
20,93,6,0,1
20,93,7,0,1
20,93,8,0,1
20,93,9,0,1
20,93,10,0,1
20,93,11,0,1
20,93,12,0,1
20,93,13,0,1
20,93,14,0,1
20,93,15,0,1
20,93,16,0,1
20,93,17,0,1
20,93,18,0,1
20,93,19,0,1
20,93,20,0,1
20,93,21,0,1
20,93,22,0,1
20,93,23,0,1
20,93,24,0,1
20,93,25,0,1
20,93,26,0,1
20,93,27,0,1
20,93,28,0,1
20,93,29,0,1
20,93,30,0,1
20,93,31,0,1
20,93,32,93,1
20,93,33,0,1
20,93,34,0,1
20,93,35,0,1
20,93,36,0,1
20,93,37,0,1
20,93,38,0,1
20,93,39,0,1
20,93,40,0,1
20,93,41,0,1
20,93,42,0,1
20,93,43,0,1
20,93,44,0,1
20,93,45,0,1
20,93,46,0,1
20,93,47,0,1
20,93,48,0,1
20,93,49,0,1
20,93,50,0,1
20,93,51,0,1
20,93,52,0,1
20,93,53,0,1
20,93,54,0,1
20,93,55,0,1
20,93,56,0,1
20,93,57,0,1
20,93,58,0,1
20,93,59,0,1
20,93,60,0,1
20,93,61,0,1
20,93,62,0,1
20,93,63,0,1
20,94,0,0,1
20,94,1,0,1
20,94,2,0,1
20,94,3,0,1
20,94,4,0,1
20,94,5,0,1
20,94,6,0,1
20,94,7,0,1
20,94,8,0,1
20,94,9,0,1
20,94,10,0,1
20,94,11,0,1
20,94,12,0,1
20,94,13,0,1
20,94,14,0,1
20,94,15,0,1
20,94,16,0,1
20,94,17,0,1
20,94,18,0,1
20,94,19,0,1
20,94,20,0,1
20,94,21,0,1
20,94,22,0,1
20,94,23,0,1
20,94,24,0,1
20,94,25,0,1
20,94,26,0,1
20,94,27,0,1
20,94,28,0,1
20,94,29,0,1
20,94,30,0,1
20,94,31,0,1
20,94,32,94,1
20,94,33,0,1
20,94,34,0,1
20,94,35,0,1
20,94,36,0,1
20,94,37,0,1
20,94,38,0,1
20,94,39,0,1
20,94,40,0,1
20,94,41,0,1
20,94,42,0,1
20,94,43,0,1
20,94,44,0,1
20,94,45,0,1
20,94,46,0,1
20,94,47,0,1
20,94,48,0,1
20,94,49,0,1
20,94,50,0,1
20,94,51,0,1
20,94,52,0,1
20,94,53,0,1
20,94,54,0,1
20,94,55,0,1
20,94,56,0,1
20,94,57,0,1
20,94,58,0,1
20,94,59,0,1
20,94,60,0,1
20,94,61,0,1
20,94,62,0,1
20,94,63,0,1
20,95,0,0,1
20,95,1,0,1
20,95,2,0,1
20,95,3,0,1
20,95,4,0,1
20,95,5,0,1
20,95,6,0,1
20,95,7,0,1
20,95,8,0,1
20,95,9,0,1
20,95,10,0,1
20,95,11,0,1
20,95,12,0,1
20,95,13,0,1
20,95,14,0,1
20,95,15,0,1
20,95,16,0,1
20,95,17,0,1
20,95,18,0,1
20,95,19,0,1
20,95,20,0,1
20,95,21,0,1
20,95,22,0,1
20,95,23,0,1
20,95,24,0,1
20,95,25,0,1
20,95,26,0,1
20,95,27,0,1
20,95,28,0,1
20,95,29,0,1
20,95,30,0,1
20,95,31,0,1
20,95,32,95,1
20,95,33,0,1
20,95,34,0,1
20,95,35,0,1
20,95,36,0,1
20,95,37,0,1
20,95,38,0,1
20,95,39,0,1
20,95,40,0,1
20,95,41,0,1
20,95,42,0,1
20,95,43,0,1
20,95,44,0,1
20,95,45,0,1
20,95,46,0,1
20,95,47,0,1
20,95,48,0,1
20,95,49,0,1
20,95,50,0,1
20,95,51,0,1
20,95,52,0,1
20,95,53,0,1
20,95,54,0,1
20,95,55,0,1
20,95,56,0,1
20,95,57,0,1
20,95,58,0,1
20,95,59,0,1
20,95,60,0,1
20,95,61,0,1
20,95,62,0,1
20,95,63,0,1
20,96,0,0,1
20,96,1,0,1
20,96,2,0,1
20,96,3,0,1
20,96,4,0,1
20,96,5,0,1
20,96,6,0,1
20,96,7,0,1
20,96,8,0,1
20,96,9,0,1
20,96,10,0,1
20,96,11,0,1
20,96,12,0,1
20,96,13,0,1
20,96,14,0,1
20,96,15,0,1
20,96,16,0,1
20,96,17,0,1
20,96,18,0,1
20,96,19,0,1
20,96,20,0,1
20,96,21,0,1
20,96,22,0,1
20,96,23,0,1
20,96,24,0,1
20,96,25,0,1
20,96,26,0,1
20,96,27,0,1
20,96,28,0,1
20,96,29,0,1
20,96,30,0,1
20,96,31,0,1
20,96,32,96,1
20,96,33,0,1
20,96,34,0,1
20,96,35,0,1
20,96,36,0,1
20,96,37,0,1
20,96,38,0,1
20,96,39,0,1
20,96,40,0,1
20,96,41,0,1
20,96,42,0,1
20,96,43,0,1
20,96,44,0,1
20,96,45,0,1
20,96,46,0,1
20,96,47,0,1
20,96,48,0,1
20,96,49,0,1
20,96,50,0,1
20,96,51,0,1
20,96,52,0,1
20,96,53,0,1
20,96,54,0,1
20,96,55,0,1
20,96,56,0,1
20,96,57,0,1
20,96,58,0,1
20,96,59,0,1
20,96,60,0,1
20,96,61,0,1
20,96,62,0,1
20,96,63,0,1
20,97,0,0,1
20,97,1,0,1
20,97,2,0,1
20,97,3,0,1
20,97,4,0,1
20,97,5,0,1
20,97,6,0,1
20,97,7,0,1
20,97,8,0,1
20,97,9,0,1
20,97,10,0,1
20,97,11,0,1
20,97,12,0,1
20,97,13,0,1
20,97,14,0,1
20,97,15,0,1
20,97,16,0,1
20,97,17,0,1
20,97,18,0,1
20,97,19,0,1
20,97,20,0,1
20,97,21,0,1
20,97,22,0,1
20,97,23,0,1
20,97,24,0,1
20,97,25,0,1
20,97,26,0,1
20,97,27,0,1
20,97,28,0,1
20,97,29,0,1
20,97,30,0,1
20,97,31,0,1
20,97,32,97,1
20,97,33,0,1
20,97,34,0,1
20,97,35,0,1
20,97,36,0,1
20,97,37,0,1
20,97,38,0,1
20,97,39,0,1
20,97,40,0,1
20,97,41,0,1
20,97,42,0,1
20,97,43,0,1
20,97,44,0,1
20,97,45,0,1
20,97,46,0,1
20,97,47,0,1
20,97,48,0,1
20,97,49,0,1
20,97,50,0,1
20,97,51,0,1
20,97,52,0,1
20,97,53,0,1
20,97,54,0,1
20,97,55,0,1
20,97,56,0,1
20,97,57,0,1
20,97,58,0,1
20,97,59,0,1
20,97,60,0,1
20,97,61,0,1
20,97,62,0,1
20,97,63,0,1
20,98,0,0,1
20,98,1,0,1
20,98,2,0,1
20,98,3,0,1
20,98,4,0,1
20,98,5,0,1
20,98,6,0,1
20,98,7,0,1
20,98,8,0,1
20,98,9,0,1
20,98,10,0,1
20,98,11,0,1
20,98,12,0,1
20,98,13,0,1
20,98,14,0,1
20,98,15,0,1
20,98,16,0,1
20,98,17,0,1
20,98,18,0,1
20,98,19,0,1
20,98,20,0,1
20,98,21,0,1
20,98,22,0,1
20,98,23,0,1
20,98,24,0,1
20,98,25,0,1
20,98,26,0,1
20,98,27,0,1
20,98,28,0,1
20,98,29,0,1
20,98,30,0,1
20,98,31,0,1
20,98,32,98,1
20,98,33,0,1
20,98,34,0,1
20,98,35,0,1
20,98,36,0,1
20,98,37,0,1
20,98,38,0,1
20,98,39,0,1
20,98,40,0,1
20,98,41,0,1
20,98,42,0,1
20,98,43,0,1
20,98,44,0,1
20,98,45,0,1
20,98,46,0,1
20,98,47,0,1
20,98,48,0,1
20,98,49,0,1
20,98,50,0,1
20,98,51,0,1
20,98,52,0,1
20,98,53,0,1
20,98,54,0,1
20,98,55,0,1
20,98,56,0,1
20,98,57,0,1
20,98,58,0,1
20,98,59,0,1
20,98,60,0,1
20,98,61,0,1
20,98,62,0,1
20,98,63,0,1
20,99,0,0,1
20,99,1,0,1
20,99,2,0,1
20,99,3,0,1
20,99,4,0,1
20,99,5,0,1
20,99,6,0,1
20,99,7,0,1
20,99,8,0,1
20,99,9,0,1
20,99,10,0,1
20,99,11,0,1
20,99,12,0,1
20,99,13,0,1
20,99,14,0,1
20,99,15,0,1
20,99,16,0,1
20,99,17,0,1
20,99,18,0,1
20,99,19,0,1
20,99,20,0,1
20,99,21,0,1
20,99,22,0,1
20,99,23,0,1
20,99,24,0,1
20,99,25,0,1
20,99,26,0,1
20,99,27,0,1
20,99,28,0,1
20,99,29,0,1
20,99,30,0,1
20,99,31,0,1
20,99,32,99,1
20,99,33,0,1
20,99,34,0,1
20,99,35,0,1
20,99,36,0,1
20,99,37,0,1
20,99,38,0,1
20,99,39,0,1
20,99,40,0,1
20,99,41,0,1
20,99,42,0,1
20,99,43,0,1
20,99,44,0,1
20,99,45,0,1
20,99,46,0,1
20,99,47,0,1
20,99,48,0,1
20,99,49,0,1
20,99,50,0,1
20,99,51,0,1
20,99,52,0,1
20,99,53,0,1
20,99,54,0,1
20,99,55,0,1
20,99,56,0,1
20,99,57,0,1
20,99,58,0,1
20,99,59,0,1
20,99,60,0,1
20,99,61,0,1
20,99,62,0,1
20,99,63,0,1
20,100,0,0,1
20,100,1,0,1
20,100,2,0,1
20,100,3,0,1
20,100,4,0,1
20,100,5,0,1
20,100,6,0,1
20,100,7,0,1
20,100,8,0,1
20,100,9,0,1
20,100,10,0,1
20,100,11,0,1
20,100,12,0,1
20,100,13,0,1
20,100,14,0,1
20,100,15,0,1
20,100,16,0,1
20,100,17,0,1
20,100,18,0,1
20,100,19,0,1
20,100,20,0,1
20,100,21,0,1
20,100,22,0,1
20,100,23,0,1
20,100,24,0,1
20,100,25,0,1
20,100,26,0,1
20,100,27,0,1
20,100,28,0,1
20,100,29,0,1
20,100,30,0,1
20,100,31,0,1
20,100,32,100,1
20,100,33,0,1
20,100,34,0,1
20,100,35,0,1
20,100,36,0,1
20,100,37,0,1
20,100,38,0,1
20,100,39,0,1
20,100,40,0,1
20,100,41,0,1
20,100,42,0,1
20,100,43,0,1
20,100,44,0,1
20,100,45,0,1
20,100,46,0,1
20,100,47,0,1
20,100,48,0,1
20,100,49,0,1
20,100,50,0,1
20,100,51,0,1
20,100,52,0,1
20,100,53,0,1
20,100,54,0,1
20,100,55,0,1
20,100,56,0,1
20,100,57,0,1
20,100,58,0,1
20,100,59,0,1
20,100,60,0,1
20,100,61,0,1
20,100,62,0,1
20,100,63,0,1
30,1,0,0,1
30,1,1,0,1
30,1,2,0,1
30,1,3,0,1
30,1,4,0,1
30,1,5,0,1
30,1,6,0,1
30,1,7,0,1
30,1,8,0,1
30,1,9,0,1
30,1,10,0,1
30,1,11,0,1
30,1,12,0,1
30,1,13,0,1
30,1,14,0,1
30,1,15,0,1
30,1,16,0,1
30,1,17,0,1
30,1,18,0,1
30,1,19,0,1
30,1,20,0,1
30,1,21,0,1
30,1,22,0,1
30,1,23,0,1
30,1,24,0,1
30,1,25,0,1
30,1,26,0,1
30,1,27,0,1
30,1,28,0,1
30,1,29,0,1
30,1,30,1,1
30,1,31,0,1
30,1,32,0,1
30,1,33,0,1
30,1,34,0,1
30,1,35,0,1
30,1,36,0,1
30,1,37,0,1
30,1,38,0,1
30,1,39,0,1
30,1,40,0,1
30,1,41,0,1
30,1,42,0,1
30,1,43,0,1
30,1,44,0,1
30,1,45,0,1
30,1,46,0,1
30,1,47,0,1
30,1,48,0,1
30,1,49,0,1
30,1,50,0,1
30,1,51,0,1
30,1,52,0,1
30,1,53,0,1
30,1,54,0,1
30,1,55,0,1
30,1,56,0,1
30,1,57,0,1
30,1,58,0,1
30,1,59,0,1
30,1,60,0,1
30,1,61,0,1
30,1,62,0,1
30,1,63,0,1
30,2,0,0,1
30,2,1,0,1
30,2,2,0,1
30,2,3,0,1
30,2,4,0,1
30,2,5,0,1
30,2,6,0,1
30,2,7,0,1
30,2,8,0,1
30,2,9,0,1
30,2,10,0,1
30,2,11,0,1
30,2,12,0,1
30,2,13,0,1
30,2,14,0,1
30,2,15,0,1
30,2,16,0,1
30,2,17,0,1
30,2,18,0,1
30,2,19,0,1
30,2,20,0,1
30,2,21,0,1
30,2,22,0,1
30,2,23,0,1
30,2,24,0,1
30,2,25,0,1
30,2,26,0,1
30,2,27,0,1
30,2,28,0,1
30,2,29,0,1
30,2,30,2,1
30,2,31,0,1
30,2,32,0,1
30,2,33,0,1
30,2,34,0,1
30,2,35,0,1
30,2,36,0,1
30,2,37,0,1
30,2,38,0,1
30,2,39,0,1
30,2,40,0,1
30,2,41,0,1
30,2,42,0,1
30,2,43,0,1
30,2,44,0,1
30,2,45,0,1
30,2,46,0,1
30,2,47,0,1
30,2,48,0,1
30,2,49,0,1
30,2,50,0,1
30,2,51,0,1
30,2,52,0,1
30,2,53,0,1
30,2,54,0,1
30,2,55,0,1
30,2,56,0,1
30,2,57,0,1
30,2,58,0,1
30,2,59,0,1
30,2,60,0,1
30,2,61,0,1
30,2,62,0,1
30,2,63,0,1
30,3,0,0,1
30,3,1,0,1
30,3,2,0,1
30,3,3,0,1
30,3,4,0,1
30,3,5,0,1
30,3,6,0,1
30,3,7,0,1
30,3,8,0,1
30,3,9,0,1
30,3,10,0,1
30,3,11,0,1
30,3,12,0,1
30,3,13,0,1
30,3,14,0,1
30,3,15,0,1
30,3,16,0,1
30,3,17,0,1
30,3,18,0,1
30,3,19,0,1
30,3,20,0,1
30,3,21,0,1
30,3,22,0,1
30,3,23,0,1
30,3,24,0,1
30,3,25,0,1
30,3,26,0,1
30,3,27,0,1
30,3,28,0,1
30,3,29,0,1
30,3,30,3,1
30,3,31,0,1
30,3,32,0,1
30,3,33,0,1
30,3,34,0,1
30,3,35,0,1
30,3,36,0,1
30,3,37,0,1
30,3,38,0,1
30,3,39,0,1
30,3,40,0,1
30,3,41,0,1
30,3,42,0,1
30,3,43,0,1
30,3,44,0,1
30,3,45,0,1
30,3,46,0,1
30,3,47,0,1
30,3,48,0,1
30,3,49,0,1
30,3,50,0,1
30,3,51,0,1
30,3,52,0,1
30,3,53,0,1
30,3,54,0,1
30,3,55,0,1
30,3,56,0,1
30,3,57,0,1
30,3,58,0,1
30,3,59,0,1
30,3,60,0,1
30,3,61,0,1
30,3,62,0,1
30,3,63,0,1
30,4,0,0,1
30,4,1,0,1
30,4,2,0,1
30,4,3,0,1
30,4,4,0,1
30,4,5,0,1
30,4,6,0,1
30,4,7,0,1
30,4,8,0,1
30,4,9,0,1
30,4,10,0,1
30,4,11,0,1
30,4,12,0,1
30,4,13,0,1
30,4,14,0,1
30,4,15,0,1
30,4,16,0,1
30,4,17,0,1
30,4,18,0,1
30,4,19,0,1
30,4,20,0,1
30,4,21,0,1
30,4,22,0,1
30,4,23,0,1
30,4,24,0,1
30,4,25,0,1
30,4,26,0,1
30,4,27,0,1
30,4,28,0,1
30,4,29,0,1
30,4,30,4,1
30,4,31,0,1
30,4,32,0,1
30,4,33,0,1
30,4,34,0,1
30,4,35,0,1
30,4,36,0,1
30,4,37,0,1
30,4,38,0,1
30,4,39,0,1
30,4,40,0,1
30,4,41,0,1
30,4,42,0,1
30,4,43,0,1
30,4,44,0,1
30,4,45,0,1
30,4,46,0,1
30,4,47,0,1
30,4,48,0,1
30,4,49,0,1
30,4,50,0,1
30,4,51,0,1
30,4,52,0,1
30,4,53,0,1
30,4,54,0,1
30,4,55,0,1
30,4,56,0,1
30,4,57,0,1
30,4,58,0,1
30,4,59,0,1
30,4,60,0,1
30,4,61,0,1
30,4,62,0,1
30,4,63,0,1
30,5,0,0,1
30,5,1,0,1
30,5,2,0,1
30,5,3,0,1
30,5,4,0,1
30,5,5,0,1
30,5,6,0,1
30,5,7,0,1
30,5,8,0,1
30,5,9,0,1
30,5,10,0,1
30,5,11,0,1
30,5,12,0,1
30,5,13,0,1
30,5,14,0,1
30,5,15,0,1
30,5,16,0,1
30,5,17,0,1
30,5,18,0,1
30,5,19,0,1
30,5,20,0,1
30,5,21,0,1
30,5,22,0,1
30,5,23,0,1
30,5,24,0,1
30,5,25,0,1
30,5,26,0,1
30,5,27,0,1
30,5,28,0,1
30,5,29,0,1
30,5,30,5,1
30,5,31,0,1
30,5,32,0,1
30,5,33,0,1
30,5,34,0,1
30,5,35,0,1
30,5,36,0,1
30,5,37,0,1
30,5,38,0,1
30,5,39,0,1
30,5,40,0,1
30,5,41,0,1
30,5,42,0,1
30,5,43,0,1
30,5,44,0,1
30,5,45,0,1
30,5,46,0,1
30,5,47,0,1
30,5,48,0,1
30,5,49,0,1
30,5,50,0,1
30,5,51,0,1
30,5,52,0,1
30,5,53,0,1
30,5,54,0,1
30,5,55,0,1
30,5,56,0,1
30,5,57,0,1
30,5,58,0,1
30,5,59,0,1
30,5,60,0,1
30,5,61,0,1
30,5,62,0,1
30,5,63,0,1
30,6,0,0,1
30,6,1,0,1
30,6,2,0,1
30,6,3,0,1
30,6,4,0,1
30,6,5,0,1
30,6,6,0,1
30,6,7,0,1
30,6,8,0,1
30,6,9,0,1
30,6,10,0,1
30,6,11,0,1
30,6,12,0,1
30,6,13,0,1
30,6,14,0,1
30,6,15,0,1
30,6,16,0,1
30,6,17,0,1
30,6,18,0,1
30,6,19,0,1
30,6,20,0,1
30,6,21,0,1
30,6,22,0,1
30,6,23,0,1
30,6,24,0,1
30,6,25,0,1
30,6,26,0,1
30,6,27,0,1
30,6,28,0,1
30,6,29,0,1
30,6,30,6,1
30,6,31,0,1
30,6,32,0,1
30,6,33,0,1
30,6,34,0,1
30,6,35,0,1
30,6,36,0,1
30,6,37,0,1
30,6,38,0,1
30,6,39,0,1
30,6,40,0,1
30,6,41,0,1
30,6,42,0,1
30,6,43,0,1
30,6,44,0,1
30,6,45,0,1
30,6,46,0,1
30,6,47,0,1
30,6,48,0,1
30,6,49,0,1
30,6,50,0,1
30,6,51,0,1
30,6,52,0,1
30,6,53,0,1
30,6,54,0,1
30,6,55,0,1
30,6,56,0,1
30,6,57,0,1
30,6,58,0,1
30,6,59,0,1
30,6,60,0,1
30,6,61,0,1
30,6,62,0,1
30,6,63,0,1
30,7,0,0,1
30,7,1,0,1
30,7,2,0,1
30,7,3,0,1
30,7,4,0,1
30,7,5,0,1
30,7,6,0,1
30,7,7,0,1
30,7,8,0,1
30,7,9,0,1
30,7,10,0,1
30,7,11,0,1
30,7,12,0,1
30,7,13,0,1
30,7,14,0,1
30,7,15,0,1
30,7,16,0,1
30,7,17,0,1
30,7,18,0,1
30,7,19,0,1
30,7,20,0,1
30,7,21,0,1
30,7,22,0,1
30,7,23,0,1
30,7,24,0,1
30,7,25,0,1
30,7,26,0,1
30,7,27,0,1
30,7,28,0,1
30,7,29,0,1
30,7,30,7,1
30,7,31,0,1
30,7,32,0,1
30,7,33,0,1
30,7,34,0,1
30,7,35,0,1
30,7,36,0,1
30,7,37,0,1
30,7,38,0,1
30,7,39,0,1
30,7,40,0,1
30,7,41,0,1
30,7,42,0,1
30,7,43,0,1
30,7,44,0,1
30,7,45,0,1
30,7,46,0,1
30,7,47,0,1
30,7,48,0,1
30,7,49,0,1
30,7,50,0,1
30,7,51,0,1
30,7,52,0,1
30,7,53,0,1
30,7,54,0,1
30,7,55,0,1
30,7,56,0,1
30,7,57,0,1
30,7,58,0,1
30,7,59,0,1
30,7,60,0,1
30,7,61,0,1
30,7,62,0,1
30,7,63,0,1
30,8,0,0,1
30,8,1,0,1
30,8,2,0,1
30,8,3,0,1
30,8,4,0,1
30,8,5,0,1
30,8,6,0,1
30,8,7,0,1
30,8,8,0,1
30,8,9,0,1
30,8,10,0,1
30,8,11,0,1
30,8,12,0,1
30,8,13,0,1
30,8,14,0,1
30,8,15,0,1
30,8,16,0,1
30,8,17,0,1
30,8,18,0,1
30,8,19,0,1
30,8,20,0,1
30,8,21,0,1
30,8,22,0,1
30,8,23,0,1
30,8,24,0,1
30,8,25,0,1
30,8,26,0,1
30,8,27,0,1
30,8,28,0,1
30,8,29,0,1
30,8,30,8,1
30,8,31,0,1
30,8,32,0,1
30,8,33,0,1
30,8,34,0,1
30,8,35,0,1
30,8,36,0,1
30,8,37,0,1
30,8,38,0,1
30,8,39,0,1
30,8,40,0,1
30,8,41,0,1
30,8,42,0,1
30,8,43,0,1
30,8,44,0,1
30,8,45,0,1
30,8,46,0,1
30,8,47,0,1
30,8,48,0,1
30,8,49,0,1
30,8,50,0,1
30,8,51,0,1
30,8,52,0,1
30,8,53,0,1
30,8,54,0,1
30,8,55,0,1
30,8,56,0,1
30,8,57,0,1
30,8,58,0,1
30,8,59,0,1
30,8,60,0,1
30,8,61,0,1
30,8,62,0,1
30,8,63,0,1
30,9,0,0,1
30,9,1,0,1
30,9,2,0,1
30,9,3,0,1
30,9,4,0,1
30,9,5,0,1
30,9,6,0,1
30,9,7,0,1
30,9,8,0,1
30,9,9,0,1
30,9,10,0,1
30,9,11,0,1
30,9,12,0,1
30,9,13,0,1
30,9,14,0,1
30,9,15,0,1
30,9,16,0,1
30,9,17,0,1
30,9,18,0,1
30,9,19,0,1
30,9,20,0,1
30,9,21,0,1
30,9,22,0,1
30,9,23,0,1
30,9,24,0,1
30,9,25,0,1
30,9,26,0,1
30,9,27,0,1
30,9,28,0,1
30,9,29,0,1
30,9,30,9,1
30,9,31,0,1
30,9,32,0,1
30,9,33,0,1
30,9,34,0,1
30,9,35,0,1
30,9,36,0,1
30,9,37,0,1
30,9,38,0,1
30,9,39,0,1
30,9,40,0,1
30,9,41,0,1
30,9,42,0,1
30,9,43,0,1
30,9,44,0,1
30,9,45,0,1
30,9,46,0,1
30,9,47,0,1
30,9,48,0,1
30,9,49,0,1
30,9,50,0,1
30,9,51,0,1
30,9,52,0,1
30,9,53,0,1
30,9,54,0,1
30,9,55,0,1
30,9,56,0,1
30,9,57,0,1
30,9,58,0,1
30,9,59,0,1
30,9,60,0,1
30,9,61,0,1
30,9,62,0,1
30,9,63,0,1
30,10,0,0,1
30,10,1,0,1
30,10,2,0,1
30,10,3,0,1
30,10,4,0,1
30,10,5,0,1
30,10,6,0,1
30,10,7,0,1
30,10,8,0,1
30,10,9,0,1
30,10,10,0,1
30,10,11,0,1
30,10,12,0,1
30,10,13,0,1
30,10,14,0,1
30,10,15,0,1
30,10,16,0,1
30,10,17,0,1
30,10,18,0,1
30,10,19,0,1
30,10,20,0,1
30,10,21,0,1
30,10,22,0,1
30,10,23,0,1
30,10,24,0,1
30,10,25,0,1
30,10,26,0,1
30,10,27,0,1
30,10,28,0,1
30,10,29,0,1
30,10,30,10,1
30,10,31,0,1
30,10,32,0,1
30,10,33,0,1
30,10,34,0,1
30,10,35,0,1
30,10,36,0,1
30,10,37,0,1
30,10,38,0,1
30,10,39,0,1
30,10,40,0,1
30,10,41,0,1
30,10,42,0,1
30,10,43,0,1
30,10,44,0,1
30,10,45,0,1
30,10,46,0,1
30,10,47,0,1
30,10,48,0,1
30,10,49,0,1
30,10,50,0,1
30,10,51,0,1
30,10,52,0,1
30,10,53,0,1
30,10,54,0,1
30,10,55,0,1
30,10,56,0,1
30,10,57,0,1
30,10,58,0,1
30,10,59,0,1
30,10,60,0,1
30,10,61,0,1
30,10,62,0,1
30,10,63,0,1
30,11,0,0,1
30,11,1,0,1
30,11,2,0,1
30,11,3,0,1
30,11,4,0,1
30,11,5,0,1
30,11,6,0,1
30,11,7,0,1
30,11,8,0,1
30,11,9,0,1
30,11,10,0,1
30,11,11,0,1
30,11,12,0,1
30,11,13,0,1
30,11,14,0,1
30,11,15,0,1
30,11,16,0,1
30,11,17,0,1
30,11,18,0,1
30,11,19,0,1
30,11,20,0,1
30,11,21,0,1
30,11,22,0,1
30,11,23,0,1
30,11,24,0,1
30,11,25,0,1
30,11,26,0,1
30,11,27,0,1
30,11,28,0,1
30,11,29,0,1
30,11,30,11,1
30,11,31,0,1
30,11,32,0,1
30,11,33,0,1
30,11,34,0,1
30,11,35,0,1
30,11,36,0,1
30,11,37,0,1
30,11,38,0,1
30,11,39,0,1
30,11,40,0,1
30,11,41,0,1
30,11,42,0,1
30,11,43,0,1
30,11,44,0,1
30,11,45,0,1
30,11,46,0,1
30,11,47,0,1
30,11,48,0,1
30,11,49,0,1
30,11,50,0,1
30,11,51,0,1
30,11,52,0,1
30,11,53,0,1
30,11,54,0,1
30,11,55,0,1
30,11,56,0,1
30,11,57,0,1
30,11,58,0,1
30,11,59,0,1
30,11,60,0,1
30,11,61,0,1
30,11,62,0,1
30,11,63,0,1
30,12,0,0,1
30,12,1,0,1
30,12,2,0,1
30,12,3,0,1
30,12,4,0,1
30,12,5,0,1
30,12,6,0,1
30,12,7,0,1
30,12,8,0,1
30,12,9,0,1
30,12,10,0,1
30,12,11,0,1
30,12,12,0,1
30,12,13,0,1
30,12,14,0,1
30,12,15,0,1
30,12,16,0,1
30,12,17,0,1
30,12,18,0,1
30,12,19,0,1
30,12,20,0,1
30,12,21,0,1
30,12,22,0,1
30,12,23,0,1
30,12,24,0,1
30,12,25,0,1
30,12,26,0,1
30,12,27,0,1
30,12,28,0,1
30,12,29,0,1
30,12,30,12,1
30,12,31,0,1
30,12,32,0,1
30,12,33,0,1
30,12,34,0,1
30,12,35,0,1
30,12,36,0,1
30,12,37,0,1
30,12,38,0,1
30,12,39,0,1
30,12,40,0,1
30,12,41,0,1
30,12,42,0,1
30,12,43,0,1
30,12,44,0,1
30,12,45,0,1
30,12,46,0,1
30,12,47,0,1
30,12,48,0,1
30,12,49,0,1
30,12,50,0,1
30,12,51,0,1
30,12,52,0,1
30,12,53,0,1
30,12,54,0,1
30,12,55,0,1
30,12,56,0,1
30,12,57,0,1
30,12,58,0,1
30,12,59,0,1
30,12,60,0,1
30,12,61,0,1
30,12,62,0,1
30,12,63,0,1
30,13,0,0,1
30,13,1,0,1
30,13,2,0,1
30,13,3,0,1
30,13,4,0,1
30,13,5,0,1
30,13,6,0,1
30,13,7,0,1
30,13,8,0,1
30,13,9,0,1
30,13,10,0,1
30,13,11,0,1
30,13,12,0,1
30,13,13,0,1
30,13,14,0,1
30,13,15,0,1
30,13,16,0,1
30,13,17,0,1
30,13,18,0,1
30,13,19,0,1
30,13,20,0,1
30,13,21,0,1
30,13,22,0,1
30,13,23,0,1
30,13,24,0,1
30,13,25,0,1
30,13,26,0,1
30,13,27,0,1
30,13,28,0,1
30,13,29,0,1
30,13,30,13,1
30,13,31,0,1
30,13,32,0,1
30,13,33,0,1
30,13,34,0,1
30,13,35,0,1
30,13,36,0,1
30,13,37,0,1
30,13,38,0,1
30,13,39,0,1
30,13,40,0,1
30,13,41,0,1
30,13,42,0,1
30,13,43,0,1
30,13,44,0,1
30,13,45,0,1
30,13,46,0,1
30,13,47,0,1
30,13,48,0,1
30,13,49,0,1
30,13,50,0,1
30,13,51,0,1
30,13,52,0,1
30,13,53,0,1
30,13,54,0,1
30,13,55,0,1
30,13,56,0,1
30,13,57,0,1
30,13,58,0,1
30,13,59,0,1
30,13,60,0,1
30,13,61,0,1
30,13,62,0,1
30,13,63,0,1
30,14,0,0,1
30,14,1,0,1
30,14,2,0,1
30,14,3,0,1
30,14,4,0,1
30,14,5,0,1
30,14,6,0,1
30,14,7,0,1
30,14,8,0,1
30,14,9,0,1
30,14,10,0,1
30,14,11,0,1
30,14,12,0,1
30,14,13,0,1
30,14,14,0,1
30,14,15,0,1
30,14,16,0,1
30,14,17,0,1
30,14,18,0,1
30,14,19,0,1
30,14,20,0,1
30,14,21,0,1
30,14,22,0,1
30,14,23,0,1
30,14,24,0,1
30,14,25,0,1
30,14,26,0,1
30,14,27,0,1
30,14,28,0,1
30,14,29,0,1
30,14,30,14,1
30,14,31,0,1
30,14,32,0,1
30,14,33,0,1
30,14,34,0,1
30,14,35,0,1
30,14,36,0,1
30,14,37,0,1
30,14,38,0,1
30,14,39,0,1
30,14,40,0,1
30,14,41,0,1
30,14,42,0,1
30,14,43,0,1
30,14,44,0,1
30,14,45,0,1
30,14,46,0,1
30,14,47,0,1
30,14,48,0,1
30,14,49,0,1
30,14,50,0,1
30,14,51,0,1
30,14,52,0,1
30,14,53,0,1
30,14,54,0,1
30,14,55,0,1
30,14,56,0,1
30,14,57,0,1
30,14,58,0,1
30,14,59,0,1
30,14,60,0,1
30,14,61,0,1
30,14,62,0,1
30,14,63,0,1
30,15,0,0,1
30,15,1,0,1
30,15,2,0,1
30,15,3,0,1
30,15,4,0,1
30,15,5,0,1
30,15,6,0,1
30,15,7,0,1
30,15,8,0,1
30,15,9,0,1
30,15,10,0,1
30,15,11,0,1
30,15,12,0,1
30,15,13,0,1
30,15,14,0,1
30,15,15,0,1
30,15,16,0,1
30,15,17,0,1
30,15,18,0,1
30,15,19,0,1
30,15,20,0,1
30,15,21,0,1
30,15,22,0,1
30,15,23,0,1
30,15,24,0,1
30,15,25,0,1
30,15,26,0,1
30,15,27,0,1
30,15,28,0,1
30,15,29,0,1
30,15,30,15,1
30,15,31,0,1
30,15,32,0,1
30,15,33,0,1
30,15,34,0,1
30,15,35,0,1
30,15,36,0,1
30,15,37,0,1
30,15,38,0,1
30,15,39,0,1
30,15,40,0,1
30,15,41,0,1
30,15,42,0,1
30,15,43,0,1
30,15,44,0,1
30,15,45,0,1
30,15,46,0,1
30,15,47,0,1
30,15,48,0,1
30,15,49,0,1
30,15,50,0,1
30,15,51,0,1
30,15,52,0,1
30,15,53,0,1
30,15,54,0,1
30,15,55,0,1
30,15,56,0,1
30,15,57,0,1
30,15,58,0,1
30,15,59,0,1
30,15,60,0,1
30,15,61,0,1
30,15,62,0,1
30,15,63,0,1
30,16,0,0,1
30,16,1,0,1
30,16,2,0,1
30,16,3,0,1
30,16,4,0,1
30,16,5,0,1
30,16,6,0,1
30,16,7,0,1
30,16,8,0,1
30,16,9,0,1
30,16,10,0,1
30,16,11,0,1
30,16,12,0,1
30,16,13,0,1
30,16,14,0,1
30,16,15,0,1
30,16,16,0,1
30,16,17,0,1
30,16,18,0,1
30,16,19,0,1
30,16,20,0,1
30,16,21,0,1
30,16,22,0,1
30,16,23,0,1
30,16,24,0,1
30,16,25,0,1
30,16,26,0,1
30,16,27,0,1
30,16,28,0,1
30,16,29,0,1
30,16,30,16,1
30,16,31,0,1
30,16,32,0,1
30,16,33,0,1
30,16,34,0,1
30,16,35,0,1
30,16,36,0,1
30,16,37,0,1
30,16,38,0,1
30,16,39,0,1
30,16,40,0,1
30,16,41,0,1
30,16,42,0,1
30,16,43,0,1
30,16,44,0,1
30,16,45,0,1
30,16,46,0,1
30,16,47,0,1
30,16,48,0,1
30,16,49,0,1
30,16,50,0,1
30,16,51,0,1
30,16,52,0,1
30,16,53,0,1
30,16,54,0,1
30,16,55,0,1
30,16,56,0,1
30,16,57,0,1
30,16,58,0,1
30,16,59,0,1
30,16,60,0,1
30,16,61,0,1
30,16,62,0,1
30,16,63,0,1
30,17,0,0,1
30,17,1,0,1
30,17,2,0,1
30,17,3,0,1
30,17,4,0,1
30,17,5,0,1
30,17,6,0,1
30,17,7,0,1
30,17,8,0,1
30,17,9,0,1
30,17,10,0,1
30,17,11,0,1
30,17,12,0,1
30,17,13,0,1
30,17,14,0,1
30,17,15,0,1
30,17,16,0,1
30,17,17,0,1
30,17,18,0,1
30,17,19,0,1
30,17,20,0,1
30,17,21,0,1
30,17,22,0,1
30,17,23,0,1
30,17,24,0,1
30,17,25,0,1
30,17,26,0,1
30,17,27,0,1
30,17,28,0,1
30,17,29,0,1
30,17,30,17,1
30,17,31,0,1
30,17,32,0,1
30,17,33,0,1
30,17,34,0,1
30,17,35,0,1
30,17,36,0,1
30,17,37,0,1
30,17,38,0,1
30,17,39,0,1
30,17,40,0,1
30,17,41,0,1
30,17,42,0,1
30,17,43,0,1
30,17,44,0,1
30,17,45,0,1
30,17,46,0,1
30,17,47,0,1
30,17,48,0,1
30,17,49,0,1
30,17,50,0,1
30,17,51,0,1
30,17,52,0,1
30,17,53,0,1
30,17,54,0,1
30,17,55,0,1
30,17,56,0,1
30,17,57,0,1
30,17,58,0,1
30,17,59,0,1
30,17,60,0,1
30,17,61,0,1
30,17,62,0,1
30,17,63,0,1
30,18,0,0,1
30,18,1,0,1
30,18,2,0,1
30,18,3,0,1
30,18,4,0,1
30,18,5,0,1
30,18,6,0,1
30,18,7,0,1
30,18,8,0,1
30,18,9,0,1
30,18,10,0,1
30,18,11,0,1
30,18,12,0,1
30,18,13,0,1
30,18,14,0,1
30,18,15,0,1
30,18,16,0,1
30,18,17,0,1
30,18,18,0,1
30,18,19,0,1
30,18,20,0,1
30,18,21,0,1
30,18,22,0,1
30,18,23,0,1
30,18,24,0,1
30,18,25,0,1
30,18,26,0,1
30,18,27,0,1
30,18,28,0,1
30,18,29,0,1
30,18,30,18,1
30,18,31,0,1
30,18,32,0,1
30,18,33,0,1
30,18,34,0,1
30,18,35,0,1
30,18,36,0,1
30,18,37,0,1
30,18,38,0,1
30,18,39,0,1
30,18,40,0,1
30,18,41,0,1
30,18,42,0,1
30,18,43,0,1
30,18,44,0,1
30,18,45,0,1
30,18,46,0,1
30,18,47,0,1
30,18,48,0,1
30,18,49,0,1
30,18,50,0,1
30,18,51,0,1
30,18,52,0,1
30,18,53,0,1
30,18,54,0,1
30,18,55,0,1
30,18,56,0,1
30,18,57,0,1
30,18,58,0,1
30,18,59,0,1
30,18,60,0,1
30,18,61,0,1
30,18,62,0,1
30,18,63,0,1
30,19,0,0,1
30,19,1,0,1
30,19,2,0,1
30,19,3,0,1
30,19,4,0,1
30,19,5,0,1
30,19,6,0,1
30,19,7,0,1
30,19,8,0,1
30,19,9,0,1
30,19,10,0,1
30,19,11,0,1
30,19,12,0,1
30,19,13,0,1
30,19,14,0,1
30,19,15,0,1
30,19,16,0,1
30,19,17,0,1
30,19,18,0,1
30,19,19,0,1
30,19,20,0,1
30,19,21,0,1
30,19,22,0,1
30,19,23,0,1
30,19,24,0,1
30,19,25,0,1
30,19,26,0,1
30,19,27,0,1
30,19,28,0,1
30,19,29,0,1
30,19,30,19,1
30,19,31,0,1
30,19,32,0,1
30,19,33,0,1
30,19,34,0,1
30,19,35,0,1
30,19,36,0,1
30,19,37,0,1
30,19,38,0,1
30,19,39,0,1
30,19,40,0,1
30,19,41,0,1
30,19,42,0,1
30,19,43,0,1
30,19,44,0,1
30,19,45,0,1
30,19,46,0,1
30,19,47,0,1
30,19,48,0,1
30,19,49,0,1
30,19,50,0,1
30,19,51,0,1
30,19,52,0,1
30,19,53,0,1
30,19,54,0,1
30,19,55,0,1
30,19,56,0,1
30,19,57,0,1
30,19,58,0,1
30,19,59,0,1
30,19,60,0,1
30,19,61,0,1
30,19,62,0,1
30,19,63,0,1
30,20,0,0,1
30,20,1,0,1
30,20,2,0,1
30,20,3,0,1
30,20,4,0,1
30,20,5,0,1
30,20,6,0,1
30,20,7,0,1
30,20,8,0,1
30,20,9,0,1
30,20,10,0,1
30,20,11,0,1
30,20,12,0,1
30,20,13,0,1
30,20,14,0,1
30,20,15,0,1
30,20,16,0,1
30,20,17,0,1
30,20,18,0,1
30,20,19,0,1
30,20,20,0,1
30,20,21,0,1
30,20,22,0,1
30,20,23,0,1
30,20,24,0,1
30,20,25,0,1
30,20,26,0,1
30,20,27,0,1
30,20,28,0,1
30,20,29,0,1
30,20,30,20,1
30,20,31,0,1
30,20,32,0,1
30,20,33,0,1
30,20,34,0,1
30,20,35,0,1
30,20,36,0,1
30,20,37,0,1
30,20,38,0,1
30,20,39,0,1
30,20,40,0,1
30,20,41,0,1
30,20,42,0,1
30,20,43,0,1
30,20,44,0,1
30,20,45,0,1
30,20,46,0,1
30,20,47,0,1
30,20,48,0,1
30,20,49,0,1
30,20,50,0,1
30,20,51,0,1
30,20,52,0,1
30,20,53,0,1
30,20,54,0,1
30,20,55,0,1
30,20,56,0,1
30,20,57,0,1
30,20,58,0,1
30,20,59,0,1
30,20,60,0,1
30,20,61,0,1
30,20,62,0,1
30,20,63,0,1
30,21,0,0,1
30,21,1,0,1
30,21,2,0,1
30,21,3,0,1
30,21,4,0,1
30,21,5,0,1
30,21,6,0,1
30,21,7,0,1
30,21,8,0,1
30,21,9,0,1
30,21,10,0,1
30,21,11,0,1
30,21,12,0,1
30,21,13,0,1
30,21,14,0,1
30,21,15,0,1
30,21,16,0,1
30,21,17,0,1
30,21,18,0,1
30,21,19,0,1
30,21,20,0,1
30,21,21,0,1
30,21,22,0,1
30,21,23,0,1
30,21,24,0,1
30,21,25,0,1
30,21,26,0,1
30,21,27,0,1
30,21,28,0,1
30,21,29,0,1
30,21,30,21,1
30,21,31,0,1
30,21,32,0,1
30,21,33,0,1
30,21,34,0,1
30,21,35,0,1
30,21,36,0,1
30,21,37,0,1
30,21,38,0,1
30,21,39,0,1
30,21,40,0,1
30,21,41,0,1
30,21,42,0,1
30,21,43,0,1
30,21,44,0,1
30,21,45,0,1
30,21,46,0,1
30,21,47,0,1
30,21,48,0,1
30,21,49,0,1
30,21,50,0,1
30,21,51,0,1
30,21,52,0,1
30,21,53,0,1
30,21,54,0,1
30,21,55,0,1
30,21,56,0,1
30,21,57,0,1
30,21,58,0,1
30,21,59,0,1
30,21,60,0,1
30,21,61,0,1
30,21,62,0,1
30,21,63,0,1
30,22,0,0,1
30,22,1,0,1
30,22,2,0,1
30,22,3,0,1
30,22,4,0,1
30,22,5,0,1
30,22,6,0,1
30,22,7,0,1
30,22,8,0,1
30,22,9,0,1
30,22,10,0,1
30,22,11,0,1
30,22,12,0,1
30,22,13,0,1
30,22,14,0,1
30,22,15,0,1
30,22,16,0,1
30,22,17,0,1
30,22,18,0,1
30,22,19,0,1
30,22,20,0,1
30,22,21,0,1
30,22,22,0,1
30,22,23,0,1
30,22,24,0,1
30,22,25,0,1
30,22,26,0,1
30,22,27,0,1
30,22,28,0,1
30,22,29,0,1
30,22,30,22,1
30,22,31,0,1
30,22,32,0,1
30,22,33,0,1
30,22,34,0,1
30,22,35,0,1
30,22,36,0,1
30,22,37,0,1
30,22,38,0,1
30,22,39,0,1
30,22,40,0,1
30,22,41,0,1
30,22,42,0,1
30,22,43,0,1
30,22,44,0,1
30,22,45,0,1
30,22,46,0,1
30,22,47,0,1
30,22,48,0,1
30,22,49,0,1
30,22,50,0,1
30,22,51,0,1
30,22,52,0,1
30,22,53,0,1
30,22,54,0,1
30,22,55,0,1
30,22,56,0,1
30,22,57,0,1
30,22,58,0,1
30,22,59,0,1
30,22,60,0,1
30,22,61,0,1
30,22,62,0,1
30,22,63,0,1
30,23,0,0,1
30,23,1,0,1
30,23,2,0,1
30,23,3,0,1
30,23,4,0,1
30,23,5,0,1
30,23,6,0,1
30,23,7,0,1
30,23,8,0,1
30,23,9,0,1
30,23,10,0,1
30,23,11,0,1
30,23,12,0,1
30,23,13,0,1
30,23,14,0,1
30,23,15,0,1
30,23,16,0,1
30,23,17,0,1
30,23,18,0,1
30,23,19,0,1
30,23,20,0,1
30,23,21,0,1
30,23,22,0,1
30,23,23,0,1
30,23,24,0,1
30,23,25,0,1
30,23,26,0,1
30,23,27,0,1
30,23,28,0,1
30,23,29,0,1
30,23,30,23,1
30,23,31,0,1
30,23,32,0,1
30,23,33,0,1
30,23,34,0,1
30,23,35,0,1
30,23,36,0,1
30,23,37,0,1
30,23,38,0,1
30,23,39,0,1
30,23,40,0,1
30,23,41,0,1
30,23,42,0,1
30,23,43,0,1
30,23,44,0,1
30,23,45,0,1
30,23,46,0,1
30,23,47,0,1
30,23,48,0,1
30,23,49,0,1
30,23,50,0,1
30,23,51,0,1
30,23,52,0,1
30,23,53,0,1
30,23,54,0,1
30,23,55,0,1
30,23,56,0,1
30,23,57,0,1
30,23,58,0,1
30,23,59,0,1
30,23,60,0,1
30,23,61,0,1
30,23,62,0,1
30,23,63,0,1
30,24,0,0,1
30,24,1,0,1
30,24,2,0,1
30,24,3,0,1
30,24,4,0,1
30,24,5,0,1
30,24,6,0,1
30,24,7,0,1
30,24,8,0,1
30,24,9,0,1
30,24,10,0,1
30,24,11,0,1
30,24,12,0,1
30,24,13,0,1
30,24,14,0,1
30,24,15,0,1
30,24,16,0,1
30,24,17,0,1
30,24,18,0,1
30,24,19,0,1
30,24,20,0,1
30,24,21,0,1
30,24,22,0,1
30,24,23,0,1
30,24,24,0,1
30,24,25,0,1
30,24,26,0,1
30,24,27,0,1
30,24,28,0,1
30,24,29,0,1
30,24,30,24,1
30,24,31,0,1
30,24,32,0,1
30,24,33,0,1
30,24,34,0,1
30,24,35,0,1
30,24,36,0,1
30,24,37,0,1
30,24,38,0,1
30,24,39,0,1
30,24,40,0,1
30,24,41,0,1
30,24,42,0,1
30,24,43,0,1
30,24,44,0,1
30,24,45,0,1
30,24,46,0,1
30,24,47,0,1
30,24,48,0,1
30,24,49,0,1
30,24,50,0,1
30,24,51,0,1
30,24,52,0,1
30,24,53,0,1
30,24,54,0,1
30,24,55,0,1
30,24,56,0,1
30,24,57,0,1
30,24,58,0,1
30,24,59,0,1
30,24,60,0,1
30,24,61,0,1
30,24,62,0,1
30,24,63,0,1
30,25,0,0,1
30,25,1,0,1
30,25,2,0,1
30,25,3,0,1
30,25,4,0,1
30,25,5,0,1
30,25,6,0,1
30,25,7,0,1
30,25,8,0,1
30,25,9,0,1
30,25,10,0,1
30,25,11,0,1
30,25,12,0,1
30,25,13,0,1
30,25,14,0,1
30,25,15,0,1
30,25,16,0,1
30,25,17,0,1
30,25,18,0,1
30,25,19,0,1
30,25,20,0,1
30,25,21,0,1
30,25,22,0,1
30,25,23,0,1
30,25,24,0,1
30,25,25,0,1
30,25,26,0,1
30,25,27,0,1
30,25,28,0,1
30,25,29,0,1
30,25,30,25,1
30,25,31,0,1
30,25,32,0,1
30,25,33,0,1
30,25,34,0,1
30,25,35,0,1
30,25,36,0,1
30,25,37,0,1
30,25,38,0,1
30,25,39,0,1
30,25,40,0,1
30,25,41,0,1
30,25,42,0,1
30,25,43,0,1
30,25,44,0,1
30,25,45,0,1
30,25,46,0,1
30,25,47,0,1
30,25,48,0,1
30,25,49,0,1
30,25,50,0,1
30,25,51,0,1
30,25,52,0,1
30,25,53,0,1
30,25,54,0,1
30,25,55,0,1
30,25,56,0,1
30,25,57,0,1
30,25,58,0,1
30,25,59,0,1
30,25,60,0,1
30,25,61,0,1
30,25,62,0,1
30,25,63,0,1
30,26,0,0,1
30,26,1,0,1
30,26,2,0,1
30,26,3,0,1
30,26,4,0,1
30,26,5,0,1
30,26,6,0,1
30,26,7,0,1
30,26,8,0,1
30,26,9,0,1
30,26,10,0,1
30,26,11,0,1
30,26,12,0,1
30,26,13,0,1
30,26,14,0,1
30,26,15,0,1
30,26,16,0,1
30,26,17,0,1
30,26,18,0,1
30,26,19,0,1
30,26,20,0,1
30,26,21,0,1
30,26,22,0,1
30,26,23,0,1
30,26,24,0,1
30,26,25,0,1
30,26,26,0,1
30,26,27,0,1
30,26,28,0,1
30,26,29,0,1
30,26,30,26,1
30,26,31,0,1
30,26,32,0,1
30,26,33,0,1
30,26,34,0,1
30,26,35,0,1
30,26,36,0,1
30,26,37,0,1
30,26,38,0,1
30,26,39,0,1
30,26,40,0,1
30,26,41,0,1
30,26,42,0,1
30,26,43,0,1
30,26,44,0,1
30,26,45,0,1
30,26,46,0,1
30,26,47,0,1
30,26,48,0,1
30,26,49,0,1
30,26,50,0,1
30,26,51,0,1
30,26,52,0,1
30,26,53,0,1
30,26,54,0,1
30,26,55,0,1
30,26,56,0,1
30,26,57,0,1
30,26,58,0,1
30,26,59,0,1
30,26,60,0,1
30,26,61,0,1
30,26,62,0,1
30,26,63,0,1
30,27,0,0,1
30,27,1,0,1
30,27,2,0,1
30,27,3,0,1
30,27,4,0,1
30,27,5,0,1
30,27,6,0,1
30,27,7,0,1
30,27,8,0,1
30,27,9,0,1
30,27,10,0,1
30,27,11,0,1
30,27,12,0,1
30,27,13,0,1
30,27,14,0,1
30,27,15,0,1
30,27,16,0,1
30,27,17,0,1
30,27,18,0,1
30,27,19,0,1
30,27,20,0,1
30,27,21,0,1
30,27,22,0,1
30,27,23,0,1
30,27,24,0,1
30,27,25,0,1
30,27,26,0,1
30,27,27,0,1
30,27,28,0,1
30,27,29,0,1
30,27,30,27,1
30,27,31,0,1
30,27,32,0,1
30,27,33,0,1
30,27,34,0,1
30,27,35,0,1
30,27,36,0,1
30,27,37,0,1
30,27,38,0,1
30,27,39,0,1
30,27,40,0,1
30,27,41,0,1
30,27,42,0,1
30,27,43,0,1
30,27,44,0,1
30,27,45,0,1
30,27,46,0,1
30,27,47,0,1
30,27,48,0,1
30,27,49,0,1
30,27,50,0,1
30,27,51,0,1
30,27,52,0,1
30,27,53,0,1
30,27,54,0,1
30,27,55,0,1
30,27,56,0,1
30,27,57,0,1
30,27,58,0,1
30,27,59,0,1
30,27,60,0,1
30,27,61,0,1
30,27,62,0,1
30,27,63,0,1
30,28,0,0,1
30,28,1,0,1
30,28,2,0,1
30,28,3,0,1
30,28,4,0,1
30,28,5,0,1
30,28,6,0,1
30,28,7,0,1
30,28,8,0,1
30,28,9,0,1
30,28,10,0,1
30,28,11,0,1
30,28,12,0,1
30,28,13,0,1
30,28,14,0,1
30,28,15,0,1
30,28,16,0,1
30,28,17,0,1
30,28,18,0,1
30,28,19,0,1
30,28,20,0,1
30,28,21,0,1
30,28,22,0,1
30,28,23,0,1
30,28,24,0,1
30,28,25,0,1
30,28,26,0,1
30,28,27,0,1
30,28,28,0,1
30,28,29,0,1
30,28,30,28,1
30,28,31,0,1
30,28,32,0,1
30,28,33,0,1
30,28,34,0,1
30,28,35,0,1
30,28,36,0,1
30,28,37,0,1
30,28,38,0,1
30,28,39,0,1
30,28,40,0,1
30,28,41,0,1
30,28,42,0,1
30,28,43,0,1
30,28,44,0,1
30,28,45,0,1
30,28,46,0,1
30,28,47,0,1
30,28,48,0,1
30,28,49,0,1
30,28,50,0,1
30,28,51,0,1
30,28,52,0,1
30,28,53,0,1
30,28,54,0,1
30,28,55,0,1
30,28,56,0,1
30,28,57,0,1
30,28,58,0,1
30,28,59,0,1
30,28,60,0,1
30,28,61,0,1
30,28,62,0,1
30,28,63,0,1
30,29,0,0,1
30,29,1,0,1
30,29,2,0,1
30,29,3,0,1
30,29,4,0,1
30,29,5,0,1
30,29,6,0,1
30,29,7,0,1
30,29,8,0,1
30,29,9,0,1
30,29,10,0,1
30,29,11,0,1
30,29,12,0,1
30,29,13,0,1
30,29,14,0,1
30,29,15,0,1
30,29,16,0,1
30,29,17,0,1
30,29,18,0,1
30,29,19,0,1
30,29,20,0,1
30,29,21,0,1
30,29,22,0,1
30,29,23,0,1
30,29,24,0,1
30,29,25,0,1
30,29,26,0,1
30,29,27,0,1
30,29,28,0,1
30,29,29,0,1
30,29,30,29,1
30,29,31,0,1
30,29,32,0,1
30,29,33,0,1
30,29,34,0,1
30,29,35,0,1
30,29,36,0,1
30,29,37,0,1
30,29,38,0,1
30,29,39,0,1
30,29,40,0,1
30,29,41,0,1
30,29,42,0,1
30,29,43,0,1
30,29,44,0,1
30,29,45,0,1
30,29,46,0,1
30,29,47,0,1
30,29,48,0,1
30,29,49,0,1
30,29,50,0,1
30,29,51,0,1
30,29,52,0,1
30,29,53,0,1
30,29,54,0,1
30,29,55,0,1
30,29,56,0,1
30,29,57,0,1
30,29,58,0,1
30,29,59,0,1
30,29,60,0,1
30,29,61,0,1
30,29,62,0,1
30,29,63,0,1
30,30,0,0,1
30,30,1,0,1
30,30,2,0,1
30,30,3,0,1
30,30,4,0,1
30,30,5,0,1
30,30,6,0,1
30,30,7,0,1
30,30,8,0,1
30,30,9,0,1
30,30,10,0,1
30,30,11,0,1
30,30,12,0,1
30,30,13,0,1
30,30,14,0,1
30,30,15,0,1
30,30,16,0,1
30,30,17,0,1
30,30,18,0,1
30,30,19,0,1
30,30,20,0,1
30,30,21,0,1
30,30,22,0,1
30,30,23,0,1
30,30,24,0,1
30,30,25,0,1
30,30,26,0,1
30,30,27,0,1
30,30,28,0,1
30,30,29,0,1
30,30,30,30,1
30,30,31,0,1
30,30,32,0,1
30,30,33,0,1
30,30,34,0,1
30,30,35,0,1
30,30,36,0,1
30,30,37,0,1
30,30,38,0,1
30,30,39,0,1
30,30,40,0,1
30,30,41,0,1
30,30,42,0,1
30,30,43,0,1
30,30,44,0,1
30,30,45,0,1
30,30,46,0,1
30,30,47,0,1
30,30,48,0,1
30,30,49,0,1
30,30,50,0,1
30,30,51,0,1
30,30,52,0,1
30,30,53,0,1
30,30,54,0,1
30,30,55,0,1
30,30,56,0,1
30,30,57,0,1
30,30,58,0,1
30,30,59,0,1
30,30,60,0,1
30,30,61,0,1
30,30,62,0,1
30,30,63,0,1
30,31,0,0,1
30,31,1,0,1
30,31,2,0,1
30,31,3,0,1
30,31,4,0,1
30,31,5,0,1
30,31,6,0,1
30,31,7,0,1
30,31,8,0,1
30,31,9,0,1
30,31,10,0,1
30,31,11,0,1
30,31,12,0,1
30,31,13,0,1
30,31,14,0,1
30,31,15,0,1
30,31,16,0,1
30,31,17,0,1
30,31,18,0,1
30,31,19,0,1
30,31,20,0,1
30,31,21,0,1
30,31,22,0,1
30,31,23,0,1
30,31,24,0,1
30,31,25,0,1
30,31,26,0,1
30,31,27,0,1
30,31,28,0,1
30,31,29,0,1
30,31,30,31,1
30,31,31,0,1
30,31,32,0,1
30,31,33,0,1
30,31,34,0,1
30,31,35,0,1
30,31,36,0,1
30,31,37,0,1
30,31,38,0,1
30,31,39,0,1
30,31,40,0,1
30,31,41,0,1
30,31,42,0,1
30,31,43,0,1
30,31,44,0,1
30,31,45,0,1
30,31,46,0,1
30,31,47,0,1
30,31,48,0,1
30,31,49,0,1
30,31,50,0,1
30,31,51,0,1
30,31,52,0,1
30,31,53,0,1
30,31,54,0,1
30,31,55,0,1
30,31,56,0,1
30,31,57,0,1
30,31,58,0,1
30,31,59,0,1
30,31,60,0,1
30,31,61,0,1
30,31,62,0,1
30,31,63,0,1
30,32,0,0,1
30,32,1,0,1
30,32,2,0,1
30,32,3,0,1
30,32,4,0,1
30,32,5,0,1
30,32,6,0,1
30,32,7,0,1
30,32,8,0,1
30,32,9,0,1
30,32,10,0,1
30,32,11,0,1
30,32,12,0,1
30,32,13,0,1
30,32,14,0,1
30,32,15,0,1
30,32,16,0,1
30,32,17,0,1
30,32,18,0,1
30,32,19,0,1
30,32,20,0,1
30,32,21,0,1
30,32,22,0,1
30,32,23,0,1
30,32,24,0,1
30,32,25,0,1
30,32,26,0,1
30,32,27,0,1
30,32,28,0,1
30,32,29,0,1
30,32,30,32,1
30,32,31,0,1
30,32,32,0,1
30,32,33,0,1
30,32,34,0,1
30,32,35,0,1
30,32,36,0,1
30,32,37,0,1
30,32,38,0,1
30,32,39,0,1
30,32,40,0,1
30,32,41,0,1
30,32,42,0,1
30,32,43,0,1
30,32,44,0,1
30,32,45,0,1
30,32,46,0,1
30,32,47,0,1
30,32,48,0,1
30,32,49,0,1
30,32,50,0,1
30,32,51,0,1
30,32,52,0,1
30,32,53,0,1
30,32,54,0,1
30,32,55,0,1
30,32,56,0,1
30,32,57,0,1
30,32,58,0,1
30,32,59,0,1
30,32,60,0,1
30,32,61,0,1
30,32,62,0,1
30,32,63,0,1
30,33,0,0,1
30,33,1,0,1
30,33,2,0,1
30,33,3,0,1
30,33,4,0,1
30,33,5,0,1
30,33,6,0,1
30,33,7,0,1
30,33,8,0,1
30,33,9,0,1
30,33,10,0,1
30,33,11,0,1
30,33,12,0,1
30,33,13,0,1
30,33,14,0,1
30,33,15,0,1
30,33,16,0,1
30,33,17,0,1
30,33,18,0,1
30,33,19,0,1
30,33,20,0,1
30,33,21,0,1
30,33,22,0,1
30,33,23,0,1
30,33,24,0,1
30,33,25,0,1
30,33,26,0,1
30,33,27,0,1
30,33,28,0,1
30,33,29,0,1
30,33,30,33,1
30,33,31,0,1
30,33,32,0,1
30,33,33,0,1
30,33,34,0,1
30,33,35,0,1
30,33,36,0,1
30,33,37,0,1
30,33,38,0,1
30,33,39,0,1
30,33,40,0,1
30,33,41,0,1
30,33,42,0,1
30,33,43,0,1
30,33,44,0,1
30,33,45,0,1
30,33,46,0,1
30,33,47,0,1
30,33,48,0,1
30,33,49,0,1
30,33,50,0,1
30,33,51,0,1
30,33,52,0,1
30,33,53,0,1
30,33,54,0,1
30,33,55,0,1
30,33,56,0,1
30,33,57,0,1
30,33,58,0,1
30,33,59,0,1
30,33,60,0,1
30,33,61,0,1
30,33,62,0,1
30,33,63,0,1
30,34,0,0,1
30,34,1,0,1
30,34,2,0,1
30,34,3,0,1
30,34,4,0,1
30,34,5,0,1
30,34,6,0,1
30,34,7,0,1
30,34,8,0,1
30,34,9,0,1
30,34,10,0,1
30,34,11,0,1
30,34,12,0,1
30,34,13,0,1
30,34,14,0,1
30,34,15,0,1
30,34,16,0,1
30,34,17,0,1
30,34,18,0,1
30,34,19,0,1
30,34,20,0,1
30,34,21,0,1
30,34,22,0,1
30,34,23,0,1
30,34,24,0,1
30,34,25,0,1
30,34,26,0,1
30,34,27,0,1
30,34,28,0,1
30,34,29,0,1
30,34,30,34,1
30,34,31,0,1
30,34,32,0,1
30,34,33,0,1
30,34,34,0,1
30,34,35,0,1
30,34,36,0,1
30,34,37,0,1
30,34,38,0,1
30,34,39,0,1
30,34,40,0,1
30,34,41,0,1
30,34,42,0,1
30,34,43,0,1
30,34,44,0,1
30,34,45,0,1
30,34,46,0,1
30,34,47,0,1
30,34,48,0,1
30,34,49,0,1
30,34,50,0,1
30,34,51,0,1
30,34,52,0,1
30,34,53,0,1
30,34,54,0,1
30,34,55,0,1
30,34,56,0,1
30,34,57,0,1
30,34,58,0,1
30,34,59,0,1
30,34,60,0,1
30,34,61,0,1
30,34,62,0,1
30,34,63,0,1
30,35,0,0,1
30,35,1,0,1
30,35,2,0,1
30,35,3,0,1
30,35,4,0,1
30,35,5,0,1
30,35,6,0,1
30,35,7,0,1
30,35,8,0,1
30,35,9,0,1
30,35,10,0,1
30,35,11,0,1
30,35,12,0,1
30,35,13,0,1
30,35,14,0,1
30,35,15,0,1
30,35,16,0,1
30,35,17,0,1
30,35,18,0,1
30,35,19,0,1
30,35,20,0,1
30,35,21,0,1
30,35,22,0,1
30,35,23,0,1
30,35,24,0,1
30,35,25,0,1
30,35,26,0,1
30,35,27,0,1
30,35,28,0,1
30,35,29,0,1
30,35,30,35,1
30,35,31,0,1
30,35,32,0,1
30,35,33,0,1
30,35,34,0,1
30,35,35,0,1
30,35,36,0,1
30,35,37,0,1
30,35,38,0,1
30,35,39,0,1
30,35,40,0,1
30,35,41,0,1
30,35,42,0,1
30,35,43,0,1
30,35,44,0,1
30,35,45,0,1
30,35,46,0,1
30,35,47,0,1
30,35,48,0,1
30,35,49,0,1
30,35,50,0,1
30,35,51,0,1
30,35,52,0,1
30,35,53,0,1
30,35,54,0,1
30,35,55,0,1
30,35,56,0,1
30,35,57,0,1
30,35,58,0,1
30,35,59,0,1
30,35,60,0,1
30,35,61,0,1
30,35,62,0,1
30,35,63,0,1
30,36,0,0,1
30,36,1,0,1
30,36,2,0,1
30,36,3,0,1
30,36,4,0,1
30,36,5,0,1
30,36,6,0,1
30,36,7,0,1
30,36,8,0,1
30,36,9,0,1
30,36,10,0,1
30,36,11,0,1
30,36,12,0,1
30,36,13,0,1
30,36,14,0,1
30,36,15,0,1
30,36,16,0,1
30,36,17,0,1
30,36,18,0,1
30,36,19,0,1
30,36,20,0,1
30,36,21,0,1
30,36,22,0,1
30,36,23,0,1
30,36,24,0,1
30,36,25,0,1
30,36,26,0,1
30,36,27,0,1
30,36,28,0,1
30,36,29,0,1
30,36,30,36,1
30,36,31,0,1
30,36,32,0,1
30,36,33,0,1
30,36,34,0,1
30,36,35,0,1
30,36,36,0,1
30,36,37,0,1
30,36,38,0,1
30,36,39,0,1
30,36,40,0,1
30,36,41,0,1
30,36,42,0,1
30,36,43,0,1
30,36,44,0,1
30,36,45,0,1
30,36,46,0,1
30,36,47,0,1
30,36,48,0,1
30,36,49,0,1
30,36,50,0,1
30,36,51,0,1
30,36,52,0,1
30,36,53,0,1
30,36,54,0,1
30,36,55,0,1
30,36,56,0,1
30,36,57,0,1
30,36,58,0,1
30,36,59,0,1
30,36,60,0,1
30,36,61,0,1
30,36,62,0,1
30,36,63,0,1
30,37,0,0,1
30,37,1,0,1
30,37,2,0,1
30,37,3,0,1
30,37,4,0,1
30,37,5,0,1
30,37,6,0,1
30,37,7,0,1
30,37,8,0,1
30,37,9,0,1
30,37,10,0,1
30,37,11,0,1
30,37,12,0,1
30,37,13,0,1
30,37,14,0,1
30,37,15,0,1
30,37,16,0,1
30,37,17,0,1
30,37,18,0,1
30,37,19,0,1
30,37,20,0,1
30,37,21,0,1
30,37,22,0,1
30,37,23,0,1
30,37,24,0,1
30,37,25,0,1
30,37,26,0,1
30,37,27,0,1
30,37,28,0,1
30,37,29,0,1
30,37,30,37,1
30,37,31,0,1
30,37,32,0,1
30,37,33,0,1
30,37,34,0,1
30,37,35,0,1
30,37,36,0,1
30,37,37,0,1
30,37,38,0,1
30,37,39,0,1
30,37,40,0,1
30,37,41,0,1
30,37,42,0,1
30,37,43,0,1
30,37,44,0,1
30,37,45,0,1
30,37,46,0,1
30,37,47,0,1
30,37,48,0,1
30,37,49,0,1
30,37,50,0,1
30,37,51,0,1
30,37,52,0,1
30,37,53,0,1
30,37,54,0,1
30,37,55,0,1
30,37,56,0,1
30,37,57,0,1
30,37,58,0,1
30,37,59,0,1
30,37,60,0,1
30,37,61,0,1
30,37,62,0,1
30,37,63,0,1
30,38,0,0,1
30,38,1,0,1
30,38,2,0,1
30,38,3,0,1
30,38,4,0,1
30,38,5,0,1
30,38,6,0,1
30,38,7,0,1
30,38,8,0,1
30,38,9,0,1
30,38,10,0,1
30,38,11,0,1
30,38,12,0,1
30,38,13,0,1
30,38,14,0,1
30,38,15,0,1
30,38,16,0,1
30,38,17,0,1
30,38,18,0,1
30,38,19,0,1
30,38,20,0,1
30,38,21,0,1
30,38,22,0,1
30,38,23,0,1
30,38,24,0,1
30,38,25,0,1
30,38,26,0,1
30,38,27,0,1
30,38,28,0,1
30,38,29,0,1
30,38,30,38,1
30,38,31,0,1
30,38,32,0,1
30,38,33,0,1
30,38,34,0,1
30,38,35,0,1
30,38,36,0,1
30,38,37,0,1
30,38,38,0,1
30,38,39,0,1
30,38,40,0,1
30,38,41,0,1
30,38,42,0,1
30,38,43,0,1
30,38,44,0,1
30,38,45,0,1
30,38,46,0,1
30,38,47,0,1
30,38,48,0,1
30,38,49,0,1
30,38,50,0,1
30,38,51,0,1
30,38,52,0,1
30,38,53,0,1
30,38,54,0,1
30,38,55,0,1
30,38,56,0,1
30,38,57,0,1
30,38,58,0,1
30,38,59,0,1
30,38,60,0,1
30,38,61,0,1
30,38,62,0,1
30,38,63,0,1
30,39,0,0,1
30,39,1,0,1
30,39,2,0,1
30,39,3,0,1
30,39,4,0,1
30,39,5,0,1
30,39,6,0,1
30,39,7,0,1
30,39,8,0,1
30,39,9,0,1
30,39,10,0,1
30,39,11,0,1
30,39,12,0,1
30,39,13,0,1
30,39,14,0,1
30,39,15,0,1
30,39,16,0,1
30,39,17,0,1
30,39,18,0,1
30,39,19,0,1
30,39,20,0,1
30,39,21,0,1
30,39,22,0,1
30,39,23,0,1
30,39,24,0,1
30,39,25,0,1
30,39,26,0,1
30,39,27,0,1
30,39,28,0,1
30,39,29,0,1
30,39,30,39,1
30,39,31,0,1
30,39,32,0,1
30,39,33,0,1
30,39,34,0,1
30,39,35,0,1
30,39,36,0,1
30,39,37,0,1
30,39,38,0,1
30,39,39,0,1
30,39,40,0,1
30,39,41,0,1
30,39,42,0,1
30,39,43,0,1
30,39,44,0,1
30,39,45,0,1
30,39,46,0,1
30,39,47,0,1
30,39,48,0,1
30,39,49,0,1
30,39,50,0,1
30,39,51,0,1
30,39,52,0,1
30,39,53,0,1
30,39,54,0,1
30,39,55,0,1
30,39,56,0,1
30,39,57,0,1
30,39,58,0,1
30,39,59,0,1
30,39,60,0,1
30,39,61,0,1
30,39,62,0,1
30,39,63,0,1
30,40,0,0,1
30,40,1,0,1
30,40,2,0,1
30,40,3,0,1
30,40,4,0,1
30,40,5,0,1
30,40,6,0,1
30,40,7,0,1
30,40,8,0,1
30,40,9,0,1
30,40,10,0,1
30,40,11,0,1
30,40,12,0,1
30,40,13,0,1
30,40,14,0,1
30,40,15,0,1
30,40,16,0,1
30,40,17,0,1
30,40,18,0,1
30,40,19,0,1
30,40,20,0,1
30,40,21,0,1
30,40,22,0,1
30,40,23,0,1
30,40,24,0,1
30,40,25,0,1
30,40,26,0,1
30,40,27,0,1
30,40,28,0,1
30,40,29,0,1
30,40,30,40,1
30,40,31,0,1
30,40,32,0,1
30,40,33,0,1
30,40,34,0,1
30,40,35,0,1
30,40,36,0,1
30,40,37,0,1
30,40,38,0,1
30,40,39,0,1
30,40,40,0,1
30,40,41,0,1
30,40,42,0,1
30,40,43,0,1
30,40,44,0,1
30,40,45,0,1
30,40,46,0,1
30,40,47,0,1
30,40,48,0,1
30,40,49,0,1
30,40,50,0,1
30,40,51,0,1
30,40,52,0,1
30,40,53,0,1
30,40,54,0,1
30,40,55,0,1
30,40,56,0,1
30,40,57,0,1
30,40,58,0,1
30,40,59,0,1
30,40,60,0,1
30,40,61,0,1
30,40,62,0,1
30,40,63,0,1
30,41,0,0,1
30,41,1,0,1
30,41,2,0,1
30,41,3,0,1
30,41,4,0,1
30,41,5,0,1
30,41,6,0,1
30,41,7,0,1
30,41,8,0,1
30,41,9,0,1
30,41,10,0,1
30,41,11,0,1
30,41,12,0,1
30,41,13,0,1
30,41,14,0,1
30,41,15,0,1
30,41,16,0,1
30,41,17,0,1
30,41,18,0,1
30,41,19,0,1
30,41,20,0,1
30,41,21,0,1
30,41,22,0,1
30,41,23,0,1
30,41,24,0,1
30,41,25,0,1
30,41,26,0,1
30,41,27,0,1
30,41,28,0,1
30,41,29,0,1
30,41,30,41,1
30,41,31,0,1
30,41,32,0,1
30,41,33,0,1
30,41,34,0,1
30,41,35,0,1
30,41,36,0,1
30,41,37,0,1
30,41,38,0,1
30,41,39,0,1
30,41,40,0,1
30,41,41,0,1
30,41,42,0,1
30,41,43,0,1
30,41,44,0,1
30,41,45,0,1
30,41,46,0,1
30,41,47,0,1
30,41,48,0,1
30,41,49,0,1
30,41,50,0,1
30,41,51,0,1
30,41,52,0,1
30,41,53,0,1
30,41,54,0,1
30,41,55,0,1
30,41,56,0,1
30,41,57,0,1
30,41,58,0,1
30,41,59,0,1
30,41,60,0,1
30,41,61,0,1
30,41,62,0,1
30,41,63,0,1
30,42,0,0,1
30,42,1,0,1
30,42,2,0,1
30,42,3,0,1
30,42,4,0,1
30,42,5,0,1
30,42,6,0,1
30,42,7,0,1
30,42,8,0,1
30,42,9,0,1
30,42,10,0,1
30,42,11,0,1
30,42,12,0,1
30,42,13,0,1
30,42,14,0,1
30,42,15,0,1
30,42,16,0,1
30,42,17,0,1
30,42,18,0,1
30,42,19,0,1
30,42,20,0,1
30,42,21,0,1
30,42,22,0,1
30,42,23,0,1
30,42,24,0,1
30,42,25,0,1
30,42,26,0,1
30,42,27,0,1
30,42,28,0,1
30,42,29,0,1
30,42,30,42,1
30,42,31,0,1
30,42,32,0,1
30,42,33,0,1
30,42,34,0,1
30,42,35,0,1
30,42,36,0,1
30,42,37,0,1
30,42,38,0,1
30,42,39,0,1
30,42,40,0,1
30,42,41,0,1
30,42,42,0,1
30,42,43,0,1
30,42,44,0,1
30,42,45,0,1
30,42,46,0,1
30,42,47,0,1
30,42,48,0,1
30,42,49,0,1
30,42,50,0,1
30,42,51,0,1
30,42,52,0,1
30,42,53,0,1
30,42,54,0,1
30,42,55,0,1
30,42,56,0,1
30,42,57,0,1
30,42,58,0,1
30,42,59,0,1
30,42,60,0,1
30,42,61,0,1
30,42,62,0,1
30,42,63,0,1
30,43,0,0,1
30,43,1,0,1
30,43,2,0,1
30,43,3,0,1
30,43,4,0,1
30,43,5,0,1
30,43,6,0,1
30,43,7,0,1
30,43,8,0,1
30,43,9,0,1
30,43,10,0,1
30,43,11,0,1
30,43,12,0,1
30,43,13,0,1
30,43,14,0,1
30,43,15,0,1
30,43,16,0,1
30,43,17,0,1
30,43,18,0,1
30,43,19,0,1
30,43,20,0,1
30,43,21,0,1
30,43,22,0,1
30,43,23,0,1
30,43,24,0,1
30,43,25,0,1
30,43,26,0,1
30,43,27,0,1
30,43,28,0,1
30,43,29,0,1
30,43,30,43,1
30,43,31,0,1
30,43,32,0,1
30,43,33,0,1
30,43,34,0,1
30,43,35,0,1
30,43,36,0,1
30,43,37,0,1
30,43,38,0,1
30,43,39,0,1
30,43,40,0,1
30,43,41,0,1
30,43,42,0,1
30,43,43,0,1
30,43,44,0,1
30,43,45,0,1
30,43,46,0,1
30,43,47,0,1
30,43,48,0,1
30,43,49,0,1
30,43,50,0,1
30,43,51,0,1
30,43,52,0,1
30,43,53,0,1
30,43,54,0,1
30,43,55,0,1
30,43,56,0,1
30,43,57,0,1
30,43,58,0,1
30,43,59,0,1
30,43,60,0,1
30,43,61,0,1
30,43,62,0,1
30,43,63,0,1
30,44,0,0,1
30,44,1,0,1
30,44,2,0,1
30,44,3,0,1
30,44,4,0,1
30,44,5,0,1
30,44,6,0,1
30,44,7,0,1
30,44,8,0,1
30,44,9,0,1
30,44,10,0,1
30,44,11,0,1
30,44,12,0,1
30,44,13,0,1
30,44,14,0,1
30,44,15,0,1
30,44,16,0,1
30,44,17,0,1
30,44,18,0,1
30,44,19,0,1
30,44,20,0,1
30,44,21,0,1
30,44,22,0,1
30,44,23,0,1
30,44,24,0,1
30,44,25,0,1
30,44,26,0,1
30,44,27,0,1
30,44,28,0,1
30,44,29,0,1
30,44,30,44,1
30,44,31,0,1
30,44,32,0,1
30,44,33,0,1
30,44,34,0,1
30,44,35,0,1
30,44,36,0,1
30,44,37,0,1
30,44,38,0,1
30,44,39,0,1
30,44,40,0,1
30,44,41,0,1
30,44,42,0,1
30,44,43,0,1
30,44,44,0,1
30,44,45,0,1
30,44,46,0,1
30,44,47,0,1
30,44,48,0,1
30,44,49,0,1
30,44,50,0,1
30,44,51,0,1
30,44,52,0,1
30,44,53,0,1
30,44,54,0,1
30,44,55,0,1
30,44,56,0,1
30,44,57,0,1
30,44,58,0,1
30,44,59,0,1
30,44,60,0,1
30,44,61,0,1
30,44,62,0,1
30,44,63,0,1
30,45,0,0,1
30,45,1,0,1
30,45,2,0,1
30,45,3,0,1
30,45,4,0,1
30,45,5,0,1
30,45,6,0,1
30,45,7,0,1
30,45,8,0,1
30,45,9,0,1
30,45,10,0,1
30,45,11,0,1
30,45,12,0,1
30,45,13,0,1
30,45,14,0,1
30,45,15,0,1
30,45,16,0,1
30,45,17,0,1
30,45,18,0,1
30,45,19,0,1
30,45,20,0,1
30,45,21,0,1
30,45,22,0,1
30,45,23,0,1
30,45,24,0,1
30,45,25,0,1
30,45,26,0,1
30,45,27,0,1
30,45,28,0,1
30,45,29,0,1
30,45,30,45,1
30,45,31,0,1
30,45,32,0,1
30,45,33,0,1
30,45,34,0,1
30,45,35,0,1
30,45,36,0,1
30,45,37,0,1
30,45,38,0,1
30,45,39,0,1
30,45,40,0,1
30,45,41,0,1
30,45,42,0,1
30,45,43,0,1
30,45,44,0,1
30,45,45,0,1
30,45,46,0,1
30,45,47,0,1
30,45,48,0,1
30,45,49,0,1
30,45,50,0,1
30,45,51,0,1
30,45,52,0,1
30,45,53,0,1
30,45,54,0,1
30,45,55,0,1
30,45,56,0,1
30,45,57,0,1
30,45,58,0,1
30,45,59,0,1
30,45,60,0,1
30,45,61,0,1
30,45,62,0,1
30,45,63,0,1
30,46,0,0,1
30,46,1,0,1
30,46,2,0,1
30,46,3,0,1
30,46,4,0,1
30,46,5,0,1
30,46,6,0,1
30,46,7,0,1
30,46,8,0,1
30,46,9,0,1
30,46,10,0,1
30,46,11,0,1
30,46,12,0,1
30,46,13,0,1
30,46,14,0,1
30,46,15,0,1
30,46,16,0,1
30,46,17,0,1
30,46,18,0,1
30,46,19,0,1
30,46,20,0,1
30,46,21,0,1
30,46,22,0,1
30,46,23,0,1
30,46,24,0,1
30,46,25,0,1
30,46,26,0,1
30,46,27,0,1
30,46,28,0,1
30,46,29,0,1
30,46,30,46,1
30,46,31,0,1
30,46,32,0,1
30,46,33,0,1
30,46,34,0,1
30,46,35,0,1
30,46,36,0,1
30,46,37,0,1
30,46,38,0,1
30,46,39,0,1
30,46,40,0,1
30,46,41,0,1
30,46,42,0,1
30,46,43,0,1
30,46,44,0,1
30,46,45,0,1
30,46,46,0,1
30,46,47,0,1
30,46,48,0,1
30,46,49,0,1
30,46,50,0,1
30,46,51,0,1
30,46,52,0,1
30,46,53,0,1
30,46,54,0,1
30,46,55,0,1
30,46,56,0,1
30,46,57,0,1
30,46,58,0,1
30,46,59,0,1
30,46,60,0,1
30,46,61,0,1
30,46,62,0,1
30,46,63,0,1
30,47,0,0,1
30,47,1,0,1
30,47,2,0,1
30,47,3,0,1
30,47,4,0,1
30,47,5,0,1
30,47,6,0,1
30,47,7,0,1
30,47,8,0,1
30,47,9,0,1
30,47,10,0,1
30,47,11,0,1
30,47,12,0,1
30,47,13,0,1
30,47,14,0,1
30,47,15,0,1
30,47,16,0,1
30,47,17,0,1
30,47,18,0,1
30,47,19,0,1
30,47,20,0,1
30,47,21,0,1
30,47,22,0,1
30,47,23,0,1
30,47,24,0,1
30,47,25,0,1
30,47,26,0,1
30,47,27,0,1
30,47,28,0,1
30,47,29,0,1
30,47,30,47,1
30,47,31,0,1
30,47,32,0,1
30,47,33,0,1
30,47,34,0,1
30,47,35,0,1
30,47,36,0,1
30,47,37,0,1
30,47,38,0,1
30,47,39,0,1
30,47,40,0,1
30,47,41,0,1
30,47,42,0,1
30,47,43,0,1
30,47,44,0,1
30,47,45,0,1
30,47,46,0,1
30,47,47,0,1
30,47,48,0,1
30,47,49,0,1
30,47,50,0,1
30,47,51,0,1
30,47,52,0,1
30,47,53,0,1
30,47,54,0,1
30,47,55,0,1
30,47,56,0,1
30,47,57,0,1
30,47,58,0,1
30,47,59,0,1
30,47,60,0,1
30,47,61,0,1
30,47,62,0,1
30,47,63,0,1
30,48,0,0,1
30,48,1,0,1
30,48,2,0,1
30,48,3,0,1
30,48,4,0,1
30,48,5,0,1
30,48,6,0,1
30,48,7,0,1
30,48,8,0,1
30,48,9,0,1
30,48,10,0,1
30,48,11,0,1
30,48,12,0,1
30,48,13,0,1
30,48,14,0,1
30,48,15,0,1
30,48,16,0,1
30,48,17,0,1
30,48,18,0,1
30,48,19,0,1
30,48,20,0,1
30,48,21,0,1
30,48,22,0,1
30,48,23,0,1
30,48,24,0,1
30,48,25,0,1
30,48,26,0,1
30,48,27,0,1
30,48,28,0,1
30,48,29,0,1
30,48,30,48,1
30,48,31,0,1
30,48,32,0,1
30,48,33,0,1
30,48,34,0,1
30,48,35,0,1
30,48,36,0,1
30,48,37,0,1
30,48,38,0,1
30,48,39,0,1
30,48,40,0,1
30,48,41,0,1
30,48,42,0,1
30,48,43,0,1
30,48,44,0,1
30,48,45,0,1
30,48,46,0,1
30,48,47,0,1
30,48,48,0,1
30,48,49,0,1
30,48,50,0,1
30,48,51,0,1
30,48,52,0,1
30,48,53,0,1
30,48,54,0,1
30,48,55,0,1
30,48,56,0,1
30,48,57,0,1
30,48,58,0,1
30,48,59,0,1
30,48,60,0,1
30,48,61,0,1
30,48,62,0,1
30,48,63,0,1
30,49,0,0,1
30,49,1,0,1
30,49,2,0,1
30,49,3,0,1
30,49,4,0,1
30,49,5,0,1
30,49,6,0,1
30,49,7,0,1
30,49,8,0,1
30,49,9,0,1
30,49,10,0,1
30,49,11,0,1
30,49,12,0,1
30,49,13,0,1
30,49,14,0,1
30,49,15,0,1
30,49,16,0,1
30,49,17,0,1
30,49,18,0,1
30,49,19,0,1
30,49,20,0,1
30,49,21,0,1
30,49,22,0,1
30,49,23,0,1
30,49,24,0,1
30,49,25,0,1
30,49,26,0,1
30,49,27,0,1
30,49,28,0,1
30,49,29,0,1
30,49,30,49,1
30,49,31,0,1
30,49,32,0,1
30,49,33,0,1
30,49,34,0,1
30,49,35,0,1
30,49,36,0,1
30,49,37,0,1
30,49,38,0,1
30,49,39,0,1
30,49,40,0,1
30,49,41,0,1
30,49,42,0,1
30,49,43,0,1
30,49,44,0,1
30,49,45,0,1
30,49,46,0,1
30,49,47,0,1
30,49,48,0,1
30,49,49,0,1
30,49,50,0,1
30,49,51,0,1
30,49,52,0,1
30,49,53,0,1
30,49,54,0,1
30,49,55,0,1
30,49,56,0,1
30,49,57,0,1
30,49,58,0,1
30,49,59,0,1
30,49,60,0,1
30,49,61,0,1
30,49,62,0,1
30,49,63,0,1
30,50,0,0,1
30,50,1,0,1
30,50,2,0,1
30,50,3,0,1
30,50,4,0,1
30,50,5,0,1
30,50,6,0,1
30,50,7,0,1
30,50,8,0,1
30,50,9,0,1
30,50,10,0,1
30,50,11,0,1
30,50,12,0,1
30,50,13,0,1
30,50,14,0,1
30,50,15,0,1
30,50,16,0,1
30,50,17,0,1
30,50,18,0,1
30,50,19,0,1
30,50,20,0,1
30,50,21,0,1
30,50,22,0,1
30,50,23,0,1
30,50,24,0,1
30,50,25,0,1
30,50,26,0,1
30,50,27,0,1
30,50,28,0,1
30,50,29,0,1
30,50,30,50,1
30,50,31,0,1
30,50,32,0,1
30,50,33,0,1
30,50,34,0,1
30,50,35,0,1
30,50,36,0,1
30,50,37,0,1
30,50,38,0,1
30,50,39,0,1
30,50,40,0,1
30,50,41,0,1
30,50,42,0,1
30,50,43,0,1
30,50,44,0,1
30,50,45,0,1
30,50,46,0,1
30,50,47,0,1
30,50,48,0,1
30,50,49,0,1
30,50,50,0,1
30,50,51,0,1
30,50,52,0,1
30,50,53,0,1
30,50,54,0,1
30,50,55,0,1
30,50,56,0,1
30,50,57,0,1
30,50,58,0,1
30,50,59,0,1
30,50,60,0,1
30,50,61,0,1
30,50,62,0,1
30,50,63,0,1
30,51,0,0,1
30,51,1,0,1
30,51,2,0,1
30,51,3,0,1
30,51,4,0,1
30,51,5,0,1
30,51,6,0,1
30,51,7,0,1
30,51,8,0,1
30,51,9,0,1
30,51,10,0,1
30,51,11,0,1
30,51,12,0,1
30,51,13,0,1
30,51,14,0,1
30,51,15,0,1
30,51,16,0,1
30,51,17,0,1
30,51,18,0,1
30,51,19,0,1
30,51,20,0,1
30,51,21,0,1
30,51,22,0,1
30,51,23,0,1
30,51,24,0,1
30,51,25,0,1
30,51,26,0,1
30,51,27,0,1
30,51,28,0,1
30,51,29,0,1
30,51,30,51,1
30,51,31,0,1
30,51,32,0,1
30,51,33,0,1
30,51,34,0,1
30,51,35,0,1
30,51,36,0,1
30,51,37,0,1
30,51,38,0,1
30,51,39,0,1
30,51,40,0,1
30,51,41,0,1
30,51,42,0,1
30,51,43,0,1
30,51,44,0,1
30,51,45,0,1
30,51,46,0,1
30,51,47,0,1
30,51,48,0,1
30,51,49,0,1
30,51,50,0,1
30,51,51,0,1
30,51,52,0,1
30,51,53,0,1
30,51,54,0,1
30,51,55,0,1
30,51,56,0,1
30,51,57,0,1
30,51,58,0,1
30,51,59,0,1
30,51,60,0,1
30,51,61,0,1
30,51,62,0,1
30,51,63,0,1
30,52,0,0,1
30,52,1,0,1
30,52,2,0,1
30,52,3,0,1
30,52,4,0,1
30,52,5,0,1
30,52,6,0,1
30,52,7,0,1
30,52,8,0,1
30,52,9,0,1
30,52,10,0,1
30,52,11,0,1
30,52,12,0,1
30,52,13,0,1
30,52,14,0,1
30,52,15,0,1
30,52,16,0,1
30,52,17,0,1
30,52,18,0,1
30,52,19,0,1
30,52,20,0,1
30,52,21,0,1
30,52,22,0,1
30,52,23,0,1
30,52,24,0,1
30,52,25,0,1
30,52,26,0,1
30,52,27,0,1
30,52,28,0,1
30,52,29,0,1
30,52,30,52,1
30,52,31,0,1
30,52,32,0,1
30,52,33,0,1
30,52,34,0,1
30,52,35,0,1
30,52,36,0,1
30,52,37,0,1
30,52,38,0,1
30,52,39,0,1
30,52,40,0,1
30,52,41,0,1
30,52,42,0,1
30,52,43,0,1
30,52,44,0,1
30,52,45,0,1
30,52,46,0,1
30,52,47,0,1
30,52,48,0,1
30,52,49,0,1
30,52,50,0,1
30,52,51,0,1
30,52,52,0,1
30,52,53,0,1
30,52,54,0,1
30,52,55,0,1
30,52,56,0,1
30,52,57,0,1
30,52,58,0,1
30,52,59,0,1
30,52,60,0,1
30,52,61,0,1
30,52,62,0,1
30,52,63,0,1
30,53,0,0,1
30,53,1,0,1
30,53,2,0,1
30,53,3,0,1
30,53,4,0,1
30,53,5,0,1
30,53,6,0,1
30,53,7,0,1
30,53,8,0,1
30,53,9,0,1
30,53,10,0,1
30,53,11,0,1
30,53,12,0,1
30,53,13,0,1
30,53,14,0,1
30,53,15,0,1
30,53,16,0,1
30,53,17,0,1
30,53,18,0,1
30,53,19,0,1
30,53,20,0,1
30,53,21,0,1
30,53,22,0,1
30,53,23,0,1
30,53,24,0,1
30,53,25,0,1
30,53,26,0,1
30,53,27,0,1
30,53,28,0,1
30,53,29,0,1
30,53,30,53,1
30,53,31,0,1
30,53,32,0,1
30,53,33,0,1
30,53,34,0,1
30,53,35,0,1
30,53,36,0,1
30,53,37,0,1
30,53,38,0,1
30,53,39,0,1
30,53,40,0,1
30,53,41,0,1
30,53,42,0,1
30,53,43,0,1
30,53,44,0,1
30,53,45,0,1
30,53,46,0,1
30,53,47,0,1
30,53,48,0,1
30,53,49,0,1
30,53,50,0,1
30,53,51,0,1
30,53,52,0,1
30,53,53,0,1
30,53,54,0,1
30,53,55,0,1
30,53,56,0,1
30,53,57,0,1
30,53,58,0,1
30,53,59,0,1
30,53,60,0,1
30,53,61,0,1
30,53,62,0,1
30,53,63,0,1
30,54,0,0,1
30,54,1,0,1
30,54,2,0,1
30,54,3,0,1
30,54,4,0,1
30,54,5,0,1
30,54,6,0,1
30,54,7,0,1
30,54,8,0,1
30,54,9,0,1
30,54,10,0,1
30,54,11,0,1
30,54,12,0,1
30,54,13,0,1
30,54,14,0,1
30,54,15,0,1
30,54,16,0,1
30,54,17,0,1
30,54,18,0,1
30,54,19,0,1
30,54,20,0,1
30,54,21,0,1
30,54,22,0,1
30,54,23,0,1
30,54,24,0,1
30,54,25,0,1
30,54,26,0,1
30,54,27,0,1
30,54,28,0,1
30,54,29,0,1
30,54,30,54,1
30,54,31,0,1
30,54,32,0,1
30,54,33,0,1
30,54,34,0,1
30,54,35,0,1
30,54,36,0,1
30,54,37,0,1
30,54,38,0,1
30,54,39,0,1
30,54,40,0,1
30,54,41,0,1
30,54,42,0,1
30,54,43,0,1
30,54,44,0,1
30,54,45,0,1
30,54,46,0,1
30,54,47,0,1
30,54,48,0,1
30,54,49,0,1
30,54,50,0,1
30,54,51,0,1
30,54,52,0,1
30,54,53,0,1
30,54,54,0,1
30,54,55,0,1
30,54,56,0,1
30,54,57,0,1
30,54,58,0,1
30,54,59,0,1
30,54,60,0,1
30,54,61,0,1
30,54,62,0,1
30,54,63,0,1
30,55,0,0,1
30,55,1,0,1
30,55,2,0,1
30,55,3,0,1
30,55,4,0,1
30,55,5,0,1
30,55,6,0,1
30,55,7,0,1
30,55,8,0,1
30,55,9,0,1
30,55,10,0,1
30,55,11,0,1
30,55,12,0,1
30,55,13,0,1
30,55,14,0,1
30,55,15,0,1
30,55,16,0,1
30,55,17,0,1
30,55,18,0,1
30,55,19,0,1
30,55,20,0,1
30,55,21,0,1
30,55,22,0,1
30,55,23,0,1
30,55,24,0,1
30,55,25,0,1
30,55,26,0,1
30,55,27,0,1
30,55,28,0,1
30,55,29,0,1
30,55,30,55,1
30,55,31,0,1
30,55,32,0,1
30,55,33,0,1
30,55,34,0,1
30,55,35,0,1
30,55,36,0,1
30,55,37,0,1
30,55,38,0,1
30,55,39,0,1
30,55,40,0,1
30,55,41,0,1
30,55,42,0,1
30,55,43,0,1
30,55,44,0,1
30,55,45,0,1
30,55,46,0,1
30,55,47,0,1
30,55,48,0,1
30,55,49,0,1
30,55,50,0,1
30,55,51,0,1
30,55,52,0,1
30,55,53,0,1
30,55,54,0,1
30,55,55,0,1
30,55,56,0,1
30,55,57,0,1
30,55,58,0,1
30,55,59,0,1
30,55,60,0,1
30,55,61,0,1
30,55,62,0,1
30,55,63,0,1
30,56,0,0,1
30,56,1,0,1
30,56,2,0,1
30,56,3,0,1
30,56,4,0,1
30,56,5,0,1
30,56,6,0,1
30,56,7,0,1
30,56,8,0,1
30,56,9,0,1
30,56,10,0,1
30,56,11,0,1
30,56,12,0,1
30,56,13,0,1
30,56,14,0,1
30,56,15,0,1
30,56,16,0,1
30,56,17,0,1
30,56,18,0,1
30,56,19,0,1
30,56,20,0,1
30,56,21,0,1
30,56,22,0,1
30,56,23,0,1
30,56,24,0,1
30,56,25,0,1
30,56,26,0,1
30,56,27,0,1
30,56,28,0,1
30,56,29,0,1
30,56,30,56,1
30,56,31,0,1
30,56,32,0,1
30,56,33,0,1
30,56,34,0,1
30,56,35,0,1
30,56,36,0,1
30,56,37,0,1
30,56,38,0,1
30,56,39,0,1
30,56,40,0,1
30,56,41,0,1
30,56,42,0,1
30,56,43,0,1
30,56,44,0,1
30,56,45,0,1
30,56,46,0,1
30,56,47,0,1
30,56,48,0,1
30,56,49,0,1
30,56,50,0,1
30,56,51,0,1
30,56,52,0,1
30,56,53,0,1
30,56,54,0,1
30,56,55,0,1
30,56,56,0,1
30,56,57,0,1
30,56,58,0,1
30,56,59,0,1
30,56,60,0,1
30,56,61,0,1
30,56,62,0,1
30,56,63,0,1
30,57,0,0,1
30,57,1,0,1
30,57,2,0,1
30,57,3,0,1
30,57,4,0,1
30,57,5,0,1
30,57,6,0,1
30,57,7,0,1
30,57,8,0,1
30,57,9,0,1
30,57,10,0,1
30,57,11,0,1
30,57,12,0,1
30,57,13,0,1
30,57,14,0,1
30,57,15,0,1
30,57,16,0,1
30,57,17,0,1
30,57,18,0,1
30,57,19,0,1
30,57,20,0,1
30,57,21,0,1
30,57,22,0,1
30,57,23,0,1
30,57,24,0,1
30,57,25,0,1
30,57,26,0,1
30,57,27,0,1
30,57,28,0,1
30,57,29,0,1
30,57,30,57,1
30,57,31,0,1
30,57,32,0,1
30,57,33,0,1
30,57,34,0,1
30,57,35,0,1
30,57,36,0,1
30,57,37,0,1
30,57,38,0,1
30,57,39,0,1
30,57,40,0,1
30,57,41,0,1
30,57,42,0,1
30,57,43,0,1
30,57,44,0,1
30,57,45,0,1
30,57,46,0,1
30,57,47,0,1
30,57,48,0,1
30,57,49,0,1
30,57,50,0,1
30,57,51,0,1
30,57,52,0,1
30,57,53,0,1
30,57,54,0,1
30,57,55,0,1
30,57,56,0,1
30,57,57,0,1
30,57,58,0,1
30,57,59,0,1
30,57,60,0,1
30,57,61,0,1
30,57,62,0,1
30,57,63,0,1
30,58,0,0,1
30,58,1,0,1
30,58,2,0,1
30,58,3,0,1
30,58,4,0,1
30,58,5,0,1
30,58,6,0,1
30,58,7,0,1
30,58,8,0,1
30,58,9,0,1
30,58,10,0,1
30,58,11,0,1
30,58,12,0,1
30,58,13,0,1
30,58,14,0,1
30,58,15,0,1
30,58,16,0,1
30,58,17,0,1
30,58,18,0,1
30,58,19,0,1
30,58,20,0,1
30,58,21,0,1
30,58,22,0,1
30,58,23,0,1
30,58,24,0,1
30,58,25,0,1
30,58,26,0,1
30,58,27,0,1
30,58,28,0,1
30,58,29,0,1
30,58,30,58,1
30,58,31,0,1
30,58,32,0,1
30,58,33,0,1
30,58,34,0,1
30,58,35,0,1
30,58,36,0,1
30,58,37,0,1
30,58,38,0,1
30,58,39,0,1
30,58,40,0,1
30,58,41,0,1
30,58,42,0,1
30,58,43,0,1
30,58,44,0,1
30,58,45,0,1
30,58,46,0,1
30,58,47,0,1
30,58,48,0,1
30,58,49,0,1
30,58,50,0,1
30,58,51,0,1
30,58,52,0,1
30,58,53,0,1
30,58,54,0,1
30,58,55,0,1
30,58,56,0,1
30,58,57,0,1
30,58,58,0,1
30,58,59,0,1
30,58,60,0,1
30,58,61,0,1
30,58,62,0,1
30,58,63,0,1
30,59,0,0,1
30,59,1,0,1
30,59,2,0,1
30,59,3,0,1
30,59,4,0,1
30,59,5,0,1
30,59,6,0,1
30,59,7,0,1
30,59,8,0,1
30,59,9,0,1
30,59,10,0,1
30,59,11,0,1
30,59,12,0,1
30,59,13,0,1
30,59,14,0,1
30,59,15,0,1
30,59,16,0,1
30,59,17,0,1
30,59,18,0,1
30,59,19,0,1
30,59,20,0,1
30,59,21,0,1
30,59,22,0,1
30,59,23,0,1
30,59,24,0,1
30,59,25,0,1
30,59,26,0,1
30,59,27,0,1
30,59,28,0,1
30,59,29,0,1
30,59,30,59,1
30,59,31,0,1
30,59,32,0,1
30,59,33,0,1
30,59,34,0,1
30,59,35,0,1
30,59,36,0,1
30,59,37,0,1
30,59,38,0,1
30,59,39,0,1
30,59,40,0,1
30,59,41,0,1
30,59,42,0,1
30,59,43,0,1
30,59,44,0,1
30,59,45,0,1
30,59,46,0,1
30,59,47,0,1
30,59,48,0,1
30,59,49,0,1
30,59,50,0,1
30,59,51,0,1
30,59,52,0,1
30,59,53,0,1
30,59,54,0,1
30,59,55,0,1
30,59,56,0,1
30,59,57,0,1
30,59,58,0,1
30,59,59,0,1
30,59,60,0,1
30,59,61,0,1
30,59,62,0,1
30,59,63,0,1
30,60,0,0,1
30,60,1,0,1
30,60,2,0,1
30,60,3,0,1
30,60,4,0,1
30,60,5,0,1
30,60,6,0,1
30,60,7,0,1
30,60,8,0,1
30,60,9,0,1
30,60,10,0,1
30,60,11,0,1
30,60,12,0,1
30,60,13,0,1
30,60,14,0,1
30,60,15,0,1
30,60,16,0,1
30,60,17,0,1
30,60,18,0,1
30,60,19,0,1
30,60,20,0,1
30,60,21,0,1
30,60,22,0,1
30,60,23,0,1
30,60,24,0,1
30,60,25,0,1
30,60,26,0,1
30,60,27,0,1
30,60,28,0,1
30,60,29,0,1
30,60,30,60,1
30,60,31,0,1
30,60,32,0,1
30,60,33,0,1
30,60,34,0,1
30,60,35,0,1
30,60,36,0,1
30,60,37,0,1
30,60,38,0,1
30,60,39,0,1
30,60,40,0,1
30,60,41,0,1
30,60,42,0,1
30,60,43,0,1
30,60,44,0,1
30,60,45,0,1
30,60,46,0,1
30,60,47,0,1
30,60,48,0,1
30,60,49,0,1
30,60,50,0,1
30,60,51,0,1
30,60,52,0,1
30,60,53,0,1
30,60,54,0,1
30,60,55,0,1
30,60,56,0,1
30,60,57,0,1
30,60,58,0,1
30,60,59,0,1
30,60,60,0,1
30,60,61,0,1
30,60,62,0,1
30,60,63,0,1
30,61,0,0,1
30,61,1,0,1
30,61,2,0,1
30,61,3,0,1
30,61,4,0,1
30,61,5,0,1
30,61,6,0,1
30,61,7,0,1
30,61,8,0,1
30,61,9,0,1
30,61,10,0,1
30,61,11,0,1
30,61,12,0,1
30,61,13,0,1
30,61,14,0,1
30,61,15,0,1
30,61,16,0,1
30,61,17,0,1
30,61,18,0,1
30,61,19,0,1
30,61,20,0,1
30,61,21,0,1
30,61,22,0,1
30,61,23,0,1
30,61,24,0,1
30,61,25,0,1
30,61,26,0,1
30,61,27,0,1
30,61,28,0,1
30,61,29,0,1
30,61,30,61,1
30,61,31,0,1
30,61,32,0,1
30,61,33,0,1
30,61,34,0,1
30,61,35,0,1
30,61,36,0,1
30,61,37,0,1
30,61,38,0,1
30,61,39,0,1
30,61,40,0,1
30,61,41,0,1
30,61,42,0,1
30,61,43,0,1
30,61,44,0,1
30,61,45,0,1
30,61,46,0,1
30,61,47,0,1
30,61,48,0,1
30,61,49,0,1
30,61,50,0,1
30,61,51,0,1
30,61,52,0,1
30,61,53,0,1
30,61,54,0,1
30,61,55,0,1
30,61,56,0,1
30,61,57,0,1
30,61,58,0,1
30,61,59,0,1
30,61,60,0,1
30,61,61,0,1
30,61,62,0,1
30,61,63,0,1
30,62,0,0,1
30,62,1,0,1
30,62,2,0,1
30,62,3,0,1
30,62,4,0,1
30,62,5,0,1
30,62,6,0,1
30,62,7,0,1
30,62,8,0,1
30,62,9,0,1
30,62,10,0,1
30,62,11,0,1
30,62,12,0,1
30,62,13,0,1
30,62,14,0,1
30,62,15,0,1
30,62,16,0,1
30,62,17,0,1
30,62,18,0,1
30,62,19,0,1
30,62,20,0,1
30,62,21,0,1
30,62,22,0,1
30,62,23,0,1
30,62,24,0,1
30,62,25,0,1
30,62,26,0,1
30,62,27,0,1
30,62,28,0,1
30,62,29,0,1
30,62,30,62,1
30,62,31,0,1
30,62,32,0,1
30,62,33,0,1
30,62,34,0,1
30,62,35,0,1
30,62,36,0,1
30,62,37,0,1
30,62,38,0,1
30,62,39,0,1
30,62,40,0,1
30,62,41,0,1
30,62,42,0,1
30,62,43,0,1
30,62,44,0,1
30,62,45,0,1
30,62,46,0,1
30,62,47,0,1
30,62,48,0,1
30,62,49,0,1
30,62,50,0,1
30,62,51,0,1
30,62,52,0,1
30,62,53,0,1
30,62,54,0,1
30,62,55,0,1
30,62,56,0,1
30,62,57,0,1
30,62,58,0,1
30,62,59,0,1
30,62,60,0,1
30,62,61,0,1
30,62,62,0,1
30,62,63,0,1
30,63,0,0,1.01587
30,63,1,0,1.01587
30,63,2,0,1.01587
30,63,3,0,1.01587
30,63,4,0,1.01587
30,63,5,0,1.01587
30,63,6,0,1.01587
30,63,7,0,1.01587
30,63,8,0,1.01587
30,63,9,0,1.01587
30,63,10,0,1.01587
30,63,11,0,1.01587
30,63,12,0,1.01587
30,63,13,0,1.01587
30,63,14,0,1.01587
30,63,15,0,1.01587
30,63,16,0,1.01587
30,63,17,0,1.01587
30,63,18,0,1.01587
30,63,19,0,1.01587
30,63,20,0,1.01587
30,63,21,0,1.01587
30,63,22,0,1.01587
30,63,23,0,1.01587
30,63,24,0,1.01587
30,63,25,0,1.01587
30,63,26,0,1.01587
30,63,27,0,1.01587
30,63,28,0,1.01587
30,63,29,0,1.01587
30,63,30,64,1.01587
30,63,31,0,1.01587
30,63,32,0,1.01587
30,63,33,0,1.01587
30,63,34,0,1.01587
30,63,35,0,1.01587
30,63,36,0,1.01587
30,63,37,0,1.01587
30,63,38,0,1.01587
30,63,39,0,1.01587
30,63,40,0,1.01587
30,63,41,0,1.01587
30,63,42,0,1.01587
30,63,43,0,1.01587
30,63,44,0,1.01587
30,63,45,0,1.01587
30,63,46,0,1.01587
30,63,47,0,1.01587
30,63,48,0,1.01587
30,63,49,0,1.01587
30,63,50,0,1.01587
30,63,51,0,1.01587
30,63,52,0,1.01587
30,63,53,0,1.01587
30,63,54,0,1.01587
30,63,55,0,1.01587
30,63,56,0,1.01587
30,63,57,0,1.01587
30,63,58,0,1.01587
30,63,59,0,1.01587
30,63,60,0,1.01587
30,63,61,0,1.01587
30,63,62,0,1.01587
30,63,63,0,1.01587
30,64,0,0,1.01562
30,64,1,0,1.01562
30,64,2,0,1.01562
30,64,3,0,1.01562
30,64,4,0,1.01562
30,64,5,0,1.01562
30,64,6,0,1.01562
30,64,7,0,1.01562
30,64,8,0,1.01562
30,64,9,0,1.01562
30,64,10,0,1.01562
30,64,11,0,1.01562
30,64,12,0,1.01562
30,64,13,0,1.01562
30,64,14,0,1.01562
30,64,15,0,1.01562
30,64,16,0,1.01562
30,64,17,0,1.01562
30,64,18,0,1.01562
30,64,19,0,1.01562
30,64,20,0,1.01562
30,64,21,0,1.01562
30,64,22,0,1.01562
30,64,23,0,1.01562
30,64,24,0,1.01562
30,64,25,0,1.01562
30,64,26,0,1.01562
30,64,27,0,1.01562
30,64,28,0,1.01562
30,64,29,0,1.01562
30,64,30,65,1.01562
30,64,31,0,1.01562
30,64,32,0,1.01562
30,64,33,0,1.01562
30,64,34,0,1.01562
30,64,35,0,1.01562
30,64,36,0,1.01562
30,64,37,0,1.01562
30,64,38,0,1.01562
30,64,39,0,1.01562
30,64,40,0,1.01562
30,64,41,0,1.01562
30,64,42,0,1.01562
30,64,43,0,1.01562
30,64,44,0,1.01562
30,64,45,0,1.01562
30,64,46,0,1.01562
30,64,47,0,1.01562
30,64,48,0,1.01562
30,64,49,0,1.01562
30,64,50,0,1.01562
30,64,51,0,1.01562
30,64,52,0,1.01562
30,64,53,0,1.01562
30,64,54,0,1.01562
30,64,55,0,1.01562
30,64,56,0,1.01562
30,64,57,0,1.01562
30,64,58,0,1.01562
30,64,59,0,1.01562
30,64,60,0,1.01562
30,64,61,0,1.01562
30,64,62,0,1.01562
30,64,63,0,1.01562
30,65,0,0,1.01538
30,65,1,0,1.01538
30,65,2,0,1.01538
30,65,3,0,1.01538
30,65,4,0,1.01538
30,65,5,0,1.01538
30,65,6,0,1.01538
30,65,7,0,1.01538
30,65,8,0,1.01538
30,65,9,0,1.01538
30,65,10,0,1.01538
30,65,11,0,1.01538
30,65,12,0,1.01538
30,65,13,0,1.01538
30,65,14,0,1.01538
30,65,15,0,1.01538
30,65,16,0,1.01538
30,65,17,0,1.01538
30,65,18,0,1.01538
30,65,19,0,1.01538
30,65,20,0,1.01538
30,65,21,0,1.01538
30,65,22,0,1.01538
30,65,23,0,1.01538
30,65,24,0,1.01538
30,65,25,0,1.01538
30,65,26,0,1.01538
30,65,27,0,1.01538
30,65,28,0,1.01538
30,65,29,0,1.01538
30,65,30,66,1.01538
30,65,31,0,1.01538
30,65,32,0,1.01538
30,65,33,0,1.01538
30,65,34,0,1.01538
30,65,35,0,1.01538
30,65,36,0,1.01538
30,65,37,0,1.01538
30,65,38,0,1.01538
30,65,39,0,1.01538
30,65,40,0,1.01538
30,65,41,0,1.01538
30,65,42,0,1.01538
30,65,43,0,1.01538
30,65,44,0,1.01538
30,65,45,0,1.01538
30,65,46,0,1.01538
30,65,47,0,1.01538
30,65,48,0,1.01538
30,65,49,0,1.01538
30,65,50,0,1.01538
30,65,51,0,1.01538
30,65,52,0,1.01538
30,65,53,0,1.01538
30,65,54,0,1.01538
30,65,55,0,1.01538
30,65,56,0,1.01538
30,65,57,0,1.01538
30,65,58,0,1.01538
30,65,59,0,1.01538
30,65,60,0,1.01538
30,65,61,0,1.01538
30,65,62,0,1.01538
30,65,63,0,1.01538
30,66,0,0,1.01515
30,66,1,0,1.01515
30,66,2,0,1.01515
30,66,3,0,1.01515
30,66,4,0,1.01515
30,66,5,0,1.01515
30,66,6,0,1.01515
30,66,7,0,1.01515
30,66,8,0,1.01515
30,66,9,0,1.01515
30,66,10,0,1.01515
30,66,11,0,1.01515
30,66,12,0,1.01515
30,66,13,0,1.01515
30,66,14,0,1.01515
30,66,15,0,1.01515
30,66,16,0,1.01515
30,66,17,0,1.01515
30,66,18,0,1.01515
30,66,19,0,1.01515
30,66,20,0,1.01515
30,66,21,0,1.01515
30,66,22,0,1.01515
30,66,23,0,1.01515
30,66,24,0,1.01515
30,66,25,0,1.01515
30,66,26,0,1.01515
30,66,27,0,1.01515
30,66,28,0,1.01515
30,66,29,0,1.01515
30,66,30,67,1.01515
30,66,31,0,1.01515
30,66,32,0,1.01515
30,66,33,0,1.01515
30,66,34,0,1.01515
30,66,35,0,1.01515
30,66,36,0,1.01515
30,66,37,0,1.01515
30,66,38,0,1.01515
30,66,39,0,1.01515
30,66,40,0,1.01515
30,66,41,0,1.01515
30,66,42,0,1.01515
30,66,43,0,1.01515
30,66,44,0,1.01515
30,66,45,0,1.01515
30,66,46,0,1.01515
30,66,47,0,1.01515
30,66,48,0,1.01515
30,66,49,0,1.01515
30,66,50,0,1.01515
30,66,51,0,1.01515
30,66,52,0,1.01515
30,66,53,0,1.01515
30,66,54,0,1.01515
30,66,55,0,1.01515
30,66,56,0,1.01515
30,66,57,0,1.01515
30,66,58,0,1.01515
30,66,59,0,1.01515
30,66,60,0,1.01515
30,66,61,0,1.01515
30,66,62,0,1.01515
30,66,63,0,1.01515
30,67,0,0,1.01493
30,67,1,0,1.01493
30,67,2,0,1.01493
30,67,3,0,1.01493
30,67,4,0,1.01493
30,67,5,0,1.01493
30,67,6,0,1.01493
30,67,7,0,1.01493
30,67,8,0,1.01493
30,67,9,0,1.01493
30,67,10,0,1.01493
30,67,11,0,1.01493
30,67,12,0,1.01493
30,67,13,0,1.01493
30,67,14,0,1.01493
30,67,15,0,1.01493
30,67,16,0,1.01493
30,67,17,0,1.01493
30,67,18,0,1.01493
30,67,19,0,1.01493
30,67,20,0,1.01493
30,67,21,0,1.01493
30,67,22,0,1.01493
30,67,23,0,1.01493
30,67,24,0,1.01493
30,67,25,0,1.01493
30,67,26,0,1.01493
30,67,27,0,1.01493
30,67,28,0,1.01493
30,67,29,0,1.01493
30,67,30,68,1.01493
30,67,31,0,1.01493
30,67,32,0,1.01493
30,67,33,0,1.01493
30,67,34,0,1.01493
30,67,35,0,1.01493
30,67,36,0,1.01493
30,67,37,0,1.01493
30,67,38,0,1.01493
30,67,39,0,1.01493
30,67,40,0,1.01493
30,67,41,0,1.01493
30,67,42,0,1.01493
30,67,43,0,1.01493
30,67,44,0,1.01493
30,67,45,0,1.01493
30,67,46,0,1.01493
30,67,47,0,1.01493
30,67,48,0,1.01493
30,67,49,0,1.01493
30,67,50,0,1.01493
30,67,51,0,1.01493
30,67,52,0,1.01493
30,67,53,0,1.01493
30,67,54,0,1.01493
30,67,55,0,1.01493
30,67,56,0,1.01493
30,67,57,0,1.01493
30,67,58,0,1.01493
30,67,59,0,1.01493
30,67,60,0,1.01493
30,67,61,0,1.01493
30,67,62,0,1.01493
30,67,63,0,1.01493
30,68,0,0,1.01471
30,68,1,0,1.01471
30,68,2,0,1.01471
30,68,3,0,1.01471
30,68,4,0,1.01471
30,68,5,0,1.01471
30,68,6,0,1.01471
30,68,7,0,1.01471
30,68,8,0,1.01471
30,68,9,0,1.01471
30,68,10,0,1.01471
30,68,11,0,1.01471
30,68,12,0,1.01471
30,68,13,0,1.01471
30,68,14,0,1.01471
30,68,15,0,1.01471
30,68,16,0,1.01471
30,68,17,0,1.01471
30,68,18,0,1.01471
30,68,19,0,1.01471
30,68,20,0,1.01471
30,68,21,0,1.01471
30,68,22,0,1.01471
30,68,23,0,1.01471
30,68,24,0,1.01471
30,68,25,0,1.01471
30,68,26,0,1.01471
30,68,27,0,1.01471
30,68,28,0,1.01471
30,68,29,0,1.01471
30,68,30,69,1.01471
30,68,31,0,1.01471
30,68,32,0,1.01471
30,68,33,0,1.01471
30,68,34,0,1.01471
30,68,35,0,1.01471
30,68,36,0,1.01471
30,68,37,0,1.01471
30,68,38,0,1.01471
30,68,39,0,1.01471
30,68,40,0,1.01471
30,68,41,0,1.01471
30,68,42,0,1.01471
30,68,43,0,1.01471
30,68,44,0,1.01471
30,68,45,0,1.01471
30,68,46,0,1.01471
30,68,47,0,1.01471
30,68,48,0,1.01471
30,68,49,0,1.01471
30,68,50,0,1.01471
30,68,51,0,1.01471
30,68,52,0,1.01471
30,68,53,0,1.01471
30,68,54,0,1.01471
30,68,55,0,1.01471
30,68,56,0,1.01471
30,68,57,0,1.01471
30,68,58,0,1.01471
30,68,59,0,1.01471
30,68,60,0,1.01471
30,68,61,0,1.01471
30,68,62,0,1.01471
30,68,63,0,1.01471
30,69,0,0,1.01449
30,69,1,0,1.01449
30,69,2,0,1.01449
30,69,3,0,1.01449
30,69,4,0,1.01449
30,69,5,0,1.01449
30,69,6,0,1.01449
30,69,7,0,1.01449
30,69,8,0,1.01449
30,69,9,0,1.01449
30,69,10,0,1.01449
30,69,11,0,1.01449
30,69,12,0,1.01449
30,69,13,0,1.01449
30,69,14,0,1.01449
30,69,15,0,1.01449
30,69,16,0,1.01449
30,69,17,0,1.01449
30,69,18,0,1.01449
30,69,19,0,1.01449
30,69,20,0,1.01449
30,69,21,0,1.01449
30,69,22,0,1.01449
30,69,23,0,1.01449
30,69,24,0,1.01449
30,69,25,0,1.01449
30,69,26,0,1.01449
30,69,27,0,1.01449
30,69,28,0,1.01449
30,69,29,0,1.01449
30,69,30,70,1.01449
30,69,31,0,1.01449
30,69,32,0,1.01449
30,69,33,0,1.01449
30,69,34,0,1.01449
30,69,35,0,1.01449
30,69,36,0,1.01449
30,69,37,0,1.01449
30,69,38,0,1.01449
30,69,39,0,1.01449
30,69,40,0,1.01449
30,69,41,0,1.01449
30,69,42,0,1.01449
30,69,43,0,1.01449
30,69,44,0,1.01449
30,69,45,0,1.01449
30,69,46,0,1.01449
30,69,47,0,1.01449
30,69,48,0,1.01449
30,69,49,0,1.01449
30,69,50,0,1.01449
30,69,51,0,1.01449
30,69,52,0,1.01449
30,69,53,0,1.01449
30,69,54,0,1.01449
30,69,55,0,1.01449
30,69,56,0,1.01449
30,69,57,0,1.01449
30,69,58,0,1.01449
30,69,59,0,1.01449
30,69,60,0,1.01449
30,69,61,0,1.01449
30,69,62,0,1.01449
30,69,63,0,1.01449
30,70,0,0,1.01429
30,70,1,0,1.01429
30,70,2,0,1.01429
30,70,3,0,1.01429
30,70,4,0,1.01429
30,70,5,0,1.01429
30,70,6,0,1.01429
30,70,7,0,1.01429
30,70,8,0,1.01429
30,70,9,0,1.01429
30,70,10,0,1.01429
30,70,11,0,1.01429
30,70,12,0,1.01429
30,70,13,0,1.01429
30,70,14,0,1.01429
30,70,15,0,1.01429
30,70,16,0,1.01429
30,70,17,0,1.01429
30,70,18,0,1.01429
30,70,19,0,1.01429
30,70,20,0,1.01429
30,70,21,0,1.01429
30,70,22,0,1.01429
30,70,23,0,1.01429
30,70,24,0,1.01429
30,70,25,0,1.01429
30,70,26,0,1.01429
30,70,27,0,1.01429
30,70,28,0,1.01429
30,70,29,0,1.01429
30,70,30,71,1.01429
30,70,31,0,1.01429
30,70,32,0,1.01429
30,70,33,0,1.01429
30,70,34,0,1.01429
30,70,35,0,1.01429
30,70,36,0,1.01429
30,70,37,0,1.01429
30,70,38,0,1.01429
30,70,39,0,1.01429
30,70,40,0,1.01429
30,70,41,0,1.01429
30,70,42,0,1.01429
30,70,43,0,1.01429
30,70,44,0,1.01429
30,70,45,0,1.01429
30,70,46,0,1.01429
30,70,47,0,1.01429
30,70,48,0,1.01429
30,70,49,0,1.01429
30,70,50,0,1.01429
30,70,51,0,1.01429
30,70,52,0,1.01429
30,70,53,0,1.01429
30,70,54,0,1.01429
30,70,55,0,1.01429
30,70,56,0,1.01429
30,70,57,0,1.01429
30,70,58,0,1.01429
30,70,59,0,1.01429
30,70,60,0,1.01429
30,70,61,0,1.01429
30,70,62,0,1.01429
30,70,63,0,1.01429
30,71,0,0,1.01408
30,71,1,0,1.01408
30,71,2,0,1.01408
30,71,3,0,1.01408
30,71,4,0,1.01408
30,71,5,0,1.01408
30,71,6,0,1.01408
30,71,7,0,1.01408
30,71,8,0,1.01408
30,71,9,0,1.01408
30,71,10,0,1.01408
30,71,11,0,1.01408
30,71,12,0,1.01408
30,71,13,0,1.01408
30,71,14,0,1.01408
30,71,15,0,1.01408
30,71,16,0,1.01408
30,71,17,0,1.01408
30,71,18,0,1.01408
30,71,19,0,1.01408
30,71,20,0,1.01408
30,71,21,0,1.01408
30,71,22,0,1.01408
30,71,23,0,1.01408
30,71,24,0,1.01408
30,71,25,0,1.01408
30,71,26,0,1.01408
30,71,27,0,1.01408
30,71,28,0,1.01408
30,71,29,0,1.01408
30,71,30,72,1.01408
30,71,31,0,1.01408
30,71,32,0,1.01408
30,71,33,0,1.01408
30,71,34,0,1.01408
30,71,35,0,1.01408
30,71,36,0,1.01408
30,71,37,0,1.01408
30,71,38,0,1.01408
30,71,39,0,1.01408
30,71,40,0,1.01408
30,71,41,0,1.01408
30,71,42,0,1.01408
30,71,43,0,1.01408
30,71,44,0,1.01408
30,71,45,0,1.01408
30,71,46,0,1.01408
30,71,47,0,1.01408
30,71,48,0,1.01408
30,71,49,0,1.01408
30,71,50,0,1.01408
30,71,51,0,1.01408
30,71,52,0,1.01408
30,71,53,0,1.01408
30,71,54,0,1.01408
30,71,55,0,1.01408
30,71,56,0,1.01408
30,71,57,0,1.01408
30,71,58,0,1.01408
30,71,59,0,1.01408
30,71,60,0,1.01408
30,71,61,0,1.01408
30,71,62,0,1.01408
30,71,63,0,1.01408
30,72,0,0,1.01389
30,72,1,0,1.01389
30,72,2,0,1.01389
30,72,3,0,1.01389
30,72,4,0,1.01389
30,72,5,0,1.01389
30,72,6,0,1.01389
30,72,7,0,1.01389
30,72,8,0,1.01389
30,72,9,0,1.01389
30,72,10,0,1.01389
30,72,11,0,1.01389
30,72,12,0,1.01389
30,72,13,0,1.01389
30,72,14,0,1.01389
30,72,15,0,1.01389
30,72,16,0,1.01389
30,72,17,0,1.01389
30,72,18,0,1.01389
30,72,19,0,1.01389
30,72,20,0,1.01389
30,72,21,0,1.01389
30,72,22,0,1.01389
30,72,23,0,1.01389
30,72,24,0,1.01389
30,72,25,0,1.01389
30,72,26,0,1.01389
30,72,27,0,1.01389
30,72,28,0,1.01389
30,72,29,0,1.01389
30,72,30,73,1.01389
30,72,31,0,1.01389
30,72,32,0,1.01389
30,72,33,0,1.01389
30,72,34,0,1.01389
30,72,35,0,1.01389
30,72,36,0,1.01389
30,72,37,0,1.01389
30,72,38,0,1.01389
30,72,39,0,1.01389
30,72,40,0,1.01389
30,72,41,0,1.01389
30,72,42,0,1.01389
30,72,43,0,1.01389
30,72,44,0,1.01389
30,72,45,0,1.01389
30,72,46,0,1.01389
30,72,47,0,1.01389
30,72,48,0,1.01389
30,72,49,0,1.01389
30,72,50,0,1.01389
30,72,51,0,1.01389
30,72,52,0,1.01389
30,72,53,0,1.01389
30,72,54,0,1.01389
30,72,55,0,1.01389
30,72,56,0,1.01389
30,72,57,0,1.01389
30,72,58,0,1.01389
30,72,59,0,1.01389
30,72,60,0,1.01389
30,72,61,0,1.01389
30,72,62,0,1.01389
30,72,63,0,1.01389
30,73,0,0,1.0137
30,73,1,0,1.0137
30,73,2,0,1.0137
30,73,3,0,1.0137
30,73,4,0,1.0137
30,73,5,0,1.0137
30,73,6,0,1.0137
30,73,7,0,1.0137
30,73,8,0,1.0137
30,73,9,0,1.0137
30,73,10,0,1.0137
30,73,11,0,1.0137
30,73,12,0,1.0137
30,73,13,0,1.0137
30,73,14,0,1.0137
30,73,15,0,1.0137
30,73,16,0,1.0137
30,73,17,0,1.0137
30,73,18,0,1.0137
30,73,19,0,1.0137
30,73,20,0,1.0137
30,73,21,0,1.0137
30,73,22,0,1.0137
30,73,23,0,1.0137
30,73,24,0,1.0137
30,73,25,0,1.0137
30,73,26,0,1.0137
30,73,27,0,1.0137
30,73,28,0,1.0137
30,73,29,0,1.0137
30,73,30,74,1.0137
30,73,31,0,1.0137
30,73,32,0,1.0137
30,73,33,0,1.0137
30,73,34,0,1.0137
30,73,35,0,1.0137
30,73,36,0,1.0137
30,73,37,0,1.0137
30,73,38,0,1.0137
30,73,39,0,1.0137
30,73,40,0,1.0137
30,73,41,0,1.0137
30,73,42,0,1.0137
30,73,43,0,1.0137
30,73,44,0,1.0137
30,73,45,0,1.0137
30,73,46,0,1.0137
30,73,47,0,1.0137
30,73,48,0,1.0137
30,73,49,0,1.0137
30,73,50,0,1.0137
30,73,51,0,1.0137
30,73,52,0,1.0137
30,73,53,0,1.0137
30,73,54,0,1.0137
30,73,55,0,1.0137
30,73,56,0,1.0137
30,73,57,0,1.0137
30,73,58,0,1.0137
30,73,59,0,1.0137
30,73,60,0,1.0137
30,73,61,0,1.0137
30,73,62,0,1.0137
30,73,63,0,1.0137
30,74,0,0,1.01351
30,74,1,0,1.01351
30,74,2,0,1.01351
30,74,3,0,1.01351
30,74,4,0,1.01351
30,74,5,0,1.01351
30,74,6,0,1.01351
30,74,7,0,1.01351
30,74,8,0,1.01351
30,74,9,0,1.01351
30,74,10,0,1.01351
30,74,11,0,1.01351
30,74,12,0,1.01351
30,74,13,0,1.01351
30,74,14,0,1.01351
30,74,15,0,1.01351
30,74,16,0,1.01351
30,74,17,0,1.01351
30,74,18,0,1.01351
30,74,19,0,1.01351
30,74,20,0,1.01351
30,74,21,0,1.01351
30,74,22,0,1.01351
30,74,23,0,1.01351
30,74,24,0,1.01351
30,74,25,0,1.01351
30,74,26,0,1.01351
30,74,27,0,1.01351
30,74,28,0,1.01351
30,74,29,0,1.01351
30,74,30,75,1.01351
30,74,31,0,1.01351
30,74,32,0,1.01351
30,74,33,0,1.01351
30,74,34,0,1.01351
30,74,35,0,1.01351
30,74,36,0,1.01351
30,74,37,0,1.01351
30,74,38,0,1.01351
30,74,39,0,1.01351
30,74,40,0,1.01351
30,74,41,0,1.01351
30,74,42,0,1.01351
30,74,43,0,1.01351
30,74,44,0,1.01351
30,74,45,0,1.01351
30,74,46,0,1.01351
30,74,47,0,1.01351
30,74,48,0,1.01351
30,74,49,0,1.01351
30,74,50,0,1.01351
30,74,51,0,1.01351
30,74,52,0,1.01351
30,74,53,0,1.01351
30,74,54,0,1.01351
30,74,55,0,1.01351
30,74,56,0,1.01351
30,74,57,0,1.01351
30,74,58,0,1.01351
30,74,59,0,1.01351
30,74,60,0,1.01351
30,74,61,0,1.01351
30,74,62,0,1.01351
30,74,63,0,1.01351
30,75,0,0,1.01333
30,75,1,0,1.01333
30,75,2,0,1.01333
30,75,3,0,1.01333
30,75,4,0,1.01333
30,75,5,0,1.01333
30,75,6,0,1.01333
30,75,7,0,1.01333
30,75,8,0,1.01333
30,75,9,0,1.01333
30,75,10,0,1.01333
30,75,11,0,1.01333
30,75,12,0,1.01333
30,75,13,0,1.01333
30,75,14,0,1.01333
30,75,15,0,1.01333
30,75,16,0,1.01333
30,75,17,0,1.01333
30,75,18,0,1.01333
30,75,19,0,1.01333
30,75,20,0,1.01333
30,75,21,0,1.01333
30,75,22,0,1.01333
30,75,23,0,1.01333
30,75,24,0,1.01333
30,75,25,0,1.01333
30,75,26,0,1.01333
30,75,27,0,1.01333
30,75,28,0,1.01333
30,75,29,0,1.01333
30,75,30,76,1.01333
30,75,31,0,1.01333
30,75,32,0,1.01333
30,75,33,0,1.01333
30,75,34,0,1.01333
30,75,35,0,1.01333
30,75,36,0,1.01333
30,75,37,0,1.01333
30,75,38,0,1.01333
30,75,39,0,1.01333
30,75,40,0,1.01333
30,75,41,0,1.01333
30,75,42,0,1.01333
30,75,43,0,1.01333
30,75,44,0,1.01333
30,75,45,0,1.01333
30,75,46,0,1.01333
30,75,47,0,1.01333
30,75,48,0,1.01333
30,75,49,0,1.01333
30,75,50,0,1.01333
30,75,51,0,1.01333
30,75,52,0,1.01333
30,75,53,0,1.01333
30,75,54,0,1.01333
30,75,55,0,1.01333
30,75,56,0,1.01333
30,75,57,0,1.01333
30,75,58,0,1.01333
30,75,59,0,1.01333
30,75,60,0,1.01333
30,75,61,0,1.01333
30,75,62,0,1.01333
30,75,63,0,1.01333
30,76,0,0,1.01316
30,76,1,0,1.01316
30,76,2,0,1.01316
30,76,3,0,1.01316
30,76,4,0,1.01316
30,76,5,0,1.01316
30,76,6,0,1.01316
30,76,7,0,1.01316
30,76,8,0,1.01316
30,76,9,0,1.01316
30,76,10,0,1.01316
30,76,11,0,1.01316
30,76,12,0,1.01316
30,76,13,0,1.01316
30,76,14,0,1.01316
30,76,15,0,1.01316
30,76,16,0,1.01316
30,76,17,0,1.01316
30,76,18,0,1.01316
30,76,19,0,1.01316
30,76,20,0,1.01316
30,76,21,0,1.01316
30,76,22,0,1.01316
30,76,23,0,1.01316
30,76,24,0,1.01316
30,76,25,0,1.01316
30,76,26,0,1.01316
30,76,27,0,1.01316
30,76,28,0,1.01316
30,76,29,0,1.01316
30,76,30,77,1.01316
30,76,31,0,1.01316
30,76,32,0,1.01316
30,76,33,0,1.01316
30,76,34,0,1.01316
30,76,35,0,1.01316
30,76,36,0,1.01316
30,76,37,0,1.01316
30,76,38,0,1.01316
30,76,39,0,1.01316
30,76,40,0,1.01316
30,76,41,0,1.01316
30,76,42,0,1.01316
30,76,43,0,1.01316
30,76,44,0,1.01316
30,76,45,0,1.01316
30,76,46,0,1.01316
30,76,47,0,1.01316
30,76,48,0,1.01316
30,76,49,0,1.01316
30,76,50,0,1.01316
30,76,51,0,1.01316
30,76,52,0,1.01316
30,76,53,0,1.01316
30,76,54,0,1.01316
30,76,55,0,1.01316
30,76,56,0,1.01316
30,76,57,0,1.01316
30,76,58,0,1.01316
30,76,59,0,1.01316
30,76,60,0,1.01316
30,76,61,0,1.01316
30,76,62,0,1.01316
30,76,63,0,1.01316
30,77,0,0,1.01299
30,77,1,0,1.01299
30,77,2,0,1.01299
30,77,3,0,1.01299
30,77,4,0,1.01299
30,77,5,0,1.01299
30,77,6,0,1.01299
30,77,7,0,1.01299
30,77,8,0,1.01299
30,77,9,0,1.01299
30,77,10,0,1.01299
30,77,11,0,1.01299
30,77,12,0,1.01299
30,77,13,0,1.01299
30,77,14,0,1.01299
30,77,15,0,1.01299
30,77,16,0,1.01299
30,77,17,0,1.01299
30,77,18,0,1.01299
30,77,19,0,1.01299
30,77,20,0,1.01299
30,77,21,0,1.01299
30,77,22,0,1.01299
30,77,23,0,1.01299
30,77,24,0,1.01299
30,77,25,0,1.01299
30,77,26,0,1.01299
30,77,27,0,1.01299
30,77,28,0,1.01299
30,77,29,0,1.01299
30,77,30,78,1.01299
30,77,31,0,1.01299
30,77,32,0,1.01299
30,77,33,0,1.01299
30,77,34,0,1.01299
30,77,35,0,1.01299
30,77,36,0,1.01299
30,77,37,0,1.01299
30,77,38,0,1.01299
30,77,39,0,1.01299
30,77,40,0,1.01299
30,77,41,0,1.01299
30,77,42,0,1.01299
30,77,43,0,1.01299
30,77,44,0,1.01299
30,77,45,0,1.01299
30,77,46,0,1.01299
30,77,47,0,1.01299
30,77,48,0,1.01299
30,77,49,0,1.01299
30,77,50,0,1.01299
30,77,51,0,1.01299
30,77,52,0,1.01299
30,77,53,0,1.01299
30,77,54,0,1.01299
30,77,55,0,1.01299
30,77,56,0,1.01299
30,77,57,0,1.01299
30,77,58,0,1.01299
30,77,59,0,1.01299
30,77,60,0,1.01299
30,77,61,0,1.01299
30,77,62,0,1.01299
30,77,63,0,1.01299
30,78,0,0,1.01282
30,78,1,0,1.01282
30,78,2,0,1.01282
30,78,3,0,1.01282
30,78,4,0,1.01282
30,78,5,0,1.01282
30,78,6,0,1.01282
30,78,7,0,1.01282
30,78,8,0,1.01282
30,78,9,0,1.01282
30,78,10,0,1.01282
30,78,11,0,1.01282
30,78,12,0,1.01282
30,78,13,0,1.01282
30,78,14,0,1.01282
30,78,15,0,1.01282
30,78,16,0,1.01282
30,78,17,0,1.01282
30,78,18,0,1.01282
30,78,19,0,1.01282
30,78,20,0,1.01282
30,78,21,0,1.01282
30,78,22,0,1.01282
30,78,23,0,1.01282
30,78,24,0,1.01282
30,78,25,0,1.01282
30,78,26,0,1.01282
30,78,27,0,1.01282
30,78,28,0,1.01282
30,78,29,0,1.01282
30,78,30,79,1.01282
30,78,31,0,1.01282
30,78,32,0,1.01282
30,78,33,0,1.01282
30,78,34,0,1.01282
30,78,35,0,1.01282
30,78,36,0,1.01282
30,78,37,0,1.01282
30,78,38,0,1.01282
30,78,39,0,1.01282
30,78,40,0,1.01282
30,78,41,0,1.01282
30,78,42,0,1.01282
30,78,43,0,1.01282
30,78,44,0,1.01282
30,78,45,0,1.01282
30,78,46,0,1.01282
30,78,47,0,1.01282
30,78,48,0,1.01282
30,78,49,0,1.01282
30,78,50,0,1.01282
30,78,51,0,1.01282
30,78,52,0,1.01282
30,78,53,0,1.01282
30,78,54,0,1.01282
30,78,55,0,1.01282
30,78,56,0,1.01282
30,78,57,0,1.01282
30,78,58,0,1.01282
30,78,59,0,1.01282
30,78,60,0,1.01282
30,78,61,0,1.01282
30,78,62,0,1.01282
30,78,63,0,1.01282
30,79,0,0,1.01266
30,79,1,0,1.01266
30,79,2,0,1.01266
30,79,3,0,1.01266
30,79,4,0,1.01266
30,79,5,0,1.01266
30,79,6,0,1.01266
30,79,7,0,1.01266
30,79,8,0,1.01266
30,79,9,0,1.01266
30,79,10,0,1.01266
30,79,11,0,1.01266
30,79,12,0,1.01266
30,79,13,0,1.01266
30,79,14,0,1.01266
30,79,15,0,1.01266
30,79,16,0,1.01266
30,79,17,0,1.01266
30,79,18,0,1.01266
30,79,19,0,1.01266
30,79,20,0,1.01266
30,79,21,0,1.01266
30,79,22,0,1.01266
30,79,23,0,1.01266
30,79,24,0,1.01266
30,79,25,0,1.01266
30,79,26,0,1.01266
30,79,27,0,1.01266
30,79,28,0,1.01266
30,79,29,0,1.01266
30,79,30,80,1.01266
30,79,31,0,1.01266
30,79,32,0,1.01266
30,79,33,0,1.01266
30,79,34,0,1.01266
30,79,35,0,1.01266
30,79,36,0,1.01266
30,79,37,0,1.01266
30,79,38,0,1.01266
30,79,39,0,1.01266
30,79,40,0,1.01266
30,79,41,0,1.01266
30,79,42,0,1.01266
30,79,43,0,1.01266
30,79,44,0,1.01266
30,79,45,0,1.01266
30,79,46,0,1.01266
30,79,47,0,1.01266
30,79,48,0,1.01266
30,79,49,0,1.01266
30,79,50,0,1.01266
30,79,51,0,1.01266
30,79,52,0,1.01266
30,79,53,0,1.01266
30,79,54,0,1.01266
30,79,55,0,1.01266
30,79,56,0,1.01266
30,79,57,0,1.01266
30,79,58,0,1.01266
30,79,59,0,1.01266
30,79,60,0,1.01266
30,79,61,0,1.01266
30,79,62,0,1.01266
30,79,63,0,1.01266
30,80,0,0,1.0125
30,80,1,0,1.0125
30,80,2,0,1.0125
30,80,3,0,1.0125
30,80,4,0,1.0125
30,80,5,0,1.0125
30,80,6,0,1.0125
30,80,7,0,1.0125
30,80,8,0,1.0125
30,80,9,0,1.0125
30,80,10,0,1.0125
30,80,11,0,1.0125
30,80,12,0,1.0125
30,80,13,0,1.0125
30,80,14,0,1.0125
30,80,15,0,1.0125
30,80,16,0,1.0125
30,80,17,0,1.0125
30,80,18,0,1.0125
30,80,19,0,1.0125
30,80,20,0,1.0125
30,80,21,0,1.0125
30,80,22,0,1.0125
30,80,23,0,1.0125
30,80,24,0,1.0125
30,80,25,0,1.0125
30,80,26,0,1.0125
30,80,27,0,1.0125
30,80,28,0,1.0125
30,80,29,0,1.0125
30,80,30,81,1.0125
30,80,31,0,1.0125
30,80,32,0,1.0125
30,80,33,0,1.0125
30,80,34,0,1.0125
30,80,35,0,1.0125
30,80,36,0,1.0125
30,80,37,0,1.0125
30,80,38,0,1.0125
30,80,39,0,1.0125
30,80,40,0,1.0125
30,80,41,0,1.0125
30,80,42,0,1.0125
30,80,43,0,1.0125
30,80,44,0,1.0125
30,80,45,0,1.0125
30,80,46,0,1.0125
30,80,47,0,1.0125
30,80,48,0,1.0125
30,80,49,0,1.0125
30,80,50,0,1.0125
30,80,51,0,1.0125
30,80,52,0,1.0125
30,80,53,0,1.0125
30,80,54,0,1.0125
30,80,55,0,1.0125
30,80,56,0,1.0125
30,80,57,0,1.0125
30,80,58,0,1.0125
30,80,59,0,1.0125
30,80,60,0,1.0125
30,80,61,0,1.0125
30,80,62,0,1.0125
30,80,63,0,1.0125
30,81,0,0,1.01235
30,81,1,0,1.01235
30,81,2,0,1.01235
30,81,3,0,1.01235
30,81,4,0,1.01235
30,81,5,0,1.01235
30,81,6,0,1.01235
30,81,7,0,1.01235
30,81,8,0,1.01235
30,81,9,0,1.01235
30,81,10,0,1.01235
30,81,11,0,1.01235
30,81,12,0,1.01235
30,81,13,0,1.01235
30,81,14,0,1.01235
30,81,15,0,1.01235
30,81,16,0,1.01235
30,81,17,0,1.01235
30,81,18,0,1.01235
30,81,19,0,1.01235
30,81,20,0,1.01235
30,81,21,0,1.01235
30,81,22,0,1.01235
30,81,23,0,1.01235
30,81,24,0,1.01235
30,81,25,0,1.01235
30,81,26,0,1.01235
30,81,27,0,1.01235
30,81,28,0,1.01235
30,81,29,0,1.01235
30,81,30,82,1.01235
30,81,31,0,1.01235
30,81,32,0,1.01235
30,81,33,0,1.01235
30,81,34,0,1.01235
30,81,35,0,1.01235
30,81,36,0,1.01235
30,81,37,0,1.01235
30,81,38,0,1.01235
30,81,39,0,1.01235
30,81,40,0,1.01235
30,81,41,0,1.01235
30,81,42,0,1.01235
30,81,43,0,1.01235
30,81,44,0,1.01235
30,81,45,0,1.01235
30,81,46,0,1.01235
30,81,47,0,1.01235
30,81,48,0,1.01235
30,81,49,0,1.01235
30,81,50,0,1.01235
30,81,51,0,1.01235
30,81,52,0,1.01235
30,81,53,0,1.01235
30,81,54,0,1.01235
30,81,55,0,1.01235
30,81,56,0,1.01235
30,81,57,0,1.01235
30,81,58,0,1.01235
30,81,59,0,1.01235
30,81,60,0,1.01235
30,81,61,0,1.01235
30,81,62,0,1.01235
30,81,63,0,1.01235
30,82,0,0,1.0122
30,82,1,0,1.0122
30,82,2,0,1.0122
30,82,3,0,1.0122
30,82,4,0,1.0122
30,82,5,0,1.0122
30,82,6,0,1.0122
30,82,7,0,1.0122
30,82,8,0,1.0122
30,82,9,0,1.0122
30,82,10,0,1.0122
30,82,11,0,1.0122
30,82,12,0,1.0122
30,82,13,0,1.0122
30,82,14,0,1.0122
30,82,15,0,1.0122
30,82,16,0,1.0122
30,82,17,0,1.0122
30,82,18,0,1.0122
30,82,19,0,1.0122
30,82,20,0,1.0122
30,82,21,0,1.0122
30,82,22,0,1.0122
30,82,23,0,1.0122
30,82,24,0,1.0122
30,82,25,0,1.0122
30,82,26,0,1.0122
30,82,27,0,1.0122
30,82,28,0,1.0122
30,82,29,0,1.0122
30,82,30,83,1.0122
30,82,31,0,1.0122
30,82,32,0,1.0122
30,82,33,0,1.0122
30,82,34,0,1.0122
30,82,35,0,1.0122
30,82,36,0,1.0122
30,82,37,0,1.0122
30,82,38,0,1.0122
30,82,39,0,1.0122
30,82,40,0,1.0122
30,82,41,0,1.0122
30,82,42,0,1.0122
30,82,43,0,1.0122
30,82,44,0,1.0122
30,82,45,0,1.0122
30,82,46,0,1.0122
30,82,47,0,1.0122
30,82,48,0,1.0122
30,82,49,0,1.0122
30,82,50,0,1.0122
30,82,51,0,1.0122
30,82,52,0,1.0122
30,82,53,0,1.0122
30,82,54,0,1.0122
30,82,55,0,1.0122
30,82,56,0,1.0122
30,82,57,0,1.0122
30,82,58,0,1.0122
30,82,59,0,1.0122
30,82,60,0,1.0122
30,82,61,0,1.0122
30,82,62,0,1.0122
30,82,63,0,1.0122
30,83,0,0,1.01205
30,83,1,0,1.01205
30,83,2,0,1.01205
30,83,3,0,1.01205
30,83,4,0,1.01205
30,83,5,0,1.01205
30,83,6,0,1.01205
30,83,7,0,1.01205
30,83,8,0,1.01205
30,83,9,0,1.01205
30,83,10,0,1.01205
30,83,11,0,1.01205
30,83,12,0,1.01205
30,83,13,0,1.01205
30,83,14,0,1.01205
30,83,15,0,1.01205
30,83,16,0,1.01205
30,83,17,0,1.01205
30,83,18,0,1.01205
30,83,19,0,1.01205
30,83,20,0,1.01205
30,83,21,0,1.01205
30,83,22,0,1.01205
30,83,23,0,1.01205
30,83,24,0,1.01205
30,83,25,0,1.01205
30,83,26,0,1.01205
30,83,27,0,1.01205
30,83,28,0,1.01205
30,83,29,0,1.01205
30,83,30,84,1.01205
30,83,31,0,1.01205
30,83,32,0,1.01205
30,83,33,0,1.01205
30,83,34,0,1.01205
30,83,35,0,1.01205
30,83,36,0,1.01205
30,83,37,0,1.01205
30,83,38,0,1.01205
30,83,39,0,1.01205
30,83,40,0,1.01205
30,83,41,0,1.01205
30,83,42,0,1.01205
30,83,43,0,1.01205
30,83,44,0,1.01205
30,83,45,0,1.01205
30,83,46,0,1.01205
30,83,47,0,1.01205
30,83,48,0,1.01205
30,83,49,0,1.01205
30,83,50,0,1.01205
30,83,51,0,1.01205
30,83,52,0,1.01205
30,83,53,0,1.01205
30,83,54,0,1.01205
30,83,55,0,1.01205
30,83,56,0,1.01205
30,83,57,0,1.01205
30,83,58,0,1.01205
30,83,59,0,1.01205
30,83,60,0,1.01205
30,83,61,0,1.01205
30,83,62,0,1.01205
30,83,63,0,1.01205
30,84,0,0,1.0119
30,84,1,0,1.0119
30,84,2,0,1.0119
30,84,3,0,1.0119
30,84,4,0,1.0119
30,84,5,0,1.0119
30,84,6,0,1.0119
30,84,7,0,1.0119
30,84,8,0,1.0119
30,84,9,0,1.0119
30,84,10,0,1.0119
30,84,11,0,1.0119
30,84,12,0,1.0119
30,84,13,0,1.0119
30,84,14,0,1.0119
30,84,15,0,1.0119
30,84,16,0,1.0119
30,84,17,0,1.0119
30,84,18,0,1.0119
30,84,19,0,1.0119
30,84,20,0,1.0119
30,84,21,0,1.0119
30,84,22,0,1.0119
30,84,23,0,1.0119
30,84,24,0,1.0119
30,84,25,0,1.0119
30,84,26,0,1.0119
30,84,27,0,1.0119
30,84,28,0,1.0119
30,84,29,0,1.0119
30,84,30,85,1.0119
30,84,31,0,1.0119
30,84,32,0,1.0119
30,84,33,0,1.0119
30,84,34,0,1.0119
30,84,35,0,1.0119
30,84,36,0,1.0119
30,84,37,0,1.0119
30,84,38,0,1.0119
30,84,39,0,1.0119
30,84,40,0,1.0119
30,84,41,0,1.0119
30,84,42,0,1.0119
30,84,43,0,1.0119
30,84,44,0,1.0119
30,84,45,0,1.0119
30,84,46,0,1.0119
30,84,47,0,1.0119
30,84,48,0,1.0119
30,84,49,0,1.0119
30,84,50,0,1.0119
30,84,51,0,1.0119
30,84,52,0,1.0119
30,84,53,0,1.0119
30,84,54,0,1.0119
30,84,55,0,1.0119
30,84,56,0,1.0119
30,84,57,0,1.0119
30,84,58,0,1.0119
30,84,59,0,1.0119
30,84,60,0,1.0119
30,84,61,0,1.0119
30,84,62,0,1.0119
30,84,63,0,1.0119
30,85,0,0,1.01176
30,85,1,0,1.01176
30,85,2,0,1.01176
30,85,3,0,1.01176
30,85,4,0,1.01176
30,85,5,0,1.01176
30,85,6,0,1.01176
30,85,7,0,1.01176
30,85,8,0,1.01176
30,85,9,0,1.01176
30,85,10,0,1.01176
30,85,11,0,1.01176
30,85,12,0,1.01176
30,85,13,0,1.01176
30,85,14,0,1.01176
30,85,15,0,1.01176
30,85,16,0,1.01176
30,85,17,0,1.01176
30,85,18,0,1.01176
30,85,19,0,1.01176
30,85,20,0,1.01176
30,85,21,0,1.01176
30,85,22,0,1.01176
30,85,23,0,1.01176
30,85,24,0,1.01176
30,85,25,0,1.01176
30,85,26,0,1.01176
30,85,27,0,1.01176
30,85,28,0,1.01176
30,85,29,0,1.01176
30,85,30,86,1.01176
30,85,31,0,1.01176
30,85,32,0,1.01176
30,85,33,0,1.01176
30,85,34,0,1.01176
30,85,35,0,1.01176
30,85,36,0,1.01176
30,85,37,0,1.01176
30,85,38,0,1.01176
30,85,39,0,1.01176
30,85,40,0,1.01176
30,85,41,0,1.01176
30,85,42,0,1.01176
30,85,43,0,1.01176
30,85,44,0,1.01176
30,85,45,0,1.01176
30,85,46,0,1.01176
30,85,47,0,1.01176
30,85,48,0,1.01176
30,85,49,0,1.01176
30,85,50,0,1.01176
30,85,51,0,1.01176
30,85,52,0,1.01176
30,85,53,0,1.01176
30,85,54,0,1.01176
30,85,55,0,1.01176
30,85,56,0,1.01176
30,85,57,0,1.01176
30,85,58,0,1.01176
30,85,59,0,1.01176
30,85,60,0,1.01176
30,85,61,0,1.01176
30,85,62,0,1.01176
30,85,63,0,1.01176
30,86,0,0,1.01163
30,86,1,0,1.01163
30,86,2,0,1.01163
30,86,3,0,1.01163
30,86,4,0,1.01163
30,86,5,0,1.01163
30,86,6,0,1.01163
30,86,7,0,1.01163
30,86,8,0,1.01163
30,86,9,0,1.01163
30,86,10,0,1.01163
30,86,11,0,1.01163
30,86,12,0,1.01163
30,86,13,0,1.01163
30,86,14,0,1.01163
30,86,15,0,1.01163
30,86,16,0,1.01163
30,86,17,0,1.01163
30,86,18,0,1.01163
30,86,19,0,1.01163
30,86,20,0,1.01163
30,86,21,0,1.01163
30,86,22,0,1.01163
30,86,23,0,1.01163
30,86,24,0,1.01163
30,86,25,0,1.01163
30,86,26,0,1.01163
30,86,27,0,1.01163
30,86,28,0,1.01163
30,86,29,0,1.01163
30,86,30,87,1.01163
30,86,31,0,1.01163
30,86,32,0,1.01163
30,86,33,0,1.01163
30,86,34,0,1.01163
30,86,35,0,1.01163
30,86,36,0,1.01163
30,86,37,0,1.01163
30,86,38,0,1.01163
30,86,39,0,1.01163
30,86,40,0,1.01163
30,86,41,0,1.01163
30,86,42,0,1.01163
30,86,43,0,1.01163
30,86,44,0,1.01163
30,86,45,0,1.01163
30,86,46,0,1.01163
30,86,47,0,1.01163
30,86,48,0,1.01163
30,86,49,0,1.01163
30,86,50,0,1.01163
30,86,51,0,1.01163
30,86,52,0,1.01163
30,86,53,0,1.01163
30,86,54,0,1.01163
30,86,55,0,1.01163
30,86,56,0,1.01163
30,86,57,0,1.01163
30,86,58,0,1.01163
30,86,59,0,1.01163
30,86,60,0,1.01163
30,86,61,0,1.01163
30,86,62,0,1.01163
30,86,63,0,1.01163
30,87,0,0,1.01149
30,87,1,0,1.01149
30,87,2,0,1.01149
30,87,3,0,1.01149
30,87,4,0,1.01149
30,87,5,0,1.01149
30,87,6,0,1.01149
30,87,7,0,1.01149
30,87,8,0,1.01149
30,87,9,0,1.01149
30,87,10,0,1.01149
30,87,11,0,1.01149
30,87,12,0,1.01149
30,87,13,0,1.01149
30,87,14,0,1.01149
30,87,15,0,1.01149
30,87,16,0,1.01149
30,87,17,0,1.01149
30,87,18,0,1.01149
30,87,19,0,1.01149
30,87,20,0,1.01149
30,87,21,0,1.01149
30,87,22,0,1.01149
30,87,23,0,1.01149
30,87,24,0,1.01149
30,87,25,0,1.01149
30,87,26,0,1.01149
30,87,27,0,1.01149
30,87,28,0,1.01149
30,87,29,0,1.01149
30,87,30,88,1.01149
30,87,31,0,1.01149
30,87,32,0,1.01149
30,87,33,0,1.01149
30,87,34,0,1.01149
30,87,35,0,1.01149
30,87,36,0,1.01149
30,87,37,0,1.01149
30,87,38,0,1.01149
30,87,39,0,1.01149
30,87,40,0,1.01149
30,87,41,0,1.01149
30,87,42,0,1.01149
30,87,43,0,1.01149
30,87,44,0,1.01149
30,87,45,0,1.01149
30,87,46,0,1.01149
30,87,47,0,1.01149
30,87,48,0,1.01149
30,87,49,0,1.01149
30,87,50,0,1.01149
30,87,51,0,1.01149
30,87,52,0,1.01149
30,87,53,0,1.01149
30,87,54,0,1.01149
30,87,55,0,1.01149
30,87,56,0,1.01149
30,87,57,0,1.01149
30,87,58,0,1.01149
30,87,59,0,1.01149
30,87,60,0,1.01149
30,87,61,0,1.01149
30,87,62,0,1.01149
30,87,63,0,1.01149
30,88,0,0,1.01136
30,88,1,0,1.01136
30,88,2,0,1.01136
30,88,3,0,1.01136
30,88,4,0,1.01136
30,88,5,0,1.01136
30,88,6,0,1.01136
30,88,7,0,1.01136
30,88,8,0,1.01136
30,88,9,0,1.01136
30,88,10,0,1.01136
30,88,11,0,1.01136
30,88,12,0,1.01136
30,88,13,0,1.01136
30,88,14,0,1.01136
30,88,15,0,1.01136
30,88,16,0,1.01136
30,88,17,0,1.01136
30,88,18,0,1.01136
30,88,19,0,1.01136
30,88,20,0,1.01136
30,88,21,0,1.01136
30,88,22,0,1.01136
30,88,23,0,1.01136
30,88,24,0,1.01136
30,88,25,0,1.01136
30,88,26,0,1.01136
30,88,27,0,1.01136
30,88,28,0,1.01136
30,88,29,0,1.01136
30,88,30,89,1.01136
30,88,31,0,1.01136
30,88,32,0,1.01136
30,88,33,0,1.01136
30,88,34,0,1.01136
30,88,35,0,1.01136
30,88,36,0,1.01136
30,88,37,0,1.01136
30,88,38,0,1.01136
30,88,39,0,1.01136
30,88,40,0,1.01136
30,88,41,0,1.01136
30,88,42,0,1.01136
30,88,43,0,1.01136
30,88,44,0,1.01136
30,88,45,0,1.01136
30,88,46,0,1.01136
30,88,47,0,1.01136
30,88,48,0,1.01136
30,88,49,0,1.01136
30,88,50,0,1.01136
30,88,51,0,1.01136
30,88,52,0,1.01136
30,88,53,0,1.01136
30,88,54,0,1.01136
30,88,55,0,1.01136
30,88,56,0,1.01136
30,88,57,0,1.01136
30,88,58,0,1.01136
30,88,59,0,1.01136
30,88,60,0,1.01136
30,88,61,0,1.01136
30,88,62,0,1.01136
30,88,63,0,1.01136
30,89,0,0,1.01124
30,89,1,0,1.01124
30,89,2,0,1.01124
30,89,3,0,1.01124
30,89,4,0,1.01124
30,89,5,0,1.01124
30,89,6,0,1.01124
30,89,7,0,1.01124
30,89,8,0,1.01124
30,89,9,0,1.01124
30,89,10,0,1.01124
30,89,11,0,1.01124
30,89,12,0,1.01124
30,89,13,0,1.01124
30,89,14,0,1.01124
30,89,15,0,1.01124
30,89,16,0,1.01124
30,89,17,0,1.01124
30,89,18,0,1.01124
30,89,19,0,1.01124
30,89,20,0,1.01124
30,89,21,0,1.01124
30,89,22,0,1.01124
30,89,23,0,1.01124
30,89,24,0,1.01124
30,89,25,0,1.01124
30,89,26,0,1.01124
30,89,27,0,1.01124
30,89,28,0,1.01124
30,89,29,0,1.01124
30,89,30,90,1.01124
30,89,31,0,1.01124
30,89,32,0,1.01124
30,89,33,0,1.01124
30,89,34,0,1.01124
30,89,35,0,1.01124
30,89,36,0,1.01124
30,89,37,0,1.01124
30,89,38,0,1.01124
30,89,39,0,1.01124
30,89,40,0,1.01124
30,89,41,0,1.01124
30,89,42,0,1.01124
30,89,43,0,1.01124
30,89,44,0,1.01124
30,89,45,0,1.01124
30,89,46,0,1.01124
30,89,47,0,1.01124
30,89,48,0,1.01124
30,89,49,0,1.01124
30,89,50,0,1.01124
30,89,51,0,1.01124
30,89,52,0,1.01124
30,89,53,0,1.01124
30,89,54,0,1.01124
30,89,55,0,1.01124
30,89,56,0,1.01124
30,89,57,0,1.01124
30,89,58,0,1.01124
30,89,59,0,1.01124
30,89,60,0,1.01124
30,89,61,0,1.01124
30,89,62,0,1.01124
30,89,63,0,1.01124
30,90,0,0,1.01111
30,90,1,0,1.01111
30,90,2,0,1.01111
30,90,3,0,1.01111
30,90,4,0,1.01111
30,90,5,0,1.01111
30,90,6,0,1.01111
30,90,7,0,1.01111
30,90,8,0,1.01111
30,90,9,0,1.01111
30,90,10,0,1.01111
30,90,11,0,1.01111
30,90,12,0,1.01111
30,90,13,0,1.01111
30,90,14,0,1.01111
30,90,15,0,1.01111
30,90,16,0,1.01111
30,90,17,0,1.01111
30,90,18,0,1.01111
30,90,19,0,1.01111
30,90,20,0,1.01111
30,90,21,0,1.01111
30,90,22,0,1.01111
30,90,23,0,1.01111
30,90,24,0,1.01111
30,90,25,0,1.01111
30,90,26,0,1.01111
30,90,27,0,1.01111
30,90,28,0,1.01111
30,90,29,0,1.01111
30,90,30,91,1.01111
30,90,31,0,1.01111
30,90,32,0,1.01111
30,90,33,0,1.01111
30,90,34,0,1.01111
30,90,35,0,1.01111
30,90,36,0,1.01111
30,90,37,0,1.01111
30,90,38,0,1.01111
30,90,39,0,1.01111
30,90,40,0,1.01111
30,90,41,0,1.01111
30,90,42,0,1.01111
30,90,43,0,1.01111
30,90,44,0,1.01111
30,90,45,0,1.01111
30,90,46,0,1.01111
30,90,47,0,1.01111
30,90,48,0,1.01111
30,90,49,0,1.01111
30,90,50,0,1.01111
30,90,51,0,1.01111
30,90,52,0,1.01111
30,90,53,0,1.01111
30,90,54,0,1.01111
30,90,55,0,1.01111
30,90,56,0,1.01111
30,90,57,0,1.01111
30,90,58,0,1.01111
30,90,59,0,1.01111
30,90,60,0,1.01111
30,90,61,0,1.01111
30,90,62,0,1.01111
30,90,63,0,1.01111
30,91,0,0,1.01099
30,91,1,0,1.01099
30,91,2,0,1.01099
30,91,3,0,1.01099
30,91,4,0,1.01099
30,91,5,0,1.01099
30,91,6,0,1.01099
30,91,7,0,1.01099
30,91,8,0,1.01099
30,91,9,0,1.01099
30,91,10,0,1.01099
30,91,11,0,1.01099
30,91,12,0,1.01099
30,91,13,0,1.01099
30,91,14,0,1.01099
30,91,15,0,1.01099
30,91,16,0,1.01099
30,91,17,0,1.01099
30,91,18,0,1.01099
30,91,19,0,1.01099
30,91,20,0,1.01099
30,91,21,0,1.01099
30,91,22,0,1.01099
30,91,23,0,1.01099
30,91,24,0,1.01099
30,91,25,0,1.01099
30,91,26,0,1.01099
30,91,27,0,1.01099
30,91,28,0,1.01099
30,91,29,0,1.01099
30,91,30,92,1.01099
30,91,31,0,1.01099
30,91,32,0,1.01099
30,91,33,0,1.01099
30,91,34,0,1.01099
30,91,35,0,1.01099
30,91,36,0,1.01099
30,91,37,0,1.01099
30,91,38,0,1.01099
30,91,39,0,1.01099
30,91,40,0,1.01099
30,91,41,0,1.01099
30,91,42,0,1.01099
30,91,43,0,1.01099
30,91,44,0,1.01099
30,91,45,0,1.01099
30,91,46,0,1.01099
30,91,47,0,1.01099
30,91,48,0,1.01099
30,91,49,0,1.01099
30,91,50,0,1.01099
30,91,51,0,1.01099
30,91,52,0,1.01099
30,91,53,0,1.01099
30,91,54,0,1.01099
30,91,55,0,1.01099
30,91,56,0,1.01099
30,91,57,0,1.01099
30,91,58,0,1.01099
30,91,59,0,1.01099
30,91,60,0,1.01099
30,91,61,0,1.01099
30,91,62,0,1.01099
30,91,63,0,1.01099
30,92,0,0,1.01087
30,92,1,0,1.01087
30,92,2,0,1.01087
30,92,3,0,1.01087
30,92,4,0,1.01087
30,92,5,0,1.01087
30,92,6,0,1.01087
30,92,7,0,1.01087
30,92,8,0,1.01087
30,92,9,0,1.01087
30,92,10,0,1.01087
30,92,11,0,1.01087
30,92,12,0,1.01087
30,92,13,0,1.01087
30,92,14,0,1.01087
30,92,15,0,1.01087
30,92,16,0,1.01087
30,92,17,0,1.01087
30,92,18,0,1.01087
30,92,19,0,1.01087
30,92,20,0,1.01087
30,92,21,0,1.01087
30,92,22,0,1.01087
30,92,23,0,1.01087
30,92,24,0,1.01087
30,92,25,0,1.01087
30,92,26,0,1.01087
30,92,27,0,1.01087
30,92,28,0,1.01087
30,92,29,0,1.01087
30,92,30,93,1.01087
30,92,31,0,1.01087
30,92,32,0,1.01087
30,92,33,0,1.01087
30,92,34,0,1.01087
30,92,35,0,1.01087
30,92,36,0,1.01087
30,92,37,0,1.01087
30,92,38,0,1.01087
30,92,39,0,1.01087
30,92,40,0,1.01087
30,92,41,0,1.01087
30,92,42,0,1.01087
30,92,43,0,1.01087
30,92,44,0,1.01087
30,92,45,0,1.01087
30,92,46,0,1.01087
30,92,47,0,1.01087
30,92,48,0,1.01087
30,92,49,0,1.01087
30,92,50,0,1.01087
30,92,51,0,1.01087
30,92,52,0,1.01087
30,92,53,0,1.01087
30,92,54,0,1.01087
30,92,55,0,1.01087
30,92,56,0,1.01087
30,92,57,0,1.01087
30,92,58,0,1.01087
30,92,59,0,1.01087
30,92,60,0,1.01087
30,92,61,0,1.01087
30,92,62,0,1.01087
30,92,63,0,1.01087
30,93,0,0,1.01075
30,93,1,0,1.01075
30,93,2,0,1.01075
30,93,3,0,1.01075
30,93,4,0,1.01075
30,93,5,0,1.01075
30,93,6,0,1.01075
30,93,7,0,1.01075
30,93,8,0,1.01075
30,93,9,0,1.01075
30,93,10,0,1.01075
30,93,11,0,1.01075
30,93,12,0,1.01075
30,93,13,0,1.01075
30,93,14,0,1.01075
30,93,15,0,1.01075
30,93,16,0,1.01075
30,93,17,0,1.01075
30,93,18,0,1.01075
30,93,19,0,1.01075
30,93,20,0,1.01075
30,93,21,0,1.01075
30,93,22,0,1.01075
30,93,23,0,1.01075
30,93,24,0,1.01075
30,93,25,0,1.01075
30,93,26,0,1.01075
30,93,27,0,1.01075
30,93,28,0,1.01075
30,93,29,0,1.01075
30,93,30,94,1.01075
30,93,31,0,1.01075
30,93,32,0,1.01075
30,93,33,0,1.01075
30,93,34,0,1.01075
30,93,35,0,1.01075
30,93,36,0,1.01075
30,93,37,0,1.01075
30,93,38,0,1.01075
30,93,39,0,1.01075
30,93,40,0,1.01075
30,93,41,0,1.01075
30,93,42,0,1.01075
30,93,43,0,1.01075
30,93,44,0,1.01075
30,93,45,0,1.01075
30,93,46,0,1.01075
30,93,47,0,1.01075
30,93,48,0,1.01075
30,93,49,0,1.01075
30,93,50,0,1.01075
30,93,51,0,1.01075
30,93,52,0,1.01075
30,93,53,0,1.01075
30,93,54,0,1.01075
30,93,55,0,1.01075
30,93,56,0,1.01075
30,93,57,0,1.01075
30,93,58,0,1.01075
30,93,59,0,1.01075
30,93,60,0,1.01075
30,93,61,0,1.01075
30,93,62,0,1.01075
30,93,63,0,1.01075
30,94,0,0,1.01064
30,94,1,0,1.01064
30,94,2,0,1.01064
30,94,3,0,1.01064
30,94,4,0,1.01064
30,94,5,0,1.01064
30,94,6,0,1.01064
30,94,7,0,1.01064
30,94,8,0,1.01064
30,94,9,0,1.01064
30,94,10,0,1.01064
30,94,11,0,1.01064
30,94,12,0,1.01064
30,94,13,0,1.01064
30,94,14,0,1.01064
30,94,15,0,1.01064
30,94,16,0,1.01064
30,94,17,0,1.01064
30,94,18,0,1.01064
30,94,19,0,1.01064
30,94,20,0,1.01064
30,94,21,0,1.01064
30,94,22,0,1.01064
30,94,23,0,1.01064
30,94,24,0,1.01064
30,94,25,0,1.01064
30,94,26,0,1.01064
30,94,27,0,1.01064
30,94,28,0,1.01064
30,94,29,0,1.01064
30,94,30,95,1.01064
30,94,31,0,1.01064
30,94,32,0,1.01064
30,94,33,0,1.01064
30,94,34,0,1.01064
30,94,35,0,1.01064
30,94,36,0,1.01064
30,94,37,0,1.01064
30,94,38,0,1.01064
30,94,39,0,1.01064
30,94,40,0,1.01064
30,94,41,0,1.01064
30,94,42,0,1.01064
30,94,43,0,1.01064
30,94,44,0,1.01064
30,94,45,0,1.01064
30,94,46,0,1.01064
30,94,47,0,1.01064
30,94,48,0,1.01064
30,94,49,0,1.01064
30,94,50,0,1.01064
30,94,51,0,1.01064
30,94,52,0,1.01064
30,94,53,0,1.01064
30,94,54,0,1.01064
30,94,55,0,1.01064
30,94,56,0,1.01064
30,94,57,0,1.01064
30,94,58,0,1.01064
30,94,59,0,1.01064
30,94,60,0,1.01064
30,94,61,0,1.01064
30,94,62,0,1.01064
30,94,63,0,1.01064
30,95,0,0,1.01053
30,95,1,0,1.01053
30,95,2,0,1.01053
30,95,3,0,1.01053
30,95,4,0,1.01053
30,95,5,0,1.01053
30,95,6,0,1.01053
30,95,7,0,1.01053
30,95,8,0,1.01053
30,95,9,0,1.01053
30,95,10,0,1.01053
30,95,11,0,1.01053
30,95,12,0,1.01053
30,95,13,0,1.01053
30,95,14,0,1.01053
30,95,15,0,1.01053
30,95,16,0,1.01053
30,95,17,0,1.01053
30,95,18,0,1.01053
30,95,19,0,1.01053
30,95,20,0,1.01053
30,95,21,0,1.01053
30,95,22,0,1.01053
30,95,23,0,1.01053
30,95,24,0,1.01053
30,95,25,0,1.01053
30,95,26,0,1.01053
30,95,27,0,1.01053
30,95,28,0,1.01053
30,95,29,0,1.01053
30,95,30,96,1.01053
30,95,31,0,1.01053
30,95,32,0,1.01053
30,95,33,0,1.01053
30,95,34,0,1.01053
30,95,35,0,1.01053
30,95,36,0,1.01053
30,95,37,0,1.01053
30,95,38,0,1.01053
30,95,39,0,1.01053
30,95,40,0,1.01053
30,95,41,0,1.01053
30,95,42,0,1.01053
30,95,43,0,1.01053
30,95,44,0,1.01053
30,95,45,0,1.01053
30,95,46,0,1.01053
30,95,47,0,1.01053
30,95,48,0,1.01053
30,95,49,0,1.01053
30,95,50,0,1.01053
30,95,51,0,1.01053
30,95,52,0,1.01053
30,95,53,0,1.01053
30,95,54,0,1.01053
30,95,55,0,1.01053
30,95,56,0,1.01053
30,95,57,0,1.01053
30,95,58,0,1.01053
30,95,59,0,1.01053
30,95,60,0,1.01053
30,95,61,0,1.01053
30,95,62,0,1.01053
30,95,63,0,1.01053
30,96,0,0,1.01042
30,96,1,0,1.01042
30,96,2,0,1.01042
30,96,3,0,1.01042
30,96,4,0,1.01042
30,96,5,0,1.01042
30,96,6,0,1.01042
30,96,7,0,1.01042
30,96,8,0,1.01042
30,96,9,0,1.01042
30,96,10,0,1.01042
30,96,11,0,1.01042
30,96,12,0,1.01042
30,96,13,0,1.01042
30,96,14,0,1.01042
30,96,15,0,1.01042
30,96,16,0,1.01042
30,96,17,0,1.01042
30,96,18,0,1.01042
30,96,19,0,1.01042
30,96,20,0,1.01042
30,96,21,0,1.01042
30,96,22,0,1.01042
30,96,23,0,1.01042
30,96,24,0,1.01042
30,96,25,0,1.01042
30,96,26,0,1.01042
30,96,27,0,1.01042
30,96,28,0,1.01042
30,96,29,0,1.01042
30,96,30,97,1.01042
30,96,31,0,1.01042
30,96,32,0,1.01042
30,96,33,0,1.01042
30,96,34,0,1.01042
30,96,35,0,1.01042
30,96,36,0,1.01042
30,96,37,0,1.01042
30,96,38,0,1.01042
30,96,39,0,1.01042
30,96,40,0,1.01042
30,96,41,0,1.01042
30,96,42,0,1.01042
30,96,43,0,1.01042
30,96,44,0,1.01042
30,96,45,0,1.01042
30,96,46,0,1.01042
30,96,47,0,1.01042
30,96,48,0,1.01042
30,96,49,0,1.01042
30,96,50,0,1.01042
30,96,51,0,1.01042
30,96,52,0,1.01042
30,96,53,0,1.01042
30,96,54,0,1.01042
30,96,55,0,1.01042
30,96,56,0,1.01042
30,96,57,0,1.01042
30,96,58,0,1.01042
30,96,59,0,1.01042
30,96,60,0,1.01042
30,96,61,0,1.01042
30,96,62,0,1.01042
30,96,63,0,1.01042
30,97,0,0,1.01031
30,97,1,0,1.01031
30,97,2,0,1.01031
30,97,3,0,1.01031
30,97,4,0,1.01031
30,97,5,0,1.01031
30,97,6,0,1.01031
30,97,7,0,1.01031
30,97,8,0,1.01031
30,97,9,0,1.01031
30,97,10,0,1.01031
30,97,11,0,1.01031
30,97,12,0,1.01031
30,97,13,0,1.01031
30,97,14,0,1.01031
30,97,15,0,1.01031
30,97,16,0,1.01031
30,97,17,0,1.01031
30,97,18,0,1.01031
30,97,19,0,1.01031
30,97,20,0,1.01031
30,97,21,0,1.01031
30,97,22,0,1.01031
30,97,23,0,1.01031
30,97,24,0,1.01031
30,97,25,0,1.01031
30,97,26,0,1.01031
30,97,27,0,1.01031
30,97,28,0,1.01031
30,97,29,0,1.01031
30,97,30,98,1.01031
30,97,31,0,1.01031
30,97,32,0,1.01031
30,97,33,0,1.01031
30,97,34,0,1.01031
30,97,35,0,1.01031
30,97,36,0,1.01031
30,97,37,0,1.01031
30,97,38,0,1.01031
30,97,39,0,1.01031
30,97,40,0,1.01031
30,97,41,0,1.01031
30,97,42,0,1.01031
30,97,43,0,1.01031
30,97,44,0,1.01031
30,97,45,0,1.01031
30,97,46,0,1.01031
30,97,47,0,1.01031
30,97,48,0,1.01031
30,97,49,0,1.01031
30,97,50,0,1.01031
30,97,51,0,1.01031
30,97,52,0,1.01031
30,97,53,0,1.01031
30,97,54,0,1.01031
30,97,55,0,1.01031
30,97,56,0,1.01031
30,97,57,0,1.01031
30,97,58,0,1.01031
30,97,59,0,1.01031
30,97,60,0,1.01031
30,97,61,0,1.01031
30,97,62,0,1.01031
30,97,63,0,1.01031
30,98,0,0,1.0102
30,98,1,0,1.0102
30,98,2,0,1.0102
30,98,3,0,1.0102
30,98,4,0,1.0102
30,98,5,0,1.0102
30,98,6,0,1.0102
30,98,7,0,1.0102
30,98,8,0,1.0102
30,98,9,0,1.0102
30,98,10,0,1.0102
30,98,11,0,1.0102
30,98,12,0,1.0102
30,98,13,0,1.0102
30,98,14,0,1.0102
30,98,15,0,1.0102
30,98,16,0,1.0102
30,98,17,0,1.0102
30,98,18,0,1.0102
30,98,19,0,1.0102
30,98,20,0,1.0102
30,98,21,0,1.0102
30,98,22,0,1.0102
30,98,23,0,1.0102
30,98,24,0,1.0102
30,98,25,0,1.0102
30,98,26,0,1.0102
30,98,27,0,1.0102
30,98,28,0,1.0102
30,98,29,0,1.0102
30,98,30,99,1.0102
30,98,31,0,1.0102
30,98,32,0,1.0102
30,98,33,0,1.0102
30,98,34,0,1.0102
30,98,35,0,1.0102
30,98,36,0,1.0102
30,98,37,0,1.0102
30,98,38,0,1.0102
30,98,39,0,1.0102
30,98,40,0,1.0102
30,98,41,0,1.0102
30,98,42,0,1.0102
30,98,43,0,1.0102
30,98,44,0,1.0102
30,98,45,0,1.0102
30,98,46,0,1.0102
30,98,47,0,1.0102
30,98,48,0,1.0102
30,98,49,0,1.0102
30,98,50,0,1.0102
30,98,51,0,1.0102
30,98,52,0,1.0102
30,98,53,0,1.0102
30,98,54,0,1.0102
30,98,55,0,1.0102
30,98,56,0,1.0102
30,98,57,0,1.0102
30,98,58,0,1.0102
30,98,59,0,1.0102
30,98,60,0,1.0102
30,98,61,0,1.0102
30,98,62,0,1.0102
30,98,63,0,1.0102
30,99,0,0,1.0101
30,99,1,0,1.0101
30,99,2,0,1.0101
30,99,3,0,1.0101
30,99,4,0,1.0101
30,99,5,0,1.0101
30,99,6,0,1.0101
30,99,7,0,1.0101
30,99,8,0,1.0101
30,99,9,0,1.0101
30,99,10,0,1.0101
30,99,11,0,1.0101
30,99,12,0,1.0101
30,99,13,0,1.0101
30,99,14,0,1.0101
30,99,15,0,1.0101
30,99,16,0,1.0101
30,99,17,0,1.0101
30,99,18,0,1.0101
30,99,19,0,1.0101
30,99,20,0,1.0101
30,99,21,0,1.0101
30,99,22,0,1.0101
30,99,23,0,1.0101
30,99,24,0,1.0101
30,99,25,0,1.0101
30,99,26,0,1.0101
30,99,27,0,1.0101
30,99,28,0,1.0101
30,99,29,0,1.0101
30,99,30,100,1.0101
30,99,31,0,1.0101
30,99,32,0,1.0101
30,99,33,0,1.0101
30,99,34,0,1.0101
30,99,35,0,1.0101
30,99,36,0,1.0101
30,99,37,0,1.0101
30,99,38,0,1.0101
30,99,39,0,1.0101
30,99,40,0,1.0101
30,99,41,0,1.0101
30,99,42,0,1.0101
30,99,43,0,1.0101
30,99,44,0,1.0101
30,99,45,0,1.0101
30,99,46,0,1.0101
30,99,47,0,1.0101
30,99,48,0,1.0101
30,99,49,0,1.0101
30,99,50,0,1.0101
30,99,51,0,1.0101
30,99,52,0,1.0101
30,99,53,0,1.0101
30,99,54,0,1.0101
30,99,55,0,1.0101
30,99,56,0,1.0101
30,99,57,0,1.0101
30,99,58,0,1.0101
30,99,59,0,1.0101
30,99,60,0,1.0101
30,99,61,0,1.0101
30,99,62,0,1.0101
30,99,63,0,1.0101
30,100,0,0,1.01
30,100,1,0,1.01
30,100,2,0,1.01
30,100,3,0,1.01
30,100,4,0,1.01
30,100,5,0,1.01
30,100,6,0,1.01
30,100,7,0,1.01
30,100,8,0,1.01
30,100,9,0,1.01
30,100,10,0,1.01
30,100,11,0,1.01
30,100,12,0,1.01
30,100,13,0,1.01
30,100,14,0,1.01
30,100,15,0,1.01
30,100,16,0,1.01
30,100,17,0,1.01
30,100,18,0,1.01
30,100,19,0,1.01
30,100,20,0,1.01
30,100,21,0,1.01
30,100,22,0,1.01
30,100,23,0,1.01
30,100,24,0,1.01
30,100,25,0,1.01
30,100,26,0,1.01
30,100,27,0,1.01
30,100,28,0,1.01
30,100,29,0,1.01
30,100,30,101,1.01
30,100,31,0,1.01
30,100,32,0,1.01
30,100,33,0,1.01
30,100,34,0,1.01
30,100,35,0,1.01
30,100,36,0,1.01
30,100,37,0,1.01
30,100,38,0,1.01
30,100,39,0,1.01
30,100,40,0,1.01
30,100,41,0,1.01
30,100,42,0,1.01
30,100,43,0,1.01
30,100,44,0,1.01
30,100,45,0,1.01
30,100,46,0,1.01
30,100,47,0,1.01
30,100,48,0,1.01
30,100,49,0,1.01
30,100,50,0,1.01
30,100,51,0,1.01
30,100,52,0,1.01
30,100,53,0,1.01
30,100,54,0,1.01
30,100,55,0,1.01
30,100,56,0,1.01
30,100,57,0,1.01
30,100,58,0,1.01
30,100,59,0,1.01
30,100,60,0,1.01
30,100,61,0,1.01
30,100,62,0,1.01
30,100,63,0,1.01
38,1,0,0,1
38,1,1,0,1
38,1,2,0,1
38,1,3,0,1
38,1,4,0,1
38,1,5,0,1
38,1,6,0,1
38,1,7,0,1
38,1,8,0,1
38,1,9,0,1
38,1,10,0,1
38,1,11,0,1
38,1,12,0,1
38,1,13,0,1
38,1,14,0,1
38,1,15,0,1
38,1,16,0,1
38,1,17,0,1
38,1,18,0,1
38,1,19,0,1
38,1,20,0,1
38,1,21,0,1
38,1,22,0,1
38,1,23,0,1
38,1,24,0,1
38,1,25,0,1
38,1,26,0,1
38,1,27,0,1
38,1,28,0,1
38,1,29,1,1
38,1,30,0,1
38,1,31,0,1
38,1,32,0,1
38,1,33,0,1
38,1,34,0,1
38,1,35,0,1
38,1,36,0,1
38,1,37,0,1
38,1,38,0,1
38,1,39,0,1
38,1,40,0,1
38,1,41,0,1
38,1,42,0,1
38,1,43,0,1
38,1,44,0,1
38,1,45,0,1
38,1,46,0,1
38,1,47,0,1
38,1,48,0,1
38,1,49,0,1
38,1,50,0,1
38,1,51,0,1
38,1,52,0,1
38,1,53,0,1
38,1,54,0,1
38,1,55,0,1
38,1,56,0,1
38,1,57,0,1
38,1,58,0,1
38,1,59,0,1
38,1,60,0,1
38,1,61,0,1
38,1,62,0,1
38,1,63,0,1
38,2,0,0,1
38,2,1,0,1
38,2,2,0,1
38,2,3,0,1
38,2,4,0,1
38,2,5,0,1
38,2,6,0,1
38,2,7,0,1
38,2,8,0,1
38,2,9,0,1
38,2,10,0,1
38,2,11,0,1
38,2,12,0,1
38,2,13,0,1
38,2,14,0,1
38,2,15,0,1
38,2,16,0,1
38,2,17,0,1
38,2,18,0,1
38,2,19,0,1
38,2,20,0,1
38,2,21,0,1
38,2,22,0,1
38,2,23,0,1
38,2,24,0,1
38,2,25,0,1
38,2,26,0,1
38,2,27,0,1
38,2,28,0,1
38,2,29,2,1
38,2,30,0,1
38,2,31,0,1
38,2,32,0,1
38,2,33,0,1
38,2,34,0,1
38,2,35,0,1
38,2,36,0,1
38,2,37,0,1
38,2,38,0,1
38,2,39,0,1
38,2,40,0,1
38,2,41,0,1
38,2,42,0,1
38,2,43,0,1
38,2,44,0,1
38,2,45,0,1
38,2,46,0,1
38,2,47,0,1
38,2,48,0,1
38,2,49,0,1
38,2,50,0,1
38,2,51,0,1
38,2,52,0,1
38,2,53,0,1
38,2,54,0,1
38,2,55,0,1
38,2,56,0,1
38,2,57,0,1
38,2,58,0,1
38,2,59,0,1
38,2,60,0,1
38,2,61,0,1
38,2,62,0,1
38,2,63,0,1
38,3,0,0,1
38,3,1,0,1
38,3,2,0,1
38,3,3,0,1
38,3,4,0,1
38,3,5,0,1
38,3,6,0,1
38,3,7,0,1
38,3,8,0,1
38,3,9,0,1
38,3,10,0,1
38,3,11,0,1
38,3,12,0,1
38,3,13,0,1
38,3,14,0,1
38,3,15,0,1
38,3,16,0,1
38,3,17,0,1
38,3,18,0,1
38,3,19,0,1
38,3,20,0,1
38,3,21,0,1
38,3,22,0,1
38,3,23,0,1
38,3,24,0,1
38,3,25,0,1
38,3,26,0,1
38,3,27,0,1
38,3,28,0,1
38,3,29,3,1
38,3,30,0,1
38,3,31,0,1
38,3,32,0,1
38,3,33,0,1
38,3,34,0,1
38,3,35,0,1
38,3,36,0,1
38,3,37,0,1
38,3,38,0,1
38,3,39,0,1
38,3,40,0,1
38,3,41,0,1
38,3,42,0,1
38,3,43,0,1
38,3,44,0,1
38,3,45,0,1
38,3,46,0,1
38,3,47,0,1
38,3,48,0,1
38,3,49,0,1
38,3,50,0,1
38,3,51,0,1
38,3,52,0,1
38,3,53,0,1
38,3,54,0,1
38,3,55,0,1
38,3,56,0,1
38,3,57,0,1
38,3,58,0,1
38,3,59,0,1
38,3,60,0,1
38,3,61,0,1
38,3,62,0,1
38,3,63,0,1
38,4,0,0,1
38,4,1,0,1
38,4,2,0,1
38,4,3,0,1
38,4,4,0,1
38,4,5,0,1
38,4,6,0,1
38,4,7,0,1
38,4,8,0,1
38,4,9,0,1
38,4,10,0,1
38,4,11,0,1
38,4,12,0,1
38,4,13,0,1
38,4,14,0,1
38,4,15,0,1
38,4,16,0,1
38,4,17,0,1
38,4,18,0,1
38,4,19,0,1
38,4,20,0,1
38,4,21,0,1
38,4,22,0,1
38,4,23,0,1
38,4,24,0,1
38,4,25,0,1
38,4,26,0,1
38,4,27,0,1
38,4,28,0,1
38,4,29,4,1
38,4,30,0,1
38,4,31,0,1
38,4,32,0,1
38,4,33,0,1
38,4,34,0,1
38,4,35,0,1
38,4,36,0,1
38,4,37,0,1
38,4,38,0,1
38,4,39,0,1
38,4,40,0,1
38,4,41,0,1
38,4,42,0,1
38,4,43,0,1
38,4,44,0,1
38,4,45,0,1
38,4,46,0,1
38,4,47,0,1
38,4,48,0,1
38,4,49,0,1
38,4,50,0,1
38,4,51,0,1
38,4,52,0,1
38,4,53,0,1
38,4,54,0,1
38,4,55,0,1
38,4,56,0,1
38,4,57,0,1
38,4,58,0,1
38,4,59,0,1
38,4,60,0,1
38,4,61,0,1
38,4,62,0,1
38,4,63,0,1
38,5,0,0,1
38,5,1,0,1
38,5,2,0,1
38,5,3,0,1
38,5,4,0,1
38,5,5,0,1
38,5,6,0,1
38,5,7,0,1
38,5,8,0,1
38,5,9,0,1
38,5,10,0,1
38,5,11,0,1
38,5,12,0,1
38,5,13,0,1
38,5,14,0,1
38,5,15,0,1
38,5,16,0,1
38,5,17,0,1
38,5,18,0,1
38,5,19,0,1
38,5,20,0,1
38,5,21,0,1
38,5,22,0,1
38,5,23,0,1
38,5,24,0,1
38,5,25,0,1
38,5,26,0,1
38,5,27,0,1
38,5,28,0,1
38,5,29,5,1
38,5,30,0,1
38,5,31,0,1
38,5,32,0,1
38,5,33,0,1
38,5,34,0,1
38,5,35,0,1
38,5,36,0,1
38,5,37,0,1
38,5,38,0,1
38,5,39,0,1
38,5,40,0,1
38,5,41,0,1
38,5,42,0,1
38,5,43,0,1
38,5,44,0,1
38,5,45,0,1
38,5,46,0,1
38,5,47,0,1
38,5,48,0,1
38,5,49,0,1
38,5,50,0,1
38,5,51,0,1
38,5,52,0,1
38,5,53,0,1
38,5,54,0,1
38,5,55,0,1
38,5,56,0,1
38,5,57,0,1
38,5,58,0,1
38,5,59,0,1
38,5,60,0,1
38,5,61,0,1
38,5,62,0,1
38,5,63,0,1
38,6,0,0,1
38,6,1,0,1
38,6,2,0,1
38,6,3,0,1
38,6,4,0,1
38,6,5,0,1
38,6,6,0,1
38,6,7,0,1
38,6,8,0,1
38,6,9,0,1
38,6,10,0,1
38,6,11,0,1
38,6,12,0,1
38,6,13,0,1
38,6,14,0,1
38,6,15,0,1
38,6,16,0,1
38,6,17,0,1
38,6,18,0,1
38,6,19,0,1
38,6,20,0,1
38,6,21,0,1
38,6,22,0,1
38,6,23,0,1
38,6,24,0,1
38,6,25,0,1
38,6,26,0,1
38,6,27,0,1
38,6,28,0,1
38,6,29,6,1
38,6,30,0,1
38,6,31,0,1
38,6,32,0,1
38,6,33,0,1
38,6,34,0,1
38,6,35,0,1
38,6,36,0,1
38,6,37,0,1
38,6,38,0,1
38,6,39,0,1
38,6,40,0,1
38,6,41,0,1
38,6,42,0,1
38,6,43,0,1
38,6,44,0,1
38,6,45,0,1
38,6,46,0,1
38,6,47,0,1
38,6,48,0,1
38,6,49,0,1
38,6,50,0,1
38,6,51,0,1
38,6,52,0,1
38,6,53,0,1
38,6,54,0,1
38,6,55,0,1
38,6,56,0,1
38,6,57,0,1
38,6,58,0,1
38,6,59,0,1
38,6,60,0,1
38,6,61,0,1
38,6,62,0,1
38,6,63,0,1
38,7,0,0,1
38,7,1,0,1
38,7,2,0,1
38,7,3,0,1
38,7,4,0,1
38,7,5,0,1
38,7,6,0,1
38,7,7,0,1
38,7,8,0,1
38,7,9,0,1
38,7,10,0,1
38,7,11,0,1
38,7,12,0,1
38,7,13,0,1
38,7,14,0,1
38,7,15,0,1
38,7,16,0,1
38,7,17,0,1
38,7,18,0,1
38,7,19,0,1
38,7,20,0,1
38,7,21,0,1
38,7,22,0,1
38,7,23,0,1
38,7,24,0,1
38,7,25,0,1
38,7,26,0,1
38,7,27,0,1
38,7,28,0,1
38,7,29,7,1
38,7,30,0,1
38,7,31,0,1
38,7,32,0,1
38,7,33,0,1
38,7,34,0,1
38,7,35,0,1
38,7,36,0,1
38,7,37,0,1
38,7,38,0,1
38,7,39,0,1
38,7,40,0,1
38,7,41,0,1
38,7,42,0,1
38,7,43,0,1
38,7,44,0,1
38,7,45,0,1
38,7,46,0,1
38,7,47,0,1
38,7,48,0,1
38,7,49,0,1
38,7,50,0,1
38,7,51,0,1
38,7,52,0,1
38,7,53,0,1
38,7,54,0,1
38,7,55,0,1
38,7,56,0,1
38,7,57,0,1
38,7,58,0,1
38,7,59,0,1
38,7,60,0,1
38,7,61,0,1
38,7,62,0,1
38,7,63,0,1
38,8,0,0,1
38,8,1,0,1
38,8,2,0,1
38,8,3,0,1
38,8,4,0,1
38,8,5,0,1
38,8,6,0,1
38,8,7,0,1
38,8,8,0,1
38,8,9,0,1
38,8,10,0,1
38,8,11,0,1
38,8,12,0,1
38,8,13,0,1
38,8,14,0,1
38,8,15,0,1
38,8,16,0,1
38,8,17,0,1
38,8,18,0,1
38,8,19,0,1
38,8,20,0,1
38,8,21,0,1
38,8,22,0,1
38,8,23,0,1
38,8,24,0,1
38,8,25,0,1
38,8,26,0,1
38,8,27,0,1
38,8,28,0,1
38,8,29,8,1
38,8,30,0,1
38,8,31,0,1
38,8,32,0,1
38,8,33,0,1
38,8,34,0,1
38,8,35,0,1
38,8,36,0,1
38,8,37,0,1
38,8,38,0,1
38,8,39,0,1
38,8,40,0,1
38,8,41,0,1
38,8,42,0,1
38,8,43,0,1
38,8,44,0,1
38,8,45,0,1
38,8,46,0,1
38,8,47,0,1
38,8,48,0,1
38,8,49,0,1
38,8,50,0,1
38,8,51,0,1
38,8,52,0,1
38,8,53,0,1
38,8,54,0,1
38,8,55,0,1
38,8,56,0,1
38,8,57,0,1
38,8,58,0,1
38,8,59,0,1
38,8,60,0,1
38,8,61,0,1
38,8,62,0,1
38,8,63,0,1
38,9,0,0,1
38,9,1,0,1
38,9,2,0,1
38,9,3,0,1
38,9,4,0,1
38,9,5,0,1
38,9,6,0,1
38,9,7,0,1
38,9,8,0,1
38,9,9,0,1
38,9,10,0,1
38,9,11,0,1
38,9,12,0,1
38,9,13,0,1
38,9,14,0,1
38,9,15,0,1
38,9,16,0,1
38,9,17,0,1
38,9,18,0,1
38,9,19,0,1
38,9,20,0,1
38,9,21,0,1
38,9,22,0,1
38,9,23,0,1
38,9,24,0,1
38,9,25,0,1
38,9,26,0,1
38,9,27,0,1
38,9,28,0,1
38,9,29,9,1
38,9,30,0,1
38,9,31,0,1
38,9,32,0,1
38,9,33,0,1
38,9,34,0,1
38,9,35,0,1
38,9,36,0,1
38,9,37,0,1
38,9,38,0,1
38,9,39,0,1
38,9,40,0,1
38,9,41,0,1
38,9,42,0,1
38,9,43,0,1
38,9,44,0,1
38,9,45,0,1
38,9,46,0,1
38,9,47,0,1
38,9,48,0,1
38,9,49,0,1
38,9,50,0,1
38,9,51,0,1
38,9,52,0,1
38,9,53,0,1
38,9,54,0,1
38,9,55,0,1
38,9,56,0,1
38,9,57,0,1
38,9,58,0,1
38,9,59,0,1
38,9,60,0,1
38,9,61,0,1
38,9,62,0,1
38,9,63,0,1
38,10,0,0,1
38,10,1,0,1
38,10,2,0,1
38,10,3,0,1
38,10,4,0,1
38,10,5,0,1
38,10,6,0,1
38,10,7,0,1
38,10,8,0,1
38,10,9,0,1
38,10,10,0,1
38,10,11,0,1
38,10,12,0,1
38,10,13,0,1
38,10,14,0,1
38,10,15,0,1
38,10,16,0,1
38,10,17,0,1
38,10,18,0,1
38,10,19,0,1
38,10,20,0,1
38,10,21,0,1
38,10,22,0,1
38,10,23,0,1
38,10,24,0,1
38,10,25,0,1
38,10,26,0,1
38,10,27,0,1
38,10,28,0,1
38,10,29,9,1
38,10,30,1,1
38,10,31,0,1
38,10,32,0,1
38,10,33,0,1
38,10,34,0,1
38,10,35,0,1
38,10,36,0,1
38,10,37,0,1
38,10,38,0,1
38,10,39,0,1
38,10,40,0,1
38,10,41,0,1
38,10,42,0,1
38,10,43,0,1
38,10,44,0,1
38,10,45,0,1
38,10,46,0,1
38,10,47,0,1
38,10,48,0,1
38,10,49,0,1
38,10,50,0,1
38,10,51,0,1
38,10,52,0,1
38,10,53,0,1
38,10,54,0,1
38,10,55,0,1
38,10,56,0,1
38,10,57,0,1
38,10,58,0,1
38,10,59,0,1
38,10,60,0,1
38,10,61,0,1
38,10,62,0,1
38,10,63,0,1
38,11,0,0,1.09091
38,11,1,0,1.09091
38,11,2,0,1.09091
38,11,3,0,1.09091
38,11,4,0,1.09091
38,11,5,0,1.09091
38,11,6,0,1.09091
38,11,7,0,1.09091
38,11,8,0,1.09091
38,11,9,0,1.09091
38,11,10,0,1.09091
38,11,11,0,1.09091
38,11,12,0,1.09091
38,11,13,0,1.09091
38,11,14,0,1.09091
38,11,15,0,1.09091
38,11,16,0,1.09091
38,11,17,0,1.09091
38,11,18,0,1.09091
38,11,19,0,1.09091
38,11,20,0,1.09091
38,11,21,0,1.09091
38,11,22,0,1.09091
38,11,23,0,1.09091
38,11,24,0,1.09091
38,11,25,0,1.09091
38,11,26,0,1.09091
38,11,27,0,1.09091
38,11,28,0,1.09091
38,11,29,11,1.09091
38,11,30,1,1.09091
38,11,31,0,1.09091
38,11,32,0,1.09091
38,11,33,0,1.09091
38,11,34,0,1.09091
38,11,35,0,1.09091
38,11,36,0,1.09091
38,11,37,0,1.09091
38,11,38,0,1.09091
38,11,39,0,1.09091
38,11,40,0,1.09091
38,11,41,0,1.09091
38,11,42,0,1.09091
38,11,43,0,1.09091
38,11,44,0,1.09091
38,11,45,0,1.09091
38,11,46,0,1.09091
38,11,47,0,1.09091
38,11,48,0,1.09091
38,11,49,0,1.09091
38,11,50,0,1.09091
38,11,51,0,1.09091
38,11,52,0,1.09091
38,11,53,0,1.09091
38,11,54,0,1.09091
38,11,55,0,1.09091
38,11,56,0,1.09091
38,11,57,0,1.09091
38,11,58,0,1.09091
38,11,59,0,1.09091
38,11,60,0,1.09091
38,11,61,0,1.09091
38,11,62,0,1.09091
38,11,63,0,1.09091
38,12,0,0,1.08333
38,12,1,0,1.08333
38,12,2,0,1.08333
38,12,3,0,1.08333
38,12,4,0,1.08333
38,12,5,0,1.08333
38,12,6,0,1.08333
38,12,7,0,1.08333
38,12,8,0,1.08333
38,12,9,0,1.08333
38,12,10,0,1.08333
38,12,11,0,1.08333
38,12,12,0,1.08333
38,12,13,0,1.08333
38,12,14,0,1.08333
38,12,15,0,1.08333
38,12,16,0,1.08333
38,12,17,0,1.08333
38,12,18,0,1.08333
38,12,19,0,1.08333
38,12,20,0,1.08333
38,12,21,0,1.08333
38,12,22,0,1.08333
38,12,23,0,1.08333
38,12,24,0,1.08333
38,12,25,0,1.08333
38,12,26,0,1.08333
38,12,27,0,1.08333
38,12,28,0,1.08333
38,12,29,12,1.08333
38,12,30,1,1.08333
38,12,31,0,1.08333
38,12,32,0,1.08333
38,12,33,0,1.08333
38,12,34,0,1.08333
38,12,35,0,1.08333
38,12,36,0,1.08333
38,12,37,0,1.08333
38,12,38,0,1.08333
38,12,39,0,1.08333
38,12,40,0,1.08333
38,12,41,0,1.08333
38,12,42,0,1.08333
38,12,43,0,1.08333
38,12,44,0,1.08333
38,12,45,0,1.08333
38,12,46,0,1.08333
38,12,47,0,1.08333
38,12,48,0,1.08333
38,12,49,0,1.08333
38,12,50,0,1.08333
38,12,51,0,1.08333
38,12,52,0,1.08333
38,12,53,0,1.08333
38,12,54,0,1.08333
38,12,55,0,1.08333
38,12,56,0,1.08333
38,12,57,0,1.08333
38,12,58,0,1.08333
38,12,59,0,1.08333
38,12,60,0,1.08333
38,12,61,0,1.08333
38,12,62,0,1.08333
38,12,63,0,1.08333
38,13,0,0,1.07692
38,13,1,0,1.07692
38,13,2,0,1.07692
38,13,3,0,1.07692
38,13,4,0,1.07692
38,13,5,0,1.07692
38,13,6,0,1.07692
38,13,7,0,1.07692
38,13,8,0,1.07692
38,13,9,0,1.07692
38,13,10,0,1.07692
38,13,11,0,1.07692
38,13,12,0,1.07692
38,13,13,0,1.07692
38,13,14,0,1.07692
38,13,15,0,1.07692
38,13,16,0,1.07692
38,13,17,0,1.07692
38,13,18,0,1.07692
38,13,19,0,1.07692
38,13,20,0,1.07692
38,13,21,0,1.07692
38,13,22,0,1.07692
38,13,23,0,1.07692
38,13,24,0,1.07692
38,13,25,0,1.07692
38,13,26,0,1.07692
38,13,27,0,1.07692
38,13,28,0,1.07692
38,13,29,13,1.07692
38,13,30,1,1.07692
38,13,31,0,1.07692
38,13,32,0,1.07692
38,13,33,0,1.07692
38,13,34,0,1.07692
38,13,35,0,1.07692
38,13,36,0,1.07692
38,13,37,0,1.07692
38,13,38,0,1.07692
38,13,39,0,1.07692
38,13,40,0,1.07692
38,13,41,0,1.07692
38,13,42,0,1.07692
38,13,43,0,1.07692
38,13,44,0,1.07692
38,13,45,0,1.07692
38,13,46,0,1.07692
38,13,47,0,1.07692
38,13,48,0,1.07692
38,13,49,0,1.07692
38,13,50,0,1.07692
38,13,51,0,1.07692
38,13,52,0,1.07692
38,13,53,0,1.07692
38,13,54,0,1.07692
38,13,55,0,1.07692
38,13,56,0,1.07692
38,13,57,0,1.07692
38,13,58,0,1.07692
38,13,59,0,1.07692
38,13,60,0,1.07692
38,13,61,0,1.07692
38,13,62,0,1.07692
38,13,63,0,1.07692
38,14,0,0,1.07143
38,14,1,0,1.07143
38,14,2,0,1.07143
38,14,3,0,1.07143
38,14,4,0,1.07143
38,14,5,0,1.07143
38,14,6,0,1.07143
38,14,7,0,1.07143
38,14,8,0,1.07143
38,14,9,0,1.07143
38,14,10,0,1.07143
38,14,11,0,1.07143
38,14,12,0,1.07143
38,14,13,0,1.07143
38,14,14,0,1.07143
38,14,15,0,1.07143
38,14,16,0,1.07143
38,14,17,0,1.07143
38,14,18,0,1.07143
38,14,19,0,1.07143
38,14,20,0,1.07143
38,14,21,0,1.07143
38,14,22,0,1.07143
38,14,23,0,1.07143
38,14,24,0,1.07143
38,14,25,0,1.07143
38,14,26,0,1.07143
38,14,27,0,1.07143
38,14,28,0,1.07143
38,14,29,14,1.07143
38,14,30,1,1.07143
38,14,31,0,1.07143
38,14,32,0,1.07143
38,14,33,0,1.07143
38,14,34,0,1.07143
38,14,35,0,1.07143
38,14,36,0,1.07143
38,14,37,0,1.07143
38,14,38,0,1.07143
38,14,39,0,1.07143
38,14,40,0,1.07143
38,14,41,0,1.07143
38,14,42,0,1.07143
38,14,43,0,1.07143
38,14,44,0,1.07143
38,14,45,0,1.07143
38,14,46,0,1.07143
38,14,47,0,1.07143
38,14,48,0,1.07143
38,14,49,0,1.07143
38,14,50,0,1.07143
38,14,51,0,1.07143
38,14,52,0,1.07143
38,14,53,0,1.07143
38,14,54,0,1.07143
38,14,55,0,1.07143
38,14,56,0,1.07143
38,14,57,0,1.07143
38,14,58,0,1.07143
38,14,59,0,1.07143
38,14,60,0,1.07143
38,14,61,0,1.07143
38,14,62,0,1.07143
38,14,63,0,1.07143
38,15,0,0,1.06667
38,15,1,0,1.06667
38,15,2,0,1.06667
38,15,3,0,1.06667
38,15,4,0,1.06667
38,15,5,0,1.06667
38,15,6,0,1.06667
38,15,7,0,1.06667
38,15,8,0,1.06667
38,15,9,0,1.06667
38,15,10,0,1.06667
38,15,11,0,1.06667
38,15,12,0,1.06667
38,15,13,0,1.06667
38,15,14,0,1.06667
38,15,15,0,1.06667
38,15,16,0,1.06667
38,15,17,0,1.06667
38,15,18,0,1.06667
38,15,19,0,1.06667
38,15,20,0,1.06667
38,15,21,0,1.06667
38,15,22,0,1.06667
38,15,23,0,1.06667
38,15,24,0,1.06667
38,15,25,0,1.06667
38,15,26,0,1.06667
38,15,27,0,1.06667
38,15,28,0,1.06667
38,15,29,15,1.06667
38,15,30,1,1.06667
38,15,31,0,1.06667
38,15,32,0,1.06667
38,15,33,0,1.06667
38,15,34,0,1.06667
38,15,35,0,1.06667
38,15,36,0,1.06667
38,15,37,0,1.06667
38,15,38,0,1.06667
38,15,39,0,1.06667
38,15,40,0,1.06667
38,15,41,0,1.06667
38,15,42,0,1.06667
38,15,43,0,1.06667
38,15,44,0,1.06667
38,15,45,0,1.06667
38,15,46,0,1.06667
38,15,47,0,1.06667
38,15,48,0,1.06667
38,15,49,0,1.06667
38,15,50,0,1.06667
38,15,51,0,1.06667
38,15,52,0,1.06667
38,15,53,0,1.06667
38,15,54,0,1.06667
38,15,55,0,1.06667
38,15,56,0,1.06667
38,15,57,0,1.06667
38,15,58,0,1.06667
38,15,59,0,1.06667
38,15,60,0,1.06667
38,15,61,0,1.06667
38,15,62,0,1.06667
38,15,63,0,1.06667
38,16,0,0,1.0625
38,16,1,0,1.0625
38,16,2,0,1.0625
38,16,3,0,1.0625
38,16,4,0,1.0625
38,16,5,0,1.0625
38,16,6,0,1.0625
38,16,7,0,1.0625
38,16,8,0,1.0625
38,16,9,0,1.0625
38,16,10,0,1.0625
38,16,11,0,1.0625
38,16,12,0,1.0625
38,16,13,0,1.0625
38,16,14,0,1.0625
38,16,15,0,1.0625
38,16,16,0,1.0625
38,16,17,0,1.0625
38,16,18,0,1.0625
38,16,19,0,1.0625
38,16,20,0,1.0625
38,16,21,0,1.0625
38,16,22,0,1.0625
38,16,23,0,1.0625
38,16,24,0,1.0625
38,16,25,0,1.0625
38,16,26,0,1.0625
38,16,27,0,1.0625
38,16,28,0,1.0625
38,16,29,16,1.0625
38,16,30,1,1.0625
38,16,31,0,1.0625
38,16,32,0,1.0625
38,16,33,0,1.0625
38,16,34,0,1.0625
38,16,35,0,1.0625
38,16,36,0,1.0625
38,16,37,0,1.0625
38,16,38,0,1.0625
38,16,39,0,1.0625
38,16,40,0,1.0625
38,16,41,0,1.0625
38,16,42,0,1.0625
38,16,43,0,1.0625
38,16,44,0,1.0625
38,16,45,0,1.0625
38,16,46,0,1.0625
38,16,47,0,1.0625
38,16,48,0,1.0625
38,16,49,0,1.0625
38,16,50,0,1.0625
38,16,51,0,1.0625
38,16,52,0,1.0625
38,16,53,0,1.0625
38,16,54,0,1.0625
38,16,55,0,1.0625
38,16,56,0,1.0625
38,16,57,0,1.0625
38,16,58,0,1.0625
38,16,59,0,1.0625
38,16,60,0,1.0625
38,16,61,0,1.0625
38,16,62,0,1.0625
38,16,63,0,1.0625
38,17,0,0,1.05882
38,17,1,0,1.05882
38,17,2,0,1.05882
38,17,3,0,1.05882
38,17,4,0,1.05882
38,17,5,0,1.05882
38,17,6,0,1.05882
38,17,7,0,1.05882
38,17,8,0,1.05882
38,17,9,0,1.05882
38,17,10,0,1.05882
38,17,11,0,1.05882
38,17,12,0,1.05882
38,17,13,0,1.05882
38,17,14,0,1.05882
38,17,15,0,1.05882
38,17,16,0,1.05882
38,17,17,0,1.05882
38,17,18,0,1.05882
38,17,19,0,1.05882
38,17,20,0,1.05882
38,17,21,0,1.05882
38,17,22,0,1.05882
38,17,23,0,1.05882
38,17,24,0,1.05882
38,17,25,0,1.05882
38,17,26,0,1.05882
38,17,27,0,1.05882
38,17,28,0,1.05882
38,17,29,17,1.05882
38,17,30,1,1.05882
38,17,31,0,1.05882
38,17,32,0,1.05882
38,17,33,0,1.05882
38,17,34,0,1.05882
38,17,35,0,1.05882
38,17,36,0,1.05882
38,17,37,0,1.05882
38,17,38,0,1.05882
38,17,39,0,1.05882
38,17,40,0,1.05882
38,17,41,0,1.05882
38,17,42,0,1.05882
38,17,43,0,1.05882
38,17,44,0,1.05882
38,17,45,0,1.05882
38,17,46,0,1.05882
38,17,47,0,1.05882
38,17,48,0,1.05882
38,17,49,0,1.05882
38,17,50,0,1.05882
38,17,51,0,1.05882
38,17,52,0,1.05882
38,17,53,0,1.05882
38,17,54,0,1.05882
38,17,55,0,1.05882
38,17,56,0,1.05882
38,17,57,0,1.05882
38,17,58,0,1.05882
38,17,59,0,1.05882
38,17,60,0,1.05882
38,17,61,0,1.05882
38,17,62,0,1.05882
38,17,63,0,1.05882
38,18,0,0,1.05556
38,18,1,0,1.05556
38,18,2,0,1.05556
38,18,3,0,1.05556
38,18,4,0,1.05556
38,18,5,0,1.05556
38,18,6,0,1.05556
38,18,7,0,1.05556
38,18,8,0,1.05556
38,18,9,0,1.05556
38,18,10,0,1.05556
38,18,11,0,1.05556
38,18,12,0,1.05556
38,18,13,0,1.05556
38,18,14,0,1.05556
38,18,15,0,1.05556
38,18,16,0,1.05556
38,18,17,0,1.05556
38,18,18,0,1.05556
38,18,19,0,1.05556
38,18,20,0,1.05556
38,18,21,0,1.05556
38,18,22,0,1.05556
38,18,23,0,1.05556
38,18,24,0,1.05556
38,18,25,0,1.05556
38,18,26,0,1.05556
38,18,27,0,1.05556
38,18,28,0,1.05556
38,18,29,18,1.05556
38,18,30,1,1.05556
38,18,31,0,1.05556
38,18,32,0,1.05556
38,18,33,0,1.05556
38,18,34,0,1.05556
38,18,35,0,1.05556
38,18,36,0,1.05556
38,18,37,0,1.05556
38,18,38,0,1.05556
38,18,39,0,1.05556
38,18,40,0,1.05556
38,18,41,0,1.05556
38,18,42,0,1.05556
38,18,43,0,1.05556
38,18,44,0,1.05556
38,18,45,0,1.05556
38,18,46,0,1.05556
38,18,47,0,1.05556
38,18,48,0,1.05556
38,18,49,0,1.05556
38,18,50,0,1.05556
38,18,51,0,1.05556
38,18,52,0,1.05556
38,18,53,0,1.05556
38,18,54,0,1.05556
38,18,55,0,1.05556
38,18,56,0,1.05556
38,18,57,0,1.05556
38,18,58,0,1.05556
38,18,59,0,1.05556
38,18,60,0,1.05556
38,18,61,0,1.05556
38,18,62,0,1.05556
38,18,63,0,1.05556
38,19,0,0,1.10526
38,19,1,0,1.10526
38,19,2,0,1.10526
38,19,3,0,1.10526
38,19,4,0,1.10526
38,19,5,0,1.10526
38,19,6,0,1.10526
38,19,7,0,1.10526
38,19,8,0,1.10526
38,19,9,0,1.10526
38,19,10,0,1.10526
38,19,11,0,1.10526
38,19,12,0,1.10526
38,19,13,0,1.10526
38,19,14,0,1.10526
38,19,15,0,1.10526
38,19,16,0,1.10526
38,19,17,0,1.10526
38,19,18,0,1.10526
38,19,19,0,1.10526
38,19,20,0,1.10526
38,19,21,0,1.10526
38,19,22,0,1.10526
38,19,23,0,1.10526
38,19,24,0,1.10526
38,19,25,0,1.10526
38,19,26,0,1.10526
38,19,27,0,1.10526
38,19,28,0,1.10526
38,19,29,18,1.10526
38,19,30,3,1.10526
38,19,31,0,1.10526
38,19,32,0,1.10526
38,19,33,0,1.10526
38,19,34,0,1.10526
38,19,35,0,1.10526
38,19,36,0,1.10526
38,19,37,0,1.10526
38,19,38,0,1.10526
38,19,39,0,1.10526
38,19,40,0,1.10526
38,19,41,0,1.10526
38,19,42,0,1.10526
38,19,43,0,1.10526
38,19,44,0,1.10526
38,19,45,0,1.10526
38,19,46,0,1.10526
38,19,47,0,1.10526
38,19,48,0,1.10526
38,19,49,0,1.10526
38,19,50,0,1.10526
38,19,51,0,1.10526
38,19,52,0,1.10526
38,19,53,0,1.10526
38,19,54,0,1.10526
38,19,55,0,1.10526
38,19,56,0,1.10526
38,19,57,0,1.10526
38,19,58,0,1.10526
38,19,59,0,1.10526
38,19,60,0,1.10526
38,19,61,0,1.10526
38,19,62,0,1.10526
38,19,63,0,1.10526
38,20,0,0,1.1
38,20,1,0,1.1
38,20,2,0,1.1
38,20,3,0,1.1
38,20,4,0,1.1
38,20,5,0,1.1
38,20,6,0,1.1
38,20,7,0,1.1
38,20,8,0,1.1
38,20,9,0,1.1
38,20,10,0,1.1
38,20,11,0,1.1
38,20,12,0,1.1
38,20,13,0,1.1
38,20,14,0,1.1
38,20,15,0,1.1
38,20,16,0,1.1
38,20,17,0,1.1
38,20,18,0,1.1
38,20,19,0,1.1
38,20,20,0,1.1
38,20,21,0,1.1
38,20,22,0,1.1
38,20,23,0,1.1
38,20,24,0,1.1
38,20,25,0,1.1
38,20,26,0,1.1
38,20,27,0,1.1
38,20,28,0,1.1
38,20,29,19,1.1
38,20,30,3,1.1
38,20,31,0,1.1
38,20,32,0,1.1
38,20,33,0,1.1
38,20,34,0,1.1
38,20,35,0,1.1
38,20,36,0,1.1
38,20,37,0,1.1
38,20,38,0,1.1
38,20,39,0,1.1
38,20,40,0,1.1
38,20,41,0,1.1
38,20,42,0,1.1
38,20,43,0,1.1
38,20,44,0,1.1
38,20,45,0,1.1
38,20,46,0,1.1
38,20,47,0,1.1
38,20,48,0,1.1
38,20,49,0,1.1
38,20,50,0,1.1
38,20,51,0,1.1
38,20,52,0,1.1
38,20,53,0,1.1
38,20,54,0,1.1
38,20,55,0,1.1
38,20,56,0,1.1
38,20,57,0,1.1
38,20,58,0,1.1
38,20,59,0,1.1
38,20,60,0,1.1
38,20,61,0,1.1
38,20,62,0,1.1
38,20,63,0,1.1
38,21,0,0,1.09524
38,21,1,0,1.09524
38,21,2,0,1.09524
38,21,3,0,1.09524
38,21,4,0,1.09524
38,21,5,0,1.09524
38,21,6,0,1.09524
38,21,7,0,1.09524
38,21,8,0,1.09524
38,21,9,0,1.09524
38,21,10,0,1.09524
38,21,11,0,1.09524
38,21,12,0,1.09524
38,21,13,0,1.09524
38,21,14,0,1.09524
38,21,15,0,1.09524
38,21,16,0,1.09524
38,21,17,0,1.09524
38,21,18,0,1.09524
38,21,19,0,1.09524
38,21,20,0,1.09524
38,21,21,0,1.09524
38,21,22,0,1.09524
38,21,23,0,1.09524
38,21,24,0,1.09524
38,21,25,0,1.09524
38,21,26,0,1.09524
38,21,27,0,1.09524
38,21,28,0,1.09524
38,21,29,20,1.09524
38,21,30,3,1.09524
38,21,31,0,1.09524
38,21,32,0,1.09524
38,21,33,0,1.09524
38,21,34,0,1.09524
38,21,35,0,1.09524
38,21,36,0,1.09524
38,21,37,0,1.09524
38,21,38,0,1.09524
38,21,39,0,1.09524
38,21,40,0,1.09524
38,21,41,0,1.09524
38,21,42,0,1.09524
38,21,43,0,1.09524
38,21,44,0,1.09524
38,21,45,0,1.09524
38,21,46,0,1.09524
38,21,47,0,1.09524
38,21,48,0,1.09524
38,21,49,0,1.09524
38,21,50,0,1.09524
38,21,51,0,1.09524
38,21,52,0,1.09524
38,21,53,0,1.09524
38,21,54,0,1.09524
38,21,55,0,1.09524
38,21,56,0,1.09524
38,21,57,0,1.09524
38,21,58,0,1.09524
38,21,59,0,1.09524
38,21,60,0,1.09524
38,21,61,0,1.09524
38,21,62,0,1.09524
38,21,63,0,1.09524
38,22,0,0,1.09091
38,22,1,0,1.09091
38,22,2,0,1.09091
38,22,3,0,1.09091
38,22,4,0,1.09091
38,22,5,0,1.09091
38,22,6,0,1.09091
38,22,7,0,1.09091
38,22,8,0,1.09091
38,22,9,0,1.09091
38,22,10,0,1.09091
38,22,11,0,1.09091
38,22,12,0,1.09091
38,22,13,0,1.09091
38,22,14,0,1.09091
38,22,15,0,1.09091
38,22,16,0,1.09091
38,22,17,0,1.09091
38,22,18,0,1.09091
38,22,19,0,1.09091
38,22,20,0,1.09091
38,22,21,0,1.09091
38,22,22,0,1.09091
38,22,23,0,1.09091
38,22,24,0,1.09091
38,22,25,0,1.09091
38,22,26,0,1.09091
38,22,27,0,1.09091
38,22,28,0,1.09091
38,22,29,20,1.09091
38,22,30,4,1.09091
38,22,31,0,1.09091
38,22,32,0,1.09091
38,22,33,0,1.09091
38,22,34,0,1.09091
38,22,35,0,1.09091
38,22,36,0,1.09091
38,22,37,0,1.09091
38,22,38,0,1.09091
38,22,39,0,1.09091
38,22,40,0,1.09091
38,22,41,0,1.09091
38,22,42,0,1.09091
38,22,43,0,1.09091
38,22,44,0,1.09091
38,22,45,0,1.09091
38,22,46,0,1.09091
38,22,47,0,1.09091
38,22,48,0,1.09091
38,22,49,0,1.09091
38,22,50,0,1.09091
38,22,51,0,1.09091
38,22,52,0,1.09091
38,22,53,0,1.09091
38,22,54,0,1.09091
38,22,55,0,1.09091
38,22,56,0,1.09091
38,22,57,0,1.09091
38,22,58,0,1.09091
38,22,59,0,1.09091
38,22,60,0,1.09091
38,22,61,0,1.09091
38,22,62,0,1.09091
38,22,63,0,1.09091
38,23,0,0,1.08696
38,23,1,0,1.08696
38,23,2,0,1.08696
38,23,3,0,1.08696
38,23,4,0,1.08696
38,23,5,0,1.08696
38,23,6,0,1.08696
38,23,7,0,1.08696
38,23,8,0,1.08696
38,23,9,0,1.08696
38,23,10,0,1.08696
38,23,11,0,1.08696
38,23,12,0,1.08696
38,23,13,0,1.08696
38,23,14,0,1.08696
38,23,15,0,1.08696
38,23,16,0,1.08696
38,23,17,0,1.08696
38,23,18,0,1.08696
38,23,19,0,1.08696
38,23,20,0,1.08696
38,23,21,0,1.08696
38,23,22,0,1.08696
38,23,23,0,1.08696
38,23,24,0,1.08696
38,23,25,0,1.08696
38,23,26,0,1.08696
38,23,27,0,1.08696
38,23,28,0,1.08696
38,23,29,21,1.08696
38,23,30,4,1.08696
38,23,31,0,1.08696
38,23,32,0,1.08696
38,23,33,0,1.08696
38,23,34,0,1.08696
38,23,35,0,1.08696
38,23,36,0,1.08696
38,23,37,0,1.08696
38,23,38,0,1.08696
38,23,39,0,1.08696
38,23,40,0,1.08696
38,23,41,0,1.08696
38,23,42,0,1.08696
38,23,43,0,1.08696
38,23,44,0,1.08696
38,23,45,0,1.08696
38,23,46,0,1.08696
38,23,47,0,1.08696
38,23,48,0,1.08696
38,23,49,0,1.08696
38,23,50,0,1.08696
38,23,51,0,1.08696
38,23,52,0,1.08696
38,23,53,0,1.08696
38,23,54,0,1.08696
38,23,55,0,1.08696
38,23,56,0,1.08696
38,23,57,0,1.08696
38,23,58,0,1.08696
38,23,59,0,1.08696
38,23,60,0,1.08696
38,23,61,0,1.08696
38,23,62,0,1.08696
38,23,63,0,1.08696
38,24,0,0,1.08333
38,24,1,0,1.08333
38,24,2,0,1.08333
38,24,3,0,1.08333
38,24,4,0,1.08333
38,24,5,0,1.08333
38,24,6,0,1.08333
38,24,7,0,1.08333
38,24,8,0,1.08333
38,24,9,0,1.08333
38,24,10,0,1.08333
38,24,11,0,1.08333
38,24,12,0,1.08333
38,24,13,0,1.08333
38,24,14,0,1.08333
38,24,15,0,1.08333
38,24,16,0,1.08333
38,24,17,0,1.08333
38,24,18,0,1.08333
38,24,19,0,1.08333
38,24,20,0,1.08333
38,24,21,0,1.08333
38,24,22,0,1.08333
38,24,23,0,1.08333
38,24,24,0,1.08333
38,24,25,0,1.08333
38,24,26,0,1.08333
38,24,27,0,1.08333
38,24,28,0,1.08333
38,24,29,21,1.08333
38,24,30,5,1.08333
38,24,31,0,1.08333
38,24,32,0,1.08333
38,24,33,0,1.08333
38,24,34,0,1.08333
38,24,35,0,1.08333
38,24,36,0,1.08333
38,24,37,0,1.08333
38,24,38,0,1.08333
38,24,39,0,1.08333
38,24,40,0,1.08333
38,24,41,0,1.08333
38,24,42,0,1.08333
38,24,43,0,1.08333
38,24,44,0,1.08333
38,24,45,0,1.08333
38,24,46,0,1.08333
38,24,47,0,1.08333
38,24,48,0,1.08333
38,24,49,0,1.08333
38,24,50,0,1.08333
38,24,51,0,1.08333
38,24,52,0,1.08333
38,24,53,0,1.08333
38,24,54,0,1.08333
38,24,55,0,1.08333
38,24,56,0,1.08333
38,24,57,0,1.08333
38,24,58,0,1.08333
38,24,59,0,1.08333
38,24,60,0,1.08333
38,24,61,0,1.08333
38,24,62,0,1.08333
38,24,63,0,1.08333
38,25,0,0,1.08
38,25,1,0,1.08
38,25,2,0,1.08
38,25,3,0,1.08
38,25,4,0,1.08
38,25,5,0,1.08
38,25,6,0,1.08
38,25,7,0,1.08
38,25,8,0,1.08
38,25,9,0,1.08
38,25,10,0,1.08
38,25,11,0,1.08
38,25,12,0,1.08
38,25,13,0,1.08
38,25,14,0,1.08
38,25,15,0,1.08
38,25,16,0,1.08
38,25,17,0,1.08
38,25,18,0,1.08
38,25,19,0,1.08
38,25,20,0,1.08
38,25,21,0,1.08
38,25,22,0,1.08
38,25,23,0,1.08
38,25,24,0,1.08
38,25,25,0,1.08
38,25,26,0,1.08
38,25,27,0,1.08
38,25,28,0,1.08
38,25,29,21,1.08
38,25,30,6,1.08
38,25,31,0,1.08
38,25,32,0,1.08
38,25,33,0,1.08
38,25,34,0,1.08
38,25,35,0,1.08
38,25,36,0,1.08
38,25,37,0,1.08
38,25,38,0,1.08
38,25,39,0,1.08
38,25,40,0,1.08
38,25,41,0,1.08
38,25,42,0,1.08
38,25,43,0,1.08
38,25,44,0,1.08
38,25,45,0,1.08
38,25,46,0,1.08
38,25,47,0,1.08
38,25,48,0,1.08
38,25,49,0,1.08
38,25,50,0,1.08
38,25,51,0,1.08
38,25,52,0,1.08
38,25,53,0,1.08
38,25,54,0,1.08
38,25,55,0,1.08
38,25,56,0,1.08
38,25,57,0,1.08
38,25,58,0,1.08
38,25,59,0,1.08
38,25,60,0,1.08
38,25,61,0,1.08
38,25,62,0,1.08
38,25,63,0,1.08
38,26,0,0,1.07692
38,26,1,0,1.07692
38,26,2,0,1.07692
38,26,3,0,1.07692
38,26,4,0,1.07692
38,26,5,0,1.07692
38,26,6,0,1.07692
38,26,7,0,1.07692
38,26,8,0,1.07692
38,26,9,0,1.07692
38,26,10,0,1.07692
38,26,11,0,1.07692
38,26,12,0,1.07692
38,26,13,0,1.07692
38,26,14,0,1.07692
38,26,15,0,1.07692
38,26,16,0,1.07692
38,26,17,0,1.07692
38,26,18,0,1.07692
38,26,19,0,1.07692
38,26,20,0,1.07692
38,26,21,0,1.07692
38,26,22,0,1.07692
38,26,23,0,1.07692
38,26,24,0,1.07692
38,26,25,0,1.07692
38,26,26,0,1.07692
38,26,27,0,1.07692
38,26,28,0,1.07692
38,26,29,22,1.07692
38,26,30,6,1.07692
38,26,31,0,1.07692
38,26,32,0,1.07692
38,26,33,0,1.07692
38,26,34,0,1.07692
38,26,35,0,1.07692
38,26,36,0,1.07692
38,26,37,0,1.07692
38,26,38,0,1.07692
38,26,39,0,1.07692
38,26,40,0,1.07692
38,26,41,0,1.07692
38,26,42,0,1.07692
38,26,43,0,1.07692
38,26,44,0,1.07692
38,26,45,0,1.07692
38,26,46,0,1.07692
38,26,47,0,1.07692
38,26,48,0,1.07692
38,26,49,0,1.07692
38,26,50,0,1.07692
38,26,51,0,1.07692
38,26,52,0,1.07692
38,26,53,0,1.07692
38,26,54,0,1.07692
38,26,55,0,1.07692
38,26,56,0,1.07692
38,26,57,0,1.07692
38,26,58,0,1.07692
38,26,59,0,1.07692
38,26,60,0,1.07692
38,26,61,0,1.07692
38,26,62,0,1.07692
38,26,63,0,1.07692
38,27,0,0,1.07407
38,27,1,0,1.07407
38,27,2,0,1.07407
38,27,3,0,1.07407
38,27,4,0,1.07407
38,27,5,0,1.07407
38,27,6,0,1.07407
38,27,7,0,1.07407
38,27,8,0,1.07407
38,27,9,0,1.07407
38,27,10,0,1.07407
38,27,11,0,1.07407
38,27,12,0,1.07407
38,27,13,0,1.07407
38,27,14,0,1.07407
38,27,15,0,1.07407
38,27,16,0,1.07407
38,27,17,0,1.07407
38,27,18,0,1.07407
38,27,19,0,1.07407
38,27,20,0,1.07407
38,27,21,0,1.07407
38,27,22,0,1.07407
38,27,23,0,1.07407
38,27,24,0,1.07407
38,27,25,0,1.07407
38,27,26,0,1.07407
38,27,27,0,1.07407
38,27,28,0,1.07407
38,27,29,23,1.07407
38,27,30,6,1.07407
38,27,31,0,1.07407
38,27,32,0,1.07407
38,27,33,0,1.07407
38,27,34,0,1.07407
38,27,35,0,1.07407
38,27,36,0,1.07407
38,27,37,0,1.07407
38,27,38,0,1.07407
38,27,39,0,1.07407
38,27,40,0,1.07407
38,27,41,0,1.07407
38,27,42,0,1.07407
38,27,43,0,1.07407
38,27,44,0,1.07407
38,27,45,0,1.07407
38,27,46,0,1.07407
38,27,47,0,1.07407
38,27,48,0,1.07407
38,27,49,0,1.07407
38,27,50,0,1.07407
38,27,51,0,1.07407
38,27,52,0,1.07407
38,27,53,0,1.07407
38,27,54,0,1.07407
38,27,55,0,1.07407
38,27,56,0,1.07407
38,27,57,0,1.07407
38,27,58,0,1.07407
38,27,59,0,1.07407
38,27,60,0,1.07407
38,27,61,0,1.07407
38,27,62,0,1.07407
38,27,63,0,1.07407
38,28,0,0,1.07143
38,28,1,0,1.07143
38,28,2,0,1.07143
38,28,3,0,1.07143
38,28,4,0,1.07143
38,28,5,0,1.07143
38,28,6,0,1.07143
38,28,7,0,1.07143
38,28,8,0,1.07143
38,28,9,0,1.07143
38,28,10,0,1.07143
38,28,11,0,1.07143
38,28,12,0,1.07143
38,28,13,0,1.07143
38,28,14,0,1.07143
38,28,15,0,1.07143
38,28,16,0,1.07143
38,28,17,0,1.07143
38,28,18,0,1.07143
38,28,19,0,1.07143
38,28,20,0,1.07143
38,28,21,0,1.07143
38,28,22,0,1.07143
38,28,23,0,1.07143
38,28,24,0,1.07143
38,28,25,0,1.07143
38,28,26,0,1.07143
38,28,27,0,1.07143
38,28,28,0,1.07143
38,28,29,24,1.07143
38,28,30,6,1.07143
38,28,31,0,1.07143
38,28,32,0,1.07143
38,28,33,0,1.07143
38,28,34,0,1.07143
38,28,35,0,1.07143
38,28,36,0,1.07143
38,28,37,0,1.07143
38,28,38,0,1.07143
38,28,39,0,1.07143
38,28,40,0,1.07143
38,28,41,0,1.07143
38,28,42,0,1.07143
38,28,43,0,1.07143
38,28,44,0,1.07143
38,28,45,0,1.07143
38,28,46,0,1.07143
38,28,47,0,1.07143
38,28,48,0,1.07143
38,28,49,0,1.07143
38,28,50,0,1.07143
38,28,51,0,1.07143
38,28,52,0,1.07143
38,28,53,0,1.07143
38,28,54,0,1.07143
38,28,55,0,1.07143
38,28,56,0,1.07143
38,28,57,0,1.07143
38,28,58,0,1.07143
38,28,59,0,1.07143
38,28,60,0,1.07143
38,28,61,0,1.07143
38,28,62,0,1.07143
38,28,63,0,1.07143
38,29,0,0,1.06897
38,29,1,0,1.06897
38,29,2,0,1.06897
38,29,3,0,1.06897
38,29,4,0,1.06897
38,29,5,0,1.06897
38,29,6,0,1.06897
38,29,7,0,1.06897
38,29,8,0,1.06897
38,29,9,0,1.06897
38,29,10,0,1.06897
38,29,11,0,1.06897
38,29,12,0,1.06897
38,29,13,0,1.06897
38,29,14,0,1.06897
38,29,15,0,1.06897
38,29,16,0,1.06897
38,29,17,0,1.06897
38,29,18,0,1.06897
38,29,19,0,1.06897
38,29,20,0,1.06897
38,29,21,0,1.06897
38,29,22,0,1.06897
38,29,23,0,1.06897
38,29,24,0,1.06897
38,29,25,0,1.06897
38,29,26,0,1.06897
38,29,27,0,1.06897
38,29,28,0,1.06897
38,29,29,25,1.06897
38,29,30,6,1.06897
38,29,31,0,1.06897
38,29,32,0,1.06897
38,29,33,0,1.06897
38,29,34,0,1.06897
38,29,35,0,1.06897
38,29,36,0,1.06897
38,29,37,0,1.06897
38,29,38,0,1.06897
38,29,39,0,1.06897
38,29,40,0,1.06897
38,29,41,0,1.06897
38,29,42,0,1.06897
38,29,43,0,1.06897
38,29,44,0,1.06897
38,29,45,0,1.06897
38,29,46,0,1.06897
38,29,47,0,1.06897
38,29,48,0,1.06897
38,29,49,0,1.06897
38,29,50,0,1.06897
38,29,51,0,1.06897
38,29,52,0,1.06897
38,29,53,0,1.06897
38,29,54,0,1.06897
38,29,55,0,1.06897
38,29,56,0,1.06897
38,29,57,0,1.06897
38,29,58,0,1.06897
38,29,59,0,1.06897
38,29,60,0,1.06897
38,29,61,0,1.06897
38,29,62,0,1.06897
38,29,63,0,1.06897
38,30,0,0,1.06667
38,30,1,0,1.06667
38,30,2,0,1.06667
38,30,3,0,1.06667
38,30,4,0,1.06667
38,30,5,0,1.06667
38,30,6,0,1.06667
38,30,7,0,1.06667
38,30,8,0,1.06667
38,30,9,0,1.06667
38,30,10,0,1.06667
38,30,11,0,1.06667
38,30,12,0,1.06667
38,30,13,0,1.06667
38,30,14,0,1.06667
38,30,15,0,1.06667
38,30,16,0,1.06667
38,30,17,0,1.06667
38,30,18,0,1.06667
38,30,19,0,1.06667
38,30,20,0,1.06667
38,30,21,0,1.06667
38,30,22,0,1.06667
38,30,23,0,1.06667
38,30,24,0,1.06667
38,30,25,0,1.06667
38,30,26,0,1.06667
38,30,27,0,1.06667
38,30,28,0,1.06667
38,30,29,26,1.06667
38,30,30,6,1.06667
38,30,31,0,1.06667
38,30,32,0,1.06667
38,30,33,0,1.06667
38,30,34,0,1.06667
38,30,35,0,1.06667
38,30,36,0,1.06667
38,30,37,0,1.06667
38,30,38,0,1.06667
38,30,39,0,1.06667
38,30,40,0,1.06667
38,30,41,0,1.06667
38,30,42,0,1.06667
38,30,43,0,1.06667
38,30,44,0,1.06667
38,30,45,0,1.06667
38,30,46,0,1.06667
38,30,47,0,1.06667
38,30,48,0,1.06667
38,30,49,0,1.06667
38,30,50,0,1.06667
38,30,51,0,1.06667
38,30,52,0,1.06667
38,30,53,0,1.06667
38,30,54,0,1.06667
38,30,55,0,1.06667
38,30,56,0,1.06667
38,30,57,0,1.06667
38,30,58,0,1.06667
38,30,59,0,1.06667
38,30,60,0,1.06667
38,30,61,0,1.06667
38,30,62,0,1.06667
38,30,63,0,1.06667
38,31,0,0,1.06452
38,31,1,0,1.06452
38,31,2,0,1.06452
38,31,3,0,1.06452
38,31,4,0,1.06452
38,31,5,0,1.06452
38,31,6,0,1.06452
38,31,7,0,1.06452
38,31,8,0,1.06452
38,31,9,0,1.06452
38,31,10,0,1.06452
38,31,11,0,1.06452
38,31,12,0,1.06452
38,31,13,0,1.06452
38,31,14,0,1.06452
38,31,15,0,1.06452
38,31,16,0,1.06452
38,31,17,0,1.06452
38,31,18,0,1.06452
38,31,19,0,1.06452
38,31,20,0,1.06452
38,31,21,0,1.06452
38,31,22,0,1.06452
38,31,23,0,1.06452
38,31,24,0,1.06452
38,31,25,0,1.06452
38,31,26,0,1.06452
38,31,27,0,1.06452
38,31,28,0,1.06452
38,31,29,27,1.06452
38,31,30,6,1.06452
38,31,31,0,1.06452
38,31,32,0,1.06452
38,31,33,0,1.06452
38,31,34,0,1.06452
38,31,35,0,1.06452
38,31,36,0,1.06452
38,31,37,0,1.06452
38,31,38,0,1.06452
38,31,39,0,1.06452
38,31,40,0,1.06452
38,31,41,0,1.06452
38,31,42,0,1.06452
38,31,43,0,1.06452
38,31,44,0,1.06452
38,31,45,0,1.06452
38,31,46,0,1.06452
38,31,47,0,1.06452
38,31,48,0,1.06452
38,31,49,0,1.06452
38,31,50,0,1.06452
38,31,51,0,1.06452
38,31,52,0,1.06452
38,31,53,0,1.06452
38,31,54,0,1.06452
38,31,55,0,1.06452
38,31,56,0,1.06452
38,31,57,0,1.06452
38,31,58,0,1.06452
38,31,59,0,1.06452
38,31,60,0,1.06452
38,31,61,0,1.06452
38,31,62,0,1.06452
38,31,63,0,1.06452
38,32,0,0,1.0625
38,32,1,0,1.0625
38,32,2,0,1.0625
38,32,3,0,1.0625
38,32,4,0,1.0625
38,32,5,0,1.0625
38,32,6,0,1.0625
38,32,7,0,1.0625
38,32,8,0,1.0625
38,32,9,0,1.0625
38,32,10,0,1.0625
38,32,11,0,1.0625
38,32,12,0,1.0625
38,32,13,0,1.0625
38,32,14,0,1.0625
38,32,15,0,1.0625
38,32,16,0,1.0625
38,32,17,0,1.0625
38,32,18,0,1.0625
38,32,19,0,1.0625
38,32,20,0,1.0625
38,32,21,0,1.0625
38,32,22,0,1.0625
38,32,23,0,1.0625
38,32,24,0,1.0625
38,32,25,0,1.0625
38,32,26,0,1.0625
38,32,27,0,1.0625
38,32,28,0,1.0625
38,32,29,28,1.0625
38,32,30,6,1.0625
38,32,31,0,1.0625
38,32,32,0,1.0625
38,32,33,0,1.0625
38,32,34,0,1.0625
38,32,35,0,1.0625
38,32,36,0,1.0625
38,32,37,0,1.0625
38,32,38,0,1.0625
38,32,39,0,1.0625
38,32,40,0,1.0625
38,32,41,0,1.0625
38,32,42,0,1.0625
38,32,43,0,1.0625
38,32,44,0,1.0625
38,32,45,0,1.0625
38,32,46,0,1.0625
38,32,47,0,1.0625
38,32,48,0,1.0625
38,32,49,0,1.0625
38,32,50,0,1.0625
38,32,51,0,1.0625
38,32,52,0,1.0625
38,32,53,0,1.0625
38,32,54,0,1.0625
38,32,55,0,1.0625
38,32,56,0,1.0625
38,32,57,0,1.0625
38,32,58,0,1.0625
38,32,59,0,1.0625
38,32,60,0,1.0625
38,32,61,0,1.0625
38,32,62,0,1.0625
38,32,63,0,1.0625
38,33,0,0,1.06061
38,33,1,0,1.06061
38,33,2,0,1.06061
38,33,3,0,1.06061
38,33,4,0,1.06061
38,33,5,0,1.06061
38,33,6,0,1.06061
38,33,7,0,1.06061
38,33,8,0,1.06061
38,33,9,0,1.06061
38,33,10,0,1.06061
38,33,11,0,1.06061
38,33,12,0,1.06061
38,33,13,0,1.06061
38,33,14,0,1.06061
38,33,15,0,1.06061
38,33,16,0,1.06061
38,33,17,0,1.06061
38,33,18,0,1.06061
38,33,19,0,1.06061
38,33,20,0,1.06061
38,33,21,0,1.06061
38,33,22,0,1.06061
38,33,23,0,1.06061
38,33,24,0,1.06061
38,33,25,0,1.06061
38,33,26,0,1.06061
38,33,27,0,1.06061
38,33,28,0,1.06061
38,33,29,28,1.06061
38,33,30,7,1.06061
38,33,31,0,1.06061
38,33,32,0,1.06061
38,33,33,0,1.06061
38,33,34,0,1.06061
38,33,35,0,1.06061
38,33,36,0,1.06061
38,33,37,0,1.06061
38,33,38,0,1.06061
38,33,39,0,1.06061
38,33,40,0,1.06061
38,33,41,0,1.06061
38,33,42,0,1.06061
38,33,43,0,1.06061
38,33,44,0,1.06061
38,33,45,0,1.06061
38,33,46,0,1.06061
38,33,47,0,1.06061
38,33,48,0,1.06061
38,33,49,0,1.06061
38,33,50,0,1.06061
38,33,51,0,1.06061
38,33,52,0,1.06061
38,33,53,0,1.06061
38,33,54,0,1.06061
38,33,55,0,1.06061
38,33,56,0,1.06061
38,33,57,0,1.06061
38,33,58,0,1.06061
38,33,59,0,1.06061
38,33,60,0,1.06061
38,33,61,0,1.06061
38,33,62,0,1.06061
38,33,63,0,1.06061
38,34,0,0,1.05882
38,34,1,0,1.05882
38,34,2,0,1.05882
38,34,3,0,1.05882
38,34,4,0,1.05882
38,34,5,0,1.05882
38,34,6,0,1.05882
38,34,7,0,1.05882
38,34,8,0,1.05882
38,34,9,0,1.05882
38,34,10,0,1.05882
38,34,11,0,1.05882
38,34,12,0,1.05882
38,34,13,0,1.05882
38,34,14,0,1.05882
38,34,15,0,1.05882
38,34,16,0,1.05882
38,34,17,0,1.05882
38,34,18,0,1.05882
38,34,19,0,1.05882
38,34,20,0,1.05882
38,34,21,0,1.05882
38,34,22,0,1.05882
38,34,23,0,1.05882
38,34,24,0,1.05882
38,34,25,0,1.05882
38,34,26,0,1.05882
38,34,27,0,1.05882
38,34,28,0,1.05882
38,34,29,29,1.05882
38,34,30,7,1.05882
38,34,31,0,1.05882
38,34,32,0,1.05882
38,34,33,0,1.05882
38,34,34,0,1.05882
38,34,35,0,1.05882
38,34,36,0,1.05882
38,34,37,0,1.05882
38,34,38,0,1.05882
38,34,39,0,1.05882
38,34,40,0,1.05882
38,34,41,0,1.05882
38,34,42,0,1.05882
38,34,43,0,1.05882
38,34,44,0,1.05882
38,34,45,0,1.05882
38,34,46,0,1.05882
38,34,47,0,1.05882
38,34,48,0,1.05882
38,34,49,0,1.05882
38,34,50,0,1.05882
38,34,51,0,1.05882
38,34,52,0,1.05882
38,34,53,0,1.05882
38,34,54,0,1.05882
38,34,55,0,1.05882
38,34,56,0,1.05882
38,34,57,0,1.05882
38,34,58,0,1.05882
38,34,59,0,1.05882
38,34,60,0,1.05882
38,34,61,0,1.05882
38,34,62,0,1.05882
38,34,63,0,1.05882
38,35,0,0,1.05714
38,35,1,0,1.05714
38,35,2,0,1.05714
38,35,3,0,1.05714
38,35,4,0,1.05714
38,35,5,0,1.05714
38,35,6,0,1.05714
38,35,7,0,1.05714
38,35,8,0,1.05714
38,35,9,0,1.05714
38,35,10,0,1.05714
38,35,11,0,1.05714
38,35,12,0,1.05714
38,35,13,0,1.05714
38,35,14,0,1.05714
38,35,15,0,1.05714
38,35,16,0,1.05714
38,35,17,0,1.05714
38,35,18,0,1.05714
38,35,19,0,1.05714
38,35,20,0,1.05714
38,35,21,0,1.05714
38,35,22,0,1.05714
38,35,23,0,1.05714
38,35,24,0,1.05714
38,35,25,0,1.05714
38,35,26,0,1.05714
38,35,27,0,1.05714
38,35,28,0,1.05714
38,35,29,30,1.05714
38,35,30,7,1.05714
38,35,31,0,1.05714
38,35,32,0,1.05714
38,35,33,0,1.05714
38,35,34,0,1.05714
38,35,35,0,1.05714
38,35,36,0,1.05714
38,35,37,0,1.05714
38,35,38,0,1.05714
38,35,39,0,1.05714
38,35,40,0,1.05714
38,35,41,0,1.05714
38,35,42,0,1.05714
38,35,43,0,1.05714
38,35,44,0,1.05714
38,35,45,0,1.05714
38,35,46,0,1.05714
38,35,47,0,1.05714
38,35,48,0,1.05714
38,35,49,0,1.05714
38,35,50,0,1.05714
38,35,51,0,1.05714
38,35,52,0,1.05714
38,35,53,0,1.05714
38,35,54,0,1.05714
38,35,55,0,1.05714
38,35,56,0,1.05714
38,35,57,0,1.05714
38,35,58,0,1.05714
38,35,59,0,1.05714
38,35,60,0,1.05714
38,35,61,0,1.05714
38,35,62,0,1.05714
38,35,63,0,1.05714
38,36,0,0,1.05556
38,36,1,0,1.05556
38,36,2,0,1.05556
38,36,3,0,1.05556
38,36,4,0,1.05556
38,36,5,0,1.05556
38,36,6,0,1.05556
38,36,7,0,1.05556
38,36,8,0,1.05556
38,36,9,0,1.05556
38,36,10,0,1.05556
38,36,11,0,1.05556
38,36,12,0,1.05556
38,36,13,0,1.05556
38,36,14,0,1.05556
38,36,15,0,1.05556
38,36,16,0,1.05556
38,36,17,0,1.05556
38,36,18,0,1.05556
38,36,19,0,1.05556
38,36,20,0,1.05556
38,36,21,0,1.05556
38,36,22,0,1.05556
38,36,23,0,1.05556
38,36,24,0,1.05556
38,36,25,0,1.05556
38,36,26,0,1.05556
38,36,27,0,1.05556
38,36,28,0,1.05556
38,36,29,31,1.05556
38,36,30,7,1.05556
38,36,31,0,1.05556
38,36,32,0,1.05556
38,36,33,0,1.05556
38,36,34,0,1.05556
38,36,35,0,1.05556
38,36,36,0,1.05556
38,36,37,0,1.05556
38,36,38,0,1.05556
38,36,39,0,1.05556
38,36,40,0,1.05556
38,36,41,0,1.05556
38,36,42,0,1.05556
38,36,43,0,1.05556
38,36,44,0,1.05556
38,36,45,0,1.05556
38,36,46,0,1.05556
38,36,47,0,1.05556
38,36,48,0,1.05556
38,36,49,0,1.05556
38,36,50,0,1.05556
38,36,51,0,1.05556
38,36,52,0,1.05556
38,36,53,0,1.05556
38,36,54,0,1.05556
38,36,55,0,1.05556
38,36,56,0,1.05556
38,36,57,0,1.05556
38,36,58,0,1.05556
38,36,59,0,1.05556
38,36,60,0,1.05556
38,36,61,0,1.05556
38,36,62,0,1.05556
38,36,63,0,1.05556
38,37,0,0,1.05405
38,37,1,0,1.05405
38,37,2,0,1.05405
38,37,3,0,1.05405
38,37,4,0,1.05405
38,37,5,0,1.05405
38,37,6,0,1.05405
38,37,7,0,1.05405
38,37,8,0,1.05405
38,37,9,0,1.05405
38,37,10,0,1.05405
38,37,11,0,1.05405
38,37,12,0,1.05405
38,37,13,0,1.05405
38,37,14,0,1.05405
38,37,15,0,1.05405
38,37,16,0,1.05405
38,37,17,0,1.05405
38,37,18,0,1.05405
38,37,19,0,1.05405
38,37,20,0,1.05405
38,37,21,0,1.05405
38,37,22,0,1.05405
38,37,23,0,1.05405
38,37,24,0,1.05405
38,37,25,0,1.05405
38,37,26,0,1.05405
38,37,27,0,1.05405
38,37,28,0,1.05405
38,37,29,32,1.05405
38,37,30,7,1.05405
38,37,31,0,1.05405
38,37,32,0,1.05405
38,37,33,0,1.05405
38,37,34,0,1.05405
38,37,35,0,1.05405
38,37,36,0,1.05405
38,37,37,0,1.05405
38,37,38,0,1.05405
38,37,39,0,1.05405
38,37,40,0,1.05405
38,37,41,0,1.05405
38,37,42,0,1.05405
38,37,43,0,1.05405
38,37,44,0,1.05405
38,37,45,0,1.05405
38,37,46,0,1.05405
38,37,47,0,1.05405
38,37,48,0,1.05405
38,37,49,0,1.05405
38,37,50,0,1.05405
38,37,51,0,1.05405
38,37,52,0,1.05405
38,37,53,0,1.05405
38,37,54,0,1.05405
38,37,55,0,1.05405
38,37,56,0,1.05405
38,37,57,0,1.05405
38,37,58,0,1.05405
38,37,59,0,1.05405
38,37,60,0,1.05405
38,37,61,0,1.05405
38,37,62,0,1.05405
38,37,63,0,1.05405
38,38,0,0,1.05263
38,38,1,0,1.05263
38,38,2,0,1.05263
38,38,3,0,1.05263
38,38,4,0,1.05263
38,38,5,0,1.05263
38,38,6,0,1.05263
38,38,7,0,1.05263
38,38,8,0,1.05263
38,38,9,0,1.05263
38,38,10,0,1.05263
38,38,11,0,1.05263
38,38,12,0,1.05263
38,38,13,0,1.05263
38,38,14,0,1.05263
38,38,15,0,1.05263
38,38,16,0,1.05263
38,38,17,0,1.05263
38,38,18,0,1.05263
38,38,19,0,1.05263
38,38,20,0,1.05263
38,38,21,0,1.05263
38,38,22,0,1.05263
38,38,23,0,1.05263
38,38,24,0,1.05263
38,38,25,0,1.05263
38,38,26,0,1.05263
38,38,27,0,1.05263
38,38,28,0,1.05263
38,38,29,33,1.05263
38,38,30,7,1.05263
38,38,31,0,1.05263
38,38,32,0,1.05263
38,38,33,0,1.05263
38,38,34,0,1.05263
38,38,35,0,1.05263
38,38,36,0,1.05263
38,38,37,0,1.05263
38,38,38,0,1.05263
38,38,39,0,1.05263
38,38,40,0,1.05263
38,38,41,0,1.05263
38,38,42,0,1.05263
38,38,43,0,1.05263
38,38,44,0,1.05263
38,38,45,0,1.05263
38,38,46,0,1.05263
38,38,47,0,1.05263
38,38,48,0,1.05263
38,38,49,0,1.05263
38,38,50,0,1.05263
38,38,51,0,1.05263
38,38,52,0,1.05263
38,38,53,0,1.05263
38,38,54,0,1.05263
38,38,55,0,1.05263
38,38,56,0,1.05263
38,38,57,0,1.05263
38,38,58,0,1.05263
38,38,59,0,1.05263
38,38,60,0,1.05263
38,38,61,0,1.05263
38,38,62,0,1.05263
38,38,63,0,1.05263
38,39,0,0,1.05128
38,39,1,0,1.05128
38,39,2,0,1.05128
38,39,3,0,1.05128
38,39,4,0,1.05128
38,39,5,0,1.05128
38,39,6,0,1.05128
38,39,7,0,1.05128
38,39,8,0,1.05128
38,39,9,0,1.05128
38,39,10,0,1.05128
38,39,11,0,1.05128
38,39,12,0,1.05128
38,39,13,0,1.05128
38,39,14,0,1.05128
38,39,15,0,1.05128
38,39,16,0,1.05128
38,39,17,0,1.05128
38,39,18,0,1.05128
38,39,19,0,1.05128
38,39,20,0,1.05128
38,39,21,0,1.05128
38,39,22,0,1.05128
38,39,23,0,1.05128
38,39,24,0,1.05128
38,39,25,0,1.05128
38,39,26,0,1.05128
38,39,27,0,1.05128
38,39,28,0,1.05128
38,39,29,33,1.05128
38,39,30,8,1.05128
38,39,31,0,1.05128
38,39,32,0,1.05128
38,39,33,0,1.05128
38,39,34,0,1.05128
38,39,35,0,1.05128
38,39,36,0,1.05128
38,39,37,0,1.05128
38,39,38,0,1.05128
38,39,39,0,1.05128
38,39,40,0,1.05128
38,39,41,0,1.05128
38,39,42,0,1.05128
38,39,43,0,1.05128
38,39,44,0,1.05128
38,39,45,0,1.05128
38,39,46,0,1.05128
38,39,47,0,1.05128
38,39,48,0,1.05128
38,39,49,0,1.05128
38,39,50,0,1.05128
38,39,51,0,1.05128
38,39,52,0,1.05128
38,39,53,0,1.05128
38,39,54,0,1.05128
38,39,55,0,1.05128
38,39,56,0,1.05128
38,39,57,0,1.05128
38,39,58,0,1.05128
38,39,59,0,1.05128
38,39,60,0,1.05128
38,39,61,0,1.05128
38,39,62,0,1.05128
38,39,63,0,1.05128
38,40,0,0,1.05
38,40,1,0,1.05
38,40,2,0,1.05
38,40,3,0,1.05
38,40,4,0,1.05
38,40,5,0,1.05
38,40,6,0,1.05
38,40,7,0,1.05
38,40,8,0,1.05
38,40,9,0,1.05
38,40,10,0,1.05
38,40,11,0,1.05
38,40,12,0,1.05
38,40,13,0,1.05
38,40,14,0,1.05
38,40,15,0,1.05
38,40,16,0,1.05
38,40,17,0,1.05
38,40,18,0,1.05
38,40,19,0,1.05
38,40,20,0,1.05
38,40,21,0,1.05
38,40,22,0,1.05
38,40,23,0,1.05
38,40,24,0,1.05
38,40,25,0,1.05
38,40,26,0,1.05
38,40,27,0,1.05
38,40,28,0,1.05
38,40,29,34,1.05
38,40,30,8,1.05
38,40,31,0,1.05
38,40,32,0,1.05
38,40,33,0,1.05
38,40,34,0,1.05
38,40,35,0,1.05
38,40,36,0,1.05
38,40,37,0,1.05
38,40,38,0,1.05
38,40,39,0,1.05
38,40,40,0,1.05
38,40,41,0,1.05
38,40,42,0,1.05
38,40,43,0,1.05
38,40,44,0,1.05
38,40,45,0,1.05
38,40,46,0,1.05
38,40,47,0,1.05
38,40,48,0,1.05
38,40,49,0,1.05
38,40,50,0,1.05
38,40,51,0,1.05
38,40,52,0,1.05
38,40,53,0,1.05
38,40,54,0,1.05
38,40,55,0,1.05
38,40,56,0,1.05
38,40,57,0,1.05
38,40,58,0,1.05
38,40,59,0,1.05
38,40,60,0,1.05
38,40,61,0,1.05
38,40,62,0,1.05
38,40,63,0,1.05
38,41,0,0,1.04878
38,41,1,0,1.04878
38,41,2,0,1.04878
38,41,3,0,1.04878
38,41,4,0,1.04878
38,41,5,0,1.04878
38,41,6,0,1.04878
38,41,7,0,1.04878
38,41,8,0,1.04878
38,41,9,0,1.04878
38,41,10,0,1.04878
38,41,11,0,1.04878
38,41,12,0,1.04878
38,41,13,0,1.04878
38,41,14,0,1.04878
38,41,15,0,1.04878
38,41,16,0,1.04878
38,41,17,0,1.04878
38,41,18,0,1.04878
38,41,19,0,1.04878
38,41,20,0,1.04878
38,41,21,0,1.04878
38,41,22,0,1.04878
38,41,23,0,1.04878
38,41,24,0,1.04878
38,41,25,0,1.04878
38,41,26,0,1.04878
38,41,27,0,1.04878
38,41,28,0,1.04878
38,41,29,35,1.04878
38,41,30,8,1.04878
38,41,31,0,1.04878
38,41,32,0,1.04878
38,41,33,0,1.04878
38,41,34,0,1.04878
38,41,35,0,1.04878
38,41,36,0,1.04878
38,41,37,0,1.04878
38,41,38,0,1.04878
38,41,39,0,1.04878
38,41,40,0,1.04878
38,41,41,0,1.04878
38,41,42,0,1.04878
38,41,43,0,1.04878
38,41,44,0,1.04878
38,41,45,0,1.04878
38,41,46,0,1.04878
38,41,47,0,1.04878
38,41,48,0,1.04878
38,41,49,0,1.04878
38,41,50,0,1.04878
38,41,51,0,1.04878
38,41,52,0,1.04878
38,41,53,0,1.04878
38,41,54,0,1.04878
38,41,55,0,1.04878
38,41,56,0,1.04878
38,41,57,0,1.04878
38,41,58,0,1.04878
38,41,59,0,1.04878
38,41,60,0,1.04878
38,41,61,0,1.04878
38,41,62,0,1.04878
38,41,63,0,1.04878
38,42,0,0,1.04762
38,42,1,0,1.04762
38,42,2,0,1.04762
38,42,3,0,1.04762
38,42,4,0,1.04762
38,42,5,0,1.04762
38,42,6,0,1.04762
38,42,7,0,1.04762
38,42,8,0,1.04762
38,42,9,0,1.04762
38,42,10,0,1.04762
38,42,11,0,1.04762
38,42,12,0,1.04762
38,42,13,0,1.04762
38,42,14,0,1.04762
38,42,15,0,1.04762
38,42,16,0,1.04762
38,42,17,0,1.04762
38,42,18,0,1.04762
38,42,19,0,1.04762
38,42,20,0,1.04762
38,42,21,0,1.04762
38,42,22,0,1.04762
38,42,23,0,1.04762
38,42,24,0,1.04762
38,42,25,0,1.04762
38,42,26,0,1.04762
38,42,27,0,1.04762
38,42,28,0,1.04762
38,42,29,36,1.04762
38,42,30,8,1.04762
38,42,31,0,1.04762
38,42,32,0,1.04762
38,42,33,0,1.04762
38,42,34,0,1.04762
38,42,35,0,1.04762
38,42,36,0,1.04762
38,42,37,0,1.04762
38,42,38,0,1.04762
38,42,39,0,1.04762
38,42,40,0,1.04762
38,42,41,0,1.04762
38,42,42,0,1.04762
38,42,43,0,1.04762
38,42,44,0,1.04762
38,42,45,0,1.04762
38,42,46,0,1.04762
38,42,47,0,1.04762
38,42,48,0,1.04762
38,42,49,0,1.04762
38,42,50,0,1.04762
38,42,51,0,1.04762
38,42,52,0,1.04762
38,42,53,0,1.04762
38,42,54,0,1.04762
38,42,55,0,1.04762
38,42,56,0,1.04762
38,42,57,0,1.04762
38,42,58,0,1.04762
38,42,59,0,1.04762
38,42,60,0,1.04762
38,42,61,0,1.04762
38,42,62,0,1.04762
38,42,63,0,1.04762
38,43,0,0,1.04651
38,43,1,0,1.04651
38,43,2,0,1.04651
38,43,3,0,1.04651
38,43,4,0,1.04651
38,43,5,0,1.04651
38,43,6,0,1.04651
38,43,7,0,1.04651
38,43,8,0,1.04651
38,43,9,0,1.04651
38,43,10,0,1.04651
38,43,11,0,1.04651
38,43,12,0,1.04651
38,43,13,0,1.04651
38,43,14,0,1.04651
38,43,15,0,1.04651
38,43,16,0,1.04651
38,43,17,0,1.04651
38,43,18,0,1.04651
38,43,19,0,1.04651
38,43,20,0,1.04651
38,43,21,0,1.04651
38,43,22,0,1.04651
38,43,23,0,1.04651
38,43,24,0,1.04651
38,43,25,0,1.04651
38,43,26,0,1.04651
38,43,27,0,1.04651
38,43,28,0,1.04651
38,43,29,37,1.04651
38,43,30,8,1.04651
38,43,31,0,1.04651
38,43,32,0,1.04651
38,43,33,0,1.04651
38,43,34,0,1.04651
38,43,35,0,1.04651
38,43,36,0,1.04651
38,43,37,0,1.04651
38,43,38,0,1.04651
38,43,39,0,1.04651
38,43,40,0,1.04651
38,43,41,0,1.04651
38,43,42,0,1.04651
38,43,43,0,1.04651
38,43,44,0,1.04651
38,43,45,0,1.04651
38,43,46,0,1.04651
38,43,47,0,1.04651
38,43,48,0,1.04651
38,43,49,0,1.04651
38,43,50,0,1.04651
38,43,51,0,1.04651
38,43,52,0,1.04651
38,43,53,0,1.04651
38,43,54,0,1.04651
38,43,55,0,1.04651
38,43,56,0,1.04651
38,43,57,0,1.04651
38,43,58,0,1.04651
38,43,59,0,1.04651
38,43,60,0,1.04651
38,43,61,0,1.04651
38,43,62,0,1.04651
38,43,63,0,1.04651
38,44,0,0,1.04545
38,44,1,0,1.04545
38,44,2,0,1.04545
38,44,3,0,1.04545
38,44,4,0,1.04545
38,44,5,0,1.04545
38,44,6,0,1.04545
38,44,7,0,1.04545
38,44,8,0,1.04545
38,44,9,0,1.04545
38,44,10,0,1.04545
38,44,11,0,1.04545
38,44,12,0,1.04545
38,44,13,0,1.04545
38,44,14,0,1.04545
38,44,15,0,1.04545
38,44,16,0,1.04545
38,44,17,0,1.04545
38,44,18,0,1.04545
38,44,19,0,1.04545
38,44,20,0,1.04545
38,44,21,0,1.04545
38,44,22,0,1.04545
38,44,23,0,1.04545
38,44,24,0,1.04545
38,44,25,0,1.04545
38,44,26,0,1.04545
38,44,27,0,1.04545
38,44,28,0,1.04545
38,44,29,37,1.04545
38,44,30,9,1.04545
38,44,31,0,1.04545
38,44,32,0,1.04545
38,44,33,0,1.04545
38,44,34,0,1.04545
38,44,35,0,1.04545
38,44,36,0,1.04545
38,44,37,0,1.04545
38,44,38,0,1.04545
38,44,39,0,1.04545
38,44,40,0,1.04545
38,44,41,0,1.04545
38,44,42,0,1.04545
38,44,43,0,1.04545
38,44,44,0,1.04545
38,44,45,0,1.04545
38,44,46,0,1.04545
38,44,47,0,1.04545
38,44,48,0,1.04545
38,44,49,0,1.04545
38,44,50,0,1.04545
38,44,51,0,1.04545
38,44,52,0,1.04545
38,44,53,0,1.04545
38,44,54,0,1.04545
38,44,55,0,1.04545
38,44,56,0,1.04545
38,44,57,0,1.04545
38,44,58,0,1.04545
38,44,59,0,1.04545
38,44,60,0,1.04545
38,44,61,0,1.04545
38,44,62,0,1.04545
38,44,63,0,1.04545
38,45,0,0,1.04444
38,45,1,0,1.04444
38,45,2,0,1.04444
38,45,3,0,1.04444
38,45,4,0,1.04444
38,45,5,0,1.04444
38,45,6,0,1.04444
38,45,7,0,1.04444
38,45,8,0,1.04444
38,45,9,0,1.04444
38,45,10,0,1.04444
38,45,11,0,1.04444
38,45,12,0,1.04444
38,45,13,0,1.04444
38,45,14,0,1.04444
38,45,15,0,1.04444
38,45,16,0,1.04444
38,45,17,0,1.04444
38,45,18,0,1.04444
38,45,19,0,1.04444
38,45,20,0,1.04444
38,45,21,0,1.04444
38,45,22,0,1.04444
38,45,23,0,1.04444
38,45,24,0,1.04444
38,45,25,0,1.04444
38,45,26,0,1.04444
38,45,27,0,1.04444
38,45,28,0,1.04444
38,45,29,38,1.04444
38,45,30,9,1.04444
38,45,31,0,1.04444
38,45,32,0,1.04444
38,45,33,0,1.04444
38,45,34,0,1.04444
38,45,35,0,1.04444
38,45,36,0,1.04444
38,45,37,0,1.04444
38,45,38,0,1.04444
38,45,39,0,1.04444
38,45,40,0,1.04444
38,45,41,0,1.04444
38,45,42,0,1.04444
38,45,43,0,1.04444
38,45,44,0,1.04444
38,45,45,0,1.04444
38,45,46,0,1.04444
38,45,47,0,1.04444
38,45,48,0,1.04444
38,45,49,0,1.04444
38,45,50,0,1.04444
38,45,51,0,1.04444
38,45,52,0,1.04444
38,45,53,0,1.04444
38,45,54,0,1.04444
38,45,55,0,1.04444
38,45,56,0,1.04444
38,45,57,0,1.04444
38,45,58,0,1.04444
38,45,59,0,1.04444
38,45,60,0,1.04444
38,45,61,0,1.04444
38,45,62,0,1.04444
38,45,63,0,1.04444
38,46,0,0,1.04348
38,46,1,0,1.04348
38,46,2,0,1.04348
38,46,3,0,1.04348
38,46,4,0,1.04348
38,46,5,0,1.04348
38,46,6,0,1.04348
38,46,7,0,1.04348
38,46,8,0,1.04348
38,46,9,0,1.04348
38,46,10,0,1.04348
38,46,11,0,1.04348
38,46,12,0,1.04348
38,46,13,0,1.04348
38,46,14,0,1.04348
38,46,15,0,1.04348
38,46,16,0,1.04348
38,46,17,0,1.04348
38,46,18,0,1.04348
38,46,19,0,1.04348
38,46,20,0,1.04348
38,46,21,0,1.04348
38,46,22,0,1.04348
38,46,23,0,1.04348
38,46,24,0,1.04348
38,46,25,0,1.04348
38,46,26,0,1.04348
38,46,27,0,1.04348
38,46,28,0,1.04348
38,46,29,39,1.04348
38,46,30,9,1.04348
38,46,31,0,1.04348
38,46,32,0,1.04348
38,46,33,0,1.04348
38,46,34,0,1.04348
38,46,35,0,1.04348
38,46,36,0,1.04348
38,46,37,0,1.04348
38,46,38,0,1.04348
38,46,39,0,1.04348
38,46,40,0,1.04348
38,46,41,0,1.04348
38,46,42,0,1.04348
38,46,43,0,1.04348
38,46,44,0,1.04348
38,46,45,0,1.04348
38,46,46,0,1.04348
38,46,47,0,1.04348
38,46,48,0,1.04348
38,46,49,0,1.04348
38,46,50,0,1.04348
38,46,51,0,1.04348
38,46,52,0,1.04348
38,46,53,0,1.04348
38,46,54,0,1.04348
38,46,55,0,1.04348
38,46,56,0,1.04348
38,46,57,0,1.04348
38,46,58,0,1.04348
38,46,59,0,1.04348
38,46,60,0,1.04348
38,46,61,0,1.04348
38,46,62,0,1.04348
38,46,63,0,1.04348
38,47,0,0,1.04255
38,47,1,0,1.04255
38,47,2,0,1.04255
38,47,3,0,1.04255
38,47,4,0,1.04255
38,47,5,0,1.04255
38,47,6,0,1.04255
38,47,7,0,1.04255
38,47,8,0,1.04255
38,47,9,0,1.04255
38,47,10,0,1.04255
38,47,11,0,1.04255
38,47,12,0,1.04255
38,47,13,0,1.04255
38,47,14,0,1.04255
38,47,15,0,1.04255
38,47,16,0,1.04255
38,47,17,0,1.04255
38,47,18,0,1.04255
38,47,19,0,1.04255
38,47,20,0,1.04255
38,47,21,0,1.04255
38,47,22,0,1.04255
38,47,23,0,1.04255
38,47,24,0,1.04255
38,47,25,0,1.04255
38,47,26,0,1.04255
38,47,27,0,1.04255
38,47,28,0,1.04255
38,47,29,40,1.04255
38,47,30,9,1.04255
38,47,31,0,1.04255
38,47,32,0,1.04255
38,47,33,0,1.04255
38,47,34,0,1.04255
38,47,35,0,1.04255
38,47,36,0,1.04255
38,47,37,0,1.04255
38,47,38,0,1.04255
38,47,39,0,1.04255
38,47,40,0,1.04255
38,47,41,0,1.04255
38,47,42,0,1.04255
38,47,43,0,1.04255
38,47,44,0,1.04255
38,47,45,0,1.04255
38,47,46,0,1.04255
38,47,47,0,1.04255
38,47,48,0,1.04255
38,47,49,0,1.04255
38,47,50,0,1.04255
38,47,51,0,1.04255
38,47,52,0,1.04255
38,47,53,0,1.04255
38,47,54,0,1.04255
38,47,55,0,1.04255
38,47,56,0,1.04255
38,47,57,0,1.04255
38,47,58,0,1.04255
38,47,59,0,1.04255
38,47,60,0,1.04255
38,47,61,0,1.04255
38,47,62,0,1.04255
38,47,63,0,1.04255
38,48,0,0,1.04167
38,48,1,0,1.04167
38,48,2,0,1.04167
38,48,3,0,1.04167
38,48,4,0,1.04167
38,48,5,0,1.04167
38,48,6,0,1.04167
38,48,7,0,1.04167
38,48,8,0,1.04167
38,48,9,0,1.04167
38,48,10,0,1.04167
38,48,11,0,1.04167
38,48,12,0,1.04167
38,48,13,0,1.04167
38,48,14,0,1.04167
38,48,15,0,1.04167
38,48,16,0,1.04167
38,48,17,0,1.04167
38,48,18,0,1.04167
38,48,19,0,1.04167
38,48,20,0,1.04167
38,48,21,0,1.04167
38,48,22,0,1.04167
38,48,23,0,1.04167
38,48,24,0,1.04167
38,48,25,0,1.04167
38,48,26,0,1.04167
38,48,27,0,1.04167
38,48,28,0,1.04167
38,48,29,40,1.04167
38,48,30,10,1.04167
38,48,31,0,1.04167
38,48,32,0,1.04167
38,48,33,0,1.04167
38,48,34,0,1.04167
38,48,35,0,1.04167
38,48,36,0,1.04167
38,48,37,0,1.04167
38,48,38,0,1.04167
38,48,39,0,1.04167
38,48,40,0,1.04167
38,48,41,0,1.04167
38,48,42,0,1.04167
38,48,43,0,1.04167
38,48,44,0,1.04167
38,48,45,0,1.04167
38,48,46,0,1.04167
38,48,47,0,1.04167
38,48,48,0,1.04167
38,48,49,0,1.04167
38,48,50,0,1.04167
38,48,51,0,1.04167
38,48,52,0,1.04167
38,48,53,0,1.04167
38,48,54,0,1.04167
38,48,55,0,1.04167
38,48,56,0,1.04167
38,48,57,0,1.04167
38,48,58,0,1.04167
38,48,59,0,1.04167
38,48,60,0,1.04167
38,48,61,0,1.04167
38,48,62,0,1.04167
38,48,63,0,1.04167
38,49,0,0,1.04082
38,49,1,0,1.04082
38,49,2,0,1.04082
38,49,3,0,1.04082
38,49,4,0,1.04082
38,49,5,0,1.04082
38,49,6,0,1.04082
38,49,7,0,1.04082
38,49,8,0,1.04082
38,49,9,0,1.04082
38,49,10,0,1.04082
38,49,11,0,1.04082
38,49,12,0,1.04082
38,49,13,0,1.04082
38,49,14,0,1.04082
38,49,15,0,1.04082
38,49,16,0,1.04082
38,49,17,0,1.04082
38,49,18,0,1.04082
38,49,19,0,1.04082
38,49,20,0,1.04082
38,49,21,0,1.04082
38,49,22,0,1.04082
38,49,23,0,1.04082
38,49,24,0,1.04082
38,49,25,0,1.04082
38,49,26,0,1.04082
38,49,27,0,1.04082
38,49,28,0,1.04082
38,49,29,41,1.04082
38,49,30,10,1.04082
38,49,31,0,1.04082
38,49,32,0,1.04082
38,49,33,0,1.04082
38,49,34,0,1.04082
38,49,35,0,1.04082
38,49,36,0,1.04082
38,49,37,0,1.04082
38,49,38,0,1.04082
38,49,39,0,1.04082
38,49,40,0,1.04082
38,49,41,0,1.04082
38,49,42,0,1.04082
38,49,43,0,1.04082
38,49,44,0,1.04082
38,49,45,0,1.04082
38,49,46,0,1.04082
38,49,47,0,1.04082
38,49,48,0,1.04082
38,49,49,0,1.04082
38,49,50,0,1.04082
38,49,51,0,1.04082
38,49,52,0,1.04082
38,49,53,0,1.04082
38,49,54,0,1.04082
38,49,55,0,1.04082
38,49,56,0,1.04082
38,49,57,0,1.04082
38,49,58,0,1.04082
38,49,59,0,1.04082
38,49,60,0,1.04082
38,49,61,0,1.04082
38,49,62,0,1.04082
38,49,63,0,1.04082
38,50,0,0,1.06
38,50,1,0,1.06
38,50,2,0,1.06
38,50,3,0,1.06
38,50,4,0,1.06
38,50,5,0,1.06
38,50,6,0,1.06
38,50,7,0,1.06
38,50,8,0,1.06
38,50,9,0,1.06
38,50,10,0,1.06
38,50,11,0,1.06
38,50,12,0,1.06
38,50,13,0,1.06
38,50,14,0,1.06
38,50,15,0,1.06
38,50,16,0,1.06
38,50,17,0,1.06
38,50,18,0,1.06
38,50,19,0,1.06
38,50,20,0,1.06
38,50,21,0,1.06
38,50,22,0,1.06
38,50,23,0,1.06
38,50,24,0,1.06
38,50,25,0,1.06
38,50,26,0,1.06
38,50,27,0,1.06
38,50,28,0,1.06
38,50,29,43,1.06
38,50,30,10,1.06
38,50,31,0,1.06
38,50,32,0,1.06
38,50,33,0,1.06
38,50,34,0,1.06
38,50,35,0,1.06
38,50,36,0,1.06
38,50,37,0,1.06
38,50,38,0,1.06
38,50,39,0,1.06
38,50,40,0,1.06
38,50,41,0,1.06
38,50,42,0,1.06
38,50,43,0,1.06
38,50,44,0,1.06
38,50,45,0,1.06
38,50,46,0,1.06
38,50,47,0,1.06
38,50,48,0,1.06
38,50,49,0,1.06
38,50,50,0,1.06
38,50,51,0,1.06
38,50,52,0,1.06
38,50,53,0,1.06
38,50,54,0,1.06
38,50,55,0,1.06
38,50,56,0,1.06
38,50,57,0,1.06
38,50,58,0,1.06
38,50,59,0,1.06
38,50,60,0,1.06
38,50,61,0,1.06
38,50,62,0,1.06
38,50,63,0,1.06
38,51,0,0,1.05882
38,51,1,0,1.05882
38,51,2,0,1.05882
38,51,3,0,1.05882
38,51,4,0,1.05882
38,51,5,0,1.05882
38,51,6,0,1.05882
38,51,7,0,1.05882
38,51,8,0,1.05882
38,51,9,0,1.05882
38,51,10,0,1.05882
38,51,11,0,1.05882
38,51,12,0,1.05882
38,51,13,0,1.05882
38,51,14,0,1.05882
38,51,15,0,1.05882
38,51,16,0,1.05882
38,51,17,0,1.05882
38,51,18,0,1.05882
38,51,19,0,1.05882
38,51,20,0,1.05882
38,51,21,0,1.05882
38,51,22,0,1.05882
38,51,23,0,1.05882
38,51,24,0,1.05882
38,51,25,0,1.05882
38,51,26,0,1.05882
38,51,27,0,1.05882
38,51,28,0,1.05882
38,51,29,44,1.05882
38,51,30,10,1.05882
38,51,31,0,1.05882
38,51,32,0,1.05882
38,51,33,0,1.05882
38,51,34,0,1.05882
38,51,35,0,1.05882
38,51,36,0,1.05882
38,51,37,0,1.05882
38,51,38,0,1.05882
38,51,39,0,1.05882
38,51,40,0,1.05882
38,51,41,0,1.05882
38,51,42,0,1.05882
38,51,43,0,1.05882
38,51,44,0,1.05882
38,51,45,0,1.05882
38,51,46,0,1.05882
38,51,47,0,1.05882
38,51,48,0,1.05882
38,51,49,0,1.05882
38,51,50,0,1.05882
38,51,51,0,1.05882
38,51,52,0,1.05882
38,51,53,0,1.05882
38,51,54,0,1.05882
38,51,55,0,1.05882
38,51,56,0,1.05882
38,51,57,0,1.05882
38,51,58,0,1.05882
38,51,59,0,1.05882
38,51,60,0,1.05882
38,51,61,0,1.05882
38,51,62,0,1.05882
38,51,63,0,1.05882
38,52,0,0,1.05769
38,52,1,0,1.05769
38,52,2,0,1.05769
38,52,3,0,1.05769
38,52,4,0,1.05769
38,52,5,0,1.05769
38,52,6,0,1.05769
38,52,7,0,1.05769
38,52,8,0,1.05769
38,52,9,0,1.05769
38,52,10,0,1.05769
38,52,11,0,1.05769
38,52,12,0,1.05769
38,52,13,0,1.05769
38,52,14,0,1.05769
38,52,15,0,1.05769
38,52,16,0,1.05769
38,52,17,0,1.05769
38,52,18,0,1.05769
38,52,19,0,1.05769
38,52,20,0,1.05769
38,52,21,0,1.05769
38,52,22,0,1.05769
38,52,23,0,1.05769
38,52,24,0,1.05769
38,52,25,0,1.05769
38,52,26,0,1.05769
38,52,27,0,1.05769
38,52,28,0,1.05769
38,52,29,45,1.05769
38,52,30,10,1.05769
38,52,31,0,1.05769
38,52,32,0,1.05769
38,52,33,0,1.05769
38,52,34,0,1.05769
38,52,35,0,1.05769
38,52,36,0,1.05769
38,52,37,0,1.05769
38,52,38,0,1.05769
38,52,39,0,1.05769
38,52,40,0,1.05769
38,52,41,0,1.05769
38,52,42,0,1.05769
38,52,43,0,1.05769
38,52,44,0,1.05769
38,52,45,0,1.05769
38,52,46,0,1.05769
38,52,47,0,1.05769
38,52,48,0,1.05769
38,52,49,0,1.05769
38,52,50,0,1.05769
38,52,51,0,1.05769
38,52,52,0,1.05769
38,52,53,0,1.05769
38,52,54,0,1.05769
38,52,55,0,1.05769
38,52,56,0,1.05769
38,52,57,0,1.05769
38,52,58,0,1.05769
38,52,59,0,1.05769
38,52,60,0,1.05769
38,52,61,0,1.05769
38,52,62,0,1.05769
38,52,63,0,1.05769
38,53,0,0,1.0566
38,53,1,0,1.0566
38,53,2,0,1.0566
38,53,3,0,1.0566
38,53,4,0,1.0566
38,53,5,0,1.0566
38,53,6,0,1.0566
38,53,7,0,1.0566
38,53,8,0,1.0566
38,53,9,0,1.0566
38,53,10,0,1.0566
38,53,11,0,1.0566
38,53,12,0,1.0566
38,53,13,0,1.0566
38,53,14,0,1.0566
38,53,15,0,1.0566
38,53,16,0,1.0566
38,53,17,0,1.0566
38,53,18,0,1.0566
38,53,19,0,1.0566
38,53,20,0,1.0566
38,53,21,0,1.0566
38,53,22,0,1.0566
38,53,23,0,1.0566
38,53,24,0,1.0566
38,53,25,0,1.0566
38,53,26,0,1.0566
38,53,27,0,1.0566
38,53,28,0,1.0566
38,53,29,46,1.0566
38,53,30,10,1.0566
38,53,31,0,1.0566
38,53,32,0,1.0566
38,53,33,0,1.0566
38,53,34,0,1.0566
38,53,35,0,1.0566
38,53,36,0,1.0566
38,53,37,0,1.0566
38,53,38,0,1.0566
38,53,39,0,1.0566
38,53,40,0,1.0566
38,53,41,0,1.0566
38,53,42,0,1.0566
38,53,43,0,1.0566
38,53,44,0,1.0566
38,53,45,0,1.0566
38,53,46,0,1.0566
38,53,47,0,1.0566
38,53,48,0,1.0566
38,53,49,0,1.0566
38,53,50,0,1.0566
38,53,51,0,1.0566
38,53,52,0,1.0566
38,53,53,0,1.0566
38,53,54,0,1.0566
38,53,55,0,1.0566
38,53,56,0,1.0566
38,53,57,0,1.0566
38,53,58,0,1.0566
38,53,59,0,1.0566
38,53,60,0,1.0566
38,53,61,0,1.0566
38,53,62,0,1.0566
38,53,63,0,1.0566
38,54,0,0,1.05556
38,54,1,0,1.05556
38,54,2,0,1.05556
38,54,3,0,1.05556
38,54,4,0,1.05556
38,54,5,0,1.05556
38,54,6,0,1.05556
38,54,7,0,1.05556
38,54,8,0,1.05556
38,54,9,0,1.05556
38,54,10,0,1.05556
38,54,11,0,1.05556
38,54,12,0,1.05556
38,54,13,0,1.05556
38,54,14,0,1.05556
38,54,15,0,1.05556
38,54,16,0,1.05556
38,54,17,0,1.05556
38,54,18,0,1.05556
38,54,19,0,1.05556
38,54,20,0,1.05556
38,54,21,0,1.05556
38,54,22,0,1.05556
38,54,23,0,1.05556
38,54,24,0,1.05556
38,54,25,0,1.05556
38,54,26,0,1.05556
38,54,27,0,1.05556
38,54,28,0,1.05556
38,54,29,46,1.05556
38,54,30,11,1.05556
38,54,31,0,1.05556
38,54,32,0,1.05556
38,54,33,0,1.05556
38,54,34,0,1.05556
38,54,35,0,1.05556
38,54,36,0,1.05556
38,54,37,0,1.05556
38,54,38,0,1.05556
38,54,39,0,1.05556
38,54,40,0,1.05556
38,54,41,0,1.05556
38,54,42,0,1.05556
38,54,43,0,1.05556
38,54,44,0,1.05556
38,54,45,0,1.05556
38,54,46,0,1.05556
38,54,47,0,1.05556
38,54,48,0,1.05556
38,54,49,0,1.05556
38,54,50,0,1.05556
38,54,51,0,1.05556
38,54,52,0,1.05556
38,54,53,0,1.05556
38,54,54,0,1.05556
38,54,55,0,1.05556
38,54,56,0,1.05556
38,54,57,0,1.05556
38,54,58,0,1.05556
38,54,59,0,1.05556
38,54,60,0,1.05556
38,54,61,0,1.05556
38,54,62,0,1.05556
38,54,63,0,1.05556
38,55,0,0,1.05455
38,55,1,0,1.05455
38,55,2,0,1.05455
38,55,3,0,1.05455
38,55,4,0,1.05455
38,55,5,0,1.05455
38,55,6,0,1.05455
38,55,7,0,1.05455
38,55,8,0,1.05455
38,55,9,0,1.05455
38,55,10,0,1.05455
38,55,11,0,1.05455
38,55,12,0,1.05455
38,55,13,0,1.05455
38,55,14,0,1.05455
38,55,15,0,1.05455
38,55,16,0,1.05455
38,55,17,0,1.05455
38,55,18,0,1.05455
38,55,19,0,1.05455
38,55,20,0,1.05455
38,55,21,0,1.05455
38,55,22,0,1.05455
38,55,23,0,1.05455
38,55,24,0,1.05455
38,55,25,0,1.05455
38,55,26,0,1.05455
38,55,27,0,1.05455
38,55,28,0,1.05455
38,55,29,47,1.05455
38,55,30,11,1.05455
38,55,31,0,1.05455
38,55,32,0,1.05455
38,55,33,0,1.05455
38,55,34,0,1.05455
38,55,35,0,1.05455
38,55,36,0,1.05455
38,55,37,0,1.05455
38,55,38,0,1.05455
38,55,39,0,1.05455
38,55,40,0,1.05455
38,55,41,0,1.05455
38,55,42,0,1.05455
38,55,43,0,1.05455
38,55,44,0,1.05455
38,55,45,0,1.05455
38,55,46,0,1.05455
38,55,47,0,1.05455
38,55,48,0,1.05455
38,55,49,0,1.05455
38,55,50,0,1.05455
38,55,51,0,1.05455
38,55,52,0,1.05455
38,55,53,0,1.05455
38,55,54,0,1.05455
38,55,55,0,1.05455
38,55,56,0,1.05455
38,55,57,0,1.05455
38,55,58,0,1.05455
38,55,59,0,1.05455
38,55,60,0,1.05455
38,55,61,0,1.05455
38,55,62,0,1.05455
38,55,63,0,1.05455
38,56,0,0,1.05357
38,56,1,0,1.05357
38,56,2,0,1.05357
38,56,3,0,1.05357
38,56,4,0,1.05357
38,56,5,0,1.05357
38,56,6,0,1.05357
38,56,7,0,1.05357
38,56,8,0,1.05357
38,56,9,0,1.05357
38,56,10,0,1.05357
38,56,11,0,1.05357
38,56,12,0,1.05357
38,56,13,0,1.05357
38,56,14,0,1.05357
38,56,15,0,1.05357
38,56,16,0,1.05357
38,56,17,0,1.05357
38,56,18,0,1.05357
38,56,19,0,1.05357
38,56,20,0,1.05357
38,56,21,0,1.05357
38,56,22,0,1.05357
38,56,23,0,1.05357
38,56,24,0,1.05357
38,56,25,0,1.05357
38,56,26,0,1.05357
38,56,27,0,1.05357
38,56,28,0,1.05357
38,56,29,48,1.05357
38,56,30,11,1.05357
38,56,31,0,1.05357
38,56,32,0,1.05357
38,56,33,0,1.05357
38,56,34,0,1.05357
38,56,35,0,1.05357
38,56,36,0,1.05357
38,56,37,0,1.05357
38,56,38,0,1.05357
38,56,39,0,1.05357
38,56,40,0,1.05357
38,56,41,0,1.05357
38,56,42,0,1.05357
38,56,43,0,1.05357
38,56,44,0,1.05357
38,56,45,0,1.05357
38,56,46,0,1.05357
38,56,47,0,1.05357
38,56,48,0,1.05357
38,56,49,0,1.05357
38,56,50,0,1.05357
38,56,51,0,1.05357
38,56,52,0,1.05357
38,56,53,0,1.05357
38,56,54,0,1.05357
38,56,55,0,1.05357
38,56,56,0,1.05357
38,56,57,0,1.05357
38,56,58,0,1.05357
38,56,59,0,1.05357
38,56,60,0,1.05357
38,56,61,0,1.05357
38,56,62,0,1.05357
38,56,63,0,1.05357
38,57,0,0,1.05263
38,57,1,0,1.05263
38,57,2,0,1.05263
38,57,3,0,1.05263
38,57,4,0,1.05263
38,57,5,0,1.05263
38,57,6,0,1.05263
38,57,7,0,1.05263
38,57,8,0,1.05263
38,57,9,0,1.05263
38,57,10,0,1.05263
38,57,11,0,1.05263
38,57,12,0,1.05263
38,57,13,0,1.05263
38,57,14,0,1.05263
38,57,15,0,1.05263
38,57,16,0,1.05263
38,57,17,0,1.05263
38,57,18,0,1.05263
38,57,19,0,1.05263
38,57,20,0,1.05263
38,57,21,0,1.05263
38,57,22,0,1.05263
38,57,23,0,1.05263
38,57,24,0,1.05263
38,57,25,0,1.05263
38,57,26,0,1.05263
38,57,27,0,1.05263
38,57,28,0,1.05263
38,57,29,49,1.05263
38,57,30,11,1.05263
38,57,31,0,1.05263
38,57,32,0,1.05263
38,57,33,0,1.05263
38,57,34,0,1.05263
38,57,35,0,1.05263
38,57,36,0,1.05263
38,57,37,0,1.05263
38,57,38,0,1.05263
38,57,39,0,1.05263
38,57,40,0,1.05263
38,57,41,0,1.05263
38,57,42,0,1.05263
38,57,43,0,1.05263
38,57,44,0,1.05263
38,57,45,0,1.05263
38,57,46,0,1.05263
38,57,47,0,1.05263
38,57,48,0,1.05263
38,57,49,0,1.05263
38,57,50,0,1.05263
38,57,51,0,1.05263
38,57,52,0,1.05263
38,57,53,0,1.05263
38,57,54,0,1.05263
38,57,55,0,1.05263
38,57,56,0,1.05263
38,57,57,0,1.05263
38,57,58,0,1.05263
38,57,59,0,1.05263
38,57,60,0,1.05263
38,57,61,0,1.05263
38,57,62,0,1.05263
38,57,63,0,1.05263
38,58,0,0,1.05172
38,58,1,0,1.05172
38,58,2,0,1.05172
38,58,3,0,1.05172
38,58,4,0,1.05172
38,58,5,0,1.05172
38,58,6,0,1.05172
38,58,7,0,1.05172
38,58,8,0,1.05172
38,58,9,0,1.05172
38,58,10,0,1.05172
38,58,11,0,1.05172
38,58,12,0,1.05172
38,58,13,0,1.05172
38,58,14,0,1.05172
38,58,15,0,1.05172
38,58,16,0,1.05172
38,58,17,0,1.05172
38,58,18,0,1.05172
38,58,19,0,1.05172
38,58,20,0,1.05172
38,58,21,0,1.05172
38,58,22,0,1.05172
38,58,23,0,1.05172
38,58,24,0,1.05172
38,58,25,0,1.05172
38,58,26,0,1.05172
38,58,27,0,1.05172
38,58,28,0,1.05172
38,58,29,50,1.05172
38,58,30,11,1.05172
38,58,31,0,1.05172
38,58,32,0,1.05172
38,58,33,0,1.05172
38,58,34,0,1.05172
38,58,35,0,1.05172
38,58,36,0,1.05172
38,58,37,0,1.05172
38,58,38,0,1.05172
38,58,39,0,1.05172
38,58,40,0,1.05172
38,58,41,0,1.05172
38,58,42,0,1.05172
38,58,43,0,1.05172
38,58,44,0,1.05172
38,58,45,0,1.05172
38,58,46,0,1.05172
38,58,47,0,1.05172
38,58,48,0,1.05172
38,58,49,0,1.05172
38,58,50,0,1.05172
38,58,51,0,1.05172
38,58,52,0,1.05172
38,58,53,0,1.05172
38,58,54,0,1.05172
38,58,55,0,1.05172
38,58,56,0,1.05172
38,58,57,0,1.05172
38,58,58,0,1.05172
38,58,59,0,1.05172
38,58,60,0,1.05172
38,58,61,0,1.05172
38,58,62,0,1.05172
38,58,63,0,1.05172
38,59,0,0,1.05085
38,59,1,0,1.05085
38,59,2,0,1.05085
38,59,3,0,1.05085
38,59,4,0,1.05085
38,59,5,0,1.05085
38,59,6,0,1.05085
38,59,7,0,1.05085
38,59,8,0,1.05085
38,59,9,0,1.05085
38,59,10,0,1.05085
38,59,11,0,1.05085
38,59,12,0,1.05085
38,59,13,0,1.05085
38,59,14,0,1.05085
38,59,15,0,1.05085
38,59,16,0,1.05085
38,59,17,0,1.05085
38,59,18,0,1.05085
38,59,19,0,1.05085
38,59,20,0,1.05085
38,59,21,0,1.05085
38,59,22,0,1.05085
38,59,23,0,1.05085
38,59,24,0,1.05085
38,59,25,0,1.05085
38,59,26,0,1.05085
38,59,27,0,1.05085
38,59,28,0,1.05085
38,59,29,51,1.05085
38,59,30,11,1.05085
38,59,31,0,1.05085
38,59,32,0,1.05085
38,59,33,0,1.05085
38,59,34,0,1.05085
38,59,35,0,1.05085
38,59,36,0,1.05085
38,59,37,0,1.05085
38,59,38,0,1.05085
38,59,39,0,1.05085
38,59,40,0,1.05085
38,59,41,0,1.05085
38,59,42,0,1.05085
38,59,43,0,1.05085
38,59,44,0,1.05085
38,59,45,0,1.05085
38,59,46,0,1.05085
38,59,47,0,1.05085
38,59,48,0,1.05085
38,59,49,0,1.05085
38,59,50,0,1.05085
38,59,51,0,1.05085
38,59,52,0,1.05085
38,59,53,0,1.05085
38,59,54,0,1.05085
38,59,55,0,1.05085
38,59,56,0,1.05085
38,59,57,0,1.05085
38,59,58,0,1.05085
38,59,59,0,1.05085
38,59,60,0,1.05085
38,59,61,0,1.05085
38,59,62,0,1.05085
38,59,63,0,1.05085
38,60,0,0,1.05
38,60,1,0,1.05
38,60,2,0,1.05
38,60,3,0,1.05
38,60,4,0,1.05
38,60,5,0,1.05
38,60,6,0,1.05
38,60,7,0,1.05
38,60,8,0,1.05
38,60,9,0,1.05
38,60,10,0,1.05
38,60,11,0,1.05
38,60,12,0,1.05
38,60,13,0,1.05
38,60,14,0,1.05
38,60,15,0,1.05
38,60,16,0,1.05
38,60,17,0,1.05
38,60,18,0,1.05
38,60,19,0,1.05
38,60,20,0,1.05
38,60,21,0,1.05
38,60,22,0,1.05
38,60,23,0,1.05
38,60,24,0,1.05
38,60,25,0,1.05
38,60,26,0,1.05
38,60,27,0,1.05
38,60,28,0,1.05
38,60,29,52,1.05
38,60,30,11,1.05
38,60,31,0,1.05
38,60,32,0,1.05
38,60,33,0,1.05
38,60,34,0,1.05
38,60,35,0,1.05
38,60,36,0,1.05
38,60,37,0,1.05
38,60,38,0,1.05
38,60,39,0,1.05
38,60,40,0,1.05
38,60,41,0,1.05
38,60,42,0,1.05
38,60,43,0,1.05
38,60,44,0,1.05
38,60,45,0,1.05
38,60,46,0,1.05
38,60,47,0,1.05
38,60,48,0,1.05
38,60,49,0,1.05
38,60,50,0,1.05
38,60,51,0,1.05
38,60,52,0,1.05
38,60,53,0,1.05
38,60,54,0,1.05
38,60,55,0,1.05
38,60,56,0,1.05
38,60,57,0,1.05
38,60,58,0,1.05
38,60,59,0,1.05
38,60,60,0,1.05
38,60,61,0,1.05
38,60,62,0,1.05
38,60,63,0,1.05
38,61,0,0,1.04918
38,61,1,0,1.04918
38,61,2,0,1.04918
38,61,3,0,1.04918
38,61,4,0,1.04918
38,61,5,0,1.04918
38,61,6,0,1.04918
38,61,7,0,1.04918
38,61,8,0,1.04918
38,61,9,0,1.04918
38,61,10,0,1.04918
38,61,11,0,1.04918
38,61,12,0,1.04918
38,61,13,0,1.04918
38,61,14,0,1.04918
38,61,15,0,1.04918
38,61,16,0,1.04918
38,61,17,0,1.04918
38,61,18,0,1.04918
38,61,19,0,1.04918
38,61,20,0,1.04918
38,61,21,0,1.04918
38,61,22,0,1.04918
38,61,23,0,1.04918
38,61,24,0,1.04918
38,61,25,0,1.04918
38,61,26,0,1.04918
38,61,27,0,1.04918
38,61,28,0,1.04918
38,61,29,52,1.04918
38,61,30,12,1.04918
38,61,31,0,1.04918
38,61,32,0,1.04918
38,61,33,0,1.04918
38,61,34,0,1.04918
38,61,35,0,1.04918
38,61,36,0,1.04918
38,61,37,0,1.04918
38,61,38,0,1.04918
38,61,39,0,1.04918
38,61,40,0,1.04918
38,61,41,0,1.04918
38,61,42,0,1.04918
38,61,43,0,1.04918
38,61,44,0,1.04918
38,61,45,0,1.04918
38,61,46,0,1.04918
38,61,47,0,1.04918
38,61,48,0,1.04918
38,61,49,0,1.04918
38,61,50,0,1.04918
38,61,51,0,1.04918
38,61,52,0,1.04918
38,61,53,0,1.04918
38,61,54,0,1.04918
38,61,55,0,1.04918
38,61,56,0,1.04918
38,61,57,0,1.04918
38,61,58,0,1.04918
38,61,59,0,1.04918
38,61,60,0,1.04918
38,61,61,0,1.04918
38,61,62,0,1.04918
38,61,63,0,1.04918
38,62,0,0,1.04839
38,62,1,0,1.04839
38,62,2,0,1.04839
38,62,3,0,1.04839
38,62,4,0,1.04839
38,62,5,0,1.04839
38,62,6,0,1.04839
38,62,7,0,1.04839
38,62,8,0,1.04839
38,62,9,0,1.04839
38,62,10,0,1.04839
38,62,11,0,1.04839
38,62,12,0,1.04839
38,62,13,0,1.04839
38,62,14,0,1.04839
38,62,15,0,1.04839
38,62,16,0,1.04839
38,62,17,0,1.04839
38,62,18,0,1.04839
38,62,19,0,1.04839
38,62,20,0,1.04839
38,62,21,0,1.04839
38,62,22,0,1.04839
38,62,23,0,1.04839
38,62,24,0,1.04839
38,62,25,0,1.04839
38,62,26,0,1.04839
38,62,27,0,1.04839
38,62,28,0,1.04839
38,62,29,53,1.04839
38,62,30,12,1.04839
38,62,31,0,1.04839
38,62,32,0,1.04839
38,62,33,0,1.04839
38,62,34,0,1.04839
38,62,35,0,1.04839
38,62,36,0,1.04839
38,62,37,0,1.04839
38,62,38,0,1.04839
38,62,39,0,1.04839
38,62,40,0,1.04839
38,62,41,0,1.04839
38,62,42,0,1.04839
38,62,43,0,1.04839
38,62,44,0,1.04839
38,62,45,0,1.04839
38,62,46,0,1.04839
38,62,47,0,1.04839
38,62,48,0,1.04839
38,62,49,0,1.04839
38,62,50,0,1.04839
38,62,51,0,1.04839
38,62,52,0,1.04839
38,62,53,0,1.04839
38,62,54,0,1.04839
38,62,55,0,1.04839
38,62,56,0,1.04839
38,62,57,0,1.04839
38,62,58,0,1.04839
38,62,59,0,1.04839
38,62,60,0,1.04839
38,62,61,0,1.04839
38,62,62,0,1.04839
38,62,63,0,1.04839
38,63,0,0,1.04762
38,63,1,0,1.04762
38,63,2,0,1.04762
38,63,3,0,1.04762
38,63,4,0,1.04762
38,63,5,0,1.04762
38,63,6,0,1.04762
38,63,7,0,1.04762
38,63,8,0,1.04762
38,63,9,0,1.04762
38,63,10,0,1.04762
38,63,11,0,1.04762
38,63,12,0,1.04762
38,63,13,0,1.04762
38,63,14,0,1.04762
38,63,15,0,1.04762
38,63,16,0,1.04762
38,63,17,0,1.04762
38,63,18,0,1.04762
38,63,19,0,1.04762
38,63,20,0,1.04762
38,63,21,0,1.04762
38,63,22,0,1.04762
38,63,23,0,1.04762
38,63,24,0,1.04762
38,63,25,0,1.04762
38,63,26,0,1.04762
38,63,27,0,1.04762
38,63,28,0,1.04762
38,63,29,54,1.04762
38,63,30,12,1.04762
38,63,31,0,1.04762
38,63,32,0,1.04762
38,63,33,0,1.04762
38,63,34,0,1.04762
38,63,35,0,1.04762
38,63,36,0,1.04762
38,63,37,0,1.04762
38,63,38,0,1.04762
38,63,39,0,1.04762
38,63,40,0,1.04762
38,63,41,0,1.04762
38,63,42,0,1.04762
38,63,43,0,1.04762
38,63,44,0,1.04762
38,63,45,0,1.04762
38,63,46,0,1.04762
38,63,47,0,1.04762
38,63,48,0,1.04762
38,63,49,0,1.04762
38,63,50,0,1.04762
38,63,51,0,1.04762
38,63,52,0,1.04762
38,63,53,0,1.04762
38,63,54,0,1.04762
38,63,55,0,1.04762
38,63,56,0,1.04762
38,63,57,0,1.04762
38,63,58,0,1.04762
38,63,59,0,1.04762
38,63,60,0,1.04762
38,63,61,0,1.04762
38,63,62,0,1.04762
38,63,63,0,1.04762
38,64,0,0,1.04688
38,64,1,0,1.04688
38,64,2,0,1.04688
38,64,3,0,1.04688
38,64,4,0,1.04688
38,64,5,0,1.04688
38,64,6,0,1.04688
38,64,7,0,1.04688
38,64,8,0,1.04688
38,64,9,0,1.04688
38,64,10,0,1.04688
38,64,11,0,1.04688
38,64,12,0,1.04688
38,64,13,0,1.04688
38,64,14,0,1.04688
38,64,15,0,1.04688
38,64,16,0,1.04688
38,64,17,0,1.04688
38,64,18,0,1.04688
38,64,19,0,1.04688
38,64,20,0,1.04688
38,64,21,0,1.04688
38,64,22,0,1.04688
38,64,23,0,1.04688
38,64,24,0,1.04688
38,64,25,0,1.04688
38,64,26,0,1.04688
38,64,27,0,1.04688
38,64,28,0,1.04688
38,64,29,54,1.04688
38,64,30,13,1.04688
38,64,31,0,1.04688
38,64,32,0,1.04688
38,64,33,0,1.04688
38,64,34,0,1.04688
38,64,35,0,1.04688
38,64,36,0,1.04688
38,64,37,0,1.04688
38,64,38,0,1.04688
38,64,39,0,1.04688
38,64,40,0,1.04688
38,64,41,0,1.04688
38,64,42,0,1.04688
38,64,43,0,1.04688
38,64,44,0,1.04688
38,64,45,0,1.04688
38,64,46,0,1.04688
38,64,47,0,1.04688
38,64,48,0,1.04688
38,64,49,0,1.04688
38,64,50,0,1.04688
38,64,51,0,1.04688
38,64,52,0,1.04688
38,64,53,0,1.04688
38,64,54,0,1.04688
38,64,55,0,1.04688
38,64,56,0,1.04688
38,64,57,0,1.04688
38,64,58,0,1.04688
38,64,59,0,1.04688
38,64,60,0,1.04688
38,64,61,0,1.04688
38,64,62,0,1.04688
38,64,63,0,1.04688
38,65,0,0,1.04615
38,65,1,0,1.04615
38,65,2,0,1.04615
38,65,3,0,1.04615
38,65,4,0,1.04615
38,65,5,0,1.04615
38,65,6,0,1.04615
38,65,7,0,1.04615
38,65,8,0,1.04615
38,65,9,0,1.04615
38,65,10,0,1.04615
38,65,11,0,1.04615
38,65,12,0,1.04615
38,65,13,0,1.04615
38,65,14,0,1.04615
38,65,15,0,1.04615
38,65,16,0,1.04615
38,65,17,0,1.04615
38,65,18,0,1.04615
38,65,19,0,1.04615
38,65,20,0,1.04615
38,65,21,0,1.04615
38,65,22,0,1.04615
38,65,23,0,1.04615
38,65,24,0,1.04615
38,65,25,0,1.04615
38,65,26,0,1.04615
38,65,27,0,1.04615
38,65,28,0,1.04615
38,65,29,55,1.04615
38,65,30,13,1.04615
38,65,31,0,1.04615
38,65,32,0,1.04615
38,65,33,0,1.04615
38,65,34,0,1.04615
38,65,35,0,1.04615
38,65,36,0,1.04615
38,65,37,0,1.04615
38,65,38,0,1.04615
38,65,39,0,1.04615
38,65,40,0,1.04615
38,65,41,0,1.04615
38,65,42,0,1.04615
38,65,43,0,1.04615
38,65,44,0,1.04615
38,65,45,0,1.04615
38,65,46,0,1.04615
38,65,47,0,1.04615
38,65,48,0,1.04615
38,65,49,0,1.04615
38,65,50,0,1.04615
38,65,51,0,1.04615
38,65,52,0,1.04615
38,65,53,0,1.04615
38,65,54,0,1.04615
38,65,55,0,1.04615
38,65,56,0,1.04615
38,65,57,0,1.04615
38,65,58,0,1.04615
38,65,59,0,1.04615
38,65,60,0,1.04615
38,65,61,0,1.04615
38,65,62,0,1.04615
38,65,63,0,1.04615
38,66,0,0,1.04545
38,66,1,0,1.04545
38,66,2,0,1.04545
38,66,3,0,1.04545
38,66,4,0,1.04545
38,66,5,0,1.04545
38,66,6,0,1.04545
38,66,7,0,1.04545
38,66,8,0,1.04545
38,66,9,0,1.04545
38,66,10,0,1.04545
38,66,11,0,1.04545
38,66,12,0,1.04545
38,66,13,0,1.04545
38,66,14,0,1.04545
38,66,15,0,1.04545
38,66,16,0,1.04545
38,66,17,0,1.04545
38,66,18,0,1.04545
38,66,19,0,1.04545
38,66,20,0,1.04545
38,66,21,0,1.04545
38,66,22,0,1.04545
38,66,23,0,1.04545
38,66,24,0,1.04545
38,66,25,0,1.04545
38,66,26,0,1.04545
38,66,27,0,1.04545
38,66,28,0,1.04545
38,66,29,56,1.04545
38,66,30,13,1.04545
38,66,31,0,1.04545
38,66,32,0,1.04545
38,66,33,0,1.04545
38,66,34,0,1.04545
38,66,35,0,1.04545
38,66,36,0,1.04545
38,66,37,0,1.04545
38,66,38,0,1.04545
38,66,39,0,1.04545
38,66,40,0,1.04545
38,66,41,0,1.04545
38,66,42,0,1.04545
38,66,43,0,1.04545
38,66,44,0,1.04545
38,66,45,0,1.04545
38,66,46,0,1.04545
38,66,47,0,1.04545
38,66,48,0,1.04545
38,66,49,0,1.04545
38,66,50,0,1.04545
38,66,51,0,1.04545
38,66,52,0,1.04545
38,66,53,0,1.04545
38,66,54,0,1.04545
38,66,55,0,1.04545
38,66,56,0,1.04545
38,66,57,0,1.04545
38,66,58,0,1.04545
38,66,59,0,1.04545
38,66,60,0,1.04545
38,66,61,0,1.04545
38,66,62,0,1.04545
38,66,63,0,1.04545
38,67,0,0,1.04478
38,67,1,0,1.04478
38,67,2,0,1.04478
38,67,3,0,1.04478
38,67,4,0,1.04478
38,67,5,0,1.04478
38,67,6,0,1.04478
38,67,7,0,1.04478
38,67,8,0,1.04478
38,67,9,0,1.04478
38,67,10,0,1.04478
38,67,11,0,1.04478
38,67,12,0,1.04478
38,67,13,0,1.04478
38,67,14,0,1.04478
38,67,15,0,1.04478
38,67,16,0,1.04478
38,67,17,0,1.04478
38,67,18,0,1.04478
38,67,19,0,1.04478
38,67,20,0,1.04478
38,67,21,0,1.04478
38,67,22,0,1.04478
38,67,23,0,1.04478
38,67,24,0,1.04478
38,67,25,0,1.04478
38,67,26,0,1.04478
38,67,27,0,1.04478
38,67,28,0,1.04478
38,67,29,57,1.04478
38,67,30,13,1.04478
38,67,31,0,1.04478
38,67,32,0,1.04478
38,67,33,0,1.04478
38,67,34,0,1.04478
38,67,35,0,1.04478
38,67,36,0,1.04478
38,67,37,0,1.04478
38,67,38,0,1.04478
38,67,39,0,1.04478
38,67,40,0,1.04478
38,67,41,0,1.04478
38,67,42,0,1.04478
38,67,43,0,1.04478
38,67,44,0,1.04478
38,67,45,0,1.04478
38,67,46,0,1.04478
38,67,47,0,1.04478
38,67,48,0,1.04478
38,67,49,0,1.04478
38,67,50,0,1.04478
38,67,51,0,1.04478
38,67,52,0,1.04478
38,67,53,0,1.04478
38,67,54,0,1.04478
38,67,55,0,1.04478
38,67,56,0,1.04478
38,67,57,0,1.04478
38,67,58,0,1.04478
38,67,59,0,1.04478
38,67,60,0,1.04478
38,67,61,0,1.04478
38,67,62,0,1.04478
38,67,63,0,1.04478
38,68,0,0,1.04412
38,68,1,0,1.04412
38,68,2,0,1.04412
38,68,3,0,1.04412
38,68,4,0,1.04412
38,68,5,0,1.04412
38,68,6,0,1.04412
38,68,7,0,1.04412
38,68,8,0,1.04412
38,68,9,0,1.04412
38,68,10,0,1.04412
38,68,11,0,1.04412
38,68,12,0,1.04412
38,68,13,0,1.04412
38,68,14,0,1.04412
38,68,15,0,1.04412
38,68,16,0,1.04412
38,68,17,0,1.04412
38,68,18,0,1.04412
38,68,19,0,1.04412
38,68,20,0,1.04412
38,68,21,0,1.04412
38,68,22,0,1.04412
38,68,23,0,1.04412
38,68,24,0,1.04412
38,68,25,0,1.04412
38,68,26,0,1.04412
38,68,27,0,1.04412
38,68,28,0,1.04412
38,68,29,58,1.04412
38,68,30,13,1.04412
38,68,31,0,1.04412
38,68,32,0,1.04412
38,68,33,0,1.04412
38,68,34,0,1.04412
38,68,35,0,1.04412
38,68,36,0,1.04412
38,68,37,0,1.04412
38,68,38,0,1.04412
38,68,39,0,1.04412
38,68,40,0,1.04412
38,68,41,0,1.04412
38,68,42,0,1.04412
38,68,43,0,1.04412
38,68,44,0,1.04412
38,68,45,0,1.04412
38,68,46,0,1.04412
38,68,47,0,1.04412
38,68,48,0,1.04412
38,68,49,0,1.04412
38,68,50,0,1.04412
38,68,51,0,1.04412
38,68,52,0,1.04412
38,68,53,0,1.04412
38,68,54,0,1.04412
38,68,55,0,1.04412
38,68,56,0,1.04412
38,68,57,0,1.04412
38,68,58,0,1.04412
38,68,59,0,1.04412
38,68,60,0,1.04412
38,68,61,0,1.04412
38,68,62,0,1.04412
38,68,63,0,1.04412
38,69,0,0,1.04348
38,69,1,0,1.04348
38,69,2,0,1.04348
38,69,3,0,1.04348
38,69,4,0,1.04348
38,69,5,0,1.04348
38,69,6,0,1.04348
38,69,7,0,1.04348
38,69,8,0,1.04348
38,69,9,0,1.04348
38,69,10,0,1.04348
38,69,11,0,1.04348
38,69,12,0,1.04348
38,69,13,0,1.04348
38,69,14,0,1.04348
38,69,15,0,1.04348
38,69,16,0,1.04348
38,69,17,0,1.04348
38,69,18,0,1.04348
38,69,19,0,1.04348
38,69,20,0,1.04348
38,69,21,0,1.04348
38,69,22,0,1.04348
38,69,23,0,1.04348
38,69,24,0,1.04348
38,69,25,0,1.04348
38,69,26,0,1.04348
38,69,27,0,1.04348
38,69,28,0,1.04348
38,69,29,59,1.04348
38,69,30,13,1.04348
38,69,31,0,1.04348
38,69,32,0,1.04348
38,69,33,0,1.04348
38,69,34,0,1.04348
38,69,35,0,1.04348
38,69,36,0,1.04348
38,69,37,0,1.04348
38,69,38,0,1.04348
38,69,39,0,1.04348
38,69,40,0,1.04348
38,69,41,0,1.04348
38,69,42,0,1.04348
38,69,43,0,1.04348
38,69,44,0,1.04348
38,69,45,0,1.04348
38,69,46,0,1.04348
38,69,47,0,1.04348
38,69,48,0,1.04348
38,69,49,0,1.04348
38,69,50,0,1.04348
38,69,51,0,1.04348
38,69,52,0,1.04348
38,69,53,0,1.04348
38,69,54,0,1.04348
38,69,55,0,1.04348
38,69,56,0,1.04348
38,69,57,0,1.04348
38,69,58,0,1.04348
38,69,59,0,1.04348
38,69,60,0,1.04348
38,69,61,0,1.04348
38,69,62,0,1.04348
38,69,63,0,1.04348
38,70,0,0,1.04286
38,70,1,0,1.04286
38,70,2,0,1.04286
38,70,3,0,1.04286
38,70,4,0,1.04286
38,70,5,0,1.04286
38,70,6,0,1.04286
38,70,7,0,1.04286
38,70,8,0,1.04286
38,70,9,0,1.04286
38,70,10,0,1.04286
38,70,11,0,1.04286
38,70,12,0,1.04286
38,70,13,0,1.04286
38,70,14,0,1.04286
38,70,15,0,1.04286
38,70,16,0,1.04286
38,70,17,0,1.04286
38,70,18,0,1.04286
38,70,19,0,1.04286
38,70,20,0,1.04286
38,70,21,0,1.04286
38,70,22,0,1.04286
38,70,23,0,1.04286
38,70,24,0,1.04286
38,70,25,0,1.04286
38,70,26,0,1.04286
38,70,27,0,1.04286
38,70,28,0,1.04286
38,70,29,60,1.04286
38,70,30,13,1.04286
38,70,31,0,1.04286
38,70,32,0,1.04286
38,70,33,0,1.04286
38,70,34,0,1.04286
38,70,35,0,1.04286
38,70,36,0,1.04286
38,70,37,0,1.04286
38,70,38,0,1.04286
38,70,39,0,1.04286
38,70,40,0,1.04286
38,70,41,0,1.04286
38,70,42,0,1.04286
38,70,43,0,1.04286
38,70,44,0,1.04286
38,70,45,0,1.04286
38,70,46,0,1.04286
38,70,47,0,1.04286
38,70,48,0,1.04286
38,70,49,0,1.04286
38,70,50,0,1.04286
38,70,51,0,1.04286
38,70,52,0,1.04286
38,70,53,0,1.04286
38,70,54,0,1.04286
38,70,55,0,1.04286
38,70,56,0,1.04286
38,70,57,0,1.04286
38,70,58,0,1.04286
38,70,59,0,1.04286
38,70,60,0,1.04286
38,70,61,0,1.04286
38,70,62,0,1.04286
38,70,63,0,1.04286
38,71,0,0,1.04225
38,71,1,0,1.04225
38,71,2,0,1.04225
38,71,3,0,1.04225
38,71,4,0,1.04225
38,71,5,0,1.04225
38,71,6,0,1.04225
38,71,7,0,1.04225
38,71,8,0,1.04225
38,71,9,0,1.04225
38,71,10,0,1.04225
38,71,11,0,1.04225
38,71,12,0,1.04225
38,71,13,0,1.04225
38,71,14,0,1.04225
38,71,15,0,1.04225
38,71,16,0,1.04225
38,71,17,0,1.04225
38,71,18,0,1.04225
38,71,19,0,1.04225
38,71,20,0,1.04225
38,71,21,0,1.04225
38,71,22,0,1.04225
38,71,23,0,1.04225
38,71,24,0,1.04225
38,71,25,0,1.04225
38,71,26,0,1.04225
38,71,27,0,1.04225
38,71,28,0,1.04225
38,71,29,61,1.04225
38,71,30,13,1.04225
38,71,31,0,1.04225
38,71,32,0,1.04225
38,71,33,0,1.04225
38,71,34,0,1.04225
38,71,35,0,1.04225
38,71,36,0,1.04225
38,71,37,0,1.04225
38,71,38,0,1.04225
38,71,39,0,1.04225
38,71,40,0,1.04225
38,71,41,0,1.04225
38,71,42,0,1.04225
38,71,43,0,1.04225
38,71,44,0,1.04225
38,71,45,0,1.04225
38,71,46,0,1.04225
38,71,47,0,1.04225
38,71,48,0,1.04225
38,71,49,0,1.04225
38,71,50,0,1.04225
38,71,51,0,1.04225
38,71,52,0,1.04225
38,71,53,0,1.04225
38,71,54,0,1.04225
38,71,55,0,1.04225
38,71,56,0,1.04225
38,71,57,0,1.04225
38,71,58,0,1.04225
38,71,59,0,1.04225
38,71,60,0,1.04225
38,71,61,0,1.04225
38,71,62,0,1.04225
38,71,63,0,1.04225
38,72,0,0,1.04167
38,72,1,0,1.04167
38,72,2,0,1.04167
38,72,3,0,1.04167
38,72,4,0,1.04167
38,72,5,0,1.04167
38,72,6,0,1.04167
38,72,7,0,1.04167
38,72,8,0,1.04167
38,72,9,0,1.04167
38,72,10,0,1.04167
38,72,11,0,1.04167
38,72,12,0,1.04167
38,72,13,0,1.04167
38,72,14,0,1.04167
38,72,15,0,1.04167
38,72,16,0,1.04167
38,72,17,0,1.04167
38,72,18,0,1.04167
38,72,19,0,1.04167
38,72,20,0,1.04167
38,72,21,0,1.04167
38,72,22,0,1.04167
38,72,23,0,1.04167
38,72,24,0,1.04167
38,72,25,0,1.04167
38,72,26,0,1.04167
38,72,27,0,1.04167
38,72,28,0,1.04167
38,72,29,62,1.04167
38,72,30,13,1.04167
38,72,31,0,1.04167
38,72,32,0,1.04167
38,72,33,0,1.04167
38,72,34,0,1.04167
38,72,35,0,1.04167
38,72,36,0,1.04167
38,72,37,0,1.04167
38,72,38,0,1.04167
38,72,39,0,1.04167
38,72,40,0,1.04167
38,72,41,0,1.04167
38,72,42,0,1.04167
38,72,43,0,1.04167
38,72,44,0,1.04167
38,72,45,0,1.04167
38,72,46,0,1.04167
38,72,47,0,1.04167
38,72,48,0,1.04167
38,72,49,0,1.04167
38,72,50,0,1.04167
38,72,51,0,1.04167
38,72,52,0,1.04167
38,72,53,0,1.04167
38,72,54,0,1.04167
38,72,55,0,1.04167
38,72,56,0,1.04167
38,72,57,0,1.04167
38,72,58,0,1.04167
38,72,59,0,1.04167
38,72,60,0,1.04167
38,72,61,0,1.04167
38,72,62,0,1.04167
38,72,63,0,1.04167
38,73,0,0,1.0411
38,73,1,0,1.0411
38,73,2,0,1.0411
38,73,3,0,1.0411
38,73,4,0,1.0411
38,73,5,0,1.0411
38,73,6,0,1.0411
38,73,7,0,1.0411
38,73,8,0,1.0411
38,73,9,0,1.0411
38,73,10,0,1.0411
38,73,11,0,1.0411
38,73,12,0,1.0411
38,73,13,0,1.0411
38,73,14,0,1.0411
38,73,15,0,1.0411
38,73,16,0,1.0411
38,73,17,0,1.0411
38,73,18,0,1.0411
38,73,19,0,1.0411
38,73,20,0,1.0411
38,73,21,0,1.0411
38,73,22,0,1.0411
38,73,23,0,1.0411
38,73,24,0,1.0411
38,73,25,0,1.0411
38,73,26,0,1.0411
38,73,27,0,1.0411
38,73,28,0,1.0411
38,73,29,63,1.0411
38,73,30,13,1.0411
38,73,31,0,1.0411
38,73,32,0,1.0411
38,73,33,0,1.0411
38,73,34,0,1.0411
38,73,35,0,1.0411
38,73,36,0,1.0411
38,73,37,0,1.0411
38,73,38,0,1.0411
38,73,39,0,1.0411
38,73,40,0,1.0411
38,73,41,0,1.0411
38,73,42,0,1.0411
38,73,43,0,1.0411
38,73,44,0,1.0411
38,73,45,0,1.0411
38,73,46,0,1.0411
38,73,47,0,1.0411
38,73,48,0,1.0411
38,73,49,0,1.0411
38,73,50,0,1.0411
38,73,51,0,1.0411
38,73,52,0,1.0411
38,73,53,0,1.0411
38,73,54,0,1.0411
38,73,55,0,1.0411
38,73,56,0,1.0411
38,73,57,0,1.0411
38,73,58,0,1.0411
38,73,59,0,1.0411
38,73,60,0,1.0411
38,73,61,0,1.0411
38,73,62,0,1.0411
38,73,63,0,1.0411
38,74,0,0,1.04054
38,74,1,0,1.04054
38,74,2,0,1.04054
38,74,3,0,1.04054
38,74,4,0,1.04054
38,74,5,0,1.04054
38,74,6,0,1.04054
38,74,7,0,1.04054
38,74,8,0,1.04054
38,74,9,0,1.04054
38,74,10,0,1.04054
38,74,11,0,1.04054
38,74,12,0,1.04054
38,74,13,0,1.04054
38,74,14,0,1.04054
38,74,15,0,1.04054
38,74,16,0,1.04054
38,74,17,0,1.04054
38,74,18,0,1.04054
38,74,19,0,1.04054
38,74,20,0,1.04054
38,74,21,0,1.04054
38,74,22,0,1.04054
38,74,23,0,1.04054
38,74,24,0,1.04054
38,74,25,0,1.04054
38,74,26,0,1.04054
38,74,27,0,1.04054
38,74,28,0,1.04054
38,74,29,64,1.04054
38,74,30,13,1.04054
38,74,31,0,1.04054
38,74,32,0,1.04054
38,74,33,0,1.04054
38,74,34,0,1.04054
38,74,35,0,1.04054
38,74,36,0,1.04054
38,74,37,0,1.04054
38,74,38,0,1.04054
38,74,39,0,1.04054
38,74,40,0,1.04054
38,74,41,0,1.04054
38,74,42,0,1.04054
38,74,43,0,1.04054
38,74,44,0,1.04054
38,74,45,0,1.04054
38,74,46,0,1.04054
38,74,47,0,1.04054
38,74,48,0,1.04054
38,74,49,0,1.04054
38,74,50,0,1.04054
38,74,51,0,1.04054
38,74,52,0,1.04054
38,74,53,0,1.04054
38,74,54,0,1.04054
38,74,55,0,1.04054
38,74,56,0,1.04054
38,74,57,0,1.04054
38,74,58,0,1.04054
38,74,59,0,1.04054
38,74,60,0,1.04054
38,74,61,0,1.04054
38,74,62,0,1.04054
38,74,63,0,1.04054
38,75,0,0,1.04
38,75,1,0,1.04
38,75,2,0,1.04
38,75,3,0,1.04
38,75,4,0,1.04
38,75,5,0,1.04
38,75,6,0,1.04
38,75,7,0,1.04
38,75,8,0,1.04
38,75,9,0,1.04
38,75,10,0,1.04
38,75,11,0,1.04
38,75,12,0,1.04
38,75,13,0,1.04
38,75,14,0,1.04
38,75,15,0,1.04
38,75,16,0,1.04
38,75,17,0,1.04
38,75,18,0,1.04
38,75,19,0,1.04
38,75,20,0,1.04
38,75,21,0,1.04
38,75,22,0,1.04
38,75,23,0,1.04
38,75,24,0,1.04
38,75,25,0,1.04
38,75,26,0,1.04
38,75,27,0,1.04
38,75,28,0,1.04
38,75,29,65,1.04
38,75,30,13,1.04
38,75,31,0,1.04
38,75,32,0,1.04
38,75,33,0,1.04
38,75,34,0,1.04
38,75,35,0,1.04
38,75,36,0,1.04
38,75,37,0,1.04
38,75,38,0,1.04
38,75,39,0,1.04
38,75,40,0,1.04
38,75,41,0,1.04
38,75,42,0,1.04
38,75,43,0,1.04
38,75,44,0,1.04
38,75,45,0,1.04
38,75,46,0,1.04
38,75,47,0,1.04
38,75,48,0,1.04
38,75,49,0,1.04
38,75,50,0,1.04
38,75,51,0,1.04
38,75,52,0,1.04
38,75,53,0,1.04
38,75,54,0,1.04
38,75,55,0,1.04
38,75,56,0,1.04
38,75,57,0,1.04
38,75,58,0,1.04
38,75,59,0,1.04
38,75,60,0,1.04
38,75,61,0,1.04
38,75,62,0,1.04
38,75,63,0,1.04
38,76,0,0,1.03947
38,76,1,0,1.03947
38,76,2,0,1.03947
38,76,3,0,1.03947
38,76,4,0,1.03947
38,76,5,0,1.03947
38,76,6,0,1.03947
38,76,7,0,1.03947
38,76,8,0,1.03947
38,76,9,0,1.03947
38,76,10,0,1.03947
38,76,11,0,1.03947
38,76,12,0,1.03947
38,76,13,0,1.03947
38,76,14,0,1.03947
38,76,15,0,1.03947
38,76,16,0,1.03947
38,76,17,0,1.03947
38,76,18,0,1.03947
38,76,19,0,1.03947
38,76,20,0,1.03947
38,76,21,0,1.03947
38,76,22,0,1.03947
38,76,23,0,1.03947
38,76,24,0,1.03947
38,76,25,0,1.03947
38,76,26,0,1.03947
38,76,27,0,1.03947
38,76,28,0,1.03947
38,76,29,66,1.03947
38,76,30,13,1.03947
38,76,31,0,1.03947
38,76,32,0,1.03947
38,76,33,0,1.03947
38,76,34,0,1.03947
38,76,35,0,1.03947
38,76,36,0,1.03947
38,76,37,0,1.03947
38,76,38,0,1.03947
38,76,39,0,1.03947
38,76,40,0,1.03947
38,76,41,0,1.03947
38,76,42,0,1.03947
38,76,43,0,1.03947
38,76,44,0,1.03947
38,76,45,0,1.03947
38,76,46,0,1.03947
38,76,47,0,1.03947
38,76,48,0,1.03947
38,76,49,0,1.03947
38,76,50,0,1.03947
38,76,51,0,1.03947
38,76,52,0,1.03947
38,76,53,0,1.03947
38,76,54,0,1.03947
38,76,55,0,1.03947
38,76,56,0,1.03947
38,76,57,0,1.03947
38,76,58,0,1.03947
38,76,59,0,1.03947
38,76,60,0,1.03947
38,76,61,0,1.03947
38,76,62,0,1.03947
38,76,63,0,1.03947
38,77,0,0,1.03896
38,77,1,0,1.03896
38,77,2,0,1.03896
38,77,3,0,1.03896
38,77,4,0,1.03896
38,77,5,0,1.03896
38,77,6,0,1.03896
38,77,7,0,1.03896
38,77,8,0,1.03896
38,77,9,0,1.03896
38,77,10,0,1.03896
38,77,11,0,1.03896
38,77,12,0,1.03896
38,77,13,0,1.03896
38,77,14,0,1.03896
38,77,15,0,1.03896
38,77,16,0,1.03896
38,77,17,0,1.03896
38,77,18,0,1.03896
38,77,19,0,1.03896
38,77,20,0,1.03896
38,77,21,0,1.03896
38,77,22,0,1.03896
38,77,23,0,1.03896
38,77,24,0,1.03896
38,77,25,0,1.03896
38,77,26,0,1.03896
38,77,27,0,1.03896
38,77,28,0,1.03896
38,77,29,67,1.03896
38,77,30,13,1.03896
38,77,31,0,1.03896
38,77,32,0,1.03896
38,77,33,0,1.03896
38,77,34,0,1.03896
38,77,35,0,1.03896
38,77,36,0,1.03896
38,77,37,0,1.03896
38,77,38,0,1.03896
38,77,39,0,1.03896
38,77,40,0,1.03896
38,77,41,0,1.03896
38,77,42,0,1.03896
38,77,43,0,1.03896
38,77,44,0,1.03896
38,77,45,0,1.03896
38,77,46,0,1.03896
38,77,47,0,1.03896
38,77,48,0,1.03896
38,77,49,0,1.03896
38,77,50,0,1.03896
38,77,51,0,1.03896
38,77,52,0,1.03896
38,77,53,0,1.03896
38,77,54,0,1.03896
38,77,55,0,1.03896
38,77,56,0,1.03896
38,77,57,0,1.03896
38,77,58,0,1.03896
38,77,59,0,1.03896
38,77,60,0,1.03896
38,77,61,0,1.03896
38,77,62,0,1.03896
38,77,63,0,1.03896
38,78,0,0,1.03846
38,78,1,0,1.03846
38,78,2,0,1.03846
38,78,3,0,1.03846
38,78,4,0,1.03846
38,78,5,0,1.03846
38,78,6,0,1.03846
38,78,7,0,1.03846
38,78,8,0,1.03846
38,78,9,0,1.03846
38,78,10,0,1.03846
38,78,11,0,1.03846
38,78,12,0,1.03846
38,78,13,0,1.03846
38,78,14,0,1.03846
38,78,15,0,1.03846
38,78,16,0,1.03846
38,78,17,0,1.03846
38,78,18,0,1.03846
38,78,19,0,1.03846
38,78,20,0,1.03846
38,78,21,0,1.03846
38,78,22,0,1.03846
38,78,23,0,1.03846
38,78,24,0,1.03846
38,78,25,0,1.03846
38,78,26,0,1.03846
38,78,27,0,1.03846
38,78,28,0,1.03846
38,78,29,68,1.03846
38,78,30,13,1.03846
38,78,31,0,1.03846
38,78,32,0,1.03846
38,78,33,0,1.03846
38,78,34,0,1.03846
38,78,35,0,1.03846
38,78,36,0,1.03846
38,78,37,0,1.03846
38,78,38,0,1.03846
38,78,39,0,1.03846
38,78,40,0,1.03846
38,78,41,0,1.03846
38,78,42,0,1.03846
38,78,43,0,1.03846
38,78,44,0,1.03846
38,78,45,0,1.03846
38,78,46,0,1.03846
38,78,47,0,1.03846
38,78,48,0,1.03846
38,78,49,0,1.03846
38,78,50,0,1.03846
38,78,51,0,1.03846
38,78,52,0,1.03846
38,78,53,0,1.03846
38,78,54,0,1.03846
38,78,55,0,1.03846
38,78,56,0,1.03846
38,78,57,0,1.03846
38,78,58,0,1.03846
38,78,59,0,1.03846
38,78,60,0,1.03846
38,78,61,0,1.03846
38,78,62,0,1.03846
38,78,63,0,1.03846
38,79,0,0,1.03797
38,79,1,0,1.03797
38,79,2,0,1.03797
38,79,3,0,1.03797
38,79,4,0,1.03797
38,79,5,0,1.03797
38,79,6,0,1.03797
38,79,7,0,1.03797
38,79,8,0,1.03797
38,79,9,0,1.03797
38,79,10,0,1.03797
38,79,11,0,1.03797
38,79,12,0,1.03797
38,79,13,0,1.03797
38,79,14,0,1.03797
38,79,15,0,1.03797
38,79,16,0,1.03797
38,79,17,0,1.03797
38,79,18,0,1.03797
38,79,19,0,1.03797
38,79,20,0,1.03797
38,79,21,0,1.03797
38,79,22,0,1.03797
38,79,23,0,1.03797
38,79,24,0,1.03797
38,79,25,0,1.03797
38,79,26,0,1.03797
38,79,27,0,1.03797
38,79,28,0,1.03797
38,79,29,69,1.03797
38,79,30,13,1.03797
38,79,31,0,1.03797
38,79,32,0,1.03797
38,79,33,0,1.03797
38,79,34,0,1.03797
38,79,35,0,1.03797
38,79,36,0,1.03797
38,79,37,0,1.03797
38,79,38,0,1.03797
38,79,39,0,1.03797
38,79,40,0,1.03797
38,79,41,0,1.03797
38,79,42,0,1.03797
38,79,43,0,1.03797
38,79,44,0,1.03797
38,79,45,0,1.03797
38,79,46,0,1.03797
38,79,47,0,1.03797
38,79,48,0,1.03797
38,79,49,0,1.03797
38,79,50,0,1.03797
38,79,51,0,1.03797
38,79,52,0,1.03797
38,79,53,0,1.03797
38,79,54,0,1.03797
38,79,55,0,1.03797
38,79,56,0,1.03797
38,79,57,0,1.03797
38,79,58,0,1.03797
38,79,59,0,1.03797
38,79,60,0,1.03797
38,79,61,0,1.03797
38,79,62,0,1.03797
38,79,63,0,1.03797
38,80,0,0,1.0375
38,80,1,0,1.0375
38,80,2,0,1.0375
38,80,3,0,1.0375
38,80,4,0,1.0375
38,80,5,0,1.0375
38,80,6,0,1.0375
38,80,7,0,1.0375
38,80,8,0,1.0375
38,80,9,0,1.0375
38,80,10,0,1.0375
38,80,11,0,1.0375
38,80,12,0,1.0375
38,80,13,0,1.0375
38,80,14,0,1.0375
38,80,15,0,1.0375
38,80,16,0,1.0375
38,80,17,0,1.0375
38,80,18,0,1.0375
38,80,19,0,1.0375
38,80,20,0,1.0375
38,80,21,0,1.0375
38,80,22,0,1.0375
38,80,23,0,1.0375
38,80,24,0,1.0375
38,80,25,0,1.0375
38,80,26,0,1.0375
38,80,27,0,1.0375
38,80,28,0,1.0375
38,80,29,70,1.0375
38,80,30,13,1.0375
38,80,31,0,1.0375
38,80,32,0,1.0375
38,80,33,0,1.0375
38,80,34,0,1.0375
38,80,35,0,1.0375
38,80,36,0,1.0375
38,80,37,0,1.0375
38,80,38,0,1.0375
38,80,39,0,1.0375
38,80,40,0,1.0375
38,80,41,0,1.0375
38,80,42,0,1.0375
38,80,43,0,1.0375
38,80,44,0,1.0375
38,80,45,0,1.0375
38,80,46,0,1.0375
38,80,47,0,1.0375
38,80,48,0,1.0375
38,80,49,0,1.0375
38,80,50,0,1.0375
38,80,51,0,1.0375
38,80,52,0,1.0375
38,80,53,0,1.0375
38,80,54,0,1.0375
38,80,55,0,1.0375
38,80,56,0,1.0375
38,80,57,0,1.0375
38,80,58,0,1.0375
38,80,59,0,1.0375
38,80,60,0,1.0375
38,80,61,0,1.0375
38,80,62,0,1.0375
38,80,63,0,1.0375
38,81,0,0,1.03704
38,81,1,0,1.03704
38,81,2,0,1.03704
38,81,3,0,1.03704
38,81,4,0,1.03704
38,81,5,0,1.03704
38,81,6,0,1.03704
38,81,7,0,1.03704
38,81,8,0,1.03704
38,81,9,0,1.03704
38,81,10,0,1.03704
38,81,11,0,1.03704
38,81,12,0,1.03704
38,81,13,0,1.03704
38,81,14,0,1.03704
38,81,15,0,1.03704
38,81,16,0,1.03704
38,81,17,0,1.03704
38,81,18,0,1.03704
38,81,19,0,1.03704
38,81,20,0,1.03704
38,81,21,0,1.03704
38,81,22,0,1.03704
38,81,23,0,1.03704
38,81,24,0,1.03704
38,81,25,0,1.03704
38,81,26,0,1.03704
38,81,27,0,1.03704
38,81,28,0,1.03704
38,81,29,71,1.03704
38,81,30,13,1.03704
38,81,31,0,1.03704
38,81,32,0,1.03704
38,81,33,0,1.03704
38,81,34,0,1.03704
38,81,35,0,1.03704
38,81,36,0,1.03704
38,81,37,0,1.03704
38,81,38,0,1.03704
38,81,39,0,1.03704
38,81,40,0,1.03704
38,81,41,0,1.03704
38,81,42,0,1.03704
38,81,43,0,1.03704
38,81,44,0,1.03704
38,81,45,0,1.03704
38,81,46,0,1.03704
38,81,47,0,1.03704
38,81,48,0,1.03704
38,81,49,0,1.03704
38,81,50,0,1.03704
38,81,51,0,1.03704
38,81,52,0,1.03704
38,81,53,0,1.03704
38,81,54,0,1.03704
38,81,55,0,1.03704
38,81,56,0,1.03704
38,81,57,0,1.03704
38,81,58,0,1.03704
38,81,59,0,1.03704
38,81,60,0,1.03704
38,81,61,0,1.03704
38,81,62,0,1.03704
38,81,63,0,1.03704
38,82,0,0,1.03659
38,82,1,0,1.03659
38,82,2,0,1.03659
38,82,3,0,1.03659
38,82,4,0,1.03659
38,82,5,0,1.03659
38,82,6,0,1.03659
38,82,7,0,1.03659
38,82,8,0,1.03659
38,82,9,0,1.03659
38,82,10,0,1.03659
38,82,11,0,1.03659
38,82,12,0,1.03659
38,82,13,0,1.03659
38,82,14,0,1.03659
38,82,15,0,1.03659
38,82,16,0,1.03659
38,82,17,0,1.03659
38,82,18,0,1.03659
38,82,19,0,1.03659
38,82,20,0,1.03659
38,82,21,0,1.03659
38,82,22,0,1.03659
38,82,23,0,1.03659
38,82,24,0,1.03659
38,82,25,0,1.03659
38,82,26,0,1.03659
38,82,27,0,1.03659
38,82,28,0,1.03659
38,82,29,72,1.03659
38,82,30,13,1.03659
38,82,31,0,1.03659
38,82,32,0,1.03659
38,82,33,0,1.03659
38,82,34,0,1.03659
38,82,35,0,1.03659
38,82,36,0,1.03659
38,82,37,0,1.03659
38,82,38,0,1.03659
38,82,39,0,1.03659
38,82,40,0,1.03659
38,82,41,0,1.03659
38,82,42,0,1.03659
38,82,43,0,1.03659
38,82,44,0,1.03659
38,82,45,0,1.03659
38,82,46,0,1.03659
38,82,47,0,1.03659
38,82,48,0,1.03659
38,82,49,0,1.03659
38,82,50,0,1.03659
38,82,51,0,1.03659
38,82,52,0,1.03659
38,82,53,0,1.03659
38,82,54,0,1.03659
38,82,55,0,1.03659
38,82,56,0,1.03659
38,82,57,0,1.03659
38,82,58,0,1.03659
38,82,59,0,1.03659
38,82,60,0,1.03659
38,82,61,0,1.03659
38,82,62,0,1.03659
38,82,63,0,1.03659
38,83,0,0,1.03614
38,83,1,0,1.03614
38,83,2,0,1.03614
38,83,3,0,1.03614
38,83,4,0,1.03614
38,83,5,0,1.03614
38,83,6,0,1.03614
38,83,7,0,1.03614
38,83,8,0,1.03614
38,83,9,0,1.03614
38,83,10,0,1.03614
38,83,11,0,1.03614
38,83,12,0,1.03614
38,83,13,0,1.03614
38,83,14,0,1.03614
38,83,15,0,1.03614
38,83,16,0,1.03614
38,83,17,0,1.03614
38,83,18,0,1.03614
38,83,19,0,1.03614
38,83,20,0,1.03614
38,83,21,0,1.03614
38,83,22,0,1.03614
38,83,23,0,1.03614
38,83,24,0,1.03614
38,83,25,0,1.03614
38,83,26,0,1.03614
38,83,27,0,1.03614
38,83,28,0,1.03614
38,83,29,73,1.03614
38,83,30,13,1.03614
38,83,31,0,1.03614
38,83,32,0,1.03614
38,83,33,0,1.03614
38,83,34,0,1.03614
38,83,35,0,1.03614
38,83,36,0,1.03614
38,83,37,0,1.03614
38,83,38,0,1.03614
38,83,39,0,1.03614
38,83,40,0,1.03614
38,83,41,0,1.03614
38,83,42,0,1.03614
38,83,43,0,1.03614
38,83,44,0,1.03614
38,83,45,0,1.03614
38,83,46,0,1.03614
38,83,47,0,1.03614
38,83,48,0,1.03614
38,83,49,0,1.03614
38,83,50,0,1.03614
38,83,51,0,1.03614
38,83,52,0,1.03614
38,83,53,0,1.03614
38,83,54,0,1.03614
38,83,55,0,1.03614
38,83,56,0,1.03614
38,83,57,0,1.03614
38,83,58,0,1.03614
38,83,59,0,1.03614
38,83,60,0,1.03614
38,83,61,0,1.03614
38,83,62,0,1.03614
38,83,63,0,1.03614
38,84,0,0,1.03571
38,84,1,0,1.03571
38,84,2,0,1.03571
38,84,3,0,1.03571
38,84,4,0,1.03571
38,84,5,0,1.03571
38,84,6,0,1.03571
38,84,7,0,1.03571
38,84,8,0,1.03571
38,84,9,0,1.03571
38,84,10,0,1.03571
38,84,11,0,1.03571
38,84,12,0,1.03571
38,84,13,0,1.03571
38,84,14,0,1.03571
38,84,15,0,1.03571
38,84,16,0,1.03571
38,84,17,0,1.03571
38,84,18,0,1.03571
38,84,19,0,1.03571
38,84,20,0,1.03571
38,84,21,0,1.03571
38,84,22,0,1.03571
38,84,23,0,1.03571
38,84,24,0,1.03571
38,84,25,0,1.03571
38,84,26,0,1.03571
38,84,27,0,1.03571
38,84,28,0,1.03571
38,84,29,74,1.03571
38,84,30,13,1.03571
38,84,31,0,1.03571
38,84,32,0,1.03571
38,84,33,0,1.03571
38,84,34,0,1.03571
38,84,35,0,1.03571
38,84,36,0,1.03571
38,84,37,0,1.03571
38,84,38,0,1.03571
38,84,39,0,1.03571
38,84,40,0,1.03571
38,84,41,0,1.03571
38,84,42,0,1.03571
38,84,43,0,1.03571
38,84,44,0,1.03571
38,84,45,0,1.03571
38,84,46,0,1.03571
38,84,47,0,1.03571
38,84,48,0,1.03571
38,84,49,0,1.03571
38,84,50,0,1.03571
38,84,51,0,1.03571
38,84,52,0,1.03571
38,84,53,0,1.03571
38,84,54,0,1.03571
38,84,55,0,1.03571
38,84,56,0,1.03571
38,84,57,0,1.03571
38,84,58,0,1.03571
38,84,59,0,1.03571
38,84,60,0,1.03571
38,84,61,0,1.03571
38,84,62,0,1.03571
38,84,63,0,1.03571
38,85,0,0,1.03529
38,85,1,0,1.03529
38,85,2,0,1.03529
38,85,3,0,1.03529
38,85,4,0,1.03529
38,85,5,0,1.03529
38,85,6,0,1.03529
38,85,7,0,1.03529
38,85,8,0,1.03529
38,85,9,0,1.03529
38,85,10,0,1.03529
38,85,11,0,1.03529
38,85,12,0,1.03529
38,85,13,0,1.03529
38,85,14,0,1.03529
38,85,15,0,1.03529
38,85,16,0,1.03529
38,85,17,0,1.03529
38,85,18,0,1.03529
38,85,19,0,1.03529
38,85,20,0,1.03529
38,85,21,0,1.03529
38,85,22,0,1.03529
38,85,23,0,1.03529
38,85,24,0,1.03529
38,85,25,0,1.03529
38,85,26,0,1.03529
38,85,27,0,1.03529
38,85,28,0,1.03529
38,85,29,75,1.03529
38,85,30,13,1.03529
38,85,31,0,1.03529
38,85,32,0,1.03529
38,85,33,0,1.03529
38,85,34,0,1.03529
38,85,35,0,1.03529
38,85,36,0,1.03529
38,85,37,0,1.03529
38,85,38,0,1.03529
38,85,39,0,1.03529
38,85,40,0,1.03529
38,85,41,0,1.03529
38,85,42,0,1.03529
38,85,43,0,1.03529
38,85,44,0,1.03529
38,85,45,0,1.03529
38,85,46,0,1.03529
38,85,47,0,1.03529
38,85,48,0,1.03529
38,85,49,0,1.03529
38,85,50,0,1.03529
38,85,51,0,1.03529
38,85,52,0,1.03529
38,85,53,0,1.03529
38,85,54,0,1.03529
38,85,55,0,1.03529
38,85,56,0,1.03529
38,85,57,0,1.03529
38,85,58,0,1.03529
38,85,59,0,1.03529
38,85,60,0,1.03529
38,85,61,0,1.03529
38,85,62,0,1.03529
38,85,63,0,1.03529
38,86,0,0,1.03488
38,86,1,0,1.03488
38,86,2,0,1.03488
38,86,3,0,1.03488
38,86,4,0,1.03488
38,86,5,0,1.03488
38,86,6,0,1.03488
38,86,7,0,1.03488
38,86,8,0,1.03488
38,86,9,0,1.03488
38,86,10,0,1.03488
38,86,11,0,1.03488
38,86,12,0,1.03488
38,86,13,0,1.03488
38,86,14,0,1.03488
38,86,15,0,1.03488
38,86,16,0,1.03488
38,86,17,0,1.03488
38,86,18,0,1.03488
38,86,19,0,1.03488
38,86,20,0,1.03488
38,86,21,0,1.03488
38,86,22,0,1.03488
38,86,23,0,1.03488
38,86,24,0,1.03488
38,86,25,0,1.03488
38,86,26,0,1.03488
38,86,27,0,1.03488
38,86,28,0,1.03488
38,86,29,75,1.03488
38,86,30,14,1.03488
38,86,31,0,1.03488
38,86,32,0,1.03488
38,86,33,0,1.03488
38,86,34,0,1.03488
38,86,35,0,1.03488
38,86,36,0,1.03488
38,86,37,0,1.03488
38,86,38,0,1.03488
38,86,39,0,1.03488
38,86,40,0,1.03488
38,86,41,0,1.03488
38,86,42,0,1.03488
38,86,43,0,1.03488
38,86,44,0,1.03488
38,86,45,0,1.03488
38,86,46,0,1.03488
38,86,47,0,1.03488
38,86,48,0,1.03488
38,86,49,0,1.03488
38,86,50,0,1.03488
38,86,51,0,1.03488
38,86,52,0,1.03488
38,86,53,0,1.03488
38,86,54,0,1.03488
38,86,55,0,1.03488
38,86,56,0,1.03488
38,86,57,0,1.03488
38,86,58,0,1.03488
38,86,59,0,1.03488
38,86,60,0,1.03488
38,86,61,0,1.03488
38,86,62,0,1.03488
38,86,63,0,1.03488
38,87,0,0,1.03448
38,87,1,0,1.03448
38,87,2,0,1.03448
38,87,3,0,1.03448
38,87,4,0,1.03448
38,87,5,0,1.03448
38,87,6,0,1.03448
38,87,7,0,1.03448
38,87,8,0,1.03448
38,87,9,0,1.03448
38,87,10,0,1.03448
38,87,11,0,1.03448
38,87,12,0,1.03448
38,87,13,0,1.03448
38,87,14,0,1.03448
38,87,15,0,1.03448
38,87,16,0,1.03448
38,87,17,0,1.03448
38,87,18,0,1.03448
38,87,19,0,1.03448
38,87,20,0,1.03448
38,87,21,0,1.03448
38,87,22,0,1.03448
38,87,23,0,1.03448
38,87,24,0,1.03448
38,87,25,0,1.03448
38,87,26,0,1.03448
38,87,27,0,1.03448
38,87,28,0,1.03448
38,87,29,76,1.03448
38,87,30,14,1.03448
38,87,31,0,1.03448
38,87,32,0,1.03448
38,87,33,0,1.03448
38,87,34,0,1.03448
38,87,35,0,1.03448
38,87,36,0,1.03448
38,87,37,0,1.03448
38,87,38,0,1.03448
38,87,39,0,1.03448
38,87,40,0,1.03448
38,87,41,0,1.03448
38,87,42,0,1.03448
38,87,43,0,1.03448
38,87,44,0,1.03448
38,87,45,0,1.03448
38,87,46,0,1.03448
38,87,47,0,1.03448
38,87,48,0,1.03448
38,87,49,0,1.03448
38,87,50,0,1.03448
38,87,51,0,1.03448
38,87,52,0,1.03448
38,87,53,0,1.03448
38,87,54,0,1.03448
38,87,55,0,1.03448
38,87,56,0,1.03448
38,87,57,0,1.03448
38,87,58,0,1.03448
38,87,59,0,1.03448
38,87,60,0,1.03448
38,87,61,0,1.03448
38,87,62,0,1.03448
38,87,63,0,1.03448
38,88,0,0,1.03409
38,88,1,0,1.03409
38,88,2,0,1.03409
38,88,3,0,1.03409
38,88,4,0,1.03409
38,88,5,0,1.03409
38,88,6,0,1.03409
38,88,7,0,1.03409
38,88,8,0,1.03409
38,88,9,0,1.03409
38,88,10,0,1.03409
38,88,11,0,1.03409
38,88,12,0,1.03409
38,88,13,0,1.03409
38,88,14,0,1.03409
38,88,15,0,1.03409
38,88,16,0,1.03409
38,88,17,0,1.03409
38,88,18,0,1.03409
38,88,19,0,1.03409
38,88,20,0,1.03409
38,88,21,0,1.03409
38,88,22,0,1.03409
38,88,23,0,1.03409
38,88,24,0,1.03409
38,88,25,0,1.03409
38,88,26,0,1.03409
38,88,27,0,1.03409
38,88,28,0,1.03409
38,88,29,77,1.03409
38,88,30,14,1.03409
38,88,31,0,1.03409
38,88,32,0,1.03409
38,88,33,0,1.03409
38,88,34,0,1.03409
38,88,35,0,1.03409
38,88,36,0,1.03409
38,88,37,0,1.03409
38,88,38,0,1.03409
38,88,39,0,1.03409
38,88,40,0,1.03409
38,88,41,0,1.03409
38,88,42,0,1.03409
38,88,43,0,1.03409
38,88,44,0,1.03409
38,88,45,0,1.03409
38,88,46,0,1.03409
38,88,47,0,1.03409
38,88,48,0,1.03409
38,88,49,0,1.03409
38,88,50,0,1.03409
38,88,51,0,1.03409
38,88,52,0,1.03409
38,88,53,0,1.03409
38,88,54,0,1.03409
38,88,55,0,1.03409
38,88,56,0,1.03409
38,88,57,0,1.03409
38,88,58,0,1.03409
38,88,59,0,1.03409
38,88,60,0,1.03409
38,88,61,0,1.03409
38,88,62,0,1.03409
38,88,63,0,1.03409
38,89,0,0,1.04494
38,89,1,0,1.04494
38,89,2,0,1.04494
38,89,3,0,1.04494
38,89,4,0,1.04494
38,89,5,0,1.04494
38,89,6,0,1.04494
38,89,7,0,1.04494
38,89,8,0,1.04494
38,89,9,0,1.04494
38,89,10,0,1.04494
38,89,11,0,1.04494
38,89,12,0,1.04494
38,89,13,0,1.04494
38,89,14,0,1.04494
38,89,15,0,1.04494
38,89,16,0,1.04494
38,89,17,0,1.04494
38,89,18,0,1.04494
38,89,19,0,1.04494
38,89,20,0,1.04494
38,89,21,0,1.04494
38,89,22,0,1.04494
38,89,23,0,1.04494
38,89,24,0,1.04494
38,89,25,0,1.04494
38,89,26,0,1.04494
38,89,27,0,1.04494
38,89,28,0,1.04494
38,89,29,79,1.04494
38,89,30,14,1.04494
38,89,31,0,1.04494
38,89,32,0,1.04494
38,89,33,0,1.04494
38,89,34,0,1.04494
38,89,35,0,1.04494
38,89,36,0,1.04494
38,89,37,0,1.04494
38,89,38,0,1.04494
38,89,39,0,1.04494
38,89,40,0,1.04494
38,89,41,0,1.04494
38,89,42,0,1.04494
38,89,43,0,1.04494
38,89,44,0,1.04494
38,89,45,0,1.04494
38,89,46,0,1.04494
38,89,47,0,1.04494
38,89,48,0,1.04494
38,89,49,0,1.04494
38,89,50,0,1.04494
38,89,51,0,1.04494
38,89,52,0,1.04494
38,89,53,0,1.04494
38,89,54,0,1.04494
38,89,55,0,1.04494
38,89,56,0,1.04494
38,89,57,0,1.04494
38,89,58,0,1.04494
38,89,59,0,1.04494
38,89,60,0,1.04494
38,89,61,0,1.04494
38,89,62,0,1.04494
38,89,63,0,1.04494
38,90,0,0,1.04444
38,90,1,0,1.04444
38,90,2,0,1.04444
38,90,3,0,1.04444
38,90,4,0,1.04444
38,90,5,0,1.04444
38,90,6,0,1.04444
38,90,7,0,1.04444
38,90,8,0,1.04444
38,90,9,0,1.04444
38,90,10,0,1.04444
38,90,11,0,1.04444
38,90,12,0,1.04444
38,90,13,0,1.04444
38,90,14,0,1.04444
38,90,15,0,1.04444
38,90,16,0,1.04444
38,90,17,0,1.04444
38,90,18,0,1.04444
38,90,19,0,1.04444
38,90,20,0,1.04444
38,90,21,0,1.04444
38,90,22,0,1.04444
38,90,23,0,1.04444
38,90,24,0,1.04444
38,90,25,0,1.04444
38,90,26,0,1.04444
38,90,27,0,1.04444
38,90,28,0,1.04444
38,90,29,80,1.04444
38,90,30,14,1.04444
38,90,31,0,1.04444
38,90,32,0,1.04444
38,90,33,0,1.04444
38,90,34,0,1.04444
38,90,35,0,1.04444
38,90,36,0,1.04444
38,90,37,0,1.04444
38,90,38,0,1.04444
38,90,39,0,1.04444
38,90,40,0,1.04444
38,90,41,0,1.04444
38,90,42,0,1.04444
38,90,43,0,1.04444
38,90,44,0,1.04444
38,90,45,0,1.04444
38,90,46,0,1.04444
38,90,47,0,1.04444
38,90,48,0,1.04444
38,90,49,0,1.04444
38,90,50,0,1.04444
38,90,51,0,1.04444
38,90,52,0,1.04444
38,90,53,0,1.04444
38,90,54,0,1.04444
38,90,55,0,1.04444
38,90,56,0,1.04444
38,90,57,0,1.04444
38,90,58,0,1.04444
38,90,59,0,1.04444
38,90,60,0,1.04444
38,90,61,0,1.04444
38,90,62,0,1.04444
38,90,63,0,1.04444
38,91,0,0,1.04396
38,91,1,0,1.04396
38,91,2,0,1.04396
38,91,3,0,1.04396
38,91,4,0,1.04396
38,91,5,0,1.04396
38,91,6,0,1.04396
38,91,7,0,1.04396
38,91,8,0,1.04396
38,91,9,0,1.04396
38,91,10,0,1.04396
38,91,11,0,1.04396
38,91,12,0,1.04396
38,91,13,0,1.04396
38,91,14,0,1.04396
38,91,15,0,1.04396
38,91,16,0,1.04396
38,91,17,0,1.04396
38,91,18,0,1.04396
38,91,19,0,1.04396
38,91,20,0,1.04396
38,91,21,0,1.04396
38,91,22,0,1.04396
38,91,23,0,1.04396
38,91,24,0,1.04396
38,91,25,0,1.04396
38,91,26,0,1.04396
38,91,27,0,1.04396
38,91,28,0,1.04396
38,91,29,81,1.04396
38,91,30,14,1.04396
38,91,31,0,1.04396
38,91,32,0,1.04396
38,91,33,0,1.04396
38,91,34,0,1.04396
38,91,35,0,1.04396
38,91,36,0,1.04396
38,91,37,0,1.04396
38,91,38,0,1.04396
38,91,39,0,1.04396
38,91,40,0,1.04396
38,91,41,0,1.04396
38,91,42,0,1.04396
38,91,43,0,1.04396
38,91,44,0,1.04396
38,91,45,0,1.04396
38,91,46,0,1.04396
38,91,47,0,1.04396
38,91,48,0,1.04396
38,91,49,0,1.04396
38,91,50,0,1.04396
38,91,51,0,1.04396
38,91,52,0,1.04396
38,91,53,0,1.04396
38,91,54,0,1.04396
38,91,55,0,1.04396
38,91,56,0,1.04396
38,91,57,0,1.04396
38,91,58,0,1.04396
38,91,59,0,1.04396
38,91,60,0,1.04396
38,91,61,0,1.04396
38,91,62,0,1.04396
38,91,63,0,1.04396
38,92,0,0,1.04348
38,92,1,0,1.04348
38,92,2,0,1.04348
38,92,3,0,1.04348
38,92,4,0,1.04348
38,92,5,0,1.04348
38,92,6,0,1.04348
38,92,7,0,1.04348
38,92,8,0,1.04348
38,92,9,0,1.04348
38,92,10,0,1.04348
38,92,11,0,1.04348
38,92,12,0,1.04348
38,92,13,0,1.04348
38,92,14,0,1.04348
38,92,15,0,1.04348
38,92,16,0,1.04348
38,92,17,0,1.04348
38,92,18,0,1.04348
38,92,19,0,1.04348
38,92,20,0,1.04348
38,92,21,0,1.04348
38,92,22,0,1.04348
38,92,23,0,1.04348
38,92,24,0,1.04348
38,92,25,0,1.04348
38,92,26,0,1.04348
38,92,27,0,1.04348
38,92,28,0,1.04348
38,92,29,82,1.04348
38,92,30,14,1.04348
38,92,31,0,1.04348
38,92,32,0,1.04348
38,92,33,0,1.04348
38,92,34,0,1.04348
38,92,35,0,1.04348
38,92,36,0,1.04348
38,92,37,0,1.04348
38,92,38,0,1.04348
38,92,39,0,1.04348
38,92,40,0,1.04348
38,92,41,0,1.04348
38,92,42,0,1.04348
38,92,43,0,1.04348
38,92,44,0,1.04348
38,92,45,0,1.04348
38,92,46,0,1.04348
38,92,47,0,1.04348
38,92,48,0,1.04348
38,92,49,0,1.04348
38,92,50,0,1.04348
38,92,51,0,1.04348
38,92,52,0,1.04348
38,92,53,0,1.04348
38,92,54,0,1.04348
38,92,55,0,1.04348
38,92,56,0,1.04348
38,92,57,0,1.04348
38,92,58,0,1.04348
38,92,59,0,1.04348
38,92,60,0,1.04348
38,92,61,0,1.04348
38,92,62,0,1.04348
38,92,63,0,1.04348
38,93,0,0,1.04301
38,93,1,0,1.04301
38,93,2,0,1.04301
38,93,3,0,1.04301
38,93,4,0,1.04301
38,93,5,0,1.04301
38,93,6,0,1.04301
38,93,7,0,1.04301
38,93,8,0,1.04301
38,93,9,0,1.04301
38,93,10,0,1.04301
38,93,11,0,1.04301
38,93,12,0,1.04301
38,93,13,0,1.04301
38,93,14,0,1.04301
38,93,15,0,1.04301
38,93,16,0,1.04301
38,93,17,0,1.04301
38,93,18,0,1.04301
38,93,19,0,1.04301
38,93,20,0,1.04301
38,93,21,0,1.04301
38,93,22,0,1.04301
38,93,23,0,1.04301
38,93,24,0,1.04301
38,93,25,0,1.04301
38,93,26,0,1.04301
38,93,27,0,1.04301
38,93,28,0,1.04301
38,93,29,83,1.04301
38,93,30,14,1.04301
38,93,31,0,1.04301
38,93,32,0,1.04301
38,93,33,0,1.04301
38,93,34,0,1.04301
38,93,35,0,1.04301
38,93,36,0,1.04301
38,93,37,0,1.04301
38,93,38,0,1.04301
38,93,39,0,1.04301
38,93,40,0,1.04301
38,93,41,0,1.04301
38,93,42,0,1.04301
38,93,43,0,1.04301
38,93,44,0,1.04301
38,93,45,0,1.04301
38,93,46,0,1.04301
38,93,47,0,1.04301
38,93,48,0,1.04301
38,93,49,0,1.04301
38,93,50,0,1.04301
38,93,51,0,1.04301
38,93,52,0,1.04301
38,93,53,0,1.04301
38,93,54,0,1.04301
38,93,55,0,1.04301
38,93,56,0,1.04301
38,93,57,0,1.04301
38,93,58,0,1.04301
38,93,59,0,1.04301
38,93,60,0,1.04301
38,93,61,0,1.04301
38,93,62,0,1.04301
38,93,63,0,1.04301
38,94,0,0,1.04255
38,94,1,0,1.04255
38,94,2,0,1.04255
38,94,3,0,1.04255
38,94,4,0,1.04255
38,94,5,0,1.04255
38,94,6,0,1.04255
38,94,7,0,1.04255
38,94,8,0,1.04255
38,94,9,0,1.04255
38,94,10,0,1.04255
38,94,11,0,1.04255
38,94,12,0,1.04255
38,94,13,0,1.04255
38,94,14,0,1.04255
38,94,15,0,1.04255
38,94,16,0,1.04255
38,94,17,0,1.04255
38,94,18,0,1.04255
38,94,19,0,1.04255
38,94,20,0,1.04255
38,94,21,0,1.04255
38,94,22,0,1.04255
38,94,23,0,1.04255
38,94,24,0,1.04255
38,94,25,0,1.04255
38,94,26,0,1.04255
38,94,27,0,1.04255
38,94,28,0,1.04255
38,94,29,84,1.04255
38,94,30,14,1.04255
38,94,31,0,1.04255
38,94,32,0,1.04255
38,94,33,0,1.04255
38,94,34,0,1.04255
38,94,35,0,1.04255
38,94,36,0,1.04255
38,94,37,0,1.04255
38,94,38,0,1.04255
38,94,39,0,1.04255
38,94,40,0,1.04255
38,94,41,0,1.04255
38,94,42,0,1.04255
38,94,43,0,1.04255
38,94,44,0,1.04255
38,94,45,0,1.04255
38,94,46,0,1.04255
38,94,47,0,1.04255
38,94,48,0,1.04255
38,94,49,0,1.04255
38,94,50,0,1.04255
38,94,51,0,1.04255
38,94,52,0,1.04255
38,94,53,0,1.04255
38,94,54,0,1.04255
38,94,55,0,1.04255
38,94,56,0,1.04255
38,94,57,0,1.04255
38,94,58,0,1.04255
38,94,59,0,1.04255
38,94,60,0,1.04255
38,94,61,0,1.04255
38,94,62,0,1.04255
38,94,63,0,1.04255
38,95,0,0,1.05263
38,95,1,0,1.05263
38,95,2,0,1.05263
38,95,3,0,1.05263
38,95,4,0,1.05263
38,95,5,0,1.05263
38,95,6,0,1.05263
38,95,7,0,1.05263
38,95,8,0,1.05263
38,95,9,0,1.05263
38,95,10,0,1.05263
38,95,11,0,1.05263
38,95,12,0,1.05263
38,95,13,0,1.05263
38,95,14,0,1.05263
38,95,15,0,1.05263
38,95,16,0,1.05263
38,95,17,0,1.05263
38,95,18,0,1.05263
38,95,19,0,1.05263
38,95,20,0,1.05263
38,95,21,0,1.05263
38,95,22,0,1.05263
38,95,23,0,1.05263
38,95,24,0,1.05263
38,95,25,0,1.05263
38,95,26,0,1.05263
38,95,27,0,1.05263
38,95,28,0,1.05263
38,95,29,86,1.05263
38,95,30,14,1.05263
38,95,31,0,1.05263
38,95,32,0,1.05263
38,95,33,0,1.05263
38,95,34,0,1.05263
38,95,35,0,1.05263
38,95,36,0,1.05263
38,95,37,0,1.05263
38,95,38,0,1.05263
38,95,39,0,1.05263
38,95,40,0,1.05263
38,95,41,0,1.05263
38,95,42,0,1.05263
38,95,43,0,1.05263
38,95,44,0,1.05263
38,95,45,0,1.05263
38,95,46,0,1.05263
38,95,47,0,1.05263
38,95,48,0,1.05263
38,95,49,0,1.05263
38,95,50,0,1.05263
38,95,51,0,1.05263
38,95,52,0,1.05263
38,95,53,0,1.05263
38,95,54,0,1.05263
38,95,55,0,1.05263
38,95,56,0,1.05263
38,95,57,0,1.05263
38,95,58,0,1.05263
38,95,59,0,1.05263
38,95,60,0,1.05263
38,95,61,0,1.05263
38,95,62,0,1.05263
38,95,63,0,1.05263
38,96,0,0,1.05208
38,96,1,0,1.05208
38,96,2,0,1.05208
38,96,3,0,1.05208
38,96,4,0,1.05208
38,96,5,0,1.05208
38,96,6,0,1.05208
38,96,7,0,1.05208
38,96,8,0,1.05208
38,96,9,0,1.05208
38,96,10,0,1.05208
38,96,11,0,1.05208
38,96,12,0,1.05208
38,96,13,0,1.05208
38,96,14,0,1.05208
38,96,15,0,1.05208
38,96,16,0,1.05208
38,96,17,0,1.05208
38,96,18,0,1.05208
38,96,19,0,1.05208
38,96,20,0,1.05208
38,96,21,0,1.05208
38,96,22,0,1.05208
38,96,23,0,1.05208
38,96,24,0,1.05208
38,96,25,0,1.05208
38,96,26,0,1.05208
38,96,27,0,1.05208
38,96,28,0,1.05208
38,96,29,87,1.05208
38,96,30,14,1.05208
38,96,31,0,1.05208
38,96,32,0,1.05208
38,96,33,0,1.05208
38,96,34,0,1.05208
38,96,35,0,1.05208
38,96,36,0,1.05208
38,96,37,0,1.05208
38,96,38,0,1.05208
38,96,39,0,1.05208
38,96,40,0,1.05208
38,96,41,0,1.05208
38,96,42,0,1.05208
38,96,43,0,1.05208
38,96,44,0,1.05208
38,96,45,0,1.05208
38,96,46,0,1.05208
38,96,47,0,1.05208
38,96,48,0,1.05208
38,96,49,0,1.05208
38,96,50,0,1.05208
38,96,51,0,1.05208
38,96,52,0,1.05208
38,96,53,0,1.05208
38,96,54,0,1.05208
38,96,55,0,1.05208
38,96,56,0,1.05208
38,96,57,0,1.05208
38,96,58,0,1.05208
38,96,59,0,1.05208
38,96,60,0,1.05208
38,96,61,0,1.05208
38,96,62,0,1.05208
38,96,63,0,1.05208
38,97,0,0,1.05155
38,97,1,0,1.05155
38,97,2,0,1.05155
38,97,3,0,1.05155
38,97,4,0,1.05155
38,97,5,0,1.05155
38,97,6,0,1.05155
38,97,7,0,1.05155
38,97,8,0,1.05155
38,97,9,0,1.05155
38,97,10,0,1.05155
38,97,11,0,1.05155
38,97,12,0,1.05155
38,97,13,0,1.05155
38,97,14,0,1.05155
38,97,15,0,1.05155
38,97,16,0,1.05155
38,97,17,0,1.05155
38,97,18,0,1.05155
38,97,19,0,1.05155
38,97,20,0,1.05155
38,97,21,0,1.05155
38,97,22,0,1.05155
38,97,23,0,1.05155
38,97,24,0,1.05155
38,97,25,0,1.05155
38,97,26,0,1.05155
38,97,27,0,1.05155
38,97,28,0,1.05155
38,97,29,88,1.05155
38,97,30,14,1.05155
38,97,31,0,1.05155
38,97,32,0,1.05155
38,97,33,0,1.05155
38,97,34,0,1.05155
38,97,35,0,1.05155
38,97,36,0,1.05155
38,97,37,0,1.05155
38,97,38,0,1.05155
38,97,39,0,1.05155
38,97,40,0,1.05155
38,97,41,0,1.05155
38,97,42,0,1.05155
38,97,43,0,1.05155
38,97,44,0,1.05155
38,97,45,0,1.05155
38,97,46,0,1.05155
38,97,47,0,1.05155
38,97,48,0,1.05155
38,97,49,0,1.05155
38,97,50,0,1.05155
38,97,51,0,1.05155
38,97,52,0,1.05155
38,97,53,0,1.05155
38,97,54,0,1.05155
38,97,55,0,1.05155
38,97,56,0,1.05155
38,97,57,0,1.05155
38,97,58,0,1.05155
38,97,59,0,1.05155
38,97,60,0,1.05155
38,97,61,0,1.05155
38,97,62,0,1.05155
38,97,63,0,1.05155
38,98,0,0,1.05102
38,98,1,0,1.05102
38,98,2,0,1.05102
38,98,3,0,1.05102
38,98,4,0,1.05102
38,98,5,0,1.05102
38,98,6,0,1.05102
38,98,7,0,1.05102
38,98,8,0,1.05102
38,98,9,0,1.05102
38,98,10,0,1.05102
38,98,11,0,1.05102
38,98,12,0,1.05102
38,98,13,0,1.05102
38,98,14,0,1.05102
38,98,15,0,1.05102
38,98,16,0,1.05102
38,98,17,0,1.05102
38,98,18,0,1.05102
38,98,19,0,1.05102
38,98,20,0,1.05102
38,98,21,0,1.05102
38,98,22,0,1.05102
38,98,23,0,1.05102
38,98,24,0,1.05102
38,98,25,0,1.05102
38,98,26,0,1.05102
38,98,27,0,1.05102
38,98,28,0,1.05102
38,98,29,89,1.05102
38,98,30,14,1.05102
38,98,31,0,1.05102
38,98,32,0,1.05102
38,98,33,0,1.05102
38,98,34,0,1.05102
38,98,35,0,1.05102
38,98,36,0,1.05102
38,98,37,0,1.05102
38,98,38,0,1.05102
38,98,39,0,1.05102
38,98,40,0,1.05102
38,98,41,0,1.05102
38,98,42,0,1.05102
38,98,43,0,1.05102
38,98,44,0,1.05102
38,98,45,0,1.05102
38,98,46,0,1.05102
38,98,47,0,1.05102
38,98,48,0,1.05102
38,98,49,0,1.05102
38,98,50,0,1.05102
38,98,51,0,1.05102
38,98,52,0,1.05102
38,98,53,0,1.05102
38,98,54,0,1.05102
38,98,55,0,1.05102
38,98,56,0,1.05102
38,98,57,0,1.05102
38,98,58,0,1.05102
38,98,59,0,1.05102
38,98,60,0,1.05102
38,98,61,0,1.05102
38,98,62,0,1.05102
38,98,63,0,1.05102
38,99,0,0,1.05051
38,99,1,0,1.05051
38,99,2,0,1.05051
38,99,3,0,1.05051
38,99,4,0,1.05051
38,99,5,0,1.05051
38,99,6,0,1.05051
38,99,7,0,1.05051
38,99,8,0,1.05051
38,99,9,0,1.05051
38,99,10,0,1.05051
38,99,11,0,1.05051
38,99,12,0,1.05051
38,99,13,0,1.05051
38,99,14,0,1.05051
38,99,15,0,1.05051
38,99,16,0,1.05051
38,99,17,0,1.05051
38,99,18,0,1.05051
38,99,19,0,1.05051
38,99,20,0,1.05051
38,99,21,0,1.05051
38,99,22,0,1.05051
38,99,23,0,1.05051
38,99,24,0,1.05051
38,99,25,0,1.05051
38,99,26,0,1.05051
38,99,27,0,1.05051
38,99,28,0,1.05051
38,99,29,90,1.05051
38,99,30,14,1.05051
38,99,31,0,1.05051
38,99,32,0,1.05051
38,99,33,0,1.05051
38,99,34,0,1.05051
38,99,35,0,1.05051
38,99,36,0,1.05051
38,99,37,0,1.05051
38,99,38,0,1.05051
38,99,39,0,1.05051
38,99,40,0,1.05051
38,99,41,0,1.05051
38,99,42,0,1.05051
38,99,43,0,1.05051
38,99,44,0,1.05051
38,99,45,0,1.05051
38,99,46,0,1.05051
38,99,47,0,1.05051
38,99,48,0,1.05051
38,99,49,0,1.05051
38,99,50,0,1.05051
38,99,51,0,1.05051
38,99,52,0,1.05051
38,99,53,0,1.05051
38,99,54,0,1.05051
38,99,55,0,1.05051
38,99,56,0,1.05051
38,99,57,0,1.05051
38,99,58,0,1.05051
38,99,59,0,1.05051
38,99,60,0,1.05051
38,99,61,0,1.05051
38,99,62,0,1.05051
38,99,63,0,1.05051
38,100,0,0,1.05
38,100,1,0,1.05
38,100,2,0,1.05
38,100,3,0,1.05
38,100,4,0,1.05
38,100,5,0,1.05
38,100,6,0,1.05
38,100,7,0,1.05
38,100,8,0,1.05
38,100,9,0,1.05
38,100,10,0,1.05
38,100,11,0,1.05
38,100,12,0,1.05
38,100,13,0,1.05
38,100,14,0,1.05
38,100,15,0,1.05
38,100,16,0,1.05
38,100,17,0,1.05
38,100,18,0,1.05
38,100,19,0,1.05
38,100,20,0,1.05
38,100,21,0,1.05
38,100,22,0,1.05
38,100,23,0,1.05
38,100,24,0,1.05
38,100,25,0,1.05
38,100,26,0,1.05
38,100,27,0,1.05
38,100,28,0,1.05
38,100,29,91,1.05
38,100,30,14,1.05
38,100,31,0,1.05
38,100,32,0,1.05
38,100,33,0,1.05
38,100,34,0,1.05
38,100,35,0,1.05
38,100,36,0,1.05
38,100,37,0,1.05
38,100,38,0,1.05
38,100,39,0,1.05
38,100,40,0,1.05
38,100,41,0,1.05
38,100,42,0,1.05
38,100,43,0,1.05
38,100,44,0,1.05
38,100,45,0,1.05
38,100,46,0,1.05
38,100,47,0,1.05
38,100,48,0,1.05
38,100,49,0,1.05
38,100,50,0,1.05
38,100,51,0,1.05
38,100,52,0,1.05
38,100,53,0,1.05
38,100,54,0,1.05
38,100,55,0,1.05
38,100,56,0,1.05
38,100,57,0,1.05
38,100,58,0,1.05
38,100,59,0,1.05
38,100,60,0,1.05
38,100,61,0,1.05
38,100,62,0,1.05
38,100,63,0,1.05
39,1,0,0,1
39,1,1,0,1
39,1,2,0,1
39,1,3,0,1
39,1,4,0,1
39,1,5,0,1
39,1,6,0,1
39,1,7,0,1
39,1,8,0,1
39,1,9,0,1
39,1,10,0,1
39,1,11,0,1
39,1,12,0,1
39,1,13,0,1
39,1,14,0,1
39,1,15,0,1
39,1,16,0,1
39,1,17,0,1
39,1,18,0,1
39,1,19,0,1
39,1,20,0,1
39,1,21,0,1
39,1,22,0,1
39,1,23,0,1
39,1,24,0,1
39,1,25,0,1
39,1,26,0,1
39,1,27,0,1
39,1,28,0,1
39,1,29,0,1
39,1,30,0,1
39,1,31,0,1
39,1,32,0,1
39,1,33,0,1
39,1,34,0,1
39,1,35,0,1
39,1,36,0,1
39,1,37,0,1
39,1,38,1,1
39,1,39,0,1
39,1,40,0,1
39,1,41,0,1
39,1,42,0,1
39,1,43,0,1
39,1,44,0,1
39,1,45,0,1
39,1,46,0,1
39,1,47,0,1
39,1,48,0,1
39,1,49,0,1
39,1,50,0,1
39,1,51,0,1
39,1,52,0,1
39,1,53,0,1
39,1,54,0,1
39,1,55,0,1
39,1,56,0,1
39,1,57,0,1
39,1,58,0,1
39,1,59,0,1
39,1,60,0,1
39,1,61,0,1
39,1,62,0,1
39,1,63,0,1
39,2,0,0,1
39,2,1,0,1
39,2,2,0,1
39,2,3,0,1
39,2,4,0,1
39,2,5,0,1
39,2,6,0,1
39,2,7,0,1
39,2,8,0,1
39,2,9,0,1
39,2,10,0,1
39,2,11,0,1
39,2,12,0,1
39,2,13,0,1
39,2,14,0,1
39,2,15,0,1
39,2,16,0,1
39,2,17,0,1
39,2,18,0,1
39,2,19,0,1
39,2,20,0,1
39,2,21,0,1
39,2,22,0,1
39,2,23,0,1
39,2,24,0,1
39,2,25,0,1
39,2,26,0,1
39,2,27,0,1
39,2,28,0,1
39,2,29,0,1
39,2,30,0,1
39,2,31,0,1
39,2,32,0,1
39,2,33,0,1
39,2,34,0,1
39,2,35,0,1
39,2,36,0,1
39,2,37,0,1
39,2,38,2,1
39,2,39,0,1
39,2,40,0,1
39,2,41,0,1
39,2,42,0,1
39,2,43,0,1
39,2,44,0,1
39,2,45,0,1
39,2,46,0,1
39,2,47,0,1
39,2,48,0,1
39,2,49,0,1
39,2,50,0,1
39,2,51,0,1
39,2,52,0,1
39,2,53,0,1
39,2,54,0,1
39,2,55,0,1
39,2,56,0,1
39,2,57,0,1
39,2,58,0,1
39,2,59,0,1
39,2,60,0,1
39,2,61,0,1
39,2,62,0,1
39,2,63,0,1
39,3,0,0,1
39,3,1,0,1
39,3,2,0,1
39,3,3,0,1
39,3,4,0,1
39,3,5,0,1
39,3,6,0,1
39,3,7,0,1
39,3,8,0,1
39,3,9,0,1
39,3,10,0,1
39,3,11,0,1
39,3,12,0,1
39,3,13,0,1
39,3,14,0,1
39,3,15,0,1
39,3,16,0,1
39,3,17,0,1
39,3,18,0,1
39,3,19,0,1
39,3,20,0,1
39,3,21,0,1
39,3,22,0,1
39,3,23,0,1
39,3,24,0,1
39,3,25,0,1
39,3,26,0,1
39,3,27,0,1
39,3,28,0,1
39,3,29,0,1
39,3,30,0,1
39,3,31,0,1
39,3,32,0,1
39,3,33,0,1
39,3,34,0,1
39,3,35,0,1
39,3,36,0,1
39,3,37,0,1
39,3,38,3,1
39,3,39,0,1
39,3,40,0,1
39,3,41,0,1
39,3,42,0,1
39,3,43,0,1
39,3,44,0,1
39,3,45,0,1
39,3,46,0,1
39,3,47,0,1
39,3,48,0,1
39,3,49,0,1
39,3,50,0,1
39,3,51,0,1
39,3,52,0,1
39,3,53,0,1
39,3,54,0,1
39,3,55,0,1
39,3,56,0,1
39,3,57,0,1
39,3,58,0,1
39,3,59,0,1
39,3,60,0,1
39,3,61,0,1
39,3,62,0,1
39,3,63,0,1
39,4,0,0,1
39,4,1,0,1
39,4,2,0,1
39,4,3,0,1
39,4,4,0,1
39,4,5,0,1
39,4,6,0,1
39,4,7,0,1
39,4,8,0,1
39,4,9,0,1
39,4,10,0,1
39,4,11,0,1
39,4,12,0,1
39,4,13,0,1
39,4,14,0,1
39,4,15,0,1
39,4,16,0,1
39,4,17,0,1
39,4,18,0,1
39,4,19,0,1
39,4,20,0,1
39,4,21,0,1
39,4,22,0,1
39,4,23,0,1
39,4,24,0,1
39,4,25,0,1
39,4,26,0,1
39,4,27,0,1
39,4,28,0,1
39,4,29,0,1
39,4,30,0,1
39,4,31,0,1
39,4,32,0,1
39,4,33,0,1
39,4,34,0,1
39,4,35,0,1
39,4,36,0,1
39,4,37,0,1
39,4,38,4,1
39,4,39,0,1
39,4,40,0,1
39,4,41,0,1
39,4,42,0,1
39,4,43,0,1
39,4,44,0,1
39,4,45,0,1
39,4,46,0,1
39,4,47,0,1
39,4,48,0,1
39,4,49,0,1
39,4,50,0,1
39,4,51,0,1
39,4,52,0,1
39,4,53,0,1
39,4,54,0,1
39,4,55,0,1
39,4,56,0,1
39,4,57,0,1
39,4,58,0,1
39,4,59,0,1
39,4,60,0,1
39,4,61,0,1
39,4,62,0,1
39,4,63,0,1
39,5,0,0,1
39,5,1,0,1
39,5,2,0,1
39,5,3,0,1
39,5,4,0,1
39,5,5,0,1
39,5,6,0,1
39,5,7,0,1
39,5,8,0,1
39,5,9,0,1
39,5,10,0,1
39,5,11,0,1
39,5,12,0,1
39,5,13,0,1
39,5,14,0,1
39,5,15,0,1
39,5,16,0,1
39,5,17,0,1
39,5,18,0,1
39,5,19,0,1
39,5,20,0,1
39,5,21,0,1
39,5,22,0,1
39,5,23,0,1
39,5,24,0,1
39,5,25,0,1
39,5,26,0,1
39,5,27,0,1
39,5,28,0,1
39,5,29,0,1
39,5,30,0,1
39,5,31,0,1
39,5,32,0,1
39,5,33,0,1
39,5,34,0,1
39,5,35,0,1
39,5,36,0,1
39,5,37,0,1
39,5,38,5,1
39,5,39,0,1
39,5,40,0,1
39,5,41,0,1
39,5,42,0,1
39,5,43,0,1
39,5,44,0,1
39,5,45,0,1
39,5,46,0,1
39,5,47,0,1
39,5,48,0,1
39,5,49,0,1
39,5,50,0,1
39,5,51,0,1
39,5,52,0,1
39,5,53,0,1
39,5,54,0,1
39,5,55,0,1
39,5,56,0,1
39,5,57,0,1
39,5,58,0,1
39,5,59,0,1
39,5,60,0,1
39,5,61,0,1
39,5,62,0,1
39,5,63,0,1
39,6,0,0,1
39,6,1,0,1
39,6,2,0,1
39,6,3,0,1
39,6,4,0,1
39,6,5,0,1
39,6,6,0,1
39,6,7,0,1
39,6,8,0,1
39,6,9,0,1
39,6,10,0,1
39,6,11,0,1
39,6,12,0,1
39,6,13,0,1
39,6,14,0,1
39,6,15,0,1
39,6,16,0,1
39,6,17,0,1
39,6,18,0,1
39,6,19,0,1
39,6,20,0,1
39,6,21,0,1
39,6,22,0,1
39,6,23,0,1
39,6,24,0,1
39,6,25,0,1
39,6,26,0,1
39,6,27,0,1
39,6,28,0,1
39,6,29,0,1
39,6,30,0,1
39,6,31,0,1
39,6,32,0,1
39,6,33,0,1
39,6,34,0,1
39,6,35,0,1
39,6,36,0,1
39,6,37,0,1
39,6,38,6,1
39,6,39,0,1
39,6,40,0,1
39,6,41,0,1
39,6,42,0,1
39,6,43,0,1
39,6,44,0,1
39,6,45,0,1
39,6,46,0,1
39,6,47,0,1
39,6,48,0,1
39,6,49,0,1
39,6,50,0,1
39,6,51,0,1
39,6,52,0,1
39,6,53,0,1
39,6,54,0,1
39,6,55,0,1
39,6,56,0,1
39,6,57,0,1
39,6,58,0,1
39,6,59,0,1
39,6,60,0,1
39,6,61,0,1
39,6,62,0,1
39,6,63,0,1
39,7,0,0,1
39,7,1,0,1
39,7,2,0,1
39,7,3,0,1
39,7,4,0,1
39,7,5,0,1
39,7,6,0,1
39,7,7,0,1
39,7,8,0,1
39,7,9,0,1
39,7,10,0,1
39,7,11,0,1
39,7,12,0,1
39,7,13,0,1
39,7,14,0,1
39,7,15,0,1
39,7,16,0,1
39,7,17,0,1
39,7,18,0,1
39,7,19,0,1
39,7,20,0,1
39,7,21,0,1
39,7,22,0,1
39,7,23,0,1
39,7,24,0,1
39,7,25,0,1
39,7,26,0,1
39,7,27,0,1
39,7,28,0,1
39,7,29,0,1
39,7,30,0,1
39,7,31,0,1
39,7,32,0,1
39,7,33,0,1
39,7,34,0,1
39,7,35,0,1
39,7,36,0,1
39,7,37,0,1
39,7,38,7,1
39,7,39,0,1
39,7,40,0,1
39,7,41,0,1
39,7,42,0,1
39,7,43,0,1
39,7,44,0,1
39,7,45,0,1
39,7,46,0,1
39,7,47,0,1
39,7,48,0,1
39,7,49,0,1
39,7,50,0,1
39,7,51,0,1
39,7,52,0,1
39,7,53,0,1
39,7,54,0,1
39,7,55,0,1
39,7,56,0,1
39,7,57,0,1
39,7,58,0,1
39,7,59,0,1
39,7,60,0,1
39,7,61,0,1
39,7,62,0,1
39,7,63,0,1
39,8,0,0,1
39,8,1,0,1
39,8,2,0,1
39,8,3,0,1
39,8,4,0,1
39,8,5,0,1
39,8,6,0,1
39,8,7,0,1
39,8,8,0,1
39,8,9,0,1
39,8,10,0,1
39,8,11,0,1
39,8,12,0,1
39,8,13,0,1
39,8,14,0,1
39,8,15,0,1
39,8,16,0,1
39,8,17,0,1
39,8,18,0,1
39,8,19,0,1
39,8,20,0,1
39,8,21,0,1
39,8,22,0,1
39,8,23,0,1
39,8,24,0,1
39,8,25,0,1
39,8,26,0,1
39,8,27,0,1
39,8,28,0,1
39,8,29,0,1
39,8,30,0,1
39,8,31,0,1
39,8,32,0,1
39,8,33,0,1
39,8,34,0,1
39,8,35,0,1
39,8,36,0,1
39,8,37,0,1
39,8,38,8,1
39,8,39,0,1
39,8,40,0,1
39,8,41,0,1
39,8,42,0,1
39,8,43,0,1
39,8,44,0,1
39,8,45,0,1
39,8,46,0,1
39,8,47,0,1
39,8,48,0,1
39,8,49,0,1
39,8,50,0,1
39,8,51,0,1
39,8,52,0,1
39,8,53,0,1
39,8,54,0,1
39,8,55,0,1
39,8,56,0,1
39,8,57,0,1
39,8,58,0,1
39,8,59,0,1
39,8,60,0,1
39,8,61,0,1
39,8,62,0,1
39,8,63,0,1
39,9,0,0,1
39,9,1,0,1
39,9,2,0,1
39,9,3,0,1
39,9,4,0,1
39,9,5,0,1
39,9,6,0,1
39,9,7,0,1
39,9,8,0,1
39,9,9,0,1
39,9,10,0,1
39,9,11,0,1
39,9,12,0,1
39,9,13,0,1
39,9,14,0,1
39,9,15,0,1
39,9,16,0,1
39,9,17,0,1
39,9,18,0,1
39,9,19,0,1
39,9,20,0,1
39,9,21,0,1
39,9,22,0,1
39,9,23,0,1
39,9,24,0,1
39,9,25,0,1
39,9,26,0,1
39,9,27,0,1
39,9,28,0,1
39,9,29,0,1
39,9,30,0,1
39,9,31,0,1
39,9,32,0,1
39,9,33,0,1
39,9,34,0,1
39,9,35,0,1
39,9,36,0,1
39,9,37,0,1
39,9,38,9,1
39,9,39,0,1
39,9,40,0,1
39,9,41,0,1
39,9,42,0,1
39,9,43,0,1
39,9,44,0,1
39,9,45,0,1
39,9,46,0,1
39,9,47,0,1
39,9,48,0,1
39,9,49,0,1
39,9,50,0,1
39,9,51,0,1
39,9,52,0,1
39,9,53,0,1
39,9,54,0,1
39,9,55,0,1
39,9,56,0,1
39,9,57,0,1
39,9,58,0,1
39,9,59,0,1
39,9,60,0,1
39,9,61,0,1
39,9,62,0,1
39,9,63,0,1
39,10,0,0,1
39,10,1,0,1
39,10,2,0,1
39,10,3,0,1
39,10,4,0,1
39,10,5,0,1
39,10,6,0,1
39,10,7,0,1
39,10,8,0,1
39,10,9,0,1
39,10,10,0,1
39,10,11,0,1
39,10,12,0,1
39,10,13,0,1
39,10,14,0,1
39,10,15,0,1
39,10,16,0,1
39,10,17,0,1
39,10,18,0,1
39,10,19,0,1
39,10,20,0,1
39,10,21,0,1
39,10,22,0,1
39,10,23,0,1
39,10,24,0,1
39,10,25,0,1
39,10,26,0,1
39,10,27,0,1
39,10,28,0,1
39,10,29,0,1
39,10,30,0,1
39,10,31,0,1
39,10,32,0,1
39,10,33,0,1
39,10,34,0,1
39,10,35,0,1
39,10,36,0,1
39,10,37,0,1
39,10,38,10,1
39,10,39,0,1
39,10,40,0,1
39,10,41,0,1
39,10,42,0,1
39,10,43,0,1
39,10,44,0,1
39,10,45,0,1
39,10,46,0,1
39,10,47,0,1
39,10,48,0,1
39,10,49,0,1
39,10,50,0,1
39,10,51,0,1
39,10,52,0,1
39,10,53,0,1
39,10,54,0,1
39,10,55,0,1
39,10,56,0,1
39,10,57,0,1
39,10,58,0,1
39,10,59,0,1
39,10,60,0,1
39,10,61,0,1
39,10,62,0,1
39,10,63,0,1
39,11,0,0,1
39,11,1,0,1
39,11,2,0,1
39,11,3,0,1
39,11,4,0,1
39,11,5,0,1
39,11,6,0,1
39,11,7,0,1
39,11,8,0,1
39,11,9,0,1
39,11,10,0,1
39,11,11,0,1
39,11,12,0,1
39,11,13,0,1
39,11,14,0,1
39,11,15,0,1
39,11,16,0,1
39,11,17,0,1
39,11,18,0,1
39,11,19,0,1
39,11,20,0,1
39,11,21,0,1
39,11,22,0,1
39,11,23,0,1
39,11,24,0,1
39,11,25,0,1
39,11,26,0,1
39,11,27,0,1
39,11,28,0,1
39,11,29,0,1
39,11,30,0,1
39,11,31,0,1
39,11,32,0,1
39,11,33,0,1
39,11,34,0,1
39,11,35,0,1
39,11,36,0,1
39,11,37,0,1
39,11,38,11,1
39,11,39,0,1
39,11,40,0,1
39,11,41,0,1
39,11,42,0,1
39,11,43,0,1
39,11,44,0,1
39,11,45,0,1
39,11,46,0,1
39,11,47,0,1
39,11,48,0,1
39,11,49,0,1
39,11,50,0,1
39,11,51,0,1
39,11,52,0,1
39,11,53,0,1
39,11,54,0,1
39,11,55,0,1
39,11,56,0,1
39,11,57,0,1
39,11,58,0,1
39,11,59,0,1
39,11,60,0,1
39,11,61,0,1
39,11,62,0,1
39,11,63,0,1
39,12,0,0,1
39,12,1,0,1
39,12,2,0,1
39,12,3,0,1
39,12,4,0,1
39,12,5,0,1
39,12,6,0,1
39,12,7,0,1
39,12,8,0,1
39,12,9,0,1
39,12,10,0,1
39,12,11,0,1
39,12,12,0,1
39,12,13,0,1
39,12,14,0,1
39,12,15,0,1
39,12,16,0,1
39,12,17,0,1
39,12,18,0,1
39,12,19,0,1
39,12,20,0,1
39,12,21,0,1
39,12,22,0,1
39,12,23,0,1
39,12,24,0,1
39,12,25,0,1
39,12,26,0,1
39,12,27,0,1
39,12,28,0,1
39,12,29,0,1
39,12,30,0,1
39,12,31,0,1
39,12,32,0,1
39,12,33,0,1
39,12,34,0,1
39,12,35,0,1
39,12,36,0,1
39,12,37,0,1
39,12,38,12,1
39,12,39,0,1
39,12,40,0,1
39,12,41,0,1
39,12,42,0,1
39,12,43,0,1
39,12,44,0,1
39,12,45,0,1
39,12,46,0,1
39,12,47,0,1
39,12,48,0,1
39,12,49,0,1
39,12,50,0,1
39,12,51,0,1
39,12,52,0,1
39,12,53,0,1
39,12,54,0,1
39,12,55,0,1
39,12,56,0,1
39,12,57,0,1
39,12,58,0,1
39,12,59,0,1
39,12,60,0,1
39,12,61,0,1
39,12,62,0,1
39,12,63,0,1
39,13,0,0,1
39,13,1,0,1
39,13,2,0,1
39,13,3,0,1
39,13,4,0,1
39,13,5,0,1
39,13,6,0,1
39,13,7,0,1
39,13,8,0,1
39,13,9,0,1
39,13,10,0,1
39,13,11,0,1
39,13,12,0,1
39,13,13,0,1
39,13,14,0,1
39,13,15,0,1
39,13,16,0,1
39,13,17,0,1
39,13,18,0,1
39,13,19,0,1
39,13,20,0,1
39,13,21,0,1
39,13,22,0,1
39,13,23,0,1
39,13,24,0,1
39,13,25,0,1
39,13,26,0,1
39,13,27,0,1
39,13,28,0,1
39,13,29,0,1
39,13,30,0,1
39,13,31,0,1
39,13,32,0,1
39,13,33,0,1
39,13,34,0,1
39,13,35,0,1
39,13,36,0,1
39,13,37,0,1
39,13,38,13,1
39,13,39,0,1
39,13,40,0,1
39,13,41,0,1
39,13,42,0,1
39,13,43,0,1
39,13,44,0,1
39,13,45,0,1
39,13,46,0,1
39,13,47,0,1
39,13,48,0,1
39,13,49,0,1
39,13,50,0,1
39,13,51,0,1
39,13,52,0,1
39,13,53,0,1
39,13,54,0,1
39,13,55,0,1
39,13,56,0,1
39,13,57,0,1
39,13,58,0,1
39,13,59,0,1
39,13,60,0,1
39,13,61,0,1
39,13,62,0,1
39,13,63,0,1
39,14,0,0,1
39,14,1,0,1
39,14,2,0,1
39,14,3,0,1
39,14,4,0,1
39,14,5,0,1
39,14,6,0,1
39,14,7,0,1
39,14,8,0,1
39,14,9,0,1
39,14,10,0,1
39,14,11,0,1
39,14,12,0,1
39,14,13,0,1
39,14,14,0,1
39,14,15,0,1
39,14,16,0,1
39,14,17,0,1
39,14,18,0,1
39,14,19,0,1
39,14,20,0,1
39,14,21,0,1
39,14,22,0,1
39,14,23,0,1
39,14,24,0,1
39,14,25,0,1
39,14,26,0,1
39,14,27,0,1
39,14,28,0,1
39,14,29,0,1
39,14,30,0,1
39,14,31,0,1
39,14,32,0,1
39,14,33,0,1
39,14,34,0,1
39,14,35,0,1
39,14,36,0,1
39,14,37,0,1
39,14,38,14,1
39,14,39,0,1
39,14,40,0,1
39,14,41,0,1
39,14,42,0,1
39,14,43,0,1
39,14,44,0,1
39,14,45,0,1
39,14,46,0,1
39,14,47,0,1
39,14,48,0,1
39,14,49,0,1
39,14,50,0,1
39,14,51,0,1
39,14,52,0,1
39,14,53,0,1
39,14,54,0,1
39,14,55,0,1
39,14,56,0,1
39,14,57,0,1
39,14,58,0,1
39,14,59,0,1
39,14,60,0,1
39,14,61,0,1
39,14,62,0,1
39,14,63,0,1
39,15,0,0,1
39,15,1,0,1
39,15,2,0,1
39,15,3,0,1
39,15,4,0,1
39,15,5,0,1
39,15,6,0,1
39,15,7,0,1
39,15,8,0,1
39,15,9,0,1
39,15,10,0,1
39,15,11,0,1
39,15,12,0,1
39,15,13,0,1
39,15,14,0,1
39,15,15,0,1
39,15,16,0,1
39,15,17,0,1
39,15,18,0,1
39,15,19,0,1
39,15,20,0,1
39,15,21,0,1
39,15,22,0,1
39,15,23,0,1
39,15,24,0,1
39,15,25,0,1
39,15,26,0,1
39,15,27,0,1
39,15,28,0,1
39,15,29,0,1
39,15,30,0,1
39,15,31,0,1
39,15,32,0,1
39,15,33,0,1
39,15,34,0,1
39,15,35,0,1
39,15,36,0,1
39,15,37,0,1
39,15,38,14,1
39,15,39,1,1
39,15,40,0,1
39,15,41,0,1
39,15,42,0,1
39,15,43,0,1
39,15,44,0,1
39,15,45,0,1
39,15,46,0,1
39,15,47,0,1
39,15,48,0,1
39,15,49,0,1
39,15,50,0,1
39,15,51,0,1
39,15,52,0,1
39,15,53,0,1
39,15,54,0,1
39,15,55,0,1
39,15,56,0,1
39,15,57,0,1
39,15,58,0,1
39,15,59,0,1
39,15,60,0,1
39,15,61,0,1
39,15,62,0,1
39,15,63,0,1
39,16,0,0,1
39,16,1,0,1
39,16,2,0,1
39,16,3,0,1
39,16,4,0,1
39,16,5,0,1
39,16,6,0,1
39,16,7,0,1
39,16,8,0,1
39,16,9,0,1
39,16,10,0,1
39,16,11,0,1
39,16,12,0,1
39,16,13,0,1
39,16,14,0,1
39,16,15,0,1
39,16,16,0,1
39,16,17,0,1
39,16,18,0,1
39,16,19,0,1
39,16,20,0,1
39,16,21,0,1
39,16,22,0,1
39,16,23,0,1
39,16,24,0,1
39,16,25,0,1
39,16,26,0,1
39,16,27,0,1
39,16,28,0,1
39,16,29,0,1
39,16,30,0,1
39,16,31,0,1
39,16,32,0,1
39,16,33,0,1
39,16,34,0,1
39,16,35,0,1
39,16,36,0,1
39,16,37,0,1
39,16,38,15,1
39,16,39,1,1
39,16,40,0,1
39,16,41,0,1
39,16,42,0,1
39,16,43,0,1
39,16,44,0,1
39,16,45,0,1
39,16,46,0,1
39,16,47,0,1
39,16,48,0,1
39,16,49,0,1
39,16,50,0,1
39,16,51,0,1
39,16,52,0,1
39,16,53,0,1
39,16,54,0,1
39,16,55,0,1
39,16,56,0,1
39,16,57,0,1
39,16,58,0,1
39,16,59,0,1
39,16,60,0,1
39,16,61,0,1
39,16,62,0,1
39,16,63,0,1
39,17,0,0,1
39,17,1,0,1
39,17,2,0,1
39,17,3,0,1
39,17,4,0,1
39,17,5,0,1
39,17,6,0,1
39,17,7,0,1
39,17,8,0,1
39,17,9,0,1
39,17,10,0,1
39,17,11,0,1
39,17,12,0,1
39,17,13,0,1
39,17,14,0,1
39,17,15,0,1
39,17,16,0,1
39,17,17,0,1
39,17,18,0,1
39,17,19,0,1
39,17,20,0,1
39,17,21,0,1
39,17,22,0,1
39,17,23,0,1
39,17,24,0,1
39,17,25,0,1
39,17,26,0,1
39,17,27,0,1
39,17,28,0,1
39,17,29,0,1
39,17,30,0,1
39,17,31,0,1
39,17,32,0,1
39,17,33,0,1
39,17,34,0,1
39,17,35,0,1
39,17,36,0,1
39,17,37,0,1
39,17,38,16,1
39,17,39,1,1
39,17,40,0,1
39,17,41,0,1
39,17,42,0,1
39,17,43,0,1
39,17,44,0,1
39,17,45,0,1
39,17,46,0,1
39,17,47,0,1
39,17,48,0,1
39,17,49,0,1
39,17,50,0,1
39,17,51,0,1
39,17,52,0,1
39,17,53,0,1
39,17,54,0,1
39,17,55,0,1
39,17,56,0,1
39,17,57,0,1
39,17,58,0,1
39,17,59,0,1
39,17,60,0,1
39,17,61,0,1
39,17,62,0,1
39,17,63,0,1
39,18,0,0,1
39,18,1,0,1
39,18,2,0,1
39,18,3,0,1
39,18,4,0,1
39,18,5,0,1
39,18,6,0,1
39,18,7,0,1
39,18,8,0,1
39,18,9,0,1
39,18,10,0,1
39,18,11,0,1
39,18,12,0,1
39,18,13,0,1
39,18,14,0,1
39,18,15,0,1
39,18,16,0,1
39,18,17,0,1
39,18,18,0,1
39,18,19,0,1
39,18,20,0,1
39,18,21,0,1
39,18,22,0,1
39,18,23,0,1
39,18,24,0,1
39,18,25,0,1
39,18,26,0,1
39,18,27,0,1
39,18,28,0,1
39,18,29,0,1
39,18,30,0,1
39,18,31,0,1
39,18,32,0,1
39,18,33,0,1
39,18,34,0,1
39,18,35,0,1
39,18,36,0,1
39,18,37,0,1
39,18,38,17,1
39,18,39,1,1
39,18,40,0,1
39,18,41,0,1
39,18,42,0,1
39,18,43,0,1
39,18,44,0,1
39,18,45,0,1
39,18,46,0,1
39,18,47,0,1
39,18,48,0,1
39,18,49,0,1
39,18,50,0,1
39,18,51,0,1
39,18,52,0,1
39,18,53,0,1
39,18,54,0,1
39,18,55,0,1
39,18,56,0,1
39,18,57,0,1
39,18,58,0,1
39,18,59,0,1
39,18,60,0,1
39,18,61,0,1
39,18,62,0,1
39,18,63,0,1
39,19,0,0,1
39,19,1,0,1
39,19,2,0,1
39,19,3,0,1
39,19,4,0,1
39,19,5,0,1
39,19,6,0,1
39,19,7,0,1
39,19,8,0,1
39,19,9,0,1
39,19,10,0,1
39,19,11,0,1
39,19,12,0,1
39,19,13,0,1
39,19,14,0,1
39,19,15,0,1
39,19,16,0,1
39,19,17,0,1
39,19,18,0,1
39,19,19,0,1
39,19,20,0,1
39,19,21,0,1
39,19,22,0,1
39,19,23,0,1
39,19,24,0,1
39,19,25,0,1
39,19,26,0,1
39,19,27,0,1
39,19,28,0,1
39,19,29,0,1
39,19,30,0,1
39,19,31,0,1
39,19,32,0,1
39,19,33,0,1
39,19,34,0,1
39,19,35,0,1
39,19,36,0,1
39,19,37,0,1
39,19,38,18,1
39,19,39,1,1
39,19,40,0,1
39,19,41,0,1
39,19,42,0,1
39,19,43,0,1
39,19,44,0,1
39,19,45,0,1
39,19,46,0,1
39,19,47,0,1
39,19,48,0,1
39,19,49,0,1
39,19,50,0,1
39,19,51,0,1
39,19,52,0,1
39,19,53,0,1
39,19,54,0,1
39,19,55,0,1
39,19,56,0,1
39,19,57,0,1
39,19,58,0,1
39,19,59,0,1
39,19,60,0,1
39,19,61,0,1
39,19,62,0,1
39,19,63,0,1
39,20,0,0,1
39,20,1,0,1
39,20,2,0,1
39,20,3,0,1
39,20,4,0,1
39,20,5,0,1
39,20,6,0,1
39,20,7,0,1
39,20,8,0,1
39,20,9,0,1
39,20,10,0,1
39,20,11,0,1
39,20,12,0,1
39,20,13,0,1
39,20,14,0,1
39,20,15,0,1
39,20,16,0,1
39,20,17,0,1
39,20,18,0,1
39,20,19,0,1
39,20,20,0,1
39,20,21,0,1
39,20,22,0,1
39,20,23,0,1
39,20,24,0,1
39,20,25,0,1
39,20,26,0,1
39,20,27,0,1
39,20,28,0,1
39,20,29,0,1
39,20,30,0,1
39,20,31,0,1
39,20,32,0,1
39,20,33,0,1
39,20,34,0,1
39,20,35,0,1
39,20,36,0,1
39,20,37,0,1
39,20,38,19,1
39,20,39,1,1
39,20,40,0,1
39,20,41,0,1
39,20,42,0,1
39,20,43,0,1
39,20,44,0,1
39,20,45,0,1
39,20,46,0,1
39,20,47,0,1
39,20,48,0,1
39,20,49,0,1
39,20,50,0,1
39,20,51,0,1
39,20,52,0,1
39,20,53,0,1
39,20,54,0,1
39,20,55,0,1
39,20,56,0,1
39,20,57,0,1
39,20,58,0,1
39,20,59,0,1
39,20,60,0,1
39,20,61,0,1
39,20,62,0,1
39,20,63,0,1
39,21,0,0,1.04762
39,21,1,0,1.04762
39,21,2,0,1.04762
39,21,3,0,1.04762
39,21,4,0,1.04762
39,21,5,0,1.04762
39,21,6,0,1.04762
39,21,7,0,1.04762
39,21,8,0,1.04762
39,21,9,0,1.04762
39,21,10,0,1.04762
39,21,11,0,1.04762
39,21,12,0,1.04762
39,21,13,0,1.04762
39,21,14,0,1.04762
39,21,15,0,1.04762
39,21,16,0,1.04762
39,21,17,0,1.04762
39,21,18,0,1.04762
39,21,19,0,1.04762
39,21,20,0,1.04762
39,21,21,0,1.04762
39,21,22,0,1.04762
39,21,23,0,1.04762
39,21,24,0,1.04762
39,21,25,0,1.04762
39,21,26,0,1.04762
39,21,27,0,1.04762
39,21,28,0,1.04762
39,21,29,0,1.04762
39,21,30,0,1.04762
39,21,31,0,1.04762
39,21,32,0,1.04762
39,21,33,0,1.04762
39,21,34,0,1.04762
39,21,35,0,1.04762
39,21,36,0,1.04762
39,21,37,0,1.04762
39,21,38,21,1.04762
39,21,39,1,1.04762
39,21,40,0,1.04762
39,21,41,0,1.04762
39,21,42,0,1.04762
39,21,43,0,1.04762
39,21,44,0,1.04762
39,21,45,0,1.04762
39,21,46,0,1.04762
39,21,47,0,1.04762
39,21,48,0,1.04762
39,21,49,0,1.04762
39,21,50,0,1.04762
39,21,51,0,1.04762
39,21,52,0,1.04762
39,21,53,0,1.04762
39,21,54,0,1.04762
39,21,55,0,1.04762
39,21,56,0,1.04762
39,21,57,0,1.04762
39,21,58,0,1.04762
39,21,59,0,1.04762
39,21,60,0,1.04762
39,21,61,0,1.04762
39,21,62,0,1.04762
39,21,63,0,1.04762
39,22,0,0,1.04545
39,22,1,0,1.04545
39,22,2,0,1.04545
39,22,3,0,1.04545
39,22,4,0,1.04545
39,22,5,0,1.04545
39,22,6,0,1.04545
39,22,7,0,1.04545
39,22,8,0,1.04545
39,22,9,0,1.04545
39,22,10,0,1.04545
39,22,11,0,1.04545
39,22,12,0,1.04545
39,22,13,0,1.04545
39,22,14,0,1.04545
39,22,15,0,1.04545
39,22,16,0,1.04545
39,22,17,0,1.04545
39,22,18,0,1.04545
39,22,19,0,1.04545
39,22,20,0,1.04545
39,22,21,0,1.04545
39,22,22,0,1.04545
39,22,23,0,1.04545
39,22,24,0,1.04545
39,22,25,0,1.04545
39,22,26,0,1.04545
39,22,27,0,1.04545
39,22,28,0,1.04545
39,22,29,0,1.04545
39,22,30,0,1.04545
39,22,31,0,1.04545
39,22,32,0,1.04545
39,22,33,0,1.04545
39,22,34,0,1.04545
39,22,35,0,1.04545
39,22,36,0,1.04545
39,22,37,0,1.04545
39,22,38,22,1.04545
39,22,39,1,1.04545
39,22,40,0,1.04545
39,22,41,0,1.04545
39,22,42,0,1.04545
39,22,43,0,1.04545
39,22,44,0,1.04545
39,22,45,0,1.04545
39,22,46,0,1.04545
39,22,47,0,1.04545
39,22,48,0,1.04545
39,22,49,0,1.04545
39,22,50,0,1.04545
39,22,51,0,1.04545
39,22,52,0,1.04545
39,22,53,0,1.04545
39,22,54,0,1.04545
39,22,55,0,1.04545
39,22,56,0,1.04545
39,22,57,0,1.04545
39,22,58,0,1.04545
39,22,59,0,1.04545
39,22,60,0,1.04545
39,22,61,0,1.04545
39,22,62,0,1.04545
39,22,63,0,1.04545
39,23,0,0,1.08696
39,23,1,0,1.08696
39,23,2,0,1.08696
39,23,3,0,1.08696
39,23,4,0,1.08696
39,23,5,0,1.08696
39,23,6,0,1.08696
39,23,7,0,1.08696
39,23,8,0,1.08696
39,23,9,0,1.08696
39,23,10,0,1.08696
39,23,11,0,1.08696
39,23,12,0,1.08696
39,23,13,0,1.08696
39,23,14,0,1.08696
39,23,15,0,1.08696
39,23,16,0,1.08696
39,23,17,0,1.08696
39,23,18,0,1.08696
39,23,19,0,1.08696
39,23,20,0,1.08696
39,23,21,0,1.08696
39,23,22,0,1.08696
39,23,23,0,1.08696
39,23,24,0,1.08696
39,23,25,0,1.08696
39,23,26,0,1.08696
39,23,27,0,1.08696
39,23,28,0,1.08696
39,23,29,0,1.08696
39,23,30,0,1.08696
39,23,31,0,1.08696
39,23,32,0,1.08696
39,23,33,0,1.08696
39,23,34,0,1.08696
39,23,35,0,1.08696
39,23,36,0,1.08696
39,23,37,0,1.08696
39,23,38,22,1.08696
39,23,39,3,1.08696
39,23,40,0,1.08696
39,23,41,0,1.08696
39,23,42,0,1.08696
39,23,43,0,1.08696
39,23,44,0,1.08696
39,23,45,0,1.08696
39,23,46,0,1.08696
39,23,47,0,1.08696
39,23,48,0,1.08696
39,23,49,0,1.08696
39,23,50,0,1.08696
39,23,51,0,1.08696
39,23,52,0,1.08696
39,23,53,0,1.08696
39,23,54,0,1.08696
39,23,55,0,1.08696
39,23,56,0,1.08696
39,23,57,0,1.08696
39,23,58,0,1.08696
39,23,59,0,1.08696
39,23,60,0,1.08696
39,23,61,0,1.08696
39,23,62,0,1.08696
39,23,63,0,1.08696
39,24,0,0,1.08333
39,24,1,0,1.08333
39,24,2,0,1.08333
39,24,3,0,1.08333
39,24,4,0,1.08333
39,24,5,0,1.08333
39,24,6,0,1.08333
39,24,7,0,1.08333
39,24,8,0,1.08333
39,24,9,0,1.08333
39,24,10,0,1.08333
39,24,11,0,1.08333
39,24,12,0,1.08333
39,24,13,0,1.08333
39,24,14,0,1.08333
39,24,15,0,1.08333
39,24,16,0,1.08333
39,24,17,0,1.08333
39,24,18,0,1.08333
39,24,19,0,1.08333
39,24,20,0,1.08333
39,24,21,0,1.08333
39,24,22,0,1.08333
39,24,23,0,1.08333
39,24,24,0,1.08333
39,24,25,0,1.08333
39,24,26,0,1.08333
39,24,27,0,1.08333
39,24,28,0,1.08333
39,24,29,0,1.08333
39,24,30,0,1.08333
39,24,31,0,1.08333
39,24,32,0,1.08333
39,24,33,0,1.08333
39,24,34,0,1.08333
39,24,35,0,1.08333
39,24,36,0,1.08333
39,24,37,0,1.08333
39,24,38,23,1.08333
39,24,39,3,1.08333
39,24,40,0,1.08333
39,24,41,0,1.08333
39,24,42,0,1.08333
39,24,43,0,1.08333
39,24,44,0,1.08333
39,24,45,0,1.08333
39,24,46,0,1.08333
39,24,47,0,1.08333
39,24,48,0,1.08333
39,24,49,0,1.08333
39,24,50,0,1.08333
39,24,51,0,1.08333
39,24,52,0,1.08333
39,24,53,0,1.08333
39,24,54,0,1.08333
39,24,55,0,1.08333
39,24,56,0,1.08333
39,24,57,0,1.08333
39,24,58,0,1.08333
39,24,59,0,1.08333
39,24,60,0,1.08333
39,24,61,0,1.08333
39,24,62,0,1.08333
39,24,63,0,1.08333
39,25,0,0,1.04
39,25,1,0,1.04
39,25,2,0,1.04
39,25,3,0,1.04
39,25,4,0,1.04
39,25,5,0,1.04
39,25,6,0,1.04
39,25,7,0,1.04
39,25,8,0,1.04
39,25,9,0,1.04
39,25,10,0,1.04
39,25,11,0,1.04
39,25,12,0,1.04
39,25,13,0,1.04
39,25,14,0,1.04
39,25,15,0,1.04
39,25,16,0,1.04
39,25,17,0,1.04
39,25,18,0,1.04
39,25,19,0,1.04
39,25,20,0,1.04
39,25,21,0,1.04
39,25,22,0,1.04
39,25,23,0,1.04
39,25,24,0,1.04
39,25,25,0,1.04
39,25,26,0,1.04
39,25,27,0,1.04
39,25,28,0,1.04
39,25,29,0,1.04
39,25,30,0,1.04
39,25,31,0,1.04
39,25,32,0,1.04
39,25,33,0,1.04
39,25,34,0,1.04
39,25,35,0,1.04
39,25,36,0,1.04
39,25,37,0,1.04
39,25,38,23,1.04
39,25,39,3,1.04
39,25,40,0,1.04
39,25,41,0,1.04
39,25,42,0,1.04
39,25,43,0,1.04
39,25,44,0,1.04
39,25,45,0,1.04
39,25,46,0,1.04
39,25,47,0,1.04
39,25,48,0,1.04
39,25,49,0,1.04
39,25,50,0,1.04
39,25,51,0,1.04
39,25,52,0,1.04
39,25,53,0,1.04
39,25,54,0,1.04
39,25,55,0,1.04
39,25,56,0,1.04
39,25,57,0,1.04
39,25,58,0,1.04
39,25,59,0,1.04
39,25,60,0,1.04
39,25,61,0,1.04
39,25,62,0,1.04
39,25,63,0,1.04
39,26,0,0,1.03846
39,26,1,0,1.03846
39,26,2,0,1.03846
39,26,3,0,1.03846
39,26,4,0,1.03846
39,26,5,0,1.03846
39,26,6,0,1.03846
39,26,7,0,1.03846
39,26,8,0,1.03846
39,26,9,0,1.03846
39,26,10,0,1.03846
39,26,11,0,1.03846
39,26,12,0,1.03846
39,26,13,0,1.03846
39,26,14,0,1.03846
39,26,15,0,1.03846
39,26,16,0,1.03846
39,26,17,0,1.03846
39,26,18,0,1.03846
39,26,19,0,1.03846
39,26,20,0,1.03846
39,26,21,0,1.03846
39,26,22,0,1.03846
39,26,23,0,1.03846
39,26,24,0,1.03846
39,26,25,0,1.03846
39,26,26,0,1.03846
39,26,27,0,1.03846
39,26,28,0,1.03846
39,26,29,0,1.03846
39,26,30,0,1.03846
39,26,31,0,1.03846
39,26,32,0,1.03846
39,26,33,0,1.03846
39,26,34,0,1.03846
39,26,35,0,1.03846
39,26,36,0,1.03846
39,26,37,0,1.03846
39,26,38,23,1.03846
39,26,39,4,1.03846
39,26,40,0,1.03846
39,26,41,0,1.03846
39,26,42,0,1.03846
39,26,43,0,1.03846
39,26,44,0,1.03846
39,26,45,0,1.03846
39,26,46,0,1.03846
39,26,47,0,1.03846
39,26,48,0,1.03846
39,26,49,0,1.03846
39,26,50,0,1.03846
39,26,51,0,1.03846
39,26,52,0,1.03846
39,26,53,0,1.03846
39,26,54,0,1.03846
39,26,55,0,1.03846
39,26,56,0,1.03846
39,26,57,0,1.03846
39,26,58,0,1.03846
39,26,59,0,1.03846
39,26,60,0,1.03846
39,26,61,0,1.03846
39,26,62,0,1.03846
39,26,63,0,1.03846
39,27,0,0,1.03704
39,27,1,0,1.03704
39,27,2,0,1.03704
39,27,3,0,1.03704
39,27,4,0,1.03704
39,27,5,0,1.03704
39,27,6,0,1.03704
39,27,7,0,1.03704
39,27,8,0,1.03704
39,27,9,0,1.03704
39,27,10,0,1.03704
39,27,11,0,1.03704
39,27,12,0,1.03704
39,27,13,0,1.03704
39,27,14,0,1.03704
39,27,15,0,1.03704
39,27,16,0,1.03704
39,27,17,0,1.03704
39,27,18,0,1.03704
39,27,19,0,1.03704
39,27,20,0,1.03704
39,27,21,0,1.03704
39,27,22,0,1.03704
39,27,23,0,1.03704
39,27,24,0,1.03704
39,27,25,0,1.03704
39,27,26,0,1.03704
39,27,27,0,1.03704
39,27,28,0,1.03704
39,27,29,0,1.03704
39,27,30,0,1.03704
39,27,31,0,1.03704
39,27,32,0,1.03704
39,27,33,0,1.03704
39,27,34,0,1.03704
39,27,35,0,1.03704
39,27,36,0,1.03704
39,27,37,0,1.03704
39,27,38,24,1.03704
39,27,39,4,1.03704
39,27,40,0,1.03704
39,27,41,0,1.03704
39,27,42,0,1.03704
39,27,43,0,1.03704
39,27,44,0,1.03704
39,27,45,0,1.03704
39,27,46,0,1.03704
39,27,47,0,1.03704
39,27,48,0,1.03704
39,27,49,0,1.03704
39,27,50,0,1.03704
39,27,51,0,1.03704
39,27,52,0,1.03704
39,27,53,0,1.03704
39,27,54,0,1.03704
39,27,55,0,1.03704
39,27,56,0,1.03704
39,27,57,0,1.03704
39,27,58,0,1.03704
39,27,59,0,1.03704
39,27,60,0,1.03704
39,27,61,0,1.03704
39,27,62,0,1.03704
39,27,63,0,1.03704
39,28,0,0,1.03571
39,28,1,0,1.03571
39,28,2,0,1.03571
39,28,3,0,1.03571
39,28,4,0,1.03571
39,28,5,0,1.03571
39,28,6,0,1.03571
39,28,7,0,1.03571
39,28,8,0,1.03571
39,28,9,0,1.03571
39,28,10,0,1.03571
39,28,11,0,1.03571
39,28,12,0,1.03571
39,28,13,0,1.03571
39,28,14,0,1.03571
39,28,15,0,1.03571
39,28,16,0,1.03571
39,28,17,0,1.03571
39,28,18,0,1.03571
39,28,19,0,1.03571
39,28,20,0,1.03571
39,28,21,0,1.03571
39,28,22,0,1.03571
39,28,23,0,1.03571
39,28,24,0,1.03571
39,28,25,0,1.03571
39,28,26,0,1.03571
39,28,27,0,1.03571
39,28,28,0,1.03571
39,28,29,0,1.03571
39,28,30,0,1.03571
39,28,31,0,1.03571
39,28,32,0,1.03571
39,28,33,0,1.03571
39,28,34,0,1.03571
39,28,35,0,1.03571
39,28,36,0,1.03571
39,28,37,0,1.03571
39,28,38,25,1.03571
39,28,39,4,1.03571
39,28,40,0,1.03571
39,28,41,0,1.03571
39,28,42,0,1.03571
39,28,43,0,1.03571
39,28,44,0,1.03571
39,28,45,0,1.03571
39,28,46,0,1.03571
39,28,47,0,1.03571
39,28,48,0,1.03571
39,28,49,0,1.03571
39,28,50,0,1.03571
39,28,51,0,1.03571
39,28,52,0,1.03571
39,28,53,0,1.03571
39,28,54,0,1.03571
39,28,55,0,1.03571
39,28,56,0,1.03571
39,28,57,0,1.03571
39,28,58,0,1.03571
39,28,59,0,1.03571
39,28,60,0,1.03571
39,28,61,0,1.03571
39,28,62,0,1.03571
39,28,63,0,1.03571
39,29,0,0,1.03448
39,29,1,0,1.03448
39,29,2,0,1.03448
39,29,3,0,1.03448
39,29,4,0,1.03448
39,29,5,0,1.03448
39,29,6,0,1.03448
39,29,7,0,1.03448
39,29,8,0,1.03448
39,29,9,0,1.03448
39,29,10,0,1.03448
39,29,11,0,1.03448
39,29,12,0,1.03448
39,29,13,0,1.03448
39,29,14,0,1.03448
39,29,15,0,1.03448
39,29,16,0,1.03448
39,29,17,0,1.03448
39,29,18,0,1.03448
39,29,19,0,1.03448
39,29,20,0,1.03448
39,29,21,0,1.03448
39,29,22,0,1.03448
39,29,23,0,1.03448
39,29,24,0,1.03448
39,29,25,0,1.03448
39,29,26,0,1.03448
39,29,27,0,1.03448
39,29,28,0,1.03448
39,29,29,0,1.03448
39,29,30,0,1.03448
39,29,31,0,1.03448
39,29,32,0,1.03448
39,29,33,0,1.03448
39,29,34,0,1.03448
39,29,35,0,1.03448
39,29,36,0,1.03448
39,29,37,0,1.03448
39,29,38,26,1.03448
39,29,39,4,1.03448
39,29,40,0,1.03448
39,29,41,0,1.03448
39,29,42,0,1.03448
39,29,43,0,1.03448
39,29,44,0,1.03448
39,29,45,0,1.03448
39,29,46,0,1.03448
39,29,47,0,1.03448
39,29,48,0,1.03448
39,29,49,0,1.03448
39,29,50,0,1.03448
39,29,51,0,1.03448
39,29,52,0,1.03448
39,29,53,0,1.03448
39,29,54,0,1.03448
39,29,55,0,1.03448
39,29,56,0,1.03448
39,29,57,0,1.03448
39,29,58,0,1.03448
39,29,59,0,1.03448
39,29,60,0,1.03448
39,29,61,0,1.03448
39,29,62,0,1.03448
39,29,63,0,1.03448
39,30,0,0,1.03333
39,30,1,0,1.03333
39,30,2,0,1.03333
39,30,3,0,1.03333
39,30,4,0,1.03333
39,30,5,0,1.03333
39,30,6,0,1.03333
39,30,7,0,1.03333
39,30,8,0,1.03333
39,30,9,0,1.03333
39,30,10,0,1.03333
39,30,11,0,1.03333
39,30,12,0,1.03333
39,30,13,0,1.03333
39,30,14,0,1.03333
39,30,15,0,1.03333
39,30,16,0,1.03333
39,30,17,0,1.03333
39,30,18,0,1.03333
39,30,19,0,1.03333
39,30,20,0,1.03333
39,30,21,0,1.03333
39,30,22,0,1.03333
39,30,23,0,1.03333
39,30,24,0,1.03333
39,30,25,0,1.03333
39,30,26,0,1.03333
39,30,27,0,1.03333
39,30,28,0,1.03333
39,30,29,0,1.03333
39,30,30,0,1.03333
39,30,31,0,1.03333
39,30,32,0,1.03333
39,30,33,0,1.03333
39,30,34,0,1.03333
39,30,35,0,1.03333
39,30,36,0,1.03333
39,30,37,0,1.03333
39,30,38,27,1.03333
39,30,39,4,1.03333
39,30,40,0,1.03333
39,30,41,0,1.03333
39,30,42,0,1.03333
39,30,43,0,1.03333
39,30,44,0,1.03333
39,30,45,0,1.03333
39,30,46,0,1.03333
39,30,47,0,1.03333
39,30,48,0,1.03333
39,30,49,0,1.03333
39,30,50,0,1.03333
39,30,51,0,1.03333
39,30,52,0,1.03333
39,30,53,0,1.03333
39,30,54,0,1.03333
39,30,55,0,1.03333
39,30,56,0,1.03333
39,30,57,0,1.03333
39,30,58,0,1.03333
39,30,59,0,1.03333
39,30,60,0,1.03333
39,30,61,0,1.03333
39,30,62,0,1.03333
39,30,63,0,1.03333
39,31,0,0,1.03226
39,31,1,0,1.03226
39,31,2,0,1.03226
39,31,3,0,1.03226
39,31,4,0,1.03226
39,31,5,0,1.03226
39,31,6,0,1.03226
39,31,7,0,1.03226
39,31,8,0,1.03226
39,31,9,0,1.03226
39,31,10,0,1.03226
39,31,11,0,1.03226
39,31,12,0,1.03226
39,31,13,0,1.03226
39,31,14,0,1.03226
39,31,15,0,1.03226
39,31,16,0,1.03226
39,31,17,0,1.03226
39,31,18,0,1.03226
39,31,19,0,1.03226
39,31,20,0,1.03226
39,31,21,0,1.03226
39,31,22,0,1.03226
39,31,23,0,1.03226
39,31,24,0,1.03226
39,31,25,0,1.03226
39,31,26,0,1.03226
39,31,27,0,1.03226
39,31,28,0,1.03226
39,31,29,0,1.03226
39,31,30,0,1.03226
39,31,31,0,1.03226
39,31,32,0,1.03226
39,31,33,0,1.03226
39,31,34,0,1.03226
39,31,35,0,1.03226
39,31,36,0,1.03226
39,31,37,0,1.03226
39,31,38,28,1.03226
39,31,39,4,1.03226
39,31,40,0,1.03226
39,31,41,0,1.03226
39,31,42,0,1.03226
39,31,43,0,1.03226
39,31,44,0,1.03226
39,31,45,0,1.03226
39,31,46,0,1.03226
39,31,47,0,1.03226
39,31,48,0,1.03226
39,31,49,0,1.03226
39,31,50,0,1.03226
39,31,51,0,1.03226
39,31,52,0,1.03226
39,31,53,0,1.03226
39,31,54,0,1.03226
39,31,55,0,1.03226
39,31,56,0,1.03226
39,31,57,0,1.03226
39,31,58,0,1.03226
39,31,59,0,1.03226
39,31,60,0,1.03226
39,31,61,0,1.03226
39,31,62,0,1.03226
39,31,63,0,1.03226
39,32,0,0,1.03125
39,32,1,0,1.03125
39,32,2,0,1.03125
39,32,3,0,1.03125
39,32,4,0,1.03125
39,32,5,0,1.03125
39,32,6,0,1.03125
39,32,7,0,1.03125
39,32,8,0,1.03125
39,32,9,0,1.03125
39,32,10,0,1.03125
39,32,11,0,1.03125
39,32,12,0,1.03125
39,32,13,0,1.03125
39,32,14,0,1.03125
39,32,15,0,1.03125
39,32,16,0,1.03125
39,32,17,0,1.03125
39,32,18,0,1.03125
39,32,19,0,1.03125
39,32,20,0,1.03125
39,32,21,0,1.03125
39,32,22,0,1.03125
39,32,23,0,1.03125
39,32,24,0,1.03125
39,32,25,0,1.03125
39,32,26,0,1.03125
39,32,27,0,1.03125
39,32,28,0,1.03125
39,32,29,0,1.03125
39,32,30,0,1.03125
39,32,31,0,1.03125
39,32,32,0,1.03125
39,32,33,0,1.03125
39,32,34,0,1.03125
39,32,35,0,1.03125
39,32,36,0,1.03125
39,32,37,0,1.03125
39,32,38,29,1.03125
39,32,39,4,1.03125
39,32,40,0,1.03125
39,32,41,0,1.03125
39,32,42,0,1.03125
39,32,43,0,1.03125
39,32,44,0,1.03125
39,32,45,0,1.03125
39,32,46,0,1.03125
39,32,47,0,1.03125
39,32,48,0,1.03125
39,32,49,0,1.03125
39,32,50,0,1.03125
39,32,51,0,1.03125
39,32,52,0,1.03125
39,32,53,0,1.03125
39,32,54,0,1.03125
39,32,55,0,1.03125
39,32,56,0,1.03125
39,32,57,0,1.03125
39,32,58,0,1.03125
39,32,59,0,1.03125
39,32,60,0,1.03125
39,32,61,0,1.03125
39,32,62,0,1.03125
39,32,63,0,1.03125
39,33,0,0,1.0303
39,33,1,0,1.0303
39,33,2,0,1.0303
39,33,3,0,1.0303
39,33,4,0,1.0303
39,33,5,0,1.0303
39,33,6,0,1.0303
39,33,7,0,1.0303
39,33,8,0,1.0303
39,33,9,0,1.0303
39,33,10,0,1.0303
39,33,11,0,1.0303
39,33,12,0,1.0303
39,33,13,0,1.0303
39,33,14,0,1.0303
39,33,15,0,1.0303
39,33,16,0,1.0303
39,33,17,0,1.0303
39,33,18,0,1.0303
39,33,19,0,1.0303
39,33,20,0,1.0303
39,33,21,0,1.0303
39,33,22,0,1.0303
39,33,23,0,1.0303
39,33,24,0,1.0303
39,33,25,0,1.0303
39,33,26,0,1.0303
39,33,27,0,1.0303
39,33,28,0,1.0303
39,33,29,0,1.0303
39,33,30,0,1.0303
39,33,31,0,1.0303
39,33,32,0,1.0303
39,33,33,0,1.0303
39,33,34,0,1.0303
39,33,35,0,1.0303
39,33,36,0,1.0303
39,33,37,0,1.0303
39,33,38,30,1.0303
39,33,39,4,1.0303
39,33,40,0,1.0303
39,33,41,0,1.0303
39,33,42,0,1.0303
39,33,43,0,1.0303
39,33,44,0,1.0303
39,33,45,0,1.0303
39,33,46,0,1.0303
39,33,47,0,1.0303
39,33,48,0,1.0303
39,33,49,0,1.0303
39,33,50,0,1.0303
39,33,51,0,1.0303
39,33,52,0,1.0303
39,33,53,0,1.0303
39,33,54,0,1.0303
39,33,55,0,1.0303
39,33,56,0,1.0303
39,33,57,0,1.0303
39,33,58,0,1.0303
39,33,59,0,1.0303
39,33,60,0,1.0303
39,33,61,0,1.0303
39,33,62,0,1.0303
39,33,63,0,1.0303
39,34,0,0,1.02941
39,34,1,0,1.02941
39,34,2,0,1.02941
39,34,3,0,1.02941
39,34,4,0,1.02941
39,34,5,0,1.02941
39,34,6,0,1.02941
39,34,7,0,1.02941
39,34,8,0,1.02941
39,34,9,0,1.02941
39,34,10,0,1.02941
39,34,11,0,1.02941
39,34,12,0,1.02941
39,34,13,0,1.02941
39,34,14,0,1.02941
39,34,15,0,1.02941
39,34,16,0,1.02941
39,34,17,0,1.02941
39,34,18,0,1.02941
39,34,19,0,1.02941
39,34,20,0,1.02941
39,34,21,0,1.02941
39,34,22,0,1.02941
39,34,23,0,1.02941
39,34,24,0,1.02941
39,34,25,0,1.02941
39,34,26,0,1.02941
39,34,27,0,1.02941
39,34,28,0,1.02941
39,34,29,0,1.02941
39,34,30,0,1.02941
39,34,31,0,1.02941
39,34,32,0,1.02941
39,34,33,0,1.02941
39,34,34,0,1.02941
39,34,35,0,1.02941
39,34,36,0,1.02941
39,34,37,0,1.02941
39,34,38,31,1.02941
39,34,39,4,1.02941
39,34,40,0,1.02941
39,34,41,0,1.02941
39,34,42,0,1.02941
39,34,43,0,1.02941
39,34,44,0,1.02941
39,34,45,0,1.02941
39,34,46,0,1.02941
39,34,47,0,1.02941
39,34,48,0,1.02941
39,34,49,0,1.02941
39,34,50,0,1.02941
39,34,51,0,1.02941
39,34,52,0,1.02941
39,34,53,0,1.02941
39,34,54,0,1.02941
39,34,55,0,1.02941
39,34,56,0,1.02941
39,34,57,0,1.02941
39,34,58,0,1.02941
39,34,59,0,1.02941
39,34,60,0,1.02941
39,34,61,0,1.02941
39,34,62,0,1.02941
39,34,63,0,1.02941
39,35,0,0,1.02857
39,35,1,0,1.02857
39,35,2,0,1.02857
39,35,3,0,1.02857
39,35,4,0,1.02857
39,35,5,0,1.02857
39,35,6,0,1.02857
39,35,7,0,1.02857
39,35,8,0,1.02857
39,35,9,0,1.02857
39,35,10,0,1.02857
39,35,11,0,1.02857
39,35,12,0,1.02857
39,35,13,0,1.02857
39,35,14,0,1.02857
39,35,15,0,1.02857
39,35,16,0,1.02857
39,35,17,0,1.02857
39,35,18,0,1.02857
39,35,19,0,1.02857
39,35,20,0,1.02857
39,35,21,0,1.02857
39,35,22,0,1.02857
39,35,23,0,1.02857
39,35,24,0,1.02857
39,35,25,0,1.02857
39,35,26,0,1.02857
39,35,27,0,1.02857
39,35,28,0,1.02857
39,35,29,0,1.02857
39,35,30,0,1.02857
39,35,31,0,1.02857
39,35,32,0,1.02857
39,35,33,0,1.02857
39,35,34,0,1.02857
39,35,35,0,1.02857
39,35,36,0,1.02857
39,35,37,0,1.02857
39,35,38,32,1.02857
39,35,39,4,1.02857
39,35,40,0,1.02857
39,35,41,0,1.02857
39,35,42,0,1.02857
39,35,43,0,1.02857
39,35,44,0,1.02857
39,35,45,0,1.02857
39,35,46,0,1.02857
39,35,47,0,1.02857
39,35,48,0,1.02857
39,35,49,0,1.02857
39,35,50,0,1.02857
39,35,51,0,1.02857
39,35,52,0,1.02857
39,35,53,0,1.02857
39,35,54,0,1.02857
39,35,55,0,1.02857
39,35,56,0,1.02857
39,35,57,0,1.02857
39,35,58,0,1.02857
39,35,59,0,1.02857
39,35,60,0,1.02857
39,35,61,0,1.02857
39,35,62,0,1.02857
39,35,63,0,1.02857
39,36,0,0,1.02778
39,36,1,0,1.02778
39,36,2,0,1.02778
39,36,3,0,1.02778
39,36,4,0,1.02778
39,36,5,0,1.02778
39,36,6,0,1.02778
39,36,7,0,1.02778
39,36,8,0,1.02778
39,36,9,0,1.02778
39,36,10,0,1.02778
39,36,11,0,1.02778
39,36,12,0,1.02778
39,36,13,0,1.02778
39,36,14,0,1.02778
39,36,15,0,1.02778
39,36,16,0,1.02778
39,36,17,0,1.02778
39,36,18,0,1.02778
39,36,19,0,1.02778
39,36,20,0,1.02778
39,36,21,0,1.02778
39,36,22,0,1.02778
39,36,23,0,1.02778
39,36,24,0,1.02778
39,36,25,0,1.02778
39,36,26,0,1.02778
39,36,27,0,1.02778
39,36,28,0,1.02778
39,36,29,0,1.02778
39,36,30,0,1.02778
39,36,31,0,1.02778
39,36,32,0,1.02778
39,36,33,0,1.02778
39,36,34,0,1.02778
39,36,35,0,1.02778
39,36,36,0,1.02778
39,36,37,0,1.02778
39,36,38,33,1.02778
39,36,39,4,1.02778
39,36,40,0,1.02778
39,36,41,0,1.02778
39,36,42,0,1.02778
39,36,43,0,1.02778
39,36,44,0,1.02778
39,36,45,0,1.02778
39,36,46,0,1.02778
39,36,47,0,1.02778
39,36,48,0,1.02778
39,36,49,0,1.02778
39,36,50,0,1.02778
39,36,51,0,1.02778
39,36,52,0,1.02778
39,36,53,0,1.02778
39,36,54,0,1.02778
39,36,55,0,1.02778
39,36,56,0,1.02778
39,36,57,0,1.02778
39,36,58,0,1.02778
39,36,59,0,1.02778
39,36,60,0,1.02778
39,36,61,0,1.02778
39,36,62,0,1.02778
39,36,63,0,1.02778
39,37,0,0,1.02703
39,37,1,0,1.02703
39,37,2,0,1.02703
39,37,3,0,1.02703
39,37,4,0,1.02703
39,37,5,0,1.02703
39,37,6,0,1.02703
39,37,7,0,1.02703
39,37,8,0,1.02703
39,37,9,0,1.02703
39,37,10,0,1.02703
39,37,11,0,1.02703
39,37,12,0,1.02703
39,37,13,0,1.02703
39,37,14,0,1.02703
39,37,15,0,1.02703
39,37,16,0,1.02703
39,37,17,0,1.02703
39,37,18,0,1.02703
39,37,19,0,1.02703
39,37,20,0,1.02703
39,37,21,0,1.02703
39,37,22,0,1.02703
39,37,23,0,1.02703
39,37,24,0,1.02703
39,37,25,0,1.02703
39,37,26,0,1.02703
39,37,27,0,1.02703
39,37,28,0,1.02703
39,37,29,0,1.02703
39,37,30,0,1.02703
39,37,31,0,1.02703
39,37,32,0,1.02703
39,37,33,0,1.02703
39,37,34,0,1.02703
39,37,35,0,1.02703
39,37,36,0,1.02703
39,37,37,0,1.02703
39,37,38,34,1.02703
39,37,39,4,1.02703
39,37,40,0,1.02703
39,37,41,0,1.02703
39,37,42,0,1.02703
39,37,43,0,1.02703
39,37,44,0,1.02703
39,37,45,0,1.02703
39,37,46,0,1.02703
39,37,47,0,1.02703
39,37,48,0,1.02703
39,37,49,0,1.02703
39,37,50,0,1.02703
39,37,51,0,1.02703
39,37,52,0,1.02703
39,37,53,0,1.02703
39,37,54,0,1.02703
39,37,55,0,1.02703
39,37,56,0,1.02703
39,37,57,0,1.02703
39,37,58,0,1.02703
39,37,59,0,1.02703
39,37,60,0,1.02703
39,37,61,0,1.02703
39,37,62,0,1.02703
39,37,63,0,1.02703
39,38,0,0,1.02632
39,38,1,0,1.02632
39,38,2,0,1.02632
39,38,3,0,1.02632
39,38,4,0,1.02632
39,38,5,0,1.02632
39,38,6,0,1.02632
39,38,7,0,1.02632
39,38,8,0,1.02632
39,38,9,0,1.02632
39,38,10,0,1.02632
39,38,11,0,1.02632
39,38,12,0,1.02632
39,38,13,0,1.02632
39,38,14,0,1.02632
39,38,15,0,1.02632
39,38,16,0,1.02632
39,38,17,0,1.02632
39,38,18,0,1.02632
39,38,19,0,1.02632
39,38,20,0,1.02632
39,38,21,0,1.02632
39,38,22,0,1.02632
39,38,23,0,1.02632
39,38,24,0,1.02632
39,38,25,0,1.02632
39,38,26,0,1.02632
39,38,27,0,1.02632
39,38,28,0,1.02632
39,38,29,0,1.02632
39,38,30,0,1.02632
39,38,31,0,1.02632
39,38,32,0,1.02632
39,38,33,0,1.02632
39,38,34,0,1.02632
39,38,35,0,1.02632
39,38,36,0,1.02632
39,38,37,0,1.02632
39,38,38,34,1.02632
39,38,39,5,1.02632
39,38,40,0,1.02632
39,38,41,0,1.02632
39,38,42,0,1.02632
39,38,43,0,1.02632
39,38,44,0,1.02632
39,38,45,0,1.02632
39,38,46,0,1.02632
39,38,47,0,1.02632
39,38,48,0,1.02632
39,38,49,0,1.02632
39,38,50,0,1.02632
39,38,51,0,1.02632
39,38,52,0,1.02632
39,38,53,0,1.02632
39,38,54,0,1.02632
39,38,55,0,1.02632
39,38,56,0,1.02632
39,38,57,0,1.02632
39,38,58,0,1.02632
39,38,59,0,1.02632
39,38,60,0,1.02632
39,38,61,0,1.02632
39,38,62,0,1.02632
39,38,63,0,1.02632
39,39,0,0,1.02564
39,39,1,0,1.02564
39,39,2,0,1.02564
39,39,3,0,1.02564
39,39,4,0,1.02564
39,39,5,0,1.02564
39,39,6,0,1.02564
39,39,7,0,1.02564
39,39,8,0,1.02564
39,39,9,0,1.02564
39,39,10,0,1.02564
39,39,11,0,1.02564
39,39,12,0,1.02564
39,39,13,0,1.02564
39,39,14,0,1.02564
39,39,15,0,1.02564
39,39,16,0,1.02564
39,39,17,0,1.02564
39,39,18,0,1.02564
39,39,19,0,1.02564
39,39,20,0,1.02564
39,39,21,0,1.02564
39,39,22,0,1.02564
39,39,23,0,1.02564
39,39,24,0,1.02564
39,39,25,0,1.02564
39,39,26,0,1.02564
39,39,27,0,1.02564
39,39,28,0,1.02564
39,39,29,0,1.02564
39,39,30,0,1.02564
39,39,31,0,1.02564
39,39,32,0,1.02564
39,39,33,0,1.02564
39,39,34,0,1.02564
39,39,35,0,1.02564
39,39,36,0,1.02564
39,39,37,0,1.02564
39,39,38,35,1.02564
39,39,39,5,1.02564
39,39,40,0,1.02564
39,39,41,0,1.02564
39,39,42,0,1.02564
39,39,43,0,1.02564
39,39,44,0,1.02564
39,39,45,0,1.02564
39,39,46,0,1.02564
39,39,47,0,1.02564
39,39,48,0,1.02564
39,39,49,0,1.02564
39,39,50,0,1.02564
39,39,51,0,1.02564
39,39,52,0,1.02564
39,39,53,0,1.02564
39,39,54,0,1.02564
39,39,55,0,1.02564
39,39,56,0,1.02564
39,39,57,0,1.02564
39,39,58,0,1.02564
39,39,59,0,1.02564
39,39,60,0,1.02564
39,39,61,0,1.02564
39,39,62,0,1.02564
39,39,63,0,1.02564
39,40,0,0,1.025
39,40,1,0,1.025
39,40,2,0,1.025
39,40,3,0,1.025
39,40,4,0,1.025
39,40,5,0,1.025
39,40,6,0,1.025
39,40,7,0,1.025
39,40,8,0,1.025
39,40,9,0,1.025
39,40,10,0,1.025
39,40,11,0,1.025
39,40,12,0,1.025
39,40,13,0,1.025
39,40,14,0,1.025
39,40,15,0,1.025
39,40,16,0,1.025
39,40,17,0,1.025
39,40,18,0,1.025
39,40,19,0,1.025
39,40,20,0,1.025
39,40,21,0,1.025
39,40,22,0,1.025
39,40,23,0,1.025
39,40,24,0,1.025
39,40,25,0,1.025
39,40,26,0,1.025
39,40,27,0,1.025
39,40,28,0,1.025
39,40,29,0,1.025
39,40,30,0,1.025
39,40,31,0,1.025
39,40,32,0,1.025
39,40,33,0,1.025
39,40,34,0,1.025
39,40,35,0,1.025
39,40,36,0,1.025
39,40,37,0,1.025
39,40,38,36,1.025
39,40,39,5,1.025
39,40,40,0,1.025
39,40,41,0,1.025
39,40,42,0,1.025
39,40,43,0,1.025
39,40,44,0,1.025
39,40,45,0,1.025
39,40,46,0,1.025
39,40,47,0,1.025
39,40,48,0,1.025
39,40,49,0,1.025
39,40,50,0,1.025
39,40,51,0,1.025
39,40,52,0,1.025
39,40,53,0,1.025
39,40,54,0,1.025
39,40,55,0,1.025
39,40,56,0,1.025
39,40,57,0,1.025
39,40,58,0,1.025
39,40,59,0,1.025
39,40,60,0,1.025
39,40,61,0,1.025
39,40,62,0,1.025
39,40,63,0,1.025
39,41,0,0,1.02439
39,41,1,0,1.02439
39,41,2,0,1.02439
39,41,3,0,1.02439
39,41,4,0,1.02439
39,41,5,0,1.02439
39,41,6,0,1.02439
39,41,7,0,1.02439
39,41,8,0,1.02439
39,41,9,0,1.02439
39,41,10,0,1.02439
39,41,11,0,1.02439
39,41,12,0,1.02439
39,41,13,0,1.02439
39,41,14,0,1.02439
39,41,15,0,1.02439
39,41,16,0,1.02439
39,41,17,0,1.02439
39,41,18,0,1.02439
39,41,19,0,1.02439
39,41,20,0,1.02439
39,41,21,0,1.02439
39,41,22,0,1.02439
39,41,23,0,1.02439
39,41,24,0,1.02439
39,41,25,0,1.02439
39,41,26,0,1.02439
39,41,27,0,1.02439
39,41,28,0,1.02439
39,41,29,0,1.02439
39,41,30,0,1.02439
39,41,31,0,1.02439
39,41,32,0,1.02439
39,41,33,0,1.02439
39,41,34,0,1.02439
39,41,35,0,1.02439
39,41,36,0,1.02439
39,41,37,0,1.02439
39,41,38,37,1.02439
39,41,39,5,1.02439
39,41,40,0,1.02439
39,41,41,0,1.02439
39,41,42,0,1.02439
39,41,43,0,1.02439
39,41,44,0,1.02439
39,41,45,0,1.02439
39,41,46,0,1.02439
39,41,47,0,1.02439
39,41,48,0,1.02439
39,41,49,0,1.02439
39,41,50,0,1.02439
39,41,51,0,1.02439
39,41,52,0,1.02439
39,41,53,0,1.02439
39,41,54,0,1.02439
39,41,55,0,1.02439
39,41,56,0,1.02439
39,41,57,0,1.02439
39,41,58,0,1.02439
39,41,59,0,1.02439
39,41,60,0,1.02439
39,41,61,0,1.02439
39,41,62,0,1.02439
39,41,63,0,1.02439
39,42,0,0,1.02381
39,42,1,0,1.02381
39,42,2,0,1.02381
39,42,3,0,1.02381
39,42,4,0,1.02381
39,42,5,0,1.02381
39,42,6,0,1.02381
39,42,7,0,1.02381
39,42,8,0,1.02381
39,42,9,0,1.02381
39,42,10,0,1.02381
39,42,11,0,1.02381
39,42,12,0,1.02381
39,42,13,0,1.02381
39,42,14,0,1.02381
39,42,15,0,1.02381
39,42,16,0,1.02381
39,42,17,0,1.02381
39,42,18,0,1.02381
39,42,19,0,1.02381
39,42,20,0,1.02381
39,42,21,0,1.02381
39,42,22,0,1.02381
39,42,23,0,1.02381
39,42,24,0,1.02381
39,42,25,0,1.02381
39,42,26,0,1.02381
39,42,27,0,1.02381
39,42,28,0,1.02381
39,42,29,0,1.02381
39,42,30,0,1.02381
39,42,31,0,1.02381
39,42,32,0,1.02381
39,42,33,0,1.02381
39,42,34,0,1.02381
39,42,35,0,1.02381
39,42,36,0,1.02381
39,42,37,0,1.02381
39,42,38,38,1.02381
39,42,39,5,1.02381
39,42,40,0,1.02381
39,42,41,0,1.02381
39,42,42,0,1.02381
39,42,43,0,1.02381
39,42,44,0,1.02381
39,42,45,0,1.02381
39,42,46,0,1.02381
39,42,47,0,1.02381
39,42,48,0,1.02381
39,42,49,0,1.02381
39,42,50,0,1.02381
39,42,51,0,1.02381
39,42,52,0,1.02381
39,42,53,0,1.02381
39,42,54,0,1.02381
39,42,55,0,1.02381
39,42,56,0,1.02381
39,42,57,0,1.02381
39,42,58,0,1.02381
39,42,59,0,1.02381
39,42,60,0,1.02381
39,42,61,0,1.02381
39,42,62,0,1.02381
39,42,63,0,1.02381
39,43,0,0,1.04651
39,43,1,0,1.04651
39,43,2,0,1.04651
39,43,3,0,1.04651
39,43,4,0,1.04651
39,43,5,0,1.04651
39,43,6,0,1.04651
39,43,7,0,1.04651
39,43,8,0,1.04651
39,43,9,0,1.04651
39,43,10,0,1.04651
39,43,11,0,1.04651
39,43,12,0,1.04651
39,43,13,0,1.04651
39,43,14,0,1.04651
39,43,15,0,1.04651
39,43,16,0,1.04651
39,43,17,0,1.04651
39,43,18,0,1.04651
39,43,19,0,1.04651
39,43,20,0,1.04651
39,43,21,0,1.04651
39,43,22,0,1.04651
39,43,23,0,1.04651
39,43,24,0,1.04651
39,43,25,0,1.04651
39,43,26,0,1.04651
39,43,27,0,1.04651
39,43,28,0,1.04651
39,43,29,0,1.04651
39,43,30,0,1.04651
39,43,31,0,1.04651
39,43,32,0,1.04651
39,43,33,0,1.04651
39,43,34,0,1.04651
39,43,35,0,1.04651
39,43,36,0,1.04651
39,43,37,0,1.04651
39,43,38,40,1.04651
39,43,39,5,1.04651
39,43,40,0,1.04651
39,43,41,0,1.04651
39,43,42,0,1.04651
39,43,43,0,1.04651
39,43,44,0,1.04651
39,43,45,0,1.04651
39,43,46,0,1.04651
39,43,47,0,1.04651
39,43,48,0,1.04651
39,43,49,0,1.04651
39,43,50,0,1.04651
39,43,51,0,1.04651
39,43,52,0,1.04651
39,43,53,0,1.04651
39,43,54,0,1.04651
39,43,55,0,1.04651
39,43,56,0,1.04651
39,43,57,0,1.04651
39,43,58,0,1.04651
39,43,59,0,1.04651
39,43,60,0,1.04651
39,43,61,0,1.04651
39,43,62,0,1.04651
39,43,63,0,1.04651
39,44,0,0,1.04545
39,44,1,0,1.04545
39,44,2,0,1.04545
39,44,3,0,1.04545
39,44,4,0,1.04545
39,44,5,0,1.04545
39,44,6,0,1.04545
39,44,7,0,1.04545
39,44,8,0,1.04545
39,44,9,0,1.04545
39,44,10,0,1.04545
39,44,11,0,1.04545
39,44,12,0,1.04545
39,44,13,0,1.04545
39,44,14,0,1.04545
39,44,15,0,1.04545
39,44,16,0,1.04545
39,44,17,0,1.04545
39,44,18,0,1.04545
39,44,19,0,1.04545
39,44,20,0,1.04545
39,44,21,0,1.04545
39,44,22,0,1.04545
39,44,23,0,1.04545
39,44,24,0,1.04545
39,44,25,0,1.04545
39,44,26,0,1.04545
39,44,27,0,1.04545
39,44,28,0,1.04545
39,44,29,0,1.04545
39,44,30,0,1.04545
39,44,31,0,1.04545
39,44,32,0,1.04545
39,44,33,0,1.04545
39,44,34,0,1.04545
39,44,35,0,1.04545
39,44,36,0,1.04545
39,44,37,0,1.04545
39,44,38,41,1.04545
39,44,39,5,1.04545
39,44,40,0,1.04545
39,44,41,0,1.04545
39,44,42,0,1.04545
39,44,43,0,1.04545
39,44,44,0,1.04545
39,44,45,0,1.04545
39,44,46,0,1.04545
39,44,47,0,1.04545
39,44,48,0,1.04545
39,44,49,0,1.04545
39,44,50,0,1.04545
39,44,51,0,1.04545
39,44,52,0,1.04545
39,44,53,0,1.04545
39,44,54,0,1.04545
39,44,55,0,1.04545
39,44,56,0,1.04545
39,44,57,0,1.04545
39,44,58,0,1.04545
39,44,59,0,1.04545
39,44,60,0,1.04545
39,44,61,0,1.04545
39,44,62,0,1.04545
39,44,63,0,1.04545
39,45,0,0,1.04444
39,45,1,0,1.04444
39,45,2,0,1.04444
39,45,3,0,1.04444
39,45,4,0,1.04444
39,45,5,0,1.04444
39,45,6,0,1.04444
39,45,7,0,1.04444
39,45,8,0,1.04444
39,45,9,0,1.04444
39,45,10,0,1.04444
39,45,11,0,1.04444
39,45,12,0,1.04444
39,45,13,0,1.04444
39,45,14,0,1.04444
39,45,15,0,1.04444
39,45,16,0,1.04444
39,45,17,0,1.04444
39,45,18,0,1.04444
39,45,19,0,1.04444
39,45,20,0,1.04444
39,45,21,0,1.04444
39,45,22,0,1.04444
39,45,23,0,1.04444
39,45,24,0,1.04444
39,45,25,0,1.04444
39,45,26,0,1.04444
39,45,27,0,1.04444
39,45,28,0,1.04444
39,45,29,0,1.04444
39,45,30,0,1.04444
39,45,31,0,1.04444
39,45,32,0,1.04444
39,45,33,0,1.04444
39,45,34,0,1.04444
39,45,35,0,1.04444
39,45,36,0,1.04444
39,45,37,0,1.04444
39,45,38,42,1.04444
39,45,39,5,1.04444
39,45,40,0,1.04444
39,45,41,0,1.04444
39,45,42,0,1.04444
39,45,43,0,1.04444
39,45,44,0,1.04444
39,45,45,0,1.04444
39,45,46,0,1.04444
39,45,47,0,1.04444
39,45,48,0,1.04444
39,45,49,0,1.04444
39,45,50,0,1.04444
39,45,51,0,1.04444
39,45,52,0,1.04444
39,45,53,0,1.04444
39,45,54,0,1.04444
39,45,55,0,1.04444
39,45,56,0,1.04444
39,45,57,0,1.04444
39,45,58,0,1.04444
39,45,59,0,1.04444
39,45,60,0,1.04444
39,45,61,0,1.04444
39,45,62,0,1.04444
39,45,63,0,1.04444
39,46,0,0,1.04348
39,46,1,0,1.04348
39,46,2,0,1.04348
39,46,3,0,1.04348
39,46,4,0,1.04348
39,46,5,0,1.04348
39,46,6,0,1.04348
39,46,7,0,1.04348
39,46,8,0,1.04348
39,46,9,0,1.04348
39,46,10,0,1.04348
39,46,11,0,1.04348
39,46,12,0,1.04348
39,46,13,0,1.04348
39,46,14,0,1.04348
39,46,15,0,1.04348
39,46,16,0,1.04348
39,46,17,0,1.04348
39,46,18,0,1.04348
39,46,19,0,1.04348
39,46,20,0,1.04348
39,46,21,0,1.04348
39,46,22,0,1.04348
39,46,23,0,1.04348
39,46,24,0,1.04348
39,46,25,0,1.04348
39,46,26,0,1.04348
39,46,27,0,1.04348
39,46,28,0,1.04348
39,46,29,0,1.04348
39,46,30,0,1.04348
39,46,31,0,1.04348
39,46,32,0,1.04348
39,46,33,0,1.04348
39,46,34,0,1.04348
39,46,35,0,1.04348
39,46,36,0,1.04348
39,46,37,0,1.04348
39,46,38,43,1.04348
39,46,39,5,1.04348
39,46,40,0,1.04348
39,46,41,0,1.04348
39,46,42,0,1.04348
39,46,43,0,1.04348
39,46,44,0,1.04348
39,46,45,0,1.04348
39,46,46,0,1.04348
39,46,47,0,1.04348
39,46,48,0,1.04348
39,46,49,0,1.04348
39,46,50,0,1.04348
39,46,51,0,1.04348
39,46,52,0,1.04348
39,46,53,0,1.04348
39,46,54,0,1.04348
39,46,55,0,1.04348
39,46,56,0,1.04348
39,46,57,0,1.04348
39,46,58,0,1.04348
39,46,59,0,1.04348
39,46,60,0,1.04348
39,46,61,0,1.04348
39,46,62,0,1.04348
39,46,63,0,1.04348
39,47,0,0,1.04255
39,47,1,0,1.04255
39,47,2,0,1.04255
39,47,3,0,1.04255
39,47,4,0,1.04255
39,47,5,0,1.04255
39,47,6,0,1.04255
39,47,7,0,1.04255
39,47,8,0,1.04255
39,47,9,0,1.04255
39,47,10,0,1.04255
39,47,11,0,1.04255
39,47,12,0,1.04255
39,47,13,0,1.04255
39,47,14,0,1.04255
39,47,15,0,1.04255
39,47,16,0,1.04255
39,47,17,0,1.04255
39,47,18,0,1.04255
39,47,19,0,1.04255
39,47,20,0,1.04255
39,47,21,0,1.04255
39,47,22,0,1.04255
39,47,23,0,1.04255
39,47,24,0,1.04255
39,47,25,0,1.04255
39,47,26,0,1.04255
39,47,27,0,1.04255
39,47,28,0,1.04255
39,47,29,0,1.04255
39,47,30,0,1.04255
39,47,31,0,1.04255
39,47,32,0,1.04255
39,47,33,0,1.04255
39,47,34,0,1.04255
39,47,35,0,1.04255
39,47,36,0,1.04255
39,47,37,0,1.04255
39,47,38,44,1.04255
39,47,39,5,1.04255
39,47,40,0,1.04255
39,47,41,0,1.04255
39,47,42,0,1.04255
39,47,43,0,1.04255
39,47,44,0,1.04255
39,47,45,0,1.04255
39,47,46,0,1.04255
39,47,47,0,1.04255
39,47,48,0,1.04255
39,47,49,0,1.04255
39,47,50,0,1.04255
39,47,51,0,1.04255
39,47,52,0,1.04255
39,47,53,0,1.04255
39,47,54,0,1.04255
39,47,55,0,1.04255
39,47,56,0,1.04255
39,47,57,0,1.04255
39,47,58,0,1.04255
39,47,59,0,1.04255
39,47,60,0,1.04255
39,47,61,0,1.04255
39,47,62,0,1.04255
39,47,63,0,1.04255
39,48,0,0,1.04167
39,48,1,0,1.04167
39,48,2,0,1.04167
39,48,3,0,1.04167
39,48,4,0,1.04167
39,48,5,0,1.04167
39,48,6,0,1.04167
39,48,7,0,1.04167
39,48,8,0,1.04167
39,48,9,0,1.04167
39,48,10,0,1.04167
39,48,11,0,1.04167
39,48,12,0,1.04167
39,48,13,0,1.04167
39,48,14,0,1.04167
39,48,15,0,1.04167
39,48,16,0,1.04167
39,48,17,0,1.04167
39,48,18,0,1.04167
39,48,19,0,1.04167
39,48,20,0,1.04167
39,48,21,0,1.04167
39,48,22,0,1.04167
39,48,23,0,1.04167
39,48,24,0,1.04167
39,48,25,0,1.04167
39,48,26,0,1.04167
39,48,27,0,1.04167
39,48,28,0,1.04167
39,48,29,0,1.04167
39,48,30,0,1.04167
39,48,31,0,1.04167
39,48,32,0,1.04167
39,48,33,0,1.04167
39,48,34,0,1.04167
39,48,35,0,1.04167
39,48,36,0,1.04167
39,48,37,0,1.04167
39,48,38,44,1.04167
39,48,39,6,1.04167
39,48,40,0,1.04167
39,48,41,0,1.04167
39,48,42,0,1.04167
39,48,43,0,1.04167
39,48,44,0,1.04167
39,48,45,0,1.04167
39,48,46,0,1.04167
39,48,47,0,1.04167
39,48,48,0,1.04167
39,48,49,0,1.04167
39,48,50,0,1.04167
39,48,51,0,1.04167
39,48,52,0,1.04167
39,48,53,0,1.04167
39,48,54,0,1.04167
39,48,55,0,1.04167
39,48,56,0,1.04167
39,48,57,0,1.04167
39,48,58,0,1.04167
39,48,59,0,1.04167
39,48,60,0,1.04167
39,48,61,0,1.04167
39,48,62,0,1.04167
39,48,63,0,1.04167
39,49,0,0,1.04082
39,49,1,0,1.04082
39,49,2,0,1.04082
39,49,3,0,1.04082
39,49,4,0,1.04082
39,49,5,0,1.04082
39,49,6,0,1.04082
39,49,7,0,1.04082
39,49,8,0,1.04082
39,49,9,0,1.04082
39,49,10,0,1.04082
39,49,11,0,1.04082
39,49,12,0,1.04082
39,49,13,0,1.04082
39,49,14,0,1.04082
39,49,15,0,1.04082
39,49,16,0,1.04082
39,49,17,0,1.04082
39,49,18,0,1.04082
39,49,19,0,1.04082
39,49,20,0,1.04082
39,49,21,0,1.04082
39,49,22,0,1.04082
39,49,23,0,1.04082
39,49,24,0,1.04082
39,49,25,0,1.04082
39,49,26,0,1.04082
39,49,27,0,1.04082
39,49,28,0,1.04082
39,49,29,0,1.04082
39,49,30,0,1.04082
39,49,31,0,1.04082
39,49,32,0,1.04082
39,49,33,0,1.04082
39,49,34,0,1.04082
39,49,35,0,1.04082
39,49,36,0,1.04082
39,49,37,0,1.04082
39,49,38,44,1.04082
39,49,39,7,1.04082
39,49,40,0,1.04082
39,49,41,0,1.04082
39,49,42,0,1.04082
39,49,43,0,1.04082
39,49,44,0,1.04082
39,49,45,0,1.04082
39,49,46,0,1.04082
39,49,47,0,1.04082
39,49,48,0,1.04082
39,49,49,0,1.04082
39,49,50,0,1.04082
39,49,51,0,1.04082
39,49,52,0,1.04082
39,49,53,0,1.04082
39,49,54,0,1.04082
39,49,55,0,1.04082
39,49,56,0,1.04082
39,49,57,0,1.04082
39,49,58,0,1.04082
39,49,59,0,1.04082
39,49,60,0,1.04082
39,49,61,0,1.04082
39,49,62,0,1.04082
39,49,63,0,1.04082
39,50,0,0,1.04
39,50,1,0,1.04
39,50,2,0,1.04
39,50,3,0,1.04
39,50,4,0,1.04
39,50,5,0,1.04
39,50,6,0,1.04
39,50,7,0,1.04
39,50,8,0,1.04
39,50,9,0,1.04
39,50,10,0,1.04
39,50,11,0,1.04
39,50,12,0,1.04
39,50,13,0,1.04
39,50,14,0,1.04
39,50,15,0,1.04
39,50,16,0,1.04
39,50,17,0,1.04
39,50,18,0,1.04
39,50,19,0,1.04
39,50,20,0,1.04
39,50,21,0,1.04
39,50,22,0,1.04
39,50,23,0,1.04
39,50,24,0,1.04
39,50,25,0,1.04
39,50,26,0,1.04
39,50,27,0,1.04
39,50,28,0,1.04
39,50,29,0,1.04
39,50,30,0,1.04
39,50,31,0,1.04
39,50,32,0,1.04
39,50,33,0,1.04
39,50,34,0,1.04
39,50,35,0,1.04
39,50,36,0,1.04
39,50,37,0,1.04
39,50,38,45,1.04
39,50,39,7,1.04
39,50,40,0,1.04
39,50,41,0,1.04
39,50,42,0,1.04
39,50,43,0,1.04
39,50,44,0,1.04
39,50,45,0,1.04
39,50,46,0,1.04
39,50,47,0,1.04
39,50,48,0,1.04
39,50,49,0,1.04
39,50,50,0,1.04
39,50,51,0,1.04
39,50,52,0,1.04
39,50,53,0,1.04
39,50,54,0,1.04
39,50,55,0,1.04
39,50,56,0,1.04
39,50,57,0,1.04
39,50,58,0,1.04
39,50,59,0,1.04
39,50,60,0,1.04
39,50,61,0,1.04
39,50,62,0,1.04
39,50,63,0,1.04
39,51,0,0,1.07843
39,51,1,0,1.07843
39,51,2,0,1.07843
39,51,3,0,1.07843
39,51,4,0,1.07843
39,51,5,0,1.07843
39,51,6,0,1.07843
39,51,7,0,1.07843
39,51,8,0,1.07843
39,51,9,0,1.07843
39,51,10,0,1.07843
39,51,11,0,1.07843
39,51,12,0,1.07843
39,51,13,0,1.07843
39,51,14,0,1.07843
39,51,15,0,1.07843
39,51,16,0,1.07843
39,51,17,0,1.07843
39,51,18,0,1.07843
39,51,19,0,1.07843
39,51,20,0,1.07843
39,51,21,0,1.07843
39,51,22,0,1.07843
39,51,23,0,1.07843
39,51,24,0,1.07843
39,51,25,0,1.07843
39,51,26,0,1.07843
39,51,27,0,1.07843
39,51,28,0,1.07843
39,51,29,0,1.07843
39,51,30,0,1.07843
39,51,31,0,1.07843
39,51,32,0,1.07843
39,51,33,0,1.07843
39,51,34,0,1.07843
39,51,35,0,1.07843
39,51,36,0,1.07843
39,51,37,0,1.07843
39,51,38,48,1.07843
39,51,39,7,1.07843
39,51,40,0,1.07843
39,51,41,0,1.07843
39,51,42,0,1.07843
39,51,43,0,1.07843
39,51,44,0,1.07843
39,51,45,0,1.07843
39,51,46,0,1.07843
39,51,47,0,1.07843
39,51,48,0,1.07843
39,51,49,0,1.07843
39,51,50,0,1.07843
39,51,51,0,1.07843
39,51,52,0,1.07843
39,51,53,0,1.07843
39,51,54,0,1.07843
39,51,55,0,1.07843
39,51,56,0,1.07843
39,51,57,0,1.07843
39,51,58,0,1.07843
39,51,59,0,1.07843
39,51,60,0,1.07843
39,51,61,0,1.07843
39,51,62,0,1.07843
39,51,63,0,1.07843
39,52,0,0,1.07692
39,52,1,0,1.07692
39,52,2,0,1.07692
39,52,3,0,1.07692
39,52,4,0,1.07692
39,52,5,0,1.07692
39,52,6,0,1.07692
39,52,7,0,1.07692
39,52,8,0,1.07692
39,52,9,0,1.07692
39,52,10,0,1.07692
39,52,11,0,1.07692
39,52,12,0,1.07692
39,52,13,0,1.07692
39,52,14,0,1.07692
39,52,15,0,1.07692
39,52,16,0,1.07692
39,52,17,0,1.07692
39,52,18,0,1.07692
39,52,19,0,1.07692
39,52,20,0,1.07692
39,52,21,0,1.07692
39,52,22,0,1.07692
39,52,23,0,1.07692
39,52,24,0,1.07692
39,52,25,0,1.07692
39,52,26,0,1.07692
39,52,27,0,1.07692
39,52,28,0,1.07692
39,52,29,0,1.07692
39,52,30,0,1.07692
39,52,31,0,1.07692
39,52,32,0,1.07692
39,52,33,0,1.07692
39,52,34,0,1.07692
39,52,35,0,1.07692
39,52,36,0,1.07692
39,52,37,0,1.07692
39,52,38,48,1.07692
39,52,39,8,1.07692
39,52,40,0,1.07692
39,52,41,0,1.07692
39,52,42,0,1.07692
39,52,43,0,1.07692
39,52,44,0,1.07692
39,52,45,0,1.07692
39,52,46,0,1.07692
39,52,47,0,1.07692
39,52,48,0,1.07692
39,52,49,0,1.07692
39,52,50,0,1.07692
39,52,51,0,1.07692
39,52,52,0,1.07692
39,52,53,0,1.07692
39,52,54,0,1.07692
39,52,55,0,1.07692
39,52,56,0,1.07692
39,52,57,0,1.07692
39,52,58,0,1.07692
39,52,59,0,1.07692
39,52,60,0,1.07692
39,52,61,0,1.07692
39,52,62,0,1.07692
39,52,63,0,1.07692
39,53,0,0,1.07547
39,53,1,0,1.07547
39,53,2,0,1.07547
39,53,3,0,1.07547
39,53,4,0,1.07547
39,53,5,0,1.07547
39,53,6,0,1.07547
39,53,7,0,1.07547
39,53,8,0,1.07547
39,53,9,0,1.07547
39,53,10,0,1.07547
39,53,11,0,1.07547
39,53,12,0,1.07547
39,53,13,0,1.07547
39,53,14,0,1.07547
39,53,15,0,1.07547
39,53,16,0,1.07547
39,53,17,0,1.07547
39,53,18,0,1.07547
39,53,19,0,1.07547
39,53,20,0,1.07547
39,53,21,0,1.07547
39,53,22,0,1.07547
39,53,23,0,1.07547
39,53,24,0,1.07547
39,53,25,0,1.07547
39,53,26,0,1.07547
39,53,27,0,1.07547
39,53,28,0,1.07547
39,53,29,0,1.07547
39,53,30,0,1.07547
39,53,31,0,1.07547
39,53,32,0,1.07547
39,53,33,0,1.07547
39,53,34,0,1.07547
39,53,35,0,1.07547
39,53,36,0,1.07547
39,53,37,0,1.07547
39,53,38,49,1.07547
39,53,39,8,1.07547
39,53,40,0,1.07547
39,53,41,0,1.07547
39,53,42,0,1.07547
39,53,43,0,1.07547
39,53,44,0,1.07547
39,53,45,0,1.07547
39,53,46,0,1.07547
39,53,47,0,1.07547
39,53,48,0,1.07547
39,53,49,0,1.07547
39,53,50,0,1.07547
39,53,51,0,1.07547
39,53,52,0,1.07547
39,53,53,0,1.07547
39,53,54,0,1.07547
39,53,55,0,1.07547
39,53,56,0,1.07547
39,53,57,0,1.07547
39,53,58,0,1.07547
39,53,59,0,1.07547
39,53,60,0,1.07547
39,53,61,0,1.07547
39,53,62,0,1.07547
39,53,63,0,1.07547
39,54,0,0,1.07407
39,54,1,0,1.07407
39,54,2,0,1.07407
39,54,3,0,1.07407
39,54,4,0,1.07407
39,54,5,0,1.07407
39,54,6,0,1.07407
39,54,7,0,1.07407
39,54,8,0,1.07407
39,54,9,0,1.07407
39,54,10,0,1.07407
39,54,11,0,1.07407
39,54,12,0,1.07407
39,54,13,0,1.07407
39,54,14,0,1.07407
39,54,15,0,1.07407
39,54,16,0,1.07407
39,54,17,0,1.07407
39,54,18,0,1.07407
39,54,19,0,1.07407
39,54,20,0,1.07407
39,54,21,0,1.07407
39,54,22,0,1.07407
39,54,23,0,1.07407
39,54,24,0,1.07407
39,54,25,0,1.07407
39,54,26,0,1.07407
39,54,27,0,1.07407
39,54,28,0,1.07407
39,54,29,0,1.07407
39,54,30,0,1.07407
39,54,31,0,1.07407
39,54,32,0,1.07407
39,54,33,0,1.07407
39,54,34,0,1.07407
39,54,35,0,1.07407
39,54,36,0,1.07407
39,54,37,0,1.07407
39,54,38,50,1.07407
39,54,39,8,1.07407
39,54,40,0,1.07407
39,54,41,0,1.07407
39,54,42,0,1.07407
39,54,43,0,1.07407
39,54,44,0,1.07407
39,54,45,0,1.07407
39,54,46,0,1.07407
39,54,47,0,1.07407
39,54,48,0,1.07407
39,54,49,0,1.07407
39,54,50,0,1.07407
39,54,51,0,1.07407
39,54,52,0,1.07407
39,54,53,0,1.07407
39,54,54,0,1.07407
39,54,55,0,1.07407
39,54,56,0,1.07407
39,54,57,0,1.07407
39,54,58,0,1.07407
39,54,59,0,1.07407
39,54,60,0,1.07407
39,54,61,0,1.07407
39,54,62,0,1.07407
39,54,63,0,1.07407
39,55,0,0,1.07273
39,55,1,0,1.07273
39,55,2,0,1.07273
39,55,3,0,1.07273
39,55,4,0,1.07273
39,55,5,0,1.07273
39,55,6,0,1.07273
39,55,7,0,1.07273
39,55,8,0,1.07273
39,55,9,0,1.07273
39,55,10,0,1.07273
39,55,11,0,1.07273
39,55,12,0,1.07273
39,55,13,0,1.07273
39,55,14,0,1.07273
39,55,15,0,1.07273
39,55,16,0,1.07273
39,55,17,0,1.07273
39,55,18,0,1.07273
39,55,19,0,1.07273
39,55,20,0,1.07273
39,55,21,0,1.07273
39,55,22,0,1.07273
39,55,23,0,1.07273
39,55,24,0,1.07273
39,55,25,0,1.07273
39,55,26,0,1.07273
39,55,27,0,1.07273
39,55,28,0,1.07273
39,55,29,0,1.07273
39,55,30,0,1.07273
39,55,31,0,1.07273
39,55,32,0,1.07273
39,55,33,0,1.07273
39,55,34,0,1.07273
39,55,35,0,1.07273
39,55,36,0,1.07273
39,55,37,0,1.07273
39,55,38,51,1.07273
39,55,39,8,1.07273
39,55,40,0,1.07273
39,55,41,0,1.07273
39,55,42,0,1.07273
39,55,43,0,1.07273
39,55,44,0,1.07273
39,55,45,0,1.07273
39,55,46,0,1.07273
39,55,47,0,1.07273
39,55,48,0,1.07273
39,55,49,0,1.07273
39,55,50,0,1.07273
39,55,51,0,1.07273
39,55,52,0,1.07273
39,55,53,0,1.07273
39,55,54,0,1.07273
39,55,55,0,1.07273
39,55,56,0,1.07273
39,55,57,0,1.07273
39,55,58,0,1.07273
39,55,59,0,1.07273
39,55,60,0,1.07273
39,55,61,0,1.07273
39,55,62,0,1.07273
39,55,63,0,1.07273
39,56,0,0,1.07143
39,56,1,0,1.07143
39,56,2,0,1.07143
39,56,3,0,1.07143
39,56,4,0,1.07143
39,56,5,0,1.07143
39,56,6,0,1.07143
39,56,7,0,1.07143
39,56,8,0,1.07143
39,56,9,0,1.07143
39,56,10,0,1.07143
39,56,11,0,1.07143
39,56,12,0,1.07143
39,56,13,0,1.07143
39,56,14,0,1.07143
39,56,15,0,1.07143
39,56,16,0,1.07143
39,56,17,0,1.07143
39,56,18,0,1.07143
39,56,19,0,1.07143
39,56,20,0,1.07143
39,56,21,0,1.07143
39,56,22,0,1.07143
39,56,23,0,1.07143
39,56,24,0,1.07143
39,56,25,0,1.07143
39,56,26,0,1.07143
39,56,27,0,1.07143
39,56,28,0,1.07143
39,56,29,0,1.07143
39,56,30,0,1.07143
39,56,31,0,1.07143
39,56,32,0,1.07143
39,56,33,0,1.07143
39,56,34,0,1.07143
39,56,35,0,1.07143
39,56,36,0,1.07143
39,56,37,0,1.07143
39,56,38,52,1.07143
39,56,39,8,1.07143
39,56,40,0,1.07143
39,56,41,0,1.07143
39,56,42,0,1.07143
39,56,43,0,1.07143
39,56,44,0,1.07143
39,56,45,0,1.07143
39,56,46,0,1.07143
39,56,47,0,1.07143
39,56,48,0,1.07143
39,56,49,0,1.07143
39,56,50,0,1.07143
39,56,51,0,1.07143
39,56,52,0,1.07143
39,56,53,0,1.07143
39,56,54,0,1.07143
39,56,55,0,1.07143
39,56,56,0,1.07143
39,56,57,0,1.07143
39,56,58,0,1.07143
39,56,59,0,1.07143
39,56,60,0,1.07143
39,56,61,0,1.07143
39,56,62,0,1.07143
39,56,63,0,1.07143
39,57,0,0,1.07018
39,57,1,0,1.07018
39,57,2,0,1.07018
39,57,3,0,1.07018
39,57,4,0,1.07018
39,57,5,0,1.07018
39,57,6,0,1.07018
39,57,7,0,1.07018
39,57,8,0,1.07018
39,57,9,0,1.07018
39,57,10,0,1.07018
39,57,11,0,1.07018
39,57,12,0,1.07018
39,57,13,0,1.07018
39,57,14,0,1.07018
39,57,15,0,1.07018
39,57,16,0,1.07018
39,57,17,0,1.07018
39,57,18,0,1.07018
39,57,19,0,1.07018
39,57,20,0,1.07018
39,57,21,0,1.07018
39,57,22,0,1.07018
39,57,23,0,1.07018
39,57,24,0,1.07018
39,57,25,0,1.07018
39,57,26,0,1.07018
39,57,27,0,1.07018
39,57,28,0,1.07018
39,57,29,0,1.07018
39,57,30,0,1.07018
39,57,31,0,1.07018
39,57,32,0,1.07018
39,57,33,0,1.07018
39,57,34,0,1.07018
39,57,35,0,1.07018
39,57,36,0,1.07018
39,57,37,0,1.07018
39,57,38,53,1.07018
39,57,39,8,1.07018
39,57,40,0,1.07018
39,57,41,0,1.07018
39,57,42,0,1.07018
39,57,43,0,1.07018
39,57,44,0,1.07018
39,57,45,0,1.07018
39,57,46,0,1.07018
39,57,47,0,1.07018
39,57,48,0,1.07018
39,57,49,0,1.07018
39,57,50,0,1.07018
39,57,51,0,1.07018
39,57,52,0,1.07018
39,57,53,0,1.07018
39,57,54,0,1.07018
39,57,55,0,1.07018
39,57,56,0,1.07018
39,57,57,0,1.07018
39,57,58,0,1.07018
39,57,59,0,1.07018
39,57,60,0,1.07018
39,57,61,0,1.07018
39,57,62,0,1.07018
39,57,63,0,1.07018
39,58,0,0,1.06897
39,58,1,0,1.06897
39,58,2,0,1.06897
39,58,3,0,1.06897
39,58,4,0,1.06897
39,58,5,0,1.06897
39,58,6,0,1.06897
39,58,7,0,1.06897
39,58,8,0,1.06897
39,58,9,0,1.06897
39,58,10,0,1.06897
39,58,11,0,1.06897
39,58,12,0,1.06897
39,58,13,0,1.06897
39,58,14,0,1.06897
39,58,15,0,1.06897
39,58,16,0,1.06897
39,58,17,0,1.06897
39,58,18,0,1.06897
39,58,19,0,1.06897
39,58,20,0,1.06897
39,58,21,0,1.06897
39,58,22,0,1.06897
39,58,23,0,1.06897
39,58,24,0,1.06897
39,58,25,0,1.06897
39,58,26,0,1.06897
39,58,27,0,1.06897
39,58,28,0,1.06897
39,58,29,0,1.06897
39,58,30,0,1.06897
39,58,31,0,1.06897
39,58,32,0,1.06897
39,58,33,0,1.06897
39,58,34,0,1.06897
39,58,35,0,1.06897
39,58,36,0,1.06897
39,58,37,0,1.06897
39,58,38,54,1.06897
39,58,39,8,1.06897
39,58,40,0,1.06897
39,58,41,0,1.06897
39,58,42,0,1.06897
39,58,43,0,1.06897
39,58,44,0,1.06897
39,58,45,0,1.06897
39,58,46,0,1.06897
39,58,47,0,1.06897
39,58,48,0,1.06897
39,58,49,0,1.06897
39,58,50,0,1.06897
39,58,51,0,1.06897
39,58,52,0,1.06897
39,58,53,0,1.06897
39,58,54,0,1.06897
39,58,55,0,1.06897
39,58,56,0,1.06897
39,58,57,0,1.06897
39,58,58,0,1.06897
39,58,59,0,1.06897
39,58,60,0,1.06897
39,58,61,0,1.06897
39,58,62,0,1.06897
39,58,63,0,1.06897
39,59,0,0,1.0678
39,59,1,0,1.0678
39,59,2,0,1.0678
39,59,3,0,1.0678
39,59,4,0,1.0678
39,59,5,0,1.0678
39,59,6,0,1.0678
39,59,7,0,1.0678
39,59,8,0,1.0678
39,59,9,0,1.0678
39,59,10,0,1.0678
39,59,11,0,1.0678
39,59,12,0,1.0678
39,59,13,0,1.0678
39,59,14,0,1.0678
39,59,15,0,1.0678
39,59,16,0,1.0678
39,59,17,0,1.0678
39,59,18,0,1.0678
39,59,19,0,1.0678
39,59,20,0,1.0678
39,59,21,0,1.0678
39,59,22,0,1.0678
39,59,23,0,1.0678
39,59,24,0,1.0678
39,59,25,0,1.0678
39,59,26,0,1.0678
39,59,27,0,1.0678
39,59,28,0,1.0678
39,59,29,0,1.0678
39,59,30,0,1.0678
39,59,31,0,1.0678
39,59,32,0,1.0678
39,59,33,0,1.0678
39,59,34,0,1.0678
39,59,35,0,1.0678
39,59,36,0,1.0678
39,59,37,0,1.0678
39,59,38,55,1.0678
39,59,39,8,1.0678
39,59,40,0,1.0678
39,59,41,0,1.0678
39,59,42,0,1.0678
39,59,43,0,1.0678
39,59,44,0,1.0678
39,59,45,0,1.0678
39,59,46,0,1.0678
39,59,47,0,1.0678
39,59,48,0,1.0678
39,59,49,0,1.0678
39,59,50,0,1.0678
39,59,51,0,1.0678
39,59,52,0,1.0678
39,59,53,0,1.0678
39,59,54,0,1.0678
39,59,55,0,1.0678
39,59,56,0,1.0678
39,59,57,0,1.0678
39,59,58,0,1.0678
39,59,59,0,1.0678
39,59,60,0,1.0678
39,59,61,0,1.0678
39,59,62,0,1.0678
39,59,63,0,1.0678
39,60,0,0,1.08333
39,60,1,0,1.08333
39,60,2,0,1.08333
39,60,3,0,1.08333
39,60,4,0,1.08333
39,60,5,0,1.08333
39,60,6,0,1.08333
39,60,7,0,1.08333
39,60,8,0,1.08333
39,60,9,0,1.08333
39,60,10,0,1.08333
39,60,11,0,1.08333
39,60,12,0,1.08333
39,60,13,0,1.08333
39,60,14,0,1.08333
39,60,15,0,1.08333
39,60,16,0,1.08333
39,60,17,0,1.08333
39,60,18,0,1.08333
39,60,19,0,1.08333
39,60,20,0,1.08333
39,60,21,0,1.08333
39,60,22,0,1.08333
39,60,23,0,1.08333
39,60,24,0,1.08333
39,60,25,0,1.08333
39,60,26,0,1.08333
39,60,27,0,1.08333
39,60,28,0,1.08333
39,60,29,0,1.08333
39,60,30,0,1.08333
39,60,31,0,1.08333
39,60,32,0,1.08333
39,60,33,0,1.08333
39,60,34,0,1.08333
39,60,35,0,1.08333
39,60,36,0,1.08333
39,60,37,0,1.08333
39,60,38,57,1.08333
39,60,39,8,1.08333
39,60,40,0,1.08333
39,60,41,0,1.08333
39,60,42,0,1.08333
39,60,43,0,1.08333
39,60,44,0,1.08333
39,60,45,0,1.08333
39,60,46,0,1.08333
39,60,47,0,1.08333
39,60,48,0,1.08333
39,60,49,0,1.08333
39,60,50,0,1.08333
39,60,51,0,1.08333
39,60,52,0,1.08333
39,60,53,0,1.08333
39,60,54,0,1.08333
39,60,55,0,1.08333
39,60,56,0,1.08333
39,60,57,0,1.08333
39,60,58,0,1.08333
39,60,59,0,1.08333
39,60,60,0,1.08333
39,60,61,0,1.08333
39,60,62,0,1.08333
39,60,63,0,1.08333
39,61,0,0,1.08197
39,61,1,0,1.08197
39,61,2,0,1.08197
39,61,3,0,1.08197
39,61,4,0,1.08197
39,61,5,0,1.08197
39,61,6,0,1.08197
39,61,7,0,1.08197
39,61,8,0,1.08197
39,61,9,0,1.08197
39,61,10,0,1.08197
39,61,11,0,1.08197
39,61,12,0,1.08197
39,61,13,0,1.08197
39,61,14,0,1.08197
39,61,15,0,1.08197
39,61,16,0,1.08197
39,61,17,0,1.08197
39,61,18,0,1.08197
39,61,19,0,1.08197
39,61,20,0,1.08197
39,61,21,0,1.08197
39,61,22,0,1.08197
39,61,23,0,1.08197
39,61,24,0,1.08197
39,61,25,0,1.08197
39,61,26,0,1.08197
39,61,27,0,1.08197
39,61,28,0,1.08197
39,61,29,0,1.08197
39,61,30,0,1.08197
39,61,31,0,1.08197
39,61,32,0,1.08197
39,61,33,0,1.08197
39,61,34,0,1.08197
39,61,35,0,1.08197
39,61,36,0,1.08197
39,61,37,0,1.08197
39,61,38,58,1.08197
39,61,39,8,1.08197
39,61,40,0,1.08197
39,61,41,0,1.08197
39,61,42,0,1.08197
39,61,43,0,1.08197
39,61,44,0,1.08197
39,61,45,0,1.08197
39,61,46,0,1.08197
39,61,47,0,1.08197
39,61,48,0,1.08197
39,61,49,0,1.08197
39,61,50,0,1.08197
39,61,51,0,1.08197
39,61,52,0,1.08197
39,61,53,0,1.08197
39,61,54,0,1.08197
39,61,55,0,1.08197
39,61,56,0,1.08197
39,61,57,0,1.08197
39,61,58,0,1.08197
39,61,59,0,1.08197
39,61,60,0,1.08197
39,61,61,0,1.08197
39,61,62,0,1.08197
39,61,63,0,1.08197
39,62,0,0,1.08065
39,62,1,0,1.08065
39,62,2,0,1.08065
39,62,3,0,1.08065
39,62,4,0,1.08065
39,62,5,0,1.08065
39,62,6,0,1.08065
39,62,7,0,1.08065
39,62,8,0,1.08065
39,62,9,0,1.08065
39,62,10,0,1.08065
39,62,11,0,1.08065
39,62,12,0,1.08065
39,62,13,0,1.08065
39,62,14,0,1.08065
39,62,15,0,1.08065
39,62,16,0,1.08065
39,62,17,0,1.08065
39,62,18,0,1.08065
39,62,19,0,1.08065
39,62,20,0,1.08065
39,62,21,0,1.08065
39,62,22,0,1.08065
39,62,23,0,1.08065
39,62,24,0,1.08065
39,62,25,0,1.08065
39,62,26,0,1.08065
39,62,27,0,1.08065
39,62,28,0,1.08065
39,62,29,0,1.08065
39,62,30,0,1.08065
39,62,31,0,1.08065
39,62,32,0,1.08065
39,62,33,0,1.08065
39,62,34,0,1.08065
39,62,35,0,1.08065
39,62,36,0,1.08065
39,62,37,0,1.08065
39,62,38,58,1.08065
39,62,39,9,1.08065
39,62,40,0,1.08065
39,62,41,0,1.08065
39,62,42,0,1.08065
39,62,43,0,1.08065
39,62,44,0,1.08065
39,62,45,0,1.08065
39,62,46,0,1.08065
39,62,47,0,1.08065
39,62,48,0,1.08065
39,62,49,0,1.08065
39,62,50,0,1.08065
39,62,51,0,1.08065
39,62,52,0,1.08065
39,62,53,0,1.08065
39,62,54,0,1.08065
39,62,55,0,1.08065
39,62,56,0,1.08065
39,62,57,0,1.08065
39,62,58,0,1.08065
39,62,59,0,1.08065
39,62,60,0,1.08065
39,62,61,0,1.08065
39,62,62,0,1.08065
39,62,63,0,1.08065
39,63,0,0,1.07937
39,63,1,0,1.07937
39,63,2,0,1.07937
39,63,3,0,1.07937
39,63,4,0,1.07937
39,63,5,0,1.07937
39,63,6,0,1.07937
39,63,7,0,1.07937
39,63,8,0,1.07937
39,63,9,0,1.07937
39,63,10,0,1.07937
39,63,11,0,1.07937
39,63,12,0,1.07937
39,63,13,0,1.07937
39,63,14,0,1.07937
39,63,15,0,1.07937
39,63,16,0,1.07937
39,63,17,0,1.07937
39,63,18,0,1.07937
39,63,19,0,1.07937
39,63,20,0,1.07937
39,63,21,0,1.07937
39,63,22,0,1.07937
39,63,23,0,1.07937
39,63,24,0,1.07937
39,63,25,0,1.07937
39,63,26,0,1.07937
39,63,27,0,1.07937
39,63,28,0,1.07937
39,63,29,0,1.07937
39,63,30,0,1.07937
39,63,31,0,1.07937
39,63,32,0,1.07937
39,63,33,0,1.07937
39,63,34,0,1.07937
39,63,35,0,1.07937
39,63,36,0,1.07937
39,63,37,0,1.07937
39,63,38,59,1.07937
39,63,39,9,1.07937
39,63,40,0,1.07937
39,63,41,0,1.07937
39,63,42,0,1.07937
39,63,43,0,1.07937
39,63,44,0,1.07937
39,63,45,0,1.07937
39,63,46,0,1.07937
39,63,47,0,1.07937
39,63,48,0,1.07937
39,63,49,0,1.07937
39,63,50,0,1.07937
39,63,51,0,1.07937
39,63,52,0,1.07937
39,63,53,0,1.07937
39,63,54,0,1.07937
39,63,55,0,1.07937
39,63,56,0,1.07937
39,63,57,0,1.07937
39,63,58,0,1.07937
39,63,59,0,1.07937
39,63,60,0,1.07937
39,63,61,0,1.07937
39,63,62,0,1.07937
39,63,63,0,1.07937
39,64,0,0,1.07812
39,64,1,0,1.07812
39,64,2,0,1.07812
39,64,3,0,1.07812
39,64,4,0,1.07812
39,64,5,0,1.07812
39,64,6,0,1.07812
39,64,7,0,1.07812
39,64,8,0,1.07812
39,64,9,0,1.07812
39,64,10,0,1.07812
39,64,11,0,1.07812
39,64,12,0,1.07812
39,64,13,0,1.07812
39,64,14,0,1.07812
39,64,15,0,1.07812
39,64,16,0,1.07812
39,64,17,0,1.07812
39,64,18,0,1.07812
39,64,19,0,1.07812
39,64,20,0,1.07812
39,64,21,0,1.07812
39,64,22,0,1.07812
39,64,23,0,1.07812
39,64,24,0,1.07812
39,64,25,0,1.07812
39,64,26,0,1.07812
39,64,27,0,1.07812
39,64,28,0,1.07812
39,64,29,0,1.07812
39,64,30,0,1.07812
39,64,31,0,1.07812
39,64,32,0,1.07812
39,64,33,0,1.07812
39,64,34,0,1.07812
39,64,35,0,1.07812
39,64,36,0,1.07812
39,64,37,0,1.07812
39,64,38,60,1.07812
39,64,39,9,1.07812
39,64,40,0,1.07812
39,64,41,0,1.07812
39,64,42,0,1.07812
39,64,43,0,1.07812
39,64,44,0,1.07812
39,64,45,0,1.07812
39,64,46,0,1.07812
39,64,47,0,1.07812
39,64,48,0,1.07812
39,64,49,0,1.07812
39,64,50,0,1.07812
39,64,51,0,1.07812
39,64,52,0,1.07812
39,64,53,0,1.07812
39,64,54,0,1.07812
39,64,55,0,1.07812
39,64,56,0,1.07812
39,64,57,0,1.07812
39,64,58,0,1.07812
39,64,59,0,1.07812
39,64,60,0,1.07812
39,64,61,0,1.07812
39,64,62,0,1.07812
39,64,63,0,1.07812
39,65,0,0,1.07692
39,65,1,0,1.07692
39,65,2,0,1.07692
39,65,3,0,1.07692
39,65,4,0,1.07692
39,65,5,0,1.07692
39,65,6,0,1.07692
39,65,7,0,1.07692
39,65,8,0,1.07692
39,65,9,0,1.07692
39,65,10,0,1.07692
39,65,11,0,1.07692
39,65,12,0,1.07692
39,65,13,0,1.07692
39,65,14,0,1.07692
39,65,15,0,1.07692
39,65,16,0,1.07692
39,65,17,0,1.07692
39,65,18,0,1.07692
39,65,19,0,1.07692
39,65,20,0,1.07692
39,65,21,0,1.07692
39,65,22,0,1.07692
39,65,23,0,1.07692
39,65,24,0,1.07692
39,65,25,0,1.07692
39,65,26,0,1.07692
39,65,27,0,1.07692
39,65,28,0,1.07692
39,65,29,0,1.07692
39,65,30,0,1.07692
39,65,31,0,1.07692
39,65,32,0,1.07692
39,65,33,0,1.07692
39,65,34,0,1.07692
39,65,35,0,1.07692
39,65,36,0,1.07692
39,65,37,0,1.07692
39,65,38,61,1.07692
39,65,39,9,1.07692
39,65,40,0,1.07692
39,65,41,0,1.07692
39,65,42,0,1.07692
39,65,43,0,1.07692
39,65,44,0,1.07692
39,65,45,0,1.07692
39,65,46,0,1.07692
39,65,47,0,1.07692
39,65,48,0,1.07692
39,65,49,0,1.07692
39,65,50,0,1.07692
39,65,51,0,1.07692
39,65,52,0,1.07692
39,65,53,0,1.07692
39,65,54,0,1.07692
39,65,55,0,1.07692
39,65,56,0,1.07692
39,65,57,0,1.07692
39,65,58,0,1.07692
39,65,59,0,1.07692
39,65,60,0,1.07692
39,65,61,0,1.07692
39,65,62,0,1.07692
39,65,63,0,1.07692
39,66,0,0,1.07576
39,66,1,0,1.07576
39,66,2,0,1.07576
39,66,3,0,1.07576
39,66,4,0,1.07576
39,66,5,0,1.07576
39,66,6,0,1.07576
39,66,7,0,1.07576
39,66,8,0,1.07576
39,66,9,0,1.07576
39,66,10,0,1.07576
39,66,11,0,1.07576
39,66,12,0,1.07576
39,66,13,0,1.07576
39,66,14,0,1.07576
39,66,15,0,1.07576
39,66,16,0,1.07576
39,66,17,0,1.07576
39,66,18,0,1.07576
39,66,19,0,1.07576
39,66,20,0,1.07576
39,66,21,0,1.07576
39,66,22,0,1.07576
39,66,23,0,1.07576
39,66,24,0,1.07576
39,66,25,0,1.07576
39,66,26,0,1.07576
39,66,27,0,1.07576
39,66,28,0,1.07576
39,66,29,0,1.07576
39,66,30,0,1.07576
39,66,31,0,1.07576
39,66,32,0,1.07576
39,66,33,0,1.07576
39,66,34,0,1.07576
39,66,35,0,1.07576
39,66,36,0,1.07576
39,66,37,0,1.07576
39,66,38,62,1.07576
39,66,39,9,1.07576
39,66,40,0,1.07576
39,66,41,0,1.07576
39,66,42,0,1.07576
39,66,43,0,1.07576
39,66,44,0,1.07576
39,66,45,0,1.07576
39,66,46,0,1.07576
39,66,47,0,1.07576
39,66,48,0,1.07576
39,66,49,0,1.07576
39,66,50,0,1.07576
39,66,51,0,1.07576
39,66,52,0,1.07576
39,66,53,0,1.07576
39,66,54,0,1.07576
39,66,55,0,1.07576
39,66,56,0,1.07576
39,66,57,0,1.07576
39,66,58,0,1.07576
39,66,59,0,1.07576
39,66,60,0,1.07576
39,66,61,0,1.07576
39,66,62,0,1.07576
39,66,63,0,1.07576
39,67,0,0,1.07463
39,67,1,0,1.07463
39,67,2,0,1.07463
39,67,3,0,1.07463
39,67,4,0,1.07463
39,67,5,0,1.07463
39,67,6,0,1.07463
39,67,7,0,1.07463
39,67,8,0,1.07463
39,67,9,0,1.07463
39,67,10,0,1.07463
39,67,11,0,1.07463
39,67,12,0,1.07463
39,67,13,0,1.07463
39,67,14,0,1.07463
39,67,15,0,1.07463
39,67,16,0,1.07463
39,67,17,0,1.07463
39,67,18,0,1.07463
39,67,19,0,1.07463
39,67,20,0,1.07463
39,67,21,0,1.07463
39,67,22,0,1.07463
39,67,23,0,1.07463
39,67,24,0,1.07463
39,67,25,0,1.07463
39,67,26,0,1.07463
39,67,27,0,1.07463
39,67,28,0,1.07463
39,67,29,0,1.07463
39,67,30,0,1.07463
39,67,31,0,1.07463
39,67,32,0,1.07463
39,67,33,0,1.07463
39,67,34,0,1.07463
39,67,35,0,1.07463
39,67,36,0,1.07463
39,67,37,0,1.07463
39,67,38,63,1.07463
39,67,39,9,1.07463
39,67,40,0,1.07463
39,67,41,0,1.07463
39,67,42,0,1.07463
39,67,43,0,1.07463
39,67,44,0,1.07463
39,67,45,0,1.07463
39,67,46,0,1.07463
39,67,47,0,1.07463
39,67,48,0,1.07463
39,67,49,0,1.07463
39,67,50,0,1.07463
39,67,51,0,1.07463
39,67,52,0,1.07463
39,67,53,0,1.07463
39,67,54,0,1.07463
39,67,55,0,1.07463
39,67,56,0,1.07463
39,67,57,0,1.07463
39,67,58,0,1.07463
39,67,59,0,1.07463
39,67,60,0,1.07463
39,67,61,0,1.07463
39,67,62,0,1.07463
39,67,63,0,1.07463
39,68,0,0,1.08824
39,68,1,0,1.08824
39,68,2,0,1.08824
39,68,3,0,1.08824
39,68,4,0,1.08824
39,68,5,0,1.08824
39,68,6,0,1.08824
39,68,7,0,1.08824
39,68,8,0,1.08824
39,68,9,0,1.08824
39,68,10,0,1.08824
39,68,11,0,1.08824
39,68,12,0,1.08824
39,68,13,0,1.08824
39,68,14,0,1.08824
39,68,15,0,1.08824
39,68,16,0,1.08824
39,68,17,0,1.08824
39,68,18,0,1.08824
39,68,19,0,1.08824
39,68,20,0,1.08824
39,68,21,0,1.08824
39,68,22,0,1.08824
39,68,23,0,1.08824
39,68,24,0,1.08824
39,68,25,0,1.08824
39,68,26,0,1.08824
39,68,27,0,1.08824
39,68,28,0,1.08824
39,68,29,0,1.08824
39,68,30,0,1.08824
39,68,31,0,1.08824
39,68,32,0,1.08824
39,68,33,0,1.08824
39,68,34,0,1.08824
39,68,35,0,1.08824
39,68,36,0,1.08824
39,68,37,0,1.08824
39,68,38,63,1.08824
39,68,39,11,1.08824
39,68,40,0,1.08824
39,68,41,0,1.08824
39,68,42,0,1.08824
39,68,43,0,1.08824
39,68,44,0,1.08824
39,68,45,0,1.08824
39,68,46,0,1.08824
39,68,47,0,1.08824
39,68,48,0,1.08824
39,68,49,0,1.08824
39,68,50,0,1.08824
39,68,51,0,1.08824
39,68,52,0,1.08824
39,68,53,0,1.08824
39,68,54,0,1.08824
39,68,55,0,1.08824
39,68,56,0,1.08824
39,68,57,0,1.08824
39,68,58,0,1.08824
39,68,59,0,1.08824
39,68,60,0,1.08824
39,68,61,0,1.08824
39,68,62,0,1.08824
39,68,63,0,1.08824
39,69,0,0,1.08696
39,69,1,0,1.08696
39,69,2,0,1.08696
39,69,3,0,1.08696
39,69,4,0,1.08696
39,69,5,0,1.08696
39,69,6,0,1.08696
39,69,7,0,1.08696
39,69,8,0,1.08696
39,69,9,0,1.08696
39,69,10,0,1.08696
39,69,11,0,1.08696
39,69,12,0,1.08696
39,69,13,0,1.08696
39,69,14,0,1.08696
39,69,15,0,1.08696
39,69,16,0,1.08696
39,69,17,0,1.08696
39,69,18,0,1.08696
39,69,19,0,1.08696
39,69,20,0,1.08696
39,69,21,0,1.08696
39,69,22,0,1.08696
39,69,23,0,1.08696
39,69,24,0,1.08696
39,69,25,0,1.08696
39,69,26,0,1.08696
39,69,27,0,1.08696
39,69,28,0,1.08696
39,69,29,0,1.08696
39,69,30,0,1.08696
39,69,31,0,1.08696
39,69,32,0,1.08696
39,69,33,0,1.08696
39,69,34,0,1.08696
39,69,35,0,1.08696
39,69,36,0,1.08696
39,69,37,0,1.08696
39,69,38,64,1.08696
39,69,39,11,1.08696
39,69,40,0,1.08696
39,69,41,0,1.08696
39,69,42,0,1.08696
39,69,43,0,1.08696
39,69,44,0,1.08696
39,69,45,0,1.08696
39,69,46,0,1.08696
39,69,47,0,1.08696
39,69,48,0,1.08696
39,69,49,0,1.08696
39,69,50,0,1.08696
39,69,51,0,1.08696
39,69,52,0,1.08696
39,69,53,0,1.08696
39,69,54,0,1.08696
39,69,55,0,1.08696
39,69,56,0,1.08696
39,69,57,0,1.08696
39,69,58,0,1.08696
39,69,59,0,1.08696
39,69,60,0,1.08696
39,69,61,0,1.08696
39,69,62,0,1.08696
39,69,63,0,1.08696
39,70,0,0,1.08571
39,70,1,0,1.08571
39,70,2,0,1.08571
39,70,3,0,1.08571
39,70,4,0,1.08571
39,70,5,0,1.08571
39,70,6,0,1.08571
39,70,7,0,1.08571
39,70,8,0,1.08571
39,70,9,0,1.08571
39,70,10,0,1.08571
39,70,11,0,1.08571
39,70,12,0,1.08571
39,70,13,0,1.08571
39,70,14,0,1.08571
39,70,15,0,1.08571
39,70,16,0,1.08571
39,70,17,0,1.08571
39,70,18,0,1.08571
39,70,19,0,1.08571
39,70,20,0,1.08571
39,70,21,0,1.08571
39,70,22,0,1.08571
39,70,23,0,1.08571
39,70,24,0,1.08571
39,70,25,0,1.08571
39,70,26,0,1.08571
39,70,27,0,1.08571
39,70,28,0,1.08571
39,70,29,0,1.08571
39,70,30,0,1.08571
39,70,31,0,1.08571
39,70,32,0,1.08571
39,70,33,0,1.08571
39,70,34,0,1.08571
39,70,35,0,1.08571
39,70,36,0,1.08571
39,70,37,0,1.08571
39,70,38,65,1.08571
39,70,39,11,1.08571
39,70,40,0,1.08571
39,70,41,0,1.08571
39,70,42,0,1.08571
39,70,43,0,1.08571
39,70,44,0,1.08571
39,70,45,0,1.08571
39,70,46,0,1.08571
39,70,47,0,1.08571
39,70,48,0,1.08571
39,70,49,0,1.08571
39,70,50,0,1.08571
39,70,51,0,1.08571
39,70,52,0,1.08571
39,70,53,0,1.08571
39,70,54,0,1.08571
39,70,55,0,1.08571
39,70,56,0,1.08571
39,70,57,0,1.08571
39,70,58,0,1.08571
39,70,59,0,1.08571
39,70,60,0,1.08571
39,70,61,0,1.08571
39,70,62,0,1.08571
39,70,63,0,1.08571
39,71,0,0,1.08451
39,71,1,0,1.08451
39,71,2,0,1.08451
39,71,3,0,1.08451
39,71,4,0,1.08451
39,71,5,0,1.08451
39,71,6,0,1.08451
39,71,7,0,1.08451
39,71,8,0,1.08451
39,71,9,0,1.08451
39,71,10,0,1.08451
39,71,11,0,1.08451
39,71,12,0,1.08451
39,71,13,0,1.08451
39,71,14,0,1.08451
39,71,15,0,1.08451
39,71,16,0,1.08451
39,71,17,0,1.08451
39,71,18,0,1.08451
39,71,19,0,1.08451
39,71,20,0,1.08451
39,71,21,0,1.08451
39,71,22,0,1.08451
39,71,23,0,1.08451
39,71,24,0,1.08451
39,71,25,0,1.08451
39,71,26,0,1.08451
39,71,27,0,1.08451
39,71,28,0,1.08451
39,71,29,0,1.08451
39,71,30,0,1.08451
39,71,31,0,1.08451
39,71,32,0,1.08451
39,71,33,0,1.08451
39,71,34,0,1.08451
39,71,35,0,1.08451
39,71,36,0,1.08451
39,71,37,0,1.08451
39,71,38,66,1.08451
39,71,39,11,1.08451
39,71,40,0,1.08451
39,71,41,0,1.08451
39,71,42,0,1.08451
39,71,43,0,1.08451
39,71,44,0,1.08451
39,71,45,0,1.08451
39,71,46,0,1.08451
39,71,47,0,1.08451
39,71,48,0,1.08451
39,71,49,0,1.08451
39,71,50,0,1.08451
39,71,51,0,1.08451
39,71,52,0,1.08451
39,71,53,0,1.08451
39,71,54,0,1.08451
39,71,55,0,1.08451
39,71,56,0,1.08451
39,71,57,0,1.08451
39,71,58,0,1.08451
39,71,59,0,1.08451
39,71,60,0,1.08451
39,71,61,0,1.08451
39,71,62,0,1.08451
39,71,63,0,1.08451
39,72,0,0,1.08333
39,72,1,0,1.08333
39,72,2,0,1.08333
39,72,3,0,1.08333
39,72,4,0,1.08333
39,72,5,0,1.08333
39,72,6,0,1.08333
39,72,7,0,1.08333
39,72,8,0,1.08333
39,72,9,0,1.08333
39,72,10,0,1.08333
39,72,11,0,1.08333
39,72,12,0,1.08333
39,72,13,0,1.08333
39,72,14,0,1.08333
39,72,15,0,1.08333
39,72,16,0,1.08333
39,72,17,0,1.08333
39,72,18,0,1.08333
39,72,19,0,1.08333
39,72,20,0,1.08333
39,72,21,0,1.08333
39,72,22,0,1.08333
39,72,23,0,1.08333
39,72,24,0,1.08333
39,72,25,0,1.08333
39,72,26,0,1.08333
39,72,27,0,1.08333
39,72,28,0,1.08333
39,72,29,0,1.08333
39,72,30,0,1.08333
39,72,31,0,1.08333
39,72,32,0,1.08333
39,72,33,0,1.08333
39,72,34,0,1.08333
39,72,35,0,1.08333
39,72,36,0,1.08333
39,72,37,0,1.08333
39,72,38,66,1.08333
39,72,39,12,1.08333
39,72,40,0,1.08333
39,72,41,0,1.08333
39,72,42,0,1.08333
39,72,43,0,1.08333
39,72,44,0,1.08333
39,72,45,0,1.08333
39,72,46,0,1.08333
39,72,47,0,1.08333
39,72,48,0,1.08333
39,72,49,0,1.08333
39,72,50,0,1.08333
39,72,51,0,1.08333
39,72,52,0,1.08333
39,72,53,0,1.08333
39,72,54,0,1.08333
39,72,55,0,1.08333
39,72,56,0,1.08333
39,72,57,0,1.08333
39,72,58,0,1.08333
39,72,59,0,1.08333
39,72,60,0,1.08333
39,72,61,0,1.08333
39,72,62,0,1.08333
39,72,63,0,1.08333
39,73,0,0,1.09589
39,73,1,0,1.09589
39,73,2,0,1.09589
39,73,3,0,1.09589
39,73,4,0,1.09589
39,73,5,0,1.09589
39,73,6,0,1.09589
39,73,7,0,1.09589
39,73,8,0,1.09589
39,73,9,0,1.09589
39,73,10,0,1.09589
39,73,11,0,1.09589
39,73,12,0,1.09589
39,73,13,0,1.09589
39,73,14,0,1.09589
39,73,15,0,1.09589
39,73,16,0,1.09589
39,73,17,0,1.09589
39,73,18,0,1.09589
39,73,19,0,1.09589
39,73,20,0,1.09589
39,73,21,0,1.09589
39,73,22,0,1.09589
39,73,23,0,1.09589
39,73,24,0,1.09589
39,73,25,0,1.09589
39,73,26,0,1.09589
39,73,27,0,1.09589
39,73,28,0,1.09589
39,73,29,0,1.09589
39,73,30,0,1.09589
39,73,31,0,1.09589
39,73,32,0,1.09589
39,73,33,0,1.09589
39,73,34,0,1.09589
39,73,35,0,1.09589
39,73,36,0,1.09589
39,73,37,0,1.09589
39,73,38,68,1.09589
39,73,39,12,1.09589
39,73,40,0,1.09589
39,73,41,0,1.09589
39,73,42,0,1.09589
39,73,43,0,1.09589
39,73,44,0,1.09589
39,73,45,0,1.09589
39,73,46,0,1.09589
39,73,47,0,1.09589
39,73,48,0,1.09589
39,73,49,0,1.09589
39,73,50,0,1.09589
39,73,51,0,1.09589
39,73,52,0,1.09589
39,73,53,0,1.09589
39,73,54,0,1.09589
39,73,55,0,1.09589
39,73,56,0,1.09589
39,73,57,0,1.09589
39,73,58,0,1.09589
39,73,59,0,1.09589
39,73,60,0,1.09589
39,73,61,0,1.09589
39,73,62,0,1.09589
39,73,63,0,1.09589
39,74,0,0,1.09459
39,74,1,0,1.09459
39,74,2,0,1.09459
39,74,3,0,1.09459
39,74,4,0,1.09459
39,74,5,0,1.09459
39,74,6,0,1.09459
39,74,7,0,1.09459
39,74,8,0,1.09459
39,74,9,0,1.09459
39,74,10,0,1.09459
39,74,11,0,1.09459
39,74,12,0,1.09459
39,74,13,0,1.09459
39,74,14,0,1.09459
39,74,15,0,1.09459
39,74,16,0,1.09459
39,74,17,0,1.09459
39,74,18,0,1.09459
39,74,19,0,1.09459
39,74,20,0,1.09459
39,74,21,0,1.09459
39,74,22,0,1.09459
39,74,23,0,1.09459
39,74,24,0,1.09459
39,74,25,0,1.09459
39,74,26,0,1.09459
39,74,27,0,1.09459
39,74,28,0,1.09459
39,74,29,0,1.09459
39,74,30,0,1.09459
39,74,31,0,1.09459
39,74,32,0,1.09459
39,74,33,0,1.09459
39,74,34,0,1.09459
39,74,35,0,1.09459
39,74,36,0,1.09459
39,74,37,0,1.09459
39,74,38,69,1.09459
39,74,39,12,1.09459
39,74,40,0,1.09459
39,74,41,0,1.09459
39,74,42,0,1.09459
39,74,43,0,1.09459
39,74,44,0,1.09459
39,74,45,0,1.09459
39,74,46,0,1.09459
39,74,47,0,1.09459
39,74,48,0,1.09459
39,74,49,0,1.09459
39,74,50,0,1.09459
39,74,51,0,1.09459
39,74,52,0,1.09459
39,74,53,0,1.09459
39,74,54,0,1.09459
39,74,55,0,1.09459
39,74,56,0,1.09459
39,74,57,0,1.09459
39,74,58,0,1.09459
39,74,59,0,1.09459
39,74,60,0,1.09459
39,74,61,0,1.09459
39,74,62,0,1.09459
39,74,63,0,1.09459
39,75,0,0,1.09333
39,75,1,0,1.09333
39,75,2,0,1.09333
39,75,3,0,1.09333
39,75,4,0,1.09333
39,75,5,0,1.09333
39,75,6,0,1.09333
39,75,7,0,1.09333
39,75,8,0,1.09333
39,75,9,0,1.09333
39,75,10,0,1.09333
39,75,11,0,1.09333
39,75,12,0,1.09333
39,75,13,0,1.09333
39,75,14,0,1.09333
39,75,15,0,1.09333
39,75,16,0,1.09333
39,75,17,0,1.09333
39,75,18,0,1.09333
39,75,19,0,1.09333
39,75,20,0,1.09333
39,75,21,0,1.09333
39,75,22,0,1.09333
39,75,23,0,1.09333
39,75,24,0,1.09333
39,75,25,0,1.09333
39,75,26,0,1.09333
39,75,27,0,1.09333
39,75,28,0,1.09333
39,75,29,0,1.09333
39,75,30,0,1.09333
39,75,31,0,1.09333
39,75,32,0,1.09333
39,75,33,0,1.09333
39,75,34,0,1.09333
39,75,35,0,1.09333
39,75,36,0,1.09333
39,75,37,0,1.09333
39,75,38,70,1.09333
39,75,39,12,1.09333
39,75,40,0,1.09333
39,75,41,0,1.09333
39,75,42,0,1.09333
39,75,43,0,1.09333
39,75,44,0,1.09333
39,75,45,0,1.09333
39,75,46,0,1.09333
39,75,47,0,1.09333
39,75,48,0,1.09333
39,75,49,0,1.09333
39,75,50,0,1.09333
39,75,51,0,1.09333
39,75,52,0,1.09333
39,75,53,0,1.09333
39,75,54,0,1.09333
39,75,55,0,1.09333
39,75,56,0,1.09333
39,75,57,0,1.09333
39,75,58,0,1.09333
39,75,59,0,1.09333
39,75,60,0,1.09333
39,75,61,0,1.09333
39,75,62,0,1.09333
39,75,63,0,1.09333
39,76,0,0,1.09211
39,76,1,0,1.09211
39,76,2,0,1.09211
39,76,3,0,1.09211
39,76,4,0,1.09211
39,76,5,0,1.09211
39,76,6,0,1.09211
39,76,7,0,1.09211
39,76,8,0,1.09211
39,76,9,0,1.09211
39,76,10,0,1.09211
39,76,11,0,1.09211
39,76,12,0,1.09211
39,76,13,0,1.09211
39,76,14,0,1.09211
39,76,15,0,1.09211
39,76,16,0,1.09211
39,76,17,0,1.09211
39,76,18,0,1.09211
39,76,19,0,1.09211
39,76,20,0,1.09211
39,76,21,0,1.09211
39,76,22,0,1.09211
39,76,23,0,1.09211
39,76,24,0,1.09211
39,76,25,0,1.09211
39,76,26,0,1.09211
39,76,27,0,1.09211
39,76,28,0,1.09211
39,76,29,0,1.09211
39,76,30,0,1.09211
39,76,31,0,1.09211
39,76,32,0,1.09211
39,76,33,0,1.09211
39,76,34,0,1.09211
39,76,35,0,1.09211
39,76,36,0,1.09211
39,76,37,0,1.09211
39,76,38,71,1.09211
39,76,39,12,1.09211
39,76,40,0,1.09211
39,76,41,0,1.09211
39,76,42,0,1.09211
39,76,43,0,1.09211
39,76,44,0,1.09211
39,76,45,0,1.09211
39,76,46,0,1.09211
39,76,47,0,1.09211
39,76,48,0,1.09211
39,76,49,0,1.09211
39,76,50,0,1.09211
39,76,51,0,1.09211
39,76,52,0,1.09211
39,76,53,0,1.09211
39,76,54,0,1.09211
39,76,55,0,1.09211
39,76,56,0,1.09211
39,76,57,0,1.09211
39,76,58,0,1.09211
39,76,59,0,1.09211
39,76,60,0,1.09211
39,76,61,0,1.09211
39,76,62,0,1.09211
39,76,63,0,1.09211
39,77,0,0,1.09091
39,77,1,0,1.09091
39,77,2,0,1.09091
39,77,3,0,1.09091
39,77,4,0,1.09091
39,77,5,0,1.09091
39,77,6,0,1.09091
39,77,7,0,1.09091
39,77,8,0,1.09091
39,77,9,0,1.09091
39,77,10,0,1.09091
39,77,11,0,1.09091
39,77,12,0,1.09091
39,77,13,0,1.09091
39,77,14,0,1.09091
39,77,15,0,1.09091
39,77,16,0,1.09091
39,77,17,0,1.09091
39,77,18,0,1.09091
39,77,19,0,1.09091
39,77,20,0,1.09091
39,77,21,0,1.09091
39,77,22,0,1.09091
39,77,23,0,1.09091
39,77,24,0,1.09091
39,77,25,0,1.09091
39,77,26,0,1.09091
39,77,27,0,1.09091
39,77,28,0,1.09091
39,77,29,0,1.09091
39,77,30,0,1.09091
39,77,31,0,1.09091
39,77,32,0,1.09091
39,77,33,0,1.09091
39,77,34,0,1.09091
39,77,35,0,1.09091
39,77,36,0,1.09091
39,77,37,0,1.09091
39,77,38,72,1.09091
39,77,39,12,1.09091
39,77,40,0,1.09091
39,77,41,0,1.09091
39,77,42,0,1.09091
39,77,43,0,1.09091
39,77,44,0,1.09091
39,77,45,0,1.09091
39,77,46,0,1.09091
39,77,47,0,1.09091
39,77,48,0,1.09091
39,77,49,0,1.09091
39,77,50,0,1.09091
39,77,51,0,1.09091
39,77,52,0,1.09091
39,77,53,0,1.09091
39,77,54,0,1.09091
39,77,55,0,1.09091
39,77,56,0,1.09091
39,77,57,0,1.09091
39,77,58,0,1.09091
39,77,59,0,1.09091
39,77,60,0,1.09091
39,77,61,0,1.09091
39,77,62,0,1.09091
39,77,63,0,1.09091
39,78,0,0,1.08974
39,78,1,0,1.08974
39,78,2,0,1.08974
39,78,3,0,1.08974
39,78,4,0,1.08974
39,78,5,0,1.08974
39,78,6,0,1.08974
39,78,7,0,1.08974
39,78,8,0,1.08974
39,78,9,0,1.08974
39,78,10,0,1.08974
39,78,11,0,1.08974
39,78,12,0,1.08974
39,78,13,0,1.08974
39,78,14,0,1.08974
39,78,15,0,1.08974
39,78,16,0,1.08974
39,78,17,0,1.08974
39,78,18,0,1.08974
39,78,19,0,1.08974
39,78,20,0,1.08974
39,78,21,0,1.08974
39,78,22,0,1.08974
39,78,23,0,1.08974
39,78,24,0,1.08974
39,78,25,0,1.08974
39,78,26,0,1.08974
39,78,27,0,1.08974
39,78,28,0,1.08974
39,78,29,0,1.08974
39,78,30,0,1.08974
39,78,31,0,1.08974
39,78,32,0,1.08974
39,78,33,0,1.08974
39,78,34,0,1.08974
39,78,35,0,1.08974
39,78,36,0,1.08974
39,78,37,0,1.08974
39,78,38,73,1.08974
39,78,39,12,1.08974
39,78,40,0,1.08974
39,78,41,0,1.08974
39,78,42,0,1.08974
39,78,43,0,1.08974
39,78,44,0,1.08974
39,78,45,0,1.08974
39,78,46,0,1.08974
39,78,47,0,1.08974
39,78,48,0,1.08974
39,78,49,0,1.08974
39,78,50,0,1.08974
39,78,51,0,1.08974
39,78,52,0,1.08974
39,78,53,0,1.08974
39,78,54,0,1.08974
39,78,55,0,1.08974
39,78,56,0,1.08974
39,78,57,0,1.08974
39,78,58,0,1.08974
39,78,59,0,1.08974
39,78,60,0,1.08974
39,78,61,0,1.08974
39,78,62,0,1.08974
39,78,63,0,1.08974
39,79,0,0,1.08861
39,79,1,0,1.08861
39,79,2,0,1.08861
39,79,3,0,1.08861
39,79,4,0,1.08861
39,79,5,0,1.08861
39,79,6,0,1.08861
39,79,7,0,1.08861
39,79,8,0,1.08861
39,79,9,0,1.08861
39,79,10,0,1.08861
39,79,11,0,1.08861
39,79,12,0,1.08861
39,79,13,0,1.08861
39,79,14,0,1.08861
39,79,15,0,1.08861
39,79,16,0,1.08861
39,79,17,0,1.08861
39,79,18,0,1.08861
39,79,19,0,1.08861
39,79,20,0,1.08861
39,79,21,0,1.08861
39,79,22,0,1.08861
39,79,23,0,1.08861
39,79,24,0,1.08861
39,79,25,0,1.08861
39,79,26,0,1.08861
39,79,27,0,1.08861
39,79,28,0,1.08861
39,79,29,0,1.08861
39,79,30,0,1.08861
39,79,31,0,1.08861
39,79,32,0,1.08861
39,79,33,0,1.08861
39,79,34,0,1.08861
39,79,35,0,1.08861
39,79,36,0,1.08861
39,79,37,0,1.08861
39,79,38,74,1.08861
39,79,39,12,1.08861
39,79,40,0,1.08861
39,79,41,0,1.08861
39,79,42,0,1.08861
39,79,43,0,1.08861
39,79,44,0,1.08861
39,79,45,0,1.08861
39,79,46,0,1.08861
39,79,47,0,1.08861
39,79,48,0,1.08861
39,79,49,0,1.08861
39,79,50,0,1.08861
39,79,51,0,1.08861
39,79,52,0,1.08861
39,79,53,0,1.08861
39,79,54,0,1.08861
39,79,55,0,1.08861
39,79,56,0,1.08861
39,79,57,0,1.08861
39,79,58,0,1.08861
39,79,59,0,1.08861
39,79,60,0,1.08861
39,79,61,0,1.08861
39,79,62,0,1.08861
39,79,63,0,1.08861
39,80,0,0,1.0875
39,80,1,0,1.0875
39,80,2,0,1.0875
39,80,3,0,1.0875
39,80,4,0,1.0875
39,80,5,0,1.0875
39,80,6,0,1.0875
39,80,7,0,1.0875
39,80,8,0,1.0875
39,80,9,0,1.0875
39,80,10,0,1.0875
39,80,11,0,1.0875
39,80,12,0,1.0875
39,80,13,0,1.0875
39,80,14,0,1.0875
39,80,15,0,1.0875
39,80,16,0,1.0875
39,80,17,0,1.0875
39,80,18,0,1.0875
39,80,19,0,1.0875
39,80,20,0,1.0875
39,80,21,0,1.0875
39,80,22,0,1.0875
39,80,23,0,1.0875
39,80,24,0,1.0875
39,80,25,0,1.0875
39,80,26,0,1.0875
39,80,27,0,1.0875
39,80,28,0,1.0875
39,80,29,0,1.0875
39,80,30,0,1.0875
39,80,31,0,1.0875
39,80,32,0,1.0875
39,80,33,0,1.0875
39,80,34,0,1.0875
39,80,35,0,1.0875
39,80,36,0,1.0875
39,80,37,0,1.0875
39,80,38,75,1.0875
39,80,39,12,1.0875
39,80,40,0,1.0875
39,80,41,0,1.0875
39,80,42,0,1.0875
39,80,43,0,1.0875
39,80,44,0,1.0875
39,80,45,0,1.0875
39,80,46,0,1.0875
39,80,47,0,1.0875
39,80,48,0,1.0875
39,80,49,0,1.0875
39,80,50,0,1.0875
39,80,51,0,1.0875
39,80,52,0,1.0875
39,80,53,0,1.0875
39,80,54,0,1.0875
39,80,55,0,1.0875
39,80,56,0,1.0875
39,80,57,0,1.0875
39,80,58,0,1.0875
39,80,59,0,1.0875
39,80,60,0,1.0875
39,80,61,0,1.0875
39,80,62,0,1.0875
39,80,63,0,1.0875
39,81,0,0,1.08642
39,81,1,0,1.08642
39,81,2,0,1.08642
39,81,3,0,1.08642
39,81,4,0,1.08642
39,81,5,0,1.08642
39,81,6,0,1.08642
39,81,7,0,1.08642
39,81,8,0,1.08642
39,81,9,0,1.08642
39,81,10,0,1.08642
39,81,11,0,1.08642
39,81,12,0,1.08642
39,81,13,0,1.08642
39,81,14,0,1.08642
39,81,15,0,1.08642
39,81,16,0,1.08642
39,81,17,0,1.08642
39,81,18,0,1.08642
39,81,19,0,1.08642
39,81,20,0,1.08642
39,81,21,0,1.08642
39,81,22,0,1.08642
39,81,23,0,1.08642
39,81,24,0,1.08642
39,81,25,0,1.08642
39,81,26,0,1.08642
39,81,27,0,1.08642
39,81,28,0,1.08642
39,81,29,0,1.08642
39,81,30,0,1.08642
39,81,31,0,1.08642
39,81,32,0,1.08642
39,81,33,0,1.08642
39,81,34,0,1.08642
39,81,35,0,1.08642
39,81,36,0,1.08642
39,81,37,0,1.08642
39,81,38,76,1.08642
39,81,39,12,1.08642
39,81,40,0,1.08642
39,81,41,0,1.08642
39,81,42,0,1.08642
39,81,43,0,1.08642
39,81,44,0,1.08642
39,81,45,0,1.08642
39,81,46,0,1.08642
39,81,47,0,1.08642
39,81,48,0,1.08642
39,81,49,0,1.08642
39,81,50,0,1.08642
39,81,51,0,1.08642
39,81,52,0,1.08642
39,81,53,0,1.08642
39,81,54,0,1.08642
39,81,55,0,1.08642
39,81,56,0,1.08642
39,81,57,0,1.08642
39,81,58,0,1.08642
39,81,59,0,1.08642
39,81,60,0,1.08642
39,81,61,0,1.08642
39,81,62,0,1.08642
39,81,63,0,1.08642
39,82,0,0,1.08537
39,82,1,0,1.08537
39,82,2,0,1.08537
39,82,3,0,1.08537
39,82,4,0,1.08537
39,82,5,0,1.08537
39,82,6,0,1.08537
39,82,7,0,1.08537
39,82,8,0,1.08537
39,82,9,0,1.08537
39,82,10,0,1.08537
39,82,11,0,1.08537
39,82,12,0,1.08537
39,82,13,0,1.08537
39,82,14,0,1.08537
39,82,15,0,1.08537
39,82,16,0,1.08537
39,82,17,0,1.08537
39,82,18,0,1.08537
39,82,19,0,1.08537
39,82,20,0,1.08537
39,82,21,0,1.08537
39,82,22,0,1.08537
39,82,23,0,1.08537
39,82,24,0,1.08537
39,82,25,0,1.08537
39,82,26,0,1.08537
39,82,27,0,1.08537
39,82,28,0,1.08537
39,82,29,0,1.08537
39,82,30,0,1.08537
39,82,31,0,1.08537
39,82,32,0,1.08537
39,82,33,0,1.08537
39,82,34,0,1.08537
39,82,35,0,1.08537
39,82,36,0,1.08537
39,82,37,0,1.08537
39,82,38,77,1.08537
39,82,39,12,1.08537
39,82,40,0,1.08537
39,82,41,0,1.08537
39,82,42,0,1.08537
39,82,43,0,1.08537
39,82,44,0,1.08537
39,82,45,0,1.08537
39,82,46,0,1.08537
39,82,47,0,1.08537
39,82,48,0,1.08537
39,82,49,0,1.08537
39,82,50,0,1.08537
39,82,51,0,1.08537
39,82,52,0,1.08537
39,82,53,0,1.08537
39,82,54,0,1.08537
39,82,55,0,1.08537
39,82,56,0,1.08537
39,82,57,0,1.08537
39,82,58,0,1.08537
39,82,59,0,1.08537
39,82,60,0,1.08537
39,82,61,0,1.08537
39,82,62,0,1.08537
39,82,63,0,1.08537
39,83,0,0,1.08434
39,83,1,0,1.08434
39,83,2,0,1.08434
39,83,3,0,1.08434
39,83,4,0,1.08434
39,83,5,0,1.08434
39,83,6,0,1.08434
39,83,7,0,1.08434
39,83,8,0,1.08434
39,83,9,0,1.08434
39,83,10,0,1.08434
39,83,11,0,1.08434
39,83,12,0,1.08434
39,83,13,0,1.08434
39,83,14,0,1.08434
39,83,15,0,1.08434
39,83,16,0,1.08434
39,83,17,0,1.08434
39,83,18,0,1.08434
39,83,19,0,1.08434
39,83,20,0,1.08434
39,83,21,0,1.08434
39,83,22,0,1.08434
39,83,23,0,1.08434
39,83,24,0,1.08434
39,83,25,0,1.08434
39,83,26,0,1.08434
39,83,27,0,1.08434
39,83,28,0,1.08434
39,83,29,0,1.08434
39,83,30,0,1.08434
39,83,31,0,1.08434
39,83,32,0,1.08434
39,83,33,0,1.08434
39,83,34,0,1.08434
39,83,35,0,1.08434
39,83,36,0,1.08434
39,83,37,0,1.08434
39,83,38,78,1.08434
39,83,39,12,1.08434
39,83,40,0,1.08434
39,83,41,0,1.08434
39,83,42,0,1.08434
39,83,43,0,1.08434
39,83,44,0,1.08434
39,83,45,0,1.08434
39,83,46,0,1.08434
39,83,47,0,1.08434
39,83,48,0,1.08434
39,83,49,0,1.08434
39,83,50,0,1.08434
39,83,51,0,1.08434
39,83,52,0,1.08434
39,83,53,0,1.08434
39,83,54,0,1.08434
39,83,55,0,1.08434
39,83,56,0,1.08434
39,83,57,0,1.08434
39,83,58,0,1.08434
39,83,59,0,1.08434
39,83,60,0,1.08434
39,83,61,0,1.08434
39,83,62,0,1.08434
39,83,63,0,1.08434
39,84,0,0,1.08333
39,84,1,0,1.08333
39,84,2,0,1.08333
39,84,3,0,1.08333
39,84,4,0,1.08333
39,84,5,0,1.08333
39,84,6,0,1.08333
39,84,7,0,1.08333
39,84,8,0,1.08333
39,84,9,0,1.08333
39,84,10,0,1.08333
39,84,11,0,1.08333
39,84,12,0,1.08333
39,84,13,0,1.08333
39,84,14,0,1.08333
39,84,15,0,1.08333
39,84,16,0,1.08333
39,84,17,0,1.08333
39,84,18,0,1.08333
39,84,19,0,1.08333
39,84,20,0,1.08333
39,84,21,0,1.08333
39,84,22,0,1.08333
39,84,23,0,1.08333
39,84,24,0,1.08333
39,84,25,0,1.08333
39,84,26,0,1.08333
39,84,27,0,1.08333
39,84,28,0,1.08333
39,84,29,0,1.08333
39,84,30,0,1.08333
39,84,31,0,1.08333
39,84,32,0,1.08333
39,84,33,0,1.08333
39,84,34,0,1.08333
39,84,35,0,1.08333
39,84,36,0,1.08333
39,84,37,0,1.08333
39,84,38,79,1.08333
39,84,39,12,1.08333
39,84,40,0,1.08333
39,84,41,0,1.08333
39,84,42,0,1.08333
39,84,43,0,1.08333
39,84,44,0,1.08333
39,84,45,0,1.08333
39,84,46,0,1.08333
39,84,47,0,1.08333
39,84,48,0,1.08333
39,84,49,0,1.08333
39,84,50,0,1.08333
39,84,51,0,1.08333
39,84,52,0,1.08333
39,84,53,0,1.08333
39,84,54,0,1.08333
39,84,55,0,1.08333
39,84,56,0,1.08333
39,84,57,0,1.08333
39,84,58,0,1.08333
39,84,59,0,1.08333
39,84,60,0,1.08333
39,84,61,0,1.08333
39,84,62,0,1.08333
39,84,63,0,1.08333
39,85,0,0,1.08235
39,85,1,0,1.08235
39,85,2,0,1.08235
39,85,3,0,1.08235
39,85,4,0,1.08235
39,85,5,0,1.08235
39,85,6,0,1.08235
39,85,7,0,1.08235
39,85,8,0,1.08235
39,85,9,0,1.08235
39,85,10,0,1.08235
39,85,11,0,1.08235
39,85,12,0,1.08235
39,85,13,0,1.08235
39,85,14,0,1.08235
39,85,15,0,1.08235
39,85,16,0,1.08235
39,85,17,0,1.08235
39,85,18,0,1.08235
39,85,19,0,1.08235
39,85,20,0,1.08235
39,85,21,0,1.08235
39,85,22,0,1.08235
39,85,23,0,1.08235
39,85,24,0,1.08235
39,85,25,0,1.08235
39,85,26,0,1.08235
39,85,27,0,1.08235
39,85,28,0,1.08235
39,85,29,0,1.08235
39,85,30,0,1.08235
39,85,31,0,1.08235
39,85,32,0,1.08235
39,85,33,0,1.08235
39,85,34,0,1.08235
39,85,35,0,1.08235
39,85,36,0,1.08235
39,85,37,0,1.08235
39,85,38,80,1.08235
39,85,39,12,1.08235
39,85,40,0,1.08235
39,85,41,0,1.08235
39,85,42,0,1.08235
39,85,43,0,1.08235
39,85,44,0,1.08235
39,85,45,0,1.08235
39,85,46,0,1.08235
39,85,47,0,1.08235
39,85,48,0,1.08235
39,85,49,0,1.08235
39,85,50,0,1.08235
39,85,51,0,1.08235
39,85,52,0,1.08235
39,85,53,0,1.08235
39,85,54,0,1.08235
39,85,55,0,1.08235
39,85,56,0,1.08235
39,85,57,0,1.08235
39,85,58,0,1.08235
39,85,59,0,1.08235
39,85,60,0,1.08235
39,85,61,0,1.08235
39,85,62,0,1.08235
39,85,63,0,1.08235
39,86,0,0,1.0814
39,86,1,0,1.0814
39,86,2,0,1.0814
39,86,3,0,1.0814
39,86,4,0,1.0814
39,86,5,0,1.0814
39,86,6,0,1.0814
39,86,7,0,1.0814
39,86,8,0,1.0814
39,86,9,0,1.0814
39,86,10,0,1.0814
39,86,11,0,1.0814
39,86,12,0,1.0814
39,86,13,0,1.0814
39,86,14,0,1.0814
39,86,15,0,1.0814
39,86,16,0,1.0814
39,86,17,0,1.0814
39,86,18,0,1.0814
39,86,19,0,1.0814
39,86,20,0,1.0814
39,86,21,0,1.0814
39,86,22,0,1.0814
39,86,23,0,1.0814
39,86,24,0,1.0814
39,86,25,0,1.0814
39,86,26,0,1.0814
39,86,27,0,1.0814
39,86,28,0,1.0814
39,86,29,0,1.0814
39,86,30,0,1.0814
39,86,31,0,1.0814
39,86,32,0,1.0814
39,86,33,0,1.0814
39,86,34,0,1.0814
39,86,35,0,1.0814
39,86,36,0,1.0814
39,86,37,0,1.0814
39,86,38,81,1.0814
39,86,39,12,1.0814
39,86,40,0,1.0814
39,86,41,0,1.0814
39,86,42,0,1.0814
39,86,43,0,1.0814
39,86,44,0,1.0814
39,86,45,0,1.0814
39,86,46,0,1.0814
39,86,47,0,1.0814
39,86,48,0,1.0814
39,86,49,0,1.0814
39,86,50,0,1.0814
39,86,51,0,1.0814
39,86,52,0,1.0814
39,86,53,0,1.0814
39,86,54,0,1.0814
39,86,55,0,1.0814
39,86,56,0,1.0814
39,86,57,0,1.0814
39,86,58,0,1.0814
39,86,59,0,1.0814
39,86,60,0,1.0814
39,86,61,0,1.0814
39,86,62,0,1.0814
39,86,63,0,1.0814
39,87,0,0,1.08046
39,87,1,0,1.08046
39,87,2,0,1.08046
39,87,3,0,1.08046
39,87,4,0,1.08046
39,87,5,0,1.08046
39,87,6,0,1.08046
39,87,7,0,1.08046
39,87,8,0,1.08046
39,87,9,0,1.08046
39,87,10,0,1.08046
39,87,11,0,1.08046
39,87,12,0,1.08046
39,87,13,0,1.08046
39,87,14,0,1.08046
39,87,15,0,1.08046
39,87,16,0,1.08046
39,87,17,0,1.08046
39,87,18,0,1.08046
39,87,19,0,1.08046
39,87,20,0,1.08046
39,87,21,0,1.08046
39,87,22,0,1.08046
39,87,23,0,1.08046
39,87,24,0,1.08046
39,87,25,0,1.08046
39,87,26,0,1.08046
39,87,27,0,1.08046
39,87,28,0,1.08046
39,87,29,0,1.08046
39,87,30,0,1.08046
39,87,31,0,1.08046
39,87,32,0,1.08046
39,87,33,0,1.08046
39,87,34,0,1.08046
39,87,35,0,1.08046
39,87,36,0,1.08046
39,87,37,0,1.08046
39,87,38,82,1.08046
39,87,39,12,1.08046
39,87,40,0,1.08046
39,87,41,0,1.08046
39,87,42,0,1.08046
39,87,43,0,1.08046
39,87,44,0,1.08046
39,87,45,0,1.08046
39,87,46,0,1.08046
39,87,47,0,1.08046
39,87,48,0,1.08046
39,87,49,0,1.08046
39,87,50,0,1.08046
39,87,51,0,1.08046
39,87,52,0,1.08046
39,87,53,0,1.08046
39,87,54,0,1.08046
39,87,55,0,1.08046
39,87,56,0,1.08046
39,87,57,0,1.08046
39,87,58,0,1.08046
39,87,59,0,1.08046
39,87,60,0,1.08046
39,87,61,0,1.08046
39,87,62,0,1.08046
39,87,63,0,1.08046
39,88,0,0,1.07955
39,88,1,0,1.07955
39,88,2,0,1.07955
39,88,3,0,1.07955
39,88,4,0,1.07955
39,88,5,0,1.07955
39,88,6,0,1.07955
39,88,7,0,1.07955
39,88,8,0,1.07955
39,88,9,0,1.07955
39,88,10,0,1.07955
39,88,11,0,1.07955
39,88,12,0,1.07955
39,88,13,0,1.07955
39,88,14,0,1.07955
39,88,15,0,1.07955
39,88,16,0,1.07955
39,88,17,0,1.07955
39,88,18,0,1.07955
39,88,19,0,1.07955
39,88,20,0,1.07955
39,88,21,0,1.07955
39,88,22,0,1.07955
39,88,23,0,1.07955
39,88,24,0,1.07955
39,88,25,0,1.07955
39,88,26,0,1.07955
39,88,27,0,1.07955
39,88,28,0,1.07955
39,88,29,0,1.07955
39,88,30,0,1.07955
39,88,31,0,1.07955
39,88,32,0,1.07955
39,88,33,0,1.07955
39,88,34,0,1.07955
39,88,35,0,1.07955
39,88,36,0,1.07955
39,88,37,0,1.07955
39,88,38,83,1.07955
39,88,39,12,1.07955
39,88,40,0,1.07955
39,88,41,0,1.07955
39,88,42,0,1.07955
39,88,43,0,1.07955
39,88,44,0,1.07955
39,88,45,0,1.07955
39,88,46,0,1.07955
39,88,47,0,1.07955
39,88,48,0,1.07955
39,88,49,0,1.07955
39,88,50,0,1.07955
39,88,51,0,1.07955
39,88,52,0,1.07955
39,88,53,0,1.07955
39,88,54,0,1.07955
39,88,55,0,1.07955
39,88,56,0,1.07955
39,88,57,0,1.07955
39,88,58,0,1.07955
39,88,59,0,1.07955
39,88,60,0,1.07955
39,88,61,0,1.07955
39,88,62,0,1.07955
39,88,63,0,1.07955
39,89,0,0,1.07865
39,89,1,0,1.07865
39,89,2,0,1.07865
39,89,3,0,1.07865
39,89,4,0,1.07865
39,89,5,0,1.07865
39,89,6,0,1.07865
39,89,7,0,1.07865
39,89,8,0,1.07865
39,89,9,0,1.07865
39,89,10,0,1.07865
39,89,11,0,1.07865
39,89,12,0,1.07865
39,89,13,0,1.07865
39,89,14,0,1.07865
39,89,15,0,1.07865
39,89,16,0,1.07865
39,89,17,0,1.07865
39,89,18,0,1.07865
39,89,19,0,1.07865
39,89,20,0,1.07865
39,89,21,0,1.07865
39,89,22,0,1.07865
39,89,23,0,1.07865
39,89,24,0,1.07865
39,89,25,0,1.07865
39,89,26,0,1.07865
39,89,27,0,1.07865
39,89,28,0,1.07865
39,89,29,0,1.07865
39,89,30,0,1.07865
39,89,31,0,1.07865
39,89,32,0,1.07865
39,89,33,0,1.07865
39,89,34,0,1.07865
39,89,35,0,1.07865
39,89,36,0,1.07865
39,89,37,0,1.07865
39,89,38,84,1.07865
39,89,39,12,1.07865
39,89,40,0,1.07865
39,89,41,0,1.07865
39,89,42,0,1.07865
39,89,43,0,1.07865
39,89,44,0,1.07865
39,89,45,0,1.07865
39,89,46,0,1.07865
39,89,47,0,1.07865
39,89,48,0,1.07865
39,89,49,0,1.07865
39,89,50,0,1.07865
39,89,51,0,1.07865
39,89,52,0,1.07865
39,89,53,0,1.07865
39,89,54,0,1.07865
39,89,55,0,1.07865
39,89,56,0,1.07865
39,89,57,0,1.07865
39,89,58,0,1.07865
39,89,59,0,1.07865
39,89,60,0,1.07865
39,89,61,0,1.07865
39,89,62,0,1.07865
39,89,63,0,1.07865
39,90,0,0,1.07778
39,90,1,0,1.07778
39,90,2,0,1.07778
39,90,3,0,1.07778
39,90,4,0,1.07778
39,90,5,0,1.07778
39,90,6,0,1.07778
39,90,7,0,1.07778
39,90,8,0,1.07778
39,90,9,0,1.07778
39,90,10,0,1.07778
39,90,11,0,1.07778
39,90,12,0,1.07778
39,90,13,0,1.07778
39,90,14,0,1.07778
39,90,15,0,1.07778
39,90,16,0,1.07778
39,90,17,0,1.07778
39,90,18,0,1.07778
39,90,19,0,1.07778
39,90,20,0,1.07778
39,90,21,0,1.07778
39,90,22,0,1.07778
39,90,23,0,1.07778
39,90,24,0,1.07778
39,90,25,0,1.07778
39,90,26,0,1.07778
39,90,27,0,1.07778
39,90,28,0,1.07778
39,90,29,0,1.07778
39,90,30,0,1.07778
39,90,31,0,1.07778
39,90,32,0,1.07778
39,90,33,0,1.07778
39,90,34,0,1.07778
39,90,35,0,1.07778
39,90,36,0,1.07778
39,90,37,0,1.07778
39,90,38,85,1.07778
39,90,39,12,1.07778
39,90,40,0,1.07778
39,90,41,0,1.07778
39,90,42,0,1.07778
39,90,43,0,1.07778
39,90,44,0,1.07778
39,90,45,0,1.07778
39,90,46,0,1.07778
39,90,47,0,1.07778
39,90,48,0,1.07778
39,90,49,0,1.07778
39,90,50,0,1.07778
39,90,51,0,1.07778
39,90,52,0,1.07778
39,90,53,0,1.07778
39,90,54,0,1.07778
39,90,55,0,1.07778
39,90,56,0,1.07778
39,90,57,0,1.07778
39,90,58,0,1.07778
39,90,59,0,1.07778
39,90,60,0,1.07778
39,90,61,0,1.07778
39,90,62,0,1.07778
39,90,63,0,1.07778
39,91,0,0,1.07692
39,91,1,0,1.07692
39,91,2,0,1.07692
39,91,3,0,1.07692
39,91,4,0,1.07692
39,91,5,0,1.07692
39,91,6,0,1.07692
39,91,7,0,1.07692
39,91,8,0,1.07692
39,91,9,0,1.07692
39,91,10,0,1.07692
39,91,11,0,1.07692
39,91,12,0,1.07692
39,91,13,0,1.07692
39,91,14,0,1.07692
39,91,15,0,1.07692
39,91,16,0,1.07692
39,91,17,0,1.07692
39,91,18,0,1.07692
39,91,19,0,1.07692
39,91,20,0,1.07692
39,91,21,0,1.07692
39,91,22,0,1.07692
39,91,23,0,1.07692
39,91,24,0,1.07692
39,91,25,0,1.07692
39,91,26,0,1.07692
39,91,27,0,1.07692
39,91,28,0,1.07692
39,91,29,0,1.07692
39,91,30,0,1.07692
39,91,31,0,1.07692
39,91,32,0,1.07692
39,91,33,0,1.07692
39,91,34,0,1.07692
39,91,35,0,1.07692
39,91,36,0,1.07692
39,91,37,0,1.07692
39,91,38,86,1.07692
39,91,39,12,1.07692
39,91,40,0,1.07692
39,91,41,0,1.07692
39,91,42,0,1.07692
39,91,43,0,1.07692
39,91,44,0,1.07692
39,91,45,0,1.07692
39,91,46,0,1.07692
39,91,47,0,1.07692
39,91,48,0,1.07692
39,91,49,0,1.07692
39,91,50,0,1.07692
39,91,51,0,1.07692
39,91,52,0,1.07692
39,91,53,0,1.07692
39,91,54,0,1.07692
39,91,55,0,1.07692
39,91,56,0,1.07692
39,91,57,0,1.07692
39,91,58,0,1.07692
39,91,59,0,1.07692
39,91,60,0,1.07692
39,91,61,0,1.07692
39,91,62,0,1.07692
39,91,63,0,1.07692
39,92,0,0,1.07609
39,92,1,0,1.07609
39,92,2,0,1.07609
39,92,3,0,1.07609
39,92,4,0,1.07609
39,92,5,0,1.07609
39,92,6,0,1.07609
39,92,7,0,1.07609
39,92,8,0,1.07609
39,92,9,0,1.07609
39,92,10,0,1.07609
39,92,11,0,1.07609
39,92,12,0,1.07609
39,92,13,0,1.07609
39,92,14,0,1.07609
39,92,15,0,1.07609
39,92,16,0,1.07609
39,92,17,0,1.07609
39,92,18,0,1.07609
39,92,19,0,1.07609
39,92,20,0,1.07609
39,92,21,0,1.07609
39,92,22,0,1.07609
39,92,23,0,1.07609
39,92,24,0,1.07609
39,92,25,0,1.07609
39,92,26,0,1.07609
39,92,27,0,1.07609
39,92,28,0,1.07609
39,92,29,0,1.07609
39,92,30,0,1.07609
39,92,31,0,1.07609
39,92,32,0,1.07609
39,92,33,0,1.07609
39,92,34,0,1.07609
39,92,35,0,1.07609
39,92,36,0,1.07609
39,92,37,0,1.07609
39,92,38,87,1.07609
39,92,39,12,1.07609
39,92,40,0,1.07609
39,92,41,0,1.07609
39,92,42,0,1.07609
39,92,43,0,1.07609
39,92,44,0,1.07609
39,92,45,0,1.07609
39,92,46,0,1.07609
39,92,47,0,1.07609
39,92,48,0,1.07609
39,92,49,0,1.07609
39,92,50,0,1.07609
39,92,51,0,1.07609
39,92,52,0,1.07609
39,92,53,0,1.07609
39,92,54,0,1.07609
39,92,55,0,1.07609
39,92,56,0,1.07609
39,92,57,0,1.07609
39,92,58,0,1.07609
39,92,59,0,1.07609
39,92,60,0,1.07609
39,92,61,0,1.07609
39,92,62,0,1.07609
39,92,63,0,1.07609
39,93,0,0,1.08602
39,93,1,0,1.08602
39,93,2,0,1.08602
39,93,3,0,1.08602
39,93,4,0,1.08602
39,93,5,0,1.08602
39,93,6,0,1.08602
39,93,7,0,1.08602
39,93,8,0,1.08602
39,93,9,0,1.08602
39,93,10,0,1.08602
39,93,11,0,1.08602
39,93,12,0,1.08602
39,93,13,0,1.08602
39,93,14,0,1.08602
39,93,15,0,1.08602
39,93,16,0,1.08602
39,93,17,0,1.08602
39,93,18,0,1.08602
39,93,19,0,1.08602
39,93,20,0,1.08602
39,93,21,0,1.08602
39,93,22,0,1.08602
39,93,23,0,1.08602
39,93,24,0,1.08602
39,93,25,0,1.08602
39,93,26,0,1.08602
39,93,27,0,1.08602
39,93,28,0,1.08602
39,93,29,0,1.08602
39,93,30,0,1.08602
39,93,31,0,1.08602
39,93,32,0,1.08602
39,93,33,0,1.08602
39,93,34,0,1.08602
39,93,35,0,1.08602
39,93,36,0,1.08602
39,93,37,0,1.08602
39,93,38,89,1.08602
39,93,39,12,1.08602
39,93,40,0,1.08602
39,93,41,0,1.08602
39,93,42,0,1.08602
39,93,43,0,1.08602
39,93,44,0,1.08602
39,93,45,0,1.08602
39,93,46,0,1.08602
39,93,47,0,1.08602
39,93,48,0,1.08602
39,93,49,0,1.08602
39,93,50,0,1.08602
39,93,51,0,1.08602
39,93,52,0,1.08602
39,93,53,0,1.08602
39,93,54,0,1.08602
39,93,55,0,1.08602
39,93,56,0,1.08602
39,93,57,0,1.08602
39,93,58,0,1.08602
39,93,59,0,1.08602
39,93,60,0,1.08602
39,93,61,0,1.08602
39,93,62,0,1.08602
39,93,63,0,1.08602
39,94,0,0,1.08511
39,94,1,0,1.08511
39,94,2,0,1.08511
39,94,3,0,1.08511
39,94,4,0,1.08511
39,94,5,0,1.08511
39,94,6,0,1.08511
39,94,7,0,1.08511
39,94,8,0,1.08511
39,94,9,0,1.08511
39,94,10,0,1.08511
39,94,11,0,1.08511
39,94,12,0,1.08511
39,94,13,0,1.08511
39,94,14,0,1.08511
39,94,15,0,1.08511
39,94,16,0,1.08511
39,94,17,0,1.08511
39,94,18,0,1.08511
39,94,19,0,1.08511
39,94,20,0,1.08511
39,94,21,0,1.08511
39,94,22,0,1.08511
39,94,23,0,1.08511
39,94,24,0,1.08511
39,94,25,0,1.08511
39,94,26,0,1.08511
39,94,27,0,1.08511
39,94,28,0,1.08511
39,94,29,0,1.08511
39,94,30,0,1.08511
39,94,31,0,1.08511
39,94,32,0,1.08511
39,94,33,0,1.08511
39,94,34,0,1.08511
39,94,35,0,1.08511
39,94,36,0,1.08511
39,94,37,0,1.08511
39,94,38,90,1.08511
39,94,39,12,1.08511
39,94,40,0,1.08511
39,94,41,0,1.08511
39,94,42,0,1.08511
39,94,43,0,1.08511
39,94,44,0,1.08511
39,94,45,0,1.08511
39,94,46,0,1.08511
39,94,47,0,1.08511
39,94,48,0,1.08511
39,94,49,0,1.08511
39,94,50,0,1.08511
39,94,51,0,1.08511
39,94,52,0,1.08511
39,94,53,0,1.08511
39,94,54,0,1.08511
39,94,55,0,1.08511
39,94,56,0,1.08511
39,94,57,0,1.08511
39,94,58,0,1.08511
39,94,59,0,1.08511
39,94,60,0,1.08511
39,94,61,0,1.08511
39,94,62,0,1.08511
39,94,63,0,1.08511
39,95,0,0,1.08421
39,95,1,0,1.08421
39,95,2,0,1.08421
39,95,3,0,1.08421
39,95,4,0,1.08421
39,95,5,0,1.08421
39,95,6,0,1.08421
39,95,7,0,1.08421
39,95,8,0,1.08421
39,95,9,0,1.08421
39,95,10,0,1.08421
39,95,11,0,1.08421
39,95,12,0,1.08421
39,95,13,0,1.08421
39,95,14,0,1.08421
39,95,15,0,1.08421
39,95,16,0,1.08421
39,95,17,0,1.08421
39,95,18,0,1.08421
39,95,19,0,1.08421
39,95,20,0,1.08421
39,95,21,0,1.08421
39,95,22,0,1.08421
39,95,23,0,1.08421
39,95,24,0,1.08421
39,95,25,0,1.08421
39,95,26,0,1.08421
39,95,27,0,1.08421
39,95,28,0,1.08421
39,95,29,0,1.08421
39,95,30,0,1.08421
39,95,31,0,1.08421
39,95,32,0,1.08421
39,95,33,0,1.08421
39,95,34,0,1.08421
39,95,35,0,1.08421
39,95,36,0,1.08421
39,95,37,0,1.08421
39,95,38,91,1.08421
39,95,39,12,1.08421
39,95,40,0,1.08421
39,95,41,0,1.08421
39,95,42,0,1.08421
39,95,43,0,1.08421
39,95,44,0,1.08421
39,95,45,0,1.08421
39,95,46,0,1.08421
39,95,47,0,1.08421
39,95,48,0,1.08421
39,95,49,0,1.08421
39,95,50,0,1.08421
39,95,51,0,1.08421
39,95,52,0,1.08421
39,95,53,0,1.08421
39,95,54,0,1.08421
39,95,55,0,1.08421
39,95,56,0,1.08421
39,95,57,0,1.08421
39,95,58,0,1.08421
39,95,59,0,1.08421
39,95,60,0,1.08421
39,95,61,0,1.08421
39,95,62,0,1.08421
39,95,63,0,1.08421
39,96,0,0,1.09375
39,96,1,0,1.09375
39,96,2,0,1.09375
39,96,3,0,1.09375
39,96,4,0,1.09375
39,96,5,0,1.09375
39,96,6,0,1.09375
39,96,7,0,1.09375
39,96,8,0,1.09375
39,96,9,0,1.09375
39,96,10,0,1.09375
39,96,11,0,1.09375
39,96,12,0,1.09375
39,96,13,0,1.09375
39,96,14,0,1.09375
39,96,15,0,1.09375
39,96,16,0,1.09375
39,96,17,0,1.09375
39,96,18,0,1.09375
39,96,19,0,1.09375
39,96,20,0,1.09375
39,96,21,0,1.09375
39,96,22,0,1.09375
39,96,23,0,1.09375
39,96,24,0,1.09375
39,96,25,0,1.09375
39,96,26,0,1.09375
39,96,27,0,1.09375
39,96,28,0,1.09375
39,96,29,0,1.09375
39,96,30,0,1.09375
39,96,31,0,1.09375
39,96,32,0,1.09375
39,96,33,0,1.09375
39,96,34,0,1.09375
39,96,35,0,1.09375
39,96,36,0,1.09375
39,96,37,0,1.09375
39,96,38,93,1.09375
39,96,39,12,1.09375
39,96,40,0,1.09375
39,96,41,0,1.09375
39,96,42,0,1.09375
39,96,43,0,1.09375
39,96,44,0,1.09375
39,96,45,0,1.09375
39,96,46,0,1.09375
39,96,47,0,1.09375
39,96,48,0,1.09375
39,96,49,0,1.09375
39,96,50,0,1.09375
39,96,51,0,1.09375
39,96,52,0,1.09375
39,96,53,0,1.09375
39,96,54,0,1.09375
39,96,55,0,1.09375
39,96,56,0,1.09375
39,96,57,0,1.09375
39,96,58,0,1.09375
39,96,59,0,1.09375
39,96,60,0,1.09375
39,96,61,0,1.09375
39,96,62,0,1.09375
39,96,63,0,1.09375
39,97,0,0,1.09278
39,97,1,0,1.09278
39,97,2,0,1.09278
39,97,3,0,1.09278
39,97,4,0,1.09278
39,97,5,0,1.09278
39,97,6,0,1.09278
39,97,7,0,1.09278
39,97,8,0,1.09278
39,97,9,0,1.09278
39,97,10,0,1.09278
39,97,11,0,1.09278
39,97,12,0,1.09278
39,97,13,0,1.09278
39,97,14,0,1.09278
39,97,15,0,1.09278
39,97,16,0,1.09278
39,97,17,0,1.09278
39,97,18,0,1.09278
39,97,19,0,1.09278
39,97,20,0,1.09278
39,97,21,0,1.09278
39,97,22,0,1.09278
39,97,23,0,1.09278
39,97,24,0,1.09278
39,97,25,0,1.09278
39,97,26,0,1.09278
39,97,27,0,1.09278
39,97,28,0,1.09278
39,97,29,0,1.09278
39,97,30,0,1.09278
39,97,31,0,1.09278
39,97,32,0,1.09278
39,97,33,0,1.09278
39,97,34,0,1.09278
39,97,35,0,1.09278
39,97,36,0,1.09278
39,97,37,0,1.09278
39,97,38,94,1.09278
39,97,39,12,1.09278
39,97,40,0,1.09278
39,97,41,0,1.09278
39,97,42,0,1.09278
39,97,43,0,1.09278
39,97,44,0,1.09278
39,97,45,0,1.09278
39,97,46,0,1.09278
39,97,47,0,1.09278
39,97,48,0,1.09278
39,97,49,0,1.09278
39,97,50,0,1.09278
39,97,51,0,1.09278
39,97,52,0,1.09278
39,97,53,0,1.09278
39,97,54,0,1.09278
39,97,55,0,1.09278
39,97,56,0,1.09278
39,97,57,0,1.09278
39,97,58,0,1.09278
39,97,59,0,1.09278
39,97,60,0,1.09278
39,97,61,0,1.09278
39,97,62,0,1.09278
39,97,63,0,1.09278
39,98,0,0,1.09184
39,98,1,0,1.09184
39,98,2,0,1.09184
39,98,3,0,1.09184
39,98,4,0,1.09184
39,98,5,0,1.09184
39,98,6,0,1.09184
39,98,7,0,1.09184
39,98,8,0,1.09184
39,98,9,0,1.09184
39,98,10,0,1.09184
39,98,11,0,1.09184
39,98,12,0,1.09184
39,98,13,0,1.09184
39,98,14,0,1.09184
39,98,15,0,1.09184
39,98,16,0,1.09184
39,98,17,0,1.09184
39,98,18,0,1.09184
39,98,19,0,1.09184
39,98,20,0,1.09184
39,98,21,0,1.09184
39,98,22,0,1.09184
39,98,23,0,1.09184
39,98,24,0,1.09184
39,98,25,0,1.09184
39,98,26,0,1.09184
39,98,27,0,1.09184
39,98,28,0,1.09184
39,98,29,0,1.09184
39,98,30,0,1.09184
39,98,31,0,1.09184
39,98,32,0,1.09184
39,98,33,0,1.09184
39,98,34,0,1.09184
39,98,35,0,1.09184
39,98,36,0,1.09184
39,98,37,0,1.09184
39,98,38,95,1.09184
39,98,39,12,1.09184
39,98,40,0,1.09184
39,98,41,0,1.09184
39,98,42,0,1.09184
39,98,43,0,1.09184
39,98,44,0,1.09184
39,98,45,0,1.09184
39,98,46,0,1.09184
39,98,47,0,1.09184
39,98,48,0,1.09184
39,98,49,0,1.09184
39,98,50,0,1.09184
39,98,51,0,1.09184
39,98,52,0,1.09184
39,98,53,0,1.09184
39,98,54,0,1.09184
39,98,55,0,1.09184
39,98,56,0,1.09184
39,98,57,0,1.09184
39,98,58,0,1.09184
39,98,59,0,1.09184
39,98,60,0,1.09184
39,98,61,0,1.09184
39,98,62,0,1.09184
39,98,63,0,1.09184
39,99,0,0,1.09091
39,99,1,0,1.09091
39,99,2,0,1.09091
39,99,3,0,1.09091
39,99,4,0,1.09091
39,99,5,0,1.09091
39,99,6,0,1.09091
39,99,7,0,1.09091
39,99,8,0,1.09091
39,99,9,0,1.09091
39,99,10,0,1.09091
39,99,11,0,1.09091
39,99,12,0,1.09091
39,99,13,0,1.09091
39,99,14,0,1.09091
39,99,15,0,1.09091
39,99,16,0,1.09091
39,99,17,0,1.09091
39,99,18,0,1.09091
39,99,19,0,1.09091
39,99,20,0,1.09091
39,99,21,0,1.09091
39,99,22,0,1.09091
39,99,23,0,1.09091
39,99,24,0,1.09091
39,99,25,0,1.09091
39,99,26,0,1.09091
39,99,27,0,1.09091
39,99,28,0,1.09091
39,99,29,0,1.09091
39,99,30,0,1.09091
39,99,31,0,1.09091
39,99,32,0,1.09091
39,99,33,0,1.09091
39,99,34,0,1.09091
39,99,35,0,1.09091
39,99,36,0,1.09091
39,99,37,0,1.09091
39,99,38,96,1.09091
39,99,39,12,1.09091
39,99,40,0,1.09091
39,99,41,0,1.09091
39,99,42,0,1.09091
39,99,43,0,1.09091
39,99,44,0,1.09091
39,99,45,0,1.09091
39,99,46,0,1.09091
39,99,47,0,1.09091
39,99,48,0,1.09091
39,99,49,0,1.09091
39,99,50,0,1.09091
39,99,51,0,1.09091
39,99,52,0,1.09091
39,99,53,0,1.09091
39,99,54,0,1.09091
39,99,55,0,1.09091
39,99,56,0,1.09091
39,99,57,0,1.09091
39,99,58,0,1.09091
39,99,59,0,1.09091
39,99,60,0,1.09091
39,99,61,0,1.09091
39,99,62,0,1.09091
39,99,63,0,1.09091
39,100,0,0,1.1
39,100,1,0,1.1
39,100,2,0,1.1
39,100,3,0,1.1
39,100,4,0,1.1
39,100,5,0,1.1
39,100,6,0,1.1
39,100,7,0,1.1
39,100,8,0,1.1
39,100,9,0,1.1
39,100,10,0,1.1
39,100,11,0,1.1
39,100,12,0,1.1
39,100,13,0,1.1
39,100,14,0,1.1
39,100,15,0,1.1
39,100,16,0,1.1
39,100,17,0,1.1
39,100,18,0,1.1
39,100,19,0,1.1
39,100,20,0,1.1
39,100,21,0,1.1
39,100,22,0,1.1
39,100,23,0,1.1
39,100,24,0,1.1
39,100,25,0,1.1
39,100,26,0,1.1
39,100,27,0,1.1
39,100,28,0,1.1
39,100,29,0,1.1
39,100,30,0,1.1
39,100,31,0,1.1
39,100,32,0,1.1
39,100,33,0,1.1
39,100,34,0,1.1
39,100,35,0,1.1
39,100,36,0,1.1
39,100,37,0,1.1
39,100,38,98,1.1
39,100,39,12,1.1
39,100,40,0,1.1
39,100,41,0,1.1
39,100,42,0,1.1
39,100,43,0,1.1
39,100,44,0,1.1
39,100,45,0,1.1
39,100,46,0,1.1
39,100,47,0,1.1
39,100,48,0,1.1
39,100,49,0,1.1
39,100,50,0,1.1
39,100,51,0,1.1
39,100,52,0,1.1
39,100,53,0,1.1
39,100,54,0,1.1
39,100,55,0,1.1
39,100,56,0,1.1
39,100,57,0,1.1
39,100,58,0,1.1
39,100,59,0,1.1
39,100,60,0,1.1
39,100,61,0,1.1
39,100,62,0,1.1
39,100,63,0,1.1
44,1,0,0,1
44,1,1,0,1
44,1,2,0,1
44,1,3,0,1
44,1,4,0,1
44,1,5,0,1
44,1,6,0,1
44,1,7,0,1
44,1,8,0,1
44,1,9,0,1
44,1,10,0,1
44,1,11,0,1
44,1,12,0,1
44,1,13,0,1
44,1,14,0,1
44,1,15,0,1
44,1,16,0,1
44,1,17,0,1
44,1,18,0,1
44,1,19,0,1
44,1,20,0,1
44,1,21,0,1
44,1,22,0,1
44,1,23,0,1
44,1,24,0,1
44,1,25,0,1
44,1,26,0,1
44,1,27,0,1
44,1,28,0,1
44,1,29,0,1
44,1,30,0,1
44,1,31,0,1
44,1,32,0,1
44,1,33,0,1
44,1,34,0,1
44,1,35,0,1
44,1,36,0,1
44,1,37,0,1
44,1,38,0,1
44,1,39,1,1
44,1,40,0,1
44,1,41,0,1
44,1,42,0,1
44,1,43,0,1
44,1,44,0,1
44,1,45,0,1
44,1,46,0,1
44,1,47,0,1
44,1,48,0,1
44,1,49,0,1
44,1,50,0,1
44,1,51,0,1
44,1,52,0,1
44,1,53,0,1
44,1,54,0,1
44,1,55,0,1
44,1,56,0,1
44,1,57,0,1
44,1,58,0,1
44,1,59,0,1
44,1,60,0,1
44,1,61,0,1
44,1,62,0,1
44,1,63,0,1
44,2,0,0,1.5
44,2,1,0,1.5
44,2,2,0,1.5
44,2,3,0,1.5
44,2,4,0,1.5
44,2,5,0,1.5
44,2,6,0,1.5
44,2,7,0,1.5
44,2,8,0,1.5
44,2,9,0,1.5
44,2,10,0,1.5
44,2,11,0,1.5
44,2,12,0,1.5
44,2,13,0,1.5
44,2,14,0,1.5
44,2,15,0,1.5
44,2,16,0,1.5
44,2,17,0,1.5
44,2,18,0,1.5
44,2,19,0,1.5
44,2,20,0,1.5
44,2,21,0,1.5
44,2,22,0,1.5
44,2,23,0,1.5
44,2,24,0,1.5
44,2,25,0,1.5
44,2,26,0,1.5
44,2,27,0,1.5
44,2,28,0,1.5
44,2,29,0,1.5
44,2,30,0,1.5
44,2,31,0,1.5
44,2,32,0,1.5
44,2,33,0,1.5
44,2,34,0,1.5
44,2,35,0,1.5
44,2,36,0,1.5
44,2,37,0,1.5
44,2,38,0,1.5
44,2,39,3,1.5
44,2,40,0,1.5
44,2,41,0,1.5
44,2,42,0,1.5
44,2,43,0,1.5
44,2,44,0,1.5
44,2,45,0,1.5
44,2,46,0,1.5
44,2,47,0,1.5
44,2,48,0,1.5
44,2,49,0,1.5
44,2,50,0,1.5
44,2,51,0,1.5
44,2,52,0,1.5
44,2,53,0,1.5
44,2,54,0,1.5
44,2,55,0,1.5
44,2,56,0,1.5
44,2,57,0,1.5
44,2,58,0,1.5
44,2,59,0,1.5
44,2,60,0,1.5
44,2,61,0,1.5
44,2,62,0,1.5
44,2,63,0,1.5
44,3,0,0,1.33333
44,3,1,0,1.33333
44,3,2,0,1.33333
44,3,3,0,1.33333
44,3,4,0,1.33333
44,3,5,0,1.33333
44,3,6,0,1.33333
44,3,7,0,1.33333
44,3,8,0,1.33333
44,3,9,0,1.33333
44,3,10,0,1.33333
44,3,11,0,1.33333
44,3,12,0,1.33333
44,3,13,0,1.33333
44,3,14,0,1.33333
44,3,15,0,1.33333
44,3,16,0,1.33333
44,3,17,0,1.33333
44,3,18,0,1.33333
44,3,19,0,1.33333
44,3,20,0,1.33333
44,3,21,0,1.33333
44,3,22,0,1.33333
44,3,23,0,1.33333
44,3,24,0,1.33333
44,3,25,0,1.33333
44,3,26,0,1.33333
44,3,27,0,1.33333
44,3,28,0,1.33333
44,3,29,0,1.33333
44,3,30,0,1.33333
44,3,31,0,1.33333
44,3,32,0,1.33333
44,3,33,0,1.33333
44,3,34,0,1.33333
44,3,35,0,1.33333
44,3,36,0,1.33333
44,3,37,0,1.33333
44,3,38,0,1.33333
44,3,39,3,1.33333
44,3,40,1,1.33333
44,3,41,0,1.33333
44,3,42,0,1.33333
44,3,43,0,1.33333
44,3,44,0,1.33333
44,3,45,0,1.33333
44,3,46,0,1.33333
44,3,47,0,1.33333
44,3,48,0,1.33333
44,3,49,0,1.33333
44,3,50,0,1.33333
44,3,51,0,1.33333
44,3,52,0,1.33333
44,3,53,0,1.33333
44,3,54,0,1.33333
44,3,55,0,1.33333
44,3,56,0,1.33333
44,3,57,0,1.33333
44,3,58,0,1.33333
44,3,59,0,1.33333
44,3,60,0,1.33333
44,3,61,0,1.33333
44,3,62,0,1.33333
44,3,63,0,1.33333
44,4,0,0,1.25
44,4,1,0,1.25
44,4,2,0,1.25
44,4,3,0,1.25
44,4,4,0,1.25
44,4,5,0,1.25
44,4,6,0,1.25
44,4,7,0,1.25
44,4,8,0,1.25
44,4,9,0,1.25
44,4,10,0,1.25
44,4,11,0,1.25
44,4,12,0,1.25
44,4,13,0,1.25
44,4,14,0,1.25
44,4,15,0,1.25
44,4,16,0,1.25
44,4,17,0,1.25
44,4,18,0,1.25
44,4,19,0,1.25
44,4,20,0,1.25
44,4,21,0,1.25
44,4,22,0,1.25
44,4,23,0,1.25
44,4,24,0,1.25
44,4,25,0,1.25
44,4,26,0,1.25
44,4,27,0,1.25
44,4,28,0,1.25
44,4,29,0,1.25
44,4,30,0,1.25
44,4,31,0,1.25
44,4,32,0,1.25
44,4,33,0,1.25
44,4,34,0,1.25
44,4,35,0,1.25
44,4,36,0,1.25
44,4,37,0,1.25
44,4,38,0,1.25
44,4,39,4,1.25
44,4,40,1,1.25
44,4,41,0,1.25
44,4,42,0,1.25
44,4,43,0,1.25
44,4,44,0,1.25
44,4,45,0,1.25
44,4,46,0,1.25
44,4,47,0,1.25
44,4,48,0,1.25
44,4,49,0,1.25
44,4,50,0,1.25
44,4,51,0,1.25
44,4,52,0,1.25
44,4,53,0,1.25
44,4,54,0,1.25
44,4,55,0,1.25
44,4,56,0,1.25
44,4,57,0,1.25
44,4,58,0,1.25
44,4,59,0,1.25
44,4,60,0,1.25
44,4,61,0,1.25
44,4,62,0,1.25
44,4,63,0,1.25
44,5,0,0,1.2
44,5,1,0,1.2
44,5,2,0,1.2
44,5,3,0,1.2
44,5,4,0,1.2
44,5,5,0,1.2
44,5,6,0,1.2
44,5,7,0,1.2
44,5,8,0,1.2
44,5,9,0,1.2
44,5,10,0,1.2
44,5,11,0,1.2
44,5,12,0,1.2
44,5,13,0,1.2
44,5,14,0,1.2
44,5,15,0,1.2
44,5,16,0,1.2
44,5,17,0,1.2
44,5,18,0,1.2
44,5,19,0,1.2
44,5,20,0,1.2
44,5,21,0,1.2
44,5,22,0,1.2
44,5,23,0,1.2
44,5,24,0,1.2
44,5,25,0,1.2
44,5,26,0,1.2
44,5,27,0,1.2
44,5,28,0,1.2
44,5,29,0,1.2
44,5,30,0,1.2
44,5,31,0,1.2
44,5,32,0,1.2
44,5,33,0,1.2
44,5,34,0,1.2
44,5,35,0,1.2
44,5,36,0,1.2
44,5,37,0,1.2
44,5,38,0,1.2
44,5,39,5,1.2
44,5,40,1,1.2
44,5,41,0,1.2
44,5,42,0,1.2
44,5,43,0,1.2
44,5,44,0,1.2
44,5,45,0,1.2
44,5,46,0,1.2
44,5,47,0,1.2
44,5,48,0,1.2
44,5,49,0,1.2
44,5,50,0,1.2
44,5,51,0,1.2
44,5,52,0,1.2
44,5,53,0,1.2
44,5,54,0,1.2
44,5,55,0,1.2
44,5,56,0,1.2
44,5,57,0,1.2
44,5,58,0,1.2
44,5,59,0,1.2
44,5,60,0,1.2
44,5,61,0,1.2
44,5,62,0,1.2
44,5,63,0,1.2
44,6,0,0,1.16667
44,6,1,0,1.16667
44,6,2,0,1.16667
44,6,3,0,1.16667
44,6,4,0,1.16667
44,6,5,0,1.16667
44,6,6,0,1.16667
44,6,7,0,1.16667
44,6,8,0,1.16667
44,6,9,0,1.16667
44,6,10,0,1.16667
44,6,11,0,1.16667
44,6,12,0,1.16667
44,6,13,0,1.16667
44,6,14,0,1.16667
44,6,15,0,1.16667
44,6,16,0,1.16667
44,6,17,0,1.16667
44,6,18,0,1.16667
44,6,19,0,1.16667
44,6,20,0,1.16667
44,6,21,0,1.16667
44,6,22,0,1.16667
44,6,23,0,1.16667
44,6,24,0,1.16667
44,6,25,0,1.16667
44,6,26,0,1.16667
44,6,27,0,1.16667
44,6,28,0,1.16667
44,6,29,0,1.16667
44,6,30,0,1.16667
44,6,31,0,1.16667
44,6,32,0,1.16667
44,6,33,0,1.16667
44,6,34,0,1.16667
44,6,35,0,1.16667
44,6,36,0,1.16667
44,6,37,0,1.16667
44,6,38,0,1.16667
44,6,39,5,1.16667
44,6,40,2,1.16667
44,6,41,0,1.16667
44,6,42,0,1.16667
44,6,43,0,1.16667
44,6,44,0,1.16667
44,6,45,0,1.16667
44,6,46,0,1.16667
44,6,47,0,1.16667
44,6,48,0,1.16667
44,6,49,0,1.16667
44,6,50,0,1.16667
44,6,51,0,1.16667
44,6,52,0,1.16667
44,6,53,0,1.16667
44,6,54,0,1.16667
44,6,55,0,1.16667
44,6,56,0,1.16667
44,6,57,0,1.16667
44,6,58,0,1.16667
44,6,59,0,1.16667
44,6,60,0,1.16667
44,6,61,0,1.16667
44,6,62,0,1.16667
44,6,63,0,1.16667
44,7,0,0,1.28571
44,7,1,0,1.28571
44,7,2,0,1.28571
44,7,3,0,1.28571
44,7,4,0,1.28571
44,7,5,0,1.28571
44,7,6,0,1.28571
44,7,7,0,1.28571
44,7,8,0,1.28571
44,7,9,0,1.28571
44,7,10,0,1.28571
44,7,11,0,1.28571
44,7,12,0,1.28571
44,7,13,0,1.28571
44,7,14,0,1.28571
44,7,15,0,1.28571
44,7,16,0,1.28571
44,7,17,0,1.28571
44,7,18,0,1.28571
44,7,19,0,1.28571
44,7,20,0,1.28571
44,7,21,0,1.28571
44,7,22,0,1.28571
44,7,23,0,1.28571
44,7,24,0,1.28571
44,7,25,0,1.28571
44,7,26,0,1.28571
44,7,27,0,1.28571
44,7,28,0,1.28571
44,7,29,0,1.28571
44,7,30,0,1.28571
44,7,31,0,1.28571
44,7,32,0,1.28571
44,7,33,0,1.28571
44,7,34,0,1.28571
44,7,35,0,1.28571
44,7,36,0,1.28571
44,7,37,0,1.28571
44,7,38,0,1.28571
44,7,39,5,1.28571
44,7,40,4,1.28571
44,7,41,0,1.28571
44,7,42,0,1.28571
44,7,43,0,1.28571
44,7,44,0,1.28571
44,7,45,0,1.28571
44,7,46,0,1.28571
44,7,47,0,1.28571
44,7,48,0,1.28571
44,7,49,0,1.28571
44,7,50,0,1.28571
44,7,51,0,1.28571
44,7,52,0,1.28571
44,7,53,0,1.28571
44,7,54,0,1.28571
44,7,55,0,1.28571
44,7,56,0,1.28571
44,7,57,0,1.28571
44,7,58,0,1.28571
44,7,59,0,1.28571
44,7,60,0,1.28571
44,7,61,0,1.28571
44,7,62,0,1.28571
44,7,63,0,1.28571
44,8,0,0,1.375
44,8,1,0,1.375
44,8,2,0,1.375
44,8,3,0,1.375
44,8,4,0,1.375
44,8,5,0,1.375
44,8,6,0,1.375
44,8,7,0,1.375
44,8,8,0,1.375
44,8,9,0,1.375
44,8,10,0,1.375
44,8,11,0,1.375
44,8,12,0,1.375
44,8,13,0,1.375
44,8,14,0,1.375
44,8,15,0,1.375
44,8,16,0,1.375
44,8,17,0,1.375
44,8,18,0,1.375
44,8,19,0,1.375
44,8,20,0,1.375
44,8,21,0,1.375
44,8,22,0,1.375
44,8,23,0,1.375
44,8,24,0,1.375
44,8,25,0,1.375
44,8,26,0,1.375
44,8,27,0,1.375
44,8,28,0,1.375
44,8,29,0,1.375
44,8,30,0,1.375
44,8,31,0,1.375
44,8,32,0,1.375
44,8,33,0,1.375
44,8,34,0,1.375
44,8,35,0,1.375
44,8,36,0,1.375
44,8,37,0,1.375
44,8,38,0,1.375
44,8,39,7,1.375
44,8,40,4,1.375
44,8,41,0,1.375
44,8,42,0,1.375
44,8,43,0,1.375
44,8,44,0,1.375
44,8,45,0,1.375
44,8,46,0,1.375
44,8,47,0,1.375
44,8,48,0,1.375
44,8,49,0,1.375
44,8,50,0,1.375
44,8,51,0,1.375
44,8,52,0,1.375
44,8,53,0,1.375
44,8,54,0,1.375
44,8,55,0,1.375
44,8,56,0,1.375
44,8,57,0,1.375
44,8,58,0,1.375
44,8,59,0,1.375
44,8,60,0,1.375
44,8,61,0,1.375
44,8,62,0,1.375
44,8,63,0,1.375
44,9,0,0,1.44444
44,9,1,0,1.44444
44,9,2,0,1.44444
44,9,3,0,1.44444
44,9,4,0,1.44444
44,9,5,0,1.44444
44,9,6,0,1.44444
44,9,7,0,1.44444
44,9,8,0,1.44444
44,9,9,0,1.44444
44,9,10,0,1.44444
44,9,11,0,1.44444
44,9,12,0,1.44444
44,9,13,0,1.44444
44,9,14,0,1.44444
44,9,15,0,1.44444
44,9,16,0,1.44444
44,9,17,0,1.44444
44,9,18,0,1.44444
44,9,19,0,1.44444
44,9,20,0,1.44444
44,9,21,0,1.44444
44,9,22,0,1.44444
44,9,23,0,1.44444
44,9,24,0,1.44444
44,9,25,0,1.44444
44,9,26,0,1.44444
44,9,27,0,1.44444
44,9,28,0,1.44444
44,9,29,0,1.44444
44,9,30,0,1.44444
44,9,31,0,1.44444
44,9,32,0,1.44444
44,9,33,0,1.44444
44,9,34,0,1.44444
44,9,35,0,1.44444
44,9,36,0,1.44444
44,9,37,0,1.44444
44,9,38,0,1.44444
44,9,39,7,1.44444
44,9,40,6,1.44444
44,9,41,0,1.44444
44,9,42,0,1.44444
44,9,43,0,1.44444
44,9,44,0,1.44444
44,9,45,0,1.44444
44,9,46,0,1.44444
44,9,47,0,1.44444
44,9,48,0,1.44444
44,9,49,0,1.44444
44,9,50,0,1.44444
44,9,51,0,1.44444
44,9,52,0,1.44444
44,9,53,0,1.44444
44,9,54,0,1.44444
44,9,55,0,1.44444
44,9,56,0,1.44444
44,9,57,0,1.44444
44,9,58,0,1.44444
44,9,59,0,1.44444
44,9,60,0,1.44444
44,9,61,0,1.44444
44,9,62,0,1.44444
44,9,63,0,1.44444
44,10,0,0,1.4
44,10,1,0,1.4
44,10,2,0,1.4
44,10,3,0,1.4
44,10,4,0,1.4
44,10,5,0,1.4
44,10,6,0,1.4
44,10,7,0,1.4
44,10,8,0,1.4
44,10,9,0,1.4
44,10,10,0,1.4
44,10,11,0,1.4
44,10,12,0,1.4
44,10,13,0,1.4
44,10,14,0,1.4
44,10,15,0,1.4
44,10,16,0,1.4
44,10,17,0,1.4
44,10,18,0,1.4
44,10,19,0,1.4
44,10,20,0,1.4
44,10,21,0,1.4
44,10,22,0,1.4
44,10,23,0,1.4
44,10,24,0,1.4
44,10,25,0,1.4
44,10,26,0,1.4
44,10,27,0,1.4
44,10,28,0,1.4
44,10,29,0,1.4
44,10,30,0,1.4
44,10,31,0,1.4
44,10,32,0,1.4
44,10,33,0,1.4
44,10,34,0,1.4
44,10,35,0,1.4
44,10,36,0,1.4
44,10,37,0,1.4
44,10,38,0,1.4
44,10,39,7,1.4
44,10,40,7,1.4
44,10,41,0,1.4
44,10,42,0,1.4
44,10,43,0,1.4
44,10,44,0,1.4
44,10,45,0,1.4
44,10,46,0,1.4
44,10,47,0,1.4
44,10,48,0,1.4
44,10,49,0,1.4
44,10,50,0,1.4
44,10,51,0,1.4
44,10,52,0,1.4
44,10,53,0,1.4
44,10,54,0,1.4
44,10,55,0,1.4
44,10,56,0,1.4
44,10,57,0,1.4
44,10,58,0,1.4
44,10,59,0,1.4
44,10,60,0,1.4
44,10,61,0,1.4
44,10,62,0,1.4
44,10,63,0,1.4
44,11,0,0,1.54545
44,11,1,0,1.54545
44,11,2,0,1.54545
44,11,3,0,1.54545
44,11,4,0,1.54545
44,11,5,0,1.54545
44,11,6,0,1.54545
44,11,7,0,1.54545
44,11,8,0,1.54545
44,11,9,0,1.54545
44,11,10,0,1.54545
44,11,11,0,1.54545
44,11,12,0,1.54545
44,11,13,0,1.54545
44,11,14,0,1.54545
44,11,15,0,1.54545
44,11,16,0,1.54545
44,11,17,0,1.54545
44,11,18,0,1.54545
44,11,19,0,1.54545
44,11,20,0,1.54545
44,11,21,0,1.54545
44,11,22,0,1.54545
44,11,23,0,1.54545
44,11,24,0,1.54545
44,11,25,0,1.54545
44,11,26,0,1.54545
44,11,27,0,1.54545
44,11,28,0,1.54545
44,11,29,0,1.54545
44,11,30,0,1.54545
44,11,31,0,1.54545
44,11,32,0,1.54545
44,11,33,0,1.54545
44,11,34,0,1.54545
44,11,35,0,1.54545
44,11,36,0,1.54545
44,11,37,0,1.54545
44,11,38,0,1.54545
44,11,39,10,1.54545
44,11,40,7,1.54545
44,11,41,0,1.54545
44,11,42,0,1.54545
44,11,43,0,1.54545
44,11,44,0,1.54545
44,11,45,0,1.54545
44,11,46,0,1.54545
44,11,47,0,1.54545
44,11,48,0,1.54545
44,11,49,0,1.54545
44,11,50,0,1.54545
44,11,51,0,1.54545
44,11,52,0,1.54545
44,11,53,0,1.54545
44,11,54,0,1.54545
44,11,55,0,1.54545
44,11,56,0,1.54545
44,11,57,0,1.54545
44,11,58,0,1.54545
44,11,59,0,1.54545
44,11,60,0,1.54545
44,11,61,0,1.54545
44,11,62,0,1.54545
44,11,63,0,1.54545
44,12,0,0,1.58333
44,12,1,0,1.58333
44,12,2,0,1.58333
44,12,3,0,1.58333
44,12,4,0,1.58333
44,12,5,0,1.58333
44,12,6,0,1.58333
44,12,7,0,1.58333
44,12,8,0,1.58333
44,12,9,0,1.58333
44,12,10,0,1.58333
44,12,11,0,1.58333
44,12,12,0,1.58333
44,12,13,0,1.58333
44,12,14,0,1.58333
44,12,15,0,1.58333
44,12,16,0,1.58333
44,12,17,0,1.58333
44,12,18,0,1.58333
44,12,19,0,1.58333
44,12,20,0,1.58333
44,12,21,0,1.58333
44,12,22,0,1.58333
44,12,23,0,1.58333
44,12,24,0,1.58333
44,12,25,0,1.58333
44,12,26,0,1.58333
44,12,27,0,1.58333
44,12,28,0,1.58333
44,12,29,0,1.58333
44,12,30,0,1.58333
44,12,31,0,1.58333
44,12,32,0,1.58333
44,12,33,0,1.58333
44,12,34,0,1.58333
44,12,35,0,1.58333
44,12,36,0,1.58333
44,12,37,0,1.58333
44,12,38,0,1.58333
44,12,39,10,1.58333
44,12,40,9,1.58333
44,12,41,0,1.58333
44,12,42,0,1.58333
44,12,43,0,1.58333
44,12,44,0,1.58333
44,12,45,0,1.58333
44,12,46,0,1.58333
44,12,47,0,1.58333
44,12,48,0,1.58333
44,12,49,0,1.58333
44,12,50,0,1.58333
44,12,51,0,1.58333
44,12,52,0,1.58333
44,12,53,0,1.58333
44,12,54,0,1.58333
44,12,55,0,1.58333
44,12,56,0,1.58333
44,12,57,0,1.58333
44,12,58,0,1.58333
44,12,59,0,1.58333
44,12,60,0,1.58333
44,12,61,0,1.58333
44,12,62,0,1.58333
44,12,63,0,1.58333
44,13,0,0,1.53846
44,13,1,0,1.53846
44,13,2,0,1.53846
44,13,3,0,1.53846
44,13,4,0,1.53846
44,13,5,0,1.53846
44,13,6,0,1.53846
44,13,7,0,1.53846
44,13,8,0,1.53846
44,13,9,0,1.53846
44,13,10,0,1.53846
44,13,11,0,1.53846
44,13,12,0,1.53846
44,13,13,0,1.53846
44,13,14,0,1.53846
44,13,15,0,1.53846
44,13,16,0,1.53846
44,13,17,0,1.53846
44,13,18,0,1.53846
44,13,19,0,1.53846
44,13,20,0,1.53846
44,13,21,0,1.53846
44,13,22,0,1.53846
44,13,23,0,1.53846
44,13,24,0,1.53846
44,13,25,0,1.53846
44,13,26,0,1.53846
44,13,27,0,1.53846
44,13,28,0,1.53846
44,13,29,0,1.53846
44,13,30,0,1.53846
44,13,31,0,1.53846
44,13,32,0,1.53846
44,13,33,0,1.53846
44,13,34,0,1.53846
44,13,35,0,1.53846
44,13,36,0,1.53846
44,13,37,0,1.53846
44,13,38,0,1.53846
44,13,39,10,1.53846
44,13,40,10,1.53846
44,13,41,0,1.53846
44,13,42,0,1.53846
44,13,43,0,1.53846
44,13,44,0,1.53846
44,13,45,0,1.53846
44,13,46,0,1.53846
44,13,47,0,1.53846
44,13,48,0,1.53846
44,13,49,0,1.53846
44,13,50,0,1.53846
44,13,51,0,1.53846
44,13,52,0,1.53846
44,13,53,0,1.53846
44,13,54,0,1.53846
44,13,55,0,1.53846
44,13,56,0,1.53846
44,13,57,0,1.53846
44,13,58,0,1.53846
44,13,59,0,1.53846
44,13,60,0,1.53846
44,13,61,0,1.53846
44,13,62,0,1.53846
44,13,63,0,1.53846
44,14,0,0,1.5
44,14,1,0,1.5
44,14,2,0,1.5
44,14,3,0,1.5
44,14,4,0,1.5
44,14,5,0,1.5
44,14,6,0,1.5
44,14,7,0,1.5
44,14,8,0,1.5
44,14,9,0,1.5
44,14,10,0,1.5
44,14,11,0,1.5
44,14,12,0,1.5
44,14,13,0,1.5
44,14,14,0,1.5
44,14,15,0,1.5
44,14,16,0,1.5
44,14,17,0,1.5
44,14,18,0,1.5
44,14,19,0,1.5
44,14,20,0,1.5
44,14,21,0,1.5
44,14,22,0,1.5
44,14,23,0,1.5
44,14,24,0,1.5
44,14,25,0,1.5
44,14,26,0,1.5
44,14,27,0,1.5
44,14,28,0,1.5
44,14,29,0,1.5
44,14,30,0,1.5
44,14,31,0,1.5
44,14,32,0,1.5
44,14,33,0,1.5
44,14,34,0,1.5
44,14,35,0,1.5
44,14,36,0,1.5
44,14,37,0,1.5
44,14,38,0,1.5
44,14,39,11,1.5
44,14,40,10,1.5
44,14,41,0,1.5
44,14,42,0,1.5
44,14,43,0,1.5
44,14,44,0,1.5
44,14,45,0,1.5
44,14,46,0,1.5
44,14,47,0,1.5
44,14,48,0,1.5
44,14,49,0,1.5
44,14,50,0,1.5
44,14,51,0,1.5
44,14,52,0,1.5
44,14,53,0,1.5
44,14,54,0,1.5
44,14,55,0,1.5
44,14,56,0,1.5
44,14,57,0,1.5
44,14,58,0,1.5
44,14,59,0,1.5
44,14,60,0,1.5
44,14,61,0,1.5
44,14,62,0,1.5
44,14,63,0,1.5
44,15,0,0,1.46667
44,15,1,0,1.46667
44,15,2,0,1.46667
44,15,3,0,1.46667
44,15,4,0,1.46667
44,15,5,0,1.46667
44,15,6,0,1.46667
44,15,7,0,1.46667
44,15,8,0,1.46667
44,15,9,0,1.46667
44,15,10,0,1.46667
44,15,11,0,1.46667
44,15,12,0,1.46667
44,15,13,0,1.46667
44,15,14,0,1.46667
44,15,15,0,1.46667
44,15,16,0,1.46667
44,15,17,0,1.46667
44,15,18,0,1.46667
44,15,19,0,1.46667
44,15,20,0,1.46667
44,15,21,0,1.46667
44,15,22,0,1.46667
44,15,23,0,1.46667
44,15,24,0,1.46667
44,15,25,0,1.46667
44,15,26,0,1.46667
44,15,27,0,1.46667
44,15,28,0,1.46667
44,15,29,0,1.46667
44,15,30,0,1.46667
44,15,31,0,1.46667
44,15,32,0,1.46667
44,15,33,0,1.46667
44,15,34,0,1.46667
44,15,35,0,1.46667
44,15,36,0,1.46667
44,15,37,0,1.46667
44,15,38,0,1.46667
44,15,39,12,1.46667
44,15,40,10,1.46667
44,15,41,0,1.46667
44,15,42,0,1.46667
44,15,43,0,1.46667
44,15,44,0,1.46667
44,15,45,0,1.46667
44,15,46,0,1.46667
44,15,47,0,1.46667
44,15,48,0,1.46667
44,15,49,0,1.46667
44,15,50,0,1.46667
44,15,51,0,1.46667
44,15,52,0,1.46667
44,15,53,0,1.46667
44,15,54,0,1.46667
44,15,55,0,1.46667
44,15,56,0,1.46667
44,15,57,0,1.46667
44,15,58,0,1.46667
44,15,59,0,1.46667
44,15,60,0,1.46667
44,15,61,0,1.46667
44,15,62,0,1.46667
44,15,63,0,1.46667
44,16,0,0,1.4375
44,16,1,0,1.4375
44,16,2,0,1.4375
44,16,3,0,1.4375
44,16,4,0,1.4375
44,16,5,0,1.4375
44,16,6,0,1.4375
44,16,7,0,1.4375
44,16,8,0,1.4375
44,16,9,0,1.4375
44,16,10,0,1.4375
44,16,11,0,1.4375
44,16,12,0,1.4375
44,16,13,0,1.4375
44,16,14,0,1.4375
44,16,15,0,1.4375
44,16,16,0,1.4375
44,16,17,0,1.4375
44,16,18,0,1.4375
44,16,19,0,1.4375
44,16,20,0,1.4375
44,16,21,0,1.4375
44,16,22,0,1.4375
44,16,23,0,1.4375
44,16,24,0,1.4375
44,16,25,0,1.4375
44,16,26,0,1.4375
44,16,27,0,1.4375
44,16,28,0,1.4375
44,16,29,0,1.4375
44,16,30,0,1.4375
44,16,31,0,1.4375
44,16,32,0,1.4375
44,16,33,0,1.4375
44,16,34,0,1.4375
44,16,35,0,1.4375
44,16,36,0,1.4375
44,16,37,0,1.4375
44,16,38,0,1.4375
44,16,39,13,1.4375
44,16,40,10,1.4375
44,16,41,0,1.4375
44,16,42,0,1.4375
44,16,43,0,1.4375
44,16,44,0,1.4375
44,16,45,0,1.4375
44,16,46,0,1.4375
44,16,47,0,1.4375
44,16,48,0,1.4375
44,16,49,0,1.4375
44,16,50,0,1.4375
44,16,51,0,1.4375
44,16,52,0,1.4375
44,16,53,0,1.4375
44,16,54,0,1.4375
44,16,55,0,1.4375
44,16,56,0,1.4375
44,16,57,0,1.4375
44,16,58,0,1.4375
44,16,59,0,1.4375
44,16,60,0,1.4375
44,16,61,0,1.4375
44,16,62,0,1.4375
44,16,63,0,1.4375
44,17,0,0,1.41176
44,17,1,0,1.41176
44,17,2,0,1.41176
44,17,3,0,1.41176
44,17,4,0,1.41176
44,17,5,0,1.41176
44,17,6,0,1.41176
44,17,7,0,1.41176
44,17,8,0,1.41176
44,17,9,0,1.41176
44,17,10,0,1.41176
44,17,11,0,1.41176
44,17,12,0,1.41176
44,17,13,0,1.41176
44,17,14,0,1.41176
44,17,15,0,1.41176
44,17,16,0,1.41176
44,17,17,0,1.41176
44,17,18,0,1.41176
44,17,19,0,1.41176
44,17,20,0,1.41176
44,17,21,0,1.41176
44,17,22,0,1.41176
44,17,23,0,1.41176
44,17,24,0,1.41176
44,17,25,0,1.41176
44,17,26,0,1.41176
44,17,27,0,1.41176
44,17,28,0,1.41176
44,17,29,0,1.41176
44,17,30,0,1.41176
44,17,31,0,1.41176
44,17,32,0,1.41176
44,17,33,0,1.41176
44,17,34,0,1.41176
44,17,35,0,1.41176
44,17,36,0,1.41176
44,17,37,0,1.41176
44,17,38,0,1.41176
44,17,39,14,1.41176
44,17,40,10,1.41176
44,17,41,0,1.41176
44,17,42,0,1.41176
44,17,43,0,1.41176
44,17,44,0,1.41176
44,17,45,0,1.41176
44,17,46,0,1.41176
44,17,47,0,1.41176
44,17,48,0,1.41176
44,17,49,0,1.41176
44,17,50,0,1.41176
44,17,51,0,1.41176
44,17,52,0,1.41176
44,17,53,0,1.41176
44,17,54,0,1.41176
44,17,55,0,1.41176
44,17,56,0,1.41176
44,17,57,0,1.41176
44,17,58,0,1.41176
44,17,59,0,1.41176
44,17,60,0,1.41176
44,17,61,0,1.41176
44,17,62,0,1.41176
44,17,63,0,1.41176
44,18,0,0,1.44444
44,18,1,0,1.44444
44,18,2,0,1.44444
44,18,3,0,1.44444
44,18,4,0,1.44444
44,18,5,0,1.44444
44,18,6,0,1.44444
44,18,7,0,1.44444
44,18,8,0,1.44444
44,18,9,0,1.44444
44,18,10,0,1.44444
44,18,11,0,1.44444
44,18,12,0,1.44444
44,18,13,0,1.44444
44,18,14,0,1.44444
44,18,15,0,1.44444
44,18,16,0,1.44444
44,18,17,0,1.44444
44,18,18,0,1.44444
44,18,19,0,1.44444
44,18,20,0,1.44444
44,18,21,0,1.44444
44,18,22,0,1.44444
44,18,23,0,1.44444
44,18,24,0,1.44444
44,18,25,0,1.44444
44,18,26,0,1.44444
44,18,27,0,1.44444
44,18,28,0,1.44444
44,18,29,0,1.44444
44,18,30,0,1.44444
44,18,31,0,1.44444
44,18,32,0,1.44444
44,18,33,0,1.44444
44,18,34,0,1.44444
44,18,35,0,1.44444
44,18,36,0,1.44444
44,18,37,0,1.44444
44,18,38,0,1.44444
44,18,39,14,1.44444
44,18,40,12,1.44444
44,18,41,0,1.44444
44,18,42,0,1.44444
44,18,43,0,1.44444
44,18,44,0,1.44444
44,18,45,0,1.44444
44,18,46,0,1.44444
44,18,47,0,1.44444
44,18,48,0,1.44444
44,18,49,0,1.44444
44,18,50,0,1.44444
44,18,51,0,1.44444
44,18,52,0,1.44444
44,18,53,0,1.44444
44,18,54,0,1.44444
44,18,55,0,1.44444
44,18,56,0,1.44444
44,18,57,0,1.44444
44,18,58,0,1.44444
44,18,59,0,1.44444
44,18,60,0,1.44444
44,18,61,0,1.44444
44,18,62,0,1.44444
44,18,63,0,1.44444
44,19,0,0,1.42105
44,19,1,0,1.42105
44,19,2,0,1.42105
44,19,3,0,1.42105
44,19,4,0,1.42105
44,19,5,0,1.42105
44,19,6,0,1.42105
44,19,7,0,1.42105
44,19,8,0,1.42105
44,19,9,0,1.42105
44,19,10,0,1.42105
44,19,11,0,1.42105
44,19,12,0,1.42105
44,19,13,0,1.42105
44,19,14,0,1.42105
44,19,15,0,1.42105
44,19,16,0,1.42105
44,19,17,0,1.42105
44,19,18,0,1.42105
44,19,19,0,1.42105
44,19,20,0,1.42105
44,19,21,0,1.42105
44,19,22,0,1.42105
44,19,23,0,1.42105
44,19,24,0,1.42105
44,19,25,0,1.42105
44,19,26,0,1.42105
44,19,27,0,1.42105
44,19,28,0,1.42105
44,19,29,0,1.42105
44,19,30,0,1.42105
44,19,31,0,1.42105
44,19,32,0,1.42105
44,19,33,0,1.42105
44,19,34,0,1.42105
44,19,35,0,1.42105
44,19,36,0,1.42105
44,19,37,0,1.42105
44,19,38,0,1.42105
44,19,39,15,1.42105
44,19,40,12,1.42105
44,19,41,0,1.42105
44,19,42,0,1.42105
44,19,43,0,1.42105
44,19,44,0,1.42105
44,19,45,0,1.42105
44,19,46,0,1.42105
44,19,47,0,1.42105
44,19,48,0,1.42105
44,19,49,0,1.42105
44,19,50,0,1.42105
44,19,51,0,1.42105
44,19,52,0,1.42105
44,19,53,0,1.42105
44,19,54,0,1.42105
44,19,55,0,1.42105
44,19,56,0,1.42105
44,19,57,0,1.42105
44,19,58,0,1.42105
44,19,59,0,1.42105
44,19,60,0,1.42105
44,19,61,0,1.42105
44,19,62,0,1.42105
44,19,63,0,1.42105
44,20,0,0,1.4
44,20,1,0,1.4
44,20,2,0,1.4
44,20,3,0,1.4
44,20,4,0,1.4
44,20,5,0,1.4
44,20,6,0,1.4
44,20,7,0,1.4
44,20,8,0,1.4
44,20,9,0,1.4
44,20,10,0,1.4
44,20,11,0,1.4
44,20,12,0,1.4
44,20,13,0,1.4
44,20,14,0,1.4
44,20,15,0,1.4
44,20,16,0,1.4
44,20,17,0,1.4
44,20,18,0,1.4
44,20,19,0,1.4
44,20,20,0,1.4
44,20,21,0,1.4
44,20,22,0,1.4
44,20,23,0,1.4
44,20,24,0,1.4
44,20,25,0,1.4
44,20,26,0,1.4
44,20,27,0,1.4
44,20,28,0,1.4
44,20,29,0,1.4
44,20,30,0,1.4
44,20,31,0,1.4
44,20,32,0,1.4
44,20,33,0,1.4
44,20,34,0,1.4
44,20,35,0,1.4
44,20,36,0,1.4
44,20,37,0,1.4
44,20,38,0,1.4
44,20,39,16,1.4
44,20,40,12,1.4
44,20,41,0,1.4
44,20,42,0,1.4
44,20,43,0,1.4
44,20,44,0,1.4
44,20,45,0,1.4
44,20,46,0,1.4
44,20,47,0,1.4
44,20,48,0,1.4
44,20,49,0,1.4
44,20,50,0,1.4
44,20,51,0,1.4
44,20,52,0,1.4
44,20,53,0,1.4
44,20,54,0,1.4
44,20,55,0,1.4
44,20,56,0,1.4
44,20,57,0,1.4
44,20,58,0,1.4
44,20,59,0,1.4
44,20,60,0,1.4
44,20,61,0,1.4
44,20,62,0,1.4
44,20,63,0,1.4
44,21,0,0,1.38095
44,21,1,0,1.38095
44,21,2,0,1.38095
44,21,3,0,1.38095
44,21,4,0,1.38095
44,21,5,0,1.38095
44,21,6,0,1.38095
44,21,7,0,1.38095
44,21,8,0,1.38095
44,21,9,0,1.38095
44,21,10,0,1.38095
44,21,11,0,1.38095
44,21,12,0,1.38095
44,21,13,0,1.38095
44,21,14,0,1.38095
44,21,15,0,1.38095
44,21,16,0,1.38095
44,21,17,0,1.38095
44,21,18,0,1.38095
44,21,19,0,1.38095
44,21,20,0,1.38095
44,21,21,0,1.38095
44,21,22,0,1.38095
44,21,23,0,1.38095
44,21,24,0,1.38095
44,21,25,0,1.38095
44,21,26,0,1.38095
44,21,27,0,1.38095
44,21,28,0,1.38095
44,21,29,0,1.38095
44,21,30,0,1.38095
44,21,31,0,1.38095
44,21,32,0,1.38095
44,21,33,0,1.38095
44,21,34,0,1.38095
44,21,35,0,1.38095
44,21,36,0,1.38095
44,21,37,0,1.38095
44,21,38,0,1.38095
44,21,39,17,1.38095
44,21,40,12,1.38095
44,21,41,0,1.38095
44,21,42,0,1.38095
44,21,43,0,1.38095
44,21,44,0,1.38095
44,21,45,0,1.38095
44,21,46,0,1.38095
44,21,47,0,1.38095
44,21,48,0,1.38095
44,21,49,0,1.38095
44,21,50,0,1.38095
44,21,51,0,1.38095
44,21,52,0,1.38095
44,21,53,0,1.38095
44,21,54,0,1.38095
44,21,55,0,1.38095
44,21,56,0,1.38095
44,21,57,0,1.38095
44,21,58,0,1.38095
44,21,59,0,1.38095
44,21,60,0,1.38095
44,21,61,0,1.38095
44,21,62,0,1.38095
44,21,63,0,1.38095
44,22,0,0,1.36364
44,22,1,0,1.36364
44,22,2,0,1.36364
44,22,3,0,1.36364
44,22,4,0,1.36364
44,22,5,0,1.36364
44,22,6,0,1.36364
44,22,7,0,1.36364
44,22,8,0,1.36364
44,22,9,0,1.36364
44,22,10,0,1.36364
44,22,11,0,1.36364
44,22,12,0,1.36364
44,22,13,0,1.36364
44,22,14,0,1.36364
44,22,15,0,1.36364
44,22,16,0,1.36364
44,22,17,0,1.36364
44,22,18,0,1.36364
44,22,19,0,1.36364
44,22,20,0,1.36364
44,22,21,0,1.36364
44,22,22,0,1.36364
44,22,23,0,1.36364
44,22,24,0,1.36364
44,22,25,0,1.36364
44,22,26,0,1.36364
44,22,27,0,1.36364
44,22,28,0,1.36364
44,22,29,0,1.36364
44,22,30,0,1.36364
44,22,31,0,1.36364
44,22,32,0,1.36364
44,22,33,0,1.36364
44,22,34,0,1.36364
44,22,35,0,1.36364
44,22,36,0,1.36364
44,22,37,0,1.36364
44,22,38,0,1.36364
44,22,39,18,1.36364
44,22,40,12,1.36364
44,22,41,0,1.36364
44,22,42,0,1.36364
44,22,43,0,1.36364
44,22,44,0,1.36364
44,22,45,0,1.36364
44,22,46,0,1.36364
44,22,47,0,1.36364
44,22,48,0,1.36364
44,22,49,0,1.36364
44,22,50,0,1.36364
44,22,51,0,1.36364
44,22,52,0,1.36364
44,22,53,0,1.36364
44,22,54,0,1.36364
44,22,55,0,1.36364
44,22,56,0,1.36364
44,22,57,0,1.36364
44,22,58,0,1.36364
44,22,59,0,1.36364
44,22,60,0,1.36364
44,22,61,0,1.36364
44,22,62,0,1.36364
44,22,63,0,1.36364
44,23,0,0,1.34783
44,23,1,0,1.34783
44,23,2,0,1.34783
44,23,3,0,1.34783
44,23,4,0,1.34783
44,23,5,0,1.34783
44,23,6,0,1.34783
44,23,7,0,1.34783
44,23,8,0,1.34783
44,23,9,0,1.34783
44,23,10,0,1.34783
44,23,11,0,1.34783
44,23,12,0,1.34783
44,23,13,0,1.34783
44,23,14,0,1.34783
44,23,15,0,1.34783
44,23,16,0,1.34783
44,23,17,0,1.34783
44,23,18,0,1.34783
44,23,19,0,1.34783
44,23,20,0,1.34783
44,23,21,0,1.34783
44,23,22,0,1.34783
44,23,23,0,1.34783
44,23,24,0,1.34783
44,23,25,0,1.34783
44,23,26,0,1.34783
44,23,27,0,1.34783
44,23,28,0,1.34783
44,23,29,0,1.34783
44,23,30,0,1.34783
44,23,31,0,1.34783
44,23,32,0,1.34783
44,23,33,0,1.34783
44,23,34,0,1.34783
44,23,35,0,1.34783
44,23,36,0,1.34783
44,23,37,0,1.34783
44,23,38,0,1.34783
44,23,39,18,1.34783
44,23,40,13,1.34783
44,23,41,0,1.34783
44,23,42,0,1.34783
44,23,43,0,1.34783
44,23,44,0,1.34783
44,23,45,0,1.34783
44,23,46,0,1.34783
44,23,47,0,1.34783
44,23,48,0,1.34783
44,23,49,0,1.34783
44,23,50,0,1.34783
44,23,51,0,1.34783
44,23,52,0,1.34783
44,23,53,0,1.34783
44,23,54,0,1.34783
44,23,55,0,1.34783
44,23,56,0,1.34783
44,23,57,0,1.34783
44,23,58,0,1.34783
44,23,59,0,1.34783
44,23,60,0,1.34783
44,23,61,0,1.34783
44,23,62,0,1.34783
44,23,63,0,1.34783
44,24,0,0,1.33333
44,24,1,0,1.33333
44,24,2,0,1.33333
44,24,3,0,1.33333
44,24,4,0,1.33333
44,24,5,0,1.33333
44,24,6,0,1.33333
44,24,7,0,1.33333
44,24,8,0,1.33333
44,24,9,0,1.33333
44,24,10,0,1.33333
44,24,11,0,1.33333
44,24,12,0,1.33333
44,24,13,0,1.33333
44,24,14,0,1.33333
44,24,15,0,1.33333
44,24,16,0,1.33333
44,24,17,0,1.33333
44,24,18,0,1.33333
44,24,19,0,1.33333
44,24,20,0,1.33333
44,24,21,0,1.33333
44,24,22,0,1.33333
44,24,23,0,1.33333
44,24,24,0,1.33333
44,24,25,0,1.33333
44,24,26,0,1.33333
44,24,27,0,1.33333
44,24,28,0,1.33333
44,24,29,0,1.33333
44,24,30,0,1.33333
44,24,31,0,1.33333
44,24,32,0,1.33333
44,24,33,0,1.33333
44,24,34,0,1.33333
44,24,35,0,1.33333
44,24,36,0,1.33333
44,24,37,0,1.33333
44,24,38,0,1.33333
44,24,39,19,1.33333
44,24,40,13,1.33333
44,24,41,0,1.33333
44,24,42,0,1.33333
44,24,43,0,1.33333
44,24,44,0,1.33333
44,24,45,0,1.33333
44,24,46,0,1.33333
44,24,47,0,1.33333
44,24,48,0,1.33333
44,24,49,0,1.33333
44,24,50,0,1.33333
44,24,51,0,1.33333
44,24,52,0,1.33333
44,24,53,0,1.33333
44,24,54,0,1.33333
44,24,55,0,1.33333
44,24,56,0,1.33333
44,24,57,0,1.33333
44,24,58,0,1.33333
44,24,59,0,1.33333
44,24,60,0,1.33333
44,24,61,0,1.33333
44,24,62,0,1.33333
44,24,63,0,1.33333
44,25,0,0,1.32
44,25,1,0,1.32
44,25,2,0,1.32
44,25,3,0,1.32
44,25,4,0,1.32
44,25,5,0,1.32
44,25,6,0,1.32
44,25,7,0,1.32
44,25,8,0,1.32
44,25,9,0,1.32
44,25,10,0,1.32
44,25,11,0,1.32
44,25,12,0,1.32
44,25,13,0,1.32
44,25,14,0,1.32
44,25,15,0,1.32
44,25,16,0,1.32
44,25,17,0,1.32
44,25,18,0,1.32
44,25,19,0,1.32
44,25,20,0,1.32
44,25,21,0,1.32
44,25,22,0,1.32
44,25,23,0,1.32
44,25,24,0,1.32
44,25,25,0,1.32
44,25,26,0,1.32
44,25,27,0,1.32
44,25,28,0,1.32
44,25,29,0,1.32
44,25,30,0,1.32
44,25,31,0,1.32
44,25,32,0,1.32
44,25,33,0,1.32
44,25,34,0,1.32
44,25,35,0,1.32
44,25,36,0,1.32
44,25,37,0,1.32
44,25,38,0,1.32
44,25,39,19,1.32
44,25,40,14,1.32
44,25,41,0,1.32
44,25,42,0,1.32
44,25,43,0,1.32
44,25,44,0,1.32
44,25,45,0,1.32
44,25,46,0,1.32
44,25,47,0,1.32
44,25,48,0,1.32
44,25,49,0,1.32
44,25,50,0,1.32
44,25,51,0,1.32
44,25,52,0,1.32
44,25,53,0,1.32
44,25,54,0,1.32
44,25,55,0,1.32
44,25,56,0,1.32
44,25,57,0,1.32
44,25,58,0,1.32
44,25,59,0,1.32
44,25,60,0,1.32
44,25,61,0,1.32
44,25,62,0,1.32
44,25,63,0,1.32
44,26,0,0,1.30769
44,26,1,0,1.30769
44,26,2,0,1.30769
44,26,3,0,1.30769
44,26,4,0,1.30769
44,26,5,0,1.30769
44,26,6,0,1.30769
44,26,7,0,1.30769
44,26,8,0,1.30769
44,26,9,0,1.30769
44,26,10,0,1.30769
44,26,11,0,1.30769
44,26,12,0,1.30769
44,26,13,0,1.30769
44,26,14,0,1.30769
44,26,15,0,1.30769
44,26,16,0,1.30769
44,26,17,0,1.30769
44,26,18,0,1.30769
44,26,19,0,1.30769
44,26,20,0,1.30769
44,26,21,0,1.30769
44,26,22,0,1.30769
44,26,23,0,1.30769
44,26,24,0,1.30769
44,26,25,0,1.30769
44,26,26,0,1.30769
44,26,27,0,1.30769
44,26,28,0,1.30769
44,26,29,0,1.30769
44,26,30,0,1.30769
44,26,31,0,1.30769
44,26,32,0,1.30769
44,26,33,0,1.30769
44,26,34,0,1.30769
44,26,35,0,1.30769
44,26,36,0,1.30769
44,26,37,0,1.30769
44,26,38,0,1.30769
44,26,39,20,1.30769
44,26,40,14,1.30769
44,26,41,0,1.30769
44,26,42,0,1.30769
44,26,43,0,1.30769
44,26,44,0,1.30769
44,26,45,0,1.30769
44,26,46,0,1.30769
44,26,47,0,1.30769
44,26,48,0,1.30769
44,26,49,0,1.30769
44,26,50,0,1.30769
44,26,51,0,1.30769
44,26,52,0,1.30769
44,26,53,0,1.30769
44,26,54,0,1.30769
44,26,55,0,1.30769
44,26,56,0,1.30769
44,26,57,0,1.30769
44,26,58,0,1.30769
44,26,59,0,1.30769
44,26,60,0,1.30769
44,26,61,0,1.30769
44,26,62,0,1.30769
44,26,63,0,1.30769
44,27,0,0,1.2963
44,27,1,0,1.2963
44,27,2,0,1.2963
44,27,3,0,1.2963
44,27,4,0,1.2963
44,27,5,0,1.2963
44,27,6,0,1.2963
44,27,7,0,1.2963
44,27,8,0,1.2963
44,27,9,0,1.2963
44,27,10,0,1.2963
44,27,11,0,1.2963
44,27,12,0,1.2963
44,27,13,0,1.2963
44,27,14,0,1.2963
44,27,15,0,1.2963
44,27,16,0,1.2963
44,27,17,0,1.2963
44,27,18,0,1.2963
44,27,19,0,1.2963
44,27,20,0,1.2963
44,27,21,0,1.2963
44,27,22,0,1.2963
44,27,23,0,1.2963
44,27,24,0,1.2963
44,27,25,0,1.2963
44,27,26,0,1.2963
44,27,27,0,1.2963
44,27,28,0,1.2963
44,27,29,0,1.2963
44,27,30,0,1.2963
44,27,31,0,1.2963
44,27,32,0,1.2963
44,27,33,0,1.2963
44,27,34,0,1.2963
44,27,35,0,1.2963
44,27,36,0,1.2963
44,27,37,0,1.2963
44,27,38,0,1.2963
44,27,39,20,1.2963
44,27,40,15,1.2963
44,27,41,0,1.2963
44,27,42,0,1.2963
44,27,43,0,1.2963
44,27,44,0,1.2963
44,27,45,0,1.2963
44,27,46,0,1.2963
44,27,47,0,1.2963
44,27,48,0,1.2963
44,27,49,0,1.2963
44,27,50,0,1.2963
44,27,51,0,1.2963
44,27,52,0,1.2963
44,27,53,0,1.2963
44,27,54,0,1.2963
44,27,55,0,1.2963
44,27,56,0,1.2963
44,27,57,0,1.2963
44,27,58,0,1.2963
44,27,59,0,1.2963
44,27,60,0,1.2963
44,27,61,0,1.2963
44,27,62,0,1.2963
44,27,63,0,1.2963
44,28,0,0,1.28571
44,28,1,0,1.28571
44,28,2,0,1.28571
44,28,3,0,1.28571
44,28,4,0,1.28571
44,28,5,0,1.28571
44,28,6,0,1.28571
44,28,7,0,1.28571
44,28,8,0,1.28571
44,28,9,0,1.28571
44,28,10,0,1.28571
44,28,11,0,1.28571
44,28,12,0,1.28571
44,28,13,0,1.28571
44,28,14,0,1.28571
44,28,15,0,1.28571
44,28,16,0,1.28571
44,28,17,0,1.28571
44,28,18,0,1.28571
44,28,19,0,1.28571
44,28,20,0,1.28571
44,28,21,0,1.28571
44,28,22,0,1.28571
44,28,23,0,1.28571
44,28,24,0,1.28571
44,28,25,0,1.28571
44,28,26,0,1.28571
44,28,27,0,1.28571
44,28,28,0,1.28571
44,28,29,0,1.28571
44,28,30,0,1.28571
44,28,31,0,1.28571
44,28,32,0,1.28571
44,28,33,0,1.28571
44,28,34,0,1.28571
44,28,35,0,1.28571
44,28,36,0,1.28571
44,28,37,0,1.28571
44,28,38,0,1.28571
44,28,39,21,1.28571
44,28,40,15,1.28571
44,28,41,0,1.28571
44,28,42,0,1.28571
44,28,43,0,1.28571
44,28,44,0,1.28571
44,28,45,0,1.28571
44,28,46,0,1.28571
44,28,47,0,1.28571
44,28,48,0,1.28571
44,28,49,0,1.28571
44,28,50,0,1.28571
44,28,51,0,1.28571
44,28,52,0,1.28571
44,28,53,0,1.28571
44,28,54,0,1.28571
44,28,55,0,1.28571
44,28,56,0,1.28571
44,28,57,0,1.28571
44,28,58,0,1.28571
44,28,59,0,1.28571
44,28,60,0,1.28571
44,28,61,0,1.28571
44,28,62,0,1.28571
44,28,63,0,1.28571
44,29,0,0,1.31034
44,29,1,0,1.31034
44,29,2,0,1.31034
44,29,3,0,1.31034
44,29,4,0,1.31034
44,29,5,0,1.31034
44,29,6,0,1.31034
44,29,7,0,1.31034
44,29,8,0,1.31034
44,29,9,0,1.31034
44,29,10,0,1.31034
44,29,11,0,1.31034
44,29,12,0,1.31034
44,29,13,0,1.31034
44,29,14,0,1.31034
44,29,15,0,1.31034
44,29,16,0,1.31034
44,29,17,0,1.31034
44,29,18,0,1.31034
44,29,19,0,1.31034
44,29,20,0,1.31034
44,29,21,0,1.31034
44,29,22,0,1.31034
44,29,23,0,1.31034
44,29,24,0,1.31034
44,29,25,0,1.31034
44,29,26,0,1.31034
44,29,27,0,1.31034
44,29,28,0,1.31034
44,29,29,0,1.31034
44,29,30,0,1.31034
44,29,31,0,1.31034
44,29,32,0,1.31034
44,29,33,0,1.31034
44,29,34,0,1.31034
44,29,35,0,1.31034
44,29,36,0,1.31034
44,29,37,0,1.31034
44,29,38,0,1.31034
44,29,39,21,1.31034
44,29,40,17,1.31034
44,29,41,0,1.31034
44,29,42,0,1.31034
44,29,43,0,1.31034
44,29,44,0,1.31034
44,29,45,0,1.31034
44,29,46,0,1.31034
44,29,47,0,1.31034
44,29,48,0,1.31034
44,29,49,0,1.31034
44,29,50,0,1.31034
44,29,51,0,1.31034
44,29,52,0,1.31034
44,29,53,0,1.31034
44,29,54,0,1.31034
44,29,55,0,1.31034
44,29,56,0,1.31034
44,29,57,0,1.31034
44,29,58,0,1.31034
44,29,59,0,1.31034
44,29,60,0,1.31034
44,29,61,0,1.31034
44,29,62,0,1.31034
44,29,63,0,1.31034
44,30,0,0,1.33333
44,30,1,0,1.33333
44,30,2,0,1.33333
44,30,3,0,1.33333
44,30,4,0,1.33333
44,30,5,0,1.33333
44,30,6,0,1.33333
44,30,7,0,1.33333
44,30,8,0,1.33333
44,30,9,0,1.33333
44,30,10,0,1.33333
44,30,11,0,1.33333
44,30,12,0,1.33333
44,30,13,0,1.33333
44,30,14,0,1.33333
44,30,15,0,1.33333
44,30,16,0,1.33333
44,30,17,0,1.33333
44,30,18,0,1.33333
44,30,19,0,1.33333
44,30,20,0,1.33333
44,30,21,0,1.33333
44,30,22,0,1.33333
44,30,23,0,1.33333
44,30,24,0,1.33333
44,30,25,0,1.33333
44,30,26,0,1.33333
44,30,27,0,1.33333
44,30,28,0,1.33333
44,30,29,0,1.33333
44,30,30,0,1.33333
44,30,31,0,1.33333
44,30,32,0,1.33333
44,30,33,0,1.33333
44,30,34,0,1.33333
44,30,35,0,1.33333
44,30,36,0,1.33333
44,30,37,0,1.33333
44,30,38,0,1.33333
44,30,39,21,1.33333
44,30,40,19,1.33333
44,30,41,0,1.33333
44,30,42,0,1.33333
44,30,43,0,1.33333
44,30,44,0,1.33333
44,30,45,0,1.33333
44,30,46,0,1.33333
44,30,47,0,1.33333
44,30,48,0,1.33333
44,30,49,0,1.33333
44,30,50,0,1.33333
44,30,51,0,1.33333
44,30,52,0,1.33333
44,30,53,0,1.33333
44,30,54,0,1.33333
44,30,55,0,1.33333
44,30,56,0,1.33333
44,30,57,0,1.33333
44,30,58,0,1.33333
44,30,59,0,1.33333
44,30,60,0,1.33333
44,30,61,0,1.33333
44,30,62,0,1.33333
44,30,63,0,1.33333
44,31,0,0,1.32258
44,31,1,0,1.32258
44,31,2,0,1.32258
44,31,3,0,1.32258
44,31,4,0,1.32258
44,31,5,0,1.32258
44,31,6,0,1.32258
44,31,7,0,1.32258
44,31,8,0,1.32258
44,31,9,0,1.32258
44,31,10,0,1.32258
44,31,11,0,1.32258
44,31,12,0,1.32258
44,31,13,0,1.32258
44,31,14,0,1.32258
44,31,15,0,1.32258
44,31,16,0,1.32258
44,31,17,0,1.32258
44,31,18,0,1.32258
44,31,19,0,1.32258
44,31,20,0,1.32258
44,31,21,0,1.32258
44,31,22,0,1.32258
44,31,23,0,1.32258
44,31,24,0,1.32258
44,31,25,0,1.32258
44,31,26,0,1.32258
44,31,27,0,1.32258
44,31,28,0,1.32258
44,31,29,0,1.32258
44,31,30,0,1.32258
44,31,31,0,1.32258
44,31,32,0,1.32258
44,31,33,0,1.32258
44,31,34,0,1.32258
44,31,35,0,1.32258
44,31,36,0,1.32258
44,31,37,0,1.32258
44,31,38,0,1.32258
44,31,39,22,1.32258
44,31,40,19,1.32258
44,31,41,0,1.32258
44,31,42,0,1.32258
44,31,43,0,1.32258
44,31,44,0,1.32258
44,31,45,0,1.32258
44,31,46,0,1.32258
44,31,47,0,1.32258
44,31,48,0,1.32258
44,31,49,0,1.32258
44,31,50,0,1.32258
44,31,51,0,1.32258
44,31,52,0,1.32258
44,31,53,0,1.32258
44,31,54,0,1.32258
44,31,55,0,1.32258
44,31,56,0,1.32258
44,31,57,0,1.32258
44,31,58,0,1.32258
44,31,59,0,1.32258
44,31,60,0,1.32258
44,31,61,0,1.32258
44,31,62,0,1.32258
44,31,63,0,1.32258
44,32,0,0,1.3125
44,32,1,0,1.3125
44,32,2,0,1.3125
44,32,3,0,1.3125
44,32,4,0,1.3125
44,32,5,0,1.3125
44,32,6,0,1.3125
44,32,7,0,1.3125
44,32,8,0,1.3125
44,32,9,0,1.3125
44,32,10,0,1.3125
44,32,11,0,1.3125
44,32,12,0,1.3125
44,32,13,0,1.3125
44,32,14,0,1.3125
44,32,15,0,1.3125
44,32,16,0,1.3125
44,32,17,0,1.3125
44,32,18,0,1.3125
44,32,19,0,1.3125
44,32,20,0,1.3125
44,32,21,0,1.3125
44,32,22,0,1.3125
44,32,23,0,1.3125
44,32,24,0,1.3125
44,32,25,0,1.3125
44,32,26,0,1.3125
44,32,27,0,1.3125
44,32,28,0,1.3125
44,32,29,0,1.3125
44,32,30,0,1.3125
44,32,31,0,1.3125
44,32,32,0,1.3125
44,32,33,0,1.3125
44,32,34,0,1.3125
44,32,35,0,1.3125
44,32,36,0,1.3125
44,32,37,0,1.3125
44,32,38,0,1.3125
44,32,39,23,1.3125
44,32,40,19,1.3125
44,32,41,0,1.3125
44,32,42,0,1.3125
44,32,43,0,1.3125
44,32,44,0,1.3125
44,32,45,0,1.3125
44,32,46,0,1.3125
44,32,47,0,1.3125
44,32,48,0,1.3125
44,32,49,0,1.3125
44,32,50,0,1.3125
44,32,51,0,1.3125
44,32,52,0,1.3125
44,32,53,0,1.3125
44,32,54,0,1.3125
44,32,55,0,1.3125
44,32,56,0,1.3125
44,32,57,0,1.3125
44,32,58,0,1.3125
44,32,59,0,1.3125
44,32,60,0,1.3125
44,32,61,0,1.3125
44,32,62,0,1.3125
44,32,63,0,1.3125
44,33,0,0,1.30303
44,33,1,0,1.30303
44,33,2,0,1.30303
44,33,3,0,1.30303
44,33,4,0,1.30303
44,33,5,0,1.30303
44,33,6,0,1.30303
44,33,7,0,1.30303
44,33,8,0,1.30303
44,33,9,0,1.30303
44,33,10,0,1.30303
44,33,11,0,1.30303
44,33,12,0,1.30303
44,33,13,0,1.30303
44,33,14,0,1.30303
44,33,15,0,1.30303
44,33,16,0,1.30303
44,33,17,0,1.30303
44,33,18,0,1.30303
44,33,19,0,1.30303
44,33,20,0,1.30303
44,33,21,0,1.30303
44,33,22,0,1.30303
44,33,23,0,1.30303
44,33,24,0,1.30303
44,33,25,0,1.30303
44,33,26,0,1.30303
44,33,27,0,1.30303
44,33,28,0,1.30303
44,33,29,0,1.30303
44,33,30,0,1.30303
44,33,31,0,1.30303
44,33,32,0,1.30303
44,33,33,0,1.30303
44,33,34,0,1.30303
44,33,35,0,1.30303
44,33,36,0,1.30303
44,33,37,0,1.30303
44,33,38,0,1.30303
44,33,39,24,1.30303
44,33,40,19,1.30303
44,33,41,0,1.30303
44,33,42,0,1.30303
44,33,43,0,1.30303
44,33,44,0,1.30303
44,33,45,0,1.30303
44,33,46,0,1.30303
44,33,47,0,1.30303
44,33,48,0,1.30303
44,33,49,0,1.30303
44,33,50,0,1.30303
44,33,51,0,1.30303
44,33,52,0,1.30303
44,33,53,0,1.30303
44,33,54,0,1.30303
44,33,55,0,1.30303
44,33,56,0,1.30303
44,33,57,0,1.30303
44,33,58,0,1.30303
44,33,59,0,1.30303
44,33,60,0,1.30303
44,33,61,0,1.30303
44,33,62,0,1.30303
44,33,63,0,1.30303
44,34,0,0,1.29412
44,34,1,0,1.29412
44,34,2,0,1.29412
44,34,3,0,1.29412
44,34,4,0,1.29412
44,34,5,0,1.29412
44,34,6,0,1.29412
44,34,7,0,1.29412
44,34,8,0,1.29412
44,34,9,0,1.29412
44,34,10,0,1.29412
44,34,11,0,1.29412
44,34,12,0,1.29412
44,34,13,0,1.29412
44,34,14,0,1.29412
44,34,15,0,1.29412
44,34,16,0,1.29412
44,34,17,0,1.29412
44,34,18,0,1.29412
44,34,19,0,1.29412
44,34,20,0,1.29412
44,34,21,0,1.29412
44,34,22,0,1.29412
44,34,23,0,1.29412
44,34,24,0,1.29412
44,34,25,0,1.29412
44,34,26,0,1.29412
44,34,27,0,1.29412
44,34,28,0,1.29412
44,34,29,0,1.29412
44,34,30,0,1.29412
44,34,31,0,1.29412
44,34,32,0,1.29412
44,34,33,0,1.29412
44,34,34,0,1.29412
44,34,35,0,1.29412
44,34,36,0,1.29412
44,34,37,0,1.29412
44,34,38,0,1.29412
44,34,39,25,1.29412
44,34,40,19,1.29412
44,34,41,0,1.29412
44,34,42,0,1.29412
44,34,43,0,1.29412
44,34,44,0,1.29412
44,34,45,0,1.29412
44,34,46,0,1.29412
44,34,47,0,1.29412
44,34,48,0,1.29412
44,34,49,0,1.29412
44,34,50,0,1.29412
44,34,51,0,1.29412
44,34,52,0,1.29412
44,34,53,0,1.29412
44,34,54,0,1.29412
44,34,55,0,1.29412
44,34,56,0,1.29412
44,34,57,0,1.29412
44,34,58,0,1.29412
44,34,59,0,1.29412
44,34,60,0,1.29412
44,34,61,0,1.29412
44,34,62,0,1.29412
44,34,63,0,1.29412
44,35,0,0,1.28571
44,35,1,0,1.28571
44,35,2,0,1.28571
44,35,3,0,1.28571
44,35,4,0,1.28571
44,35,5,0,1.28571
44,35,6,0,1.28571
44,35,7,0,1.28571
44,35,8,0,1.28571
44,35,9,0,1.28571
44,35,10,0,1.28571
44,35,11,0,1.28571
44,35,12,0,1.28571
44,35,13,0,1.28571
44,35,14,0,1.28571
44,35,15,0,1.28571
44,35,16,0,1.28571
44,35,17,0,1.28571
44,35,18,0,1.28571
44,35,19,0,1.28571
44,35,20,0,1.28571
44,35,21,0,1.28571
44,35,22,0,1.28571
44,35,23,0,1.28571
44,35,24,0,1.28571
44,35,25,0,1.28571
44,35,26,0,1.28571
44,35,27,0,1.28571
44,35,28,0,1.28571
44,35,29,0,1.28571
44,35,30,0,1.28571
44,35,31,0,1.28571
44,35,32,0,1.28571
44,35,33,0,1.28571
44,35,34,0,1.28571
44,35,35,0,1.28571
44,35,36,0,1.28571
44,35,37,0,1.28571
44,35,38,0,1.28571
44,35,39,25,1.28571
44,35,40,20,1.28571
44,35,41,0,1.28571
44,35,42,0,1.28571
44,35,43,0,1.28571
44,35,44,0,1.28571
44,35,45,0,1.28571
44,35,46,0,1.28571
44,35,47,0,1.28571
44,35,48,0,1.28571
44,35,49,0,1.28571
44,35,50,0,1.28571
44,35,51,0,1.28571
44,35,52,0,1.28571
44,35,53,0,1.28571
44,35,54,0,1.28571
44,35,55,0,1.28571
44,35,56,0,1.28571
44,35,57,0,1.28571
44,35,58,0,1.28571
44,35,59,0,1.28571
44,35,60,0,1.28571
44,35,61,0,1.28571
44,35,62,0,1.28571
44,35,63,0,1.28571
44,36,0,0,1.30556
44,36,1,0,1.30556
44,36,2,0,1.30556
44,36,3,0,1.30556
44,36,4,0,1.30556
44,36,5,0,1.30556
44,36,6,0,1.30556
44,36,7,0,1.30556
44,36,8,0,1.30556
44,36,9,0,1.30556
44,36,10,0,1.30556
44,36,11,0,1.30556
44,36,12,0,1.30556
44,36,13,0,1.30556
44,36,14,0,1.30556
44,36,15,0,1.30556
44,36,16,0,1.30556
44,36,17,0,1.30556
44,36,18,0,1.30556
44,36,19,0,1.30556
44,36,20,0,1.30556
44,36,21,0,1.30556
44,36,22,0,1.30556
44,36,23,0,1.30556
44,36,24,0,1.30556
44,36,25,0,1.30556
44,36,26,0,1.30556
44,36,27,0,1.30556
44,36,28,0,1.30556
44,36,29,0,1.30556
44,36,30,0,1.30556
44,36,31,0,1.30556
44,36,32,0,1.30556
44,36,33,0,1.30556
44,36,34,0,1.30556
44,36,35,0,1.30556
44,36,36,0,1.30556
44,36,37,0,1.30556
44,36,38,0,1.30556
44,36,39,25,1.30556
44,36,40,22,1.30556
44,36,41,0,1.30556
44,36,42,0,1.30556
44,36,43,0,1.30556
44,36,44,0,1.30556
44,36,45,0,1.30556
44,36,46,0,1.30556
44,36,47,0,1.30556
44,36,48,0,1.30556
44,36,49,0,1.30556
44,36,50,0,1.30556
44,36,51,0,1.30556
44,36,52,0,1.30556
44,36,53,0,1.30556
44,36,54,0,1.30556
44,36,55,0,1.30556
44,36,56,0,1.30556
44,36,57,0,1.30556
44,36,58,0,1.30556
44,36,59,0,1.30556
44,36,60,0,1.30556
44,36,61,0,1.30556
44,36,62,0,1.30556
44,36,63,0,1.30556
44,37,0,0,1.32432
44,37,1,0,1.32432
44,37,2,0,1.32432
44,37,3,0,1.32432
44,37,4,0,1.32432
44,37,5,0,1.32432
44,37,6,0,1.32432
44,37,7,0,1.32432
44,37,8,0,1.32432
44,37,9,0,1.32432
44,37,10,0,1.32432
44,37,11,0,1.32432
44,37,12,0,1.32432
44,37,13,0,1.32432
44,37,14,0,1.32432
44,37,15,0,1.32432
44,37,16,0,1.32432
44,37,17,0,1.32432
44,37,18,0,1.32432
44,37,19,0,1.32432
44,37,20,0,1.32432
44,37,21,0,1.32432
44,37,22,0,1.32432
44,37,23,0,1.32432
44,37,24,0,1.32432
44,37,25,0,1.32432
44,37,26,0,1.32432
44,37,27,0,1.32432
44,37,28,0,1.32432
44,37,29,0,1.32432
44,37,30,0,1.32432
44,37,31,0,1.32432
44,37,32,0,1.32432
44,37,33,0,1.32432
44,37,34,0,1.32432
44,37,35,0,1.32432
44,37,36,0,1.32432
44,37,37,0,1.32432
44,37,38,0,1.32432
44,37,39,27,1.32432
44,37,40,22,1.32432
44,37,41,0,1.32432
44,37,42,0,1.32432
44,37,43,0,1.32432
44,37,44,0,1.32432
44,37,45,0,1.32432
44,37,46,0,1.32432
44,37,47,0,1.32432
44,37,48,0,1.32432
44,37,49,0,1.32432
44,37,50,0,1.32432
44,37,51,0,1.32432
44,37,52,0,1.32432
44,37,53,0,1.32432
44,37,54,0,1.32432
44,37,55,0,1.32432
44,37,56,0,1.32432
44,37,57,0,1.32432
44,37,58,0,1.32432
44,37,59,0,1.32432
44,37,60,0,1.32432
44,37,61,0,1.32432
44,37,62,0,1.32432
44,37,63,0,1.32432
44,38,0,0,1.34211
44,38,1,0,1.34211
44,38,2,0,1.34211
44,38,3,0,1.34211
44,38,4,0,1.34211
44,38,5,0,1.34211
44,38,6,0,1.34211
44,38,7,0,1.34211
44,38,8,0,1.34211
44,38,9,0,1.34211
44,38,10,0,1.34211
44,38,11,0,1.34211
44,38,12,0,1.34211
44,38,13,0,1.34211
44,38,14,0,1.34211
44,38,15,0,1.34211
44,38,16,0,1.34211
44,38,17,0,1.34211
44,38,18,0,1.34211
44,38,19,0,1.34211
44,38,20,0,1.34211
44,38,21,0,1.34211
44,38,22,0,1.34211
44,38,23,0,1.34211
44,38,24,0,1.34211
44,38,25,0,1.34211
44,38,26,0,1.34211
44,38,27,0,1.34211
44,38,28,0,1.34211
44,38,29,0,1.34211
44,38,30,0,1.34211
44,38,31,0,1.34211
44,38,32,0,1.34211
44,38,33,0,1.34211
44,38,34,0,1.34211
44,38,35,0,1.34211
44,38,36,0,1.34211
44,38,37,0,1.34211
44,38,38,0,1.34211
44,38,39,27,1.34211
44,38,40,24,1.34211
44,38,41,0,1.34211
44,38,42,0,1.34211
44,38,43,0,1.34211
44,38,44,0,1.34211
44,38,45,0,1.34211
44,38,46,0,1.34211
44,38,47,0,1.34211
44,38,48,0,1.34211
44,38,49,0,1.34211
44,38,50,0,1.34211
44,38,51,0,1.34211
44,38,52,0,1.34211
44,38,53,0,1.34211
44,38,54,0,1.34211
44,38,55,0,1.34211
44,38,56,0,1.34211
44,38,57,0,1.34211
44,38,58,0,1.34211
44,38,59,0,1.34211
44,38,60,0,1.34211
44,38,61,0,1.34211
44,38,62,0,1.34211
44,38,63,0,1.34211
44,39,0,0,1.33333
44,39,1,0,1.33333
44,39,2,0,1.33333
44,39,3,0,1.33333
44,39,4,0,1.33333
44,39,5,0,1.33333
44,39,6,0,1.33333
44,39,7,0,1.33333
44,39,8,0,1.33333
44,39,9,0,1.33333
44,39,10,0,1.33333
44,39,11,0,1.33333
44,39,12,0,1.33333
44,39,13,0,1.33333
44,39,14,0,1.33333
44,39,15,0,1.33333
44,39,16,0,1.33333
44,39,17,0,1.33333
44,39,18,0,1.33333
44,39,19,0,1.33333
44,39,20,0,1.33333
44,39,21,0,1.33333
44,39,22,0,1.33333
44,39,23,0,1.33333
44,39,24,0,1.33333
44,39,25,0,1.33333
44,39,26,0,1.33333
44,39,27,0,1.33333
44,39,28,0,1.33333
44,39,29,0,1.33333
44,39,30,0,1.33333
44,39,31,0,1.33333
44,39,32,0,1.33333
44,39,33,0,1.33333
44,39,34,0,1.33333
44,39,35,0,1.33333
44,39,36,0,1.33333
44,39,37,0,1.33333
44,39,38,0,1.33333
44,39,39,27,1.33333
44,39,40,25,1.33333
44,39,41,0,1.33333
44,39,42,0,1.33333
44,39,43,0,1.33333
44,39,44,0,1.33333
44,39,45,0,1.33333
44,39,46,0,1.33333
44,39,47,0,1.33333
44,39,48,0,1.33333
44,39,49,0,1.33333
44,39,50,0,1.33333
44,39,51,0,1.33333
44,39,52,0,1.33333
44,39,53,0,1.33333
44,39,54,0,1.33333
44,39,55,0,1.33333
44,39,56,0,1.33333
44,39,57,0,1.33333
44,39,58,0,1.33333
44,39,59,0,1.33333
44,39,60,0,1.33333
44,39,61,0,1.33333
44,39,62,0,1.33333
44,39,63,0,1.33333
44,40,0,0,1.35
44,40,1,0,1.35
44,40,2,0,1.35
44,40,3,0,1.35
44,40,4,0,1.35
44,40,5,0,1.35
44,40,6,0,1.35
44,40,7,0,1.35
44,40,8,0,1.35
44,40,9,0,1.35
44,40,10,0,1.35
44,40,11,0,1.35
44,40,12,0,1.35
44,40,13,0,1.35
44,40,14,0,1.35
44,40,15,0,1.35
44,40,16,0,1.35
44,40,17,0,1.35
44,40,18,0,1.35
44,40,19,0,1.35
44,40,20,0,1.35
44,40,21,0,1.35
44,40,22,0,1.35
44,40,23,0,1.35
44,40,24,0,1.35
44,40,25,0,1.35
44,40,26,0,1.35
44,40,27,0,1.35
44,40,28,0,1.35
44,40,29,0,1.35
44,40,30,0,1.35
44,40,31,0,1.35
44,40,32,0,1.35
44,40,33,0,1.35
44,40,34,0,1.35
44,40,35,0,1.35
44,40,36,0,1.35
44,40,37,0,1.35
44,40,38,0,1.35
44,40,39,27,1.35
44,40,40,27,1.35
44,40,41,0,1.35
44,40,42,0,1.35
44,40,43,0,1.35
44,40,44,0,1.35
44,40,45,0,1.35
44,40,46,0,1.35
44,40,47,0,1.35
44,40,48,0,1.35
44,40,49,0,1.35
44,40,50,0,1.35
44,40,51,0,1.35
44,40,52,0,1.35
44,40,53,0,1.35
44,40,54,0,1.35
44,40,55,0,1.35
44,40,56,0,1.35
44,40,57,0,1.35
44,40,58,0,1.35
44,40,59,0,1.35
44,40,60,0,1.35
44,40,61,0,1.35
44,40,62,0,1.35
44,40,63,0,1.35
44,41,0,0,1.34146
44,41,1,0,1.34146
44,41,2,0,1.34146
44,41,3,0,1.34146
44,41,4,0,1.34146
44,41,5,0,1.34146
44,41,6,0,1.34146
44,41,7,0,1.34146
44,41,8,0,1.34146
44,41,9,0,1.34146
44,41,10,0,1.34146
44,41,11,0,1.34146
44,41,12,0,1.34146
44,41,13,0,1.34146
44,41,14,0,1.34146
44,41,15,0,1.34146
44,41,16,0,1.34146
44,41,17,0,1.34146
44,41,18,0,1.34146
44,41,19,0,1.34146
44,41,20,0,1.34146
44,41,21,0,1.34146
44,41,22,0,1.34146
44,41,23,0,1.34146
44,41,24,0,1.34146
44,41,25,0,1.34146
44,41,26,0,1.34146
44,41,27,0,1.34146
44,41,28,0,1.34146
44,41,29,0,1.34146
44,41,30,0,1.34146
44,41,31,0,1.34146
44,41,32,0,1.34146
44,41,33,0,1.34146
44,41,34,0,1.34146
44,41,35,0,1.34146
44,41,36,0,1.34146
44,41,37,0,1.34146
44,41,38,0,1.34146
44,41,39,27,1.34146
44,41,40,28,1.34146
44,41,41,0,1.34146
44,41,42,0,1.34146
44,41,43,0,1.34146
44,41,44,0,1.34146
44,41,45,0,1.34146
44,41,46,0,1.34146
44,41,47,0,1.34146
44,41,48,0,1.34146
44,41,49,0,1.34146
44,41,50,0,1.34146
44,41,51,0,1.34146
44,41,52,0,1.34146
44,41,53,0,1.34146
44,41,54,0,1.34146
44,41,55,0,1.34146
44,41,56,0,1.34146
44,41,57,0,1.34146
44,41,58,0,1.34146
44,41,59,0,1.34146
44,41,60,0,1.34146
44,41,61,0,1.34146
44,41,62,0,1.34146
44,41,63,0,1.34146
44,42,0,0,1.33333
44,42,1,0,1.33333
44,42,2,0,1.33333
44,42,3,0,1.33333
44,42,4,0,1.33333
44,42,5,0,1.33333
44,42,6,0,1.33333
44,42,7,0,1.33333
44,42,8,0,1.33333
44,42,9,0,1.33333
44,42,10,0,1.33333
44,42,11,0,1.33333
44,42,12,0,1.33333
44,42,13,0,1.33333
44,42,14,0,1.33333
44,42,15,0,1.33333
44,42,16,0,1.33333
44,42,17,0,1.33333
44,42,18,0,1.33333
44,42,19,0,1.33333
44,42,20,0,1.33333
44,42,21,0,1.33333
44,42,22,0,1.33333
44,42,23,0,1.33333
44,42,24,0,1.33333
44,42,25,0,1.33333
44,42,26,0,1.33333
44,42,27,0,1.33333
44,42,28,0,1.33333
44,42,29,0,1.33333
44,42,30,0,1.33333
44,42,31,0,1.33333
44,42,32,0,1.33333
44,42,33,0,1.33333
44,42,34,0,1.33333
44,42,35,0,1.33333
44,42,36,0,1.33333
44,42,37,0,1.33333
44,42,38,0,1.33333
44,42,39,27,1.33333
44,42,40,29,1.33333
44,42,41,0,1.33333
44,42,42,0,1.33333
44,42,43,0,1.33333
44,42,44,0,1.33333
44,42,45,0,1.33333
44,42,46,0,1.33333
44,42,47,0,1.33333
44,42,48,0,1.33333
44,42,49,0,1.33333
44,42,50,0,1.33333
44,42,51,0,1.33333
44,42,52,0,1.33333
44,42,53,0,1.33333
44,42,54,0,1.33333
44,42,55,0,1.33333
44,42,56,0,1.33333
44,42,57,0,1.33333
44,42,58,0,1.33333
44,42,59,0,1.33333
44,42,60,0,1.33333
44,42,61,0,1.33333
44,42,62,0,1.33333
44,42,63,0,1.33333
44,43,0,0,1.32558
44,43,1,0,1.32558
44,43,2,0,1.32558
44,43,3,0,1.32558
44,43,4,0,1.32558
44,43,5,0,1.32558
44,43,6,0,1.32558
44,43,7,0,1.32558
44,43,8,0,1.32558
44,43,9,0,1.32558
44,43,10,0,1.32558
44,43,11,0,1.32558
44,43,12,0,1.32558
44,43,13,0,1.32558
44,43,14,0,1.32558
44,43,15,0,1.32558
44,43,16,0,1.32558
44,43,17,0,1.32558
44,43,18,0,1.32558
44,43,19,0,1.32558
44,43,20,0,1.32558
44,43,21,0,1.32558
44,43,22,0,1.32558
44,43,23,0,1.32558
44,43,24,0,1.32558
44,43,25,0,1.32558
44,43,26,0,1.32558
44,43,27,0,1.32558
44,43,28,0,1.32558
44,43,29,0,1.32558
44,43,30,0,1.32558
44,43,31,0,1.32558
44,43,32,0,1.32558
44,43,33,0,1.32558
44,43,34,0,1.32558
44,43,35,0,1.32558
44,43,36,0,1.32558
44,43,37,0,1.32558
44,43,38,0,1.32558
44,43,39,27,1.32558
44,43,40,30,1.32558
44,43,41,0,1.32558
44,43,42,0,1.32558
44,43,43,0,1.32558
44,43,44,0,1.32558
44,43,45,0,1.32558
44,43,46,0,1.32558
44,43,47,0,1.32558
44,43,48,0,1.32558
44,43,49,0,1.32558
44,43,50,0,1.32558
44,43,51,0,1.32558
44,43,52,0,1.32558
44,43,53,0,1.32558
44,43,54,0,1.32558
44,43,55,0,1.32558
44,43,56,0,1.32558
44,43,57,0,1.32558
44,43,58,0,1.32558
44,43,59,0,1.32558
44,43,60,0,1.32558
44,43,61,0,1.32558
44,43,62,0,1.32558
44,43,63,0,1.32558
44,44,0,0,1.31818
44,44,1,0,1.31818
44,44,2,0,1.31818
44,44,3,0,1.31818
44,44,4,0,1.31818
44,44,5,0,1.31818
44,44,6,0,1.31818
44,44,7,0,1.31818
44,44,8,0,1.31818
44,44,9,0,1.31818
44,44,10,0,1.31818
44,44,11,0,1.31818
44,44,12,0,1.31818
44,44,13,0,1.31818
44,44,14,0,1.31818
44,44,15,0,1.31818
44,44,16,0,1.31818
44,44,17,0,1.31818
44,44,18,0,1.31818
44,44,19,0,1.31818
44,44,20,0,1.31818
44,44,21,0,1.31818
44,44,22,0,1.31818
44,44,23,0,1.31818
44,44,24,0,1.31818
44,44,25,0,1.31818
44,44,26,0,1.31818
44,44,27,0,1.31818
44,44,28,0,1.31818
44,44,29,0,1.31818
44,44,30,0,1.31818
44,44,31,0,1.31818
44,44,32,0,1.31818
44,44,33,0,1.31818
44,44,34,0,1.31818
44,44,35,0,1.31818
44,44,36,0,1.31818
44,44,37,0,1.31818
44,44,38,0,1.31818
44,44,39,27,1.31818
44,44,40,31,1.31818
44,44,41,0,1.31818
44,44,42,0,1.31818
44,44,43,0,1.31818
44,44,44,0,1.31818
44,44,45,0,1.31818
44,44,46,0,1.31818
44,44,47,0,1.31818
44,44,48,0,1.31818
44,44,49,0,1.31818
44,44,50,0,1.31818
44,44,51,0,1.31818
44,44,52,0,1.31818
44,44,53,0,1.31818
44,44,54,0,1.31818
44,44,55,0,1.31818
44,44,56,0,1.31818
44,44,57,0,1.31818
44,44,58,0,1.31818
44,44,59,0,1.31818
44,44,60,0,1.31818
44,44,61,0,1.31818
44,44,62,0,1.31818
44,44,63,0,1.31818
44,45,0,0,1.31111
44,45,1,0,1.31111
44,45,2,0,1.31111
44,45,3,0,1.31111
44,45,4,0,1.31111
44,45,5,0,1.31111
44,45,6,0,1.31111
44,45,7,0,1.31111
44,45,8,0,1.31111
44,45,9,0,1.31111
44,45,10,0,1.31111
44,45,11,0,1.31111
44,45,12,0,1.31111
44,45,13,0,1.31111
44,45,14,0,1.31111
44,45,15,0,1.31111
44,45,16,0,1.31111
44,45,17,0,1.31111
44,45,18,0,1.31111
44,45,19,0,1.31111
44,45,20,0,1.31111
44,45,21,0,1.31111
44,45,22,0,1.31111
44,45,23,0,1.31111
44,45,24,0,1.31111
44,45,25,0,1.31111
44,45,26,0,1.31111
44,45,27,0,1.31111
44,45,28,0,1.31111
44,45,29,0,1.31111
44,45,30,0,1.31111
44,45,31,0,1.31111
44,45,32,0,1.31111
44,45,33,0,1.31111
44,45,34,0,1.31111
44,45,35,0,1.31111
44,45,36,0,1.31111
44,45,37,0,1.31111
44,45,38,0,1.31111
44,45,39,28,1.31111
44,45,40,31,1.31111
44,45,41,0,1.31111
44,45,42,0,1.31111
44,45,43,0,1.31111
44,45,44,0,1.31111
44,45,45,0,1.31111
44,45,46,0,1.31111
44,45,47,0,1.31111
44,45,48,0,1.31111
44,45,49,0,1.31111
44,45,50,0,1.31111
44,45,51,0,1.31111
44,45,52,0,1.31111
44,45,53,0,1.31111
44,45,54,0,1.31111
44,45,55,0,1.31111
44,45,56,0,1.31111
44,45,57,0,1.31111
44,45,58,0,1.31111
44,45,59,0,1.31111
44,45,60,0,1.31111
44,45,61,0,1.31111
44,45,62,0,1.31111
44,45,63,0,1.31111
44,46,0,0,1.30435
44,46,1,0,1.30435
44,46,2,0,1.30435
44,46,3,0,1.30435
44,46,4,0,1.30435
44,46,5,0,1.30435
44,46,6,0,1.30435
44,46,7,0,1.30435
44,46,8,0,1.30435
44,46,9,0,1.30435
44,46,10,0,1.30435
44,46,11,0,1.30435
44,46,12,0,1.30435
44,46,13,0,1.30435
44,46,14,0,1.30435
44,46,15,0,1.30435
44,46,16,0,1.30435
44,46,17,0,1.30435
44,46,18,0,1.30435
44,46,19,0,1.30435
44,46,20,0,1.30435
44,46,21,0,1.30435
44,46,22,0,1.30435
44,46,23,0,1.30435
44,46,24,0,1.30435
44,46,25,0,1.30435
44,46,26,0,1.30435
44,46,27,0,1.30435
44,46,28,0,1.30435
44,46,29,0,1.30435
44,46,30,0,1.30435
44,46,31,0,1.30435
44,46,32,0,1.30435
44,46,33,0,1.30435
44,46,34,0,1.30435
44,46,35,0,1.30435
44,46,36,0,1.30435
44,46,37,0,1.30435
44,46,38,0,1.30435
44,46,39,29,1.30435
44,46,40,31,1.30435
44,46,41,0,1.30435
44,46,42,0,1.30435
44,46,43,0,1.30435
44,46,44,0,1.30435
44,46,45,0,1.30435
44,46,46,0,1.30435
44,46,47,0,1.30435
44,46,48,0,1.30435
44,46,49,0,1.30435
44,46,50,0,1.30435
44,46,51,0,1.30435
44,46,52,0,1.30435
44,46,53,0,1.30435
44,46,54,0,1.30435
44,46,55,0,1.30435
44,46,56,0,1.30435
44,46,57,0,1.30435
44,46,58,0,1.30435
44,46,59,0,1.30435
44,46,60,0,1.30435
44,46,61,0,1.30435
44,46,62,0,1.30435
44,46,63,0,1.30435
44,47,0,0,1.34043
44,47,1,0,1.34043
44,47,2,0,1.34043
44,47,3,0,1.34043
44,47,4,0,1.34043
44,47,5,0,1.34043
44,47,6,0,1.34043
44,47,7,0,1.34043
44,47,8,0,1.34043
44,47,9,0,1.34043
44,47,10,0,1.34043
44,47,11,0,1.34043
44,47,12,0,1.34043
44,47,13,0,1.34043
44,47,14,0,1.34043
44,47,15,0,1.34043
44,47,16,0,1.34043
44,47,17,0,1.34043
44,47,18,0,1.34043
44,47,19,0,1.34043
44,47,20,0,1.34043
44,47,21,0,1.34043
44,47,22,0,1.34043
44,47,23,0,1.34043
44,47,24,0,1.34043
44,47,25,0,1.34043
44,47,26,0,1.34043
44,47,27,0,1.34043
44,47,28,0,1.34043
44,47,29,0,1.34043
44,47,30,0,1.34043
44,47,31,0,1.34043
44,47,32,0,1.34043
44,47,33,0,1.34043
44,47,34,0,1.34043
44,47,35,0,1.34043
44,47,36,0,1.34043
44,47,37,0,1.34043
44,47,38,0,1.34043
44,47,39,29,1.34043
44,47,40,34,1.34043
44,47,41,0,1.34043
44,47,42,0,1.34043
44,47,43,0,1.34043
44,47,44,0,1.34043
44,47,45,0,1.34043
44,47,46,0,1.34043
44,47,47,0,1.34043
44,47,48,0,1.34043
44,47,49,0,1.34043
44,47,50,0,1.34043
44,47,51,0,1.34043
44,47,52,0,1.34043
44,47,53,0,1.34043
44,47,54,0,1.34043
44,47,55,0,1.34043
44,47,56,0,1.34043
44,47,57,0,1.34043
44,47,58,0,1.34043
44,47,59,0,1.34043
44,47,60,0,1.34043
44,47,61,0,1.34043
44,47,62,0,1.34043
44,47,63,0,1.34043
44,48,0,0,1.33333
44,48,1,0,1.33333
44,48,2,0,1.33333
44,48,3,0,1.33333
44,48,4,0,1.33333
44,48,5,0,1.33333
44,48,6,0,1.33333
44,48,7,0,1.33333
44,48,8,0,1.33333
44,48,9,0,1.33333
44,48,10,0,1.33333
44,48,11,0,1.33333
44,48,12,0,1.33333
44,48,13,0,1.33333
44,48,14,0,1.33333
44,48,15,0,1.33333
44,48,16,0,1.33333
44,48,17,0,1.33333
44,48,18,0,1.33333
44,48,19,0,1.33333
44,48,20,0,1.33333
44,48,21,0,1.33333
44,48,22,0,1.33333
44,48,23,0,1.33333
44,48,24,0,1.33333
44,48,25,0,1.33333
44,48,26,0,1.33333
44,48,27,0,1.33333
44,48,28,0,1.33333
44,48,29,0,1.33333
44,48,30,0,1.33333
44,48,31,0,1.33333
44,48,32,0,1.33333
44,48,33,0,1.33333
44,48,34,0,1.33333
44,48,35,0,1.33333
44,48,36,0,1.33333
44,48,37,0,1.33333
44,48,38,0,1.33333
44,48,39,29,1.33333
44,48,40,35,1.33333
44,48,41,0,1.33333
44,48,42,0,1.33333
44,48,43,0,1.33333
44,48,44,0,1.33333
44,48,45,0,1.33333
44,48,46,0,1.33333
44,48,47,0,1.33333
44,48,48,0,1.33333
44,48,49,0,1.33333
44,48,50,0,1.33333
44,48,51,0,1.33333
44,48,52,0,1.33333
44,48,53,0,1.33333
44,48,54,0,1.33333
44,48,55,0,1.33333
44,48,56,0,1.33333
44,48,57,0,1.33333
44,48,58,0,1.33333
44,48,59,0,1.33333
44,48,60,0,1.33333
44,48,61,0,1.33333
44,48,62,0,1.33333
44,48,63,0,1.33333
44,49,0,0,1.32653
44,49,1,0,1.32653
44,49,2,0,1.32653
44,49,3,0,1.32653
44,49,4,0,1.32653
44,49,5,0,1.32653
44,49,6,0,1.32653
44,49,7,0,1.32653
44,49,8,0,1.32653
44,49,9,0,1.32653
44,49,10,0,1.32653
44,49,11,0,1.32653
44,49,12,0,1.32653
44,49,13,0,1.32653
44,49,14,0,1.32653
44,49,15,0,1.32653
44,49,16,0,1.32653
44,49,17,0,1.32653
44,49,18,0,1.32653
44,49,19,0,1.32653
44,49,20,0,1.32653
44,49,21,0,1.32653
44,49,22,0,1.32653
44,49,23,0,1.32653
44,49,24,0,1.32653
44,49,25,0,1.32653
44,49,26,0,1.32653
44,49,27,0,1.32653
44,49,28,0,1.32653
44,49,29,0,1.32653
44,49,30,0,1.32653
44,49,31,0,1.32653
44,49,32,0,1.32653
44,49,33,0,1.32653
44,49,34,0,1.32653
44,49,35,0,1.32653
44,49,36,0,1.32653
44,49,37,0,1.32653
44,49,38,0,1.32653
44,49,39,29,1.32653
44,49,40,36,1.32653
44,49,41,0,1.32653
44,49,42,0,1.32653
44,49,43,0,1.32653
44,49,44,0,1.32653
44,49,45,0,1.32653
44,49,46,0,1.32653
44,49,47,0,1.32653
44,49,48,0,1.32653
44,49,49,0,1.32653
44,49,50,0,1.32653
44,49,51,0,1.32653
44,49,52,0,1.32653
44,49,53,0,1.32653
44,49,54,0,1.32653
44,49,55,0,1.32653
44,49,56,0,1.32653
44,49,57,0,1.32653
44,49,58,0,1.32653
44,49,59,0,1.32653
44,49,60,0,1.32653
44,49,61,0,1.32653
44,49,62,0,1.32653
44,49,63,0,1.32653
44,50,0,0,1.32
44,50,1,0,1.32
44,50,2,0,1.32
44,50,3,0,1.32
44,50,4,0,1.32
44,50,5,0,1.32
44,50,6,0,1.32
44,50,7,0,1.32
44,50,8,0,1.32
44,50,9,0,1.32
44,50,10,0,1.32
44,50,11,0,1.32
44,50,12,0,1.32
44,50,13,0,1.32
44,50,14,0,1.32
44,50,15,0,1.32
44,50,16,0,1.32
44,50,17,0,1.32
44,50,18,0,1.32
44,50,19,0,1.32
44,50,20,0,1.32
44,50,21,0,1.32
44,50,22,0,1.32
44,50,23,0,1.32
44,50,24,0,1.32
44,50,25,0,1.32
44,50,26,0,1.32
44,50,27,0,1.32
44,50,28,0,1.32
44,50,29,0,1.32
44,50,30,0,1.32
44,50,31,0,1.32
44,50,32,0,1.32
44,50,33,0,1.32
44,50,34,0,1.32
44,50,35,0,1.32
44,50,36,0,1.32
44,50,37,0,1.32
44,50,38,0,1.32
44,50,39,30,1.32
44,50,40,36,1.32
44,50,41,0,1.32
44,50,42,0,1.32
44,50,43,0,1.32
44,50,44,0,1.32
44,50,45,0,1.32
44,50,46,0,1.32
44,50,47,0,1.32
44,50,48,0,1.32
44,50,49,0,1.32
44,50,50,0,1.32
44,50,51,0,1.32
44,50,52,0,1.32
44,50,53,0,1.32
44,50,54,0,1.32
44,50,55,0,1.32
44,50,56,0,1.32
44,50,57,0,1.32
44,50,58,0,1.32
44,50,59,0,1.32
44,50,60,0,1.32
44,50,61,0,1.32
44,50,62,0,1.32
44,50,63,0,1.32
44,51,0,0,1.33333
44,51,1,0,1.33333
44,51,2,0,1.33333
44,51,3,0,1.33333
44,51,4,0,1.33333
44,51,5,0,1.33333
44,51,6,0,1.33333
44,51,7,0,1.33333
44,51,8,0,1.33333
44,51,9,0,1.33333
44,51,10,0,1.33333
44,51,11,0,1.33333
44,51,12,0,1.33333
44,51,13,0,1.33333
44,51,14,0,1.33333
44,51,15,0,1.33333
44,51,16,0,1.33333
44,51,17,0,1.33333
44,51,18,0,1.33333
44,51,19,0,1.33333
44,51,20,0,1.33333
44,51,21,0,1.33333
44,51,22,0,1.33333
44,51,23,0,1.33333
44,51,24,0,1.33333
44,51,25,0,1.33333
44,51,26,0,1.33333
44,51,27,0,1.33333
44,51,28,0,1.33333
44,51,29,0,1.33333
44,51,30,0,1.33333
44,51,31,0,1.33333
44,51,32,0,1.33333
44,51,33,0,1.33333
44,51,34,0,1.33333
44,51,35,0,1.33333
44,51,36,0,1.33333
44,51,37,0,1.33333
44,51,38,0,1.33333
44,51,39,30,1.33333
44,51,40,38,1.33333
44,51,41,0,1.33333
44,51,42,0,1.33333
44,51,43,0,1.33333
44,51,44,0,1.33333
44,51,45,0,1.33333
44,51,46,0,1.33333
44,51,47,0,1.33333
44,51,48,0,1.33333
44,51,49,0,1.33333
44,51,50,0,1.33333
44,51,51,0,1.33333
44,51,52,0,1.33333
44,51,53,0,1.33333
44,51,54,0,1.33333
44,51,55,0,1.33333
44,51,56,0,1.33333
44,51,57,0,1.33333
44,51,58,0,1.33333
44,51,59,0,1.33333
44,51,60,0,1.33333
44,51,61,0,1.33333
44,51,62,0,1.33333
44,51,63,0,1.33333
44,52,0,0,1.32692
44,52,1,0,1.32692
44,52,2,0,1.32692
44,52,3,0,1.32692
44,52,4,0,1.32692
44,52,5,0,1.32692
44,52,6,0,1.32692
44,52,7,0,1.32692
44,52,8,0,1.32692
44,52,9,0,1.32692
44,52,10,0,1.32692
44,52,11,0,1.32692
44,52,12,0,1.32692
44,52,13,0,1.32692
44,52,14,0,1.32692
44,52,15,0,1.32692
44,52,16,0,1.32692
44,52,17,0,1.32692
44,52,18,0,1.32692
44,52,19,0,1.32692
44,52,20,0,1.32692
44,52,21,0,1.32692
44,52,22,0,1.32692
44,52,23,0,1.32692
44,52,24,0,1.32692
44,52,25,0,1.32692
44,52,26,0,1.32692
44,52,27,0,1.32692
44,52,28,0,1.32692
44,52,29,0,1.32692
44,52,30,0,1.32692
44,52,31,0,1.32692
44,52,32,0,1.32692
44,52,33,0,1.32692
44,52,34,0,1.32692
44,52,35,0,1.32692
44,52,36,0,1.32692
44,52,37,0,1.32692
44,52,38,0,1.32692
44,52,39,30,1.32692
44,52,40,39,1.32692
44,52,41,0,1.32692
44,52,42,0,1.32692
44,52,43,0,1.32692
44,52,44,0,1.32692
44,52,45,0,1.32692
44,52,46,0,1.32692
44,52,47,0,1.32692
44,52,48,0,1.32692
44,52,49,0,1.32692
44,52,50,0,1.32692
44,52,51,0,1.32692
44,52,52,0,1.32692
44,52,53,0,1.32692
44,52,54,0,1.32692
44,52,55,0,1.32692
44,52,56,0,1.32692
44,52,57,0,1.32692
44,52,58,0,1.32692
44,52,59,0,1.32692
44,52,60,0,1.32692
44,52,61,0,1.32692
44,52,62,0,1.32692
44,52,63,0,1.32692
44,53,0,0,1.32075
44,53,1,0,1.32075
44,53,2,0,1.32075
44,53,3,0,1.32075
44,53,4,0,1.32075
44,53,5,0,1.32075
44,53,6,0,1.32075
44,53,7,0,1.32075
44,53,8,0,1.32075
44,53,9,0,1.32075
44,53,10,0,1.32075
44,53,11,0,1.32075
44,53,12,0,1.32075
44,53,13,0,1.32075
44,53,14,0,1.32075
44,53,15,0,1.32075
44,53,16,0,1.32075
44,53,17,0,1.32075
44,53,18,0,1.32075
44,53,19,0,1.32075
44,53,20,0,1.32075
44,53,21,0,1.32075
44,53,22,0,1.32075
44,53,23,0,1.32075
44,53,24,0,1.32075
44,53,25,0,1.32075
44,53,26,0,1.32075
44,53,27,0,1.32075
44,53,28,0,1.32075
44,53,29,0,1.32075
44,53,30,0,1.32075
44,53,31,0,1.32075
44,53,32,0,1.32075
44,53,33,0,1.32075
44,53,34,0,1.32075
44,53,35,0,1.32075
44,53,36,0,1.32075
44,53,37,0,1.32075
44,53,38,0,1.32075
44,53,39,30,1.32075
44,53,40,40,1.32075
44,53,41,0,1.32075
44,53,42,0,1.32075
44,53,43,0,1.32075
44,53,44,0,1.32075
44,53,45,0,1.32075
44,53,46,0,1.32075
44,53,47,0,1.32075
44,53,48,0,1.32075
44,53,49,0,1.32075
44,53,50,0,1.32075
44,53,51,0,1.32075
44,53,52,0,1.32075
44,53,53,0,1.32075
44,53,54,0,1.32075
44,53,55,0,1.32075
44,53,56,0,1.32075
44,53,57,0,1.32075
44,53,58,0,1.32075
44,53,59,0,1.32075
44,53,60,0,1.32075
44,53,61,0,1.32075
44,53,62,0,1.32075
44,53,63,0,1.32075
44,54,0,0,1.31481
44,54,1,0,1.31481
44,54,2,0,1.31481
44,54,3,0,1.31481
44,54,4,0,1.31481
44,54,5,0,1.31481
44,54,6,0,1.31481
44,54,7,0,1.31481
44,54,8,0,1.31481
44,54,9,0,1.31481
44,54,10,0,1.31481
44,54,11,0,1.31481
44,54,12,0,1.31481
44,54,13,0,1.31481
44,54,14,0,1.31481
44,54,15,0,1.31481
44,54,16,0,1.31481
44,54,17,0,1.31481
44,54,18,0,1.31481
44,54,19,0,1.31481
44,54,20,0,1.31481
44,54,21,0,1.31481
44,54,22,0,1.31481
44,54,23,0,1.31481
44,54,24,0,1.31481
44,54,25,0,1.31481
44,54,26,0,1.31481
44,54,27,0,1.31481
44,54,28,0,1.31481
44,54,29,0,1.31481
44,54,30,0,1.31481
44,54,31,0,1.31481
44,54,32,0,1.31481
44,54,33,0,1.31481
44,54,34,0,1.31481
44,54,35,0,1.31481
44,54,36,0,1.31481
44,54,37,0,1.31481
44,54,38,0,1.31481
44,54,39,30,1.31481
44,54,40,41,1.31481
44,54,41,0,1.31481
44,54,42,0,1.31481
44,54,43,0,1.31481
44,54,44,0,1.31481
44,54,45,0,1.31481
44,54,46,0,1.31481
44,54,47,0,1.31481
44,54,48,0,1.31481
44,54,49,0,1.31481
44,54,50,0,1.31481
44,54,51,0,1.31481
44,54,52,0,1.31481
44,54,53,0,1.31481
44,54,54,0,1.31481
44,54,55,0,1.31481
44,54,56,0,1.31481
44,54,57,0,1.31481
44,54,58,0,1.31481
44,54,59,0,1.31481
44,54,60,0,1.31481
44,54,61,0,1.31481
44,54,62,0,1.31481
44,54,63,0,1.31481
44,55,0,0,1.30909
44,55,1,0,1.30909
44,55,2,0,1.30909
44,55,3,0,1.30909
44,55,4,0,1.30909
44,55,5,0,1.30909
44,55,6,0,1.30909
44,55,7,0,1.30909
44,55,8,0,1.30909
44,55,9,0,1.30909
44,55,10,0,1.30909
44,55,11,0,1.30909
44,55,12,0,1.30909
44,55,13,0,1.30909
44,55,14,0,1.30909
44,55,15,0,1.30909
44,55,16,0,1.30909
44,55,17,0,1.30909
44,55,18,0,1.30909
44,55,19,0,1.30909
44,55,20,0,1.30909
44,55,21,0,1.30909
44,55,22,0,1.30909
44,55,23,0,1.30909
44,55,24,0,1.30909
44,55,25,0,1.30909
44,55,26,0,1.30909
44,55,27,0,1.30909
44,55,28,0,1.30909
44,55,29,0,1.30909
44,55,30,0,1.30909
44,55,31,0,1.30909
44,55,32,0,1.30909
44,55,33,0,1.30909
44,55,34,0,1.30909
44,55,35,0,1.30909
44,55,36,0,1.30909
44,55,37,0,1.30909
44,55,38,0,1.30909
44,55,39,30,1.30909
44,55,40,42,1.30909
44,55,41,0,1.30909
44,55,42,0,1.30909
44,55,43,0,1.30909
44,55,44,0,1.30909
44,55,45,0,1.30909
44,55,46,0,1.30909
44,55,47,0,1.30909
44,55,48,0,1.30909
44,55,49,0,1.30909
44,55,50,0,1.30909
44,55,51,0,1.30909
44,55,52,0,1.30909
44,55,53,0,1.30909
44,55,54,0,1.30909
44,55,55,0,1.30909
44,55,56,0,1.30909
44,55,57,0,1.30909
44,55,58,0,1.30909
44,55,59,0,1.30909
44,55,60,0,1.30909
44,55,61,0,1.30909
44,55,62,0,1.30909
44,55,63,0,1.30909
44,56,0,0,1.30357
44,56,1,0,1.30357
44,56,2,0,1.30357
44,56,3,0,1.30357
44,56,4,0,1.30357
44,56,5,0,1.30357
44,56,6,0,1.30357
44,56,7,0,1.30357
44,56,8,0,1.30357
44,56,9,0,1.30357
44,56,10,0,1.30357
44,56,11,0,1.30357
44,56,12,0,1.30357
44,56,13,0,1.30357
44,56,14,0,1.30357
44,56,15,0,1.30357
44,56,16,0,1.30357
44,56,17,0,1.30357
44,56,18,0,1.30357
44,56,19,0,1.30357
44,56,20,0,1.30357
44,56,21,0,1.30357
44,56,22,0,1.30357
44,56,23,0,1.30357
44,56,24,0,1.30357
44,56,25,0,1.30357
44,56,26,0,1.30357
44,56,27,0,1.30357
44,56,28,0,1.30357
44,56,29,0,1.30357
44,56,30,0,1.30357
44,56,31,0,1.30357
44,56,32,0,1.30357
44,56,33,0,1.30357
44,56,34,0,1.30357
44,56,35,0,1.30357
44,56,36,0,1.30357
44,56,37,0,1.30357
44,56,38,0,1.30357
44,56,39,30,1.30357
44,56,40,43,1.30357
44,56,41,0,1.30357
44,56,42,0,1.30357
44,56,43,0,1.30357
44,56,44,0,1.30357
44,56,45,0,1.30357
44,56,46,0,1.30357
44,56,47,0,1.30357
44,56,48,0,1.30357
44,56,49,0,1.30357
44,56,50,0,1.30357
44,56,51,0,1.30357
44,56,52,0,1.30357
44,56,53,0,1.30357
44,56,54,0,1.30357
44,56,55,0,1.30357
44,56,56,0,1.30357
44,56,57,0,1.30357
44,56,58,0,1.30357
44,56,59,0,1.30357
44,56,60,0,1.30357
44,56,61,0,1.30357
44,56,62,0,1.30357
44,56,63,0,1.30357
44,57,0,0,1.31579
44,57,1,0,1.31579
44,57,2,0,1.31579
44,57,3,0,1.31579
44,57,4,0,1.31579
44,57,5,0,1.31579
44,57,6,0,1.31579
44,57,7,0,1.31579
44,57,8,0,1.31579
44,57,9,0,1.31579
44,57,10,0,1.31579
44,57,11,0,1.31579
44,57,12,0,1.31579
44,57,13,0,1.31579
44,57,14,0,1.31579
44,57,15,0,1.31579
44,57,16,0,1.31579
44,57,17,0,1.31579
44,57,18,0,1.31579
44,57,19,0,1.31579
44,57,20,0,1.31579
44,57,21,0,1.31579
44,57,22,0,1.31579
44,57,23,0,1.31579
44,57,24,0,1.31579
44,57,25,0,1.31579
44,57,26,0,1.31579
44,57,27,0,1.31579
44,57,28,0,1.31579
44,57,29,0,1.31579
44,57,30,0,1.31579
44,57,31,0,1.31579
44,57,32,0,1.31579
44,57,33,0,1.31579
44,57,34,0,1.31579
44,57,35,0,1.31579
44,57,36,0,1.31579
44,57,37,0,1.31579
44,57,38,0,1.31579
44,57,39,30,1.31579
44,57,40,45,1.31579
44,57,41,0,1.31579
44,57,42,0,1.31579
44,57,43,0,1.31579
44,57,44,0,1.31579
44,57,45,0,1.31579
44,57,46,0,1.31579
44,57,47,0,1.31579
44,57,48,0,1.31579
44,57,49,0,1.31579
44,57,50,0,1.31579
44,57,51,0,1.31579
44,57,52,0,1.31579
44,57,53,0,1.31579
44,57,54,0,1.31579
44,57,55,0,1.31579
44,57,56,0,1.31579
44,57,57,0,1.31579
44,57,58,0,1.31579
44,57,59,0,1.31579
44,57,60,0,1.31579
44,57,61,0,1.31579
44,57,62,0,1.31579
44,57,63,0,1.31579
44,58,0,0,1.31034
44,58,1,0,1.31034
44,58,2,0,1.31034
44,58,3,0,1.31034
44,58,4,0,1.31034
44,58,5,0,1.31034
44,58,6,0,1.31034
44,58,7,0,1.31034
44,58,8,0,1.31034
44,58,9,0,1.31034
44,58,10,0,1.31034
44,58,11,0,1.31034
44,58,12,0,1.31034
44,58,13,0,1.31034
44,58,14,0,1.31034
44,58,15,0,1.31034
44,58,16,0,1.31034
44,58,17,0,1.31034
44,58,18,0,1.31034
44,58,19,0,1.31034
44,58,20,0,1.31034
44,58,21,0,1.31034
44,58,22,0,1.31034
44,58,23,0,1.31034
44,58,24,0,1.31034
44,58,25,0,1.31034
44,58,26,0,1.31034
44,58,27,0,1.31034
44,58,28,0,1.31034
44,58,29,0,1.31034
44,58,30,0,1.31034
44,58,31,0,1.31034
44,58,32,0,1.31034
44,58,33,0,1.31034
44,58,34,0,1.31034
44,58,35,0,1.31034
44,58,36,0,1.31034
44,58,37,0,1.31034
44,58,38,0,1.31034
44,58,39,31,1.31034
44,58,40,45,1.31034
44,58,41,0,1.31034
44,58,42,0,1.31034
44,58,43,0,1.31034
44,58,44,0,1.31034
44,58,45,0,1.31034
44,58,46,0,1.31034
44,58,47,0,1.31034
44,58,48,0,1.31034
44,58,49,0,1.31034
44,58,50,0,1.31034
44,58,51,0,1.31034
44,58,52,0,1.31034
44,58,53,0,1.31034
44,58,54,0,1.31034
44,58,55,0,1.31034
44,58,56,0,1.31034
44,58,57,0,1.31034
44,58,58,0,1.31034
44,58,59,0,1.31034
44,58,60,0,1.31034
44,58,61,0,1.31034
44,58,62,0,1.31034
44,58,63,0,1.31034
44,59,0,0,1.32203
44,59,1,0,1.32203
44,59,2,0,1.32203
44,59,3,0,1.32203
44,59,4,0,1.32203
44,59,5,0,1.32203
44,59,6,0,1.32203
44,59,7,0,1.32203
44,59,8,0,1.32203
44,59,9,0,1.32203
44,59,10,0,1.32203
44,59,11,0,1.32203
44,59,12,0,1.32203
44,59,13,0,1.32203
44,59,14,0,1.32203
44,59,15,0,1.32203
44,59,16,0,1.32203
44,59,17,0,1.32203
44,59,18,0,1.32203
44,59,19,0,1.32203
44,59,20,0,1.32203
44,59,21,0,1.32203
44,59,22,0,1.32203
44,59,23,0,1.32203
44,59,24,0,1.32203
44,59,25,0,1.32203
44,59,26,0,1.32203
44,59,27,0,1.32203
44,59,28,0,1.32203
44,59,29,0,1.32203
44,59,30,0,1.32203
44,59,31,0,1.32203
44,59,32,0,1.32203
44,59,33,0,1.32203
44,59,34,0,1.32203
44,59,35,0,1.32203
44,59,36,0,1.32203
44,59,37,0,1.32203
44,59,38,0,1.32203
44,59,39,31,1.32203
44,59,40,47,1.32203
44,59,41,0,1.32203
44,59,42,0,1.32203
44,59,43,0,1.32203
44,59,44,0,1.32203
44,59,45,0,1.32203
44,59,46,0,1.32203
44,59,47,0,1.32203
44,59,48,0,1.32203
44,59,49,0,1.32203
44,59,50,0,1.32203
44,59,51,0,1.32203
44,59,52,0,1.32203
44,59,53,0,1.32203
44,59,54,0,1.32203
44,59,55,0,1.32203
44,59,56,0,1.32203
44,59,57,0,1.32203
44,59,58,0,1.32203
44,59,59,0,1.32203
44,59,60,0,1.32203
44,59,61,0,1.32203
44,59,62,0,1.32203
44,59,63,0,1.32203
44,60,0,0,1.31667
44,60,1,0,1.31667
44,60,2,0,1.31667
44,60,3,0,1.31667
44,60,4,0,1.31667
44,60,5,0,1.31667
44,60,6,0,1.31667
44,60,7,0,1.31667
44,60,8,0,1.31667
44,60,9,0,1.31667
44,60,10,0,1.31667
44,60,11,0,1.31667
44,60,12,0,1.31667
44,60,13,0,1.31667
44,60,14,0,1.31667
44,60,15,0,1.31667
44,60,16,0,1.31667
44,60,17,0,1.31667
44,60,18,0,1.31667
44,60,19,0,1.31667
44,60,20,0,1.31667
44,60,21,0,1.31667
44,60,22,0,1.31667
44,60,23,0,1.31667
44,60,24,0,1.31667
44,60,25,0,1.31667
44,60,26,0,1.31667
44,60,27,0,1.31667
44,60,28,0,1.31667
44,60,29,0,1.31667
44,60,30,0,1.31667
44,60,31,0,1.31667
44,60,32,0,1.31667
44,60,33,0,1.31667
44,60,34,0,1.31667
44,60,35,0,1.31667
44,60,36,0,1.31667
44,60,37,0,1.31667
44,60,38,0,1.31667
44,60,39,32,1.31667
44,60,40,47,1.31667
44,60,41,0,1.31667
44,60,42,0,1.31667
44,60,43,0,1.31667
44,60,44,0,1.31667
44,60,45,0,1.31667
44,60,46,0,1.31667
44,60,47,0,1.31667
44,60,48,0,1.31667
44,60,49,0,1.31667
44,60,50,0,1.31667
44,60,51,0,1.31667
44,60,52,0,1.31667
44,60,53,0,1.31667
44,60,54,0,1.31667
44,60,55,0,1.31667
44,60,56,0,1.31667
44,60,57,0,1.31667
44,60,58,0,1.31667
44,60,59,0,1.31667
44,60,60,0,1.31667
44,60,61,0,1.31667
44,60,62,0,1.31667
44,60,63,0,1.31667
44,61,0,0,1.32787
44,61,1,0,1.32787
44,61,2,0,1.32787
44,61,3,0,1.32787
44,61,4,0,1.32787
44,61,5,0,1.32787
44,61,6,0,1.32787
44,61,7,0,1.32787
44,61,8,0,1.32787
44,61,9,0,1.32787
44,61,10,0,1.32787
44,61,11,0,1.32787
44,61,12,0,1.32787
44,61,13,0,1.32787
44,61,14,0,1.32787
44,61,15,0,1.32787
44,61,16,0,1.32787
44,61,17,0,1.32787
44,61,18,0,1.32787
44,61,19,0,1.32787
44,61,20,0,1.32787
44,61,21,0,1.32787
44,61,22,0,1.32787
44,61,23,0,1.32787
44,61,24,0,1.32787
44,61,25,0,1.32787
44,61,26,0,1.32787
44,61,27,0,1.32787
44,61,28,0,1.32787
44,61,29,0,1.32787
44,61,30,0,1.32787
44,61,31,0,1.32787
44,61,32,0,1.32787
44,61,33,0,1.32787
44,61,34,0,1.32787
44,61,35,0,1.32787
44,61,36,0,1.32787
44,61,37,0,1.32787
44,61,38,0,1.32787
44,61,39,32,1.32787
44,61,40,49,1.32787
44,61,41,0,1.32787
44,61,42,0,1.32787
44,61,43,0,1.32787
44,61,44,0,1.32787
44,61,45,0,1.32787
44,61,46,0,1.32787
44,61,47,0,1.32787
44,61,48,0,1.32787
44,61,49,0,1.32787
44,61,50,0,1.32787
44,61,51,0,1.32787
44,61,52,0,1.32787
44,61,53,0,1.32787
44,61,54,0,1.32787
44,61,55,0,1.32787
44,61,56,0,1.32787
44,61,57,0,1.32787
44,61,58,0,1.32787
44,61,59,0,1.32787
44,61,60,0,1.32787
44,61,61,0,1.32787
44,61,62,0,1.32787
44,61,63,0,1.32787
44,62,0,0,1.32258
44,62,1,0,1.32258
44,62,2,0,1.32258
44,62,3,0,1.32258
44,62,4,0,1.32258
44,62,5,0,1.32258
44,62,6,0,1.32258
44,62,7,0,1.32258
44,62,8,0,1.32258
44,62,9,0,1.32258
44,62,10,0,1.32258
44,62,11,0,1.32258
44,62,12,0,1.32258
44,62,13,0,1.32258
44,62,14,0,1.32258
44,62,15,0,1.32258
44,62,16,0,1.32258
44,62,17,0,1.32258
44,62,18,0,1.32258
44,62,19,0,1.32258
44,62,20,0,1.32258
44,62,21,0,1.32258
44,62,22,0,1.32258
44,62,23,0,1.32258
44,62,24,0,1.32258
44,62,25,0,1.32258
44,62,26,0,1.32258
44,62,27,0,1.32258
44,62,28,0,1.32258
44,62,29,0,1.32258
44,62,30,0,1.32258
44,62,31,0,1.32258
44,62,32,0,1.32258
44,62,33,0,1.32258
44,62,34,0,1.32258
44,62,35,0,1.32258
44,62,36,0,1.32258
44,62,37,0,1.32258
44,62,38,0,1.32258
44,62,39,33,1.32258
44,62,40,49,1.32258
44,62,41,0,1.32258
44,62,42,0,1.32258
44,62,43,0,1.32258
44,62,44,0,1.32258
44,62,45,0,1.32258
44,62,46,0,1.32258
44,62,47,0,1.32258
44,62,48,0,1.32258
44,62,49,0,1.32258
44,62,50,0,1.32258
44,62,51,0,1.32258
44,62,52,0,1.32258
44,62,53,0,1.32258
44,62,54,0,1.32258
44,62,55,0,1.32258
44,62,56,0,1.32258
44,62,57,0,1.32258
44,62,58,0,1.32258
44,62,59,0,1.32258
44,62,60,0,1.32258
44,62,61,0,1.32258
44,62,62,0,1.32258
44,62,63,0,1.32258
44,63,0,0,1.33333
44,63,1,0,1.33333
44,63,2,0,1.33333
44,63,3,0,1.33333
44,63,4,0,1.33333
44,63,5,0,1.33333
44,63,6,0,1.33333
44,63,7,0,1.33333
44,63,8,0,1.33333
44,63,9,0,1.33333
44,63,10,0,1.33333
44,63,11,0,1.33333
44,63,12,0,1.33333
44,63,13,0,1.33333
44,63,14,0,1.33333
44,63,15,0,1.33333
44,63,16,0,1.33333
44,63,17,0,1.33333
44,63,18,0,1.33333
44,63,19,0,1.33333
44,63,20,0,1.33333
44,63,21,0,1.33333
44,63,22,0,1.33333
44,63,23,0,1.33333
44,63,24,0,1.33333
44,63,25,0,1.33333
44,63,26,0,1.33333
44,63,27,0,1.33333
44,63,28,0,1.33333
44,63,29,0,1.33333
44,63,30,0,1.33333
44,63,31,0,1.33333
44,63,32,0,1.33333
44,63,33,0,1.33333
44,63,34,0,1.33333
44,63,35,0,1.33333
44,63,36,0,1.33333
44,63,37,0,1.33333
44,63,38,0,1.33333
44,63,39,35,1.33333
44,63,40,49,1.33333
44,63,41,0,1.33333
44,63,42,0,1.33333
44,63,43,0,1.33333
44,63,44,0,1.33333
44,63,45,0,1.33333
44,63,46,0,1.33333
44,63,47,0,1.33333
44,63,48,0,1.33333
44,63,49,0,1.33333
44,63,50,0,1.33333
44,63,51,0,1.33333
44,63,52,0,1.33333
44,63,53,0,1.33333
44,63,54,0,1.33333
44,63,55,0,1.33333
44,63,56,0,1.33333
44,63,57,0,1.33333
44,63,58,0,1.33333
44,63,59,0,1.33333
44,63,60,0,1.33333
44,63,61,0,1.33333
44,63,62,0,1.33333
44,63,63,0,1.33333
44,64,0,0,1.32812
44,64,1,0,1.32812
44,64,2,0,1.32812
44,64,3,0,1.32812
44,64,4,0,1.32812
44,64,5,0,1.32812
44,64,6,0,1.32812
44,64,7,0,1.32812
44,64,8,0,1.32812
44,64,9,0,1.32812
44,64,10,0,1.32812
44,64,11,0,1.32812
44,64,12,0,1.32812
44,64,13,0,1.32812
44,64,14,0,1.32812
44,64,15,0,1.32812
44,64,16,0,1.32812
44,64,17,0,1.32812
44,64,18,0,1.32812
44,64,19,0,1.32812
44,64,20,0,1.32812
44,64,21,0,1.32812
44,64,22,0,1.32812
44,64,23,0,1.32812
44,64,24,0,1.32812
44,64,25,0,1.32812
44,64,26,0,1.32812
44,64,27,0,1.32812
44,64,28,0,1.32812
44,64,29,0,1.32812
44,64,30,0,1.32812
44,64,31,0,1.32812
44,64,32,0,1.32812
44,64,33,0,1.32812
44,64,34,0,1.32812
44,64,35,0,1.32812
44,64,36,0,1.32812
44,64,37,0,1.32812
44,64,38,0,1.32812
44,64,39,36,1.32812
44,64,40,49,1.32812
44,64,41,0,1.32812
44,64,42,0,1.32812
44,64,43,0,1.32812
44,64,44,0,1.32812
44,64,45,0,1.32812
44,64,46,0,1.32812
44,64,47,0,1.32812
44,64,48,0,1.32812
44,64,49,0,1.32812
44,64,50,0,1.32812
44,64,51,0,1.32812
44,64,52,0,1.32812
44,64,53,0,1.32812
44,64,54,0,1.32812
44,64,55,0,1.32812
44,64,56,0,1.32812
44,64,57,0,1.32812
44,64,58,0,1.32812
44,64,59,0,1.32812
44,64,60,0,1.32812
44,64,61,0,1.32812
44,64,62,0,1.32812
44,64,63,0,1.32812
44,65,0,0,1.33846
44,65,1,0,1.33846
44,65,2,0,1.33846
44,65,3,0,1.33846
44,65,4,0,1.33846
44,65,5,0,1.33846
44,65,6,0,1.33846
44,65,7,0,1.33846
44,65,8,0,1.33846
44,65,9,0,1.33846
44,65,10,0,1.33846
44,65,11,0,1.33846
44,65,12,0,1.33846
44,65,13,0,1.33846
44,65,14,0,1.33846
44,65,15,0,1.33846
44,65,16,0,1.33846
44,65,17,0,1.33846
44,65,18,0,1.33846
44,65,19,0,1.33846
44,65,20,0,1.33846
44,65,21,0,1.33846
44,65,22,0,1.33846
44,65,23,0,1.33846
44,65,24,0,1.33846
44,65,25,0,1.33846
44,65,26,0,1.33846
44,65,27,0,1.33846
44,65,28,0,1.33846
44,65,29,0,1.33846
44,65,30,0,1.33846
44,65,31,0,1.33846
44,65,32,0,1.33846
44,65,33,0,1.33846
44,65,34,0,1.33846
44,65,35,0,1.33846
44,65,36,0,1.33846
44,65,37,0,1.33846
44,65,38,0,1.33846
44,65,39,38,1.33846
44,65,40,49,1.33846
44,65,41,0,1.33846
44,65,42,0,1.33846
44,65,43,0,1.33846
44,65,44,0,1.33846
44,65,45,0,1.33846
44,65,46,0,1.33846
44,65,47,0,1.33846
44,65,48,0,1.33846
44,65,49,0,1.33846
44,65,50,0,1.33846
44,65,51,0,1.33846
44,65,52,0,1.33846
44,65,53,0,1.33846
44,65,54,0,1.33846
44,65,55,0,1.33846
44,65,56,0,1.33846
44,65,57,0,1.33846
44,65,58,0,1.33846
44,65,59,0,1.33846
44,65,60,0,1.33846
44,65,61,0,1.33846
44,65,62,0,1.33846
44,65,63,0,1.33846
44,66,0,0,1.34848
44,66,1,0,1.34848
44,66,2,0,1.34848
44,66,3,0,1.34848
44,66,4,0,1.34848
44,66,5,0,1.34848
44,66,6,0,1.34848
44,66,7,0,1.34848
44,66,8,0,1.34848
44,66,9,0,1.34848
44,66,10,0,1.34848
44,66,11,0,1.34848
44,66,12,0,1.34848
44,66,13,0,1.34848
44,66,14,0,1.34848
44,66,15,0,1.34848
44,66,16,0,1.34848
44,66,17,0,1.34848
44,66,18,0,1.34848
44,66,19,0,1.34848
44,66,20,0,1.34848
44,66,21,0,1.34848
44,66,22,0,1.34848
44,66,23,0,1.34848
44,66,24,0,1.34848
44,66,25,0,1.34848
44,66,26,0,1.34848
44,66,27,0,1.34848
44,66,28,0,1.34848
44,66,29,0,1.34848
44,66,30,0,1.34848
44,66,31,0,1.34848
44,66,32,0,1.34848
44,66,33,0,1.34848
44,66,34,0,1.34848
44,66,35,0,1.34848
44,66,36,0,1.34848
44,66,37,0,1.34848
44,66,38,0,1.34848
44,66,39,40,1.34848
44,66,40,49,1.34848
44,66,41,0,1.34848
44,66,42,0,1.34848
44,66,43,0,1.34848
44,66,44,0,1.34848
44,66,45,0,1.34848
44,66,46,0,1.34848
44,66,47,0,1.34848
44,66,48,0,1.34848
44,66,49,0,1.34848
44,66,50,0,1.34848
44,66,51,0,1.34848
44,66,52,0,1.34848
44,66,53,0,1.34848
44,66,54,0,1.34848
44,66,55,0,1.34848
44,66,56,0,1.34848
44,66,57,0,1.34848
44,66,58,0,1.34848
44,66,59,0,1.34848
44,66,60,0,1.34848
44,66,61,0,1.34848
44,66,62,0,1.34848
44,66,63,0,1.34848
44,67,0,0,1.34328
44,67,1,0,1.34328
44,67,2,0,1.34328
44,67,3,0,1.34328
44,67,4,0,1.34328
44,67,5,0,1.34328
44,67,6,0,1.34328
44,67,7,0,1.34328
44,67,8,0,1.34328
44,67,9,0,1.34328
44,67,10,0,1.34328
44,67,11,0,1.34328
44,67,12,0,1.34328
44,67,13,0,1.34328
44,67,14,0,1.34328
44,67,15,0,1.34328
44,67,16,0,1.34328
44,67,17,0,1.34328
44,67,18,0,1.34328
44,67,19,0,1.34328
44,67,20,0,1.34328
44,67,21,0,1.34328
44,67,22,0,1.34328
44,67,23,0,1.34328
44,67,24,0,1.34328
44,67,25,0,1.34328
44,67,26,0,1.34328
44,67,27,0,1.34328
44,67,28,0,1.34328
44,67,29,0,1.34328
44,67,30,0,1.34328
44,67,31,0,1.34328
44,67,32,0,1.34328
44,67,33,0,1.34328
44,67,34,0,1.34328
44,67,35,0,1.34328
44,67,36,0,1.34328
44,67,37,0,1.34328
44,67,38,0,1.34328
44,67,39,41,1.34328
44,67,40,49,1.34328
44,67,41,0,1.34328
44,67,42,0,1.34328
44,67,43,0,1.34328
44,67,44,0,1.34328
44,67,45,0,1.34328
44,67,46,0,1.34328
44,67,47,0,1.34328
44,67,48,0,1.34328
44,67,49,0,1.34328
44,67,50,0,1.34328
44,67,51,0,1.34328
44,67,52,0,1.34328
44,67,53,0,1.34328
44,67,54,0,1.34328
44,67,55,0,1.34328
44,67,56,0,1.34328
44,67,57,0,1.34328
44,67,58,0,1.34328
44,67,59,0,1.34328
44,67,60,0,1.34328
44,67,61,0,1.34328
44,67,62,0,1.34328
44,67,63,0,1.34328
44,68,0,0,1.35294
44,68,1,0,1.35294
44,68,2,0,1.35294
44,68,3,0,1.35294
44,68,4,0,1.35294
44,68,5,0,1.35294
44,68,6,0,1.35294
44,68,7,0,1.35294
44,68,8,0,1.35294
44,68,9,0,1.35294
44,68,10,0,1.35294
44,68,11,0,1.35294
44,68,12,0,1.35294
44,68,13,0,1.35294
44,68,14,0,1.35294
44,68,15,0,1.35294
44,68,16,0,1.35294
44,68,17,0,1.35294
44,68,18,0,1.35294
44,68,19,0,1.35294
44,68,20,0,1.35294
44,68,21,0,1.35294
44,68,22,0,1.35294
44,68,23,0,1.35294
44,68,24,0,1.35294
44,68,25,0,1.35294
44,68,26,0,1.35294
44,68,27,0,1.35294
44,68,28,0,1.35294
44,68,29,0,1.35294
44,68,30,0,1.35294
44,68,31,0,1.35294
44,68,32,0,1.35294
44,68,33,0,1.35294
44,68,34,0,1.35294
44,68,35,0,1.35294
44,68,36,0,1.35294
44,68,37,0,1.35294
44,68,38,0,1.35294
44,68,39,43,1.35294
44,68,40,49,1.35294
44,68,41,0,1.35294
44,68,42,0,1.35294
44,68,43,0,1.35294
44,68,44,0,1.35294
44,68,45,0,1.35294
44,68,46,0,1.35294
44,68,47,0,1.35294
44,68,48,0,1.35294
44,68,49,0,1.35294
44,68,50,0,1.35294
44,68,51,0,1.35294
44,68,52,0,1.35294
44,68,53,0,1.35294
44,68,54,0,1.35294
44,68,55,0,1.35294
44,68,56,0,1.35294
44,68,57,0,1.35294
44,68,58,0,1.35294
44,68,59,0,1.35294
44,68,60,0,1.35294
44,68,61,0,1.35294
44,68,62,0,1.35294
44,68,63,0,1.35294
44,69,0,0,1.34783
44,69,1,0,1.34783
44,69,2,0,1.34783
44,69,3,0,1.34783
44,69,4,0,1.34783
44,69,5,0,1.34783
44,69,6,0,1.34783
44,69,7,0,1.34783
44,69,8,0,1.34783
44,69,9,0,1.34783
44,69,10,0,1.34783
44,69,11,0,1.34783
44,69,12,0,1.34783
44,69,13,0,1.34783
44,69,14,0,1.34783
44,69,15,0,1.34783
44,69,16,0,1.34783
44,69,17,0,1.34783
44,69,18,0,1.34783
44,69,19,0,1.34783
44,69,20,0,1.34783
44,69,21,0,1.34783
44,69,22,0,1.34783
44,69,23,0,1.34783
44,69,24,0,1.34783
44,69,25,0,1.34783
44,69,26,0,1.34783
44,69,27,0,1.34783
44,69,28,0,1.34783
44,69,29,0,1.34783
44,69,30,0,1.34783
44,69,31,0,1.34783
44,69,32,0,1.34783
44,69,33,0,1.34783
44,69,34,0,1.34783
44,69,35,0,1.34783
44,69,36,0,1.34783
44,69,37,0,1.34783
44,69,38,0,1.34783
44,69,39,44,1.34783
44,69,40,49,1.34783
44,69,41,0,1.34783
44,69,42,0,1.34783
44,69,43,0,1.34783
44,69,44,0,1.34783
44,69,45,0,1.34783
44,69,46,0,1.34783
44,69,47,0,1.34783
44,69,48,0,1.34783
44,69,49,0,1.34783
44,69,50,0,1.34783
44,69,51,0,1.34783
44,69,52,0,1.34783
44,69,53,0,1.34783
44,69,54,0,1.34783
44,69,55,0,1.34783
44,69,56,0,1.34783
44,69,57,0,1.34783
44,69,58,0,1.34783
44,69,59,0,1.34783
44,69,60,0,1.34783
44,69,61,0,1.34783
44,69,62,0,1.34783
44,69,63,0,1.34783
44,70,0,0,1.34286
44,70,1,0,1.34286
44,70,2,0,1.34286
44,70,3,0,1.34286
44,70,4,0,1.34286
44,70,5,0,1.34286
44,70,6,0,1.34286
44,70,7,0,1.34286
44,70,8,0,1.34286
44,70,9,0,1.34286
44,70,10,0,1.34286
44,70,11,0,1.34286
44,70,12,0,1.34286
44,70,13,0,1.34286
44,70,14,0,1.34286
44,70,15,0,1.34286
44,70,16,0,1.34286
44,70,17,0,1.34286
44,70,18,0,1.34286
44,70,19,0,1.34286
44,70,20,0,1.34286
44,70,21,0,1.34286
44,70,22,0,1.34286
44,70,23,0,1.34286
44,70,24,0,1.34286
44,70,25,0,1.34286
44,70,26,0,1.34286
44,70,27,0,1.34286
44,70,28,0,1.34286
44,70,29,0,1.34286
44,70,30,0,1.34286
44,70,31,0,1.34286
44,70,32,0,1.34286
44,70,33,0,1.34286
44,70,34,0,1.34286
44,70,35,0,1.34286
44,70,36,0,1.34286
44,70,37,0,1.34286
44,70,38,0,1.34286
44,70,39,45,1.34286
44,70,40,49,1.34286
44,70,41,0,1.34286
44,70,42,0,1.34286
44,70,43,0,1.34286
44,70,44,0,1.34286
44,70,45,0,1.34286
44,70,46,0,1.34286
44,70,47,0,1.34286
44,70,48,0,1.34286
44,70,49,0,1.34286
44,70,50,0,1.34286
44,70,51,0,1.34286
44,70,52,0,1.34286
44,70,53,0,1.34286
44,70,54,0,1.34286
44,70,55,0,1.34286
44,70,56,0,1.34286
44,70,57,0,1.34286
44,70,58,0,1.34286
44,70,59,0,1.34286
44,70,60,0,1.34286
44,70,61,0,1.34286
44,70,62,0,1.34286
44,70,63,0,1.34286
44,71,0,0,1.33803
44,71,1,0,1.33803
44,71,2,0,1.33803
44,71,3,0,1.33803
44,71,4,0,1.33803
44,71,5,0,1.33803
44,71,6,0,1.33803
44,71,7,0,1.33803
44,71,8,0,1.33803
44,71,9,0,1.33803
44,71,10,0,1.33803
44,71,11,0,1.33803
44,71,12,0,1.33803
44,71,13,0,1.33803
44,71,14,0,1.33803
44,71,15,0,1.33803
44,71,16,0,1.33803
44,71,17,0,1.33803
44,71,18,0,1.33803
44,71,19,0,1.33803
44,71,20,0,1.33803
44,71,21,0,1.33803
44,71,22,0,1.33803
44,71,23,0,1.33803
44,71,24,0,1.33803
44,71,25,0,1.33803
44,71,26,0,1.33803
44,71,27,0,1.33803
44,71,28,0,1.33803
44,71,29,0,1.33803
44,71,30,0,1.33803
44,71,31,0,1.33803
44,71,32,0,1.33803
44,71,33,0,1.33803
44,71,34,0,1.33803
44,71,35,0,1.33803
44,71,36,0,1.33803
44,71,37,0,1.33803
44,71,38,0,1.33803
44,71,39,46,1.33803
44,71,40,49,1.33803
44,71,41,0,1.33803
44,71,42,0,1.33803
44,71,43,0,1.33803
44,71,44,0,1.33803
44,71,45,0,1.33803
44,71,46,0,1.33803
44,71,47,0,1.33803
44,71,48,0,1.33803
44,71,49,0,1.33803
44,71,50,0,1.33803
44,71,51,0,1.33803
44,71,52,0,1.33803
44,71,53,0,1.33803
44,71,54,0,1.33803
44,71,55,0,1.33803
44,71,56,0,1.33803
44,71,57,0,1.33803
44,71,58,0,1.33803
44,71,59,0,1.33803
44,71,60,0,1.33803
44,71,61,0,1.33803
44,71,62,0,1.33803
44,71,63,0,1.33803
44,72,0,0,1.34722
44,72,1,0,1.34722
44,72,2,0,1.34722
44,72,3,0,1.34722
44,72,4,0,1.34722
44,72,5,0,1.34722
44,72,6,0,1.34722
44,72,7,0,1.34722
44,72,8,0,1.34722
44,72,9,0,1.34722
44,72,10,0,1.34722
44,72,11,0,1.34722
44,72,12,0,1.34722
44,72,13,0,1.34722
44,72,14,0,1.34722
44,72,15,0,1.34722
44,72,16,0,1.34722
44,72,17,0,1.34722
44,72,18,0,1.34722
44,72,19,0,1.34722
44,72,20,0,1.34722
44,72,21,0,1.34722
44,72,22,0,1.34722
44,72,23,0,1.34722
44,72,24,0,1.34722
44,72,25,0,1.34722
44,72,26,0,1.34722
44,72,27,0,1.34722
44,72,28,0,1.34722
44,72,29,0,1.34722
44,72,30,0,1.34722
44,72,31,0,1.34722
44,72,32,0,1.34722
44,72,33,0,1.34722
44,72,34,0,1.34722
44,72,35,0,1.34722
44,72,36,0,1.34722
44,72,37,0,1.34722
44,72,38,0,1.34722
44,72,39,48,1.34722
44,72,40,49,1.34722
44,72,41,0,1.34722
44,72,42,0,1.34722
44,72,43,0,1.34722
44,72,44,0,1.34722
44,72,45,0,1.34722
44,72,46,0,1.34722
44,72,47,0,1.34722
44,72,48,0,1.34722
44,72,49,0,1.34722
44,72,50,0,1.34722
44,72,51,0,1.34722
44,72,52,0,1.34722
44,72,53,0,1.34722
44,72,54,0,1.34722
44,72,55,0,1.34722
44,72,56,0,1.34722
44,72,57,0,1.34722
44,72,58,0,1.34722
44,72,59,0,1.34722
44,72,60,0,1.34722
44,72,61,0,1.34722
44,72,62,0,1.34722
44,72,63,0,1.34722
44,73,0,0,1.34247
44,73,1,0,1.34247
44,73,2,0,1.34247
44,73,3,0,1.34247
44,73,4,0,1.34247
44,73,5,0,1.34247
44,73,6,0,1.34247
44,73,7,0,1.34247
44,73,8,0,1.34247
44,73,9,0,1.34247
44,73,10,0,1.34247
44,73,11,0,1.34247
44,73,12,0,1.34247
44,73,13,0,1.34247
44,73,14,0,1.34247
44,73,15,0,1.34247
44,73,16,0,1.34247
44,73,17,0,1.34247
44,73,18,0,1.34247
44,73,19,0,1.34247
44,73,20,0,1.34247
44,73,21,0,1.34247
44,73,22,0,1.34247
44,73,23,0,1.34247
44,73,24,0,1.34247
44,73,25,0,1.34247
44,73,26,0,1.34247
44,73,27,0,1.34247
44,73,28,0,1.34247
44,73,29,0,1.34247
44,73,30,0,1.34247
44,73,31,0,1.34247
44,73,32,0,1.34247
44,73,33,0,1.34247
44,73,34,0,1.34247
44,73,35,0,1.34247
44,73,36,0,1.34247
44,73,37,0,1.34247
44,73,38,0,1.34247
44,73,39,49,1.34247
44,73,40,49,1.34247
44,73,41,0,1.34247
44,73,42,0,1.34247
44,73,43,0,1.34247
44,73,44,0,1.34247
44,73,45,0,1.34247
44,73,46,0,1.34247
44,73,47,0,1.34247
44,73,48,0,1.34247
44,73,49,0,1.34247
44,73,50,0,1.34247
44,73,51,0,1.34247
44,73,52,0,1.34247
44,73,53,0,1.34247
44,73,54,0,1.34247
44,73,55,0,1.34247
44,73,56,0,1.34247
44,73,57,0,1.34247
44,73,58,0,1.34247
44,73,59,0,1.34247
44,73,60,0,1.34247
44,73,61,0,1.34247
44,73,62,0,1.34247
44,73,63,0,1.34247
44,74,0,0,1.33784
44,74,1,0,1.33784
44,74,2,0,1.33784
44,74,3,0,1.33784
44,74,4,0,1.33784
44,74,5,0,1.33784
44,74,6,0,1.33784
44,74,7,0,1.33784
44,74,8,0,1.33784
44,74,9,0,1.33784
44,74,10,0,1.33784
44,74,11,0,1.33784
44,74,12,0,1.33784
44,74,13,0,1.33784
44,74,14,0,1.33784
44,74,15,0,1.33784
44,74,16,0,1.33784
44,74,17,0,1.33784
44,74,18,0,1.33784
44,74,19,0,1.33784
44,74,20,0,1.33784
44,74,21,0,1.33784
44,74,22,0,1.33784
44,74,23,0,1.33784
44,74,24,0,1.33784
44,74,25,0,1.33784
44,74,26,0,1.33784
44,74,27,0,1.33784
44,74,28,0,1.33784
44,74,29,0,1.33784
44,74,30,0,1.33784
44,74,31,0,1.33784
44,74,32,0,1.33784
44,74,33,0,1.33784
44,74,34,0,1.33784
44,74,35,0,1.33784
44,74,36,0,1.33784
44,74,37,0,1.33784
44,74,38,0,1.33784
44,74,39,50,1.33784
44,74,40,49,1.33784
44,74,41,0,1.33784
44,74,42,0,1.33784
44,74,43,0,1.33784
44,74,44,0,1.33784
44,74,45,0,1.33784
44,74,46,0,1.33784
44,74,47,0,1.33784
44,74,48,0,1.33784
44,74,49,0,1.33784
44,74,50,0,1.33784
44,74,51,0,1.33784
44,74,52,0,1.33784
44,74,53,0,1.33784
44,74,54,0,1.33784
44,74,55,0,1.33784
44,74,56,0,1.33784
44,74,57,0,1.33784
44,74,58,0,1.33784
44,74,59,0,1.33784
44,74,60,0,1.33784
44,74,61,0,1.33784
44,74,62,0,1.33784
44,74,63,0,1.33784
44,75,0,0,1.33333
44,75,1,0,1.33333
44,75,2,0,1.33333
44,75,3,0,1.33333
44,75,4,0,1.33333
44,75,5,0,1.33333
44,75,6,0,1.33333
44,75,7,0,1.33333
44,75,8,0,1.33333
44,75,9,0,1.33333
44,75,10,0,1.33333
44,75,11,0,1.33333
44,75,12,0,1.33333
44,75,13,0,1.33333
44,75,14,0,1.33333
44,75,15,0,1.33333
44,75,16,0,1.33333
44,75,17,0,1.33333
44,75,18,0,1.33333
44,75,19,0,1.33333
44,75,20,0,1.33333
44,75,21,0,1.33333
44,75,22,0,1.33333
44,75,23,0,1.33333
44,75,24,0,1.33333
44,75,25,0,1.33333
44,75,26,0,1.33333
44,75,27,0,1.33333
44,75,28,0,1.33333
44,75,29,0,1.33333
44,75,30,0,1.33333
44,75,31,0,1.33333
44,75,32,0,1.33333
44,75,33,0,1.33333
44,75,34,0,1.33333
44,75,35,0,1.33333
44,75,36,0,1.33333
44,75,37,0,1.33333
44,75,38,0,1.33333
44,75,39,51,1.33333
44,75,40,49,1.33333
44,75,41,0,1.33333
44,75,42,0,1.33333
44,75,43,0,1.33333
44,75,44,0,1.33333
44,75,45,0,1.33333
44,75,46,0,1.33333
44,75,47,0,1.33333
44,75,48,0,1.33333
44,75,49,0,1.33333
44,75,50,0,1.33333
44,75,51,0,1.33333
44,75,52,0,1.33333
44,75,53,0,1.33333
44,75,54,0,1.33333
44,75,55,0,1.33333
44,75,56,0,1.33333
44,75,57,0,1.33333
44,75,58,0,1.33333
44,75,59,0,1.33333
44,75,60,0,1.33333
44,75,61,0,1.33333
44,75,62,0,1.33333
44,75,63,0,1.33333
44,76,0,0,1.34211
44,76,1,0,1.34211
44,76,2,0,1.34211
44,76,3,0,1.34211
44,76,4,0,1.34211
44,76,5,0,1.34211
44,76,6,0,1.34211
44,76,7,0,1.34211
44,76,8,0,1.34211
44,76,9,0,1.34211
44,76,10,0,1.34211
44,76,11,0,1.34211
44,76,12,0,1.34211
44,76,13,0,1.34211
44,76,14,0,1.34211
44,76,15,0,1.34211
44,76,16,0,1.34211
44,76,17,0,1.34211
44,76,18,0,1.34211
44,76,19,0,1.34211
44,76,20,0,1.34211
44,76,21,0,1.34211
44,76,22,0,1.34211
44,76,23,0,1.34211
44,76,24,0,1.34211
44,76,25,0,1.34211
44,76,26,0,1.34211
44,76,27,0,1.34211
44,76,28,0,1.34211
44,76,29,0,1.34211
44,76,30,0,1.34211
44,76,31,0,1.34211
44,76,32,0,1.34211
44,76,33,0,1.34211
44,76,34,0,1.34211
44,76,35,0,1.34211
44,76,36,0,1.34211
44,76,37,0,1.34211
44,76,38,0,1.34211
44,76,39,53,1.34211
44,76,40,49,1.34211
44,76,41,0,1.34211
44,76,42,0,1.34211
44,76,43,0,1.34211
44,76,44,0,1.34211
44,76,45,0,1.34211
44,76,46,0,1.34211
44,76,47,0,1.34211
44,76,48,0,1.34211
44,76,49,0,1.34211
44,76,50,0,1.34211
44,76,51,0,1.34211
44,76,52,0,1.34211
44,76,53,0,1.34211
44,76,54,0,1.34211
44,76,55,0,1.34211
44,76,56,0,1.34211
44,76,57,0,1.34211
44,76,58,0,1.34211
44,76,59,0,1.34211
44,76,60,0,1.34211
44,76,61,0,1.34211
44,76,62,0,1.34211
44,76,63,0,1.34211
44,77,0,0,1.33766
44,77,1,0,1.33766
44,77,2,0,1.33766
44,77,3,0,1.33766
44,77,4,0,1.33766
44,77,5,0,1.33766
44,77,6,0,1.33766
44,77,7,0,1.33766
44,77,8,0,1.33766
44,77,9,0,1.33766
44,77,10,0,1.33766
44,77,11,0,1.33766
44,77,12,0,1.33766
44,77,13,0,1.33766
44,77,14,0,1.33766
44,77,15,0,1.33766
44,77,16,0,1.33766
44,77,17,0,1.33766
44,77,18,0,1.33766
44,77,19,0,1.33766
44,77,20,0,1.33766
44,77,21,0,1.33766
44,77,22,0,1.33766
44,77,23,0,1.33766
44,77,24,0,1.33766
44,77,25,0,1.33766
44,77,26,0,1.33766
44,77,27,0,1.33766
44,77,28,0,1.33766
44,77,29,0,1.33766
44,77,30,0,1.33766
44,77,31,0,1.33766
44,77,32,0,1.33766
44,77,33,0,1.33766
44,77,34,0,1.33766
44,77,35,0,1.33766
44,77,36,0,1.33766
44,77,37,0,1.33766
44,77,38,0,1.33766
44,77,39,53,1.33766
44,77,40,50,1.33766
44,77,41,0,1.33766
44,77,42,0,1.33766
44,77,43,0,1.33766
44,77,44,0,1.33766
44,77,45,0,1.33766
44,77,46,0,1.33766
44,77,47,0,1.33766
44,77,48,0,1.33766
44,77,49,0,1.33766
44,77,50,0,1.33766
44,77,51,0,1.33766
44,77,52,0,1.33766
44,77,53,0,1.33766
44,77,54,0,1.33766
44,77,55,0,1.33766
44,77,56,0,1.33766
44,77,57,0,1.33766
44,77,58,0,1.33766
44,77,59,0,1.33766
44,77,60,0,1.33766
44,77,61,0,1.33766
44,77,62,0,1.33766
44,77,63,0,1.33766
44,78,0,0,1.33333
44,78,1,0,1.33333
44,78,2,0,1.33333
44,78,3,0,1.33333
44,78,4,0,1.33333
44,78,5,0,1.33333
44,78,6,0,1.33333
44,78,7,0,1.33333
44,78,8,0,1.33333
44,78,9,0,1.33333
44,78,10,0,1.33333
44,78,11,0,1.33333
44,78,12,0,1.33333
44,78,13,0,1.33333
44,78,14,0,1.33333
44,78,15,0,1.33333
44,78,16,0,1.33333
44,78,17,0,1.33333
44,78,18,0,1.33333
44,78,19,0,1.33333
44,78,20,0,1.33333
44,78,21,0,1.33333
44,78,22,0,1.33333
44,78,23,0,1.33333
44,78,24,0,1.33333
44,78,25,0,1.33333
44,78,26,0,1.33333
44,78,27,0,1.33333
44,78,28,0,1.33333
44,78,29,0,1.33333
44,78,30,0,1.33333
44,78,31,0,1.33333
44,78,32,0,1.33333
44,78,33,0,1.33333
44,78,34,0,1.33333
44,78,35,0,1.33333
44,78,36,0,1.33333
44,78,37,0,1.33333
44,78,38,0,1.33333
44,78,39,54,1.33333
44,78,40,50,1.33333
44,78,41,0,1.33333
44,78,42,0,1.33333
44,78,43,0,1.33333
44,78,44,0,1.33333
44,78,45,0,1.33333
44,78,46,0,1.33333
44,78,47,0,1.33333
44,78,48,0,1.33333
44,78,49,0,1.33333
44,78,50,0,1.33333
44,78,51,0,1.33333
44,78,52,0,1.33333
44,78,53,0,1.33333
44,78,54,0,1.33333
44,78,55,0,1.33333
44,78,56,0,1.33333
44,78,57,0,1.33333
44,78,58,0,1.33333
44,78,59,0,1.33333
44,78,60,0,1.33333
44,78,61,0,1.33333
44,78,62,0,1.33333
44,78,63,0,1.33333
44,79,0,0,1.32911
44,79,1,0,1.32911
44,79,2,0,1.32911
44,79,3,0,1.32911
44,79,4,0,1.32911
44,79,5,0,1.32911
44,79,6,0,1.32911
44,79,7,0,1.32911
44,79,8,0,1.32911
44,79,9,0,1.32911
44,79,10,0,1.32911
44,79,11,0,1.32911
44,79,12,0,1.32911
44,79,13,0,1.32911
44,79,14,0,1.32911
44,79,15,0,1.32911
44,79,16,0,1.32911
44,79,17,0,1.32911
44,79,18,0,1.32911
44,79,19,0,1.32911
44,79,20,0,1.32911
44,79,21,0,1.32911
44,79,22,0,1.32911
44,79,23,0,1.32911
44,79,24,0,1.32911
44,79,25,0,1.32911
44,79,26,0,1.32911
44,79,27,0,1.32911
44,79,28,0,1.32911
44,79,29,0,1.32911
44,79,30,0,1.32911
44,79,31,0,1.32911
44,79,32,0,1.32911
44,79,33,0,1.32911
44,79,34,0,1.32911
44,79,35,0,1.32911
44,79,36,0,1.32911
44,79,37,0,1.32911
44,79,38,0,1.32911
44,79,39,55,1.32911
44,79,40,50,1.32911
44,79,41,0,1.32911
44,79,42,0,1.32911
44,79,43,0,1.32911
44,79,44,0,1.32911
44,79,45,0,1.32911
44,79,46,0,1.32911
44,79,47,0,1.32911
44,79,48,0,1.32911
44,79,49,0,1.32911
44,79,50,0,1.32911
44,79,51,0,1.32911
44,79,52,0,1.32911
44,79,53,0,1.32911
44,79,54,0,1.32911
44,79,55,0,1.32911
44,79,56,0,1.32911
44,79,57,0,1.32911
44,79,58,0,1.32911
44,79,59,0,1.32911
44,79,60,0,1.32911
44,79,61,0,1.32911
44,79,62,0,1.32911
44,79,63,0,1.32911
44,80,0,0,1.325
44,80,1,0,1.325
44,80,2,0,1.325
44,80,3,0,1.325
44,80,4,0,1.325
44,80,5,0,1.325
44,80,6,0,1.325
44,80,7,0,1.325
44,80,8,0,1.325
44,80,9,0,1.325
44,80,10,0,1.325
44,80,11,0,1.325
44,80,12,0,1.325
44,80,13,0,1.325
44,80,14,0,1.325
44,80,15,0,1.325
44,80,16,0,1.325
44,80,17,0,1.325
44,80,18,0,1.325
44,80,19,0,1.325
44,80,20,0,1.325
44,80,21,0,1.325
44,80,22,0,1.325
44,80,23,0,1.325
44,80,24,0,1.325
44,80,25,0,1.325
44,80,26,0,1.325
44,80,27,0,1.325
44,80,28,0,1.325
44,80,29,0,1.325
44,80,30,0,1.325
44,80,31,0,1.325
44,80,32,0,1.325
44,80,33,0,1.325
44,80,34,0,1.325
44,80,35,0,1.325
44,80,36,0,1.325
44,80,37,0,1.325
44,80,38,0,1.325
44,80,39,56,1.325
44,80,40,50,1.325
44,80,41,0,1.325
44,80,42,0,1.325
44,80,43,0,1.325
44,80,44,0,1.325
44,80,45,0,1.325
44,80,46,0,1.325
44,80,47,0,1.325
44,80,48,0,1.325
44,80,49,0,1.325
44,80,50,0,1.325
44,80,51,0,1.325
44,80,52,0,1.325
44,80,53,0,1.325
44,80,54,0,1.325
44,80,55,0,1.325
44,80,56,0,1.325
44,80,57,0,1.325
44,80,58,0,1.325
44,80,59,0,1.325
44,80,60,0,1.325
44,80,61,0,1.325
44,80,62,0,1.325
44,80,63,0,1.325
44,81,0,0,1.34568
44,81,1,0,1.34568
44,81,2,0,1.34568
44,81,3,0,1.34568
44,81,4,0,1.34568
44,81,5,0,1.34568
44,81,6,0,1.34568
44,81,7,0,1.34568
44,81,8,0,1.34568
44,81,9,0,1.34568
44,81,10,0,1.34568
44,81,11,0,1.34568
44,81,12,0,1.34568
44,81,13,0,1.34568
44,81,14,0,1.34568
44,81,15,0,1.34568
44,81,16,0,1.34568
44,81,17,0,1.34568
44,81,18,0,1.34568
44,81,19,0,1.34568
44,81,20,0,1.34568
44,81,21,0,1.34568
44,81,22,0,1.34568
44,81,23,0,1.34568
44,81,24,0,1.34568
44,81,25,0,1.34568
44,81,26,0,1.34568
44,81,27,0,1.34568
44,81,28,0,1.34568
44,81,29,0,1.34568
44,81,30,0,1.34568
44,81,31,0,1.34568
44,81,32,0,1.34568
44,81,33,0,1.34568
44,81,34,0,1.34568
44,81,35,0,1.34568
44,81,36,0,1.34568
44,81,37,0,1.34568
44,81,38,0,1.34568
44,81,39,59,1.34568
44,81,40,50,1.34568
44,81,41,0,1.34568
44,81,42,0,1.34568
44,81,43,0,1.34568
44,81,44,0,1.34568
44,81,45,0,1.34568
44,81,46,0,1.34568
44,81,47,0,1.34568
44,81,48,0,1.34568
44,81,49,0,1.34568
44,81,50,0,1.34568
44,81,51,0,1.34568
44,81,52,0,1.34568
44,81,53,0,1.34568
44,81,54,0,1.34568
44,81,55,0,1.34568
44,81,56,0,1.34568
44,81,57,0,1.34568
44,81,58,0,1.34568
44,81,59,0,1.34568
44,81,60,0,1.34568
44,81,61,0,1.34568
44,81,62,0,1.34568
44,81,63,0,1.34568
44,82,0,0,1.34146
44,82,1,0,1.34146
44,82,2,0,1.34146
44,82,3,0,1.34146
44,82,4,0,1.34146
44,82,5,0,1.34146
44,82,6,0,1.34146
44,82,7,0,1.34146
44,82,8,0,1.34146
44,82,9,0,1.34146
44,82,10,0,1.34146
44,82,11,0,1.34146
44,82,12,0,1.34146
44,82,13,0,1.34146
44,82,14,0,1.34146
44,82,15,0,1.34146
44,82,16,0,1.34146
44,82,17,0,1.34146
44,82,18,0,1.34146
44,82,19,0,1.34146
44,82,20,0,1.34146
44,82,21,0,1.34146
44,82,22,0,1.34146
44,82,23,0,1.34146
44,82,24,0,1.34146
44,82,25,0,1.34146
44,82,26,0,1.34146
44,82,27,0,1.34146
44,82,28,0,1.34146
44,82,29,0,1.34146
44,82,30,0,1.34146
44,82,31,0,1.34146
44,82,32,0,1.34146
44,82,33,0,1.34146
44,82,34,0,1.34146
44,82,35,0,1.34146
44,82,36,0,1.34146
44,82,37,0,1.34146
44,82,38,0,1.34146
44,82,39,59,1.34146
44,82,40,51,1.34146
44,82,41,0,1.34146
44,82,42,0,1.34146
44,82,43,0,1.34146
44,82,44,0,1.34146
44,82,45,0,1.34146
44,82,46,0,1.34146
44,82,47,0,1.34146
44,82,48,0,1.34146
44,82,49,0,1.34146
44,82,50,0,1.34146
44,82,51,0,1.34146
44,82,52,0,1.34146
44,82,53,0,1.34146
44,82,54,0,1.34146
44,82,55,0,1.34146
44,82,56,0,1.34146
44,82,57,0,1.34146
44,82,58,0,1.34146
44,82,59,0,1.34146
44,82,60,0,1.34146
44,82,61,0,1.34146
44,82,62,0,1.34146
44,82,63,0,1.34146
44,83,0,0,1.33735
44,83,1,0,1.33735
44,83,2,0,1.33735
44,83,3,0,1.33735
44,83,4,0,1.33735
44,83,5,0,1.33735
44,83,6,0,1.33735
44,83,7,0,1.33735
44,83,8,0,1.33735
44,83,9,0,1.33735
44,83,10,0,1.33735
44,83,11,0,1.33735
44,83,12,0,1.33735
44,83,13,0,1.33735
44,83,14,0,1.33735
44,83,15,0,1.33735
44,83,16,0,1.33735
44,83,17,0,1.33735
44,83,18,0,1.33735
44,83,19,0,1.33735
44,83,20,0,1.33735
44,83,21,0,1.33735
44,83,22,0,1.33735
44,83,23,0,1.33735
44,83,24,0,1.33735
44,83,25,0,1.33735
44,83,26,0,1.33735
44,83,27,0,1.33735
44,83,28,0,1.33735
44,83,29,0,1.33735
44,83,30,0,1.33735
44,83,31,0,1.33735
44,83,32,0,1.33735
44,83,33,0,1.33735
44,83,34,0,1.33735
44,83,35,0,1.33735
44,83,36,0,1.33735
44,83,37,0,1.33735
44,83,38,0,1.33735
44,83,39,60,1.33735
44,83,40,51,1.33735
44,83,41,0,1.33735
44,83,42,0,1.33735
44,83,43,0,1.33735
44,83,44,0,1.33735
44,83,45,0,1.33735
44,83,46,0,1.33735
44,83,47,0,1.33735
44,83,48,0,1.33735
44,83,49,0,1.33735
44,83,50,0,1.33735
44,83,51,0,1.33735
44,83,52,0,1.33735
44,83,53,0,1.33735
44,83,54,0,1.33735
44,83,55,0,1.33735
44,83,56,0,1.33735
44,83,57,0,1.33735
44,83,58,0,1.33735
44,83,59,0,1.33735
44,83,60,0,1.33735
44,83,61,0,1.33735
44,83,62,0,1.33735
44,83,63,0,1.33735
44,84,0,0,1.33333
44,84,1,0,1.33333
44,84,2,0,1.33333
44,84,3,0,1.33333
44,84,4,0,1.33333
44,84,5,0,1.33333
44,84,6,0,1.33333
44,84,7,0,1.33333
44,84,8,0,1.33333
44,84,9,0,1.33333
44,84,10,0,1.33333
44,84,11,0,1.33333
44,84,12,0,1.33333
44,84,13,0,1.33333
44,84,14,0,1.33333
44,84,15,0,1.33333
44,84,16,0,1.33333
44,84,17,0,1.33333
44,84,18,0,1.33333
44,84,19,0,1.33333
44,84,20,0,1.33333
44,84,21,0,1.33333
44,84,22,0,1.33333
44,84,23,0,1.33333
44,84,24,0,1.33333
44,84,25,0,1.33333
44,84,26,0,1.33333
44,84,27,0,1.33333
44,84,28,0,1.33333
44,84,29,0,1.33333
44,84,30,0,1.33333
44,84,31,0,1.33333
44,84,32,0,1.33333
44,84,33,0,1.33333
44,84,34,0,1.33333
44,84,35,0,1.33333
44,84,36,0,1.33333
44,84,37,0,1.33333
44,84,38,0,1.33333
44,84,39,61,1.33333
44,84,40,51,1.33333
44,84,41,0,1.33333
44,84,42,0,1.33333
44,84,43,0,1.33333
44,84,44,0,1.33333
44,84,45,0,1.33333
44,84,46,0,1.33333
44,84,47,0,1.33333
44,84,48,0,1.33333
44,84,49,0,1.33333
44,84,50,0,1.33333
44,84,51,0,1.33333
44,84,52,0,1.33333
44,84,53,0,1.33333
44,84,54,0,1.33333
44,84,55,0,1.33333
44,84,56,0,1.33333
44,84,57,0,1.33333
44,84,58,0,1.33333
44,84,59,0,1.33333
44,84,60,0,1.33333
44,84,61,0,1.33333
44,84,62,0,1.33333
44,84,63,0,1.33333
44,85,0,0,1.32941
44,85,1,0,1.32941
44,85,2,0,1.32941
44,85,3,0,1.32941
44,85,4,0,1.32941
44,85,5,0,1.32941
44,85,6,0,1.32941
44,85,7,0,1.32941
44,85,8,0,1.32941
44,85,9,0,1.32941
44,85,10,0,1.32941
44,85,11,0,1.32941
44,85,12,0,1.32941
44,85,13,0,1.32941
44,85,14,0,1.32941
44,85,15,0,1.32941
44,85,16,0,1.32941
44,85,17,0,1.32941
44,85,18,0,1.32941
44,85,19,0,1.32941
44,85,20,0,1.32941
44,85,21,0,1.32941
44,85,22,0,1.32941
44,85,23,0,1.32941
44,85,24,0,1.32941
44,85,25,0,1.32941
44,85,26,0,1.32941
44,85,27,0,1.32941
44,85,28,0,1.32941
44,85,29,0,1.32941
44,85,30,0,1.32941
44,85,31,0,1.32941
44,85,32,0,1.32941
44,85,33,0,1.32941
44,85,34,0,1.32941
44,85,35,0,1.32941
44,85,36,0,1.32941
44,85,37,0,1.32941
44,85,38,0,1.32941
44,85,39,62,1.32941
44,85,40,51,1.32941
44,85,41,0,1.32941
44,85,42,0,1.32941
44,85,43,0,1.32941
44,85,44,0,1.32941
44,85,45,0,1.32941
44,85,46,0,1.32941
44,85,47,0,1.32941
44,85,48,0,1.32941
44,85,49,0,1.32941
44,85,50,0,1.32941
44,85,51,0,1.32941
44,85,52,0,1.32941
44,85,53,0,1.32941
44,85,54,0,1.32941
44,85,55,0,1.32941
44,85,56,0,1.32941
44,85,57,0,1.32941
44,85,58,0,1.32941
44,85,59,0,1.32941
44,85,60,0,1.32941
44,85,61,0,1.32941
44,85,62,0,1.32941
44,85,63,0,1.32941
44,86,0,0,1.33721
44,86,1,0,1.33721
44,86,2,0,1.33721
44,86,3,0,1.33721
44,86,4,0,1.33721
44,86,5,0,1.33721
44,86,6,0,1.33721
44,86,7,0,1.33721
44,86,8,0,1.33721
44,86,9,0,1.33721
44,86,10,0,1.33721
44,86,11,0,1.33721
44,86,12,0,1.33721
44,86,13,0,1.33721
44,86,14,0,1.33721
44,86,15,0,1.33721
44,86,16,0,1.33721
44,86,17,0,1.33721
44,86,18,0,1.33721
44,86,19,0,1.33721
44,86,20,0,1.33721
44,86,21,0,1.33721
44,86,22,0,1.33721
44,86,23,0,1.33721
44,86,24,0,1.33721
44,86,25,0,1.33721
44,86,26,0,1.33721
44,86,27,0,1.33721
44,86,28,0,1.33721
44,86,29,0,1.33721
44,86,30,0,1.33721
44,86,31,0,1.33721
44,86,32,0,1.33721
44,86,33,0,1.33721
44,86,34,0,1.33721
44,86,35,0,1.33721
44,86,36,0,1.33721
44,86,37,0,1.33721
44,86,38,0,1.33721
44,86,39,62,1.33721
44,86,40,53,1.33721
44,86,41,0,1.33721
44,86,42,0,1.33721
44,86,43,0,1.33721
44,86,44,0,1.33721
44,86,45,0,1.33721
44,86,46,0,1.33721
44,86,47,0,1.33721
44,86,48,0,1.33721
44,86,49,0,1.33721
44,86,50,0,1.33721
44,86,51,0,1.33721
44,86,52,0,1.33721
44,86,53,0,1.33721
44,86,54,0,1.33721
44,86,55,0,1.33721
44,86,56,0,1.33721
44,86,57,0,1.33721
44,86,58,0,1.33721
44,86,59,0,1.33721
44,86,60,0,1.33721
44,86,61,0,1.33721
44,86,62,0,1.33721
44,86,63,0,1.33721
44,87,0,0,1.33333
44,87,1,0,1.33333
44,87,2,0,1.33333
44,87,3,0,1.33333
44,87,4,0,1.33333
44,87,5,0,1.33333
44,87,6,0,1.33333
44,87,7,0,1.33333
44,87,8,0,1.33333
44,87,9,0,1.33333
44,87,10,0,1.33333
44,87,11,0,1.33333
44,87,12,0,1.33333
44,87,13,0,1.33333
44,87,14,0,1.33333
44,87,15,0,1.33333
44,87,16,0,1.33333
44,87,17,0,1.33333
44,87,18,0,1.33333
44,87,19,0,1.33333
44,87,20,0,1.33333
44,87,21,0,1.33333
44,87,22,0,1.33333
44,87,23,0,1.33333
44,87,24,0,1.33333
44,87,25,0,1.33333
44,87,26,0,1.33333
44,87,27,0,1.33333
44,87,28,0,1.33333
44,87,29,0,1.33333
44,87,30,0,1.33333
44,87,31,0,1.33333
44,87,32,0,1.33333
44,87,33,0,1.33333
44,87,34,0,1.33333
44,87,35,0,1.33333
44,87,36,0,1.33333
44,87,37,0,1.33333
44,87,38,0,1.33333
44,87,39,63,1.33333
44,87,40,53,1.33333
44,87,41,0,1.33333
44,87,42,0,1.33333
44,87,43,0,1.33333
44,87,44,0,1.33333
44,87,45,0,1.33333
44,87,46,0,1.33333
44,87,47,0,1.33333
44,87,48,0,1.33333
44,87,49,0,1.33333
44,87,50,0,1.33333
44,87,51,0,1.33333
44,87,52,0,1.33333
44,87,53,0,1.33333
44,87,54,0,1.33333
44,87,55,0,1.33333
44,87,56,0,1.33333
44,87,57,0,1.33333
44,87,58,0,1.33333
44,87,59,0,1.33333
44,87,60,0,1.33333
44,87,61,0,1.33333
44,87,62,0,1.33333
44,87,63,0,1.33333
44,88,0,0,1.34091
44,88,1,0,1.34091
44,88,2,0,1.34091
44,88,3,0,1.34091
44,88,4,0,1.34091
44,88,5,0,1.34091
44,88,6,0,1.34091
44,88,7,0,1.34091
44,88,8,0,1.34091
44,88,9,0,1.34091
44,88,10,0,1.34091
44,88,11,0,1.34091
44,88,12,0,1.34091
44,88,13,0,1.34091
44,88,14,0,1.34091
44,88,15,0,1.34091
44,88,16,0,1.34091
44,88,17,0,1.34091
44,88,18,0,1.34091
44,88,19,0,1.34091
44,88,20,0,1.34091
44,88,21,0,1.34091
44,88,22,0,1.34091
44,88,23,0,1.34091
44,88,24,0,1.34091
44,88,25,0,1.34091
44,88,26,0,1.34091
44,88,27,0,1.34091
44,88,28,0,1.34091
44,88,29,0,1.34091
44,88,30,0,1.34091
44,88,31,0,1.34091
44,88,32,0,1.34091
44,88,33,0,1.34091
44,88,34,0,1.34091
44,88,35,0,1.34091
44,88,36,0,1.34091
44,88,37,0,1.34091
44,88,38,0,1.34091
44,88,39,63,1.34091
44,88,40,55,1.34091
44,88,41,0,1.34091
44,88,42,0,1.34091
44,88,43,0,1.34091
44,88,44,0,1.34091
44,88,45,0,1.34091
44,88,46,0,1.34091
44,88,47,0,1.34091
44,88,48,0,1.34091
44,88,49,0,1.34091
44,88,50,0,1.34091
44,88,51,0,1.34091
44,88,52,0,1.34091
44,88,53,0,1.34091
44,88,54,0,1.34091
44,88,55,0,1.34091
44,88,56,0,1.34091
44,88,57,0,1.34091
44,88,58,0,1.34091
44,88,59,0,1.34091
44,88,60,0,1.34091
44,88,61,0,1.34091
44,88,62,0,1.34091
44,88,63,0,1.34091
44,89,0,0,1.33708
44,89,1,0,1.33708
44,89,2,0,1.33708
44,89,3,0,1.33708
44,89,4,0,1.33708
44,89,5,0,1.33708
44,89,6,0,1.33708
44,89,7,0,1.33708
44,89,8,0,1.33708
44,89,9,0,1.33708
44,89,10,0,1.33708
44,89,11,0,1.33708
44,89,12,0,1.33708
44,89,13,0,1.33708
44,89,14,0,1.33708
44,89,15,0,1.33708
44,89,16,0,1.33708
44,89,17,0,1.33708
44,89,18,0,1.33708
44,89,19,0,1.33708
44,89,20,0,1.33708
44,89,21,0,1.33708
44,89,22,0,1.33708
44,89,23,0,1.33708
44,89,24,0,1.33708
44,89,25,0,1.33708
44,89,26,0,1.33708
44,89,27,0,1.33708
44,89,28,0,1.33708
44,89,29,0,1.33708
44,89,30,0,1.33708
44,89,31,0,1.33708
44,89,32,0,1.33708
44,89,33,0,1.33708
44,89,34,0,1.33708
44,89,35,0,1.33708
44,89,36,0,1.33708
44,89,37,0,1.33708
44,89,38,0,1.33708
44,89,39,64,1.33708
44,89,40,55,1.33708
44,89,41,0,1.33708
44,89,42,0,1.33708
44,89,43,0,1.33708
44,89,44,0,1.33708
44,89,45,0,1.33708
44,89,46,0,1.33708
44,89,47,0,1.33708
44,89,48,0,1.33708
44,89,49,0,1.33708
44,89,50,0,1.33708
44,89,51,0,1.33708
44,89,52,0,1.33708
44,89,53,0,1.33708
44,89,54,0,1.33708
44,89,55,0,1.33708
44,89,56,0,1.33708
44,89,57,0,1.33708
44,89,58,0,1.33708
44,89,59,0,1.33708
44,89,60,0,1.33708
44,89,61,0,1.33708
44,89,62,0,1.33708
44,89,63,0,1.33708
44,90,0,0,1.33333
44,90,1,0,1.33333
44,90,2,0,1.33333
44,90,3,0,1.33333
44,90,4,0,1.33333
44,90,5,0,1.33333
44,90,6,0,1.33333
44,90,7,0,1.33333
44,90,8,0,1.33333
44,90,9,0,1.33333
44,90,10,0,1.33333
44,90,11,0,1.33333
44,90,12,0,1.33333
44,90,13,0,1.33333
44,90,14,0,1.33333
44,90,15,0,1.33333
44,90,16,0,1.33333
44,90,17,0,1.33333
44,90,18,0,1.33333
44,90,19,0,1.33333
44,90,20,0,1.33333
44,90,21,0,1.33333
44,90,22,0,1.33333
44,90,23,0,1.33333
44,90,24,0,1.33333
44,90,25,0,1.33333
44,90,26,0,1.33333
44,90,27,0,1.33333
44,90,28,0,1.33333
44,90,29,0,1.33333
44,90,30,0,1.33333
44,90,31,0,1.33333
44,90,32,0,1.33333
44,90,33,0,1.33333
44,90,34,0,1.33333
44,90,35,0,1.33333
44,90,36,0,1.33333
44,90,37,0,1.33333
44,90,38,0,1.33333
44,90,39,64,1.33333
44,90,40,56,1.33333
44,90,41,0,1.33333
44,90,42,0,1.33333
44,90,43,0,1.33333
44,90,44,0,1.33333
44,90,45,0,1.33333
44,90,46,0,1.33333
44,90,47,0,1.33333
44,90,48,0,1.33333
44,90,49,0,1.33333
44,90,50,0,1.33333
44,90,51,0,1.33333
44,90,52,0,1.33333
44,90,53,0,1.33333
44,90,54,0,1.33333
44,90,55,0,1.33333
44,90,56,0,1.33333
44,90,57,0,1.33333
44,90,58,0,1.33333
44,90,59,0,1.33333
44,90,60,0,1.33333
44,90,61,0,1.33333
44,90,62,0,1.33333
44,90,63,0,1.33333
44,91,0,0,1.34066
44,91,1,0,1.34066
44,91,2,0,1.34066
44,91,3,0,1.34066
44,91,4,0,1.34066
44,91,5,0,1.34066
44,91,6,0,1.34066
44,91,7,0,1.34066
44,91,8,0,1.34066
44,91,9,0,1.34066
44,91,10,0,1.34066
44,91,11,0,1.34066
44,91,12,0,1.34066
44,91,13,0,1.34066
44,91,14,0,1.34066
44,91,15,0,1.34066
44,91,16,0,1.34066
44,91,17,0,1.34066
44,91,18,0,1.34066
44,91,19,0,1.34066
44,91,20,0,1.34066
44,91,21,0,1.34066
44,91,22,0,1.34066
44,91,23,0,1.34066
44,91,24,0,1.34066
44,91,25,0,1.34066
44,91,26,0,1.34066
44,91,27,0,1.34066
44,91,28,0,1.34066
44,91,29,0,1.34066
44,91,30,0,1.34066
44,91,31,0,1.34066
44,91,32,0,1.34066
44,91,33,0,1.34066
44,91,34,0,1.34066
44,91,35,0,1.34066
44,91,36,0,1.34066
44,91,37,0,1.34066
44,91,38,0,1.34066
44,91,39,66,1.34066
44,91,40,56,1.34066
44,91,41,0,1.34066
44,91,42,0,1.34066
44,91,43,0,1.34066
44,91,44,0,1.34066
44,91,45,0,1.34066
44,91,46,0,1.34066
44,91,47,0,1.34066
44,91,48,0,1.34066
44,91,49,0,1.34066
44,91,50,0,1.34066
44,91,51,0,1.34066
44,91,52,0,1.34066
44,91,53,0,1.34066
44,91,54,0,1.34066
44,91,55,0,1.34066
44,91,56,0,1.34066
44,91,57,0,1.34066
44,91,58,0,1.34066
44,91,59,0,1.34066
44,91,60,0,1.34066
44,91,61,0,1.34066
44,91,62,0,1.34066
44,91,63,0,1.34066
44,92,0,0,1.33696
44,92,1,0,1.33696
44,92,2,0,1.33696
44,92,3,0,1.33696
44,92,4,0,1.33696
44,92,5,0,1.33696
44,92,6,0,1.33696
44,92,7,0,1.33696
44,92,8,0,1.33696
44,92,9,0,1.33696
44,92,10,0,1.33696
44,92,11,0,1.33696
44,92,12,0,1.33696
44,92,13,0,1.33696
44,92,14,0,1.33696
44,92,15,0,1.33696
44,92,16,0,1.33696
44,92,17,0,1.33696
44,92,18,0,1.33696
44,92,19,0,1.33696
44,92,20,0,1.33696
44,92,21,0,1.33696
44,92,22,0,1.33696
44,92,23,0,1.33696
44,92,24,0,1.33696
44,92,25,0,1.33696
44,92,26,0,1.33696
44,92,27,0,1.33696
44,92,28,0,1.33696
44,92,29,0,1.33696
44,92,30,0,1.33696
44,92,31,0,1.33696
44,92,32,0,1.33696
44,92,33,0,1.33696
44,92,34,0,1.33696
44,92,35,0,1.33696
44,92,36,0,1.33696
44,92,37,0,1.33696
44,92,38,0,1.33696
44,92,39,67,1.33696
44,92,40,56,1.33696
44,92,41,0,1.33696
44,92,42,0,1.33696
44,92,43,0,1.33696
44,92,44,0,1.33696
44,92,45,0,1.33696
44,92,46,0,1.33696
44,92,47,0,1.33696
44,92,48,0,1.33696
44,92,49,0,1.33696
44,92,50,0,1.33696
44,92,51,0,1.33696
44,92,52,0,1.33696
44,92,53,0,1.33696
44,92,54,0,1.33696
44,92,55,0,1.33696
44,92,56,0,1.33696
44,92,57,0,1.33696
44,92,58,0,1.33696
44,92,59,0,1.33696
44,92,60,0,1.33696
44,92,61,0,1.33696
44,92,62,0,1.33696
44,92,63,0,1.33696
44,93,0,0,1.33333
44,93,1,0,1.33333
44,93,2,0,1.33333
44,93,3,0,1.33333
44,93,4,0,1.33333
44,93,5,0,1.33333
44,93,6,0,1.33333
44,93,7,0,1.33333
44,93,8,0,1.33333
44,93,9,0,1.33333
44,93,10,0,1.33333
44,93,11,0,1.33333
44,93,12,0,1.33333
44,93,13,0,1.33333
44,93,14,0,1.33333
44,93,15,0,1.33333
44,93,16,0,1.33333
44,93,17,0,1.33333
44,93,18,0,1.33333
44,93,19,0,1.33333
44,93,20,0,1.33333
44,93,21,0,1.33333
44,93,22,0,1.33333
44,93,23,0,1.33333
44,93,24,0,1.33333
44,93,25,0,1.33333
44,93,26,0,1.33333
44,93,27,0,1.33333
44,93,28,0,1.33333
44,93,29,0,1.33333
44,93,30,0,1.33333
44,93,31,0,1.33333
44,93,32,0,1.33333
44,93,33,0,1.33333
44,93,34,0,1.33333
44,93,35,0,1.33333
44,93,36,0,1.33333
44,93,37,0,1.33333
44,93,38,0,1.33333
44,93,39,68,1.33333
44,93,40,56,1.33333
44,93,41,0,1.33333
44,93,42,0,1.33333
44,93,43,0,1.33333
44,93,44,0,1.33333
44,93,45,0,1.33333
44,93,46,0,1.33333
44,93,47,0,1.33333
44,93,48,0,1.33333
44,93,49,0,1.33333
44,93,50,0,1.33333
44,93,51,0,1.33333
44,93,52,0,1.33333
44,93,53,0,1.33333
44,93,54,0,1.33333
44,93,55,0,1.33333
44,93,56,0,1.33333
44,93,57,0,1.33333
44,93,58,0,1.33333
44,93,59,0,1.33333
44,93,60,0,1.33333
44,93,61,0,1.33333
44,93,62,0,1.33333
44,93,63,0,1.33333
44,94,0,0,1.32979
44,94,1,0,1.32979
44,94,2,0,1.32979
44,94,3,0,1.32979
44,94,4,0,1.32979
44,94,5,0,1.32979
44,94,6,0,1.32979
44,94,7,0,1.32979
44,94,8,0,1.32979
44,94,9,0,1.32979
44,94,10,0,1.32979
44,94,11,0,1.32979
44,94,12,0,1.32979
44,94,13,0,1.32979
44,94,14,0,1.32979
44,94,15,0,1.32979
44,94,16,0,1.32979
44,94,17,0,1.32979
44,94,18,0,1.32979
44,94,19,0,1.32979
44,94,20,0,1.32979
44,94,21,0,1.32979
44,94,22,0,1.32979
44,94,23,0,1.32979
44,94,24,0,1.32979
44,94,25,0,1.32979
44,94,26,0,1.32979
44,94,27,0,1.32979
44,94,28,0,1.32979
44,94,29,0,1.32979
44,94,30,0,1.32979
44,94,31,0,1.32979
44,94,32,0,1.32979
44,94,33,0,1.32979
44,94,34,0,1.32979
44,94,35,0,1.32979
44,94,36,0,1.32979
44,94,37,0,1.32979
44,94,38,0,1.32979
44,94,39,68,1.32979
44,94,40,57,1.32979
44,94,41,0,1.32979
44,94,42,0,1.32979
44,94,43,0,1.32979
44,94,44,0,1.32979
44,94,45,0,1.32979
44,94,46,0,1.32979
44,94,47,0,1.32979
44,94,48,0,1.32979
44,94,49,0,1.32979
44,94,50,0,1.32979
44,94,51,0,1.32979
44,94,52,0,1.32979
44,94,53,0,1.32979
44,94,54,0,1.32979
44,94,55,0,1.32979
44,94,56,0,1.32979
44,94,57,0,1.32979
44,94,58,0,1.32979
44,94,59,0,1.32979
44,94,60,0,1.32979
44,94,61,0,1.32979
44,94,62,0,1.32979
44,94,63,0,1.32979
44,95,0,0,1.32632
44,95,1,0,1.32632
44,95,2,0,1.32632
44,95,3,0,1.32632
44,95,4,0,1.32632
44,95,5,0,1.32632
44,95,6,0,1.32632
44,95,7,0,1.32632
44,95,8,0,1.32632
44,95,9,0,1.32632
44,95,10,0,1.32632
44,95,11,0,1.32632
44,95,12,0,1.32632
44,95,13,0,1.32632
44,95,14,0,1.32632
44,95,15,0,1.32632
44,95,16,0,1.32632
44,95,17,0,1.32632
44,95,18,0,1.32632
44,95,19,0,1.32632
44,95,20,0,1.32632
44,95,21,0,1.32632
44,95,22,0,1.32632
44,95,23,0,1.32632
44,95,24,0,1.32632
44,95,25,0,1.32632
44,95,26,0,1.32632
44,95,27,0,1.32632
44,95,28,0,1.32632
44,95,29,0,1.32632
44,95,30,0,1.32632
44,95,31,0,1.32632
44,95,32,0,1.32632
44,95,33,0,1.32632
44,95,34,0,1.32632
44,95,35,0,1.32632
44,95,36,0,1.32632
44,95,37,0,1.32632
44,95,38,0,1.32632
44,95,39,69,1.32632
44,95,40,57,1.32632
44,95,41,0,1.32632
44,95,42,0,1.32632
44,95,43,0,1.32632
44,95,44,0,1.32632
44,95,45,0,1.32632
44,95,46,0,1.32632
44,95,47,0,1.32632
44,95,48,0,1.32632
44,95,49,0,1.32632
44,95,50,0,1.32632
44,95,51,0,1.32632
44,95,52,0,1.32632
44,95,53,0,1.32632
44,95,54,0,1.32632
44,95,55,0,1.32632
44,95,56,0,1.32632
44,95,57,0,1.32632
44,95,58,0,1.32632
44,95,59,0,1.32632
44,95,60,0,1.32632
44,95,61,0,1.32632
44,95,62,0,1.32632
44,95,63,0,1.32632
44,96,0,0,1.33333
44,96,1,0,1.33333
44,96,2,0,1.33333
44,96,3,0,1.33333
44,96,4,0,1.33333
44,96,5,0,1.33333
44,96,6,0,1.33333
44,96,7,0,1.33333
44,96,8,0,1.33333
44,96,9,0,1.33333
44,96,10,0,1.33333
44,96,11,0,1.33333
44,96,12,0,1.33333
44,96,13,0,1.33333
44,96,14,0,1.33333
44,96,15,0,1.33333
44,96,16,0,1.33333
44,96,17,0,1.33333
44,96,18,0,1.33333
44,96,19,0,1.33333
44,96,20,0,1.33333
44,96,21,0,1.33333
44,96,22,0,1.33333
44,96,23,0,1.33333
44,96,24,0,1.33333
44,96,25,0,1.33333
44,96,26,0,1.33333
44,96,27,0,1.33333
44,96,28,0,1.33333
44,96,29,0,1.33333
44,96,30,0,1.33333
44,96,31,0,1.33333
44,96,32,0,1.33333
44,96,33,0,1.33333
44,96,34,0,1.33333
44,96,35,0,1.33333
44,96,36,0,1.33333
44,96,37,0,1.33333
44,96,38,0,1.33333
44,96,39,69,1.33333
44,96,40,59,1.33333
44,96,41,0,1.33333
44,96,42,0,1.33333
44,96,43,0,1.33333
44,96,44,0,1.33333
44,96,45,0,1.33333
44,96,46,0,1.33333
44,96,47,0,1.33333
44,96,48,0,1.33333
44,96,49,0,1.33333
44,96,50,0,1.33333
44,96,51,0,1.33333
44,96,52,0,1.33333
44,96,53,0,1.33333
44,96,54,0,1.33333
44,96,55,0,1.33333
44,96,56,0,1.33333
44,96,57,0,1.33333
44,96,58,0,1.33333
44,96,59,0,1.33333
44,96,60,0,1.33333
44,96,61,0,1.33333
44,96,62,0,1.33333
44,96,63,0,1.33333
44,97,0,0,1.35052
44,97,1,0,1.35052
44,97,2,0,1.35052
44,97,3,0,1.35052
44,97,4,0,1.35052
44,97,5,0,1.35052
44,97,6,0,1.35052
44,97,7,0,1.35052
44,97,8,0,1.35052
44,97,9,0,1.35052
44,97,10,0,1.35052
44,97,11,0,1.35052
44,97,12,0,1.35052
44,97,13,0,1.35052
44,97,14,0,1.35052
44,97,15,0,1.35052
44,97,16,0,1.35052
44,97,17,0,1.35052
44,97,18,0,1.35052
44,97,19,0,1.35052
44,97,20,0,1.35052
44,97,21,0,1.35052
44,97,22,0,1.35052
44,97,23,0,1.35052
44,97,24,0,1.35052
44,97,25,0,1.35052
44,97,26,0,1.35052
44,97,27,0,1.35052
44,97,28,0,1.35052
44,97,29,0,1.35052
44,97,30,0,1.35052
44,97,31,0,1.35052
44,97,32,0,1.35052
44,97,33,0,1.35052
44,97,34,0,1.35052
44,97,35,0,1.35052
44,97,36,0,1.35052
44,97,37,0,1.35052
44,97,38,0,1.35052
44,97,39,69,1.35052
44,97,40,62,1.35052
44,97,41,0,1.35052
44,97,42,0,1.35052
44,97,43,0,1.35052
44,97,44,0,1.35052
44,97,45,0,1.35052
44,97,46,0,1.35052
44,97,47,0,1.35052
44,97,48,0,1.35052
44,97,49,0,1.35052
44,97,50,0,1.35052
44,97,51,0,1.35052
44,97,52,0,1.35052
44,97,53,0,1.35052
44,97,54,0,1.35052
44,97,55,0,1.35052
44,97,56,0,1.35052
44,97,57,0,1.35052
44,97,58,0,1.35052
44,97,59,0,1.35052
44,97,60,0,1.35052
44,97,61,0,1.35052
44,97,62,0,1.35052
44,97,63,0,1.35052
44,98,0,0,1.34694
44,98,1,0,1.34694
44,98,2,0,1.34694
44,98,3,0,1.34694
44,98,4,0,1.34694
44,98,5,0,1.34694
44,98,6,0,1.34694
44,98,7,0,1.34694
44,98,8,0,1.34694
44,98,9,0,1.34694
44,98,10,0,1.34694
44,98,11,0,1.34694
44,98,12,0,1.34694
44,98,13,0,1.34694
44,98,14,0,1.34694
44,98,15,0,1.34694
44,98,16,0,1.34694
44,98,17,0,1.34694
44,98,18,0,1.34694
44,98,19,0,1.34694
44,98,20,0,1.34694
44,98,21,0,1.34694
44,98,22,0,1.34694
44,98,23,0,1.34694
44,98,24,0,1.34694
44,98,25,0,1.34694
44,98,26,0,1.34694
44,98,27,0,1.34694
44,98,28,0,1.34694
44,98,29,0,1.34694
44,98,30,0,1.34694
44,98,31,0,1.34694
44,98,32,0,1.34694
44,98,33,0,1.34694
44,98,34,0,1.34694
44,98,35,0,1.34694
44,98,36,0,1.34694
44,98,37,0,1.34694
44,98,38,0,1.34694
44,98,39,70,1.34694
44,98,40,62,1.34694
44,98,41,0,1.34694
44,98,42,0,1.34694
44,98,43,0,1.34694
44,98,44,0,1.34694
44,98,45,0,1.34694
44,98,46,0,1.34694
44,98,47,0,1.34694
44,98,48,0,1.34694
44,98,49,0,1.34694
44,98,50,0,1.34694
44,98,51,0,1.34694
44,98,52,0,1.34694
44,98,53,0,1.34694
44,98,54,0,1.34694
44,98,55,0,1.34694
44,98,56,0,1.34694
44,98,57,0,1.34694
44,98,58,0,1.34694
44,98,59,0,1.34694
44,98,60,0,1.34694
44,98,61,0,1.34694
44,98,62,0,1.34694
44,98,63,0,1.34694
44,99,0,0,1.35354
44,99,1,0,1.35354
44,99,2,0,1.35354
44,99,3,0,1.35354
44,99,4,0,1.35354
44,99,5,0,1.35354
44,99,6,0,1.35354
44,99,7,0,1.35354
44,99,8,0,1.35354
44,99,9,0,1.35354
44,99,10,0,1.35354
44,99,11,0,1.35354
44,99,12,0,1.35354
44,99,13,0,1.35354
44,99,14,0,1.35354
44,99,15,0,1.35354
44,99,16,0,1.35354
44,99,17,0,1.35354
44,99,18,0,1.35354
44,99,19,0,1.35354
44,99,20,0,1.35354
44,99,21,0,1.35354
44,99,22,0,1.35354
44,99,23,0,1.35354
44,99,24,0,1.35354
44,99,25,0,1.35354
44,99,26,0,1.35354
44,99,27,0,1.35354
44,99,28,0,1.35354
44,99,29,0,1.35354
44,99,30,0,1.35354
44,99,31,0,1.35354
44,99,32,0,1.35354
44,99,33,0,1.35354
44,99,34,0,1.35354
44,99,35,0,1.35354
44,99,36,0,1.35354
44,99,37,0,1.35354
44,99,38,0,1.35354
44,99,39,72,1.35354
44,99,40,62,1.35354
44,99,41,0,1.35354
44,99,42,0,1.35354
44,99,43,0,1.35354
44,99,44,0,1.35354
44,99,45,0,1.35354
44,99,46,0,1.35354
44,99,47,0,1.35354
44,99,48,0,1.35354
44,99,49,0,1.35354
44,99,50,0,1.35354
44,99,51,0,1.35354
44,99,52,0,1.35354
44,99,53,0,1.35354
44,99,54,0,1.35354
44,99,55,0,1.35354
44,99,56,0,1.35354
44,99,57,0,1.35354
44,99,58,0,1.35354
44,99,59,0,1.35354
44,99,60,0,1.35354
44,99,61,0,1.35354
44,99,62,0,1.35354
44,99,63,0,1.35354
44,100,0,0,1.36
44,100,1,0,1.36
44,100,2,0,1.36
44,100,3,0,1.36
44,100,4,0,1.36
44,100,5,0,1.36
44,100,6,0,1.36
44,100,7,0,1.36
44,100,8,0,1.36
44,100,9,0,1.36
44,100,10,0,1.36
44,100,11,0,1.36
44,100,12,0,1.36
44,100,13,0,1.36
44,100,14,0,1.36
44,100,15,0,1.36
44,100,16,0,1.36
44,100,17,0,1.36
44,100,18,0,1.36
44,100,19,0,1.36
44,100,20,0,1.36
44,100,21,0,1.36
44,100,22,0,1.36
44,100,23,0,1.36
44,100,24,0,1.36
44,100,25,0,1.36
44,100,26,0,1.36
44,100,27,0,1.36
44,100,28,0,1.36
44,100,29,0,1.36
44,100,30,0,1.36
44,100,31,0,1.36
44,100,32,0,1.36
44,100,33,0,1.36
44,100,34,0,1.36
44,100,35,0,1.36
44,100,36,0,1.36
44,100,37,0,1.36
44,100,38,0,1.36
44,100,39,74,1.36
44,100,40,62,1.36
44,100,41,0,1.36
44,100,42,0,1.36
44,100,43,0,1.36
44,100,44,0,1.36
44,100,45,0,1.36
44,100,46,0,1.36
44,100,47,0,1.36
44,100,48,0,1.36
44,100,49,0,1.36
44,100,50,0,1.36
44,100,51,0,1.36
44,100,52,0,1.36
44,100,53,0,1.36
44,100,54,0,1.36
44,100,55,0,1.36
44,100,56,0,1.36
44,100,57,0,1.36
44,100,58,0,1.36
44,100,59,0,1.36
44,100,60,0,1.36
44,100,61,0,1.36
44,100,62,0,1.36
44,100,63,0,1.36
46,1,0,0,2
46,1,1,0,2
46,1,2,0,2
46,1,3,0,2
46,1,4,0,2
46,1,5,0,2
46,1,6,0,2
46,1,7,0,2
46,1,8,0,2
46,1,9,0,2
46,1,10,0,2
46,1,11,0,2
46,1,12,0,2
46,1,13,0,2
46,1,14,0,2
46,1,15,0,2
46,1,16,0,2
46,1,17,0,2
46,1,18,0,2
46,1,19,0,2
46,1,20,0,2
46,1,21,0,2
46,1,22,0,2
46,1,23,0,2
46,1,24,0,2
46,1,25,0,2
46,1,26,0,2
46,1,27,0,2
46,1,28,0,2
46,1,29,0,2
46,1,30,0,2
46,1,31,0,2
46,1,32,0,2
46,1,33,0,2
46,1,34,0,2
46,1,35,2,2
46,1,36,0,2
46,1,37,0,2
46,1,38,0,2
46,1,39,0,2
46,1,40,0,2
46,1,41,0,2
46,1,42,0,2
46,1,43,0,2
46,1,44,0,2
46,1,45,0,2
46,1,46,0,2
46,1,47,0,2
46,1,48,0,2
46,1,49,0,2
46,1,50,0,2
46,1,51,0,2
46,1,52,0,2
46,1,53,0,2
46,1,54,0,2
46,1,55,0,2
46,1,56,0,2
46,1,57,0,2
46,1,58,0,2
46,1,59,0,2
46,1,60,0,2
46,1,61,0,2
46,1,62,0,2
46,1,63,0,2
46,2,0,0,1.5
46,2,1,0,1.5
46,2,2,0,1.5
46,2,3,0,1.5
46,2,4,0,1.5
46,2,5,0,1.5
46,2,6,0,1.5
46,2,7,0,1.5
46,2,8,0,1.5
46,2,9,0,1.5
46,2,10,0,1.5
46,2,11,0,1.5
46,2,12,0,1.5
46,2,13,0,1.5
46,2,14,0,1.5
46,2,15,0,1.5
46,2,16,0,1.5
46,2,17,0,1.5
46,2,18,0,1.5
46,2,19,0,1.5
46,2,20,0,1.5
46,2,21,0,1.5
46,2,22,0,1.5
46,2,23,0,1.5
46,2,24,0,1.5
46,2,25,0,1.5
46,2,26,0,1.5
46,2,27,0,1.5
46,2,28,0,1.5
46,2,29,0,1.5
46,2,30,0,1.5
46,2,31,0,1.5
46,2,32,0,1.5
46,2,33,0,1.5
46,2,34,0,1.5
46,2,35,2,1.5
46,2,36,1,1.5
46,2,37,0,1.5
46,2,38,0,1.5
46,2,39,0,1.5
46,2,40,0,1.5
46,2,41,0,1.5
46,2,42,0,1.5
46,2,43,0,1.5
46,2,44,0,1.5
46,2,45,0,1.5
46,2,46,0,1.5
46,2,47,0,1.5
46,2,48,0,1.5
46,2,49,0,1.5
46,2,50,0,1.5
46,2,51,0,1.5
46,2,52,0,1.5
46,2,53,0,1.5
46,2,54,0,1.5
46,2,55,0,1.5
46,2,56,0,1.5
46,2,57,0,1.5
46,2,58,0,1.5
46,2,59,0,1.5
46,2,60,0,1.5
46,2,61,0,1.5
46,2,62,0,1.5
46,2,63,0,1.5
46,3,0,0,1.33333
46,3,1,0,1.33333
46,3,2,0,1.33333
46,3,3,0,1.33333
46,3,4,0,1.33333
46,3,5,0,1.33333
46,3,6,0,1.33333
46,3,7,0,1.33333
46,3,8,0,1.33333
46,3,9,0,1.33333
46,3,10,0,1.33333
46,3,11,0,1.33333
46,3,12,0,1.33333
46,3,13,0,1.33333
46,3,14,0,1.33333
46,3,15,0,1.33333
46,3,16,0,1.33333
46,3,17,0,1.33333
46,3,18,0,1.33333
46,3,19,0,1.33333
46,3,20,0,1.33333
46,3,21,0,1.33333
46,3,22,0,1.33333
46,3,23,0,1.33333
46,3,24,0,1.33333
46,3,25,0,1.33333
46,3,26,0,1.33333
46,3,27,0,1.33333
46,3,28,0,1.33333
46,3,29,0,1.33333
46,3,30,0,1.33333
46,3,31,0,1.33333
46,3,32,0,1.33333
46,3,33,0,1.33333
46,3,34,0,1.33333
46,3,35,3,1.33333
46,3,36,1,1.33333
46,3,37,0,1.33333
46,3,38,0,1.33333
46,3,39,0,1.33333
46,3,40,0,1.33333
46,3,41,0,1.33333
46,3,42,0,1.33333
46,3,43,0,1.33333
46,3,44,0,1.33333
46,3,45,0,1.33333
46,3,46,0,1.33333
46,3,47,0,1.33333
46,3,48,0,1.33333
46,3,49,0,1.33333
46,3,50,0,1.33333
46,3,51,0,1.33333
46,3,52,0,1.33333
46,3,53,0,1.33333
46,3,54,0,1.33333
46,3,55,0,1.33333
46,3,56,0,1.33333
46,3,57,0,1.33333
46,3,58,0,1.33333
46,3,59,0,1.33333
46,3,60,0,1.33333
46,3,61,0,1.33333
46,3,62,0,1.33333
46,3,63,0,1.33333
46,4,0,0,1.25
46,4,1,0,1.25
46,4,2,0,1.25
46,4,3,0,1.25
46,4,4,0,1.25
46,4,5,0,1.25
46,4,6,0,1.25
46,4,7,0,1.25
46,4,8,0,1.25
46,4,9,0,1.25
46,4,10,0,1.25
46,4,11,0,1.25
46,4,12,0,1.25
46,4,13,0,1.25
46,4,14,0,1.25
46,4,15,0,1.25
46,4,16,0,1.25
46,4,17,0,1.25
46,4,18,0,1.25
46,4,19,0,1.25
46,4,20,0,1.25
46,4,21,0,1.25
46,4,22,0,1.25
46,4,23,0,1.25
46,4,24,0,1.25
46,4,25,0,1.25
46,4,26,0,1.25
46,4,27,0,1.25
46,4,28,0,1.25
46,4,29,0,1.25
46,4,30,0,1.25
46,4,31,0,1.25
46,4,32,0,1.25
46,4,33,0,1.25
46,4,34,0,1.25
46,4,35,4,1.25
46,4,36,1,1.25
46,4,37,0,1.25
46,4,38,0,1.25
46,4,39,0,1.25
46,4,40,0,1.25
46,4,41,0,1.25
46,4,42,0,1.25
46,4,43,0,1.25
46,4,44,0,1.25
46,4,45,0,1.25
46,4,46,0,1.25
46,4,47,0,1.25
46,4,48,0,1.25
46,4,49,0,1.25
46,4,50,0,1.25
46,4,51,0,1.25
46,4,52,0,1.25
46,4,53,0,1.25
46,4,54,0,1.25
46,4,55,0,1.25
46,4,56,0,1.25
46,4,57,0,1.25
46,4,58,0,1.25
46,4,59,0,1.25
46,4,60,0,1.25
46,4,61,0,1.25
46,4,62,0,1.25
46,4,63,0,1.25
46,5,0,0,1.2
46,5,1,0,1.2
46,5,2,0,1.2
46,5,3,0,1.2
46,5,4,0,1.2
46,5,5,0,1.2
46,5,6,0,1.2
46,5,7,0,1.2
46,5,8,0,1.2
46,5,9,0,1.2
46,5,10,0,1.2
46,5,11,0,1.2
46,5,12,0,1.2
46,5,13,0,1.2
46,5,14,0,1.2
46,5,15,0,1.2
46,5,16,0,1.2
46,5,17,0,1.2
46,5,18,0,1.2
46,5,19,0,1.2
46,5,20,0,1.2
46,5,21,0,1.2
46,5,22,0,1.2
46,5,23,0,1.2
46,5,24,0,1.2
46,5,25,0,1.2
46,5,26,0,1.2
46,5,27,0,1.2
46,5,28,0,1.2
46,5,29,0,1.2
46,5,30,0,1.2
46,5,31,0,1.2
46,5,32,0,1.2
46,5,33,0,1.2
46,5,34,0,1.2
46,5,35,5,1.2
46,5,36,1,1.2
46,5,37,0,1.2
46,5,38,0,1.2
46,5,39,0,1.2
46,5,40,0,1.2
46,5,41,0,1.2
46,5,42,0,1.2
46,5,43,0,1.2
46,5,44,0,1.2
46,5,45,0,1.2
46,5,46,0,1.2
46,5,47,0,1.2
46,5,48,0,1.2
46,5,49,0,1.2
46,5,50,0,1.2
46,5,51,0,1.2
46,5,52,0,1.2
46,5,53,0,1.2
46,5,54,0,1.2
46,5,55,0,1.2
46,5,56,0,1.2
46,5,57,0,1.2
46,5,58,0,1.2
46,5,59,0,1.2
46,5,60,0,1.2
46,5,61,0,1.2
46,5,62,0,1.2
46,5,63,0,1.2
46,6,0,0,1.16667
46,6,1,0,1.16667
46,6,2,0,1.16667
46,6,3,0,1.16667
46,6,4,0,1.16667
46,6,5,0,1.16667
46,6,6,0,1.16667
46,6,7,0,1.16667
46,6,8,0,1.16667
46,6,9,0,1.16667
46,6,10,0,1.16667
46,6,11,0,1.16667
46,6,12,0,1.16667
46,6,13,0,1.16667
46,6,14,0,1.16667
46,6,15,0,1.16667
46,6,16,0,1.16667
46,6,17,0,1.16667
46,6,18,0,1.16667
46,6,19,0,1.16667
46,6,20,0,1.16667
46,6,21,0,1.16667
46,6,22,0,1.16667
46,6,23,0,1.16667
46,6,24,0,1.16667
46,6,25,0,1.16667
46,6,26,0,1.16667
46,6,27,0,1.16667
46,6,28,0,1.16667
46,6,29,0,1.16667
46,6,30,0,1.16667
46,6,31,0,1.16667
46,6,32,0,1.16667
46,6,33,0,1.16667
46,6,34,0,1.16667
46,6,35,6,1.16667
46,6,36,1,1.16667
46,6,37,0,1.16667
46,6,38,0,1.16667
46,6,39,0,1.16667
46,6,40,0,1.16667
46,6,41,0,1.16667
46,6,42,0,1.16667
46,6,43,0,1.16667
46,6,44,0,1.16667
46,6,45,0,1.16667
46,6,46,0,1.16667
46,6,47,0,1.16667
46,6,48,0,1.16667
46,6,49,0,1.16667
46,6,50,0,1.16667
46,6,51,0,1.16667
46,6,52,0,1.16667
46,6,53,0,1.16667
46,6,54,0,1.16667
46,6,55,0,1.16667
46,6,56,0,1.16667
46,6,57,0,1.16667
46,6,58,0,1.16667
46,6,59,0,1.16667
46,6,60,0,1.16667
46,6,61,0,1.16667
46,6,62,0,1.16667
46,6,63,0,1.16667
46,7,0,0,1.14286
46,7,1,0,1.14286
46,7,2,0,1.14286
46,7,3,0,1.14286
46,7,4,0,1.14286
46,7,5,0,1.14286
46,7,6,0,1.14286
46,7,7,0,1.14286
46,7,8,0,1.14286
46,7,9,0,1.14286
46,7,10,0,1.14286
46,7,11,0,1.14286
46,7,12,0,1.14286
46,7,13,0,1.14286
46,7,14,0,1.14286
46,7,15,0,1.14286
46,7,16,0,1.14286
46,7,17,0,1.14286
46,7,18,0,1.14286
46,7,19,0,1.14286
46,7,20,0,1.14286
46,7,21,0,1.14286
46,7,22,0,1.14286
46,7,23,0,1.14286
46,7,24,0,1.14286
46,7,25,0,1.14286
46,7,26,0,1.14286
46,7,27,0,1.14286
46,7,28,0,1.14286
46,7,29,0,1.14286
46,7,30,0,1.14286
46,7,31,0,1.14286
46,7,32,0,1.14286
46,7,33,0,1.14286
46,7,34,0,1.14286
46,7,35,7,1.14286
46,7,36,1,1.14286
46,7,37,0,1.14286
46,7,38,0,1.14286
46,7,39,0,1.14286
46,7,40,0,1.14286
46,7,41,0,1.14286
46,7,42,0,1.14286
46,7,43,0,1.14286
46,7,44,0,1.14286
46,7,45,0,1.14286
46,7,46,0,1.14286
46,7,47,0,1.14286
46,7,48,0,1.14286
46,7,49,0,1.14286
46,7,50,0,1.14286
46,7,51,0,1.14286
46,7,52,0,1.14286
46,7,53,0,1.14286
46,7,54,0,1.14286
46,7,55,0,1.14286
46,7,56,0,1.14286
46,7,57,0,1.14286
46,7,58,0,1.14286
46,7,59,0,1.14286
46,7,60,0,1.14286
46,7,61,0,1.14286
46,7,62,0,1.14286
46,7,63,0,1.14286
46,8,0,0,1.25
46,8,1,0,1.25
46,8,2,0,1.25
46,8,3,0,1.25
46,8,4,0,1.25
46,8,5,0,1.25
46,8,6,0,1.25
46,8,7,0,1.25
46,8,8,0,1.25
46,8,9,0,1.25
46,8,10,0,1.25
46,8,11,0,1.25
46,8,12,0,1.25
46,8,13,0,1.25
46,8,14,0,1.25
46,8,15,0,1.25
46,8,16,0,1.25
46,8,17,0,1.25
46,8,18,0,1.25
46,8,19,0,1.25
46,8,20,0,1.25
46,8,21,0,1.25
46,8,22,0,1.25
46,8,23,0,1.25
46,8,24,0,1.25
46,8,25,0,1.25
46,8,26,0,1.25
46,8,27,0,1.25
46,8,28,0,1.25
46,8,29,0,1.25
46,8,30,0,1.25
46,8,31,0,1.25
46,8,32,0,1.25
46,8,33,0,1.25
46,8,34,0,1.25
46,8,35,9,1.25
46,8,36,1,1.25
46,8,37,0,1.25
46,8,38,0,1.25
46,8,39,0,1.25
46,8,40,0,1.25
46,8,41,0,1.25
46,8,42,0,1.25
46,8,43,0,1.25
46,8,44,0,1.25
46,8,45,0,1.25
46,8,46,0,1.25
46,8,47,0,1.25
46,8,48,0,1.25
46,8,49,0,1.25
46,8,50,0,1.25
46,8,51,0,1.25
46,8,52,0,1.25
46,8,53,0,1.25
46,8,54,0,1.25
46,8,55,0,1.25
46,8,56,0,1.25
46,8,57,0,1.25
46,8,58,0,1.25
46,8,59,0,1.25
46,8,60,0,1.25
46,8,61,0,1.25
46,8,62,0,1.25
46,8,63,0,1.25
46,9,0,0,1.22222
46,9,1,0,1.22222
46,9,2,0,1.22222
46,9,3,0,1.22222
46,9,4,0,1.22222
46,9,5,0,1.22222
46,9,6,0,1.22222
46,9,7,0,1.22222
46,9,8,0,1.22222
46,9,9,0,1.22222
46,9,10,0,1.22222
46,9,11,0,1.22222
46,9,12,0,1.22222
46,9,13,0,1.22222
46,9,14,0,1.22222
46,9,15,0,1.22222
46,9,16,0,1.22222
46,9,17,0,1.22222
46,9,18,0,1.22222
46,9,19,0,1.22222
46,9,20,0,1.22222
46,9,21,0,1.22222
46,9,22,0,1.22222
46,9,23,0,1.22222
46,9,24,0,1.22222
46,9,25,0,1.22222
46,9,26,0,1.22222
46,9,27,0,1.22222
46,9,28,0,1.22222
46,9,29,0,1.22222
46,9,30,0,1.22222
46,9,31,0,1.22222
46,9,32,0,1.22222
46,9,33,0,1.22222
46,9,34,0,1.22222
46,9,35,10,1.22222
46,9,36,1,1.22222
46,9,37,0,1.22222
46,9,38,0,1.22222
46,9,39,0,1.22222
46,9,40,0,1.22222
46,9,41,0,1.22222
46,9,42,0,1.22222
46,9,43,0,1.22222
46,9,44,0,1.22222
46,9,45,0,1.22222
46,9,46,0,1.22222
46,9,47,0,1.22222
46,9,48,0,1.22222
46,9,49,0,1.22222
46,9,50,0,1.22222
46,9,51,0,1.22222
46,9,52,0,1.22222
46,9,53,0,1.22222
46,9,54,0,1.22222
46,9,55,0,1.22222
46,9,56,0,1.22222
46,9,57,0,1.22222
46,9,58,0,1.22222
46,9,59,0,1.22222
46,9,60,0,1.22222
46,9,61,0,1.22222
46,9,62,0,1.22222
46,9,63,0,1.22222
46,10,0,0,1.2
46,10,1,0,1.2
46,10,2,0,1.2
46,10,3,0,1.2
46,10,4,0,1.2
46,10,5,0,1.2
46,10,6,0,1.2
46,10,7,0,1.2
46,10,8,0,1.2
46,10,9,0,1.2
46,10,10,0,1.2
46,10,11,0,1.2
46,10,12,0,1.2
46,10,13,0,1.2
46,10,14,0,1.2
46,10,15,0,1.2
46,10,16,0,1.2
46,10,17,0,1.2
46,10,18,0,1.2
46,10,19,0,1.2
46,10,20,0,1.2
46,10,21,0,1.2
46,10,22,0,1.2
46,10,23,0,1.2
46,10,24,0,1.2
46,10,25,0,1.2
46,10,26,0,1.2
46,10,27,0,1.2
46,10,28,0,1.2
46,10,29,0,1.2
46,10,30,0,1.2
46,10,31,0,1.2
46,10,32,0,1.2
46,10,33,0,1.2
46,10,34,0,1.2
46,10,35,11,1.2
46,10,36,1,1.2
46,10,37,0,1.2
46,10,38,0,1.2
46,10,39,0,1.2
46,10,40,0,1.2
46,10,41,0,1.2
46,10,42,0,1.2
46,10,43,0,1.2
46,10,44,0,1.2
46,10,45,0,1.2
46,10,46,0,1.2
46,10,47,0,1.2
46,10,48,0,1.2
46,10,49,0,1.2
46,10,50,0,1.2
46,10,51,0,1.2
46,10,52,0,1.2
46,10,53,0,1.2
46,10,54,0,1.2
46,10,55,0,1.2
46,10,56,0,1.2
46,10,57,0,1.2
46,10,58,0,1.2
46,10,59,0,1.2
46,10,60,0,1.2
46,10,61,0,1.2
46,10,62,0,1.2
46,10,63,0,1.2
46,11,0,0,1.18182
46,11,1,0,1.18182
46,11,2,0,1.18182
46,11,3,0,1.18182
46,11,4,0,1.18182
46,11,5,0,1.18182
46,11,6,0,1.18182
46,11,7,0,1.18182
46,11,8,0,1.18182
46,11,9,0,1.18182
46,11,10,0,1.18182
46,11,11,0,1.18182
46,11,12,0,1.18182
46,11,13,0,1.18182
46,11,14,0,1.18182
46,11,15,0,1.18182
46,11,16,0,1.18182
46,11,17,0,1.18182
46,11,18,0,1.18182
46,11,19,0,1.18182
46,11,20,0,1.18182
46,11,21,0,1.18182
46,11,22,0,1.18182
46,11,23,0,1.18182
46,11,24,0,1.18182
46,11,25,0,1.18182
46,11,26,0,1.18182
46,11,27,0,1.18182
46,11,28,0,1.18182
46,11,29,0,1.18182
46,11,30,0,1.18182
46,11,31,0,1.18182
46,11,32,0,1.18182
46,11,33,0,1.18182
46,11,34,0,1.18182
46,11,35,12,1.18182
46,11,36,1,1.18182
46,11,37,0,1.18182
46,11,38,0,1.18182
46,11,39,0,1.18182
46,11,40,0,1.18182
46,11,41,0,1.18182
46,11,42,0,1.18182
46,11,43,0,1.18182
46,11,44,0,1.18182
46,11,45,0,1.18182
46,11,46,0,1.18182
46,11,47,0,1.18182
46,11,48,0,1.18182
46,11,49,0,1.18182
46,11,50,0,1.18182
46,11,51,0,1.18182
46,11,52,0,1.18182
46,11,53,0,1.18182
46,11,54,0,1.18182
46,11,55,0,1.18182
46,11,56,0,1.18182
46,11,57,0,1.18182
46,11,58,0,1.18182
46,11,59,0,1.18182
46,11,60,0,1.18182
46,11,61,0,1.18182
46,11,62,0,1.18182
46,11,63,0,1.18182
46,12,0,0,1.16667
46,12,1,0,1.16667
46,12,2,0,1.16667
46,12,3,0,1.16667
46,12,4,0,1.16667
46,12,5,0,1.16667
46,12,6,0,1.16667
46,12,7,0,1.16667
46,12,8,0,1.16667
46,12,9,0,1.16667
46,12,10,0,1.16667
46,12,11,0,1.16667
46,12,12,0,1.16667
46,12,13,0,1.16667
46,12,14,0,1.16667
46,12,15,0,1.16667
46,12,16,0,1.16667
46,12,17,0,1.16667
46,12,18,0,1.16667
46,12,19,0,1.16667
46,12,20,0,1.16667
46,12,21,0,1.16667
46,12,22,0,1.16667
46,12,23,0,1.16667
46,12,24,0,1.16667
46,12,25,0,1.16667
46,12,26,0,1.16667
46,12,27,0,1.16667
46,12,28,0,1.16667
46,12,29,0,1.16667
46,12,30,0,1.16667
46,12,31,0,1.16667
46,12,32,0,1.16667
46,12,33,0,1.16667
46,12,34,0,1.16667
46,12,35,13,1.16667
46,12,36,1,1.16667
46,12,37,0,1.16667
46,12,38,0,1.16667
46,12,39,0,1.16667
46,12,40,0,1.16667
46,12,41,0,1.16667
46,12,42,0,1.16667
46,12,43,0,1.16667
46,12,44,0,1.16667
46,12,45,0,1.16667
46,12,46,0,1.16667
46,12,47,0,1.16667
46,12,48,0,1.16667
46,12,49,0,1.16667
46,12,50,0,1.16667
46,12,51,0,1.16667
46,12,52,0,1.16667
46,12,53,0,1.16667
46,12,54,0,1.16667
46,12,55,0,1.16667
46,12,56,0,1.16667
46,12,57,0,1.16667
46,12,58,0,1.16667
46,12,59,0,1.16667
46,12,60,0,1.16667
46,12,61,0,1.16667
46,12,62,0,1.16667
46,12,63,0,1.16667
46,13,0,0,1.15385
46,13,1,0,1.15385
46,13,2,0,1.15385
46,13,3,0,1.15385
46,13,4,0,1.15385
46,13,5,0,1.15385
46,13,6,0,1.15385
46,13,7,0,1.15385
46,13,8,0,1.15385
46,13,9,0,1.15385
46,13,10,0,1.15385
46,13,11,0,1.15385
46,13,12,0,1.15385
46,13,13,0,1.15385
46,13,14,0,1.15385
46,13,15,0,1.15385
46,13,16,0,1.15385
46,13,17,0,1.15385
46,13,18,0,1.15385
46,13,19,0,1.15385
46,13,20,0,1.15385
46,13,21,0,1.15385
46,13,22,0,1.15385
46,13,23,0,1.15385
46,13,24,0,1.15385
46,13,25,0,1.15385
46,13,26,0,1.15385
46,13,27,0,1.15385
46,13,28,0,1.15385
46,13,29,0,1.15385
46,13,30,0,1.15385
46,13,31,0,1.15385
46,13,32,0,1.15385
46,13,33,0,1.15385
46,13,34,0,1.15385
46,13,35,14,1.15385
46,13,36,1,1.15385
46,13,37,0,1.15385
46,13,38,0,1.15385
46,13,39,0,1.15385
46,13,40,0,1.15385
46,13,41,0,1.15385
46,13,42,0,1.15385
46,13,43,0,1.15385
46,13,44,0,1.15385
46,13,45,0,1.15385
46,13,46,0,1.15385
46,13,47,0,1.15385
46,13,48,0,1.15385
46,13,49,0,1.15385
46,13,50,0,1.15385
46,13,51,0,1.15385
46,13,52,0,1.15385
46,13,53,0,1.15385
46,13,54,0,1.15385
46,13,55,0,1.15385
46,13,56,0,1.15385
46,13,57,0,1.15385
46,13,58,0,1.15385
46,13,59,0,1.15385
46,13,60,0,1.15385
46,13,61,0,1.15385
46,13,62,0,1.15385
46,13,63,0,1.15385
46,14,0,0,1.21429
46,14,1,0,1.21429
46,14,2,0,1.21429
46,14,3,0,1.21429
46,14,4,0,1.21429
46,14,5,0,1.21429
46,14,6,0,1.21429
46,14,7,0,1.21429
46,14,8,0,1.21429
46,14,9,0,1.21429
46,14,10,0,1.21429
46,14,11,0,1.21429
46,14,12,0,1.21429
46,14,13,0,1.21429
46,14,14,0,1.21429
46,14,15,0,1.21429
46,14,16,0,1.21429
46,14,17,0,1.21429
46,14,18,0,1.21429
46,14,19,0,1.21429
46,14,20,0,1.21429
46,14,21,0,1.21429
46,14,22,0,1.21429
46,14,23,0,1.21429
46,14,24,0,1.21429
46,14,25,0,1.21429
46,14,26,0,1.21429
46,14,27,0,1.21429
46,14,28,0,1.21429
46,14,29,0,1.21429
46,14,30,0,1.21429
46,14,31,0,1.21429
46,14,32,0,1.21429
46,14,33,0,1.21429
46,14,34,0,1.21429
46,14,35,16,1.21429
46,14,36,1,1.21429
46,14,37,0,1.21429
46,14,38,0,1.21429
46,14,39,0,1.21429
46,14,40,0,1.21429
46,14,41,0,1.21429
46,14,42,0,1.21429
46,14,43,0,1.21429
46,14,44,0,1.21429
46,14,45,0,1.21429
46,14,46,0,1.21429
46,14,47,0,1.21429
46,14,48,0,1.21429
46,14,49,0,1.21429
46,14,50,0,1.21429
46,14,51,0,1.21429
46,14,52,0,1.21429
46,14,53,0,1.21429
46,14,54,0,1.21429
46,14,55,0,1.21429
46,14,56,0,1.21429
46,14,57,0,1.21429
46,14,58,0,1.21429
46,14,59,0,1.21429
46,14,60,0,1.21429
46,14,61,0,1.21429
46,14,62,0,1.21429
46,14,63,0,1.21429
46,15,0,0,1.2
46,15,1,0,1.2
46,15,2,0,1.2
46,15,3,0,1.2
46,15,4,0,1.2
46,15,5,0,1.2
46,15,6,0,1.2
46,15,7,0,1.2
46,15,8,0,1.2
46,15,9,0,1.2
46,15,10,0,1.2
46,15,11,0,1.2
46,15,12,0,1.2
46,15,13,0,1.2
46,15,14,0,1.2
46,15,15,0,1.2
46,15,16,0,1.2
46,15,17,0,1.2
46,15,18,0,1.2
46,15,19,0,1.2
46,15,20,0,1.2
46,15,21,0,1.2
46,15,22,0,1.2
46,15,23,0,1.2
46,15,24,0,1.2
46,15,25,0,1.2
46,15,26,0,1.2
46,15,27,0,1.2
46,15,28,0,1.2
46,15,29,0,1.2
46,15,30,0,1.2
46,15,31,0,1.2
46,15,32,0,1.2
46,15,33,0,1.2
46,15,34,0,1.2
46,15,35,17,1.2
46,15,36,1,1.2
46,15,37,0,1.2
46,15,38,0,1.2
46,15,39,0,1.2
46,15,40,0,1.2
46,15,41,0,1.2
46,15,42,0,1.2
46,15,43,0,1.2
46,15,44,0,1.2
46,15,45,0,1.2
46,15,46,0,1.2
46,15,47,0,1.2
46,15,48,0,1.2
46,15,49,0,1.2
46,15,50,0,1.2
46,15,51,0,1.2
46,15,52,0,1.2
46,15,53,0,1.2
46,15,54,0,1.2
46,15,55,0,1.2
46,15,56,0,1.2
46,15,57,0,1.2
46,15,58,0,1.2
46,15,59,0,1.2
46,15,60,0,1.2
46,15,61,0,1.2
46,15,62,0,1.2
46,15,63,0,1.2
46,16,0,0,1.1875
46,16,1,0,1.1875
46,16,2,0,1.1875
46,16,3,0,1.1875
46,16,4,0,1.1875
46,16,5,0,1.1875
46,16,6,0,1.1875
46,16,7,0,1.1875
46,16,8,0,1.1875
46,16,9,0,1.1875
46,16,10,0,1.1875
46,16,11,0,1.1875
46,16,12,0,1.1875
46,16,13,0,1.1875
46,16,14,0,1.1875
46,16,15,0,1.1875
46,16,16,0,1.1875
46,16,17,0,1.1875
46,16,18,0,1.1875
46,16,19,0,1.1875
46,16,20,0,1.1875
46,16,21,0,1.1875
46,16,22,0,1.1875
46,16,23,0,1.1875
46,16,24,0,1.1875
46,16,25,0,1.1875
46,16,26,0,1.1875
46,16,27,0,1.1875
46,16,28,0,1.1875
46,16,29,0,1.1875
46,16,30,0,1.1875
46,16,31,0,1.1875
46,16,32,0,1.1875
46,16,33,0,1.1875
46,16,34,0,1.1875
46,16,35,18,1.1875
46,16,36,1,1.1875
46,16,37,0,1.1875
46,16,38,0,1.1875
46,16,39,0,1.1875
46,16,40,0,1.1875
46,16,41,0,1.1875
46,16,42,0,1.1875
46,16,43,0,1.1875
46,16,44,0,1.1875
46,16,45,0,1.1875
46,16,46,0,1.1875
46,16,47,0,1.1875
46,16,48,0,1.1875
46,16,49,0,1.1875
46,16,50,0,1.1875
46,16,51,0,1.1875
46,16,52,0,1.1875
46,16,53,0,1.1875
46,16,54,0,1.1875
46,16,55,0,1.1875
46,16,56,0,1.1875
46,16,57,0,1.1875
46,16,58,0,1.1875
46,16,59,0,1.1875
46,16,60,0,1.1875
46,16,61,0,1.1875
46,16,62,0,1.1875
46,16,63,0,1.1875
46,17,0,0,1.29412
46,17,1,0,1.29412
46,17,2,0,1.29412
46,17,3,0,1.29412
46,17,4,0,1.29412
46,17,5,0,1.29412
46,17,6,0,1.29412
46,17,7,0,1.29412
46,17,8,0,1.29412
46,17,9,0,1.29412
46,17,10,0,1.29412
46,17,11,0,1.29412
46,17,12,0,1.29412
46,17,13,0,1.29412
46,17,14,0,1.29412
46,17,15,0,1.29412
46,17,16,0,1.29412
46,17,17,0,1.29412
46,17,18,0,1.29412
46,17,19,0,1.29412
46,17,20,0,1.29412
46,17,21,0,1.29412
46,17,22,0,1.29412
46,17,23,0,1.29412
46,17,24,0,1.29412
46,17,25,0,1.29412
46,17,26,0,1.29412
46,17,27,0,1.29412
46,17,28,0,1.29412
46,17,29,0,1.29412
46,17,30,0,1.29412
46,17,31,0,1.29412
46,17,32,0,1.29412
46,17,33,0,1.29412
46,17,34,0,1.29412
46,17,35,21,1.29412
46,17,36,1,1.29412
46,17,37,0,1.29412
46,17,38,0,1.29412
46,17,39,0,1.29412
46,17,40,0,1.29412
46,17,41,0,1.29412
46,17,42,0,1.29412
46,17,43,0,1.29412
46,17,44,0,1.29412
46,17,45,0,1.29412
46,17,46,0,1.29412
46,17,47,0,1.29412
46,17,48,0,1.29412
46,17,49,0,1.29412
46,17,50,0,1.29412
46,17,51,0,1.29412
46,17,52,0,1.29412
46,17,53,0,1.29412
46,17,54,0,1.29412
46,17,55,0,1.29412
46,17,56,0,1.29412
46,17,57,0,1.29412
46,17,58,0,1.29412
46,17,59,0,1.29412
46,17,60,0,1.29412
46,17,61,0,1.29412
46,17,62,0,1.29412
46,17,63,0,1.29412
46,18,0,0,1.27778
46,18,1,0,1.27778
46,18,2,0,1.27778
46,18,3,0,1.27778
46,18,4,0,1.27778
46,18,5,0,1.27778
46,18,6,0,1.27778
46,18,7,0,1.27778
46,18,8,0,1.27778
46,18,9,0,1.27778
46,18,10,0,1.27778
46,18,11,0,1.27778
46,18,12,0,1.27778
46,18,13,0,1.27778
46,18,14,0,1.27778
46,18,15,0,1.27778
46,18,16,0,1.27778
46,18,17,0,1.27778
46,18,18,0,1.27778
46,18,19,0,1.27778
46,18,20,0,1.27778
46,18,21,0,1.27778
46,18,22,0,1.27778
46,18,23,0,1.27778
46,18,24,0,1.27778
46,18,25,0,1.27778
46,18,26,0,1.27778
46,18,27,0,1.27778
46,18,28,0,1.27778
46,18,29,0,1.27778
46,18,30,0,1.27778
46,18,31,0,1.27778
46,18,32,0,1.27778
46,18,33,0,1.27778
46,18,34,0,1.27778
46,18,35,22,1.27778
46,18,36,1,1.27778
46,18,37,0,1.27778
46,18,38,0,1.27778
46,18,39,0,1.27778
46,18,40,0,1.27778
46,18,41,0,1.27778
46,18,42,0,1.27778
46,18,43,0,1.27778
46,18,44,0,1.27778
46,18,45,0,1.27778
46,18,46,0,1.27778
46,18,47,0,1.27778
46,18,48,0,1.27778
46,18,49,0,1.27778
46,18,50,0,1.27778
46,18,51,0,1.27778
46,18,52,0,1.27778
46,18,53,0,1.27778
46,18,54,0,1.27778
46,18,55,0,1.27778
46,18,56,0,1.27778
46,18,57,0,1.27778
46,18,58,0,1.27778
46,18,59,0,1.27778
46,18,60,0,1.27778
46,18,61,0,1.27778
46,18,62,0,1.27778
46,18,63,0,1.27778
46,19,0,0,1.31579
46,19,1,0,1.31579
46,19,2,0,1.31579
46,19,3,0,1.31579
46,19,4,0,1.31579
46,19,5,0,1.31579
46,19,6,0,1.31579
46,19,7,0,1.31579
46,19,8,0,1.31579
46,19,9,0,1.31579
46,19,10,0,1.31579
46,19,11,0,1.31579
46,19,12,0,1.31579
46,19,13,0,1.31579
46,19,14,0,1.31579
46,19,15,0,1.31579
46,19,16,0,1.31579
46,19,17,0,1.31579
46,19,18,0,1.31579
46,19,19,0,1.31579
46,19,20,0,1.31579
46,19,21,0,1.31579
46,19,22,0,1.31579
46,19,23,0,1.31579
46,19,24,0,1.31579
46,19,25,0,1.31579
46,19,26,0,1.31579
46,19,27,0,1.31579
46,19,28,0,1.31579
46,19,29,0,1.31579
46,19,30,0,1.31579
46,19,31,0,1.31579
46,19,32,0,1.31579
46,19,33,0,1.31579
46,19,34,0,1.31579
46,19,35,24,1.31579
46,19,36,1,1.31579
46,19,37,0,1.31579
46,19,38,0,1.31579
46,19,39,0,1.31579
46,19,40,0,1.31579
46,19,41,0,1.31579
46,19,42,0,1.31579
46,19,43,0,1.31579
46,19,44,0,1.31579
46,19,45,0,1.31579
46,19,46,0,1.31579
46,19,47,0,1.31579
46,19,48,0,1.31579
46,19,49,0,1.31579
46,19,50,0,1.31579
46,19,51,0,1.31579
46,19,52,0,1.31579
46,19,53,0,1.31579
46,19,54,0,1.31579
46,19,55,0,1.31579
46,19,56,0,1.31579
46,19,57,0,1.31579
46,19,58,0,1.31579
46,19,59,0,1.31579
46,19,60,0,1.31579
46,19,61,0,1.31579
46,19,62,0,1.31579
46,19,63,0,1.31579
46,20,0,0,1.3
46,20,1,0,1.3
46,20,2,0,1.3
46,20,3,0,1.3
46,20,4,0,1.3
46,20,5,0,1.3
46,20,6,0,1.3
46,20,7,0,1.3
46,20,8,0,1.3
46,20,9,0,1.3
46,20,10,0,1.3
46,20,11,0,1.3
46,20,12,0,1.3
46,20,13,0,1.3
46,20,14,0,1.3
46,20,15,0,1.3
46,20,16,0,1.3
46,20,17,0,1.3
46,20,18,0,1.3
46,20,19,0,1.3
46,20,20,0,1.3
46,20,21,0,1.3
46,20,22,0,1.3
46,20,23,0,1.3
46,20,24,0,1.3
46,20,25,0,1.3
46,20,26,0,1.3
46,20,27,0,1.3
46,20,28,0,1.3
46,20,29,0,1.3
46,20,30,0,1.3
46,20,31,0,1.3
46,20,32,0,1.3
46,20,33,0,1.3
46,20,34,0,1.3
46,20,35,25,1.3
46,20,36,1,1.3
46,20,37,0,1.3
46,20,38,0,1.3
46,20,39,0,1.3
46,20,40,0,1.3
46,20,41,0,1.3
46,20,42,0,1.3
46,20,43,0,1.3
46,20,44,0,1.3
46,20,45,0,1.3
46,20,46,0,1.3
46,20,47,0,1.3
46,20,48,0,1.3
46,20,49,0,1.3
46,20,50,0,1.3
46,20,51,0,1.3
46,20,52,0,1.3
46,20,53,0,1.3
46,20,54,0,1.3
46,20,55,0,1.3
46,20,56,0,1.3
46,20,57,0,1.3
46,20,58,0,1.3
46,20,59,0,1.3
46,20,60,0,1.3
46,20,61,0,1.3
46,20,62,0,1.3
46,20,63,0,1.3
46,21,0,0,1.38095
46,21,1,0,1.38095
46,21,2,0,1.38095
46,21,3,0,1.38095
46,21,4,0,1.38095
46,21,5,0,1.38095
46,21,6,0,1.38095
46,21,7,0,1.38095
46,21,8,0,1.38095
46,21,9,0,1.38095
46,21,10,0,1.38095
46,21,11,0,1.38095
46,21,12,0,1.38095
46,21,13,0,1.38095
46,21,14,0,1.38095
46,21,15,0,1.38095
46,21,16,0,1.38095
46,21,17,0,1.38095
46,21,18,0,1.38095
46,21,19,0,1.38095
46,21,20,0,1.38095
46,21,21,0,1.38095
46,21,22,0,1.38095
46,21,23,0,1.38095
46,21,24,0,1.38095
46,21,25,0,1.38095
46,21,26,0,1.38095
46,21,27,0,1.38095
46,21,28,0,1.38095
46,21,29,0,1.38095
46,21,30,0,1.38095
46,21,31,0,1.38095
46,21,32,0,1.38095
46,21,33,0,1.38095
46,21,34,0,1.38095
46,21,35,28,1.38095
46,21,36,1,1.38095
46,21,37,0,1.38095
46,21,38,0,1.38095
46,21,39,0,1.38095
46,21,40,0,1.38095
46,21,41,0,1.38095
46,21,42,0,1.38095
46,21,43,0,1.38095
46,21,44,0,1.38095
46,21,45,0,1.38095
46,21,46,0,1.38095
46,21,47,0,1.38095
46,21,48,0,1.38095
46,21,49,0,1.38095
46,21,50,0,1.38095
46,21,51,0,1.38095
46,21,52,0,1.38095
46,21,53,0,1.38095
46,21,54,0,1.38095
46,21,55,0,1.38095
46,21,56,0,1.38095
46,21,57,0,1.38095
46,21,58,0,1.38095
46,21,59,0,1.38095
46,21,60,0,1.38095
46,21,61,0,1.38095
46,21,62,0,1.38095
46,21,63,0,1.38095
46,22,0,0,1.45455
46,22,1,0,1.45455
46,22,2,0,1.45455
46,22,3,0,1.45455
46,22,4,0,1.45455
46,22,5,0,1.45455
46,22,6,0,1.45455
46,22,7,0,1.45455
46,22,8,0,1.45455
46,22,9,0,1.45455
46,22,10,0,1.45455
46,22,11,0,1.45455
46,22,12,0,1.45455
46,22,13,0,1.45455
46,22,14,0,1.45455
46,22,15,0,1.45455
46,22,16,0,1.45455
46,22,17,0,1.45455
46,22,18,0,1.45455
46,22,19,0,1.45455
46,22,20,0,1.45455
46,22,21,0,1.45455
46,22,22,0,1.45455
46,22,23,0,1.45455
46,22,24,0,1.45455
46,22,25,0,1.45455
46,22,26,0,1.45455
46,22,27,0,1.45455
46,22,28,0,1.45455
46,22,29,0,1.45455
46,22,30,0,1.45455
46,22,31,0,1.45455
46,22,32,0,1.45455
46,22,33,0,1.45455
46,22,34,0,1.45455
46,22,35,31,1.45455
46,22,36,1,1.45455
46,22,37,0,1.45455
46,22,38,0,1.45455
46,22,39,0,1.45455
46,22,40,0,1.45455
46,22,41,0,1.45455
46,22,42,0,1.45455
46,22,43,0,1.45455
46,22,44,0,1.45455
46,22,45,0,1.45455
46,22,46,0,1.45455
46,22,47,0,1.45455
46,22,48,0,1.45455
46,22,49,0,1.45455
46,22,50,0,1.45455
46,22,51,0,1.45455
46,22,52,0,1.45455
46,22,53,0,1.45455
46,22,54,0,1.45455
46,22,55,0,1.45455
46,22,56,0,1.45455
46,22,57,0,1.45455
46,22,58,0,1.45455
46,22,59,0,1.45455
46,22,60,0,1.45455
46,22,61,0,1.45455
46,22,62,0,1.45455
46,22,63,0,1.45455
46,23,0,0,1.47826
46,23,1,0,1.47826
46,23,2,0,1.47826
46,23,3,0,1.47826
46,23,4,0,1.47826
46,23,5,0,1.47826
46,23,6,0,1.47826
46,23,7,0,1.47826
46,23,8,0,1.47826
46,23,9,0,1.47826
46,23,10,0,1.47826
46,23,11,0,1.47826
46,23,12,0,1.47826
46,23,13,0,1.47826
46,23,14,0,1.47826
46,23,15,0,1.47826
46,23,16,0,1.47826
46,23,17,0,1.47826
46,23,18,0,1.47826
46,23,19,0,1.47826
46,23,20,0,1.47826
46,23,21,0,1.47826
46,23,22,0,1.47826
46,23,23,0,1.47826
46,23,24,0,1.47826
46,23,25,0,1.47826
46,23,26,0,1.47826
46,23,27,0,1.47826
46,23,28,0,1.47826
46,23,29,0,1.47826
46,23,30,0,1.47826
46,23,31,0,1.47826
46,23,32,0,1.47826
46,23,33,0,1.47826
46,23,34,0,1.47826
46,23,35,33,1.47826
46,23,36,1,1.47826
46,23,37,0,1.47826
46,23,38,0,1.47826
46,23,39,0,1.47826
46,23,40,0,1.47826
46,23,41,0,1.47826
46,23,42,0,1.47826
46,23,43,0,1.47826
46,23,44,0,1.47826
46,23,45,0,1.47826
46,23,46,0,1.47826
46,23,47,0,1.47826
46,23,48,0,1.47826
46,23,49,0,1.47826
46,23,50,0,1.47826
46,23,51,0,1.47826
46,23,52,0,1.47826
46,23,53,0,1.47826
46,23,54,0,1.47826
46,23,55,0,1.47826
46,23,56,0,1.47826
46,23,57,0,1.47826
46,23,58,0,1.47826
46,23,59,0,1.47826
46,23,60,0,1.47826
46,23,61,0,1.47826
46,23,62,0,1.47826
46,23,63,0,1.47826
46,24,0,0,1.45833
46,24,1,0,1.45833
46,24,2,0,1.45833
46,24,3,0,1.45833
46,24,4,0,1.45833
46,24,5,0,1.45833
46,24,6,0,1.45833
46,24,7,0,1.45833
46,24,8,0,1.45833
46,24,9,0,1.45833
46,24,10,0,1.45833
46,24,11,0,1.45833
46,24,12,0,1.45833
46,24,13,0,1.45833
46,24,14,0,1.45833
46,24,15,0,1.45833
46,24,16,0,1.45833
46,24,17,0,1.45833
46,24,18,0,1.45833
46,24,19,0,1.45833
46,24,20,0,1.45833
46,24,21,0,1.45833
46,24,22,0,1.45833
46,24,23,0,1.45833
46,24,24,0,1.45833
46,24,25,0,1.45833
46,24,26,0,1.45833
46,24,27,0,1.45833
46,24,28,0,1.45833
46,24,29,0,1.45833
46,24,30,0,1.45833
46,24,31,0,1.45833
46,24,32,0,1.45833
46,24,33,0,1.45833
46,24,34,0,1.45833
46,24,35,34,1.45833
46,24,36,1,1.45833
46,24,37,0,1.45833
46,24,38,0,1.45833
46,24,39,0,1.45833
46,24,40,0,1.45833
46,24,41,0,1.45833
46,24,42,0,1.45833
46,24,43,0,1.45833
46,24,44,0,1.45833
46,24,45,0,1.45833
46,24,46,0,1.45833
46,24,47,0,1.45833
46,24,48,0,1.45833
46,24,49,0,1.45833
46,24,50,0,1.45833
46,24,51,0,1.45833
46,24,52,0,1.45833
46,24,53,0,1.45833
46,24,54,0,1.45833
46,24,55,0,1.45833
46,24,56,0,1.45833
46,24,57,0,1.45833
46,24,58,0,1.45833
46,24,59,0,1.45833
46,24,60,0,1.45833
46,24,61,0,1.45833
46,24,62,0,1.45833
46,24,63,0,1.45833
46,25,0,0,1.52
46,25,1,0,1.52
46,25,2,0,1.52
46,25,3,0,1.52
46,25,4,0,1.52
46,25,5,0,1.52
46,25,6,0,1.52
46,25,7,0,1.52
46,25,8,0,1.52
46,25,9,0,1.52
46,25,10,0,1.52
46,25,11,0,1.52
46,25,12,0,1.52
46,25,13,0,1.52
46,25,14,0,1.52
46,25,15,0,1.52
46,25,16,0,1.52
46,25,17,0,1.52
46,25,18,0,1.52
46,25,19,0,1.52
46,25,20,0,1.52
46,25,21,0,1.52
46,25,22,0,1.52
46,25,23,0,1.52
46,25,24,0,1.52
46,25,25,0,1.52
46,25,26,0,1.52
46,25,27,0,1.52
46,25,28,0,1.52
46,25,29,0,1.52
46,25,30,0,1.52
46,25,31,0,1.52
46,25,32,0,1.52
46,25,33,0,1.52
46,25,34,0,1.52
46,25,35,37,1.52
46,25,36,1,1.52
46,25,37,0,1.52
46,25,38,0,1.52
46,25,39,0,1.52
46,25,40,0,1.52
46,25,41,0,1.52
46,25,42,0,1.52
46,25,43,0,1.52
46,25,44,0,1.52
46,25,45,0,1.52
46,25,46,0,1.52
46,25,47,0,1.52
46,25,48,0,1.52
46,25,49,0,1.52
46,25,50,0,1.52
46,25,51,0,1.52
46,25,52,0,1.52
46,25,53,0,1.52
46,25,54,0,1.52
46,25,55,0,1.52
46,25,56,0,1.52
46,25,57,0,1.52
46,25,58,0,1.52
46,25,59,0,1.52
46,25,60,0,1.52
46,25,61,0,1.52
46,25,62,0,1.52
46,25,63,0,1.52
46,26,0,0,1.5
46,26,1,0,1.5
46,26,2,0,1.5
46,26,3,0,1.5
46,26,4,0,1.5
46,26,5,0,1.5
46,26,6,0,1.5
46,26,7,0,1.5
46,26,8,0,1.5
46,26,9,0,1.5
46,26,10,0,1.5
46,26,11,0,1.5
46,26,12,0,1.5
46,26,13,0,1.5
46,26,14,0,1.5
46,26,15,0,1.5
46,26,16,0,1.5
46,26,17,0,1.5
46,26,18,0,1.5
46,26,19,0,1.5
46,26,20,0,1.5
46,26,21,0,1.5
46,26,22,0,1.5
46,26,23,0,1.5
46,26,24,0,1.5
46,26,25,0,1.5
46,26,26,0,1.5
46,26,27,0,1.5
46,26,28,0,1.5
46,26,29,0,1.5
46,26,30,0,1.5
46,26,31,0,1.5
46,26,32,0,1.5
46,26,33,0,1.5
46,26,34,0,1.5
46,26,35,38,1.5
46,26,36,1,1.5
46,26,37,0,1.5
46,26,38,0,1.5
46,26,39,0,1.5
46,26,40,0,1.5
46,26,41,0,1.5
46,26,42,0,1.5
46,26,43,0,1.5
46,26,44,0,1.5
46,26,45,0,1.5
46,26,46,0,1.5
46,26,47,0,1.5
46,26,48,0,1.5
46,26,49,0,1.5
46,26,50,0,1.5
46,26,51,0,1.5
46,26,52,0,1.5
46,26,53,0,1.5
46,26,54,0,1.5
46,26,55,0,1.5
46,26,56,0,1.5
46,26,57,0,1.5
46,26,58,0,1.5
46,26,59,0,1.5
46,26,60,0,1.5
46,26,61,0,1.5
46,26,62,0,1.5
46,26,63,0,1.5
46,27,0,0,1.55556
46,27,1,0,1.55556
46,27,2,0,1.55556
46,27,3,0,1.55556
46,27,4,0,1.55556
46,27,5,0,1.55556
46,27,6,0,1.55556
46,27,7,0,1.55556
46,27,8,0,1.55556
46,27,9,0,1.55556
46,27,10,0,1.55556
46,27,11,0,1.55556
46,27,12,0,1.55556
46,27,13,0,1.55556
46,27,14,0,1.55556
46,27,15,0,1.55556
46,27,16,0,1.55556
46,27,17,0,1.55556
46,27,18,0,1.55556
46,27,19,0,1.55556
46,27,20,0,1.55556
46,27,21,0,1.55556
46,27,22,0,1.55556
46,27,23,0,1.55556
46,27,24,0,1.55556
46,27,25,0,1.55556
46,27,26,0,1.55556
46,27,27,0,1.55556
46,27,28,0,1.55556
46,27,29,0,1.55556
46,27,30,0,1.55556
46,27,31,0,1.55556
46,27,32,0,1.55556
46,27,33,0,1.55556
46,27,34,0,1.55556
46,27,35,41,1.55556
46,27,36,1,1.55556
46,27,37,0,1.55556
46,27,38,0,1.55556
46,27,39,0,1.55556
46,27,40,0,1.55556
46,27,41,0,1.55556
46,27,42,0,1.55556
46,27,43,0,1.55556
46,27,44,0,1.55556
46,27,45,0,1.55556
46,27,46,0,1.55556
46,27,47,0,1.55556
46,27,48,0,1.55556
46,27,49,0,1.55556
46,27,50,0,1.55556
46,27,51,0,1.55556
46,27,52,0,1.55556
46,27,53,0,1.55556
46,27,54,0,1.55556
46,27,55,0,1.55556
46,27,56,0,1.55556
46,27,57,0,1.55556
46,27,58,0,1.55556
46,27,59,0,1.55556
46,27,60,0,1.55556
46,27,61,0,1.55556
46,27,62,0,1.55556
46,27,63,0,1.55556
46,28,0,0,1.57143
46,28,1,0,1.57143
46,28,2,0,1.57143
46,28,3,0,1.57143
46,28,4,0,1.57143
46,28,5,0,1.57143
46,28,6,0,1.57143
46,28,7,0,1.57143
46,28,8,0,1.57143
46,28,9,0,1.57143
46,28,10,0,1.57143
46,28,11,0,1.57143
46,28,12,0,1.57143
46,28,13,0,1.57143
46,28,14,0,1.57143
46,28,15,0,1.57143
46,28,16,0,1.57143
46,28,17,0,1.57143
46,28,18,0,1.57143
46,28,19,0,1.57143
46,28,20,0,1.57143
46,28,21,0,1.57143
46,28,22,0,1.57143
46,28,23,0,1.57143
46,28,24,0,1.57143
46,28,25,0,1.57143
46,28,26,0,1.57143
46,28,27,0,1.57143
46,28,28,0,1.57143
46,28,29,0,1.57143
46,28,30,0,1.57143
46,28,31,0,1.57143
46,28,32,0,1.57143
46,28,33,0,1.57143
46,28,34,0,1.57143
46,28,35,43,1.57143
46,28,36,1,1.57143
46,28,37,0,1.57143
46,28,38,0,1.57143
46,28,39,0,1.57143
46,28,40,0,1.57143
46,28,41,0,1.57143
46,28,42,0,1.57143
46,28,43,0,1.57143
46,28,44,0,1.57143
46,28,45,0,1.57143
46,28,46,0,1.57143
46,28,47,0,1.57143
46,28,48,0,1.57143
46,28,49,0,1.57143
46,28,50,0,1.57143
46,28,51,0,1.57143
46,28,52,0,1.57143
46,28,53,0,1.57143
46,28,54,0,1.57143
46,28,55,0,1.57143
46,28,56,0,1.57143
46,28,57,0,1.57143
46,28,58,0,1.57143
46,28,59,0,1.57143
46,28,60,0,1.57143
46,28,61,0,1.57143
46,28,62,0,1.57143
46,28,63,0,1.57143
46,29,0,0,1.55172
46,29,1,0,1.55172
46,29,2,0,1.55172
46,29,3,0,1.55172
46,29,4,0,1.55172
46,29,5,0,1.55172
46,29,6,0,1.55172
46,29,7,0,1.55172
46,29,8,0,1.55172
46,29,9,0,1.55172
46,29,10,0,1.55172
46,29,11,0,1.55172
46,29,12,0,1.55172
46,29,13,0,1.55172
46,29,14,0,1.55172
46,29,15,0,1.55172
46,29,16,0,1.55172
46,29,17,0,1.55172
46,29,18,0,1.55172
46,29,19,0,1.55172
46,29,20,0,1.55172
46,29,21,0,1.55172
46,29,22,0,1.55172
46,29,23,0,1.55172
46,29,24,0,1.55172
46,29,25,0,1.55172
46,29,26,0,1.55172
46,29,27,0,1.55172
46,29,28,0,1.55172
46,29,29,0,1.55172
46,29,30,0,1.55172
46,29,31,0,1.55172
46,29,32,0,1.55172
46,29,33,0,1.55172
46,29,34,0,1.55172
46,29,35,44,1.55172
46,29,36,1,1.55172
46,29,37,0,1.55172
46,29,38,0,1.55172
46,29,39,0,1.55172
46,29,40,0,1.55172
46,29,41,0,1.55172
46,29,42,0,1.55172
46,29,43,0,1.55172
46,29,44,0,1.55172
46,29,45,0,1.55172
46,29,46,0,1.55172
46,29,47,0,1.55172
46,29,48,0,1.55172
46,29,49,0,1.55172
46,29,50,0,1.55172
46,29,51,0,1.55172
46,29,52,0,1.55172
46,29,53,0,1.55172
46,29,54,0,1.55172
46,29,55,0,1.55172
46,29,56,0,1.55172
46,29,57,0,1.55172
46,29,58,0,1.55172
46,29,59,0,1.55172
46,29,60,0,1.55172
46,29,61,0,1.55172
46,29,62,0,1.55172
46,29,63,0,1.55172
46,30,0,0,1.56667
46,30,1,0,1.56667
46,30,2,0,1.56667
46,30,3,0,1.56667
46,30,4,0,1.56667
46,30,5,0,1.56667
46,30,6,0,1.56667
46,30,7,0,1.56667
46,30,8,0,1.56667
46,30,9,0,1.56667
46,30,10,0,1.56667
46,30,11,0,1.56667
46,30,12,0,1.56667
46,30,13,0,1.56667
46,30,14,0,1.56667
46,30,15,0,1.56667
46,30,16,0,1.56667
46,30,17,0,1.56667
46,30,18,0,1.56667
46,30,19,0,1.56667
46,30,20,0,1.56667
46,30,21,0,1.56667
46,30,22,0,1.56667
46,30,23,0,1.56667
46,30,24,0,1.56667
46,30,25,0,1.56667
46,30,26,0,1.56667
46,30,27,0,1.56667
46,30,28,0,1.56667
46,30,29,0,1.56667
46,30,30,0,1.56667
46,30,31,0,1.56667
46,30,32,0,1.56667
46,30,33,0,1.56667
46,30,34,0,1.56667
46,30,35,46,1.56667
46,30,36,1,1.56667
46,30,37,0,1.56667
46,30,38,0,1.56667
46,30,39,0,1.56667
46,30,40,0,1.56667
46,30,41,0,1.56667
46,30,42,0,1.56667
46,30,43,0,1.56667
46,30,44,0,1.56667
46,30,45,0,1.56667
46,30,46,0,1.56667
46,30,47,0,1.56667
46,30,48,0,1.56667
46,30,49,0,1.56667
46,30,50,0,1.56667
46,30,51,0,1.56667
46,30,52,0,1.56667
46,30,53,0,1.56667
46,30,54,0,1.56667
46,30,55,0,1.56667
46,30,56,0,1.56667
46,30,57,0,1.56667
46,30,58,0,1.56667
46,30,59,0,1.56667
46,30,60,0,1.56667
46,30,61,0,1.56667
46,30,62,0,1.56667
46,30,63,0,1.56667
46,31,0,0,1.58065
46,31,1,0,1.58065
46,31,2,0,1.58065
46,31,3,0,1.58065
46,31,4,0,1.58065
46,31,5,0,1.58065
46,31,6,0,1.58065
46,31,7,0,1.58065
46,31,8,0,1.58065
46,31,9,0,1.58065
46,31,10,0,1.58065
46,31,11,0,1.58065
46,31,12,0,1.58065
46,31,13,0,1.58065
46,31,14,0,1.58065
46,31,15,0,1.58065
46,31,16,0,1.58065
46,31,17,0,1.58065
46,31,18,0,1.58065
46,31,19,0,1.58065
46,31,20,0,1.58065
46,31,21,0,1.58065
46,31,22,0,1.58065
46,31,23,0,1.58065
46,31,24,0,1.58065
46,31,25,0,1.58065
46,31,26,0,1.58065
46,31,27,0,1.58065
46,31,28,0,1.58065
46,31,29,0,1.58065
46,31,30,0,1.58065
46,31,31,0,1.58065
46,31,32,0,1.58065
46,31,33,0,1.58065
46,31,34,0,1.58065
46,31,35,48,1.58065
46,31,36,1,1.58065
46,31,37,0,1.58065
46,31,38,0,1.58065
46,31,39,0,1.58065
46,31,40,0,1.58065
46,31,41,0,1.58065
46,31,42,0,1.58065
46,31,43,0,1.58065
46,31,44,0,1.58065
46,31,45,0,1.58065
46,31,46,0,1.58065
46,31,47,0,1.58065
46,31,48,0,1.58065
46,31,49,0,1.58065
46,31,50,0,1.58065
46,31,51,0,1.58065
46,31,52,0,1.58065
46,31,53,0,1.58065
46,31,54,0,1.58065
46,31,55,0,1.58065
46,31,56,0,1.58065
46,31,57,0,1.58065
46,31,58,0,1.58065
46,31,59,0,1.58065
46,31,60,0,1.58065
46,31,61,0,1.58065
46,31,62,0,1.58065
46,31,63,0,1.58065
46,32,0,0,1.5625
46,32,1,0,1.5625
46,32,2,0,1.5625
46,32,3,0,1.5625
46,32,4,0,1.5625
46,32,5,0,1.5625
46,32,6,0,1.5625
46,32,7,0,1.5625
46,32,8,0,1.5625
46,32,9,0,1.5625
46,32,10,0,1.5625
46,32,11,0,1.5625
46,32,12,0,1.5625
46,32,13,0,1.5625
46,32,14,0,1.5625
46,32,15,0,1.5625
46,32,16,0,1.5625
46,32,17,0,1.5625
46,32,18,0,1.5625
46,32,19,0,1.5625
46,32,20,0,1.5625
46,32,21,0,1.5625
46,32,22,0,1.5625
46,32,23,0,1.5625
46,32,24,0,1.5625
46,32,25,0,1.5625
46,32,26,0,1.5625
46,32,27,0,1.5625
46,32,28,0,1.5625
46,32,29,0,1.5625
46,32,30,0,1.5625
46,32,31,0,1.5625
46,32,32,0,1.5625
46,32,33,0,1.5625
46,32,34,0,1.5625
46,32,35,49,1.5625
46,32,36,1,1.5625
46,32,37,0,1.5625
46,32,38,0,1.5625
46,32,39,0,1.5625
46,32,40,0,1.5625
46,32,41,0,1.5625
46,32,42,0,1.5625
46,32,43,0,1.5625
46,32,44,0,1.5625
46,32,45,0,1.5625
46,32,46,0,1.5625
46,32,47,0,1.5625
46,32,48,0,1.5625
46,32,49,0,1.5625
46,32,50,0,1.5625
46,32,51,0,1.5625
46,32,52,0,1.5625
46,32,53,0,1.5625
46,32,54,0,1.5625
46,32,55,0,1.5625
46,32,56,0,1.5625
46,32,57,0,1.5625
46,32,58,0,1.5625
46,32,59,0,1.5625
46,32,60,0,1.5625
46,32,61,0,1.5625
46,32,62,0,1.5625
46,32,63,0,1.5625
46,33,0,0,1.57576
46,33,1,0,1.57576
46,33,2,0,1.57576
46,33,3,0,1.57576
46,33,4,0,1.57576
46,33,5,0,1.57576
46,33,6,0,1.57576
46,33,7,0,1.57576
46,33,8,0,1.57576
46,33,9,0,1.57576
46,33,10,0,1.57576
46,33,11,0,1.57576
46,33,12,0,1.57576
46,33,13,0,1.57576
46,33,14,0,1.57576
46,33,15,0,1.57576
46,33,16,0,1.57576
46,33,17,0,1.57576
46,33,18,0,1.57576
46,33,19,0,1.57576
46,33,20,0,1.57576
46,33,21,0,1.57576
46,33,22,0,1.57576
46,33,23,0,1.57576
46,33,24,0,1.57576
46,33,25,0,1.57576
46,33,26,0,1.57576
46,33,27,0,1.57576
46,33,28,0,1.57576
46,33,29,0,1.57576
46,33,30,0,1.57576
46,33,31,0,1.57576
46,33,32,0,1.57576
46,33,33,0,1.57576
46,33,34,0,1.57576
46,33,35,51,1.57576
46,33,36,1,1.57576
46,33,37,0,1.57576
46,33,38,0,1.57576
46,33,39,0,1.57576
46,33,40,0,1.57576
46,33,41,0,1.57576
46,33,42,0,1.57576
46,33,43,0,1.57576
46,33,44,0,1.57576
46,33,45,0,1.57576
46,33,46,0,1.57576
46,33,47,0,1.57576
46,33,48,0,1.57576
46,33,49,0,1.57576
46,33,50,0,1.57576
46,33,51,0,1.57576
46,33,52,0,1.57576
46,33,53,0,1.57576
46,33,54,0,1.57576
46,33,55,0,1.57576
46,33,56,0,1.57576
46,33,57,0,1.57576
46,33,58,0,1.57576
46,33,59,0,1.57576
46,33,60,0,1.57576
46,33,61,0,1.57576
46,33,62,0,1.57576
46,33,63,0,1.57576
46,34,0,0,1.55882
46,34,1,0,1.55882
46,34,2,0,1.55882
46,34,3,0,1.55882
46,34,4,0,1.55882
46,34,5,0,1.55882
46,34,6,0,1.55882
46,34,7,0,1.55882
46,34,8,0,1.55882
46,34,9,0,1.55882
46,34,10,0,1.55882
46,34,11,0,1.55882
46,34,12,0,1.55882
46,34,13,0,1.55882
46,34,14,0,1.55882
46,34,15,0,1.55882
46,34,16,0,1.55882
46,34,17,0,1.55882
46,34,18,0,1.55882
46,34,19,0,1.55882
46,34,20,0,1.55882
46,34,21,0,1.55882
46,34,22,0,1.55882
46,34,23,0,1.55882
46,34,24,0,1.55882
46,34,25,0,1.55882
46,34,26,0,1.55882
46,34,27,0,1.55882
46,34,28,0,1.55882
46,34,29,0,1.55882
46,34,30,0,1.55882
46,34,31,0,1.55882
46,34,32,0,1.55882
46,34,33,0,1.55882
46,34,34,0,1.55882
46,34,35,52,1.55882
46,34,36,1,1.55882
46,34,37,0,1.55882
46,34,38,0,1.55882
46,34,39,0,1.55882
46,34,40,0,1.55882
46,34,41,0,1.55882
46,34,42,0,1.55882
46,34,43,0,1.55882
46,34,44,0,1.55882
46,34,45,0,1.55882
46,34,46,0,1.55882
46,34,47,0,1.55882
46,34,48,0,1.55882
46,34,49,0,1.55882
46,34,50,0,1.55882
46,34,51,0,1.55882
46,34,52,0,1.55882
46,34,53,0,1.55882
46,34,54,0,1.55882
46,34,55,0,1.55882
46,34,56,0,1.55882
46,34,57,0,1.55882
46,34,58,0,1.55882
46,34,59,0,1.55882
46,34,60,0,1.55882
46,34,61,0,1.55882
46,34,62,0,1.55882
46,34,63,0,1.55882
46,35,0,0,1.57143
46,35,1,0,1.57143
46,35,2,0,1.57143
46,35,3,0,1.57143
46,35,4,0,1.57143
46,35,5,0,1.57143
46,35,6,0,1.57143
46,35,7,0,1.57143
46,35,8,0,1.57143
46,35,9,0,1.57143
46,35,10,0,1.57143
46,35,11,0,1.57143
46,35,12,0,1.57143
46,35,13,0,1.57143
46,35,14,0,1.57143
46,35,15,0,1.57143
46,35,16,0,1.57143
46,35,17,0,1.57143
46,35,18,0,1.57143
46,35,19,0,1.57143
46,35,20,0,1.57143
46,35,21,0,1.57143
46,35,22,0,1.57143
46,35,23,0,1.57143
46,35,24,0,1.57143
46,35,25,0,1.57143
46,35,26,0,1.57143
46,35,27,0,1.57143
46,35,28,0,1.57143
46,35,29,0,1.57143
46,35,30,0,1.57143
46,35,31,0,1.57143
46,35,32,0,1.57143
46,35,33,0,1.57143
46,35,34,0,1.57143
46,35,35,54,1.57143
46,35,36,1,1.57143
46,35,37,0,1.57143
46,35,38,0,1.57143
46,35,39,0,1.57143
46,35,40,0,1.57143
46,35,41,0,1.57143
46,35,42,0,1.57143
46,35,43,0,1.57143
46,35,44,0,1.57143
46,35,45,0,1.57143
46,35,46,0,1.57143
46,35,47,0,1.57143
46,35,48,0,1.57143
46,35,49,0,1.57143
46,35,50,0,1.57143
46,35,51,0,1.57143
46,35,52,0,1.57143
46,35,53,0,1.57143
46,35,54,0,1.57143
46,35,55,0,1.57143
46,35,56,0,1.57143
46,35,57,0,1.57143
46,35,58,0,1.57143
46,35,59,0,1.57143
46,35,60,0,1.57143
46,35,61,0,1.57143
46,35,62,0,1.57143
46,35,63,0,1.57143
46,36,0,0,1.55556
46,36,1,0,1.55556
46,36,2,0,1.55556
46,36,3,0,1.55556
46,36,4,0,1.55556
46,36,5,0,1.55556
46,36,6,0,1.55556
46,36,7,0,1.55556
46,36,8,0,1.55556
46,36,9,0,1.55556
46,36,10,0,1.55556
46,36,11,0,1.55556
46,36,12,0,1.55556
46,36,13,0,1.55556
46,36,14,0,1.55556
46,36,15,0,1.55556
46,36,16,0,1.55556
46,36,17,0,1.55556
46,36,18,0,1.55556
46,36,19,0,1.55556
46,36,20,0,1.55556
46,36,21,0,1.55556
46,36,22,0,1.55556
46,36,23,0,1.55556
46,36,24,0,1.55556
46,36,25,0,1.55556
46,36,26,0,1.55556
46,36,27,0,1.55556
46,36,28,0,1.55556
46,36,29,0,1.55556
46,36,30,0,1.55556
46,36,31,0,1.55556
46,36,32,0,1.55556
46,36,33,0,1.55556
46,36,34,0,1.55556
46,36,35,55,1.55556
46,36,36,1,1.55556
46,36,37,0,1.55556
46,36,38,0,1.55556
46,36,39,0,1.55556
46,36,40,0,1.55556
46,36,41,0,1.55556
46,36,42,0,1.55556
46,36,43,0,1.55556
46,36,44,0,1.55556
46,36,45,0,1.55556
46,36,46,0,1.55556
46,36,47,0,1.55556
46,36,48,0,1.55556
46,36,49,0,1.55556
46,36,50,0,1.55556
46,36,51,0,1.55556
46,36,52,0,1.55556
46,36,53,0,1.55556
46,36,54,0,1.55556
46,36,55,0,1.55556
46,36,56,0,1.55556
46,36,57,0,1.55556
46,36,58,0,1.55556
46,36,59,0,1.55556
46,36,60,0,1.55556
46,36,61,0,1.55556
46,36,62,0,1.55556
46,36,63,0,1.55556
46,37,0,0,1.54054
46,37,1,0,1.54054
46,37,2,0,1.54054
46,37,3,0,1.54054
46,37,4,0,1.54054
46,37,5,0,1.54054
46,37,6,0,1.54054
46,37,7,0,1.54054
46,37,8,0,1.54054
46,37,9,0,1.54054
46,37,10,0,1.54054
46,37,11,0,1.54054
46,37,12,0,1.54054
46,37,13,0,1.54054
46,37,14,0,1.54054
46,37,15,0,1.54054
46,37,16,0,1.54054
46,37,17,0,1.54054
46,37,18,0,1.54054
46,37,19,0,1.54054
46,37,20,0,1.54054
46,37,21,0,1.54054
46,37,22,0,1.54054
46,37,23,0,1.54054
46,37,24,0,1.54054
46,37,25,0,1.54054
46,37,26,0,1.54054
46,37,27,0,1.54054
46,37,28,0,1.54054
46,37,29,0,1.54054
46,37,30,0,1.54054
46,37,31,0,1.54054
46,37,32,0,1.54054
46,37,33,0,1.54054
46,37,34,0,1.54054
46,37,35,55,1.54054
46,37,36,2,1.54054
46,37,37,0,1.54054
46,37,38,0,1.54054
46,37,39,0,1.54054
46,37,40,0,1.54054
46,37,41,0,1.54054
46,37,42,0,1.54054
46,37,43,0,1.54054
46,37,44,0,1.54054
46,37,45,0,1.54054
46,37,46,0,1.54054
46,37,47,0,1.54054
46,37,48,0,1.54054
46,37,49,0,1.54054
46,37,50,0,1.54054
46,37,51,0,1.54054
46,37,52,0,1.54054
46,37,53,0,1.54054
46,37,54,0,1.54054
46,37,55,0,1.54054
46,37,56,0,1.54054
46,37,57,0,1.54054
46,37,58,0,1.54054
46,37,59,0,1.54054
46,37,60,0,1.54054
46,37,61,0,1.54054
46,37,62,0,1.54054
46,37,63,0,1.54054
46,38,0,0,1.52632
46,38,1,0,1.52632
46,38,2,0,1.52632
46,38,3,0,1.52632
46,38,4,0,1.52632
46,38,5,0,1.52632
46,38,6,0,1.52632
46,38,7,0,1.52632
46,38,8,0,1.52632
46,38,9,0,1.52632
46,38,10,0,1.52632
46,38,11,0,1.52632
46,38,12,0,1.52632
46,38,13,0,1.52632
46,38,14,0,1.52632
46,38,15,0,1.52632
46,38,16,0,1.52632
46,38,17,0,1.52632
46,38,18,0,1.52632
46,38,19,0,1.52632
46,38,20,0,1.52632
46,38,21,0,1.52632
46,38,22,0,1.52632
46,38,23,0,1.52632
46,38,24,0,1.52632
46,38,25,0,1.52632
46,38,26,0,1.52632
46,38,27,0,1.52632
46,38,28,0,1.52632
46,38,29,0,1.52632
46,38,30,0,1.52632
46,38,31,0,1.52632
46,38,32,0,1.52632
46,38,33,0,1.52632
46,38,34,0,1.52632
46,38,35,56,1.52632
46,38,36,2,1.52632
46,38,37,0,1.52632
46,38,38,0,1.52632
46,38,39,0,1.52632
46,38,40,0,1.52632
46,38,41,0,1.52632
46,38,42,0,1.52632
46,38,43,0,1.52632
46,38,44,0,1.52632
46,38,45,0,1.52632
46,38,46,0,1.52632
46,38,47,0,1.52632
46,38,48,0,1.52632
46,38,49,0,1.52632
46,38,50,0,1.52632
46,38,51,0,1.52632
46,38,52,0,1.52632
46,38,53,0,1.52632
46,38,54,0,1.52632
46,38,55,0,1.52632
46,38,56,0,1.52632
46,38,57,0,1.52632
46,38,58,0,1.52632
46,38,59,0,1.52632
46,38,60,0,1.52632
46,38,61,0,1.52632
46,38,62,0,1.52632
46,38,63,0,1.52632
46,39,0,0,1.51282
46,39,1,0,1.51282
46,39,2,0,1.51282
46,39,3,0,1.51282
46,39,4,0,1.51282
46,39,5,0,1.51282
46,39,6,0,1.51282
46,39,7,0,1.51282
46,39,8,0,1.51282
46,39,9,0,1.51282
46,39,10,0,1.51282
46,39,11,0,1.51282
46,39,12,0,1.51282
46,39,13,0,1.51282
46,39,14,0,1.51282
46,39,15,0,1.51282
46,39,16,0,1.51282
46,39,17,0,1.51282
46,39,18,0,1.51282
46,39,19,0,1.51282
46,39,20,0,1.51282
46,39,21,0,1.51282
46,39,22,0,1.51282
46,39,23,0,1.51282
46,39,24,0,1.51282
46,39,25,0,1.51282
46,39,26,0,1.51282
46,39,27,0,1.51282
46,39,28,0,1.51282
46,39,29,0,1.51282
46,39,30,0,1.51282
46,39,31,0,1.51282
46,39,32,0,1.51282
46,39,33,0,1.51282
46,39,34,0,1.51282
46,39,35,57,1.51282
46,39,36,2,1.51282
46,39,37,0,1.51282
46,39,38,0,1.51282
46,39,39,0,1.51282
46,39,40,0,1.51282
46,39,41,0,1.51282
46,39,42,0,1.51282
46,39,43,0,1.51282
46,39,44,0,1.51282
46,39,45,0,1.51282
46,39,46,0,1.51282
46,39,47,0,1.51282
46,39,48,0,1.51282
46,39,49,0,1.51282
46,39,50,0,1.51282
46,39,51,0,1.51282
46,39,52,0,1.51282
46,39,53,0,1.51282
46,39,54,0,1.51282
46,39,55,0,1.51282
46,39,56,0,1.51282
46,39,57,0,1.51282
46,39,58,0,1.51282
46,39,59,0,1.51282
46,39,60,0,1.51282
46,39,61,0,1.51282
46,39,62,0,1.51282
46,39,63,0,1.51282
46,40,0,0,1.5
46,40,1,0,1.5
46,40,2,0,1.5
46,40,3,0,1.5
46,40,4,0,1.5
46,40,5,0,1.5
46,40,6,0,1.5
46,40,7,0,1.5
46,40,8,0,1.5
46,40,9,0,1.5
46,40,10,0,1.5
46,40,11,0,1.5
46,40,12,0,1.5
46,40,13,0,1.5
46,40,14,0,1.5
46,40,15,0,1.5
46,40,16,0,1.5
46,40,17,0,1.5
46,40,18,0,1.5
46,40,19,0,1.5
46,40,20,0,1.5
46,40,21,0,1.5
46,40,22,0,1.5
46,40,23,0,1.5
46,40,24,0,1.5
46,40,25,0,1.5
46,40,26,0,1.5
46,40,27,0,1.5
46,40,28,0,1.5
46,40,29,0,1.5
46,40,30,0,1.5
46,40,31,0,1.5
46,40,32,0,1.5
46,40,33,0,1.5
46,40,34,0,1.5
46,40,35,58,1.5
46,40,36,2,1.5
46,40,37,0,1.5
46,40,38,0,1.5
46,40,39,0,1.5
46,40,40,0,1.5
46,40,41,0,1.5
46,40,42,0,1.5
46,40,43,0,1.5
46,40,44,0,1.5
46,40,45,0,1.5
46,40,46,0,1.5
46,40,47,0,1.5
46,40,48,0,1.5
46,40,49,0,1.5
46,40,50,0,1.5
46,40,51,0,1.5
46,40,52,0,1.5
46,40,53,0,1.5
46,40,54,0,1.5
46,40,55,0,1.5
46,40,56,0,1.5
46,40,57,0,1.5
46,40,58,0,1.5
46,40,59,0,1.5
46,40,60,0,1.5
46,40,61,0,1.5
46,40,62,0,1.5
46,40,63,0,1.5
46,41,0,0,1.4878
46,41,1,0,1.4878
46,41,2,0,1.4878
46,41,3,0,1.4878
46,41,4,0,1.4878
46,41,5,0,1.4878
46,41,6,0,1.4878
46,41,7,0,1.4878
46,41,8,0,1.4878
46,41,9,0,1.4878
46,41,10,0,1.4878
46,41,11,0,1.4878
46,41,12,0,1.4878
46,41,13,0,1.4878
46,41,14,0,1.4878
46,41,15,0,1.4878
46,41,16,0,1.4878
46,41,17,0,1.4878
46,41,18,0,1.4878
46,41,19,0,1.4878
46,41,20,0,1.4878
46,41,21,0,1.4878
46,41,22,0,1.4878
46,41,23,0,1.4878
46,41,24,0,1.4878
46,41,25,0,1.4878
46,41,26,0,1.4878
46,41,27,0,1.4878
46,41,28,0,1.4878
46,41,29,0,1.4878
46,41,30,0,1.4878
46,41,31,0,1.4878
46,41,32,0,1.4878
46,41,33,0,1.4878
46,41,34,0,1.4878
46,41,35,59,1.4878
46,41,36,2,1.4878
46,41,37,0,1.4878
46,41,38,0,1.4878
46,41,39,0,1.4878
46,41,40,0,1.4878
46,41,41,0,1.4878
46,41,42,0,1.4878
46,41,43,0,1.4878
46,41,44,0,1.4878
46,41,45,0,1.4878
46,41,46,0,1.4878
46,41,47,0,1.4878
46,41,48,0,1.4878
46,41,49,0,1.4878
46,41,50,0,1.4878
46,41,51,0,1.4878
46,41,52,0,1.4878
46,41,53,0,1.4878
46,41,54,0,1.4878
46,41,55,0,1.4878
46,41,56,0,1.4878
46,41,57,0,1.4878
46,41,58,0,1.4878
46,41,59,0,1.4878
46,41,60,0,1.4878
46,41,61,0,1.4878
46,41,62,0,1.4878
46,41,63,0,1.4878
46,42,0,0,1.47619
46,42,1,0,1.47619
46,42,2,0,1.47619
46,42,3,0,1.47619
46,42,4,0,1.47619
46,42,5,0,1.47619
46,42,6,0,1.47619
46,42,7,0,1.47619
46,42,8,0,1.47619
46,42,9,0,1.47619
46,42,10,0,1.47619
46,42,11,0,1.47619
46,42,12,0,1.47619
46,42,13,0,1.47619
46,42,14,0,1.47619
46,42,15,0,1.47619
46,42,16,0,1.47619
46,42,17,0,1.47619
46,42,18,0,1.47619
46,42,19,0,1.47619
46,42,20,0,1.47619
46,42,21,0,1.47619
46,42,22,0,1.47619
46,42,23,0,1.47619
46,42,24,0,1.47619
46,42,25,0,1.47619
46,42,26,0,1.47619
46,42,27,0,1.47619
46,42,28,0,1.47619
46,42,29,0,1.47619
46,42,30,0,1.47619
46,42,31,0,1.47619
46,42,32,0,1.47619
46,42,33,0,1.47619
46,42,34,0,1.47619
46,42,35,60,1.47619
46,42,36,2,1.47619
46,42,37,0,1.47619
46,42,38,0,1.47619
46,42,39,0,1.47619
46,42,40,0,1.47619
46,42,41,0,1.47619
46,42,42,0,1.47619
46,42,43,0,1.47619
46,42,44,0,1.47619
46,42,45,0,1.47619
46,42,46,0,1.47619
46,42,47,0,1.47619
46,42,48,0,1.47619
46,42,49,0,1.47619
46,42,50,0,1.47619
46,42,51,0,1.47619
46,42,52,0,1.47619
46,42,53,0,1.47619
46,42,54,0,1.47619
46,42,55,0,1.47619
46,42,56,0,1.47619
46,42,57,0,1.47619
46,42,58,0,1.47619
46,42,59,0,1.47619
46,42,60,0,1.47619
46,42,61,0,1.47619
46,42,62,0,1.47619
46,42,63,0,1.47619
46,43,0,0,1.51163
46,43,1,0,1.51163
46,43,2,0,1.51163
46,43,3,0,1.51163
46,43,4,0,1.51163
46,43,5,0,1.51163
46,43,6,0,1.51163
46,43,7,0,1.51163
46,43,8,0,1.51163
46,43,9,0,1.51163
46,43,10,0,1.51163
46,43,11,0,1.51163
46,43,12,0,1.51163
46,43,13,0,1.51163
46,43,14,0,1.51163
46,43,15,0,1.51163
46,43,16,0,1.51163
46,43,17,0,1.51163
46,43,18,0,1.51163
46,43,19,0,1.51163
46,43,20,0,1.51163
46,43,21,0,1.51163
46,43,22,0,1.51163
46,43,23,0,1.51163
46,43,24,0,1.51163
46,43,25,0,1.51163
46,43,26,0,1.51163
46,43,27,0,1.51163
46,43,28,0,1.51163
46,43,29,0,1.51163
46,43,30,0,1.51163
46,43,31,0,1.51163
46,43,32,0,1.51163
46,43,33,0,1.51163
46,43,34,0,1.51163
46,43,35,63,1.51163
46,43,36,2,1.51163
46,43,37,0,1.51163
46,43,38,0,1.51163
46,43,39,0,1.51163
46,43,40,0,1.51163
46,43,41,0,1.51163
46,43,42,0,1.51163
46,43,43,0,1.51163
46,43,44,0,1.51163
46,43,45,0,1.51163
46,43,46,0,1.51163
46,43,47,0,1.51163
46,43,48,0,1.51163
46,43,49,0,1.51163
46,43,50,0,1.51163
46,43,51,0,1.51163
46,43,52,0,1.51163
46,43,53,0,1.51163
46,43,54,0,1.51163
46,43,55,0,1.51163
46,43,56,0,1.51163
46,43,57,0,1.51163
46,43,58,0,1.51163
46,43,59,0,1.51163
46,43,60,0,1.51163
46,43,61,0,1.51163
46,43,62,0,1.51163
46,43,63,0,1.51163
46,44,0,0,1.5
46,44,1,0,1.5
46,44,2,0,1.5
46,44,3,0,1.5
46,44,4,0,1.5
46,44,5,0,1.5
46,44,6,0,1.5
46,44,7,0,1.5
46,44,8,0,1.5
46,44,9,0,1.5
46,44,10,0,1.5
46,44,11,0,1.5
46,44,12,0,1.5
46,44,13,0,1.5
46,44,14,0,1.5
46,44,15,0,1.5
46,44,16,0,1.5
46,44,17,0,1.5
46,44,18,0,1.5
46,44,19,0,1.5
46,44,20,0,1.5
46,44,21,0,1.5
46,44,22,0,1.5
46,44,23,0,1.5
46,44,24,0,1.5
46,44,25,0,1.5
46,44,26,0,1.5
46,44,27,0,1.5
46,44,28,0,1.5
46,44,29,0,1.5
46,44,30,0,1.5
46,44,31,0,1.5
46,44,32,0,1.5
46,44,33,0,1.5
46,44,34,0,1.5
46,44,35,63,1.5
46,44,36,3,1.5
46,44,37,0,1.5
46,44,38,0,1.5
46,44,39,0,1.5
46,44,40,0,1.5
46,44,41,0,1.5
46,44,42,0,1.5
46,44,43,0,1.5
46,44,44,0,1.5
46,44,45,0,1.5
46,44,46,0,1.5
46,44,47,0,1.5
46,44,48,0,1.5
46,44,49,0,1.5
46,44,50,0,1.5
46,44,51,0,1.5
46,44,52,0,1.5
46,44,53,0,1.5
46,44,54,0,1.5
46,44,55,0,1.5
46,44,56,0,1.5
46,44,57,0,1.5
46,44,58,0,1.5
46,44,59,0,1.5
46,44,60,0,1.5
46,44,61,0,1.5
46,44,62,0,1.5
46,44,63,0,1.5
46,45,0,0,1.48889
46,45,1,0,1.48889
46,45,2,0,1.48889
46,45,3,0,1.48889
46,45,4,0,1.48889
46,45,5,0,1.48889
46,45,6,0,1.48889
46,45,7,0,1.48889
46,45,8,0,1.48889
46,45,9,0,1.48889
46,45,10,0,1.48889
46,45,11,0,1.48889
46,45,12,0,1.48889
46,45,13,0,1.48889
46,45,14,0,1.48889
46,45,15,0,1.48889
46,45,16,0,1.48889
46,45,17,0,1.48889
46,45,18,0,1.48889
46,45,19,0,1.48889
46,45,20,0,1.48889
46,45,21,0,1.48889
46,45,22,0,1.48889
46,45,23,0,1.48889
46,45,24,0,1.48889
46,45,25,0,1.48889
46,45,26,0,1.48889
46,45,27,0,1.48889
46,45,28,0,1.48889
46,45,29,0,1.48889
46,45,30,0,1.48889
46,45,31,0,1.48889
46,45,32,0,1.48889
46,45,33,0,1.48889
46,45,34,0,1.48889
46,45,35,64,1.48889
46,45,36,3,1.48889
46,45,37,0,1.48889
46,45,38,0,1.48889
46,45,39,0,1.48889
46,45,40,0,1.48889
46,45,41,0,1.48889
46,45,42,0,1.48889
46,45,43,0,1.48889
46,45,44,0,1.48889
46,45,45,0,1.48889
46,45,46,0,1.48889
46,45,47,0,1.48889
46,45,48,0,1.48889
46,45,49,0,1.48889
46,45,50,0,1.48889
46,45,51,0,1.48889
46,45,52,0,1.48889
46,45,53,0,1.48889
46,45,54,0,1.48889
46,45,55,0,1.48889
46,45,56,0,1.48889
46,45,57,0,1.48889
46,45,58,0,1.48889
46,45,59,0,1.48889
46,45,60,0,1.48889
46,45,61,0,1.48889
46,45,62,0,1.48889
46,45,63,0,1.48889
46,46,0,0,1.47826
46,46,1,0,1.47826
46,46,2,0,1.47826
46,46,3,0,1.47826
46,46,4,0,1.47826
46,46,5,0,1.47826
46,46,6,0,1.47826
46,46,7,0,1.47826
46,46,8,0,1.47826
46,46,9,0,1.47826
46,46,10,0,1.47826
46,46,11,0,1.47826
46,46,12,0,1.47826
46,46,13,0,1.47826
46,46,14,0,1.47826
46,46,15,0,1.47826
46,46,16,0,1.47826
46,46,17,0,1.47826
46,46,18,0,1.47826
46,46,19,0,1.47826
46,46,20,0,1.47826
46,46,21,0,1.47826
46,46,22,0,1.47826
46,46,23,0,1.47826
46,46,24,0,1.47826
46,46,25,0,1.47826
46,46,26,0,1.47826
46,46,27,0,1.47826
46,46,28,0,1.47826
46,46,29,0,1.47826
46,46,30,0,1.47826
46,46,31,0,1.47826
46,46,32,0,1.47826
46,46,33,0,1.47826
46,46,34,0,1.47826
46,46,35,65,1.47826
46,46,36,3,1.47826
46,46,37,0,1.47826
46,46,38,0,1.47826
46,46,39,0,1.47826
46,46,40,0,1.47826
46,46,41,0,1.47826
46,46,42,0,1.47826
46,46,43,0,1.47826
46,46,44,0,1.47826
46,46,45,0,1.47826
46,46,46,0,1.47826
46,46,47,0,1.47826
46,46,48,0,1.47826
46,46,49,0,1.47826
46,46,50,0,1.47826
46,46,51,0,1.47826
46,46,52,0,1.47826
46,46,53,0,1.47826
46,46,54,0,1.47826
46,46,55,0,1.47826
46,46,56,0,1.47826
46,46,57,0,1.47826
46,46,58,0,1.47826
46,46,59,0,1.47826
46,46,60,0,1.47826
46,46,61,0,1.47826
46,46,62,0,1.47826
46,46,63,0,1.47826
46,47,0,0,1.51064
46,47,1,0,1.51064
46,47,2,0,1.51064
46,47,3,0,1.51064
46,47,4,0,1.51064
46,47,5,0,1.51064
46,47,6,0,1.51064
46,47,7,0,1.51064
46,47,8,0,1.51064
46,47,9,0,1.51064
46,47,10,0,1.51064
46,47,11,0,1.51064
46,47,12,0,1.51064
46,47,13,0,1.51064
46,47,14,0,1.51064
46,47,15,0,1.51064
46,47,16,0,1.51064
46,47,17,0,1.51064
46,47,18,0,1.51064
46,47,19,0,1.51064
46,47,20,0,1.51064
46,47,21,0,1.51064
46,47,22,0,1.51064
46,47,23,0,1.51064
46,47,24,0,1.51064
46,47,25,0,1.51064
46,47,26,0,1.51064
46,47,27,0,1.51064
46,47,28,0,1.51064
46,47,29,0,1.51064
46,47,30,0,1.51064
46,47,31,0,1.51064
46,47,32,0,1.51064
46,47,33,0,1.51064
46,47,34,0,1.51064
46,47,35,68,1.51064
46,47,36,3,1.51064
46,47,37,0,1.51064
46,47,38,0,1.51064
46,47,39,0,1.51064
46,47,40,0,1.51064
46,47,41,0,1.51064
46,47,42,0,1.51064
46,47,43,0,1.51064
46,47,44,0,1.51064
46,47,45,0,1.51064
46,47,46,0,1.51064
46,47,47,0,1.51064
46,47,48,0,1.51064
46,47,49,0,1.51064
46,47,50,0,1.51064
46,47,51,0,1.51064
46,47,52,0,1.51064
46,47,53,0,1.51064
46,47,54,0,1.51064
46,47,55,0,1.51064
46,47,56,0,1.51064
46,47,57,0,1.51064
46,47,58,0,1.51064
46,47,59,0,1.51064
46,47,60,0,1.51064
46,47,61,0,1.51064
46,47,62,0,1.51064
46,47,63,0,1.51064
46,48,0,0,1.52083
46,48,1,0,1.52083
46,48,2,0,1.52083
46,48,3,0,1.52083
46,48,4,0,1.52083
46,48,5,0,1.52083
46,48,6,0,1.52083
46,48,7,0,1.52083
46,48,8,0,1.52083
46,48,9,0,1.52083
46,48,10,0,1.52083
46,48,11,0,1.52083
46,48,12,0,1.52083
46,48,13,0,1.52083
46,48,14,0,1.52083
46,48,15,0,1.52083
46,48,16,0,1.52083
46,48,17,0,1.52083
46,48,18,0,1.52083
46,48,19,0,1.52083
46,48,20,0,1.52083
46,48,21,0,1.52083
46,48,22,0,1.52083
46,48,23,0,1.52083
46,48,24,0,1.52083
46,48,25,0,1.52083
46,48,26,0,1.52083
46,48,27,0,1.52083
46,48,28,0,1.52083
46,48,29,0,1.52083
46,48,30,0,1.52083
46,48,31,0,1.52083
46,48,32,0,1.52083
46,48,33,0,1.52083
46,48,34,0,1.52083
46,48,35,70,1.52083
46,48,36,3,1.52083
46,48,37,0,1.52083
46,48,38,0,1.52083
46,48,39,0,1.52083
46,48,40,0,1.52083
46,48,41,0,1.52083
46,48,42,0,1.52083
46,48,43,0,1.52083
46,48,44,0,1.52083
46,48,45,0,1.52083
46,48,46,0,1.52083
46,48,47,0,1.52083
46,48,48,0,1.52083
46,48,49,0,1.52083
46,48,50,0,1.52083
46,48,51,0,1.52083
46,48,52,0,1.52083
46,48,53,0,1.52083
46,48,54,0,1.52083
46,48,55,0,1.52083
46,48,56,0,1.52083
46,48,57,0,1.52083
46,48,58,0,1.52083
46,48,59,0,1.52083
46,48,60,0,1.52083
46,48,61,0,1.52083
46,48,62,0,1.52083
46,48,63,0,1.52083
46,49,0,0,1.55102
46,49,1,0,1.55102
46,49,2,0,1.55102
46,49,3,0,1.55102
46,49,4,0,1.55102
46,49,5,0,1.55102
46,49,6,0,1.55102
46,49,7,0,1.55102
46,49,8,0,1.55102
46,49,9,0,1.55102
46,49,10,0,1.55102
46,49,11,0,1.55102
46,49,12,0,1.55102
46,49,13,0,1.55102
46,49,14,0,1.55102
46,49,15,0,1.55102
46,49,16,0,1.55102
46,49,17,0,1.55102
46,49,18,0,1.55102
46,49,19,0,1.55102
46,49,20,0,1.55102
46,49,21,0,1.55102
46,49,22,0,1.55102
46,49,23,0,1.55102
46,49,24,0,1.55102
46,49,25,0,1.55102
46,49,26,0,1.55102
46,49,27,0,1.55102
46,49,28,0,1.55102
46,49,29,0,1.55102
46,49,30,0,1.55102
46,49,31,0,1.55102
46,49,32,0,1.55102
46,49,33,0,1.55102
46,49,34,0,1.55102
46,49,35,73,1.55102
46,49,36,3,1.55102
46,49,37,0,1.55102
46,49,38,0,1.55102
46,49,39,0,1.55102
46,49,40,0,1.55102
46,49,41,0,1.55102
46,49,42,0,1.55102
46,49,43,0,1.55102
46,49,44,0,1.55102
46,49,45,0,1.55102
46,49,46,0,1.55102
46,49,47,0,1.55102
46,49,48,0,1.55102
46,49,49,0,1.55102
46,49,50,0,1.55102
46,49,51,0,1.55102
46,49,52,0,1.55102
46,49,53,0,1.55102
46,49,54,0,1.55102
46,49,55,0,1.55102
46,49,56,0,1.55102
46,49,57,0,1.55102
46,49,58,0,1.55102
46,49,59,0,1.55102
46,49,60,0,1.55102
46,49,61,0,1.55102
46,49,62,0,1.55102
46,49,63,0,1.55102
46,50,0,0,1.56
46,50,1,0,1.56
46,50,2,0,1.56
46,50,3,0,1.56
46,50,4,0,1.56
46,50,5,0,1.56
46,50,6,0,1.56
46,50,7,0,1.56
46,50,8,0,1.56
46,50,9,0,1.56
46,50,10,0,1.56
46,50,11,0,1.56
46,50,12,0,1.56
46,50,13,0,1.56
46,50,14,0,1.56
46,50,15,0,1.56
46,50,16,0,1.56
46,50,17,0,1.56
46,50,18,0,1.56
46,50,19,0,1.56
46,50,20,0,1.56
46,50,21,0,1.56
46,50,22,0,1.56
46,50,23,0,1.56
46,50,24,0,1.56
46,50,25,0,1.56
46,50,26,0,1.56
46,50,27,0,1.56
46,50,28,0,1.56
46,50,29,0,1.56
46,50,30,0,1.56
46,50,31,0,1.56
46,50,32,0,1.56
46,50,33,0,1.56
46,50,34,0,1.56
46,50,35,75,1.56
46,50,36,3,1.56
46,50,37,0,1.56
46,50,38,0,1.56
46,50,39,0,1.56
46,50,40,0,1.56
46,50,41,0,1.56
46,50,42,0,1.56
46,50,43,0,1.56
46,50,44,0,1.56
46,50,45,0,1.56
46,50,46,0,1.56
46,50,47,0,1.56
46,50,48,0,1.56
46,50,49,0,1.56
46,50,50,0,1.56
46,50,51,0,1.56
46,50,52,0,1.56
46,50,53,0,1.56
46,50,54,0,1.56
46,50,55,0,1.56
46,50,56,0,1.56
46,50,57,0,1.56
46,50,58,0,1.56
46,50,59,0,1.56
46,50,60,0,1.56
46,50,61,0,1.56
46,50,62,0,1.56
46,50,63,0,1.56
46,51,0,0,1.54902
46,51,1,0,1.54902
46,51,2,0,1.54902
46,51,3,0,1.54902
46,51,4,0,1.54902
46,51,5,0,1.54902
46,51,6,0,1.54902
46,51,7,0,1.54902
46,51,8,0,1.54902
46,51,9,0,1.54902
46,51,10,0,1.54902
46,51,11,0,1.54902
46,51,12,0,1.54902
46,51,13,0,1.54902
46,51,14,0,1.54902
46,51,15,0,1.54902
46,51,16,0,1.54902
46,51,17,0,1.54902
46,51,18,0,1.54902
46,51,19,0,1.54902
46,51,20,0,1.54902
46,51,21,0,1.54902
46,51,22,0,1.54902
46,51,23,0,1.54902
46,51,24,0,1.54902
46,51,25,0,1.54902
46,51,26,0,1.54902
46,51,27,0,1.54902
46,51,28,0,1.54902
46,51,29,0,1.54902
46,51,30,0,1.54902
46,51,31,0,1.54902
46,51,32,0,1.54902
46,51,33,0,1.54902
46,51,34,0,1.54902
46,51,35,76,1.54902
46,51,36,3,1.54902
46,51,37,0,1.54902
46,51,38,0,1.54902
46,51,39,0,1.54902
46,51,40,0,1.54902
46,51,41,0,1.54902
46,51,42,0,1.54902
46,51,43,0,1.54902
46,51,44,0,1.54902
46,51,45,0,1.54902
46,51,46,0,1.54902
46,51,47,0,1.54902
46,51,48,0,1.54902
46,51,49,0,1.54902
46,51,50,0,1.54902
46,51,51,0,1.54902
46,51,52,0,1.54902
46,51,53,0,1.54902
46,51,54,0,1.54902
46,51,55,0,1.54902
46,51,56,0,1.54902
46,51,57,0,1.54902
46,51,58,0,1.54902
46,51,59,0,1.54902
46,51,60,0,1.54902
46,51,61,0,1.54902
46,51,62,0,1.54902
46,51,63,0,1.54902
46,52,0,0,1.53846
46,52,1,0,1.53846
46,52,2,0,1.53846
46,52,3,0,1.53846
46,52,4,0,1.53846
46,52,5,0,1.53846
46,52,6,0,1.53846
46,52,7,0,1.53846
46,52,8,0,1.53846
46,52,9,0,1.53846
46,52,10,0,1.53846
46,52,11,0,1.53846
46,52,12,0,1.53846
46,52,13,0,1.53846
46,52,14,0,1.53846
46,52,15,0,1.53846
46,52,16,0,1.53846
46,52,17,0,1.53846
46,52,18,0,1.53846
46,52,19,0,1.53846
46,52,20,0,1.53846
46,52,21,0,1.53846
46,52,22,0,1.53846
46,52,23,0,1.53846
46,52,24,0,1.53846
46,52,25,0,1.53846
46,52,26,0,1.53846
46,52,27,0,1.53846
46,52,28,0,1.53846
46,52,29,0,1.53846
46,52,30,0,1.53846
46,52,31,0,1.53846
46,52,32,0,1.53846
46,52,33,0,1.53846
46,52,34,0,1.53846
46,52,35,76,1.53846
46,52,36,4,1.53846
46,52,37,0,1.53846
46,52,38,0,1.53846
46,52,39,0,1.53846
46,52,40,0,1.53846
46,52,41,0,1.53846
46,52,42,0,1.53846
46,52,43,0,1.53846
46,52,44,0,1.53846
46,52,45,0,1.53846
46,52,46,0,1.53846
46,52,47,0,1.53846
46,52,48,0,1.53846
46,52,49,0,1.53846
46,52,50,0,1.53846
46,52,51,0,1.53846
46,52,52,0,1.53846
46,52,53,0,1.53846
46,52,54,0,1.53846
46,52,55,0,1.53846
46,52,56,0,1.53846
46,52,57,0,1.53846
46,52,58,0,1.53846
46,52,59,0,1.53846
46,52,60,0,1.53846
46,52,61,0,1.53846
46,52,62,0,1.53846
46,52,63,0,1.53846
46,53,0,0,1.5283
46,53,1,0,1.5283
46,53,2,0,1.5283
46,53,3,0,1.5283
46,53,4,0,1.5283
46,53,5,0,1.5283
46,53,6,0,1.5283
46,53,7,0,1.5283
46,53,8,0,1.5283
46,53,9,0,1.5283
46,53,10,0,1.5283
46,53,11,0,1.5283
46,53,12,0,1.5283
46,53,13,0,1.5283
46,53,14,0,1.5283
46,53,15,0,1.5283
46,53,16,0,1.5283
46,53,17,0,1.5283
46,53,18,0,1.5283
46,53,19,0,1.5283
46,53,20,0,1.5283
46,53,21,0,1.5283
46,53,22,0,1.5283
46,53,23,0,1.5283
46,53,24,0,1.5283
46,53,25,0,1.5283
46,53,26,0,1.5283
46,53,27,0,1.5283
46,53,28,0,1.5283
46,53,29,0,1.5283
46,53,30,0,1.5283
46,53,31,0,1.5283
46,53,32,0,1.5283
46,53,33,0,1.5283
46,53,34,0,1.5283
46,53,35,76,1.5283
46,53,36,5,1.5283
46,53,37,0,1.5283
46,53,38,0,1.5283
46,53,39,0,1.5283
46,53,40,0,1.5283
46,53,41,0,1.5283
46,53,42,0,1.5283
46,53,43,0,1.5283
46,53,44,0,1.5283
46,53,45,0,1.5283
46,53,46,0,1.5283
46,53,47,0,1.5283
46,53,48,0,1.5283
46,53,49,0,1.5283
46,53,50,0,1.5283
46,53,51,0,1.5283
46,53,52,0,1.5283
46,53,53,0,1.5283
46,53,54,0,1.5283
46,53,55,0,1.5283
46,53,56,0,1.5283
46,53,57,0,1.5283
46,53,58,0,1.5283
46,53,59,0,1.5283
46,53,60,0,1.5283
46,53,61,0,1.5283
46,53,62,0,1.5283
46,53,63,0,1.5283
46,54,0,0,1.51852
46,54,1,0,1.51852
46,54,2,0,1.51852
46,54,3,0,1.51852
46,54,4,0,1.51852
46,54,5,0,1.51852
46,54,6,0,1.51852
46,54,7,0,1.51852
46,54,8,0,1.51852
46,54,9,0,1.51852
46,54,10,0,1.51852
46,54,11,0,1.51852
46,54,12,0,1.51852
46,54,13,0,1.51852
46,54,14,0,1.51852
46,54,15,0,1.51852
46,54,16,0,1.51852
46,54,17,0,1.51852
46,54,18,0,1.51852
46,54,19,0,1.51852
46,54,20,0,1.51852
46,54,21,0,1.51852
46,54,22,0,1.51852
46,54,23,0,1.51852
46,54,24,0,1.51852
46,54,25,0,1.51852
46,54,26,0,1.51852
46,54,27,0,1.51852
46,54,28,0,1.51852
46,54,29,0,1.51852
46,54,30,0,1.51852
46,54,31,0,1.51852
46,54,32,0,1.51852
46,54,33,0,1.51852
46,54,34,0,1.51852
46,54,35,77,1.51852
46,54,36,5,1.51852
46,54,37,0,1.51852
46,54,38,0,1.51852
46,54,39,0,1.51852
46,54,40,0,1.51852
46,54,41,0,1.51852
46,54,42,0,1.51852
46,54,43,0,1.51852
46,54,44,0,1.51852
46,54,45,0,1.51852
46,54,46,0,1.51852
46,54,47,0,1.51852
46,54,48,0,1.51852
46,54,49,0,1.51852
46,54,50,0,1.51852
46,54,51,0,1.51852
46,54,52,0,1.51852
46,54,53,0,1.51852
46,54,54,0,1.51852
46,54,55,0,1.51852
46,54,56,0,1.51852
46,54,57,0,1.51852
46,54,58,0,1.51852
46,54,59,0,1.51852
46,54,60,0,1.51852
46,54,61,0,1.51852
46,54,62,0,1.51852
46,54,63,0,1.51852
46,55,0,0,1.50909
46,55,1,0,1.50909
46,55,2,0,1.50909
46,55,3,0,1.50909
46,55,4,0,1.50909
46,55,5,0,1.50909
46,55,6,0,1.50909
46,55,7,0,1.50909
46,55,8,0,1.50909
46,55,9,0,1.50909
46,55,10,0,1.50909
46,55,11,0,1.50909
46,55,12,0,1.50909
46,55,13,0,1.50909
46,55,14,0,1.50909
46,55,15,0,1.50909
46,55,16,0,1.50909
46,55,17,0,1.50909
46,55,18,0,1.50909
46,55,19,0,1.50909
46,55,20,0,1.50909
46,55,21,0,1.50909
46,55,22,0,1.50909
46,55,23,0,1.50909
46,55,24,0,1.50909
46,55,25,0,1.50909
46,55,26,0,1.50909
46,55,27,0,1.50909
46,55,28,0,1.50909
46,55,29,0,1.50909
46,55,30,0,1.50909
46,55,31,0,1.50909
46,55,32,0,1.50909
46,55,33,0,1.50909
46,55,34,0,1.50909
46,55,35,78,1.50909
46,55,36,5,1.50909
46,55,37,0,1.50909
46,55,38,0,1.50909
46,55,39,0,1.50909
46,55,40,0,1.50909
46,55,41,0,1.50909
46,55,42,0,1.50909
46,55,43,0,1.50909
46,55,44,0,1.50909
46,55,45,0,1.50909
46,55,46,0,1.50909
46,55,47,0,1.50909
46,55,48,0,1.50909
46,55,49,0,1.50909
46,55,50,0,1.50909
46,55,51,0,1.50909
46,55,52,0,1.50909
46,55,53,0,1.50909
46,55,54,0,1.50909
46,55,55,0,1.50909
46,55,56,0,1.50909
46,55,57,0,1.50909
46,55,58,0,1.50909
46,55,59,0,1.50909
46,55,60,0,1.50909
46,55,61,0,1.50909
46,55,62,0,1.50909
46,55,63,0,1.50909
46,56,0,0,1.5
46,56,1,0,1.5
46,56,2,0,1.5
46,56,3,0,1.5
46,56,4,0,1.5
46,56,5,0,1.5
46,56,6,0,1.5
46,56,7,0,1.5
46,56,8,0,1.5
46,56,9,0,1.5
46,56,10,0,1.5
46,56,11,0,1.5
46,56,12,0,1.5
46,56,13,0,1.5
46,56,14,0,1.5
46,56,15,0,1.5
46,56,16,0,1.5
46,56,17,0,1.5
46,56,18,0,1.5
46,56,19,0,1.5
46,56,20,0,1.5
46,56,21,0,1.5
46,56,22,0,1.5
46,56,23,0,1.5
46,56,24,0,1.5
46,56,25,0,1.5
46,56,26,0,1.5
46,56,27,0,1.5
46,56,28,0,1.5
46,56,29,0,1.5
46,56,30,0,1.5
46,56,31,0,1.5
46,56,32,0,1.5
46,56,33,0,1.5
46,56,34,0,1.5
46,56,35,79,1.5
46,56,36,5,1.5
46,56,37,0,1.5
46,56,38,0,1.5
46,56,39,0,1.5
46,56,40,0,1.5
46,56,41,0,1.5
46,56,42,0,1.5
46,56,43,0,1.5
46,56,44,0,1.5
46,56,45,0,1.5
46,56,46,0,1.5
46,56,47,0,1.5
46,56,48,0,1.5
46,56,49,0,1.5
46,56,50,0,1.5
46,56,51,0,1.5
46,56,52,0,1.5
46,56,53,0,1.5
46,56,54,0,1.5
46,56,55,0,1.5
46,56,56,0,1.5
46,56,57,0,1.5
46,56,58,0,1.5
46,56,59,0,1.5
46,56,60,0,1.5
46,56,61,0,1.5
46,56,62,0,1.5
46,56,63,0,1.5
46,57,0,0,1.49123
46,57,1,0,1.49123
46,57,2,0,1.49123
46,57,3,0,1.49123
46,57,4,0,1.49123
46,57,5,0,1.49123
46,57,6,0,1.49123
46,57,7,0,1.49123
46,57,8,0,1.49123
46,57,9,0,1.49123
46,57,10,0,1.49123
46,57,11,0,1.49123
46,57,12,0,1.49123
46,57,13,0,1.49123
46,57,14,0,1.49123
46,57,15,0,1.49123
46,57,16,0,1.49123
46,57,17,0,1.49123
46,57,18,0,1.49123
46,57,19,0,1.49123
46,57,20,0,1.49123
46,57,21,0,1.49123
46,57,22,0,1.49123
46,57,23,0,1.49123
46,57,24,0,1.49123
46,57,25,0,1.49123
46,57,26,0,1.49123
46,57,27,0,1.49123
46,57,28,0,1.49123
46,57,29,0,1.49123
46,57,30,0,1.49123
46,57,31,0,1.49123
46,57,32,0,1.49123
46,57,33,0,1.49123
46,57,34,0,1.49123
46,57,35,80,1.49123
46,57,36,5,1.49123
46,57,37,0,1.49123
46,57,38,0,1.49123
46,57,39,0,1.49123
46,57,40,0,1.49123
46,57,41,0,1.49123
46,57,42,0,1.49123
46,57,43,0,1.49123
46,57,44,0,1.49123
46,57,45,0,1.49123
46,57,46,0,1.49123
46,57,47,0,1.49123
46,57,48,0,1.49123
46,57,49,0,1.49123
46,57,50,0,1.49123
46,57,51,0,1.49123
46,57,52,0,1.49123
46,57,53,0,1.49123
46,57,54,0,1.49123
46,57,55,0,1.49123
46,57,56,0,1.49123
46,57,57,0,1.49123
46,57,58,0,1.49123
46,57,59,0,1.49123
46,57,60,0,1.49123
46,57,61,0,1.49123
46,57,62,0,1.49123
46,57,63,0,1.49123
46,58,0,0,1.48276
46,58,1,0,1.48276
46,58,2,0,1.48276
46,58,3,0,1.48276
46,58,4,0,1.48276
46,58,5,0,1.48276
46,58,6,0,1.48276
46,58,7,0,1.48276
46,58,8,0,1.48276
46,58,9,0,1.48276
46,58,10,0,1.48276
46,58,11,0,1.48276
46,58,12,0,1.48276
46,58,13,0,1.48276
46,58,14,0,1.48276
46,58,15,0,1.48276
46,58,16,0,1.48276
46,58,17,0,1.48276
46,58,18,0,1.48276
46,58,19,0,1.48276
46,58,20,0,1.48276
46,58,21,0,1.48276
46,58,22,0,1.48276
46,58,23,0,1.48276
46,58,24,0,1.48276
46,58,25,0,1.48276
46,58,26,0,1.48276
46,58,27,0,1.48276
46,58,28,0,1.48276
46,58,29,0,1.48276
46,58,30,0,1.48276
46,58,31,0,1.48276
46,58,32,0,1.48276
46,58,33,0,1.48276
46,58,34,0,1.48276
46,58,35,81,1.48276
46,58,36,5,1.48276
46,58,37,0,1.48276
46,58,38,0,1.48276
46,58,39,0,1.48276
46,58,40,0,1.48276
46,58,41,0,1.48276
46,58,42,0,1.48276
46,58,43,0,1.48276
46,58,44,0,1.48276
46,58,45,0,1.48276
46,58,46,0,1.48276
46,58,47,0,1.48276
46,58,48,0,1.48276
46,58,49,0,1.48276
46,58,50,0,1.48276
46,58,51,0,1.48276
46,58,52,0,1.48276
46,58,53,0,1.48276
46,58,54,0,1.48276
46,58,55,0,1.48276
46,58,56,0,1.48276
46,58,57,0,1.48276
46,58,58,0,1.48276
46,58,59,0,1.48276
46,58,60,0,1.48276
46,58,61,0,1.48276
46,58,62,0,1.48276
46,58,63,0,1.48276
46,59,0,0,1.47458
46,59,1,0,1.47458
46,59,2,0,1.47458
46,59,3,0,1.47458
46,59,4,0,1.47458
46,59,5,0,1.47458
46,59,6,0,1.47458
46,59,7,0,1.47458
46,59,8,0,1.47458
46,59,9,0,1.47458
46,59,10,0,1.47458
46,59,11,0,1.47458
46,59,12,0,1.47458
46,59,13,0,1.47458
46,59,14,0,1.47458
46,59,15,0,1.47458
46,59,16,0,1.47458
46,59,17,0,1.47458
46,59,18,0,1.47458
46,59,19,0,1.47458
46,59,20,0,1.47458
46,59,21,0,1.47458
46,59,22,0,1.47458
46,59,23,0,1.47458
46,59,24,0,1.47458
46,59,25,0,1.47458
46,59,26,0,1.47458
46,59,27,0,1.47458
46,59,28,0,1.47458
46,59,29,0,1.47458
46,59,30,0,1.47458
46,59,31,0,1.47458
46,59,32,0,1.47458
46,59,33,0,1.47458
46,59,34,0,1.47458
46,59,35,82,1.47458
46,59,36,5,1.47458
46,59,37,0,1.47458
46,59,38,0,1.47458
46,59,39,0,1.47458
46,59,40,0,1.47458
46,59,41,0,1.47458
46,59,42,0,1.47458
46,59,43,0,1.47458
46,59,44,0,1.47458
46,59,45,0,1.47458
46,59,46,0,1.47458
46,59,47,0,1.47458
46,59,48,0,1.47458
46,59,49,0,1.47458
46,59,50,0,1.47458
46,59,51,0,1.47458
46,59,52,0,1.47458
46,59,53,0,1.47458
46,59,54,0,1.47458
46,59,55,0,1.47458
46,59,56,0,1.47458
46,59,57,0,1.47458
46,59,58,0,1.47458
46,59,59,0,1.47458
46,59,60,0,1.47458
46,59,61,0,1.47458
46,59,62,0,1.47458
46,59,63,0,1.47458
46,60,0,0,1.46667
46,60,1,0,1.46667
46,60,2,0,1.46667
46,60,3,0,1.46667
46,60,4,0,1.46667
46,60,5,0,1.46667
46,60,6,0,1.46667
46,60,7,0,1.46667
46,60,8,0,1.46667
46,60,9,0,1.46667
46,60,10,0,1.46667
46,60,11,0,1.46667
46,60,12,0,1.46667
46,60,13,0,1.46667
46,60,14,0,1.46667
46,60,15,0,1.46667
46,60,16,0,1.46667
46,60,17,0,1.46667
46,60,18,0,1.46667
46,60,19,0,1.46667
46,60,20,0,1.46667
46,60,21,0,1.46667
46,60,22,0,1.46667
46,60,23,0,1.46667
46,60,24,0,1.46667
46,60,25,0,1.46667
46,60,26,0,1.46667
46,60,27,0,1.46667
46,60,28,0,1.46667
46,60,29,0,1.46667
46,60,30,0,1.46667
46,60,31,0,1.46667
46,60,32,0,1.46667
46,60,33,0,1.46667
46,60,34,0,1.46667
46,60,35,83,1.46667
46,60,36,5,1.46667
46,60,37,0,1.46667
46,60,38,0,1.46667
46,60,39,0,1.46667
46,60,40,0,1.46667
46,60,41,0,1.46667
46,60,42,0,1.46667
46,60,43,0,1.46667
46,60,44,0,1.46667
46,60,45,0,1.46667
46,60,46,0,1.46667
46,60,47,0,1.46667
46,60,48,0,1.46667
46,60,49,0,1.46667
46,60,50,0,1.46667
46,60,51,0,1.46667
46,60,52,0,1.46667
46,60,53,0,1.46667
46,60,54,0,1.46667
46,60,55,0,1.46667
46,60,56,0,1.46667
46,60,57,0,1.46667
46,60,58,0,1.46667
46,60,59,0,1.46667
46,60,60,0,1.46667
46,60,61,0,1.46667
46,60,62,0,1.46667
46,60,63,0,1.46667
46,61,0,0,1.47541
46,61,1,0,1.47541
46,61,2,0,1.47541
46,61,3,0,1.47541
46,61,4,0,1.47541
46,61,5,0,1.47541
46,61,6,0,1.47541
46,61,7,0,1.47541
46,61,8,0,1.47541
46,61,9,0,1.47541
46,61,10,0,1.47541
46,61,11,0,1.47541
46,61,12,0,1.47541
46,61,13,0,1.47541
46,61,14,0,1.47541
46,61,15,0,1.47541
46,61,16,0,1.47541
46,61,17,0,1.47541
46,61,18,0,1.47541
46,61,19,0,1.47541
46,61,20,0,1.47541
46,61,21,0,1.47541
46,61,22,0,1.47541
46,61,23,0,1.47541
46,61,24,0,1.47541
46,61,25,0,1.47541
46,61,26,0,1.47541
46,61,27,0,1.47541
46,61,28,0,1.47541
46,61,29,0,1.47541
46,61,30,0,1.47541
46,61,31,0,1.47541
46,61,32,0,1.47541
46,61,33,0,1.47541
46,61,34,0,1.47541
46,61,35,83,1.47541
46,61,36,7,1.47541
46,61,37,0,1.47541
46,61,38,0,1.47541
46,61,39,0,1.47541
46,61,40,0,1.47541
46,61,41,0,1.47541
46,61,42,0,1.47541
46,61,43,0,1.47541
46,61,44,0,1.47541
46,61,45,0,1.47541
46,61,46,0,1.47541
46,61,47,0,1.47541
46,61,48,0,1.47541
46,61,49,0,1.47541
46,61,50,0,1.47541
46,61,51,0,1.47541
46,61,52,0,1.47541
46,61,53,0,1.47541
46,61,54,0,1.47541
46,61,55,0,1.47541
46,61,56,0,1.47541
46,61,57,0,1.47541
46,61,58,0,1.47541
46,61,59,0,1.47541
46,61,60,0,1.47541
46,61,61,0,1.47541
46,61,62,0,1.47541
46,61,63,0,1.47541
46,62,0,0,1.5
46,62,1,0,1.5
46,62,2,0,1.5
46,62,3,0,1.5
46,62,4,0,1.5
46,62,5,0,1.5
46,62,6,0,1.5
46,62,7,0,1.5
46,62,8,0,1.5
46,62,9,0,1.5
46,62,10,0,1.5
46,62,11,0,1.5
46,62,12,0,1.5
46,62,13,0,1.5
46,62,14,0,1.5
46,62,15,0,1.5
46,62,16,0,1.5
46,62,17,0,1.5
46,62,18,0,1.5
46,62,19,0,1.5
46,62,20,0,1.5
46,62,21,0,1.5
46,62,22,0,1.5
46,62,23,0,1.5
46,62,24,0,1.5
46,62,25,0,1.5
46,62,26,0,1.5
46,62,27,0,1.5
46,62,28,0,1.5
46,62,29,0,1.5
46,62,30,0,1.5
46,62,31,0,1.5
46,62,32,0,1.5
46,62,33,0,1.5
46,62,34,0,1.5
46,62,35,86,1.5
46,62,36,7,1.5
46,62,37,0,1.5
46,62,38,0,1.5
46,62,39,0,1.5
46,62,40,0,1.5
46,62,41,0,1.5
46,62,42,0,1.5
46,62,43,0,1.5
46,62,44,0,1.5
46,62,45,0,1.5
46,62,46,0,1.5
46,62,47,0,1.5
46,62,48,0,1.5
46,62,49,0,1.5
46,62,50,0,1.5
46,62,51,0,1.5
46,62,52,0,1.5
46,62,53,0,1.5
46,62,54,0,1.5
46,62,55,0,1.5
46,62,56,0,1.5
46,62,57,0,1.5
46,62,58,0,1.5
46,62,59,0,1.5
46,62,60,0,1.5
46,62,61,0,1.5
46,62,62,0,1.5
46,62,63,0,1.5
46,63,0,0,1.49206
46,63,1,0,1.49206
46,63,2,0,1.49206
46,63,3,0,1.49206
46,63,4,0,1.49206
46,63,5,0,1.49206
46,63,6,0,1.49206
46,63,7,0,1.49206
46,63,8,0,1.49206
46,63,9,0,1.49206
46,63,10,0,1.49206
46,63,11,0,1.49206
46,63,12,0,1.49206
46,63,13,0,1.49206
46,63,14,0,1.49206
46,63,15,0,1.49206
46,63,16,0,1.49206
46,63,17,0,1.49206
46,63,18,0,1.49206
46,63,19,0,1.49206
46,63,20,0,1.49206
46,63,21,0,1.49206
46,63,22,0,1.49206
46,63,23,0,1.49206
46,63,24,0,1.49206
46,63,25,0,1.49206
46,63,26,0,1.49206
46,63,27,0,1.49206
46,63,28,0,1.49206
46,63,29,0,1.49206
46,63,30,0,1.49206
46,63,31,0,1.49206
46,63,32,0,1.49206
46,63,33,0,1.49206
46,63,34,0,1.49206
46,63,35,87,1.49206
46,63,36,7,1.49206
46,63,37,0,1.49206
46,63,38,0,1.49206
46,63,39,0,1.49206
46,63,40,0,1.49206
46,63,41,0,1.49206
46,63,42,0,1.49206
46,63,43,0,1.49206
46,63,44,0,1.49206
46,63,45,0,1.49206
46,63,46,0,1.49206
46,63,47,0,1.49206
46,63,48,0,1.49206
46,63,49,0,1.49206
46,63,50,0,1.49206
46,63,51,0,1.49206
46,63,52,0,1.49206
46,63,53,0,1.49206
46,63,54,0,1.49206
46,63,55,0,1.49206
46,63,56,0,1.49206
46,63,57,0,1.49206
46,63,58,0,1.49206
46,63,59,0,1.49206
46,63,60,0,1.49206
46,63,61,0,1.49206
46,63,62,0,1.49206
46,63,63,0,1.49206
46,64,0,0,1.5
46,64,1,0,1.5
46,64,2,0,1.5
46,64,3,0,1.5
46,64,4,0,1.5
46,64,5,0,1.5
46,64,6,0,1.5
46,64,7,0,1.5
46,64,8,0,1.5
46,64,9,0,1.5
46,64,10,0,1.5
46,64,11,0,1.5
46,64,12,0,1.5
46,64,13,0,1.5
46,64,14,0,1.5
46,64,15,0,1.5
46,64,16,0,1.5
46,64,17,0,1.5
46,64,18,0,1.5
46,64,19,0,1.5
46,64,20,0,1.5
46,64,21,0,1.5
46,64,22,0,1.5
46,64,23,0,1.5
46,64,24,0,1.5
46,64,25,0,1.5
46,64,26,0,1.5
46,64,27,0,1.5
46,64,28,0,1.5
46,64,29,0,1.5
46,64,30,0,1.5
46,64,31,0,1.5
46,64,32,0,1.5
46,64,33,0,1.5
46,64,34,0,1.5
46,64,35,89,1.5
46,64,36,7,1.5
46,64,37,0,1.5
46,64,38,0,1.5
46,64,39,0,1.5
46,64,40,0,1.5
46,64,41,0,1.5
46,64,42,0,1.5
46,64,43,0,1.5
46,64,44,0,1.5
46,64,45,0,1.5
46,64,46,0,1.5
46,64,47,0,1.5
46,64,48,0,1.5
46,64,49,0,1.5
46,64,50,0,1.5
46,64,51,0,1.5
46,64,52,0,1.5
46,64,53,0,1.5
46,64,54,0,1.5
46,64,55,0,1.5
46,64,56,0,1.5
46,64,57,0,1.5
46,64,58,0,1.5
46,64,59,0,1.5
46,64,60,0,1.5
46,64,61,0,1.5
46,64,62,0,1.5
46,64,63,0,1.5
46,65,0,0,1.49231
46,65,1,0,1.49231
46,65,2,0,1.49231
46,65,3,0,1.49231
46,65,4,0,1.49231
46,65,5,0,1.49231
46,65,6,0,1.49231
46,65,7,0,1.49231
46,65,8,0,1.49231
46,65,9,0,1.49231
46,65,10,0,1.49231
46,65,11,0,1.49231
46,65,12,0,1.49231
46,65,13,0,1.49231
46,65,14,0,1.49231
46,65,15,0,1.49231
46,65,16,0,1.49231
46,65,17,0,1.49231
46,65,18,0,1.49231
46,65,19,0,1.49231
46,65,20,0,1.49231
46,65,21,0,1.49231
46,65,22,0,1.49231
46,65,23,0,1.49231
46,65,24,0,1.49231
46,65,25,0,1.49231
46,65,26,0,1.49231
46,65,27,0,1.49231
46,65,28,0,1.49231
46,65,29,0,1.49231
46,65,30,0,1.49231
46,65,31,0,1.49231
46,65,32,0,1.49231
46,65,33,0,1.49231
46,65,34,0,1.49231
46,65,35,90,1.49231
46,65,36,7,1.49231
46,65,37,0,1.49231
46,65,38,0,1.49231
46,65,39,0,1.49231
46,65,40,0,1.49231
46,65,41,0,1.49231
46,65,42,0,1.49231
46,65,43,0,1.49231
46,65,44,0,1.49231
46,65,45,0,1.49231
46,65,46,0,1.49231
46,65,47,0,1.49231
46,65,48,0,1.49231
46,65,49,0,1.49231
46,65,50,0,1.49231
46,65,51,0,1.49231
46,65,52,0,1.49231
46,65,53,0,1.49231
46,65,54,0,1.49231
46,65,55,0,1.49231
46,65,56,0,1.49231
46,65,57,0,1.49231
46,65,58,0,1.49231
46,65,59,0,1.49231
46,65,60,0,1.49231
46,65,61,0,1.49231
46,65,62,0,1.49231
46,65,63,0,1.49231
46,66,0,0,1.5
46,66,1,0,1.5
46,66,2,0,1.5
46,66,3,0,1.5
46,66,4,0,1.5
46,66,5,0,1.5
46,66,6,0,1.5
46,66,7,0,1.5
46,66,8,0,1.5
46,66,9,0,1.5
46,66,10,0,1.5
46,66,11,0,1.5
46,66,12,0,1.5
46,66,13,0,1.5
46,66,14,0,1.5
46,66,15,0,1.5
46,66,16,0,1.5
46,66,17,0,1.5
46,66,18,0,1.5
46,66,19,0,1.5
46,66,20,0,1.5
46,66,21,0,1.5
46,66,22,0,1.5
46,66,23,0,1.5
46,66,24,0,1.5
46,66,25,0,1.5
46,66,26,0,1.5
46,66,27,0,1.5
46,66,28,0,1.5
46,66,29,0,1.5
46,66,30,0,1.5
46,66,31,0,1.5
46,66,32,0,1.5
46,66,33,0,1.5
46,66,34,0,1.5
46,66,35,92,1.5
46,66,36,7,1.5
46,66,37,0,1.5
46,66,38,0,1.5
46,66,39,0,1.5
46,66,40,0,1.5
46,66,41,0,1.5
46,66,42,0,1.5
46,66,43,0,1.5
46,66,44,0,1.5
46,66,45,0,1.5
46,66,46,0,1.5
46,66,47,0,1.5
46,66,48,0,1.5
46,66,49,0,1.5
46,66,50,0,1.5
46,66,51,0,1.5
46,66,52,0,1.5
46,66,53,0,1.5
46,66,54,0,1.5
46,66,55,0,1.5
46,66,56,0,1.5
46,66,57,0,1.5
46,66,58,0,1.5
46,66,59,0,1.5
46,66,60,0,1.5
46,66,61,0,1.5
46,66,62,0,1.5
46,66,63,0,1.5
46,67,0,0,1.49254
46,67,1,0,1.49254
46,67,2,0,1.49254
46,67,3,0,1.49254
46,67,4,0,1.49254
46,67,5,0,1.49254
46,67,6,0,1.49254
46,67,7,0,1.49254
46,67,8,0,1.49254
46,67,9,0,1.49254
46,67,10,0,1.49254
46,67,11,0,1.49254
46,67,12,0,1.49254
46,67,13,0,1.49254
46,67,14,0,1.49254
46,67,15,0,1.49254
46,67,16,0,1.49254
46,67,17,0,1.49254
46,67,18,0,1.49254
46,67,19,0,1.49254
46,67,20,0,1.49254
46,67,21,0,1.49254
46,67,22,0,1.49254
46,67,23,0,1.49254
46,67,24,0,1.49254
46,67,25,0,1.49254
46,67,26,0,1.49254
46,67,27,0,1.49254
46,67,28,0,1.49254
46,67,29,0,1.49254
46,67,30,0,1.49254
46,67,31,0,1.49254
46,67,32,0,1.49254
46,67,33,0,1.49254
46,67,34,0,1.49254
46,67,35,93,1.49254
46,67,36,7,1.49254
46,67,37,0,1.49254
46,67,38,0,1.49254
46,67,39,0,1.49254
46,67,40,0,1.49254
46,67,41,0,1.49254
46,67,42,0,1.49254
46,67,43,0,1.49254
46,67,44,0,1.49254
46,67,45,0,1.49254
46,67,46,0,1.49254
46,67,47,0,1.49254
46,67,48,0,1.49254
46,67,49,0,1.49254
46,67,50,0,1.49254
46,67,51,0,1.49254
46,67,52,0,1.49254
46,67,53,0,1.49254
46,67,54,0,1.49254
46,67,55,0,1.49254
46,67,56,0,1.49254
46,67,57,0,1.49254
46,67,58,0,1.49254
46,67,59,0,1.49254
46,67,60,0,1.49254
46,67,61,0,1.49254
46,67,62,0,1.49254
46,67,63,0,1.49254
46,68,0,0,1.48529
46,68,1,0,1.48529
46,68,2,0,1.48529
46,68,3,0,1.48529
46,68,4,0,1.48529
46,68,5,0,1.48529
46,68,6,0,1.48529
46,68,7,0,1.48529
46,68,8,0,1.48529
46,68,9,0,1.48529
46,68,10,0,1.48529
46,68,11,0,1.48529
46,68,12,0,1.48529
46,68,13,0,1.48529
46,68,14,0,1.48529
46,68,15,0,1.48529
46,68,16,0,1.48529
46,68,17,0,1.48529
46,68,18,0,1.48529
46,68,19,0,1.48529
46,68,20,0,1.48529
46,68,21,0,1.48529
46,68,22,0,1.48529
46,68,23,0,1.48529
46,68,24,0,1.48529
46,68,25,0,1.48529
46,68,26,0,1.48529
46,68,27,0,1.48529
46,68,28,0,1.48529
46,68,29,0,1.48529
46,68,30,0,1.48529
46,68,31,0,1.48529
46,68,32,0,1.48529
46,68,33,0,1.48529
46,68,34,0,1.48529
46,68,35,94,1.48529
46,68,36,7,1.48529
46,68,37,0,1.48529
46,68,38,0,1.48529
46,68,39,0,1.48529
46,68,40,0,1.48529
46,68,41,0,1.48529
46,68,42,0,1.48529
46,68,43,0,1.48529
46,68,44,0,1.48529
46,68,45,0,1.48529
46,68,46,0,1.48529
46,68,47,0,1.48529
46,68,48,0,1.48529
46,68,49,0,1.48529
46,68,50,0,1.48529
46,68,51,0,1.48529
46,68,52,0,1.48529
46,68,53,0,1.48529
46,68,54,0,1.48529
46,68,55,0,1.48529
46,68,56,0,1.48529
46,68,57,0,1.48529
46,68,58,0,1.48529
46,68,59,0,1.48529
46,68,60,0,1.48529
46,68,61,0,1.48529
46,68,62,0,1.48529
46,68,63,0,1.48529
46,69,0,0,1.47826
46,69,1,0,1.47826
46,69,2,0,1.47826
46,69,3,0,1.47826
46,69,4,0,1.47826
46,69,5,0,1.47826
46,69,6,0,1.47826
46,69,7,0,1.47826
46,69,8,0,1.47826
46,69,9,0,1.47826
46,69,10,0,1.47826
46,69,11,0,1.47826
46,69,12,0,1.47826
46,69,13,0,1.47826
46,69,14,0,1.47826
46,69,15,0,1.47826
46,69,16,0,1.47826
46,69,17,0,1.47826
46,69,18,0,1.47826
46,69,19,0,1.47826
46,69,20,0,1.47826
46,69,21,0,1.47826
46,69,22,0,1.47826
46,69,23,0,1.47826
46,69,24,0,1.47826
46,69,25,0,1.47826
46,69,26,0,1.47826
46,69,27,0,1.47826
46,69,28,0,1.47826
46,69,29,0,1.47826
46,69,30,0,1.47826
46,69,31,0,1.47826
46,69,32,0,1.47826
46,69,33,0,1.47826
46,69,34,0,1.47826
46,69,35,95,1.47826
46,69,36,7,1.47826
46,69,37,0,1.47826
46,69,38,0,1.47826
46,69,39,0,1.47826
46,69,40,0,1.47826
46,69,41,0,1.47826
46,69,42,0,1.47826
46,69,43,0,1.47826
46,69,44,0,1.47826
46,69,45,0,1.47826
46,69,46,0,1.47826
46,69,47,0,1.47826
46,69,48,0,1.47826
46,69,49,0,1.47826
46,69,50,0,1.47826
46,69,51,0,1.47826
46,69,52,0,1.47826
46,69,53,0,1.47826
46,69,54,0,1.47826
46,69,55,0,1.47826
46,69,56,0,1.47826
46,69,57,0,1.47826
46,69,58,0,1.47826
46,69,59,0,1.47826
46,69,60,0,1.47826
46,69,61,0,1.47826
46,69,62,0,1.47826
46,69,63,0,1.47826
46,70,0,0,1.48571
46,70,1,0,1.48571
46,70,2,0,1.48571
46,70,3,0,1.48571
46,70,4,0,1.48571
46,70,5,0,1.48571
46,70,6,0,1.48571
46,70,7,0,1.48571
46,70,8,0,1.48571
46,70,9,0,1.48571
46,70,10,0,1.48571
46,70,11,0,1.48571
46,70,12,0,1.48571
46,70,13,0,1.48571
46,70,14,0,1.48571
46,70,15,0,1.48571
46,70,16,0,1.48571
46,70,17,0,1.48571
46,70,18,0,1.48571
46,70,19,0,1.48571
46,70,20,0,1.48571
46,70,21,0,1.48571
46,70,22,0,1.48571
46,70,23,0,1.48571
46,70,24,0,1.48571
46,70,25,0,1.48571
46,70,26,0,1.48571
46,70,27,0,1.48571
46,70,28,0,1.48571
46,70,29,0,1.48571
46,70,30,0,1.48571
46,70,31,0,1.48571
46,70,32,0,1.48571
46,70,33,0,1.48571
46,70,34,0,1.48571
46,70,35,97,1.48571
46,70,36,7,1.48571
46,70,37,0,1.48571
46,70,38,0,1.48571
46,70,39,0,1.48571
46,70,40,0,1.48571
46,70,41,0,1.48571
46,70,42,0,1.48571
46,70,43,0,1.48571
46,70,44,0,1.48571
46,70,45,0,1.48571
46,70,46,0,1.48571
46,70,47,0,1.48571
46,70,48,0,1.48571
46,70,49,0,1.48571
46,70,50,0,1.48571
46,70,51,0,1.48571
46,70,52,0,1.48571
46,70,53,0,1.48571
46,70,54,0,1.48571
46,70,55,0,1.48571
46,70,56,0,1.48571
46,70,57,0,1.48571
46,70,58,0,1.48571
46,70,59,0,1.48571
46,70,60,0,1.48571
46,70,61,0,1.48571
46,70,62,0,1.48571
46,70,63,0,1.48571
46,71,0,0,1.47887
46,71,1,0,1.47887
46,71,2,0,1.47887
46,71,3,0,1.47887
46,71,4,0,1.47887
46,71,5,0,1.47887
46,71,6,0,1.47887
46,71,7,0,1.47887
46,71,8,0,1.47887
46,71,9,0,1.47887
46,71,10,0,1.47887
46,71,11,0,1.47887
46,71,12,0,1.47887
46,71,13,0,1.47887
46,71,14,0,1.47887
46,71,15,0,1.47887
46,71,16,0,1.47887
46,71,17,0,1.47887
46,71,18,0,1.47887
46,71,19,0,1.47887
46,71,20,0,1.47887
46,71,21,0,1.47887
46,71,22,0,1.47887
46,71,23,0,1.47887
46,71,24,0,1.47887
46,71,25,0,1.47887
46,71,26,0,1.47887
46,71,27,0,1.47887
46,71,28,0,1.47887
46,71,29,0,1.47887
46,71,30,0,1.47887
46,71,31,0,1.47887
46,71,32,0,1.47887
46,71,33,0,1.47887
46,71,34,0,1.47887
46,71,35,98,1.47887
46,71,36,7,1.47887
46,71,37,0,1.47887
46,71,38,0,1.47887
46,71,39,0,1.47887
46,71,40,0,1.47887
46,71,41,0,1.47887
46,71,42,0,1.47887
46,71,43,0,1.47887
46,71,44,0,1.47887
46,71,45,0,1.47887
46,71,46,0,1.47887
46,71,47,0,1.47887
46,71,48,0,1.47887
46,71,49,0,1.47887
46,71,50,0,1.47887
46,71,51,0,1.47887
46,71,52,0,1.47887
46,71,53,0,1.47887
46,71,54,0,1.47887
46,71,55,0,1.47887
46,71,56,0,1.47887
46,71,57,0,1.47887
46,71,58,0,1.47887
46,71,59,0,1.47887
46,71,60,0,1.47887
46,71,61,0,1.47887
46,71,62,0,1.47887
46,71,63,0,1.47887
46,72,0,0,1.48611
46,72,1,0,1.48611
46,72,2,0,1.48611
46,72,3,0,1.48611
46,72,4,0,1.48611
46,72,5,0,1.48611
46,72,6,0,1.48611
46,72,7,0,1.48611
46,72,8,0,1.48611
46,72,9,0,1.48611
46,72,10,0,1.48611
46,72,11,0,1.48611
46,72,12,0,1.48611
46,72,13,0,1.48611
46,72,14,0,1.48611
46,72,15,0,1.48611
46,72,16,0,1.48611
46,72,17,0,1.48611
46,72,18,0,1.48611
46,72,19,0,1.48611
46,72,20,0,1.48611
46,72,21,0,1.48611
46,72,22,0,1.48611
46,72,23,0,1.48611
46,72,24,0,1.48611
46,72,25,0,1.48611
46,72,26,0,1.48611
46,72,27,0,1.48611
46,72,28,0,1.48611
46,72,29,0,1.48611
46,72,30,0,1.48611
46,72,31,0,1.48611
46,72,32,0,1.48611
46,72,33,0,1.48611
46,72,34,0,1.48611
46,72,35,100,1.48611
46,72,36,7,1.48611
46,72,37,0,1.48611
46,72,38,0,1.48611
46,72,39,0,1.48611
46,72,40,0,1.48611
46,72,41,0,1.48611
46,72,42,0,1.48611
46,72,43,0,1.48611
46,72,44,0,1.48611
46,72,45,0,1.48611
46,72,46,0,1.48611
46,72,47,0,1.48611
46,72,48,0,1.48611
46,72,49,0,1.48611
46,72,50,0,1.48611
46,72,51,0,1.48611
46,72,52,0,1.48611
46,72,53,0,1.48611
46,72,54,0,1.48611
46,72,55,0,1.48611
46,72,56,0,1.48611
46,72,57,0,1.48611
46,72,58,0,1.48611
46,72,59,0,1.48611
46,72,60,0,1.48611
46,72,61,0,1.48611
46,72,62,0,1.48611
46,72,63,0,1.48611
46,73,0,0,1.47945
46,73,1,0,1.47945
46,73,2,0,1.47945
46,73,3,0,1.47945
46,73,4,0,1.47945
46,73,5,0,1.47945
46,73,6,0,1.47945
46,73,7,0,1.47945
46,73,8,0,1.47945
46,73,9,0,1.47945
46,73,10,0,1.47945
46,73,11,0,1.47945
46,73,12,0,1.47945
46,73,13,0,1.47945
46,73,14,0,1.47945
46,73,15,0,1.47945
46,73,16,0,1.47945
46,73,17,0,1.47945
46,73,18,0,1.47945
46,73,19,0,1.47945
46,73,20,0,1.47945
46,73,21,0,1.47945
46,73,22,0,1.47945
46,73,23,0,1.47945
46,73,24,0,1.47945
46,73,25,0,1.47945
46,73,26,0,1.47945
46,73,27,0,1.47945
46,73,28,0,1.47945
46,73,29,0,1.47945
46,73,30,0,1.47945
46,73,31,0,1.47945
46,73,32,0,1.47945
46,73,33,0,1.47945
46,73,34,0,1.47945
46,73,35,101,1.47945
46,73,36,7,1.47945
46,73,37,0,1.47945
46,73,38,0,1.47945
46,73,39,0,1.47945
46,73,40,0,1.47945
46,73,41,0,1.47945
46,73,42,0,1.47945
46,73,43,0,1.47945
46,73,44,0,1.47945
46,73,45,0,1.47945
46,73,46,0,1.47945
46,73,47,0,1.47945
46,73,48,0,1.47945
46,73,49,0,1.47945
46,73,50,0,1.47945
46,73,51,0,1.47945
46,73,52,0,1.47945
46,73,53,0,1.47945
46,73,54,0,1.47945
46,73,55,0,1.47945
46,73,56,0,1.47945
46,73,57,0,1.47945
46,73,58,0,1.47945
46,73,59,0,1.47945
46,73,60,0,1.47945
46,73,61,0,1.47945
46,73,62,0,1.47945
46,73,63,0,1.47945
46,74,0,0,1.47297
46,74,1,0,1.47297
46,74,2,0,1.47297
46,74,3,0,1.47297
46,74,4,0,1.47297
46,74,5,0,1.47297
46,74,6,0,1.47297
46,74,7,0,1.47297
46,74,8,0,1.47297
46,74,9,0,1.47297
46,74,10,0,1.47297
46,74,11,0,1.47297
46,74,12,0,1.47297
46,74,13,0,1.47297
46,74,14,0,1.47297
46,74,15,0,1.47297
46,74,16,0,1.47297
46,74,17,0,1.47297
46,74,18,0,1.47297
46,74,19,0,1.47297
46,74,20,0,1.47297
46,74,21,0,1.47297
46,74,22,0,1.47297
46,74,23,0,1.47297
46,74,24,0,1.47297
46,74,25,0,1.47297
46,74,26,0,1.47297
46,74,27,0,1.47297
46,74,28,0,1.47297
46,74,29,0,1.47297
46,74,30,0,1.47297
46,74,31,0,1.47297
46,74,32,0,1.47297
46,74,33,0,1.47297
46,74,34,0,1.47297
46,74,35,102,1.47297
46,74,36,7,1.47297
46,74,37,0,1.47297
46,74,38,0,1.47297
46,74,39,0,1.47297
46,74,40,0,1.47297
46,74,41,0,1.47297
46,74,42,0,1.47297
46,74,43,0,1.47297
46,74,44,0,1.47297
46,74,45,0,1.47297
46,74,46,0,1.47297
46,74,47,0,1.47297
46,74,48,0,1.47297
46,74,49,0,1.47297
46,74,50,0,1.47297
46,74,51,0,1.47297
46,74,52,0,1.47297
46,74,53,0,1.47297
46,74,54,0,1.47297
46,74,55,0,1.47297
46,74,56,0,1.47297
46,74,57,0,1.47297
46,74,58,0,1.47297
46,74,59,0,1.47297
46,74,60,0,1.47297
46,74,61,0,1.47297
46,74,62,0,1.47297
46,74,63,0,1.47297
46,75,0,0,1.46667
46,75,1,0,1.46667
46,75,2,0,1.46667
46,75,3,0,1.46667
46,75,4,0,1.46667
46,75,5,0,1.46667
46,75,6,0,1.46667
46,75,7,0,1.46667
46,75,8,0,1.46667
46,75,9,0,1.46667
46,75,10,0,1.46667
46,75,11,0,1.46667
46,75,12,0,1.46667
46,75,13,0,1.46667
46,75,14,0,1.46667
46,75,15,0,1.46667
46,75,16,0,1.46667
46,75,17,0,1.46667
46,75,18,0,1.46667
46,75,19,0,1.46667
46,75,20,0,1.46667
46,75,21,0,1.46667
46,75,22,0,1.46667
46,75,23,0,1.46667
46,75,24,0,1.46667
46,75,25,0,1.46667
46,75,26,0,1.46667
46,75,27,0,1.46667
46,75,28,0,1.46667
46,75,29,0,1.46667
46,75,30,0,1.46667
46,75,31,0,1.46667
46,75,32,0,1.46667
46,75,33,0,1.46667
46,75,34,0,1.46667
46,75,35,103,1.46667
46,75,36,7,1.46667
46,75,37,0,1.46667
46,75,38,0,1.46667
46,75,39,0,1.46667
46,75,40,0,1.46667
46,75,41,0,1.46667
46,75,42,0,1.46667
46,75,43,0,1.46667
46,75,44,0,1.46667
46,75,45,0,1.46667
46,75,46,0,1.46667
46,75,47,0,1.46667
46,75,48,0,1.46667
46,75,49,0,1.46667
46,75,50,0,1.46667
46,75,51,0,1.46667
46,75,52,0,1.46667
46,75,53,0,1.46667
46,75,54,0,1.46667
46,75,55,0,1.46667
46,75,56,0,1.46667
46,75,57,0,1.46667
46,75,58,0,1.46667
46,75,59,0,1.46667
46,75,60,0,1.46667
46,75,61,0,1.46667
46,75,62,0,1.46667
46,75,63,0,1.46667
46,76,0,0,1.47368
46,76,1,0,1.47368
46,76,2,0,1.47368
46,76,3,0,1.47368
46,76,4,0,1.47368
46,76,5,0,1.47368
46,76,6,0,1.47368
46,76,7,0,1.47368
46,76,8,0,1.47368
46,76,9,0,1.47368
46,76,10,0,1.47368
46,76,11,0,1.47368
46,76,12,0,1.47368
46,76,13,0,1.47368
46,76,14,0,1.47368
46,76,15,0,1.47368
46,76,16,0,1.47368
46,76,17,0,1.47368
46,76,18,0,1.47368
46,76,19,0,1.47368
46,76,20,0,1.47368
46,76,21,0,1.47368
46,76,22,0,1.47368
46,76,23,0,1.47368
46,76,24,0,1.47368
46,76,25,0,1.47368
46,76,26,0,1.47368
46,76,27,0,1.47368
46,76,28,0,1.47368
46,76,29,0,1.47368
46,76,30,0,1.47368
46,76,31,0,1.47368
46,76,32,0,1.47368
46,76,33,0,1.47368
46,76,34,0,1.47368
46,76,35,105,1.47368
46,76,36,7,1.47368
46,76,37,0,1.47368
46,76,38,0,1.47368
46,76,39,0,1.47368
46,76,40,0,1.47368
46,76,41,0,1.47368
46,76,42,0,1.47368
46,76,43,0,1.47368
46,76,44,0,1.47368
46,76,45,0,1.47368
46,76,46,0,1.47368
46,76,47,0,1.47368
46,76,48,0,1.47368
46,76,49,0,1.47368
46,76,50,0,1.47368
46,76,51,0,1.47368
46,76,52,0,1.47368
46,76,53,0,1.47368
46,76,54,0,1.47368
46,76,55,0,1.47368
46,76,56,0,1.47368
46,76,57,0,1.47368
46,76,58,0,1.47368
46,76,59,0,1.47368
46,76,60,0,1.47368
46,76,61,0,1.47368
46,76,62,0,1.47368
46,76,63,0,1.47368
46,77,0,0,1.46753
46,77,1,0,1.46753
46,77,2,0,1.46753
46,77,3,0,1.46753
46,77,4,0,1.46753
46,77,5,0,1.46753
46,77,6,0,1.46753
46,77,7,0,1.46753
46,77,8,0,1.46753
46,77,9,0,1.46753
46,77,10,0,1.46753
46,77,11,0,1.46753
46,77,12,0,1.46753
46,77,13,0,1.46753
46,77,14,0,1.46753
46,77,15,0,1.46753
46,77,16,0,1.46753
46,77,17,0,1.46753
46,77,18,0,1.46753
46,77,19,0,1.46753
46,77,20,0,1.46753
46,77,21,0,1.46753
46,77,22,0,1.46753
46,77,23,0,1.46753
46,77,24,0,1.46753
46,77,25,0,1.46753
46,77,26,0,1.46753
46,77,27,0,1.46753
46,77,28,0,1.46753
46,77,29,0,1.46753
46,77,30,0,1.46753
46,77,31,0,1.46753
46,77,32,0,1.46753
46,77,33,0,1.46753
46,77,34,0,1.46753
46,77,35,106,1.46753
46,77,36,7,1.46753
46,77,37,0,1.46753
46,77,38,0,1.46753
46,77,39,0,1.46753
46,77,40,0,1.46753
46,77,41,0,1.46753
46,77,42,0,1.46753
46,77,43,0,1.46753
46,77,44,0,1.46753
46,77,45,0,1.46753
46,77,46,0,1.46753
46,77,47,0,1.46753
46,77,48,0,1.46753
46,77,49,0,1.46753
46,77,50,0,1.46753
46,77,51,0,1.46753
46,77,52,0,1.46753
46,77,53,0,1.46753
46,77,54,0,1.46753
46,77,55,0,1.46753
46,77,56,0,1.46753
46,77,57,0,1.46753
46,77,58,0,1.46753
46,77,59,0,1.46753
46,77,60,0,1.46753
46,77,61,0,1.46753
46,77,62,0,1.46753
46,77,63,0,1.46753
46,78,0,0,1.46154
46,78,1,0,1.46154
46,78,2,0,1.46154
46,78,3,0,1.46154
46,78,4,0,1.46154
46,78,5,0,1.46154
46,78,6,0,1.46154
46,78,7,0,1.46154
46,78,8,0,1.46154
46,78,9,0,1.46154
46,78,10,0,1.46154
46,78,11,0,1.46154
46,78,12,0,1.46154
46,78,13,0,1.46154
46,78,14,0,1.46154
46,78,15,0,1.46154
46,78,16,0,1.46154
46,78,17,0,1.46154
46,78,18,0,1.46154
46,78,19,0,1.46154
46,78,20,0,1.46154
46,78,21,0,1.46154
46,78,22,0,1.46154
46,78,23,0,1.46154
46,78,24,0,1.46154
46,78,25,0,1.46154
46,78,26,0,1.46154
46,78,27,0,1.46154
46,78,28,0,1.46154
46,78,29,0,1.46154
46,78,30,0,1.46154
46,78,31,0,1.46154
46,78,32,0,1.46154
46,78,33,0,1.46154
46,78,34,0,1.46154
46,78,35,107,1.46154
46,78,36,7,1.46154
46,78,37,0,1.46154
46,78,38,0,1.46154
46,78,39,0,1.46154
46,78,40,0,1.46154
46,78,41,0,1.46154
46,78,42,0,1.46154
46,78,43,0,1.46154
46,78,44,0,1.46154
46,78,45,0,1.46154
46,78,46,0,1.46154
46,78,47,0,1.46154
46,78,48,0,1.46154
46,78,49,0,1.46154
46,78,50,0,1.46154
46,78,51,0,1.46154
46,78,52,0,1.46154
46,78,53,0,1.46154
46,78,54,0,1.46154
46,78,55,0,1.46154
46,78,56,0,1.46154
46,78,57,0,1.46154
46,78,58,0,1.46154
46,78,59,0,1.46154
46,78,60,0,1.46154
46,78,61,0,1.46154
46,78,62,0,1.46154
46,78,63,0,1.46154
46,79,0,0,1.46835
46,79,1,0,1.46835
46,79,2,0,1.46835
46,79,3,0,1.46835
46,79,4,0,1.46835
46,79,5,0,1.46835
46,79,6,0,1.46835
46,79,7,0,1.46835
46,79,8,0,1.46835
46,79,9,0,1.46835
46,79,10,0,1.46835
46,79,11,0,1.46835
46,79,12,0,1.46835
46,79,13,0,1.46835
46,79,14,0,1.46835
46,79,15,0,1.46835
46,79,16,0,1.46835
46,79,17,0,1.46835
46,79,18,0,1.46835
46,79,19,0,1.46835
46,79,20,0,1.46835
46,79,21,0,1.46835
46,79,22,0,1.46835
46,79,23,0,1.46835
46,79,24,0,1.46835
46,79,25,0,1.46835
46,79,26,0,1.46835
46,79,27,0,1.46835
46,79,28,0,1.46835
46,79,29,0,1.46835
46,79,30,0,1.46835
46,79,31,0,1.46835
46,79,32,0,1.46835
46,79,33,0,1.46835
46,79,34,0,1.46835
46,79,35,109,1.46835
46,79,36,7,1.46835
46,79,37,0,1.46835
46,79,38,0,1.46835
46,79,39,0,1.46835
46,79,40,0,1.46835
46,79,41,0,1.46835
46,79,42,0,1.46835
46,79,43,0,1.46835
46,79,44,0,1.46835
46,79,45,0,1.46835
46,79,46,0,1.46835
46,79,47,0,1.46835
46,79,48,0,1.46835
46,79,49,0,1.46835
46,79,50,0,1.46835
46,79,51,0,1.46835
46,79,52,0,1.46835
46,79,53,0,1.46835
46,79,54,0,1.46835
46,79,55,0,1.46835
46,79,56,0,1.46835
46,79,57,0,1.46835
46,79,58,0,1.46835
46,79,59,0,1.46835
46,79,60,0,1.46835
46,79,61,0,1.46835
46,79,62,0,1.46835
46,79,63,0,1.46835
46,80,0,0,1.475
46,80,1,0,1.475
46,80,2,0,1.475
46,80,3,0,1.475
46,80,4,0,1.475
46,80,5,0,1.475
46,80,6,0,1.475
46,80,7,0,1.475
46,80,8,0,1.475
46,80,9,0,1.475
46,80,10,0,1.475
46,80,11,0,1.475
46,80,12,0,1.475
46,80,13,0,1.475
46,80,14,0,1.475
46,80,15,0,1.475
46,80,16,0,1.475
46,80,17,0,1.475
46,80,18,0,1.475
46,80,19,0,1.475
46,80,20,0,1.475
46,80,21,0,1.475
46,80,22,0,1.475
46,80,23,0,1.475
46,80,24,0,1.475
46,80,25,0,1.475
46,80,26,0,1.475
46,80,27,0,1.475
46,80,28,0,1.475
46,80,29,0,1.475
46,80,30,0,1.475
46,80,31,0,1.475
46,80,32,0,1.475
46,80,33,0,1.475
46,80,34,0,1.475
46,80,35,111,1.475
46,80,36,7,1.475
46,80,37,0,1.475
46,80,38,0,1.475
46,80,39,0,1.475
46,80,40,0,1.475
46,80,41,0,1.475
46,80,42,0,1.475
46,80,43,0,1.475
46,80,44,0,1.475
46,80,45,0,1.475
46,80,46,0,1.475
46,80,47,0,1.475
46,80,48,0,1.475
46,80,49,0,1.475
46,80,50,0,1.475
46,80,51,0,1.475
46,80,52,0,1.475
46,80,53,0,1.475
46,80,54,0,1.475
46,80,55,0,1.475
46,80,56,0,1.475
46,80,57,0,1.475
46,80,58,0,1.475
46,80,59,0,1.475
46,80,60,0,1.475
46,80,61,0,1.475
46,80,62,0,1.475
46,80,63,0,1.475
46,81,0,0,1.48148
46,81,1,0,1.48148
46,81,2,0,1.48148
46,81,3,0,1.48148
46,81,4,0,1.48148
46,81,5,0,1.48148
46,81,6,0,1.48148
46,81,7,0,1.48148
46,81,8,0,1.48148
46,81,9,0,1.48148
46,81,10,0,1.48148
46,81,11,0,1.48148
46,81,12,0,1.48148
46,81,13,0,1.48148
46,81,14,0,1.48148
46,81,15,0,1.48148
46,81,16,0,1.48148
46,81,17,0,1.48148
46,81,18,0,1.48148
46,81,19,0,1.48148
46,81,20,0,1.48148
46,81,21,0,1.48148
46,81,22,0,1.48148
46,81,23,0,1.48148
46,81,24,0,1.48148
46,81,25,0,1.48148
46,81,26,0,1.48148
46,81,27,0,1.48148
46,81,28,0,1.48148
46,81,29,0,1.48148
46,81,30,0,1.48148
46,81,31,0,1.48148
46,81,32,0,1.48148
46,81,33,0,1.48148
46,81,34,0,1.48148
46,81,35,113,1.48148
46,81,36,7,1.48148
46,81,37,0,1.48148
46,81,38,0,1.48148
46,81,39,0,1.48148
46,81,40,0,1.48148
46,81,41,0,1.48148
46,81,42,0,1.48148
46,81,43,0,1.48148
46,81,44,0,1.48148
46,81,45,0,1.48148
46,81,46,0,1.48148
46,81,47,0,1.48148
46,81,48,0,1.48148
46,81,49,0,1.48148
46,81,50,0,1.48148
46,81,51,0,1.48148
46,81,52,0,1.48148
46,81,53,0,1.48148
46,81,54,0,1.48148
46,81,55,0,1.48148
46,81,56,0,1.48148
46,81,57,0,1.48148
46,81,58,0,1.48148
46,81,59,0,1.48148
46,81,60,0,1.48148
46,81,61,0,1.48148
46,81,62,0,1.48148
46,81,63,0,1.48148
46,82,0,0,1.4878
46,82,1,0,1.4878
46,82,2,0,1.4878
46,82,3,0,1.4878
46,82,4,0,1.4878
46,82,5,0,1.4878
46,82,6,0,1.4878
46,82,7,0,1.4878
46,82,8,0,1.4878
46,82,9,0,1.4878
46,82,10,0,1.4878
46,82,11,0,1.4878
46,82,12,0,1.4878
46,82,13,0,1.4878
46,82,14,0,1.4878
46,82,15,0,1.4878
46,82,16,0,1.4878
46,82,17,0,1.4878
46,82,18,0,1.4878
46,82,19,0,1.4878
46,82,20,0,1.4878
46,82,21,0,1.4878
46,82,22,0,1.4878
46,82,23,0,1.4878
46,82,24,0,1.4878
46,82,25,0,1.4878
46,82,26,0,1.4878
46,82,27,0,1.4878
46,82,28,0,1.4878
46,82,29,0,1.4878
46,82,30,0,1.4878
46,82,31,0,1.4878
46,82,32,0,1.4878
46,82,33,0,1.4878
46,82,34,0,1.4878
46,82,35,115,1.4878
46,82,36,7,1.4878
46,82,37,0,1.4878
46,82,38,0,1.4878
46,82,39,0,1.4878
46,82,40,0,1.4878
46,82,41,0,1.4878
46,82,42,0,1.4878
46,82,43,0,1.4878
46,82,44,0,1.4878
46,82,45,0,1.4878
46,82,46,0,1.4878
46,82,47,0,1.4878
46,82,48,0,1.4878
46,82,49,0,1.4878
46,82,50,0,1.4878
46,82,51,0,1.4878
46,82,52,0,1.4878
46,82,53,0,1.4878
46,82,54,0,1.4878
46,82,55,0,1.4878
46,82,56,0,1.4878
46,82,57,0,1.4878
46,82,58,0,1.4878
46,82,59,0,1.4878
46,82,60,0,1.4878
46,82,61,0,1.4878
46,82,62,0,1.4878
46,82,63,0,1.4878
46,83,0,0,1.48193
46,83,1,0,1.48193
46,83,2,0,1.48193
46,83,3,0,1.48193
46,83,4,0,1.48193
46,83,5,0,1.48193
46,83,6,0,1.48193
46,83,7,0,1.48193
46,83,8,0,1.48193
46,83,9,0,1.48193
46,83,10,0,1.48193
46,83,11,0,1.48193
46,83,12,0,1.48193
46,83,13,0,1.48193
46,83,14,0,1.48193
46,83,15,0,1.48193
46,83,16,0,1.48193
46,83,17,0,1.48193
46,83,18,0,1.48193
46,83,19,0,1.48193
46,83,20,0,1.48193
46,83,21,0,1.48193
46,83,22,0,1.48193
46,83,23,0,1.48193
46,83,24,0,1.48193
46,83,25,0,1.48193
46,83,26,0,1.48193
46,83,27,0,1.48193
46,83,28,0,1.48193
46,83,29,0,1.48193
46,83,30,0,1.48193
46,83,31,0,1.48193
46,83,32,0,1.48193
46,83,33,0,1.48193
46,83,34,0,1.48193
46,83,35,116,1.48193
46,83,36,7,1.48193
46,83,37,0,1.48193
46,83,38,0,1.48193
46,83,39,0,1.48193
46,83,40,0,1.48193
46,83,41,0,1.48193
46,83,42,0,1.48193
46,83,43,0,1.48193
46,83,44,0,1.48193
46,83,45,0,1.48193
46,83,46,0,1.48193
46,83,47,0,1.48193
46,83,48,0,1.48193
46,83,49,0,1.48193
46,83,50,0,1.48193
46,83,51,0,1.48193
46,83,52,0,1.48193
46,83,53,0,1.48193
46,83,54,0,1.48193
46,83,55,0,1.48193
46,83,56,0,1.48193
46,83,57,0,1.48193
46,83,58,0,1.48193
46,83,59,0,1.48193
46,83,60,0,1.48193
46,83,61,0,1.48193
46,83,62,0,1.48193
46,83,63,0,1.48193
46,84,0,0,1.5119
46,84,1,0,1.5119
46,84,2,0,1.5119
46,84,3,0,1.5119
46,84,4,0,1.5119
46,84,5,0,1.5119
46,84,6,0,1.5119
46,84,7,0,1.5119
46,84,8,0,1.5119
46,84,9,0,1.5119
46,84,10,0,1.5119
46,84,11,0,1.5119
46,84,12,0,1.5119
46,84,13,0,1.5119
46,84,14,0,1.5119
46,84,15,0,1.5119
46,84,16,0,1.5119
46,84,17,0,1.5119
46,84,18,0,1.5119
46,84,19,0,1.5119
46,84,20,0,1.5119
46,84,21,0,1.5119
46,84,22,0,1.5119
46,84,23,0,1.5119
46,84,24,0,1.5119
46,84,25,0,1.5119
46,84,26,0,1.5119
46,84,27,0,1.5119
46,84,28,0,1.5119
46,84,29,0,1.5119
46,84,30,0,1.5119
46,84,31,0,1.5119
46,84,32,0,1.5119
46,84,33,0,1.5119
46,84,34,0,1.5119
46,84,35,120,1.5119
46,84,36,7,1.5119
46,84,37,0,1.5119
46,84,38,0,1.5119
46,84,39,0,1.5119
46,84,40,0,1.5119
46,84,41,0,1.5119
46,84,42,0,1.5119
46,84,43,0,1.5119
46,84,44,0,1.5119
46,84,45,0,1.5119
46,84,46,0,1.5119
46,84,47,0,1.5119
46,84,48,0,1.5119
46,84,49,0,1.5119
46,84,50,0,1.5119
46,84,51,0,1.5119
46,84,52,0,1.5119
46,84,53,0,1.5119
46,84,54,0,1.5119
46,84,55,0,1.5119
46,84,56,0,1.5119
46,84,57,0,1.5119
46,84,58,0,1.5119
46,84,59,0,1.5119
46,84,60,0,1.5119
46,84,61,0,1.5119
46,84,62,0,1.5119
46,84,63,0,1.5119
46,85,0,0,1.50588
46,85,1,0,1.50588
46,85,2,0,1.50588
46,85,3,0,1.50588
46,85,4,0,1.50588
46,85,5,0,1.50588
46,85,6,0,1.50588
46,85,7,0,1.50588
46,85,8,0,1.50588
46,85,9,0,1.50588
46,85,10,0,1.50588
46,85,11,0,1.50588
46,85,12,0,1.50588
46,85,13,0,1.50588
46,85,14,0,1.50588
46,85,15,0,1.50588
46,85,16,0,1.50588
46,85,17,0,1.50588
46,85,18,0,1.50588
46,85,19,0,1.50588
46,85,20,0,1.50588
46,85,21,0,1.50588
46,85,22,0,1.50588
46,85,23,0,1.50588
46,85,24,0,1.50588
46,85,25,0,1.50588
46,85,26,0,1.50588
46,85,27,0,1.50588
46,85,28,0,1.50588
46,85,29,0,1.50588
46,85,30,0,1.50588
46,85,31,0,1.50588
46,85,32,0,1.50588
46,85,33,0,1.50588
46,85,34,0,1.50588
46,85,35,121,1.50588
46,85,36,7,1.50588
46,85,37,0,1.50588
46,85,38,0,1.50588
46,85,39,0,1.50588
46,85,40,0,1.50588
46,85,41,0,1.50588
46,85,42,0,1.50588
46,85,43,0,1.50588
46,85,44,0,1.50588
46,85,45,0,1.50588
46,85,46,0,1.50588
46,85,47,0,1.50588
46,85,48,0,1.50588
46,85,49,0,1.50588
46,85,50,0,1.50588
46,85,51,0,1.50588
46,85,52,0,1.50588
46,85,53,0,1.50588
46,85,54,0,1.50588
46,85,55,0,1.50588
46,85,56,0,1.50588
46,85,57,0,1.50588
46,85,58,0,1.50588
46,85,59,0,1.50588
46,85,60,0,1.50588
46,85,61,0,1.50588
46,85,62,0,1.50588
46,85,63,0,1.50588
46,86,0,0,1.51163
46,86,1,0,1.51163
46,86,2,0,1.51163
46,86,3,0,1.51163
46,86,4,0,1.51163
46,86,5,0,1.51163
46,86,6,0,1.51163
46,86,7,0,1.51163
46,86,8,0,1.51163
46,86,9,0,1.51163
46,86,10,0,1.51163
46,86,11,0,1.51163
46,86,12,0,1.51163
46,86,13,0,1.51163
46,86,14,0,1.51163
46,86,15,0,1.51163
46,86,16,0,1.51163
46,86,17,0,1.51163
46,86,18,0,1.51163
46,86,19,0,1.51163
46,86,20,0,1.51163
46,86,21,0,1.51163
46,86,22,0,1.51163
46,86,23,0,1.51163
46,86,24,0,1.51163
46,86,25,0,1.51163
46,86,26,0,1.51163
46,86,27,0,1.51163
46,86,28,0,1.51163
46,86,29,0,1.51163
46,86,30,0,1.51163
46,86,31,0,1.51163
46,86,32,0,1.51163
46,86,33,0,1.51163
46,86,34,0,1.51163
46,86,35,123,1.51163
46,86,36,7,1.51163
46,86,37,0,1.51163
46,86,38,0,1.51163
46,86,39,0,1.51163
46,86,40,0,1.51163
46,86,41,0,1.51163
46,86,42,0,1.51163
46,86,43,0,1.51163
46,86,44,0,1.51163
46,86,45,0,1.51163
46,86,46,0,1.51163
46,86,47,0,1.51163
46,86,48,0,1.51163
46,86,49,0,1.51163
46,86,50,0,1.51163
46,86,51,0,1.51163
46,86,52,0,1.51163
46,86,53,0,1.51163
46,86,54,0,1.51163
46,86,55,0,1.51163
46,86,56,0,1.51163
46,86,57,0,1.51163
46,86,58,0,1.51163
46,86,59,0,1.51163
46,86,60,0,1.51163
46,86,61,0,1.51163
46,86,62,0,1.51163
46,86,63,0,1.51163
46,87,0,0,1.51724
46,87,1,0,1.51724
46,87,2,0,1.51724
46,87,3,0,1.51724
46,87,4,0,1.51724
46,87,5,0,1.51724
46,87,6,0,1.51724
46,87,7,0,1.51724
46,87,8,0,1.51724
46,87,9,0,1.51724
46,87,10,0,1.51724
46,87,11,0,1.51724
46,87,12,0,1.51724
46,87,13,0,1.51724
46,87,14,0,1.51724
46,87,15,0,1.51724
46,87,16,0,1.51724
46,87,17,0,1.51724
46,87,18,0,1.51724
46,87,19,0,1.51724
46,87,20,0,1.51724
46,87,21,0,1.51724
46,87,22,0,1.51724
46,87,23,0,1.51724
46,87,24,0,1.51724
46,87,25,0,1.51724
46,87,26,0,1.51724
46,87,27,0,1.51724
46,87,28,0,1.51724
46,87,29,0,1.51724
46,87,30,0,1.51724
46,87,31,0,1.51724
46,87,32,0,1.51724
46,87,33,0,1.51724
46,87,34,0,1.51724
46,87,35,125,1.51724
46,87,36,7,1.51724
46,87,37,0,1.51724
46,87,38,0,1.51724
46,87,39,0,1.51724
46,87,40,0,1.51724
46,87,41,0,1.51724
46,87,42,0,1.51724
46,87,43,0,1.51724
46,87,44,0,1.51724
46,87,45,0,1.51724
46,87,46,0,1.51724
46,87,47,0,1.51724
46,87,48,0,1.51724
46,87,49,0,1.51724
46,87,50,0,1.51724
46,87,51,0,1.51724
46,87,52,0,1.51724
46,87,53,0,1.51724
46,87,54,0,1.51724
46,87,55,0,1.51724
46,87,56,0,1.51724
46,87,57,0,1.51724
46,87,58,0,1.51724
46,87,59,0,1.51724
46,87,60,0,1.51724
46,87,61,0,1.51724
46,87,62,0,1.51724
46,87,63,0,1.51724
46,88,0,0,1.54545
46,88,1,0,1.54545
46,88,2,0,1.54545
46,88,3,0,1.54545
46,88,4,0,1.54545
46,88,5,0,1.54545
46,88,6,0,1.54545
46,88,7,0,1.54545
46,88,8,0,1.54545
46,88,9,0,1.54545
46,88,10,0,1.54545
46,88,11,0,1.54545
46,88,12,0,1.54545
46,88,13,0,1.54545
46,88,14,0,1.54545
46,88,15,0,1.54545
46,88,16,0,1.54545
46,88,17,0,1.54545
46,88,18,0,1.54545
46,88,19,0,1.54545
46,88,20,0,1.54545
46,88,21,0,1.54545
46,88,22,0,1.54545
46,88,23,0,1.54545
46,88,24,0,1.54545
46,88,25,0,1.54545
46,88,26,0,1.54545
46,88,27,0,1.54545
46,88,28,0,1.54545
46,88,29,0,1.54545
46,88,30,0,1.54545
46,88,31,0,1.54545
46,88,32,0,1.54545
46,88,33,0,1.54545
46,88,34,0,1.54545
46,88,35,129,1.54545
46,88,36,7,1.54545
46,88,37,0,1.54545
46,88,38,0,1.54545
46,88,39,0,1.54545
46,88,40,0,1.54545
46,88,41,0,1.54545
46,88,42,0,1.54545
46,88,43,0,1.54545
46,88,44,0,1.54545
46,88,45,0,1.54545
46,88,46,0,1.54545
46,88,47,0,1.54545
46,88,48,0,1.54545
46,88,49,0,1.54545
46,88,50,0,1.54545
46,88,51,0,1.54545
46,88,52,0,1.54545
46,88,53,0,1.54545
46,88,54,0,1.54545
46,88,55,0,1.54545
46,88,56,0,1.54545
46,88,57,0,1.54545
46,88,58,0,1.54545
46,88,59,0,1.54545
46,88,60,0,1.54545
46,88,61,0,1.54545
46,88,62,0,1.54545
46,88,63,0,1.54545
46,89,0,0,1.53933
46,89,1,0,1.53933
46,89,2,0,1.53933
46,89,3,0,1.53933
46,89,4,0,1.53933
46,89,5,0,1.53933
46,89,6,0,1.53933
46,89,7,0,1.53933
46,89,8,0,1.53933
46,89,9,0,1.53933
46,89,10,0,1.53933
46,89,11,0,1.53933
46,89,12,0,1.53933
46,89,13,0,1.53933
46,89,14,0,1.53933
46,89,15,0,1.53933
46,89,16,0,1.53933
46,89,17,0,1.53933
46,89,18,0,1.53933
46,89,19,0,1.53933
46,89,20,0,1.53933
46,89,21,0,1.53933
46,89,22,0,1.53933
46,89,23,0,1.53933
46,89,24,0,1.53933
46,89,25,0,1.53933
46,89,26,0,1.53933
46,89,27,0,1.53933
46,89,28,0,1.53933
46,89,29,0,1.53933
46,89,30,0,1.53933
46,89,31,0,1.53933
46,89,32,0,1.53933
46,89,33,0,1.53933
46,89,34,0,1.53933
46,89,35,130,1.53933
46,89,36,7,1.53933
46,89,37,0,1.53933
46,89,38,0,1.53933
46,89,39,0,1.53933
46,89,40,0,1.53933
46,89,41,0,1.53933
46,89,42,0,1.53933
46,89,43,0,1.53933
46,89,44,0,1.53933
46,89,45,0,1.53933
46,89,46,0,1.53933
46,89,47,0,1.53933
46,89,48,0,1.53933
46,89,49,0,1.53933
46,89,50,0,1.53933
46,89,51,0,1.53933
46,89,52,0,1.53933
46,89,53,0,1.53933
46,89,54,0,1.53933
46,89,55,0,1.53933
46,89,56,0,1.53933
46,89,57,0,1.53933
46,89,58,0,1.53933
46,89,59,0,1.53933
46,89,60,0,1.53933
46,89,61,0,1.53933
46,89,62,0,1.53933
46,89,63,0,1.53933
46,90,0,0,1.53333
46,90,1,0,1.53333
46,90,2,0,1.53333
46,90,3,0,1.53333
46,90,4,0,1.53333
46,90,5,0,1.53333
46,90,6,0,1.53333
46,90,7,0,1.53333
46,90,8,0,1.53333
46,90,9,0,1.53333
46,90,10,0,1.53333
46,90,11,0,1.53333
46,90,12,0,1.53333
46,90,13,0,1.53333
46,90,14,0,1.53333
46,90,15,0,1.53333
46,90,16,0,1.53333
46,90,17,0,1.53333
46,90,18,0,1.53333
46,90,19,0,1.53333
46,90,20,0,1.53333
46,90,21,0,1.53333
46,90,22,0,1.53333
46,90,23,0,1.53333
46,90,24,0,1.53333
46,90,25,0,1.53333
46,90,26,0,1.53333
46,90,27,0,1.53333
46,90,28,0,1.53333
46,90,29,0,1.53333
46,90,30,0,1.53333
46,90,31,0,1.53333
46,90,32,0,1.53333
46,90,33,0,1.53333
46,90,34,0,1.53333
46,90,35,131,1.53333
46,90,36,7,1.53333
46,90,37,0,1.53333
46,90,38,0,1.53333
46,90,39,0,1.53333
46,90,40,0,1.53333
46,90,41,0,1.53333
46,90,42,0,1.53333
46,90,43,0,1.53333
46,90,44,0,1.53333
46,90,45,0,1.53333
46,90,46,0,1.53333
46,90,47,0,1.53333
46,90,48,0,1.53333
46,90,49,0,1.53333
46,90,50,0,1.53333
46,90,51,0,1.53333
46,90,52,0,1.53333
46,90,53,0,1.53333
46,90,54,0,1.53333
46,90,55,0,1.53333
46,90,56,0,1.53333
46,90,57,0,1.53333
46,90,58,0,1.53333
46,90,59,0,1.53333
46,90,60,0,1.53333
46,90,61,0,1.53333
46,90,62,0,1.53333
46,90,63,0,1.53333
46,91,0,0,1.52747
46,91,1,0,1.52747
46,91,2,0,1.52747
46,91,3,0,1.52747
46,91,4,0,1.52747
46,91,5,0,1.52747
46,91,6,0,1.52747
46,91,7,0,1.52747
46,91,8,0,1.52747
46,91,9,0,1.52747
46,91,10,0,1.52747
46,91,11,0,1.52747
46,91,12,0,1.52747
46,91,13,0,1.52747
46,91,14,0,1.52747
46,91,15,0,1.52747
46,91,16,0,1.52747
46,91,17,0,1.52747
46,91,18,0,1.52747
46,91,19,0,1.52747
46,91,20,0,1.52747
46,91,21,0,1.52747
46,91,22,0,1.52747
46,91,23,0,1.52747
46,91,24,0,1.52747
46,91,25,0,1.52747
46,91,26,0,1.52747
46,91,27,0,1.52747
46,91,28,0,1.52747
46,91,29,0,1.52747
46,91,30,0,1.52747
46,91,31,0,1.52747
46,91,32,0,1.52747
46,91,33,0,1.52747
46,91,34,0,1.52747
46,91,35,132,1.52747
46,91,36,7,1.52747
46,91,37,0,1.52747
46,91,38,0,1.52747
46,91,39,0,1.52747
46,91,40,0,1.52747
46,91,41,0,1.52747
46,91,42,0,1.52747
46,91,43,0,1.52747
46,91,44,0,1.52747
46,91,45,0,1.52747
46,91,46,0,1.52747
46,91,47,0,1.52747
46,91,48,0,1.52747
46,91,49,0,1.52747
46,91,50,0,1.52747
46,91,51,0,1.52747
46,91,52,0,1.52747
46,91,53,0,1.52747
46,91,54,0,1.52747
46,91,55,0,1.52747
46,91,56,0,1.52747
46,91,57,0,1.52747
46,91,58,0,1.52747
46,91,59,0,1.52747
46,91,60,0,1.52747
46,91,61,0,1.52747
46,91,62,0,1.52747
46,91,63,0,1.52747
46,92,0,0,1.54348
46,92,1,0,1.54348
46,92,2,0,1.54348
46,92,3,0,1.54348
46,92,4,0,1.54348
46,92,5,0,1.54348
46,92,6,0,1.54348
46,92,7,0,1.54348
46,92,8,0,1.54348
46,92,9,0,1.54348
46,92,10,0,1.54348
46,92,11,0,1.54348
46,92,12,0,1.54348
46,92,13,0,1.54348
46,92,14,0,1.54348
46,92,15,0,1.54348
46,92,16,0,1.54348
46,92,17,0,1.54348
46,92,18,0,1.54348
46,92,19,0,1.54348
46,92,20,0,1.54348
46,92,21,0,1.54348
46,92,22,0,1.54348
46,92,23,0,1.54348
46,92,24,0,1.54348
46,92,25,0,1.54348
46,92,26,0,1.54348
46,92,27,0,1.54348
46,92,28,0,1.54348
46,92,29,0,1.54348
46,92,30,0,1.54348
46,92,31,0,1.54348
46,92,32,0,1.54348
46,92,33,0,1.54348
46,92,34,0,1.54348
46,92,35,135,1.54348
46,92,36,7,1.54348
46,92,37,0,1.54348
46,92,38,0,1.54348
46,92,39,0,1.54348
46,92,40,0,1.54348
46,92,41,0,1.54348
46,92,42,0,1.54348
46,92,43,0,1.54348
46,92,44,0,1.54348
46,92,45,0,1.54348
46,92,46,0,1.54348
46,92,47,0,1.54348
46,92,48,0,1.54348
46,92,49,0,1.54348
46,92,50,0,1.54348
46,92,51,0,1.54348
46,92,52,0,1.54348
46,92,53,0,1.54348
46,92,54,0,1.54348
46,92,55,0,1.54348
46,92,56,0,1.54348
46,92,57,0,1.54348
46,92,58,0,1.54348
46,92,59,0,1.54348
46,92,60,0,1.54348
46,92,61,0,1.54348
46,92,62,0,1.54348
46,92,63,0,1.54348
46,93,0,0,1.53763
46,93,1,0,1.53763
46,93,2,0,1.53763
46,93,3,0,1.53763
46,93,4,0,1.53763
46,93,5,0,1.53763
46,93,6,0,1.53763
46,93,7,0,1.53763
46,93,8,0,1.53763
46,93,9,0,1.53763
46,93,10,0,1.53763
46,93,11,0,1.53763
46,93,12,0,1.53763
46,93,13,0,1.53763
46,93,14,0,1.53763
46,93,15,0,1.53763
46,93,16,0,1.53763
46,93,17,0,1.53763
46,93,18,0,1.53763
46,93,19,0,1.53763
46,93,20,0,1.53763
46,93,21,0,1.53763
46,93,22,0,1.53763
46,93,23,0,1.53763
46,93,24,0,1.53763
46,93,25,0,1.53763
46,93,26,0,1.53763
46,93,27,0,1.53763
46,93,28,0,1.53763
46,93,29,0,1.53763
46,93,30,0,1.53763
46,93,31,0,1.53763
46,93,32,0,1.53763
46,93,33,0,1.53763
46,93,34,0,1.53763
46,93,35,136,1.53763
46,93,36,7,1.53763
46,93,37,0,1.53763
46,93,38,0,1.53763
46,93,39,0,1.53763
46,93,40,0,1.53763
46,93,41,0,1.53763
46,93,42,0,1.53763
46,93,43,0,1.53763
46,93,44,0,1.53763
46,93,45,0,1.53763
46,93,46,0,1.53763
46,93,47,0,1.53763
46,93,48,0,1.53763
46,93,49,0,1.53763
46,93,50,0,1.53763
46,93,51,0,1.53763
46,93,52,0,1.53763
46,93,53,0,1.53763
46,93,54,0,1.53763
46,93,55,0,1.53763
46,93,56,0,1.53763
46,93,57,0,1.53763
46,93,58,0,1.53763
46,93,59,0,1.53763
46,93,60,0,1.53763
46,93,61,0,1.53763
46,93,62,0,1.53763
46,93,63,0,1.53763
46,94,0,0,1.54255
46,94,1,0,1.54255
46,94,2,0,1.54255
46,94,3,0,1.54255
46,94,4,0,1.54255
46,94,5,0,1.54255
46,94,6,0,1.54255
46,94,7,0,1.54255
46,94,8,0,1.54255
46,94,9,0,1.54255
46,94,10,0,1.54255
46,94,11,0,1.54255
46,94,12,0,1.54255
46,94,13,0,1.54255
46,94,14,0,1.54255
46,94,15,0,1.54255
46,94,16,0,1.54255
46,94,17,0,1.54255
46,94,18,0,1.54255
46,94,19,0,1.54255
46,94,20,0,1.54255
46,94,21,0,1.54255
46,94,22,0,1.54255
46,94,23,0,1.54255
46,94,24,0,1.54255
46,94,25,0,1.54255
46,94,26,0,1.54255
46,94,27,0,1.54255
46,94,28,0,1.54255
46,94,29,0,1.54255
46,94,30,0,1.54255
46,94,31,0,1.54255
46,94,32,0,1.54255
46,94,33,0,1.54255
46,94,34,0,1.54255
46,94,35,138,1.54255
46,94,36,7,1.54255
46,94,37,0,1.54255
46,94,38,0,1.54255
46,94,39,0,1.54255
46,94,40,0,1.54255
46,94,41,0,1.54255
46,94,42,0,1.54255
46,94,43,0,1.54255
46,94,44,0,1.54255
46,94,45,0,1.54255
46,94,46,0,1.54255
46,94,47,0,1.54255
46,94,48,0,1.54255
46,94,49,0,1.54255
46,94,50,0,1.54255
46,94,51,0,1.54255
46,94,52,0,1.54255
46,94,53,0,1.54255
46,94,54,0,1.54255
46,94,55,0,1.54255
46,94,56,0,1.54255
46,94,57,0,1.54255
46,94,58,0,1.54255
46,94,59,0,1.54255
46,94,60,0,1.54255
46,94,61,0,1.54255
46,94,62,0,1.54255
46,94,63,0,1.54255
46,95,0,0,1.53684
46,95,1,0,1.53684
46,95,2,0,1.53684
46,95,3,0,1.53684
46,95,4,0,1.53684
46,95,5,0,1.53684
46,95,6,0,1.53684
46,95,7,0,1.53684
46,95,8,0,1.53684
46,95,9,0,1.53684
46,95,10,0,1.53684
46,95,11,0,1.53684
46,95,12,0,1.53684
46,95,13,0,1.53684
46,95,14,0,1.53684
46,95,15,0,1.53684
46,95,16,0,1.53684
46,95,17,0,1.53684
46,95,18,0,1.53684
46,95,19,0,1.53684
46,95,20,0,1.53684
46,95,21,0,1.53684
46,95,22,0,1.53684
46,95,23,0,1.53684
46,95,24,0,1.53684
46,95,25,0,1.53684
46,95,26,0,1.53684
46,95,27,0,1.53684
46,95,28,0,1.53684
46,95,29,0,1.53684
46,95,30,0,1.53684
46,95,31,0,1.53684
46,95,32,0,1.53684
46,95,33,0,1.53684
46,95,34,0,1.53684
46,95,35,139,1.53684
46,95,36,7,1.53684
46,95,37,0,1.53684
46,95,38,0,1.53684
46,95,39,0,1.53684
46,95,40,0,1.53684
46,95,41,0,1.53684
46,95,42,0,1.53684
46,95,43,0,1.53684
46,95,44,0,1.53684
46,95,45,0,1.53684
46,95,46,0,1.53684
46,95,47,0,1.53684
46,95,48,0,1.53684
46,95,49,0,1.53684
46,95,50,0,1.53684
46,95,51,0,1.53684
46,95,52,0,1.53684
46,95,53,0,1.53684
46,95,54,0,1.53684
46,95,55,0,1.53684
46,95,56,0,1.53684
46,95,57,0,1.53684
46,95,58,0,1.53684
46,95,59,0,1.53684
46,95,60,0,1.53684
46,95,61,0,1.53684
46,95,62,0,1.53684
46,95,63,0,1.53684
46,96,0,0,1.54167
46,96,1,0,1.54167
46,96,2,0,1.54167
46,96,3,0,1.54167
46,96,4,0,1.54167
46,96,5,0,1.54167
46,96,6,0,1.54167
46,96,7,0,1.54167
46,96,8,0,1.54167
46,96,9,0,1.54167
46,96,10,0,1.54167
46,96,11,0,1.54167
46,96,12,0,1.54167
46,96,13,0,1.54167
46,96,14,0,1.54167
46,96,15,0,1.54167
46,96,16,0,1.54167
46,96,17,0,1.54167
46,96,18,0,1.54167
46,96,19,0,1.54167
46,96,20,0,1.54167
46,96,21,0,1.54167
46,96,22,0,1.54167
46,96,23,0,1.54167
46,96,24,0,1.54167
46,96,25,0,1.54167
46,96,26,0,1.54167
46,96,27,0,1.54167
46,96,28,0,1.54167
46,96,29,0,1.54167
46,96,30,0,1.54167
46,96,31,0,1.54167
46,96,32,0,1.54167
46,96,33,0,1.54167
46,96,34,0,1.54167
46,96,35,141,1.54167
46,96,36,7,1.54167
46,96,37,0,1.54167
46,96,38,0,1.54167
46,96,39,0,1.54167
46,96,40,0,1.54167
46,96,41,0,1.54167
46,96,42,0,1.54167
46,96,43,0,1.54167
46,96,44,0,1.54167
46,96,45,0,1.54167
46,96,46,0,1.54167
46,96,47,0,1.54167
46,96,48,0,1.54167
46,96,49,0,1.54167
46,96,50,0,1.54167
46,96,51,0,1.54167
46,96,52,0,1.54167
46,96,53,0,1.54167
46,96,54,0,1.54167
46,96,55,0,1.54167
46,96,56,0,1.54167
46,96,57,0,1.54167
46,96,58,0,1.54167
46,96,59,0,1.54167
46,96,60,0,1.54167
46,96,61,0,1.54167
46,96,62,0,1.54167
46,96,63,0,1.54167
46,97,0,0,1.54639
46,97,1,0,1.54639
46,97,2,0,1.54639
46,97,3,0,1.54639
46,97,4,0,1.54639
46,97,5,0,1.54639
46,97,6,0,1.54639
46,97,7,0,1.54639
46,97,8,0,1.54639
46,97,9,0,1.54639
46,97,10,0,1.54639
46,97,11,0,1.54639
46,97,12,0,1.54639
46,97,13,0,1.54639
46,97,14,0,1.54639
46,97,15,0,1.54639
46,97,16,0,1.54639
46,97,17,0,1.54639
46,97,18,0,1.54639
46,97,19,0,1.54639
46,97,20,0,1.54639
46,97,21,0,1.54639
46,97,22,0,1.54639
46,97,23,0,1.54639
46,97,24,0,1.54639
46,97,25,0,1.54639
46,97,26,0,1.54639
46,97,27,0,1.54639
46,97,28,0,1.54639
46,97,29,0,1.54639
46,97,30,0,1.54639
46,97,31,0,1.54639
46,97,32,0,1.54639
46,97,33,0,1.54639
46,97,34,0,1.54639
46,97,35,143,1.54639
46,97,36,7,1.54639
46,97,37,0,1.54639
46,97,38,0,1.54639
46,97,39,0,1.54639
46,97,40,0,1.54639
46,97,41,0,1.54639
46,97,42,0,1.54639
46,97,43,0,1.54639
46,97,44,0,1.54639
46,97,45,0,1.54639
46,97,46,0,1.54639
46,97,47,0,1.54639
46,97,48,0,1.54639
46,97,49,0,1.54639
46,97,50,0,1.54639
46,97,51,0,1.54639
46,97,52,0,1.54639
46,97,53,0,1.54639
46,97,54,0,1.54639
46,97,55,0,1.54639
46,97,56,0,1.54639
46,97,57,0,1.54639
46,97,58,0,1.54639
46,97,59,0,1.54639
46,97,60,0,1.54639
46,97,61,0,1.54639
46,97,62,0,1.54639
46,97,63,0,1.54639
46,98,0,0,1.54082
46,98,1,0,1.54082
46,98,2,0,1.54082
46,98,3,0,1.54082
46,98,4,0,1.54082
46,98,5,0,1.54082
46,98,6,0,1.54082
46,98,7,0,1.54082
46,98,8,0,1.54082
46,98,9,0,1.54082
46,98,10,0,1.54082
46,98,11,0,1.54082
46,98,12,0,1.54082
46,98,13,0,1.54082
46,98,14,0,1.54082
46,98,15,0,1.54082
46,98,16,0,1.54082
46,98,17,0,1.54082
46,98,18,0,1.54082
46,98,19,0,1.54082
46,98,20,0,1.54082
46,98,21,0,1.54082
46,98,22,0,1.54082
46,98,23,0,1.54082
46,98,24,0,1.54082
46,98,25,0,1.54082
46,98,26,0,1.54082
46,98,27,0,1.54082
46,98,28,0,1.54082
46,98,29,0,1.54082
46,98,30,0,1.54082
46,98,31,0,1.54082
46,98,32,0,1.54082
46,98,33,0,1.54082
46,98,34,0,1.54082
46,98,35,144,1.54082
46,98,36,7,1.54082
46,98,37,0,1.54082
46,98,38,0,1.54082
46,98,39,0,1.54082
46,98,40,0,1.54082
46,98,41,0,1.54082
46,98,42,0,1.54082
46,98,43,0,1.54082
46,98,44,0,1.54082
46,98,45,0,1.54082
46,98,46,0,1.54082
46,98,47,0,1.54082
46,98,48,0,1.54082
46,98,49,0,1.54082
46,98,50,0,1.54082
46,98,51,0,1.54082
46,98,52,0,1.54082
46,98,53,0,1.54082
46,98,54,0,1.54082
46,98,55,0,1.54082
46,98,56,0,1.54082
46,98,57,0,1.54082
46,98,58,0,1.54082
46,98,59,0,1.54082
46,98,60,0,1.54082
46,98,61,0,1.54082
46,98,62,0,1.54082
46,98,63,0,1.54082
46,99,0,0,1.53535
46,99,1,0,1.53535
46,99,2,0,1.53535
46,99,3,0,1.53535
46,99,4,0,1.53535
46,99,5,0,1.53535
46,99,6,0,1.53535
46,99,7,0,1.53535
46,99,8,0,1.53535
46,99,9,0,1.53535
46,99,10,0,1.53535
46,99,11,0,1.53535
46,99,12,0,1.53535
46,99,13,0,1.53535
46,99,14,0,1.53535
46,99,15,0,1.53535
46,99,16,0,1.53535
46,99,17,0,1.53535
46,99,18,0,1.53535
46,99,19,0,1.53535
46,99,20,0,1.53535
46,99,21,0,1.53535
46,99,22,0,1.53535
46,99,23,0,1.53535
46,99,24,0,1.53535
46,99,25,0,1.53535
46,99,26,0,1.53535
46,99,27,0,1.53535
46,99,28,0,1.53535
46,99,29,0,1.53535
46,99,30,0,1.53535
46,99,31,0,1.53535
46,99,32,0,1.53535
46,99,33,0,1.53535
46,99,34,0,1.53535
46,99,35,145,1.53535
46,99,36,7,1.53535
46,99,37,0,1.53535
46,99,38,0,1.53535
46,99,39,0,1.53535
46,99,40,0,1.53535
46,99,41,0,1.53535
46,99,42,0,1.53535
46,99,43,0,1.53535
46,99,44,0,1.53535
46,99,45,0,1.53535
46,99,46,0,1.53535
46,99,47,0,1.53535
46,99,48,0,1.53535
46,99,49,0,1.53535
46,99,50,0,1.53535
46,99,51,0,1.53535
46,99,52,0,1.53535
46,99,53,0,1.53535
46,99,54,0,1.53535
46,99,55,0,1.53535
46,99,56,0,1.53535
46,99,57,0,1.53535
46,99,58,0,1.53535
46,99,59,0,1.53535
46,99,60,0,1.53535
46,99,61,0,1.53535
46,99,62,0,1.53535
46,99,63,0,1.53535
46,100,0,0,1.53
46,100,1,0,1.53
46,100,2,0,1.53
46,100,3,0,1.53
46,100,4,0,1.53
46,100,5,0,1.53
46,100,6,0,1.53
46,100,7,0,1.53
46,100,8,0,1.53
46,100,9,0,1.53
46,100,10,0,1.53
46,100,11,0,1.53
46,100,12,0,1.53
46,100,13,0,1.53
46,100,14,0,1.53
46,100,15,0,1.53
46,100,16,0,1.53
46,100,17,0,1.53
46,100,18,0,1.53
46,100,19,0,1.53
46,100,20,0,1.53
46,100,21,0,1.53
46,100,22,0,1.53
46,100,23,0,1.53
46,100,24,0,1.53
46,100,25,0,1.53
46,100,26,0,1.53
46,100,27,0,1.53
46,100,28,0,1.53
46,100,29,0,1.53
46,100,30,0,1.53
46,100,31,0,1.53
46,100,32,0,1.53
46,100,33,0,1.53
46,100,34,0,1.53
46,100,35,146,1.53
46,100,36,7,1.53
46,100,37,0,1.53
46,100,38,0,1.53
46,100,39,0,1.53
46,100,40,0,1.53
46,100,41,0,1.53
46,100,42,0,1.53
46,100,43,0,1.53
46,100,44,0,1.53
46,100,45,0,1.53
46,100,46,0,1.53
46,100,47,0,1.53
46,100,48,0,1.53
46,100,49,0,1.53
46,100,50,0,1.53
46,100,51,0,1.53
46,100,52,0,1.53
46,100,53,0,1.53
46,100,54,0,1.53
46,100,55,0,1.53
46,100,56,0,1.53
46,100,57,0,1.53
46,100,58,0,1.53
46,100,59,0,1.53
46,100,60,0,1.53
46,100,61,0,1.53
46,100,62,0,1.53
46,100,63,0,1.53
50,1,0,0,1
50,1,1,0,1
50,1,2,0,1
50,1,3,0,1
50,1,4,0,1
50,1,5,0,1
50,1,6,0,1
50,1,7,0,1
50,1,8,0,1
50,1,9,0,1
50,1,10,0,1
50,1,11,0,1
50,1,12,0,1
50,1,13,0,1
50,1,14,0,1
50,1,15,0,1
50,1,16,0,1
50,1,17,0,1
50,1,18,0,1
50,1,19,0,1
50,1,20,0,1
50,1,21,0,1
50,1,22,0,1
50,1,23,0,1
50,1,24,0,1
50,1,25,0,1
50,1,26,0,1
50,1,27,0,1
50,1,28,0,1
50,1,29,0,1
50,1,30,0,1
50,1,31,0,1
50,1,32,0,1
50,1,33,0,1
50,1,34,1,1
50,1,35,0,1
50,1,36,0,1
50,1,37,0,1
50,1,38,0,1
50,1,39,0,1
50,1,40,0,1
50,1,41,0,1
50,1,42,0,1
50,1,43,0,1
50,1,44,0,1
50,1,45,0,1
50,1,46,0,1
50,1,47,0,1
50,1,48,0,1
50,1,49,0,1
50,1,50,0,1
50,1,51,0,1
50,1,52,0,1
50,1,53,0,1
50,1,54,0,1
50,1,55,0,1
50,1,56,0,1
50,1,57,0,1
50,1,58,0,1
50,1,59,0,1
50,1,60,0,1
50,1,61,0,1
50,1,62,0,1
50,1,63,0,1
50,2,0,0,2.5
50,2,1,0,2.5
50,2,2,0,2.5
50,2,3,0,2.5
50,2,4,0,2.5
50,2,5,0,2.5
50,2,6,0,2.5
50,2,7,0,2.5
50,2,8,0,2.5
50,2,9,0,2.5
50,2,10,0,2.5
50,2,11,0,2.5
50,2,12,0,2.5
50,2,13,0,2.5
50,2,14,0,2.5
50,2,15,0,2.5
50,2,16,0,2.5
50,2,17,0,2.5
50,2,18,0,2.5
50,2,19,0,2.5
50,2,20,0,2.5
50,2,21,0,2.5
50,2,22,0,2.5
50,2,23,0,2.5
50,2,24,0,2.5
50,2,25,0,2.5
50,2,26,0,2.5
50,2,27,0,2.5
50,2,28,0,2.5
50,2,29,0,2.5
50,2,30,0,2.5
50,2,31,0,2.5
50,2,32,0,2.5
50,2,33,0,2.5
50,2,34,5,2.5
50,2,35,0,2.5
50,2,36,0,2.5
50,2,37,0,2.5
50,2,38,0,2.5
50,2,39,0,2.5
50,2,40,0,2.5
50,2,41,0,2.5
50,2,42,0,2.5
50,2,43,0,2.5
50,2,44,0,2.5
50,2,45,0,2.5
50,2,46,0,2.5
50,2,47,0,2.5
50,2,48,0,2.5
50,2,49,0,2.5
50,2,50,0,2.5
50,2,51,0,2.5
50,2,52,0,2.5
50,2,53,0,2.5
50,2,54,0,2.5
50,2,55,0,2.5
50,2,56,0,2.5
50,2,57,0,2.5
50,2,58,0,2.5
50,2,59,0,2.5
50,2,60,0,2.5
50,2,61,0,2.5
50,2,62,0,2.5
50,2,63,0,2.5
50,3,0,0,2
50,3,1,0,2
50,3,2,0,2
50,3,3,0,2
50,3,4,0,2
50,3,5,0,2
50,3,6,0,2
50,3,7,0,2
50,3,8,0,2
50,3,9,0,2
50,3,10,0,2
50,3,11,0,2
50,3,12,0,2
50,3,13,0,2
50,3,14,0,2
50,3,15,0,2
50,3,16,0,2
50,3,17,0,2
50,3,18,0,2
50,3,19,0,2
50,3,20,0,2
50,3,21,0,2
50,3,22,0,2
50,3,23,0,2
50,3,24,0,2
50,3,25,0,2
50,3,26,0,2
50,3,27,0,2
50,3,28,0,2
50,3,29,0,2
50,3,30,0,2
50,3,31,0,2
50,3,32,0,2
50,3,33,0,2
50,3,34,5,2
50,3,35,1,2
50,3,36,0,2
50,3,37,0,2
50,3,38,0,2
50,3,39,0,2
50,3,40,0,2
50,3,41,0,2
50,3,42,0,2
50,3,43,0,2
50,3,44,0,2
50,3,45,0,2
50,3,46,0,2
50,3,47,0,2
50,3,48,0,2
50,3,49,0,2
50,3,50,0,2
50,3,51,0,2
50,3,52,0,2
50,3,53,0,2
50,3,54,0,2
50,3,55,0,2
50,3,56,0,2
50,3,57,0,2
50,3,58,0,2
50,3,59,0,2
50,3,60,0,2
50,3,61,0,2
50,3,62,0,2
50,3,63,0,2
50,4,0,0,2
50,4,1,0,2
50,4,2,0,2
50,4,3,0,2
50,4,4,0,2
50,4,5,0,2
50,4,6,0,2
50,4,7,0,2
50,4,8,0,2
50,4,9,0,2
50,4,10,0,2
50,4,11,0,2
50,4,12,0,2
50,4,13,0,2
50,4,14,0,2
50,4,15,0,2
50,4,16,0,2
50,4,17,0,2
50,4,18,0,2
50,4,19,0,2
50,4,20,0,2
50,4,21,0,2
50,4,22,0,2
50,4,23,0,2
50,4,24,0,2
50,4,25,0,2
50,4,26,0,2
50,4,27,0,2
50,4,28,0,2
50,4,29,0,2
50,4,30,0,2
50,4,31,0,2
50,4,32,0,2
50,4,33,0,2
50,4,34,7,2
50,4,35,1,2
50,4,36,0,2
50,4,37,0,2
50,4,38,0,2
50,4,39,0,2
50,4,40,0,2
50,4,41,0,2
50,4,42,0,2
50,4,43,0,2
50,4,44,0,2
50,4,45,0,2
50,4,46,0,2
50,4,47,0,2
50,4,48,0,2
50,4,49,0,2
50,4,50,0,2
50,4,51,0,2
50,4,52,0,2
50,4,53,0,2
50,4,54,0,2
50,4,55,0,2
50,4,56,0,2
50,4,57,0,2
50,4,58,0,2
50,4,59,0,2
50,4,60,0,2
50,4,61,0,2
50,4,62,0,2
50,4,63,0,2
50,5,0,0,2
50,5,1,0,2
50,5,2,0,2
50,5,3,0,2
50,5,4,0,2
50,5,5,0,2
50,5,6,0,2
50,5,7,0,2
50,5,8,0,2
50,5,9,0,2
50,5,10,0,2
50,5,11,0,2
50,5,12,0,2
50,5,13,0,2
50,5,14,0,2
50,5,15,0,2
50,5,16,0,2
50,5,17,0,2
50,5,18,0,2
50,5,19,0,2
50,5,20,0,2
50,5,21,0,2
50,5,22,0,2
50,5,23,0,2
50,5,24,0,2
50,5,25,0,2
50,5,26,0,2
50,5,27,0,2
50,5,28,0,2
50,5,29,0,2
50,5,30,0,2
50,5,31,0,2
50,5,32,0,2
50,5,33,0,2
50,5,34,9,2
50,5,35,1,2
50,5,36,0,2
50,5,37,0,2
50,5,38,0,2
50,5,39,0,2
50,5,40,0,2
50,5,41,0,2
50,5,42,0,2
50,5,43,0,2
50,5,44,0,2
50,5,45,0,2
50,5,46,0,2
50,5,47,0,2
50,5,48,0,2
50,5,49,0,2
50,5,50,0,2
50,5,51,0,2
50,5,52,0,2
50,5,53,0,2
50,5,54,0,2
50,5,55,0,2
50,5,56,0,2
50,5,57,0,2
50,5,58,0,2
50,5,59,0,2
50,5,60,0,2
50,5,61,0,2
50,5,62,0,2
50,5,63,0,2
50,6,0,0,1.83333
50,6,1,0,1.83333
50,6,2,0,1.83333
50,6,3,0,1.83333
50,6,4,0,1.83333
50,6,5,0,1.83333
50,6,6,0,1.83333
50,6,7,0,1.83333
50,6,8,0,1.83333
50,6,9,0,1.83333
50,6,10,0,1.83333
50,6,11,0,1.83333
50,6,12,0,1.83333
50,6,13,0,1.83333
50,6,14,0,1.83333
50,6,15,0,1.83333
50,6,16,0,1.83333
50,6,17,0,1.83333
50,6,18,0,1.83333
50,6,19,0,1.83333
50,6,20,0,1.83333
50,6,21,0,1.83333
50,6,22,0,1.83333
50,6,23,0,1.83333
50,6,24,0,1.83333
50,6,25,0,1.83333
50,6,26,0,1.83333
50,6,27,0,1.83333
50,6,28,0,1.83333
50,6,29,0,1.83333
50,6,30,0,1.83333
50,6,31,0,1.83333
50,6,32,0,1.83333
50,6,33,0,1.83333
50,6,34,10,1.83333
50,6,35,1,1.83333
50,6,36,0,1.83333
50,6,37,0,1.83333
50,6,38,0,1.83333
50,6,39,0,1.83333
50,6,40,0,1.83333
50,6,41,0,1.83333
50,6,42,0,1.83333
50,6,43,0,1.83333
50,6,44,0,1.83333
50,6,45,0,1.83333
50,6,46,0,1.83333
50,6,47,0,1.83333
50,6,48,0,1.83333
50,6,49,0,1.83333
50,6,50,0,1.83333
50,6,51,0,1.83333
50,6,52,0,1.83333
50,6,53,0,1.83333
50,6,54,0,1.83333
50,6,55,0,1.83333
50,6,56,0,1.83333
50,6,57,0,1.83333
50,6,58,0,1.83333
50,6,59,0,1.83333
50,6,60,0,1.83333
50,6,61,0,1.83333
50,6,62,0,1.83333
50,6,63,0,1.83333
50,7,0,0,1.71429
50,7,1,0,1.71429
50,7,2,0,1.71429
50,7,3,0,1.71429
50,7,4,0,1.71429
50,7,5,0,1.71429
50,7,6,0,1.71429
50,7,7,0,1.71429
50,7,8,0,1.71429
50,7,9,0,1.71429
50,7,10,0,1.71429
50,7,11,0,1.71429
50,7,12,0,1.71429
50,7,13,0,1.71429
50,7,14,0,1.71429
50,7,15,0,1.71429
50,7,16,0,1.71429
50,7,17,0,1.71429
50,7,18,0,1.71429
50,7,19,0,1.71429
50,7,20,0,1.71429
50,7,21,0,1.71429
50,7,22,0,1.71429
50,7,23,0,1.71429
50,7,24,0,1.71429
50,7,25,0,1.71429
50,7,26,0,1.71429
50,7,27,0,1.71429
50,7,28,0,1.71429
50,7,29,0,1.71429
50,7,30,0,1.71429
50,7,31,0,1.71429
50,7,32,0,1.71429
50,7,33,0,1.71429
50,7,34,11,1.71429
50,7,35,1,1.71429
50,7,36,0,1.71429
50,7,37,0,1.71429
50,7,38,0,1.71429
50,7,39,0,1.71429
50,7,40,0,1.71429
50,7,41,0,1.71429
50,7,42,0,1.71429
50,7,43,0,1.71429
50,7,44,0,1.71429
50,7,45,0,1.71429
50,7,46,0,1.71429
50,7,47,0,1.71429
50,7,48,0,1.71429
50,7,49,0,1.71429
50,7,50,0,1.71429
50,7,51,0,1.71429
50,7,52,0,1.71429
50,7,53,0,1.71429
50,7,54,0,1.71429
50,7,55,0,1.71429
50,7,56,0,1.71429
50,7,57,0,1.71429
50,7,58,0,1.71429
50,7,59,0,1.71429
50,7,60,0,1.71429
50,7,61,0,1.71429
50,7,62,0,1.71429
50,7,63,0,1.71429
50,8,0,0,1.75
50,8,1,0,1.75
50,8,2,0,1.75
50,8,3,0,1.75
50,8,4,0,1.75
50,8,5,0,1.75
50,8,6,0,1.75
50,8,7,0,1.75
50,8,8,0,1.75
50,8,9,0,1.75
50,8,10,0,1.75
50,8,11,0,1.75
50,8,12,0,1.75
50,8,13,0,1.75
50,8,14,0,1.75
50,8,15,0,1.75
50,8,16,0,1.75
50,8,17,0,1.75
50,8,18,0,1.75
50,8,19,0,1.75
50,8,20,0,1.75
50,8,21,0,1.75
50,8,22,0,1.75
50,8,23,0,1.75
50,8,24,0,1.75
50,8,25,0,1.75
50,8,26,0,1.75
50,8,27,0,1.75
50,8,28,0,1.75
50,8,29,0,1.75
50,8,30,0,1.75
50,8,31,0,1.75
50,8,32,0,1.75
50,8,33,0,1.75
50,8,34,11,1.75
50,8,35,3,1.75
50,8,36,0,1.75
50,8,37,0,1.75
50,8,38,0,1.75
50,8,39,0,1.75
50,8,40,0,1.75
50,8,41,0,1.75
50,8,42,0,1.75
50,8,43,0,1.75
50,8,44,0,1.75
50,8,45,0,1.75
50,8,46,0,1.75
50,8,47,0,1.75
50,8,48,0,1.75
50,8,49,0,1.75
50,8,50,0,1.75
50,8,51,0,1.75
50,8,52,0,1.75
50,8,53,0,1.75
50,8,54,0,1.75
50,8,55,0,1.75
50,8,56,0,1.75
50,8,57,0,1.75
50,8,58,0,1.75
50,8,59,0,1.75
50,8,60,0,1.75
50,8,61,0,1.75
50,8,62,0,1.75
50,8,63,0,1.75
50,9,0,0,1.66667
50,9,1,0,1.66667
50,9,2,0,1.66667
50,9,3,0,1.66667
50,9,4,0,1.66667
50,9,5,0,1.66667
50,9,6,0,1.66667
50,9,7,0,1.66667
50,9,8,0,1.66667
50,9,9,0,1.66667
50,9,10,0,1.66667
50,9,11,0,1.66667
50,9,12,0,1.66667
50,9,13,0,1.66667
50,9,14,0,1.66667
50,9,15,0,1.66667
50,9,16,0,1.66667
50,9,17,0,1.66667
50,9,18,0,1.66667
50,9,19,0,1.66667
50,9,20,0,1.66667
50,9,21,0,1.66667
50,9,22,0,1.66667
50,9,23,0,1.66667
50,9,24,0,1.66667
50,9,25,0,1.66667
50,9,26,0,1.66667
50,9,27,0,1.66667
50,9,28,0,1.66667
50,9,29,0,1.66667
50,9,30,0,1.66667
50,9,31,0,1.66667
50,9,32,0,1.66667
50,9,33,0,1.66667
50,9,34,12,1.66667
50,9,35,3,1.66667
50,9,36,0,1.66667
50,9,37,0,1.66667
50,9,38,0,1.66667
50,9,39,0,1.66667
50,9,40,0,1.66667
50,9,41,0,1.66667
50,9,42,0,1.66667
50,9,43,0,1.66667
50,9,44,0,1.66667
50,9,45,0,1.66667
50,9,46,0,1.66667
50,9,47,0,1.66667
50,9,48,0,1.66667
50,9,49,0,1.66667
50,9,50,0,1.66667
50,9,51,0,1.66667
50,9,52,0,1.66667
50,9,53,0,1.66667
50,9,54,0,1.66667
50,9,55,0,1.66667
50,9,56,0,1.66667
50,9,57,0,1.66667
50,9,58,0,1.66667
50,9,59,0,1.66667
50,9,60,0,1.66667
50,9,61,0,1.66667
50,9,62,0,1.66667
50,9,63,0,1.66667
50,10,0,0,1.6
50,10,1,0,1.6
50,10,2,0,1.6
50,10,3,0,1.6
50,10,4,0,1.6
50,10,5,0,1.6
50,10,6,0,1.6
50,10,7,0,1.6
50,10,8,0,1.6
50,10,9,0,1.6
50,10,10,0,1.6
50,10,11,0,1.6
50,10,12,0,1.6
50,10,13,0,1.6
50,10,14,0,1.6
50,10,15,0,1.6
50,10,16,0,1.6
50,10,17,0,1.6
50,10,18,0,1.6
50,10,19,0,1.6
50,10,20,0,1.6
50,10,21,0,1.6
50,10,22,0,1.6
50,10,23,0,1.6
50,10,24,0,1.6
50,10,25,0,1.6
50,10,26,0,1.6
50,10,27,0,1.6
50,10,28,0,1.6
50,10,29,0,1.6
50,10,30,0,1.6
50,10,31,0,1.6
50,10,32,0,1.6
50,10,33,0,1.6
50,10,34,13,1.6
50,10,35,3,1.6
50,10,36,0,1.6
50,10,37,0,1.6
50,10,38,0,1.6
50,10,39,0,1.6
50,10,40,0,1.6
50,10,41,0,1.6
50,10,42,0,1.6
50,10,43,0,1.6
50,10,44,0,1.6
50,10,45,0,1.6
50,10,46,0,1.6
50,10,47,0,1.6
50,10,48,0,1.6
50,10,49,0,1.6
50,10,50,0,1.6
50,10,51,0,1.6
50,10,52,0,1.6
50,10,53,0,1.6
50,10,54,0,1.6
50,10,55,0,1.6
50,10,56,0,1.6
50,10,57,0,1.6
50,10,58,0,1.6
50,10,59,0,1.6
50,10,60,0,1.6
50,10,61,0,1.6
50,10,62,0,1.6
50,10,63,0,1.6
50,11,0,0,1.63636
50,11,1,0,1.63636
50,11,2,0,1.63636
50,11,3,0,1.63636
50,11,4,0,1.63636
50,11,5,0,1.63636
50,11,6,0,1.63636
50,11,7,0,1.63636
50,11,8,0,1.63636
50,11,9,0,1.63636
50,11,10,0,1.63636
50,11,11,0,1.63636
50,11,12,0,1.63636
50,11,13,0,1.63636
50,11,14,0,1.63636
50,11,15,0,1.63636
50,11,16,0,1.63636
50,11,17,0,1.63636
50,11,18,0,1.63636
50,11,19,0,1.63636
50,11,20,0,1.63636
50,11,21,0,1.63636
50,11,22,0,1.63636
50,11,23,0,1.63636
50,11,24,0,1.63636
50,11,25,0,1.63636
50,11,26,0,1.63636
50,11,27,0,1.63636
50,11,28,0,1.63636
50,11,29,0,1.63636
50,11,30,0,1.63636
50,11,31,0,1.63636
50,11,32,0,1.63636
50,11,33,0,1.63636
50,11,34,15,1.63636
50,11,35,3,1.63636
50,11,36,0,1.63636
50,11,37,0,1.63636
50,11,38,0,1.63636
50,11,39,0,1.63636
50,11,40,0,1.63636
50,11,41,0,1.63636
50,11,42,0,1.63636
50,11,43,0,1.63636
50,11,44,0,1.63636
50,11,45,0,1.63636
50,11,46,0,1.63636
50,11,47,0,1.63636
50,11,48,0,1.63636
50,11,49,0,1.63636
50,11,50,0,1.63636
50,11,51,0,1.63636
50,11,52,0,1.63636
50,11,53,0,1.63636
50,11,54,0,1.63636
50,11,55,0,1.63636
50,11,56,0,1.63636
50,11,57,0,1.63636
50,11,58,0,1.63636
50,11,59,0,1.63636
50,11,60,0,1.63636
50,11,61,0,1.63636
50,11,62,0,1.63636
50,11,63,0,1.63636
50,12,0,0,1.66667
50,12,1,0,1.66667
50,12,2,0,1.66667
50,12,3,0,1.66667
50,12,4,0,1.66667
50,12,5,0,1.66667
50,12,6,0,1.66667
50,12,7,0,1.66667
50,12,8,0,1.66667
50,12,9,0,1.66667
50,12,10,0,1.66667
50,12,11,0,1.66667
50,12,12,0,1.66667
50,12,13,0,1.66667
50,12,14,0,1.66667
50,12,15,0,1.66667
50,12,16,0,1.66667
50,12,17,0,1.66667
50,12,18,0,1.66667
50,12,19,0,1.66667
50,12,20,0,1.66667
50,12,21,0,1.66667
50,12,22,0,1.66667
50,12,23,0,1.66667
50,12,24,0,1.66667
50,12,25,0,1.66667
50,12,26,0,1.66667
50,12,27,0,1.66667
50,12,28,0,1.66667
50,12,29,0,1.66667
50,12,30,0,1.66667
50,12,31,0,1.66667
50,12,32,0,1.66667
50,12,33,0,1.66667
50,12,34,17,1.66667
50,12,35,3,1.66667
50,12,36,0,1.66667
50,12,37,0,1.66667
50,12,38,0,1.66667
50,12,39,0,1.66667
50,12,40,0,1.66667
50,12,41,0,1.66667
50,12,42,0,1.66667
50,12,43,0,1.66667
50,12,44,0,1.66667
50,12,45,0,1.66667
50,12,46,0,1.66667
50,12,47,0,1.66667
50,12,48,0,1.66667
50,12,49,0,1.66667
50,12,50,0,1.66667
50,12,51,0,1.66667
50,12,52,0,1.66667
50,12,53,0,1.66667
50,12,54,0,1.66667
50,12,55,0,1.66667
50,12,56,0,1.66667
50,12,57,0,1.66667
50,12,58,0,1.66667
50,12,59,0,1.66667
50,12,60,0,1.66667
50,12,61,0,1.66667
50,12,62,0,1.66667
50,12,63,0,1.66667
50,13,0,0,1.69231
50,13,1,0,1.69231
50,13,2,0,1.69231
50,13,3,0,1.69231
50,13,4,0,1.69231
50,13,5,0,1.69231
50,13,6,0,1.69231
50,13,7,0,1.69231
50,13,8,0,1.69231
50,13,9,0,1.69231
50,13,10,0,1.69231
50,13,11,0,1.69231
50,13,12,0,1.69231
50,13,13,0,1.69231
50,13,14,0,1.69231
50,13,15,0,1.69231
50,13,16,0,1.69231
50,13,17,0,1.69231
50,13,18,0,1.69231
50,13,19,0,1.69231
50,13,20,0,1.69231
50,13,21,0,1.69231
50,13,22,0,1.69231
50,13,23,0,1.69231
50,13,24,0,1.69231
50,13,25,0,1.69231
50,13,26,0,1.69231
50,13,27,0,1.69231
50,13,28,0,1.69231
50,13,29,0,1.69231
50,13,30,0,1.69231
50,13,31,0,1.69231
50,13,32,0,1.69231
50,13,33,0,1.69231
50,13,34,19,1.69231
50,13,35,3,1.69231
50,13,36,0,1.69231
50,13,37,0,1.69231
50,13,38,0,1.69231
50,13,39,0,1.69231
50,13,40,0,1.69231
50,13,41,0,1.69231
50,13,42,0,1.69231
50,13,43,0,1.69231
50,13,44,0,1.69231
50,13,45,0,1.69231
50,13,46,0,1.69231
50,13,47,0,1.69231
50,13,48,0,1.69231
50,13,49,0,1.69231
50,13,50,0,1.69231
50,13,51,0,1.69231
50,13,52,0,1.69231
50,13,53,0,1.69231
50,13,54,0,1.69231
50,13,55,0,1.69231
50,13,56,0,1.69231
50,13,57,0,1.69231
50,13,58,0,1.69231
50,13,59,0,1.69231
50,13,60,0,1.69231
50,13,61,0,1.69231
50,13,62,0,1.69231
50,13,63,0,1.69231
50,14,0,0,1.71429
50,14,1,0,1.71429
50,14,2,0,1.71429
50,14,3,0,1.71429
50,14,4,0,1.71429
50,14,5,0,1.71429
50,14,6,0,1.71429
50,14,7,0,1.71429
50,14,8,0,1.71429
50,14,9,0,1.71429
50,14,10,0,1.71429
50,14,11,0,1.71429
50,14,12,0,1.71429
50,14,13,0,1.71429
50,14,14,0,1.71429
50,14,15,0,1.71429
50,14,16,0,1.71429
50,14,17,0,1.71429
50,14,18,0,1.71429
50,14,19,0,1.71429
50,14,20,0,1.71429
50,14,21,0,1.71429
50,14,22,0,1.71429
50,14,23,0,1.71429
50,14,24,0,1.71429
50,14,25,0,1.71429
50,14,26,0,1.71429
50,14,27,0,1.71429
50,14,28,0,1.71429
50,14,29,0,1.71429
50,14,30,0,1.71429
50,14,31,0,1.71429
50,14,32,0,1.71429
50,14,33,0,1.71429
50,14,34,21,1.71429
50,14,35,3,1.71429
50,14,36,0,1.71429
50,14,37,0,1.71429
50,14,38,0,1.71429
50,14,39,0,1.71429
50,14,40,0,1.71429
50,14,41,0,1.71429
50,14,42,0,1.71429
50,14,43,0,1.71429
50,14,44,0,1.71429
50,14,45,0,1.71429
50,14,46,0,1.71429
50,14,47,0,1.71429
50,14,48,0,1.71429
50,14,49,0,1.71429
50,14,50,0,1.71429
50,14,51,0,1.71429
50,14,52,0,1.71429
50,14,53,0,1.71429
50,14,54,0,1.71429
50,14,55,0,1.71429
50,14,56,0,1.71429
50,14,57,0,1.71429
50,14,58,0,1.71429
50,14,59,0,1.71429
50,14,60,0,1.71429
50,14,61,0,1.71429
50,14,62,0,1.71429
50,14,63,0,1.71429
50,15,0,0,1.73333
50,15,1,0,1.73333
50,15,2,0,1.73333
50,15,3,0,1.73333
50,15,4,0,1.73333
50,15,5,0,1.73333
50,15,6,0,1.73333
50,15,7,0,1.73333
50,15,8,0,1.73333
50,15,9,0,1.73333
50,15,10,0,1.73333
50,15,11,0,1.73333
50,15,12,0,1.73333
50,15,13,0,1.73333
50,15,14,0,1.73333
50,15,15,0,1.73333
50,15,16,0,1.73333
50,15,17,0,1.73333
50,15,18,0,1.73333
50,15,19,0,1.73333
50,15,20,0,1.73333
50,15,21,0,1.73333
50,15,22,0,1.73333
50,15,23,0,1.73333
50,15,24,0,1.73333
50,15,25,0,1.73333
50,15,26,0,1.73333
50,15,27,0,1.73333
50,15,28,0,1.73333
50,15,29,0,1.73333
50,15,30,0,1.73333
50,15,31,0,1.73333
50,15,32,0,1.73333
50,15,33,0,1.73333
50,15,34,23,1.73333
50,15,35,3,1.73333
50,15,36,0,1.73333
50,15,37,0,1.73333
50,15,38,0,1.73333
50,15,39,0,1.73333
50,15,40,0,1.73333
50,15,41,0,1.73333
50,15,42,0,1.73333
50,15,43,0,1.73333
50,15,44,0,1.73333
50,15,45,0,1.73333
50,15,46,0,1.73333
50,15,47,0,1.73333
50,15,48,0,1.73333
50,15,49,0,1.73333
50,15,50,0,1.73333
50,15,51,0,1.73333
50,15,52,0,1.73333
50,15,53,0,1.73333
50,15,54,0,1.73333
50,15,55,0,1.73333
50,15,56,0,1.73333
50,15,57,0,1.73333
50,15,58,0,1.73333
50,15,59,0,1.73333
50,15,60,0,1.73333
50,15,61,0,1.73333
50,15,62,0,1.73333
50,15,63,0,1.73333
50,16,0,0,1.75
50,16,1,0,1.75
50,16,2,0,1.75
50,16,3,0,1.75
50,16,4,0,1.75
50,16,5,0,1.75
50,16,6,0,1.75
50,16,7,0,1.75
50,16,8,0,1.75
50,16,9,0,1.75
50,16,10,0,1.75
50,16,11,0,1.75
50,16,12,0,1.75
50,16,13,0,1.75
50,16,14,0,1.75
50,16,15,0,1.75
50,16,16,0,1.75
50,16,17,0,1.75
50,16,18,0,1.75
50,16,19,0,1.75
50,16,20,0,1.75
50,16,21,0,1.75
50,16,22,0,1.75
50,16,23,0,1.75
50,16,24,0,1.75
50,16,25,0,1.75
50,16,26,0,1.75
50,16,27,0,1.75
50,16,28,0,1.75
50,16,29,0,1.75
50,16,30,0,1.75
50,16,31,0,1.75
50,16,32,0,1.75
50,16,33,0,1.75
50,16,34,25,1.75
50,16,35,3,1.75
50,16,36,0,1.75
50,16,37,0,1.75
50,16,38,0,1.75
50,16,39,0,1.75
50,16,40,0,1.75
50,16,41,0,1.75
50,16,42,0,1.75
50,16,43,0,1.75
50,16,44,0,1.75
50,16,45,0,1.75
50,16,46,0,1.75
50,16,47,0,1.75
50,16,48,0,1.75
50,16,49,0,1.75
50,16,50,0,1.75
50,16,51,0,1.75
50,16,52,0,1.75
50,16,53,0,1.75
50,16,54,0,1.75
50,16,55,0,1.75
50,16,56,0,1.75
50,16,57,0,1.75
50,16,58,0,1.75
50,16,59,0,1.75
50,16,60,0,1.75
50,16,61,0,1.75
50,16,62,0,1.75
50,16,63,0,1.75
50,17,0,0,1.70588
50,17,1,0,1.70588
50,17,2,0,1.70588
50,17,3,0,1.70588
50,17,4,0,1.70588
50,17,5,0,1.70588
50,17,6,0,1.70588
50,17,7,0,1.70588
50,17,8,0,1.70588
50,17,9,0,1.70588
50,17,10,0,1.70588
50,17,11,0,1.70588
50,17,12,0,1.70588
50,17,13,0,1.70588
50,17,14,0,1.70588
50,17,15,0,1.70588
50,17,16,0,1.70588
50,17,17,0,1.70588
50,17,18,0,1.70588
50,17,19,0,1.70588
50,17,20,0,1.70588
50,17,21,0,1.70588
50,17,22,0,1.70588
50,17,23,0,1.70588
50,17,24,0,1.70588
50,17,25,0,1.70588
50,17,26,0,1.70588
50,17,27,0,1.70588
50,17,28,0,1.70588
50,17,29,0,1.70588
50,17,30,0,1.70588
50,17,31,0,1.70588
50,17,32,0,1.70588
50,17,33,0,1.70588
50,17,34,25,1.70588
50,17,35,4,1.70588
50,17,36,0,1.70588
50,17,37,0,1.70588
50,17,38,0,1.70588
50,17,39,0,1.70588
50,17,40,0,1.70588
50,17,41,0,1.70588
50,17,42,0,1.70588
50,17,43,0,1.70588
50,17,44,0,1.70588
50,17,45,0,1.70588
50,17,46,0,1.70588
50,17,47,0,1.70588
50,17,48,0,1.70588
50,17,49,0,1.70588
50,17,50,0,1.70588
50,17,51,0,1.70588
50,17,52,0,1.70588
50,17,53,0,1.70588
50,17,54,0,1.70588
50,17,55,0,1.70588
50,17,56,0,1.70588
50,17,57,0,1.70588
50,17,58,0,1.70588
50,17,59,0,1.70588
50,17,60,0,1.70588
50,17,61,0,1.70588
50,17,62,0,1.70588
50,17,63,0,1.70588
50,18,0,0,1.77778
50,18,1,0,1.77778
50,18,2,0,1.77778
50,18,3,0,1.77778
50,18,4,0,1.77778
50,18,5,0,1.77778
50,18,6,0,1.77778
50,18,7,0,1.77778
50,18,8,0,1.77778
50,18,9,0,1.77778
50,18,10,0,1.77778
50,18,11,0,1.77778
50,18,12,0,1.77778
50,18,13,0,1.77778
50,18,14,0,1.77778
50,18,15,0,1.77778
50,18,16,0,1.77778
50,18,17,0,1.77778
50,18,18,0,1.77778
50,18,19,0,1.77778
50,18,20,0,1.77778
50,18,21,0,1.77778
50,18,22,0,1.77778
50,18,23,0,1.77778
50,18,24,0,1.77778
50,18,25,0,1.77778
50,18,26,0,1.77778
50,18,27,0,1.77778
50,18,28,0,1.77778
50,18,29,0,1.77778
50,18,30,0,1.77778
50,18,31,0,1.77778
50,18,32,0,1.77778
50,18,33,0,1.77778
50,18,34,28,1.77778
50,18,35,4,1.77778
50,18,36,0,1.77778
50,18,37,0,1.77778
50,18,38,0,1.77778
50,18,39,0,1.77778
50,18,40,0,1.77778
50,18,41,0,1.77778
50,18,42,0,1.77778
50,18,43,0,1.77778
50,18,44,0,1.77778
50,18,45,0,1.77778
50,18,46,0,1.77778
50,18,47,0,1.77778
50,18,48,0,1.77778
50,18,49,0,1.77778
50,18,50,0,1.77778
50,18,51,0,1.77778
50,18,52,0,1.77778
50,18,53,0,1.77778
50,18,54,0,1.77778
50,18,55,0,1.77778
50,18,56,0,1.77778
50,18,57,0,1.77778
50,18,58,0,1.77778
50,18,59,0,1.77778
50,18,60,0,1.77778
50,18,61,0,1.77778
50,18,62,0,1.77778
50,18,63,0,1.77778
50,19,0,0,1.73684
50,19,1,0,1.73684
50,19,2,0,1.73684
50,19,3,0,1.73684
50,19,4,0,1.73684
50,19,5,0,1.73684
50,19,6,0,1.73684
50,19,7,0,1.73684
50,19,8,0,1.73684
50,19,9,0,1.73684
50,19,10,0,1.73684
50,19,11,0,1.73684
50,19,12,0,1.73684
50,19,13,0,1.73684
50,19,14,0,1.73684
50,19,15,0,1.73684
50,19,16,0,1.73684
50,19,17,0,1.73684
50,19,18,0,1.73684
50,19,19,0,1.73684
50,19,20,0,1.73684
50,19,21,0,1.73684
50,19,22,0,1.73684
50,19,23,0,1.73684
50,19,24,0,1.73684
50,19,25,0,1.73684
50,19,26,0,1.73684
50,19,27,0,1.73684
50,19,28,0,1.73684
50,19,29,0,1.73684
50,19,30,0,1.73684
50,19,31,0,1.73684
50,19,32,0,1.73684
50,19,33,0,1.73684
50,19,34,29,1.73684
50,19,35,4,1.73684
50,19,36,0,1.73684
50,19,37,0,1.73684
50,19,38,0,1.73684
50,19,39,0,1.73684
50,19,40,0,1.73684
50,19,41,0,1.73684
50,19,42,0,1.73684
50,19,43,0,1.73684
50,19,44,0,1.73684
50,19,45,0,1.73684
50,19,46,0,1.73684
50,19,47,0,1.73684
50,19,48,0,1.73684
50,19,49,0,1.73684
50,19,50,0,1.73684
50,19,51,0,1.73684
50,19,52,0,1.73684
50,19,53,0,1.73684
50,19,54,0,1.73684
50,19,55,0,1.73684
50,19,56,0,1.73684
50,19,57,0,1.73684
50,19,58,0,1.73684
50,19,59,0,1.73684
50,19,60,0,1.73684
50,19,61,0,1.73684
50,19,62,0,1.73684
50,19,63,0,1.73684
50,20,0,0,1.75
50,20,1,0,1.75
50,20,2,0,1.75
50,20,3,0,1.75
50,20,4,0,1.75
50,20,5,0,1.75
50,20,6,0,1.75
50,20,7,0,1.75
50,20,8,0,1.75
50,20,9,0,1.75
50,20,10,0,1.75
50,20,11,0,1.75
50,20,12,0,1.75
50,20,13,0,1.75
50,20,14,0,1.75
50,20,15,0,1.75
50,20,16,0,1.75
50,20,17,0,1.75
50,20,18,0,1.75
50,20,19,0,1.75
50,20,20,0,1.75
50,20,21,0,1.75
50,20,22,0,1.75
50,20,23,0,1.75
50,20,24,0,1.75
50,20,25,0,1.75
50,20,26,0,1.75
50,20,27,0,1.75
50,20,28,0,1.75
50,20,29,0,1.75
50,20,30,0,1.75
50,20,31,0,1.75
50,20,32,0,1.75
50,20,33,0,1.75
50,20,34,31,1.75
50,20,35,4,1.75
50,20,36,0,1.75
50,20,37,0,1.75
50,20,38,0,1.75
50,20,39,0,1.75
50,20,40,0,1.75
50,20,41,0,1.75
50,20,42,0,1.75
50,20,43,0,1.75
50,20,44,0,1.75
50,20,45,0,1.75
50,20,46,0,1.75
50,20,47,0,1.75
50,20,48,0,1.75
50,20,49,0,1.75
50,20,50,0,1.75
50,20,51,0,1.75
50,20,52,0,1.75
50,20,53,0,1.75
50,20,54,0,1.75
50,20,55,0,1.75
50,20,56,0,1.75
50,20,57,0,1.75
50,20,58,0,1.75
50,20,59,0,1.75
50,20,60,0,1.75
50,20,61,0,1.75
50,20,62,0,1.75
50,20,63,0,1.75
50,21,0,0,1.7619
50,21,1,0,1.7619
50,21,2,0,1.7619
50,21,3,0,1.7619
50,21,4,0,1.7619
50,21,5,0,1.7619
50,21,6,0,1.7619
50,21,7,0,1.7619
50,21,8,0,1.7619
50,21,9,0,1.7619
50,21,10,0,1.7619
50,21,11,0,1.7619
50,21,12,0,1.7619
50,21,13,0,1.7619
50,21,14,0,1.7619
50,21,15,0,1.7619
50,21,16,0,1.7619
50,21,17,0,1.7619
50,21,18,0,1.7619
50,21,19,0,1.7619
50,21,20,0,1.7619
50,21,21,0,1.7619
50,21,22,0,1.7619
50,21,23,0,1.7619
50,21,24,0,1.7619
50,21,25,0,1.7619
50,21,26,0,1.7619
50,21,27,0,1.7619
50,21,28,0,1.7619
50,21,29,0,1.7619
50,21,30,0,1.7619
50,21,31,0,1.7619
50,21,32,0,1.7619
50,21,33,0,1.7619
50,21,34,33,1.7619
50,21,35,4,1.7619
50,21,36,0,1.7619
50,21,37,0,1.7619
50,21,38,0,1.7619
50,21,39,0,1.7619
50,21,40,0,1.7619
50,21,41,0,1.7619
50,21,42,0,1.7619
50,21,43,0,1.7619
50,21,44,0,1.7619
50,21,45,0,1.7619
50,21,46,0,1.7619
50,21,47,0,1.7619
50,21,48,0,1.7619
50,21,49,0,1.7619
50,21,50,0,1.7619
50,21,51,0,1.7619
50,21,52,0,1.7619
50,21,53,0,1.7619
50,21,54,0,1.7619
50,21,55,0,1.7619
50,21,56,0,1.7619
50,21,57,0,1.7619
50,21,58,0,1.7619
50,21,59,0,1.7619
50,21,60,0,1.7619
50,21,61,0,1.7619
50,21,62,0,1.7619
50,21,63,0,1.7619
50,22,0,0,1.81818
50,22,1,0,1.81818
50,22,2,0,1.81818
50,22,3,0,1.81818
50,22,4,0,1.81818
50,22,5,0,1.81818
50,22,6,0,1.81818
50,22,7,0,1.81818
50,22,8,0,1.81818
50,22,9,0,1.81818
50,22,10,0,1.81818
50,22,11,0,1.81818
50,22,12,0,1.81818
50,22,13,0,1.81818
50,22,14,0,1.81818
50,22,15,0,1.81818
50,22,16,0,1.81818
50,22,17,0,1.81818
50,22,18,0,1.81818
50,22,19,0,1.81818
50,22,20,0,1.81818
50,22,21,0,1.81818
50,22,22,0,1.81818
50,22,23,0,1.81818
50,22,24,0,1.81818
50,22,25,0,1.81818
50,22,26,0,1.81818
50,22,27,0,1.81818
50,22,28,0,1.81818
50,22,29,0,1.81818
50,22,30,0,1.81818
50,22,31,0,1.81818
50,22,32,0,1.81818
50,22,33,0,1.81818
50,22,34,36,1.81818
50,22,35,4,1.81818
50,22,36,0,1.81818
50,22,37,0,1.81818
50,22,38,0,1.81818
50,22,39,0,1.81818
50,22,40,0,1.81818
50,22,41,0,1.81818
50,22,42,0,1.81818
50,22,43,0,1.81818
50,22,44,0,1.81818
50,22,45,0,1.81818
50,22,46,0,1.81818
50,22,47,0,1.81818
50,22,48,0,1.81818
50,22,49,0,1.81818
50,22,50,0,1.81818
50,22,51,0,1.81818
50,22,52,0,1.81818
50,22,53,0,1.81818
50,22,54,0,1.81818
50,22,55,0,1.81818
50,22,56,0,1.81818
50,22,57,0,1.81818
50,22,58,0,1.81818
50,22,59,0,1.81818
50,22,60,0,1.81818
50,22,61,0,1.81818
50,22,62,0,1.81818
50,22,63,0,1.81818
50,23,0,0,1.82609
50,23,1,0,1.82609
50,23,2,0,1.82609
50,23,3,0,1.82609
50,23,4,0,1.82609
50,23,5,0,1.82609
50,23,6,0,1.82609
50,23,7,0,1.82609
50,23,8,0,1.82609
50,23,9,0,1.82609
50,23,10,0,1.82609
50,23,11,0,1.82609
50,23,12,0,1.82609
50,23,13,0,1.82609
50,23,14,0,1.82609
50,23,15,0,1.82609
50,23,16,0,1.82609
50,23,17,0,1.82609
50,23,18,0,1.82609
50,23,19,0,1.82609
50,23,20,0,1.82609
50,23,21,0,1.82609
50,23,22,0,1.82609
50,23,23,0,1.82609
50,23,24,0,1.82609
50,23,25,0,1.82609
50,23,26,0,1.82609
50,23,27,0,1.82609
50,23,28,0,1.82609
50,23,29,0,1.82609
50,23,30,0,1.82609
50,23,31,0,1.82609
50,23,32,0,1.82609
50,23,33,0,1.82609
50,23,34,38,1.82609
50,23,35,4,1.82609
50,23,36,0,1.82609
50,23,37,0,1.82609
50,23,38,0,1.82609
50,23,39,0,1.82609
50,23,40,0,1.82609
50,23,41,0,1.82609
50,23,42,0,1.82609
50,23,43,0,1.82609
50,23,44,0,1.82609
50,23,45,0,1.82609
50,23,46,0,1.82609
50,23,47,0,1.82609
50,23,48,0,1.82609
50,23,49,0,1.82609
50,23,50,0,1.82609
50,23,51,0,1.82609
50,23,52,0,1.82609
50,23,53,0,1.82609
50,23,54,0,1.82609
50,23,55,0,1.82609
50,23,56,0,1.82609
50,23,57,0,1.82609
50,23,58,0,1.82609
50,23,59,0,1.82609
50,23,60,0,1.82609
50,23,61,0,1.82609
50,23,62,0,1.82609
50,23,63,0,1.82609
50,24,0,0,1.79167
50,24,1,0,1.79167
50,24,2,0,1.79167
50,24,3,0,1.79167
50,24,4,0,1.79167
50,24,5,0,1.79167
50,24,6,0,1.79167
50,24,7,0,1.79167
50,24,8,0,1.79167
50,24,9,0,1.79167
50,24,10,0,1.79167
50,24,11,0,1.79167
50,24,12,0,1.79167
50,24,13,0,1.79167
50,24,14,0,1.79167
50,24,15,0,1.79167
50,24,16,0,1.79167
50,24,17,0,1.79167
50,24,18,0,1.79167
50,24,19,0,1.79167
50,24,20,0,1.79167
50,24,21,0,1.79167
50,24,22,0,1.79167
50,24,23,0,1.79167
50,24,24,0,1.79167
50,24,25,0,1.79167
50,24,26,0,1.79167
50,24,27,0,1.79167
50,24,28,0,1.79167
50,24,29,0,1.79167
50,24,30,0,1.79167
50,24,31,0,1.79167
50,24,32,0,1.79167
50,24,33,0,1.79167
50,24,34,39,1.79167
50,24,35,4,1.79167
50,24,36,0,1.79167
50,24,37,0,1.79167
50,24,38,0,1.79167
50,24,39,0,1.79167
50,24,40,0,1.79167
50,24,41,0,1.79167
50,24,42,0,1.79167
50,24,43,0,1.79167
50,24,44,0,1.79167
50,24,45,0,1.79167
50,24,46,0,1.79167
50,24,47,0,1.79167
50,24,48,0,1.79167
50,24,49,0,1.79167
50,24,50,0,1.79167
50,24,51,0,1.79167
50,24,52,0,1.79167
50,24,53,0,1.79167
50,24,54,0,1.79167
50,24,55,0,1.79167
50,24,56,0,1.79167
50,24,57,0,1.79167
50,24,58,0,1.79167
50,24,59,0,1.79167
50,24,60,0,1.79167
50,24,61,0,1.79167
50,24,62,0,1.79167
50,24,63,0,1.79167
50,25,0,0,1.76
50,25,1,0,1.76
50,25,2,0,1.76
50,25,3,0,1.76
50,25,4,0,1.76
50,25,5,0,1.76
50,25,6,0,1.76
50,25,7,0,1.76
50,25,8,0,1.76
50,25,9,0,1.76
50,25,10,0,1.76
50,25,11,0,1.76
50,25,12,0,1.76
50,25,13,0,1.76
50,25,14,0,1.76
50,25,15,0,1.76
50,25,16,0,1.76
50,25,17,0,1.76
50,25,18,0,1.76
50,25,19,0,1.76
50,25,20,0,1.76
50,25,21,0,1.76
50,25,22,0,1.76
50,25,23,0,1.76
50,25,24,0,1.76
50,25,25,0,1.76
50,25,26,0,1.76
50,25,27,0,1.76
50,25,28,0,1.76
50,25,29,0,1.76
50,25,30,0,1.76
50,25,31,0,1.76
50,25,32,0,1.76
50,25,33,0,1.76
50,25,34,40,1.76
50,25,35,4,1.76
50,25,36,0,1.76
50,25,37,0,1.76
50,25,38,0,1.76
50,25,39,0,1.76
50,25,40,0,1.76
50,25,41,0,1.76
50,25,42,0,1.76
50,25,43,0,1.76
50,25,44,0,1.76
50,25,45,0,1.76
50,25,46,0,1.76
50,25,47,0,1.76
50,25,48,0,1.76
50,25,49,0,1.76
50,25,50,0,1.76
50,25,51,0,1.76
50,25,52,0,1.76
50,25,53,0,1.76
50,25,54,0,1.76
50,25,55,0,1.76
50,25,56,0,1.76
50,25,57,0,1.76
50,25,58,0,1.76
50,25,59,0,1.76
50,25,60,0,1.76
50,25,61,0,1.76
50,25,62,0,1.76
50,25,63,0,1.76
50,26,0,0,1.73077
50,26,1,0,1.73077
50,26,2,0,1.73077
50,26,3,0,1.73077
50,26,4,0,1.73077
50,26,5,0,1.73077
50,26,6,0,1.73077
50,26,7,0,1.73077
50,26,8,0,1.73077
50,26,9,0,1.73077
50,26,10,0,1.73077
50,26,11,0,1.73077
50,26,12,0,1.73077
50,26,13,0,1.73077
50,26,14,0,1.73077
50,26,15,0,1.73077
50,26,16,0,1.73077
50,26,17,0,1.73077
50,26,18,0,1.73077
50,26,19,0,1.73077
50,26,20,0,1.73077
50,26,21,0,1.73077
50,26,22,0,1.73077
50,26,23,0,1.73077
50,26,24,0,1.73077
50,26,25,0,1.73077
50,26,26,0,1.73077
50,26,27,0,1.73077
50,26,28,0,1.73077
50,26,29,0,1.73077
50,26,30,0,1.73077
50,26,31,0,1.73077
50,26,32,0,1.73077
50,26,33,0,1.73077
50,26,34,40,1.73077
50,26,35,5,1.73077
50,26,36,0,1.73077
50,26,37,0,1.73077
50,26,38,0,1.73077
50,26,39,0,1.73077
50,26,40,0,1.73077
50,26,41,0,1.73077
50,26,42,0,1.73077
50,26,43,0,1.73077
50,26,44,0,1.73077
50,26,45,0,1.73077
50,26,46,0,1.73077
50,26,47,0,1.73077
50,26,48,0,1.73077
50,26,49,0,1.73077
50,26,50,0,1.73077
50,26,51,0,1.73077
50,26,52,0,1.73077
50,26,53,0,1.73077
50,26,54,0,1.73077
50,26,55,0,1.73077
50,26,56,0,1.73077
50,26,57,0,1.73077
50,26,58,0,1.73077
50,26,59,0,1.73077
50,26,60,0,1.73077
50,26,61,0,1.73077
50,26,62,0,1.73077
50,26,63,0,1.73077
50,27,0,0,1.77778
50,27,1,0,1.77778
50,27,2,0,1.77778
50,27,3,0,1.77778
50,27,4,0,1.77778
50,27,5,0,1.77778
50,27,6,0,1.77778
50,27,7,0,1.77778
50,27,8,0,1.77778
50,27,9,0,1.77778
50,27,10,0,1.77778
50,27,11,0,1.77778
50,27,12,0,1.77778
50,27,13,0,1.77778
50,27,14,0,1.77778
50,27,15,0,1.77778
50,27,16,0,1.77778
50,27,17,0,1.77778
50,27,18,0,1.77778
50,27,19,0,1.77778
50,27,20,0,1.77778
50,27,21,0,1.77778
50,27,22,0,1.77778
50,27,23,0,1.77778
50,27,24,0,1.77778
50,27,25,0,1.77778
50,27,26,0,1.77778
50,27,27,0,1.77778
50,27,28,0,1.77778
50,27,29,0,1.77778
50,27,30,0,1.77778
50,27,31,0,1.77778
50,27,32,0,1.77778
50,27,33,0,1.77778
50,27,34,43,1.77778
50,27,35,5,1.77778
50,27,36,0,1.77778
50,27,37,0,1.77778
50,27,38,0,1.77778
50,27,39,0,1.77778
50,27,40,0,1.77778
50,27,41,0,1.77778
50,27,42,0,1.77778
50,27,43,0,1.77778
50,27,44,0,1.77778
50,27,45,0,1.77778
50,27,46,0,1.77778
50,27,47,0,1.77778
50,27,48,0,1.77778
50,27,49,0,1.77778
50,27,50,0,1.77778
50,27,51,0,1.77778
50,27,52,0,1.77778
50,27,53,0,1.77778
50,27,54,0,1.77778
50,27,55,0,1.77778
50,27,56,0,1.77778
50,27,57,0,1.77778
50,27,58,0,1.77778
50,27,59,0,1.77778
50,27,60,0,1.77778
50,27,61,0,1.77778
50,27,62,0,1.77778
50,27,63,0,1.77778
50,28,0,0,1.75
50,28,1,0,1.75
50,28,2,0,1.75
50,28,3,0,1.75
50,28,4,0,1.75
50,28,5,0,1.75
50,28,6,0,1.75
50,28,7,0,1.75
50,28,8,0,1.75
50,28,9,0,1.75
50,28,10,0,1.75
50,28,11,0,1.75
50,28,12,0,1.75
50,28,13,0,1.75
50,28,14,0,1.75
50,28,15,0,1.75
50,28,16,0,1.75
50,28,17,0,1.75
50,28,18,0,1.75
50,28,19,0,1.75
50,28,20,0,1.75
50,28,21,0,1.75
50,28,22,0,1.75
50,28,23,0,1.75
50,28,24,0,1.75
50,28,25,0,1.75
50,28,26,0,1.75
50,28,27,0,1.75
50,28,28,0,1.75
50,28,29,0,1.75
50,28,30,0,1.75
50,28,31,0,1.75
50,28,32,0,1.75
50,28,33,0,1.75
50,28,34,44,1.75
50,28,35,5,1.75
50,28,36,0,1.75
50,28,37,0,1.75
50,28,38,0,1.75
50,28,39,0,1.75
50,28,40,0,1.75
50,28,41,0,1.75
50,28,42,0,1.75
50,28,43,0,1.75
50,28,44,0,1.75
50,28,45,0,1.75
50,28,46,0,1.75
50,28,47,0,1.75
50,28,48,0,1.75
50,28,49,0,1.75
50,28,50,0,1.75
50,28,51,0,1.75
50,28,52,0,1.75
50,28,53,0,1.75
50,28,54,0,1.75
50,28,55,0,1.75
50,28,56,0,1.75
50,28,57,0,1.75
50,28,58,0,1.75
50,28,59,0,1.75
50,28,60,0,1.75
50,28,61,0,1.75
50,28,62,0,1.75
50,28,63,0,1.75
50,29,0,0,1.75862
50,29,1,0,1.75862
50,29,2,0,1.75862
50,29,3,0,1.75862
50,29,4,0,1.75862
50,29,5,0,1.75862
50,29,6,0,1.75862
50,29,7,0,1.75862
50,29,8,0,1.75862
50,29,9,0,1.75862
50,29,10,0,1.75862
50,29,11,0,1.75862
50,29,12,0,1.75862
50,29,13,0,1.75862
50,29,14,0,1.75862
50,29,15,0,1.75862
50,29,16,0,1.75862
50,29,17,0,1.75862
50,29,18,0,1.75862
50,29,19,0,1.75862
50,29,20,0,1.75862
50,29,21,0,1.75862
50,29,22,0,1.75862
50,29,23,0,1.75862
50,29,24,0,1.75862
50,29,25,0,1.75862
50,29,26,0,1.75862
50,29,27,0,1.75862
50,29,28,0,1.75862
50,29,29,0,1.75862
50,29,30,0,1.75862
50,29,31,0,1.75862
50,29,32,0,1.75862
50,29,33,0,1.75862
50,29,34,46,1.75862
50,29,35,5,1.75862
50,29,36,0,1.75862
50,29,37,0,1.75862
50,29,38,0,1.75862
50,29,39,0,1.75862
50,29,40,0,1.75862
50,29,41,0,1.75862
50,29,42,0,1.75862
50,29,43,0,1.75862
50,29,44,0,1.75862
50,29,45,0,1.75862
50,29,46,0,1.75862
50,29,47,0,1.75862
50,29,48,0,1.75862
50,29,49,0,1.75862
50,29,50,0,1.75862
50,29,51,0,1.75862
50,29,52,0,1.75862
50,29,53,0,1.75862
50,29,54,0,1.75862
50,29,55,0,1.75862
50,29,56,0,1.75862
50,29,57,0,1.75862
50,29,58,0,1.75862
50,29,59,0,1.75862
50,29,60,0,1.75862
50,29,61,0,1.75862
50,29,62,0,1.75862
50,29,63,0,1.75862
50,30,0,0,1.76667
50,30,1,0,1.76667
50,30,2,0,1.76667
50,30,3,0,1.76667
50,30,4,0,1.76667
50,30,5,0,1.76667
50,30,6,0,1.76667
50,30,7,0,1.76667
50,30,8,0,1.76667
50,30,9,0,1.76667
50,30,10,0,1.76667
50,30,11,0,1.76667
50,30,12,0,1.76667
50,30,13,0,1.76667
50,30,14,0,1.76667
50,30,15,0,1.76667
50,30,16,0,1.76667
50,30,17,0,1.76667
50,30,18,0,1.76667
50,30,19,0,1.76667
50,30,20,0,1.76667
50,30,21,0,1.76667
50,30,22,0,1.76667
50,30,23,0,1.76667
50,30,24,0,1.76667
50,30,25,0,1.76667
50,30,26,0,1.76667
50,30,27,0,1.76667
50,30,28,0,1.76667
50,30,29,0,1.76667
50,30,30,0,1.76667
50,30,31,0,1.76667
50,30,32,0,1.76667
50,30,33,0,1.76667
50,30,34,48,1.76667
50,30,35,5,1.76667
50,30,36,0,1.76667
50,30,37,0,1.76667
50,30,38,0,1.76667
50,30,39,0,1.76667
50,30,40,0,1.76667
50,30,41,0,1.76667
50,30,42,0,1.76667
50,30,43,0,1.76667
50,30,44,0,1.76667
50,30,45,0,1.76667
50,30,46,0,1.76667
50,30,47,0,1.76667
50,30,48,0,1.76667
50,30,49,0,1.76667
50,30,50,0,1.76667
50,30,51,0,1.76667
50,30,52,0,1.76667
50,30,53,0,1.76667
50,30,54,0,1.76667
50,30,55,0,1.76667
50,30,56,0,1.76667
50,30,57,0,1.76667
50,30,58,0,1.76667
50,30,59,0,1.76667
50,30,60,0,1.76667
50,30,61,0,1.76667
50,30,62,0,1.76667
50,30,63,0,1.76667
50,31,0,0,1.83871
50,31,1,0,1.83871
50,31,2,0,1.83871
50,31,3,0,1.83871
50,31,4,0,1.83871
50,31,5,0,1.83871
50,31,6,0,1.83871
50,31,7,0,1.83871
50,31,8,0,1.83871
50,31,9,0,1.83871
50,31,10,0,1.83871
50,31,11,0,1.83871
50,31,12,0,1.83871
50,31,13,0,1.83871
50,31,14,0,1.83871
50,31,15,0,1.83871
50,31,16,0,1.83871
50,31,17,0,1.83871
50,31,18,0,1.83871
50,31,19,0,1.83871
50,31,20,0,1.83871
50,31,21,0,1.83871
50,31,22,0,1.83871
50,31,23,0,1.83871
50,31,24,0,1.83871
50,31,25,0,1.83871
50,31,26,0,1.83871
50,31,27,0,1.83871
50,31,28,0,1.83871
50,31,29,0,1.83871
50,31,30,0,1.83871
50,31,31,0,1.83871
50,31,32,0,1.83871
50,31,33,0,1.83871
50,31,34,52,1.83871
50,31,35,5,1.83871
50,31,36,0,1.83871
50,31,37,0,1.83871
50,31,38,0,1.83871
50,31,39,0,1.83871
50,31,40,0,1.83871
50,31,41,0,1.83871
50,31,42,0,1.83871
50,31,43,0,1.83871
50,31,44,0,1.83871
50,31,45,0,1.83871
50,31,46,0,1.83871
50,31,47,0,1.83871
50,31,48,0,1.83871
50,31,49,0,1.83871
50,31,50,0,1.83871
50,31,51,0,1.83871
50,31,52,0,1.83871
50,31,53,0,1.83871
50,31,54,0,1.83871
50,31,55,0,1.83871
50,31,56,0,1.83871
50,31,57,0,1.83871
50,31,58,0,1.83871
50,31,59,0,1.83871
50,31,60,0,1.83871
50,31,61,0,1.83871
50,31,62,0,1.83871
50,31,63,0,1.83871
50,32,0,0,1.8125
50,32,1,0,1.8125
50,32,2,0,1.8125
50,32,3,0,1.8125
50,32,4,0,1.8125
50,32,5,0,1.8125
50,32,6,0,1.8125
50,32,7,0,1.8125
50,32,8,0,1.8125
50,32,9,0,1.8125
50,32,10,0,1.8125
50,32,11,0,1.8125
50,32,12,0,1.8125
50,32,13,0,1.8125
50,32,14,0,1.8125
50,32,15,0,1.8125
50,32,16,0,1.8125
50,32,17,0,1.8125
50,32,18,0,1.8125
50,32,19,0,1.8125
50,32,20,0,1.8125
50,32,21,0,1.8125
50,32,22,0,1.8125
50,32,23,0,1.8125
50,32,24,0,1.8125
50,32,25,0,1.8125
50,32,26,0,1.8125
50,32,27,0,1.8125
50,32,28,0,1.8125
50,32,29,0,1.8125
50,32,30,0,1.8125
50,32,31,0,1.8125
50,32,32,0,1.8125
50,32,33,0,1.8125
50,32,34,52,1.8125
50,32,35,6,1.8125
50,32,36,0,1.8125
50,32,37,0,1.8125
50,32,38,0,1.8125
50,32,39,0,1.8125
50,32,40,0,1.8125
50,32,41,0,1.8125
50,32,42,0,1.8125
50,32,43,0,1.8125
50,32,44,0,1.8125
50,32,45,0,1.8125
50,32,46,0,1.8125
50,32,47,0,1.8125
50,32,48,0,1.8125
50,32,49,0,1.8125
50,32,50,0,1.8125
50,32,51,0,1.8125
50,32,52,0,1.8125
50,32,53,0,1.8125
50,32,54,0,1.8125
50,32,55,0,1.8125
50,32,56,0,1.8125
50,32,57,0,1.8125
50,32,58,0,1.8125
50,32,59,0,1.8125
50,32,60,0,1.8125
50,32,61,0,1.8125
50,32,62,0,1.8125
50,32,63,0,1.8125
50,33,0,0,1.78788
50,33,1,0,1.78788
50,33,2,0,1.78788
50,33,3,0,1.78788
50,33,4,0,1.78788
50,33,5,0,1.78788
50,33,6,0,1.78788
50,33,7,0,1.78788
50,33,8,0,1.78788
50,33,9,0,1.78788
50,33,10,0,1.78788
50,33,11,0,1.78788
50,33,12,0,1.78788
50,33,13,0,1.78788
50,33,14,0,1.78788
50,33,15,0,1.78788
50,33,16,0,1.78788
50,33,17,0,1.78788
50,33,18,0,1.78788
50,33,19,0,1.78788
50,33,20,0,1.78788
50,33,21,0,1.78788
50,33,22,0,1.78788
50,33,23,0,1.78788
50,33,24,0,1.78788
50,33,25,0,1.78788
50,33,26,0,1.78788
50,33,27,0,1.78788
50,33,28,0,1.78788
50,33,29,0,1.78788
50,33,30,0,1.78788
50,33,31,0,1.78788
50,33,32,0,1.78788
50,33,33,0,1.78788
50,33,34,53,1.78788
50,33,35,6,1.78788
50,33,36,0,1.78788
50,33,37,0,1.78788
50,33,38,0,1.78788
50,33,39,0,1.78788
50,33,40,0,1.78788
50,33,41,0,1.78788
50,33,42,0,1.78788
50,33,43,0,1.78788
50,33,44,0,1.78788
50,33,45,0,1.78788
50,33,46,0,1.78788
50,33,47,0,1.78788
50,33,48,0,1.78788
50,33,49,0,1.78788
50,33,50,0,1.78788
50,33,51,0,1.78788
50,33,52,0,1.78788
50,33,53,0,1.78788
50,33,54,0,1.78788
50,33,55,0,1.78788
50,33,56,0,1.78788
50,33,57,0,1.78788
50,33,58,0,1.78788
50,33,59,0,1.78788
50,33,60,0,1.78788
50,33,61,0,1.78788
50,33,62,0,1.78788
50,33,63,0,1.78788
50,34,0,0,1.76471
50,34,1,0,1.76471
50,34,2,0,1.76471
50,34,3,0,1.76471
50,34,4,0,1.76471
50,34,5,0,1.76471
50,34,6,0,1.76471
50,34,7,0,1.76471
50,34,8,0,1.76471
50,34,9,0,1.76471
50,34,10,0,1.76471
50,34,11,0,1.76471
50,34,12,0,1.76471
50,34,13,0,1.76471
50,34,14,0,1.76471
50,34,15,0,1.76471
50,34,16,0,1.76471
50,34,17,0,1.76471
50,34,18,0,1.76471
50,34,19,0,1.76471
50,34,20,0,1.76471
50,34,21,0,1.76471
50,34,22,0,1.76471
50,34,23,0,1.76471
50,34,24,0,1.76471
50,34,25,0,1.76471
50,34,26,0,1.76471
50,34,27,0,1.76471
50,34,28,0,1.76471
50,34,29,0,1.76471
50,34,30,0,1.76471
50,34,31,0,1.76471
50,34,32,0,1.76471
50,34,33,0,1.76471
50,34,34,54,1.76471
50,34,35,6,1.76471
50,34,36,0,1.76471
50,34,37,0,1.76471
50,34,38,0,1.76471
50,34,39,0,1.76471
50,34,40,0,1.76471
50,34,41,0,1.76471
50,34,42,0,1.76471
50,34,43,0,1.76471
50,34,44,0,1.76471
50,34,45,0,1.76471
50,34,46,0,1.76471
50,34,47,0,1.76471
50,34,48,0,1.76471
50,34,49,0,1.76471
50,34,50,0,1.76471
50,34,51,0,1.76471
50,34,52,0,1.76471
50,34,53,0,1.76471
50,34,54,0,1.76471
50,34,55,0,1.76471
50,34,56,0,1.76471
50,34,57,0,1.76471
50,34,58,0,1.76471
50,34,59,0,1.76471
50,34,60,0,1.76471
50,34,61,0,1.76471
50,34,62,0,1.76471
50,34,63,0,1.76471
50,35,0,0,1.74286
50,35,1,0,1.74286
50,35,2,0,1.74286
50,35,3,0,1.74286
50,35,4,0,1.74286
50,35,5,0,1.74286
50,35,6,0,1.74286
50,35,7,0,1.74286
50,35,8,0,1.74286
50,35,9,0,1.74286
50,35,10,0,1.74286
50,35,11,0,1.74286
50,35,12,0,1.74286
50,35,13,0,1.74286
50,35,14,0,1.74286
50,35,15,0,1.74286
50,35,16,0,1.74286
50,35,17,0,1.74286
50,35,18,0,1.74286
50,35,19,0,1.74286
50,35,20,0,1.74286
50,35,21,0,1.74286
50,35,22,0,1.74286
50,35,23,0,1.74286
50,35,24,0,1.74286
50,35,25,0,1.74286
50,35,26,0,1.74286
50,35,27,0,1.74286
50,35,28,0,1.74286
50,35,29,0,1.74286
50,35,30,0,1.74286
50,35,31,0,1.74286
50,35,32,0,1.74286
50,35,33,0,1.74286
50,35,34,55,1.74286
50,35,35,6,1.74286
50,35,36,0,1.74286
50,35,37,0,1.74286
50,35,38,0,1.74286
50,35,39,0,1.74286
50,35,40,0,1.74286
50,35,41,0,1.74286
50,35,42,0,1.74286
50,35,43,0,1.74286
50,35,44,0,1.74286
50,35,45,0,1.74286
50,35,46,0,1.74286
50,35,47,0,1.74286
50,35,48,0,1.74286
50,35,49,0,1.74286
50,35,50,0,1.74286
50,35,51,0,1.74286
50,35,52,0,1.74286
50,35,53,0,1.74286
50,35,54,0,1.74286
50,35,55,0,1.74286
50,35,56,0,1.74286
50,35,57,0,1.74286
50,35,58,0,1.74286
50,35,59,0,1.74286
50,35,60,0,1.74286
50,35,61,0,1.74286
50,35,62,0,1.74286
50,35,63,0,1.74286
50,36,0,0,1.77778
50,36,1,0,1.77778
50,36,2,0,1.77778
50,36,3,0,1.77778
50,36,4,0,1.77778
50,36,5,0,1.77778
50,36,6,0,1.77778
50,36,7,0,1.77778
50,36,8,0,1.77778
50,36,9,0,1.77778
50,36,10,0,1.77778
50,36,11,0,1.77778
50,36,12,0,1.77778
50,36,13,0,1.77778
50,36,14,0,1.77778
50,36,15,0,1.77778
50,36,16,0,1.77778
50,36,17,0,1.77778
50,36,18,0,1.77778
50,36,19,0,1.77778
50,36,20,0,1.77778
50,36,21,0,1.77778
50,36,22,0,1.77778
50,36,23,0,1.77778
50,36,24,0,1.77778
50,36,25,0,1.77778
50,36,26,0,1.77778
50,36,27,0,1.77778
50,36,28,0,1.77778
50,36,29,0,1.77778
50,36,30,0,1.77778
50,36,31,0,1.77778
50,36,32,0,1.77778
50,36,33,0,1.77778
50,36,34,58,1.77778
50,36,35,6,1.77778
50,36,36,0,1.77778
50,36,37,0,1.77778
50,36,38,0,1.77778
50,36,39,0,1.77778
50,36,40,0,1.77778
50,36,41,0,1.77778
50,36,42,0,1.77778
50,36,43,0,1.77778
50,36,44,0,1.77778
50,36,45,0,1.77778
50,36,46,0,1.77778
50,36,47,0,1.77778
50,36,48,0,1.77778
50,36,49,0,1.77778
50,36,50,0,1.77778
50,36,51,0,1.77778
50,36,52,0,1.77778
50,36,53,0,1.77778
50,36,54,0,1.77778
50,36,55,0,1.77778
50,36,56,0,1.77778
50,36,57,0,1.77778
50,36,58,0,1.77778
50,36,59,0,1.77778
50,36,60,0,1.77778
50,36,61,0,1.77778
50,36,62,0,1.77778
50,36,63,0,1.77778
50,37,0,0,1.75676
50,37,1,0,1.75676
50,37,2,0,1.75676
50,37,3,0,1.75676
50,37,4,0,1.75676
50,37,5,0,1.75676
50,37,6,0,1.75676
50,37,7,0,1.75676
50,37,8,0,1.75676
50,37,9,0,1.75676
50,37,10,0,1.75676
50,37,11,0,1.75676
50,37,12,0,1.75676
50,37,13,0,1.75676
50,37,14,0,1.75676
50,37,15,0,1.75676
50,37,16,0,1.75676
50,37,17,0,1.75676
50,37,18,0,1.75676
50,37,19,0,1.75676
50,37,20,0,1.75676
50,37,21,0,1.75676
50,37,22,0,1.75676
50,37,23,0,1.75676
50,37,24,0,1.75676
50,37,25,0,1.75676
50,37,26,0,1.75676
50,37,27,0,1.75676
50,37,28,0,1.75676
50,37,29,0,1.75676
50,37,30,0,1.75676
50,37,31,0,1.75676
50,37,32,0,1.75676
50,37,33,0,1.75676
50,37,34,59,1.75676
50,37,35,6,1.75676
50,37,36,0,1.75676
50,37,37,0,1.75676
50,37,38,0,1.75676
50,37,39,0,1.75676
50,37,40,0,1.75676
50,37,41,0,1.75676
50,37,42,0,1.75676
50,37,43,0,1.75676
50,37,44,0,1.75676
50,37,45,0,1.75676
50,37,46,0,1.75676
50,37,47,0,1.75676
50,37,48,0,1.75676
50,37,49,0,1.75676
50,37,50,0,1.75676
50,37,51,0,1.75676
50,37,52,0,1.75676
50,37,53,0,1.75676
50,37,54,0,1.75676
50,37,55,0,1.75676
50,37,56,0,1.75676
50,37,57,0,1.75676
50,37,58,0,1.75676
50,37,59,0,1.75676
50,37,60,0,1.75676
50,37,61,0,1.75676
50,37,62,0,1.75676
50,37,63,0,1.75676
50,38,0,0,1.76316
50,38,1,0,1.76316
50,38,2,0,1.76316
50,38,3,0,1.76316
50,38,4,0,1.76316
50,38,5,0,1.76316
50,38,6,0,1.76316
50,38,7,0,1.76316
50,38,8,0,1.76316
50,38,9,0,1.76316
50,38,10,0,1.76316
50,38,11,0,1.76316
50,38,12,0,1.76316
50,38,13,0,1.76316
50,38,14,0,1.76316
50,38,15,0,1.76316
50,38,16,0,1.76316
50,38,17,0,1.76316
50,38,18,0,1.76316
50,38,19,0,1.76316
50,38,20,0,1.76316
50,38,21,0,1.76316
50,38,22,0,1.76316
50,38,23,0,1.76316
50,38,24,0,1.76316
50,38,25,0,1.76316
50,38,26,0,1.76316
50,38,27,0,1.76316
50,38,28,0,1.76316
50,38,29,0,1.76316
50,38,30,0,1.76316
50,38,31,0,1.76316
50,38,32,0,1.76316
50,38,33,0,1.76316
50,38,34,59,1.76316
50,38,35,8,1.76316
50,38,36,0,1.76316
50,38,37,0,1.76316
50,38,38,0,1.76316
50,38,39,0,1.76316
50,38,40,0,1.76316
50,38,41,0,1.76316
50,38,42,0,1.76316
50,38,43,0,1.76316
50,38,44,0,1.76316
50,38,45,0,1.76316
50,38,46,0,1.76316
50,38,47,0,1.76316
50,38,48,0,1.76316
50,38,49,0,1.76316
50,38,50,0,1.76316
50,38,51,0,1.76316
50,38,52,0,1.76316
50,38,53,0,1.76316
50,38,54,0,1.76316
50,38,55,0,1.76316
50,38,56,0,1.76316
50,38,57,0,1.76316
50,38,58,0,1.76316
50,38,59,0,1.76316
50,38,60,0,1.76316
50,38,61,0,1.76316
50,38,62,0,1.76316
50,38,63,0,1.76316
50,39,0,0,1.74359
50,39,1,0,1.74359
50,39,2,0,1.74359
50,39,3,0,1.74359
50,39,4,0,1.74359
50,39,5,0,1.74359
50,39,6,0,1.74359
50,39,7,0,1.74359
50,39,8,0,1.74359
50,39,9,0,1.74359
50,39,10,0,1.74359
50,39,11,0,1.74359
50,39,12,0,1.74359
50,39,13,0,1.74359
50,39,14,0,1.74359
50,39,15,0,1.74359
50,39,16,0,1.74359
50,39,17,0,1.74359
50,39,18,0,1.74359
50,39,19,0,1.74359
50,39,20,0,1.74359
50,39,21,0,1.74359
50,39,22,0,1.74359
50,39,23,0,1.74359
50,39,24,0,1.74359
50,39,25,0,1.74359
50,39,26,0,1.74359
50,39,27,0,1.74359
50,39,28,0,1.74359
50,39,29,0,1.74359
50,39,30,0,1.74359
50,39,31,0,1.74359
50,39,32,0,1.74359
50,39,33,0,1.74359
50,39,34,60,1.74359
50,39,35,8,1.74359
50,39,36,0,1.74359
50,39,37,0,1.74359
50,39,38,0,1.74359
50,39,39,0,1.74359
50,39,40,0,1.74359
50,39,41,0,1.74359
50,39,42,0,1.74359
50,39,43,0,1.74359
50,39,44,0,1.74359
50,39,45,0,1.74359
50,39,46,0,1.74359
50,39,47,0,1.74359
50,39,48,0,1.74359
50,39,49,0,1.74359
50,39,50,0,1.74359
50,39,51,0,1.74359
50,39,52,0,1.74359
50,39,53,0,1.74359
50,39,54,0,1.74359
50,39,55,0,1.74359
50,39,56,0,1.74359
50,39,57,0,1.74359
50,39,58,0,1.74359
50,39,59,0,1.74359
50,39,60,0,1.74359
50,39,61,0,1.74359
50,39,62,0,1.74359
50,39,63,0,1.74359
50,40,0,0,1.725
50,40,1,0,1.725
50,40,2,0,1.725
50,40,3,0,1.725
50,40,4,0,1.725
50,40,5,0,1.725
50,40,6,0,1.725
50,40,7,0,1.725
50,40,8,0,1.725
50,40,9,0,1.725
50,40,10,0,1.725
50,40,11,0,1.725
50,40,12,0,1.725
50,40,13,0,1.725
50,40,14,0,1.725
50,40,15,0,1.725
50,40,16,0,1.725
50,40,17,0,1.725
50,40,18,0,1.725
50,40,19,0,1.725
50,40,20,0,1.725
50,40,21,0,1.725
50,40,22,0,1.725
50,40,23,0,1.725
50,40,24,0,1.725
50,40,25,0,1.725
50,40,26,0,1.725
50,40,27,0,1.725
50,40,28,0,1.725
50,40,29,0,1.725
50,40,30,0,1.725
50,40,31,0,1.725
50,40,32,0,1.725
50,40,33,0,1.725
50,40,34,61,1.725
50,40,35,8,1.725
50,40,36,0,1.725
50,40,37,0,1.725
50,40,38,0,1.725
50,40,39,0,1.725
50,40,40,0,1.725
50,40,41,0,1.725
50,40,42,0,1.725
50,40,43,0,1.725
50,40,44,0,1.725
50,40,45,0,1.725
50,40,46,0,1.725
50,40,47,0,1.725
50,40,48,0,1.725
50,40,49,0,1.725
50,40,50,0,1.725
50,40,51,0,1.725
50,40,52,0,1.725
50,40,53,0,1.725
50,40,54,0,1.725
50,40,55,0,1.725
50,40,56,0,1.725
50,40,57,0,1.725
50,40,58,0,1.725
50,40,59,0,1.725
50,40,60,0,1.725
50,40,61,0,1.725
50,40,62,0,1.725
50,40,63,0,1.725
50,41,0,0,1.70732
50,41,1,0,1.70732
50,41,2,0,1.70732
50,41,3,0,1.70732
50,41,4,0,1.70732
50,41,5,0,1.70732
50,41,6,0,1.70732
50,41,7,0,1.70732
50,41,8,0,1.70732
50,41,9,0,1.70732
50,41,10,0,1.70732
50,41,11,0,1.70732
50,41,12,0,1.70732
50,41,13,0,1.70732
50,41,14,0,1.70732
50,41,15,0,1.70732
50,41,16,0,1.70732
50,41,17,0,1.70732
50,41,18,0,1.70732
50,41,19,0,1.70732
50,41,20,0,1.70732
50,41,21,0,1.70732
50,41,22,0,1.70732
50,41,23,0,1.70732
50,41,24,0,1.70732
50,41,25,0,1.70732
50,41,26,0,1.70732
50,41,27,0,1.70732
50,41,28,0,1.70732
50,41,29,0,1.70732
50,41,30,0,1.70732
50,41,31,0,1.70732
50,41,32,0,1.70732
50,41,33,0,1.70732
50,41,34,61,1.70732
50,41,35,9,1.70732
50,41,36,0,1.70732
50,41,37,0,1.70732
50,41,38,0,1.70732
50,41,39,0,1.70732
50,41,40,0,1.70732
50,41,41,0,1.70732
50,41,42,0,1.70732
50,41,43,0,1.70732
50,41,44,0,1.70732
50,41,45,0,1.70732
50,41,46,0,1.70732
50,41,47,0,1.70732
50,41,48,0,1.70732
50,41,49,0,1.70732
50,41,50,0,1.70732
50,41,51,0,1.70732
50,41,52,0,1.70732
50,41,53,0,1.70732
50,41,54,0,1.70732
50,41,55,0,1.70732
50,41,56,0,1.70732
50,41,57,0,1.70732
50,41,58,0,1.70732
50,41,59,0,1.70732
50,41,60,0,1.70732
50,41,61,0,1.70732
50,41,62,0,1.70732
50,41,63,0,1.70732
50,42,0,0,1.69048
50,42,1,0,1.69048
50,42,2,0,1.69048
50,42,3,0,1.69048
50,42,4,0,1.69048
50,42,5,0,1.69048
50,42,6,0,1.69048
50,42,7,0,1.69048
50,42,8,0,1.69048
50,42,9,0,1.69048
50,42,10,0,1.69048
50,42,11,0,1.69048
50,42,12,0,1.69048
50,42,13,0,1.69048
50,42,14,0,1.69048
50,42,15,0,1.69048
50,42,16,0,1.69048
50,42,17,0,1.69048
50,42,18,0,1.69048
50,42,19,0,1.69048
50,42,20,0,1.69048
50,42,21,0,1.69048
50,42,22,0,1.69048
50,42,23,0,1.69048
50,42,24,0,1.69048
50,42,25,0,1.69048
50,42,26,0,1.69048
50,42,27,0,1.69048
50,42,28,0,1.69048
50,42,29,0,1.69048
50,42,30,0,1.69048
50,42,31,0,1.69048
50,42,32,0,1.69048
50,42,33,0,1.69048
50,42,34,62,1.69048
50,42,35,9,1.69048
50,42,36,0,1.69048
50,42,37,0,1.69048
50,42,38,0,1.69048
50,42,39,0,1.69048
50,42,40,0,1.69048
50,42,41,0,1.69048
50,42,42,0,1.69048
50,42,43,0,1.69048
50,42,44,0,1.69048
50,42,45,0,1.69048
50,42,46,0,1.69048
50,42,47,0,1.69048
50,42,48,0,1.69048
50,42,49,0,1.69048
50,42,50,0,1.69048
50,42,51,0,1.69048
50,42,52,0,1.69048
50,42,53,0,1.69048
50,42,54,0,1.69048
50,42,55,0,1.69048
50,42,56,0,1.69048
50,42,57,0,1.69048
50,42,58,0,1.69048
50,42,59,0,1.69048
50,42,60,0,1.69048
50,42,61,0,1.69048
50,42,62,0,1.69048
50,42,63,0,1.69048
50,43,0,0,1.67442
50,43,1,0,1.67442
50,43,2,0,1.67442
50,43,3,0,1.67442
50,43,4,0,1.67442
50,43,5,0,1.67442
50,43,6,0,1.67442
50,43,7,0,1.67442
50,43,8,0,1.67442
50,43,9,0,1.67442
50,43,10,0,1.67442
50,43,11,0,1.67442
50,43,12,0,1.67442
50,43,13,0,1.67442
50,43,14,0,1.67442
50,43,15,0,1.67442
50,43,16,0,1.67442
50,43,17,0,1.67442
50,43,18,0,1.67442
50,43,19,0,1.67442
50,43,20,0,1.67442
50,43,21,0,1.67442
50,43,22,0,1.67442
50,43,23,0,1.67442
50,43,24,0,1.67442
50,43,25,0,1.67442
50,43,26,0,1.67442
50,43,27,0,1.67442
50,43,28,0,1.67442
50,43,29,0,1.67442
50,43,30,0,1.67442
50,43,31,0,1.67442
50,43,32,0,1.67442
50,43,33,0,1.67442
50,43,34,63,1.67442
50,43,35,9,1.67442
50,43,36,0,1.67442
50,43,37,0,1.67442
50,43,38,0,1.67442
50,43,39,0,1.67442
50,43,40,0,1.67442
50,43,41,0,1.67442
50,43,42,0,1.67442
50,43,43,0,1.67442
50,43,44,0,1.67442
50,43,45,0,1.67442
50,43,46,0,1.67442
50,43,47,0,1.67442
50,43,48,0,1.67442
50,43,49,0,1.67442
50,43,50,0,1.67442
50,43,51,0,1.67442
50,43,52,0,1.67442
50,43,53,0,1.67442
50,43,54,0,1.67442
50,43,55,0,1.67442
50,43,56,0,1.67442
50,43,57,0,1.67442
50,43,58,0,1.67442
50,43,59,0,1.67442
50,43,60,0,1.67442
50,43,61,0,1.67442
50,43,62,0,1.67442
50,43,63,0,1.67442
50,44,0,0,1.68182
50,44,1,0,1.68182
50,44,2,0,1.68182
50,44,3,0,1.68182
50,44,4,0,1.68182
50,44,5,0,1.68182
50,44,6,0,1.68182
50,44,7,0,1.68182
50,44,8,0,1.68182
50,44,9,0,1.68182
50,44,10,0,1.68182
50,44,11,0,1.68182
50,44,12,0,1.68182
50,44,13,0,1.68182
50,44,14,0,1.68182
50,44,15,0,1.68182
50,44,16,0,1.68182
50,44,17,0,1.68182
50,44,18,0,1.68182
50,44,19,0,1.68182
50,44,20,0,1.68182
50,44,21,0,1.68182
50,44,22,0,1.68182
50,44,23,0,1.68182
50,44,24,0,1.68182
50,44,25,0,1.68182
50,44,26,0,1.68182
50,44,27,0,1.68182
50,44,28,0,1.68182
50,44,29,0,1.68182
50,44,30,0,1.68182
50,44,31,0,1.68182
50,44,32,0,1.68182
50,44,33,0,1.68182
50,44,34,65,1.68182
50,44,35,9,1.68182
50,44,36,0,1.68182
50,44,37,0,1.68182
50,44,38,0,1.68182
50,44,39,0,1.68182
50,44,40,0,1.68182
50,44,41,0,1.68182
50,44,42,0,1.68182
50,44,43,0,1.68182
50,44,44,0,1.68182
50,44,45,0,1.68182
50,44,46,0,1.68182
50,44,47,0,1.68182
50,44,48,0,1.68182
50,44,49,0,1.68182
50,44,50,0,1.68182
50,44,51,0,1.68182
50,44,52,0,1.68182
50,44,53,0,1.68182
50,44,54,0,1.68182
50,44,55,0,1.68182
50,44,56,0,1.68182
50,44,57,0,1.68182
50,44,58,0,1.68182
50,44,59,0,1.68182
50,44,60,0,1.68182
50,44,61,0,1.68182
50,44,62,0,1.68182
50,44,63,0,1.68182
50,45,0,0,1.71111
50,45,1,0,1.71111
50,45,2,0,1.71111
50,45,3,0,1.71111
50,45,4,0,1.71111
50,45,5,0,1.71111
50,45,6,0,1.71111
50,45,7,0,1.71111
50,45,8,0,1.71111
50,45,9,0,1.71111
50,45,10,0,1.71111
50,45,11,0,1.71111
50,45,12,0,1.71111
50,45,13,0,1.71111
50,45,14,0,1.71111
50,45,15,0,1.71111
50,45,16,0,1.71111
50,45,17,0,1.71111
50,45,18,0,1.71111
50,45,19,0,1.71111
50,45,20,0,1.71111
50,45,21,0,1.71111
50,45,22,0,1.71111
50,45,23,0,1.71111
50,45,24,0,1.71111
50,45,25,0,1.71111
50,45,26,0,1.71111
50,45,27,0,1.71111
50,45,28,0,1.71111
50,45,29,0,1.71111
50,45,30,0,1.71111
50,45,31,0,1.71111
50,45,32,0,1.71111
50,45,33,0,1.71111
50,45,34,68,1.71111
50,45,35,9,1.71111
50,45,36,0,1.71111
50,45,37,0,1.71111
50,45,38,0,1.71111
50,45,39,0,1.71111
50,45,40,0,1.71111
50,45,41,0,1.71111
50,45,42,0,1.71111
50,45,43,0,1.71111
50,45,44,0,1.71111
50,45,45,0,1.71111
50,45,46,0,1.71111
50,45,47,0,1.71111
50,45,48,0,1.71111
50,45,49,0,1.71111
50,45,50,0,1.71111
50,45,51,0,1.71111
50,45,52,0,1.71111
50,45,53,0,1.71111
50,45,54,0,1.71111
50,45,55,0,1.71111
50,45,56,0,1.71111
50,45,57,0,1.71111
50,45,58,0,1.71111
50,45,59,0,1.71111
50,45,60,0,1.71111
50,45,61,0,1.71111
50,45,62,0,1.71111
50,45,63,0,1.71111
50,46,0,0,1.69565
50,46,1,0,1.69565
50,46,2,0,1.69565
50,46,3,0,1.69565
50,46,4,0,1.69565
50,46,5,0,1.69565
50,46,6,0,1.69565
50,46,7,0,1.69565
50,46,8,0,1.69565
50,46,9,0,1.69565
50,46,10,0,1.69565
50,46,11,0,1.69565
50,46,12,0,1.69565
50,46,13,0,1.69565
50,46,14,0,1.69565
50,46,15,0,1.69565
50,46,16,0,1.69565
50,46,17,0,1.69565
50,46,18,0,1.69565
50,46,19,0,1.69565
50,46,20,0,1.69565
50,46,21,0,1.69565
50,46,22,0,1.69565
50,46,23,0,1.69565
50,46,24,0,1.69565
50,46,25,0,1.69565
50,46,26,0,1.69565
50,46,27,0,1.69565
50,46,28,0,1.69565
50,46,29,0,1.69565
50,46,30,0,1.69565
50,46,31,0,1.69565
50,46,32,0,1.69565
50,46,33,0,1.69565
50,46,34,69,1.69565
50,46,35,9,1.69565
50,46,36,0,1.69565
50,46,37,0,1.69565
50,46,38,0,1.69565
50,46,39,0,1.69565
50,46,40,0,1.69565
50,46,41,0,1.69565
50,46,42,0,1.69565
50,46,43,0,1.69565
50,46,44,0,1.69565
50,46,45,0,1.69565
50,46,46,0,1.69565
50,46,47,0,1.69565
50,46,48,0,1.69565
50,46,49,0,1.69565
50,46,50,0,1.69565
50,46,51,0,1.69565
50,46,52,0,1.69565
50,46,53,0,1.69565
50,46,54,0,1.69565
50,46,55,0,1.69565
50,46,56,0,1.69565
50,46,57,0,1.69565
50,46,58,0,1.69565
50,46,59,0,1.69565
50,46,60,0,1.69565
50,46,61,0,1.69565
50,46,62,0,1.69565
50,46,63,0,1.69565
50,47,0,0,1.70213
50,47,1,0,1.70213
50,47,2,0,1.70213
50,47,3,0,1.70213
50,47,4,0,1.70213
50,47,5,0,1.70213
50,47,6,0,1.70213
50,47,7,0,1.70213
50,47,8,0,1.70213
50,47,9,0,1.70213
50,47,10,0,1.70213
50,47,11,0,1.70213
50,47,12,0,1.70213
50,47,13,0,1.70213
50,47,14,0,1.70213
50,47,15,0,1.70213
50,47,16,0,1.70213
50,47,17,0,1.70213
50,47,18,0,1.70213
50,47,19,0,1.70213
50,47,20,0,1.70213
50,47,21,0,1.70213
50,47,22,0,1.70213
50,47,23,0,1.70213
50,47,24,0,1.70213
50,47,25,0,1.70213
50,47,26,0,1.70213
50,47,27,0,1.70213
50,47,28,0,1.70213
50,47,29,0,1.70213
50,47,30,0,1.70213
50,47,31,0,1.70213
50,47,32,0,1.70213
50,47,33,0,1.70213
50,47,34,71,1.70213
50,47,35,9,1.70213
50,47,36,0,1.70213
50,47,37,0,1.70213
50,47,38,0,1.70213
50,47,39,0,1.70213
50,47,40,0,1.70213
50,47,41,0,1.70213
50,47,42,0,1.70213
50,47,43,0,1.70213
50,47,44,0,1.70213
50,47,45,0,1.70213
50,47,46,0,1.70213
50,47,47,0,1.70213
50,47,48,0,1.70213
50,47,49,0,1.70213
50,47,50,0,1.70213
50,47,51,0,1.70213
50,47,52,0,1.70213
50,47,53,0,1.70213
50,47,54,0,1.70213
50,47,55,0,1.70213
50,47,56,0,1.70213
50,47,57,0,1.70213
50,47,58,0,1.70213
50,47,59,0,1.70213
50,47,60,0,1.70213
50,47,61,0,1.70213
50,47,62,0,1.70213
50,47,63,0,1.70213
50,48,0,0,1.75
50,48,1,0,1.75
50,48,2,0,1.75
50,48,3,0,1.75
50,48,4,0,1.75
50,48,5,0,1.75
50,48,6,0,1.75
50,48,7,0,1.75
50,48,8,0,1.75
50,48,9,0,1.75
50,48,10,0,1.75
50,48,11,0,1.75
50,48,12,0,1.75
50,48,13,0,1.75
50,48,14,0,1.75
50,48,15,0,1.75
50,48,16,0,1.75
50,48,17,0,1.75
50,48,18,0,1.75
50,48,19,0,1.75
50,48,20,0,1.75
50,48,21,0,1.75
50,48,22,0,1.75
50,48,23,0,1.75
50,48,24,0,1.75
50,48,25,0,1.75
50,48,26,0,1.75
50,48,27,0,1.75
50,48,28,0,1.75
50,48,29,0,1.75
50,48,30,0,1.75
50,48,31,0,1.75
50,48,32,0,1.75
50,48,33,0,1.75
50,48,34,75,1.75
50,48,35,9,1.75
50,48,36,0,1.75
50,48,37,0,1.75
50,48,38,0,1.75
50,48,39,0,1.75
50,48,40,0,1.75
50,48,41,0,1.75
50,48,42,0,1.75
50,48,43,0,1.75
50,48,44,0,1.75
50,48,45,0,1.75
50,48,46,0,1.75
50,48,47,0,1.75
50,48,48,0,1.75
50,48,49,0,1.75
50,48,50,0,1.75
50,48,51,0,1.75
50,48,52,0,1.75
50,48,53,0,1.75
50,48,54,0,1.75
50,48,55,0,1.75
50,48,56,0,1.75
50,48,57,0,1.75
50,48,58,0,1.75
50,48,59,0,1.75
50,48,60,0,1.75
50,48,61,0,1.75
50,48,62,0,1.75
50,48,63,0,1.75
50,49,0,0,1.7551
50,49,1,0,1.7551
50,49,2,0,1.7551
50,49,3,0,1.7551
50,49,4,0,1.7551
50,49,5,0,1.7551
50,49,6,0,1.7551
50,49,7,0,1.7551
50,49,8,0,1.7551
50,49,9,0,1.7551
50,49,10,0,1.7551
50,49,11,0,1.7551
50,49,12,0,1.7551
50,49,13,0,1.7551
50,49,14,0,1.7551
50,49,15,0,1.7551
50,49,16,0,1.7551
50,49,17,0,1.7551
50,49,18,0,1.7551
50,49,19,0,1.7551
50,49,20,0,1.7551
50,49,21,0,1.7551
50,49,22,0,1.7551
50,49,23,0,1.7551
50,49,24,0,1.7551
50,49,25,0,1.7551
50,49,26,0,1.7551
50,49,27,0,1.7551
50,49,28,0,1.7551
50,49,29,0,1.7551
50,49,30,0,1.7551
50,49,31,0,1.7551
50,49,32,0,1.7551
50,49,33,0,1.7551
50,49,34,77,1.7551
50,49,35,9,1.7551
50,49,36,0,1.7551
50,49,37,0,1.7551
50,49,38,0,1.7551
50,49,39,0,1.7551
50,49,40,0,1.7551
50,49,41,0,1.7551
50,49,42,0,1.7551
50,49,43,0,1.7551
50,49,44,0,1.7551
50,49,45,0,1.7551
50,49,46,0,1.7551
50,49,47,0,1.7551
50,49,48,0,1.7551
50,49,49,0,1.7551
50,49,50,0,1.7551
50,49,51,0,1.7551
50,49,52,0,1.7551
50,49,53,0,1.7551
50,49,54,0,1.7551
50,49,55,0,1.7551
50,49,56,0,1.7551
50,49,57,0,1.7551
50,49,58,0,1.7551
50,49,59,0,1.7551
50,49,60,0,1.7551
50,49,61,0,1.7551
50,49,62,0,1.7551
50,49,63,0,1.7551
50,50,0,0,1.76
50,50,1,0,1.76
50,50,2,0,1.76
50,50,3,0,1.76
50,50,4,0,1.76
50,50,5,0,1.76
50,50,6,0,1.76
50,50,7,0,1.76
50,50,8,0,1.76
50,50,9,0,1.76
50,50,10,0,1.76
50,50,11,0,1.76
50,50,12,0,1.76
50,50,13,0,1.76
50,50,14,0,1.76
50,50,15,0,1.76
50,50,16,0,1.76
50,50,17,0,1.76
50,50,18,0,1.76
50,50,19,0,1.76
50,50,20,0,1.76
50,50,21,0,1.76
50,50,22,0,1.76
50,50,23,0,1.76
50,50,24,0,1.76
50,50,25,0,1.76
50,50,26,0,1.76
50,50,27,0,1.76
50,50,28,0,1.76
50,50,29,0,1.76
50,50,30,0,1.76
50,50,31,0,1.76
50,50,32,0,1.76
50,50,33,0,1.76
50,50,34,79,1.76
50,50,35,9,1.76
50,50,36,0,1.76
50,50,37,0,1.76
50,50,38,0,1.76
50,50,39,0,1.76
50,50,40,0,1.76
50,50,41,0,1.76
50,50,42,0,1.76
50,50,43,0,1.76
50,50,44,0,1.76
50,50,45,0,1.76
50,50,46,0,1.76
50,50,47,0,1.76
50,50,48,0,1.76
50,50,49,0,1.76
50,50,50,0,1.76
50,50,51,0,1.76
50,50,52,0,1.76
50,50,53,0,1.76
50,50,54,0,1.76
50,50,55,0,1.76
50,50,56,0,1.76
50,50,57,0,1.76
50,50,58,0,1.76
50,50,59,0,1.76
50,50,60,0,1.76
50,50,61,0,1.76
50,50,62,0,1.76
50,50,63,0,1.76
50,51,0,0,1.7451
50,51,1,0,1.7451
50,51,2,0,1.7451
50,51,3,0,1.7451
50,51,4,0,1.7451
50,51,5,0,1.7451
50,51,6,0,1.7451
50,51,7,0,1.7451
50,51,8,0,1.7451
50,51,9,0,1.7451
50,51,10,0,1.7451
50,51,11,0,1.7451
50,51,12,0,1.7451
50,51,13,0,1.7451
50,51,14,0,1.7451
50,51,15,0,1.7451
50,51,16,0,1.7451
50,51,17,0,1.7451
50,51,18,0,1.7451
50,51,19,0,1.7451
50,51,20,0,1.7451
50,51,21,0,1.7451
50,51,22,0,1.7451
50,51,23,0,1.7451
50,51,24,0,1.7451
50,51,25,0,1.7451
50,51,26,0,1.7451
50,51,27,0,1.7451
50,51,28,0,1.7451
50,51,29,0,1.7451
50,51,30,0,1.7451
50,51,31,0,1.7451
50,51,32,0,1.7451
50,51,33,0,1.7451
50,51,34,80,1.7451
50,51,35,9,1.7451
50,51,36,0,1.7451
50,51,37,0,1.7451
50,51,38,0,1.7451
50,51,39,0,1.7451
50,51,40,0,1.7451
50,51,41,0,1.7451
50,51,42,0,1.7451
50,51,43,0,1.7451
50,51,44,0,1.7451
50,51,45,0,1.7451
50,51,46,0,1.7451
50,51,47,0,1.7451
50,51,48,0,1.7451
50,51,49,0,1.7451
50,51,50,0,1.7451
50,51,51,0,1.7451
50,51,52,0,1.7451
50,51,53,0,1.7451
50,51,54,0,1.7451
50,51,55,0,1.7451
50,51,56,0,1.7451
50,51,57,0,1.7451
50,51,58,0,1.7451
50,51,59,0,1.7451
50,51,60,0,1.7451
50,51,61,0,1.7451
50,51,62,0,1.7451
50,51,63,0,1.7451
50,52,0,0,1.73077
50,52,1,0,1.73077
50,52,2,0,1.73077
50,52,3,0,1.73077
50,52,4,0,1.73077
50,52,5,0,1.73077
50,52,6,0,1.73077
50,52,7,0,1.73077
50,52,8,0,1.73077
50,52,9,0,1.73077
50,52,10,0,1.73077
50,52,11,0,1.73077
50,52,12,0,1.73077
50,52,13,0,1.73077
50,52,14,0,1.73077
50,52,15,0,1.73077
50,52,16,0,1.73077
50,52,17,0,1.73077
50,52,18,0,1.73077
50,52,19,0,1.73077
50,52,20,0,1.73077
50,52,21,0,1.73077
50,52,22,0,1.73077
50,52,23,0,1.73077
50,52,24,0,1.73077
50,52,25,0,1.73077
50,52,26,0,1.73077
50,52,27,0,1.73077
50,52,28,0,1.73077
50,52,29,0,1.73077
50,52,30,0,1.73077
50,52,31,0,1.73077
50,52,32,0,1.73077
50,52,33,0,1.73077
50,52,34,81,1.73077
50,52,35,9,1.73077
50,52,36,0,1.73077
50,52,37,0,1.73077
50,52,38,0,1.73077
50,52,39,0,1.73077
50,52,40,0,1.73077
50,52,41,0,1.73077
50,52,42,0,1.73077
50,52,43,0,1.73077
50,52,44,0,1.73077
50,52,45,0,1.73077
50,52,46,0,1.73077
50,52,47,0,1.73077
50,52,48,0,1.73077
50,52,49,0,1.73077
50,52,50,0,1.73077
50,52,51,0,1.73077
50,52,52,0,1.73077
50,52,53,0,1.73077
50,52,54,0,1.73077
50,52,55,0,1.73077
50,52,56,0,1.73077
50,52,57,0,1.73077
50,52,58,0,1.73077
50,52,59,0,1.73077
50,52,60,0,1.73077
50,52,61,0,1.73077
50,52,62,0,1.73077
50,52,63,0,1.73077
50,53,0,0,1.71698
50,53,1,0,1.71698
50,53,2,0,1.71698
50,53,3,0,1.71698
50,53,4,0,1.71698
50,53,5,0,1.71698
50,53,6,0,1.71698
50,53,7,0,1.71698
50,53,8,0,1.71698
50,53,9,0,1.71698
50,53,10,0,1.71698
50,53,11,0,1.71698
50,53,12,0,1.71698
50,53,13,0,1.71698
50,53,14,0,1.71698
50,53,15,0,1.71698
50,53,16,0,1.71698
50,53,17,0,1.71698
50,53,18,0,1.71698
50,53,19,0,1.71698
50,53,20,0,1.71698
50,53,21,0,1.71698
50,53,22,0,1.71698
50,53,23,0,1.71698
50,53,24,0,1.71698
50,53,25,0,1.71698
50,53,26,0,1.71698
50,53,27,0,1.71698
50,53,28,0,1.71698
50,53,29,0,1.71698
50,53,30,0,1.71698
50,53,31,0,1.71698
50,53,32,0,1.71698
50,53,33,0,1.71698
50,53,34,82,1.71698
50,53,35,9,1.71698
50,53,36,0,1.71698
50,53,37,0,1.71698
50,53,38,0,1.71698
50,53,39,0,1.71698
50,53,40,0,1.71698
50,53,41,0,1.71698
50,53,42,0,1.71698
50,53,43,0,1.71698
50,53,44,0,1.71698
50,53,45,0,1.71698
50,53,46,0,1.71698
50,53,47,0,1.71698
50,53,48,0,1.71698
50,53,49,0,1.71698
50,53,50,0,1.71698
50,53,51,0,1.71698
50,53,52,0,1.71698
50,53,53,0,1.71698
50,53,54,0,1.71698
50,53,55,0,1.71698
50,53,56,0,1.71698
50,53,57,0,1.71698
50,53,58,0,1.71698
50,53,59,0,1.71698
50,53,60,0,1.71698
50,53,61,0,1.71698
50,53,62,0,1.71698
50,53,63,0,1.71698
50,54,0,0,1.7037
50,54,1,0,1.7037
50,54,2,0,1.7037
50,54,3,0,1.7037
50,54,4,0,1.7037
50,54,5,0,1.7037
50,54,6,0,1.7037
50,54,7,0,1.7037
50,54,8,0,1.7037
50,54,9,0,1.7037
50,54,10,0,1.7037
50,54,11,0,1.7037
50,54,12,0,1.7037
50,54,13,0,1.7037
50,54,14,0,1.7037
50,54,15,0,1.7037
50,54,16,0,1.7037
50,54,17,0,1.7037
50,54,18,0,1.7037
50,54,19,0,1.7037
50,54,20,0,1.7037
50,54,21,0,1.7037
50,54,22,0,1.7037
50,54,23,0,1.7037
50,54,24,0,1.7037
50,54,25,0,1.7037
50,54,26,0,1.7037
50,54,27,0,1.7037
50,54,28,0,1.7037
50,54,29,0,1.7037
50,54,30,0,1.7037
50,54,31,0,1.7037
50,54,32,0,1.7037
50,54,33,0,1.7037
50,54,34,83,1.7037
50,54,35,9,1.7037
50,54,36,0,1.7037
50,54,37,0,1.7037
50,54,38,0,1.7037
50,54,39,0,1.7037
50,54,40,0,1.7037
50,54,41,0,1.7037
50,54,42,0,1.7037
50,54,43,0,1.7037
50,54,44,0,1.7037
50,54,45,0,1.7037
50,54,46,0,1.7037
50,54,47,0,1.7037
50,54,48,0,1.7037
50,54,49,0,1.7037
50,54,50,0,1.7037
50,54,51,0,1.7037
50,54,52,0,1.7037
50,54,53,0,1.7037
50,54,54,0,1.7037
50,54,55,0,1.7037
50,54,56,0,1.7037
50,54,57,0,1.7037
50,54,58,0,1.7037
50,54,59,0,1.7037
50,54,60,0,1.7037
50,54,61,0,1.7037
50,54,62,0,1.7037
50,54,63,0,1.7037
50,55,0,0,1.70909
50,55,1,0,1.70909
50,55,2,0,1.70909
50,55,3,0,1.70909
50,55,4,0,1.70909
50,55,5,0,1.70909
50,55,6,0,1.70909
50,55,7,0,1.70909
50,55,8,0,1.70909
50,55,9,0,1.70909
50,55,10,0,1.70909
50,55,11,0,1.70909
50,55,12,0,1.70909
50,55,13,0,1.70909
50,55,14,0,1.70909
50,55,15,0,1.70909
50,55,16,0,1.70909
50,55,17,0,1.70909
50,55,18,0,1.70909
50,55,19,0,1.70909
50,55,20,0,1.70909
50,55,21,0,1.70909
50,55,22,0,1.70909
50,55,23,0,1.70909
50,55,24,0,1.70909
50,55,25,0,1.70909
50,55,26,0,1.70909
50,55,27,0,1.70909
50,55,28,0,1.70909
50,55,29,0,1.70909
50,55,30,0,1.70909
50,55,31,0,1.70909
50,55,32,0,1.70909
50,55,33,0,1.70909
50,55,34,85,1.70909
50,55,35,9,1.70909
50,55,36,0,1.70909
50,55,37,0,1.70909
50,55,38,0,1.70909
50,55,39,0,1.70909
50,55,40,0,1.70909
50,55,41,0,1.70909
50,55,42,0,1.70909
50,55,43,0,1.70909
50,55,44,0,1.70909
50,55,45,0,1.70909
50,55,46,0,1.70909
50,55,47,0,1.70909
50,55,48,0,1.70909
50,55,49,0,1.70909
50,55,50,0,1.70909
50,55,51,0,1.70909
50,55,52,0,1.70909
50,55,53,0,1.70909
50,55,54,0,1.70909
50,55,55,0,1.70909
50,55,56,0,1.70909
50,55,57,0,1.70909
50,55,58,0,1.70909
50,55,59,0,1.70909
50,55,60,0,1.70909
50,55,61,0,1.70909
50,55,62,0,1.70909
50,55,63,0,1.70909
50,56,0,0,1.71429
50,56,1,0,1.71429
50,56,2,0,1.71429
50,56,3,0,1.71429
50,56,4,0,1.71429
50,56,5,0,1.71429
50,56,6,0,1.71429
50,56,7,0,1.71429
50,56,8,0,1.71429
50,56,9,0,1.71429
50,56,10,0,1.71429
50,56,11,0,1.71429
50,56,12,0,1.71429
50,56,13,0,1.71429
50,56,14,0,1.71429
50,56,15,0,1.71429
50,56,16,0,1.71429
50,56,17,0,1.71429
50,56,18,0,1.71429
50,56,19,0,1.71429
50,56,20,0,1.71429
50,56,21,0,1.71429
50,56,22,0,1.71429
50,56,23,0,1.71429
50,56,24,0,1.71429
50,56,25,0,1.71429
50,56,26,0,1.71429
50,56,27,0,1.71429
50,56,28,0,1.71429
50,56,29,0,1.71429
50,56,30,0,1.71429
50,56,31,0,1.71429
50,56,32,0,1.71429
50,56,33,0,1.71429
50,56,34,87,1.71429
50,56,35,9,1.71429
50,56,36,0,1.71429
50,56,37,0,1.71429
50,56,38,0,1.71429
50,56,39,0,1.71429
50,56,40,0,1.71429
50,56,41,0,1.71429
50,56,42,0,1.71429
50,56,43,0,1.71429
50,56,44,0,1.71429
50,56,45,0,1.71429
50,56,46,0,1.71429
50,56,47,0,1.71429
50,56,48,0,1.71429
50,56,49,0,1.71429
50,56,50,0,1.71429
50,56,51,0,1.71429
50,56,52,0,1.71429
50,56,53,0,1.71429
50,56,54,0,1.71429
50,56,55,0,1.71429
50,56,56,0,1.71429
50,56,57,0,1.71429
50,56,58,0,1.71429
50,56,59,0,1.71429
50,56,60,0,1.71429
50,56,61,0,1.71429
50,56,62,0,1.71429
50,56,63,0,1.71429
50,57,0,0,1.70175
50,57,1,0,1.70175
50,57,2,0,1.70175
50,57,3,0,1.70175
50,57,4,0,1.70175
50,57,5,0,1.70175
50,57,6,0,1.70175
50,57,7,0,1.70175
50,57,8,0,1.70175
50,57,9,0,1.70175
50,57,10,0,1.70175
50,57,11,0,1.70175
50,57,12,0,1.70175
50,57,13,0,1.70175
50,57,14,0,1.70175
50,57,15,0,1.70175
50,57,16,0,1.70175
50,57,17,0,1.70175
50,57,18,0,1.70175
50,57,19,0,1.70175
50,57,20,0,1.70175
50,57,21,0,1.70175
50,57,22,0,1.70175
50,57,23,0,1.70175
50,57,24,0,1.70175
50,57,25,0,1.70175
50,57,26,0,1.70175
50,57,27,0,1.70175
50,57,28,0,1.70175
50,57,29,0,1.70175
50,57,30,0,1.70175
50,57,31,0,1.70175
50,57,32,0,1.70175
50,57,33,0,1.70175
50,57,34,88,1.70175
50,57,35,9,1.70175
50,57,36,0,1.70175
50,57,37,0,1.70175
50,57,38,0,1.70175
50,57,39,0,1.70175
50,57,40,0,1.70175
50,57,41,0,1.70175
50,57,42,0,1.70175
50,57,43,0,1.70175
50,57,44,0,1.70175
50,57,45,0,1.70175
50,57,46,0,1.70175
50,57,47,0,1.70175
50,57,48,0,1.70175
50,57,49,0,1.70175
50,57,50,0,1.70175
50,57,51,0,1.70175
50,57,52,0,1.70175
50,57,53,0,1.70175
50,57,54,0,1.70175
50,57,55,0,1.70175
50,57,56,0,1.70175
50,57,57,0,1.70175
50,57,58,0,1.70175
50,57,59,0,1.70175
50,57,60,0,1.70175
50,57,61,0,1.70175
50,57,62,0,1.70175
50,57,63,0,1.70175
50,58,0,0,1.7069
50,58,1,0,1.7069
50,58,2,0,1.7069
50,58,3,0,1.7069
50,58,4,0,1.7069
50,58,5,0,1.7069
50,58,6,0,1.7069
50,58,7,0,1.7069
50,58,8,0,1.7069
50,58,9,0,1.7069
50,58,10,0,1.7069
50,58,11,0,1.7069
50,58,12,0,1.7069
50,58,13,0,1.7069
50,58,14,0,1.7069
50,58,15,0,1.7069
50,58,16,0,1.7069
50,58,17,0,1.7069
50,58,18,0,1.7069
50,58,19,0,1.7069
50,58,20,0,1.7069
50,58,21,0,1.7069
50,58,22,0,1.7069
50,58,23,0,1.7069
50,58,24,0,1.7069
50,58,25,0,1.7069
50,58,26,0,1.7069
50,58,27,0,1.7069
50,58,28,0,1.7069
50,58,29,0,1.7069
50,58,30,0,1.7069
50,58,31,0,1.7069
50,58,32,0,1.7069
50,58,33,0,1.7069
50,58,34,90,1.7069
50,58,35,9,1.7069
50,58,36,0,1.7069
50,58,37,0,1.7069
50,58,38,0,1.7069
50,58,39,0,1.7069
50,58,40,0,1.7069
50,58,41,0,1.7069
50,58,42,0,1.7069
50,58,43,0,1.7069
50,58,44,0,1.7069
50,58,45,0,1.7069
50,58,46,0,1.7069
50,58,47,0,1.7069
50,58,48,0,1.7069
50,58,49,0,1.7069
50,58,50,0,1.7069
50,58,51,0,1.7069
50,58,52,0,1.7069
50,58,53,0,1.7069
50,58,54,0,1.7069
50,58,55,0,1.7069
50,58,56,0,1.7069
50,58,57,0,1.7069
50,58,58,0,1.7069
50,58,59,0,1.7069
50,58,60,0,1.7069
50,58,61,0,1.7069
50,58,62,0,1.7069
50,58,63,0,1.7069
50,59,0,0,1.71186
50,59,1,0,1.71186
50,59,2,0,1.71186
50,59,3,0,1.71186
50,59,4,0,1.71186
50,59,5,0,1.71186
50,59,6,0,1.71186
50,59,7,0,1.71186
50,59,8,0,1.71186
50,59,9,0,1.71186
50,59,10,0,1.71186
50,59,11,0,1.71186
50,59,12,0,1.71186
50,59,13,0,1.71186
50,59,14,0,1.71186
50,59,15,0,1.71186
50,59,16,0,1.71186
50,59,17,0,1.71186
50,59,18,0,1.71186
50,59,19,0,1.71186
50,59,20,0,1.71186
50,59,21,0,1.71186
50,59,22,0,1.71186
50,59,23,0,1.71186
50,59,24,0,1.71186
50,59,25,0,1.71186
50,59,26,0,1.71186
50,59,27,0,1.71186
50,59,28,0,1.71186
50,59,29,0,1.71186
50,59,30,0,1.71186
50,59,31,0,1.71186
50,59,32,0,1.71186
50,59,33,0,1.71186
50,59,34,92,1.71186
50,59,35,9,1.71186
50,59,36,0,1.71186
50,59,37,0,1.71186
50,59,38,0,1.71186
50,59,39,0,1.71186
50,59,40,0,1.71186
50,59,41,0,1.71186
50,59,42,0,1.71186
50,59,43,0,1.71186
50,59,44,0,1.71186
50,59,45,0,1.71186
50,59,46,0,1.71186
50,59,47,0,1.71186
50,59,48,0,1.71186
50,59,49,0,1.71186
50,59,50,0,1.71186
50,59,51,0,1.71186
50,59,52,0,1.71186
50,59,53,0,1.71186
50,59,54,0,1.71186
50,59,55,0,1.71186
50,59,56,0,1.71186
50,59,57,0,1.71186
50,59,58,0,1.71186
50,59,59,0,1.71186
50,59,60,0,1.71186
50,59,61,0,1.71186
50,59,62,0,1.71186
50,59,63,0,1.71186
50,60,0,0,1.71667
50,60,1,0,1.71667
50,60,2,0,1.71667
50,60,3,0,1.71667
50,60,4,0,1.71667
50,60,5,0,1.71667
50,60,6,0,1.71667
50,60,7,0,1.71667
50,60,8,0,1.71667
50,60,9,0,1.71667
50,60,10,0,1.71667
50,60,11,0,1.71667
50,60,12,0,1.71667
50,60,13,0,1.71667
50,60,14,0,1.71667
50,60,15,0,1.71667
50,60,16,0,1.71667
50,60,17,0,1.71667
50,60,18,0,1.71667
50,60,19,0,1.71667
50,60,20,0,1.71667
50,60,21,0,1.71667
50,60,22,0,1.71667
50,60,23,0,1.71667
50,60,24,0,1.71667
50,60,25,0,1.71667
50,60,26,0,1.71667
50,60,27,0,1.71667
50,60,28,0,1.71667
50,60,29,0,1.71667
50,60,30,0,1.71667
50,60,31,0,1.71667
50,60,32,0,1.71667
50,60,33,0,1.71667
50,60,34,94,1.71667
50,60,35,9,1.71667
50,60,36,0,1.71667
50,60,37,0,1.71667
50,60,38,0,1.71667
50,60,39,0,1.71667
50,60,40,0,1.71667
50,60,41,0,1.71667
50,60,42,0,1.71667
50,60,43,0,1.71667
50,60,44,0,1.71667
50,60,45,0,1.71667
50,60,46,0,1.71667
50,60,47,0,1.71667
50,60,48,0,1.71667
50,60,49,0,1.71667
50,60,50,0,1.71667
50,60,51,0,1.71667
50,60,52,0,1.71667
50,60,53,0,1.71667
50,60,54,0,1.71667
50,60,55,0,1.71667
50,60,56,0,1.71667
50,60,57,0,1.71667
50,60,58,0,1.71667
50,60,59,0,1.71667
50,60,60,0,1.71667
50,60,61,0,1.71667
50,60,62,0,1.71667
50,60,63,0,1.71667
50,61,0,0,1.70492
50,61,1,0,1.70492
50,61,2,0,1.70492
50,61,3,0,1.70492
50,61,4,0,1.70492
50,61,5,0,1.70492
50,61,6,0,1.70492
50,61,7,0,1.70492
50,61,8,0,1.70492
50,61,9,0,1.70492
50,61,10,0,1.70492
50,61,11,0,1.70492
50,61,12,0,1.70492
50,61,13,0,1.70492
50,61,14,0,1.70492
50,61,15,0,1.70492
50,61,16,0,1.70492
50,61,17,0,1.70492
50,61,18,0,1.70492
50,61,19,0,1.70492
50,61,20,0,1.70492
50,61,21,0,1.70492
50,61,22,0,1.70492
50,61,23,0,1.70492
50,61,24,0,1.70492
50,61,25,0,1.70492
50,61,26,0,1.70492
50,61,27,0,1.70492
50,61,28,0,1.70492
50,61,29,0,1.70492
50,61,30,0,1.70492
50,61,31,0,1.70492
50,61,32,0,1.70492
50,61,33,0,1.70492
50,61,34,95,1.70492
50,61,35,9,1.70492
50,61,36,0,1.70492
50,61,37,0,1.70492
50,61,38,0,1.70492
50,61,39,0,1.70492
50,61,40,0,1.70492
50,61,41,0,1.70492
50,61,42,0,1.70492
50,61,43,0,1.70492
50,61,44,0,1.70492
50,61,45,0,1.70492
50,61,46,0,1.70492
50,61,47,0,1.70492
50,61,48,0,1.70492
50,61,49,0,1.70492
50,61,50,0,1.70492
50,61,51,0,1.70492
50,61,52,0,1.70492
50,61,53,0,1.70492
50,61,54,0,1.70492
50,61,55,0,1.70492
50,61,56,0,1.70492
50,61,57,0,1.70492
50,61,58,0,1.70492
50,61,59,0,1.70492
50,61,60,0,1.70492
50,61,61,0,1.70492
50,61,62,0,1.70492
50,61,63,0,1.70492
50,62,0,0,1.70968
50,62,1,0,1.70968
50,62,2,0,1.70968
50,62,3,0,1.70968
50,62,4,0,1.70968
50,62,5,0,1.70968
50,62,6,0,1.70968
50,62,7,0,1.70968
50,62,8,0,1.70968
50,62,9,0,1.70968
50,62,10,0,1.70968
50,62,11,0,1.70968
50,62,12,0,1.70968
50,62,13,0,1.70968
50,62,14,0,1.70968
50,62,15,0,1.70968
50,62,16,0,1.70968
50,62,17,0,1.70968
50,62,18,0,1.70968
50,62,19,0,1.70968
50,62,20,0,1.70968
50,62,21,0,1.70968
50,62,22,0,1.70968
50,62,23,0,1.70968
50,62,24,0,1.70968
50,62,25,0,1.70968
50,62,26,0,1.70968
50,62,27,0,1.70968
50,62,28,0,1.70968
50,62,29,0,1.70968
50,62,30,0,1.70968
50,62,31,0,1.70968
50,62,32,0,1.70968
50,62,33,0,1.70968
50,62,34,97,1.70968
50,62,35,9,1.70968
50,62,36,0,1.70968
50,62,37,0,1.70968
50,62,38,0,1.70968
50,62,39,0,1.70968
50,62,40,0,1.70968
50,62,41,0,1.70968
50,62,42,0,1.70968
50,62,43,0,1.70968
50,62,44,0,1.70968
50,62,45,0,1.70968
50,62,46,0,1.70968
50,62,47,0,1.70968
50,62,48,0,1.70968
50,62,49,0,1.70968
50,62,50,0,1.70968
50,62,51,0,1.70968
50,62,52,0,1.70968
50,62,53,0,1.70968
50,62,54,0,1.70968
50,62,55,0,1.70968
50,62,56,0,1.70968
50,62,57,0,1.70968
50,62,58,0,1.70968
50,62,59,0,1.70968
50,62,60,0,1.70968
50,62,61,0,1.70968
50,62,62,0,1.70968
50,62,63,0,1.70968
50,63,0,0,1.71429
50,63,1,0,1.71429
50,63,2,0,1.71429
50,63,3,0,1.71429
50,63,4,0,1.71429
50,63,5,0,1.71429
50,63,6,0,1.71429
50,63,7,0,1.71429
50,63,8,0,1.71429
50,63,9,0,1.71429
50,63,10,0,1.71429
50,63,11,0,1.71429
50,63,12,0,1.71429
50,63,13,0,1.71429
50,63,14,0,1.71429
50,63,15,0,1.71429
50,63,16,0,1.71429
50,63,17,0,1.71429
50,63,18,0,1.71429
50,63,19,0,1.71429
50,63,20,0,1.71429
50,63,21,0,1.71429
50,63,22,0,1.71429
50,63,23,0,1.71429
50,63,24,0,1.71429
50,63,25,0,1.71429
50,63,26,0,1.71429
50,63,27,0,1.71429
50,63,28,0,1.71429
50,63,29,0,1.71429
50,63,30,0,1.71429
50,63,31,0,1.71429
50,63,32,0,1.71429
50,63,33,0,1.71429
50,63,34,99,1.71429
50,63,35,9,1.71429
50,63,36,0,1.71429
50,63,37,0,1.71429
50,63,38,0,1.71429
50,63,39,0,1.71429
50,63,40,0,1.71429
50,63,41,0,1.71429
50,63,42,0,1.71429
50,63,43,0,1.71429
50,63,44,0,1.71429
50,63,45,0,1.71429
50,63,46,0,1.71429
50,63,47,0,1.71429
50,63,48,0,1.71429
50,63,49,0,1.71429
50,63,50,0,1.71429
50,63,51,0,1.71429
50,63,52,0,1.71429
50,63,53,0,1.71429
50,63,54,0,1.71429
50,63,55,0,1.71429
50,63,56,0,1.71429
50,63,57,0,1.71429
50,63,58,0,1.71429
50,63,59,0,1.71429
50,63,60,0,1.71429
50,63,61,0,1.71429
50,63,62,0,1.71429
50,63,63,0,1.71429
50,64,0,0,1.71875
50,64,1,0,1.71875
50,64,2,0,1.71875
50,64,3,0,1.71875
50,64,4,0,1.71875
50,64,5,0,1.71875
50,64,6,0,1.71875
50,64,7,0,1.71875
50,64,8,0,1.71875
50,64,9,0,1.71875
50,64,10,0,1.71875
50,64,11,0,1.71875
50,64,12,0,1.71875
50,64,13,0,1.71875
50,64,14,0,1.71875
50,64,15,0,1.71875
50,64,16,0,1.71875
50,64,17,0,1.71875
50,64,18,0,1.71875
50,64,19,0,1.71875
50,64,20,0,1.71875
50,64,21,0,1.71875
50,64,22,0,1.71875
50,64,23,0,1.71875
50,64,24,0,1.71875
50,64,25,0,1.71875
50,64,26,0,1.71875
50,64,27,0,1.71875
50,64,28,0,1.71875
50,64,29,0,1.71875
50,64,30,0,1.71875
50,64,31,0,1.71875
50,64,32,0,1.71875
50,64,33,0,1.71875
50,64,34,101,1.71875
50,64,35,9,1.71875
50,64,36,0,1.71875
50,64,37,0,1.71875
50,64,38,0,1.71875
50,64,39,0,1.71875
50,64,40,0,1.71875
50,64,41,0,1.71875
50,64,42,0,1.71875
50,64,43,0,1.71875
50,64,44,0,1.71875
50,64,45,0,1.71875
50,64,46,0,1.71875
50,64,47,0,1.71875
50,64,48,0,1.71875
50,64,49,0,1.71875
50,64,50,0,1.71875
50,64,51,0,1.71875
50,64,52,0,1.71875
50,64,53,0,1.71875
50,64,54,0,1.71875
50,64,55,0,1.71875
50,64,56,0,1.71875
50,64,57,0,1.71875
50,64,58,0,1.71875
50,64,59,0,1.71875
50,64,60,0,1.71875
50,64,61,0,1.71875
50,64,62,0,1.71875
50,64,63,0,1.71875
50,65,0,0,1.70769
50,65,1,0,1.70769
50,65,2,0,1.70769
50,65,3,0,1.70769
50,65,4,0,1.70769
50,65,5,0,1.70769
50,65,6,0,1.70769
50,65,7,0,1.70769
50,65,8,0,1.70769
50,65,9,0,1.70769
50,65,10,0,1.70769
50,65,11,0,1.70769
50,65,12,0,1.70769
50,65,13,0,1.70769
50,65,14,0,1.70769
50,65,15,0,1.70769
50,65,16,0,1.70769
50,65,17,0,1.70769
50,65,18,0,1.70769
50,65,19,0,1.70769
50,65,20,0,1.70769
50,65,21,0,1.70769
50,65,22,0,1.70769
50,65,23,0,1.70769
50,65,24,0,1.70769
50,65,25,0,1.70769
50,65,26,0,1.70769
50,65,27,0,1.70769
50,65,28,0,1.70769
50,65,29,0,1.70769
50,65,30,0,1.70769
50,65,31,0,1.70769
50,65,32,0,1.70769
50,65,33,0,1.70769
50,65,34,102,1.70769
50,65,35,9,1.70769
50,65,36,0,1.70769
50,65,37,0,1.70769
50,65,38,0,1.70769
50,65,39,0,1.70769
50,65,40,0,1.70769
50,65,41,0,1.70769
50,65,42,0,1.70769
50,65,43,0,1.70769
50,65,44,0,1.70769
50,65,45,0,1.70769
50,65,46,0,1.70769
50,65,47,0,1.70769
50,65,48,0,1.70769
50,65,49,0,1.70769
50,65,50,0,1.70769
50,65,51,0,1.70769
50,65,52,0,1.70769
50,65,53,0,1.70769
50,65,54,0,1.70769
50,65,55,0,1.70769
50,65,56,0,1.70769
50,65,57,0,1.70769
50,65,58,0,1.70769
50,65,59,0,1.70769
50,65,60,0,1.70769
50,65,61,0,1.70769
50,65,62,0,1.70769
50,65,63,0,1.70769
50,66,0,0,1.69697
50,66,1,0,1.69697
50,66,2,0,1.69697
50,66,3,0,1.69697
50,66,4,0,1.69697
50,66,5,0,1.69697
50,66,6,0,1.69697
50,66,7,0,1.69697
50,66,8,0,1.69697
50,66,9,0,1.69697
50,66,10,0,1.69697
50,66,11,0,1.69697
50,66,12,0,1.69697
50,66,13,0,1.69697
50,66,14,0,1.69697
50,66,15,0,1.69697
50,66,16,0,1.69697
50,66,17,0,1.69697
50,66,18,0,1.69697
50,66,19,0,1.69697
50,66,20,0,1.69697
50,66,21,0,1.69697
50,66,22,0,1.69697
50,66,23,0,1.69697
50,66,24,0,1.69697
50,66,25,0,1.69697
50,66,26,0,1.69697
50,66,27,0,1.69697
50,66,28,0,1.69697
50,66,29,0,1.69697
50,66,30,0,1.69697
50,66,31,0,1.69697
50,66,32,0,1.69697
50,66,33,0,1.69697
50,66,34,103,1.69697
50,66,35,9,1.69697
50,66,36,0,1.69697
50,66,37,0,1.69697
50,66,38,0,1.69697
50,66,39,0,1.69697
50,66,40,0,1.69697
50,66,41,0,1.69697
50,66,42,0,1.69697
50,66,43,0,1.69697
50,66,44,0,1.69697
50,66,45,0,1.69697
50,66,46,0,1.69697
50,66,47,0,1.69697
50,66,48,0,1.69697
50,66,49,0,1.69697
50,66,50,0,1.69697
50,66,51,0,1.69697
50,66,52,0,1.69697
50,66,53,0,1.69697
50,66,54,0,1.69697
50,66,55,0,1.69697
50,66,56,0,1.69697
50,66,57,0,1.69697
50,66,58,0,1.69697
50,66,59,0,1.69697
50,66,60,0,1.69697
50,66,61,0,1.69697
50,66,62,0,1.69697
50,66,63,0,1.69697
50,67,0,0,1.70149
50,67,1,0,1.70149
50,67,2,0,1.70149
50,67,3,0,1.70149
50,67,4,0,1.70149
50,67,5,0,1.70149
50,67,6,0,1.70149
50,67,7,0,1.70149
50,67,8,0,1.70149
50,67,9,0,1.70149
50,67,10,0,1.70149
50,67,11,0,1.70149
50,67,12,0,1.70149
50,67,13,0,1.70149
50,67,14,0,1.70149
50,67,15,0,1.70149
50,67,16,0,1.70149
50,67,17,0,1.70149
50,67,18,0,1.70149
50,67,19,0,1.70149
50,67,20,0,1.70149
50,67,21,0,1.70149
50,67,22,0,1.70149
50,67,23,0,1.70149
50,67,24,0,1.70149
50,67,25,0,1.70149
50,67,26,0,1.70149
50,67,27,0,1.70149
50,67,28,0,1.70149
50,67,29,0,1.70149
50,67,30,0,1.70149
50,67,31,0,1.70149
50,67,32,0,1.70149
50,67,33,0,1.70149
50,67,34,105,1.70149
50,67,35,9,1.70149
50,67,36,0,1.70149
50,67,37,0,1.70149
50,67,38,0,1.70149
50,67,39,0,1.70149
50,67,40,0,1.70149
50,67,41,0,1.70149
50,67,42,0,1.70149
50,67,43,0,1.70149
50,67,44,0,1.70149
50,67,45,0,1.70149
50,67,46,0,1.70149
50,67,47,0,1.70149
50,67,48,0,1.70149
50,67,49,0,1.70149
50,67,50,0,1.70149
50,67,51,0,1.70149
50,67,52,0,1.70149
50,67,53,0,1.70149
50,67,54,0,1.70149
50,67,55,0,1.70149
50,67,56,0,1.70149
50,67,57,0,1.70149
50,67,58,0,1.70149
50,67,59,0,1.70149
50,67,60,0,1.70149
50,67,61,0,1.70149
50,67,62,0,1.70149
50,67,63,0,1.70149
50,68,0,0,1.69118
50,68,1,0,1.69118
50,68,2,0,1.69118
50,68,3,0,1.69118
50,68,4,0,1.69118
50,68,5,0,1.69118
50,68,6,0,1.69118
50,68,7,0,1.69118
50,68,8,0,1.69118
50,68,9,0,1.69118
50,68,10,0,1.69118
50,68,11,0,1.69118
50,68,12,0,1.69118
50,68,13,0,1.69118
50,68,14,0,1.69118
50,68,15,0,1.69118
50,68,16,0,1.69118
50,68,17,0,1.69118
50,68,18,0,1.69118
50,68,19,0,1.69118
50,68,20,0,1.69118
50,68,21,0,1.69118
50,68,22,0,1.69118
50,68,23,0,1.69118
50,68,24,0,1.69118
50,68,25,0,1.69118
50,68,26,0,1.69118
50,68,27,0,1.69118
50,68,28,0,1.69118
50,68,29,0,1.69118
50,68,30,0,1.69118
50,68,31,0,1.69118
50,68,32,0,1.69118
50,68,33,0,1.69118
50,68,34,106,1.69118
50,68,35,9,1.69118
50,68,36,0,1.69118
50,68,37,0,1.69118
50,68,38,0,1.69118
50,68,39,0,1.69118
50,68,40,0,1.69118
50,68,41,0,1.69118
50,68,42,0,1.69118
50,68,43,0,1.69118
50,68,44,0,1.69118
50,68,45,0,1.69118
50,68,46,0,1.69118
50,68,47,0,1.69118
50,68,48,0,1.69118
50,68,49,0,1.69118
50,68,50,0,1.69118
50,68,51,0,1.69118
50,68,52,0,1.69118
50,68,53,0,1.69118
50,68,54,0,1.69118
50,68,55,0,1.69118
50,68,56,0,1.69118
50,68,57,0,1.69118
50,68,58,0,1.69118
50,68,59,0,1.69118
50,68,60,0,1.69118
50,68,61,0,1.69118
50,68,62,0,1.69118
50,68,63,0,1.69118
50,69,0,0,1.68116
50,69,1,0,1.68116
50,69,2,0,1.68116
50,69,3,0,1.68116
50,69,4,0,1.68116
50,69,5,0,1.68116
50,69,6,0,1.68116
50,69,7,0,1.68116
50,69,8,0,1.68116
50,69,9,0,1.68116
50,69,10,0,1.68116
50,69,11,0,1.68116
50,69,12,0,1.68116
50,69,13,0,1.68116
50,69,14,0,1.68116
50,69,15,0,1.68116
50,69,16,0,1.68116
50,69,17,0,1.68116
50,69,18,0,1.68116
50,69,19,0,1.68116
50,69,20,0,1.68116
50,69,21,0,1.68116
50,69,22,0,1.68116
50,69,23,0,1.68116
50,69,24,0,1.68116
50,69,25,0,1.68116
50,69,26,0,1.68116
50,69,27,0,1.68116
50,69,28,0,1.68116
50,69,29,0,1.68116
50,69,30,0,1.68116
50,69,31,0,1.68116
50,69,32,0,1.68116
50,69,33,0,1.68116
50,69,34,107,1.68116
50,69,35,9,1.68116
50,69,36,0,1.68116
50,69,37,0,1.68116
50,69,38,0,1.68116
50,69,39,0,1.68116
50,69,40,0,1.68116
50,69,41,0,1.68116
50,69,42,0,1.68116
50,69,43,0,1.68116
50,69,44,0,1.68116
50,69,45,0,1.68116
50,69,46,0,1.68116
50,69,47,0,1.68116
50,69,48,0,1.68116
50,69,49,0,1.68116
50,69,50,0,1.68116
50,69,51,0,1.68116
50,69,52,0,1.68116
50,69,53,0,1.68116
50,69,54,0,1.68116
50,69,55,0,1.68116
50,69,56,0,1.68116
50,69,57,0,1.68116
50,69,58,0,1.68116
50,69,59,0,1.68116
50,69,60,0,1.68116
50,69,61,0,1.68116
50,69,62,0,1.68116
50,69,63,0,1.68116
50,70,0,0,1.7
50,70,1,0,1.7
50,70,2,0,1.7
50,70,3,0,1.7
50,70,4,0,1.7
50,70,5,0,1.7
50,70,6,0,1.7
50,70,7,0,1.7
50,70,8,0,1.7
50,70,9,0,1.7
50,70,10,0,1.7
50,70,11,0,1.7
50,70,12,0,1.7
50,70,13,0,1.7
50,70,14,0,1.7
50,70,15,0,1.7
50,70,16,0,1.7
50,70,17,0,1.7
50,70,18,0,1.7
50,70,19,0,1.7
50,70,20,0,1.7
50,70,21,0,1.7
50,70,22,0,1.7
50,70,23,0,1.7
50,70,24,0,1.7
50,70,25,0,1.7
50,70,26,0,1.7
50,70,27,0,1.7
50,70,28,0,1.7
50,70,29,0,1.7
50,70,30,0,1.7
50,70,31,0,1.7
50,70,32,0,1.7
50,70,33,0,1.7
50,70,34,110,1.7
50,70,35,9,1.7
50,70,36,0,1.7
50,70,37,0,1.7
50,70,38,0,1.7
50,70,39,0,1.7
50,70,40,0,1.7
50,70,41,0,1.7
50,70,42,0,1.7
50,70,43,0,1.7
50,70,44,0,1.7
50,70,45,0,1.7
50,70,46,0,1.7
50,70,47,0,1.7
50,70,48,0,1.7
50,70,49,0,1.7
50,70,50,0,1.7
50,70,51,0,1.7
50,70,52,0,1.7
50,70,53,0,1.7
50,70,54,0,1.7
50,70,55,0,1.7
50,70,56,0,1.7
50,70,57,0,1.7
50,70,58,0,1.7
50,70,59,0,1.7
50,70,60,0,1.7
50,70,61,0,1.7
50,70,62,0,1.7
50,70,63,0,1.7
50,71,0,0,1.69014
50,71,1,0,1.69014
50,71,2,0,1.69014
50,71,3,0,1.69014
50,71,4,0,1.69014
50,71,5,0,1.69014
50,71,6,0,1.69014
50,71,7,0,1.69014
50,71,8,0,1.69014
50,71,9,0,1.69014
50,71,10,0,1.69014
50,71,11,0,1.69014
50,71,12,0,1.69014
50,71,13,0,1.69014
50,71,14,0,1.69014
50,71,15,0,1.69014
50,71,16,0,1.69014
50,71,17,0,1.69014
50,71,18,0,1.69014
50,71,19,0,1.69014
50,71,20,0,1.69014
50,71,21,0,1.69014
50,71,22,0,1.69014
50,71,23,0,1.69014
50,71,24,0,1.69014
50,71,25,0,1.69014
50,71,26,0,1.69014
50,71,27,0,1.69014
50,71,28,0,1.69014
50,71,29,0,1.69014
50,71,30,0,1.69014
50,71,31,0,1.69014
50,71,32,0,1.69014
50,71,33,0,1.69014
50,71,34,111,1.69014
50,71,35,9,1.69014
50,71,36,0,1.69014
50,71,37,0,1.69014
50,71,38,0,1.69014
50,71,39,0,1.69014
50,71,40,0,1.69014
50,71,41,0,1.69014
50,71,42,0,1.69014
50,71,43,0,1.69014
50,71,44,0,1.69014
50,71,45,0,1.69014
50,71,46,0,1.69014
50,71,47,0,1.69014
50,71,48,0,1.69014
50,71,49,0,1.69014
50,71,50,0,1.69014
50,71,51,0,1.69014
50,71,52,0,1.69014
50,71,53,0,1.69014
50,71,54,0,1.69014
50,71,55,0,1.69014
50,71,56,0,1.69014
50,71,57,0,1.69014
50,71,58,0,1.69014
50,71,59,0,1.69014
50,71,60,0,1.69014
50,71,61,0,1.69014
50,71,62,0,1.69014
50,71,63,0,1.69014
50,72,0,0,1.70833
50,72,1,0,1.70833
50,72,2,0,1.70833
50,72,3,0,1.70833
50,72,4,0,1.70833
50,72,5,0,1.70833
50,72,6,0,1.70833
50,72,7,0,1.70833
50,72,8,0,1.70833
50,72,9,0,1.70833
50,72,10,0,1.70833
50,72,11,0,1.70833
50,72,12,0,1.70833
50,72,13,0,1.70833
50,72,14,0,1.70833
50,72,15,0,1.70833
50,72,16,0,1.70833
50,72,17,0,1.70833
50,72,18,0,1.70833
50,72,19,0,1.70833
50,72,20,0,1.70833
50,72,21,0,1.70833
50,72,22,0,1.70833
50,72,23,0,1.70833
50,72,24,0,1.70833
50,72,25,0,1.70833
50,72,26,0,1.70833
50,72,27,0,1.70833
50,72,28,0,1.70833
50,72,29,0,1.70833
50,72,30,0,1.70833
50,72,31,0,1.70833
50,72,32,0,1.70833
50,72,33,0,1.70833
50,72,34,114,1.70833
50,72,35,9,1.70833
50,72,36,0,1.70833
50,72,37,0,1.70833
50,72,38,0,1.70833
50,72,39,0,1.70833
50,72,40,0,1.70833
50,72,41,0,1.70833
50,72,42,0,1.70833
50,72,43,0,1.70833
50,72,44,0,1.70833
50,72,45,0,1.70833
50,72,46,0,1.70833
50,72,47,0,1.70833
50,72,48,0,1.70833
50,72,49,0,1.70833
50,72,50,0,1.70833
50,72,51,0,1.70833
50,72,52,0,1.70833
50,72,53,0,1.70833
50,72,54,0,1.70833
50,72,55,0,1.70833
50,72,56,0,1.70833
50,72,57,0,1.70833
50,72,58,0,1.70833
50,72,59,0,1.70833
50,72,60,0,1.70833
50,72,61,0,1.70833
50,72,62,0,1.70833
50,72,63,0,1.70833
50,73,0,0,1.69863
50,73,1,0,1.69863
50,73,2,0,1.69863
50,73,3,0,1.69863
50,73,4,0,1.69863
50,73,5,0,1.69863
50,73,6,0,1.69863
50,73,7,0,1.69863
50,73,8,0,1.69863
50,73,9,0,1.69863
50,73,10,0,1.69863
50,73,11,0,1.69863
50,73,12,0,1.69863
50,73,13,0,1.69863
50,73,14,0,1.69863
50,73,15,0,1.69863
50,73,16,0,1.69863
50,73,17,0,1.69863
50,73,18,0,1.69863
50,73,19,0,1.69863
50,73,20,0,1.69863
50,73,21,0,1.69863
50,73,22,0,1.69863
50,73,23,0,1.69863
50,73,24,0,1.69863
50,73,25,0,1.69863
50,73,26,0,1.69863
50,73,27,0,1.69863
50,73,28,0,1.69863
50,73,29,0,1.69863
50,73,30,0,1.69863
50,73,31,0,1.69863
50,73,32,0,1.69863
50,73,33,0,1.69863
50,73,34,115,1.69863
50,73,35,9,1.69863
50,73,36,0,1.69863
50,73,37,0,1.69863
50,73,38,0,1.69863
50,73,39,0,1.69863
50,73,40,0,1.69863
50,73,41,0,1.69863
50,73,42,0,1.69863
50,73,43,0,1.69863
50,73,44,0,1.69863
50,73,45,0,1.69863
50,73,46,0,1.69863
50,73,47,0,1.69863
50,73,48,0,1.69863
50,73,49,0,1.69863
50,73,50,0,1.69863
50,73,51,0,1.69863
50,73,52,0,1.69863
50,73,53,0,1.69863
50,73,54,0,1.69863
50,73,55,0,1.69863
50,73,56,0,1.69863
50,73,57,0,1.69863
50,73,58,0,1.69863
50,73,59,0,1.69863
50,73,60,0,1.69863
50,73,61,0,1.69863
50,73,62,0,1.69863
50,73,63,0,1.69863
50,74,0,0,1.68919
50,74,1,0,1.68919
50,74,2,0,1.68919
50,74,3,0,1.68919
50,74,4,0,1.68919
50,74,5,0,1.68919
50,74,6,0,1.68919
50,74,7,0,1.68919
50,74,8,0,1.68919
50,74,9,0,1.68919
50,74,10,0,1.68919
50,74,11,0,1.68919
50,74,12,0,1.68919
50,74,13,0,1.68919
50,74,14,0,1.68919
50,74,15,0,1.68919
50,74,16,0,1.68919
50,74,17,0,1.68919
50,74,18,0,1.68919
50,74,19,0,1.68919
50,74,20,0,1.68919
50,74,21,0,1.68919
50,74,22,0,1.68919
50,74,23,0,1.68919
50,74,24,0,1.68919
50,74,25,0,1.68919
50,74,26,0,1.68919
50,74,27,0,1.68919
50,74,28,0,1.68919
50,74,29,0,1.68919
50,74,30,0,1.68919
50,74,31,0,1.68919
50,74,32,0,1.68919
50,74,33,0,1.68919
50,74,34,116,1.68919
50,74,35,9,1.68919
50,74,36,0,1.68919
50,74,37,0,1.68919
50,74,38,0,1.68919
50,74,39,0,1.68919
50,74,40,0,1.68919
50,74,41,0,1.68919
50,74,42,0,1.68919
50,74,43,0,1.68919
50,74,44,0,1.68919
50,74,45,0,1.68919
50,74,46,0,1.68919
50,74,47,0,1.68919
50,74,48,0,1.68919
50,74,49,0,1.68919
50,74,50,0,1.68919
50,74,51,0,1.68919
50,74,52,0,1.68919
50,74,53,0,1.68919
50,74,54,0,1.68919
50,74,55,0,1.68919
50,74,56,0,1.68919
50,74,57,0,1.68919
50,74,58,0,1.68919
50,74,59,0,1.68919
50,74,60,0,1.68919
50,74,61,0,1.68919
50,74,62,0,1.68919
50,74,63,0,1.68919
50,75,0,0,1.69333
50,75,1,0,1.69333
50,75,2,0,1.69333
50,75,3,0,1.69333
50,75,4,0,1.69333
50,75,5,0,1.69333
50,75,6,0,1.69333
50,75,7,0,1.69333
50,75,8,0,1.69333
50,75,9,0,1.69333
50,75,10,0,1.69333
50,75,11,0,1.69333
50,75,12,0,1.69333
50,75,13,0,1.69333
50,75,14,0,1.69333
50,75,15,0,1.69333
50,75,16,0,1.69333
50,75,17,0,1.69333
50,75,18,0,1.69333
50,75,19,0,1.69333
50,75,20,0,1.69333
50,75,21,0,1.69333
50,75,22,0,1.69333
50,75,23,0,1.69333
50,75,24,0,1.69333
50,75,25,0,1.69333
50,75,26,0,1.69333
50,75,27,0,1.69333
50,75,28,0,1.69333
50,75,29,0,1.69333
50,75,30,0,1.69333
50,75,31,0,1.69333
50,75,32,0,1.69333
50,75,33,0,1.69333
50,75,34,118,1.69333
50,75,35,9,1.69333
50,75,36,0,1.69333
50,75,37,0,1.69333
50,75,38,0,1.69333
50,75,39,0,1.69333
50,75,40,0,1.69333
50,75,41,0,1.69333
50,75,42,0,1.69333
50,75,43,0,1.69333
50,75,44,0,1.69333
50,75,45,0,1.69333
50,75,46,0,1.69333
50,75,47,0,1.69333
50,75,48,0,1.69333
50,75,49,0,1.69333
50,75,50,0,1.69333
50,75,51,0,1.69333
50,75,52,0,1.69333
50,75,53,0,1.69333
50,75,54,0,1.69333
50,75,55,0,1.69333
50,75,56,0,1.69333
50,75,57,0,1.69333
50,75,58,0,1.69333
50,75,59,0,1.69333
50,75,60,0,1.69333
50,75,61,0,1.69333
50,75,62,0,1.69333
50,75,63,0,1.69333
50,76,0,0,1.71053
50,76,1,0,1.71053
50,76,2,0,1.71053
50,76,3,0,1.71053
50,76,4,0,1.71053
50,76,5,0,1.71053
50,76,6,0,1.71053
50,76,7,0,1.71053
50,76,8,0,1.71053
50,76,9,0,1.71053
50,76,10,0,1.71053
50,76,11,0,1.71053
50,76,12,0,1.71053
50,76,13,0,1.71053
50,76,14,0,1.71053
50,76,15,0,1.71053
50,76,16,0,1.71053
50,76,17,0,1.71053
50,76,18,0,1.71053
50,76,19,0,1.71053
50,76,20,0,1.71053
50,76,21,0,1.71053
50,76,22,0,1.71053
50,76,23,0,1.71053
50,76,24,0,1.71053
50,76,25,0,1.71053
50,76,26,0,1.71053
50,76,27,0,1.71053
50,76,28,0,1.71053
50,76,29,0,1.71053
50,76,30,0,1.71053
50,76,31,0,1.71053
50,76,32,0,1.71053
50,76,33,0,1.71053
50,76,34,121,1.71053
50,76,35,9,1.71053
50,76,36,0,1.71053
50,76,37,0,1.71053
50,76,38,0,1.71053
50,76,39,0,1.71053
50,76,40,0,1.71053
50,76,41,0,1.71053
50,76,42,0,1.71053
50,76,43,0,1.71053
50,76,44,0,1.71053
50,76,45,0,1.71053
50,76,46,0,1.71053
50,76,47,0,1.71053
50,76,48,0,1.71053
50,76,49,0,1.71053
50,76,50,0,1.71053
50,76,51,0,1.71053
50,76,52,0,1.71053
50,76,53,0,1.71053
50,76,54,0,1.71053
50,76,55,0,1.71053
50,76,56,0,1.71053
50,76,57,0,1.71053
50,76,58,0,1.71053
50,76,59,0,1.71053
50,76,60,0,1.71053
50,76,61,0,1.71053
50,76,62,0,1.71053
50,76,63,0,1.71053
50,77,0,0,1.72727
50,77,1,0,1.72727
50,77,2,0,1.72727
50,77,3,0,1.72727
50,77,4,0,1.72727
50,77,5,0,1.72727
50,77,6,0,1.72727
50,77,7,0,1.72727
50,77,8,0,1.72727
50,77,9,0,1.72727
50,77,10,0,1.72727
50,77,11,0,1.72727
50,77,12,0,1.72727
50,77,13,0,1.72727
50,77,14,0,1.72727
50,77,15,0,1.72727
50,77,16,0,1.72727
50,77,17,0,1.72727
50,77,18,0,1.72727
50,77,19,0,1.72727
50,77,20,0,1.72727
50,77,21,0,1.72727
50,77,22,0,1.72727
50,77,23,0,1.72727
50,77,24,0,1.72727
50,77,25,0,1.72727
50,77,26,0,1.72727
50,77,27,0,1.72727
50,77,28,0,1.72727
50,77,29,0,1.72727
50,77,30,0,1.72727
50,77,31,0,1.72727
50,77,32,0,1.72727
50,77,33,0,1.72727
50,77,34,124,1.72727
50,77,35,9,1.72727
50,77,36,0,1.72727
50,77,37,0,1.72727
50,77,38,0,1.72727
50,77,39,0,1.72727
50,77,40,0,1.72727
50,77,41,0,1.72727
50,77,42,0,1.72727
50,77,43,0,1.72727
50,77,44,0,1.72727
50,77,45,0,1.72727
50,77,46,0,1.72727
50,77,47,0,1.72727
50,77,48,0,1.72727
50,77,49,0,1.72727
50,77,50,0,1.72727
50,77,51,0,1.72727
50,77,52,0,1.72727
50,77,53,0,1.72727
50,77,54,0,1.72727
50,77,55,0,1.72727
50,77,56,0,1.72727
50,77,57,0,1.72727
50,77,58,0,1.72727
50,77,59,0,1.72727
50,77,60,0,1.72727
50,77,61,0,1.72727
50,77,62,0,1.72727
50,77,63,0,1.72727
50,78,0,0,1.71795
50,78,1,0,1.71795
50,78,2,0,1.71795
50,78,3,0,1.71795
50,78,4,0,1.71795
50,78,5,0,1.71795
50,78,6,0,1.71795
50,78,7,0,1.71795
50,78,8,0,1.71795
50,78,9,0,1.71795
50,78,10,0,1.71795
50,78,11,0,1.71795
50,78,12,0,1.71795
50,78,13,0,1.71795
50,78,14,0,1.71795
50,78,15,0,1.71795
50,78,16,0,1.71795
50,78,17,0,1.71795
50,78,18,0,1.71795
50,78,19,0,1.71795
50,78,20,0,1.71795
50,78,21,0,1.71795
50,78,22,0,1.71795
50,78,23,0,1.71795
50,78,24,0,1.71795
50,78,25,0,1.71795
50,78,26,0,1.71795
50,78,27,0,1.71795
50,78,28,0,1.71795
50,78,29,0,1.71795
50,78,30,0,1.71795
50,78,31,0,1.71795
50,78,32,0,1.71795
50,78,33,0,1.71795
50,78,34,125,1.71795
50,78,35,9,1.71795
50,78,36,0,1.71795
50,78,37,0,1.71795
50,78,38,0,1.71795
50,78,39,0,1.71795
50,78,40,0,1.71795
50,78,41,0,1.71795
50,78,42,0,1.71795
50,78,43,0,1.71795
50,78,44,0,1.71795
50,78,45,0,1.71795
50,78,46,0,1.71795
50,78,47,0,1.71795
50,78,48,0,1.71795
50,78,49,0,1.71795
50,78,50,0,1.71795
50,78,51,0,1.71795
50,78,52,0,1.71795
50,78,53,0,1.71795
50,78,54,0,1.71795
50,78,55,0,1.71795
50,78,56,0,1.71795
50,78,57,0,1.71795
50,78,58,0,1.71795
50,78,59,0,1.71795
50,78,60,0,1.71795
50,78,61,0,1.71795
50,78,62,0,1.71795
50,78,63,0,1.71795
50,79,0,0,1.73418
50,79,1,0,1.73418
50,79,2,0,1.73418
50,79,3,0,1.73418
50,79,4,0,1.73418
50,79,5,0,1.73418
50,79,6,0,1.73418
50,79,7,0,1.73418
50,79,8,0,1.73418
50,79,9,0,1.73418
50,79,10,0,1.73418
50,79,11,0,1.73418
50,79,12,0,1.73418
50,79,13,0,1.73418
50,79,14,0,1.73418
50,79,15,0,1.73418
50,79,16,0,1.73418
50,79,17,0,1.73418
50,79,18,0,1.73418
50,79,19,0,1.73418
50,79,20,0,1.73418
50,79,21,0,1.73418
50,79,22,0,1.73418
50,79,23,0,1.73418
50,79,24,0,1.73418
50,79,25,0,1.73418
50,79,26,0,1.73418
50,79,27,0,1.73418
50,79,28,0,1.73418
50,79,29,0,1.73418
50,79,30,0,1.73418
50,79,31,0,1.73418
50,79,32,0,1.73418
50,79,33,0,1.73418
50,79,34,128,1.73418
50,79,35,9,1.73418
50,79,36,0,1.73418
50,79,37,0,1.73418
50,79,38,0,1.73418
50,79,39,0,1.73418
50,79,40,0,1.73418
50,79,41,0,1.73418
50,79,42,0,1.73418
50,79,43,0,1.73418
50,79,44,0,1.73418
50,79,45,0,1.73418
50,79,46,0,1.73418
50,79,47,0,1.73418
50,79,48,0,1.73418
50,79,49,0,1.73418
50,79,50,0,1.73418
50,79,51,0,1.73418
50,79,52,0,1.73418
50,79,53,0,1.73418
50,79,54,0,1.73418
50,79,55,0,1.73418
50,79,56,0,1.73418
50,79,57,0,1.73418
50,79,58,0,1.73418
50,79,59,0,1.73418
50,79,60,0,1.73418
50,79,61,0,1.73418
50,79,62,0,1.73418
50,79,63,0,1.73418
50,80,0,0,1.7375
50,80,1,0,1.7375
50,80,2,0,1.7375
50,80,3,0,1.7375
50,80,4,0,1.7375
50,80,5,0,1.7375
50,80,6,0,1.7375
50,80,7,0,1.7375
50,80,8,0,1.7375
50,80,9,0,1.7375
50,80,10,0,1.7375
50,80,11,0,1.7375
50,80,12,0,1.7375
50,80,13,0,1.7375
50,80,14,0,1.7375
50,80,15,0,1.7375
50,80,16,0,1.7375
50,80,17,0,1.7375
50,80,18,0,1.7375
50,80,19,0,1.7375
50,80,20,0,1.7375
50,80,21,0,1.7375
50,80,22,0,1.7375
50,80,23,0,1.7375
50,80,24,0,1.7375
50,80,25,0,1.7375
50,80,26,0,1.7375
50,80,27,0,1.7375
50,80,28,0,1.7375
50,80,29,0,1.7375
50,80,30,0,1.7375
50,80,31,0,1.7375
50,80,32,0,1.7375
50,80,33,0,1.7375
50,80,34,130,1.7375
50,80,35,9,1.7375
50,80,36,0,1.7375
50,80,37,0,1.7375
50,80,38,0,1.7375
50,80,39,0,1.7375
50,80,40,0,1.7375
50,80,41,0,1.7375
50,80,42,0,1.7375
50,80,43,0,1.7375
50,80,44,0,1.7375
50,80,45,0,1.7375
50,80,46,0,1.7375
50,80,47,0,1.7375
50,80,48,0,1.7375
50,80,49,0,1.7375
50,80,50,0,1.7375
50,80,51,0,1.7375
50,80,52,0,1.7375
50,80,53,0,1.7375
50,80,54,0,1.7375
50,80,55,0,1.7375
50,80,56,0,1.7375
50,80,57,0,1.7375
50,80,58,0,1.7375
50,80,59,0,1.7375
50,80,60,0,1.7375
50,80,61,0,1.7375
50,80,62,0,1.7375
50,80,63,0,1.7375
50,81,0,0,1.7284
50,81,1,0,1.7284
50,81,2,0,1.7284
50,81,3,0,1.7284
50,81,4,0,1.7284
50,81,5,0,1.7284
50,81,6,0,1.7284
50,81,7,0,1.7284
50,81,8,0,1.7284
50,81,9,0,1.7284
50,81,10,0,1.7284
50,81,11,0,1.7284
50,81,12,0,1.7284
50,81,13,0,1.7284
50,81,14,0,1.7284
50,81,15,0,1.7284
50,81,16,0,1.7284
50,81,17,0,1.7284
50,81,18,0,1.7284
50,81,19,0,1.7284
50,81,20,0,1.7284
50,81,21,0,1.7284
50,81,22,0,1.7284
50,81,23,0,1.7284
50,81,24,0,1.7284
50,81,25,0,1.7284
50,81,26,0,1.7284
50,81,27,0,1.7284
50,81,28,0,1.7284
50,81,29,0,1.7284
50,81,30,0,1.7284
50,81,31,0,1.7284
50,81,32,0,1.7284
50,81,33,0,1.7284
50,81,34,131,1.7284
50,81,35,9,1.7284
50,81,36,0,1.7284
50,81,37,0,1.7284
50,81,38,0,1.7284
50,81,39,0,1.7284
50,81,40,0,1.7284
50,81,41,0,1.7284
50,81,42,0,1.7284
50,81,43,0,1.7284
50,81,44,0,1.7284
50,81,45,0,1.7284
50,81,46,0,1.7284
50,81,47,0,1.7284
50,81,48,0,1.7284
50,81,49,0,1.7284
50,81,50,0,1.7284
50,81,51,0,1.7284
50,81,52,0,1.7284
50,81,53,0,1.7284
50,81,54,0,1.7284
50,81,55,0,1.7284
50,81,56,0,1.7284
50,81,57,0,1.7284
50,81,58,0,1.7284
50,81,59,0,1.7284
50,81,60,0,1.7284
50,81,61,0,1.7284
50,81,62,0,1.7284
50,81,63,0,1.7284
50,82,0,0,1.71951
50,82,1,0,1.71951
50,82,2,0,1.71951
50,82,3,0,1.71951
50,82,4,0,1.71951
50,82,5,0,1.71951
50,82,6,0,1.71951
50,82,7,0,1.71951
50,82,8,0,1.71951
50,82,9,0,1.71951
50,82,10,0,1.71951
50,82,11,0,1.71951
50,82,12,0,1.71951
50,82,13,0,1.71951
50,82,14,0,1.71951
50,82,15,0,1.71951
50,82,16,0,1.71951
50,82,17,0,1.71951
50,82,18,0,1.71951
50,82,19,0,1.71951
50,82,20,0,1.71951
50,82,21,0,1.71951
50,82,22,0,1.71951
50,82,23,0,1.71951
50,82,24,0,1.71951
50,82,25,0,1.71951
50,82,26,0,1.71951
50,82,27,0,1.71951
50,82,28,0,1.71951
50,82,29,0,1.71951
50,82,30,0,1.71951
50,82,31,0,1.71951
50,82,32,0,1.71951
50,82,33,0,1.71951
50,82,34,131,1.71951
50,82,35,10,1.71951
50,82,36,0,1.71951
50,82,37,0,1.71951
50,82,38,0,1.71951
50,82,39,0,1.71951
50,82,40,0,1.71951
50,82,41,0,1.71951
50,82,42,0,1.71951
50,82,43,0,1.71951
50,82,44,0,1.71951
50,82,45,0,1.71951
50,82,46,0,1.71951
50,82,47,0,1.71951
50,82,48,0,1.71951
50,82,49,0,1.71951
50,82,50,0,1.71951
50,82,51,0,1.71951
50,82,52,0,1.71951
50,82,53,0,1.71951
50,82,54,0,1.71951
50,82,55,0,1.71951
50,82,56,0,1.71951
50,82,57,0,1.71951
50,82,58,0,1.71951
50,82,59,0,1.71951
50,82,60,0,1.71951
50,82,61,0,1.71951
50,82,62,0,1.71951
50,82,63,0,1.71951
50,83,0,0,1.73494
50,83,1,0,1.73494
50,83,2,0,1.73494
50,83,3,0,1.73494
50,83,4,0,1.73494
50,83,5,0,1.73494
50,83,6,0,1.73494
50,83,7,0,1.73494
50,83,8,0,1.73494
50,83,9,0,1.73494
50,83,10,0,1.73494
50,83,11,0,1.73494
50,83,12,0,1.73494
50,83,13,0,1.73494
50,83,14,0,1.73494
50,83,15,0,1.73494
50,83,16,0,1.73494
50,83,17,0,1.73494
50,83,18,0,1.73494
50,83,19,0,1.73494
50,83,20,0,1.73494
50,83,21,0,1.73494
50,83,22,0,1.73494
50,83,23,0,1.73494
50,83,24,0,1.73494
50,83,25,0,1.73494
50,83,26,0,1.73494
50,83,27,0,1.73494
50,83,28,0,1.73494
50,83,29,0,1.73494
50,83,30,0,1.73494
50,83,31,0,1.73494
50,83,32,0,1.73494
50,83,33,0,1.73494
50,83,34,134,1.73494
50,83,35,10,1.73494
50,83,36,0,1.73494
50,83,37,0,1.73494
50,83,38,0,1.73494
50,83,39,0,1.73494
50,83,40,0,1.73494
50,83,41,0,1.73494
50,83,42,0,1.73494
50,83,43,0,1.73494
50,83,44,0,1.73494
50,83,45,0,1.73494
50,83,46,0,1.73494
50,83,47,0,1.73494
50,83,48,0,1.73494
50,83,49,0,1.73494
50,83,50,0,1.73494
50,83,51,0,1.73494
50,83,52,0,1.73494
50,83,53,0,1.73494
50,83,54,0,1.73494
50,83,55,0,1.73494
50,83,56,0,1.73494
50,83,57,0,1.73494
50,83,58,0,1.73494
50,83,59,0,1.73494
50,83,60,0,1.73494
50,83,61,0,1.73494
50,83,62,0,1.73494
50,83,63,0,1.73494
50,84,0,0,1.72619
50,84,1,0,1.72619
50,84,2,0,1.72619
50,84,3,0,1.72619
50,84,4,0,1.72619
50,84,5,0,1.72619
50,84,6,0,1.72619
50,84,7,0,1.72619
50,84,8,0,1.72619
50,84,9,0,1.72619
50,84,10,0,1.72619
50,84,11,0,1.72619
50,84,12,0,1.72619
50,84,13,0,1.72619
50,84,14,0,1.72619
50,84,15,0,1.72619
50,84,16,0,1.72619
50,84,17,0,1.72619
50,84,18,0,1.72619
50,84,19,0,1.72619
50,84,20,0,1.72619
50,84,21,0,1.72619
50,84,22,0,1.72619
50,84,23,0,1.72619
50,84,24,0,1.72619
50,84,25,0,1.72619
50,84,26,0,1.72619
50,84,27,0,1.72619
50,84,28,0,1.72619
50,84,29,0,1.72619
50,84,30,0,1.72619
50,84,31,0,1.72619
50,84,32,0,1.72619
50,84,33,0,1.72619
50,84,34,135,1.72619
50,84,35,10,1.72619
50,84,36,0,1.72619
50,84,37,0,1.72619
50,84,38,0,1.72619
50,84,39,0,1.72619
50,84,40,0,1.72619
50,84,41,0,1.72619
50,84,42,0,1.72619
50,84,43,0,1.72619
50,84,44,0,1.72619
50,84,45,0,1.72619
50,84,46,0,1.72619
50,84,47,0,1.72619
50,84,48,0,1.72619
50,84,49,0,1.72619
50,84,50,0,1.72619
50,84,51,0,1.72619
50,84,52,0,1.72619
50,84,53,0,1.72619
50,84,54,0,1.72619
50,84,55,0,1.72619
50,84,56,0,1.72619
50,84,57,0,1.72619
50,84,58,0,1.72619
50,84,59,0,1.72619
50,84,60,0,1.72619
50,84,61,0,1.72619
50,84,62,0,1.72619
50,84,63,0,1.72619
50,85,0,0,1.74118
50,85,1,0,1.74118
50,85,2,0,1.74118
50,85,3,0,1.74118
50,85,4,0,1.74118
50,85,5,0,1.74118
50,85,6,0,1.74118
50,85,7,0,1.74118
50,85,8,0,1.74118
50,85,9,0,1.74118
50,85,10,0,1.74118
50,85,11,0,1.74118
50,85,12,0,1.74118
50,85,13,0,1.74118
50,85,14,0,1.74118
50,85,15,0,1.74118
50,85,16,0,1.74118
50,85,17,0,1.74118
50,85,18,0,1.74118
50,85,19,0,1.74118
50,85,20,0,1.74118
50,85,21,0,1.74118
50,85,22,0,1.74118
50,85,23,0,1.74118
50,85,24,0,1.74118
50,85,25,0,1.74118
50,85,26,0,1.74118
50,85,27,0,1.74118
50,85,28,0,1.74118
50,85,29,0,1.74118
50,85,30,0,1.74118
50,85,31,0,1.74118
50,85,32,0,1.74118
50,85,33,0,1.74118
50,85,34,138,1.74118
50,85,35,10,1.74118
50,85,36,0,1.74118
50,85,37,0,1.74118
50,85,38,0,1.74118
50,85,39,0,1.74118
50,85,40,0,1.74118
50,85,41,0,1.74118
50,85,42,0,1.74118
50,85,43,0,1.74118
50,85,44,0,1.74118
50,85,45,0,1.74118
50,85,46,0,1.74118
50,85,47,0,1.74118
50,85,48,0,1.74118
50,85,49,0,1.74118
50,85,50,0,1.74118
50,85,51,0,1.74118
50,85,52,0,1.74118
50,85,53,0,1.74118
50,85,54,0,1.74118
50,85,55,0,1.74118
50,85,56,0,1.74118
50,85,57,0,1.74118
50,85,58,0,1.74118
50,85,59,0,1.74118
50,85,60,0,1.74118
50,85,61,0,1.74118
50,85,62,0,1.74118
50,85,63,0,1.74118
50,86,0,0,1.74419
50,86,1,0,1.74419
50,86,2,0,1.74419
50,86,3,0,1.74419
50,86,4,0,1.74419
50,86,5,0,1.74419
50,86,6,0,1.74419
50,86,7,0,1.74419
50,86,8,0,1.74419
50,86,9,0,1.74419
50,86,10,0,1.74419
50,86,11,0,1.74419
50,86,12,0,1.74419
50,86,13,0,1.74419
50,86,14,0,1.74419
50,86,15,0,1.74419
50,86,16,0,1.74419
50,86,17,0,1.74419
50,86,18,0,1.74419
50,86,19,0,1.74419
50,86,20,0,1.74419
50,86,21,0,1.74419
50,86,22,0,1.74419
50,86,23,0,1.74419
50,86,24,0,1.74419
50,86,25,0,1.74419
50,86,26,0,1.74419
50,86,27,0,1.74419
50,86,28,0,1.74419
50,86,29,0,1.74419
50,86,30,0,1.74419
50,86,31,0,1.74419
50,86,32,0,1.74419
50,86,33,0,1.74419
50,86,34,140,1.74419
50,86,35,10,1.74419
50,86,36,0,1.74419
50,86,37,0,1.74419
50,86,38,0,1.74419
50,86,39,0,1.74419
50,86,40,0,1.74419
50,86,41,0,1.74419
50,86,42,0,1.74419
50,86,43,0,1.74419
50,86,44,0,1.74419
50,86,45,0,1.74419
50,86,46,0,1.74419
50,86,47,0,1.74419
50,86,48,0,1.74419
50,86,49,0,1.74419
50,86,50,0,1.74419
50,86,51,0,1.74419
50,86,52,0,1.74419
50,86,53,0,1.74419
50,86,54,0,1.74419
50,86,55,0,1.74419
50,86,56,0,1.74419
50,86,57,0,1.74419
50,86,58,0,1.74419
50,86,59,0,1.74419
50,86,60,0,1.74419
50,86,61,0,1.74419
50,86,62,0,1.74419
50,86,63,0,1.74419
50,87,0,0,1.74713
50,87,1,0,1.74713
50,87,2,0,1.74713
50,87,3,0,1.74713
50,87,4,0,1.74713
50,87,5,0,1.74713
50,87,6,0,1.74713
50,87,7,0,1.74713
50,87,8,0,1.74713
50,87,9,0,1.74713
50,87,10,0,1.74713
50,87,11,0,1.74713
50,87,12,0,1.74713
50,87,13,0,1.74713
50,87,14,0,1.74713
50,87,15,0,1.74713
50,87,16,0,1.74713
50,87,17,0,1.74713
50,87,18,0,1.74713
50,87,19,0,1.74713
50,87,20,0,1.74713
50,87,21,0,1.74713
50,87,22,0,1.74713
50,87,23,0,1.74713
50,87,24,0,1.74713
50,87,25,0,1.74713
50,87,26,0,1.74713
50,87,27,0,1.74713
50,87,28,0,1.74713
50,87,29,0,1.74713
50,87,30,0,1.74713
50,87,31,0,1.74713
50,87,32,0,1.74713
50,87,33,0,1.74713
50,87,34,142,1.74713
50,87,35,10,1.74713
50,87,36,0,1.74713
50,87,37,0,1.74713
50,87,38,0,1.74713
50,87,39,0,1.74713
50,87,40,0,1.74713
50,87,41,0,1.74713
50,87,42,0,1.74713
50,87,43,0,1.74713
50,87,44,0,1.74713
50,87,45,0,1.74713
50,87,46,0,1.74713
50,87,47,0,1.74713
50,87,48,0,1.74713
50,87,49,0,1.74713
50,87,50,0,1.74713
50,87,51,0,1.74713
50,87,52,0,1.74713
50,87,53,0,1.74713
50,87,54,0,1.74713
50,87,55,0,1.74713
50,87,56,0,1.74713
50,87,57,0,1.74713
50,87,58,0,1.74713
50,87,59,0,1.74713
50,87,60,0,1.74713
50,87,61,0,1.74713
50,87,62,0,1.74713
50,87,63,0,1.74713
50,88,0,0,1.73864
50,88,1,0,1.73864
50,88,2,0,1.73864
50,88,3,0,1.73864
50,88,4,0,1.73864
50,88,5,0,1.73864
50,88,6,0,1.73864
50,88,7,0,1.73864
50,88,8,0,1.73864
50,88,9,0,1.73864
50,88,10,0,1.73864
50,88,11,0,1.73864
50,88,12,0,1.73864
50,88,13,0,1.73864
50,88,14,0,1.73864
50,88,15,0,1.73864
50,88,16,0,1.73864
50,88,17,0,1.73864
50,88,18,0,1.73864
50,88,19,0,1.73864
50,88,20,0,1.73864
50,88,21,0,1.73864
50,88,22,0,1.73864
50,88,23,0,1.73864
50,88,24,0,1.73864
50,88,25,0,1.73864
50,88,26,0,1.73864
50,88,27,0,1.73864
50,88,28,0,1.73864
50,88,29,0,1.73864
50,88,30,0,1.73864
50,88,31,0,1.73864
50,88,32,0,1.73864
50,88,33,0,1.73864
50,88,34,143,1.73864
50,88,35,10,1.73864
50,88,36,0,1.73864
50,88,37,0,1.73864
50,88,38,0,1.73864
50,88,39,0,1.73864
50,88,40,0,1.73864
50,88,41,0,1.73864
50,88,42,0,1.73864
50,88,43,0,1.73864
50,88,44,0,1.73864
50,88,45,0,1.73864
50,88,46,0,1.73864
50,88,47,0,1.73864
50,88,48,0,1.73864
50,88,49,0,1.73864
50,88,50,0,1.73864
50,88,51,0,1.73864
50,88,52,0,1.73864
50,88,53,0,1.73864
50,88,54,0,1.73864
50,88,55,0,1.73864
50,88,56,0,1.73864
50,88,57,0,1.73864
50,88,58,0,1.73864
50,88,59,0,1.73864
50,88,60,0,1.73864
50,88,61,0,1.73864
50,88,62,0,1.73864
50,88,63,0,1.73864
50,89,0,0,1.73034
50,89,1,0,1.73034
50,89,2,0,1.73034
50,89,3,0,1.73034
50,89,4,0,1.73034
50,89,5,0,1.73034
50,89,6,0,1.73034
50,89,7,0,1.73034
50,89,8,0,1.73034
50,89,9,0,1.73034
50,89,10,0,1.73034
50,89,11,0,1.73034
50,89,12,0,1.73034
50,89,13,0,1.73034
50,89,14,0,1.73034
50,89,15,0,1.73034
50,89,16,0,1.73034
50,89,17,0,1.73034
50,89,18,0,1.73034
50,89,19,0,1.73034
50,89,20,0,1.73034
50,89,21,0,1.73034
50,89,22,0,1.73034
50,89,23,0,1.73034
50,89,24,0,1.73034
50,89,25,0,1.73034
50,89,26,0,1.73034
50,89,27,0,1.73034
50,89,28,0,1.73034
50,89,29,0,1.73034
50,89,30,0,1.73034
50,89,31,0,1.73034
50,89,32,0,1.73034
50,89,33,0,1.73034
50,89,34,144,1.73034
50,89,35,10,1.73034
50,89,36,0,1.73034
50,89,37,0,1.73034
50,89,38,0,1.73034
50,89,39,0,1.73034
50,89,40,0,1.73034
50,89,41,0,1.73034
50,89,42,0,1.73034
50,89,43,0,1.73034
50,89,44,0,1.73034
50,89,45,0,1.73034
50,89,46,0,1.73034
50,89,47,0,1.73034
50,89,48,0,1.73034
50,89,49,0,1.73034
50,89,50,0,1.73034
50,89,51,0,1.73034
50,89,52,0,1.73034
50,89,53,0,1.73034
50,89,54,0,1.73034
50,89,55,0,1.73034
50,89,56,0,1.73034
50,89,57,0,1.73034
50,89,58,0,1.73034
50,89,59,0,1.73034
50,89,60,0,1.73034
50,89,61,0,1.73034
50,89,62,0,1.73034
50,89,63,0,1.73034
50,90,0,0,1.72222
50,90,1,0,1.72222
50,90,2,0,1.72222
50,90,3,0,1.72222
50,90,4,0,1.72222
50,90,5,0,1.72222
50,90,6,0,1.72222
50,90,7,0,1.72222
50,90,8,0,1.72222
50,90,9,0,1.72222
50,90,10,0,1.72222
50,90,11,0,1.72222
50,90,12,0,1.72222
50,90,13,0,1.72222
50,90,14,0,1.72222
50,90,15,0,1.72222
50,90,16,0,1.72222
50,90,17,0,1.72222
50,90,18,0,1.72222
50,90,19,0,1.72222
50,90,20,0,1.72222
50,90,21,0,1.72222
50,90,22,0,1.72222
50,90,23,0,1.72222
50,90,24,0,1.72222
50,90,25,0,1.72222
50,90,26,0,1.72222
50,90,27,0,1.72222
50,90,28,0,1.72222
50,90,29,0,1.72222
50,90,30,0,1.72222
50,90,31,0,1.72222
50,90,32,0,1.72222
50,90,33,0,1.72222
50,90,34,145,1.72222
50,90,35,10,1.72222
50,90,36,0,1.72222
50,90,37,0,1.72222
50,90,38,0,1.72222
50,90,39,0,1.72222
50,90,40,0,1.72222
50,90,41,0,1.72222
50,90,42,0,1.72222
50,90,43,0,1.72222
50,90,44,0,1.72222
50,90,45,0,1.72222
50,90,46,0,1.72222
50,90,47,0,1.72222
50,90,48,0,1.72222
50,90,49,0,1.72222
50,90,50,0,1.72222
50,90,51,0,1.72222
50,90,52,0,1.72222
50,90,53,0,1.72222
50,90,54,0,1.72222
50,90,55,0,1.72222
50,90,56,0,1.72222
50,90,57,0,1.72222
50,90,58,0,1.72222
50,90,59,0,1.72222
50,90,60,0,1.72222
50,90,61,0,1.72222
50,90,62,0,1.72222
50,90,63,0,1.72222
50,91,0,0,1.73626
50,91,1,0,1.73626
50,91,2,0,1.73626
50,91,3,0,1.73626
50,91,4,0,1.73626
50,91,5,0,1.73626
50,91,6,0,1.73626
50,91,7,0,1.73626
50,91,8,0,1.73626
50,91,9,0,1.73626
50,91,10,0,1.73626
50,91,11,0,1.73626
50,91,12,0,1.73626
50,91,13,0,1.73626
50,91,14,0,1.73626
50,91,15,0,1.73626
50,91,16,0,1.73626
50,91,17,0,1.73626
50,91,18,0,1.73626
50,91,19,0,1.73626
50,91,20,0,1.73626
50,91,21,0,1.73626
50,91,22,0,1.73626
50,91,23,0,1.73626
50,91,24,0,1.73626
50,91,25,0,1.73626
50,91,26,0,1.73626
50,91,27,0,1.73626
50,91,28,0,1.73626
50,91,29,0,1.73626
50,91,30,0,1.73626
50,91,31,0,1.73626
50,91,32,0,1.73626
50,91,33,0,1.73626
50,91,34,148,1.73626
50,91,35,10,1.73626
50,91,36,0,1.73626
50,91,37,0,1.73626
50,91,38,0,1.73626
50,91,39,0,1.73626
50,91,40,0,1.73626
50,91,41,0,1.73626
50,91,42,0,1.73626
50,91,43,0,1.73626
50,91,44,0,1.73626
50,91,45,0,1.73626
50,91,46,0,1.73626
50,91,47,0,1.73626
50,91,48,0,1.73626
50,91,49,0,1.73626
50,91,50,0,1.73626
50,91,51,0,1.73626
50,91,52,0,1.73626
50,91,53,0,1.73626
50,91,54,0,1.73626
50,91,55,0,1.73626
50,91,56,0,1.73626
50,91,57,0,1.73626
50,91,58,0,1.73626
50,91,59,0,1.73626
50,91,60,0,1.73626
50,91,61,0,1.73626
50,91,62,0,1.73626
50,91,63,0,1.73626
50,92,0,0,1.76087
50,92,1,0,1.76087
50,92,2,0,1.76087
50,92,3,0,1.76087
50,92,4,0,1.76087
50,92,5,0,1.76087
50,92,6,0,1.76087
50,92,7,0,1.76087
50,92,8,0,1.76087
50,92,9,0,1.76087
50,92,10,0,1.76087
50,92,11,0,1.76087
50,92,12,0,1.76087
50,92,13,0,1.76087
50,92,14,0,1.76087
50,92,15,0,1.76087
50,92,16,0,1.76087
50,92,17,0,1.76087
50,92,18,0,1.76087
50,92,19,0,1.76087
50,92,20,0,1.76087
50,92,21,0,1.76087
50,92,22,0,1.76087
50,92,23,0,1.76087
50,92,24,0,1.76087
50,92,25,0,1.76087
50,92,26,0,1.76087
50,92,27,0,1.76087
50,92,28,0,1.76087
50,92,29,0,1.76087
50,92,30,0,1.76087
50,92,31,0,1.76087
50,92,32,0,1.76087
50,92,33,0,1.76087
50,92,34,152,1.76087
50,92,35,10,1.76087
50,92,36,0,1.76087
50,92,37,0,1.76087
50,92,38,0,1.76087
50,92,39,0,1.76087
50,92,40,0,1.76087
50,92,41,0,1.76087
50,92,42,0,1.76087
50,92,43,0,1.76087
50,92,44,0,1.76087
50,92,45,0,1.76087
50,92,46,0,1.76087
50,92,47,0,1.76087
50,92,48,0,1.76087
50,92,49,0,1.76087
50,92,50,0,1.76087
50,92,51,0,1.76087
50,92,52,0,1.76087
50,92,53,0,1.76087
50,92,54,0,1.76087
50,92,55,0,1.76087
50,92,56,0,1.76087
50,92,57,0,1.76087
50,92,58,0,1.76087
50,92,59,0,1.76087
50,92,60,0,1.76087
50,92,61,0,1.76087
50,92,62,0,1.76087
50,92,63,0,1.76087
50,93,0,0,1.76344
50,93,1,0,1.76344
50,93,2,0,1.76344
50,93,3,0,1.76344
50,93,4,0,1.76344
50,93,5,0,1.76344
50,93,6,0,1.76344
50,93,7,0,1.76344
50,93,8,0,1.76344
50,93,9,0,1.76344
50,93,10,0,1.76344
50,93,11,0,1.76344
50,93,12,0,1.76344
50,93,13,0,1.76344
50,93,14,0,1.76344
50,93,15,0,1.76344
50,93,16,0,1.76344
50,93,17,0,1.76344
50,93,18,0,1.76344
50,93,19,0,1.76344
50,93,20,0,1.76344
50,93,21,0,1.76344
50,93,22,0,1.76344
50,93,23,0,1.76344
50,93,24,0,1.76344
50,93,25,0,1.76344
50,93,26,0,1.76344
50,93,27,0,1.76344
50,93,28,0,1.76344
50,93,29,0,1.76344
50,93,30,0,1.76344
50,93,31,0,1.76344
50,93,32,0,1.76344
50,93,33,0,1.76344
50,93,34,154,1.76344
50,93,35,10,1.76344
50,93,36,0,1.76344
50,93,37,0,1.76344
50,93,38,0,1.76344
50,93,39,0,1.76344
50,93,40,0,1.76344
50,93,41,0,1.76344
50,93,42,0,1.76344
50,93,43,0,1.76344
50,93,44,0,1.76344
50,93,45,0,1.76344
50,93,46,0,1.76344
50,93,47,0,1.76344
50,93,48,0,1.76344
50,93,49,0,1.76344
50,93,50,0,1.76344
50,93,51,0,1.76344
50,93,52,0,1.76344
50,93,53,0,1.76344
50,93,54,0,1.76344
50,93,55,0,1.76344
50,93,56,0,1.76344
50,93,57,0,1.76344
50,93,58,0,1.76344
50,93,59,0,1.76344
50,93,60,0,1.76344
50,93,61,0,1.76344
50,93,62,0,1.76344
50,93,63,0,1.76344
50,94,0,0,1.76596
50,94,1,0,1.76596
50,94,2,0,1.76596
50,94,3,0,1.76596
50,94,4,0,1.76596
50,94,5,0,1.76596
50,94,6,0,1.76596
50,94,7,0,1.76596
50,94,8,0,1.76596
50,94,9,0,1.76596
50,94,10,0,1.76596
50,94,11,0,1.76596
50,94,12,0,1.76596
50,94,13,0,1.76596
50,94,14,0,1.76596
50,94,15,0,1.76596
50,94,16,0,1.76596
50,94,17,0,1.76596
50,94,18,0,1.76596
50,94,19,0,1.76596
50,94,20,0,1.76596
50,94,21,0,1.76596
50,94,22,0,1.76596
50,94,23,0,1.76596
50,94,24,0,1.76596
50,94,25,0,1.76596
50,94,26,0,1.76596
50,94,27,0,1.76596
50,94,28,0,1.76596
50,94,29,0,1.76596
50,94,30,0,1.76596
50,94,31,0,1.76596
50,94,32,0,1.76596
50,94,33,0,1.76596
50,94,34,156,1.76596
50,94,35,10,1.76596
50,94,36,0,1.76596
50,94,37,0,1.76596
50,94,38,0,1.76596
50,94,39,0,1.76596
50,94,40,0,1.76596
50,94,41,0,1.76596
50,94,42,0,1.76596
50,94,43,0,1.76596
50,94,44,0,1.76596
50,94,45,0,1.76596
50,94,46,0,1.76596
50,94,47,0,1.76596
50,94,48,0,1.76596
50,94,49,0,1.76596
50,94,50,0,1.76596
50,94,51,0,1.76596
50,94,52,0,1.76596
50,94,53,0,1.76596
50,94,54,0,1.76596
50,94,55,0,1.76596
50,94,56,0,1.76596
50,94,57,0,1.76596
50,94,58,0,1.76596
50,94,59,0,1.76596
50,94,60,0,1.76596
50,94,61,0,1.76596
50,94,62,0,1.76596
50,94,63,0,1.76596
50,95,0,0,1.77895
50,95,1,0,1.77895
50,95,2,0,1.77895
50,95,3,0,1.77895
50,95,4,0,1.77895
50,95,5,0,1.77895
50,95,6,0,1.77895
50,95,7,0,1.77895
50,95,8,0,1.77895
50,95,9,0,1.77895
50,95,10,0,1.77895
50,95,11,0,1.77895
50,95,12,0,1.77895
50,95,13,0,1.77895
50,95,14,0,1.77895
50,95,15,0,1.77895
50,95,16,0,1.77895
50,95,17,0,1.77895
50,95,18,0,1.77895
50,95,19,0,1.77895
50,95,20,0,1.77895
50,95,21,0,1.77895
50,95,22,0,1.77895
50,95,23,0,1.77895
50,95,24,0,1.77895
50,95,25,0,1.77895
50,95,26,0,1.77895
50,95,27,0,1.77895
50,95,28,0,1.77895
50,95,29,0,1.77895
50,95,30,0,1.77895
50,95,31,0,1.77895
50,95,32,0,1.77895
50,95,33,0,1.77895
50,95,34,159,1.77895
50,95,35,10,1.77895
50,95,36,0,1.77895
50,95,37,0,1.77895
50,95,38,0,1.77895
50,95,39,0,1.77895
50,95,40,0,1.77895
50,95,41,0,1.77895
50,95,42,0,1.77895
50,95,43,0,1.77895
50,95,44,0,1.77895
50,95,45,0,1.77895
50,95,46,0,1.77895
50,95,47,0,1.77895
50,95,48,0,1.77895
50,95,49,0,1.77895
50,95,50,0,1.77895
50,95,51,0,1.77895
50,95,52,0,1.77895
50,95,53,0,1.77895
50,95,54,0,1.77895
50,95,55,0,1.77895
50,95,56,0,1.77895
50,95,57,0,1.77895
50,95,58,0,1.77895
50,95,59,0,1.77895
50,95,60,0,1.77895
50,95,61,0,1.77895
50,95,62,0,1.77895
50,95,63,0,1.77895
50,96,0,0,1.77083
50,96,1,0,1.77083
50,96,2,0,1.77083
50,96,3,0,1.77083
50,96,4,0,1.77083
50,96,5,0,1.77083
50,96,6,0,1.77083
50,96,7,0,1.77083
50,96,8,0,1.77083
50,96,9,0,1.77083
50,96,10,0,1.77083
50,96,11,0,1.77083
50,96,12,0,1.77083
50,96,13,0,1.77083
50,96,14,0,1.77083
50,96,15,0,1.77083
50,96,16,0,1.77083
50,96,17,0,1.77083
50,96,18,0,1.77083
50,96,19,0,1.77083
50,96,20,0,1.77083
50,96,21,0,1.77083
50,96,22,0,1.77083
50,96,23,0,1.77083
50,96,24,0,1.77083
50,96,25,0,1.77083
50,96,26,0,1.77083
50,96,27,0,1.77083
50,96,28,0,1.77083
50,96,29,0,1.77083
50,96,30,0,1.77083
50,96,31,0,1.77083
50,96,32,0,1.77083
50,96,33,0,1.77083
50,96,34,160,1.77083
50,96,35,10,1.77083
50,96,36,0,1.77083
50,96,37,0,1.77083
50,96,38,0,1.77083
50,96,39,0,1.77083
50,96,40,0,1.77083
50,96,41,0,1.77083
50,96,42,0,1.77083
50,96,43,0,1.77083
50,96,44,0,1.77083
50,96,45,0,1.77083
50,96,46,0,1.77083
50,96,47,0,1.77083
50,96,48,0,1.77083
50,96,49,0,1.77083
50,96,50,0,1.77083
50,96,51,0,1.77083
50,96,52,0,1.77083
50,96,53,0,1.77083
50,96,54,0,1.77083
50,96,55,0,1.77083
50,96,56,0,1.77083
50,96,57,0,1.77083
50,96,58,0,1.77083
50,96,59,0,1.77083
50,96,60,0,1.77083
50,96,61,0,1.77083
50,96,62,0,1.77083
50,96,63,0,1.77083
50,97,0,0,1.78351
50,97,1,0,1.78351
50,97,2,0,1.78351
50,97,3,0,1.78351
50,97,4,0,1.78351
50,97,5,0,1.78351
50,97,6,0,1.78351
50,97,7,0,1.78351
50,97,8,0,1.78351
50,97,9,0,1.78351
50,97,10,0,1.78351
50,97,11,0,1.78351
50,97,12,0,1.78351
50,97,13,0,1.78351
50,97,14,0,1.78351
50,97,15,0,1.78351
50,97,16,0,1.78351
50,97,17,0,1.78351
50,97,18,0,1.78351
50,97,19,0,1.78351
50,97,20,0,1.78351
50,97,21,0,1.78351
50,97,22,0,1.78351
50,97,23,0,1.78351
50,97,24,0,1.78351
50,97,25,0,1.78351
50,97,26,0,1.78351
50,97,27,0,1.78351
50,97,28,0,1.78351
50,97,29,0,1.78351
50,97,30,0,1.78351
50,97,31,0,1.78351
50,97,32,0,1.78351
50,97,33,0,1.78351
50,97,34,163,1.78351
50,97,35,10,1.78351
50,97,36,0,1.78351
50,97,37,0,1.78351
50,97,38,0,1.78351
50,97,39,0,1.78351
50,97,40,0,1.78351
50,97,41,0,1.78351
50,97,42,0,1.78351
50,97,43,0,1.78351
50,97,44,0,1.78351
50,97,45,0,1.78351
50,97,46,0,1.78351
50,97,47,0,1.78351
50,97,48,0,1.78351
50,97,49,0,1.78351
50,97,50,0,1.78351
50,97,51,0,1.78351
50,97,52,0,1.78351
50,97,53,0,1.78351
50,97,54,0,1.78351
50,97,55,0,1.78351
50,97,56,0,1.78351
50,97,57,0,1.78351
50,97,58,0,1.78351
50,97,59,0,1.78351
50,97,60,0,1.78351
50,97,61,0,1.78351
50,97,62,0,1.78351
50,97,63,0,1.78351
50,98,0,0,1.77551
50,98,1,0,1.77551
50,98,2,0,1.77551
50,98,3,0,1.77551
50,98,4,0,1.77551
50,98,5,0,1.77551
50,98,6,0,1.77551
50,98,7,0,1.77551
50,98,8,0,1.77551
50,98,9,0,1.77551
50,98,10,0,1.77551
50,98,11,0,1.77551
50,98,12,0,1.77551
50,98,13,0,1.77551
50,98,14,0,1.77551
50,98,15,0,1.77551
50,98,16,0,1.77551
50,98,17,0,1.77551
50,98,18,0,1.77551
50,98,19,0,1.77551
50,98,20,0,1.77551
50,98,21,0,1.77551
50,98,22,0,1.77551
50,98,23,0,1.77551
50,98,24,0,1.77551
50,98,25,0,1.77551
50,98,26,0,1.77551
50,98,27,0,1.77551
50,98,28,0,1.77551
50,98,29,0,1.77551
50,98,30,0,1.77551
50,98,31,0,1.77551
50,98,32,0,1.77551
50,98,33,0,1.77551
50,98,34,164,1.77551
50,98,35,10,1.77551
50,98,36,0,1.77551
50,98,37,0,1.77551
50,98,38,0,1.77551
50,98,39,0,1.77551
50,98,40,0,1.77551
50,98,41,0,1.77551
50,98,42,0,1.77551
50,98,43,0,1.77551
50,98,44,0,1.77551
50,98,45,0,1.77551
50,98,46,0,1.77551
50,98,47,0,1.77551
50,98,48,0,1.77551
50,98,49,0,1.77551
50,98,50,0,1.77551
50,98,51,0,1.77551
50,98,52,0,1.77551
50,98,53,0,1.77551
50,98,54,0,1.77551
50,98,55,0,1.77551
50,98,56,0,1.77551
50,98,57,0,1.77551
50,98,58,0,1.77551
50,98,59,0,1.77551
50,98,60,0,1.77551
50,98,61,0,1.77551
50,98,62,0,1.77551
50,98,63,0,1.77551
50,99,0,0,1.78788
50,99,1,0,1.78788
50,99,2,0,1.78788
50,99,3,0,1.78788
50,99,4,0,1.78788
50,99,5,0,1.78788
50,99,6,0,1.78788
50,99,7,0,1.78788
50,99,8,0,1.78788
50,99,9,0,1.78788
50,99,10,0,1.78788
50,99,11,0,1.78788
50,99,12,0,1.78788
50,99,13,0,1.78788
50,99,14,0,1.78788
50,99,15,0,1.78788
50,99,16,0,1.78788
50,99,17,0,1.78788
50,99,18,0,1.78788
50,99,19,0,1.78788
50,99,20,0,1.78788
50,99,21,0,1.78788
50,99,22,0,1.78788
50,99,23,0,1.78788
50,99,24,0,1.78788
50,99,25,0,1.78788
50,99,26,0,1.78788
50,99,27,0,1.78788
50,99,28,0,1.78788
50,99,29,0,1.78788
50,99,30,0,1.78788
50,99,31,0,1.78788
50,99,32,0,1.78788
50,99,33,0,1.78788
50,99,34,167,1.78788
50,99,35,10,1.78788
50,99,36,0,1.78788
50,99,37,0,1.78788
50,99,38,0,1.78788
50,99,39,0,1.78788
50,99,40,0,1.78788
50,99,41,0,1.78788
50,99,42,0,1.78788
50,99,43,0,1.78788
50,99,44,0,1.78788
50,99,45,0,1.78788
50,99,46,0,1.78788
50,99,47,0,1.78788
50,99,48,0,1.78788
50,99,49,0,1.78788
50,99,50,0,1.78788
50,99,51,0,1.78788
50,99,52,0,1.78788
50,99,53,0,1.78788
50,99,54,0,1.78788
50,99,55,0,1.78788
50,99,56,0,1.78788
50,99,57,0,1.78788
50,99,58,0,1.78788
50,99,59,0,1.78788
50,99,60,0,1.78788
50,99,61,0,1.78788
50,99,62,0,1.78788
50,99,63,0,1.78788
50,100,0,0,1.79
50,100,1,0,1.79
50,100,2,0,1.79
50,100,3,0,1.79
50,100,4,0,1.79
50,100,5,0,1.79
50,100,6,0,1.79
50,100,7,0,1.79
50,100,8,0,1.79
50,100,9,0,1.79
50,100,10,0,1.79
50,100,11,0,1.79
50,100,12,0,1.79
50,100,13,0,1.79
50,100,14,0,1.79
50,100,15,0,1.79
50,100,16,0,1.79
50,100,17,0,1.79
50,100,18,0,1.79
50,100,19,0,1.79
50,100,20,0,1.79
50,100,21,0,1.79
50,100,22,0,1.79
50,100,23,0,1.79
50,100,24,0,1.79
50,100,25,0,1.79
50,100,26,0,1.79
50,100,27,0,1.79
50,100,28,0,1.79
50,100,29,0,1.79
50,100,30,0,1.79
50,100,31,0,1.79
50,100,32,0,1.79
50,100,33,0,1.79
50,100,34,169,1.79
50,100,35,10,1.79
50,100,36,0,1.79
50,100,37,0,1.79
50,100,38,0,1.79
50,100,39,0,1.79
50,100,40,0,1.79
50,100,41,0,1.79
50,100,42,0,1.79
50,100,43,0,1.79
50,100,44,0,1.79
50,100,45,0,1.79
50,100,46,0,1.79
50,100,47,0,1.79
50,100,48,0,1.79
50,100,49,0,1.79
50,100,50,0,1.79
50,100,51,0,1.79
50,100,52,0,1.79
50,100,53,0,1.79
50,100,54,0,1.79
50,100,55,0,1.79
50,100,56,0,1.79
50,100,57,0,1.79
50,100,58,0,1.79
50,100,59,0,1.79
50,100,60,0,1.79
50,100,61,0,1.79
50,100,62,0,1.79
50,100,63,0,1.79
52,1,0,0,1
52,1,1,0,1
52,1,2,0,1
52,1,3,0,1
52,1,4,0,1
52,1,5,0,1
52,1,6,0,1
52,1,7,0,1
52,1,8,0,1
52,1,9,0,1
52,1,10,0,1
52,1,11,0,1
52,1,12,0,1
52,1,13,0,1
52,1,14,0,1
52,1,15,0,1
52,1,16,0,1
52,1,17,0,1
52,1,18,0,1
52,1,19,0,1
52,1,20,0,1
52,1,21,0,1
52,1,22,0,1
52,1,23,0,1
52,1,24,0,1
52,1,25,0,1
52,1,26,0,1
52,1,27,0,1
52,1,28,0,1
52,1,29,0,1
52,1,30,0,1
52,1,31,1,1
52,1,32,0,1
52,1,33,0,1
52,1,34,0,1
52,1,35,0,1
52,1,36,0,1
52,1,37,0,1
52,1,38,0,1
52,1,39,0,1
52,1,40,0,1
52,1,41,0,1
52,1,42,0,1
52,1,43,0,1
52,1,44,0,1
52,1,45,0,1
52,1,46,0,1
52,1,47,0,1
52,1,48,0,1
52,1,49,0,1
52,1,50,0,1
52,1,51,0,1
52,1,52,0,1
52,1,53,0,1
52,1,54,0,1
52,1,55,0,1
52,1,56,0,1
52,1,57,0,1
52,1,58,0,1
52,1,59,0,1
52,1,60,0,1
52,1,61,0,1
52,1,62,0,1
52,1,63,0,1
52,2,0,0,2
52,2,1,0,2
52,2,2,0,2
52,2,3,0,2
52,2,4,0,2
52,2,5,0,2
52,2,6,0,2
52,2,7,0,2
52,2,8,0,2
52,2,9,0,2
52,2,10,0,2
52,2,11,0,2
52,2,12,0,2
52,2,13,0,2
52,2,14,0,2
52,2,15,0,2
52,2,16,0,2
52,2,17,0,2
52,2,18,0,2
52,2,19,0,2
52,2,20,0,2
52,2,21,0,2
52,2,22,0,2
52,2,23,0,2
52,2,24,0,2
52,2,25,0,2
52,2,26,0,2
52,2,27,0,2
52,2,28,0,2
52,2,29,0,2
52,2,30,0,2
52,2,31,4,2
52,2,32,0,2
52,2,33,0,2
52,2,34,0,2
52,2,35,0,2
52,2,36,0,2
52,2,37,0,2
52,2,38,0,2
52,2,39,0,2
52,2,40,0,2
52,2,41,0,2
52,2,42,0,2
52,2,43,0,2
52,2,44,0,2
52,2,45,0,2
52,2,46,0,2
52,2,47,0,2
52,2,48,0,2
52,2,49,0,2
52,2,50,0,2
52,2,51,0,2
52,2,52,0,2
52,2,53,0,2
52,2,54,0,2
52,2,55,0,2
52,2,56,0,2
52,2,57,0,2
52,2,58,0,2
52,2,59,0,2
52,2,60,0,2
52,2,61,0,2
52,2,62,0,2
52,2,63,0,2
52,3,0,0,1.66667
52,3,1,0,1.66667
52,3,2,0,1.66667
52,3,3,0,1.66667
52,3,4,0,1.66667
52,3,5,0,1.66667
52,3,6,0,1.66667
52,3,7,0,1.66667
52,3,8,0,1.66667
52,3,9,0,1.66667
52,3,10,0,1.66667
52,3,11,0,1.66667
52,3,12,0,1.66667
52,3,13,0,1.66667
52,3,14,0,1.66667
52,3,15,0,1.66667
52,3,16,0,1.66667
52,3,17,0,1.66667
52,3,18,0,1.66667
52,3,19,0,1.66667
52,3,20,0,1.66667
52,3,21,0,1.66667
52,3,22,0,1.66667
52,3,23,0,1.66667
52,3,24,0,1.66667
52,3,25,0,1.66667
52,3,26,0,1.66667
52,3,27,0,1.66667
52,3,28,0,1.66667
52,3,29,0,1.66667
52,3,30,0,1.66667
52,3,31,5,1.66667
52,3,32,0,1.66667
52,3,33,0,1.66667
52,3,34,0,1.66667
52,3,35,0,1.66667
52,3,36,0,1.66667
52,3,37,0,1.66667
52,3,38,0,1.66667
52,3,39,0,1.66667
52,3,40,0,1.66667
52,3,41,0,1.66667
52,3,42,0,1.66667
52,3,43,0,1.66667
52,3,44,0,1.66667
52,3,45,0,1.66667
52,3,46,0,1.66667
52,3,47,0,1.66667
52,3,48,0,1.66667
52,3,49,0,1.66667
52,3,50,0,1.66667
52,3,51,0,1.66667
52,3,52,0,1.66667
52,3,53,0,1.66667
52,3,54,0,1.66667
52,3,55,0,1.66667
52,3,56,0,1.66667
52,3,57,0,1.66667
52,3,58,0,1.66667
52,3,59,0,1.66667
52,3,60,0,1.66667
52,3,61,0,1.66667
52,3,62,0,1.66667
52,3,63,0,1.66667
52,4,0,0,1.5
52,4,1,0,1.5
52,4,2,0,1.5
52,4,3,0,1.5
52,4,4,0,1.5
52,4,5,0,1.5
52,4,6,0,1.5
52,4,7,0,1.5
52,4,8,0,1.5
52,4,9,0,1.5
52,4,10,0,1.5
52,4,11,0,1.5
52,4,12,0,1.5
52,4,13,0,1.5
52,4,14,0,1.5
52,4,15,0,1.5
52,4,16,0,1.5
52,4,17,0,1.5
52,4,18,0,1.5
52,4,19,0,1.5
52,4,20,0,1.5
52,4,21,0,1.5
52,4,22,0,1.5
52,4,23,0,1.5
52,4,24,0,1.5
52,4,25,0,1.5
52,4,26,0,1.5
52,4,27,0,1.5
52,4,28,0,1.5
52,4,29,0,1.5
52,4,30,0,1.5
52,4,31,6,1.5
52,4,32,0,1.5
52,4,33,0,1.5
52,4,34,0,1.5
52,4,35,0,1.5
52,4,36,0,1.5
52,4,37,0,1.5
52,4,38,0,1.5
52,4,39,0,1.5
52,4,40,0,1.5
52,4,41,0,1.5
52,4,42,0,1.5
52,4,43,0,1.5
52,4,44,0,1.5
52,4,45,0,1.5
52,4,46,0,1.5
52,4,47,0,1.5
52,4,48,0,1.5
52,4,49,0,1.5
52,4,50,0,1.5
52,4,51,0,1.5
52,4,52,0,1.5
52,4,53,0,1.5
52,4,54,0,1.5
52,4,55,0,1.5
52,4,56,0,1.5
52,4,57,0,1.5
52,4,58,0,1.5
52,4,59,0,1.5
52,4,60,0,1.5
52,4,61,0,1.5
52,4,62,0,1.5
52,4,63,0,1.5
52,5,0,0,1.6
52,5,1,0,1.6
52,5,2,0,1.6
52,5,3,0,1.6
52,5,4,0,1.6
52,5,5,0,1.6
52,5,6,0,1.6
52,5,7,0,1.6
52,5,8,0,1.6
52,5,9,0,1.6
52,5,10,0,1.6
52,5,11,0,1.6
52,5,12,0,1.6
52,5,13,0,1.6
52,5,14,0,1.6
52,5,15,0,1.6
52,5,16,0,1.6
52,5,17,0,1.6
52,5,18,0,1.6
52,5,19,0,1.6
52,5,20,0,1.6
52,5,21,0,1.6
52,5,22,0,1.6
52,5,23,0,1.6
52,5,24,0,1.6
52,5,25,0,1.6
52,5,26,0,1.6
52,5,27,0,1.6
52,5,28,0,1.6
52,5,29,0,1.6
52,5,30,0,1.6
52,5,31,8,1.6
52,5,32,0,1.6
52,5,33,0,1.6
52,5,34,0,1.6
52,5,35,0,1.6
52,5,36,0,1.6
52,5,37,0,1.6
52,5,38,0,1.6
52,5,39,0,1.6
52,5,40,0,1.6
52,5,41,0,1.6
52,5,42,0,1.6
52,5,43,0,1.6
52,5,44,0,1.6
52,5,45,0,1.6
52,5,46,0,1.6
52,5,47,0,1.6
52,5,48,0,1.6
52,5,49,0,1.6
52,5,50,0,1.6
52,5,51,0,1.6
52,5,52,0,1.6
52,5,53,0,1.6
52,5,54,0,1.6
52,5,55,0,1.6
52,5,56,0,1.6
52,5,57,0,1.6
52,5,58,0,1.6
52,5,59,0,1.6
52,5,60,0,1.6
52,5,61,0,1.6
52,5,62,0,1.6
52,5,63,0,1.6
52,6,0,0,1.66667
52,6,1,0,1.66667
52,6,2,0,1.66667
52,6,3,0,1.66667
52,6,4,0,1.66667
52,6,5,0,1.66667
52,6,6,0,1.66667
52,6,7,0,1.66667
52,6,8,0,1.66667
52,6,9,0,1.66667
52,6,10,0,1.66667
52,6,11,0,1.66667
52,6,12,0,1.66667
52,6,13,0,1.66667
52,6,14,0,1.66667
52,6,15,0,1.66667
52,6,16,0,1.66667
52,6,17,0,1.66667
52,6,18,0,1.66667
52,6,19,0,1.66667
52,6,20,0,1.66667
52,6,21,0,1.66667
52,6,22,0,1.66667
52,6,23,0,1.66667
52,6,24,0,1.66667
52,6,25,0,1.66667
52,6,26,0,1.66667
52,6,27,0,1.66667
52,6,28,0,1.66667
52,6,29,0,1.66667
52,6,30,0,1.66667
52,6,31,10,1.66667
52,6,32,0,1.66667
52,6,33,0,1.66667
52,6,34,0,1.66667
52,6,35,0,1.66667
52,6,36,0,1.66667
52,6,37,0,1.66667
52,6,38,0,1.66667
52,6,39,0,1.66667
52,6,40,0,1.66667
52,6,41,0,1.66667
52,6,42,0,1.66667
52,6,43,0,1.66667
52,6,44,0,1.66667
52,6,45,0,1.66667
52,6,46,0,1.66667
52,6,47,0,1.66667
52,6,48,0,1.66667
52,6,49,0,1.66667
52,6,50,0,1.66667
52,6,51,0,1.66667
52,6,52,0,1.66667
52,6,53,0,1.66667
52,6,54,0,1.66667
52,6,55,0,1.66667
52,6,56,0,1.66667
52,6,57,0,1.66667
52,6,58,0,1.66667
52,6,59,0,1.66667
52,6,60,0,1.66667
52,6,61,0,1.66667
52,6,62,0,1.66667
52,6,63,0,1.66667
52,7,0,0,1.71429
52,7,1,0,1.71429
52,7,2,0,1.71429
52,7,3,0,1.71429
52,7,4,0,1.71429
52,7,5,0,1.71429
52,7,6,0,1.71429
52,7,7,0,1.71429
52,7,8,0,1.71429
52,7,9,0,1.71429
52,7,10,0,1.71429
52,7,11,0,1.71429
52,7,12,0,1.71429
52,7,13,0,1.71429
52,7,14,0,1.71429
52,7,15,0,1.71429
52,7,16,0,1.71429
52,7,17,0,1.71429
52,7,18,0,1.71429
52,7,19,0,1.71429
52,7,20,0,1.71429
52,7,21,0,1.71429
52,7,22,0,1.71429
52,7,23,0,1.71429
52,7,24,0,1.71429
52,7,25,0,1.71429
52,7,26,0,1.71429
52,7,27,0,1.71429
52,7,28,0,1.71429
52,7,29,0,1.71429
52,7,30,0,1.71429
52,7,31,12,1.71429
52,7,32,0,1.71429
52,7,33,0,1.71429
52,7,34,0,1.71429
52,7,35,0,1.71429
52,7,36,0,1.71429
52,7,37,0,1.71429
52,7,38,0,1.71429
52,7,39,0,1.71429
52,7,40,0,1.71429
52,7,41,0,1.71429
52,7,42,0,1.71429
52,7,43,0,1.71429
52,7,44,0,1.71429
52,7,45,0,1.71429
52,7,46,0,1.71429
52,7,47,0,1.71429
52,7,48,0,1.71429
52,7,49,0,1.71429
52,7,50,0,1.71429
52,7,51,0,1.71429
52,7,52,0,1.71429
52,7,53,0,1.71429
52,7,54,0,1.71429
52,7,55,0,1.71429
52,7,56,0,1.71429
52,7,57,0,1.71429
52,7,58,0,1.71429
52,7,59,0,1.71429
52,7,60,0,1.71429
52,7,61,0,1.71429
52,7,62,0,1.71429
52,7,63,0,1.71429
52,8,0,0,1.875
52,8,1,0,1.875
52,8,2,0,1.875
52,8,3,0,1.875
52,8,4,0,1.875
52,8,5,0,1.875
52,8,6,0,1.875
52,8,7,0,1.875
52,8,8,0,1.875
52,8,9,0,1.875
52,8,10,0,1.875
52,8,11,0,1.875
52,8,12,0,1.875
52,8,13,0,1.875
52,8,14,0,1.875
52,8,15,0,1.875
52,8,16,0,1.875
52,8,17,0,1.875
52,8,18,0,1.875
52,8,19,0,1.875
52,8,20,0,1.875
52,8,21,0,1.875
52,8,22,0,1.875
52,8,23,0,1.875
52,8,24,0,1.875
52,8,25,0,1.875
52,8,26,0,1.875
52,8,27,0,1.875
52,8,28,0,1.875
52,8,29,0,1.875
52,8,30,0,1.875
52,8,31,15,1.875
52,8,32,0,1.875
52,8,33,0,1.875
52,8,34,0,1.875
52,8,35,0,1.875
52,8,36,0,1.875
52,8,37,0,1.875
52,8,38,0,1.875
52,8,39,0,1.875
52,8,40,0,1.875
52,8,41,0,1.875
52,8,42,0,1.875
52,8,43,0,1.875
52,8,44,0,1.875
52,8,45,0,1.875
52,8,46,0,1.875
52,8,47,0,1.875
52,8,48,0,1.875
52,8,49,0,1.875
52,8,50,0,1.875
52,8,51,0,1.875
52,8,52,0,1.875
52,8,53,0,1.875
52,8,54,0,1.875
52,8,55,0,1.875
52,8,56,0,1.875
52,8,57,0,1.875
52,8,58,0,1.875
52,8,59,0,1.875
52,8,60,0,1.875
52,8,61,0,1.875
52,8,62,0,1.875
52,8,63,0,1.875
52,9,0,0,1.77778
52,9,1,0,1.77778
52,9,2,0,1.77778
52,9,3,0,1.77778
52,9,4,0,1.77778
52,9,5,0,1.77778
52,9,6,0,1.77778
52,9,7,0,1.77778
52,9,8,0,1.77778
52,9,9,0,1.77778
52,9,10,0,1.77778
52,9,11,0,1.77778
52,9,12,0,1.77778
52,9,13,0,1.77778
52,9,14,0,1.77778
52,9,15,0,1.77778
52,9,16,0,1.77778
52,9,17,0,1.77778
52,9,18,0,1.77778
52,9,19,0,1.77778
52,9,20,0,1.77778
52,9,21,0,1.77778
52,9,22,0,1.77778
52,9,23,0,1.77778
52,9,24,0,1.77778
52,9,25,0,1.77778
52,9,26,0,1.77778
52,9,27,0,1.77778
52,9,28,0,1.77778
52,9,29,0,1.77778
52,9,30,0,1.77778
52,9,31,16,1.77778
52,9,32,0,1.77778
52,9,33,0,1.77778
52,9,34,0,1.77778
52,9,35,0,1.77778
52,9,36,0,1.77778
52,9,37,0,1.77778
52,9,38,0,1.77778
52,9,39,0,1.77778
52,9,40,0,1.77778
52,9,41,0,1.77778
52,9,42,0,1.77778
52,9,43,0,1.77778
52,9,44,0,1.77778
52,9,45,0,1.77778
52,9,46,0,1.77778
52,9,47,0,1.77778
52,9,48,0,1.77778
52,9,49,0,1.77778
52,9,50,0,1.77778
52,9,51,0,1.77778
52,9,52,0,1.77778
52,9,53,0,1.77778
52,9,54,0,1.77778
52,9,55,0,1.77778
52,9,56,0,1.77778
52,9,57,0,1.77778
52,9,58,0,1.77778
52,9,59,0,1.77778
52,9,60,0,1.77778
52,9,61,0,1.77778
52,9,62,0,1.77778
52,9,63,0,1.77778
52,10,0,0,2
52,10,1,0,2
52,10,2,0,2
52,10,3,0,2
52,10,4,0,2
52,10,5,0,2
52,10,6,0,2
52,10,7,0,2
52,10,8,0,2
52,10,9,0,2
52,10,10,0,2
52,10,11,0,2
52,10,12,0,2
52,10,13,0,2
52,10,14,0,2
52,10,15,0,2
52,10,16,0,2
52,10,17,0,2
52,10,18,0,2
52,10,19,0,2
52,10,20,0,2
52,10,21,0,2
52,10,22,0,2
52,10,23,0,2
52,10,24,0,2
52,10,25,0,2
52,10,26,0,2
52,10,27,0,2
52,10,28,0,2
52,10,29,0,2
52,10,30,0,2
52,10,31,20,2
52,10,32,0,2
52,10,33,0,2
52,10,34,0,2
52,10,35,0,2
52,10,36,0,2
52,10,37,0,2
52,10,38,0,2
52,10,39,0,2
52,10,40,0,2
52,10,41,0,2
52,10,42,0,2
52,10,43,0,2
52,10,44,0,2
52,10,45,0,2
52,10,46,0,2
52,10,47,0,2
52,10,48,0,2
52,10,49,0,2
52,10,50,0,2
52,10,51,0,2
52,10,52,0,2
52,10,53,0,2
52,10,54,0,2
52,10,55,0,2
52,10,56,0,2
52,10,57,0,2
52,10,58,0,2
52,10,59,0,2
52,10,60,0,2
52,10,61,0,2
52,10,62,0,2
52,10,63,0,2
52,11,0,0,1.81818
52,11,1,0,1.81818
52,11,2,0,1.81818
52,11,3,0,1.81818
52,11,4,0,1.81818
52,11,5,0,1.81818
52,11,6,0,1.81818
52,11,7,0,1.81818
52,11,8,0,1.81818
52,11,9,0,1.81818
52,11,10,0,1.81818
52,11,11,0,1.81818
52,11,12,0,1.81818
52,11,13,0,1.81818
52,11,14,0,1.81818
52,11,15,0,1.81818
52,11,16,0,1.81818
52,11,17,0,1.81818
52,11,18,0,1.81818
52,11,19,0,1.81818
52,11,20,0,1.81818
52,11,21,0,1.81818
52,11,22,0,1.81818
52,11,23,0,1.81818
52,11,24,0,1.81818
52,11,25,0,1.81818
52,11,26,0,1.81818
52,11,27,0,1.81818
52,11,28,0,1.81818
52,11,29,0,1.81818
52,11,30,0,1.81818
52,11,31,20,1.81818
52,11,32,0,1.81818
52,11,33,0,1.81818
52,11,34,0,1.81818
52,11,35,0,1.81818
52,11,36,0,1.81818
52,11,37,0,1.81818
52,11,38,0,1.81818
52,11,39,0,1.81818
52,11,40,0,1.81818
52,11,41,0,1.81818
52,11,42,0,1.81818
52,11,43,0,1.81818
52,11,44,0,1.81818
52,11,45,0,1.81818
52,11,46,0,1.81818
52,11,47,0,1.81818
52,11,48,0,1.81818
52,11,49,0,1.81818
52,11,50,0,1.81818
52,11,51,0,1.81818
52,11,52,0,1.81818
52,11,53,0,1.81818
52,11,54,0,1.81818
52,11,55,0,1.81818
52,11,56,0,1.81818
52,11,57,0,1.81818
52,11,58,0,1.81818
52,11,59,0,1.81818
52,11,60,0,1.81818
52,11,61,0,1.81818
52,11,62,0,1.81818
52,11,63,0,1.81818
52,12,0,0,1.75
52,12,1,0,1.75
52,12,2,0,1.75
52,12,3,0,1.75
52,12,4,0,1.75
52,12,5,0,1.75
52,12,6,0,1.75
52,12,7,0,1.75
52,12,8,0,1.75
52,12,9,0,1.75
52,12,10,0,1.75
52,12,11,0,1.75
52,12,12,0,1.75
52,12,13,0,1.75
52,12,14,0,1.75
52,12,15,0,1.75
52,12,16,0,1.75
52,12,17,0,1.75
52,12,18,0,1.75
52,12,19,0,1.75
52,12,20,0,1.75
52,12,21,0,1.75
52,12,22,0,1.75
52,12,23,0,1.75
52,12,24,0,1.75
52,12,25,0,1.75
52,12,26,0,1.75
52,12,27,0,1.75
52,12,28,0,1.75
52,12,29,0,1.75
52,12,30,0,1.75
52,12,31,21,1.75
52,12,32,0,1.75
52,12,33,0,1.75
52,12,34,0,1.75
52,12,35,0,1.75
52,12,36,0,1.75
52,12,37,0,1.75
52,12,38,0,1.75
52,12,39,0,1.75
52,12,40,0,1.75
52,12,41,0,1.75
52,12,42,0,1.75
52,12,43,0,1.75
52,12,44,0,1.75
52,12,45,0,1.75
52,12,46,0,1.75
52,12,47,0,1.75
52,12,48,0,1.75
52,12,49,0,1.75
52,12,50,0,1.75
52,12,51,0,1.75
52,12,52,0,1.75
52,12,53,0,1.75
52,12,54,0,1.75
52,12,55,0,1.75
52,12,56,0,1.75
52,12,57,0,1.75
52,12,58,0,1.75
52,12,59,0,1.75
52,12,60,0,1.75
52,12,61,0,1.75
52,12,62,0,1.75
52,12,63,0,1.75
52,13,0,0,1.69231
52,13,1,0,1.69231
52,13,2,0,1.69231
52,13,3,0,1.69231
52,13,4,0,1.69231
52,13,5,0,1.69231
52,13,6,0,1.69231
52,13,7,0,1.69231
52,13,8,0,1.69231
52,13,9,0,1.69231
52,13,10,0,1.69231
52,13,11,0,1.69231
52,13,12,0,1.69231
52,13,13,0,1.69231
52,13,14,0,1.69231
52,13,15,0,1.69231
52,13,16,0,1.69231
52,13,17,0,1.69231
52,13,18,0,1.69231
52,13,19,0,1.69231
52,13,20,0,1.69231
52,13,21,0,1.69231
52,13,22,0,1.69231
52,13,23,0,1.69231
52,13,24,0,1.69231
52,13,25,0,1.69231
52,13,26,0,1.69231
52,13,27,0,1.69231
52,13,28,0,1.69231
52,13,29,0,1.69231
52,13,30,0,1.69231
52,13,31,22,1.69231
52,13,32,0,1.69231
52,13,33,0,1.69231
52,13,34,0,1.69231
52,13,35,0,1.69231
52,13,36,0,1.69231
52,13,37,0,1.69231
52,13,38,0,1.69231
52,13,39,0,1.69231
52,13,40,0,1.69231
52,13,41,0,1.69231
52,13,42,0,1.69231
52,13,43,0,1.69231
52,13,44,0,1.69231
52,13,45,0,1.69231
52,13,46,0,1.69231
52,13,47,0,1.69231
52,13,48,0,1.69231
52,13,49,0,1.69231
52,13,50,0,1.69231
52,13,51,0,1.69231
52,13,52,0,1.69231
52,13,53,0,1.69231
52,13,54,0,1.69231
52,13,55,0,1.69231
52,13,56,0,1.69231
52,13,57,0,1.69231
52,13,58,0,1.69231
52,13,59,0,1.69231
52,13,60,0,1.69231
52,13,61,0,1.69231
52,13,62,0,1.69231
52,13,63,0,1.69231
52,14,0,0,1.85714
52,14,1,0,1.85714
52,14,2,0,1.85714
52,14,3,0,1.85714
52,14,4,0,1.85714
52,14,5,0,1.85714
52,14,6,0,1.85714
52,14,7,0,1.85714
52,14,8,0,1.85714
52,14,9,0,1.85714
52,14,10,0,1.85714
52,14,11,0,1.85714
52,14,12,0,1.85714
52,14,13,0,1.85714
52,14,14,0,1.85714
52,14,15,0,1.85714
52,14,16,0,1.85714
52,14,17,0,1.85714
52,14,18,0,1.85714
52,14,19,0,1.85714
52,14,20,0,1.85714
52,14,21,0,1.85714
52,14,22,0,1.85714
52,14,23,0,1.85714
52,14,24,0,1.85714
52,14,25,0,1.85714
52,14,26,0,1.85714
52,14,27,0,1.85714
52,14,28,0,1.85714
52,14,29,0,1.85714
52,14,30,0,1.85714
52,14,31,26,1.85714
52,14,32,0,1.85714
52,14,33,0,1.85714
52,14,34,0,1.85714
52,14,35,0,1.85714
52,14,36,0,1.85714
52,14,37,0,1.85714
52,14,38,0,1.85714
52,14,39,0,1.85714
52,14,40,0,1.85714
52,14,41,0,1.85714
52,14,42,0,1.85714
52,14,43,0,1.85714
52,14,44,0,1.85714
52,14,45,0,1.85714
52,14,46,0,1.85714
52,14,47,0,1.85714
52,14,48,0,1.85714
52,14,49,0,1.85714
52,14,50,0,1.85714
52,14,51,0,1.85714
52,14,52,0,1.85714
52,14,53,0,1.85714
52,14,54,0,1.85714
52,14,55,0,1.85714
52,14,56,0,1.85714
52,14,57,0,1.85714
52,14,58,0,1.85714
52,14,59,0,1.85714
52,14,60,0,1.85714
52,14,61,0,1.85714
52,14,62,0,1.85714
52,14,63,0,1.85714
52,15,0,0,2.06667
52,15,1,0,2.06667
52,15,2,0,2.06667
52,15,3,0,2.06667
52,15,4,0,2.06667
52,15,5,0,2.06667
52,15,6,0,2.06667
52,15,7,0,2.06667
52,15,8,0,2.06667
52,15,9,0,2.06667
52,15,10,0,2.06667
52,15,11,0,2.06667
52,15,12,0,2.06667
52,15,13,0,2.06667
52,15,14,0,2.06667
52,15,15,0,2.06667
52,15,16,0,2.06667
52,15,17,0,2.06667
52,15,18,0,2.06667
52,15,19,0,2.06667
52,15,20,0,2.06667
52,15,21,0,2.06667
52,15,22,0,2.06667
52,15,23,0,2.06667
52,15,24,0,2.06667
52,15,25,0,2.06667
52,15,26,0,2.06667
52,15,27,0,2.06667
52,15,28,0,2.06667
52,15,29,0,2.06667
52,15,30,0,2.06667
52,15,31,31,2.06667
52,15,32,0,2.06667
52,15,33,0,2.06667
52,15,34,0,2.06667
52,15,35,0,2.06667
52,15,36,0,2.06667
52,15,37,0,2.06667
52,15,38,0,2.06667
52,15,39,0,2.06667
52,15,40,0,2.06667
52,15,41,0,2.06667
52,15,42,0,2.06667
52,15,43,0,2.06667
52,15,44,0,2.06667
52,15,45,0,2.06667
52,15,46,0,2.06667
52,15,47,0,2.06667
52,15,48,0,2.06667
52,15,49,0,2.06667
52,15,50,0,2.06667
52,15,51,0,2.06667
52,15,52,0,2.06667
52,15,53,0,2.06667
52,15,54,0,2.06667
52,15,55,0,2.06667
52,15,56,0,2.06667
52,15,57,0,2.06667
52,15,58,0,2.06667
52,15,59,0,2.06667
52,15,60,0,2.06667
52,15,61,0,2.06667
52,15,62,0,2.06667
52,15,63,0,2.06667
52,16,0,0,2.125
52,16,1,0,2.125
52,16,2,0,2.125
52,16,3,0,2.125
52,16,4,0,2.125
52,16,5,0,2.125
52,16,6,0,2.125
52,16,7,0,2.125
52,16,8,0,2.125
52,16,9,0,2.125
52,16,10,0,2.125
52,16,11,0,2.125
52,16,12,0,2.125
52,16,13,0,2.125
52,16,14,0,2.125
52,16,15,0,2.125
52,16,16,0,2.125
52,16,17,0,2.125
52,16,18,0,2.125
52,16,19,0,2.125
52,16,20,0,2.125
52,16,21,0,2.125
52,16,22,0,2.125
52,16,23,0,2.125
52,16,24,0,2.125
52,16,25,0,2.125
52,16,26,0,2.125
52,16,27,0,2.125
52,16,28,0,2.125
52,16,29,0,2.125
52,16,30,0,2.125
52,16,31,34,2.125
52,16,32,0,2.125
52,16,33,0,2.125
52,16,34,0,2.125
52,16,35,0,2.125
52,16,36,0,2.125
52,16,37,0,2.125
52,16,38,0,2.125
52,16,39,0,2.125
52,16,40,0,2.125
52,16,41,0,2.125
52,16,42,0,2.125
52,16,43,0,2.125
52,16,44,0,2.125
52,16,45,0,2.125
52,16,46,0,2.125
52,16,47,0,2.125
52,16,48,0,2.125
52,16,49,0,2.125
52,16,50,0,2.125
52,16,51,0,2.125
52,16,52,0,2.125
52,16,53,0,2.125
52,16,54,0,2.125
52,16,55,0,2.125
52,16,56,0,2.125
52,16,57,0,2.125
52,16,58,0,2.125
52,16,59,0,2.125
52,16,60,0,2.125
52,16,61,0,2.125
52,16,62,0,2.125
52,16,63,0,2.125
52,17,0,0,2.11765
52,17,1,0,2.11765
52,17,2,0,2.11765
52,17,3,0,2.11765
52,17,4,0,2.11765
52,17,5,0,2.11765
52,17,6,0,2.11765
52,17,7,0,2.11765
52,17,8,0,2.11765
52,17,9,0,2.11765
52,17,10,0,2.11765
52,17,11,0,2.11765
52,17,12,0,2.11765
52,17,13,0,2.11765
52,17,14,0,2.11765
52,17,15,0,2.11765
52,17,16,0,2.11765
52,17,17,0,2.11765
52,17,18,0,2.11765
52,17,19,0,2.11765
52,17,20,0,2.11765
52,17,21,0,2.11765
52,17,22,0,2.11765
52,17,23,0,2.11765
52,17,24,0,2.11765
52,17,25,0,2.11765
52,17,26,0,2.11765
52,17,27,0,2.11765
52,17,28,0,2.11765
52,17,29,0,2.11765
52,17,30,0,2.11765
52,17,31,36,2.11765
52,17,32,0,2.11765
52,17,33,0,2.11765
52,17,34,0,2.11765
52,17,35,0,2.11765
52,17,36,0,2.11765
52,17,37,0,2.11765
52,17,38,0,2.11765
52,17,39,0,2.11765
52,17,40,0,2.11765
52,17,41,0,2.11765
52,17,42,0,2.11765
52,17,43,0,2.11765
52,17,44,0,2.11765
52,17,45,0,2.11765
52,17,46,0,2.11765
52,17,47,0,2.11765
52,17,48,0,2.11765
52,17,49,0,2.11765
52,17,50,0,2.11765
52,17,51,0,2.11765
52,17,52,0,2.11765
52,17,53,0,2.11765
52,17,54,0,2.11765
52,17,55,0,2.11765
52,17,56,0,2.11765
52,17,57,0,2.11765
52,17,58,0,2.11765
52,17,59,0,2.11765
52,17,60,0,2.11765
52,17,61,0,2.11765
52,17,62,0,2.11765
52,17,63,0,2.11765
52,18,0,0,2.27778
52,18,1,0,2.27778
52,18,2,0,2.27778
52,18,3,0,2.27778
52,18,4,0,2.27778
52,18,5,0,2.27778
52,18,6,0,2.27778
52,18,7,0,2.27778
52,18,8,0,2.27778
52,18,9,0,2.27778
52,18,10,0,2.27778
52,18,11,0,2.27778
52,18,12,0,2.27778
52,18,13,0,2.27778
52,18,14,0,2.27778
52,18,15,0,2.27778
52,18,16,0,2.27778
52,18,17,0,2.27778
52,18,18,0,2.27778
52,18,19,0,2.27778
52,18,20,0,2.27778
52,18,21,0,2.27778
52,18,22,0,2.27778
52,18,23,0,2.27778
52,18,24,0,2.27778
52,18,25,0,2.27778
52,18,26,0,2.27778
52,18,27,0,2.27778
52,18,28,0,2.27778
52,18,29,0,2.27778
52,18,30,0,2.27778
52,18,31,41,2.27778
52,18,32,0,2.27778
52,18,33,0,2.27778
52,18,34,0,2.27778
52,18,35,0,2.27778
52,18,36,0,2.27778
52,18,37,0,2.27778
52,18,38,0,2.27778
52,18,39,0,2.27778
52,18,40,0,2.27778
52,18,41,0,2.27778
52,18,42,0,2.27778
52,18,43,0,2.27778
52,18,44,0,2.27778
52,18,45,0,2.27778
52,18,46,0,2.27778
52,18,47,0,2.27778
52,18,48,0,2.27778
52,18,49,0,2.27778
52,18,50,0,2.27778
52,18,51,0,2.27778
52,18,52,0,2.27778
52,18,53,0,2.27778
52,18,54,0,2.27778
52,18,55,0,2.27778
52,18,56,0,2.27778
52,18,57,0,2.27778
52,18,58,0,2.27778
52,18,59,0,2.27778
52,18,60,0,2.27778
52,18,61,0,2.27778
52,18,62,0,2.27778
52,18,63,0,2.27778
52,19,0,0,2.26316
52,19,1,0,2.26316
52,19,2,0,2.26316
52,19,3,0,2.26316
52,19,4,0,2.26316
52,19,5,0,2.26316
52,19,6,0,2.26316
52,19,7,0,2.26316
52,19,8,0,2.26316
52,19,9,0,2.26316
52,19,10,0,2.26316
52,19,11,0,2.26316
52,19,12,0,2.26316
52,19,13,0,2.26316
52,19,14,0,2.26316
52,19,15,0,2.26316
52,19,16,0,2.26316
52,19,17,0,2.26316
52,19,18,0,2.26316
52,19,19,0,2.26316
52,19,20,0,2.26316
52,19,21,0,2.26316
52,19,22,0,2.26316
52,19,23,0,2.26316
52,19,24,0,2.26316
52,19,25,0,2.26316
52,19,26,0,2.26316
52,19,27,0,2.26316
52,19,28,0,2.26316
52,19,29,0,2.26316
52,19,30,0,2.26316
52,19,31,43,2.26316
52,19,32,0,2.26316
52,19,33,0,2.26316
52,19,34,0,2.26316
52,19,35,0,2.26316
52,19,36,0,2.26316
52,19,37,0,2.26316
52,19,38,0,2.26316
52,19,39,0,2.26316
52,19,40,0,2.26316
52,19,41,0,2.26316
52,19,42,0,2.26316
52,19,43,0,2.26316
52,19,44,0,2.26316
52,19,45,0,2.26316
52,19,46,0,2.26316
52,19,47,0,2.26316
52,19,48,0,2.26316
52,19,49,0,2.26316
52,19,50,0,2.26316
52,19,51,0,2.26316
52,19,52,0,2.26316
52,19,53,0,2.26316
52,19,54,0,2.26316
52,19,55,0,2.26316
52,19,56,0,2.26316
52,19,57,0,2.26316
52,19,58,0,2.26316
52,19,59,0,2.26316
52,19,60,0,2.26316
52,19,61,0,2.26316
52,19,62,0,2.26316
52,19,63,0,2.26316
52,20,0,0,2.2
52,20,1,0,2.2
52,20,2,0,2.2
52,20,3,0,2.2
52,20,4,0,2.2
52,20,5,0,2.2
52,20,6,0,2.2
52,20,7,0,2.2
52,20,8,0,2.2
52,20,9,0,2.2
52,20,10,0,2.2
52,20,11,0,2.2
52,20,12,0,2.2
52,20,13,0,2.2
52,20,14,0,2.2
52,20,15,0,2.2
52,20,16,0,2.2
52,20,17,0,2.2
52,20,18,0,2.2
52,20,19,0,2.2
52,20,20,0,2.2
52,20,21,0,2.2
52,20,22,0,2.2
52,20,23,0,2.2
52,20,24,0,2.2
52,20,25,0,2.2
52,20,26,0,2.2
52,20,27,0,2.2
52,20,28,0,2.2
52,20,29,0,2.2
52,20,30,0,2.2
52,20,31,44,2.2
52,20,32,0,2.2
52,20,33,0,2.2
52,20,34,0,2.2
52,20,35,0,2.2
52,20,36,0,2.2
52,20,37,0,2.2
52,20,38,0,2.2
52,20,39,0,2.2
52,20,40,0,2.2
52,20,41,0,2.2
52,20,42,0,2.2
52,20,43,0,2.2
52,20,44,0,2.2
52,20,45,0,2.2
52,20,46,0,2.2
52,20,47,0,2.2
52,20,48,0,2.2
52,20,49,0,2.2
52,20,50,0,2.2
52,20,51,0,2.2
52,20,52,0,2.2
52,20,53,0,2.2
52,20,54,0,2.2
52,20,55,0,2.2
52,20,56,0,2.2
52,20,57,0,2.2
52,20,58,0,2.2
52,20,59,0,2.2
52,20,60,0,2.2
52,20,61,0,2.2
52,20,62,0,2.2
52,20,63,0,2.2
52,21,0,0,2.14286
52,21,1,0,2.14286
52,21,2,0,2.14286
52,21,3,0,2.14286
52,21,4,0,2.14286
52,21,5,0,2.14286
52,21,6,0,2.14286
52,21,7,0,2.14286
52,21,8,0,2.14286
52,21,9,0,2.14286
52,21,10,0,2.14286
52,21,11,0,2.14286
52,21,12,0,2.14286
52,21,13,0,2.14286
52,21,14,0,2.14286
52,21,15,0,2.14286
52,21,16,0,2.14286
52,21,17,0,2.14286
52,21,18,0,2.14286
52,21,19,0,2.14286
52,21,20,0,2.14286
52,21,21,0,2.14286
52,21,22,0,2.14286
52,21,23,0,2.14286
52,21,24,0,2.14286
52,21,25,0,2.14286
52,21,26,0,2.14286
52,21,27,0,2.14286
52,21,28,0,2.14286
52,21,29,0,2.14286
52,21,30,0,2.14286
52,21,31,45,2.14286
52,21,32,0,2.14286
52,21,33,0,2.14286
52,21,34,0,2.14286
52,21,35,0,2.14286
52,21,36,0,2.14286
52,21,37,0,2.14286
52,21,38,0,2.14286
52,21,39,0,2.14286
52,21,40,0,2.14286
52,21,41,0,2.14286
52,21,42,0,2.14286
52,21,43,0,2.14286
52,21,44,0,2.14286
52,21,45,0,2.14286
52,21,46,0,2.14286
52,21,47,0,2.14286
52,21,48,0,2.14286
52,21,49,0,2.14286
52,21,50,0,2.14286
52,21,51,0,2.14286
52,21,52,0,2.14286
52,21,53,0,2.14286
52,21,54,0,2.14286
52,21,55,0,2.14286
52,21,56,0,2.14286
52,21,57,0,2.14286
52,21,58,0,2.14286
52,21,59,0,2.14286
52,21,60,0,2.14286
52,21,61,0,2.14286
52,21,62,0,2.14286
52,21,63,0,2.14286
52,22,0,0,2.13636
52,22,1,0,2.13636
52,22,2,0,2.13636
52,22,3,0,2.13636
52,22,4,0,2.13636
52,22,5,0,2.13636
52,22,6,0,2.13636
52,22,7,0,2.13636
52,22,8,0,2.13636
52,22,9,0,2.13636
52,22,10,0,2.13636
52,22,11,0,2.13636
52,22,12,0,2.13636
52,22,13,0,2.13636
52,22,14,0,2.13636
52,22,15,0,2.13636
52,22,16,0,2.13636
52,22,17,0,2.13636
52,22,18,0,2.13636
52,22,19,0,2.13636
52,22,20,0,2.13636
52,22,21,0,2.13636
52,22,22,0,2.13636
52,22,23,0,2.13636
52,22,24,0,2.13636
52,22,25,0,2.13636
52,22,26,0,2.13636
52,22,27,0,2.13636
52,22,28,0,2.13636
52,22,29,0,2.13636
52,22,30,0,2.13636
52,22,31,47,2.13636
52,22,32,0,2.13636
52,22,33,0,2.13636
52,22,34,0,2.13636
52,22,35,0,2.13636
52,22,36,0,2.13636
52,22,37,0,2.13636
52,22,38,0,2.13636
52,22,39,0,2.13636
52,22,40,0,2.13636
52,22,41,0,2.13636
52,22,42,0,2.13636
52,22,43,0,2.13636
52,22,44,0,2.13636
52,22,45,0,2.13636
52,22,46,0,2.13636
52,22,47,0,2.13636
52,22,48,0,2.13636
52,22,49,0,2.13636
52,22,50,0,2.13636
52,22,51,0,2.13636
52,22,52,0,2.13636
52,22,53,0,2.13636
52,22,54,0,2.13636
52,22,55,0,2.13636
52,22,56,0,2.13636
52,22,57,0,2.13636
52,22,58,0,2.13636
52,22,59,0,2.13636
52,22,60,0,2.13636
52,22,61,0,2.13636
52,22,62,0,2.13636
52,22,63,0,2.13636
52,23,0,0,2.21739
52,23,1,0,2.21739
52,23,2,0,2.21739
52,23,3,0,2.21739
52,23,4,0,2.21739
52,23,5,0,2.21739
52,23,6,0,2.21739
52,23,7,0,2.21739
52,23,8,0,2.21739
52,23,9,0,2.21739
52,23,10,0,2.21739
52,23,11,0,2.21739
52,23,12,0,2.21739
52,23,13,0,2.21739
52,23,14,0,2.21739
52,23,15,0,2.21739
52,23,16,0,2.21739
52,23,17,0,2.21739
52,23,18,0,2.21739
52,23,19,0,2.21739
52,23,20,0,2.21739
52,23,21,0,2.21739
52,23,22,0,2.21739
52,23,23,0,2.21739
52,23,24,0,2.21739
52,23,25,0,2.21739
52,23,26,0,2.21739
52,23,27,0,2.21739
52,23,28,0,2.21739
52,23,29,0,2.21739
52,23,30,0,2.21739
52,23,31,51,2.21739
52,23,32,0,2.21739
52,23,33,0,2.21739
52,23,34,0,2.21739
52,23,35,0,2.21739
52,23,36,0,2.21739
52,23,37,0,2.21739
52,23,38,0,2.21739
52,23,39,0,2.21739
52,23,40,0,2.21739
52,23,41,0,2.21739
52,23,42,0,2.21739
52,23,43,0,2.21739
52,23,44,0,2.21739
52,23,45,0,2.21739
52,23,46,0,2.21739
52,23,47,0,2.21739
52,23,48,0,2.21739
52,23,49,0,2.21739
52,23,50,0,2.21739
52,23,51,0,2.21739
52,23,52,0,2.21739
52,23,53,0,2.21739
52,23,54,0,2.21739
52,23,55,0,2.21739
52,23,56,0,2.21739
52,23,57,0,2.21739
52,23,58,0,2.21739
52,23,59,0,2.21739
52,23,60,0,2.21739
52,23,61,0,2.21739
52,23,62,0,2.21739
52,23,63,0,2.21739
52,24,0,0,2.29167
52,24,1,0,2.29167
52,24,2,0,2.29167
52,24,3,0,2.29167
52,24,4,0,2.29167
52,24,5,0,2.29167
52,24,6,0,2.29167
52,24,7,0,2.29167
52,24,8,0,2.29167
52,24,9,0,2.29167
52,24,10,0,2.29167
52,24,11,0,2.29167
52,24,12,0,2.29167
52,24,13,0,2.29167
52,24,14,0,2.29167
52,24,15,0,2.29167
52,24,16,0,2.29167
52,24,17,0,2.29167
52,24,18,0,2.29167
52,24,19,0,2.29167
52,24,20,0,2.29167
52,24,21,0,2.29167
52,24,22,0,2.29167
52,24,23,0,2.29167
52,24,24,0,2.29167
52,24,25,0,2.29167
52,24,26,0,2.29167
52,24,27,0,2.29167
52,24,28,0,2.29167
52,24,29,0,2.29167
52,24,30,0,2.29167
52,24,31,55,2.29167
52,24,32,0,2.29167
52,24,33,0,2.29167
52,24,34,0,2.29167
52,24,35,0,2.29167
52,24,36,0,2.29167
52,24,37,0,2.29167
52,24,38,0,2.29167
52,24,39,0,2.29167
52,24,40,0,2.29167
52,24,41,0,2.29167
52,24,42,0,2.29167
52,24,43,0,2.29167
52,24,44,0,2.29167
52,24,45,0,2.29167
52,24,46,0,2.29167
52,24,47,0,2.29167
52,24,48,0,2.29167
52,24,49,0,2.29167
52,24,50,0,2.29167
52,24,51,0,2.29167
52,24,52,0,2.29167
52,24,53,0,2.29167
52,24,54,0,2.29167
52,24,55,0,2.29167
52,24,56,0,2.29167
52,24,57,0,2.29167
52,24,58,0,2.29167
52,24,59,0,2.29167
52,24,60,0,2.29167
52,24,61,0,2.29167
52,24,62,0,2.29167
52,24,63,0,2.29167
52,25,0,0,2.32
52,25,1,0,2.32
52,25,2,0,2.32
52,25,3,0,2.32
52,25,4,0,2.32
52,25,5,0,2.32
52,25,6,0,2.32
52,25,7,0,2.32
52,25,8,0,2.32
52,25,9,0,2.32
52,25,10,0,2.32
52,25,11,0,2.32
52,25,12,0,2.32
52,25,13,0,2.32
52,25,14,0,2.32
52,25,15,0,2.32
52,25,16,0,2.32
52,25,17,0,2.32
52,25,18,0,2.32
52,25,19,0,2.32
52,25,20,0,2.32
52,25,21,0,2.32
52,25,22,0,2.32
52,25,23,0,2.32
52,25,24,0,2.32
52,25,25,0,2.32
52,25,26,0,2.32
52,25,27,0,2.32
52,25,28,0,2.32
52,25,29,0,2.32
52,25,30,0,2.32
52,25,31,58,2.32
52,25,32,0,2.32
52,25,33,0,2.32
52,25,34,0,2.32
52,25,35,0,2.32
52,25,36,0,2.32
52,25,37,0,2.32
52,25,38,0,2.32
52,25,39,0,2.32
52,25,40,0,2.32
52,25,41,0,2.32
52,25,42,0,2.32
52,25,43,0,2.32
52,25,44,0,2.32
52,25,45,0,2.32
52,25,46,0,2.32
52,25,47,0,2.32
52,25,48,0,2.32
52,25,49,0,2.32
52,25,50,0,2.32
52,25,51,0,2.32
52,25,52,0,2.32
52,25,53,0,2.32
52,25,54,0,2.32
52,25,55,0,2.32
52,25,56,0,2.32
52,25,57,0,2.32
52,25,58,0,2.32
52,25,59,0,2.32
52,25,60,0,2.32
52,25,61,0,2.32
52,25,62,0,2.32
52,25,63,0,2.32
52,26,0,0,2.34615
52,26,1,0,2.34615
52,26,2,0,2.34615
52,26,3,0,2.34615
52,26,4,0,2.34615
52,26,5,0,2.34615
52,26,6,0,2.34615
52,26,7,0,2.34615
52,26,8,0,2.34615
52,26,9,0,2.34615
52,26,10,0,2.34615
52,26,11,0,2.34615
52,26,12,0,2.34615
52,26,13,0,2.34615
52,26,14,0,2.34615
52,26,15,0,2.34615
52,26,16,0,2.34615
52,26,17,0,2.34615
52,26,18,0,2.34615
52,26,19,0,2.34615
52,26,20,0,2.34615
52,26,21,0,2.34615
52,26,22,0,2.34615
52,26,23,0,2.34615
52,26,24,0,2.34615
52,26,25,0,2.34615
52,26,26,0,2.34615
52,26,27,0,2.34615
52,26,28,0,2.34615
52,26,29,0,2.34615
52,26,30,0,2.34615
52,26,31,61,2.34615
52,26,32,0,2.34615
52,26,33,0,2.34615
52,26,34,0,2.34615
52,26,35,0,2.34615
52,26,36,0,2.34615
52,26,37,0,2.34615
52,26,38,0,2.34615
52,26,39,0,2.34615
52,26,40,0,2.34615
52,26,41,0,2.34615
52,26,42,0,2.34615
52,26,43,0,2.34615
52,26,44,0,2.34615
52,26,45,0,2.34615
52,26,46,0,2.34615
52,26,47,0,2.34615
52,26,48,0,2.34615
52,26,49,0,2.34615
52,26,50,0,2.34615
52,26,51,0,2.34615
52,26,52,0,2.34615
52,26,53,0,2.34615
52,26,54,0,2.34615
52,26,55,0,2.34615
52,26,56,0,2.34615
52,26,57,0,2.34615
52,26,58,0,2.34615
52,26,59,0,2.34615
52,26,60,0,2.34615
52,26,61,0,2.34615
52,26,62,0,2.34615
52,26,63,0,2.34615
52,27,0,0,2.37037
52,27,1,0,2.37037
52,27,2,0,2.37037
52,27,3,0,2.37037
52,27,4,0,2.37037
52,27,5,0,2.37037
52,27,6,0,2.37037
52,27,7,0,2.37037
52,27,8,0,2.37037
52,27,9,0,2.37037
52,27,10,0,2.37037
52,27,11,0,2.37037
52,27,12,0,2.37037
52,27,13,0,2.37037
52,27,14,0,2.37037
52,27,15,0,2.37037
52,27,16,0,2.37037
52,27,17,0,2.37037
52,27,18,0,2.37037
52,27,19,0,2.37037
52,27,20,0,2.37037
52,27,21,0,2.37037
52,27,22,0,2.37037
52,27,23,0,2.37037
52,27,24,0,2.37037
52,27,25,0,2.37037
52,27,26,0,2.37037
52,27,27,0,2.37037
52,27,28,0,2.37037
52,27,29,0,2.37037
52,27,30,0,2.37037
52,27,31,64,2.37037
52,27,32,0,2.37037
52,27,33,0,2.37037
52,27,34,0,2.37037
52,27,35,0,2.37037
52,27,36,0,2.37037
52,27,37,0,2.37037
52,27,38,0,2.37037
52,27,39,0,2.37037
52,27,40,0,2.37037
52,27,41,0,2.37037
52,27,42,0,2.37037
52,27,43,0,2.37037
52,27,44,0,2.37037
52,27,45,0,2.37037
52,27,46,0,2.37037
52,27,47,0,2.37037
52,27,48,0,2.37037
52,27,49,0,2.37037
52,27,50,0,2.37037
52,27,51,0,2.37037
52,27,52,0,2.37037
52,27,53,0,2.37037
52,27,54,0,2.37037
52,27,55,0,2.37037
52,27,56,0,2.37037
52,27,57,0,2.37037
52,27,58,0,2.37037
52,27,59,0,2.37037
52,27,60,0,2.37037
52,27,61,0,2.37037
52,27,62,0,2.37037
52,27,63,0,2.37037
52,28,0,0,2.28571
52,28,1,0,2.28571
52,28,2,0,2.28571
52,28,3,0,2.28571
52,28,4,0,2.28571
52,28,5,0,2.28571
52,28,6,0,2.28571
52,28,7,0,2.28571
52,28,8,0,2.28571
52,28,9,0,2.28571
52,28,10,0,2.28571
52,28,11,0,2.28571
52,28,12,0,2.28571
52,28,13,0,2.28571
52,28,14,0,2.28571
52,28,15,0,2.28571
52,28,16,0,2.28571
52,28,17,0,2.28571
52,28,18,0,2.28571
52,28,19,0,2.28571
52,28,20,0,2.28571
52,28,21,0,2.28571
52,28,22,0,2.28571
52,28,23,0,2.28571
52,28,24,0,2.28571
52,28,25,0,2.28571
52,28,26,0,2.28571
52,28,27,0,2.28571
52,28,28,0,2.28571
52,28,29,0,2.28571
52,28,30,0,2.28571
52,28,31,64,2.28571
52,28,32,0,2.28571
52,28,33,0,2.28571
52,28,34,0,2.28571
52,28,35,0,2.28571
52,28,36,0,2.28571
52,28,37,0,2.28571
52,28,38,0,2.28571
52,28,39,0,2.28571
52,28,40,0,2.28571
52,28,41,0,2.28571
52,28,42,0,2.28571
52,28,43,0,2.28571
52,28,44,0,2.28571
52,28,45,0,2.28571
52,28,46,0,2.28571
52,28,47,0,2.28571
52,28,48,0,2.28571
52,28,49,0,2.28571
52,28,50,0,2.28571
52,28,51,0,2.28571
52,28,52,0,2.28571
52,28,53,0,2.28571
52,28,54,0,2.28571
52,28,55,0,2.28571
52,28,56,0,2.28571
52,28,57,0,2.28571
52,28,58,0,2.28571
52,28,59,0,2.28571
52,28,60,0,2.28571
52,28,61,0,2.28571
52,28,62,0,2.28571
52,28,63,0,2.28571
52,29,0,0,2.27586
52,29,1,0,2.27586
52,29,2,0,2.27586
52,29,3,0,2.27586
52,29,4,0,2.27586
52,29,5,0,2.27586
52,29,6,0,2.27586
52,29,7,0,2.27586
52,29,8,0,2.27586
52,29,9,0,2.27586
52,29,10,0,2.27586
52,29,11,0,2.27586
52,29,12,0,2.27586
52,29,13,0,2.27586
52,29,14,0,2.27586
52,29,15,0,2.27586
52,29,16,0,2.27586
52,29,17,0,2.27586
52,29,18,0,2.27586
52,29,19,0,2.27586
52,29,20,0,2.27586
52,29,21,0,2.27586
52,29,22,0,2.27586
52,29,23,0,2.27586
52,29,24,0,2.27586
52,29,25,0,2.27586
52,29,26,0,2.27586
52,29,27,0,2.27586
52,29,28,0,2.27586
52,29,29,0,2.27586
52,29,30,0,2.27586
52,29,31,66,2.27586
52,29,32,0,2.27586
52,29,33,0,2.27586
52,29,34,0,2.27586
52,29,35,0,2.27586
52,29,36,0,2.27586
52,29,37,0,2.27586
52,29,38,0,2.27586
52,29,39,0,2.27586
52,29,40,0,2.27586
52,29,41,0,2.27586
52,29,42,0,2.27586
52,29,43,0,2.27586
52,29,44,0,2.27586
52,29,45,0,2.27586
52,29,46,0,2.27586
52,29,47,0,2.27586
52,29,48,0,2.27586
52,29,49,0,2.27586
52,29,50,0,2.27586
52,29,51,0,2.27586
52,29,52,0,2.27586
52,29,53,0,2.27586
52,29,54,0,2.27586
52,29,55,0,2.27586
52,29,56,0,2.27586
52,29,57,0,2.27586
52,29,58,0,2.27586
52,29,59,0,2.27586
52,29,60,0,2.27586
52,29,61,0,2.27586
52,29,62,0,2.27586
52,29,63,0,2.27586
52,30,0,0,2.23333
52,30,1,0,2.23333
52,30,2,0,2.23333
52,30,3,0,2.23333
52,30,4,0,2.23333
52,30,5,0,2.23333
52,30,6,0,2.23333
52,30,7,0,2.23333
52,30,8,0,2.23333
52,30,9,0,2.23333
52,30,10,0,2.23333
52,30,11,0,2.23333
52,30,12,0,2.23333
52,30,13,0,2.23333
52,30,14,0,2.23333
52,30,15,0,2.23333
52,30,16,0,2.23333
52,30,17,0,2.23333
52,30,18,0,2.23333
52,30,19,0,2.23333
52,30,20,0,2.23333
52,30,21,0,2.23333
52,30,22,0,2.23333
52,30,23,0,2.23333
52,30,24,0,2.23333
52,30,25,0,2.23333
52,30,26,0,2.23333
52,30,27,0,2.23333
52,30,28,0,2.23333
52,30,29,0,2.23333
52,30,30,0,2.23333
52,30,31,67,2.23333
52,30,32,0,2.23333
52,30,33,0,2.23333
52,30,34,0,2.23333
52,30,35,0,2.23333
52,30,36,0,2.23333
52,30,37,0,2.23333
52,30,38,0,2.23333
52,30,39,0,2.23333
52,30,40,0,2.23333
52,30,41,0,2.23333
52,30,42,0,2.23333
52,30,43,0,2.23333
52,30,44,0,2.23333
52,30,45,0,2.23333
52,30,46,0,2.23333
52,30,47,0,2.23333
52,30,48,0,2.23333
52,30,49,0,2.23333
52,30,50,0,2.23333
52,30,51,0,2.23333
52,30,52,0,2.23333
52,30,53,0,2.23333
52,30,54,0,2.23333
52,30,55,0,2.23333
52,30,56,0,2.23333
52,30,57,0,2.23333
52,30,58,0,2.23333
52,30,59,0,2.23333
52,30,60,0,2.23333
52,30,61,0,2.23333
52,30,62,0,2.23333
52,30,63,0,2.23333
52,31,0,0,2.29032
52,31,1,0,2.29032
52,31,2,0,2.29032
52,31,3,0,2.29032
52,31,4,0,2.29032
52,31,5,0,2.29032
52,31,6,0,2.29032
52,31,7,0,2.29032
52,31,8,0,2.29032
52,31,9,0,2.29032
52,31,10,0,2.29032
52,31,11,0,2.29032
52,31,12,0,2.29032
52,31,13,0,2.29032
52,31,14,0,2.29032
52,31,15,0,2.29032
52,31,16,0,2.29032
52,31,17,0,2.29032
52,31,18,0,2.29032
52,31,19,0,2.29032
52,31,20,0,2.29032
52,31,21,0,2.29032
52,31,22,0,2.29032
52,31,23,0,2.29032
52,31,24,0,2.29032
52,31,25,0,2.29032
52,31,26,0,2.29032
52,31,27,0,2.29032
52,31,28,0,2.29032
52,31,29,0,2.29032
52,31,30,0,2.29032
52,31,31,71,2.29032
52,31,32,0,2.29032
52,31,33,0,2.29032
52,31,34,0,2.29032
52,31,35,0,2.29032
52,31,36,0,2.29032
52,31,37,0,2.29032
52,31,38,0,2.29032
52,31,39,0,2.29032
52,31,40,0,2.29032
52,31,41,0,2.29032
52,31,42,0,2.29032
52,31,43,0,2.29032
52,31,44,0,2.29032
52,31,45,0,2.29032
52,31,46,0,2.29032
52,31,47,0,2.29032
52,31,48,0,2.29032
52,31,49,0,2.29032
52,31,50,0,2.29032
52,31,51,0,2.29032
52,31,52,0,2.29032
52,31,53,0,2.29032
52,31,54,0,2.29032
52,31,55,0,2.29032
52,31,56,0,2.29032
52,31,57,0,2.29032
52,31,58,0,2.29032
52,31,59,0,2.29032
52,31,60,0,2.29032
52,31,61,0,2.29032
52,31,62,0,2.29032
52,31,63,0,2.29032
52,32,0,0,2.25
52,32,1,0,2.25
52,32,2,0,2.25
52,32,3,0,2.25
52,32,4,0,2.25
52,32,5,0,2.25
52,32,6,0,2.25
52,32,7,0,2.25
52,32,8,0,2.25
52,32,9,0,2.25
52,32,10,0,2.25
52,32,11,0,2.25
52,32,12,0,2.25
52,32,13,0,2.25
52,32,14,0,2.25
52,32,15,0,2.25
52,32,16,0,2.25
52,32,17,0,2.25
52,32,18,0,2.25
52,32,19,0,2.25
52,32,20,0,2.25
52,32,21,0,2.25
52,32,22,0,2.25
52,32,23,0,2.25
52,32,24,0,2.25
52,32,25,0,2.25
52,32,26,0,2.25
52,32,27,0,2.25
52,32,28,0,2.25
52,32,29,0,2.25
52,32,30,0,2.25
52,32,31,72,2.25
52,32,32,0,2.25
52,32,33,0,2.25
52,32,34,0,2.25
52,32,35,0,2.25
52,32,36,0,2.25
52,32,37,0,2.25
52,32,38,0,2.25
52,32,39,0,2.25
52,32,40,0,2.25
52,32,41,0,2.25
52,32,42,0,2.25
52,32,43,0,2.25
52,32,44,0,2.25
52,32,45,0,2.25
52,32,46,0,2.25
52,32,47,0,2.25
52,32,48,0,2.25
52,32,49,0,2.25
52,32,50,0,2.25
52,32,51,0,2.25
52,32,52,0,2.25
52,32,53,0,2.25
52,32,54,0,2.25
52,32,55,0,2.25
52,32,56,0,2.25
52,32,57,0,2.25
52,32,58,0,2.25
52,32,59,0,2.25
52,32,60,0,2.25
52,32,61,0,2.25
52,32,62,0,2.25
52,32,63,0,2.25
52,33,0,0,2.30303
52,33,1,0,2.30303
52,33,2,0,2.30303
52,33,3,0,2.30303
52,33,4,0,2.30303
52,33,5,0,2.30303
52,33,6,0,2.30303
52,33,7,0,2.30303
52,33,8,0,2.30303
52,33,9,0,2.30303
52,33,10,0,2.30303
52,33,11,0,2.30303
52,33,12,0,2.30303
52,33,13,0,2.30303
52,33,14,0,2.30303
52,33,15,0,2.30303
52,33,16,0,2.30303
52,33,17,0,2.30303
52,33,18,0,2.30303
52,33,19,0,2.30303
52,33,20,0,2.30303
52,33,21,0,2.30303
52,33,22,0,2.30303
52,33,23,0,2.30303
52,33,24,0,2.30303
52,33,25,0,2.30303
52,33,26,0,2.30303
52,33,27,0,2.30303
52,33,28,0,2.30303
52,33,29,0,2.30303
52,33,30,0,2.30303
52,33,31,76,2.30303
52,33,32,0,2.30303
52,33,33,0,2.30303
52,33,34,0,2.30303
52,33,35,0,2.30303
52,33,36,0,2.30303
52,33,37,0,2.30303
52,33,38,0,2.30303
52,33,39,0,2.30303
52,33,40,0,2.30303
52,33,41,0,2.30303
52,33,42,0,2.30303
52,33,43,0,2.30303
52,33,44,0,2.30303
52,33,45,0,2.30303
52,33,46,0,2.30303
52,33,47,0,2.30303
52,33,48,0,2.30303
52,33,49,0,2.30303
52,33,50,0,2.30303
52,33,51,0,2.30303
52,33,52,0,2.30303
52,33,53,0,2.30303
52,33,54,0,2.30303
52,33,55,0,2.30303
52,33,56,0,2.30303
52,33,57,0,2.30303
52,33,58,0,2.30303
52,33,59,0,2.30303
52,33,60,0,2.30303
52,33,61,0,2.30303
52,33,62,0,2.30303
52,33,63,0,2.30303
52,34,0,0,2.26471
52,34,1,0,2.26471
52,34,2,0,2.26471
52,34,3,0,2.26471
52,34,4,0,2.26471
52,34,5,0,2.26471
52,34,6,0,2.26471
52,34,7,0,2.26471
52,34,8,0,2.26471
52,34,9,0,2.26471
52,34,10,0,2.26471
52,34,11,0,2.26471
52,34,12,0,2.26471
52,34,13,0,2.26471
52,34,14,0,2.26471
52,34,15,0,2.26471
52,34,16,0,2.26471
52,34,17,0,2.26471
52,34,18,0,2.26471
52,34,19,0,2.26471
52,34,20,0,2.26471
52,34,21,0,2.26471
52,34,22,0,2.26471
52,34,23,0,2.26471
52,34,24,0,2.26471
52,34,25,0,2.26471
52,34,26,0,2.26471
52,34,27,0,2.26471
52,34,28,0,2.26471
52,34,29,0,2.26471
52,34,30,0,2.26471
52,34,31,77,2.26471
52,34,32,0,2.26471
52,34,33,0,2.26471
52,34,34,0,2.26471
52,34,35,0,2.26471
52,34,36,0,2.26471
52,34,37,0,2.26471
52,34,38,0,2.26471
52,34,39,0,2.26471
52,34,40,0,2.26471
52,34,41,0,2.26471
52,34,42,0,2.26471
52,34,43,0,2.26471
52,34,44,0,2.26471
52,34,45,0,2.26471
52,34,46,0,2.26471
52,34,47,0,2.26471
52,34,48,0,2.26471
52,34,49,0,2.26471
52,34,50,0,2.26471
52,34,51,0,2.26471
52,34,52,0,2.26471
52,34,53,0,2.26471
52,34,54,0,2.26471
52,34,55,0,2.26471
52,34,56,0,2.26471
52,34,57,0,2.26471
52,34,58,0,2.26471
52,34,59,0,2.26471
52,34,60,0,2.26471
52,34,61,0,2.26471
52,34,62,0,2.26471
52,34,63,0,2.26471
52,35,0,0,2.31429
52,35,1,0,2.31429
52,35,2,0,2.31429
52,35,3,0,2.31429
52,35,4,0,2.31429
52,35,5,0,2.31429
52,35,6,0,2.31429
52,35,7,0,2.31429
52,35,8,0,2.31429
52,35,9,0,2.31429
52,35,10,0,2.31429
52,35,11,0,2.31429
52,35,12,0,2.31429
52,35,13,0,2.31429
52,35,14,0,2.31429
52,35,15,0,2.31429
52,35,16,0,2.31429
52,35,17,0,2.31429
52,35,18,0,2.31429
52,35,19,0,2.31429
52,35,20,0,2.31429
52,35,21,0,2.31429
52,35,22,0,2.31429
52,35,23,0,2.31429
52,35,24,0,2.31429
52,35,25,0,2.31429
52,35,26,0,2.31429
52,35,27,0,2.31429
52,35,28,0,2.31429
52,35,29,0,2.31429
52,35,30,0,2.31429
52,35,31,81,2.31429
52,35,32,0,2.31429
52,35,33,0,2.31429
52,35,34,0,2.31429
52,35,35,0,2.31429
52,35,36,0,2.31429
52,35,37,0,2.31429
52,35,38,0,2.31429
52,35,39,0,2.31429
52,35,40,0,2.31429
52,35,41,0,2.31429
52,35,42,0,2.31429
52,35,43,0,2.31429
52,35,44,0,2.31429
52,35,45,0,2.31429
52,35,46,0,2.31429
52,35,47,0,2.31429
52,35,48,0,2.31429
52,35,49,0,2.31429
52,35,50,0,2.31429
52,35,51,0,2.31429
52,35,52,0,2.31429
52,35,53,0,2.31429
52,35,54,0,2.31429
52,35,55,0,2.31429
52,35,56,0,2.31429
52,35,57,0,2.31429
52,35,58,0,2.31429
52,35,59,0,2.31429
52,35,60,0,2.31429
52,35,61,0,2.31429
52,35,62,0,2.31429
52,35,63,0,2.31429
52,36,0,0,2.27778
52,36,1,0,2.27778
52,36,2,0,2.27778
52,36,3,0,2.27778
52,36,4,0,2.27778
52,36,5,0,2.27778
52,36,6,0,2.27778
52,36,7,0,2.27778
52,36,8,0,2.27778
52,36,9,0,2.27778
52,36,10,0,2.27778
52,36,11,0,2.27778
52,36,12,0,2.27778
52,36,13,0,2.27778
52,36,14,0,2.27778
52,36,15,0,2.27778
52,36,16,0,2.27778
52,36,17,0,2.27778
52,36,18,0,2.27778
52,36,19,0,2.27778
52,36,20,0,2.27778
52,36,21,0,2.27778
52,36,22,0,2.27778
52,36,23,0,2.27778
52,36,24,0,2.27778
52,36,25,0,2.27778
52,36,26,0,2.27778
52,36,27,0,2.27778
52,36,28,0,2.27778
52,36,29,0,2.27778
52,36,30,0,2.27778
52,36,31,82,2.27778
52,36,32,0,2.27778
52,36,33,0,2.27778
52,36,34,0,2.27778
52,36,35,0,2.27778
52,36,36,0,2.27778
52,36,37,0,2.27778
52,36,38,0,2.27778
52,36,39,0,2.27778
52,36,40,0,2.27778
52,36,41,0,2.27778
52,36,42,0,2.27778
52,36,43,0,2.27778
52,36,44,0,2.27778
52,36,45,0,2.27778
52,36,46,0,2.27778
52,36,47,0,2.27778
52,36,48,0,2.27778
52,36,49,0,2.27778
52,36,50,0,2.27778
52,36,51,0,2.27778
52,36,52,0,2.27778
52,36,53,0,2.27778
52,36,54,0,2.27778
52,36,55,0,2.27778
52,36,56,0,2.27778
52,36,57,0,2.27778
52,36,58,0,2.27778
52,36,59,0,2.27778
52,36,60,0,2.27778
52,36,61,0,2.27778
52,36,62,0,2.27778
52,36,63,0,2.27778
52,37,0,0,2.27027
52,37,1,0,2.27027
52,37,2,0,2.27027
52,37,3,0,2.27027
52,37,4,0,2.27027
52,37,5,0,2.27027
52,37,6,0,2.27027
52,37,7,0,2.27027
52,37,8,0,2.27027
52,37,9,0,2.27027
52,37,10,0,2.27027
52,37,11,0,2.27027
52,37,12,0,2.27027
52,37,13,0,2.27027
52,37,14,0,2.27027
52,37,15,0,2.27027
52,37,16,0,2.27027
52,37,17,0,2.27027
52,37,18,0,2.27027
52,37,19,0,2.27027
52,37,20,0,2.27027
52,37,21,0,2.27027
52,37,22,0,2.27027
52,37,23,0,2.27027
52,37,24,0,2.27027
52,37,25,0,2.27027
52,37,26,0,2.27027
52,37,27,0,2.27027
52,37,28,0,2.27027
52,37,29,0,2.27027
52,37,30,0,2.27027
52,37,31,84,2.27027
52,37,32,0,2.27027
52,37,33,0,2.27027
52,37,34,0,2.27027
52,37,35,0,2.27027
52,37,36,0,2.27027
52,37,37,0,2.27027
52,37,38,0,2.27027
52,37,39,0,2.27027
52,37,40,0,2.27027
52,37,41,0,2.27027
52,37,42,0,2.27027
52,37,43,0,2.27027
52,37,44,0,2.27027
52,37,45,0,2.27027
52,37,46,0,2.27027
52,37,47,0,2.27027
52,37,48,0,2.27027
52,37,49,0,2.27027
52,37,50,0,2.27027
52,37,51,0,2.27027
52,37,52,0,2.27027
52,37,53,0,2.27027
52,37,54,0,2.27027
52,37,55,0,2.27027
52,37,56,0,2.27027
52,37,57,0,2.27027
52,37,58,0,2.27027
52,37,59,0,2.27027
52,37,60,0,2.27027
52,37,61,0,2.27027
52,37,62,0,2.27027
52,37,63,0,2.27027
52,38,0,0,2.28947
52,38,1,0,2.28947
52,38,2,0,2.28947
52,38,3,0,2.28947
52,38,4,0,2.28947
52,38,5,0,2.28947
52,38,6,0,2.28947
52,38,7,0,2.28947
52,38,8,0,2.28947
52,38,9,0,2.28947
52,38,10,0,2.28947
52,38,11,0,2.28947
52,38,12,0,2.28947
52,38,13,0,2.28947
52,38,14,0,2.28947
52,38,15,0,2.28947
52,38,16,0,2.28947
52,38,17,0,2.28947
52,38,18,0,2.28947
52,38,19,0,2.28947
52,38,20,0,2.28947
52,38,21,0,2.28947
52,38,22,0,2.28947
52,38,23,0,2.28947
52,38,24,0,2.28947
52,38,25,0,2.28947
52,38,26,0,2.28947
52,38,27,0,2.28947
52,38,28,0,2.28947
52,38,29,0,2.28947
52,38,30,0,2.28947
52,38,31,87,2.28947
52,38,32,0,2.28947
52,38,33,0,2.28947
52,38,34,0,2.28947
52,38,35,0,2.28947
52,38,36,0,2.28947
52,38,37,0,2.28947
52,38,38,0,2.28947
52,38,39,0,2.28947
52,38,40,0,2.28947
52,38,41,0,2.28947
52,38,42,0,2.28947
52,38,43,0,2.28947
52,38,44,0,2.28947
52,38,45,0,2.28947
52,38,46,0,2.28947
52,38,47,0,2.28947
52,38,48,0,2.28947
52,38,49,0,2.28947
52,38,50,0,2.28947
52,38,51,0,2.28947
52,38,52,0,2.28947
52,38,53,0,2.28947
52,38,54,0,2.28947
52,38,55,0,2.28947
52,38,56,0,2.28947
52,38,57,0,2.28947
52,38,58,0,2.28947
52,38,59,0,2.28947
52,38,60,0,2.28947
52,38,61,0,2.28947
52,38,62,0,2.28947
52,38,63,0,2.28947
52,39,0,0,2.30769
52,39,1,0,2.30769
52,39,2,0,2.30769
52,39,3,0,2.30769
52,39,4,0,2.30769
52,39,5,0,2.30769
52,39,6,0,2.30769
52,39,7,0,2.30769
52,39,8,0,2.30769
52,39,9,0,2.30769
52,39,10,0,2.30769
52,39,11,0,2.30769
52,39,12,0,2.30769
52,39,13,0,2.30769
52,39,14,0,2.30769
52,39,15,0,2.30769
52,39,16,0,2.30769
52,39,17,0,2.30769
52,39,18,0,2.30769
52,39,19,0,2.30769
52,39,20,0,2.30769
52,39,21,0,2.30769
52,39,22,0,2.30769
52,39,23,0,2.30769
52,39,24,0,2.30769
52,39,25,0,2.30769
52,39,26,0,2.30769
52,39,27,0,2.30769
52,39,28,0,2.30769
52,39,29,0,2.30769
52,39,30,0,2.30769
52,39,31,90,2.30769
52,39,32,0,2.30769
52,39,33,0,2.30769
52,39,34,0,2.30769
52,39,35,0,2.30769
52,39,36,0,2.30769
52,39,37,0,2.30769
52,39,38,0,2.30769
52,39,39,0,2.30769
52,39,40,0,2.30769
52,39,41,0,2.30769
52,39,42,0,2.30769
52,39,43,0,2.30769
52,39,44,0,2.30769
52,39,45,0,2.30769
52,39,46,0,2.30769
52,39,47,0,2.30769
52,39,48,0,2.30769
52,39,49,0,2.30769
52,39,50,0,2.30769
52,39,51,0,2.30769
52,39,52,0,2.30769
52,39,53,0,2.30769
52,39,54,0,2.30769
52,39,55,0,2.30769
52,39,56,0,2.30769
52,39,57,0,2.30769
52,39,58,0,2.30769
52,39,59,0,2.30769
52,39,60,0,2.30769
52,39,61,0,2.30769
52,39,62,0,2.30769
52,39,63,0,2.30769
52,40,0,0,2.325
52,40,1,0,2.325
52,40,2,0,2.325
52,40,3,0,2.325
52,40,4,0,2.325
52,40,5,0,2.325
52,40,6,0,2.325
52,40,7,0,2.325
52,40,8,0,2.325
52,40,9,0,2.325
52,40,10,0,2.325
52,40,11,0,2.325
52,40,12,0,2.325
52,40,13,0,2.325
52,40,14,0,2.325
52,40,15,0,2.325
52,40,16,0,2.325
52,40,17,0,2.325
52,40,18,0,2.325
52,40,19,0,2.325
52,40,20,0,2.325
52,40,21,0,2.325
52,40,22,0,2.325
52,40,23,0,2.325
52,40,24,0,2.325
52,40,25,0,2.325
52,40,26,0,2.325
52,40,27,0,2.325
52,40,28,0,2.325
52,40,29,0,2.325
52,40,30,0,2.325
52,40,31,93,2.325
52,40,32,0,2.325
52,40,33,0,2.325
52,40,34,0,2.325
52,40,35,0,2.325
52,40,36,0,2.325
52,40,37,0,2.325
52,40,38,0,2.325
52,40,39,0,2.325
52,40,40,0,2.325
52,40,41,0,2.325
52,40,42,0,2.325
52,40,43,0,2.325
52,40,44,0,2.325
52,40,45,0,2.325
52,40,46,0,2.325
52,40,47,0,2.325
52,40,48,0,2.325
52,40,49,0,2.325
52,40,50,0,2.325
52,40,51,0,2.325
52,40,52,0,2.325
52,40,53,0,2.325
52,40,54,0,2.325
52,40,55,0,2.325
52,40,56,0,2.325
52,40,57,0,2.325
52,40,58,0,2.325
52,40,59,0,2.325
52,40,60,0,2.325
52,40,61,0,2.325
52,40,62,0,2.325
52,40,63,0,2.325
52,41,0,0,2.36585
52,41,1,0,2.36585
52,41,2,0,2.36585
52,41,3,0,2.36585
52,41,4,0,2.36585
52,41,5,0,2.36585
52,41,6,0,2.36585
52,41,7,0,2.36585
52,41,8,0,2.36585
52,41,9,0,2.36585
52,41,10,0,2.36585
52,41,11,0,2.36585
52,41,12,0,2.36585
52,41,13,0,2.36585
52,41,14,0,2.36585
52,41,15,0,2.36585
52,41,16,0,2.36585
52,41,17,0,2.36585
52,41,18,0,2.36585
52,41,19,0,2.36585
52,41,20,0,2.36585
52,41,21,0,2.36585
52,41,22,0,2.36585
52,41,23,0,2.36585
52,41,24,0,2.36585
52,41,25,0,2.36585
52,41,26,0,2.36585
52,41,27,0,2.36585
52,41,28,0,2.36585
52,41,29,0,2.36585
52,41,30,0,2.36585
52,41,31,97,2.36585
52,41,32,0,2.36585
52,41,33,0,2.36585
52,41,34,0,2.36585
52,41,35,0,2.36585
52,41,36,0,2.36585
52,41,37,0,2.36585
52,41,38,0,2.36585
52,41,39,0,2.36585
52,41,40,0,2.36585
52,41,41,0,2.36585
52,41,42,0,2.36585
52,41,43,0,2.36585
52,41,44,0,2.36585
52,41,45,0,2.36585
52,41,46,0,2.36585
52,41,47,0,2.36585
52,41,48,0,2.36585
52,41,49,0,2.36585
52,41,50,0,2.36585
52,41,51,0,2.36585
52,41,52,0,2.36585
52,41,53,0,2.36585
52,41,54,0,2.36585
52,41,55,0,2.36585
52,41,56,0,2.36585
52,41,57,0,2.36585
52,41,58,0,2.36585
52,41,59,0,2.36585
52,41,60,0,2.36585
52,41,61,0,2.36585
52,41,62,0,2.36585
52,41,63,0,2.36585
52,42,0,0,2.38095
52,42,1,0,2.38095
52,42,2,0,2.38095
52,42,3,0,2.38095
52,42,4,0,2.38095
52,42,5,0,2.38095
52,42,6,0,2.38095
52,42,7,0,2.38095
52,42,8,0,2.38095
52,42,9,0,2.38095
52,42,10,0,2.38095
52,42,11,0,2.38095
52,42,12,0,2.38095
52,42,13,0,2.38095
52,42,14,0,2.38095
52,42,15,0,2.38095
52,42,16,0,2.38095
52,42,17,0,2.38095
52,42,18,0,2.38095
52,42,19,0,2.38095
52,42,20,0,2.38095
52,42,21,0,2.38095
52,42,22,0,2.38095
52,42,23,0,2.38095
52,42,24,0,2.38095
52,42,25,0,2.38095
52,42,26,0,2.38095
52,42,27,0,2.38095
52,42,28,0,2.38095
52,42,29,0,2.38095
52,42,30,0,2.38095
52,42,31,100,2.38095
52,42,32,0,2.38095
52,42,33,0,2.38095
52,42,34,0,2.38095
52,42,35,0,2.38095
52,42,36,0,2.38095
52,42,37,0,2.38095
52,42,38,0,2.38095
52,42,39,0,2.38095
52,42,40,0,2.38095
52,42,41,0,2.38095
52,42,42,0,2.38095
52,42,43,0,2.38095
52,42,44,0,2.38095
52,42,45,0,2.38095
52,42,46,0,2.38095
52,42,47,0,2.38095
52,42,48,0,2.38095
52,42,49,0,2.38095
52,42,50,0,2.38095
52,42,51,0,2.38095
52,42,52,0,2.38095
52,42,53,0,2.38095
52,42,54,0,2.38095
52,42,55,0,2.38095
52,42,56,0,2.38095
52,42,57,0,2.38095
52,42,58,0,2.38095
52,42,59,0,2.38095
52,42,60,0,2.38095
52,42,61,0,2.38095
52,42,62,0,2.38095
52,42,63,0,2.38095
52,43,0,0,2.39535
52,43,1,0,2.39535
52,43,2,0,2.39535
52,43,3,0,2.39535
52,43,4,0,2.39535
52,43,5,0,2.39535
52,43,6,0,2.39535
52,43,7,0,2.39535
52,43,8,0,2.39535
52,43,9,0,2.39535
52,43,10,0,2.39535
52,43,11,0,2.39535
52,43,12,0,2.39535
52,43,13,0,2.39535
52,43,14,0,2.39535
52,43,15,0,2.39535
52,43,16,0,2.39535
52,43,17,0,2.39535
52,43,18,0,2.39535
52,43,19,0,2.39535
52,43,20,0,2.39535
52,43,21,0,2.39535
52,43,22,0,2.39535
52,43,23,0,2.39535
52,43,24,0,2.39535
52,43,25,0,2.39535
52,43,26,0,2.39535
52,43,27,0,2.39535
52,43,28,0,2.39535
52,43,29,0,2.39535
52,43,30,0,2.39535
52,43,31,103,2.39535
52,43,32,0,2.39535
52,43,33,0,2.39535
52,43,34,0,2.39535
52,43,35,0,2.39535
52,43,36,0,2.39535
52,43,37,0,2.39535
52,43,38,0,2.39535
52,43,39,0,2.39535
52,43,40,0,2.39535
52,43,41,0,2.39535
52,43,42,0,2.39535
52,43,43,0,2.39535
52,43,44,0,2.39535
52,43,45,0,2.39535
52,43,46,0,2.39535
52,43,47,0,2.39535
52,43,48,0,2.39535
52,43,49,0,2.39535
52,43,50,0,2.39535
52,43,51,0,2.39535
52,43,52,0,2.39535
52,43,53,0,2.39535
52,43,54,0,2.39535
52,43,55,0,2.39535
52,43,56,0,2.39535
52,43,57,0,2.39535
52,43,58,0,2.39535
52,43,59,0,2.39535
52,43,60,0,2.39535
52,43,61,0,2.39535
52,43,62,0,2.39535
52,43,63,0,2.39535
52,44,0,0,2.36364
52,44,1,0,2.36364
52,44,2,0,2.36364
52,44,3,0,2.36364
52,44,4,0,2.36364
52,44,5,0,2.36364
52,44,6,0,2.36364
52,44,7,0,2.36364
52,44,8,0,2.36364
52,44,9,0,2.36364
52,44,10,0,2.36364
52,44,11,0,2.36364
52,44,12,0,2.36364
52,44,13,0,2.36364
52,44,14,0,2.36364
52,44,15,0,2.36364
52,44,16,0,2.36364
52,44,17,0,2.36364
52,44,18,0,2.36364
52,44,19,0,2.36364
52,44,20,0,2.36364
52,44,21,0,2.36364
52,44,22,0,2.36364
52,44,23,0,2.36364
52,44,24,0,2.36364
52,44,25,0,2.36364
52,44,26,0,2.36364
52,44,27,0,2.36364
52,44,28,0,2.36364
52,44,29,0,2.36364
52,44,30,0,2.36364
52,44,31,104,2.36364
52,44,32,0,2.36364
52,44,33,0,2.36364
52,44,34,0,2.36364
52,44,35,0,2.36364
52,44,36,0,2.36364
52,44,37,0,2.36364
52,44,38,0,2.36364
52,44,39,0,2.36364
52,44,40,0,2.36364
52,44,41,0,2.36364
52,44,42,0,2.36364
52,44,43,0,2.36364
52,44,44,0,2.36364
52,44,45,0,2.36364
52,44,46,0,2.36364
52,44,47,0,2.36364
52,44,48,0,2.36364
52,44,49,0,2.36364
52,44,50,0,2.36364
52,44,51,0,2.36364
52,44,52,0,2.36364
52,44,53,0,2.36364
52,44,54,0,2.36364
52,44,55,0,2.36364
52,44,56,0,2.36364
52,44,57,0,2.36364
52,44,58,0,2.36364
52,44,59,0,2.36364
52,44,60,0,2.36364
52,44,61,0,2.36364
52,44,62,0,2.36364
52,44,63,0,2.36364
52,45,0,0,2.35556
52,45,1,0,2.35556
52,45,2,0,2.35556
52,45,3,0,2.35556
52,45,4,0,2.35556
52,45,5,0,2.35556
52,45,6,0,2.35556
52,45,7,0,2.35556
52,45,8,0,2.35556
52,45,9,0,2.35556
52,45,10,0,2.35556
52,45,11,0,2.35556
52,45,12,0,2.35556
52,45,13,0,2.35556
52,45,14,0,2.35556
52,45,15,0,2.35556
52,45,16,0,2.35556
52,45,17,0,2.35556
52,45,18,0,2.35556
52,45,19,0,2.35556
52,45,20,0,2.35556
52,45,21,0,2.35556
52,45,22,0,2.35556
52,45,23,0,2.35556
52,45,24,0,2.35556
52,45,25,0,2.35556
52,45,26,0,2.35556
52,45,27,0,2.35556
52,45,28,0,2.35556
52,45,29,0,2.35556
52,45,30,0,2.35556
52,45,31,106,2.35556
52,45,32,0,2.35556
52,45,33,0,2.35556
52,45,34,0,2.35556
52,45,35,0,2.35556
52,45,36,0,2.35556
52,45,37,0,2.35556
52,45,38,0,2.35556
52,45,39,0,2.35556
52,45,40,0,2.35556
52,45,41,0,2.35556
52,45,42,0,2.35556
52,45,43,0,2.35556
52,45,44,0,2.35556
52,45,45,0,2.35556
52,45,46,0,2.35556
52,45,47,0,2.35556
52,45,48,0,2.35556
52,45,49,0,2.35556
52,45,50,0,2.35556
52,45,51,0,2.35556
52,45,52,0,2.35556
52,45,53,0,2.35556
52,45,54,0,2.35556
52,45,55,0,2.35556
52,45,56,0,2.35556
52,45,57,0,2.35556
52,45,58,0,2.35556
52,45,59,0,2.35556
52,45,60,0,2.35556
52,45,61,0,2.35556
52,45,62,0,2.35556
52,45,63,0,2.35556
52,46,0,0,2.34783
52,46,1,0,2.34783
52,46,2,0,2.34783
52,46,3,0,2.34783
52,46,4,0,2.34783
52,46,5,0,2.34783
52,46,6,0,2.34783
52,46,7,0,2.34783
52,46,8,0,2.34783
52,46,9,0,2.34783
52,46,10,0,2.34783
52,46,11,0,2.34783
52,46,12,0,2.34783
52,46,13,0,2.34783
52,46,14,0,2.34783
52,46,15,0,2.34783
52,46,16,0,2.34783
52,46,17,0,2.34783
52,46,18,0,2.34783
52,46,19,0,2.34783
52,46,20,0,2.34783
52,46,21,0,2.34783
52,46,22,0,2.34783
52,46,23,0,2.34783
52,46,24,0,2.34783
52,46,25,0,2.34783
52,46,26,0,2.34783
52,46,27,0,2.34783
52,46,28,0,2.34783
52,46,29,0,2.34783
52,46,30,0,2.34783
52,46,31,108,2.34783
52,46,32,0,2.34783
52,46,33,0,2.34783
52,46,34,0,2.34783
52,46,35,0,2.34783
52,46,36,0,2.34783
52,46,37,0,2.34783
52,46,38,0,2.34783
52,46,39,0,2.34783
52,46,40,0,2.34783
52,46,41,0,2.34783
52,46,42,0,2.34783
52,46,43,0,2.34783
52,46,44,0,2.34783
52,46,45,0,2.34783
52,46,46,0,2.34783
52,46,47,0,2.34783
52,46,48,0,2.34783
52,46,49,0,2.34783
52,46,50,0,2.34783
52,46,51,0,2.34783
52,46,52,0,2.34783
52,46,53,0,2.34783
52,46,54,0,2.34783
52,46,55,0,2.34783
52,46,56,0,2.34783
52,46,57,0,2.34783
52,46,58,0,2.34783
52,46,59,0,2.34783
52,46,60,0,2.34783
52,46,61,0,2.34783
52,46,62,0,2.34783
52,46,63,0,2.34783
52,47,0,0,2.34043
52,47,1,0,2.34043
52,47,2,0,2.34043
52,47,3,0,2.34043
52,47,4,0,2.34043
52,47,5,0,2.34043
52,47,6,0,2.34043
52,47,7,0,2.34043
52,47,8,0,2.34043
52,47,9,0,2.34043
52,47,10,0,2.34043
52,47,11,0,2.34043
52,47,12,0,2.34043
52,47,13,0,2.34043
52,47,14,0,2.34043
52,47,15,0,2.34043
52,47,16,0,2.34043
52,47,17,0,2.34043
52,47,18,0,2.34043
52,47,19,0,2.34043
52,47,20,0,2.34043
52,47,21,0,2.34043
52,47,22,0,2.34043
52,47,23,0,2.34043
52,47,24,0,2.34043
52,47,25,0,2.34043
52,47,26,0,2.34043
52,47,27,0,2.34043
52,47,28,0,2.34043
52,47,29,0,2.34043
52,47,30,0,2.34043
52,47,31,110,2.34043
52,47,32,0,2.34043
52,47,33,0,2.34043
52,47,34,0,2.34043
52,47,35,0,2.34043
52,47,36,0,2.34043
52,47,37,0,2.34043
52,47,38,0,2.34043
52,47,39,0,2.34043
52,47,40,0,2.34043
52,47,41,0,2.34043
52,47,42,0,2.34043
52,47,43,0,2.34043
52,47,44,0,2.34043
52,47,45,0,2.34043
52,47,46,0,2.34043
52,47,47,0,2.34043
52,47,48,0,2.34043
52,47,49,0,2.34043
52,47,50,0,2.34043
52,47,51,0,2.34043
52,47,52,0,2.34043
52,47,53,0,2.34043
52,47,54,0,2.34043
52,47,55,0,2.34043
52,47,56,0,2.34043
52,47,57,0,2.34043
52,47,58,0,2.34043
52,47,59,0,2.34043
52,47,60,0,2.34043
52,47,61,0,2.34043
52,47,62,0,2.34043
52,47,63,0,2.34043
52,48,0,0,2.33333
52,48,1,0,2.33333
52,48,2,0,2.33333
52,48,3,0,2.33333
52,48,4,0,2.33333
52,48,5,0,2.33333
52,48,6,0,2.33333
52,48,7,0,2.33333
52,48,8,0,2.33333
52,48,9,0,2.33333
52,48,10,0,2.33333
52,48,11,0,2.33333
52,48,12,0,2.33333
52,48,13,0,2.33333
52,48,14,0,2.33333
52,48,15,0,2.33333
52,48,16,0,2.33333
52,48,17,0,2.33333
52,48,18,0,2.33333
52,48,19,0,2.33333
52,48,20,0,2.33333
52,48,21,0,2.33333
52,48,22,0,2.33333
52,48,23,0,2.33333
52,48,24,0,2.33333
52,48,25,0,2.33333
52,48,26,0,2.33333
52,48,27,0,2.33333
52,48,28,0,2.33333
52,48,29,0,2.33333
52,48,30,0,2.33333
52,48,31,112,2.33333
52,48,32,0,2.33333
52,48,33,0,2.33333
52,48,34,0,2.33333
52,48,35,0,2.33333
52,48,36,0,2.33333
52,48,37,0,2.33333
52,48,38,0,2.33333
52,48,39,0,2.33333
52,48,40,0,2.33333
52,48,41,0,2.33333
52,48,42,0,2.33333
52,48,43,0,2.33333
52,48,44,0,2.33333
52,48,45,0,2.33333
52,48,46,0,2.33333
52,48,47,0,2.33333
52,48,48,0,2.33333
52,48,49,0,2.33333
52,48,50,0,2.33333
52,48,51,0,2.33333
52,48,52,0,2.33333
52,48,53,0,2.33333
52,48,54,0,2.33333
52,48,55,0,2.33333
52,48,56,0,2.33333
52,48,57,0,2.33333
52,48,58,0,2.33333
52,48,59,0,2.33333
52,48,60,0,2.33333
52,48,61,0,2.33333
52,48,62,0,2.33333
52,48,63,0,2.33333
52,49,0,0,2.34694
52,49,1,0,2.34694
52,49,2,0,2.34694
52,49,3,0,2.34694
52,49,4,0,2.34694
52,49,5,0,2.34694
52,49,6,0,2.34694
52,49,7,0,2.34694
52,49,8,0,2.34694
52,49,9,0,2.34694
52,49,10,0,2.34694
52,49,11,0,2.34694
52,49,12,0,2.34694
52,49,13,0,2.34694
52,49,14,0,2.34694
52,49,15,0,2.34694
52,49,16,0,2.34694
52,49,17,0,2.34694
52,49,18,0,2.34694
52,49,19,0,2.34694
52,49,20,0,2.34694
52,49,21,0,2.34694
52,49,22,0,2.34694
52,49,23,0,2.34694
52,49,24,0,2.34694
52,49,25,0,2.34694
52,49,26,0,2.34694
52,49,27,0,2.34694
52,49,28,0,2.34694
52,49,29,0,2.34694
52,49,30,0,2.34694
52,49,31,115,2.34694
52,49,32,0,2.34694
52,49,33,0,2.34694
52,49,34,0,2.34694
52,49,35,0,2.34694
52,49,36,0,2.34694
52,49,37,0,2.34694
52,49,38,0,2.34694
52,49,39,0,2.34694
52,49,40,0,2.34694
52,49,41,0,2.34694
52,49,42,0,2.34694
52,49,43,0,2.34694
52,49,44,0,2.34694
52,49,45,0,2.34694
52,49,46,0,2.34694
52,49,47,0,2.34694
52,49,48,0,2.34694
52,49,49,0,2.34694
52,49,50,0,2.34694
52,49,51,0,2.34694
52,49,52,0,2.34694
52,49,53,0,2.34694
52,49,54,0,2.34694
52,49,55,0,2.34694
52,49,56,0,2.34694
52,49,57,0,2.34694
52,49,58,0,2.34694
52,49,59,0,2.34694
52,49,60,0,2.34694
52,49,61,0,2.34694
52,49,62,0,2.34694
52,49,63,0,2.34694
52,50,0,0,2.32
52,50,1,0,2.32
52,50,2,0,2.32
52,50,3,0,2.32
52,50,4,0,2.32
52,50,5,0,2.32
52,50,6,0,2.32
52,50,7,0,2.32
52,50,8,0,2.32
52,50,9,0,2.32
52,50,10,0,2.32
52,50,11,0,2.32
52,50,12,0,2.32
52,50,13,0,2.32
52,50,14,0,2.32
52,50,15,0,2.32
52,50,16,0,2.32
52,50,17,0,2.32
52,50,18,0,2.32
52,50,19,0,2.32
52,50,20,0,2.32
52,50,21,0,2.32
52,50,22,0,2.32
52,50,23,0,2.32
52,50,24,0,2.32
52,50,25,0,2.32
52,50,26,0,2.32
52,50,27,0,2.32
52,50,28,0,2.32
52,50,29,0,2.32
52,50,30,0,2.32
52,50,31,116,2.32
52,50,32,0,2.32
52,50,33,0,2.32
52,50,34,0,2.32
52,50,35,0,2.32
52,50,36,0,2.32
52,50,37,0,2.32
52,50,38,0,2.32
52,50,39,0,2.32
52,50,40,0,2.32
52,50,41,0,2.32
52,50,42,0,2.32
52,50,43,0,2.32
52,50,44,0,2.32
52,50,45,0,2.32
52,50,46,0,2.32
52,50,47,0,2.32
52,50,48,0,2.32
52,50,49,0,2.32
52,50,50,0,2.32
52,50,51,0,2.32
52,50,52,0,2.32
52,50,53,0,2.32
52,50,54,0,2.32
52,50,55,0,2.32
52,50,56,0,2.32
52,50,57,0,2.32
52,50,58,0,2.32
52,50,59,0,2.32
52,50,60,0,2.32
52,50,61,0,2.32
52,50,62,0,2.32
52,50,63,0,2.32
52,51,0,0,2.33333
52,51,1,0,2.33333
52,51,2,0,2.33333
52,51,3,0,2.33333
52,51,4,0,2.33333
52,51,5,0,2.33333
52,51,6,0,2.33333
52,51,7,0,2.33333
52,51,8,0,2.33333
52,51,9,0,2.33333
52,51,10,0,2.33333
52,51,11,0,2.33333
52,51,12,0,2.33333
52,51,13,0,2.33333
52,51,14,0,2.33333
52,51,15,0,2.33333
52,51,16,0,2.33333
52,51,17,0,2.33333
52,51,18,0,2.33333
52,51,19,0,2.33333
52,51,20,0,2.33333
52,51,21,0,2.33333
52,51,22,0,2.33333
52,51,23,0,2.33333
52,51,24,0,2.33333
52,51,25,0,2.33333
52,51,26,0,2.33333
52,51,27,0,2.33333
52,51,28,0,2.33333
52,51,29,0,2.33333
52,51,30,0,2.33333
52,51,31,119,2.33333
52,51,32,0,2.33333
52,51,33,0,2.33333
52,51,34,0,2.33333
52,51,35,0,2.33333
52,51,36,0,2.33333
52,51,37,0,2.33333
52,51,38,0,2.33333
52,51,39,0,2.33333
52,51,40,0,2.33333
52,51,41,0,2.33333
52,51,42,0,2.33333
52,51,43,0,2.33333
52,51,44,0,2.33333
52,51,45,0,2.33333
52,51,46,0,2.33333
52,51,47,0,2.33333
52,51,48,0,2.33333
52,51,49,0,2.33333
52,51,50,0,2.33333
52,51,51,0,2.33333
52,51,52,0,2.33333
52,51,53,0,2.33333
52,51,54,0,2.33333
52,51,55,0,2.33333
52,51,56,0,2.33333
52,51,57,0,2.33333
52,51,58,0,2.33333
52,51,59,0,2.33333
52,51,60,0,2.33333
52,51,61,0,2.33333
52,51,62,0,2.33333
52,51,63,0,2.33333
52,52,0,0,2.32692
52,52,1,0,2.32692
52,52,2,0,2.32692
52,52,3,0,2.32692
52,52,4,0,2.32692
52,52,5,0,2.32692
52,52,6,0,2.32692
52,52,7,0,2.32692
52,52,8,0,2.32692
52,52,9,0,2.32692
52,52,10,0,2.32692
52,52,11,0,2.32692
52,52,12,0,2.32692
52,52,13,0,2.32692
52,52,14,0,2.32692
52,52,15,0,2.32692
52,52,16,0,2.32692
52,52,17,0,2.32692
52,52,18,0,2.32692
52,52,19,0,2.32692
52,52,20,0,2.32692
52,52,21,0,2.32692
52,52,22,0,2.32692
52,52,23,0,2.32692
52,52,24,0,2.32692
52,52,25,0,2.32692
52,52,26,0,2.32692
52,52,27,0,2.32692
52,52,28,0,2.32692
52,52,29,0,2.32692
52,52,30,0,2.32692
52,52,31,121,2.32692
52,52,32,0,2.32692
52,52,33,0,2.32692
52,52,34,0,2.32692
52,52,35,0,2.32692
52,52,36,0,2.32692
52,52,37,0,2.32692
52,52,38,0,2.32692
52,52,39,0,2.32692
52,52,40,0,2.32692
52,52,41,0,2.32692
52,52,42,0,2.32692
52,52,43,0,2.32692
52,52,44,0,2.32692
52,52,45,0,2.32692
52,52,46,0,2.32692
52,52,47,0,2.32692
52,52,48,0,2.32692
52,52,49,0,2.32692
52,52,50,0,2.32692
52,52,51,0,2.32692
52,52,52,0,2.32692
52,52,53,0,2.32692
52,52,54,0,2.32692
52,52,55,0,2.32692
52,52,56,0,2.32692
52,52,57,0,2.32692
52,52,58,0,2.32692
52,52,59,0,2.32692
52,52,60,0,2.32692
52,52,61,0,2.32692
52,52,62,0,2.32692
52,52,63,0,2.32692
52,53,0,0,2.32075
52,53,1,0,2.32075
52,53,2,0,2.32075
52,53,3,0,2.32075
52,53,4,0,2.32075
52,53,5,0,2.32075
52,53,6,0,2.32075
52,53,7,0,2.32075
52,53,8,0,2.32075
52,53,9,0,2.32075
52,53,10,0,2.32075
52,53,11,0,2.32075
52,53,12,0,2.32075
52,53,13,0,2.32075
52,53,14,0,2.32075
52,53,15,0,2.32075
52,53,16,0,2.32075
52,53,17,0,2.32075
52,53,18,0,2.32075
52,53,19,0,2.32075
52,53,20,0,2.32075
52,53,21,0,2.32075
52,53,22,0,2.32075
52,53,23,0,2.32075
52,53,24,0,2.32075
52,53,25,0,2.32075
52,53,26,0,2.32075
52,53,27,0,2.32075
52,53,28,0,2.32075
52,53,29,0,2.32075
52,53,30,0,2.32075
52,53,31,123,2.32075
52,53,32,0,2.32075
52,53,33,0,2.32075
52,53,34,0,2.32075
52,53,35,0,2.32075
52,53,36,0,2.32075
52,53,37,0,2.32075
52,53,38,0,2.32075
52,53,39,0,2.32075
52,53,40,0,2.32075
52,53,41,0,2.32075
52,53,42,0,2.32075
52,53,43,0,2.32075
52,53,44,0,2.32075
52,53,45,0,2.32075
52,53,46,0,2.32075
52,53,47,0,2.32075
52,53,48,0,2.32075
52,53,49,0,2.32075
52,53,50,0,2.32075
52,53,51,0,2.32075
52,53,52,0,2.32075
52,53,53,0,2.32075
52,53,54,0,2.32075
52,53,55,0,2.32075
52,53,56,0,2.32075
52,53,57,0,2.32075
52,53,58,0,2.32075
52,53,59,0,2.32075
52,53,60,0,2.32075
52,53,61,0,2.32075
52,53,62,0,2.32075
52,53,63,0,2.32075
52,54,0,0,2.31481
52,54,1,0,2.31481
52,54,2,0,2.31481
52,54,3,0,2.31481
52,54,4,0,2.31481
52,54,5,0,2.31481
52,54,6,0,2.31481
52,54,7,0,2.31481
52,54,8,0,2.31481
52,54,9,0,2.31481
52,54,10,0,2.31481
52,54,11,0,2.31481
52,54,12,0,2.31481
52,54,13,0,2.31481
52,54,14,0,2.31481
52,54,15,0,2.31481
52,54,16,0,2.31481
52,54,17,0,2.31481
52,54,18,0,2.31481
52,54,19,0,2.31481
52,54,20,0,2.31481
52,54,21,0,2.31481
52,54,22,0,2.31481
52,54,23,0,2.31481
52,54,24,0,2.31481
52,54,25,0,2.31481
52,54,26,0,2.31481
52,54,27,0,2.31481
52,54,28,0,2.31481
52,54,29,0,2.31481
52,54,30,0,2.31481
52,54,31,125,2.31481
52,54,32,0,2.31481
52,54,33,0,2.31481
52,54,34,0,2.31481
52,54,35,0,2.31481
52,54,36,0,2.31481
52,54,37,0,2.31481
52,54,38,0,2.31481
52,54,39,0,2.31481
52,54,40,0,2.31481
52,54,41,0,2.31481
52,54,42,0,2.31481
52,54,43,0,2.31481
52,54,44,0,2.31481
52,54,45,0,2.31481
52,54,46,0,2.31481
52,54,47,0,2.31481
52,54,48,0,2.31481
52,54,49,0,2.31481
52,54,50,0,2.31481
52,54,51,0,2.31481
52,54,52,0,2.31481
52,54,53,0,2.31481
52,54,54,0,2.31481
52,54,55,0,2.31481
52,54,56,0,2.31481
52,54,57,0,2.31481
52,54,58,0,2.31481
52,54,59,0,2.31481
52,54,60,0,2.31481
52,54,61,0,2.31481
52,54,62,0,2.31481
52,54,63,0,2.31481
52,55,0,0,2.30909
52,55,1,0,2.30909
52,55,2,0,2.30909
52,55,3,0,2.30909
52,55,4,0,2.30909
52,55,5,0,2.30909
52,55,6,0,2.30909
52,55,7,0,2.30909
52,55,8,0,2.30909
52,55,9,0,2.30909
52,55,10,0,2.30909
52,55,11,0,2.30909
52,55,12,0,2.30909
52,55,13,0,2.30909
52,55,14,0,2.30909
52,55,15,0,2.30909
52,55,16,0,2.30909
52,55,17,0,2.30909
52,55,18,0,2.30909
52,55,19,0,2.30909
52,55,20,0,2.30909
52,55,21,0,2.30909
52,55,22,0,2.30909
52,55,23,0,2.30909
52,55,24,0,2.30909
52,55,25,0,2.30909
52,55,26,0,2.30909
52,55,27,0,2.30909
52,55,28,0,2.30909
52,55,29,0,2.30909
52,55,30,0,2.30909
52,55,31,127,2.30909
52,55,32,0,2.30909
52,55,33,0,2.30909
52,55,34,0,2.30909
52,55,35,0,2.30909
52,55,36,0,2.30909
52,55,37,0,2.30909
52,55,38,0,2.30909
52,55,39,0,2.30909
52,55,40,0,2.30909
52,55,41,0,2.30909
52,55,42,0,2.30909
52,55,43,0,2.30909
52,55,44,0,2.30909
52,55,45,0,2.30909
52,55,46,0,2.30909
52,55,47,0,2.30909
52,55,48,0,2.30909
52,55,49,0,2.30909
52,55,50,0,2.30909
52,55,51,0,2.30909
52,55,52,0,2.30909
52,55,53,0,2.30909
52,55,54,0,2.30909
52,55,55,0,2.30909
52,55,56,0,2.30909
52,55,57,0,2.30909
52,55,58,0,2.30909
52,55,59,0,2.30909
52,55,60,0,2.30909
52,55,61,0,2.30909
52,55,62,0,2.30909
52,55,63,0,2.30909
52,56,0,0,2.30357
52,56,1,0,2.30357
52,56,2,0,2.30357
52,56,3,0,2.30357
52,56,4,0,2.30357
52,56,5,0,2.30357
52,56,6,0,2.30357
52,56,7,0,2.30357
52,56,8,0,2.30357
52,56,9,0,2.30357
52,56,10,0,2.30357
52,56,11,0,2.30357
52,56,12,0,2.30357
52,56,13,0,2.30357
52,56,14,0,2.30357
52,56,15,0,2.30357
52,56,16,0,2.30357
52,56,17,0,2.30357
52,56,18,0,2.30357
52,56,19,0,2.30357
52,56,20,0,2.30357
52,56,21,0,2.30357
52,56,22,0,2.30357
52,56,23,0,2.30357
52,56,24,0,2.30357
52,56,25,0,2.30357
52,56,26,0,2.30357
52,56,27,0,2.30357
52,56,28,0,2.30357
52,56,29,0,2.30357
52,56,30,0,2.30357
52,56,31,129,2.30357
52,56,32,0,2.30357
52,56,33,0,2.30357
52,56,34,0,2.30357
52,56,35,0,2.30357
52,56,36,0,2.30357
52,56,37,0,2.30357
52,56,38,0,2.30357
52,56,39,0,2.30357
52,56,40,0,2.30357
52,56,41,0,2.30357
52,56,42,0,2.30357
52,56,43,0,2.30357
52,56,44,0,2.30357
52,56,45,0,2.30357
52,56,46,0,2.30357
52,56,47,0,2.30357
52,56,48,0,2.30357
52,56,49,0,2.30357
52,56,50,0,2.30357
52,56,51,0,2.30357
52,56,52,0,2.30357
52,56,53,0,2.30357
52,56,54,0,2.30357
52,56,55,0,2.30357
52,56,56,0,2.30357
52,56,57,0,2.30357
52,56,58,0,2.30357
52,56,59,0,2.30357
52,56,60,0,2.30357
52,56,61,0,2.30357
52,56,62,0,2.30357
52,56,63,0,2.30357
52,57,0,0,2.31579
52,57,1,0,2.31579
52,57,2,0,2.31579
52,57,3,0,2.31579
52,57,4,0,2.31579
52,57,5,0,2.31579
52,57,6,0,2.31579
52,57,7,0,2.31579
52,57,8,0,2.31579
52,57,9,0,2.31579
52,57,10,0,2.31579
52,57,11,0,2.31579
52,57,12,0,2.31579
52,57,13,0,2.31579
52,57,14,0,2.31579
52,57,15,0,2.31579
52,57,16,0,2.31579
52,57,17,0,2.31579
52,57,18,0,2.31579
52,57,19,0,2.31579
52,57,20,0,2.31579
52,57,21,0,2.31579
52,57,22,0,2.31579
52,57,23,0,2.31579
52,57,24,0,2.31579
52,57,25,0,2.31579
52,57,26,0,2.31579
52,57,27,0,2.31579
52,57,28,0,2.31579
52,57,29,0,2.31579
52,57,30,0,2.31579
52,57,31,132,2.31579
52,57,32,0,2.31579
52,57,33,0,2.31579
52,57,34,0,2.31579
52,57,35,0,2.31579
52,57,36,0,2.31579
52,57,37,0,2.31579
52,57,38,0,2.31579
52,57,39,0,2.31579
52,57,40,0,2.31579
52,57,41,0,2.31579
52,57,42,0,2.31579
52,57,43,0,2.31579
52,57,44,0,2.31579
52,57,45,0,2.31579
52,57,46,0,2.31579
52,57,47,0,2.31579
52,57,48,0,2.31579
52,57,49,0,2.31579
52,57,50,0,2.31579
52,57,51,0,2.31579
52,57,52,0,2.31579
52,57,53,0,2.31579
52,57,54,0,2.31579
52,57,55,0,2.31579
52,57,56,0,2.31579
52,57,57,0,2.31579
52,57,58,0,2.31579
52,57,59,0,2.31579
52,57,60,0,2.31579
52,57,61,0,2.31579
52,57,62,0,2.31579
52,57,63,0,2.31579
52,58,0,0,2.31034
52,58,1,0,2.31034
52,58,2,0,2.31034
52,58,3,0,2.31034
52,58,4,0,2.31034
52,58,5,0,2.31034
52,58,6,0,2.31034
52,58,7,0,2.31034
52,58,8,0,2.31034
52,58,9,0,2.31034
52,58,10,0,2.31034
52,58,11,0,2.31034
52,58,12,0,2.31034
52,58,13,0,2.31034
52,58,14,0,2.31034
52,58,15,0,2.31034
52,58,16,0,2.31034
52,58,17,0,2.31034
52,58,18,0,2.31034
52,58,19,0,2.31034
52,58,20,0,2.31034
52,58,21,0,2.31034
52,58,22,0,2.31034
52,58,23,0,2.31034
52,58,24,0,2.31034
52,58,25,0,2.31034
52,58,26,0,2.31034
52,58,27,0,2.31034
52,58,28,0,2.31034
52,58,29,0,2.31034
52,58,30,0,2.31034
52,58,31,134,2.31034
52,58,32,0,2.31034
52,58,33,0,2.31034
52,58,34,0,2.31034
52,58,35,0,2.31034
52,58,36,0,2.31034
52,58,37,0,2.31034
52,58,38,0,2.31034
52,58,39,0,2.31034
52,58,40,0,2.31034
52,58,41,0,2.31034
52,58,42,0,2.31034
52,58,43,0,2.31034
52,58,44,0,2.31034
52,58,45,0,2.31034
52,58,46,0,2.31034
52,58,47,0,2.31034
52,58,48,0,2.31034
52,58,49,0,2.31034
52,58,50,0,2.31034
52,58,51,0,2.31034
52,58,52,0,2.31034
52,58,53,0,2.31034
52,58,54,0,2.31034
52,58,55,0,2.31034
52,58,56,0,2.31034
52,58,57,0,2.31034
52,58,58,0,2.31034
52,58,59,0,2.31034
52,58,60,0,2.31034
52,58,61,0,2.31034
52,58,62,0,2.31034
52,58,63,0,2.31034
52,59,0,0,2.28814
52,59,1,0,2.28814
52,59,2,0,2.28814
52,59,3,0,2.28814
52,59,4,0,2.28814
52,59,5,0,2.28814
52,59,6,0,2.28814
52,59,7,0,2.28814
52,59,8,0,2.28814
52,59,9,0,2.28814
52,59,10,0,2.28814
52,59,11,0,2.28814
52,59,12,0,2.28814
52,59,13,0,2.28814
52,59,14,0,2.28814
52,59,15,0,2.28814
52,59,16,0,2.28814
52,59,17,0,2.28814
52,59,18,0,2.28814
52,59,19,0,2.28814
52,59,20,0,2.28814
52,59,21,0,2.28814
52,59,22,0,2.28814
52,59,23,0,2.28814
52,59,24,0,2.28814
52,59,25,0,2.28814
52,59,26,0,2.28814
52,59,27,0,2.28814
52,59,28,0,2.28814
52,59,29,0,2.28814
52,59,30,0,2.28814
52,59,31,135,2.28814
52,59,32,0,2.28814
52,59,33,0,2.28814
52,59,34,0,2.28814
52,59,35,0,2.28814
52,59,36,0,2.28814
52,59,37,0,2.28814
52,59,38,0,2.28814
52,59,39,0,2.28814
52,59,40,0,2.28814
52,59,41,0,2.28814
52,59,42,0,2.28814
52,59,43,0,2.28814
52,59,44,0,2.28814
52,59,45,0,2.28814
52,59,46,0,2.28814
52,59,47,0,2.28814
52,59,48,0,2.28814
52,59,49,0,2.28814
52,59,50,0,2.28814
52,59,51,0,2.28814
52,59,52,0,2.28814
52,59,53,0,2.28814
52,59,54,0,2.28814
52,59,55,0,2.28814
52,59,56,0,2.28814
52,59,57,0,2.28814
52,59,58,0,2.28814
52,59,59,0,2.28814
52,59,60,0,2.28814
52,59,61,0,2.28814
52,59,62,0,2.28814
52,59,63,0,2.28814
52,60,0,0,2.28333
52,60,1,0,2.28333
52,60,2,0,2.28333
52,60,3,0,2.28333
52,60,4,0,2.28333
52,60,5,0,2.28333
52,60,6,0,2.28333
52,60,7,0,2.28333
52,60,8,0,2.28333
52,60,9,0,2.28333
52,60,10,0,2.28333
52,60,11,0,2.28333
52,60,12,0,2.28333
52,60,13,0,2.28333
52,60,14,0,2.28333
52,60,15,0,2.28333
52,60,16,0,2.28333
52,60,17,0,2.28333
52,60,18,0,2.28333
52,60,19,0,2.28333
52,60,20,0,2.28333
52,60,21,0,2.28333
52,60,22,0,2.28333
52,60,23,0,2.28333
52,60,24,0,2.28333
52,60,25,0,2.28333
52,60,26,0,2.28333
52,60,27,0,2.28333
52,60,28,0,2.28333
52,60,29,0,2.28333
52,60,30,0,2.28333
52,60,31,137,2.28333
52,60,32,0,2.28333
52,60,33,0,2.28333
52,60,34,0,2.28333
52,60,35,0,2.28333
52,60,36,0,2.28333
52,60,37,0,2.28333
52,60,38,0,2.28333
52,60,39,0,2.28333
52,60,40,0,2.28333
52,60,41,0,2.28333
52,60,42,0,2.28333
52,60,43,0,2.28333
52,60,44,0,2.28333
52,60,45,0,2.28333
52,60,46,0,2.28333
52,60,47,0,2.28333
52,60,48,0,2.28333
52,60,49,0,2.28333
52,60,50,0,2.28333
52,60,51,0,2.28333
52,60,52,0,2.28333
52,60,53,0,2.28333
52,60,54,0,2.28333
52,60,55,0,2.28333
52,60,56,0,2.28333
52,60,57,0,2.28333
52,60,58,0,2.28333
52,60,59,0,2.28333
52,60,60,0,2.28333
52,60,61,0,2.28333
52,60,62,0,2.28333
52,60,63,0,2.28333
52,61,0,0,2.2623
52,61,1,0,2.2623
52,61,2,0,2.2623
52,61,3,0,2.2623
52,61,4,0,2.2623
52,61,5,0,2.2623
52,61,6,0,2.2623
52,61,7,0,2.2623
52,61,8,0,2.2623
52,61,9,0,2.2623
52,61,10,0,2.2623
52,61,11,0,2.2623
52,61,12,0,2.2623
52,61,13,0,2.2623
52,61,14,0,2.2623
52,61,15,0,2.2623
52,61,16,0,2.2623
52,61,17,0,2.2623
52,61,18,0,2.2623
52,61,19,0,2.2623
52,61,20,0,2.2623
52,61,21,0,2.2623
52,61,22,0,2.2623
52,61,23,0,2.2623
52,61,24,0,2.2623
52,61,25,0,2.2623
52,61,26,0,2.2623
52,61,27,0,2.2623
52,61,28,0,2.2623
52,61,29,0,2.2623
52,61,30,0,2.2623
52,61,31,138,2.2623
52,61,32,0,2.2623
52,61,33,0,2.2623
52,61,34,0,2.2623
52,61,35,0,2.2623
52,61,36,0,2.2623
52,61,37,0,2.2623
52,61,38,0,2.2623
52,61,39,0,2.2623
52,61,40,0,2.2623
52,61,41,0,2.2623
52,61,42,0,2.2623
52,61,43,0,2.2623
52,61,44,0,2.2623
52,61,45,0,2.2623
52,61,46,0,2.2623
52,61,47,0,2.2623
52,61,48,0,2.2623
52,61,49,0,2.2623
52,61,50,0,2.2623
52,61,51,0,2.2623
52,61,52,0,2.2623
52,61,53,0,2.2623
52,61,54,0,2.2623
52,61,55,0,2.2623
52,61,56,0,2.2623
52,61,57,0,2.2623
52,61,58,0,2.2623
52,61,59,0,2.2623
52,61,60,0,2.2623
52,61,61,0,2.2623
52,61,62,0,2.2623
52,61,63,0,2.2623
52,62,0,0,2.24194
52,62,1,0,2.24194
52,62,2,0,2.24194
52,62,3,0,2.24194
52,62,4,0,2.24194
52,62,5,0,2.24194
52,62,6,0,2.24194
52,62,7,0,2.24194
52,62,8,0,2.24194
52,62,9,0,2.24194
52,62,10,0,2.24194
52,62,11,0,2.24194
52,62,12,0,2.24194
52,62,13,0,2.24194
52,62,14,0,2.24194
52,62,15,0,2.24194
52,62,16,0,2.24194
52,62,17,0,2.24194
52,62,18,0,2.24194
52,62,19,0,2.24194
52,62,20,0,2.24194
52,62,21,0,2.24194
52,62,22,0,2.24194
52,62,23,0,2.24194
52,62,24,0,2.24194
52,62,25,0,2.24194
52,62,26,0,2.24194
52,62,27,0,2.24194
52,62,28,0,2.24194
52,62,29,0,2.24194
52,62,30,0,2.24194
52,62,31,139,2.24194
52,62,32,0,2.24194
52,62,33,0,2.24194
52,62,34,0,2.24194
52,62,35,0,2.24194
52,62,36,0,2.24194
52,62,37,0,2.24194
52,62,38,0,2.24194
52,62,39,0,2.24194
52,62,40,0,2.24194
52,62,41,0,2.24194
52,62,42,0,2.24194
52,62,43,0,2.24194
52,62,44,0,2.24194
52,62,45,0,2.24194
52,62,46,0,2.24194
52,62,47,0,2.24194
52,62,48,0,2.24194
52,62,49,0,2.24194
52,62,50,0,2.24194
52,62,51,0,2.24194
52,62,52,0,2.24194
52,62,53,0,2.24194
52,62,54,0,2.24194
52,62,55,0,2.24194
52,62,56,0,2.24194
52,62,57,0,2.24194
52,62,58,0,2.24194
52,62,59,0,2.24194
52,62,60,0,2.24194
52,62,61,0,2.24194
52,62,62,0,2.24194
52,62,63,0,2.24194
52,63,0,0,2.22222
52,63,1,0,2.22222
52,63,2,0,2.22222
52,63,3,0,2.22222
52,63,4,0,2.22222
52,63,5,0,2.22222
52,63,6,0,2.22222
52,63,7,0,2.22222
52,63,8,0,2.22222
52,63,9,0,2.22222
52,63,10,0,2.22222
52,63,11,0,2.22222
52,63,12,0,2.22222
52,63,13,0,2.22222
52,63,14,0,2.22222
52,63,15,0,2.22222
52,63,16,0,2.22222
52,63,17,0,2.22222
52,63,18,0,2.22222
52,63,19,0,2.22222
52,63,20,0,2.22222
52,63,21,0,2.22222
52,63,22,0,2.22222
52,63,23,0,2.22222
52,63,24,0,2.22222
52,63,25,0,2.22222
52,63,26,0,2.22222
52,63,27,0,2.22222
52,63,28,0,2.22222
52,63,29,0,2.22222
52,63,30,0,2.22222
52,63,31,140,2.22222
52,63,32,0,2.22222
52,63,33,0,2.22222
52,63,34,0,2.22222
52,63,35,0,2.22222
52,63,36,0,2.22222
52,63,37,0,2.22222
52,63,38,0,2.22222
52,63,39,0,2.22222
52,63,40,0,2.22222
52,63,41,0,2.22222
52,63,42,0,2.22222
52,63,43,0,2.22222
52,63,44,0,2.22222
52,63,45,0,2.22222
52,63,46,0,2.22222
52,63,47,0,2.22222
52,63,48,0,2.22222
52,63,49,0,2.22222
52,63,50,0,2.22222
52,63,51,0,2.22222
52,63,52,0,2.22222
52,63,53,0,2.22222
52,63,54,0,2.22222
52,63,55,0,2.22222
52,63,56,0,2.22222
52,63,57,0,2.22222
52,63,58,0,2.22222
52,63,59,0,2.22222
52,63,60,0,2.22222
52,63,61,0,2.22222
52,63,62,0,2.22222
52,63,63,0,2.22222
52,64,0,0,2.21875
52,64,1,0,2.21875
52,64,2,0,2.21875
52,64,3,0,2.21875
52,64,4,0,2.21875
52,64,5,0,2.21875
52,64,6,0,2.21875
52,64,7,0,2.21875
52,64,8,0,2.21875
52,64,9,0,2.21875
52,64,10,0,2.21875
52,64,11,0,2.21875
52,64,12,0,2.21875
52,64,13,0,2.21875
52,64,14,0,2.21875
52,64,15,0,2.21875
52,64,16,0,2.21875
52,64,17,0,2.21875
52,64,18,0,2.21875
52,64,19,0,2.21875
52,64,20,0,2.21875
52,64,21,0,2.21875
52,64,22,0,2.21875
52,64,23,0,2.21875
52,64,24,0,2.21875
52,64,25,0,2.21875
52,64,26,0,2.21875
52,64,27,0,2.21875
52,64,28,0,2.21875
52,64,29,0,2.21875
52,64,30,0,2.21875
52,64,31,142,2.21875
52,64,32,0,2.21875
52,64,33,0,2.21875
52,64,34,0,2.21875
52,64,35,0,2.21875
52,64,36,0,2.21875
52,64,37,0,2.21875
52,64,38,0,2.21875
52,64,39,0,2.21875
52,64,40,0,2.21875
52,64,41,0,2.21875
52,64,42,0,2.21875
52,64,43,0,2.21875
52,64,44,0,2.21875
52,64,45,0,2.21875
52,64,46,0,2.21875
52,64,47,0,2.21875
52,64,48,0,2.21875
52,64,49,0,2.21875
52,64,50,0,2.21875
52,64,51,0,2.21875
52,64,52,0,2.21875
52,64,53,0,2.21875
52,64,54,0,2.21875
52,64,55,0,2.21875
52,64,56,0,2.21875
52,64,57,0,2.21875
52,64,58,0,2.21875
52,64,59,0,2.21875
52,64,60,0,2.21875
52,64,61,0,2.21875
52,64,62,0,2.21875
52,64,63,0,2.21875
52,65,0,0,2.21538
52,65,1,0,2.21538
52,65,2,0,2.21538
52,65,3,0,2.21538
52,65,4,0,2.21538
52,65,5,0,2.21538
52,65,6,0,2.21538
52,65,7,0,2.21538
52,65,8,0,2.21538
52,65,9,0,2.21538
52,65,10,0,2.21538
52,65,11,0,2.21538
52,65,12,0,2.21538
52,65,13,0,2.21538
52,65,14,0,2.21538
52,65,15,0,2.21538
52,65,16,0,2.21538
52,65,17,0,2.21538
52,65,18,0,2.21538
52,65,19,0,2.21538
52,65,20,0,2.21538
52,65,21,0,2.21538
52,65,22,0,2.21538
52,65,23,0,2.21538
52,65,24,0,2.21538
52,65,25,0,2.21538
52,65,26,0,2.21538
52,65,27,0,2.21538
52,65,28,0,2.21538
52,65,29,0,2.21538
52,65,30,0,2.21538
52,65,31,144,2.21538
52,65,32,0,2.21538
52,65,33,0,2.21538
52,65,34,0,2.21538
52,65,35,0,2.21538
52,65,36,0,2.21538
52,65,37,0,2.21538
52,65,38,0,2.21538
52,65,39,0,2.21538
52,65,40,0,2.21538
52,65,41,0,2.21538
52,65,42,0,2.21538
52,65,43,0,2.21538
52,65,44,0,2.21538
52,65,45,0,2.21538
52,65,46,0,2.21538
52,65,47,0,2.21538
52,65,48,0,2.21538
52,65,49,0,2.21538
52,65,50,0,2.21538
52,65,51,0,2.21538
52,65,52,0,2.21538
52,65,53,0,2.21538
52,65,54,0,2.21538
52,65,55,0,2.21538
52,65,56,0,2.21538
52,65,57,0,2.21538
52,65,58,0,2.21538
52,65,59,0,2.21538
52,65,60,0,2.21538
52,65,61,0,2.21538
52,65,62,0,2.21538
52,65,63,0,2.21538
52,66,0,0,2.19697
52,66,1,0,2.19697
52,66,2,0,2.19697
52,66,3,0,2.19697
52,66,4,0,2.19697
52,66,5,0,2.19697
52,66,6,0,2.19697
52,66,7,0,2.19697
52,66,8,0,2.19697
52,66,9,0,2.19697
52,66,10,0,2.19697
52,66,11,0,2.19697
52,66,12,0,2.19697
52,66,13,0,2.19697
52,66,14,0,2.19697
52,66,15,0,2.19697
52,66,16,0,2.19697
52,66,17,0,2.19697
52,66,18,0,2.19697
52,66,19,0,2.19697
52,66,20,0,2.19697
52,66,21,0,2.19697
52,66,22,0,2.19697
52,66,23,0,2.19697
52,66,24,0,2.19697
52,66,25,0,2.19697
52,66,26,0,2.19697
52,66,27,0,2.19697
52,66,28,0,2.19697
52,66,29,0,2.19697
52,66,30,0,2.19697
52,66,31,145,2.19697
52,66,32,0,2.19697
52,66,33,0,2.19697
52,66,34,0,2.19697
52,66,35,0,2.19697
52,66,36,0,2.19697
52,66,37,0,2.19697
52,66,38,0,2.19697
52,66,39,0,2.19697
52,66,40,0,2.19697
52,66,41,0,2.19697
52,66,42,0,2.19697
52,66,43,0,2.19697
52,66,44,0,2.19697
52,66,45,0,2.19697
52,66,46,0,2.19697
52,66,47,0,2.19697
52,66,48,0,2.19697
52,66,49,0,2.19697
52,66,50,0,2.19697
52,66,51,0,2.19697
52,66,52,0,2.19697
52,66,53,0,2.19697
52,66,54,0,2.19697
52,66,55,0,2.19697
52,66,56,0,2.19697
52,66,57,0,2.19697
52,66,58,0,2.19697
52,66,59,0,2.19697
52,66,60,0,2.19697
52,66,61,0,2.19697
52,66,62,0,2.19697
52,66,63,0,2.19697
52,67,0,0,2.25373
52,67,1,0,2.25373
52,67,2,0,2.25373
52,67,3,0,2.25373
52,67,4,0,2.25373
52,67,5,0,2.25373
52,67,6,0,2.25373
52,67,7,0,2.25373
52,67,8,0,2.25373
52,67,9,0,2.25373
52,67,10,0,2.25373
52,67,11,0,2.25373
52,67,12,0,2.25373
52,67,13,0,2.25373
52,67,14,0,2.25373
52,67,15,0,2.25373
52,67,16,0,2.25373
52,67,17,0,2.25373
52,67,18,0,2.25373
52,67,19,0,2.25373
52,67,20,0,2.25373
52,67,21,0,2.25373
52,67,22,0,2.25373
52,67,23,0,2.25373
52,67,24,0,2.25373
52,67,25,0,2.25373
52,67,26,0,2.25373
52,67,27,0,2.25373
52,67,28,0,2.25373
52,67,29,0,2.25373
52,67,30,0,2.25373
52,67,31,151,2.25373
52,67,32,0,2.25373
52,67,33,0,2.25373
52,67,34,0,2.25373
52,67,35,0,2.25373
52,67,36,0,2.25373
52,67,37,0,2.25373
52,67,38,0,2.25373
52,67,39,0,2.25373
52,67,40,0,2.25373
52,67,41,0,2.25373
52,67,42,0,2.25373
52,67,43,0,2.25373
52,67,44,0,2.25373
52,67,45,0,2.25373
52,67,46,0,2.25373
52,67,47,0,2.25373
52,67,48,0,2.25373
52,67,49,0,2.25373
52,67,50,0,2.25373
52,67,51,0,2.25373
52,67,52,0,2.25373
52,67,53,0,2.25373
52,67,54,0,2.25373
52,67,55,0,2.25373
52,67,56,0,2.25373
52,67,57,0,2.25373
52,67,58,0,2.25373
52,67,59,0,2.25373
52,67,60,0,2.25373
52,67,61,0,2.25373
52,67,62,0,2.25373
52,67,63,0,2.25373
52,68,0,0,2.25
52,68,1,0,2.25
52,68,2,0,2.25
52,68,3,0,2.25
52,68,4,0,2.25
52,68,5,0,2.25
52,68,6,0,2.25
52,68,7,0,2.25
52,68,8,0,2.25
52,68,9,0,2.25
52,68,10,0,2.25
52,68,11,0,2.25
52,68,12,0,2.25
52,68,13,0,2.25
52,68,14,0,2.25
52,68,15,0,2.25
52,68,16,0,2.25
52,68,17,0,2.25
52,68,18,0,2.25
52,68,19,0,2.25
52,68,20,0,2.25
52,68,21,0,2.25
52,68,22,0,2.25
52,68,23,0,2.25
52,68,24,0,2.25
52,68,25,0,2.25
52,68,26,0,2.25
52,68,27,0,2.25
52,68,28,0,2.25
52,68,29,0,2.25
52,68,30,0,2.25
52,68,31,153,2.25
52,68,32,0,2.25
52,68,33,0,2.25
52,68,34,0,2.25
52,68,35,0,2.25
52,68,36,0,2.25
52,68,37,0,2.25
52,68,38,0,2.25
52,68,39,0,2.25
52,68,40,0,2.25
52,68,41,0,2.25
52,68,42,0,2.25
52,68,43,0,2.25
52,68,44,0,2.25
52,68,45,0,2.25
52,68,46,0,2.25
52,68,47,0,2.25
52,68,48,0,2.25
52,68,49,0,2.25
52,68,50,0,2.25
52,68,51,0,2.25
52,68,52,0,2.25
52,68,53,0,2.25
52,68,54,0,2.25
52,68,55,0,2.25
52,68,56,0,2.25
52,68,57,0,2.25
52,68,58,0,2.25
52,68,59,0,2.25
52,68,60,0,2.25
52,68,61,0,2.25
52,68,62,0,2.25
52,68,63,0,2.25
52,69,0,0,2.24638
52,69,1,0,2.24638
52,69,2,0,2.24638
52,69,3,0,2.24638
52,69,4,0,2.24638
52,69,5,0,2.24638
52,69,6,0,2.24638
52,69,7,0,2.24638
52,69,8,0,2.24638
52,69,9,0,2.24638
52,69,10,0,2.24638
52,69,11,0,2.24638
52,69,12,0,2.24638
52,69,13,0,2.24638
52,69,14,0,2.24638
52,69,15,0,2.24638
52,69,16,0,2.24638
52,69,17,0,2.24638
52,69,18,0,2.24638
52,69,19,0,2.24638
52,69,20,0,2.24638
52,69,21,0,2.24638
52,69,22,0,2.24638
52,69,23,0,2.24638
52,69,24,0,2.24638
52,69,25,0,2.24638
52,69,26,0,2.24638
52,69,27,0,2.24638
52,69,28,0,2.24638
52,69,29,0,2.24638
52,69,30,0,2.24638
52,69,31,155,2.24638
52,69,32,0,2.24638
52,69,33,0,2.24638
52,69,34,0,2.24638
52,69,35,0,2.24638
52,69,36,0,2.24638
52,69,37,0,2.24638
52,69,38,0,2.24638
52,69,39,0,2.24638
52,69,40,0,2.24638
52,69,41,0,2.24638
52,69,42,0,2.24638
52,69,43,0,2.24638
52,69,44,0,2.24638
52,69,45,0,2.24638
52,69,46,0,2.24638
52,69,47,0,2.24638
52,69,48,0,2.24638
52,69,49,0,2.24638
52,69,50,0,2.24638
52,69,51,0,2.24638
52,69,52,0,2.24638
52,69,53,0,2.24638
52,69,54,0,2.24638
52,69,55,0,2.24638
52,69,56,0,2.24638
52,69,57,0,2.24638
52,69,58,0,2.24638
52,69,59,0,2.24638
52,69,60,0,2.24638
52,69,61,0,2.24638
52,69,62,0,2.24638
52,69,63,0,2.24638
52,70,0,0,2.24286
52,70,1,0,2.24286
52,70,2,0,2.24286
52,70,3,0,2.24286
52,70,4,0,2.24286
52,70,5,0,2.24286
52,70,6,0,2.24286
52,70,7,0,2.24286
52,70,8,0,2.24286
52,70,9,0,2.24286
52,70,10,0,2.24286
52,70,11,0,2.24286
52,70,12,0,2.24286
52,70,13,0,2.24286
52,70,14,0,2.24286
52,70,15,0,2.24286
52,70,16,0,2.24286
52,70,17,0,2.24286
52,70,18,0,2.24286
52,70,19,0,2.24286
52,70,20,0,2.24286
52,70,21,0,2.24286
52,70,22,0,2.24286
52,70,23,0,2.24286
52,70,24,0,2.24286
52,70,25,0,2.24286
52,70,26,0,2.24286
52,70,27,0,2.24286
52,70,28,0,2.24286
52,70,29,0,2.24286
52,70,30,0,2.24286
52,70,31,157,2.24286
52,70,32,0,2.24286
52,70,33,0,2.24286
52,70,34,0,2.24286
52,70,35,0,2.24286
52,70,36,0,2.24286
52,70,37,0,2.24286
52,70,38,0,2.24286
52,70,39,0,2.24286
52,70,40,0,2.24286
52,70,41,0,2.24286
52,70,42,0,2.24286
52,70,43,0,2.24286
52,70,44,0,2.24286
52,70,45,0,2.24286
52,70,46,0,2.24286
52,70,47,0,2.24286
52,70,48,0,2.24286
52,70,49,0,2.24286
52,70,50,0,2.24286
52,70,51,0,2.24286
52,70,52,0,2.24286
52,70,53,0,2.24286
52,70,54,0,2.24286
52,70,55,0,2.24286
52,70,56,0,2.24286
52,70,57,0,2.24286
52,70,58,0,2.24286
52,70,59,0,2.24286
52,70,60,0,2.24286
52,70,61,0,2.24286
52,70,62,0,2.24286
52,70,63,0,2.24286
52,71,0,0,2.22535
52,71,1,0,2.22535
52,71,2,0,2.22535
52,71,3,0,2.22535
52,71,4,0,2.22535
52,71,5,0,2.22535
52,71,6,0,2.22535
52,71,7,0,2.22535
52,71,8,0,2.22535
52,71,9,0,2.22535
52,71,10,0,2.22535
52,71,11,0,2.22535
52,71,12,0,2.22535
52,71,13,0,2.22535
52,71,14,0,2.22535
52,71,15,0,2.22535
52,71,16,0,2.22535
52,71,17,0,2.22535
52,71,18,0,2.22535
52,71,19,0,2.22535
52,71,20,0,2.22535
52,71,21,0,2.22535
52,71,22,0,2.22535
52,71,23,0,2.22535
52,71,24,0,2.22535
52,71,25,0,2.22535
52,71,26,0,2.22535
52,71,27,0,2.22535
52,71,28,0,2.22535
52,71,29,0,2.22535
52,71,30,0,2.22535
52,71,31,158,2.22535
52,71,32,0,2.22535
52,71,33,0,2.22535
52,71,34,0,2.22535
52,71,35,0,2.22535
52,71,36,0,2.22535
52,71,37,0,2.22535
52,71,38,0,2.22535
52,71,39,0,2.22535
52,71,40,0,2.22535
52,71,41,0,2.22535
52,71,42,0,2.22535
52,71,43,0,2.22535
52,71,44,0,2.22535
52,71,45,0,2.22535
52,71,46,0,2.22535
52,71,47,0,2.22535
52,71,48,0,2.22535
52,71,49,0,2.22535
52,71,50,0,2.22535
52,71,51,0,2.22535
52,71,52,0,2.22535
52,71,53,0,2.22535
52,71,54,0,2.22535
52,71,55,0,2.22535
52,71,56,0,2.22535
52,71,57,0,2.22535
52,71,58,0,2.22535
52,71,59,0,2.22535
52,71,60,0,2.22535
52,71,61,0,2.22535
52,71,62,0,2.22535
52,71,63,0,2.22535
52,72,0,0,2.20833
52,72,1,0,2.20833
52,72,2,0,2.20833
52,72,3,0,2.20833
52,72,4,0,2.20833
52,72,5,0,2.20833
52,72,6,0,2.20833
52,72,7,0,2.20833
52,72,8,0,2.20833
52,72,9,0,2.20833
52,72,10,0,2.20833
52,72,11,0,2.20833
52,72,12,0,2.20833
52,72,13,0,2.20833
52,72,14,0,2.20833
52,72,15,0,2.20833
52,72,16,0,2.20833
52,72,17,0,2.20833
52,72,18,0,2.20833
52,72,19,0,2.20833
52,72,20,0,2.20833
52,72,21,0,2.20833
52,72,22,0,2.20833
52,72,23,0,2.20833
52,72,24,0,2.20833
52,72,25,0,2.20833
52,72,26,0,2.20833
52,72,27,0,2.20833
52,72,28,0,2.20833
52,72,29,0,2.20833
52,72,30,0,2.20833
52,72,31,159,2.20833
52,72,32,0,2.20833
52,72,33,0,2.20833
52,72,34,0,2.20833
52,72,35,0,2.20833
52,72,36,0,2.20833
52,72,37,0,2.20833
52,72,38,0,2.20833
52,72,39,0,2.20833
52,72,40,0,2.20833
52,72,41,0,2.20833
52,72,42,0,2.20833
52,72,43,0,2.20833
52,72,44,0,2.20833
52,72,45,0,2.20833
52,72,46,0,2.20833
52,72,47,0,2.20833
52,72,48,0,2.20833
52,72,49,0,2.20833
52,72,50,0,2.20833
52,72,51,0,2.20833
52,72,52,0,2.20833
52,72,53,0,2.20833
52,72,54,0,2.20833
52,72,55,0,2.20833
52,72,56,0,2.20833
52,72,57,0,2.20833
52,72,58,0,2.20833
52,72,59,0,2.20833
52,72,60,0,2.20833
52,72,61,0,2.20833
52,72,62,0,2.20833
52,72,63,0,2.20833
52,73,0,0,2.19178
52,73,1,0,2.19178
52,73,2,0,2.19178
52,73,3,0,2.19178
52,73,4,0,2.19178
52,73,5,0,2.19178
52,73,6,0,2.19178
52,73,7,0,2.19178
52,73,8,0,2.19178
52,73,9,0,2.19178
52,73,10,0,2.19178
52,73,11,0,2.19178
52,73,12,0,2.19178
52,73,13,0,2.19178
52,73,14,0,2.19178
52,73,15,0,2.19178
52,73,16,0,2.19178
52,73,17,0,2.19178
52,73,18,0,2.19178
52,73,19,0,2.19178
52,73,20,0,2.19178
52,73,21,0,2.19178
52,73,22,0,2.19178
52,73,23,0,2.19178
52,73,24,0,2.19178
52,73,25,0,2.19178
52,73,26,0,2.19178
52,73,27,0,2.19178
52,73,28,0,2.19178
52,73,29,0,2.19178
52,73,30,0,2.19178
52,73,31,160,2.19178
52,73,32,0,2.19178
52,73,33,0,2.19178
52,73,34,0,2.19178
52,73,35,0,2.19178
52,73,36,0,2.19178
52,73,37,0,2.19178
52,73,38,0,2.19178
52,73,39,0,2.19178
52,73,40,0,2.19178
52,73,41,0,2.19178
52,73,42,0,2.19178
52,73,43,0,2.19178
52,73,44,0,2.19178
52,73,45,0,2.19178
52,73,46,0,2.19178
52,73,47,0,2.19178
52,73,48,0,2.19178
52,73,49,0,2.19178
52,73,50,0,2.19178
52,73,51,0,2.19178
52,73,52,0,2.19178
52,73,53,0,2.19178
52,73,54,0,2.19178
52,73,55,0,2.19178
52,73,56,0,2.19178
52,73,57,0,2.19178
52,73,58,0,2.19178
52,73,59,0,2.19178
52,73,60,0,2.19178
52,73,61,0,2.19178
52,73,62,0,2.19178
52,73,63,0,2.19178
52,74,0,0,2.2027
52,74,1,0,2.2027
52,74,2,0,2.2027
52,74,3,0,2.2027
52,74,4,0,2.2027
52,74,5,0,2.2027
52,74,6,0,2.2027
52,74,7,0,2.2027
52,74,8,0,2.2027
52,74,9,0,2.2027
52,74,10,0,2.2027
52,74,11,0,2.2027
52,74,12,0,2.2027
52,74,13,0,2.2027
52,74,14,0,2.2027
52,74,15,0,2.2027
52,74,16,0,2.2027
52,74,17,0,2.2027
52,74,18,0,2.2027
52,74,19,0,2.2027
52,74,20,0,2.2027
52,74,21,0,2.2027
52,74,22,0,2.2027
52,74,23,0,2.2027
52,74,24,0,2.2027
52,74,25,0,2.2027
52,74,26,0,2.2027
52,74,27,0,2.2027
52,74,28,0,2.2027
52,74,29,0,2.2027
52,74,30,0,2.2027
52,74,31,163,2.2027
52,74,32,0,2.2027
52,74,33,0,2.2027
52,74,34,0,2.2027
52,74,35,0,2.2027
52,74,36,0,2.2027
52,74,37,0,2.2027
52,74,38,0,2.2027
52,74,39,0,2.2027
52,74,40,0,2.2027
52,74,41,0,2.2027
52,74,42,0,2.2027
52,74,43,0,2.2027
52,74,44,0,2.2027
52,74,45,0,2.2027
52,74,46,0,2.2027
52,74,47,0,2.2027
52,74,48,0,2.2027
52,74,49,0,2.2027
52,74,50,0,2.2027
52,74,51,0,2.2027
52,74,52,0,2.2027
52,74,53,0,2.2027
52,74,54,0,2.2027
52,74,55,0,2.2027
52,74,56,0,2.2027
52,74,57,0,2.2027
52,74,58,0,2.2027
52,74,59,0,2.2027
52,74,60,0,2.2027
52,74,61,0,2.2027
52,74,62,0,2.2027
52,74,63,0,2.2027
52,75,0,0,2.2
52,75,1,0,2.2
52,75,2,0,2.2
52,75,3,0,2.2
52,75,4,0,2.2
52,75,5,0,2.2
52,75,6,0,2.2
52,75,7,0,2.2
52,75,8,0,2.2
52,75,9,0,2.2
52,75,10,0,2.2
52,75,11,0,2.2
52,75,12,0,2.2
52,75,13,0,2.2
52,75,14,0,2.2
52,75,15,0,2.2
52,75,16,0,2.2
52,75,17,0,2.2
52,75,18,0,2.2
52,75,19,0,2.2
52,75,20,0,2.2
52,75,21,0,2.2
52,75,22,0,2.2
52,75,23,0,2.2
52,75,24,0,2.2
52,75,25,0,2.2
52,75,26,0,2.2
52,75,27,0,2.2
52,75,28,0,2.2
52,75,29,0,2.2
52,75,30,0,2.2
52,75,31,165,2.2
52,75,32,0,2.2
52,75,33,0,2.2
52,75,34,0,2.2
52,75,35,0,2.2
52,75,36,0,2.2
52,75,37,0,2.2
52,75,38,0,2.2
52,75,39,0,2.2
52,75,40,0,2.2
52,75,41,0,2.2
52,75,42,0,2.2
52,75,43,0,2.2
52,75,44,0,2.2
52,75,45,0,2.2
52,75,46,0,2.2
52,75,47,0,2.2
52,75,48,0,2.2
52,75,49,0,2.2
52,75,50,0,2.2
52,75,51,0,2.2
52,75,52,0,2.2
52,75,53,0,2.2
52,75,54,0,2.2
52,75,55,0,2.2
52,75,56,0,2.2
52,75,57,0,2.2
52,75,58,0,2.2
52,75,59,0,2.2
52,75,60,0,2.2
52,75,61,0,2.2
52,75,62,0,2.2
52,75,63,0,2.2
52,76,0,0,2.19737
52,76,1,0,2.19737
52,76,2,0,2.19737
52,76,3,0,2.19737
52,76,4,0,2.19737
52,76,5,0,2.19737
52,76,6,0,2.19737
52,76,7,0,2.19737
52,76,8,0,2.19737
52,76,9,0,2.19737
52,76,10,0,2.19737
52,76,11,0,2.19737
52,76,12,0,2.19737
52,76,13,0,2.19737
52,76,14,0,2.19737
52,76,15,0,2.19737
52,76,16,0,2.19737
52,76,17,0,2.19737
52,76,18,0,2.19737
52,76,19,0,2.19737
52,76,20,0,2.19737
52,76,21,0,2.19737
52,76,22,0,2.19737
52,76,23,0,2.19737
52,76,24,0,2.19737
52,76,25,0,2.19737
52,76,26,0,2.19737
52,76,27,0,2.19737
52,76,28,0,2.19737
52,76,29,0,2.19737
52,76,30,0,2.19737
52,76,31,167,2.19737
52,76,32,0,2.19737
52,76,33,0,2.19737
52,76,34,0,2.19737
52,76,35,0,2.19737
52,76,36,0,2.19737
52,76,37,0,2.19737
52,76,38,0,2.19737
52,76,39,0,2.19737
52,76,40,0,2.19737
52,76,41,0,2.19737
52,76,42,0,2.19737
52,76,43,0,2.19737
52,76,44,0,2.19737
52,76,45,0,2.19737
52,76,46,0,2.19737
52,76,47,0,2.19737
52,76,48,0,2.19737
52,76,49,0,2.19737
52,76,50,0,2.19737
52,76,51,0,2.19737
52,76,52,0,2.19737
52,76,53,0,2.19737
52,76,54,0,2.19737
52,76,55,0,2.19737
52,76,56,0,2.19737
52,76,57,0,2.19737
52,76,58,0,2.19737
52,76,59,0,2.19737
52,76,60,0,2.19737
52,76,61,0,2.19737
52,76,62,0,2.19737
52,76,63,0,2.19737
52,77,0,0,2.18182
52,77,1,0,2.18182
52,77,2,0,2.18182
52,77,3,0,2.18182
52,77,4,0,2.18182
52,77,5,0,2.18182
52,77,6,0,2.18182
52,77,7,0,2.18182
52,77,8,0,2.18182
52,77,9,0,2.18182
52,77,10,0,2.18182
52,77,11,0,2.18182
52,77,12,0,2.18182
52,77,13,0,2.18182
52,77,14,0,2.18182
52,77,15,0,2.18182
52,77,16,0,2.18182
52,77,17,0,2.18182
52,77,18,0,2.18182
52,77,19,0,2.18182
52,77,20,0,2.18182
52,77,21,0,2.18182
52,77,22,0,2.18182
52,77,23,0,2.18182
52,77,24,0,2.18182
52,77,25,0,2.18182
52,77,26,0,2.18182
52,77,27,0,2.18182
52,77,28,0,2.18182
52,77,29,0,2.18182
52,77,30,0,2.18182
52,77,31,168,2.18182
52,77,32,0,2.18182
52,77,33,0,2.18182
52,77,34,0,2.18182
52,77,35,0,2.18182
52,77,36,0,2.18182
52,77,37,0,2.18182
52,77,38,0,2.18182
52,77,39,0,2.18182
52,77,40,0,2.18182
52,77,41,0,2.18182
52,77,42,0,2.18182
52,77,43,0,2.18182
52,77,44,0,2.18182
52,77,45,0,2.18182
52,77,46,0,2.18182
52,77,47,0,2.18182
52,77,48,0,2.18182
52,77,49,0,2.18182
52,77,50,0,2.18182
52,77,51,0,2.18182
52,77,52,0,2.18182
52,77,53,0,2.18182
52,77,54,0,2.18182
52,77,55,0,2.18182
52,77,56,0,2.18182
52,77,57,0,2.18182
52,77,58,0,2.18182
52,77,59,0,2.18182
52,77,60,0,2.18182
52,77,61,0,2.18182
52,77,62,0,2.18182
52,77,63,0,2.18182
52,78,0,0,2.19231
52,78,1,0,2.19231
52,78,2,0,2.19231
52,78,3,0,2.19231
52,78,4,0,2.19231
52,78,5,0,2.19231
52,78,6,0,2.19231
52,78,7,0,2.19231
52,78,8,0,2.19231
52,78,9,0,2.19231
52,78,10,0,2.19231
52,78,11,0,2.19231
52,78,12,0,2.19231
52,78,13,0,2.19231
52,78,14,0,2.19231
52,78,15,0,2.19231
52,78,16,0,2.19231
52,78,17,0,2.19231
52,78,18,0,2.19231
52,78,19,0,2.19231
52,78,20,0,2.19231
52,78,21,0,2.19231
52,78,22,0,2.19231
52,78,23,0,2.19231
52,78,24,0,2.19231
52,78,25,0,2.19231
52,78,26,0,2.19231
52,78,27,0,2.19231
52,78,28,0,2.19231
52,78,29,0,2.19231
52,78,30,0,2.19231
52,78,31,171,2.19231
52,78,32,0,2.19231
52,78,33,0,2.19231
52,78,34,0,2.19231
52,78,35,0,2.19231
52,78,36,0,2.19231
52,78,37,0,2.19231
52,78,38,0,2.19231
52,78,39,0,2.19231
52,78,40,0,2.19231
52,78,41,0,2.19231
52,78,42,0,2.19231
52,78,43,0,2.19231
52,78,44,0,2.19231
52,78,45,0,2.19231
52,78,46,0,2.19231
52,78,47,0,2.19231
52,78,48,0,2.19231
52,78,49,0,2.19231
52,78,50,0,2.19231
52,78,51,0,2.19231
52,78,52,0,2.19231
52,78,53,0,2.19231
52,78,54,0,2.19231
52,78,55,0,2.19231
52,78,56,0,2.19231
52,78,57,0,2.19231
52,78,58,0,2.19231
52,78,59,0,2.19231
52,78,60,0,2.19231
52,78,61,0,2.19231
52,78,62,0,2.19231
52,78,63,0,2.19231
52,79,0,0,2.20253
52,79,1,0,2.20253
52,79,2,0,2.20253
52,79,3,0,2.20253
52,79,4,0,2.20253
52,79,5,0,2.20253
52,79,6,0,2.20253
52,79,7,0,2.20253
52,79,8,0,2.20253
52,79,9,0,2.20253
52,79,10,0,2.20253
52,79,11,0,2.20253
52,79,12,0,2.20253
52,79,13,0,2.20253
52,79,14,0,2.20253
52,79,15,0,2.20253
52,79,16,0,2.20253
52,79,17,0,2.20253
52,79,18,0,2.20253
52,79,19,0,2.20253
52,79,20,0,2.20253
52,79,21,0,2.20253
52,79,22,0,2.20253
52,79,23,0,2.20253
52,79,24,0,2.20253
52,79,25,0,2.20253
52,79,26,0,2.20253
52,79,27,0,2.20253
52,79,28,0,2.20253
52,79,29,0,2.20253
52,79,30,0,2.20253
52,79,31,174,2.20253
52,79,32,0,2.20253
52,79,33,0,2.20253
52,79,34,0,2.20253
52,79,35,0,2.20253
52,79,36,0,2.20253
52,79,37,0,2.20253
52,79,38,0,2.20253
52,79,39,0,2.20253
52,79,40,0,2.20253
52,79,41,0,2.20253
52,79,42,0,2.20253
52,79,43,0,2.20253
52,79,44,0,2.20253
52,79,45,0,2.20253
52,79,46,0,2.20253
52,79,47,0,2.20253
52,79,48,0,2.20253
52,79,49,0,2.20253
52,79,50,0,2.20253
52,79,51,0,2.20253
52,79,52,0,2.20253
52,79,53,0,2.20253
52,79,54,0,2.20253
52,79,55,0,2.20253
52,79,56,0,2.20253
52,79,57,0,2.20253
52,79,58,0,2.20253
52,79,59,0,2.20253
52,79,60,0,2.20253
52,79,61,0,2.20253
52,79,62,0,2.20253
52,79,63,0,2.20253
52,80,0,0,2.2125
52,80,1,0,2.2125
52,80,2,0,2.2125
52,80,3,0,2.2125
52,80,4,0,2.2125
52,80,5,0,2.2125
52,80,6,0,2.2125
52,80,7,0,2.2125
52,80,8,0,2.2125
52,80,9,0,2.2125
52,80,10,0,2.2125
52,80,11,0,2.2125
52,80,12,0,2.2125
52,80,13,0,2.2125
52,80,14,0,2.2125
52,80,15,0,2.2125
52,80,16,0,2.2125
52,80,17,0,2.2125
52,80,18,0,2.2125
52,80,19,0,2.2125
52,80,20,0,2.2125
52,80,21,0,2.2125
52,80,22,0,2.2125
52,80,23,0,2.2125
52,80,24,0,2.2125
52,80,25,0,2.2125
52,80,26,0,2.2125
52,80,27,0,2.2125
52,80,28,0,2.2125
52,80,29,0,2.2125
52,80,30,0,2.2125
52,80,31,177,2.2125
52,80,32,0,2.2125
52,80,33,0,2.2125
52,80,34,0,2.2125
52,80,35,0,2.2125
52,80,36,0,2.2125
52,80,37,0,2.2125
52,80,38,0,2.2125
52,80,39,0,2.2125
52,80,40,0,2.2125
52,80,41,0,2.2125
52,80,42,0,2.2125
52,80,43,0,2.2125
52,80,44,0,2.2125
52,80,45,0,2.2125
52,80,46,0,2.2125
52,80,47,0,2.2125
52,80,48,0,2.2125
52,80,49,0,2.2125
52,80,50,0,2.2125
52,80,51,0,2.2125
52,80,52,0,2.2125
52,80,53,0,2.2125
52,80,54,0,2.2125
52,80,55,0,2.2125
52,80,56,0,2.2125
52,80,57,0,2.2125
52,80,58,0,2.2125
52,80,59,0,2.2125
52,80,60,0,2.2125
52,80,61,0,2.2125
52,80,62,0,2.2125
52,80,63,0,2.2125
52,81,0,0,2.19753
52,81,1,0,2.19753
52,81,2,0,2.19753
52,81,3,0,2.19753
52,81,4,0,2.19753
52,81,5,0,2.19753
52,81,6,0,2.19753
52,81,7,0,2.19753
52,81,8,0,2.19753
52,81,9,0,2.19753
52,81,10,0,2.19753
52,81,11,0,2.19753
52,81,12,0,2.19753
52,81,13,0,2.19753
52,81,14,0,2.19753
52,81,15,0,2.19753
52,81,16,0,2.19753
52,81,17,0,2.19753
52,81,18,0,2.19753
52,81,19,0,2.19753
52,81,20,0,2.19753
52,81,21,0,2.19753
52,81,22,0,2.19753
52,81,23,0,2.19753
52,81,24,0,2.19753
52,81,25,0,2.19753
52,81,26,0,2.19753
52,81,27,0,2.19753
52,81,28,0,2.19753
52,81,29,0,2.19753
52,81,30,0,2.19753
52,81,31,178,2.19753
52,81,32,0,2.19753
52,81,33,0,2.19753
52,81,34,0,2.19753
52,81,35,0,2.19753
52,81,36,0,2.19753
52,81,37,0,2.19753
52,81,38,0,2.19753
52,81,39,0,2.19753
52,81,40,0,2.19753
52,81,41,0,2.19753
52,81,42,0,2.19753
52,81,43,0,2.19753
52,81,44,0,2.19753
52,81,45,0,2.19753
52,81,46,0,2.19753
52,81,47,0,2.19753
52,81,48,0,2.19753
52,81,49,0,2.19753
52,81,50,0,2.19753
52,81,51,0,2.19753
52,81,52,0,2.19753
52,81,53,0,2.19753
52,81,54,0,2.19753
52,81,55,0,2.19753
52,81,56,0,2.19753
52,81,57,0,2.19753
52,81,58,0,2.19753
52,81,59,0,2.19753
52,81,60,0,2.19753
52,81,61,0,2.19753
52,81,62,0,2.19753
52,81,63,0,2.19753
52,82,0,0,2.18293
52,82,1,0,2.18293
52,82,2,0,2.18293
52,82,3,0,2.18293
52,82,4,0,2.18293
52,82,5,0,2.18293
52,82,6,0,2.18293
52,82,7,0,2.18293
52,82,8,0,2.18293
52,82,9,0,2.18293
52,82,10,0,2.18293
52,82,11,0,2.18293
52,82,12,0,2.18293
52,82,13,0,2.18293
52,82,14,0,2.18293
52,82,15,0,2.18293
52,82,16,0,2.18293
52,82,17,0,2.18293
52,82,18,0,2.18293
52,82,19,0,2.18293
52,82,20,0,2.18293
52,82,21,0,2.18293
52,82,22,0,2.18293
52,82,23,0,2.18293
52,82,24,0,2.18293
52,82,25,0,2.18293
52,82,26,0,2.18293
52,82,27,0,2.18293
52,82,28,0,2.18293
52,82,29,0,2.18293
52,82,30,0,2.18293
52,82,31,179,2.18293
52,82,32,0,2.18293
52,82,33,0,2.18293
52,82,34,0,2.18293
52,82,35,0,2.18293
52,82,36,0,2.18293
52,82,37,0,2.18293
52,82,38,0,2.18293
52,82,39,0,2.18293
52,82,40,0,2.18293
52,82,41,0,2.18293
52,82,42,0,2.18293
52,82,43,0,2.18293
52,82,44,0,2.18293
52,82,45,0,2.18293
52,82,46,0,2.18293
52,82,47,0,2.18293
52,82,48,0,2.18293
52,82,49,0,2.18293
52,82,50,0,2.18293
52,82,51,0,2.18293
52,82,52,0,2.18293
52,82,53,0,2.18293
52,82,54,0,2.18293
52,82,55,0,2.18293
52,82,56,0,2.18293
52,82,57,0,2.18293
52,82,58,0,2.18293
52,82,59,0,2.18293
52,82,60,0,2.18293
52,82,61,0,2.18293
52,82,62,0,2.18293
52,82,63,0,2.18293
52,83,0,0,2.16867
52,83,1,0,2.16867
52,83,2,0,2.16867
52,83,3,0,2.16867
52,83,4,0,2.16867
52,83,5,0,2.16867
52,83,6,0,2.16867
52,83,7,0,2.16867
52,83,8,0,2.16867
52,83,9,0,2.16867
52,83,10,0,2.16867
52,83,11,0,2.16867
52,83,12,0,2.16867
52,83,13,0,2.16867
52,83,14,0,2.16867
52,83,15,0,2.16867
52,83,16,0,2.16867
52,83,17,0,2.16867
52,83,18,0,2.16867
52,83,19,0,2.16867
52,83,20,0,2.16867
52,83,21,0,2.16867
52,83,22,0,2.16867
52,83,23,0,2.16867
52,83,24,0,2.16867
52,83,25,0,2.16867
52,83,26,0,2.16867
52,83,27,0,2.16867
52,83,28,0,2.16867
52,83,29,0,2.16867
52,83,30,0,2.16867
52,83,31,180,2.16867
52,83,32,0,2.16867
52,83,33,0,2.16867
52,83,34,0,2.16867
52,83,35,0,2.16867
52,83,36,0,2.16867
52,83,37,0,2.16867
52,83,38,0,2.16867
52,83,39,0,2.16867
52,83,40,0,2.16867
52,83,41,0,2.16867
52,83,42,0,2.16867
52,83,43,0,2.16867
52,83,44,0,2.16867
52,83,45,0,2.16867
52,83,46,0,2.16867
52,83,47,0,2.16867
52,83,48,0,2.16867
52,83,49,0,2.16867
52,83,50,0,2.16867
52,83,51,0,2.16867
52,83,52,0,2.16867
52,83,53,0,2.16867
52,83,54,0,2.16867
52,83,55,0,2.16867
52,83,56,0,2.16867
52,83,57,0,2.16867
52,83,58,0,2.16867
52,83,59,0,2.16867
52,83,60,0,2.16867
52,83,61,0,2.16867
52,83,62,0,2.16867
52,83,63,0,2.16867
52,84,0,0,2.16667
52,84,1,0,2.16667
52,84,2,0,2.16667
52,84,3,0,2.16667
52,84,4,0,2.16667
52,84,5,0,2.16667
52,84,6,0,2.16667
52,84,7,0,2.16667
52,84,8,0,2.16667
52,84,9,0,2.16667
52,84,10,0,2.16667
52,84,11,0,2.16667
52,84,12,0,2.16667
52,84,13,0,2.16667
52,84,14,0,2.16667
52,84,15,0,2.16667
52,84,16,0,2.16667
52,84,17,0,2.16667
52,84,18,0,2.16667
52,84,19,0,2.16667
52,84,20,0,2.16667
52,84,21,0,2.16667
52,84,22,0,2.16667
52,84,23,0,2.16667
52,84,24,0,2.16667
52,84,25,0,2.16667
52,84,26,0,2.16667
52,84,27,0,2.16667
52,84,28,0,2.16667
52,84,29,0,2.16667
52,84,30,0,2.16667
52,84,31,182,2.16667
52,84,32,0,2.16667
52,84,33,0,2.16667
52,84,34,0,2.16667
52,84,35,0,2.16667
52,84,36,0,2.16667
52,84,37,0,2.16667
52,84,38,0,2.16667
52,84,39,0,2.16667
52,84,40,0,2.16667
52,84,41,0,2.16667
52,84,42,0,2.16667
52,84,43,0,2.16667
52,84,44,0,2.16667
52,84,45,0,2.16667
52,84,46,0,2.16667
52,84,47,0,2.16667
52,84,48,0,2.16667
52,84,49,0,2.16667
52,84,50,0,2.16667
52,84,51,0,2.16667
52,84,52,0,2.16667
52,84,53,0,2.16667
52,84,54,0,2.16667
52,84,55,0,2.16667
52,84,56,0,2.16667
52,84,57,0,2.16667
52,84,58,0,2.16667
52,84,59,0,2.16667
52,84,60,0,2.16667
52,84,61,0,2.16667
52,84,62,0,2.16667
52,84,63,0,2.16667
52,85,0,0,2.15294
52,85,1,0,2.15294
52,85,2,0,2.15294
52,85,3,0,2.15294
52,85,4,0,2.15294
52,85,5,0,2.15294
52,85,6,0,2.15294
52,85,7,0,2.15294
52,85,8,0,2.15294
52,85,9,0,2.15294
52,85,10,0,2.15294
52,85,11,0,2.15294
52,85,12,0,2.15294
52,85,13,0,2.15294
52,85,14,0,2.15294
52,85,15,0,2.15294
52,85,16,0,2.15294
52,85,17,0,2.15294
52,85,18,0,2.15294
52,85,19,0,2.15294
52,85,20,0,2.15294
52,85,21,0,2.15294
52,85,22,0,2.15294
52,85,23,0,2.15294
52,85,24,0,2.15294
52,85,25,0,2.15294
52,85,26,0,2.15294
52,85,27,0,2.15294
52,85,28,0,2.15294
52,85,29,0,2.15294
52,85,30,0,2.15294
52,85,31,183,2.15294
52,85,32,0,2.15294
52,85,33,0,2.15294
52,85,34,0,2.15294
52,85,35,0,2.15294
52,85,36,0,2.15294
52,85,37,0,2.15294
52,85,38,0,2.15294
52,85,39,0,2.15294
52,85,40,0,2.15294
52,85,41,0,2.15294
52,85,42,0,2.15294
52,85,43,0,2.15294
52,85,44,0,2.15294
52,85,45,0,2.15294
52,85,46,0,2.15294
52,85,47,0,2.15294
52,85,48,0,2.15294
52,85,49,0,2.15294
52,85,50,0,2.15294
52,85,51,0,2.15294
52,85,52,0,2.15294
52,85,53,0,2.15294
52,85,54,0,2.15294
52,85,55,0,2.15294
52,85,56,0,2.15294
52,85,57,0,2.15294
52,85,58,0,2.15294
52,85,59,0,2.15294
52,85,60,0,2.15294
52,85,61,0,2.15294
52,85,62,0,2.15294
52,85,63,0,2.15294
52,86,0,0,2.15116
52,86,1,0,2.15116
52,86,2,0,2.15116
52,86,3,0,2.15116
52,86,4,0,2.15116
52,86,5,0,2.15116
52,86,6,0,2.15116
52,86,7,0,2.15116
52,86,8,0,2.15116
52,86,9,0,2.15116
52,86,10,0,2.15116
52,86,11,0,2.15116
52,86,12,0,2.15116
52,86,13,0,2.15116
52,86,14,0,2.15116
52,86,15,0,2.15116
52,86,16,0,2.15116
52,86,17,0,2.15116
52,86,18,0,2.15116
52,86,19,0,2.15116
52,86,20,0,2.15116
52,86,21,0,2.15116
52,86,22,0,2.15116
52,86,23,0,2.15116
52,86,24,0,2.15116
52,86,25,0,2.15116
52,86,26,0,2.15116
52,86,27,0,2.15116
52,86,28,0,2.15116
52,86,29,0,2.15116
52,86,30,0,2.15116
52,86,31,185,2.15116
52,86,32,0,2.15116
52,86,33,0,2.15116
52,86,34,0,2.15116
52,86,35,0,2.15116
52,86,36,0,2.15116
52,86,37,0,2.15116
52,86,38,0,2.15116
52,86,39,0,2.15116
52,86,40,0,2.15116
52,86,41,0,2.15116
52,86,42,0,2.15116
52,86,43,0,2.15116
52,86,44,0,2.15116
52,86,45,0,2.15116
52,86,46,0,2.15116
52,86,47,0,2.15116
52,86,48,0,2.15116
52,86,49,0,2.15116
52,86,50,0,2.15116
52,86,51,0,2.15116
52,86,52,0,2.15116
52,86,53,0,2.15116
52,86,54,0,2.15116
52,86,55,0,2.15116
52,86,56,0,2.15116
52,86,57,0,2.15116
52,86,58,0,2.15116
52,86,59,0,2.15116
52,86,60,0,2.15116
52,86,61,0,2.15116
52,86,62,0,2.15116
52,86,63,0,2.15116
52,87,0,0,2.13793
52,87,1,0,2.13793
52,87,2,0,2.13793
52,87,3,0,2.13793
52,87,4,0,2.13793
52,87,5,0,2.13793
52,87,6,0,2.13793
52,87,7,0,2.13793
52,87,8,0,2.13793
52,87,9,0,2.13793
52,87,10,0,2.13793
52,87,11,0,2.13793
52,87,12,0,2.13793
52,87,13,0,2.13793
52,87,14,0,2.13793
52,87,15,0,2.13793
52,87,16,0,2.13793
52,87,17,0,2.13793
52,87,18,0,2.13793
52,87,19,0,2.13793
52,87,20,0,2.13793
52,87,21,0,2.13793
52,87,22,0,2.13793
52,87,23,0,2.13793
52,87,24,0,2.13793
52,87,25,0,2.13793
52,87,26,0,2.13793
52,87,27,0,2.13793
52,87,28,0,2.13793
52,87,29,0,2.13793
52,87,30,0,2.13793
52,87,31,186,2.13793
52,87,32,0,2.13793
52,87,33,0,2.13793
52,87,34,0,2.13793
52,87,35,0,2.13793
52,87,36,0,2.13793
52,87,37,0,2.13793
52,87,38,0,2.13793
52,87,39,0,2.13793
52,87,40,0,2.13793
52,87,41,0,2.13793
52,87,42,0,2.13793
52,87,43,0,2.13793
52,87,44,0,2.13793
52,87,45,0,2.13793
52,87,46,0,2.13793
52,87,47,0,2.13793
52,87,48,0,2.13793
52,87,49,0,2.13793
52,87,50,0,2.13793
52,87,51,0,2.13793
52,87,52,0,2.13793
52,87,53,0,2.13793
52,87,54,0,2.13793
52,87,55,0,2.13793
52,87,56,0,2.13793
52,87,57,0,2.13793
52,87,58,0,2.13793
52,87,59,0,2.13793
52,87,60,0,2.13793
52,87,61,0,2.13793
52,87,62,0,2.13793
52,87,63,0,2.13793
52,88,0,0,2.125
52,88,1,0,2.125
52,88,2,0,2.125
52,88,3,0,2.125
52,88,4,0,2.125
52,88,5,0,2.125
52,88,6,0,2.125
52,88,7,0,2.125
52,88,8,0,2.125
52,88,9,0,2.125
52,88,10,0,2.125
52,88,11,0,2.125
52,88,12,0,2.125
52,88,13,0,2.125
52,88,14,0,2.125
52,88,15,0,2.125
52,88,16,0,2.125
52,88,17,0,2.125
52,88,18,0,2.125
52,88,19,0,2.125
52,88,20,0,2.125
52,88,21,0,2.125
52,88,22,0,2.125
52,88,23,0,2.125
52,88,24,0,2.125
52,88,25,0,2.125
52,88,26,0,2.125
52,88,27,0,2.125
52,88,28,0,2.125
52,88,29,0,2.125
52,88,30,0,2.125
52,88,31,187,2.125
52,88,32,0,2.125
52,88,33,0,2.125
52,88,34,0,2.125
52,88,35,0,2.125
52,88,36,0,2.125
52,88,37,0,2.125
52,88,38,0,2.125
52,88,39,0,2.125
52,88,40,0,2.125
52,88,41,0,2.125
52,88,42,0,2.125
52,88,43,0,2.125
52,88,44,0,2.125
52,88,45,0,2.125
52,88,46,0,2.125
52,88,47,0,2.125
52,88,48,0,2.125
52,88,49,0,2.125
52,88,50,0,2.125
52,88,51,0,2.125
52,88,52,0,2.125
52,88,53,0,2.125
52,88,54,0,2.125
52,88,55,0,2.125
52,88,56,0,2.125
52,88,57,0,2.125
52,88,58,0,2.125
52,88,59,0,2.125
52,88,60,0,2.125
52,88,61,0,2.125
52,88,62,0,2.125
52,88,63,0,2.125
52,89,0,0,2.19101
52,89,1,0,2.19101
52,89,2,0,2.19101
52,89,3,0,2.19101
52,89,4,0,2.19101
52,89,5,0,2.19101
52,89,6,0,2.19101
52,89,7,0,2.19101
52,89,8,0,2.19101
52,89,9,0,2.19101
52,89,10,0,2.19101
52,89,11,0,2.19101
52,89,12,0,2.19101
52,89,13,0,2.19101
52,89,14,0,2.19101
52,89,15,0,2.19101
52,89,16,0,2.19101
52,89,17,0,2.19101
52,89,18,0,2.19101
52,89,19,0,2.19101
52,89,20,0,2.19101
52,89,21,0,2.19101
52,89,22,0,2.19101
52,89,23,0,2.19101
52,89,24,0,2.19101
52,89,25,0,2.19101
52,89,26,0,2.19101
52,89,27,0,2.19101
52,89,28,0,2.19101
52,89,29,0,2.19101
52,89,30,0,2.19101
52,89,31,195,2.19101
52,89,32,0,2.19101
52,89,33,0,2.19101
52,89,34,0,2.19101
52,89,35,0,2.19101
52,89,36,0,2.19101
52,89,37,0,2.19101
52,89,38,0,2.19101
52,89,39,0,2.19101
52,89,40,0,2.19101
52,89,41,0,2.19101
52,89,42,0,2.19101
52,89,43,0,2.19101
52,89,44,0,2.19101
52,89,45,0,2.19101
52,89,46,0,2.19101
52,89,47,0,2.19101
52,89,48,0,2.19101
52,89,49,0,2.19101
52,89,50,0,2.19101
52,89,51,0,2.19101
52,89,52,0,2.19101
52,89,53,0,2.19101
52,89,54,0,2.19101
52,89,55,0,2.19101
52,89,56,0,2.19101
52,89,57,0,2.19101
52,89,58,0,2.19101
52,89,59,0,2.19101
52,89,60,0,2.19101
52,89,61,0,2.19101
52,89,62,0,2.19101
52,89,63,0,2.19101
52,90,0,0,2.18889
52,90,1,0,2.18889
52,90,2,0,2.18889
52,90,3,0,2.18889
52,90,4,0,2.18889
52,90,5,0,2.18889
52,90,6,0,2.18889
52,90,7,0,2.18889
52,90,8,0,2.18889
52,90,9,0,2.18889
52,90,10,0,2.18889
52,90,11,0,2.18889
52,90,12,0,2.18889
52,90,13,0,2.18889
52,90,14,0,2.18889
52,90,15,0,2.18889
52,90,16,0,2.18889
52,90,17,0,2.18889
52,90,18,0,2.18889
52,90,19,0,2.18889
52,90,20,0,2.18889
52,90,21,0,2.18889
52,90,22,0,2.18889
52,90,23,0,2.18889
52,90,24,0,2.18889
52,90,25,0,2.18889
52,90,26,0,2.18889
52,90,27,0,2.18889
52,90,28,0,2.18889
52,90,29,0,2.18889
52,90,30,0,2.18889
52,90,31,197,2.18889
52,90,32,0,2.18889
52,90,33,0,2.18889
52,90,34,0,2.18889
52,90,35,0,2.18889
52,90,36,0,2.18889
52,90,37,0,2.18889
52,90,38,0,2.18889
52,90,39,0,2.18889
52,90,40,0,2.18889
52,90,41,0,2.18889
52,90,42,0,2.18889
52,90,43,0,2.18889
52,90,44,0,2.18889
52,90,45,0,2.18889
52,90,46,0,2.18889
52,90,47,0,2.18889
52,90,48,0,2.18889
52,90,49,0,2.18889
52,90,50,0,2.18889
52,90,51,0,2.18889
52,90,52,0,2.18889
52,90,53,0,2.18889
52,90,54,0,2.18889
52,90,55,0,2.18889
52,90,56,0,2.18889
52,90,57,0,2.18889
52,90,58,0,2.18889
52,90,59,0,2.18889
52,90,60,0,2.18889
52,90,61,0,2.18889
52,90,62,0,2.18889
52,90,63,0,2.18889
52,91,0,0,2.1978
52,91,1,0,2.1978
52,91,2,0,2.1978
52,91,3,0,2.1978
52,91,4,0,2.1978
52,91,5,0,2.1978
52,91,6,0,2.1978
52,91,7,0,2.1978
52,91,8,0,2.1978
52,91,9,0,2.1978
52,91,10,0,2.1978
52,91,11,0,2.1978
52,91,12,0,2.1978
52,91,13,0,2.1978
52,91,14,0,2.1978
52,91,15,0,2.1978
52,91,16,0,2.1978
52,91,17,0,2.1978
52,91,18,0,2.1978
52,91,19,0,2.1978
52,91,20,0,2.1978
52,91,21,0,2.1978
52,91,22,0,2.1978
52,91,23,0,2.1978
52,91,24,0,2.1978
52,91,25,0,2.1978
52,91,26,0,2.1978
52,91,27,0,2.1978
52,91,28,0,2.1978
52,91,29,0,2.1978
52,91,30,0,2.1978
52,91,31,200,2.1978
52,91,32,0,2.1978
52,91,33,0,2.1978
52,91,34,0,2.1978
52,91,35,0,2.1978
52,91,36,0,2.1978
52,91,37,0,2.1978
52,91,38,0,2.1978
52,91,39,0,2.1978
52,91,40,0,2.1978
52,91,41,0,2.1978
52,91,42,0,2.1978
52,91,43,0,2.1978
52,91,44,0,2.1978
52,91,45,0,2.1978
52,91,46,0,2.1978
52,91,47,0,2.1978
52,91,48,0,2.1978
52,91,49,0,2.1978
52,91,50,0,2.1978
52,91,51,0,2.1978
52,91,52,0,2.1978
52,91,53,0,2.1978
52,91,54,0,2.1978
52,91,55,0,2.1978
52,91,56,0,2.1978
52,91,57,0,2.1978
52,91,58,0,2.1978
52,91,59,0,2.1978
52,91,60,0,2.1978
52,91,61,0,2.1978
52,91,62,0,2.1978
52,91,63,0,2.1978
52,92,0,0,2.18478
52,92,1,0,2.18478
52,92,2,0,2.18478
52,92,3,0,2.18478
52,92,4,0,2.18478
52,92,5,0,2.18478
52,92,6,0,2.18478
52,92,7,0,2.18478
52,92,8,0,2.18478
52,92,9,0,2.18478
52,92,10,0,2.18478
52,92,11,0,2.18478
52,92,12,0,2.18478
52,92,13,0,2.18478
52,92,14,0,2.18478
52,92,15,0,2.18478
52,92,16,0,2.18478
52,92,17,0,2.18478
52,92,18,0,2.18478
52,92,19,0,2.18478
52,92,20,0,2.18478
52,92,21,0,2.18478
52,92,22,0,2.18478
52,92,23,0,2.18478
52,92,24,0,2.18478
52,92,25,0,2.18478
52,92,26,0,2.18478
52,92,27,0,2.18478
52,92,28,0,2.18478
52,92,29,0,2.18478
52,92,30,0,2.18478
52,92,31,201,2.18478
52,92,32,0,2.18478
52,92,33,0,2.18478
52,92,34,0,2.18478
52,92,35,0,2.18478
52,92,36,0,2.18478
52,92,37,0,2.18478
52,92,38,0,2.18478
52,92,39,0,2.18478
52,92,40,0,2.18478
52,92,41,0,2.18478
52,92,42,0,2.18478
52,92,43,0,2.18478
52,92,44,0,2.18478
52,92,45,0,2.18478
52,92,46,0,2.18478
52,92,47,0,2.18478
52,92,48,0,2.18478
52,92,49,0,2.18478
52,92,50,0,2.18478
52,92,51,0,2.18478
52,92,52,0,2.18478
52,92,53,0,2.18478
52,92,54,0,2.18478
52,92,55,0,2.18478
52,92,56,0,2.18478
52,92,57,0,2.18478
52,92,58,0,2.18478
52,92,59,0,2.18478
52,92,60,0,2.18478
52,92,61,0,2.18478
52,92,62,0,2.18478
52,92,63,0,2.18478
52,93,0,0,2.19355
52,93,1,0,2.19355
52,93,2,0,2.19355
52,93,3,0,2.19355
52,93,4,0,2.19355
52,93,5,0,2.19355
52,93,6,0,2.19355
52,93,7,0,2.19355
52,93,8,0,2.19355
52,93,9,0,2.19355
52,93,10,0,2.19355
52,93,11,0,2.19355
52,93,12,0,2.19355
52,93,13,0,2.19355
52,93,14,0,2.19355
52,93,15,0,2.19355
52,93,16,0,2.19355
52,93,17,0,2.19355
52,93,18,0,2.19355
52,93,19,0,2.19355
52,93,20,0,2.19355
52,93,21,0,2.19355
52,93,22,0,2.19355
52,93,23,0,2.19355
52,93,24,0,2.19355
52,93,25,0,2.19355
52,93,26,0,2.19355
52,93,27,0,2.19355
52,93,28,0,2.19355
52,93,29,0,2.19355
52,93,30,0,2.19355
52,93,31,204,2.19355
52,93,32,0,2.19355
52,93,33,0,2.19355
52,93,34,0,2.19355
52,93,35,0,2.19355
52,93,36,0,2.19355
52,93,37,0,2.19355
52,93,38,0,2.19355
52,93,39,0,2.19355
52,93,40,0,2.19355
52,93,41,0,2.19355
52,93,42,0,2.19355
52,93,43,0,2.19355
52,93,44,0,2.19355
52,93,45,0,2.19355
52,93,46,0,2.19355
52,93,47,0,2.19355
52,93,48,0,2.19355
52,93,49,0,2.19355
52,93,50,0,2.19355
52,93,51,0,2.19355
52,93,52,0,2.19355
52,93,53,0,2.19355
52,93,54,0,2.19355
52,93,55,0,2.19355
52,93,56,0,2.19355
52,93,57,0,2.19355
52,93,58,0,2.19355
52,93,59,0,2.19355
52,93,60,0,2.19355
52,93,61,0,2.19355
52,93,62,0,2.19355
52,93,63,0,2.19355
52,94,0,0,2.21277
52,94,1,0,2.21277
52,94,2,0,2.21277
52,94,3,0,2.21277
52,94,4,0,2.21277
52,94,5,0,2.21277
52,94,6,0,2.21277
52,94,7,0,2.21277
52,94,8,0,2.21277
52,94,9,0,2.21277
52,94,10,0,2.21277
52,94,11,0,2.21277
52,94,12,0,2.21277
52,94,13,0,2.21277
52,94,14,0,2.21277
52,94,15,0,2.21277
52,94,16,0,2.21277
52,94,17,0,2.21277
52,94,18,0,2.21277
52,94,19,0,2.21277
52,94,20,0,2.21277
52,94,21,0,2.21277
52,94,22,0,2.21277
52,94,23,0,2.21277
52,94,24,0,2.21277
52,94,25,0,2.21277
52,94,26,0,2.21277
52,94,27,0,2.21277
52,94,28,0,2.21277
52,94,29,0,2.21277
52,94,30,0,2.21277
52,94,31,208,2.21277
52,94,32,0,2.21277
52,94,33,0,2.21277
52,94,34,0,2.21277
52,94,35,0,2.21277
52,94,36,0,2.21277
52,94,37,0,2.21277
52,94,38,0,2.21277
52,94,39,0,2.21277
52,94,40,0,2.21277
52,94,41,0,2.21277
52,94,42,0,2.21277
52,94,43,0,2.21277
52,94,44,0,2.21277
52,94,45,0,2.21277
52,94,46,0,2.21277
52,94,47,0,2.21277
52,94,48,0,2.21277
52,94,49,0,2.21277
52,94,50,0,2.21277
52,94,51,0,2.21277
52,94,52,0,2.21277
52,94,53,0,2.21277
52,94,54,0,2.21277
52,94,55,0,2.21277
52,94,56,0,2.21277
52,94,57,0,2.21277
52,94,58,0,2.21277
52,94,59,0,2.21277
52,94,60,0,2.21277
52,94,61,0,2.21277
52,94,62,0,2.21277
52,94,63,0,2.21277
52,95,0,0,2.21053
52,95,1,0,2.21053
52,95,2,0,2.21053
52,95,3,0,2.21053
52,95,4,0,2.21053
52,95,5,0,2.21053
52,95,6,0,2.21053
52,95,7,0,2.21053
52,95,8,0,2.21053
52,95,9,0,2.21053
52,95,10,0,2.21053
52,95,11,0,2.21053
52,95,12,0,2.21053
52,95,13,0,2.21053
52,95,14,0,2.21053
52,95,15,0,2.21053
52,95,16,0,2.21053
52,95,17,0,2.21053
52,95,18,0,2.21053
52,95,19,0,2.21053
52,95,20,0,2.21053
52,95,21,0,2.21053
52,95,22,0,2.21053
52,95,23,0,2.21053
52,95,24,0,2.21053
52,95,25,0,2.21053
52,95,26,0,2.21053
52,95,27,0,2.21053
52,95,28,0,2.21053
52,95,29,0,2.21053
52,95,30,0,2.21053
52,95,31,210,2.21053
52,95,32,0,2.21053
52,95,33,0,2.21053
52,95,34,0,2.21053
52,95,35,0,2.21053
52,95,36,0,2.21053
52,95,37,0,2.21053
52,95,38,0,2.21053
52,95,39,0,2.21053
52,95,40,0,2.21053
52,95,41,0,2.21053
52,95,42,0,2.21053
52,95,43,0,2.21053
52,95,44,0,2.21053
52,95,45,0,2.21053
52,95,46,0,2.21053
52,95,47,0,2.21053
52,95,48,0,2.21053
52,95,49,0,2.21053
52,95,50,0,2.21053
52,95,51,0,2.21053
52,95,52,0,2.21053
52,95,53,0,2.21053
52,95,54,0,2.21053
52,95,55,0,2.21053
52,95,56,0,2.21053
52,95,57,0,2.21053
52,95,58,0,2.21053
52,95,59,0,2.21053
52,95,60,0,2.21053
52,95,61,0,2.21053
52,95,62,0,2.21053
52,95,63,0,2.21053
52,96,0,0,2.21875
52,96,1,0,2.21875
52,96,2,0,2.21875
52,96,3,0,2.21875
52,96,4,0,2.21875
52,96,5,0,2.21875
52,96,6,0,2.21875
52,96,7,0,2.21875
52,96,8,0,2.21875
52,96,9,0,2.21875
52,96,10,0,2.21875
52,96,11,0,2.21875
52,96,12,0,2.21875
52,96,13,0,2.21875
52,96,14,0,2.21875
52,96,15,0,2.21875
52,96,16,0,2.21875
52,96,17,0,2.21875
52,96,18,0,2.21875
52,96,19,0,2.21875
52,96,20,0,2.21875
52,96,21,0,2.21875
52,96,22,0,2.21875
52,96,23,0,2.21875
52,96,24,0,2.21875
52,96,25,0,2.21875
52,96,26,0,2.21875
52,96,27,0,2.21875
52,96,28,0,2.21875
52,96,29,0,2.21875
52,96,30,0,2.21875
52,96,31,213,2.21875
52,96,32,0,2.21875
52,96,33,0,2.21875
52,96,34,0,2.21875
52,96,35,0,2.21875
52,96,36,0,2.21875
52,96,37,0,2.21875
52,96,38,0,2.21875
52,96,39,0,2.21875
52,96,40,0,2.21875
52,96,41,0,2.21875
52,96,42,0,2.21875
52,96,43,0,2.21875
52,96,44,0,2.21875
52,96,45,0,2.21875
52,96,46,0,2.21875
52,96,47,0,2.21875
52,96,48,0,2.21875
52,96,49,0,2.21875
52,96,50,0,2.21875
52,96,51,0,2.21875
52,96,52,0,2.21875
52,96,53,0,2.21875
52,96,54,0,2.21875
52,96,55,0,2.21875
52,96,56,0,2.21875
52,96,57,0,2.21875
52,96,58,0,2.21875
52,96,59,0,2.21875
52,96,60,0,2.21875
52,96,61,0,2.21875
52,96,62,0,2.21875
52,96,63,0,2.21875
52,97,0,0,2.20619
52,97,1,0,2.20619
52,97,2,0,2.20619
52,97,3,0,2.20619
52,97,4,0,2.20619
52,97,5,0,2.20619
52,97,6,0,2.20619
52,97,7,0,2.20619
52,97,8,0,2.20619
52,97,9,0,2.20619
52,97,10,0,2.20619
52,97,11,0,2.20619
52,97,12,0,2.20619
52,97,13,0,2.20619
52,97,14,0,2.20619
52,97,15,0,2.20619
52,97,16,0,2.20619
52,97,17,0,2.20619
52,97,18,0,2.20619
52,97,19,0,2.20619
52,97,20,0,2.20619
52,97,21,0,2.20619
52,97,22,0,2.20619
52,97,23,0,2.20619
52,97,24,0,2.20619
52,97,25,0,2.20619
52,97,26,0,2.20619
52,97,27,0,2.20619
52,97,28,0,2.20619
52,97,29,0,2.20619
52,97,30,0,2.20619
52,97,31,214,2.20619
52,97,32,0,2.20619
52,97,33,0,2.20619
52,97,34,0,2.20619
52,97,35,0,2.20619
52,97,36,0,2.20619
52,97,37,0,2.20619
52,97,38,0,2.20619
52,97,39,0,2.20619
52,97,40,0,2.20619
52,97,41,0,2.20619
52,97,42,0,2.20619
52,97,43,0,2.20619
52,97,44,0,2.20619
52,97,45,0,2.20619
52,97,46,0,2.20619
52,97,47,0,2.20619
52,97,48,0,2.20619
52,97,49,0,2.20619
52,97,50,0,2.20619
52,97,51,0,2.20619
52,97,52,0,2.20619
52,97,53,0,2.20619
52,97,54,0,2.20619
52,97,55,0,2.20619
52,97,56,0,2.20619
52,97,57,0,2.20619
52,97,58,0,2.20619
52,97,59,0,2.20619
52,97,60,0,2.20619
52,97,61,0,2.20619
52,97,62,0,2.20619
52,97,63,0,2.20619
52,98,0,0,2.21429
52,98,1,0,2.21429
52,98,2,0,2.21429
52,98,3,0,2.21429
52,98,4,0,2.21429
52,98,5,0,2.21429
52,98,6,0,2.21429
52,98,7,0,2.21429
52,98,8,0,2.21429
52,98,9,0,2.21429
52,98,10,0,2.21429
52,98,11,0,2.21429
52,98,12,0,2.21429
52,98,13,0,2.21429
52,98,14,0,2.21429
52,98,15,0,2.21429
52,98,16,0,2.21429
52,98,17,0,2.21429
52,98,18,0,2.21429
52,98,19,0,2.21429
52,98,20,0,2.21429
52,98,21,0,2.21429
52,98,22,0,2.21429
52,98,23,0,2.21429
52,98,24,0,2.21429
52,98,25,0,2.21429
52,98,26,0,2.21429
52,98,27,0,2.21429
52,98,28,0,2.21429
52,98,29,0,2.21429
52,98,30,0,2.21429
52,98,31,217,2.21429
52,98,32,0,2.21429
52,98,33,0,2.21429
52,98,34,0,2.21429
52,98,35,0,2.21429
52,98,36,0,2.21429
52,98,37,0,2.21429
52,98,38,0,2.21429
52,98,39,0,2.21429
52,98,40,0,2.21429
52,98,41,0,2.21429
52,98,42,0,2.21429
52,98,43,0,2.21429
52,98,44,0,2.21429
52,98,45,0,2.21429
52,98,46,0,2.21429
52,98,47,0,2.21429
52,98,48,0,2.21429
52,98,49,0,2.21429
52,98,50,0,2.21429
52,98,51,0,2.21429
52,98,52,0,2.21429
52,98,53,0,2.21429
52,98,54,0,2.21429
52,98,55,0,2.21429
52,98,56,0,2.21429
52,98,57,0,2.21429
52,98,58,0,2.21429
52,98,59,0,2.21429
52,98,60,0,2.21429
52,98,61,0,2.21429
52,98,62,0,2.21429
52,98,63,0,2.21429
52,99,0,0,2.20202
52,99,1,0,2.20202
52,99,2,0,2.20202
52,99,3,0,2.20202
52,99,4,0,2.20202
52,99,5,0,2.20202
52,99,6,0,2.20202
52,99,7,0,2.20202
52,99,8,0,2.20202
52,99,9,0,2.20202
52,99,10,0,2.20202
52,99,11,0,2.20202
52,99,12,0,2.20202
52,99,13,0,2.20202
52,99,14,0,2.20202
52,99,15,0,2.20202
52,99,16,0,2.20202
52,99,17,0,2.20202
52,99,18,0,2.20202
52,99,19,0,2.20202
52,99,20,0,2.20202
52,99,21,0,2.20202
52,99,22,0,2.20202
52,99,23,0,2.20202
52,99,24,0,2.20202
52,99,25,0,2.20202
52,99,26,0,2.20202
52,99,27,0,2.20202
52,99,28,0,2.20202
52,99,29,0,2.20202
52,99,30,0,2.20202
52,99,31,218,2.20202
52,99,32,0,2.20202
52,99,33,0,2.20202
52,99,34,0,2.20202
52,99,35,0,2.20202
52,99,36,0,2.20202
52,99,37,0,2.20202
52,99,38,0,2.20202
52,99,39,0,2.20202
52,99,40,0,2.20202
52,99,41,0,2.20202
52,99,42,0,2.20202
52,99,43,0,2.20202
52,99,44,0,2.20202
52,99,45,0,2.20202
52,99,46,0,2.20202
52,99,47,0,2.20202
52,99,48,0,2.20202
52,99,49,0,2.20202
52,99,50,0,2.20202
52,99,51,0,2.20202
52,99,52,0,2.20202
52,99,53,0,2.20202
52,99,54,0,2.20202
52,99,55,0,2.20202
52,99,56,0,2.20202
52,99,57,0,2.20202
52,99,58,0,2.20202
52,99,59,0,2.20202
52,99,60,0,2.20202
52,99,61,0,2.20202
52,99,62,0,2.20202
52,99,63,0,2.20202
52,100,0,0,2.19
52,100,1,0,2.19
52,100,2,0,2.19
52,100,3,0,2.19
52,100,4,0,2.19
52,100,5,0,2.19
52,100,6,0,2.19
52,100,7,0,2.19
52,100,8,0,2.19
52,100,9,0,2.19
52,100,10,0,2.19
52,100,11,0,2.19
52,100,12,0,2.19
52,100,13,0,2.19
52,100,14,0,2.19
52,100,15,0,2.19
52,100,16,0,2.19
52,100,17,0,2.19
52,100,18,0,2.19
52,100,19,0,2.19
52,100,20,0,2.19
52,100,21,0,2.19
52,100,22,0,2.19
52,100,23,0,2.19
52,100,24,0,2.19
52,100,25,0,2.19
52,100,26,0,2.19
52,100,27,0,2.19
52,100,28,0,2.19
52,100,29,0,2.19
52,100,30,0,2.19
52,100,31,219,2.19
52,100,32,0,2.19
52,100,33,0,2.19
52,100,34,0,2.19
52,100,35,0,2.19
52,100,36,0,2.19
52,100,37,0,2.19
52,100,38,0,2.19
52,100,39,0,2.19
52,100,40,0,2.19
52,100,41,0,2.19
52,100,42,0,2.19
52,100,43,0,2.19
52,100,44,0,2.19
52,100,45,0,2.19
52,100,46,0,2.19
52,100,47,0,2.19
52,100,48,0,2.19
52,100,49,0,2.19
52,100,50,0,2.19
52,100,51,0,2.19
52,100,52,0,2.19
52,100,53,0,2.19
52,100,54,0,2.19
52,100,55,0,2.19
52,100,56,0,2.19
52,100,57,0,2.19
52,100,58,0,2.19
52,100,59,0,2.19
52,100,60,0,2.19
52,100,61,0,2.19
52,100,62,0,2.19
52,100,63,0,2.19
