Shot Number,Number of events (secondary e.),Anode ID,Electrons in wire,Gas amplification  coefficient
14,1,0,0,1
14,1,1,0,1
14,1,2,0,1
14,1,3,0,1
14,1,4,0,1
14,1,5,0,1
14,1,6,0,1
14,1,7,0,1
14,1,8,0,1
14,1,9,0,1
14,1,10,0,1
14,1,11,0,1
14,1,12,0,1
14,1,13,0,1
14,1,14,0,1
14,1,15,0,1
14,1,16,0,1
14,1,17,0,1
14,1,18,0,1
14,1,19,0,1
14,1,20,0,1
14,1,21,0,1
14,1,22,0,1
14,1,23,0,1
14,1,24,0,1
14,1,25,0,1
14,1,26,0,1
14,1,27,0,1
14,1,28,0,1
14,1,29,0,1
14,1,30,0,1
14,1,31,0,1
14,1,32,0,1
14,1,33,0,1
14,1,34,0,1
14,1,35,0,1
14,1,36,0,1
14,1,37,0,1
14,1,38,0,1
14,1,39,0,1
14,1,40,0,1
14,1,41,0,1
14,1,42,0,1
14,1,43,0,1
14,1,44,0,1
14,1,45,0,1
14,1,46,0,1
14,1,47,0,1
14,1,48,0,1
14,1,49,0,1
14,1,50,0,1
14,1,51,0,1
14,1,52,0,1
14,1,53,0,1
14,1,54,0,1
14,1,55,0,1
14,1,56,0,1
14,1,57,0,1
14,1,58,0,1
14,1,59,0,1
14,1,60,0,1
14,1,61,0,1
14,1,62,0,1
14,1,63,0,1
14,2,0,0,1
14,2,1,0,1
14,2,2,0,1
14,2,3,0,1
14,2,4,0,1
14,2,5,0,1
14,2,6,0,1
14,2,7,0,1
14,2,8,0,1
14,2,9,0,1
14,2,10,0,1
14,2,11,0,1
14,2,12,0,1
14,2,13,0,1
14,2,14,0,1
14,2,15,0,1
14,2,16,0,1
14,2,17,0,1
14,2,18,0,1
14,2,19,0,1
14,2,20,0,1
14,2,21,0,1
14,2,22,0,1
14,2,23,0,1
14,2,24,0,1
14,2,25,0,1
14,2,26,0,1
14,2,27,0,1
14,2,28,0,1
14,2,29,0,1
14,2,30,0,1
14,2,31,0,1
14,2,32,0,1
14,2,33,0,1
14,2,34,0,1
14,2,35,0,1
14,2,36,0,1
14,2,37,0,1
14,2,38,0,1
14,2,39,0,1
14,2,40,0,1
14,2,41,0,1
14,2,42,0,1
14,2,43,0,1
14,2,44,0,1
14,2,45,0,1
14,2,46,0,1
14,2,47,0,1
14,2,48,0,1
14,2,49,0,1
14,2,50,0,1
14,2,51,0,1
14,2,52,0,1
14,2,53,0,1
14,2,54,0,1
14,2,55,0,1
14,2,56,0,1
14,2,57,0,1
14,2,58,0,1
14,2,59,0,1
14,2,60,0,1
14,2,61,0,1
14,2,62,0,1
14,2,63,0,1
14,3,0,0,1
14,3,1,0,1
14,3,2,0,1
14,3,3,0,1
14,3,4,0,1
14,3,5,0,1
14,3,6,0,1
14,3,7,0,1
14,3,8,0,1
14,3,9,0,1
14,3,10,0,1
14,3,11,0,1
14,3,12,0,1
14,3,13,0,1
14,3,14,0,1
14,3,15,0,1
14,3,16,0,1
14,3,17,0,1
14,3,18,0,1
14,3,19,0,1
14,3,20,0,1
14,3,21,0,1
14,3,22,0,1
14,3,23,0,1
14,3,24,0,1
14,3,25,0,1
14,3,26,0,1
14,3,27,0,1
14,3,28,0,1
14,3,29,0,1
14,3,30,0,1
14,3,31,0,1
14,3,32,0,1
14,3,33,0,1
14,3,34,0,1
14,3,35,0,1
14,3,36,0,1
14,3,37,0,1
14,3,38,0,1
14,3,39,0,1
14,3,40,0,1
14,3,41,0,1
14,3,42,0,1
14,3,43,0,1
14,3,44,0,1
14,3,45,0,1
14,3,46,0,1
14,3,47,0,1
14,3,48,0,1
14,3,49,0,1
14,3,50,0,1
14,3,51,0,1
14,3,52,0,1
14,3,53,0,1
14,3,54,0,1
14,3,55,0,1
14,3,56,0,1
14,3,57,0,1
14,3,58,0,1
14,3,59,0,1
14,3,60,0,1
14,3,61,0,1
14,3,62,0,1
14,3,63,0,1
14,4,0,0,1
14,4,1,0,1
14,4,2,0,1
14,4,3,0,1
14,4,4,0,1
14,4,5,0,1
14,4,6,0,1
14,4,7,0,1
14,4,8,0,1
14,4,9,0,1
14,4,10,0,1
14,4,11,0,1
14,4,12,0,1
14,4,13,0,1
14,4,14,0,1
14,4,15,0,1
14,4,16,0,1
14,4,17,0,1
14,4,18,0,1
14,4,19,0,1
14,4,20,0,1
14,4,21,0,1
14,4,22,0,1
14,4,23,0,1
14,4,24,0,1
14,4,25,0,1
14,4,26,0,1
14,4,27,0,1
14,4,28,0,1
14,4,29,0,1
14,4,30,0,1
14,4,31,0,1
14,4,32,0,1
14,4,33,0,1
14,4,34,0,1
14,4,35,0,1
14,4,36,0,1
14,4,37,0,1
14,4,38,0,1
14,4,39,0,1
14,4,40,0,1
14,4,41,0,1
14,4,42,0,1
14,4,43,0,1
14,4,44,0,1
14,4,45,0,1
14,4,46,0,1
14,4,47,0,1
14,4,48,0,1
14,4,49,0,1
14,4,50,0,1
14,4,51,0,1
14,4,52,0,1
14,4,53,0,1
14,4,54,0,1
14,4,55,0,1
14,4,56,0,1
14,4,57,0,1
14,4,58,0,1
14,4,59,0,1
14,4,60,0,1
14,4,61,0,1
14,4,62,0,1
14,4,63,0,1
14,5,0,0,1
14,5,1,0,1
14,5,2,0,1
14,5,3,0,1
14,5,4,0,1
14,5,5,0,1
14,5,6,0,1
14,5,7,0,1
14,5,8,0,1
14,5,9,0,1
14,5,10,0,1
14,5,11,0,1
14,5,12,0,1
14,5,13,0,1
14,5,14,0,1
14,5,15,0,1
14,5,16,0,1
14,5,17,0,1
14,5,18,0,1
14,5,19,0,1
14,5,20,0,1
14,5,21,0,1
14,5,22,0,1
14,5,23,0,1
14,5,24,0,1
14,5,25,0,1
14,5,26,0,1
14,5,27,0,1
14,5,28,0,1
14,5,29,0,1
14,5,30,0,1
14,5,31,0,1
14,5,32,0,1
14,5,33,0,1
14,5,34,0,1
14,5,35,0,1
14,5,36,0,1
14,5,37,0,1
14,5,38,0,1
14,5,39,0,1
14,5,40,0,1
14,5,41,0,1
14,5,42,0,1
14,5,43,0,1
14,5,44,0,1
14,5,45,0,1
14,5,46,0,1
14,5,47,0,1
14,5,48,0,1
14,5,49,0,1
14,5,50,0,1
14,5,51,0,1
14,5,52,0,1
14,5,53,0,1
14,5,54,0,1
14,5,55,0,1
14,5,56,0,1
14,5,57,0,1
14,5,58,0,1
14,5,59,0,1
14,5,60,0,1
14,5,61,0,1
14,5,62,0,1
14,5,63,0,1
14,6,0,0,1
14,6,1,0,1
14,6,2,0,1
14,6,3,0,1
14,6,4,0,1
14,6,5,0,1
14,6,6,0,1
14,6,7,0,1
14,6,8,0,1
14,6,9,0,1
14,6,10,0,1
14,6,11,0,1
14,6,12,0,1
14,6,13,0,1
14,6,14,0,1
14,6,15,0,1
14,6,16,0,1
14,6,17,0,1
14,6,18,0,1
14,6,19,0,1
14,6,20,0,1
14,6,21,0,1
14,6,22,0,1
14,6,23,0,1
14,6,24,0,1
14,6,25,0,1
14,6,26,0,1
14,6,27,0,1
14,6,28,0,1
14,6,29,0,1
14,6,30,0,1
14,6,31,0,1
14,6,32,0,1
14,6,33,0,1
14,6,34,0,1
14,6,35,0,1
14,6,36,0,1
14,6,37,0,1
14,6,38,0,1
14,6,39,0,1
14,6,40,0,1
14,6,41,0,1
14,6,42,0,1
14,6,43,0,1
14,6,44,0,1
14,6,45,0,1
14,6,46,0,1
14,6,47,0,1
14,6,48,0,1
14,6,49,0,1
14,6,50,0,1
14,6,51,0,1
14,6,52,0,1
14,6,53,0,1
14,6,54,0,1
14,6,55,0,1
14,6,56,0,1
14,6,57,0,1
14,6,58,0,1
14,6,59,0,1
14,6,60,0,1
14,6,61,0,1
14,6,62,0,1
14,6,63,0,1
14,7,0,0,1
14,7,1,0,1
14,7,2,0,1
14,7,3,0,1
14,7,4,0,1
14,7,5,0,1
14,7,6,0,1
14,7,7,0,1
14,7,8,0,1
14,7,9,0,1
14,7,10,0,1
14,7,11,0,1
14,7,12,0,1
14,7,13,0,1
14,7,14,0,1
14,7,15,0,1
14,7,16,0,1
14,7,17,0,1
14,7,18,0,1
14,7,19,0,1
14,7,20,0,1
14,7,21,0,1
14,7,22,0,1
14,7,23,0,1
14,7,24,0,1
14,7,25,0,1
14,7,26,0,1
14,7,27,0,1
14,7,28,0,1
14,7,29,0,1
14,7,30,0,1
14,7,31,0,1
14,7,32,0,1
14,7,33,0,1
14,7,34,0,1
14,7,35,0,1
14,7,36,0,1
14,7,37,0,1
14,7,38,0,1
14,7,39,0,1
14,7,40,0,1
14,7,41,0,1
14,7,42,0,1
14,7,43,0,1
14,7,44,0,1
14,7,45,0,1
14,7,46,0,1
14,7,47,0,1
14,7,48,0,1
14,7,49,0,1
14,7,50,0,1
14,7,51,0,1
14,7,52,0,1
14,7,53,0,1
14,7,54,0,1
14,7,55,0,1
14,7,56,0,1
14,7,57,0,1
14,7,58,0,1
14,7,59,0,1
14,7,60,0,1
14,7,61,0,1
14,7,62,0,1
14,7,63,0,1
14,8,0,0,1
14,8,1,0,1
14,8,2,0,1
14,8,3,0,1
14,8,4,0,1
14,8,5,0,1
14,8,6,0,1
14,8,7,0,1
14,8,8,0,1
14,8,9,0,1
14,8,10,0,1
14,8,11,0,1
14,8,12,0,1
14,8,13,0,1
14,8,14,0,1
14,8,15,0,1
14,8,16,0,1
14,8,17,0,1
14,8,18,0,1
14,8,19,0,1
14,8,20,0,1
14,8,21,0,1
14,8,22,0,1
14,8,23,0,1
14,8,24,0,1
14,8,25,0,1
14,8,26,0,1
14,8,27,0,1
14,8,28,0,1
14,8,29,0,1
14,8,30,0,1
14,8,31,0,1
14,8,32,0,1
14,8,33,0,1
14,8,34,0,1
14,8,35,0,1
14,8,36,0,1
14,8,37,0,1
14,8,38,0,1
14,8,39,0,1
14,8,40,0,1
14,8,41,0,1
14,8,42,0,1
14,8,43,0,1
14,8,44,0,1
14,8,45,0,1
14,8,46,0,1
14,8,47,0,1
14,8,48,0,1
14,8,49,0,1
14,8,50,0,1
14,8,51,0,1
14,8,52,0,1
14,8,53,0,1
14,8,54,0,1
14,8,55,0,1
14,8,56,0,1
14,8,57,0,1
14,8,58,0,1
14,8,59,0,1
14,8,60,0,1
14,8,61,0,1
14,8,62,0,1
14,8,63,0,1
14,9,0,0,1
14,9,1,0,1
14,9,2,0,1
14,9,3,0,1
14,9,4,0,1
14,9,5,0,1
14,9,6,0,1
14,9,7,0,1
14,9,8,0,1
14,9,9,0,1
14,9,10,0,1
14,9,11,0,1
14,9,12,0,1
14,9,13,0,1
14,9,14,0,1
14,9,15,0,1
14,9,16,0,1
14,9,17,0,1
14,9,18,0,1
14,9,19,0,1
14,9,20,0,1
14,9,21,0,1
14,9,22,0,1
14,9,23,0,1
14,9,24,0,1
14,9,25,0,1
14,9,26,0,1
14,9,27,0,1
14,9,28,0,1
14,9,29,0,1
14,9,30,0,1
14,9,31,0,1
14,9,32,0,1
14,9,33,0,1
14,9,34,0,1
14,9,35,0,1
14,9,36,0,1
14,9,37,0,1
14,9,38,0,1
14,9,39,0,1
14,9,40,0,1
14,9,41,0,1
14,9,42,0,1
14,9,43,0,1
14,9,44,0,1
14,9,45,0,1
14,9,46,0,1
14,9,47,0,1
14,9,48,0,1
14,9,49,0,1
14,9,50,0,1
14,9,51,0,1
14,9,52,0,1
14,9,53,0,1
14,9,54,0,1
14,9,55,0,1
14,9,56,0,1
14,9,57,0,1
14,9,58,0,1
14,9,59,0,1
14,9,60,0,1
14,9,61,0,1
14,9,62,0,1
14,9,63,0,1
14,10,0,0,1
14,10,1,0,1
14,10,2,0,1
14,10,3,0,1
14,10,4,0,1
14,10,5,0,1
14,10,6,0,1
14,10,7,0,1
14,10,8,0,1
14,10,9,0,1
14,10,10,0,1
14,10,11,0,1
14,10,12,0,1
14,10,13,0,1
14,10,14,0,1
14,10,15,0,1
14,10,16,0,1
14,10,17,0,1
14,10,18,0,1
14,10,19,0,1
14,10,20,0,1
14,10,21,0,1
14,10,22,0,1
14,10,23,0,1
14,10,24,0,1
14,10,25,0,1
14,10,26,0,1
14,10,27,0,1
14,10,28,0,1
14,10,29,0,1
14,10,30,0,1
14,10,31,0,1
14,10,32,0,1
14,10,33,0,1
14,10,34,0,1
14,10,35,0,1
14,10,36,0,1
14,10,37,0,1
14,10,38,0,1
14,10,39,0,1
14,10,40,0,1
14,10,41,0,1
14,10,42,0,1
14,10,43,0,1
14,10,44,0,1
14,10,45,0,1
14,10,46,0,1
14,10,47,0,1
14,10,48,0,1
14,10,49,0,1
14,10,50,0,1
14,10,51,0,1
14,10,52,0,1
14,10,53,0,1
14,10,54,0,1
14,10,55,0,1
14,10,56,0,1
14,10,57,0,1
14,10,58,0,1
14,10,59,0,1
14,10,60,0,1
14,10,61,0,1
14,10,62,0,1
14,10,63,0,1
14,11,0,0,1
14,11,1,0,1
14,11,2,0,1
14,11,3,0,1
14,11,4,0,1
14,11,5,0,1
14,11,6,0,1
14,11,7,0,1
14,11,8,0,1
14,11,9,0,1
14,11,10,0,1
14,11,11,0,1
14,11,12,0,1
14,11,13,0,1
14,11,14,0,1
14,11,15,0,1
14,11,16,0,1
14,11,17,0,1
14,11,18,0,1
14,11,19,0,1
14,11,20,0,1
14,11,21,0,1
14,11,22,0,1
14,11,23,0,1
14,11,24,0,1
14,11,25,0,1
14,11,26,0,1
14,11,27,0,1
14,11,28,0,1
14,11,29,0,1
14,11,30,0,1
14,11,31,0,1
14,11,32,0,1
14,11,33,0,1
14,11,34,0,1
14,11,35,0,1
14,11,36,0,1
14,11,37,0,1
14,11,38,0,1
14,11,39,0,1
14,11,40,0,1
14,11,41,0,1
14,11,42,0,1
14,11,43,0,1
14,11,44,0,1
14,11,45,0,1
14,11,46,0,1
14,11,47,0,1
14,11,48,0,1
14,11,49,0,1
14,11,50,0,1
14,11,51,0,1
14,11,52,0,1
14,11,53,0,1
14,11,54,0,1
14,11,55,0,1
14,11,56,0,1
14,11,57,0,1
14,11,58,0,1
14,11,59,0,1
14,11,60,0,1
14,11,61,0,1
14,11,62,0,1
14,11,63,0,1
14,12,0,0,1
14,12,1,0,1
14,12,2,0,1
14,12,3,0,1
14,12,4,0,1
14,12,5,0,1
14,12,6,0,1
14,12,7,0,1
14,12,8,0,1
14,12,9,0,1
14,12,10,0,1
14,12,11,0,1
14,12,12,0,1
14,12,13,0,1
14,12,14,0,1
14,12,15,0,1
14,12,16,0,1
14,12,17,0,1
14,12,18,0,1
14,12,19,0,1
14,12,20,0,1
14,12,21,0,1
14,12,22,0,1
14,12,23,0,1
14,12,24,0,1
14,12,25,0,1
14,12,26,0,1
14,12,27,0,1
14,12,28,0,1
14,12,29,0,1
14,12,30,0,1
14,12,31,0,1
14,12,32,0,1
14,12,33,0,1
14,12,34,0,1
14,12,35,0,1
14,12,36,0,1
14,12,37,0,1
14,12,38,0,1
14,12,39,0,1
14,12,40,0,1
14,12,41,0,1
14,12,42,0,1
14,12,43,0,1
14,12,44,0,1
14,12,45,0,1
14,12,46,0,1
14,12,47,0,1
14,12,48,0,1
14,12,49,0,1
14,12,50,0,1
14,12,51,0,1
14,12,52,0,1
14,12,53,0,1
14,12,54,0,1
14,12,55,0,1
14,12,56,0,1
14,12,57,0,1
14,12,58,0,1
14,12,59,0,1
14,12,60,0,1
14,12,61,0,1
14,12,62,0,1
14,12,63,0,1
14,13,0,0,1
14,13,1,0,1
14,13,2,0,1
14,13,3,0,1
14,13,4,0,1
14,13,5,0,1
14,13,6,0,1
14,13,7,0,1
14,13,8,0,1
14,13,9,0,1
14,13,10,0,1
14,13,11,0,1
14,13,12,0,1
14,13,13,0,1
14,13,14,0,1
14,13,15,0,1
14,13,16,0,1
14,13,17,0,1
14,13,18,0,1
14,13,19,0,1
14,13,20,0,1
14,13,21,0,1
14,13,22,0,1
14,13,23,0,1
14,13,24,0,1
14,13,25,0,1
14,13,26,0,1
14,13,27,0,1
14,13,28,0,1
14,13,29,0,1
14,13,30,0,1
14,13,31,0,1
14,13,32,0,1
14,13,33,0,1
14,13,34,0,1
14,13,35,0,1
14,13,36,0,1
14,13,37,0,1
14,13,38,0,1
14,13,39,0,1
14,13,40,0,1
14,13,41,0,1
14,13,42,0,1
14,13,43,0,1
14,13,44,0,1
14,13,45,0,1
14,13,46,0,1
14,13,47,0,1
14,13,48,0,1
14,13,49,0,1
14,13,50,0,1
14,13,51,0,1
14,13,52,0,1
14,13,53,0,1
14,13,54,0,1
14,13,55,0,1
14,13,56,0,1
14,13,57,0,1
14,13,58,0,1
14,13,59,0,1
14,13,60,0,1
14,13,61,0,1
14,13,62,0,1
14,13,63,0,1
14,14,0,0,1
14,14,1,0,1
14,14,2,0,1
14,14,3,0,1
14,14,4,0,1
14,14,5,0,1
14,14,6,0,1
14,14,7,0,1
14,14,8,0,1
14,14,9,0,1
14,14,10,0,1
14,14,11,0,1
14,14,12,0,1
14,14,13,0,1
14,14,14,0,1
14,14,15,0,1
14,14,16,0,1
14,14,17,0,1
14,14,18,0,1
14,14,19,0,1
14,14,20,0,1
14,14,21,0,1
14,14,22,0,1
14,14,23,0,1
14,14,24,0,1
14,14,25,0,1
14,14,26,0,1
14,14,27,0,1
14,14,28,0,1
14,14,29,0,1
14,14,30,0,1
14,14,31,0,1
14,14,32,0,1
14,14,33,0,1
14,14,34,0,1
14,14,35,0,1
14,14,36,0,1
14,14,37,0,1
14,14,38,0,1
14,14,39,0,1
14,14,40,0,1
14,14,41,0,1
14,14,42,0,1
14,14,43,0,1
14,14,44,0,1
14,14,45,0,1
14,14,46,0,1
14,14,47,0,1
14,14,48,0,1
14,14,49,0,1
14,14,50,0,1
14,14,51,0,1
14,14,52,0,1
14,14,53,0,1
14,14,54,0,1
14,14,55,0,1
14,14,56,0,1
14,14,57,0,1
14,14,58,0,1
14,14,59,0,1
14,14,60,0,1
14,14,61,0,1
14,14,62,0,1
14,14,63,0,1
14,15,0,0,1
14,15,1,0,1
14,15,2,0,1
14,15,3,0,1
14,15,4,0,1
14,15,5,0,1
14,15,6,0,1
14,15,7,0,1
14,15,8,0,1
14,15,9,0,1
14,15,10,0,1
14,15,11,0,1
14,15,12,0,1
14,15,13,0,1
14,15,14,0,1
14,15,15,0,1
14,15,16,0,1
14,15,17,0,1
14,15,18,0,1
14,15,19,0,1
14,15,20,0,1
14,15,21,0,1
14,15,22,0,1
14,15,23,0,1
14,15,24,0,1
14,15,25,0,1
14,15,26,0,1
14,15,27,0,1
14,15,28,0,1
14,15,29,0,1
14,15,30,0,1
14,15,31,0,1
14,15,32,0,1
14,15,33,0,1
14,15,34,0,1
14,15,35,0,1
14,15,36,0,1
14,15,37,0,1
14,15,38,0,1
14,15,39,0,1
14,15,40,0,1
14,15,41,0,1
14,15,42,0,1
14,15,43,0,1
14,15,44,0,1
14,15,45,0,1
14,15,46,0,1
14,15,47,0,1
14,15,48,0,1
14,15,49,0,1
14,15,50,0,1
14,15,51,0,1
14,15,52,0,1
14,15,53,0,1
14,15,54,0,1
14,15,55,0,1
14,15,56,0,1
14,15,57,0,1
14,15,58,0,1
14,15,59,0,1
14,15,60,0,1
14,15,61,0,1
14,15,62,0,1
14,15,63,0,1
14,16,0,0,1
14,16,1,0,1
14,16,2,0,1
14,16,3,0,1
14,16,4,0,1
14,16,5,0,1
14,16,6,0,1
14,16,7,0,1
14,16,8,0,1
14,16,9,0,1
14,16,10,0,1
14,16,11,0,1
14,16,12,0,1
14,16,13,0,1
14,16,14,0,1
14,16,15,0,1
14,16,16,0,1
14,16,17,0,1
14,16,18,0,1
14,16,19,0,1
14,16,20,0,1
14,16,21,0,1
14,16,22,0,1
14,16,23,0,1
14,16,24,0,1
14,16,25,0,1
14,16,26,0,1
14,16,27,0,1
14,16,28,0,1
14,16,29,0,1
14,16,30,0,1
14,16,31,0,1
14,16,32,0,1
14,16,33,0,1
14,16,34,0,1
14,16,35,0,1
14,16,36,0,1
14,16,37,0,1
14,16,38,0,1
14,16,39,0,1
14,16,40,0,1
14,16,41,0,1
14,16,42,0,1
14,16,43,0,1
14,16,44,0,1
14,16,45,0,1
14,16,46,0,1
14,16,47,0,1
14,16,48,0,1
14,16,49,0,1
14,16,50,0,1
14,16,51,0,1
14,16,52,0,1
14,16,53,0,1
14,16,54,0,1
14,16,55,0,1
14,16,56,0,1
14,16,57,0,1
14,16,58,0,1
14,16,59,0,1
14,16,60,0,1
14,16,61,0,1
14,16,62,0,1
14,16,63,0,1
14,17,0,0,1
14,17,1,0,1
14,17,2,0,1
14,17,3,0,1
14,17,4,0,1
14,17,5,0,1
14,17,6,0,1
14,17,7,0,1
14,17,8,0,1
14,17,9,0,1
14,17,10,0,1
14,17,11,0,1
14,17,12,0,1
14,17,13,0,1
14,17,14,0,1
14,17,15,0,1
14,17,16,0,1
14,17,17,0,1
14,17,18,0,1
14,17,19,0,1
14,17,20,0,1
14,17,21,0,1
14,17,22,0,1
14,17,23,0,1
14,17,24,0,1
14,17,25,0,1
14,17,26,0,1
14,17,27,0,1
14,17,28,0,1
14,17,29,0,1
14,17,30,0,1
14,17,31,0,1
14,17,32,0,1
14,17,33,0,1
14,17,34,0,1
14,17,35,0,1
14,17,36,0,1
14,17,37,0,1
14,17,38,0,1
14,17,39,0,1
14,17,40,0,1
14,17,41,0,1
14,17,42,0,1
14,17,43,0,1
14,17,44,0,1
14,17,45,0,1
14,17,46,0,1
14,17,47,0,1
14,17,48,0,1
14,17,49,0,1
14,17,50,0,1
14,17,51,0,1
14,17,52,0,1
14,17,53,0,1
14,17,54,0,1
14,17,55,0,1
14,17,56,0,1
14,17,57,0,1
14,17,58,0,1
14,17,59,0,1
14,17,60,0,1
14,17,61,0,1
14,17,62,0,1
14,17,63,0,1
14,18,0,0,1
14,18,1,0,1
14,18,2,0,1
14,18,3,0,1
14,18,4,0,1
14,18,5,0,1
14,18,6,0,1
14,18,7,0,1
14,18,8,0,1
14,18,9,0,1
14,18,10,0,1
14,18,11,0,1
14,18,12,0,1
14,18,13,0,1
14,18,14,0,1
14,18,15,0,1
14,18,16,0,1
14,18,17,0,1
14,18,18,0,1
14,18,19,0,1
14,18,20,0,1
14,18,21,0,1
14,18,22,0,1
14,18,23,0,1
14,18,24,0,1
14,18,25,0,1
14,18,26,0,1
14,18,27,0,1
14,18,28,0,1
14,18,29,0,1
14,18,30,0,1
14,18,31,0,1
14,18,32,0,1
14,18,33,0,1
14,18,34,0,1
14,18,35,0,1
14,18,36,0,1
14,18,37,0,1
14,18,38,0,1
14,18,39,0,1
14,18,40,0,1
14,18,41,0,1
14,18,42,0,1
14,18,43,0,1
14,18,44,0,1
14,18,45,0,1
14,18,46,0,1
14,18,47,0,1
14,18,48,0,1
14,18,49,0,1
14,18,50,0,1
14,18,51,0,1
14,18,52,0,1
14,18,53,0,1
14,18,54,0,1
14,18,55,0,1
14,18,56,0,1
14,18,57,0,1
14,18,58,0,1
14,18,59,0,1
14,18,60,0,1
14,18,61,0,1
14,18,62,0,1
14,18,63,0,1
14,19,0,0,1
14,19,1,0,1
14,19,2,0,1
14,19,3,0,1
14,19,4,0,1
14,19,5,0,1
14,19,6,0,1
14,19,7,0,1
14,19,8,0,1
14,19,9,0,1
14,19,10,0,1
14,19,11,0,1
14,19,12,0,1
14,19,13,0,1
14,19,14,0,1
14,19,15,0,1
14,19,16,0,1
14,19,17,0,1
14,19,18,0,1
14,19,19,0,1
14,19,20,0,1
14,19,21,0,1
14,19,22,0,1
14,19,23,0,1
14,19,24,0,1
14,19,25,0,1
14,19,26,0,1
14,19,27,0,1
14,19,28,0,1
14,19,29,0,1
14,19,30,0,1
14,19,31,0,1
14,19,32,0,1
14,19,33,0,1
14,19,34,0,1
14,19,35,0,1
14,19,36,0,1
14,19,37,0,1
14,19,38,0,1
14,19,39,0,1
14,19,40,0,1
14,19,41,0,1
14,19,42,0,1
14,19,43,0,1
14,19,44,0,1
14,19,45,0,1
14,19,46,0,1
14,19,47,0,1
14,19,48,0,1
14,19,49,0,1
14,19,50,0,1
14,19,51,0,1
14,19,52,0,1
14,19,53,0,1
14,19,54,0,1
14,19,55,0,1
14,19,56,0,1
14,19,57,0,1
14,19,58,0,1
14,19,59,0,1
14,19,60,0,1
14,19,61,0,1
14,19,62,0,1
14,19,63,0,1
14,20,0,0,1
14,20,1,0,1
14,20,2,0,1
14,20,3,0,1
14,20,4,0,1
14,20,5,0,1
14,20,6,0,1
14,20,7,0,1
14,20,8,0,1
14,20,9,0,1
14,20,10,0,1
14,20,11,0,1
14,20,12,0,1
14,20,13,0,1
14,20,14,0,1
14,20,15,0,1
14,20,16,0,1
14,20,17,0,1
14,20,18,0,1
14,20,19,0,1
14,20,20,0,1
14,20,21,0,1
14,20,22,0,1
14,20,23,0,1
14,20,24,0,1
14,20,25,0,1
14,20,26,0,1
14,20,27,0,1
14,20,28,0,1
14,20,29,0,1
14,20,30,0,1
14,20,31,0,1
14,20,32,0,1
14,20,33,0,1
14,20,34,0,1
14,20,35,0,1
14,20,36,0,1
14,20,37,0,1
14,20,38,0,1
14,20,39,0,1
14,20,40,0,1
14,20,41,0,1
14,20,42,0,1
14,20,43,0,1
14,20,44,0,1
14,20,45,0,1
14,20,46,0,1
14,20,47,0,1
14,20,48,0,1
14,20,49,0,1
14,20,50,0,1
14,20,51,0,1
14,20,52,0,1
14,20,53,0,1
14,20,54,0,1
14,20,55,0,1
14,20,56,0,1
14,20,57,0,1
14,20,58,0,1
14,20,59,0,1
14,20,60,0,1
14,20,61,0,1
14,20,62,0,1
14,20,63,0,1
14,21,0,0,1
14,21,1,0,1
14,21,2,0,1
14,21,3,0,1
14,21,4,0,1
14,21,5,0,1
14,21,6,0,1
14,21,7,0,1
14,21,8,0,1
14,21,9,0,1
14,21,10,0,1
14,21,11,0,1
14,21,12,0,1
14,21,13,0,1
14,21,14,0,1
14,21,15,0,1
14,21,16,0,1
14,21,17,0,1
14,21,18,0,1
14,21,19,0,1
14,21,20,0,1
14,21,21,0,1
14,21,22,0,1
14,21,23,0,1
14,21,24,0,1
14,21,25,0,1
14,21,26,0,1
14,21,27,0,1
14,21,28,0,1
14,21,29,0,1
14,21,30,0,1
14,21,31,0,1
14,21,32,0,1
14,21,33,0,1
14,21,34,0,1
14,21,35,0,1
14,21,36,0,1
14,21,37,0,1
14,21,38,0,1
14,21,39,0,1
14,21,40,0,1
14,21,41,0,1
14,21,42,0,1
14,21,43,0,1
14,21,44,0,1
14,21,45,0,1
14,21,46,0,1
14,21,47,0,1
14,21,48,0,1
14,21,49,0,1
14,21,50,0,1
14,21,51,0,1
14,21,52,0,1
14,21,53,0,1
14,21,54,0,1
14,21,55,0,1
14,21,56,0,1
14,21,57,0,1
14,21,58,0,1
14,21,59,0,1
14,21,60,0,1
14,21,61,0,1
14,21,62,0,1
14,21,63,0,1
14,22,0,0,1
14,22,1,0,1
14,22,2,0,1
14,22,3,0,1
14,22,4,0,1
14,22,5,0,1
14,22,6,0,1
14,22,7,0,1
14,22,8,0,1
14,22,9,0,1
14,22,10,0,1
14,22,11,0,1
14,22,12,0,1
14,22,13,0,1
14,22,14,0,1
14,22,15,0,1
14,22,16,0,1
14,22,17,0,1
14,22,18,0,1
14,22,19,0,1
14,22,20,0,1
14,22,21,0,1
14,22,22,0,1
14,22,23,0,1
14,22,24,0,1
14,22,25,0,1
14,22,26,0,1
14,22,27,0,1
14,22,28,0,1
14,22,29,0,1
14,22,30,0,1
14,22,31,0,1
14,22,32,0,1
14,22,33,0,1
14,22,34,0,1
14,22,35,0,1
14,22,36,0,1
14,22,37,0,1
14,22,38,0,1
14,22,39,0,1
14,22,40,0,1
14,22,41,0,1
14,22,42,0,1
14,22,43,0,1
14,22,44,0,1
14,22,45,0,1
14,22,46,0,1
14,22,47,0,1
14,22,48,0,1
14,22,49,0,1
14,22,50,0,1
14,22,51,0,1
14,22,52,0,1
14,22,53,0,1
14,22,54,0,1
14,22,55,0,1
14,22,56,0,1
14,22,57,0,1
14,22,58,0,1
14,22,59,0,1
14,22,60,0,1
14,22,61,0,1
14,22,62,0,1
14,22,63,0,1
14,23,0,0,1
14,23,1,0,1
14,23,2,0,1
14,23,3,0,1
14,23,4,0,1
14,23,5,0,1
14,23,6,0,1
14,23,7,0,1
14,23,8,0,1
14,23,9,0,1
14,23,10,0,1
14,23,11,0,1
14,23,12,0,1
14,23,13,0,1
14,23,14,0,1
14,23,15,0,1
14,23,16,0,1
14,23,17,0,1
14,23,18,0,1
14,23,19,0,1
14,23,20,0,1
14,23,21,0,1
14,23,22,0,1
14,23,23,0,1
14,23,24,0,1
14,23,25,0,1
14,23,26,0,1
14,23,27,0,1
14,23,28,0,1
14,23,29,0,1
14,23,30,0,1
14,23,31,0,1
14,23,32,0,1
14,23,33,0,1
14,23,34,0,1
14,23,35,0,1
14,23,36,0,1
14,23,37,0,1
14,23,38,0,1
14,23,39,0,1
14,23,40,0,1
14,23,41,0,1
14,23,42,0,1
14,23,43,0,1
14,23,44,0,1
14,23,45,0,1
14,23,46,0,1
14,23,47,0,1
14,23,48,0,1
14,23,49,0,1
14,23,50,0,1
14,23,51,0,1
14,23,52,0,1
14,23,53,0,1
14,23,54,0,1
14,23,55,0,1
14,23,56,0,1
14,23,57,0,1
14,23,58,0,1
14,23,59,0,1
14,23,60,0,1
14,23,61,0,1
14,23,62,0,1
14,23,63,0,1
14,24,0,0,1
14,24,1,0,1
14,24,2,0,1
14,24,3,0,1
14,24,4,0,1
14,24,5,0,1
14,24,6,0,1
14,24,7,0,1
14,24,8,0,1
14,24,9,0,1
14,24,10,0,1
14,24,11,0,1
14,24,12,0,1
14,24,13,0,1
14,24,14,0,1
14,24,15,0,1
14,24,16,0,1
14,24,17,0,1
14,24,18,0,1
14,24,19,0,1
14,24,20,0,1
14,24,21,0,1
14,24,22,0,1
14,24,23,0,1
14,24,24,0,1
14,24,25,0,1
14,24,26,0,1
14,24,27,0,1
14,24,28,0,1
14,24,29,0,1
14,24,30,0,1
14,24,31,0,1
14,24,32,0,1
14,24,33,0,1
14,24,34,0,1
14,24,35,0,1
14,24,36,0,1
14,24,37,0,1
14,24,38,0,1
14,24,39,0,1
14,24,40,0,1
14,24,41,0,1
14,24,42,0,1
14,24,43,0,1
14,24,44,0,1
14,24,45,0,1
14,24,46,0,1
14,24,47,0,1
14,24,48,0,1
14,24,49,0,1
14,24,50,0,1
14,24,51,0,1
14,24,52,0,1
14,24,53,0,1
14,24,54,0,1
14,24,55,0,1
14,24,56,0,1
14,24,57,0,1
14,24,58,0,1
14,24,59,0,1
14,24,60,0,1
14,24,61,0,1
14,24,62,0,1
14,24,63,0,1
14,25,0,0,1
14,25,1,0,1
14,25,2,0,1
14,25,3,0,1
14,25,4,0,1
14,25,5,0,1
14,25,6,0,1
14,25,7,0,1
14,25,8,0,1
14,25,9,0,1
14,25,10,0,1
14,25,11,0,1
14,25,12,0,1
14,25,13,0,1
14,25,14,0,1
14,25,15,0,1
14,25,16,0,1
14,25,17,0,1
14,25,18,0,1
14,25,19,0,1
14,25,20,0,1
14,25,21,0,1
14,25,22,0,1
14,25,23,0,1
14,25,24,0,1
14,25,25,0,1
14,25,26,0,1
14,25,27,0,1
14,25,28,0,1
14,25,29,0,1
14,25,30,0,1
14,25,31,0,1
14,25,32,0,1
14,25,33,0,1
14,25,34,0,1
14,25,35,0,1
14,25,36,0,1
14,25,37,0,1
14,25,38,0,1
14,25,39,0,1
14,25,40,0,1
14,25,41,0,1
14,25,42,0,1
14,25,43,0,1
14,25,44,0,1
14,25,45,0,1
14,25,46,0,1
14,25,47,0,1
14,25,48,0,1
14,25,49,0,1
14,25,50,0,1
14,25,51,0,1
14,25,52,0,1
14,25,53,0,1
14,25,54,0,1
14,25,55,0,1
14,25,56,0,1
14,25,57,0,1
14,25,58,0,1
14,25,59,0,1
14,25,60,0,1
14,25,61,0,1
14,25,62,0,1
14,25,63,0,1
14,26,0,0,1
14,26,1,0,1
14,26,2,0,1
14,26,3,0,1
14,26,4,0,1
14,26,5,0,1
14,26,6,0,1
14,26,7,0,1
14,26,8,0,1
14,26,9,0,1
14,26,10,0,1
14,26,11,0,1
14,26,12,0,1
14,26,13,0,1
14,26,14,0,1
14,26,15,0,1
14,26,16,0,1
14,26,17,0,1
14,26,18,0,1
14,26,19,0,1
14,26,20,0,1
14,26,21,0,1
14,26,22,0,1
14,26,23,0,1
14,26,24,0,1
14,26,25,0,1
14,26,26,0,1
14,26,27,0,1
14,26,28,0,1
14,26,29,0,1
14,26,30,0,1
14,26,31,0,1
14,26,32,0,1
14,26,33,0,1
14,26,34,0,1
14,26,35,0,1
14,26,36,0,1
14,26,37,0,1
14,26,38,0,1
14,26,39,0,1
14,26,40,0,1
14,26,41,0,1
14,26,42,0,1
14,26,43,0,1
14,26,44,0,1
14,26,45,0,1
14,26,46,0,1
14,26,47,0,1
14,26,48,0,1
14,26,49,0,1
14,26,50,0,1
14,26,51,0,1
14,26,52,0,1
14,26,53,0,1
14,26,54,0,1
14,26,55,0,1
14,26,56,0,1
14,26,57,0,1
14,26,58,0,1
14,26,59,0,1
14,26,60,0,1
14,26,61,0,1
14,26,62,0,1
14,26,63,0,1
14,27,0,0,1
14,27,1,0,1
14,27,2,0,1
14,27,3,0,1
14,27,4,0,1
14,27,5,0,1
14,27,6,0,1
14,27,7,0,1
14,27,8,0,1
14,27,9,0,1
14,27,10,0,1
14,27,11,0,1
14,27,12,0,1
14,27,13,0,1
14,27,14,0,1
14,27,15,0,1
14,27,16,0,1
14,27,17,0,1
14,27,18,0,1
14,27,19,0,1
14,27,20,0,1
14,27,21,0,1
14,27,22,0,1
14,27,23,0,1
14,27,24,0,1
14,27,25,0,1
14,27,26,0,1
14,27,27,0,1
14,27,28,0,1
14,27,29,0,1
14,27,30,0,1
14,27,31,0,1
14,27,32,0,1
14,27,33,0,1
14,27,34,0,1
14,27,35,0,1
14,27,36,0,1
14,27,37,0,1
14,27,38,0,1
14,27,39,0,1
14,27,40,0,1
14,27,41,0,1
14,27,42,0,1
14,27,43,0,1
14,27,44,0,1
14,27,45,0,1
14,27,46,0,1
14,27,47,0,1
14,27,48,0,1
14,27,49,0,1
14,27,50,0,1
14,27,51,0,1
14,27,52,0,1
14,27,53,0,1
14,27,54,0,1
14,27,55,0,1
14,27,56,0,1
14,27,57,0,1
14,27,58,0,1
14,27,59,0,1
14,27,60,0,1
14,27,61,0,1
14,27,62,0,1
14,27,63,0,1
14,28,0,0,1
14,28,1,0,1
14,28,2,0,1
14,28,3,0,1
14,28,4,0,1
14,28,5,0,1
14,28,6,0,1
14,28,7,0,1
14,28,8,0,1
14,28,9,0,1
14,28,10,0,1
14,28,11,0,1
14,28,12,0,1
14,28,13,0,1
14,28,14,0,1
14,28,15,0,1
14,28,16,0,1
14,28,17,0,1
14,28,18,0,1
14,28,19,0,1
14,28,20,0,1
14,28,21,0,1
14,28,22,0,1
14,28,23,0,1
14,28,24,0,1
14,28,25,0,1
14,28,26,0,1
14,28,27,0,1
14,28,28,0,1
14,28,29,0,1
14,28,30,0,1
14,28,31,0,1
14,28,32,0,1
14,28,33,0,1
14,28,34,0,1
14,28,35,0,1
14,28,36,0,1
14,28,37,0,1
14,28,38,0,1
14,28,39,0,1
14,28,40,0,1
14,28,41,0,1
14,28,42,0,1
14,28,43,0,1
14,28,44,0,1
14,28,45,0,1
14,28,46,0,1
14,28,47,0,1
14,28,48,0,1
14,28,49,0,1
14,28,50,0,1
14,28,51,0,1
14,28,52,0,1
14,28,53,0,1
14,28,54,0,1
14,28,55,0,1
14,28,56,0,1
14,28,57,0,1
14,28,58,0,1
14,28,59,0,1
14,28,60,0,1
14,28,61,0,1
14,28,62,0,1
14,28,63,0,1
14,29,0,0,1
14,29,1,0,1
14,29,2,0,1
14,29,3,0,1
14,29,4,0,1
14,29,5,0,1
14,29,6,0,1
14,29,7,0,1
14,29,8,0,1
14,29,9,0,1
14,29,10,0,1
14,29,11,0,1
14,29,12,0,1
14,29,13,0,1
14,29,14,0,1
14,29,15,0,1
14,29,16,0,1
14,29,17,0,1
14,29,18,0,1
14,29,19,0,1
14,29,20,0,1
14,29,21,0,1
14,29,22,0,1
14,29,23,0,1
14,29,24,0,1
14,29,25,0,1
14,29,26,0,1
14,29,27,0,1
14,29,28,0,1
14,29,29,0,1
14,29,30,0,1
14,29,31,0,1
14,29,32,0,1
14,29,33,0,1
14,29,34,0,1
14,29,35,0,1
14,29,36,0,1
14,29,37,0,1
14,29,38,0,1
14,29,39,0,1
14,29,40,0,1
14,29,41,0,1
14,29,42,0,1
14,29,43,0,1
14,29,44,0,1
14,29,45,0,1
14,29,46,0,1
14,29,47,0,1
14,29,48,0,1
14,29,49,0,1
14,29,50,0,1
14,29,51,0,1
14,29,52,0,1
14,29,53,0,1
14,29,54,0,1
14,29,55,0,1
14,29,56,0,1
14,29,57,0,1
14,29,58,0,1
14,29,59,0,1
14,29,60,0,1
14,29,61,0,1
14,29,62,0,1
14,29,63,0,1
14,30,0,0,1
14,30,1,0,1
14,30,2,0,1
14,30,3,0,1
14,30,4,0,1
14,30,5,0,1
14,30,6,0,1
14,30,7,0,1
14,30,8,0,1
14,30,9,0,1
14,30,10,0,1
14,30,11,0,1
14,30,12,0,1
14,30,13,0,1
14,30,14,0,1
14,30,15,0,1
14,30,16,0,1
14,30,17,0,1
14,30,18,0,1
14,30,19,0,1
14,30,20,0,1
14,30,21,0,1
14,30,22,0,1
14,30,23,0,1
14,30,24,0,1
14,30,25,0,1
14,30,26,0,1
14,30,27,0,1
14,30,28,0,1
14,30,29,0,1
14,30,30,0,1
14,30,31,0,1
14,30,32,0,1
14,30,33,0,1
14,30,34,0,1
14,30,35,0,1
14,30,36,0,1
14,30,37,0,1
14,30,38,0,1
14,30,39,0,1
14,30,40,0,1
14,30,41,0,1
14,30,42,0,1
14,30,43,0,1
14,30,44,0,1
14,30,45,0,1
14,30,46,0,1
14,30,47,0,1
14,30,48,0,1
14,30,49,0,1
14,30,50,0,1
14,30,51,0,1
14,30,52,0,1
14,30,53,0,1
14,30,54,0,1
14,30,55,0,1
14,30,56,0,1
14,30,57,0,1
14,30,58,0,1
14,30,59,0,1
14,30,60,0,1
14,30,61,0,1
14,30,62,0,1
14,30,63,0,1
14,31,0,0,1
14,31,1,0,1
14,31,2,0,1
14,31,3,0,1
14,31,4,0,1
14,31,5,0,1
14,31,6,0,1
14,31,7,0,1
14,31,8,0,1
14,31,9,0,1
14,31,10,0,1
14,31,11,0,1
14,31,12,0,1
14,31,13,0,1
14,31,14,0,1
14,31,15,0,1
14,31,16,0,1
14,31,17,0,1
14,31,18,0,1
14,31,19,0,1
14,31,20,0,1
14,31,21,0,1
14,31,22,0,1
14,31,23,0,1
14,31,24,0,1
14,31,25,0,1
14,31,26,0,1
14,31,27,0,1
14,31,28,0,1
14,31,29,0,1
14,31,30,0,1
14,31,31,0,1
14,31,32,0,1
14,31,33,0,1
14,31,34,0,1
14,31,35,0,1
14,31,36,0,1
14,31,37,0,1
14,31,38,0,1
14,31,39,0,1
14,31,40,0,1
14,31,41,0,1
14,31,42,0,1
14,31,43,0,1
14,31,44,0,1
14,31,45,0,1
14,31,46,0,1
14,31,47,0,1
14,31,48,0,1
14,31,49,0,1
14,31,50,0,1
14,31,51,0,1
14,31,52,0,1
14,31,53,0,1
14,31,54,0,1
14,31,55,0,1
14,31,56,0,1
14,31,57,0,1
14,31,58,0,1
14,31,59,0,1
14,31,60,0,1
14,31,61,0,1
14,31,62,0,1
14,31,63,0,1
14,32,0,0,1
14,32,1,0,1
14,32,2,0,1
14,32,3,0,1
14,32,4,0,1
14,32,5,0,1
14,32,6,0,1
14,32,7,0,1
14,32,8,0,1
14,32,9,0,1
14,32,10,0,1
14,32,11,0,1
14,32,12,0,1
14,32,13,0,1
14,32,14,0,1
14,32,15,0,1
14,32,16,0,1
14,32,17,0,1
14,32,18,0,1
14,32,19,0,1
14,32,20,0,1
14,32,21,0,1
14,32,22,0,1
14,32,23,0,1
14,32,24,0,1
14,32,25,0,1
14,32,26,0,1
14,32,27,0,1
14,32,28,0,1
14,32,29,0,1
14,32,30,0,1
14,32,31,0,1
14,32,32,0,1
14,32,33,0,1
14,32,34,0,1
14,32,35,0,1
14,32,36,0,1
14,32,37,0,1
14,32,38,0,1
14,32,39,0,1
14,32,40,0,1
14,32,41,0,1
14,32,42,0,1
14,32,43,0,1
14,32,44,0,1
14,32,45,0,1
14,32,46,0,1
14,32,47,0,1
14,32,48,0,1
14,32,49,0,1
14,32,50,0,1
14,32,51,0,1
14,32,52,0,1
14,32,53,0,1
14,32,54,0,1
14,32,55,0,1
14,32,56,0,1
14,32,57,0,1
14,32,58,0,1
14,32,59,0,1
14,32,60,0,1
14,32,61,0,1
14,32,62,0,1
14,32,63,0,1
14,33,0,0,1
14,33,1,0,1
14,33,2,0,1
14,33,3,0,1
14,33,4,0,1
14,33,5,0,1
14,33,6,0,1
14,33,7,0,1
14,33,8,0,1
14,33,9,0,1
14,33,10,0,1
14,33,11,0,1
14,33,12,0,1
14,33,13,0,1
14,33,14,0,1
14,33,15,0,1
14,33,16,0,1
14,33,17,0,1
14,33,18,0,1
14,33,19,0,1
14,33,20,0,1
14,33,21,0,1
14,33,22,0,1
14,33,23,0,1
14,33,24,0,1
14,33,25,0,1
14,33,26,0,1
14,33,27,0,1
14,33,28,0,1
14,33,29,0,1
14,33,30,0,1
14,33,31,0,1
14,33,32,0,1
14,33,33,0,1
14,33,34,0,1
14,33,35,0,1
14,33,36,0,1
14,33,37,0,1
14,33,38,0,1
14,33,39,0,1
14,33,40,0,1
14,33,41,0,1
14,33,42,0,1
14,33,43,0,1
14,33,44,0,1
14,33,45,0,1
14,33,46,0,1
14,33,47,0,1
14,33,48,0,1
14,33,49,0,1
14,33,50,0,1
14,33,51,0,1
14,33,52,0,1
14,33,53,0,1
14,33,54,0,1
14,33,55,0,1
14,33,56,0,1
14,33,57,0,1
14,33,58,0,1
14,33,59,0,1
14,33,60,0,1
14,33,61,0,1
14,33,62,0,1
14,33,63,0,1
14,34,0,0,1
14,34,1,0,1
14,34,2,0,1
14,34,3,0,1
14,34,4,0,1
14,34,5,0,1
14,34,6,0,1
14,34,7,0,1
14,34,8,0,1
14,34,9,0,1
14,34,10,0,1
14,34,11,0,1
14,34,12,0,1
14,34,13,0,1
14,34,14,0,1
14,34,15,0,1
14,34,16,0,1
14,34,17,0,1
14,34,18,0,1
14,34,19,0,1
14,34,20,0,1
14,34,21,0,1
14,34,22,0,1
14,34,23,0,1
14,34,24,0,1
14,34,25,0,1
14,34,26,0,1
14,34,27,0,1
14,34,28,0,1
14,34,29,0,1
14,34,30,0,1
14,34,31,0,1
14,34,32,0,1
14,34,33,0,1
14,34,34,0,1
14,34,35,0,1
14,34,36,0,1
14,34,37,0,1
14,34,38,0,1
14,34,39,0,1
14,34,40,0,1
14,34,41,0,1
14,34,42,0,1
14,34,43,0,1
14,34,44,0,1
14,34,45,0,1
14,34,46,0,1
14,34,47,0,1
14,34,48,0,1
14,34,49,0,1
14,34,50,0,1
14,34,51,0,1
14,34,52,0,1
14,34,53,0,1
14,34,54,0,1
14,34,55,0,1
14,34,56,0,1
14,34,57,0,1
14,34,58,0,1
14,34,59,0,1
14,34,60,0,1
14,34,61,0,1
14,34,62,0,1
14,34,63,0,1
14,35,0,0,1
14,35,1,0,1
14,35,2,0,1
14,35,3,0,1
14,35,4,0,1
14,35,5,0,1
14,35,6,0,1
14,35,7,0,1
14,35,8,0,1
14,35,9,0,1
14,35,10,0,1
14,35,11,0,1
14,35,12,0,1
14,35,13,0,1
14,35,14,0,1
14,35,15,0,1
14,35,16,0,1
14,35,17,0,1
14,35,18,0,1
14,35,19,0,1
14,35,20,0,1
14,35,21,0,1
14,35,22,0,1
14,35,23,0,1
14,35,24,0,1
14,35,25,0,1
14,35,26,0,1
14,35,27,0,1
14,35,28,0,1
14,35,29,0,1
14,35,30,0,1
14,35,31,0,1
14,35,32,0,1
14,35,33,0,1
14,35,34,0,1
14,35,35,0,1
14,35,36,0,1
14,35,37,0,1
14,35,38,0,1
14,35,39,0,1
14,35,40,0,1
14,35,41,0,1
14,35,42,0,1
14,35,43,0,1
14,35,44,0,1
14,35,45,0,1
14,35,46,0,1
14,35,47,0,1
14,35,48,0,1
14,35,49,0,1
14,35,50,0,1
14,35,51,0,1
14,35,52,0,1
14,35,53,0,1
14,35,54,0,1
14,35,55,0,1
14,35,56,0,1
14,35,57,0,1
14,35,58,0,1
14,35,59,0,1
14,35,60,0,1
14,35,61,0,1
14,35,62,0,1
14,35,63,0,1
14,36,0,0,1
14,36,1,0,1
14,36,2,0,1
14,36,3,0,1
14,36,4,0,1
14,36,5,0,1
14,36,6,0,1
14,36,7,0,1
14,36,8,0,1
14,36,9,0,1
14,36,10,0,1
14,36,11,0,1
14,36,12,0,1
14,36,13,0,1
14,36,14,0,1
14,36,15,0,1
14,36,16,0,1
14,36,17,0,1
14,36,18,0,1
14,36,19,0,1
14,36,20,0,1
14,36,21,0,1
14,36,22,0,1
14,36,23,0,1
14,36,24,0,1
14,36,25,0,1
14,36,26,0,1
14,36,27,0,1
14,36,28,0,1
14,36,29,0,1
14,36,30,0,1
14,36,31,0,1
14,36,32,0,1
14,36,33,0,1
14,36,34,0,1
14,36,35,0,1
14,36,36,0,1
14,36,37,0,1
14,36,38,0,1
14,36,39,0,1
14,36,40,0,1
14,36,41,0,1
14,36,42,0,1
14,36,43,0,1
14,36,44,0,1
14,36,45,0,1
14,36,46,0,1
14,36,47,0,1
14,36,48,0,1
14,36,49,0,1
14,36,50,0,1
14,36,51,0,1
14,36,52,0,1
14,36,53,0,1
14,36,54,0,1
14,36,55,0,1
14,36,56,0,1
14,36,57,0,1
14,36,58,0,1
14,36,59,0,1
14,36,60,0,1
14,36,61,0,1
14,36,62,0,1
14,36,63,0,1
14,37,0,0,1
14,37,1,0,1
14,37,2,0,1
14,37,3,0,1
14,37,4,0,1
14,37,5,0,1
14,37,6,0,1
14,37,7,0,1
14,37,8,0,1
14,37,9,0,1
14,37,10,0,1
14,37,11,0,1
14,37,12,0,1
14,37,13,0,1
14,37,14,0,1
14,37,15,0,1
14,37,16,0,1
14,37,17,0,1
14,37,18,0,1
14,37,19,0,1
14,37,20,0,1
14,37,21,0,1
14,37,22,0,1
14,37,23,0,1
14,37,24,0,1
14,37,25,0,1
14,37,26,0,1
14,37,27,0,1
14,37,28,0,1
14,37,29,0,1
14,37,30,0,1
14,37,31,0,1
14,37,32,0,1
14,37,33,0,1
14,37,34,0,1
14,37,35,0,1
14,37,36,0,1
14,37,37,0,1
14,37,38,0,1
14,37,39,0,1
14,37,40,0,1
14,37,41,0,1
14,37,42,0,1
14,37,43,0,1
14,37,44,0,1
14,37,45,0,1
14,37,46,0,1
14,37,47,0,1
14,37,48,0,1
14,37,49,0,1
14,37,50,0,1
14,37,51,0,1
14,37,52,0,1
14,37,53,0,1
14,37,54,0,1
14,37,55,0,1
14,37,56,0,1
14,37,57,0,1
14,37,58,0,1
14,37,59,0,1
14,37,60,0,1
14,37,61,0,1
14,37,62,0,1
14,37,63,0,1
14,38,0,0,1
14,38,1,0,1
14,38,2,0,1
14,38,3,0,1
14,38,4,0,1
14,38,5,0,1
14,38,6,0,1
14,38,7,0,1
14,38,8,0,1
14,38,9,0,1
14,38,10,0,1
14,38,11,0,1
14,38,12,0,1
14,38,13,0,1
14,38,14,0,1
14,38,15,0,1
14,38,16,0,1
14,38,17,0,1
14,38,18,0,1
14,38,19,0,1
14,38,20,0,1
14,38,21,0,1
14,38,22,0,1
14,38,23,0,1
14,38,24,0,1
14,38,25,0,1
14,38,26,0,1
14,38,27,0,1
14,38,28,0,1
14,38,29,0,1
14,38,30,0,1
14,38,31,0,1
14,38,32,0,1
14,38,33,0,1
14,38,34,0,1
14,38,35,0,1
14,38,36,0,1
14,38,37,0,1
14,38,38,0,1
14,38,39,0,1
14,38,40,0,1
14,38,41,0,1
14,38,42,0,1
14,38,43,0,1
14,38,44,0,1
14,38,45,0,1
14,38,46,0,1
14,38,47,0,1
14,38,48,0,1
14,38,49,0,1
14,38,50,0,1
14,38,51,0,1
14,38,52,0,1
14,38,53,0,1
14,38,54,0,1
14,38,55,0,1
14,38,56,0,1
14,38,57,0,1
14,38,58,0,1
14,38,59,0,1
14,38,60,0,1
14,38,61,0,1
14,38,62,0,1
14,38,63,0,1
14,39,0,0,1
14,39,1,0,1
14,39,2,0,1
14,39,3,0,1
14,39,4,0,1
14,39,5,0,1
14,39,6,0,1
14,39,7,0,1
14,39,8,0,1
14,39,9,0,1
14,39,10,0,1
14,39,11,0,1
14,39,12,0,1
14,39,13,0,1
14,39,14,0,1
14,39,15,0,1
14,39,16,0,1
14,39,17,0,1
14,39,18,0,1
14,39,19,0,1
14,39,20,0,1
14,39,21,0,1
14,39,22,0,1
14,39,23,0,1
14,39,24,0,1
14,39,25,0,1
14,39,26,0,1
14,39,27,0,1
14,39,28,0,1
14,39,29,0,1
14,39,30,0,1
14,39,31,0,1
14,39,32,0,1
14,39,33,0,1
14,39,34,0,1
14,39,35,0,1
14,39,36,0,1
14,39,37,0,1
14,39,38,0,1
14,39,39,0,1
14,39,40,0,1
14,39,41,0,1
14,39,42,0,1
14,39,43,0,1
14,39,44,0,1
14,39,45,0,1
14,39,46,0,1
14,39,47,0,1
14,39,48,0,1
14,39,49,0,1
14,39,50,0,1
14,39,51,0,1
14,39,52,0,1
14,39,53,0,1
14,39,54,0,1
14,39,55,0,1
14,39,56,0,1
14,39,57,0,1
14,39,58,0,1
14,39,59,0,1
14,39,60,0,1
14,39,61,0,1
14,39,62,0,1
14,39,63,0,1
14,40,0,0,1
14,40,1,0,1
14,40,2,0,1
14,40,3,0,1
14,40,4,0,1
14,40,5,0,1
14,40,6,0,1
14,40,7,0,1
14,40,8,0,1
14,40,9,0,1
14,40,10,0,1
14,40,11,0,1
14,40,12,0,1
14,40,13,0,1
14,40,14,0,1
14,40,15,0,1
14,40,16,0,1
14,40,17,0,1
14,40,18,0,1
14,40,19,0,1
14,40,20,0,1
14,40,21,0,1
14,40,22,0,1
14,40,23,0,1
14,40,24,0,1
14,40,25,0,1
14,40,26,0,1
14,40,27,0,1
14,40,28,0,1
14,40,29,0,1
14,40,30,0,1
14,40,31,0,1
14,40,32,0,1
14,40,33,0,1
14,40,34,0,1
14,40,35,0,1
14,40,36,0,1
14,40,37,0,1
14,40,38,0,1
14,40,39,0,1
14,40,40,0,1
14,40,41,0,1
14,40,42,0,1
14,40,43,0,1
14,40,44,0,1
14,40,45,0,1
14,40,46,0,1
14,40,47,0,1
14,40,48,0,1
14,40,49,0,1
14,40,50,0,1
14,40,51,0,1
14,40,52,0,1
14,40,53,0,1
14,40,54,0,1
14,40,55,0,1
14,40,56,0,1
14,40,57,0,1
14,40,58,0,1
14,40,59,0,1
14,40,60,0,1
14,40,61,0,1
14,40,62,0,1
14,40,63,0,1
14,41,0,0,1
14,41,1,0,1
14,41,2,0,1
14,41,3,0,1
14,41,4,0,1
14,41,5,0,1
14,41,6,0,1
14,41,7,0,1
14,41,8,0,1
14,41,9,0,1
14,41,10,0,1
14,41,11,0,1
14,41,12,0,1
14,41,13,0,1
14,41,14,0,1
14,41,15,0,1
14,41,16,0,1
14,41,17,0,1
14,41,18,0,1
14,41,19,0,1
14,41,20,0,1
14,41,21,0,1
14,41,22,0,1
14,41,23,0,1
14,41,24,0,1
14,41,25,0,1
14,41,26,0,1
14,41,27,0,1
14,41,28,0,1
14,41,29,0,1
14,41,30,0,1
14,41,31,0,1
14,41,32,0,1
14,41,33,0,1
14,41,34,0,1
14,41,35,0,1
14,41,36,0,1
14,41,37,0,1
14,41,38,0,1
14,41,39,0,1
14,41,40,0,1
14,41,41,0,1
14,41,42,0,1
14,41,43,0,1
14,41,44,0,1
14,41,45,0,1
14,41,46,0,1
14,41,47,0,1
14,41,48,0,1
14,41,49,0,1
14,41,50,0,1
14,41,51,0,1
14,41,52,0,1
14,41,53,0,1
14,41,54,0,1
14,41,55,0,1
14,41,56,0,1
14,41,57,0,1
14,41,58,0,1
14,41,59,0,1
14,41,60,0,1
14,41,61,0,1
14,41,62,0,1
14,41,63,0,1
14,42,0,0,1
14,42,1,0,1
14,42,2,0,1
14,42,3,0,1
14,42,4,0,1
14,42,5,0,1
14,42,6,0,1
14,42,7,0,1
14,42,8,0,1
14,42,9,0,1
14,42,10,0,1
14,42,11,0,1
14,42,12,0,1
14,42,13,0,1
14,42,14,0,1
14,42,15,0,1
14,42,16,0,1
14,42,17,0,1
14,42,18,0,1
14,42,19,0,1
14,42,20,0,1
14,42,21,0,1
14,42,22,0,1
14,42,23,0,1
14,42,24,0,1
14,42,25,0,1
14,42,26,0,1
14,42,27,0,1
14,42,28,0,1
14,42,29,0,1
14,42,30,0,1
14,42,31,0,1
14,42,32,0,1
14,42,33,0,1
14,42,34,0,1
14,42,35,0,1
14,42,36,0,1
14,42,37,0,1
14,42,38,0,1
14,42,39,0,1
14,42,40,0,1
14,42,41,0,1
14,42,42,0,1
14,42,43,0,1
14,42,44,0,1
14,42,45,0,1
14,42,46,0,1
14,42,47,0,1
14,42,48,0,1
14,42,49,0,1
14,42,50,0,1
14,42,51,0,1
14,42,52,0,1
14,42,53,0,1
14,42,54,0,1
14,42,55,0,1
14,42,56,0,1
14,42,57,0,1
14,42,58,0,1
14,42,59,0,1
14,42,60,0,1
14,42,61,0,1
14,42,62,0,1
14,42,63,0,1
14,43,0,0,1
14,43,1,0,1
14,43,2,0,1
14,43,3,0,1
14,43,4,0,1
14,43,5,0,1
14,43,6,0,1
14,43,7,0,1
14,43,8,0,1
14,43,9,0,1
14,43,10,0,1
14,43,11,0,1
14,43,12,0,1
14,43,13,0,1
14,43,14,0,1
14,43,15,0,1
14,43,16,0,1
14,43,17,0,1
14,43,18,0,1
14,43,19,0,1
14,43,20,0,1
14,43,21,0,1
14,43,22,0,1
14,43,23,0,1
14,43,24,0,1
14,43,25,0,1
14,43,26,0,1
14,43,27,0,1
14,43,28,0,1
14,43,29,0,1
14,43,30,0,1
14,43,31,0,1
14,43,32,0,1
14,43,33,0,1
14,43,34,0,1
14,43,35,0,1
14,43,36,0,1
14,43,37,0,1
14,43,38,0,1
14,43,39,0,1
14,43,40,0,1
14,43,41,0,1
14,43,42,0,1
14,43,43,0,1
14,43,44,0,1
14,43,45,0,1
14,43,46,0,1
14,43,47,0,1
14,43,48,0,1
14,43,49,0,1
14,43,50,0,1
14,43,51,0,1
14,43,52,0,1
14,43,53,0,1
14,43,54,0,1
14,43,55,0,1
14,43,56,0,1
14,43,57,0,1
14,43,58,0,1
14,43,59,0,1
14,43,60,0,1
14,43,61,0,1
14,43,62,0,1
14,43,63,0,1
14,44,0,0,1
14,44,1,0,1
14,44,2,0,1
14,44,3,0,1
14,44,4,0,1
14,44,5,0,1
14,44,6,0,1
14,44,7,0,1
14,44,8,0,1
14,44,9,0,1
14,44,10,0,1
14,44,11,0,1
14,44,12,0,1
14,44,13,0,1
14,44,14,0,1
14,44,15,0,1
14,44,16,0,1
14,44,17,0,1
14,44,18,0,1
14,44,19,0,1
14,44,20,0,1
14,44,21,0,1
14,44,22,0,1
14,44,23,0,1
14,44,24,0,1
14,44,25,0,1
14,44,26,0,1
14,44,27,0,1
14,44,28,0,1
14,44,29,0,1
14,44,30,0,1
14,44,31,0,1
14,44,32,0,1
14,44,33,0,1
14,44,34,0,1
14,44,35,0,1
14,44,36,0,1
14,44,37,0,1
14,44,38,0,1
14,44,39,0,1
14,44,40,0,1
14,44,41,0,1
14,44,42,0,1
14,44,43,0,1
14,44,44,0,1
14,44,45,0,1
14,44,46,0,1
14,44,47,0,1
14,44,48,0,1
14,44,49,0,1
14,44,50,0,1
14,44,51,0,1
14,44,52,0,1
14,44,53,0,1
14,44,54,0,1
14,44,55,0,1
14,44,56,0,1
14,44,57,0,1
14,44,58,0,1
14,44,59,0,1
14,44,60,0,1
14,44,61,0,1
14,44,62,0,1
14,44,63,0,1
14,45,0,0,1
14,45,1,0,1
14,45,2,0,1
14,45,3,0,1
14,45,4,0,1
14,45,5,0,1
14,45,6,0,1
14,45,7,0,1
14,45,8,0,1
14,45,9,0,1
14,45,10,0,1
14,45,11,0,1
14,45,12,0,1
14,45,13,0,1
14,45,14,0,1
14,45,15,0,1
14,45,16,0,1
14,45,17,0,1
14,45,18,0,1
14,45,19,0,1
14,45,20,0,1
14,45,21,0,1
14,45,22,0,1
14,45,23,0,1
14,45,24,0,1
14,45,25,0,1
14,45,26,0,1
14,45,27,0,1
14,45,28,0,1
14,45,29,0,1
14,45,30,0,1
14,45,31,0,1
14,45,32,0,1
14,45,33,0,1
14,45,34,0,1
14,45,35,0,1
14,45,36,0,1
14,45,37,0,1
14,45,38,0,1
14,45,39,0,1
14,45,40,0,1
14,45,41,0,1
14,45,42,0,1
14,45,43,0,1
14,45,44,0,1
14,45,45,0,1
14,45,46,0,1
14,45,47,0,1
14,45,48,0,1
14,45,49,0,1
14,45,50,0,1
14,45,51,0,1
14,45,52,0,1
14,45,53,0,1
14,45,54,0,1
14,45,55,0,1
14,45,56,0,1
14,45,57,0,1
14,45,58,0,1
14,45,59,0,1
14,45,60,0,1
14,45,61,0,1
14,45,62,0,1
14,45,63,0,1
14,46,0,0,1
14,46,1,0,1
14,46,2,0,1
14,46,3,0,1
14,46,4,0,1
14,46,5,0,1
14,46,6,0,1
14,46,7,0,1
14,46,8,0,1
14,46,9,0,1
14,46,10,0,1
14,46,11,0,1
14,46,12,0,1
14,46,13,0,1
14,46,14,0,1
14,46,15,0,1
14,46,16,0,1
14,46,17,0,1
14,46,18,0,1
14,46,19,0,1
14,46,20,0,1
14,46,21,0,1
14,46,22,0,1
14,46,23,0,1
14,46,24,0,1
14,46,25,0,1
14,46,26,0,1
14,46,27,0,1
14,46,28,0,1
14,46,29,0,1
14,46,30,0,1
14,46,31,0,1
14,46,32,0,1
14,46,33,0,1
14,46,34,0,1
14,46,35,0,1
14,46,36,0,1
14,46,37,0,1
14,46,38,0,1
14,46,39,0,1
14,46,40,0,1
14,46,41,0,1
14,46,42,0,1
14,46,43,0,1
14,46,44,0,1
14,46,45,0,1
14,46,46,0,1
14,46,47,0,1
14,46,48,0,1
14,46,49,0,1
14,46,50,0,1
14,46,51,0,1
14,46,52,0,1
14,46,53,0,1
14,46,54,0,1
14,46,55,0,1
14,46,56,0,1
14,46,57,0,1
14,46,58,0,1
14,46,59,0,1
14,46,60,0,1
14,46,61,0,1
14,46,62,0,1
14,46,63,0,1
14,47,0,0,1
14,47,1,0,1
14,47,2,0,1
14,47,3,0,1
14,47,4,0,1
14,47,5,0,1
14,47,6,0,1
14,47,7,0,1
14,47,8,0,1
14,47,9,0,1
14,47,10,0,1
14,47,11,0,1
14,47,12,0,1
14,47,13,0,1
14,47,14,0,1
14,47,15,0,1
14,47,16,0,1
14,47,17,0,1
14,47,18,0,1
14,47,19,0,1
14,47,20,0,1
14,47,21,0,1
14,47,22,0,1
14,47,23,0,1
14,47,24,0,1
14,47,25,0,1
14,47,26,0,1
14,47,27,0,1
14,47,28,0,1
14,47,29,0,1
14,47,30,0,1
14,47,31,0,1
14,47,32,0,1
14,47,33,0,1
14,47,34,0,1
14,47,35,0,1
14,47,36,0,1
14,47,37,0,1
14,47,38,0,1
14,47,39,0,1
14,47,40,0,1
14,47,41,0,1
14,47,42,0,1
14,47,43,0,1
14,47,44,0,1
14,47,45,0,1
14,47,46,0,1
14,47,47,0,1
14,47,48,0,1
14,47,49,0,1
14,47,50,0,1
14,47,51,0,1
14,47,52,0,1
14,47,53,0,1
14,47,54,0,1
14,47,55,0,1
14,47,56,0,1
14,47,57,0,1
14,47,58,0,1
14,47,59,0,1
14,47,60,0,1
14,47,61,0,1
14,47,62,0,1
14,47,63,0,1
14,48,0,0,1
14,48,1,0,1
14,48,2,0,1
14,48,3,0,1
14,48,4,0,1
14,48,5,0,1
14,48,6,0,1
14,48,7,0,1
14,48,8,0,1
14,48,9,0,1
14,48,10,0,1
14,48,11,0,1
14,48,12,0,1
14,48,13,0,1
14,48,14,0,1
14,48,15,0,1
14,48,16,0,1
14,48,17,0,1
14,48,18,0,1
14,48,19,0,1
14,48,20,0,1
14,48,21,0,1
14,48,22,0,1
14,48,23,0,1
14,48,24,0,1
14,48,25,0,1
14,48,26,0,1
14,48,27,0,1
14,48,28,0,1
14,48,29,0,1
14,48,30,0,1
14,48,31,0,1
14,48,32,0,1
14,48,33,0,1
14,48,34,0,1
14,48,35,0,1
14,48,36,0,1
14,48,37,0,1
14,48,38,0,1
14,48,39,0,1
14,48,40,0,1
14,48,41,0,1
14,48,42,0,1
14,48,43,0,1
14,48,44,0,1
14,48,45,0,1
14,48,46,0,1
14,48,47,0,1
14,48,48,0,1
14,48,49,0,1
14,48,50,0,1
14,48,51,0,1
14,48,52,0,1
14,48,53,0,1
14,48,54,0,1
14,48,55,0,1
14,48,56,0,1
14,48,57,0,1
14,48,58,0,1
14,48,59,0,1
14,48,60,0,1
14,48,61,0,1
14,48,62,0,1
14,48,63,0,1
14,49,0,0,1
14,49,1,0,1
14,49,2,0,1
14,49,3,0,1
14,49,4,0,1
14,49,5,0,1
14,49,6,0,1
14,49,7,0,1
14,49,8,0,1
14,49,9,0,1
14,49,10,0,1
14,49,11,0,1
14,49,12,0,1
14,49,13,0,1
14,49,14,0,1
14,49,15,0,1
14,49,16,0,1
14,49,17,0,1
14,49,18,0,1
14,49,19,0,1
14,49,20,0,1
14,49,21,0,1
14,49,22,0,1
14,49,23,0,1
14,49,24,0,1
14,49,25,0,1
14,49,26,0,1
14,49,27,0,1
14,49,28,0,1
14,49,29,0,1
14,49,30,0,1
14,49,31,0,1
14,49,32,0,1
14,49,33,0,1
14,49,34,0,1
14,49,35,0,1
14,49,36,0,1
14,49,37,0,1
14,49,38,0,1
14,49,39,0,1
14,49,40,0,1
14,49,41,0,1
14,49,42,0,1
14,49,43,0,1
14,49,44,0,1
14,49,45,0,1
14,49,46,0,1
14,49,47,0,1
14,49,48,0,1
14,49,49,0,1
14,49,50,0,1
14,49,51,0,1
14,49,52,0,1
14,49,53,0,1
14,49,54,0,1
14,49,55,0,1
14,49,56,0,1
14,49,57,0,1
14,49,58,0,1
14,49,59,0,1
14,49,60,0,1
14,49,61,0,1
14,49,62,0,1
14,49,63,0,1
14,50,0,0,1
14,50,1,0,1
14,50,2,0,1
14,50,3,0,1
14,50,4,0,1
14,50,5,0,1
14,50,6,0,1
14,50,7,0,1
14,50,8,0,1
14,50,9,0,1
14,50,10,0,1
14,50,11,0,1
14,50,12,0,1
14,50,13,0,1
14,50,14,0,1
14,50,15,0,1
14,50,16,0,1
14,50,17,0,1
14,50,18,0,1
14,50,19,0,1
14,50,20,0,1
14,50,21,0,1
14,50,22,0,1
14,50,23,0,1
14,50,24,0,1
14,50,25,0,1
14,50,26,0,1
14,50,27,0,1
14,50,28,0,1
14,50,29,0,1
14,50,30,0,1
14,50,31,0,1
14,50,32,0,1
14,50,33,0,1
14,50,34,0,1
14,50,35,0,1
14,50,36,0,1
14,50,37,0,1
14,50,38,0,1
14,50,39,0,1
14,50,40,0,1
14,50,41,0,1
14,50,42,0,1
14,50,43,0,1
14,50,44,0,1
14,50,45,0,1
14,50,46,0,1
14,50,47,0,1
14,50,48,0,1
14,50,49,0,1
14,50,50,0,1
14,50,51,0,1
14,50,52,0,1
14,50,53,0,1
14,50,54,0,1
14,50,55,0,1
14,50,56,0,1
14,50,57,0,1
14,50,58,0,1
14,50,59,0,1
14,50,60,0,1
14,50,61,0,1
14,50,62,0,1
14,50,63,0,1
14,51,0,0,1
14,51,1,0,1
14,51,2,0,1
14,51,3,0,1
14,51,4,0,1
14,51,5,0,1
14,51,6,0,1
14,51,7,0,1
14,51,8,0,1
14,51,9,0,1
14,51,10,0,1
14,51,11,0,1
14,51,12,0,1
14,51,13,0,1
14,51,14,0,1
14,51,15,0,1
14,51,16,0,1
14,51,17,0,1
14,51,18,0,1
14,51,19,0,1
14,51,20,0,1
14,51,21,0,1
14,51,22,0,1
14,51,23,0,1
14,51,24,0,1
14,51,25,0,1
14,51,26,0,1
14,51,27,0,1
14,51,28,0,1
14,51,29,0,1
14,51,30,0,1
14,51,31,0,1
14,51,32,0,1
14,51,33,0,1
14,51,34,0,1
14,51,35,0,1
14,51,36,0,1
14,51,37,0,1
14,51,38,0,1
14,51,39,0,1
14,51,40,0,1
14,51,41,0,1
14,51,42,0,1
14,51,43,0,1
14,51,44,0,1
14,51,45,0,1
14,51,46,0,1
14,51,47,0,1
14,51,48,0,1
14,51,49,0,1
14,51,50,0,1
14,51,51,0,1
14,51,52,0,1
14,51,53,0,1
14,51,54,0,1
14,51,55,0,1
14,51,56,0,1
14,51,57,0,1
14,51,58,0,1
14,51,59,0,1
14,51,60,0,1
14,51,61,0,1
14,51,62,0,1
14,51,63,0,1
14,52,0,0,1
14,52,1,0,1
14,52,2,0,1
14,52,3,0,1
14,52,4,0,1
14,52,5,0,1
14,52,6,0,1
14,52,7,0,1
14,52,8,0,1
14,52,9,0,1
14,52,10,0,1
14,52,11,0,1
14,52,12,0,1
14,52,13,0,1
14,52,14,0,1
14,52,15,0,1
14,52,16,0,1
14,52,17,0,1
14,52,18,0,1
14,52,19,0,1
14,52,20,0,1
14,52,21,0,1
14,52,22,0,1
14,52,23,0,1
14,52,24,0,1
14,52,25,0,1
14,52,26,0,1
14,52,27,0,1
14,52,28,0,1
14,52,29,0,1
14,52,30,0,1
14,52,31,0,1
14,52,32,0,1
14,52,33,0,1
14,52,34,0,1
14,52,35,0,1
14,52,36,0,1
14,52,37,0,1
14,52,38,0,1
14,52,39,0,1
14,52,40,0,1
14,52,41,0,1
14,52,42,0,1
14,52,43,0,1
14,52,44,0,1
14,52,45,0,1
14,52,46,0,1
14,52,47,0,1
14,52,48,0,1
14,52,49,0,1
14,52,50,0,1
14,52,51,0,1
14,52,52,0,1
14,52,53,0,1
14,52,54,0,1
14,52,55,0,1
14,52,56,0,1
14,52,57,0,1
14,52,58,0,1
14,52,59,0,1
14,52,60,0,1
14,52,61,0,1
14,52,62,0,1
14,52,63,0,1
14,53,0,0,1
14,53,1,0,1
14,53,2,0,1
14,53,3,0,1
14,53,4,0,1
14,53,5,0,1
14,53,6,0,1
14,53,7,0,1
14,53,8,0,1
14,53,9,0,1
14,53,10,0,1
14,53,11,0,1
14,53,12,0,1
14,53,13,0,1
14,53,14,0,1
14,53,15,0,1
14,53,16,0,1
14,53,17,0,1
14,53,18,0,1
14,53,19,0,1
14,53,20,0,1
14,53,21,0,1
14,53,22,0,1
14,53,23,0,1
14,53,24,0,1
14,53,25,0,1
14,53,26,0,1
14,53,27,0,1
14,53,28,0,1
14,53,29,0,1
14,53,30,0,1
14,53,31,0,1
14,53,32,0,1
14,53,33,0,1
14,53,34,0,1
14,53,35,0,1
14,53,36,0,1
14,53,37,0,1
14,53,38,0,1
14,53,39,0,1
14,53,40,0,1
14,53,41,0,1
14,53,42,0,1
14,53,43,0,1
14,53,44,0,1
14,53,45,0,1
14,53,46,0,1
14,53,47,0,1
14,53,48,0,1
14,53,49,0,1
14,53,50,0,1
14,53,51,0,1
14,53,52,0,1
14,53,53,0,1
14,53,54,0,1
14,53,55,0,1
14,53,56,0,1
14,53,57,0,1
14,53,58,0,1
14,53,59,0,1
14,53,60,0,1
14,53,61,0,1
14,53,62,0,1
14,53,63,0,1
14,54,0,0,1
14,54,1,0,1
14,54,2,0,1
14,54,3,0,1
14,54,4,0,1
14,54,5,0,1
14,54,6,0,1
14,54,7,0,1
14,54,8,0,1
14,54,9,0,1
14,54,10,0,1
14,54,11,0,1
14,54,12,0,1
14,54,13,0,1
14,54,14,0,1
14,54,15,0,1
14,54,16,0,1
14,54,17,0,1
14,54,18,0,1
14,54,19,0,1
14,54,20,0,1
14,54,21,0,1
14,54,22,0,1
14,54,23,0,1
14,54,24,0,1
14,54,25,0,1
14,54,26,0,1
14,54,27,0,1
14,54,28,0,1
14,54,29,0,1
14,54,30,0,1
14,54,31,0,1
14,54,32,0,1
14,54,33,0,1
14,54,34,0,1
14,54,35,0,1
14,54,36,0,1
14,54,37,0,1
14,54,38,0,1
14,54,39,0,1
14,54,40,0,1
14,54,41,0,1
14,54,42,0,1
14,54,43,0,1
14,54,44,0,1
14,54,45,0,1
14,54,46,0,1
14,54,47,0,1
14,54,48,0,1
14,54,49,0,1
14,54,50,0,1
14,54,51,0,1
14,54,52,0,1
14,54,53,0,1
14,54,54,0,1
14,54,55,0,1
14,54,56,0,1
14,54,57,0,1
14,54,58,0,1
14,54,59,0,1
14,54,60,0,1
14,54,61,0,1
14,54,62,0,1
14,54,63,0,1
14,55,0,0,1
14,55,1,0,1
14,55,2,0,1
14,55,3,0,1
14,55,4,0,1
14,55,5,0,1
14,55,6,0,1
14,55,7,0,1
14,55,8,0,1
14,55,9,0,1
14,55,10,0,1
14,55,11,0,1
14,55,12,0,1
14,55,13,0,1
14,55,14,0,1
14,55,15,0,1
14,55,16,0,1
14,55,17,0,1
14,55,18,0,1
14,55,19,0,1
14,55,20,0,1
14,55,21,0,1
14,55,22,0,1
14,55,23,0,1
14,55,24,0,1
14,55,25,0,1
14,55,26,0,1
14,55,27,0,1
14,55,28,0,1
14,55,29,0,1
14,55,30,0,1
14,55,31,0,1
14,55,32,0,1
14,55,33,0,1
14,55,34,0,1
14,55,35,0,1
14,55,36,0,1
14,55,37,0,1
14,55,38,0,1
14,55,39,0,1
14,55,40,0,1
14,55,41,0,1
14,55,42,0,1
14,55,43,0,1
14,55,44,0,1
14,55,45,0,1
14,55,46,0,1
14,55,47,0,1
14,55,48,0,1
14,55,49,0,1
14,55,50,0,1
14,55,51,0,1
14,55,52,0,1
14,55,53,0,1
14,55,54,0,1
14,55,55,0,1
14,55,56,0,1
14,55,57,0,1
14,55,58,0,1
14,55,59,0,1
14,55,60,0,1
14,55,61,0,1
14,55,62,0,1
14,55,63,0,1
14,56,0,0,1
14,56,1,0,1
14,56,2,0,1
14,56,3,0,1
14,56,4,0,1
14,56,5,0,1
14,56,6,0,1
14,56,7,0,1
14,56,8,0,1
14,56,9,0,1
14,56,10,0,1
14,56,11,0,1
14,56,12,0,1
14,56,13,0,1
14,56,14,0,1
14,56,15,0,1
14,56,16,0,1
14,56,17,0,1
14,56,18,0,1
14,56,19,0,1
14,56,20,0,1
14,56,21,0,1
14,56,22,0,1
14,56,23,0,1
14,56,24,0,1
14,56,25,0,1
14,56,26,0,1
14,56,27,0,1
14,56,28,0,1
14,56,29,0,1
14,56,30,0,1
14,56,31,0,1
14,56,32,0,1
14,56,33,0,1
14,56,34,0,1
14,56,35,0,1
14,56,36,0,1
14,56,37,0,1
14,56,38,0,1
14,56,39,0,1
14,56,40,0,1
14,56,41,0,1
14,56,42,0,1
14,56,43,0,1
14,56,44,0,1
14,56,45,0,1
14,56,46,0,1
14,56,47,0,1
14,56,48,0,1
14,56,49,0,1
14,56,50,0,1
14,56,51,0,1
14,56,52,0,1
14,56,53,0,1
14,56,54,0,1
14,56,55,0,1
14,56,56,0,1
14,56,57,0,1
14,56,58,0,1
14,56,59,0,1
14,56,60,0,1
14,56,61,0,1
14,56,62,0,1
14,56,63,0,1
14,57,0,0,1
14,57,1,0,1
14,57,2,0,1
14,57,3,0,1
14,57,4,0,1
14,57,5,0,1
14,57,6,0,1
14,57,7,0,1
14,57,8,0,1
14,57,9,0,1
14,57,10,0,1
14,57,11,0,1
14,57,12,0,1
14,57,13,0,1
14,57,14,0,1
14,57,15,0,1
14,57,16,0,1
14,57,17,0,1
14,57,18,0,1
14,57,19,0,1
14,57,20,0,1
14,57,21,0,1
14,57,22,0,1
14,57,23,0,1
14,57,24,0,1
14,57,25,0,1
14,57,26,0,1
14,57,27,0,1
14,57,28,0,1
14,57,29,0,1
14,57,30,0,1
14,57,31,0,1
14,57,32,0,1
14,57,33,0,1
14,57,34,0,1
14,57,35,0,1
14,57,36,0,1
14,57,37,0,1
14,57,38,0,1
14,57,39,0,1
14,57,40,0,1
14,57,41,0,1
14,57,42,0,1
14,57,43,0,1
14,57,44,0,1
14,57,45,0,1
14,57,46,0,1
14,57,47,0,1
14,57,48,0,1
14,57,49,0,1
14,57,50,0,1
14,57,51,0,1
14,57,52,0,1
14,57,53,0,1
14,57,54,0,1
14,57,55,0,1
14,57,56,0,1
14,57,57,0,1
14,57,58,0,1
14,57,59,0,1
14,57,60,0,1
14,57,61,0,1
14,57,62,0,1
14,57,63,0,1
14,58,0,0,1
14,58,1,0,1
14,58,2,0,1
14,58,3,0,1
14,58,4,0,1
14,58,5,0,1
14,58,6,0,1
14,58,7,0,1
14,58,8,0,1
14,58,9,0,1
14,58,10,0,1
14,58,11,0,1
14,58,12,0,1
14,58,13,0,1
14,58,14,0,1
14,58,15,0,1
14,58,16,0,1
14,58,17,0,1
14,58,18,0,1
14,58,19,0,1
14,58,20,0,1
14,58,21,0,1
14,58,22,0,1
14,58,23,0,1
14,58,24,0,1
14,58,25,0,1
14,58,26,0,1
14,58,27,0,1
14,58,28,0,1
14,58,29,0,1
14,58,30,0,1
14,58,31,0,1
14,58,32,0,1
14,58,33,0,1
14,58,34,0,1
14,58,35,0,1
14,58,36,0,1
14,58,37,0,1
14,58,38,0,1
14,58,39,0,1
14,58,40,0,1
14,58,41,0,1
14,58,42,0,1
14,58,43,0,1
14,58,44,0,1
14,58,45,0,1
14,58,46,0,1
14,58,47,0,1
14,58,48,0,1
14,58,49,0,1
14,58,50,0,1
14,58,51,0,1
14,58,52,0,1
14,58,53,0,1
14,58,54,0,1
14,58,55,0,1
14,58,56,0,1
14,58,57,0,1
14,58,58,0,1
14,58,59,0,1
14,58,60,0,1
14,58,61,0,1
14,58,62,0,1
14,58,63,0,1
14,59,0,0,1
14,59,1,0,1
14,59,2,0,1
14,59,3,0,1
14,59,4,0,1
14,59,5,0,1
14,59,6,0,1
14,59,7,0,1
14,59,8,0,1
14,59,9,0,1
14,59,10,0,1
14,59,11,0,1
14,59,12,0,1
14,59,13,0,1
14,59,14,0,1
14,59,15,0,1
14,59,16,0,1
14,59,17,0,1
14,59,18,0,1
14,59,19,0,1
14,59,20,0,1
14,59,21,0,1
14,59,22,0,1
14,59,23,0,1
14,59,24,0,1
14,59,25,0,1
14,59,26,0,1
14,59,27,0,1
14,59,28,0,1
14,59,29,0,1
14,59,30,0,1
14,59,31,0,1
14,59,32,0,1
14,59,33,0,1
14,59,34,0,1
14,59,35,0,1
14,59,36,0,1
14,59,37,0,1
14,59,38,0,1
14,59,39,0,1
14,59,40,0,1
14,59,41,0,1
14,59,42,0,1
14,59,43,0,1
14,59,44,0,1
14,59,45,0,1
14,59,46,0,1
14,59,47,0,1
14,59,48,0,1
14,59,49,0,1
14,59,50,0,1
14,59,51,0,1
14,59,52,0,1
14,59,53,0,1
14,59,54,0,1
14,59,55,0,1
14,59,56,0,1
14,59,57,0,1
14,59,58,0,1
14,59,59,0,1
14,59,60,0,1
14,59,61,0,1
14,59,62,0,1
14,59,63,0,1
14,60,0,0,1
14,60,1,0,1
14,60,2,0,1
14,60,3,0,1
14,60,4,0,1
14,60,5,0,1
14,60,6,0,1
14,60,7,0,1
14,60,8,0,1
14,60,9,0,1
14,60,10,0,1
14,60,11,0,1
14,60,12,0,1
14,60,13,0,1
14,60,14,0,1
14,60,15,0,1
14,60,16,0,1
14,60,17,0,1
14,60,18,0,1
14,60,19,0,1
14,60,20,0,1
14,60,21,0,1
14,60,22,0,1
14,60,23,0,1
14,60,24,0,1
14,60,25,0,1
14,60,26,0,1
14,60,27,0,1
14,60,28,0,1
14,60,29,0,1
14,60,30,0,1
14,60,31,0,1
14,60,32,0,1
14,60,33,0,1
14,60,34,0,1
14,60,35,0,1
14,60,36,0,1
14,60,37,0,1
14,60,38,0,1
14,60,39,0,1
14,60,40,0,1
14,60,41,0,1
14,60,42,0,1
14,60,43,0,1
14,60,44,0,1
14,60,45,0,1
14,60,46,0,1
14,60,47,0,1
14,60,48,0,1
14,60,49,0,1
14,60,50,0,1
14,60,51,0,1
14,60,52,0,1
14,60,53,0,1
14,60,54,0,1
14,60,55,0,1
14,60,56,0,1
14,60,57,0,1
14,60,58,0,1
14,60,59,0,1
14,60,60,0,1
14,60,61,0,1
14,60,62,0,1
14,60,63,0,1
14,61,0,0,1
14,61,1,0,1
14,61,2,0,1
14,61,3,0,1
14,61,4,0,1
14,61,5,0,1
14,61,6,0,1
14,61,7,0,1
14,61,8,0,1
14,61,9,0,1
14,61,10,0,1
14,61,11,0,1
14,61,12,0,1
14,61,13,0,1
14,61,14,0,1
14,61,15,0,1
14,61,16,0,1
14,61,17,0,1
14,61,18,0,1
14,61,19,0,1
14,61,20,0,1
14,61,21,0,1
14,61,22,0,1
14,61,23,0,1
14,61,24,0,1
14,61,25,0,1
14,61,26,0,1
14,61,27,0,1
14,61,28,0,1
14,61,29,0,1
14,61,30,0,1
14,61,31,0,1
14,61,32,0,1
14,61,33,0,1
14,61,34,0,1
14,61,35,0,1
14,61,36,0,1
14,61,37,0,1
14,61,38,0,1
14,61,39,0,1
14,61,40,0,1
14,61,41,0,1
14,61,42,0,1
14,61,43,0,1
14,61,44,0,1
14,61,45,0,1
14,61,46,0,1
14,61,47,0,1
14,61,48,0,1
14,61,49,0,1
14,61,50,0,1
14,61,51,0,1
14,61,52,0,1
14,61,53,0,1
14,61,54,0,1
14,61,55,0,1
14,61,56,0,1
14,61,57,0,1
14,61,58,0,1
14,61,59,0,1
14,61,60,0,1
14,61,61,0,1
14,61,62,0,1
14,61,63,0,1
14,62,0,0,1
14,62,1,0,1
14,62,2,0,1
14,62,3,0,1
14,62,4,0,1
14,62,5,0,1
14,62,6,0,1
14,62,7,0,1
14,62,8,0,1
14,62,9,0,1
14,62,10,0,1
14,62,11,0,1
14,62,12,0,1
14,62,13,0,1
14,62,14,0,1
14,62,15,0,1
14,62,16,0,1
14,62,17,0,1
14,62,18,0,1
14,62,19,0,1
14,62,20,0,1
14,62,21,0,1
14,62,22,0,1
14,62,23,0,1
14,62,24,0,1
14,62,25,0,1
14,62,26,0,1
14,62,27,0,1
14,62,28,0,1
14,62,29,0,1
14,62,30,0,1
14,62,31,0,1
14,62,32,0,1
14,62,33,0,1
14,62,34,0,1
14,62,35,0,1
14,62,36,0,1
14,62,37,0,1
14,62,38,0,1
14,62,39,0,1
14,62,40,0,1
14,62,41,0,1
14,62,42,0,1
14,62,43,0,1
14,62,44,0,1
14,62,45,0,1
14,62,46,0,1
14,62,47,0,1
14,62,48,0,1
14,62,49,0,1
14,62,50,0,1
14,62,51,0,1
14,62,52,0,1
14,62,53,0,1
14,62,54,0,1
14,62,55,0,1
14,62,56,0,1
14,62,57,0,1
14,62,58,0,1
14,62,59,0,1
14,62,60,0,1
14,62,61,0,1
14,62,62,0,1
14,62,63,0,1
14,63,0,0,1
14,63,1,0,1
14,63,2,0,1
14,63,3,0,1
14,63,4,0,1
14,63,5,0,1
14,63,6,0,1
14,63,7,0,1
14,63,8,0,1
14,63,9,0,1
14,63,10,0,1
14,63,11,0,1
14,63,12,0,1
14,63,13,0,1
14,63,14,0,1
14,63,15,0,1
14,63,16,0,1
14,63,17,0,1
14,63,18,0,1
14,63,19,0,1
14,63,20,0,1
14,63,21,0,1
14,63,22,0,1
14,63,23,0,1
14,63,24,0,1
14,63,25,0,1
14,63,26,0,1
14,63,27,0,1
14,63,28,0,1
14,63,29,0,1
14,63,30,0,1
14,63,31,0,1
14,63,32,0,1
14,63,33,0,1
14,63,34,0,1
14,63,35,0,1
14,63,36,0,1
14,63,37,0,1
14,63,38,0,1
14,63,39,0,1
14,63,40,0,1
14,63,41,0,1
14,63,42,0,1
14,63,43,0,1
14,63,44,0,1
14,63,45,0,1
14,63,46,0,1
14,63,47,0,1
14,63,48,0,1
14,63,49,0,1
14,63,50,0,1
14,63,51,0,1
14,63,52,0,1
14,63,53,0,1
14,63,54,0,1
14,63,55,0,1
14,63,56,0,1
14,63,57,0,1
14,63,58,0,1
14,63,59,0,1
14,63,60,0,1
14,63,61,0,1
14,63,62,0,1
14,63,63,0,1
14,64,0,0,1
14,64,1,0,1
14,64,2,0,1
14,64,3,0,1
14,64,4,0,1
14,64,5,0,1
14,64,6,0,1
14,64,7,0,1
14,64,8,0,1
14,64,9,0,1
14,64,10,0,1
14,64,11,0,1
14,64,12,0,1
14,64,13,0,1
14,64,14,0,1
14,64,15,0,1
14,64,16,0,1
14,64,17,0,1
14,64,18,0,1
14,64,19,0,1
14,64,20,0,1
14,64,21,0,1
14,64,22,0,1
14,64,23,0,1
14,64,24,0,1
14,64,25,0,1
14,64,26,0,1
14,64,27,0,1
14,64,28,0,1
14,64,29,0,1
14,64,30,0,1
14,64,31,0,1
14,64,32,0,1
14,64,33,0,1
14,64,34,0,1
14,64,35,0,1
14,64,36,0,1
14,64,37,0,1
14,64,38,0,1
14,64,39,0,1
14,64,40,0,1
14,64,41,0,1
14,64,42,0,1
14,64,43,0,1
14,64,44,0,1
14,64,45,0,1
14,64,46,0,1
14,64,47,0,1
14,64,48,0,1
14,64,49,0,1
14,64,50,0,1
14,64,51,0,1
14,64,52,0,1
14,64,53,0,1
14,64,54,0,1
14,64,55,0,1
14,64,56,0,1
14,64,57,0,1
14,64,58,0,1
14,64,59,0,1
14,64,60,0,1
14,64,61,0,1
14,64,62,0,1
14,64,63,0,1
14,65,0,0,1
14,65,1,0,1
14,65,2,0,1
14,65,3,0,1
14,65,4,0,1
14,65,5,0,1
14,65,6,0,1
14,65,7,0,1
14,65,8,0,1
14,65,9,0,1
14,65,10,0,1
14,65,11,0,1
14,65,12,0,1
14,65,13,0,1
14,65,14,0,1
14,65,15,0,1
14,65,16,0,1
14,65,17,0,1
14,65,18,0,1
14,65,19,0,1
14,65,20,0,1
14,65,21,0,1
14,65,22,0,1
14,65,23,0,1
14,65,24,0,1
14,65,25,0,1
14,65,26,0,1
14,65,27,0,1
14,65,28,0,1
14,65,29,0,1
14,65,30,0,1
14,65,31,0,1
14,65,32,0,1
14,65,33,0,1
14,65,34,0,1
14,65,35,0,1
14,65,36,0,1
14,65,37,0,1
14,65,38,0,1
14,65,39,0,1
14,65,40,0,1
14,65,41,0,1
14,65,42,0,1
14,65,43,0,1
14,65,44,0,1
14,65,45,0,1
14,65,46,0,1
14,65,47,0,1
14,65,48,0,1
14,65,49,0,1
14,65,50,0,1
14,65,51,0,1
14,65,52,0,1
14,65,53,0,1
14,65,54,0,1
14,65,55,0,1
14,65,56,0,1
14,65,57,0,1
14,65,58,0,1
14,65,59,0,1
14,65,60,0,1
14,65,61,0,1
14,65,62,0,1
14,65,63,0,1
14,66,0,0,1
14,66,1,0,1
14,66,2,0,1
14,66,3,0,1
14,66,4,0,1
14,66,5,0,1
14,66,6,0,1
14,66,7,0,1
14,66,8,0,1
14,66,9,0,1
14,66,10,0,1
14,66,11,0,1
14,66,12,0,1
14,66,13,0,1
14,66,14,0,1
14,66,15,0,1
14,66,16,0,1
14,66,17,0,1
14,66,18,0,1
14,66,19,0,1
14,66,20,0,1
14,66,21,0,1
14,66,22,0,1
14,66,23,0,1
14,66,24,0,1
14,66,25,0,1
14,66,26,0,1
14,66,27,0,1
14,66,28,0,1
14,66,29,0,1
14,66,30,0,1
14,66,31,0,1
14,66,32,0,1
14,66,33,0,1
14,66,34,0,1
14,66,35,0,1
14,66,36,0,1
14,66,37,0,1
14,66,38,0,1
14,66,39,0,1
14,66,40,0,1
14,66,41,0,1
14,66,42,0,1
14,66,43,0,1
14,66,44,0,1
14,66,45,0,1
14,66,46,0,1
14,66,47,0,1
14,66,48,0,1
14,66,49,0,1
14,66,50,0,1
14,66,51,0,1
14,66,52,0,1
14,66,53,0,1
14,66,54,0,1
14,66,55,0,1
14,66,56,0,1
14,66,57,0,1
14,66,58,0,1
14,66,59,0,1
14,66,60,0,1
14,66,61,0,1
14,66,62,0,1
14,66,63,0,1
14,67,0,0,1
14,67,1,0,1
14,67,2,0,1
14,67,3,0,1
14,67,4,0,1
14,67,5,0,1
14,67,6,0,1
14,67,7,0,1
14,67,8,0,1
14,67,9,0,1
14,67,10,0,1
14,67,11,0,1
14,67,12,0,1
14,67,13,0,1
14,67,14,0,1
14,67,15,0,1
14,67,16,0,1
14,67,17,0,1
14,67,18,0,1
14,67,19,0,1
14,67,20,0,1
14,67,21,0,1
14,67,22,0,1
14,67,23,0,1
14,67,24,0,1
14,67,25,0,1
14,67,26,0,1
14,67,27,0,1
14,67,28,0,1
14,67,29,0,1
14,67,30,0,1
14,67,31,0,1
14,67,32,0,1
14,67,33,0,1
14,67,34,0,1
14,67,35,0,1
14,67,36,0,1
14,67,37,0,1
14,67,38,0,1
14,67,39,0,1
14,67,40,0,1
14,67,41,0,1
14,67,42,0,1
14,67,43,0,1
14,67,44,0,1
14,67,45,0,1
14,67,46,0,1
14,67,47,0,1
14,67,48,0,1
14,67,49,0,1
14,67,50,0,1
14,67,51,0,1
14,67,52,0,1
14,67,53,0,1
14,67,54,0,1
14,67,55,0,1
14,67,56,0,1
14,67,57,0,1
14,67,58,0,1
14,67,59,0,1
14,67,60,0,1
14,67,61,0,1
14,67,62,0,1
14,67,63,0,1
14,68,0,0,1
14,68,1,0,1
14,68,2,0,1
14,68,3,0,1
14,68,4,0,1
14,68,5,0,1
14,68,6,0,1
14,68,7,0,1
14,68,8,0,1
14,68,9,0,1
14,68,10,0,1
14,68,11,0,1
14,68,12,0,1
14,68,13,0,1
14,68,14,0,1
14,68,15,0,1
14,68,16,0,1
14,68,17,0,1
14,68,18,0,1
14,68,19,0,1
14,68,20,0,1
14,68,21,0,1
14,68,22,0,1
14,68,23,0,1
14,68,24,0,1
14,68,25,0,1
14,68,26,0,1
14,68,27,0,1
14,68,28,0,1
14,68,29,0,1
14,68,30,0,1
14,68,31,0,1
14,68,32,0,1
14,68,33,0,1
14,68,34,0,1
14,68,35,0,1
14,68,36,0,1
14,68,37,0,1
14,68,38,0,1
14,68,39,0,1
14,68,40,0,1
14,68,41,0,1
14,68,42,0,1
14,68,43,0,1
14,68,44,0,1
14,68,45,0,1
14,68,46,0,1
14,68,47,0,1
14,68,48,0,1
14,68,49,0,1
14,68,50,0,1
14,68,51,0,1
14,68,52,0,1
14,68,53,0,1
14,68,54,0,1
14,68,55,0,1
14,68,56,0,1
14,68,57,0,1
14,68,58,0,1
14,68,59,0,1
14,68,60,0,1
14,68,61,0,1
14,68,62,0,1
14,68,63,0,1
14,69,0,0,1
14,69,1,0,1
14,69,2,0,1
14,69,3,0,1
14,69,4,0,1
14,69,5,0,1
14,69,6,0,1
14,69,7,0,1
14,69,8,0,1
14,69,9,0,1
14,69,10,0,1
14,69,11,0,1
14,69,12,0,1
14,69,13,0,1
14,69,14,0,1
14,69,15,0,1
14,69,16,0,1
14,69,17,0,1
14,69,18,0,1
14,69,19,0,1
14,69,20,0,1
14,69,21,0,1
14,69,22,0,1
14,69,23,0,1
14,69,24,0,1
14,69,25,0,1
14,69,26,0,1
14,69,27,0,1
14,69,28,0,1
14,69,29,0,1
14,69,30,0,1
14,69,31,0,1
14,69,32,0,1
14,69,33,0,1
14,69,34,0,1
14,69,35,0,1
14,69,36,0,1
14,69,37,0,1
14,69,38,0,1
14,69,39,0,1
14,69,40,0,1
14,69,41,0,1
14,69,42,0,1
14,69,43,0,1
14,69,44,0,1
14,69,45,0,1
14,69,46,0,1
14,69,47,0,1
14,69,48,0,1
14,69,49,0,1
14,69,50,0,1
14,69,51,0,1
14,69,52,0,1
14,69,53,0,1
14,69,54,0,1
14,69,55,0,1
14,69,56,0,1
14,69,57,0,1
14,69,58,0,1
14,69,59,0,1
14,69,60,0,1
14,69,61,0,1
14,69,62,0,1
14,69,63,0,1
14,70,0,0,1
14,70,1,0,1
14,70,2,0,1
14,70,3,0,1
14,70,4,0,1
14,70,5,0,1
14,70,6,0,1
14,70,7,0,1
14,70,8,0,1
14,70,9,0,1
14,70,10,0,1
14,70,11,0,1
14,70,12,0,1
14,70,13,0,1
14,70,14,0,1
14,70,15,0,1
14,70,16,0,1
14,70,17,0,1
14,70,18,0,1
14,70,19,0,1
14,70,20,0,1
14,70,21,0,1
14,70,22,0,1
14,70,23,0,1
14,70,24,0,1
14,70,25,0,1
14,70,26,0,1
14,70,27,0,1
14,70,28,0,1
14,70,29,0,1
14,70,30,0,1
14,70,31,0,1
14,70,32,0,1
14,70,33,0,1
14,70,34,0,1
14,70,35,0,1
14,70,36,0,1
14,70,37,0,1
14,70,38,0,1
14,70,39,0,1
14,70,40,0,1
14,70,41,0,1
14,70,42,0,1
14,70,43,0,1
14,70,44,0,1
14,70,45,0,1
14,70,46,0,1
14,70,47,0,1
14,70,48,0,1
14,70,49,0,1
14,70,50,0,1
14,70,51,0,1
14,70,52,0,1
14,70,53,0,1
14,70,54,0,1
14,70,55,0,1
14,70,56,0,1
14,70,57,0,1
14,70,58,0,1
14,70,59,0,1
14,70,60,0,1
14,70,61,0,1
14,70,62,0,1
14,70,63,0,1
14,71,0,0,1
14,71,1,0,1
14,71,2,0,1
14,71,3,0,1
14,71,4,0,1
14,71,5,0,1
14,71,6,0,1
14,71,7,0,1
14,71,8,0,1
14,71,9,0,1
14,71,10,0,1
14,71,11,0,1
14,71,12,0,1
14,71,13,0,1
14,71,14,0,1
14,71,15,0,1
14,71,16,0,1
14,71,17,0,1
14,71,18,0,1
14,71,19,0,1
14,71,20,0,1
14,71,21,0,1
14,71,22,0,1
14,71,23,0,1
14,71,24,0,1
14,71,25,0,1
14,71,26,0,1
14,71,27,0,1
14,71,28,0,1
14,71,29,0,1
14,71,30,0,1
14,71,31,0,1
14,71,32,0,1
14,71,33,0,1
14,71,34,0,1
14,71,35,0,1
14,71,36,0,1
14,71,37,0,1
14,71,38,0,1
14,71,39,0,1
14,71,40,0,1
14,71,41,0,1
14,71,42,0,1
14,71,43,0,1
14,71,44,0,1
14,71,45,0,1
14,71,46,0,1
14,71,47,0,1
14,71,48,0,1
14,71,49,0,1
14,71,50,0,1
14,71,51,0,1
14,71,52,0,1
14,71,53,0,1
14,71,54,0,1
14,71,55,0,1
14,71,56,0,1
14,71,57,0,1
14,71,58,0,1
14,71,59,0,1
14,71,60,0,1
14,71,61,0,1
14,71,62,0,1
14,71,63,0,1
14,72,0,0,1
14,72,1,0,1
14,72,2,0,1
14,72,3,0,1
14,72,4,0,1
14,72,5,0,1
14,72,6,0,1
14,72,7,0,1
14,72,8,0,1
14,72,9,0,1
14,72,10,0,1
14,72,11,0,1
14,72,12,0,1
14,72,13,0,1
14,72,14,0,1
14,72,15,0,1
14,72,16,0,1
14,72,17,0,1
14,72,18,0,1
14,72,19,0,1
14,72,20,0,1
14,72,21,0,1
14,72,22,0,1
14,72,23,0,1
14,72,24,0,1
14,72,25,0,1
14,72,26,0,1
14,72,27,0,1
14,72,28,0,1
14,72,29,0,1
14,72,30,0,1
14,72,31,0,1
14,72,32,0,1
14,72,33,0,1
14,72,34,0,1
14,72,35,0,1
14,72,36,0,1
14,72,37,0,1
14,72,38,0,1
14,72,39,0,1
14,72,40,0,1
14,72,41,0,1
14,72,42,0,1
14,72,43,0,1
14,72,44,0,1
14,72,45,0,1
14,72,46,0,1
14,72,47,0,1
14,72,48,0,1
14,72,49,0,1
14,72,50,0,1
14,72,51,0,1
14,72,52,0,1
14,72,53,0,1
14,72,54,0,1
14,72,55,0,1
14,72,56,0,1
14,72,57,0,1
14,72,58,0,1
14,72,59,0,1
14,72,60,0,1
14,72,61,0,1
14,72,62,0,1
14,72,63,0,1
14,73,0,0,1
14,73,1,0,1
14,73,2,0,1
14,73,3,0,1
14,73,4,0,1
14,73,5,0,1
14,73,6,0,1
14,73,7,0,1
14,73,8,0,1
14,73,9,0,1
14,73,10,0,1
14,73,11,0,1
14,73,12,0,1
14,73,13,0,1
14,73,14,0,1
14,73,15,0,1
14,73,16,0,1
14,73,17,0,1
14,73,18,0,1
14,73,19,0,1
14,73,20,0,1
14,73,21,0,1
14,73,22,0,1
14,73,23,0,1
14,73,24,0,1
14,73,25,0,1
14,73,26,0,1
14,73,27,0,1
14,73,28,0,1
14,73,29,0,1
14,73,30,0,1
14,73,31,0,1
14,73,32,0,1
14,73,33,0,1
14,73,34,0,1
14,73,35,0,1
14,73,36,0,1
14,73,37,0,1
14,73,38,0,1
14,73,39,0,1
14,73,40,0,1
14,73,41,0,1
14,73,42,0,1
14,73,43,0,1
14,73,44,0,1
14,73,45,0,1
14,73,46,0,1
14,73,47,0,1
14,73,48,0,1
14,73,49,0,1
14,73,50,0,1
14,73,51,0,1
14,73,52,0,1
14,73,53,0,1
14,73,54,0,1
14,73,55,0,1
14,73,56,0,1
14,73,57,0,1
14,73,58,0,1
14,73,59,0,1
14,73,60,0,1
14,73,61,0,1
14,73,62,0,1
14,73,63,0,1
14,74,0,0,1
14,74,1,0,1
14,74,2,0,1
14,74,3,0,1
14,74,4,0,1
14,74,5,0,1
14,74,6,0,1
14,74,7,0,1
14,74,8,0,1
14,74,9,0,1
14,74,10,0,1
14,74,11,0,1
14,74,12,0,1
14,74,13,0,1
14,74,14,0,1
14,74,15,0,1
14,74,16,0,1
14,74,17,0,1
14,74,18,0,1
14,74,19,0,1
14,74,20,0,1
14,74,21,0,1
14,74,22,0,1
14,74,23,0,1
14,74,24,0,1
14,74,25,0,1
14,74,26,0,1
14,74,27,0,1
14,74,28,0,1
14,74,29,0,1
14,74,30,0,1
14,74,31,0,1
14,74,32,0,1
14,74,33,0,1
14,74,34,0,1
14,74,35,0,1
14,74,36,0,1
14,74,37,0,1
14,74,38,0,1
14,74,39,0,1
14,74,40,0,1
14,74,41,0,1
14,74,42,0,1
14,74,43,0,1
14,74,44,0,1
14,74,45,0,1
14,74,46,0,1
14,74,47,0,1
14,74,48,0,1
14,74,49,0,1
14,74,50,0,1
14,74,51,0,1
14,74,52,0,1
14,74,53,0,1
14,74,54,0,1
14,74,55,0,1
14,74,56,0,1
14,74,57,0,1
14,74,58,0,1
14,74,59,0,1
14,74,60,0,1
14,74,61,0,1
14,74,62,0,1
14,74,63,0,1
14,75,0,0,1
14,75,1,0,1
14,75,2,0,1
14,75,3,0,1
14,75,4,0,1
14,75,5,0,1
14,75,6,0,1
14,75,7,0,1
14,75,8,0,1
14,75,9,0,1
14,75,10,0,1
14,75,11,0,1
14,75,12,0,1
14,75,13,0,1
14,75,14,0,1
14,75,15,0,1
14,75,16,0,1
14,75,17,0,1
14,75,18,0,1
14,75,19,0,1
14,75,20,0,1
14,75,21,0,1
14,75,22,0,1
14,75,23,0,1
14,75,24,0,1
14,75,25,0,1
14,75,26,0,1
14,75,27,0,1
14,75,28,0,1
14,75,29,0,1
14,75,30,0,1
14,75,31,0,1
14,75,32,0,1
14,75,33,0,1
14,75,34,0,1
14,75,35,0,1
14,75,36,0,1
14,75,37,0,1
14,75,38,0,1
14,75,39,0,1
14,75,40,0,1
14,75,41,0,1
14,75,42,0,1
14,75,43,0,1
14,75,44,0,1
14,75,45,0,1
14,75,46,0,1
14,75,47,0,1
14,75,48,0,1
14,75,49,0,1
14,75,50,0,1
14,75,51,0,1
14,75,52,0,1
14,75,53,0,1
14,75,54,0,1
14,75,55,0,1
14,75,56,0,1
14,75,57,0,1
14,75,58,0,1
14,75,59,0,1
14,75,60,0,1
14,75,61,0,1
14,75,62,0,1
14,75,63,0,1
14,76,0,0,1
14,76,1,0,1
14,76,2,0,1
14,76,3,0,1
14,76,4,0,1
14,76,5,0,1
14,76,6,0,1
14,76,7,0,1
14,76,8,0,1
14,76,9,0,1
14,76,10,0,1
14,76,11,0,1
14,76,12,0,1
14,76,13,0,1
14,76,14,0,1
14,76,15,0,1
14,76,16,0,1
14,76,17,0,1
14,76,18,0,1
14,76,19,0,1
14,76,20,0,1
14,76,21,0,1
14,76,22,0,1
14,76,23,0,1
14,76,24,0,1
14,76,25,0,1
14,76,26,0,1
14,76,27,0,1
14,76,28,0,1
14,76,29,0,1
14,76,30,0,1
14,76,31,0,1
14,76,32,0,1
14,76,33,0,1
14,76,34,0,1
14,76,35,0,1
14,76,36,0,1
14,76,37,0,1
14,76,38,0,1
14,76,39,0,1
14,76,40,0,1
14,76,41,0,1
14,76,42,0,1
14,76,43,0,1
14,76,44,0,1
14,76,45,0,1
14,76,46,0,1
14,76,47,0,1
14,76,48,0,1
14,76,49,0,1
14,76,50,0,1
14,76,51,0,1
14,76,52,0,1
14,76,53,0,1
14,76,54,0,1
14,76,55,0,1
14,76,56,0,1
14,76,57,0,1
14,76,58,0,1
14,76,59,0,1
14,76,60,0,1
14,76,61,0,1
14,76,62,0,1
14,76,63,0,1
14,77,0,0,1
14,77,1,0,1
14,77,2,0,1
14,77,3,0,1
14,77,4,0,1
14,77,5,0,1
14,77,6,0,1
14,77,7,0,1
14,77,8,0,1
14,77,9,0,1
14,77,10,0,1
14,77,11,0,1
14,77,12,0,1
14,77,13,0,1
14,77,14,0,1
14,77,15,0,1
14,77,16,0,1
14,77,17,0,1
14,77,18,0,1
14,77,19,0,1
14,77,20,0,1
14,77,21,0,1
14,77,22,0,1
14,77,23,0,1
14,77,24,0,1
14,77,25,0,1
14,77,26,0,1
14,77,27,0,1
14,77,28,0,1
14,77,29,0,1
14,77,30,0,1
14,77,31,0,1
14,77,32,0,1
14,77,33,0,1
14,77,34,0,1
14,77,35,0,1
14,77,36,0,1
14,77,37,0,1
14,77,38,0,1
14,77,39,0,1
14,77,40,0,1
14,77,41,0,1
14,77,42,0,1
14,77,43,0,1
14,77,44,0,1
14,77,45,0,1
14,77,46,0,1
14,77,47,0,1
14,77,48,0,1
14,77,49,0,1
14,77,50,0,1
14,77,51,0,1
14,77,52,0,1
14,77,53,0,1
14,77,54,0,1
14,77,55,0,1
14,77,56,0,1
14,77,57,0,1
14,77,58,0,1
14,77,59,0,1
14,77,60,0,1
14,77,61,0,1
14,77,62,0,1
14,77,63,0,1
14,78,0,0,1
14,78,1,0,1
14,78,2,0,1
14,78,3,0,1
14,78,4,0,1
14,78,5,0,1
14,78,6,0,1
14,78,7,0,1
14,78,8,0,1
14,78,9,0,1
14,78,10,0,1
14,78,11,0,1
14,78,12,0,1
14,78,13,0,1
14,78,14,0,1
14,78,15,0,1
14,78,16,0,1
14,78,17,0,1
14,78,18,0,1
14,78,19,0,1
14,78,20,0,1
14,78,21,0,1
14,78,22,0,1
14,78,23,0,1
14,78,24,0,1
14,78,25,0,1
14,78,26,0,1
14,78,27,0,1
14,78,28,0,1
14,78,29,0,1
14,78,30,0,1
14,78,31,0,1
14,78,32,0,1
14,78,33,0,1
14,78,34,0,1
14,78,35,0,1
14,78,36,0,1
14,78,37,0,1
14,78,38,0,1
14,78,39,0,1
14,78,40,0,1
14,78,41,0,1
14,78,42,0,1
14,78,43,0,1
14,78,44,0,1
14,78,45,0,1
14,78,46,0,1
14,78,47,0,1
14,78,48,0,1
14,78,49,0,1
14,78,50,0,1
14,78,51,0,1
14,78,52,0,1
14,78,53,0,1
14,78,54,0,1
14,78,55,0,1
14,78,56,0,1
14,78,57,0,1
14,78,58,0,1
14,78,59,0,1
14,78,60,0,1
14,78,61,0,1
14,78,62,0,1
14,78,63,0,1
14,79,0,0,1
14,79,1,0,1
14,79,2,0,1
14,79,3,0,1
14,79,4,0,1
14,79,5,0,1
14,79,6,0,1
14,79,7,0,1
14,79,8,0,1
14,79,9,0,1
14,79,10,0,1
14,79,11,0,1
14,79,12,0,1
14,79,13,0,1
14,79,14,0,1
14,79,15,0,1
14,79,16,0,1
14,79,17,0,1
14,79,18,0,1
14,79,19,0,1
14,79,20,0,1
14,79,21,0,1
14,79,22,0,1
14,79,23,0,1
14,79,24,0,1
14,79,25,0,1
14,79,26,0,1
14,79,27,0,1
14,79,28,0,1
14,79,29,0,1
14,79,30,0,1
14,79,31,0,1
14,79,32,0,1
14,79,33,0,1
14,79,34,0,1
14,79,35,0,1
14,79,36,0,1
14,79,37,0,1
14,79,38,0,1
14,79,39,0,1
14,79,40,0,1
14,79,41,0,1
14,79,42,0,1
14,79,43,0,1
14,79,44,0,1
14,79,45,0,1
14,79,46,0,1
14,79,47,0,1
14,79,48,0,1
14,79,49,0,1
14,79,50,0,1
14,79,51,0,1
14,79,52,0,1
14,79,53,0,1
14,79,54,0,1
14,79,55,0,1
14,79,56,0,1
14,79,57,0,1
14,79,58,0,1
14,79,59,0,1
14,79,60,0,1
14,79,61,0,1
14,79,62,0,1
14,79,63,0,1
14,80,0,0,1
14,80,1,0,1
14,80,2,0,1
14,80,3,0,1
14,80,4,0,1
14,80,5,0,1
14,80,6,0,1
14,80,7,0,1
14,80,8,0,1
14,80,9,0,1
14,80,10,0,1
14,80,11,0,1
14,80,12,0,1
14,80,13,0,1
14,80,14,0,1
14,80,15,0,1
14,80,16,0,1
14,80,17,0,1
14,80,18,0,1
14,80,19,0,1
14,80,20,0,1
14,80,21,0,1
14,80,22,0,1
14,80,23,0,1
14,80,24,0,1
14,80,25,0,1
14,80,26,0,1
14,80,27,0,1
14,80,28,0,1
14,80,29,0,1
14,80,30,0,1
14,80,31,0,1
14,80,32,0,1
14,80,33,0,1
14,80,34,0,1
14,80,35,0,1
14,80,36,0,1
14,80,37,0,1
14,80,38,0,1
14,80,39,0,1
14,80,40,0,1
14,80,41,0,1
14,80,42,0,1
14,80,43,0,1
14,80,44,0,1
14,80,45,0,1
14,80,46,0,1
14,80,47,0,1
14,80,48,0,1
14,80,49,0,1
14,80,50,0,1
14,80,51,0,1
14,80,52,0,1
14,80,53,0,1
14,80,54,0,1
14,80,55,0,1
14,80,56,0,1
14,80,57,0,1
14,80,58,0,1
14,80,59,0,1
14,80,60,0,1
14,80,61,0,1
14,80,62,0,1
14,80,63,0,1
14,81,0,0,1
14,81,1,0,1
14,81,2,0,1
14,81,3,0,1
14,81,4,0,1
14,81,5,0,1
14,81,6,0,1
14,81,7,0,1
14,81,8,0,1
14,81,9,0,1
14,81,10,0,1
14,81,11,0,1
14,81,12,0,1
14,81,13,0,1
14,81,14,0,1
14,81,15,0,1
14,81,16,0,1
14,81,17,0,1
14,81,18,0,1
14,81,19,0,1
14,81,20,0,1
14,81,21,0,1
14,81,22,0,1
14,81,23,0,1
14,81,24,0,1
14,81,25,0,1
14,81,26,0,1
14,81,27,0,1
14,81,28,0,1
14,81,29,0,1
14,81,30,0,1
14,81,31,0,1
14,81,32,0,1
14,81,33,0,1
14,81,34,0,1
14,81,35,0,1
14,81,36,0,1
14,81,37,0,1
14,81,38,0,1
14,81,39,0,1
14,81,40,0,1
14,81,41,0,1
14,81,42,0,1
14,81,43,0,1
14,81,44,0,1
14,81,45,0,1
14,81,46,0,1
14,81,47,0,1
14,81,48,0,1
14,81,49,0,1
14,81,50,0,1
14,81,51,0,1
14,81,52,0,1
14,81,53,0,1
14,81,54,0,1
14,81,55,0,1
14,81,56,0,1
14,81,57,0,1
14,81,58,0,1
14,81,59,0,1
14,81,60,0,1
14,81,61,0,1
14,81,62,0,1
14,81,63,0,1
14,82,0,0,1
14,82,1,0,1
14,82,2,0,1
14,82,3,0,1
14,82,4,0,1
14,82,5,0,1
14,82,6,0,1
14,82,7,0,1
14,82,8,0,1
14,82,9,0,1
14,82,10,0,1
14,82,11,0,1
14,82,12,0,1
14,82,13,0,1
14,82,14,0,1
14,82,15,0,1
14,82,16,0,1
14,82,17,0,1
14,82,18,0,1
14,82,19,0,1
14,82,20,0,1
14,82,21,0,1
14,82,22,0,1
14,82,23,0,1
14,82,24,0,1
14,82,25,0,1
14,82,26,0,1
14,82,27,0,1
14,82,28,0,1
14,82,29,0,1
14,82,30,0,1
14,82,31,0,1
14,82,32,0,1
14,82,33,0,1
14,82,34,0,1
14,82,35,0,1
14,82,36,0,1
14,82,37,0,1
14,82,38,0,1
14,82,39,0,1
14,82,40,0,1
14,82,41,0,1
14,82,42,0,1
14,82,43,0,1
14,82,44,0,1
14,82,45,0,1
14,82,46,0,1
14,82,47,0,1
14,82,48,0,1
14,82,49,0,1
14,82,50,0,1
14,82,51,0,1
14,82,52,0,1
14,82,53,0,1
14,82,54,0,1
14,82,55,0,1
14,82,56,0,1
14,82,57,0,1
14,82,58,0,1
14,82,59,0,1
14,82,60,0,1
14,82,61,0,1
14,82,62,0,1
14,82,63,0,1
14,83,0,0,1
14,83,1,0,1
14,83,2,0,1
14,83,3,0,1
14,83,4,0,1
14,83,5,0,1
14,83,6,0,1
14,83,7,0,1
14,83,8,0,1
14,83,9,0,1
14,83,10,0,1
14,83,11,0,1
14,83,12,0,1
14,83,13,0,1
14,83,14,0,1
14,83,15,0,1
14,83,16,0,1
14,83,17,0,1
14,83,18,0,1
14,83,19,0,1
14,83,20,0,1
14,83,21,0,1
14,83,22,0,1
14,83,23,0,1
14,83,24,0,1
14,83,25,0,1
14,83,26,0,1
14,83,27,0,1
14,83,28,0,1
14,83,29,0,1
14,83,30,0,1
14,83,31,0,1
14,83,32,0,1
14,83,33,0,1
14,83,34,0,1
14,83,35,0,1
14,83,36,0,1
14,83,37,0,1
14,83,38,0,1
14,83,39,0,1
14,83,40,0,1
14,83,41,0,1
14,83,42,0,1
14,83,43,0,1
14,83,44,0,1
14,83,45,0,1
14,83,46,0,1
14,83,47,0,1
14,83,48,0,1
14,83,49,0,1
14,83,50,0,1
14,83,51,0,1
14,83,52,0,1
14,83,53,0,1
14,83,54,0,1
14,83,55,0,1
14,83,56,0,1
14,83,57,0,1
14,83,58,0,1
14,83,59,0,1
14,83,60,0,1
14,83,61,0,1
14,83,62,0,1
14,83,63,0,1
14,84,0,0,1
14,84,1,0,1
14,84,2,0,1
14,84,3,0,1
14,84,4,0,1
14,84,5,0,1
14,84,6,0,1
14,84,7,0,1
14,84,8,0,1
14,84,9,0,1
14,84,10,0,1
14,84,11,0,1
14,84,12,0,1
14,84,13,0,1
14,84,14,0,1
14,84,15,0,1
14,84,16,0,1
14,84,17,0,1
14,84,18,0,1
14,84,19,0,1
14,84,20,0,1
14,84,21,0,1
14,84,22,0,1
14,84,23,0,1
14,84,24,0,1
14,84,25,0,1
14,84,26,0,1
14,84,27,0,1
14,84,28,0,1
14,84,29,0,1
14,84,30,0,1
14,84,31,0,1
14,84,32,0,1
14,84,33,0,1
14,84,34,0,1
14,84,35,0,1
14,84,36,0,1
14,84,37,0,1
14,84,38,0,1
14,84,39,0,1
14,84,40,0,1
14,84,41,0,1
14,84,42,0,1
14,84,43,0,1
14,84,44,0,1
14,84,45,0,1
14,84,46,0,1
14,84,47,0,1
14,84,48,0,1
14,84,49,0,1
14,84,50,0,1
14,84,51,0,1
14,84,52,0,1
14,84,53,0,1
14,84,54,0,1
14,84,55,0,1
14,84,56,0,1
14,84,57,0,1
14,84,58,0,1
14,84,59,0,1
14,84,60,0,1
14,84,61,0,1
14,84,62,0,1
14,84,63,0,1
14,85,0,0,1
14,85,1,0,1
14,85,2,0,1
14,85,3,0,1
14,85,4,0,1
14,85,5,0,1
14,85,6,0,1
14,85,7,0,1
14,85,8,0,1
14,85,9,0,1
14,85,10,0,1
14,85,11,0,1
14,85,12,0,1
14,85,13,0,1
14,85,14,0,1
14,85,15,0,1
14,85,16,0,1
14,85,17,0,1
14,85,18,0,1
14,85,19,0,1
14,85,20,0,1
14,85,21,0,1
14,85,22,0,1
14,85,23,0,1
14,85,24,0,1
14,85,25,0,1
14,85,26,0,1
14,85,27,0,1
14,85,28,0,1
14,85,29,0,1
14,85,30,0,1
14,85,31,0,1
14,85,32,0,1
14,85,33,0,1
14,85,34,0,1
14,85,35,0,1
14,85,36,0,1
14,85,37,0,1
14,85,38,0,1
14,85,39,0,1
14,85,40,0,1
14,85,41,0,1
14,85,42,0,1
14,85,43,0,1
14,85,44,0,1
14,85,45,0,1
14,85,46,0,1
14,85,47,0,1
14,85,48,0,1
14,85,49,0,1
14,85,50,0,1
14,85,51,0,1
14,85,52,0,1
14,85,53,0,1
14,85,54,0,1
14,85,55,0,1
14,85,56,0,1
14,85,57,0,1
14,85,58,0,1
14,85,59,0,1
14,85,60,0,1
14,85,61,0,1
14,85,62,0,1
14,85,63,0,1
14,86,0,0,1
14,86,1,0,1
14,86,2,0,1
14,86,3,0,1
14,86,4,0,1
14,86,5,0,1
14,86,6,0,1
14,86,7,0,1
14,86,8,0,1
14,86,9,0,1
14,86,10,0,1
14,86,11,0,1
14,86,12,0,1
14,86,13,0,1
14,86,14,0,1
14,86,15,0,1
14,86,16,0,1
14,86,17,0,1
14,86,18,0,1
14,86,19,0,1
14,86,20,0,1
14,86,21,0,1
14,86,22,0,1
14,86,23,0,1
14,86,24,0,1
14,86,25,0,1
14,86,26,0,1
14,86,27,0,1
14,86,28,0,1
14,86,29,0,1
14,86,30,0,1
14,86,31,0,1
14,86,32,0,1
14,86,33,0,1
14,86,34,0,1
14,86,35,0,1
14,86,36,0,1
14,86,37,0,1
14,86,38,0,1
14,86,39,0,1
14,86,40,0,1
14,86,41,0,1
14,86,42,0,1
14,86,43,0,1
14,86,44,0,1
14,86,45,0,1
14,86,46,0,1
14,86,47,0,1
14,86,48,0,1
14,86,49,0,1
14,86,50,0,1
14,86,51,0,1
14,86,52,0,1
14,86,53,0,1
14,86,54,0,1
14,86,55,0,1
14,86,56,0,1
14,86,57,0,1
14,86,58,0,1
14,86,59,0,1
14,86,60,0,1
14,86,61,0,1
14,86,62,0,1
14,86,63,0,1
14,87,0,0,1
14,87,1,0,1
14,87,2,0,1
14,87,3,0,1
14,87,4,0,1
14,87,5,0,1
14,87,6,0,1
14,87,7,0,1
14,87,8,0,1
14,87,9,0,1
14,87,10,0,1
14,87,11,0,1
14,87,12,0,1
14,87,13,0,1
14,87,14,0,1
14,87,15,0,1
14,87,16,0,1
14,87,17,0,1
14,87,18,0,1
14,87,19,0,1
14,87,20,0,1
14,87,21,0,1
14,87,22,0,1
14,87,23,0,1
14,87,24,0,1
14,87,25,0,1
14,87,26,0,1
14,87,27,0,1
14,87,28,0,1
14,87,29,0,1
14,87,30,0,1
14,87,31,0,1
14,87,32,0,1
14,87,33,0,1
14,87,34,0,1
14,87,35,0,1
14,87,36,0,1
14,87,37,0,1
14,87,38,0,1
14,87,39,0,1
14,87,40,0,1
14,87,41,0,1
14,87,42,0,1
14,87,43,0,1
14,87,44,0,1
14,87,45,0,1
14,87,46,0,1
14,87,47,0,1
14,87,48,0,1
14,87,49,0,1
14,87,50,0,1
14,87,51,0,1
14,87,52,0,1
14,87,53,0,1
14,87,54,0,1
14,87,55,0,1
14,87,56,0,1
14,87,57,0,1
14,87,58,0,1
14,87,59,0,1
14,87,60,0,1
14,87,61,0,1
14,87,62,0,1
14,87,63,0,1
14,88,0,0,1
14,88,1,0,1
14,88,2,0,1
14,88,3,0,1
14,88,4,0,1
14,88,5,0,1
14,88,6,0,1
14,88,7,0,1
14,88,8,0,1
14,88,9,0,1
14,88,10,0,1
14,88,11,0,1
14,88,12,0,1
14,88,13,0,1
14,88,14,0,1
14,88,15,0,1
14,88,16,0,1
14,88,17,0,1
14,88,18,0,1
14,88,19,0,1
14,88,20,0,1
14,88,21,0,1
14,88,22,0,1
14,88,23,0,1
14,88,24,0,1
14,88,25,0,1
14,88,26,0,1
14,88,27,0,1
14,88,28,0,1
14,88,29,0,1
14,88,30,0,1
14,88,31,0,1
14,88,32,0,1
14,88,33,0,1
14,88,34,0,1
14,88,35,0,1
14,88,36,0,1
14,88,37,0,1
14,88,38,0,1
14,88,39,0,1
14,88,40,0,1
14,88,41,0,1
14,88,42,0,1
14,88,43,0,1
14,88,44,0,1
14,88,45,0,1
14,88,46,0,1
14,88,47,0,1
14,88,48,0,1
14,88,49,0,1
14,88,50,0,1
14,88,51,0,1
14,88,52,0,1
14,88,53,0,1
14,88,54,0,1
14,88,55,0,1
14,88,56,0,1
14,88,57,0,1
14,88,58,0,1
14,88,59,0,1
14,88,60,0,1
14,88,61,0,1
14,88,62,0,1
14,88,63,0,1
14,89,0,0,1
14,89,1,0,1
14,89,2,0,1
14,89,3,0,1
14,89,4,0,1
14,89,5,0,1
14,89,6,0,1
14,89,7,0,1
14,89,8,0,1
14,89,9,0,1
14,89,10,0,1
14,89,11,0,1
14,89,12,0,1
14,89,13,0,1
14,89,14,0,1
14,89,15,0,1
14,89,16,0,1
14,89,17,0,1
14,89,18,0,1
14,89,19,0,1
14,89,20,0,1
14,89,21,0,1
14,89,22,0,1
14,89,23,0,1
14,89,24,0,1
14,89,25,0,1
14,89,26,0,1
14,89,27,0,1
14,89,28,0,1
14,89,29,0,1
14,89,30,0,1
14,89,31,0,1
14,89,32,0,1
14,89,33,0,1
14,89,34,0,1
14,89,35,0,1
14,89,36,0,1
14,89,37,0,1
14,89,38,0,1
14,89,39,0,1
14,89,40,0,1
14,89,41,0,1
14,89,42,0,1
14,89,43,0,1
14,89,44,0,1
14,89,45,0,1
14,89,46,0,1
14,89,47,0,1
14,89,48,0,1
14,89,49,0,1
14,89,50,0,1
14,89,51,0,1
14,89,52,0,1
14,89,53,0,1
14,89,54,0,1
14,89,55,0,1
14,89,56,0,1
14,89,57,0,1
14,89,58,0,1
14,89,59,0,1
14,89,60,0,1
14,89,61,0,1
14,89,62,0,1
14,89,63,0,1
14,90,0,0,1
14,90,1,0,1
14,90,2,0,1
14,90,3,0,1
14,90,4,0,1
14,90,5,0,1
14,90,6,0,1
14,90,7,0,1
14,90,8,0,1
14,90,9,0,1
14,90,10,0,1
14,90,11,0,1
14,90,12,0,1
14,90,13,0,1
14,90,14,0,1
14,90,15,0,1
14,90,16,0,1
14,90,17,0,1
14,90,18,0,1
14,90,19,0,1
14,90,20,0,1
14,90,21,0,1
14,90,22,0,1
14,90,23,0,1
14,90,24,0,1
14,90,25,0,1
14,90,26,0,1
14,90,27,0,1
14,90,28,0,1
14,90,29,0,1
14,90,30,0,1
14,90,31,0,1
14,90,32,0,1
14,90,33,0,1
14,90,34,0,1
14,90,35,0,1
14,90,36,0,1
14,90,37,0,1
14,90,38,0,1
14,90,39,0,1
14,90,40,0,1
14,90,41,0,1
14,90,42,0,1
14,90,43,0,1
14,90,44,0,1
14,90,45,0,1
14,90,46,0,1
14,90,47,0,1
14,90,48,0,1
14,90,49,0,1
14,90,50,0,1
14,90,51,0,1
14,90,52,0,1
14,90,53,0,1
14,90,54,0,1
14,90,55,0,1
14,90,56,0,1
14,90,57,0,1
14,90,58,0,1
14,90,59,0,1
14,90,60,0,1
14,90,61,0,1
14,90,62,0,1
14,90,63,0,1
14,91,0,0,1
14,91,1,0,1
14,91,2,0,1
14,91,3,0,1
14,91,4,0,1
14,91,5,0,1
14,91,6,0,1
14,91,7,0,1
14,91,8,0,1
14,91,9,0,1
14,91,10,0,1
14,91,11,0,1
14,91,12,0,1
14,91,13,0,1
14,91,14,0,1
14,91,15,0,1
14,91,16,0,1
14,91,17,0,1
14,91,18,0,1
14,91,19,0,1
14,91,20,0,1
14,91,21,0,1
14,91,22,0,1
14,91,23,0,1
14,91,24,0,1
14,91,25,0,1
14,91,26,0,1
14,91,27,0,1
14,91,28,0,1
14,91,29,0,1
14,91,30,0,1
14,91,31,0,1
14,91,32,0,1
14,91,33,0,1
14,91,34,0,1
14,91,35,0,1
14,91,36,0,1
14,91,37,0,1
14,91,38,0,1
14,91,39,0,1
14,91,40,0,1
14,91,41,0,1
14,91,42,0,1
14,91,43,0,1
14,91,44,0,1
14,91,45,0,1
14,91,46,0,1
14,91,47,0,1
14,91,48,0,1
14,91,49,0,1
14,91,50,0,1
14,91,51,0,1
14,91,52,0,1
14,91,53,0,1
14,91,54,0,1
14,91,55,0,1
14,91,56,0,1
14,91,57,0,1
14,91,58,0,1
14,91,59,0,1
14,91,60,0,1
14,91,61,0,1
14,91,62,0,1
14,91,63,0,1
14,92,0,0,1
14,92,1,0,1
14,92,2,0,1
14,92,3,0,1
14,92,4,0,1
14,92,5,0,1
14,92,6,0,1
14,92,7,0,1
14,92,8,0,1
14,92,9,0,1
14,92,10,0,1
14,92,11,0,1
14,92,12,0,1
14,92,13,0,1
14,92,14,0,1
14,92,15,0,1
14,92,16,0,1
14,92,17,0,1
14,92,18,0,1
14,92,19,0,1
14,92,20,0,1
14,92,21,0,1
14,92,22,0,1
14,92,23,0,1
14,92,24,0,1
14,92,25,0,1
14,92,26,0,1
14,92,27,0,1
14,92,28,0,1
14,92,29,0,1
14,92,30,0,1
14,92,31,0,1
14,92,32,0,1
14,92,33,0,1
14,92,34,0,1
14,92,35,0,1
14,92,36,0,1
14,92,37,0,1
14,92,38,0,1
14,92,39,0,1
14,92,40,0,1
14,92,41,0,1
14,92,42,0,1
14,92,43,0,1
14,92,44,0,1
14,92,45,0,1
14,92,46,0,1
14,92,47,0,1
14,92,48,0,1
14,92,49,0,1
14,92,50,0,1
14,92,51,0,1
14,92,52,0,1
14,92,53,0,1
14,92,54,0,1
14,92,55,0,1
14,92,56,0,1
14,92,57,0,1
14,92,58,0,1
14,92,59,0,1
14,92,60,0,1
14,92,61,0,1
14,92,62,0,1
14,92,63,0,1
14,93,0,0,1
14,93,1,0,1
14,93,2,0,1
14,93,3,0,1
14,93,4,0,1
14,93,5,0,1
14,93,6,0,1
14,93,7,0,1
14,93,8,0,1
14,93,9,0,1
14,93,10,0,1
14,93,11,0,1
14,93,12,0,1
14,93,13,0,1
14,93,14,0,1
14,93,15,0,1
14,93,16,0,1
14,93,17,0,1
14,93,18,0,1
14,93,19,0,1
14,93,20,0,1
14,93,21,0,1
14,93,22,0,1
14,93,23,0,1
14,93,24,0,1
14,93,25,0,1
14,93,26,0,1
14,93,27,0,1
14,93,28,0,1
14,93,29,0,1
14,93,30,0,1
14,93,31,0,1
14,93,32,0,1
14,93,33,0,1
14,93,34,0,1
14,93,35,0,1
14,93,36,0,1
14,93,37,0,1
14,93,38,0,1
14,93,39,0,1
14,93,40,0,1
14,93,41,0,1
14,93,42,0,1
14,93,43,0,1
14,93,44,0,1
14,93,45,0,1
14,93,46,0,1
14,93,47,0,1
14,93,48,0,1
14,93,49,0,1
14,93,50,0,1
14,93,51,0,1
14,93,52,0,1
14,93,53,0,1
14,93,54,0,1
14,93,55,0,1
14,93,56,0,1
14,93,57,0,1
14,93,58,0,1
14,93,59,0,1
14,93,60,0,1
14,93,61,0,1
14,93,62,0,1
14,93,63,0,1
14,94,0,0,1
14,94,1,0,1
14,94,2,0,1
14,94,3,0,1
14,94,4,0,1
14,94,5,0,1
14,94,6,0,1
14,94,7,0,1
14,94,8,0,1
14,94,9,0,1
14,94,10,0,1
14,94,11,0,1
14,94,12,0,1
14,94,13,0,1
14,94,14,0,1
14,94,15,0,1
14,94,16,0,1
14,94,17,0,1
14,94,18,0,1
14,94,19,0,1
14,94,20,0,1
14,94,21,0,1
14,94,22,0,1
14,94,23,0,1
14,94,24,0,1
14,94,25,0,1
14,94,26,0,1
14,94,27,0,1
14,94,28,0,1
14,94,29,0,1
14,94,30,0,1
14,94,31,0,1
14,94,32,0,1
14,94,33,0,1
14,94,34,0,1
14,94,35,0,1
14,94,36,0,1
14,94,37,0,1
14,94,38,0,1
14,94,39,0,1
14,94,40,0,1
14,94,41,0,1
14,94,42,0,1
14,94,43,0,1
14,94,44,0,1
14,94,45,0,1
14,94,46,0,1
14,94,47,0,1
14,94,48,0,1
14,94,49,0,1
14,94,50,0,1
14,94,51,0,1
14,94,52,0,1
14,94,53,0,1
14,94,54,0,1
14,94,55,0,1
14,94,56,0,1
14,94,57,0,1
14,94,58,0,1
14,94,59,0,1
14,94,60,0,1
14,94,61,0,1
14,94,62,0,1
14,94,63,0,1
14,95,0,0,1
14,95,1,0,1
14,95,2,0,1
14,95,3,0,1
14,95,4,0,1
14,95,5,0,1
14,95,6,0,1
14,95,7,0,1
14,95,8,0,1
14,95,9,0,1
14,95,10,0,1
14,95,11,0,1
14,95,12,0,1
14,95,13,0,1
14,95,14,0,1
14,95,15,0,1
14,95,16,0,1
14,95,17,0,1
14,95,18,0,1
14,95,19,0,1
14,95,20,0,1
14,95,21,0,1
14,95,22,0,1
14,95,23,0,1
14,95,24,0,1
14,95,25,0,1
14,95,26,0,1
14,95,27,0,1
14,95,28,0,1
14,95,29,0,1
14,95,30,0,1
14,95,31,0,1
14,95,32,0,1
14,95,33,0,1
14,95,34,0,1
14,95,35,0,1
14,95,36,0,1
14,95,37,0,1
14,95,38,0,1
14,95,39,0,1
14,95,40,0,1
14,95,41,0,1
14,95,42,0,1
14,95,43,0,1
14,95,44,0,1
14,95,45,0,1
14,95,46,0,1
14,95,47,0,1
14,95,48,0,1
14,95,49,0,1
14,95,50,0,1
14,95,51,0,1
14,95,52,0,1
14,95,53,0,1
14,95,54,0,1
14,95,55,0,1
14,95,56,0,1
14,95,57,0,1
14,95,58,0,1
14,95,59,0,1
14,95,60,0,1
14,95,61,0,1
14,95,62,0,1
14,95,63,0,1
14,96,0,0,1
14,96,1,0,1
14,96,2,0,1
14,96,3,0,1
14,96,4,0,1
14,96,5,0,1
14,96,6,0,1
14,96,7,0,1
14,96,8,0,1
14,96,9,0,1
14,96,10,0,1
14,96,11,0,1
14,96,12,0,1
14,96,13,0,1
14,96,14,0,1
14,96,15,0,1
14,96,16,0,1
14,96,17,0,1
14,96,18,0,1
14,96,19,0,1
14,96,20,0,1
14,96,21,0,1
14,96,22,0,1
14,96,23,0,1
14,96,24,0,1
14,96,25,0,1
14,96,26,0,1
14,96,27,0,1
14,96,28,0,1
14,96,29,0,1
14,96,30,0,1
14,96,31,0,1
14,96,32,0,1
14,96,33,0,1
14,96,34,0,1
14,96,35,0,1
14,96,36,0,1
14,96,37,0,1
14,96,38,0,1
14,96,39,0,1
14,96,40,0,1
14,96,41,0,1
14,96,42,0,1
14,96,43,0,1
14,96,44,0,1
14,96,45,0,1
14,96,46,0,1
14,96,47,0,1
14,96,48,0,1
14,96,49,0,1
14,96,50,0,1
14,96,51,0,1
14,96,52,0,1
14,96,53,0,1
14,96,54,0,1
14,96,55,0,1
14,96,56,0,1
14,96,57,0,1
14,96,58,0,1
14,96,59,0,1
14,96,60,0,1
14,96,61,0,1
14,96,62,0,1
14,96,63,0,1
14,97,0,0,1
14,97,1,0,1
14,97,2,0,1
14,97,3,0,1
14,97,4,0,1
14,97,5,0,1
14,97,6,0,1
14,97,7,0,1
14,97,8,0,1
14,97,9,0,1
14,97,10,0,1
14,97,11,0,1
14,97,12,0,1
14,97,13,0,1
14,97,14,0,1
14,97,15,0,1
14,97,16,0,1
14,97,17,0,1
14,97,18,0,1
14,97,19,0,1
14,97,20,0,1
14,97,21,0,1
14,97,22,0,1
14,97,23,0,1
14,97,24,0,1
14,97,25,0,1
14,97,26,0,1
14,97,27,0,1
14,97,28,0,1
14,97,29,0,1
14,97,30,0,1
14,97,31,0,1
14,97,32,0,1
14,97,33,0,1
14,97,34,0,1
14,97,35,0,1
14,97,36,0,1
14,97,37,0,1
14,97,38,0,1
14,97,39,0,1
14,97,40,0,1
14,97,41,0,1
14,97,42,0,1
14,97,43,0,1
14,97,44,0,1
14,97,45,0,1
14,97,46,0,1
14,97,47,0,1
14,97,48,0,1
14,97,49,0,1
14,97,50,0,1
14,97,51,0,1
14,97,52,0,1
14,97,53,0,1
14,97,54,0,1
14,97,55,0,1
14,97,56,0,1
14,97,57,0,1
14,97,58,0,1
14,97,59,0,1
14,97,60,0,1
14,97,61,0,1
14,97,62,0,1
14,97,63,0,1
14,98,0,0,1
14,98,1,0,1
14,98,2,0,1
14,98,3,0,1
14,98,4,0,1
14,98,5,0,1
14,98,6,0,1
14,98,7,0,1
14,98,8,0,1
14,98,9,0,1
14,98,10,0,1
14,98,11,0,1
14,98,12,0,1
14,98,13,0,1
14,98,14,0,1
14,98,15,0,1
14,98,16,0,1
14,98,17,0,1
14,98,18,0,1
14,98,19,0,1
14,98,20,0,1
14,98,21,0,1
14,98,22,0,1
14,98,23,0,1
14,98,24,0,1
14,98,25,0,1
14,98,26,0,1
14,98,27,0,1
14,98,28,0,1
14,98,29,0,1
14,98,30,0,1
14,98,31,0,1
14,98,32,0,1
14,98,33,0,1
14,98,34,0,1
14,98,35,0,1
14,98,36,0,1
14,98,37,0,1
14,98,38,0,1
14,98,39,0,1
14,98,40,0,1
14,98,41,0,1
14,98,42,0,1
14,98,43,0,1
14,98,44,0,1
14,98,45,0,1
14,98,46,0,1
14,98,47,0,1
14,98,48,0,1
14,98,49,0,1
14,98,50,0,1
14,98,51,0,1
14,98,52,0,1
14,98,53,0,1
14,98,54,0,1
14,98,55,0,1
14,98,56,0,1
14,98,57,0,1
14,98,58,0,1
14,98,59,0,1
14,98,60,0,1
14,98,61,0,1
14,98,62,0,1
14,98,63,0,1
14,99,0,0,1
14,99,1,0,1
14,99,2,0,1
14,99,3,0,1
14,99,4,0,1
14,99,5,0,1
14,99,6,0,1
14,99,7,0,1
14,99,8,0,1
14,99,9,0,1
14,99,10,0,1
14,99,11,0,1
14,99,12,0,1
14,99,13,0,1
14,99,14,0,1
14,99,15,0,1
14,99,16,0,1
14,99,17,0,1
14,99,18,0,1
14,99,19,0,1
14,99,20,0,1
14,99,21,0,1
14,99,22,0,1
14,99,23,0,1
14,99,24,0,1
14,99,25,0,1
14,99,26,0,1
14,99,27,0,1
14,99,28,0,1
14,99,29,0,1
14,99,30,0,1
14,99,31,0,1
14,99,32,0,1
14,99,33,0,1
14,99,34,0,1
14,99,35,0,1
14,99,36,0,1
14,99,37,0,1
14,99,38,0,1
14,99,39,0,1
14,99,40,0,1
14,99,41,0,1
14,99,42,0,1
14,99,43,0,1
14,99,44,0,1
14,99,45,0,1
14,99,46,0,1
14,99,47,0,1
14,99,48,0,1
14,99,49,0,1
14,99,50,0,1
14,99,51,0,1
14,99,52,0,1
14,99,53,0,1
14,99,54,0,1
14,99,55,0,1
14,99,56,0,1
14,99,57,0,1
14,99,58,0,1
14,99,59,0,1
14,99,60,0,1
14,99,61,0,1
14,99,62,0,1
14,99,63,0,1
14,100,0,0,1
14,100,1,0,1
14,100,2,0,1
14,100,3,0,1
14,100,4,0,1
14,100,5,0,1
14,100,6,0,1
14,100,7,0,1
14,100,8,0,1
14,100,9,0,1
14,100,10,0,1
14,100,11,0,1
14,100,12,0,1
14,100,13,0,1
14,100,14,0,1
14,100,15,0,1
14,100,16,0,1
14,100,17,0,1
14,100,18,0,1
14,100,19,0,1
14,100,20,0,1
14,100,21,0,1
14,100,22,0,1
14,100,23,0,1
14,100,24,0,1
14,100,25,0,1
14,100,26,0,1
14,100,27,0,1
14,100,28,0,1
14,100,29,0,1
14,100,30,0,1
14,100,31,0,1
14,100,32,0,1
14,100,33,0,1
14,100,34,0,1
14,100,35,0,1
14,100,36,0,1
14,100,37,0,1
14,100,38,0,1
14,100,39,0,1
14,100,40,0,1
14,100,41,0,1
14,100,42,0,1
14,100,43,0,1
14,100,44,0,1
14,100,45,0,1
14,100,46,0,1
14,100,47,0,1
14,100,48,0,1
14,100,49,0,1
14,100,50,0,1
14,100,51,0,1
14,100,52,0,1
14,100,53,0,1
14,100,54,0,1
14,100,55,0,1
14,100,56,0,1
14,100,57,0,1
14,100,58,0,1
14,100,59,0,1
14,100,60,0,1
14,100,61,0,1
14,100,62,0,1
14,100,63,0,1
16,1,0,0,1
16,1,1,0,1
16,1,2,0,1
16,1,3,0,1
16,1,4,0,1
16,1,5,0,1
16,1,6,0,1
16,1,7,0,1
16,1,8,0,1
16,1,9,0,1
16,1,10,0,1
16,1,11,0,1
16,1,12,0,1
16,1,13,0,1
16,1,14,0,1
16,1,15,0,1
16,1,16,0,1
16,1,17,0,1
16,1,18,0,1
16,1,19,0,1
16,1,20,0,1
16,1,21,0,1
16,1,22,0,1
16,1,23,0,1
16,1,24,0,1
16,1,25,0,1
16,1,26,0,1
16,1,27,0,1
16,1,28,0,1
16,1,29,0,1
16,1,30,0,1
16,1,31,0,1
16,1,32,0,1
16,1,33,0,1
16,1,34,0,1
16,1,35,0,1
16,1,36,0,1
16,1,37,0,1
16,1,38,0,1
16,1,39,0,1
16,1,40,0,1
16,1,41,0,1
16,1,42,0,1
16,1,43,0,1
16,1,44,0,1
16,1,45,0,1
16,1,46,0,1
16,1,47,0,1
16,1,48,0,1
16,1,49,0,1
16,1,50,0,1
16,1,51,0,1
16,1,52,0,1
16,1,53,0,1
16,1,54,0,1
16,1,55,0,1
16,1,56,0,1
16,1,57,0,1
16,1,58,0,1
16,1,59,0,1
16,1,60,0,1
16,1,61,0,1
16,1,62,0,1
16,1,63,0,1
16,2,0,0,1
16,2,1,0,1
16,2,2,0,1
16,2,3,0,1
16,2,4,0,1
16,2,5,0,1
16,2,6,0,1
16,2,7,0,1
16,2,8,0,1
16,2,9,0,1
16,2,10,0,1
16,2,11,0,1
16,2,12,0,1
16,2,13,0,1
16,2,14,0,1
16,2,15,0,1
16,2,16,0,1
16,2,17,0,1
16,2,18,0,1
16,2,19,0,1
16,2,20,0,1
16,2,21,0,1
16,2,22,0,1
16,2,23,0,1
16,2,24,0,1
16,2,25,0,1
16,2,26,0,1
16,2,27,0,1
16,2,28,0,1
16,2,29,0,1
16,2,30,0,1
16,2,31,0,1
16,2,32,0,1
16,2,33,0,1
16,2,34,0,1
16,2,35,0,1
16,2,36,0,1
16,2,37,0,1
16,2,38,0,1
16,2,39,0,1
16,2,40,0,1
16,2,41,0,1
16,2,42,0,1
16,2,43,0,1
16,2,44,0,1
16,2,45,0,1
16,2,46,0,1
16,2,47,0,1
16,2,48,0,1
16,2,49,0,1
16,2,50,0,1
16,2,51,0,1
16,2,52,0,1
16,2,53,0,1
16,2,54,0,1
16,2,55,0,1
16,2,56,0,1
16,2,57,0,1
16,2,58,0,1
16,2,59,0,1
16,2,60,0,1
16,2,61,0,1
16,2,62,0,1
16,2,63,0,1
16,3,0,0,1
16,3,1,0,1
16,3,2,0,1
16,3,3,0,1
16,3,4,0,1
16,3,5,0,1
16,3,6,0,1
16,3,7,0,1
16,3,8,0,1
16,3,9,0,1
16,3,10,0,1
16,3,11,0,1
16,3,12,0,1
16,3,13,0,1
16,3,14,0,1
16,3,15,0,1
16,3,16,0,1
16,3,17,0,1
16,3,18,0,1
16,3,19,0,1
16,3,20,0,1
16,3,21,0,1
16,3,22,0,1
16,3,23,0,1
16,3,24,0,1
16,3,25,0,1
16,3,26,0,1
16,3,27,0,1
16,3,28,0,1
16,3,29,0,1
16,3,30,0,1
16,3,31,0,1
16,3,32,0,1
16,3,33,0,1
16,3,34,0,1
16,3,35,0,1
16,3,36,0,1
16,3,37,0,1
16,3,38,0,1
16,3,39,0,1
16,3,40,0,1
16,3,41,0,1
16,3,42,0,1
16,3,43,0,1
16,3,44,0,1
16,3,45,0,1
16,3,46,0,1
16,3,47,0,1
16,3,48,0,1
16,3,49,0,1
16,3,50,0,1
16,3,51,0,1
16,3,52,0,1
16,3,53,0,1
16,3,54,0,1
16,3,55,0,1
16,3,56,0,1
16,3,57,0,1
16,3,58,0,1
16,3,59,0,1
16,3,60,0,1
16,3,61,0,1
16,3,62,0,1
16,3,63,0,1
35,1,0,0,1
35,1,1,0,1
35,1,2,0,1
35,1,3,0,1
35,1,4,0,1
35,1,5,0,1
35,1,6,0,1
35,1,7,0,1
35,1,8,0,1
35,1,9,0,1
35,1,10,0,1
35,1,11,0,1
35,1,12,0,1
35,1,13,0,1
35,1,14,0,1
35,1,15,0,1
35,1,16,0,1
35,1,17,0,1
35,1,18,0,1
35,1,19,0,1
35,1,20,0,1
35,1,21,0,1
35,1,22,0,1
35,1,23,0,1
35,1,24,0,1
35,1,25,0,1
35,1,26,0,1
35,1,27,0,1
35,1,28,0,1
35,1,29,0,1
35,1,30,0,1
35,1,31,0,1
35,1,32,0,1
35,1,33,0,1
35,1,34,0,1
35,1,35,0,1
35,1,36,0,1
35,1,37,0,1
35,1,38,0,1
35,1,39,0,1
35,1,40,0,1
35,1,41,0,1
35,1,42,0,1
35,1,43,0,1
35,1,44,0,1
35,1,45,0,1
35,1,46,0,1
35,1,47,0,1
35,1,48,0,1
35,1,49,0,1
35,1,50,0,1
35,1,51,0,1
35,1,52,0,1
35,1,53,0,1
35,1,54,0,1
35,1,55,0,1
35,1,56,0,1
35,1,57,0,1
35,1,58,0,1
35,1,59,0,1
35,1,60,0,1
35,1,61,0,1
35,1,62,0,1
35,1,63,0,1
35,2,0,0,1
35,2,1,0,1
35,2,2,0,1
35,2,3,0,1
35,2,4,0,1
35,2,5,0,1
35,2,6,0,1
35,2,7,0,1
35,2,8,0,1
35,2,9,0,1
35,2,10,0,1
35,2,11,0,1
35,2,12,0,1
35,2,13,0,1
35,2,14,0,1
35,2,15,0,1
35,2,16,0,1
35,2,17,0,1
35,2,18,0,1
35,2,19,0,1
35,2,20,0,1
35,2,21,0,1
35,2,22,0,1
35,2,23,0,1
35,2,24,0,1
35,2,25,0,1
35,2,26,0,1
35,2,27,0,1
35,2,28,0,1
35,2,29,0,1
35,2,30,0,1
35,2,31,0,1
35,2,32,0,1
35,2,33,0,1
35,2,34,0,1
35,2,35,0,1
35,2,36,0,1
35,2,37,0,1
35,2,38,0,1
35,2,39,0,1
35,2,40,0,1
35,2,41,0,1
35,2,42,0,1
35,2,43,0,1
35,2,44,0,1
35,2,45,0,1
35,2,46,0,1
35,2,47,0,1
35,2,48,0,1
35,2,49,0,1
35,2,50,0,1
35,2,51,0,1
35,2,52,0,1
35,2,53,0,1
35,2,54,0,1
35,2,55,0,1
35,2,56,0,1
35,2,57,0,1
35,2,58,0,1
35,2,59,0,1
35,2,60,0,1
35,2,61,0,1
35,2,62,0,1
35,2,63,0,1
35,3,0,0,1
35,3,1,0,1
35,3,2,0,1
35,3,3,0,1
35,3,4,0,1
35,3,5,0,1
35,3,6,0,1
35,3,7,0,1
35,3,8,0,1
35,3,9,0,1
35,3,10,0,1
35,3,11,0,1
35,3,12,0,1
35,3,13,0,1
35,3,14,0,1
35,3,15,0,1
35,3,16,0,1
35,3,17,0,1
35,3,18,0,1
35,3,19,0,1
35,3,20,0,1
35,3,21,0,1
35,3,22,0,1
35,3,23,0,1
35,3,24,0,1
35,3,25,0,1
35,3,26,0,1
35,3,27,0,1
35,3,28,0,1
35,3,29,0,1
35,3,30,0,1
35,3,31,0,1
35,3,32,0,1
35,3,33,0,1
35,3,34,0,1
35,3,35,0,1
35,3,36,0,1
35,3,37,0,1
35,3,38,0,1
35,3,39,0,1
35,3,40,0,1
35,3,41,0,1
35,3,42,0,1
35,3,43,0,1
35,3,44,0,1
35,3,45,0,1
35,3,46,0,1
35,3,47,0,1
35,3,48,0,1
35,3,49,0,1
35,3,50,0,1
35,3,51,0,1
35,3,52,0,1
35,3,53,0,1
35,3,54,0,1
35,3,55,0,1
35,3,56,0,1
35,3,57,0,1
35,3,58,0,1
35,3,59,0,1
35,3,60,0,1
35,3,61,0,1
35,3,62,0,1
35,3,63,0,1
35,4,0,0,1
35,4,1,0,1
35,4,2,0,1
35,4,3,0,1
35,4,4,0,1
35,4,5,0,1
35,4,6,0,1
35,4,7,0,1
35,4,8,0,1
35,4,9,0,1
35,4,10,0,1
35,4,11,0,1
35,4,12,0,1
35,4,13,0,1
35,4,14,0,1
35,4,15,0,1
35,4,16,0,1
35,4,17,0,1
35,4,18,0,1
35,4,19,0,1
35,4,20,0,1
35,4,21,0,1
35,4,22,0,1
35,4,23,0,1
35,4,24,0,1
35,4,25,0,1
35,4,26,0,1
35,4,27,0,1
35,4,28,0,1
35,4,29,0,1
35,4,30,0,1
35,4,31,0,1
35,4,32,0,1
35,4,33,0,1
35,4,34,0,1
35,4,35,0,1
35,4,36,0,1
35,4,37,0,1
35,4,38,0,1
35,4,39,0,1
35,4,40,0,1
35,4,41,0,1
35,4,42,0,1
35,4,43,0,1
35,4,44,0,1
35,4,45,0,1
35,4,46,0,1
35,4,47,0,1
35,4,48,0,1
35,4,49,0,1
35,4,50,0,1
35,4,51,0,1
35,4,52,0,1
35,4,53,0,1
35,4,54,0,1
35,4,55,0,1
35,4,56,0,1
35,4,57,0,1
35,4,58,0,1
35,4,59,0,1
35,4,60,0,1
35,4,61,0,1
35,4,62,0,1
35,4,63,0,1
35,5,0,0,1
35,5,1,0,1
35,5,2,0,1
35,5,3,0,1
35,5,4,0,1
35,5,5,0,1
35,5,6,0,1
35,5,7,0,1
35,5,8,0,1
35,5,9,0,1
35,5,10,0,1
35,5,11,0,1
35,5,12,0,1
35,5,13,0,1
35,5,14,0,1
35,5,15,0,1
35,5,16,0,1
35,5,17,0,1
35,5,18,0,1
35,5,19,0,1
35,5,20,0,1
35,5,21,0,1
35,5,22,0,1
35,5,23,0,1
35,5,24,0,1
35,5,25,0,1
35,5,26,0,1
35,5,27,0,1
35,5,28,0,1
35,5,29,0,1
35,5,30,0,1
35,5,31,0,1
35,5,32,0,1
35,5,33,0,1
35,5,34,0,1
35,5,35,0,1
35,5,36,0,1
35,5,37,0,1
35,5,38,0,1
35,5,39,0,1
35,5,40,0,1
35,5,41,0,1
35,5,42,0,1
35,5,43,0,1
35,5,44,0,1
35,5,45,0,1
35,5,46,0,1
35,5,47,0,1
35,5,48,0,1
35,5,49,0,1
35,5,50,0,1
35,5,51,0,1
35,5,52,0,1
35,5,53,0,1
35,5,54,0,1
35,5,55,0,1
35,5,56,0,1
35,5,57,0,1
35,5,58,0,1
35,5,59,0,1
35,5,60,0,1
35,5,61,0,1
35,5,62,0,1
35,5,63,0,1
35,6,0,0,1
35,6,1,0,1
35,6,2,0,1
35,6,3,0,1
35,6,4,0,1
35,6,5,0,1
35,6,6,0,1
35,6,7,0,1
35,6,8,0,1
35,6,9,0,1
35,6,10,0,1
35,6,11,0,1
35,6,12,0,1
35,6,13,0,1
35,6,14,0,1
35,6,15,0,1
35,6,16,0,1
35,6,17,0,1
35,6,18,0,1
35,6,19,0,1
35,6,20,0,1
35,6,21,0,1
35,6,22,0,1
35,6,23,0,1
35,6,24,0,1
35,6,25,0,1
35,6,26,0,1
35,6,27,0,1
35,6,28,0,1
35,6,29,0,1
35,6,30,0,1
35,6,31,0,1
35,6,32,0,1
35,6,33,0,1
35,6,34,0,1
35,6,35,0,1
35,6,36,0,1
35,6,37,0,1
35,6,38,0,1
35,6,39,0,1
35,6,40,0,1
35,6,41,0,1
35,6,42,0,1
35,6,43,0,1
35,6,44,0,1
35,6,45,0,1
35,6,46,0,1
35,6,47,0,1
35,6,48,0,1
35,6,49,0,1
35,6,50,0,1
35,6,51,0,1
35,6,52,0,1
35,6,53,0,1
35,6,54,0,1
35,6,55,0,1
35,6,56,0,1
35,6,57,0,1
35,6,58,0,1
35,6,59,0,1
35,6,60,0,1
35,6,61,0,1
35,6,62,0,1
35,6,63,0,1
35,7,0,0,1
35,7,1,0,1
35,7,2,0,1
35,7,3,0,1
35,7,4,0,1
35,7,5,0,1
35,7,6,0,1
35,7,7,0,1
35,7,8,0,1
35,7,9,0,1
35,7,10,0,1
35,7,11,0,1
35,7,12,0,1
35,7,13,0,1
35,7,14,0,1
35,7,15,0,1
35,7,16,0,1
35,7,17,0,1
35,7,18,0,1
35,7,19,0,1
35,7,20,0,1
35,7,21,0,1
35,7,22,0,1
35,7,23,0,1
35,7,24,0,1
35,7,25,0,1
35,7,26,0,1
35,7,27,0,1
35,7,28,0,1
35,7,29,0,1
35,7,30,0,1
35,7,31,0,1
35,7,32,0,1
35,7,33,0,1
35,7,34,0,1
35,7,35,0,1
35,7,36,0,1
35,7,37,0,1
35,7,38,0,1
35,7,39,0,1
35,7,40,0,1
35,7,41,0,1
35,7,42,0,1
35,7,43,0,1
35,7,44,0,1
35,7,45,0,1
35,7,46,0,1
35,7,47,0,1
35,7,48,0,1
35,7,49,0,1
35,7,50,0,1
35,7,51,0,1
35,7,52,0,1
35,7,53,0,1
35,7,54,0,1
35,7,55,0,1
35,7,56,0,1
35,7,57,0,1
35,7,58,0,1
35,7,59,0,1
35,7,60,0,1
35,7,61,0,1
35,7,62,0,1
35,7,63,0,1
35,8,0,0,1
35,8,1,0,1
35,8,2,0,1
35,8,3,0,1
35,8,4,0,1
35,8,5,0,1
35,8,6,0,1
35,8,7,0,1
35,8,8,0,1
35,8,9,0,1
35,8,10,0,1
35,8,11,0,1
35,8,12,0,1
35,8,13,0,1
35,8,14,0,1
35,8,15,0,1
35,8,16,0,1
35,8,17,0,1
35,8,18,0,1
35,8,19,0,1
35,8,20,0,1
35,8,21,0,1
35,8,22,0,1
35,8,23,0,1
35,8,24,0,1
35,8,25,0,1
35,8,26,0,1
35,8,27,0,1
35,8,28,0,1
35,8,29,0,1
35,8,30,0,1
35,8,31,0,1
35,8,32,0,1
35,8,33,0,1
35,8,34,0,1
35,8,35,0,1
35,8,36,0,1
35,8,37,0,1
35,8,38,0,1
35,8,39,0,1
35,8,40,0,1
35,8,41,0,1
35,8,42,0,1
35,8,43,0,1
35,8,44,0,1
35,8,45,0,1
35,8,46,0,1
35,8,47,0,1
35,8,48,0,1
35,8,49,0,1
35,8,50,0,1
35,8,51,0,1
35,8,52,0,1
35,8,53,0,1
35,8,54,0,1
35,8,55,0,1
35,8,56,0,1
35,8,57,0,1
35,8,58,0,1
35,8,59,0,1
35,8,60,0,1
35,8,61,0,1
35,8,62,0,1
35,8,63,0,1
35,9,0,0,1
35,9,1,0,1
35,9,2,0,1
35,9,3,0,1
35,9,4,0,1
35,9,5,0,1
35,9,6,0,1
35,9,7,0,1
35,9,8,0,1
35,9,9,0,1
35,9,10,0,1
35,9,11,0,1
35,9,12,0,1
35,9,13,0,1
35,9,14,0,1
35,9,15,0,1
35,9,16,0,1
35,9,17,0,1
35,9,18,0,1
35,9,19,0,1
35,9,20,0,1
35,9,21,0,1
35,9,22,0,1
35,9,23,0,1
35,9,24,0,1
35,9,25,0,1
35,9,26,0,1
35,9,27,0,1
35,9,28,0,1
35,9,29,0,1
35,9,30,0,1
35,9,31,0,1
35,9,32,0,1
35,9,33,0,1
35,9,34,0,1
35,9,35,0,1
35,9,36,0,1
35,9,37,0,1
35,9,38,0,1
35,9,39,0,1
35,9,40,0,1
35,9,41,0,1
35,9,42,0,1
35,9,43,0,1
35,9,44,0,1
35,9,45,0,1
35,9,46,0,1
35,9,47,0,1
35,9,48,0,1
35,9,49,0,1
35,9,50,0,1
35,9,51,0,1
35,9,52,0,1
35,9,53,0,1
35,9,54,0,1
35,9,55,0,1
35,9,56,0,1
35,9,57,0,1
35,9,58,0,1
35,9,59,0,1
35,9,60,0,1
35,9,61,0,1
35,9,62,0,1
35,9,63,0,1
35,10,0,0,1
35,10,1,0,1
35,10,2,0,1
35,10,3,0,1
35,10,4,0,1
35,10,5,0,1
35,10,6,0,1
35,10,7,0,1
35,10,8,0,1
35,10,9,0,1
35,10,10,0,1
35,10,11,0,1
35,10,12,0,1
35,10,13,0,1
35,10,14,0,1
35,10,15,0,1
35,10,16,0,1
35,10,17,0,1
35,10,18,0,1
35,10,19,0,1
35,10,20,0,1
35,10,21,0,1
35,10,22,0,1
35,10,23,0,1
35,10,24,0,1
35,10,25,0,1
35,10,26,0,1
35,10,27,0,1
35,10,28,0,1
35,10,29,0,1
35,10,30,0,1
35,10,31,0,1
35,10,32,0,1
35,10,33,0,1
35,10,34,0,1
35,10,35,0,1
35,10,36,0,1
35,10,37,0,1
35,10,38,0,1
35,10,39,0,1
35,10,40,0,1
35,10,41,0,1
35,10,42,0,1
35,10,43,0,1
35,10,44,0,1
35,10,45,0,1
35,10,46,0,1
35,10,47,0,1
35,10,48,0,1
35,10,49,0,1
35,10,50,0,1
35,10,51,0,1
35,10,52,0,1
35,10,53,0,1
35,10,54,0,1
35,10,55,0,1
35,10,56,0,1
35,10,57,0,1
35,10,58,0,1
35,10,59,0,1
35,10,60,0,1
35,10,61,0,1
35,10,62,0,1
35,10,63,0,1
35,11,0,0,1
35,11,1,0,1
35,11,2,0,1
35,11,3,0,1
35,11,4,0,1
35,11,5,0,1
35,11,6,0,1
35,11,7,0,1
35,11,8,0,1
35,11,9,0,1
35,11,10,0,1
35,11,11,0,1
35,11,12,0,1
35,11,13,0,1
35,11,14,0,1
35,11,15,0,1
35,11,16,0,1
35,11,17,0,1
35,11,18,0,1
35,11,19,0,1
35,11,20,0,1
35,11,21,0,1
35,11,22,0,1
35,11,23,0,1
35,11,24,0,1
35,11,25,0,1
35,11,26,0,1
35,11,27,0,1
35,11,28,0,1
35,11,29,0,1
35,11,30,0,1
35,11,31,0,1
35,11,32,0,1
35,11,33,0,1
35,11,34,0,1
35,11,35,0,1
35,11,36,0,1
35,11,37,0,1
35,11,38,0,1
35,11,39,0,1
35,11,40,0,1
35,11,41,0,1
35,11,42,0,1
35,11,43,0,1
35,11,44,0,1
35,11,45,0,1
35,11,46,0,1
35,11,47,0,1
35,11,48,0,1
35,11,49,0,1
35,11,50,0,1
35,11,51,0,1
35,11,52,0,1
35,11,53,0,1
35,11,54,0,1
35,11,55,0,1
35,11,56,0,1
35,11,57,0,1
35,11,58,0,1
35,11,59,0,1
35,11,60,0,1
35,11,61,0,1
35,11,62,0,1
35,11,63,0,1
35,12,0,0,1
35,12,1,0,1
35,12,2,0,1
35,12,3,0,1
35,12,4,0,1
35,12,5,0,1
35,12,6,0,1
35,12,7,0,1
35,12,8,0,1
35,12,9,0,1
35,12,10,0,1
35,12,11,0,1
35,12,12,0,1
35,12,13,0,1
35,12,14,0,1
35,12,15,0,1
35,12,16,0,1
35,12,17,0,1
35,12,18,0,1
35,12,19,0,1
35,12,20,0,1
35,12,21,0,1
35,12,22,0,1
35,12,23,0,1
35,12,24,0,1
35,12,25,0,1
35,12,26,0,1
35,12,27,0,1
35,12,28,0,1
35,12,29,0,1
35,12,30,0,1
35,12,31,0,1
35,12,32,0,1
35,12,33,0,1
35,12,34,0,1
35,12,35,0,1
35,12,36,0,1
35,12,37,0,1
35,12,38,0,1
35,12,39,0,1
35,12,40,0,1
35,12,41,0,1
35,12,42,0,1
35,12,43,0,1
35,12,44,0,1
35,12,45,0,1
35,12,46,0,1
35,12,47,0,1
35,12,48,0,1
35,12,49,0,1
35,12,50,0,1
35,12,51,0,1
35,12,52,0,1
35,12,53,0,1
35,12,54,0,1
35,12,55,0,1
35,12,56,0,1
35,12,57,0,1
35,12,58,0,1
35,12,59,0,1
35,12,60,0,1
35,12,61,0,1
35,12,62,0,1
35,12,63,0,1
35,13,0,0,1
35,13,1,0,1
35,13,2,0,1
35,13,3,0,1
35,13,4,0,1
35,13,5,0,1
35,13,6,0,1
35,13,7,0,1
35,13,8,0,1
35,13,9,0,1
35,13,10,0,1
35,13,11,0,1
35,13,12,0,1
35,13,13,0,1
35,13,14,0,1
35,13,15,0,1
35,13,16,0,1
35,13,17,0,1
35,13,18,0,1
35,13,19,0,1
35,13,20,0,1
35,13,21,0,1
35,13,22,0,1
35,13,23,0,1
35,13,24,0,1
35,13,25,0,1
35,13,26,0,1
35,13,27,0,1
35,13,28,0,1
35,13,29,0,1
35,13,30,0,1
35,13,31,0,1
35,13,32,0,1
35,13,33,0,1
35,13,34,0,1
35,13,35,0,1
35,13,36,0,1
35,13,37,0,1
35,13,38,0,1
35,13,39,0,1
35,13,40,0,1
35,13,41,0,1
35,13,42,0,1
35,13,43,0,1
35,13,44,0,1
35,13,45,0,1
35,13,46,0,1
35,13,47,0,1
35,13,48,0,1
35,13,49,0,1
35,13,50,0,1
35,13,51,0,1
35,13,52,0,1
35,13,53,0,1
35,13,54,0,1
35,13,55,0,1
35,13,56,0,1
35,13,57,0,1
35,13,58,0,1
35,13,59,0,1
35,13,60,0,1
35,13,61,0,1
35,13,62,0,1
35,13,63,0,1
35,14,0,0,1
35,14,1,0,1
35,14,2,0,1
35,14,3,0,1
35,14,4,0,1
35,14,5,0,1
35,14,6,0,1
35,14,7,0,1
35,14,8,0,1
35,14,9,0,1
35,14,10,0,1
35,14,11,0,1
35,14,12,0,1
35,14,13,0,1
35,14,14,0,1
35,14,15,0,1
35,14,16,0,1
35,14,17,0,1
35,14,18,0,1
35,14,19,0,1
35,14,20,0,1
35,14,21,0,1
35,14,22,0,1
35,14,23,0,1
35,14,24,0,1
35,14,25,0,1
35,14,26,0,1
35,14,27,0,1
35,14,28,0,1
35,14,29,0,1
35,14,30,0,1
35,14,31,0,1
35,14,32,0,1
35,14,33,0,1
35,14,34,0,1
35,14,35,0,1
35,14,36,0,1
35,14,37,0,1
35,14,38,0,1
35,14,39,0,1
35,14,40,0,1
35,14,41,0,1
35,14,42,0,1
35,14,43,0,1
35,14,44,0,1
35,14,45,0,1
35,14,46,0,1
35,14,47,0,1
35,14,48,0,1
35,14,49,0,1
35,14,50,0,1
35,14,51,0,1
35,14,52,0,1
35,14,53,0,1
35,14,54,0,1
35,14,55,0,1
35,14,56,0,1
35,14,57,0,1
35,14,58,0,1
35,14,59,0,1
35,14,60,0,1
35,14,61,0,1
35,14,62,0,1
35,14,63,0,1
35,15,0,0,1
35,15,1,0,1
35,15,2,0,1
35,15,3,0,1
35,15,4,0,1
35,15,5,0,1
35,15,6,0,1
35,15,7,0,1
35,15,8,0,1
35,15,9,0,1
35,15,10,0,1
35,15,11,0,1
35,15,12,0,1
35,15,13,0,1
35,15,14,0,1
35,15,15,0,1
35,15,16,0,1
35,15,17,0,1
35,15,18,0,1
35,15,19,0,1
35,15,20,0,1
35,15,21,0,1
35,15,22,0,1
35,15,23,0,1
35,15,24,0,1
35,15,25,0,1
35,15,26,0,1
35,15,27,0,1
35,15,28,0,1
35,15,29,0,1
35,15,30,0,1
35,15,31,0,1
35,15,32,0,1
35,15,33,0,1
35,15,34,0,1
35,15,35,0,1
35,15,36,0,1
35,15,37,0,1
35,15,38,0,1
35,15,39,0,1
35,15,40,0,1
35,15,41,0,1
35,15,42,0,1
35,15,43,0,1
35,15,44,0,1
35,15,45,0,1
35,15,46,0,1
35,15,47,0,1
35,15,48,0,1
35,15,49,0,1
35,15,50,0,1
35,15,51,0,1
35,15,52,0,1
35,15,53,0,1
35,15,54,0,1
35,15,55,0,1
35,15,56,0,1
35,15,57,0,1
35,15,58,0,1
35,15,59,0,1
35,15,60,0,1
35,15,61,0,1
35,15,62,0,1
35,15,63,0,1
35,16,0,0,1
35,16,1,0,1
35,16,2,0,1
35,16,3,0,1
35,16,4,0,1
35,16,5,0,1
35,16,6,0,1
35,16,7,0,1
35,16,8,0,1
35,16,9,0,1
35,16,10,0,1
35,16,11,0,1
35,16,12,0,1
35,16,13,0,1
35,16,14,0,1
35,16,15,0,1
35,16,16,0,1
35,16,17,0,1
35,16,18,0,1
35,16,19,0,1
35,16,20,0,1
35,16,21,0,1
35,16,22,0,1
35,16,23,0,1
35,16,24,0,1
35,16,25,0,1
35,16,26,0,1
35,16,27,0,1
35,16,28,0,1
35,16,29,0,1
35,16,30,0,1
35,16,31,0,1
35,16,32,0,1
35,16,33,0,1
35,16,34,0,1
35,16,35,0,1
35,16,36,0,1
35,16,37,0,1
35,16,38,0,1
35,16,39,0,1
35,16,40,0,1
35,16,41,0,1
35,16,42,0,1
35,16,43,0,1
35,16,44,0,1
35,16,45,0,1
35,16,46,0,1
35,16,47,0,1
35,16,48,0,1
35,16,49,0,1
35,16,50,0,1
35,16,51,0,1
35,16,52,0,1
35,16,53,0,1
35,16,54,0,1
35,16,55,0,1
35,16,56,0,1
35,16,57,0,1
35,16,58,0,1
35,16,59,0,1
35,16,60,0,1
35,16,61,0,1
35,16,62,0,1
35,16,63,0,1
35,17,0,0,1
35,17,1,0,1
35,17,2,0,1
35,17,3,0,1
35,17,4,0,1
35,17,5,0,1
35,17,6,0,1
35,17,7,0,1
35,17,8,0,1
35,17,9,0,1
35,17,10,0,1
35,17,11,0,1
35,17,12,0,1
35,17,13,0,1
35,17,14,0,1
35,17,15,0,1
35,17,16,0,1
35,17,17,0,1
35,17,18,0,1
35,17,19,0,1
35,17,20,0,1
35,17,21,0,1
35,17,22,0,1
35,17,23,0,1
35,17,24,0,1
35,17,25,0,1
35,17,26,0,1
35,17,27,0,1
35,17,28,0,1
35,17,29,0,1
35,17,30,0,1
35,17,31,0,1
35,17,32,0,1
35,17,33,0,1
35,17,34,0,1
35,17,35,0,1
35,17,36,0,1
35,17,37,0,1
35,17,38,0,1
35,17,39,0,1
35,17,40,0,1
35,17,41,0,1
35,17,42,0,1
35,17,43,0,1
35,17,44,0,1
35,17,45,0,1
35,17,46,0,1
35,17,47,0,1
35,17,48,0,1
35,17,49,0,1
35,17,50,0,1
35,17,51,0,1
35,17,52,0,1
35,17,53,0,1
35,17,54,0,1
35,17,55,0,1
35,17,56,0,1
35,17,57,0,1
35,17,58,0,1
35,17,59,0,1
35,17,60,0,1
35,17,61,0,1
35,17,62,0,1
35,17,63,0,1
35,18,0,0,1
35,18,1,0,1
35,18,2,0,1
35,18,3,0,1
35,18,4,0,1
35,18,5,0,1
35,18,6,0,1
35,18,7,0,1
35,18,8,0,1
35,18,9,0,1
35,18,10,0,1
35,18,11,0,1
35,18,12,0,1
35,18,13,0,1
35,18,14,0,1
35,18,15,0,1
35,18,16,0,1
35,18,17,0,1
35,18,18,0,1
35,18,19,0,1
35,18,20,0,1
35,18,21,0,1
35,18,22,0,1
35,18,23,0,1
35,18,24,0,1
35,18,25,0,1
35,18,26,0,1
35,18,27,0,1
35,18,28,0,1
35,18,29,0,1
35,18,30,0,1
35,18,31,0,1
35,18,32,0,1
35,18,33,0,1
35,18,34,0,1
35,18,35,0,1
35,18,36,0,1
35,18,37,0,1
35,18,38,0,1
35,18,39,0,1
35,18,40,0,1
35,18,41,0,1
35,18,42,0,1
35,18,43,0,1
35,18,44,0,1
35,18,45,0,1
35,18,46,0,1
35,18,47,0,1
35,18,48,0,1
35,18,49,0,1
35,18,50,0,1
35,18,51,0,1
35,18,52,0,1
35,18,53,0,1
35,18,54,0,1
35,18,55,0,1
35,18,56,0,1
35,18,57,0,1
35,18,58,0,1
35,18,59,0,1
35,18,60,0,1
35,18,61,0,1
35,18,62,0,1
35,18,63,0,1
35,19,0,0,1
35,19,1,0,1
35,19,2,0,1
35,19,3,0,1
35,19,4,0,1
35,19,5,0,1
35,19,6,0,1
35,19,7,0,1
35,19,8,0,1
35,19,9,0,1
35,19,10,0,1
35,19,11,0,1
35,19,12,0,1
35,19,13,0,1
35,19,14,0,1
35,19,15,0,1
35,19,16,0,1
35,19,17,0,1
35,19,18,0,1
35,19,19,0,1
35,19,20,0,1
35,19,21,0,1
35,19,22,0,1
35,19,23,0,1
35,19,24,0,1
35,19,25,0,1
35,19,26,0,1
35,19,27,0,1
35,19,28,0,1
35,19,29,0,1
35,19,30,0,1
35,19,31,0,1
35,19,32,0,1
35,19,33,0,1
35,19,34,0,1
35,19,35,0,1
35,19,36,0,1
35,19,37,0,1
35,19,38,0,1
35,19,39,0,1
35,19,40,0,1
35,19,41,0,1
35,19,42,0,1
35,19,43,0,1
35,19,44,0,1
35,19,45,0,1
35,19,46,0,1
35,19,47,0,1
35,19,48,0,1
35,19,49,0,1
35,19,50,0,1
35,19,51,0,1
35,19,52,0,1
35,19,53,0,1
35,19,54,0,1
35,19,55,0,1
35,19,56,0,1
35,19,57,0,1
35,19,58,0,1
35,19,59,0,1
35,19,60,0,1
35,19,61,0,1
35,19,62,0,1
35,19,63,0,1
35,20,0,0,1
35,20,1,0,1
35,20,2,0,1
35,20,3,0,1
35,20,4,0,1
35,20,5,0,1
35,20,6,0,1
35,20,7,0,1
35,20,8,0,1
35,20,9,0,1
35,20,10,0,1
35,20,11,0,1
35,20,12,0,1
35,20,13,0,1
35,20,14,0,1
35,20,15,0,1
35,20,16,0,1
35,20,17,0,1
35,20,18,0,1
35,20,19,0,1
35,20,20,0,1
35,20,21,0,1
35,20,22,0,1
35,20,23,0,1
35,20,24,0,1
35,20,25,0,1
35,20,26,0,1
35,20,27,0,1
35,20,28,0,1
35,20,29,0,1
35,20,30,0,1
35,20,31,0,1
35,20,32,0,1
35,20,33,0,1
35,20,34,0,1
35,20,35,0,1
35,20,36,0,1
35,20,37,0,1
35,20,38,0,1
35,20,39,0,1
35,20,40,0,1
35,20,41,0,1
35,20,42,0,1
35,20,43,0,1
35,20,44,0,1
35,20,45,0,1
35,20,46,0,1
35,20,47,0,1
35,20,48,0,1
35,20,49,0,1
35,20,50,0,1
35,20,51,0,1
35,20,52,0,1
35,20,53,0,1
35,20,54,0,1
35,20,55,0,1
35,20,56,0,1
35,20,57,0,1
35,20,58,0,1
35,20,59,0,1
35,20,60,0,1
35,20,61,0,1
35,20,62,0,1
35,20,63,0,1
35,21,0,0,1
35,21,1,0,1
35,21,2,0,1
35,21,3,0,1
35,21,4,0,1
35,21,5,0,1
35,21,6,0,1
35,21,7,0,1
35,21,8,0,1
35,21,9,0,1
35,21,10,0,1
35,21,11,0,1
35,21,12,0,1
35,21,13,0,1
35,21,14,0,1
35,21,15,0,1
35,21,16,0,1
35,21,17,0,1
35,21,18,0,1
35,21,19,0,1
35,21,20,0,1
35,21,21,0,1
35,21,22,0,1
35,21,23,0,1
35,21,24,0,1
35,21,25,0,1
35,21,26,0,1
35,21,27,0,1
35,21,28,0,1
35,21,29,0,1
35,21,30,0,1
35,21,31,0,1
35,21,32,0,1
35,21,33,0,1
35,21,34,0,1
35,21,35,0,1
35,21,36,0,1
35,21,37,0,1
35,21,38,0,1
35,21,39,0,1
35,21,40,0,1
35,21,41,0,1
35,21,42,0,1
35,21,43,0,1
35,21,44,0,1
35,21,45,0,1
35,21,46,0,1
35,21,47,0,1
35,21,48,0,1
35,21,49,0,1
35,21,50,0,1
35,21,51,0,1
35,21,52,0,1
35,21,53,0,1
35,21,54,0,1
35,21,55,0,1
35,21,56,0,1
35,21,57,0,1
35,21,58,0,1
35,21,59,0,1
35,21,60,0,1
35,21,61,0,1
35,21,62,0,1
35,21,63,0,1
35,22,0,0,1
35,22,1,0,1
35,22,2,0,1
35,22,3,0,1
35,22,4,0,1
35,22,5,0,1
35,22,6,0,1
35,22,7,0,1
35,22,8,0,1
35,22,9,0,1
35,22,10,0,1
35,22,11,0,1
35,22,12,0,1
35,22,13,0,1
35,22,14,0,1
35,22,15,0,1
35,22,16,0,1
35,22,17,0,1
35,22,18,0,1
35,22,19,0,1
35,22,20,0,1
35,22,21,0,1
35,22,22,0,1
35,22,23,0,1
35,22,24,0,1
35,22,25,0,1
35,22,26,0,1
35,22,27,0,1
35,22,28,0,1
35,22,29,0,1
35,22,30,0,1
35,22,31,0,1
35,22,32,0,1
35,22,33,0,1
35,22,34,0,1
35,22,35,0,1
35,22,36,0,1
35,22,37,0,1
35,22,38,0,1
35,22,39,0,1
35,22,40,0,1
35,22,41,0,1
35,22,42,0,1
35,22,43,0,1
35,22,44,0,1
35,22,45,0,1
35,22,46,0,1
35,22,47,0,1
35,22,48,0,1
35,22,49,0,1
35,22,50,0,1
35,22,51,0,1
35,22,52,0,1
35,22,53,0,1
35,22,54,0,1
35,22,55,0,1
35,22,56,0,1
35,22,57,0,1
35,22,58,0,1
35,22,59,0,1
35,22,60,0,1
35,22,61,0,1
35,22,62,0,1
35,22,63,0,1
35,23,0,0,1
35,23,1,0,1
35,23,2,0,1
35,23,3,0,1
35,23,4,0,1
35,23,5,0,1
35,23,6,0,1
35,23,7,0,1
35,23,8,0,1
35,23,9,0,1
35,23,10,0,1
35,23,11,0,1
35,23,12,0,1
35,23,13,0,1
35,23,14,0,1
35,23,15,0,1
35,23,16,0,1
35,23,17,0,1
35,23,18,0,1
35,23,19,0,1
35,23,20,0,1
35,23,21,0,1
35,23,22,0,1
35,23,23,0,1
35,23,24,0,1
35,23,25,0,1
35,23,26,0,1
35,23,27,0,1
35,23,28,0,1
35,23,29,0,1
35,23,30,0,1
35,23,31,0,1
35,23,32,0,1
35,23,33,0,1
35,23,34,0,1
35,23,35,0,1
35,23,36,0,1
35,23,37,0,1
35,23,38,0,1
35,23,39,0,1
35,23,40,0,1
35,23,41,0,1
35,23,42,0,1
35,23,43,0,1
35,23,44,0,1
35,23,45,0,1
35,23,46,0,1
35,23,47,0,1
35,23,48,0,1
35,23,49,0,1
35,23,50,0,1
35,23,51,0,1
35,23,52,0,1
35,23,53,0,1
35,23,54,0,1
35,23,55,0,1
35,23,56,0,1
35,23,57,0,1
35,23,58,0,1
35,23,59,0,1
35,23,60,0,1
35,23,61,0,1
35,23,62,0,1
35,23,63,0,1
35,24,0,0,1
35,24,1,0,1
35,24,2,0,1
35,24,3,0,1
35,24,4,0,1
35,24,5,0,1
35,24,6,0,1
35,24,7,0,1
35,24,8,0,1
35,24,9,0,1
35,24,10,0,1
35,24,11,0,1
35,24,12,0,1
35,24,13,0,1
35,24,14,0,1
35,24,15,0,1
35,24,16,0,1
35,24,17,0,1
35,24,18,0,1
35,24,19,0,1
35,24,20,0,1
35,24,21,0,1
35,24,22,0,1
35,24,23,0,1
35,24,24,0,1
35,24,25,0,1
35,24,26,0,1
35,24,27,0,1
35,24,28,0,1
35,24,29,0,1
35,24,30,0,1
35,24,31,0,1
35,24,32,0,1
35,24,33,0,1
35,24,34,0,1
35,24,35,0,1
35,24,36,0,1
35,24,37,0,1
35,24,38,0,1
35,24,39,0,1
35,24,40,0,1
35,24,41,0,1
35,24,42,0,1
35,24,43,0,1
35,24,44,0,1
35,24,45,0,1
35,24,46,0,1
35,24,47,0,1
35,24,48,0,1
35,24,49,0,1
35,24,50,0,1
35,24,51,0,1
35,24,52,0,1
35,24,53,0,1
35,24,54,0,1
35,24,55,0,1
35,24,56,0,1
35,24,57,0,1
35,24,58,0,1
35,24,59,0,1
35,24,60,0,1
35,24,61,0,1
35,24,62,0,1
35,24,63,0,1
35,25,0,0,1
35,25,1,0,1
35,25,2,0,1
35,25,3,0,1
35,25,4,0,1
35,25,5,0,1
35,25,6,0,1
35,25,7,0,1
35,25,8,0,1
35,25,9,0,1
35,25,10,0,1
35,25,11,0,1
35,25,12,0,1
35,25,13,0,1
35,25,14,0,1
35,25,15,0,1
35,25,16,0,1
35,25,17,0,1
35,25,18,0,1
35,25,19,0,1
35,25,20,0,1
35,25,21,0,1
35,25,22,0,1
35,25,23,0,1
35,25,24,0,1
35,25,25,0,1
35,25,26,0,1
35,25,27,0,1
35,25,28,0,1
35,25,29,0,1
35,25,30,0,1
35,25,31,0,1
35,25,32,0,1
35,25,33,0,1
35,25,34,0,1
35,25,35,0,1
35,25,36,0,1
35,25,37,0,1
35,25,38,0,1
35,25,39,0,1
35,25,40,0,1
35,25,41,0,1
35,25,42,0,1
35,25,43,0,1
35,25,44,0,1
35,25,45,0,1
35,25,46,0,1
35,25,47,0,1
35,25,48,0,1
35,25,49,0,1
35,25,50,0,1
35,25,51,0,1
35,25,52,0,1
35,25,53,0,1
35,25,54,0,1
35,25,55,0,1
35,25,56,0,1
35,25,57,0,1
35,25,58,0,1
35,25,59,0,1
35,25,60,0,1
35,25,61,0,1
35,25,62,0,1
35,25,63,0,1
35,26,0,0,1
35,26,1,0,1
35,26,2,0,1
35,26,3,0,1
35,26,4,0,1
35,26,5,0,1
35,26,6,0,1
35,26,7,0,1
35,26,8,0,1
35,26,9,0,1
35,26,10,0,1
35,26,11,0,1
35,26,12,0,1
35,26,13,0,1
35,26,14,0,1
35,26,15,0,1
35,26,16,0,1
35,26,17,0,1
35,26,18,0,1
35,26,19,0,1
35,26,20,0,1
35,26,21,0,1
35,26,22,0,1
35,26,23,0,1
35,26,24,0,1
35,26,25,0,1
35,26,26,0,1
35,26,27,0,1
35,26,28,0,1
35,26,29,0,1
35,26,30,0,1
35,26,31,0,1
35,26,32,0,1
35,26,33,0,1
35,26,34,0,1
35,26,35,0,1
35,26,36,0,1
35,26,37,0,1
35,26,38,0,1
35,26,39,0,1
35,26,40,0,1
35,26,41,0,1
35,26,42,0,1
35,26,43,0,1
35,26,44,0,1
35,26,45,0,1
35,26,46,0,1
35,26,47,0,1
35,26,48,0,1
35,26,49,0,1
35,26,50,0,1
35,26,51,0,1
35,26,52,0,1
35,26,53,0,1
35,26,54,0,1
35,26,55,0,1
35,26,56,0,1
35,26,57,0,1
35,26,58,0,1
35,26,59,0,1
35,26,60,0,1
35,26,61,0,1
35,26,62,0,1
35,26,63,0,1
35,27,0,0,1
35,27,1,0,1
35,27,2,0,1
35,27,3,0,1
35,27,4,0,1
35,27,5,0,1
35,27,6,0,1
35,27,7,0,1
35,27,8,0,1
35,27,9,0,1
35,27,10,0,1
35,27,11,0,1
35,27,12,0,1
35,27,13,0,1
35,27,14,0,1
35,27,15,0,1
35,27,16,0,1
35,27,17,0,1
35,27,18,0,1
35,27,19,0,1
35,27,20,0,1
35,27,21,0,1
35,27,22,0,1
35,27,23,0,1
35,27,24,0,1
35,27,25,0,1
35,27,26,0,1
35,27,27,0,1
35,27,28,0,1
35,27,29,0,1
35,27,30,0,1
35,27,31,0,1
35,27,32,0,1
35,27,33,0,1
35,27,34,0,1
35,27,35,0,1
35,27,36,0,1
35,27,37,0,1
35,27,38,0,1
35,27,39,0,1
35,27,40,0,1
35,27,41,0,1
35,27,42,0,1
35,27,43,0,1
35,27,44,0,1
35,27,45,0,1
35,27,46,0,1
35,27,47,0,1
35,27,48,0,1
35,27,49,0,1
35,27,50,0,1
35,27,51,0,1
35,27,52,0,1
35,27,53,0,1
35,27,54,0,1
35,27,55,0,1
35,27,56,0,1
35,27,57,0,1
35,27,58,0,1
35,27,59,0,1
35,27,60,0,1
35,27,61,0,1
35,27,62,0,1
35,27,63,0,1
35,28,0,0,1
35,28,1,0,1
35,28,2,0,1
35,28,3,0,1
35,28,4,0,1
35,28,5,0,1
35,28,6,0,1
35,28,7,0,1
35,28,8,0,1
35,28,9,0,1
35,28,10,0,1
35,28,11,0,1
35,28,12,0,1
35,28,13,0,1
35,28,14,0,1
35,28,15,0,1
35,28,16,0,1
35,28,17,0,1
35,28,18,0,1
35,28,19,0,1
35,28,20,0,1
35,28,21,0,1
35,28,22,0,1
35,28,23,0,1
35,28,24,0,1
35,28,25,0,1
35,28,26,0,1
35,28,27,0,1
35,28,28,0,1
35,28,29,0,1
35,28,30,0,1
35,28,31,0,1
35,28,32,0,1
35,28,33,0,1
35,28,34,0,1
35,28,35,0,1
35,28,36,0,1
35,28,37,0,1
35,28,38,0,1
35,28,39,0,1
35,28,40,0,1
35,28,41,0,1
35,28,42,0,1
35,28,43,0,1
35,28,44,0,1
35,28,45,0,1
35,28,46,0,1
35,28,47,0,1
35,28,48,0,1
35,28,49,0,1
35,28,50,0,1
35,28,51,0,1
35,28,52,0,1
35,28,53,0,1
35,28,54,0,1
35,28,55,0,1
35,28,56,0,1
35,28,57,0,1
35,28,58,0,1
35,28,59,0,1
35,28,60,0,1
35,28,61,0,1
35,28,62,0,1
35,28,63,0,1
35,29,0,0,1
35,29,1,0,1
35,29,2,0,1
35,29,3,0,1
35,29,4,0,1
35,29,5,0,1
35,29,6,0,1
35,29,7,0,1
35,29,8,0,1
35,29,9,0,1
35,29,10,0,1
35,29,11,0,1
35,29,12,0,1
35,29,13,0,1
35,29,14,0,1
35,29,15,0,1
35,29,16,0,1
35,29,17,0,1
35,29,18,0,1
35,29,19,0,1
35,29,20,0,1
35,29,21,0,1
35,29,22,0,1
35,29,23,0,1
35,29,24,0,1
35,29,25,0,1
35,29,26,0,1
35,29,27,0,1
35,29,28,0,1
35,29,29,0,1
35,29,30,0,1
35,29,31,0,1
35,29,32,0,1
35,29,33,0,1
35,29,34,0,1
35,29,35,0,1
35,29,36,0,1
35,29,37,0,1
35,29,38,0,1
35,29,39,0,1
35,29,40,0,1
35,29,41,0,1
35,29,42,0,1
35,29,43,0,1
35,29,44,0,1
35,29,45,0,1
35,29,46,0,1
35,29,47,0,1
35,29,48,0,1
35,29,49,0,1
35,29,50,0,1
35,29,51,0,1
35,29,52,0,1
35,29,53,0,1
35,29,54,0,1
35,29,55,0,1
35,29,56,0,1
35,29,57,0,1
35,29,58,0,1
35,29,59,0,1
35,29,60,0,1
35,29,61,0,1
35,29,62,0,1
35,29,63,0,1
35,30,0,0,1
35,30,1,0,1
35,30,2,0,1
35,30,3,0,1
35,30,4,0,1
35,30,5,0,1
35,30,6,0,1
35,30,7,0,1
35,30,8,0,1
35,30,9,0,1
35,30,10,0,1
35,30,11,0,1
35,30,12,0,1
35,30,13,0,1
35,30,14,0,1
35,30,15,0,1
35,30,16,0,1
35,30,17,0,1
35,30,18,0,1
35,30,19,0,1
35,30,20,0,1
35,30,21,0,1
35,30,22,0,1
35,30,23,0,1
35,30,24,0,1
35,30,25,0,1
35,30,26,0,1
35,30,27,0,1
35,30,28,0,1
35,30,29,0,1
35,30,30,0,1
35,30,31,0,1
35,30,32,0,1
35,30,33,0,1
35,30,34,0,1
35,30,35,0,1
35,30,36,0,1
35,30,37,0,1
35,30,38,0,1
35,30,39,0,1
35,30,40,0,1
35,30,41,0,1
35,30,42,0,1
35,30,43,0,1
35,30,44,0,1
35,30,45,0,1
35,30,46,0,1
35,30,47,0,1
35,30,48,0,1
35,30,49,0,1
35,30,50,0,1
35,30,51,0,1
35,30,52,0,1
35,30,53,0,1
35,30,54,0,1
35,30,55,0,1
35,30,56,0,1
35,30,57,0,1
35,30,58,0,1
35,30,59,0,1
35,30,60,0,1
35,30,61,0,1
35,30,62,0,1
35,30,63,0,1
35,31,0,0,1
35,31,1,0,1
35,31,2,0,1
35,31,3,0,1
35,31,4,0,1
35,31,5,0,1
35,31,6,0,1
35,31,7,0,1
35,31,8,0,1
35,31,9,0,1
35,31,10,0,1
35,31,11,0,1
35,31,12,0,1
35,31,13,0,1
35,31,14,0,1
35,31,15,0,1
35,31,16,0,1
35,31,17,0,1
35,31,18,0,1
35,31,19,0,1
35,31,20,0,1
35,31,21,0,1
35,31,22,0,1
35,31,23,0,1
35,31,24,0,1
35,31,25,0,1
35,31,26,0,1
35,31,27,0,1
35,31,28,0,1
35,31,29,0,1
35,31,30,0,1
35,31,31,0,1
35,31,32,0,1
35,31,33,0,1
35,31,34,0,1
35,31,35,0,1
35,31,36,0,1
35,31,37,0,1
35,31,38,0,1
35,31,39,0,1
35,31,40,0,1
35,31,41,0,1
35,31,42,0,1
35,31,43,0,1
35,31,44,0,1
35,31,45,0,1
35,31,46,0,1
35,31,47,0,1
35,31,48,0,1
35,31,49,0,1
35,31,50,0,1
35,31,51,0,1
35,31,52,0,1
35,31,53,0,1
35,31,54,0,1
35,31,55,0,1
35,31,56,0,1
35,31,57,0,1
35,31,58,0,1
35,31,59,0,1
35,31,60,0,1
35,31,61,0,1
35,31,62,0,1
35,31,63,0,1
35,32,0,0,1
35,32,1,0,1
35,32,2,0,1
35,32,3,0,1
35,32,4,0,1
35,32,5,0,1
35,32,6,0,1
35,32,7,0,1
35,32,8,0,1
35,32,9,0,1
35,32,10,0,1
35,32,11,0,1
35,32,12,0,1
35,32,13,0,1
35,32,14,0,1
35,32,15,0,1
35,32,16,0,1
35,32,17,0,1
35,32,18,0,1
35,32,19,0,1
35,32,20,0,1
35,32,21,0,1
35,32,22,0,1
35,32,23,0,1
35,32,24,0,1
35,32,25,0,1
35,32,26,0,1
35,32,27,0,1
35,32,28,0,1
35,32,29,0,1
35,32,30,0,1
35,32,31,0,1
35,32,32,0,1
35,32,33,0,1
35,32,34,0,1
35,32,35,0,1
35,32,36,0,1
35,32,37,0,1
35,32,38,0,1
35,32,39,0,1
35,32,40,0,1
35,32,41,0,1
35,32,42,0,1
35,32,43,0,1
35,32,44,0,1
35,32,45,0,1
35,32,46,0,1
35,32,47,0,1
35,32,48,0,1
35,32,49,0,1
35,32,50,0,1
35,32,51,0,1
35,32,52,0,1
35,32,53,0,1
35,32,54,0,1
35,32,55,0,1
35,32,56,0,1
35,32,57,0,1
35,32,58,0,1
35,32,59,0,1
35,32,60,0,1
35,32,61,0,1
35,32,62,0,1
35,32,63,0,1
35,33,0,0,1
35,33,1,0,1
35,33,2,0,1
35,33,3,0,1
35,33,4,0,1
35,33,5,0,1
35,33,6,0,1
35,33,7,0,1
35,33,8,0,1
35,33,9,0,1
35,33,10,0,1
35,33,11,0,1
35,33,12,0,1
35,33,13,0,1
35,33,14,0,1
35,33,15,0,1
35,33,16,0,1
35,33,17,0,1
35,33,18,0,1
35,33,19,0,1
35,33,20,0,1
35,33,21,0,1
35,33,22,0,1
35,33,23,0,1
35,33,24,0,1
35,33,25,0,1
35,33,26,0,1
35,33,27,0,1
35,33,28,0,1
35,33,29,0,1
35,33,30,0,1
35,33,31,0,1
35,33,32,0,1
35,33,33,0,1
35,33,34,0,1
35,33,35,0,1
35,33,36,0,1
35,33,37,0,1
35,33,38,0,1
35,33,39,0,1
35,33,40,0,1
35,33,41,0,1
35,33,42,0,1
35,33,43,0,1
35,33,44,0,1
35,33,45,0,1
35,33,46,0,1
35,33,47,0,1
35,33,48,0,1
35,33,49,0,1
35,33,50,0,1
35,33,51,0,1
35,33,52,0,1
35,33,53,0,1
35,33,54,0,1
35,33,55,0,1
35,33,56,0,1
35,33,57,0,1
35,33,58,0,1
35,33,59,0,1
35,33,60,0,1
35,33,61,0,1
35,33,62,0,1
35,33,63,0,1
35,34,0,0,1
35,34,1,0,1
35,34,2,0,1
35,34,3,0,1
35,34,4,0,1
35,34,5,0,1
35,34,6,0,1
35,34,7,0,1
35,34,8,0,1
35,34,9,0,1
35,34,10,0,1
35,34,11,0,1
35,34,12,0,1
35,34,13,0,1
35,34,14,0,1
35,34,15,0,1
35,34,16,0,1
35,34,17,0,1
35,34,18,0,1
35,34,19,0,1
35,34,20,0,1
35,34,21,0,1
35,34,22,0,1
35,34,23,0,1
35,34,24,0,1
35,34,25,0,1
35,34,26,0,1
35,34,27,0,1
35,34,28,0,1
35,34,29,0,1
35,34,30,0,1
35,34,31,0,1
35,34,32,0,1
35,34,33,0,1
35,34,34,0,1
35,34,35,0,1
35,34,36,0,1
35,34,37,0,1
35,34,38,0,1
35,34,39,0,1
35,34,40,0,1
35,34,41,0,1
35,34,42,0,1
35,34,43,0,1
35,34,44,0,1
35,34,45,0,1
35,34,46,0,1
35,34,47,0,1
35,34,48,0,1
35,34,49,0,1
35,34,50,0,1
35,34,51,0,1
35,34,52,0,1
35,34,53,0,1
35,34,54,0,1
35,34,55,0,1
35,34,56,0,1
35,34,57,0,1
35,34,58,0,1
35,34,59,0,1
35,34,60,0,1
35,34,61,0,1
35,34,62,0,1
35,34,63,0,1
35,35,0,0,1
35,35,1,0,1
35,35,2,0,1
35,35,3,0,1
35,35,4,0,1
35,35,5,0,1
35,35,6,0,1
35,35,7,0,1
35,35,8,0,1
35,35,9,0,1
35,35,10,0,1
35,35,11,0,1
35,35,12,0,1
35,35,13,0,1
35,35,14,0,1
35,35,15,0,1
35,35,16,0,1
35,35,17,0,1
35,35,18,0,1
35,35,19,0,1
35,35,20,0,1
35,35,21,0,1
35,35,22,0,1
35,35,23,0,1
35,35,24,0,1
35,35,25,0,1
35,35,26,0,1
35,35,27,0,1
35,35,28,0,1
35,35,29,0,1
35,35,30,0,1
35,35,31,0,1
35,35,32,0,1
35,35,33,0,1
35,35,34,0,1
35,35,35,0,1
35,35,36,0,1
35,35,37,0,1
35,35,38,0,1
35,35,39,0,1
35,35,40,0,1
35,35,41,0,1
35,35,42,0,1
35,35,43,0,1
35,35,44,0,1
35,35,45,0,1
35,35,46,0,1
35,35,47,0,1
35,35,48,0,1
35,35,49,0,1
35,35,50,0,1
35,35,51,0,1
35,35,52,0,1
35,35,53,0,1
35,35,54,0,1
35,35,55,0,1
35,35,56,0,1
35,35,57,0,1
35,35,58,0,1
35,35,59,0,1
35,35,60,0,1
35,35,61,0,1
35,35,62,0,1
35,35,63,0,1
35,36,0,0,1
35,36,1,0,1
35,36,2,0,1
35,36,3,0,1
35,36,4,0,1
35,36,5,0,1
35,36,6,0,1
35,36,7,0,1
35,36,8,0,1
35,36,9,0,1
35,36,10,0,1
35,36,11,0,1
35,36,12,0,1
35,36,13,0,1
35,36,14,0,1
35,36,15,0,1
35,36,16,0,1
35,36,17,0,1
35,36,18,0,1
35,36,19,0,1
35,36,20,0,1
35,36,21,0,1
35,36,22,0,1
35,36,23,0,1
35,36,24,0,1
35,36,25,0,1
35,36,26,0,1
35,36,27,0,1
35,36,28,0,1
35,36,29,0,1
35,36,30,0,1
35,36,31,0,1
35,36,32,0,1
35,36,33,0,1
35,36,34,0,1
35,36,35,0,1
35,36,36,0,1
35,36,37,0,1
35,36,38,0,1
35,36,39,0,1
35,36,40,0,1
35,36,41,0,1
35,36,42,0,1
35,36,43,0,1
35,36,44,0,1
35,36,45,0,1
35,36,46,0,1
35,36,47,0,1
35,36,48,0,1
35,36,49,0,1
35,36,50,0,1
35,36,51,0,1
35,36,52,0,1
35,36,53,0,1
35,36,54,0,1
35,36,55,0,1
35,36,56,0,1
35,36,57,0,1
35,36,58,0,1
35,36,59,0,1
35,36,60,0,1
35,36,61,0,1
35,36,62,0,1
35,36,63,0,1
35,37,0,0,1
35,37,1,0,1
35,37,2,0,1
35,37,3,0,1
35,37,4,0,1
35,37,5,0,1
35,37,6,0,1
35,37,7,0,1
35,37,8,0,1
35,37,9,0,1
35,37,10,0,1
35,37,11,0,1
35,37,12,0,1
35,37,13,0,1
35,37,14,0,1
35,37,15,0,1
35,37,16,0,1
35,37,17,0,1
35,37,18,0,1
35,37,19,0,1
35,37,20,0,1
35,37,21,0,1
35,37,22,0,1
35,37,23,0,1
35,37,24,0,1
35,37,25,0,1
35,37,26,0,1
35,37,27,0,1
35,37,28,0,1
35,37,29,0,1
35,37,30,0,1
35,37,31,0,1
35,37,32,0,1
35,37,33,0,1
35,37,34,0,1
35,37,35,0,1
35,37,36,0,1
35,37,37,0,1
35,37,38,0,1
35,37,39,0,1
35,37,40,0,1
35,37,41,0,1
35,37,42,0,1
35,37,43,0,1
35,37,44,0,1
35,37,45,0,1
35,37,46,0,1
35,37,47,0,1
35,37,48,0,1
35,37,49,0,1
35,37,50,0,1
35,37,51,0,1
35,37,52,0,1
35,37,53,0,1
35,37,54,0,1
35,37,55,0,1
35,37,56,0,1
35,37,57,0,1
35,37,58,0,1
35,37,59,0,1
35,37,60,0,1
35,37,61,0,1
35,37,62,0,1
35,37,63,0,1
35,38,0,0,1
35,38,1,0,1
35,38,2,0,1
35,38,3,0,1
35,38,4,0,1
35,38,5,0,1
35,38,6,0,1
35,38,7,0,1
35,38,8,0,1
35,38,9,0,1
35,38,10,0,1
35,38,11,0,1
35,38,12,0,1
35,38,13,0,1
35,38,14,0,1
35,38,15,0,1
35,38,16,0,1
35,38,17,0,1
35,38,18,0,1
35,38,19,0,1
35,38,20,0,1
35,38,21,0,1
35,38,22,0,1
35,38,23,0,1
35,38,24,0,1
35,38,25,0,1
35,38,26,0,1
35,38,27,0,1
35,38,28,0,1
35,38,29,0,1
35,38,30,0,1
35,38,31,0,1
35,38,32,0,1
35,38,33,0,1
35,38,34,0,1
35,38,35,0,1
35,38,36,0,1
35,38,37,0,1
35,38,38,0,1
35,38,39,0,1
35,38,40,0,1
35,38,41,0,1
35,38,42,0,1
35,38,43,0,1
35,38,44,0,1
35,38,45,0,1
35,38,46,0,1
35,38,47,0,1
35,38,48,0,1
35,38,49,0,1
35,38,50,0,1
35,38,51,0,1
35,38,52,0,1
35,38,53,0,1
35,38,54,0,1
35,38,55,0,1
35,38,56,0,1
35,38,57,0,1
35,38,58,0,1
35,38,59,0,1
35,38,60,0,1
35,38,61,0,1
35,38,62,0,1
35,38,63,0,1
35,39,0,0,1
35,39,1,0,1
35,39,2,0,1
35,39,3,0,1
35,39,4,0,1
35,39,5,0,1
35,39,6,0,1
35,39,7,0,1
35,39,8,0,1
35,39,9,0,1
35,39,10,0,1
35,39,11,0,1
35,39,12,0,1
35,39,13,0,1
35,39,14,0,1
35,39,15,0,1
35,39,16,0,1
35,39,17,0,1
35,39,18,0,1
35,39,19,0,1
35,39,20,0,1
35,39,21,0,1
35,39,22,0,1
35,39,23,0,1
35,39,24,0,1
35,39,25,0,1
35,39,26,0,1
35,39,27,0,1
35,39,28,0,1
35,39,29,0,1
35,39,30,0,1
35,39,31,0,1
35,39,32,0,1
35,39,33,0,1
35,39,34,0,1
35,39,35,0,1
35,39,36,0,1
35,39,37,0,1
35,39,38,0,1
35,39,39,0,1
35,39,40,0,1
35,39,41,0,1
35,39,42,0,1
35,39,43,0,1
35,39,44,0,1
35,39,45,0,1
35,39,46,0,1
35,39,47,0,1
35,39,48,0,1
35,39,49,0,1
35,39,50,0,1
35,39,51,0,1
35,39,52,0,1
35,39,53,0,1
35,39,54,0,1
35,39,55,0,1
35,39,56,0,1
35,39,57,0,1
35,39,58,0,1
35,39,59,0,1
35,39,60,0,1
35,39,61,0,1
35,39,62,0,1
35,39,63,0,1
35,40,0,0,1
35,40,1,0,1
35,40,2,0,1
35,40,3,0,1
35,40,4,0,1
35,40,5,0,1
35,40,6,0,1
35,40,7,0,1
35,40,8,0,1
35,40,9,0,1
35,40,10,0,1
35,40,11,0,1
35,40,12,0,1
35,40,13,0,1
35,40,14,0,1
35,40,15,0,1
35,40,16,0,1
35,40,17,0,1
35,40,18,0,1
35,40,19,0,1
35,40,20,0,1
35,40,21,0,1
35,40,22,0,1
35,40,23,0,1
35,40,24,0,1
35,40,25,0,1
35,40,26,0,1
35,40,27,0,1
35,40,28,0,1
35,40,29,0,1
35,40,30,0,1
35,40,31,0,1
35,40,32,0,1
35,40,33,0,1
35,40,34,0,1
35,40,35,0,1
35,40,36,0,1
35,40,37,0,1
35,40,38,0,1
35,40,39,0,1
35,40,40,0,1
35,40,41,0,1
35,40,42,0,1
35,40,43,0,1
35,40,44,0,1
35,40,45,0,1
35,40,46,0,1
35,40,47,0,1
35,40,48,0,1
35,40,49,0,1
35,40,50,0,1
35,40,51,0,1
35,40,52,0,1
35,40,53,0,1
35,40,54,0,1
35,40,55,0,1
35,40,56,0,1
35,40,57,0,1
35,40,58,0,1
35,40,59,0,1
35,40,60,0,1
35,40,61,0,1
35,40,62,0,1
35,40,63,0,1
35,41,0,0,1
35,41,1,0,1
35,41,2,0,1
35,41,3,0,1
35,41,4,0,1
35,41,5,0,1
35,41,6,0,1
35,41,7,0,1
35,41,8,0,1
35,41,9,0,1
35,41,10,0,1
35,41,11,0,1
35,41,12,0,1
35,41,13,0,1
35,41,14,0,1
35,41,15,0,1
35,41,16,0,1
35,41,17,0,1
35,41,18,0,1
35,41,19,0,1
35,41,20,0,1
35,41,21,0,1
35,41,22,0,1
35,41,23,0,1
35,41,24,0,1
35,41,25,0,1
35,41,26,0,1
35,41,27,0,1
35,41,28,0,1
35,41,29,0,1
35,41,30,0,1
35,41,31,0,1
35,41,32,0,1
35,41,33,0,1
35,41,34,0,1
35,41,35,0,1
35,41,36,0,1
35,41,37,0,1
35,41,38,0,1
35,41,39,0,1
35,41,40,0,1
35,41,41,0,1
35,41,42,0,1
35,41,43,0,1
35,41,44,0,1
35,41,45,0,1
35,41,46,0,1
35,41,47,0,1
35,41,48,0,1
35,41,49,0,1
35,41,50,0,1
35,41,51,0,1
35,41,52,0,1
35,41,53,0,1
35,41,54,0,1
35,41,55,0,1
35,41,56,0,1
35,41,57,0,1
35,41,58,0,1
35,41,59,0,1
35,41,60,0,1
35,41,61,0,1
35,41,62,0,1
35,41,63,0,1
35,42,0,0,1
35,42,1,0,1
35,42,2,0,1
35,42,3,0,1
35,42,4,0,1
35,42,5,0,1
35,42,6,0,1
35,42,7,0,1
35,42,8,0,1
35,42,9,0,1
35,42,10,0,1
35,42,11,0,1
35,42,12,0,1
35,42,13,0,1
35,42,14,0,1
35,42,15,0,1
35,42,16,0,1
35,42,17,0,1
35,42,18,0,1
35,42,19,0,1
35,42,20,0,1
35,42,21,0,1
35,42,22,0,1
35,42,23,0,1
35,42,24,0,1
35,42,25,0,1
35,42,26,0,1
35,42,27,0,1
35,42,28,0,1
35,42,29,0,1
35,42,30,0,1
35,42,31,0,1
35,42,32,0,1
35,42,33,0,1
35,42,34,0,1
35,42,35,0,1
35,42,36,0,1
35,42,37,0,1
35,42,38,0,1
35,42,39,0,1
35,42,40,0,1
35,42,41,0,1
35,42,42,0,1
35,42,43,0,1
35,42,44,0,1
35,42,45,0,1
35,42,46,0,1
35,42,47,0,1
35,42,48,0,1
35,42,49,0,1
35,42,50,0,1
35,42,51,0,1
35,42,52,0,1
35,42,53,0,1
35,42,54,0,1
35,42,55,0,1
35,42,56,0,1
35,42,57,0,1
35,42,58,0,1
35,42,59,0,1
35,42,60,0,1
35,42,61,0,1
35,42,62,0,1
35,42,63,0,1
35,43,0,0,1
35,43,1,0,1
35,43,2,0,1
35,43,3,0,1
35,43,4,0,1
35,43,5,0,1
35,43,6,0,1
35,43,7,0,1
35,43,8,0,1
35,43,9,0,1
35,43,10,0,1
35,43,11,0,1
35,43,12,0,1
35,43,13,0,1
35,43,14,0,1
35,43,15,0,1
35,43,16,0,1
35,43,17,0,1
35,43,18,0,1
35,43,19,0,1
35,43,20,0,1
35,43,21,0,1
35,43,22,0,1
35,43,23,0,1
35,43,24,0,1
35,43,25,0,1
35,43,26,0,1
35,43,27,0,1
35,43,28,0,1
35,43,29,0,1
35,43,30,0,1
35,43,31,0,1
35,43,32,0,1
35,43,33,0,1
35,43,34,0,1
35,43,35,0,1
35,43,36,0,1
35,43,37,0,1
35,43,38,0,1
35,43,39,0,1
35,43,40,0,1
35,43,41,0,1
35,43,42,0,1
35,43,43,0,1
35,43,44,0,1
35,43,45,0,1
35,43,46,0,1
35,43,47,0,1
35,43,48,0,1
35,43,49,0,1
35,43,50,0,1
35,43,51,0,1
35,43,52,0,1
35,43,53,0,1
35,43,54,0,1
35,43,55,0,1
35,43,56,0,1
35,43,57,0,1
35,43,58,0,1
35,43,59,0,1
35,43,60,0,1
35,43,61,0,1
35,43,62,0,1
35,43,63,0,1
35,44,0,0,1
35,44,1,0,1
35,44,2,0,1
35,44,3,0,1
35,44,4,0,1
35,44,5,0,1
35,44,6,0,1
35,44,7,0,1
35,44,8,0,1
35,44,9,0,1
35,44,10,0,1
35,44,11,0,1
35,44,12,0,1
35,44,13,0,1
35,44,14,0,1
35,44,15,0,1
35,44,16,0,1
35,44,17,0,1
35,44,18,0,1
35,44,19,0,1
35,44,20,0,1
35,44,21,0,1
35,44,22,0,1
35,44,23,0,1
35,44,24,0,1
35,44,25,0,1
35,44,26,0,1
35,44,27,0,1
35,44,28,0,1
35,44,29,0,1
35,44,30,0,1
35,44,31,0,1
35,44,32,0,1
35,44,33,0,1
35,44,34,0,1
35,44,35,0,1
35,44,36,0,1
35,44,37,0,1
35,44,38,0,1
35,44,39,0,1
35,44,40,0,1
35,44,41,0,1
35,44,42,0,1
35,44,43,0,1
35,44,44,0,1
35,44,45,0,1
35,44,46,0,1
35,44,47,0,1
35,44,48,0,1
35,44,49,0,1
35,44,50,0,1
35,44,51,0,1
35,44,52,0,1
35,44,53,0,1
35,44,54,0,1
35,44,55,0,1
35,44,56,0,1
35,44,57,0,1
35,44,58,0,1
35,44,59,0,1
35,44,60,0,1
35,44,61,0,1
35,44,62,0,1
35,44,63,0,1
35,45,0,0,1
35,45,1,0,1
35,45,2,0,1
35,45,3,0,1
35,45,4,0,1
35,45,5,0,1
35,45,6,0,1
35,45,7,0,1
35,45,8,0,1
35,45,9,0,1
35,45,10,0,1
35,45,11,0,1
35,45,12,0,1
35,45,13,0,1
35,45,14,0,1
35,45,15,0,1
35,45,16,0,1
35,45,17,0,1
35,45,18,0,1
35,45,19,0,1
35,45,20,0,1
35,45,21,0,1
35,45,22,0,1
35,45,23,0,1
35,45,24,0,1
35,45,25,0,1
35,45,26,0,1
35,45,27,0,1
35,45,28,0,1
35,45,29,0,1
35,45,30,0,1
35,45,31,0,1
35,45,32,0,1
35,45,33,0,1
35,45,34,0,1
35,45,35,0,1
35,45,36,0,1
35,45,37,0,1
35,45,38,0,1
35,45,39,0,1
35,45,40,0,1
35,45,41,0,1
35,45,42,0,1
35,45,43,0,1
35,45,44,0,1
35,45,45,0,1
35,45,46,0,1
35,45,47,0,1
35,45,48,0,1
35,45,49,0,1
35,45,50,0,1
35,45,51,0,1
35,45,52,0,1
35,45,53,0,1
35,45,54,0,1
35,45,55,0,1
35,45,56,0,1
35,45,57,0,1
35,45,58,0,1
35,45,59,0,1
35,45,60,0,1
35,45,61,0,1
35,45,62,0,1
35,45,63,0,1
35,46,0,0,1
35,46,1,0,1
35,46,2,0,1
35,46,3,0,1
35,46,4,0,1
35,46,5,0,1
35,46,6,0,1
35,46,7,0,1
35,46,8,0,1
35,46,9,0,1
35,46,10,0,1
35,46,11,0,1
35,46,12,0,1
35,46,13,0,1
35,46,14,0,1
35,46,15,0,1
35,46,16,0,1
35,46,17,0,1
35,46,18,0,1
35,46,19,0,1
35,46,20,0,1
35,46,21,0,1
35,46,22,0,1
35,46,23,0,1
35,46,24,0,1
35,46,25,0,1
35,46,26,0,1
35,46,27,0,1
35,46,28,0,1
35,46,29,0,1
35,46,30,0,1
35,46,31,0,1
35,46,32,0,1
35,46,33,0,1
35,46,34,0,1
35,46,35,0,1
35,46,36,0,1
35,46,37,0,1
35,46,38,0,1
35,46,39,0,1
35,46,40,0,1
35,46,41,0,1
35,46,42,0,1
35,46,43,0,1
35,46,44,0,1
35,46,45,0,1
35,46,46,0,1
35,46,47,0,1
35,46,48,0,1
35,46,49,0,1
35,46,50,0,1
35,46,51,0,1
35,46,52,0,1
35,46,53,0,1
35,46,54,0,1
35,46,55,0,1
35,46,56,0,1
35,46,57,0,1
35,46,58,0,1
35,46,59,0,1
35,46,60,0,1
35,46,61,0,1
35,46,62,0,1
35,46,63,0,1
35,47,0,0,1
35,47,1,0,1
35,47,2,0,1
35,47,3,0,1
35,47,4,0,1
35,47,5,0,1
35,47,6,0,1
35,47,7,0,1
35,47,8,0,1
35,47,9,0,1
35,47,10,0,1
35,47,11,0,1
35,47,12,0,1
35,47,13,0,1
35,47,14,0,1
35,47,15,0,1
35,47,16,0,1
35,47,17,0,1
35,47,18,0,1
35,47,19,0,1
35,47,20,0,1
35,47,21,0,1
35,47,22,0,1
35,47,23,0,1
35,47,24,0,1
35,47,25,0,1
35,47,26,0,1
35,47,27,0,1
35,47,28,0,1
35,47,29,0,1
35,47,30,0,1
35,47,31,0,1
35,47,32,0,1
35,47,33,0,1
35,47,34,0,1
35,47,35,0,1
35,47,36,0,1
35,47,37,0,1
35,47,38,0,1
35,47,39,0,1
35,47,40,0,1
35,47,41,0,1
35,47,42,0,1
35,47,43,0,1
35,47,44,0,1
35,47,45,0,1
35,47,46,0,1
35,47,47,0,1
35,47,48,0,1
35,47,49,0,1
35,47,50,0,1
35,47,51,0,1
35,47,52,0,1
35,47,53,0,1
35,47,54,0,1
35,47,55,0,1
35,47,56,0,1
35,47,57,0,1
35,47,58,0,1
35,47,59,0,1
35,47,60,0,1
35,47,61,0,1
35,47,62,0,1
35,47,63,0,1
35,48,0,0,1
35,48,1,0,1
35,48,2,0,1
35,48,3,0,1
35,48,4,0,1
35,48,5,0,1
35,48,6,0,1
35,48,7,0,1
35,48,8,0,1
35,48,9,0,1
35,48,10,0,1
35,48,11,0,1
35,48,12,0,1
35,48,13,0,1
35,48,14,0,1
35,48,15,0,1
35,48,16,0,1
35,48,17,0,1
35,48,18,0,1
35,48,19,0,1
35,48,20,0,1
35,48,21,0,1
35,48,22,0,1
35,48,23,0,1
35,48,24,0,1
35,48,25,0,1
35,48,26,0,1
35,48,27,0,1
35,48,28,0,1
35,48,29,0,1
35,48,30,0,1
35,48,31,0,1
35,48,32,0,1
35,48,33,0,1
35,48,34,0,1
35,48,35,0,1
35,48,36,0,1
35,48,37,0,1
35,48,38,0,1
35,48,39,0,1
35,48,40,0,1
35,48,41,0,1
35,48,42,0,1
35,48,43,0,1
35,48,44,0,1
35,48,45,0,1
35,48,46,0,1
35,48,47,0,1
35,48,48,0,1
35,48,49,0,1
35,48,50,0,1
35,48,51,0,1
35,48,52,0,1
35,48,53,0,1
35,48,54,0,1
35,48,55,0,1
35,48,56,0,1
35,48,57,0,1
35,48,58,0,1
35,48,59,0,1
35,48,60,0,1
35,48,61,0,1
35,48,62,0,1
35,48,63,0,1
35,49,0,0,1
35,49,1,0,1
35,49,2,0,1
35,49,3,0,1
35,49,4,0,1
35,49,5,0,1
35,49,6,0,1
35,49,7,0,1
35,49,8,0,1
35,49,9,0,1
35,49,10,0,1
35,49,11,0,1
35,49,12,0,1
35,49,13,0,1
35,49,14,0,1
35,49,15,0,1
35,49,16,0,1
35,49,17,0,1
35,49,18,0,1
35,49,19,0,1
35,49,20,0,1
35,49,21,0,1
35,49,22,0,1
35,49,23,0,1
35,49,24,0,1
35,49,25,0,1
35,49,26,0,1
35,49,27,0,1
35,49,28,0,1
35,49,29,0,1
35,49,30,0,1
35,49,31,0,1
35,49,32,0,1
35,49,33,0,1
35,49,34,0,1
35,49,35,0,1
35,49,36,0,1
35,49,37,0,1
35,49,38,0,1
35,49,39,0,1
35,49,40,0,1
35,49,41,0,1
35,49,42,0,1
35,49,43,0,1
35,49,44,0,1
35,49,45,0,1
35,49,46,0,1
35,49,47,0,1
35,49,48,0,1
35,49,49,0,1
35,49,50,0,1
35,49,51,0,1
35,49,52,0,1
35,49,53,0,1
35,49,54,0,1
35,49,55,0,1
35,49,56,0,1
35,49,57,0,1
35,49,58,0,1
35,49,59,0,1
35,49,60,0,1
35,49,61,0,1
35,49,62,0,1
35,49,63,0,1
35,50,0,0,1
35,50,1,0,1
35,50,2,0,1
35,50,3,0,1
35,50,4,0,1
35,50,5,0,1
35,50,6,0,1
35,50,7,0,1
35,50,8,0,1
35,50,9,0,1
35,50,10,0,1
35,50,11,0,1
35,50,12,0,1
35,50,13,0,1
35,50,14,0,1
35,50,15,0,1
35,50,16,0,1
35,50,17,0,1
35,50,18,0,1
35,50,19,0,1
35,50,20,0,1
35,50,21,0,1
35,50,22,0,1
35,50,23,0,1
35,50,24,0,1
35,50,25,0,1
35,50,26,0,1
35,50,27,0,1
35,50,28,0,1
35,50,29,0,1
35,50,30,0,1
35,50,31,0,1
35,50,32,0,1
35,50,33,0,1
35,50,34,0,1
35,50,35,0,1
35,50,36,0,1
35,50,37,0,1
35,50,38,0,1
35,50,39,0,1
35,50,40,0,1
35,50,41,0,1
35,50,42,0,1
35,50,43,0,1
35,50,44,0,1
35,50,45,0,1
35,50,46,0,1
35,50,47,0,1
35,50,48,0,1
35,50,49,0,1
35,50,50,0,1
35,50,51,0,1
35,50,52,0,1
35,50,53,0,1
35,50,54,0,1
35,50,55,0,1
35,50,56,0,1
35,50,57,0,1
35,50,58,0,1
35,50,59,0,1
35,50,60,0,1
35,50,61,0,1
35,50,62,0,1
35,50,63,0,1
35,51,0,0,1
35,51,1,0,1
35,51,2,0,1
35,51,3,0,1
35,51,4,0,1
35,51,5,0,1
35,51,6,0,1
35,51,7,0,1
35,51,8,0,1
35,51,9,0,1
35,51,10,0,1
35,51,11,0,1
35,51,12,0,1
35,51,13,0,1
35,51,14,0,1
35,51,15,0,1
35,51,16,0,1
35,51,17,0,1
35,51,18,0,1
35,51,19,0,1
35,51,20,0,1
35,51,21,0,1
35,51,22,0,1
35,51,23,0,1
35,51,24,0,1
35,51,25,0,1
35,51,26,0,1
35,51,27,0,1
35,51,28,0,1
35,51,29,0,1
35,51,30,0,1
35,51,31,0,1
35,51,32,0,1
35,51,33,0,1
35,51,34,0,1
35,51,35,0,1
35,51,36,0,1
35,51,37,0,1
35,51,38,0,1
35,51,39,0,1
35,51,40,0,1
35,51,41,0,1
35,51,42,0,1
35,51,43,0,1
35,51,44,0,1
35,51,45,0,1
35,51,46,0,1
35,51,47,0,1
35,51,48,0,1
35,51,49,0,1
35,51,50,0,1
35,51,51,0,1
35,51,52,0,1
35,51,53,0,1
35,51,54,0,1
35,51,55,0,1
35,51,56,0,1
35,51,57,0,1
35,51,58,0,1
35,51,59,0,1
35,51,60,0,1
35,51,61,0,1
35,51,62,0,1
35,51,63,0,1
35,52,0,0,1
35,52,1,0,1
35,52,2,0,1
35,52,3,0,1
35,52,4,0,1
35,52,5,0,1
35,52,6,0,1
35,52,7,0,1
35,52,8,0,1
35,52,9,0,1
35,52,10,0,1
35,52,11,0,1
35,52,12,0,1
35,52,13,0,1
35,52,14,0,1
35,52,15,0,1
35,52,16,0,1
35,52,17,0,1
35,52,18,0,1
35,52,19,0,1
35,52,20,0,1
35,52,21,0,1
35,52,22,0,1
35,52,23,0,1
35,52,24,0,1
35,52,25,0,1
35,52,26,0,1
35,52,27,0,1
35,52,28,0,1
35,52,29,0,1
35,52,30,0,1
35,52,31,0,1
35,52,32,0,1
35,52,33,0,1
35,52,34,0,1
35,52,35,0,1
35,52,36,0,1
35,52,37,0,1
35,52,38,0,1
35,52,39,0,1
35,52,40,0,1
35,52,41,0,1
35,52,42,0,1
35,52,43,0,1
35,52,44,0,1
35,52,45,0,1
35,52,46,0,1
35,52,47,0,1
35,52,48,0,1
35,52,49,0,1
35,52,50,0,1
35,52,51,0,1
35,52,52,0,1
35,52,53,0,1
35,52,54,0,1
35,52,55,0,1
35,52,56,0,1
35,52,57,0,1
35,52,58,0,1
35,52,59,0,1
35,52,60,0,1
35,52,61,0,1
35,52,62,0,1
35,52,63,0,1
35,53,0,0,1
35,53,1,0,1
35,53,2,0,1
35,53,3,0,1
35,53,4,0,1
35,53,5,0,1
35,53,6,0,1
35,53,7,0,1
35,53,8,0,1
35,53,9,0,1
35,53,10,0,1
35,53,11,0,1
35,53,12,0,1
35,53,13,0,1
35,53,14,0,1
35,53,15,0,1
35,53,16,0,1
35,53,17,0,1
35,53,18,0,1
35,53,19,0,1
35,53,20,0,1
35,53,21,0,1
35,53,22,0,1
35,53,23,0,1
35,53,24,0,1
35,53,25,0,1
35,53,26,0,1
35,53,27,0,1
35,53,28,0,1
35,53,29,0,1
35,53,30,0,1
35,53,31,0,1
35,53,32,0,1
35,53,33,0,1
35,53,34,0,1
35,53,35,0,1
35,53,36,0,1
35,53,37,0,1
35,53,38,0,1
35,53,39,0,1
35,53,40,0,1
35,53,41,0,1
35,53,42,0,1
35,53,43,0,1
35,53,44,0,1
35,53,45,0,1
35,53,46,0,1
35,53,47,0,1
35,53,48,0,1
35,53,49,0,1
35,53,50,0,1
35,53,51,0,1
35,53,52,0,1
35,53,53,0,1
35,53,54,0,1
35,53,55,0,1
35,53,56,0,1
35,53,57,0,1
35,53,58,0,1
35,53,59,0,1
35,53,60,0,1
35,53,61,0,1
35,53,62,0,1
35,53,63,0,1
35,54,0,0,1
35,54,1,0,1
35,54,2,0,1
35,54,3,0,1
35,54,4,0,1
35,54,5,0,1
35,54,6,0,1
35,54,7,0,1
35,54,8,0,1
35,54,9,0,1
35,54,10,0,1
35,54,11,0,1
35,54,12,0,1
35,54,13,0,1
35,54,14,0,1
35,54,15,0,1
35,54,16,0,1
35,54,17,0,1
35,54,18,0,1
35,54,19,0,1
35,54,20,0,1
35,54,21,0,1
35,54,22,0,1
35,54,23,0,1
35,54,24,0,1
35,54,25,0,1
35,54,26,0,1
35,54,27,0,1
35,54,28,0,1
35,54,29,0,1
35,54,30,0,1
35,54,31,0,1
35,54,32,0,1
35,54,33,0,1
35,54,34,0,1
35,54,35,0,1
35,54,36,0,1
35,54,37,0,1
35,54,38,0,1
35,54,39,0,1
35,54,40,0,1
35,54,41,0,1
35,54,42,0,1
35,54,43,0,1
35,54,44,0,1
35,54,45,0,1
35,54,46,0,1
35,54,47,0,1
35,54,48,0,1
35,54,49,0,1
35,54,50,0,1
35,54,51,0,1
35,54,52,0,1
35,54,53,0,1
35,54,54,0,1
35,54,55,0,1
35,54,56,0,1
35,54,57,0,1
35,54,58,0,1
35,54,59,0,1
35,54,60,0,1
35,54,61,0,1
35,54,62,0,1
35,54,63,0,1
35,55,0,0,1
35,55,1,0,1
35,55,2,0,1
35,55,3,0,1
35,55,4,0,1
35,55,5,0,1
35,55,6,0,1
35,55,7,0,1
35,55,8,0,1
35,55,9,0,1
35,55,10,0,1
35,55,11,0,1
35,55,12,0,1
35,55,13,0,1
35,55,14,0,1
35,55,15,0,1
35,55,16,0,1
35,55,17,0,1
35,55,18,0,1
35,55,19,0,1
35,55,20,0,1
35,55,21,0,1
35,55,22,0,1
35,55,23,0,1
35,55,24,0,1
35,55,25,0,1
35,55,26,0,1
35,55,27,0,1
35,55,28,0,1
35,55,29,0,1
35,55,30,0,1
35,55,31,0,1
35,55,32,0,1
35,55,33,0,1
35,55,34,0,1
35,55,35,0,1
35,55,36,0,1
35,55,37,0,1
35,55,38,0,1
35,55,39,0,1
35,55,40,0,1
35,55,41,0,1
35,55,42,0,1
35,55,43,0,1
35,55,44,0,1
35,55,45,0,1
35,55,46,0,1
35,55,47,0,1
35,55,48,0,1
35,55,49,0,1
35,55,50,0,1
35,55,51,0,1
35,55,52,0,1
35,55,53,0,1
35,55,54,0,1
35,55,55,0,1
35,55,56,0,1
35,55,57,0,1
35,55,58,0,1
35,55,59,0,1
35,55,60,0,1
35,55,61,0,1
35,55,62,0,1
35,55,63,0,1
35,56,0,0,1
35,56,1,0,1
35,56,2,0,1
35,56,3,0,1
35,56,4,0,1
35,56,5,0,1
35,56,6,0,1
35,56,7,0,1
35,56,8,0,1
35,56,9,0,1
35,56,10,0,1
35,56,11,0,1
35,56,12,0,1
35,56,13,0,1
35,56,14,0,1
35,56,15,0,1
35,56,16,0,1
35,56,17,0,1
35,56,18,0,1
35,56,19,0,1
35,56,20,0,1
35,56,21,0,1
35,56,22,0,1
35,56,23,0,1
35,56,24,0,1
35,56,25,0,1
35,56,26,0,1
35,56,27,0,1
35,56,28,0,1
35,56,29,0,1
35,56,30,0,1
35,56,31,0,1
35,56,32,0,1
35,56,33,0,1
35,56,34,0,1
35,56,35,0,1
35,56,36,0,1
35,56,37,0,1
35,56,38,0,1
35,56,39,0,1
35,56,40,0,1
35,56,41,0,1
35,56,42,0,1
35,56,43,0,1
35,56,44,0,1
35,56,45,0,1
35,56,46,0,1
35,56,47,0,1
35,56,48,0,1
35,56,49,0,1
35,56,50,0,1
35,56,51,0,1
35,56,52,0,1
35,56,53,0,1
35,56,54,0,1
35,56,55,0,1
35,56,56,0,1
35,56,57,0,1
35,56,58,0,1
35,56,59,0,1
35,56,60,0,1
35,56,61,0,1
35,56,62,0,1
35,56,63,0,1
35,57,0,0,1
35,57,1,0,1
35,57,2,0,1
35,57,3,0,1
35,57,4,0,1
35,57,5,0,1
35,57,6,0,1
35,57,7,0,1
35,57,8,0,1
35,57,9,0,1
35,57,10,0,1
35,57,11,0,1
35,57,12,0,1
35,57,13,0,1
35,57,14,0,1
35,57,15,0,1
35,57,16,0,1
35,57,17,0,1
35,57,18,0,1
35,57,19,0,1
35,57,20,0,1
35,57,21,0,1
35,57,22,0,1
35,57,23,0,1
35,57,24,0,1
35,57,25,0,1
35,57,26,0,1
35,57,27,0,1
35,57,28,0,1
35,57,29,0,1
35,57,30,0,1
35,57,31,0,1
35,57,32,0,1
35,57,33,0,1
35,57,34,0,1
35,57,35,0,1
35,57,36,0,1
35,57,37,0,1
35,57,38,0,1
35,57,39,0,1
35,57,40,0,1
35,57,41,0,1
35,57,42,0,1
35,57,43,0,1
35,57,44,0,1
35,57,45,0,1
35,57,46,0,1
35,57,47,0,1
35,57,48,0,1
35,57,49,0,1
35,57,50,0,1
35,57,51,0,1
35,57,52,0,1
35,57,53,0,1
35,57,54,0,1
35,57,55,0,1
35,57,56,0,1
35,57,57,0,1
35,57,58,0,1
35,57,59,0,1
35,57,60,0,1
35,57,61,0,1
35,57,62,0,1
35,57,63,0,1
35,58,0,0,1
35,58,1,0,1
35,58,2,0,1
35,58,3,0,1
35,58,4,0,1
35,58,5,0,1
35,58,6,0,1
35,58,7,0,1
35,58,8,0,1
35,58,9,0,1
35,58,10,0,1
35,58,11,0,1
35,58,12,0,1
35,58,13,0,1
35,58,14,0,1
35,58,15,0,1
35,58,16,0,1
35,58,17,0,1
35,58,18,0,1
35,58,19,0,1
35,58,20,0,1
35,58,21,0,1
35,58,22,0,1
35,58,23,0,1
35,58,24,0,1
35,58,25,0,1
35,58,26,0,1
35,58,27,0,1
35,58,28,0,1
35,58,29,0,1
35,58,30,0,1
35,58,31,0,1
35,58,32,0,1
35,58,33,0,1
35,58,34,0,1
35,58,35,0,1
35,58,36,0,1
35,58,37,0,1
35,58,38,0,1
35,58,39,0,1
35,58,40,0,1
35,58,41,0,1
35,58,42,0,1
35,58,43,0,1
35,58,44,0,1
35,58,45,0,1
35,58,46,0,1
35,58,47,0,1
35,58,48,0,1
35,58,49,0,1
35,58,50,0,1
35,58,51,0,1
35,58,52,0,1
35,58,53,0,1
35,58,54,0,1
35,58,55,0,1
35,58,56,0,1
35,58,57,0,1
35,58,58,0,1
35,58,59,0,1
35,58,60,0,1
35,58,61,0,1
35,58,62,0,1
35,58,63,0,1
35,59,0,0,1
35,59,1,0,1
35,59,2,0,1
35,59,3,0,1
35,59,4,0,1
35,59,5,0,1
35,59,6,0,1
35,59,7,0,1
35,59,8,0,1
35,59,9,0,1
35,59,10,0,1
35,59,11,0,1
35,59,12,0,1
35,59,13,0,1
35,59,14,0,1
35,59,15,0,1
35,59,16,0,1
35,59,17,0,1
35,59,18,0,1
35,59,19,0,1
35,59,20,0,1
35,59,21,0,1
35,59,22,0,1
35,59,23,0,1
35,59,24,0,1
35,59,25,0,1
35,59,26,0,1
35,59,27,0,1
35,59,28,0,1
35,59,29,0,1
35,59,30,0,1
35,59,31,0,1
35,59,32,0,1
35,59,33,0,1
35,59,34,0,1
35,59,35,0,1
35,59,36,0,1
35,59,37,0,1
35,59,38,0,1
35,59,39,0,1
35,59,40,0,1
35,59,41,0,1
35,59,42,0,1
35,59,43,0,1
35,59,44,0,1
35,59,45,0,1
35,59,46,0,1
35,59,47,0,1
35,59,48,0,1
35,59,49,0,1
35,59,50,0,1
35,59,51,0,1
35,59,52,0,1
35,59,53,0,1
35,59,54,0,1
35,59,55,0,1
35,59,56,0,1
35,59,57,0,1
35,59,58,0,1
35,59,59,0,1
35,59,60,0,1
35,59,61,0,1
35,59,62,0,1
35,59,63,0,1
35,60,0,0,1
35,60,1,0,1
35,60,2,0,1
35,60,3,0,1
35,60,4,0,1
35,60,5,0,1
35,60,6,0,1
35,60,7,0,1
35,60,8,0,1
35,60,9,0,1
35,60,10,0,1
35,60,11,0,1
35,60,12,0,1
35,60,13,0,1
35,60,14,0,1
35,60,15,0,1
35,60,16,0,1
35,60,17,0,1
35,60,18,0,1
35,60,19,0,1
35,60,20,0,1
35,60,21,0,1
35,60,22,0,1
35,60,23,0,1
35,60,24,0,1
35,60,25,0,1
35,60,26,0,1
35,60,27,0,1
35,60,28,0,1
35,60,29,0,1
35,60,30,0,1
35,60,31,0,1
35,60,32,0,1
35,60,33,0,1
35,60,34,0,1
35,60,35,0,1
35,60,36,0,1
35,60,37,0,1
35,60,38,0,1
35,60,39,0,1
35,60,40,0,1
35,60,41,0,1
35,60,42,0,1
35,60,43,0,1
35,60,44,0,1
35,60,45,0,1
35,60,46,0,1
35,60,47,0,1
35,60,48,0,1
35,60,49,0,1
35,60,50,0,1
35,60,51,0,1
35,60,52,0,1
35,60,53,0,1
35,60,54,0,1
35,60,55,0,1
35,60,56,0,1
35,60,57,0,1
35,60,58,0,1
35,60,59,0,1
35,60,60,0,1
35,60,61,0,1
35,60,62,0,1
35,60,63,0,1
35,61,0,0,1
35,61,1,0,1
35,61,2,0,1
35,61,3,0,1
35,61,4,0,1
35,61,5,0,1
35,61,6,0,1
35,61,7,0,1
35,61,8,0,1
35,61,9,0,1
35,61,10,0,1
35,61,11,0,1
35,61,12,0,1
35,61,13,0,1
35,61,14,0,1
35,61,15,0,1
35,61,16,0,1
35,61,17,0,1
35,61,18,0,1
35,61,19,0,1
35,61,20,0,1
35,61,21,0,1
35,61,22,0,1
35,61,23,0,1
35,61,24,0,1
35,61,25,0,1
35,61,26,0,1
35,61,27,0,1
35,61,28,0,1
35,61,29,0,1
35,61,30,0,1
35,61,31,0,1
35,61,32,0,1
35,61,33,0,1
35,61,34,0,1
35,61,35,0,1
35,61,36,0,1
35,61,37,0,1
35,61,38,0,1
35,61,39,0,1
35,61,40,0,1
35,61,41,0,1
35,61,42,0,1
35,61,43,0,1
35,61,44,0,1
35,61,45,0,1
35,61,46,0,1
35,61,47,0,1
35,61,48,0,1
35,61,49,0,1
35,61,50,0,1
35,61,51,0,1
35,61,52,0,1
35,61,53,0,1
35,61,54,0,1
35,61,55,0,1
35,61,56,0,1
35,61,57,0,1
35,61,58,0,1
35,61,59,0,1
35,61,60,0,1
35,61,61,0,1
35,61,62,0,1
35,61,63,0,1
35,62,0,0,1
35,62,1,0,1
35,62,2,0,1
35,62,3,0,1
35,62,4,0,1
35,62,5,0,1
35,62,6,0,1
35,62,7,0,1
35,62,8,0,1
35,62,9,0,1
35,62,10,0,1
35,62,11,0,1
35,62,12,0,1
35,62,13,0,1
35,62,14,0,1
35,62,15,0,1
35,62,16,0,1
35,62,17,0,1
35,62,18,0,1
35,62,19,0,1
35,62,20,0,1
35,62,21,0,1
35,62,22,0,1
35,62,23,0,1
35,62,24,0,1
35,62,25,0,1
35,62,26,0,1
35,62,27,0,1
35,62,28,0,1
35,62,29,0,1
35,62,30,0,1
35,62,31,0,1
35,62,32,0,1
35,62,33,0,1
35,62,34,0,1
35,62,35,0,1
35,62,36,0,1
35,62,37,0,1
35,62,38,0,1
35,62,39,0,1
35,62,40,0,1
35,62,41,0,1
35,62,42,0,1
35,62,43,0,1
35,62,44,0,1
35,62,45,0,1
35,62,46,0,1
35,62,47,0,1
35,62,48,0,1
35,62,49,0,1
35,62,50,0,1
35,62,51,0,1
35,62,52,0,1
35,62,53,0,1
35,62,54,0,1
35,62,55,0,1
35,62,56,0,1
35,62,57,0,1
35,62,58,0,1
35,62,59,0,1
35,62,60,0,1
35,62,61,0,1
35,62,62,0,1
35,62,63,0,1
35,63,0,0,1
35,63,1,0,1
35,63,2,0,1
35,63,3,0,1
35,63,4,0,1
35,63,5,0,1
35,63,6,0,1
35,63,7,0,1
35,63,8,0,1
35,63,9,0,1
35,63,10,0,1
35,63,11,0,1
35,63,12,0,1
35,63,13,0,1
35,63,14,0,1
35,63,15,0,1
35,63,16,0,1
35,63,17,0,1
35,63,18,0,1
35,63,19,0,1
35,63,20,0,1
35,63,21,0,1
35,63,22,0,1
35,63,23,0,1
35,63,24,0,1
35,63,25,0,1
35,63,26,0,1
35,63,27,0,1
35,63,28,0,1
35,63,29,0,1
35,63,30,0,1
35,63,31,0,1
35,63,32,0,1
35,63,33,0,1
35,63,34,0,1
35,63,35,0,1
35,63,36,0,1
35,63,37,0,1
35,63,38,0,1
35,63,39,0,1
35,63,40,0,1
35,63,41,0,1
35,63,42,0,1
35,63,43,0,1
35,63,44,0,1
35,63,45,0,1
35,63,46,0,1
35,63,47,0,1
35,63,48,0,1
35,63,49,0,1
35,63,50,0,1
35,63,51,0,1
35,63,52,0,1
35,63,53,0,1
35,63,54,0,1
35,63,55,0,1
35,63,56,0,1
35,63,57,0,1
35,63,58,0,1
35,63,59,0,1
35,63,60,0,1
35,63,61,0,1
35,63,62,0,1
35,63,63,0,1
35,64,0,0,1
35,64,1,0,1
35,64,2,0,1
35,64,3,0,1
35,64,4,0,1
35,64,5,0,1
35,64,6,0,1
35,64,7,0,1
35,64,8,0,1
35,64,9,0,1
35,64,10,0,1
35,64,11,0,1
35,64,12,0,1
35,64,13,0,1
35,64,14,0,1
35,64,15,0,1
35,64,16,0,1
35,64,17,0,1
35,64,18,0,1
35,64,19,0,1
35,64,20,0,1
35,64,21,0,1
35,64,22,0,1
35,64,23,0,1
35,64,24,0,1
35,64,25,0,1
35,64,26,0,1
35,64,27,0,1
35,64,28,0,1
35,64,29,0,1
35,64,30,0,1
35,64,31,0,1
35,64,32,0,1
35,64,33,0,1
35,64,34,0,1
35,64,35,0,1
35,64,36,0,1
35,64,37,0,1
35,64,38,0,1
35,64,39,0,1
35,64,40,0,1
35,64,41,0,1
35,64,42,0,1
35,64,43,0,1
35,64,44,0,1
35,64,45,0,1
35,64,46,0,1
35,64,47,0,1
35,64,48,0,1
35,64,49,0,1
35,64,50,0,1
35,64,51,0,1
35,64,52,0,1
35,64,53,0,1
35,64,54,0,1
35,64,55,0,1
35,64,56,0,1
35,64,57,0,1
35,64,58,0,1
35,64,59,0,1
35,64,60,0,1
35,64,61,0,1
35,64,62,0,1
35,64,63,0,1
35,65,0,0,1
35,65,1,0,1
35,65,2,0,1
35,65,3,0,1
35,65,4,0,1
35,65,5,0,1
35,65,6,0,1
35,65,7,0,1
35,65,8,0,1
35,65,9,0,1
35,65,10,0,1
35,65,11,0,1
35,65,12,0,1
35,65,13,0,1
35,65,14,0,1
35,65,15,0,1
35,65,16,0,1
35,65,17,0,1
35,65,18,0,1
35,65,19,0,1
35,65,20,0,1
35,65,21,0,1
35,65,22,0,1
35,65,23,0,1
35,65,24,0,1
35,65,25,0,1
35,65,26,0,1
35,65,27,0,1
35,65,28,0,1
35,65,29,0,1
35,65,30,0,1
35,65,31,0,1
35,65,32,0,1
35,65,33,0,1
35,65,34,0,1
35,65,35,0,1
35,65,36,0,1
35,65,37,0,1
35,65,38,0,1
35,65,39,0,1
35,65,40,0,1
35,65,41,0,1
35,65,42,0,1
35,65,43,0,1
35,65,44,0,1
35,65,45,0,1
35,65,46,0,1
35,65,47,0,1
35,65,48,0,1
35,65,49,0,1
35,65,50,0,1
35,65,51,0,1
35,65,52,0,1
35,65,53,0,1
35,65,54,0,1
35,65,55,0,1
35,65,56,0,1
35,65,57,0,1
35,65,58,0,1
35,65,59,0,1
35,65,60,0,1
35,65,61,0,1
35,65,62,0,1
35,65,63,0,1
35,66,0,0,1
35,66,1,0,1
35,66,2,0,1
35,66,3,0,1
35,66,4,0,1
35,66,5,0,1
35,66,6,0,1
35,66,7,0,1
35,66,8,0,1
35,66,9,0,1
35,66,10,0,1
35,66,11,0,1
35,66,12,0,1
35,66,13,0,1
35,66,14,0,1
35,66,15,0,1
35,66,16,0,1
35,66,17,0,1
35,66,18,0,1
35,66,19,0,1
35,66,20,0,1
35,66,21,0,1
35,66,22,0,1
35,66,23,0,1
35,66,24,0,1
35,66,25,0,1
35,66,26,0,1
35,66,27,0,1
35,66,28,0,1
35,66,29,0,1
35,66,30,0,1
35,66,31,0,1
35,66,32,0,1
35,66,33,0,1
35,66,34,0,1
35,66,35,0,1
35,66,36,0,1
35,66,37,0,1
35,66,38,0,1
35,66,39,0,1
35,66,40,0,1
35,66,41,0,1
35,66,42,0,1
35,66,43,0,1
35,66,44,0,1
35,66,45,0,1
35,66,46,0,1
35,66,47,0,1
35,66,48,0,1
35,66,49,0,1
35,66,50,0,1
35,66,51,0,1
35,66,52,0,1
35,66,53,0,1
35,66,54,0,1
35,66,55,0,1
35,66,56,0,1
35,66,57,0,1
35,66,58,0,1
35,66,59,0,1
35,66,60,0,1
35,66,61,0,1
35,66,62,0,1
35,66,63,0,1
35,67,0,0,1
35,67,1,0,1
35,67,2,0,1
35,67,3,0,1
35,67,4,0,1
35,67,5,0,1
35,67,6,0,1
35,67,7,0,1
35,67,8,0,1
35,67,9,0,1
35,67,10,0,1
35,67,11,0,1
35,67,12,0,1
35,67,13,0,1
35,67,14,0,1
35,67,15,0,1
35,67,16,0,1
35,67,17,0,1
35,67,18,0,1
35,67,19,0,1
35,67,20,0,1
35,67,21,0,1
35,67,22,0,1
35,67,23,0,1
35,67,24,0,1
35,67,25,0,1
35,67,26,0,1
35,67,27,0,1
35,67,28,0,1
35,67,29,0,1
35,67,30,0,1
35,67,31,0,1
35,67,32,0,1
35,67,33,0,1
35,67,34,0,1
35,67,35,0,1
35,67,36,0,1
35,67,37,0,1
35,67,38,0,1
35,67,39,0,1
35,67,40,0,1
35,67,41,0,1
35,67,42,0,1
35,67,43,0,1
35,67,44,0,1
35,67,45,0,1
35,67,46,0,1
35,67,47,0,1
35,67,48,0,1
35,67,49,0,1
35,67,50,0,1
35,67,51,0,1
35,67,52,0,1
35,67,53,0,1
35,67,54,0,1
35,67,55,0,1
35,67,56,0,1
35,67,57,0,1
35,67,58,0,1
35,67,59,0,1
35,67,60,0,1
35,67,61,0,1
35,67,62,0,1
35,67,63,0,1
35,68,0,0,1
35,68,1,0,1
35,68,2,0,1
35,68,3,0,1
35,68,4,0,1
35,68,5,0,1
35,68,6,0,1
35,68,7,0,1
35,68,8,0,1
35,68,9,0,1
35,68,10,0,1
35,68,11,0,1
35,68,12,0,1
35,68,13,0,1
35,68,14,0,1
35,68,15,0,1
35,68,16,0,1
35,68,17,0,1
35,68,18,0,1
35,68,19,0,1
35,68,20,0,1
35,68,21,0,1
35,68,22,0,1
35,68,23,0,1
35,68,24,0,1
35,68,25,0,1
35,68,26,0,1
35,68,27,0,1
35,68,28,0,1
35,68,29,0,1
35,68,30,0,1
35,68,31,0,1
35,68,32,0,1
35,68,33,0,1
35,68,34,0,1
35,68,35,0,1
35,68,36,0,1
35,68,37,0,1
35,68,38,0,1
35,68,39,0,1
35,68,40,0,1
35,68,41,0,1
35,68,42,0,1
35,68,43,0,1
35,68,44,0,1
35,68,45,0,1
35,68,46,0,1
35,68,47,0,1
35,68,48,0,1
35,68,49,0,1
35,68,50,0,1
35,68,51,0,1
35,68,52,0,1
35,68,53,0,1
35,68,54,0,1
35,68,55,0,1
35,68,56,0,1
35,68,57,0,1
35,68,58,0,1
35,68,59,0,1
35,68,60,0,1
35,68,61,0,1
35,68,62,0,1
35,68,63,0,1
35,69,0,0,1
35,69,1,0,1
35,69,2,0,1
35,69,3,0,1
35,69,4,0,1
35,69,5,0,1
35,69,6,0,1
35,69,7,0,1
35,69,8,0,1
35,69,9,0,1
35,69,10,0,1
35,69,11,0,1
35,69,12,0,1
35,69,13,0,1
35,69,14,0,1
35,69,15,0,1
35,69,16,0,1
35,69,17,0,1
35,69,18,0,1
35,69,19,0,1
35,69,20,0,1
35,69,21,0,1
35,69,22,0,1
35,69,23,0,1
35,69,24,0,1
35,69,25,0,1
35,69,26,0,1
35,69,27,0,1
35,69,28,0,1
35,69,29,0,1
35,69,30,0,1
35,69,31,0,1
35,69,32,0,1
35,69,33,0,1
35,69,34,0,1
35,69,35,0,1
35,69,36,0,1
35,69,37,0,1
35,69,38,0,1
35,69,39,0,1
35,69,40,0,1
35,69,41,0,1
35,69,42,0,1
35,69,43,0,1
35,69,44,0,1
35,69,45,0,1
35,69,46,0,1
35,69,47,0,1
35,69,48,0,1
35,69,49,0,1
35,69,50,0,1
35,69,51,0,1
35,69,52,0,1
35,69,53,0,1
35,69,54,0,1
35,69,55,0,1
35,69,56,0,1
35,69,57,0,1
35,69,58,0,1
35,69,59,0,1
35,69,60,0,1
35,69,61,0,1
35,69,62,0,1
35,69,63,0,1
35,70,0,0,1
35,70,1,0,1
35,70,2,0,1
35,70,3,0,1
35,70,4,0,1
35,70,5,0,1
35,70,6,0,1
35,70,7,0,1
35,70,8,0,1
35,70,9,0,1
35,70,10,0,1
35,70,11,0,1
35,70,12,0,1
35,70,13,0,1
35,70,14,0,1
35,70,15,0,1
35,70,16,0,1
35,70,17,0,1
35,70,18,0,1
35,70,19,0,1
35,70,20,0,1
35,70,21,0,1
35,70,22,0,1
35,70,23,0,1
35,70,24,0,1
35,70,25,0,1
35,70,26,0,1
35,70,27,0,1
35,70,28,0,1
35,70,29,0,1
35,70,30,0,1
35,70,31,0,1
35,70,32,0,1
35,70,33,0,1
35,70,34,0,1
35,70,35,0,1
35,70,36,0,1
35,70,37,0,1
35,70,38,0,1
35,70,39,0,1
35,70,40,0,1
35,70,41,0,1
35,70,42,0,1
35,70,43,0,1
35,70,44,0,1
35,70,45,0,1
35,70,46,0,1
35,70,47,0,1
35,70,48,0,1
35,70,49,0,1
35,70,50,0,1
35,70,51,0,1
35,70,52,0,1
35,70,53,0,1
35,70,54,0,1
35,70,55,0,1
35,70,56,0,1
35,70,57,0,1
35,70,58,0,1
35,70,59,0,1
35,70,60,0,1
35,70,61,0,1
35,70,62,0,1
35,70,63,0,1
35,71,0,0,1
35,71,1,0,1
35,71,2,0,1
35,71,3,0,1
35,71,4,0,1
35,71,5,0,1
35,71,6,0,1
35,71,7,0,1
35,71,8,0,1
35,71,9,0,1
35,71,10,0,1
35,71,11,0,1
35,71,12,0,1
35,71,13,0,1
35,71,14,0,1
35,71,15,0,1
35,71,16,0,1
35,71,17,0,1
35,71,18,0,1
35,71,19,0,1
35,71,20,0,1
35,71,21,0,1
35,71,22,0,1
35,71,23,0,1
35,71,24,0,1
35,71,25,0,1
35,71,26,0,1
35,71,27,0,1
35,71,28,0,1
35,71,29,0,1
35,71,30,0,1
35,71,31,0,1
35,71,32,0,1
35,71,33,0,1
35,71,34,0,1
35,71,35,0,1
35,71,36,0,1
35,71,37,0,1
35,71,38,0,1
35,71,39,0,1
35,71,40,0,1
35,71,41,0,1
35,71,42,0,1
35,71,43,0,1
35,71,44,0,1
35,71,45,0,1
35,71,46,0,1
35,71,47,0,1
35,71,48,0,1
35,71,49,0,1
35,71,50,0,1
35,71,51,0,1
35,71,52,0,1
35,71,53,0,1
35,71,54,0,1
35,71,55,0,1
35,71,56,0,1
35,71,57,0,1
35,71,58,0,1
35,71,59,0,1
35,71,60,0,1
35,71,61,0,1
35,71,62,0,1
35,71,63,0,1
35,72,0,0,1
35,72,1,0,1
35,72,2,0,1
35,72,3,0,1
35,72,4,0,1
35,72,5,0,1
35,72,6,0,1
35,72,7,0,1
35,72,8,0,1
35,72,9,0,1
35,72,10,0,1
35,72,11,0,1
35,72,12,0,1
35,72,13,0,1
35,72,14,0,1
35,72,15,0,1
35,72,16,0,1
35,72,17,0,1
35,72,18,0,1
35,72,19,0,1
35,72,20,0,1
35,72,21,0,1
35,72,22,0,1
35,72,23,0,1
35,72,24,0,1
35,72,25,0,1
35,72,26,0,1
35,72,27,0,1
35,72,28,0,1
35,72,29,0,1
35,72,30,0,1
35,72,31,0,1
35,72,32,0,1
35,72,33,0,1
35,72,34,0,1
35,72,35,0,1
35,72,36,0,1
35,72,37,0,1
35,72,38,0,1
35,72,39,0,1
35,72,40,0,1
35,72,41,0,1
35,72,42,0,1
35,72,43,0,1
35,72,44,0,1
35,72,45,0,1
35,72,46,0,1
35,72,47,0,1
35,72,48,0,1
35,72,49,0,1
35,72,50,0,1
35,72,51,0,1
35,72,52,0,1
35,72,53,0,1
35,72,54,0,1
35,72,55,0,1
35,72,56,0,1
35,72,57,0,1
35,72,58,0,1
35,72,59,0,1
35,72,60,0,1
35,72,61,0,1
35,72,62,0,1
35,72,63,0,1
35,73,0,0,1
35,73,1,0,1
35,73,2,0,1
35,73,3,0,1
35,73,4,0,1
35,73,5,0,1
35,73,6,0,1
35,73,7,0,1
35,73,8,0,1
35,73,9,0,1
35,73,10,0,1
35,73,11,0,1
35,73,12,0,1
35,73,13,0,1
35,73,14,0,1
35,73,15,0,1
35,73,16,0,1
35,73,17,0,1
35,73,18,0,1
35,73,19,0,1
35,73,20,0,1
35,73,21,0,1
35,73,22,0,1
35,73,23,0,1
35,73,24,0,1
35,73,25,0,1
35,73,26,0,1
35,73,27,0,1
35,73,28,0,1
35,73,29,0,1
35,73,30,0,1
35,73,31,0,1
35,73,32,0,1
35,73,33,0,1
35,73,34,0,1
35,73,35,0,1
35,73,36,0,1
35,73,37,0,1
35,73,38,0,1
35,73,39,0,1
35,73,40,0,1
35,73,41,0,1
35,73,42,0,1
35,73,43,0,1
35,73,44,0,1
35,73,45,0,1
35,73,46,0,1
35,73,47,0,1
35,73,48,0,1
35,73,49,0,1
35,73,50,0,1
35,73,51,0,1
35,73,52,0,1
35,73,53,0,1
35,73,54,0,1
35,73,55,0,1
35,73,56,0,1
35,73,57,0,1
35,73,58,0,1
35,73,59,0,1
35,73,60,0,1
35,73,61,0,1
35,73,62,0,1
35,73,63,0,1
35,74,0,0,1
35,74,1,0,1
35,74,2,0,1
35,74,3,0,1
35,74,4,0,1
35,74,5,0,1
35,74,6,0,1
35,74,7,0,1
35,74,8,0,1
35,74,9,0,1
35,74,10,0,1
35,74,11,0,1
35,74,12,0,1
35,74,13,0,1
35,74,14,0,1
35,74,15,0,1
35,74,16,0,1
35,74,17,0,1
35,74,18,0,1
35,74,19,0,1
35,74,20,0,1
35,74,21,0,1
35,74,22,0,1
35,74,23,0,1
35,74,24,0,1
35,74,25,0,1
35,74,26,0,1
35,74,27,0,1
35,74,28,0,1
35,74,29,0,1
35,74,30,0,1
35,74,31,0,1
35,74,32,0,1
35,74,33,0,1
35,74,34,0,1
35,74,35,0,1
35,74,36,0,1
35,74,37,0,1
35,74,38,0,1
35,74,39,0,1
35,74,40,0,1
35,74,41,0,1
35,74,42,0,1
35,74,43,0,1
35,74,44,0,1
35,74,45,0,1
35,74,46,0,1
35,74,47,0,1
35,74,48,0,1
35,74,49,0,1
35,74,50,0,1
35,74,51,0,1
35,74,52,0,1
35,74,53,0,1
35,74,54,0,1
35,74,55,0,1
35,74,56,0,1
35,74,57,0,1
35,74,58,0,1
35,74,59,0,1
35,74,60,0,1
35,74,61,0,1
35,74,62,0,1
35,74,63,0,1
35,75,0,0,1
35,75,1,0,1
35,75,2,0,1
35,75,3,0,1
35,75,4,0,1
35,75,5,0,1
35,75,6,0,1
35,75,7,0,1
35,75,8,0,1
35,75,9,0,1
35,75,10,0,1
35,75,11,0,1
35,75,12,0,1
35,75,13,0,1
35,75,14,0,1
35,75,15,0,1
35,75,16,0,1
35,75,17,0,1
35,75,18,0,1
35,75,19,0,1
35,75,20,0,1
35,75,21,0,1
35,75,22,0,1
35,75,23,0,1
35,75,24,0,1
35,75,25,0,1
35,75,26,0,1
35,75,27,0,1
35,75,28,0,1
35,75,29,0,1
35,75,30,0,1
35,75,31,0,1
35,75,32,0,1
35,75,33,0,1
35,75,34,0,1
35,75,35,0,1
35,75,36,0,1
35,75,37,0,1
35,75,38,0,1
35,75,39,0,1
35,75,40,0,1
35,75,41,0,1
35,75,42,0,1
35,75,43,0,1
35,75,44,0,1
35,75,45,0,1
35,75,46,0,1
35,75,47,0,1
35,75,48,0,1
35,75,49,0,1
35,75,50,0,1
35,75,51,0,1
35,75,52,0,1
35,75,53,0,1
35,75,54,0,1
35,75,55,0,1
35,75,56,0,1
35,75,57,0,1
35,75,58,0,1
35,75,59,0,1
35,75,60,0,1
35,75,61,0,1
35,75,62,0,1
35,75,63,0,1
35,76,0,0,1
35,76,1,0,1
35,76,2,0,1
35,76,3,0,1
35,76,4,0,1
35,76,5,0,1
35,76,6,0,1
35,76,7,0,1
35,76,8,0,1
35,76,9,0,1
35,76,10,0,1
35,76,11,0,1
35,76,12,0,1
35,76,13,0,1
35,76,14,0,1
35,76,15,0,1
35,76,16,0,1
35,76,17,0,1
35,76,18,0,1
35,76,19,0,1
35,76,20,0,1
35,76,21,0,1
35,76,22,0,1
35,76,23,0,1
35,76,24,0,1
35,76,25,0,1
35,76,26,0,1
35,76,27,0,1
35,76,28,0,1
35,76,29,0,1
35,76,30,0,1
35,76,31,0,1
35,76,32,0,1
35,76,33,0,1
35,76,34,0,1
35,76,35,0,1
35,76,36,0,1
35,76,37,0,1
35,76,38,0,1
35,76,39,0,1
35,76,40,0,1
35,76,41,0,1
35,76,42,0,1
35,76,43,0,1
35,76,44,0,1
35,76,45,0,1
35,76,46,0,1
35,76,47,0,1
35,76,48,0,1
35,76,49,0,1
35,76,50,0,1
35,76,51,0,1
35,76,52,0,1
35,76,53,0,1
35,76,54,0,1
35,76,55,0,1
35,76,56,0,1
35,76,57,0,1
35,76,58,0,1
35,76,59,0,1
35,76,60,0,1
35,76,61,0,1
35,76,62,0,1
35,76,63,0,1
35,77,0,0,1
35,77,1,0,1
35,77,2,0,1
35,77,3,0,1
35,77,4,0,1
35,77,5,0,1
35,77,6,0,1
35,77,7,0,1
35,77,8,0,1
35,77,9,0,1
35,77,10,0,1
35,77,11,0,1
35,77,12,0,1
35,77,13,0,1
35,77,14,0,1
35,77,15,0,1
35,77,16,0,1
35,77,17,0,1
35,77,18,0,1
35,77,19,0,1
35,77,20,0,1
35,77,21,0,1
35,77,22,0,1
35,77,23,0,1
35,77,24,0,1
35,77,25,0,1
35,77,26,0,1
35,77,27,0,1
35,77,28,0,1
35,77,29,0,1
35,77,30,0,1
35,77,31,0,1
35,77,32,0,1
35,77,33,0,1
35,77,34,0,1
35,77,35,0,1
35,77,36,0,1
35,77,37,0,1
35,77,38,0,1
35,77,39,0,1
35,77,40,0,1
35,77,41,0,1
35,77,42,0,1
35,77,43,0,1
35,77,44,0,1
35,77,45,0,1
35,77,46,0,1
35,77,47,0,1
35,77,48,0,1
35,77,49,0,1
35,77,50,0,1
35,77,51,0,1
35,77,52,0,1
35,77,53,0,1
35,77,54,0,1
35,77,55,0,1
35,77,56,0,1
35,77,57,0,1
35,77,58,0,1
35,77,59,0,1
35,77,60,0,1
35,77,61,0,1
35,77,62,0,1
35,77,63,0,1
35,78,0,0,1
35,78,1,0,1
35,78,2,0,1
35,78,3,0,1
35,78,4,0,1
35,78,5,0,1
35,78,6,0,1
35,78,7,0,1
35,78,8,0,1
35,78,9,0,1
35,78,10,0,1
35,78,11,0,1
35,78,12,0,1
35,78,13,0,1
35,78,14,0,1
35,78,15,0,1
35,78,16,0,1
35,78,17,0,1
35,78,18,0,1
35,78,19,0,1
35,78,20,0,1
35,78,21,0,1
35,78,22,0,1
35,78,23,0,1
35,78,24,0,1
35,78,25,0,1
35,78,26,0,1
35,78,27,0,1
35,78,28,0,1
35,78,29,0,1
35,78,30,0,1
35,78,31,0,1
35,78,32,0,1
35,78,33,0,1
35,78,34,0,1
35,78,35,0,1
35,78,36,0,1
35,78,37,0,1
35,78,38,0,1
35,78,39,0,1
35,78,40,0,1
35,78,41,0,1
35,78,42,0,1
35,78,43,0,1
35,78,44,0,1
35,78,45,0,1
35,78,46,0,1
35,78,47,0,1
35,78,48,0,1
35,78,49,0,1
35,78,50,0,1
35,78,51,0,1
35,78,52,0,1
35,78,53,0,1
35,78,54,0,1
35,78,55,0,1
35,78,56,0,1
35,78,57,0,1
35,78,58,0,1
35,78,59,0,1
35,78,60,0,1
35,78,61,0,1
35,78,62,0,1
35,78,63,0,1
35,79,0,0,1
35,79,1,0,1
35,79,2,0,1
35,79,3,0,1
35,79,4,0,1
35,79,5,0,1
35,79,6,0,1
35,79,7,0,1
35,79,8,0,1
35,79,9,0,1
35,79,10,0,1
35,79,11,0,1
35,79,12,0,1
35,79,13,0,1
35,79,14,0,1
35,79,15,0,1
35,79,16,0,1
35,79,17,0,1
35,79,18,0,1
35,79,19,0,1
35,79,20,0,1
35,79,21,0,1
35,79,22,0,1
35,79,23,0,1
35,79,24,0,1
35,79,25,0,1
35,79,26,0,1
35,79,27,0,1
35,79,28,0,1
35,79,29,0,1
35,79,30,0,1
35,79,31,0,1
35,79,32,0,1
35,79,33,0,1
35,79,34,0,1
35,79,35,0,1
35,79,36,0,1
35,79,37,0,1
35,79,38,0,1
35,79,39,0,1
35,79,40,0,1
35,79,41,0,1
35,79,42,0,1
35,79,43,0,1
35,79,44,0,1
35,79,45,0,1
35,79,46,0,1
35,79,47,0,1
35,79,48,0,1
35,79,49,0,1
35,79,50,0,1
35,79,51,0,1
35,79,52,0,1
35,79,53,0,1
35,79,54,0,1
35,79,55,0,1
35,79,56,0,1
35,79,57,0,1
35,79,58,0,1
35,79,59,0,1
35,79,60,0,1
35,79,61,0,1
35,79,62,0,1
35,79,63,0,1
35,80,0,0,1
35,80,1,0,1
35,80,2,0,1
35,80,3,0,1
35,80,4,0,1
35,80,5,0,1
35,80,6,0,1
35,80,7,0,1
35,80,8,0,1
35,80,9,0,1
35,80,10,0,1
35,80,11,0,1
35,80,12,0,1
35,80,13,0,1
35,80,14,0,1
35,80,15,0,1
35,80,16,0,1
35,80,17,0,1
35,80,18,0,1
35,80,19,0,1
35,80,20,0,1
35,80,21,0,1
35,80,22,0,1
35,80,23,0,1
35,80,24,0,1
35,80,25,0,1
35,80,26,0,1
35,80,27,0,1
35,80,28,0,1
35,80,29,0,1
35,80,30,0,1
35,80,31,0,1
35,80,32,0,1
35,80,33,0,1
35,80,34,0,1
35,80,35,0,1
35,80,36,0,1
35,80,37,0,1
35,80,38,0,1
35,80,39,0,1
35,80,40,0,1
35,80,41,0,1
35,80,42,0,1
35,80,43,0,1
35,80,44,0,1
35,80,45,0,1
35,80,46,0,1
35,80,47,0,1
35,80,48,0,1
35,80,49,0,1
35,80,50,0,1
35,80,51,0,1
35,80,52,0,1
35,80,53,0,1
35,80,54,0,1
35,80,55,0,1
35,80,56,0,1
35,80,57,0,1
35,80,58,0,1
35,80,59,0,1
35,80,60,0,1
35,80,61,0,1
35,80,62,0,1
35,80,63,0,1
35,81,0,0,1
35,81,1,0,1
35,81,2,0,1
35,81,3,0,1
35,81,4,0,1
35,81,5,0,1
35,81,6,0,1
35,81,7,0,1
35,81,8,0,1
35,81,9,0,1
35,81,10,0,1
35,81,11,0,1
35,81,12,0,1
35,81,13,0,1
35,81,14,0,1
35,81,15,0,1
35,81,16,0,1
35,81,17,0,1
35,81,18,0,1
35,81,19,0,1
35,81,20,0,1
35,81,21,0,1
35,81,22,0,1
35,81,23,0,1
35,81,24,0,1
35,81,25,0,1
35,81,26,0,1
35,81,27,0,1
35,81,28,0,1
35,81,29,0,1
35,81,30,0,1
35,81,31,0,1
35,81,32,0,1
35,81,33,0,1
35,81,34,0,1
35,81,35,0,1
35,81,36,0,1
35,81,37,0,1
35,81,38,0,1
35,81,39,0,1
35,81,40,0,1
35,81,41,0,1
35,81,42,0,1
35,81,43,0,1
35,81,44,0,1
35,81,45,0,1
35,81,46,0,1
35,81,47,0,1
35,81,48,0,1
35,81,49,0,1
35,81,50,0,1
35,81,51,0,1
35,81,52,0,1
35,81,53,0,1
35,81,54,0,1
35,81,55,0,1
35,81,56,0,1
35,81,57,0,1
35,81,58,0,1
35,81,59,0,1
35,81,60,0,1
35,81,61,0,1
35,81,62,0,1
35,81,63,0,1
35,82,0,0,1
35,82,1,0,1
35,82,2,0,1
35,82,3,0,1
35,82,4,0,1
35,82,5,0,1
35,82,6,0,1
35,82,7,0,1
35,82,8,0,1
35,82,9,0,1
35,82,10,0,1
35,82,11,0,1
35,82,12,0,1
35,82,13,0,1
35,82,14,0,1
35,82,15,0,1
35,82,16,0,1
35,82,17,0,1
35,82,18,0,1
35,82,19,0,1
35,82,20,0,1
35,82,21,0,1
35,82,22,0,1
35,82,23,0,1
35,82,24,0,1
35,82,25,0,1
35,82,26,0,1
35,82,27,0,1
35,82,28,0,1
35,82,29,0,1
35,82,30,0,1
35,82,31,0,1
35,82,32,0,1
35,82,33,0,1
35,82,34,0,1
35,82,35,0,1
35,82,36,0,1
35,82,37,0,1
35,82,38,0,1
35,82,39,0,1
35,82,40,0,1
35,82,41,0,1
35,82,42,0,1
35,82,43,0,1
35,82,44,0,1
35,82,45,0,1
35,82,46,0,1
35,82,47,0,1
35,82,48,0,1
35,82,49,0,1
35,82,50,0,1
35,82,51,0,1
35,82,52,0,1
35,82,53,0,1
35,82,54,0,1
35,82,55,0,1
35,82,56,0,1
35,82,57,0,1
35,82,58,0,1
35,82,59,0,1
35,82,60,0,1
35,82,61,0,1
35,82,62,0,1
35,82,63,0,1
35,83,0,0,1
35,83,1,0,1
35,83,2,0,1
35,83,3,0,1
35,83,4,0,1
35,83,5,0,1
35,83,6,0,1
35,83,7,0,1
35,83,8,0,1
35,83,9,0,1
35,83,10,0,1
35,83,11,0,1
35,83,12,0,1
35,83,13,0,1
35,83,14,0,1
35,83,15,0,1
35,83,16,0,1
35,83,17,0,1
35,83,18,0,1
35,83,19,0,1
35,83,20,0,1
35,83,21,0,1
35,83,22,0,1
35,83,23,0,1
35,83,24,0,1
35,83,25,0,1
35,83,26,0,1
35,83,27,0,1
35,83,28,0,1
35,83,29,0,1
35,83,30,0,1
35,83,31,0,1
35,83,32,0,1
35,83,33,0,1
35,83,34,0,1
35,83,35,0,1
35,83,36,0,1
35,83,37,0,1
35,83,38,0,1
35,83,39,0,1
35,83,40,0,1
35,83,41,0,1
35,83,42,0,1
35,83,43,0,1
35,83,44,0,1
35,83,45,0,1
35,83,46,0,1
35,83,47,0,1
35,83,48,0,1
35,83,49,0,1
35,83,50,0,1
35,83,51,0,1
35,83,52,0,1
35,83,53,0,1
35,83,54,0,1
35,83,55,0,1
35,83,56,0,1
35,83,57,0,1
35,83,58,0,1
35,83,59,0,1
35,83,60,0,1
35,83,61,0,1
35,83,62,0,1
35,83,63,0,1
35,84,0,0,1
35,84,1,0,1
35,84,2,0,1
35,84,3,0,1
35,84,4,0,1
35,84,5,0,1
35,84,6,0,1
35,84,7,0,1
35,84,8,0,1
35,84,9,0,1
35,84,10,0,1
35,84,11,0,1
35,84,12,0,1
35,84,13,0,1
35,84,14,0,1
35,84,15,0,1
35,84,16,0,1
35,84,17,0,1
35,84,18,0,1
35,84,19,0,1
35,84,20,0,1
35,84,21,0,1
35,84,22,0,1
35,84,23,0,1
35,84,24,0,1
35,84,25,0,1
35,84,26,0,1
35,84,27,0,1
35,84,28,0,1
35,84,29,0,1
35,84,30,0,1
35,84,31,0,1
35,84,32,0,1
35,84,33,0,1
35,84,34,0,1
35,84,35,0,1
35,84,36,0,1
35,84,37,0,1
35,84,38,0,1
35,84,39,0,1
35,84,40,0,1
35,84,41,0,1
35,84,42,0,1
35,84,43,0,1
35,84,44,0,1
35,84,45,0,1
35,84,46,0,1
35,84,47,0,1
35,84,48,0,1
35,84,49,0,1
35,84,50,0,1
35,84,51,0,1
35,84,52,0,1
35,84,53,0,1
35,84,54,0,1
35,84,55,0,1
35,84,56,0,1
35,84,57,0,1
35,84,58,0,1
35,84,59,0,1
35,84,60,0,1
35,84,61,0,1
35,84,62,0,1
35,84,63,0,1
35,85,0,0,1
35,85,1,0,1
35,85,2,0,1
35,85,3,0,1
35,85,4,0,1
35,85,5,0,1
35,85,6,0,1
35,85,7,0,1
35,85,8,0,1
35,85,9,0,1
35,85,10,0,1
35,85,11,0,1
35,85,12,0,1
35,85,13,0,1
35,85,14,0,1
35,85,15,0,1
35,85,16,0,1
35,85,17,0,1
35,85,18,0,1
35,85,19,0,1
35,85,20,0,1
35,85,21,0,1
35,85,22,0,1
35,85,23,0,1
35,85,24,0,1
35,85,25,0,1
35,85,26,0,1
35,85,27,0,1
35,85,28,0,1
35,85,29,0,1
35,85,30,0,1
35,85,31,0,1
35,85,32,0,1
35,85,33,0,1
35,85,34,0,1
35,85,35,0,1
35,85,36,0,1
35,85,37,0,1
35,85,38,0,1
35,85,39,0,1
35,85,40,0,1
35,85,41,0,1
35,85,42,0,1
35,85,43,0,1
35,85,44,0,1
35,85,45,0,1
35,85,46,0,1
35,85,47,0,1
35,85,48,0,1
35,85,49,0,1
35,85,50,0,1
35,85,51,0,1
35,85,52,0,1
35,85,53,0,1
35,85,54,0,1
35,85,55,0,1
35,85,56,0,1
35,85,57,0,1
35,85,58,0,1
35,85,59,0,1
35,85,60,0,1
35,85,61,0,1
35,85,62,0,1
35,85,63,0,1
35,86,0,0,1
35,86,1,0,1
35,86,2,0,1
35,86,3,0,1
35,86,4,0,1
35,86,5,0,1
35,86,6,0,1
35,86,7,0,1
35,86,8,0,1
35,86,9,0,1
35,86,10,0,1
35,86,11,0,1
35,86,12,0,1
35,86,13,0,1
35,86,14,0,1
35,86,15,0,1
35,86,16,0,1
35,86,17,0,1
35,86,18,0,1
35,86,19,0,1
35,86,20,0,1
35,86,21,0,1
35,86,22,0,1
35,86,23,0,1
35,86,24,0,1
35,86,25,0,1
35,86,26,0,1
35,86,27,0,1
35,86,28,0,1
35,86,29,0,1
35,86,30,0,1
35,86,31,0,1
35,86,32,0,1
35,86,33,0,1
35,86,34,0,1
35,86,35,0,1
35,86,36,0,1
35,86,37,0,1
35,86,38,0,1
35,86,39,0,1
35,86,40,0,1
35,86,41,0,1
35,86,42,0,1
35,86,43,0,1
35,86,44,0,1
35,86,45,0,1
35,86,46,0,1
35,86,47,0,1
35,86,48,0,1
35,86,49,0,1
35,86,50,0,1
35,86,51,0,1
35,86,52,0,1
35,86,53,0,1
35,86,54,0,1
35,86,55,0,1
35,86,56,0,1
35,86,57,0,1
35,86,58,0,1
35,86,59,0,1
35,86,60,0,1
35,86,61,0,1
35,86,62,0,1
35,86,63,0,1
35,87,0,0,1
35,87,1,0,1
35,87,2,0,1
35,87,3,0,1
35,87,4,0,1
35,87,5,0,1
35,87,6,0,1
35,87,7,0,1
35,87,8,0,1
35,87,9,0,1
35,87,10,0,1
35,87,11,0,1
35,87,12,0,1
35,87,13,0,1
35,87,14,0,1
35,87,15,0,1
35,87,16,0,1
35,87,17,0,1
35,87,18,0,1
35,87,19,0,1
35,87,20,0,1
35,87,21,0,1
35,87,22,0,1
35,87,23,0,1
35,87,24,0,1
35,87,25,0,1
35,87,26,0,1
35,87,27,0,1
35,87,28,0,1
35,87,29,0,1
35,87,30,0,1
35,87,31,0,1
35,87,32,0,1
35,87,33,0,1
35,87,34,0,1
35,87,35,0,1
35,87,36,0,1
35,87,37,0,1
35,87,38,0,1
35,87,39,0,1
35,87,40,0,1
35,87,41,0,1
35,87,42,0,1
35,87,43,0,1
35,87,44,0,1
35,87,45,0,1
35,87,46,0,1
35,87,47,0,1
35,87,48,0,1
35,87,49,0,1
35,87,50,0,1
35,87,51,0,1
35,87,52,0,1
35,87,53,0,1
35,87,54,0,1
35,87,55,0,1
35,87,56,0,1
35,87,57,0,1
35,87,58,0,1
35,87,59,0,1
35,87,60,0,1
35,87,61,0,1
35,87,62,0,1
35,87,63,0,1
35,88,0,0,1
35,88,1,0,1
35,88,2,0,1
35,88,3,0,1
35,88,4,0,1
35,88,5,0,1
35,88,6,0,1
35,88,7,0,1
35,88,8,0,1
35,88,9,0,1
35,88,10,0,1
35,88,11,0,1
35,88,12,0,1
35,88,13,0,1
35,88,14,0,1
35,88,15,0,1
35,88,16,0,1
35,88,17,0,1
35,88,18,0,1
35,88,19,0,1
35,88,20,0,1
35,88,21,0,1
35,88,22,0,1
35,88,23,0,1
35,88,24,0,1
35,88,25,0,1
35,88,26,0,1
35,88,27,0,1
35,88,28,0,1
35,88,29,0,1
35,88,30,0,1
35,88,31,0,1
35,88,32,0,1
35,88,33,0,1
35,88,34,0,1
35,88,35,0,1
35,88,36,0,1
35,88,37,0,1
35,88,38,0,1
35,88,39,0,1
35,88,40,0,1
35,88,41,0,1
35,88,42,0,1
35,88,43,0,1
35,88,44,0,1
35,88,45,0,1
35,88,46,0,1
35,88,47,0,1
35,88,48,0,1
35,88,49,0,1
35,88,50,0,1
35,88,51,0,1
35,88,52,0,1
35,88,53,0,1
35,88,54,0,1
35,88,55,0,1
35,88,56,0,1
35,88,57,0,1
35,88,58,0,1
35,88,59,0,1
35,88,60,0,1
35,88,61,0,1
35,88,62,0,1
35,88,63,0,1
35,89,0,0,1
35,89,1,0,1
35,89,2,0,1
35,89,3,0,1
35,89,4,0,1
35,89,5,0,1
35,89,6,0,1
35,89,7,0,1
35,89,8,0,1
35,89,9,0,1
35,89,10,0,1
35,89,11,0,1
35,89,12,0,1
35,89,13,0,1
35,89,14,0,1
35,89,15,0,1
35,89,16,0,1
35,89,17,0,1
35,89,18,0,1
35,89,19,0,1
35,89,20,0,1
35,89,21,0,1
35,89,22,0,1
35,89,23,0,1
35,89,24,0,1
35,89,25,0,1
35,89,26,0,1
35,89,27,0,1
35,89,28,0,1
35,89,29,0,1
35,89,30,0,1
35,89,31,0,1
35,89,32,0,1
35,89,33,0,1
35,89,34,0,1
35,89,35,0,1
35,89,36,0,1
35,89,37,0,1
35,89,38,0,1
35,89,39,0,1
35,89,40,0,1
35,89,41,0,1
35,89,42,0,1
35,89,43,0,1
35,89,44,0,1
35,89,45,0,1
35,89,46,0,1
35,89,47,0,1
35,89,48,0,1
35,89,49,0,1
35,89,50,0,1
35,89,51,0,1
35,89,52,0,1
35,89,53,0,1
35,89,54,0,1
35,89,55,0,1
35,89,56,0,1
35,89,57,0,1
35,89,58,0,1
35,89,59,0,1
35,89,60,0,1
35,89,61,0,1
35,89,62,0,1
35,89,63,0,1
35,90,0,0,1
35,90,1,0,1
35,90,2,0,1
35,90,3,0,1
35,90,4,0,1
35,90,5,0,1
35,90,6,0,1
35,90,7,0,1
35,90,8,0,1
35,90,9,0,1
35,90,10,0,1
35,90,11,0,1
35,90,12,0,1
35,90,13,0,1
35,90,14,0,1
35,90,15,0,1
35,90,16,0,1
35,90,17,0,1
35,90,18,0,1
35,90,19,0,1
35,90,20,0,1
35,90,21,0,1
35,90,22,0,1
35,90,23,0,1
35,90,24,0,1
35,90,25,0,1
35,90,26,0,1
35,90,27,0,1
35,90,28,0,1
35,90,29,0,1
35,90,30,0,1
35,90,31,0,1
35,90,32,0,1
35,90,33,0,1
35,90,34,0,1
35,90,35,0,1
35,90,36,0,1
35,90,37,0,1
35,90,38,0,1
35,90,39,0,1
35,90,40,0,1
35,90,41,0,1
35,90,42,0,1
35,90,43,0,1
35,90,44,0,1
35,90,45,0,1
35,90,46,0,1
35,90,47,0,1
35,90,48,0,1
35,90,49,0,1
35,90,50,0,1
35,90,51,0,1
35,90,52,0,1
35,90,53,0,1
35,90,54,0,1
35,90,55,0,1
35,90,56,0,1
35,90,57,0,1
35,90,58,0,1
35,90,59,0,1
35,90,60,0,1
35,90,61,0,1
35,90,62,0,1
35,90,63,0,1
35,91,0,0,1
35,91,1,0,1
35,91,2,0,1
35,91,3,0,1
35,91,4,0,1
35,91,5,0,1
35,91,6,0,1
35,91,7,0,1
35,91,8,0,1
35,91,9,0,1
35,91,10,0,1
35,91,11,0,1
35,91,12,0,1
35,91,13,0,1
35,91,14,0,1
35,91,15,0,1
35,91,16,0,1
35,91,17,0,1
35,91,18,0,1
35,91,19,0,1
35,91,20,0,1
35,91,21,0,1
35,91,22,0,1
35,91,23,0,1
35,91,24,0,1
35,91,25,0,1
35,91,26,0,1
35,91,27,0,1
35,91,28,0,1
35,91,29,0,1
35,91,30,0,1
35,91,31,0,1
35,91,32,0,1
35,91,33,0,1
35,91,34,0,1
35,91,35,0,1
35,91,36,0,1
35,91,37,0,1
35,91,38,0,1
35,91,39,0,1
35,91,40,0,1
35,91,41,0,1
35,91,42,0,1
35,91,43,0,1
35,91,44,0,1
35,91,45,0,1
35,91,46,0,1
35,91,47,0,1
35,91,48,0,1
35,91,49,0,1
35,91,50,0,1
35,91,51,0,1
35,91,52,0,1
35,91,53,0,1
35,91,54,0,1
35,91,55,0,1
35,91,56,0,1
35,91,57,0,1
35,91,58,0,1
35,91,59,0,1
35,91,60,0,1
35,91,61,0,1
35,91,62,0,1
35,91,63,0,1
35,92,0,0,1
35,92,1,0,1
35,92,2,0,1
35,92,3,0,1
35,92,4,0,1
35,92,5,0,1
35,92,6,0,1
35,92,7,0,1
35,92,8,0,1
35,92,9,0,1
35,92,10,0,1
35,92,11,0,1
35,92,12,0,1
35,92,13,0,1
35,92,14,0,1
35,92,15,0,1
35,92,16,0,1
35,92,17,0,1
35,92,18,0,1
35,92,19,0,1
35,92,20,0,1
35,92,21,0,1
35,92,22,0,1
35,92,23,0,1
35,92,24,0,1
35,92,25,0,1
35,92,26,0,1
35,92,27,0,1
35,92,28,0,1
35,92,29,0,1
35,92,30,0,1
35,92,31,0,1
35,92,32,0,1
35,92,33,0,1
35,92,34,0,1
35,92,35,0,1
35,92,36,0,1
35,92,37,0,1
35,92,38,0,1
35,92,39,0,1
35,92,40,0,1
35,92,41,0,1
35,92,42,0,1
35,92,43,0,1
35,92,44,0,1
35,92,45,0,1
35,92,46,0,1
35,92,47,0,1
35,92,48,0,1
35,92,49,0,1
35,92,50,0,1
35,92,51,0,1
35,92,52,0,1
35,92,53,0,1
35,92,54,0,1
35,92,55,0,1
35,92,56,0,1
35,92,57,0,1
35,92,58,0,1
35,92,59,0,1
35,92,60,0,1
35,92,61,0,1
35,92,62,0,1
35,92,63,0,1
35,93,0,0,1
35,93,1,0,1
35,93,2,0,1
35,93,3,0,1
35,93,4,0,1
35,93,5,0,1
35,93,6,0,1
35,93,7,0,1
35,93,8,0,1
35,93,9,0,1
35,93,10,0,1
35,93,11,0,1
35,93,12,0,1
35,93,13,0,1
35,93,14,0,1
35,93,15,0,1
35,93,16,0,1
35,93,17,0,1
35,93,18,0,1
35,93,19,0,1
35,93,20,0,1
35,93,21,0,1
35,93,22,0,1
35,93,23,0,1
35,93,24,0,1
35,93,25,0,1
35,93,26,0,1
35,93,27,0,1
35,93,28,0,1
35,93,29,0,1
35,93,30,0,1
35,93,31,0,1
35,93,32,0,1
35,93,33,0,1
35,93,34,0,1
35,93,35,0,1
35,93,36,0,1
35,93,37,0,1
35,93,38,0,1
35,93,39,0,1
35,93,40,0,1
35,93,41,0,1
35,93,42,0,1
35,93,43,0,1
35,93,44,0,1
35,93,45,0,1
35,93,46,0,1
35,93,47,0,1
35,93,48,0,1
35,93,49,0,1
35,93,50,0,1
35,93,51,0,1
35,93,52,0,1
35,93,53,0,1
35,93,54,0,1
35,93,55,0,1
35,93,56,0,1
35,93,57,0,1
35,93,58,0,1
35,93,59,0,1
35,93,60,0,1
35,93,61,0,1
35,93,62,0,1
35,93,63,0,1
35,94,0,0,1
35,94,1,0,1
35,94,2,0,1
35,94,3,0,1
35,94,4,0,1
35,94,5,0,1
35,94,6,0,1
35,94,7,0,1
35,94,8,0,1
35,94,9,0,1
35,94,10,0,1
35,94,11,0,1
35,94,12,0,1
35,94,13,0,1
35,94,14,0,1
35,94,15,0,1
35,94,16,0,1
35,94,17,0,1
35,94,18,0,1
35,94,19,0,1
35,94,20,0,1
35,94,21,0,1
35,94,22,0,1
35,94,23,0,1
35,94,24,0,1
35,94,25,0,1
35,94,26,0,1
35,94,27,0,1
35,94,28,0,1
35,94,29,0,1
35,94,30,0,1
35,94,31,0,1
35,94,32,0,1
35,94,33,0,1
35,94,34,0,1
35,94,35,0,1
35,94,36,0,1
35,94,37,0,1
35,94,38,0,1
35,94,39,0,1
35,94,40,0,1
35,94,41,0,1
35,94,42,0,1
35,94,43,0,1
35,94,44,0,1
35,94,45,0,1
35,94,46,0,1
35,94,47,0,1
35,94,48,0,1
35,94,49,0,1
35,94,50,0,1
35,94,51,0,1
35,94,52,0,1
35,94,53,0,1
35,94,54,0,1
35,94,55,0,1
35,94,56,0,1
35,94,57,0,1
35,94,58,0,1
35,94,59,0,1
35,94,60,0,1
35,94,61,0,1
35,94,62,0,1
35,94,63,0,1
35,95,0,0,1
35,95,1,0,1
35,95,2,0,1
35,95,3,0,1
35,95,4,0,1
35,95,5,0,1
35,95,6,0,1
35,95,7,0,1
35,95,8,0,1
35,95,9,0,1
35,95,10,0,1
35,95,11,0,1
35,95,12,0,1
35,95,13,0,1
35,95,14,0,1
35,95,15,0,1
35,95,16,0,1
35,95,17,0,1
35,95,18,0,1
35,95,19,0,1
35,95,20,0,1
35,95,21,0,1
35,95,22,0,1
35,95,23,0,1
35,95,24,0,1
35,95,25,0,1
35,95,26,0,1
35,95,27,0,1
35,95,28,0,1
35,95,29,0,1
35,95,30,0,1
35,95,31,0,1
35,95,32,0,1
35,95,33,0,1
35,95,34,0,1
35,95,35,0,1
35,95,36,0,1
35,95,37,0,1
35,95,38,0,1
35,95,39,0,1
35,95,40,0,1
35,95,41,0,1
35,95,42,0,1
35,95,43,0,1
35,95,44,0,1
35,95,45,0,1
35,95,46,0,1
35,95,47,0,1
35,95,48,0,1
35,95,49,0,1
35,95,50,0,1
35,95,51,0,1
35,95,52,0,1
35,95,53,0,1
35,95,54,0,1
35,95,55,0,1
35,95,56,0,1
35,95,57,0,1
35,95,58,0,1
35,95,59,0,1
35,95,60,0,1
35,95,61,0,1
35,95,62,0,1
35,95,63,0,1
35,96,0,0,1
35,96,1,0,1
35,96,2,0,1
35,96,3,0,1
35,96,4,0,1
35,96,5,0,1
35,96,6,0,1
35,96,7,0,1
35,96,8,0,1
35,96,9,0,1
35,96,10,0,1
35,96,11,0,1
35,96,12,0,1
35,96,13,0,1
35,96,14,0,1
35,96,15,0,1
35,96,16,0,1
35,96,17,0,1
35,96,18,0,1
35,96,19,0,1
35,96,20,0,1
35,96,21,0,1
35,96,22,0,1
35,96,23,0,1
35,96,24,0,1
35,96,25,0,1
35,96,26,0,1
35,96,27,0,1
35,96,28,0,1
35,96,29,0,1
35,96,30,0,1
35,96,31,0,1
35,96,32,0,1
35,96,33,0,1
35,96,34,0,1
35,96,35,0,1
35,96,36,0,1
35,96,37,0,1
35,96,38,0,1
35,96,39,0,1
35,96,40,0,1
35,96,41,0,1
35,96,42,0,1
35,96,43,0,1
35,96,44,0,1
35,96,45,0,1
35,96,46,0,1
35,96,47,0,1
35,96,48,0,1
35,96,49,0,1
35,96,50,0,1
35,96,51,0,1
35,96,52,0,1
35,96,53,0,1
35,96,54,0,1
35,96,55,0,1
35,96,56,0,1
35,96,57,0,1
35,96,58,0,1
35,96,59,0,1
35,96,60,0,1
35,96,61,0,1
35,96,62,0,1
35,96,63,0,1
35,97,0,0,1
35,97,1,0,1
35,97,2,0,1
35,97,3,0,1
35,97,4,0,1
35,97,5,0,1
35,97,6,0,1
35,97,7,0,1
35,97,8,0,1
35,97,9,0,1
35,97,10,0,1
35,97,11,0,1
35,97,12,0,1
35,97,13,0,1
35,97,14,0,1
35,97,15,0,1
35,97,16,0,1
35,97,17,0,1
35,97,18,0,1
35,97,19,0,1
35,97,20,0,1
35,97,21,0,1
35,97,22,0,1
35,97,23,0,1
35,97,24,0,1
35,97,25,0,1
35,97,26,0,1
35,97,27,0,1
35,97,28,0,1
35,97,29,0,1
35,97,30,0,1
35,97,31,0,1
35,97,32,0,1
35,97,33,0,1
35,97,34,0,1
35,97,35,0,1
35,97,36,0,1
35,97,37,0,1
35,97,38,0,1
35,97,39,0,1
35,97,40,0,1
35,97,41,0,1
35,97,42,0,1
35,97,43,0,1
35,97,44,0,1
35,97,45,0,1
35,97,46,0,1
35,97,47,0,1
35,97,48,0,1
35,97,49,0,1
35,97,50,0,1
35,97,51,0,1
35,97,52,0,1
35,97,53,0,1
35,97,54,0,1
35,97,55,0,1
35,97,56,0,1
35,97,57,0,1
35,97,58,0,1
35,97,59,0,1
35,97,60,0,1
35,97,61,0,1
35,97,62,0,1
35,97,63,0,1
35,98,0,0,1
35,98,1,0,1
35,98,2,0,1
35,98,3,0,1
35,98,4,0,1
35,98,5,0,1
35,98,6,0,1
35,98,7,0,1
35,98,8,0,1
35,98,9,0,1
35,98,10,0,1
35,98,11,0,1
35,98,12,0,1
35,98,13,0,1
35,98,14,0,1
35,98,15,0,1
35,98,16,0,1
35,98,17,0,1
35,98,18,0,1
35,98,19,0,1
35,98,20,0,1
35,98,21,0,1
35,98,22,0,1
35,98,23,0,1
35,98,24,0,1
35,98,25,0,1
35,98,26,0,1
35,98,27,0,1
35,98,28,0,1
35,98,29,0,1
35,98,30,0,1
35,98,31,0,1
35,98,32,0,1
35,98,33,0,1
35,98,34,0,1
35,98,35,0,1
35,98,36,0,1
35,98,37,0,1
35,98,38,0,1
35,98,39,0,1
35,98,40,0,1
35,98,41,0,1
35,98,42,0,1
35,98,43,0,1
35,98,44,0,1
35,98,45,0,1
35,98,46,0,1
35,98,47,0,1
35,98,48,0,1
35,98,49,0,1
35,98,50,0,1
35,98,51,0,1
35,98,52,0,1
35,98,53,0,1
35,98,54,0,1
35,98,55,0,1
35,98,56,0,1
35,98,57,0,1
35,98,58,0,1
35,98,59,0,1
35,98,60,0,1
35,98,61,0,1
35,98,62,0,1
35,98,63,0,1
35,99,0,0,1
35,99,1,0,1
35,99,2,0,1
35,99,3,0,1
35,99,4,0,1
35,99,5,0,1
35,99,6,0,1
35,99,7,0,1
35,99,8,0,1
35,99,9,0,1
35,99,10,0,1
35,99,11,0,1
35,99,12,0,1
35,99,13,0,1
35,99,14,0,1
35,99,15,0,1
35,99,16,0,1
35,99,17,0,1
35,99,18,0,1
35,99,19,0,1
35,99,20,0,1
35,99,21,0,1
35,99,22,0,1
35,99,23,0,1
35,99,24,0,1
35,99,25,0,1
35,99,26,0,1
35,99,27,0,1
35,99,28,0,1
35,99,29,0,1
35,99,30,0,1
35,99,31,0,1
35,99,32,0,1
35,99,33,0,1
35,99,34,0,1
35,99,35,0,1
35,99,36,0,1
35,99,37,0,1
35,99,38,0,1
35,99,39,0,1
35,99,40,0,1
35,99,41,0,1
35,99,42,0,1
35,99,43,0,1
35,99,44,0,1
35,99,45,0,1
35,99,46,0,1
35,99,47,0,1
35,99,48,0,1
35,99,49,0,1
35,99,50,0,1
35,99,51,0,1
35,99,52,0,1
35,99,53,0,1
35,99,54,0,1
35,99,55,0,1
35,99,56,0,1
35,99,57,0,1
35,99,58,0,1
35,99,59,0,1
35,99,60,0,1
35,99,61,0,1
35,99,62,0,1
35,99,63,0,1
35,100,0,0,1
35,100,1,0,1
35,100,2,0,1
35,100,3,0,1
35,100,4,0,1
35,100,5,0,1
35,100,6,0,1
35,100,7,0,1
35,100,8,0,1
35,100,9,0,1
35,100,10,0,1
35,100,11,0,1
35,100,12,0,1
35,100,13,0,1
35,100,14,0,1
35,100,15,0,1
35,100,16,0,1
35,100,17,0,1
35,100,18,0,1
35,100,19,0,1
35,100,20,0,1
35,100,21,0,1
35,100,22,0,1
35,100,23,0,1
35,100,24,0,1
35,100,25,0,1
35,100,26,0,1
35,100,27,0,1
35,100,28,0,1
35,100,29,0,1
35,100,30,0,1
35,100,31,0,1
35,100,32,0,1
35,100,33,0,1
35,100,34,0,1
35,100,35,0,1
35,100,36,0,1
35,100,37,0,1
35,100,38,0,1
35,100,39,0,1
35,100,40,0,1
35,100,41,0,1
35,100,42,0,1
35,100,43,0,1
35,100,44,0,1
35,100,45,0,1
35,100,46,0,1
35,100,47,0,1
35,100,48,0,1
35,100,49,0,1
35,100,50,0,1
35,100,51,0,1
35,100,52,0,1
35,100,53,0,1
35,100,54,0,1
35,100,55,0,1
35,100,56,0,1
35,100,57,0,1
35,100,58,0,1
35,100,59,0,1
35,100,60,0,1
35,100,61,0,1
35,100,62,0,1
35,100,63,0,1
40,1,0,0,1
40,1,1,0,1
40,1,2,0,1
40,1,3,0,1
40,1,4,0,1
40,1,5,0,1
40,1,6,0,1
40,1,7,0,1
40,1,8,0,1
40,1,9,0,1
40,1,10,0,1
40,1,11,0,1
40,1,12,0,1
40,1,13,0,1
40,1,14,0,1
40,1,15,0,1
40,1,16,0,1
40,1,17,0,1
40,1,18,0,1
40,1,19,0,1
40,1,20,0,1
40,1,21,0,1
40,1,22,0,1
40,1,23,0,1
40,1,24,0,1
40,1,25,0,1
40,1,26,0,1
40,1,27,0,1
40,1,28,0,1
40,1,29,0,1
40,1,30,0,1
40,1,31,0,1
40,1,32,0,1
40,1,33,0,1
40,1,34,0,1
40,1,35,0,1
40,1,36,0,1
40,1,37,0,1
40,1,38,0,1
40,1,39,0,1
40,1,40,0,1
40,1,41,0,1
40,1,42,0,1
40,1,43,0,1
40,1,44,0,1
40,1,45,0,1
40,1,46,0,1
40,1,47,0,1
40,1,48,0,1
40,1,49,0,1
40,1,50,0,1
40,1,51,0,1
40,1,52,0,1
40,1,53,0,1
40,1,54,0,1
40,1,55,0,1
40,1,56,0,1
40,1,57,0,1
40,1,58,0,1
40,1,59,0,1
40,1,60,0,1
40,1,61,0,1
40,1,62,0,1
40,1,63,0,1
40,2,0,0,1
40,2,1,0,1
40,2,2,0,1
40,2,3,0,1
40,2,4,0,1
40,2,5,0,1
40,2,6,0,1
40,2,7,0,1
40,2,8,0,1
40,2,9,0,1
40,2,10,0,1
40,2,11,0,1
40,2,12,0,1
40,2,13,0,1
40,2,14,0,1
40,2,15,0,1
40,2,16,0,1
40,2,17,0,1
40,2,18,0,1
40,2,19,0,1
40,2,20,0,1
40,2,21,0,1
40,2,22,0,1
40,2,23,0,1
40,2,24,0,1
40,2,25,0,1
40,2,26,0,1
40,2,27,0,1
40,2,28,0,1
40,2,29,0,1
40,2,30,0,1
40,2,31,0,1
40,2,32,0,1
40,2,33,0,1
40,2,34,0,1
40,2,35,0,1
40,2,36,0,1
40,2,37,0,1
40,2,38,0,1
40,2,39,0,1
40,2,40,0,1
40,2,41,0,1
40,2,42,0,1
40,2,43,0,1
40,2,44,0,1
40,2,45,0,1
40,2,46,0,1
40,2,47,0,1
40,2,48,0,1
40,2,49,0,1
40,2,50,0,1
40,2,51,0,1
40,2,52,0,1
40,2,53,0,1
40,2,54,0,1
40,2,55,0,1
40,2,56,0,1
40,2,57,0,1
40,2,58,0,1
40,2,59,0,1
40,2,60,0,1
40,2,61,0,1
40,2,62,0,1
40,2,63,0,1
40,3,0,0,1
40,3,1,0,1
40,3,2,0,1
40,3,3,0,1
40,3,4,0,1
40,3,5,0,1
40,3,6,0,1
40,3,7,0,1
40,3,8,0,1
40,3,9,0,1
40,3,10,0,1
40,3,11,0,1
40,3,12,0,1
40,3,13,0,1
40,3,14,0,1
40,3,15,0,1
40,3,16,0,1
40,3,17,0,1
40,3,18,0,1
40,3,19,0,1
40,3,20,0,1
40,3,21,0,1
40,3,22,0,1
40,3,23,0,1
40,3,24,0,1
40,3,25,0,1
40,3,26,0,1
40,3,27,0,1
40,3,28,0,1
40,3,29,0,1
40,3,30,0,1
40,3,31,0,1
40,3,32,0,1
40,3,33,0,1
40,3,34,0,1
40,3,35,0,1
40,3,36,0,1
40,3,37,0,1
40,3,38,0,1
40,3,39,0,1
40,3,40,0,1
40,3,41,0,1
40,3,42,0,1
40,3,43,0,1
40,3,44,0,1
40,3,45,0,1
40,3,46,0,1
40,3,47,0,1
40,3,48,0,1
40,3,49,0,1
40,3,50,0,1
40,3,51,0,1
40,3,52,0,1
40,3,53,0,1
40,3,54,0,1
40,3,55,0,1
40,3,56,0,1
40,3,57,0,1
40,3,58,0,1
40,3,59,0,1
40,3,60,0,1
40,3,61,0,1
40,3,62,0,1
40,3,63,0,1
40,4,0,0,1
40,4,1,0,1
40,4,2,0,1
40,4,3,0,1
40,4,4,0,1
40,4,5,0,1
40,4,6,0,1
40,4,7,0,1
40,4,8,0,1
40,4,9,0,1
40,4,10,0,1
40,4,11,0,1
40,4,12,0,1
40,4,13,0,1
40,4,14,0,1
40,4,15,0,1
40,4,16,0,1
40,4,17,0,1
40,4,18,0,1
40,4,19,0,1
40,4,20,0,1
40,4,21,0,1
40,4,22,0,1
40,4,23,0,1
40,4,24,0,1
40,4,25,0,1
40,4,26,0,1
40,4,27,0,1
40,4,28,0,1
40,4,29,0,1
40,4,30,0,1
40,4,31,0,1
40,4,32,0,1
40,4,33,0,1
40,4,34,0,1
40,4,35,0,1
40,4,36,0,1
40,4,37,0,1
40,4,38,0,1
40,4,39,0,1
40,4,40,0,1
40,4,41,0,1
40,4,42,0,1
40,4,43,0,1
40,4,44,0,1
40,4,45,0,1
40,4,46,0,1
40,4,47,0,1
40,4,48,0,1
40,4,49,0,1
40,4,50,0,1
40,4,51,0,1
40,4,52,0,1
40,4,53,0,1
40,4,54,0,1
40,4,55,0,1
40,4,56,0,1
40,4,57,0,1
40,4,58,0,1
40,4,59,0,1
40,4,60,0,1
40,4,61,0,1
40,4,62,0,1
40,4,63,0,1
40,5,0,0,1
40,5,1,0,1
40,5,2,0,1
40,5,3,0,1
40,5,4,0,1
40,5,5,0,1
40,5,6,0,1
40,5,7,0,1
40,5,8,0,1
40,5,9,0,1
40,5,10,0,1
40,5,11,0,1
40,5,12,0,1
40,5,13,0,1
40,5,14,0,1
40,5,15,0,1
40,5,16,0,1
40,5,17,0,1
40,5,18,0,1
40,5,19,0,1
40,5,20,0,1
40,5,21,0,1
40,5,22,0,1
40,5,23,0,1
40,5,24,0,1
40,5,25,0,1
40,5,26,0,1
40,5,27,0,1
40,5,28,0,1
40,5,29,0,1
40,5,30,0,1
40,5,31,0,1
40,5,32,0,1
40,5,33,0,1
40,5,34,0,1
40,5,35,0,1
40,5,36,0,1
40,5,37,0,1
40,5,38,0,1
40,5,39,0,1
40,5,40,0,1
40,5,41,0,1
40,5,42,0,1
40,5,43,0,1
40,5,44,0,1
40,5,45,0,1
40,5,46,0,1
40,5,47,0,1
40,5,48,0,1
40,5,49,0,1
40,5,50,0,1
40,5,51,0,1
40,5,52,0,1
40,5,53,0,1
40,5,54,0,1
40,5,55,0,1
40,5,56,0,1
40,5,57,0,1
40,5,58,0,1
40,5,59,0,1
40,5,60,0,1
40,5,61,0,1
40,5,62,0,1
40,5,63,0,1
40,6,0,0,1
40,6,1,0,1
40,6,2,0,1
40,6,3,0,1
40,6,4,0,1
40,6,5,0,1
40,6,6,0,1
40,6,7,0,1
40,6,8,0,1
40,6,9,0,1
40,6,10,0,1
40,6,11,0,1
40,6,12,0,1
40,6,13,0,1
40,6,14,0,1
40,6,15,0,1
40,6,16,0,1
40,6,17,0,1
40,6,18,0,1
40,6,19,0,1
40,6,20,0,1
40,6,21,0,1
40,6,22,0,1
40,6,23,0,1
40,6,24,0,1
40,6,25,0,1
40,6,26,0,1
40,6,27,0,1
40,6,28,0,1
40,6,29,0,1
40,6,30,0,1
40,6,31,0,1
40,6,32,0,1
40,6,33,0,1
40,6,34,0,1
40,6,35,0,1
40,6,36,0,1
40,6,37,0,1
40,6,38,0,1
40,6,39,0,1
40,6,40,0,1
40,6,41,0,1
40,6,42,0,1
40,6,43,0,1
40,6,44,0,1
40,6,45,0,1
40,6,46,0,1
40,6,47,0,1
40,6,48,0,1
40,6,49,0,1
40,6,50,0,1
40,6,51,0,1
40,6,52,0,1
40,6,53,0,1
40,6,54,0,1
40,6,55,0,1
40,6,56,0,1
40,6,57,0,1
40,6,58,0,1
40,6,59,0,1
40,6,60,0,1
40,6,61,0,1
40,6,62,0,1
40,6,63,0,1
40,7,0,0,1
40,7,1,0,1
40,7,2,0,1
40,7,3,0,1
40,7,4,0,1
40,7,5,0,1
40,7,6,0,1
40,7,7,0,1
40,7,8,0,1
40,7,9,0,1
40,7,10,0,1
40,7,11,0,1
40,7,12,0,1
40,7,13,0,1
40,7,14,0,1
40,7,15,0,1
40,7,16,0,1
40,7,17,0,1
40,7,18,0,1
40,7,19,0,1
40,7,20,0,1
40,7,21,0,1
40,7,22,0,1
40,7,23,0,1
40,7,24,0,1
40,7,25,0,1
40,7,26,0,1
40,7,27,0,1
40,7,28,0,1
40,7,29,0,1
40,7,30,0,1
40,7,31,0,1
40,7,32,0,1
40,7,33,0,1
40,7,34,0,1
40,7,35,0,1
40,7,36,0,1
40,7,37,0,1
40,7,38,0,1
40,7,39,0,1
40,7,40,0,1
40,7,41,0,1
40,7,42,0,1
40,7,43,0,1
40,7,44,0,1
40,7,45,0,1
40,7,46,0,1
40,7,47,0,1
40,7,48,0,1
40,7,49,0,1
40,7,50,0,1
40,7,51,0,1
40,7,52,0,1
40,7,53,0,1
40,7,54,0,1
40,7,55,0,1
40,7,56,0,1
40,7,57,0,1
40,7,58,0,1
40,7,59,0,1
40,7,60,0,1
40,7,61,0,1
40,7,62,0,1
40,7,63,0,1
40,8,0,0,1
40,8,1,0,1
40,8,2,0,1
40,8,3,0,1
40,8,4,0,1
40,8,5,0,1
40,8,6,0,1
40,8,7,0,1
40,8,8,0,1
40,8,9,0,1
40,8,10,0,1
40,8,11,0,1
40,8,12,0,1
40,8,13,0,1
40,8,14,0,1
40,8,15,0,1
40,8,16,0,1
40,8,17,0,1
40,8,18,0,1
40,8,19,0,1
40,8,20,0,1
40,8,21,0,1
40,8,22,0,1
40,8,23,0,1
40,8,24,0,1
40,8,25,0,1
40,8,26,0,1
40,8,27,0,1
40,8,28,0,1
40,8,29,0,1
40,8,30,0,1
40,8,31,0,1
40,8,32,0,1
40,8,33,0,1
40,8,34,0,1
40,8,35,0,1
40,8,36,0,1
40,8,37,0,1
40,8,38,0,1
40,8,39,0,1
40,8,40,0,1
40,8,41,0,1
40,8,42,0,1
40,8,43,0,1
40,8,44,0,1
40,8,45,0,1
40,8,46,0,1
40,8,47,0,1
40,8,48,0,1
40,8,49,0,1
40,8,50,0,1
40,8,51,0,1
40,8,52,0,1
40,8,53,0,1
40,8,54,0,1
40,8,55,0,1
40,8,56,0,1
40,8,57,0,1
40,8,58,0,1
40,8,59,0,1
40,8,60,0,1
40,8,61,0,1
40,8,62,0,1
40,8,63,0,1
40,9,0,0,1
40,9,1,0,1
40,9,2,0,1
40,9,3,0,1
40,9,4,0,1
40,9,5,0,1
40,9,6,0,1
40,9,7,0,1
40,9,8,0,1
40,9,9,0,1
40,9,10,0,1
40,9,11,0,1
40,9,12,0,1
40,9,13,0,1
40,9,14,0,1
40,9,15,0,1
40,9,16,0,1
40,9,17,0,1
40,9,18,0,1
40,9,19,0,1
40,9,20,0,1
40,9,21,0,1
40,9,22,0,1
40,9,23,0,1
40,9,24,0,1
40,9,25,0,1
40,9,26,0,1
40,9,27,0,1
40,9,28,0,1
40,9,29,0,1
40,9,30,0,1
40,9,31,0,1
40,9,32,0,1
40,9,33,0,1
40,9,34,0,1
40,9,35,0,1
40,9,36,0,1
40,9,37,0,1
40,9,38,0,1
40,9,39,0,1
40,9,40,0,1
40,9,41,0,1
40,9,42,0,1
40,9,43,0,1
40,9,44,0,1
40,9,45,0,1
40,9,46,0,1
40,9,47,0,1
40,9,48,0,1
40,9,49,0,1
40,9,50,0,1
40,9,51,0,1
40,9,52,0,1
40,9,53,0,1
40,9,54,0,1
40,9,55,0,1
40,9,56,0,1
40,9,57,0,1
40,9,58,0,1
40,9,59,0,1
40,9,60,0,1
40,9,61,0,1
40,9,62,0,1
40,9,63,0,1
40,10,0,0,1
40,10,1,0,1
40,10,2,0,1
40,10,3,0,1
40,10,4,0,1
40,10,5,0,1
40,10,6,0,1
40,10,7,0,1
40,10,8,0,1
40,10,9,0,1
40,10,10,0,1
40,10,11,0,1
40,10,12,0,1
40,10,13,0,1
40,10,14,0,1
40,10,15,0,1
40,10,16,0,1
40,10,17,0,1
40,10,18,0,1
40,10,19,0,1
40,10,20,0,1
40,10,21,0,1
40,10,22,0,1
40,10,23,0,1
40,10,24,0,1
40,10,25,0,1
40,10,26,0,1
40,10,27,0,1
40,10,28,0,1
40,10,29,0,1
40,10,30,0,1
40,10,31,0,1
40,10,32,0,1
40,10,33,0,1
40,10,34,0,1
40,10,35,0,1
40,10,36,0,1
40,10,37,0,1
40,10,38,0,1
40,10,39,0,1
40,10,40,0,1
40,10,41,0,1
40,10,42,0,1
40,10,43,0,1
40,10,44,0,1
40,10,45,0,1
40,10,46,0,1
40,10,47,0,1
40,10,48,0,1
40,10,49,0,1
40,10,50,0,1
40,10,51,0,1
40,10,52,0,1
40,10,53,0,1
40,10,54,0,1
40,10,55,0,1
40,10,56,0,1
40,10,57,0,1
40,10,58,0,1
40,10,59,0,1
40,10,60,0,1
40,10,61,0,1
40,10,62,0,1
40,10,63,0,1
40,11,0,0,1
40,11,1,0,1
40,11,2,0,1
40,11,3,0,1
40,11,4,0,1
40,11,5,0,1
40,11,6,0,1
40,11,7,0,1
40,11,8,0,1
40,11,9,0,1
40,11,10,0,1
40,11,11,0,1
40,11,12,0,1
40,11,13,0,1
40,11,14,0,1
40,11,15,0,1
40,11,16,0,1
40,11,17,0,1
40,11,18,0,1
40,11,19,0,1
40,11,20,0,1
40,11,21,0,1
40,11,22,0,1
40,11,23,0,1
40,11,24,0,1
40,11,25,0,1
40,11,26,0,1
40,11,27,0,1
40,11,28,0,1
40,11,29,0,1
40,11,30,0,1
40,11,31,0,1
40,11,32,0,1
40,11,33,0,1
40,11,34,0,1
40,11,35,0,1
40,11,36,0,1
40,11,37,0,1
40,11,38,0,1
40,11,39,0,1
40,11,40,0,1
40,11,41,0,1
40,11,42,0,1
40,11,43,0,1
40,11,44,0,1
40,11,45,0,1
40,11,46,0,1
40,11,47,0,1
40,11,48,0,1
40,11,49,0,1
40,11,50,0,1
40,11,51,0,1
40,11,52,0,1
40,11,53,0,1
40,11,54,0,1
40,11,55,0,1
40,11,56,0,1
40,11,57,0,1
40,11,58,0,1
40,11,59,0,1
40,11,60,0,1
40,11,61,0,1
40,11,62,0,1
40,11,63,0,1
40,12,0,0,1
40,12,1,0,1
40,12,2,0,1
40,12,3,0,1
40,12,4,0,1
40,12,5,0,1
40,12,6,0,1
40,12,7,0,1
40,12,8,0,1
40,12,9,0,1
40,12,10,0,1
40,12,11,0,1
40,12,12,0,1
40,12,13,0,1
40,12,14,0,1
40,12,15,0,1
40,12,16,0,1
40,12,17,0,1
40,12,18,0,1
40,12,19,0,1
40,12,20,0,1
40,12,21,0,1
40,12,22,0,1
40,12,23,0,1
40,12,24,0,1
40,12,25,0,1
40,12,26,0,1
40,12,27,0,1
40,12,28,0,1
40,12,29,0,1
40,12,30,0,1
40,12,31,0,1
40,12,32,0,1
40,12,33,0,1
40,12,34,0,1
40,12,35,0,1
40,12,36,0,1
40,12,37,0,1
40,12,38,0,1
40,12,39,0,1
40,12,40,0,1
40,12,41,0,1
40,12,42,0,1
40,12,43,0,1
40,12,44,0,1
40,12,45,0,1
40,12,46,0,1
40,12,47,0,1
40,12,48,0,1
40,12,49,0,1
40,12,50,0,1
40,12,51,0,1
40,12,52,0,1
40,12,53,0,1
40,12,54,0,1
40,12,55,0,1
40,12,56,0,1
40,12,57,0,1
40,12,58,0,1
40,12,59,0,1
40,12,60,0,1
40,12,61,0,1
40,12,62,0,1
40,12,63,0,1
40,13,0,0,1
40,13,1,0,1
40,13,2,0,1
40,13,3,0,1
40,13,4,0,1
40,13,5,0,1
40,13,6,0,1
40,13,7,0,1
40,13,8,0,1
40,13,9,0,1
40,13,10,0,1
40,13,11,0,1
40,13,12,0,1
40,13,13,0,1
40,13,14,0,1
40,13,15,0,1
40,13,16,0,1
40,13,17,0,1
40,13,18,0,1
40,13,19,0,1
40,13,20,0,1
40,13,21,0,1
40,13,22,0,1
40,13,23,0,1
40,13,24,0,1
40,13,25,0,1
40,13,26,0,1
40,13,27,0,1
40,13,28,0,1
40,13,29,0,1
40,13,30,0,1
40,13,31,0,1
40,13,32,0,1
40,13,33,0,1
40,13,34,0,1
40,13,35,0,1
40,13,36,0,1
40,13,37,0,1
40,13,38,0,1
40,13,39,0,1
40,13,40,0,1
40,13,41,0,1
40,13,42,0,1
40,13,43,0,1
40,13,44,0,1
40,13,45,0,1
40,13,46,0,1
40,13,47,0,1
40,13,48,0,1
40,13,49,0,1
40,13,50,0,1
40,13,51,0,1
40,13,52,0,1
40,13,53,0,1
40,13,54,0,1
40,13,55,0,1
40,13,56,0,1
40,13,57,0,1
40,13,58,0,1
40,13,59,0,1
40,13,60,0,1
40,13,61,0,1
40,13,62,0,1
40,13,63,0,1
40,14,0,0,1
40,14,1,0,1
40,14,2,0,1
40,14,3,0,1
40,14,4,0,1
40,14,5,0,1
40,14,6,0,1
40,14,7,0,1
40,14,8,0,1
40,14,9,0,1
40,14,10,0,1
40,14,11,0,1
40,14,12,0,1
40,14,13,0,1
40,14,14,0,1
40,14,15,0,1
40,14,16,0,1
40,14,17,0,1
40,14,18,0,1
40,14,19,0,1
40,14,20,0,1
40,14,21,0,1
40,14,22,0,1
40,14,23,0,1
40,14,24,0,1
40,14,25,0,1
40,14,26,0,1
40,14,27,0,1
40,14,28,0,1
40,14,29,0,1
40,14,30,0,1
40,14,31,0,1
40,14,32,0,1
40,14,33,0,1
40,14,34,0,1
40,14,35,0,1
40,14,36,0,1
40,14,37,0,1
40,14,38,0,1
40,14,39,0,1
40,14,40,0,1
40,14,41,0,1
40,14,42,0,1
40,14,43,0,1
40,14,44,0,1
40,14,45,0,1
40,14,46,0,1
40,14,47,0,1
40,14,48,0,1
40,14,49,0,1
40,14,50,0,1
40,14,51,0,1
40,14,52,0,1
40,14,53,0,1
40,14,54,0,1
40,14,55,0,1
40,14,56,0,1
40,14,57,0,1
40,14,58,0,1
40,14,59,0,1
40,14,60,0,1
40,14,61,0,1
40,14,62,0,1
40,14,63,0,1
40,15,0,0,1
40,15,1,0,1
40,15,2,0,1
40,15,3,0,1
40,15,4,0,1
40,15,5,0,1
40,15,6,0,1
40,15,7,0,1
40,15,8,0,1
40,15,9,0,1
40,15,10,0,1
40,15,11,0,1
40,15,12,0,1
40,15,13,0,1
40,15,14,0,1
40,15,15,0,1
40,15,16,0,1
40,15,17,0,1
40,15,18,0,1
40,15,19,0,1
40,15,20,0,1
40,15,21,0,1
40,15,22,0,1
40,15,23,0,1
40,15,24,0,1
40,15,25,0,1
40,15,26,0,1
40,15,27,0,1
40,15,28,0,1
40,15,29,0,1
40,15,30,0,1
40,15,31,0,1
40,15,32,0,1
40,15,33,0,1
40,15,34,0,1
40,15,35,0,1
40,15,36,0,1
40,15,37,0,1
40,15,38,0,1
40,15,39,0,1
40,15,40,0,1
40,15,41,0,1
40,15,42,0,1
40,15,43,0,1
40,15,44,0,1
40,15,45,0,1
40,15,46,0,1
40,15,47,0,1
40,15,48,0,1
40,15,49,0,1
40,15,50,0,1
40,15,51,0,1
40,15,52,0,1
40,15,53,0,1
40,15,54,0,1
40,15,55,0,1
40,15,56,0,1
40,15,57,0,1
40,15,58,0,1
40,15,59,0,1
40,15,60,0,1
40,15,61,0,1
40,15,62,0,1
40,15,63,0,1
40,16,0,0,1
40,16,1,0,1
40,16,2,0,1
40,16,3,0,1
40,16,4,0,1
40,16,5,0,1
40,16,6,0,1
40,16,7,0,1
40,16,8,0,1
40,16,9,0,1
40,16,10,0,1
40,16,11,0,1
40,16,12,0,1
40,16,13,0,1
40,16,14,0,1
40,16,15,0,1
40,16,16,0,1
40,16,17,0,1
40,16,18,0,1
40,16,19,0,1
40,16,20,0,1
40,16,21,0,1
40,16,22,0,1
40,16,23,0,1
40,16,24,0,1
40,16,25,0,1
40,16,26,0,1
40,16,27,0,1
40,16,28,0,1
40,16,29,0,1
40,16,30,0,1
40,16,31,0,1
40,16,32,0,1
40,16,33,0,1
40,16,34,0,1
40,16,35,0,1
40,16,36,0,1
40,16,37,0,1
40,16,38,0,1
40,16,39,0,1
40,16,40,0,1
40,16,41,0,1
40,16,42,0,1
40,16,43,0,1
40,16,44,0,1
40,16,45,0,1
40,16,46,0,1
40,16,47,0,1
40,16,48,0,1
40,16,49,0,1
40,16,50,0,1
40,16,51,0,1
40,16,52,0,1
40,16,53,0,1
40,16,54,0,1
40,16,55,0,1
40,16,56,0,1
40,16,57,0,1
40,16,58,0,1
40,16,59,0,1
40,16,60,0,1
40,16,61,0,1
40,16,62,0,1
40,16,63,0,1
40,17,0,0,1
40,17,1,0,1
40,17,2,0,1
40,17,3,0,1
40,17,4,0,1
40,17,5,0,1
40,17,6,0,1
40,17,7,0,1
40,17,8,0,1
40,17,9,0,1
40,17,10,0,1
40,17,11,0,1
40,17,12,0,1
40,17,13,0,1
40,17,14,0,1
40,17,15,0,1
40,17,16,0,1
40,17,17,0,1
40,17,18,0,1
40,17,19,0,1
40,17,20,0,1
40,17,21,0,1
40,17,22,0,1
40,17,23,0,1
40,17,24,0,1
40,17,25,0,1
40,17,26,0,1
40,17,27,0,1
40,17,28,0,1
40,17,29,0,1
40,17,30,0,1
40,17,31,0,1
40,17,32,0,1
40,17,33,0,1
40,17,34,0,1
40,17,35,0,1
40,17,36,0,1
40,17,37,0,1
40,17,38,0,1
40,17,39,0,1
40,17,40,0,1
40,17,41,0,1
40,17,42,0,1
40,17,43,0,1
40,17,44,0,1
40,17,45,0,1
40,17,46,0,1
40,17,47,0,1
40,17,48,0,1
40,17,49,0,1
40,17,50,0,1
40,17,51,0,1
40,17,52,0,1
40,17,53,0,1
40,17,54,0,1
40,17,55,0,1
40,17,56,0,1
40,17,57,0,1
40,17,58,0,1
40,17,59,0,1
40,17,60,0,1
40,17,61,0,1
40,17,62,0,1
40,17,63,0,1
40,18,0,0,1
40,18,1,0,1
40,18,2,0,1
40,18,3,0,1
40,18,4,0,1
40,18,5,0,1
40,18,6,0,1
40,18,7,0,1
40,18,8,0,1
40,18,9,0,1
40,18,10,0,1
40,18,11,0,1
40,18,12,0,1
40,18,13,0,1
40,18,14,0,1
40,18,15,0,1
40,18,16,0,1
40,18,17,0,1
40,18,18,0,1
40,18,19,0,1
40,18,20,0,1
40,18,21,0,1
40,18,22,0,1
40,18,23,0,1
40,18,24,0,1
40,18,25,0,1
40,18,26,0,1
40,18,27,0,1
40,18,28,0,1
40,18,29,0,1
40,18,30,0,1
40,18,31,0,1
40,18,32,0,1
40,18,33,0,1
40,18,34,0,1
40,18,35,0,1
40,18,36,0,1
40,18,37,0,1
40,18,38,0,1
40,18,39,0,1
40,18,40,0,1
40,18,41,0,1
40,18,42,0,1
40,18,43,0,1
40,18,44,0,1
40,18,45,0,1
40,18,46,0,1
40,18,47,0,1
40,18,48,0,1
40,18,49,0,1
40,18,50,0,1
40,18,51,0,1
40,18,52,0,1
40,18,53,0,1
40,18,54,0,1
40,18,55,0,1
40,18,56,0,1
40,18,57,0,1
40,18,58,0,1
40,18,59,0,1
40,18,60,0,1
40,18,61,0,1
40,18,62,0,1
40,18,63,0,1
40,19,0,0,1
40,19,1,0,1
40,19,2,0,1
40,19,3,0,1
40,19,4,0,1
40,19,5,0,1
40,19,6,0,1
40,19,7,0,1
40,19,8,0,1
40,19,9,0,1
40,19,10,0,1
40,19,11,0,1
40,19,12,0,1
40,19,13,0,1
40,19,14,0,1
40,19,15,0,1
40,19,16,0,1
40,19,17,0,1
40,19,18,0,1
40,19,19,0,1
40,19,20,0,1
40,19,21,0,1
40,19,22,0,1
40,19,23,0,1
40,19,24,0,1
40,19,25,0,1
40,19,26,0,1
40,19,27,0,1
40,19,28,0,1
40,19,29,0,1
40,19,30,0,1
40,19,31,0,1
40,19,32,0,1
40,19,33,0,1
40,19,34,0,1
40,19,35,0,1
40,19,36,0,1
40,19,37,0,1
40,19,38,0,1
40,19,39,0,1
40,19,40,0,1
40,19,41,0,1
40,19,42,0,1
40,19,43,0,1
40,19,44,0,1
40,19,45,0,1
40,19,46,0,1
40,19,47,0,1
40,19,48,0,1
40,19,49,0,1
40,19,50,0,1
40,19,51,0,1
40,19,52,0,1
40,19,53,0,1
40,19,54,0,1
40,19,55,0,1
40,19,56,0,1
40,19,57,0,1
40,19,58,0,1
40,19,59,0,1
40,19,60,0,1
40,19,61,0,1
40,19,62,0,1
40,19,63,0,1
40,20,0,0,1
40,20,1,0,1
40,20,2,0,1
40,20,3,0,1
40,20,4,0,1
40,20,5,0,1
40,20,6,0,1
40,20,7,0,1
40,20,8,0,1
40,20,9,0,1
40,20,10,0,1
40,20,11,0,1
40,20,12,0,1
40,20,13,0,1
40,20,14,0,1
40,20,15,0,1
40,20,16,0,1
40,20,17,0,1
40,20,18,0,1
40,20,19,0,1
40,20,20,0,1
40,20,21,0,1
40,20,22,0,1
40,20,23,0,1
40,20,24,0,1
40,20,25,0,1
40,20,26,0,1
40,20,27,0,1
40,20,28,0,1
40,20,29,0,1
40,20,30,0,1
40,20,31,0,1
40,20,32,0,1
40,20,33,0,1
40,20,34,0,1
40,20,35,0,1
40,20,36,0,1
40,20,37,0,1
40,20,38,0,1
40,20,39,0,1
40,20,40,0,1
40,20,41,0,1
40,20,42,0,1
40,20,43,0,1
40,20,44,0,1
40,20,45,0,1
40,20,46,0,1
40,20,47,0,1
40,20,48,0,1
40,20,49,0,1
40,20,50,0,1
40,20,51,0,1
40,20,52,0,1
40,20,53,0,1
40,20,54,0,1
40,20,55,0,1
40,20,56,0,1
40,20,57,0,1
40,20,58,0,1
40,20,59,0,1
40,20,60,0,1
40,20,61,0,1
40,20,62,0,1
40,20,63,0,1
40,21,0,0,1
40,21,1,0,1
40,21,2,0,1
40,21,3,0,1
40,21,4,0,1
40,21,5,0,1
40,21,6,0,1
40,21,7,0,1
40,21,8,0,1
40,21,9,0,1
40,21,10,0,1
40,21,11,0,1
40,21,12,0,1
40,21,13,0,1
40,21,14,0,1
40,21,15,0,1
40,21,16,0,1
40,21,17,0,1
40,21,18,0,1
40,21,19,0,1
40,21,20,0,1
40,21,21,0,1
40,21,22,0,1
40,21,23,0,1
40,21,24,0,1
40,21,25,0,1
40,21,26,0,1
40,21,27,0,1
40,21,28,0,1
40,21,29,0,1
40,21,30,0,1
40,21,31,0,1
40,21,32,0,1
40,21,33,0,1
40,21,34,0,1
40,21,35,0,1
40,21,36,0,1
40,21,37,0,1
40,21,38,0,1
40,21,39,0,1
40,21,40,0,1
40,21,41,0,1
40,21,42,0,1
40,21,43,0,1
40,21,44,0,1
40,21,45,0,1
40,21,46,0,1
40,21,47,0,1
40,21,48,0,1
40,21,49,0,1
40,21,50,0,1
40,21,51,0,1
40,21,52,0,1
40,21,53,0,1
40,21,54,0,1
40,21,55,0,1
40,21,56,0,1
40,21,57,0,1
40,21,58,0,1
40,21,59,0,1
40,21,60,0,1
40,21,61,0,1
40,21,62,0,1
40,21,63,0,1
40,22,0,0,1
40,22,1,0,1
40,22,2,0,1
40,22,3,0,1
40,22,4,0,1
40,22,5,0,1
40,22,6,0,1
40,22,7,0,1
40,22,8,0,1
40,22,9,0,1
40,22,10,0,1
40,22,11,0,1
40,22,12,0,1
40,22,13,0,1
40,22,14,0,1
40,22,15,0,1
40,22,16,0,1
40,22,17,0,1
40,22,18,0,1
40,22,19,0,1
40,22,20,0,1
40,22,21,0,1
40,22,22,0,1
40,22,23,0,1
40,22,24,0,1
40,22,25,0,1
40,22,26,0,1
40,22,27,0,1
40,22,28,0,1
40,22,29,0,1
40,22,30,0,1
40,22,31,0,1
40,22,32,0,1
40,22,33,0,1
40,22,34,0,1
40,22,35,0,1
40,22,36,0,1
40,22,37,0,1
40,22,38,0,1
40,22,39,0,1
40,22,40,0,1
40,22,41,0,1
40,22,42,0,1
40,22,43,0,1
40,22,44,0,1
40,22,45,0,1
40,22,46,0,1
40,22,47,0,1
40,22,48,0,1
40,22,49,0,1
40,22,50,0,1
40,22,51,0,1
40,22,52,0,1
40,22,53,0,1
40,22,54,0,1
40,22,55,0,1
40,22,56,0,1
40,22,57,0,1
40,22,58,0,1
40,22,59,0,1
40,22,60,0,1
40,22,61,0,1
40,22,62,0,1
40,22,63,0,1
40,23,0,0,1
40,23,1,0,1
40,23,2,0,1
40,23,3,0,1
40,23,4,0,1
40,23,5,0,1
40,23,6,0,1
40,23,7,0,1
40,23,8,0,1
40,23,9,0,1
40,23,10,0,1
40,23,11,0,1
40,23,12,0,1
40,23,13,0,1
40,23,14,0,1
40,23,15,0,1
40,23,16,0,1
40,23,17,0,1
40,23,18,0,1
40,23,19,0,1
40,23,20,0,1
40,23,21,0,1
40,23,22,0,1
40,23,23,0,1
40,23,24,0,1
40,23,25,0,1
40,23,26,0,1
40,23,27,0,1
40,23,28,0,1
40,23,29,0,1
40,23,30,0,1
40,23,31,0,1
40,23,32,0,1
40,23,33,0,1
40,23,34,0,1
40,23,35,0,1
40,23,36,0,1
40,23,37,0,1
40,23,38,0,1
40,23,39,0,1
40,23,40,0,1
40,23,41,0,1
40,23,42,0,1
40,23,43,0,1
40,23,44,0,1
40,23,45,0,1
40,23,46,0,1
40,23,47,0,1
40,23,48,0,1
40,23,49,0,1
40,23,50,0,1
40,23,51,0,1
40,23,52,0,1
40,23,53,0,1
40,23,54,0,1
40,23,55,0,1
40,23,56,0,1
40,23,57,0,1
40,23,58,0,1
40,23,59,0,1
40,23,60,0,1
40,23,61,0,1
40,23,62,0,1
40,23,63,0,1
40,24,0,0,1
40,24,1,0,1
40,24,2,0,1
40,24,3,0,1
40,24,4,0,1
40,24,5,0,1
40,24,6,0,1
40,24,7,0,1
40,24,8,0,1
40,24,9,0,1
40,24,10,0,1
40,24,11,0,1
40,24,12,0,1
40,24,13,0,1
40,24,14,0,1
40,24,15,0,1
40,24,16,0,1
40,24,17,0,1
40,24,18,0,1
40,24,19,0,1
40,24,20,0,1
40,24,21,0,1
40,24,22,0,1
40,24,23,0,1
40,24,24,0,1
40,24,25,0,1
40,24,26,0,1
40,24,27,0,1
40,24,28,0,1
40,24,29,0,1
40,24,30,0,1
40,24,31,0,1
40,24,32,0,1
40,24,33,0,1
40,24,34,0,1
40,24,35,0,1
40,24,36,0,1
40,24,37,0,1
40,24,38,0,1
40,24,39,0,1
40,24,40,0,1
40,24,41,0,1
40,24,42,0,1
40,24,43,0,1
40,24,44,0,1
40,24,45,0,1
40,24,46,0,1
40,24,47,0,1
40,24,48,0,1
40,24,49,0,1
40,24,50,0,1
40,24,51,0,1
40,24,52,0,1
40,24,53,0,1
40,24,54,0,1
40,24,55,0,1
40,24,56,0,1
40,24,57,0,1
40,24,58,0,1
40,24,59,0,1
40,24,60,0,1
40,24,61,0,1
40,24,62,0,1
40,24,63,0,1
40,25,0,0,1
40,25,1,0,1
40,25,2,0,1
40,25,3,0,1
40,25,4,0,1
40,25,5,0,1
40,25,6,0,1
40,25,7,0,1
40,25,8,0,1
40,25,9,0,1
40,25,10,0,1
40,25,11,0,1
40,25,12,0,1
40,25,13,0,1
40,25,14,0,1
40,25,15,0,1
40,25,16,0,1
40,25,17,0,1
40,25,18,0,1
40,25,19,0,1
40,25,20,0,1
40,25,21,0,1
40,25,22,0,1
40,25,23,0,1
40,25,24,0,1
40,25,25,0,1
40,25,26,0,1
40,25,27,0,1
40,25,28,0,1
40,25,29,0,1
40,25,30,0,1
40,25,31,0,1
40,25,32,0,1
40,25,33,0,1
40,25,34,0,1
40,25,35,0,1
40,25,36,0,1
40,25,37,0,1
40,25,38,0,1
40,25,39,0,1
40,25,40,0,1
40,25,41,0,1
40,25,42,0,1
40,25,43,0,1
40,25,44,0,1
40,25,45,0,1
40,25,46,0,1
40,25,47,0,1
40,25,48,0,1
40,25,49,0,1
40,25,50,0,1
40,25,51,0,1
40,25,52,0,1
40,25,53,0,1
40,25,54,0,1
40,25,55,0,1
40,25,56,0,1
40,25,57,0,1
40,25,58,0,1
40,25,59,0,1
40,25,60,0,1
40,25,61,0,1
40,25,62,0,1
40,25,63,0,1
40,26,0,0,1
40,26,1,0,1
40,26,2,0,1
40,26,3,0,1
40,26,4,0,1
40,26,5,0,1
40,26,6,0,1
40,26,7,0,1
40,26,8,0,1
40,26,9,0,1
40,26,10,0,1
40,26,11,0,1
40,26,12,0,1
40,26,13,0,1
40,26,14,0,1
40,26,15,0,1
40,26,16,0,1
40,26,17,0,1
40,26,18,0,1
40,26,19,0,1
40,26,20,0,1
40,26,21,0,1
40,26,22,0,1
40,26,23,0,1
40,26,24,0,1
40,26,25,0,1
40,26,26,0,1
40,26,27,0,1
40,26,28,0,1
40,26,29,0,1
40,26,30,0,1
40,26,31,0,1
40,26,32,0,1
40,26,33,0,1
40,26,34,0,1
40,26,35,0,1
40,26,36,0,1
40,26,37,0,1
40,26,38,0,1
40,26,39,0,1
40,26,40,0,1
40,26,41,0,1
40,26,42,0,1
40,26,43,0,1
40,26,44,0,1
40,26,45,0,1
40,26,46,0,1
40,26,47,0,1
40,26,48,0,1
40,26,49,0,1
40,26,50,0,1
40,26,51,0,1
40,26,52,0,1
40,26,53,0,1
40,26,54,0,1
40,26,55,0,1
40,26,56,0,1
40,26,57,0,1
40,26,58,0,1
40,26,59,0,1
40,26,60,0,1
40,26,61,0,1
40,26,62,0,1
40,26,63,0,1
40,27,0,0,1
40,27,1,0,1
40,27,2,0,1
40,27,3,0,1
40,27,4,0,1
40,27,5,0,1
40,27,6,0,1
40,27,7,0,1
40,27,8,0,1
40,27,9,0,1
40,27,10,0,1
40,27,11,0,1
40,27,12,0,1
40,27,13,0,1
40,27,14,0,1
40,27,15,0,1
40,27,16,0,1
40,27,17,0,1
40,27,18,0,1
40,27,19,0,1
40,27,20,0,1
40,27,21,0,1
40,27,22,0,1
40,27,23,0,1
40,27,24,0,1
40,27,25,0,1
40,27,26,0,1
40,27,27,0,1
40,27,28,0,1
40,27,29,0,1
40,27,30,0,1
40,27,31,0,1
40,27,32,0,1
40,27,33,0,1
40,27,34,0,1
40,27,35,0,1
40,27,36,0,1
40,27,37,0,1
40,27,38,0,1
40,27,39,0,1
40,27,40,0,1
40,27,41,0,1
40,27,42,0,1
40,27,43,0,1
40,27,44,0,1
40,27,45,0,1
40,27,46,0,1
40,27,47,0,1
40,27,48,0,1
40,27,49,0,1
40,27,50,0,1
40,27,51,0,1
40,27,52,0,1
40,27,53,0,1
40,27,54,0,1
40,27,55,0,1
40,27,56,0,1
40,27,57,0,1
40,27,58,0,1
40,27,59,0,1
40,27,60,0,1
40,27,61,0,1
40,27,62,0,1
40,27,63,0,1
40,28,0,0,1
40,28,1,0,1
40,28,2,0,1
40,28,3,0,1
40,28,4,0,1
40,28,5,0,1
40,28,6,0,1
40,28,7,0,1
40,28,8,0,1
40,28,9,0,1
40,28,10,0,1
40,28,11,0,1
40,28,12,0,1
40,28,13,0,1
40,28,14,0,1
40,28,15,0,1
40,28,16,0,1
40,28,17,0,1
40,28,18,0,1
40,28,19,0,1
40,28,20,0,1
40,28,21,0,1
40,28,22,0,1
40,28,23,0,1
40,28,24,0,1
40,28,25,0,1
40,28,26,0,1
40,28,27,0,1
40,28,28,0,1
40,28,29,0,1
40,28,30,0,1
40,28,31,0,1
40,28,32,0,1
40,28,33,0,1
40,28,34,0,1
40,28,35,0,1
40,28,36,0,1
40,28,37,0,1
40,28,38,0,1
40,28,39,0,1
40,28,40,0,1
40,28,41,0,1
40,28,42,0,1
40,28,43,0,1
40,28,44,0,1
40,28,45,0,1
40,28,46,0,1
40,28,47,0,1
40,28,48,0,1
40,28,49,0,1
40,28,50,0,1
40,28,51,0,1
40,28,52,0,1
40,28,53,0,1
40,28,54,0,1
40,28,55,0,1
40,28,56,0,1
40,28,57,0,1
40,28,58,0,1
40,28,59,0,1
40,28,60,0,1
40,28,61,0,1
40,28,62,0,1
40,28,63,0,1
40,29,0,0,1
40,29,1,0,1
40,29,2,0,1
40,29,3,0,1
40,29,4,0,1
40,29,5,0,1
40,29,6,0,1
40,29,7,0,1
40,29,8,0,1
40,29,9,0,1
40,29,10,0,1
40,29,11,0,1
40,29,12,0,1
40,29,13,0,1
40,29,14,0,1
40,29,15,0,1
40,29,16,0,1
40,29,17,0,1
40,29,18,0,1
40,29,19,0,1
40,29,20,0,1
40,29,21,0,1
40,29,22,0,1
40,29,23,0,1
40,29,24,0,1
40,29,25,0,1
40,29,26,0,1
40,29,27,0,1
40,29,28,0,1
40,29,29,0,1
40,29,30,0,1
40,29,31,0,1
40,29,32,0,1
40,29,33,0,1
40,29,34,0,1
40,29,35,0,1
40,29,36,0,1
40,29,37,0,1
40,29,38,0,1
40,29,39,0,1
40,29,40,0,1
40,29,41,0,1
40,29,42,0,1
40,29,43,0,1
40,29,44,0,1
40,29,45,0,1
40,29,46,0,1
40,29,47,0,1
40,29,48,0,1
40,29,49,0,1
40,29,50,0,1
40,29,51,0,1
40,29,52,0,1
40,29,53,0,1
40,29,54,0,1
40,29,55,0,1
40,29,56,0,1
40,29,57,0,1
40,29,58,0,1
40,29,59,0,1
40,29,60,0,1
40,29,61,0,1
40,29,62,0,1
40,29,63,0,1
40,30,0,0,1
40,30,1,0,1
40,30,2,0,1
40,30,3,0,1
40,30,4,0,1
40,30,5,0,1
40,30,6,0,1
40,30,7,0,1
40,30,8,0,1
40,30,9,0,1
40,30,10,0,1
40,30,11,0,1
40,30,12,0,1
40,30,13,0,1
40,30,14,0,1
40,30,15,0,1
40,30,16,0,1
40,30,17,0,1
40,30,18,0,1
40,30,19,0,1
40,30,20,0,1
40,30,21,0,1
40,30,22,0,1
40,30,23,0,1
40,30,24,0,1
40,30,25,0,1
40,30,26,0,1
40,30,27,0,1
40,30,28,0,1
40,30,29,0,1
40,30,30,0,1
40,30,31,0,1
40,30,32,0,1
40,30,33,0,1
40,30,34,0,1
40,30,35,0,1
40,30,36,0,1
40,30,37,0,1
40,30,38,0,1
40,30,39,0,1
40,30,40,0,1
40,30,41,0,1
40,30,42,0,1
40,30,43,0,1
40,30,44,0,1
40,30,45,0,1
40,30,46,0,1
40,30,47,0,1
40,30,48,0,1
40,30,49,0,1
40,30,50,0,1
40,30,51,0,1
40,30,52,0,1
40,30,53,0,1
40,30,54,0,1
40,30,55,0,1
40,30,56,0,1
40,30,57,0,1
40,30,58,0,1
40,30,59,0,1
40,30,60,0,1
40,30,61,0,1
40,30,62,0,1
40,30,63,0,1
40,31,0,0,1
40,31,1,0,1
40,31,2,0,1
40,31,3,0,1
40,31,4,0,1
40,31,5,0,1
40,31,6,0,1
40,31,7,0,1
40,31,8,0,1
40,31,9,0,1
40,31,10,0,1
40,31,11,0,1
40,31,12,0,1
40,31,13,0,1
40,31,14,0,1
40,31,15,0,1
40,31,16,0,1
40,31,17,0,1
40,31,18,0,1
40,31,19,0,1
40,31,20,0,1
40,31,21,0,1
40,31,22,0,1
40,31,23,0,1
40,31,24,0,1
40,31,25,0,1
40,31,26,0,1
40,31,27,0,1
40,31,28,0,1
40,31,29,0,1
40,31,30,0,1
40,31,31,0,1
40,31,32,0,1
40,31,33,0,1
40,31,34,0,1
40,31,35,0,1
40,31,36,0,1
40,31,37,0,1
40,31,38,0,1
40,31,39,0,1
40,31,40,0,1
40,31,41,0,1
40,31,42,0,1
40,31,43,0,1
40,31,44,0,1
40,31,45,0,1
40,31,46,0,1
40,31,47,0,1
40,31,48,0,1
40,31,49,0,1
40,31,50,0,1
40,31,51,0,1
40,31,52,0,1
40,31,53,0,1
40,31,54,0,1
40,31,55,0,1
40,31,56,0,1
40,31,57,0,1
40,31,58,0,1
40,31,59,0,1
40,31,60,0,1
40,31,61,0,1
40,31,62,0,1
40,31,63,0,1
40,32,0,0,1
40,32,1,0,1
40,32,2,0,1
40,32,3,0,1
40,32,4,0,1
40,32,5,0,1
40,32,6,0,1
40,32,7,0,1
40,32,8,0,1
40,32,9,0,1
40,32,10,0,1
40,32,11,0,1
40,32,12,0,1
40,32,13,0,1
40,32,14,0,1
40,32,15,0,1
40,32,16,0,1
40,32,17,0,1
40,32,18,0,1
40,32,19,0,1
40,32,20,0,1
40,32,21,0,1
40,32,22,0,1
40,32,23,0,1
40,32,24,0,1
40,32,25,0,1
40,32,26,0,1
40,32,27,0,1
40,32,28,0,1
40,32,29,0,1
40,32,30,0,1
40,32,31,0,1
40,32,32,0,1
40,32,33,0,1
40,32,34,0,1
40,32,35,0,1
40,32,36,0,1
40,32,37,0,1
40,32,38,0,1
40,32,39,0,1
40,32,40,0,1
40,32,41,0,1
40,32,42,0,1
40,32,43,0,1
40,32,44,0,1
40,32,45,0,1
40,32,46,0,1
40,32,47,0,1
40,32,48,0,1
40,32,49,0,1
40,32,50,0,1
40,32,51,0,1
40,32,52,0,1
40,32,53,0,1
40,32,54,0,1
40,32,55,0,1
40,32,56,0,1
40,32,57,0,1
40,32,58,0,1
40,32,59,0,1
40,32,60,0,1
40,32,61,0,1
40,32,62,0,1
40,32,63,0,1
40,33,0,0,1
40,33,1,0,1
40,33,2,0,1
40,33,3,0,1
40,33,4,0,1
40,33,5,0,1
40,33,6,0,1
40,33,7,0,1
40,33,8,0,1
40,33,9,0,1
40,33,10,0,1
40,33,11,0,1
40,33,12,0,1
40,33,13,0,1
40,33,14,0,1
40,33,15,0,1
40,33,16,0,1
40,33,17,0,1
40,33,18,0,1
40,33,19,0,1
40,33,20,0,1
40,33,21,0,1
40,33,22,0,1
40,33,23,0,1
40,33,24,0,1
40,33,25,0,1
40,33,26,0,1
40,33,27,0,1
40,33,28,0,1
40,33,29,0,1
40,33,30,0,1
40,33,31,0,1
40,33,32,0,1
40,33,33,0,1
40,33,34,0,1
40,33,35,0,1
40,33,36,0,1
40,33,37,0,1
40,33,38,0,1
40,33,39,0,1
40,33,40,0,1
40,33,41,0,1
40,33,42,0,1
40,33,43,0,1
40,33,44,0,1
40,33,45,0,1
40,33,46,0,1
40,33,47,0,1
40,33,48,0,1
40,33,49,0,1
40,33,50,0,1
40,33,51,0,1
40,33,52,0,1
40,33,53,0,1
40,33,54,0,1
40,33,55,0,1
40,33,56,0,1
40,33,57,0,1
40,33,58,0,1
40,33,59,0,1
40,33,60,0,1
40,33,61,0,1
40,33,62,0,1
40,33,63,0,1
40,34,0,0,1
40,34,1,0,1
40,34,2,0,1
40,34,3,0,1
40,34,4,0,1
40,34,5,0,1
40,34,6,0,1
40,34,7,0,1
40,34,8,0,1
40,34,9,0,1
40,34,10,0,1
40,34,11,0,1
40,34,12,0,1
40,34,13,0,1
40,34,14,0,1
40,34,15,0,1
40,34,16,0,1
40,34,17,0,1
40,34,18,0,1
40,34,19,0,1
40,34,20,0,1
40,34,21,0,1
40,34,22,0,1
40,34,23,0,1
40,34,24,0,1
40,34,25,0,1
40,34,26,0,1
40,34,27,0,1
40,34,28,0,1
40,34,29,0,1
40,34,30,0,1
40,34,31,0,1
40,34,32,0,1
40,34,33,0,1
40,34,34,0,1
40,34,35,0,1
40,34,36,0,1
40,34,37,0,1
40,34,38,0,1
40,34,39,0,1
40,34,40,0,1
40,34,41,0,1
40,34,42,0,1
40,34,43,0,1
40,34,44,0,1
40,34,45,0,1
40,34,46,0,1
40,34,47,0,1
40,34,48,0,1
40,34,49,0,1
40,34,50,0,1
40,34,51,0,1
40,34,52,0,1
40,34,53,0,1
40,34,54,0,1
40,34,55,0,1
40,34,56,0,1
40,34,57,0,1
40,34,58,0,1
40,34,59,0,1
40,34,60,0,1
40,34,61,0,1
40,34,62,0,1
40,34,63,0,1
40,35,0,0,1
40,35,1,0,1
40,35,2,0,1
40,35,3,0,1
40,35,4,0,1
40,35,5,0,1
40,35,6,0,1
40,35,7,0,1
40,35,8,0,1
40,35,9,0,1
40,35,10,0,1
40,35,11,0,1
40,35,12,0,1
40,35,13,0,1
40,35,14,0,1
40,35,15,0,1
40,35,16,0,1
40,35,17,0,1
40,35,18,0,1
40,35,19,0,1
40,35,20,0,1
40,35,21,0,1
40,35,22,0,1
40,35,23,0,1
40,35,24,0,1
40,35,25,0,1
40,35,26,0,1
40,35,27,0,1
40,35,28,0,1
40,35,29,0,1
40,35,30,0,1
40,35,31,0,1
40,35,32,0,1
40,35,33,0,1
40,35,34,0,1
40,35,35,0,1
40,35,36,0,1
40,35,37,0,1
40,35,38,0,1
40,35,39,0,1
40,35,40,0,1
40,35,41,0,1
40,35,42,0,1
40,35,43,0,1
40,35,44,0,1
40,35,45,0,1
40,35,46,0,1
40,35,47,0,1
40,35,48,0,1
40,35,49,0,1
40,35,50,0,1
40,35,51,0,1
40,35,52,0,1
40,35,53,0,1
40,35,54,0,1
40,35,55,0,1
40,35,56,0,1
40,35,57,0,1
40,35,58,0,1
40,35,59,0,1
40,35,60,0,1
40,35,61,0,1
40,35,62,0,1
40,35,63,0,1
40,36,0,0,1
40,36,1,0,1
40,36,2,0,1
40,36,3,0,1
40,36,4,0,1
40,36,5,0,1
40,36,6,0,1
40,36,7,0,1
40,36,8,0,1
40,36,9,0,1
40,36,10,0,1
40,36,11,0,1
40,36,12,0,1
40,36,13,0,1
40,36,14,0,1
40,36,15,0,1
40,36,16,0,1
40,36,17,0,1
40,36,18,0,1
40,36,19,0,1
40,36,20,0,1
40,36,21,0,1
40,36,22,0,1
40,36,23,0,1
40,36,24,0,1
40,36,25,0,1
40,36,26,0,1
40,36,27,0,1
40,36,28,0,1
40,36,29,0,1
40,36,30,0,1
40,36,31,0,1
40,36,32,0,1
40,36,33,0,1
40,36,34,0,1
40,36,35,0,1
40,36,36,0,1
40,36,37,0,1
40,36,38,0,1
40,36,39,0,1
40,36,40,0,1
40,36,41,0,1
40,36,42,0,1
40,36,43,0,1
40,36,44,0,1
40,36,45,0,1
40,36,46,0,1
40,36,47,0,1
40,36,48,0,1
40,36,49,0,1
40,36,50,0,1
40,36,51,0,1
40,36,52,0,1
40,36,53,0,1
40,36,54,0,1
40,36,55,0,1
40,36,56,0,1
40,36,57,0,1
40,36,58,0,1
40,36,59,0,1
40,36,60,0,1
40,36,61,0,1
40,36,62,0,1
40,36,63,0,1
40,37,0,0,1
40,37,1,0,1
40,37,2,0,1
40,37,3,0,1
40,37,4,0,1
40,37,5,0,1
40,37,6,0,1
40,37,7,0,1
40,37,8,0,1
40,37,9,0,1
40,37,10,0,1
40,37,11,0,1
40,37,12,0,1
40,37,13,0,1
40,37,14,0,1
40,37,15,0,1
40,37,16,0,1
40,37,17,0,1
40,37,18,0,1
40,37,19,0,1
40,37,20,0,1
40,37,21,0,1
40,37,22,0,1
40,37,23,0,1
40,37,24,0,1
40,37,25,0,1
40,37,26,0,1
40,37,27,0,1
40,37,28,0,1
40,37,29,0,1
40,37,30,0,1
40,37,31,0,1
40,37,32,0,1
40,37,33,0,1
40,37,34,0,1
40,37,35,0,1
40,37,36,0,1
40,37,37,0,1
40,37,38,0,1
40,37,39,0,1
40,37,40,0,1
40,37,41,0,1
40,37,42,0,1
40,37,43,0,1
40,37,44,0,1
40,37,45,0,1
40,37,46,0,1
40,37,47,0,1
40,37,48,0,1
40,37,49,0,1
40,37,50,0,1
40,37,51,0,1
40,37,52,0,1
40,37,53,0,1
40,37,54,0,1
40,37,55,0,1
40,37,56,0,1
40,37,57,0,1
40,37,58,0,1
40,37,59,0,1
40,37,60,0,1
40,37,61,0,1
40,37,62,0,1
40,37,63,0,1
40,38,0,0,1
40,38,1,0,1
40,38,2,0,1
40,38,3,0,1
40,38,4,0,1
40,38,5,0,1
40,38,6,0,1
40,38,7,0,1
40,38,8,0,1
40,38,9,0,1
40,38,10,0,1
40,38,11,0,1
40,38,12,0,1
40,38,13,0,1
40,38,14,0,1
40,38,15,0,1
40,38,16,0,1
40,38,17,0,1
40,38,18,0,1
40,38,19,0,1
40,38,20,0,1
40,38,21,0,1
40,38,22,0,1
40,38,23,0,1
40,38,24,0,1
40,38,25,0,1
40,38,26,0,1
40,38,27,0,1
40,38,28,0,1
40,38,29,0,1
40,38,30,0,1
40,38,31,0,1
40,38,32,0,1
40,38,33,0,1
40,38,34,0,1
40,38,35,0,1
40,38,36,0,1
40,38,37,0,1
40,38,38,0,1
40,38,39,0,1
40,38,40,0,1
40,38,41,0,1
40,38,42,0,1
40,38,43,0,1
40,38,44,0,1
40,38,45,0,1
40,38,46,0,1
40,38,47,0,1
40,38,48,0,1
40,38,49,0,1
40,38,50,0,1
40,38,51,0,1
40,38,52,0,1
40,38,53,0,1
40,38,54,0,1
40,38,55,0,1
40,38,56,0,1
40,38,57,0,1
40,38,58,0,1
40,38,59,0,1
40,38,60,0,1
40,38,61,0,1
40,38,62,0,1
40,38,63,0,1
40,39,0,0,1
40,39,1,0,1
40,39,2,0,1
40,39,3,0,1
40,39,4,0,1
40,39,5,0,1
40,39,6,0,1
40,39,7,0,1
40,39,8,0,1
40,39,9,0,1
40,39,10,0,1
40,39,11,0,1
40,39,12,0,1
40,39,13,0,1
40,39,14,0,1
40,39,15,0,1
40,39,16,0,1
40,39,17,0,1
40,39,18,0,1
40,39,19,0,1
40,39,20,0,1
40,39,21,0,1
40,39,22,0,1
40,39,23,0,1
40,39,24,0,1
40,39,25,0,1
40,39,26,0,1
40,39,27,0,1
40,39,28,0,1
40,39,29,0,1
40,39,30,0,1
40,39,31,0,1
40,39,32,0,1
40,39,33,0,1
40,39,34,0,1
40,39,35,0,1
40,39,36,0,1
40,39,37,0,1
40,39,38,0,1
40,39,39,0,1
40,39,40,0,1
40,39,41,0,1
40,39,42,0,1
40,39,43,0,1
40,39,44,0,1
40,39,45,0,1
40,39,46,0,1
40,39,47,0,1
40,39,48,0,1
40,39,49,0,1
40,39,50,0,1
40,39,51,0,1
40,39,52,0,1
40,39,53,0,1
40,39,54,0,1
40,39,55,0,1
40,39,56,0,1
40,39,57,0,1
40,39,58,0,1
40,39,59,0,1
40,39,60,0,1
40,39,61,0,1
40,39,62,0,1
40,39,63,0,1
40,40,0,0,1
40,40,1,0,1
40,40,2,0,1
40,40,3,0,1
40,40,4,0,1
40,40,5,0,1
40,40,6,0,1
40,40,7,0,1
40,40,8,0,1
40,40,9,0,1
40,40,10,0,1
40,40,11,0,1
40,40,12,0,1
40,40,13,0,1
40,40,14,0,1
40,40,15,0,1
40,40,16,0,1
40,40,17,0,1
40,40,18,0,1
40,40,19,0,1
40,40,20,0,1
40,40,21,0,1
40,40,22,0,1
40,40,23,0,1
40,40,24,0,1
40,40,25,0,1
40,40,26,0,1
40,40,27,0,1
40,40,28,0,1
40,40,29,0,1
40,40,30,0,1
40,40,31,0,1
40,40,32,0,1
40,40,33,0,1
40,40,34,0,1
40,40,35,0,1
40,40,36,0,1
40,40,37,0,1
40,40,38,0,1
40,40,39,0,1
40,40,40,0,1
40,40,41,0,1
40,40,42,0,1
40,40,43,0,1
40,40,44,0,1
40,40,45,0,1
40,40,46,0,1
40,40,47,0,1
40,40,48,0,1
40,40,49,0,1
40,40,50,0,1
40,40,51,0,1
40,40,52,0,1
40,40,53,0,1
40,40,54,0,1
40,40,55,0,1
40,40,56,0,1
40,40,57,0,1
40,40,58,0,1
40,40,59,0,1
40,40,60,0,1
40,40,61,0,1
40,40,62,0,1
40,40,63,0,1
40,41,0,0,1
40,41,1,0,1
40,41,2,0,1
40,41,3,0,1
40,41,4,0,1
40,41,5,0,1
40,41,6,0,1
40,41,7,0,1
40,41,8,0,1
40,41,9,0,1
40,41,10,0,1
40,41,11,0,1
40,41,12,0,1
40,41,13,0,1
40,41,14,0,1
40,41,15,0,1
40,41,16,0,1
40,41,17,0,1
40,41,18,0,1
40,41,19,0,1
40,41,20,0,1
40,41,21,0,1
40,41,22,0,1
40,41,23,0,1
40,41,24,0,1
40,41,25,0,1
40,41,26,0,1
40,41,27,0,1
40,41,28,0,1
40,41,29,0,1
40,41,30,0,1
40,41,31,0,1
40,41,32,0,1
40,41,33,0,1
40,41,34,0,1
40,41,35,0,1
40,41,36,0,1
40,41,37,0,1
40,41,38,0,1
40,41,39,0,1
40,41,40,0,1
40,41,41,0,1
40,41,42,0,1
40,41,43,0,1
40,41,44,0,1
40,41,45,0,1
40,41,46,0,1
40,41,47,0,1
40,41,48,0,1
40,41,49,0,1
40,41,50,0,1
40,41,51,0,1
40,41,52,0,1
40,41,53,0,1
40,41,54,0,1
40,41,55,0,1
40,41,56,0,1
40,41,57,0,1
40,41,58,0,1
40,41,59,0,1
40,41,60,0,1
40,41,61,0,1
40,41,62,0,1
40,41,63,0,1
40,42,0,0,1
40,42,1,0,1
40,42,2,0,1
40,42,3,0,1
40,42,4,0,1
40,42,5,0,1
40,42,6,0,1
40,42,7,0,1
40,42,8,0,1
40,42,9,0,1
40,42,10,0,1
40,42,11,0,1
40,42,12,0,1
40,42,13,0,1
40,42,14,0,1
40,42,15,0,1
40,42,16,0,1
40,42,17,0,1
40,42,18,0,1
40,42,19,0,1
40,42,20,0,1
40,42,21,0,1
40,42,22,0,1
40,42,23,0,1
40,42,24,0,1
40,42,25,0,1
40,42,26,0,1
40,42,27,0,1
40,42,28,0,1
40,42,29,0,1
40,42,30,0,1
40,42,31,0,1
40,42,32,0,1
40,42,33,0,1
40,42,34,0,1
40,42,35,0,1
40,42,36,0,1
40,42,37,0,1
40,42,38,0,1
40,42,39,0,1
40,42,40,0,1
40,42,41,0,1
40,42,42,0,1
40,42,43,0,1
40,42,44,0,1
40,42,45,0,1
40,42,46,0,1
40,42,47,0,1
40,42,48,0,1
40,42,49,0,1
40,42,50,0,1
40,42,51,0,1
40,42,52,0,1
40,42,53,0,1
40,42,54,0,1
40,42,55,0,1
40,42,56,0,1
40,42,57,0,1
40,42,58,0,1
40,42,59,0,1
40,42,60,0,1
40,42,61,0,1
40,42,62,0,1
40,42,63,0,1
40,43,0,0,1
40,43,1,0,1
40,43,2,0,1
40,43,3,0,1
40,43,4,0,1
40,43,5,0,1
40,43,6,0,1
40,43,7,0,1
40,43,8,0,1
40,43,9,0,1
40,43,10,0,1
40,43,11,0,1
40,43,12,0,1
40,43,13,0,1
40,43,14,0,1
40,43,15,0,1
40,43,16,0,1
40,43,17,0,1
40,43,18,0,1
40,43,19,0,1
40,43,20,0,1
40,43,21,0,1
40,43,22,0,1
40,43,23,0,1
40,43,24,0,1
40,43,25,0,1
40,43,26,0,1
40,43,27,0,1
40,43,28,0,1
40,43,29,0,1
40,43,30,0,1
40,43,31,0,1
40,43,32,0,1
40,43,33,0,1
40,43,34,0,1
40,43,35,0,1
40,43,36,0,1
40,43,37,0,1
40,43,38,0,1
40,43,39,0,1
40,43,40,0,1
40,43,41,0,1
40,43,42,0,1
40,43,43,0,1
40,43,44,0,1
40,43,45,0,1
40,43,46,0,1
40,43,47,0,1
40,43,48,0,1
40,43,49,0,1
40,43,50,0,1
40,43,51,0,1
40,43,52,0,1
40,43,53,0,1
40,43,54,0,1
40,43,55,0,1
40,43,56,0,1
40,43,57,0,1
40,43,58,0,1
40,43,59,0,1
40,43,60,0,1
40,43,61,0,1
40,43,62,0,1
40,43,63,0,1
40,44,0,0,1
40,44,1,0,1
40,44,2,0,1
40,44,3,0,1
40,44,4,0,1
40,44,5,0,1
40,44,6,0,1
40,44,7,0,1
40,44,8,0,1
40,44,9,0,1
40,44,10,0,1
40,44,11,0,1
40,44,12,0,1
40,44,13,0,1
40,44,14,0,1
40,44,15,0,1
40,44,16,0,1
40,44,17,0,1
40,44,18,0,1
40,44,19,0,1
40,44,20,0,1
40,44,21,0,1
40,44,22,0,1
40,44,23,0,1
40,44,24,0,1
40,44,25,0,1
40,44,26,0,1
40,44,27,0,1
40,44,28,0,1
40,44,29,0,1
40,44,30,0,1
40,44,31,0,1
40,44,32,0,1
40,44,33,0,1
40,44,34,0,1
40,44,35,0,1
40,44,36,0,1
40,44,37,0,1
40,44,38,0,1
40,44,39,0,1
40,44,40,0,1
40,44,41,0,1
40,44,42,0,1
40,44,43,0,1
40,44,44,0,1
40,44,45,0,1
40,44,46,0,1
40,44,47,0,1
40,44,48,0,1
40,44,49,0,1
40,44,50,0,1
40,44,51,0,1
40,44,52,0,1
40,44,53,0,1
40,44,54,0,1
40,44,55,0,1
40,44,56,0,1
40,44,57,0,1
40,44,58,0,1
40,44,59,0,1
40,44,60,0,1
40,44,61,0,1
40,44,62,0,1
40,44,63,0,1
40,45,0,0,1
40,45,1,0,1
40,45,2,0,1
40,45,3,0,1
40,45,4,0,1
40,45,5,0,1
40,45,6,0,1
40,45,7,0,1
40,45,8,0,1
40,45,9,0,1
40,45,10,0,1
40,45,11,0,1
40,45,12,0,1
40,45,13,0,1
40,45,14,0,1
40,45,15,0,1
40,45,16,0,1
40,45,17,0,1
40,45,18,0,1
40,45,19,0,1
40,45,20,0,1
40,45,21,0,1
40,45,22,0,1
40,45,23,0,1
40,45,24,0,1
40,45,25,0,1
40,45,26,0,1
40,45,27,0,1
40,45,28,0,1
40,45,29,0,1
40,45,30,0,1
40,45,31,0,1
40,45,32,0,1
40,45,33,0,1
40,45,34,0,1
40,45,35,0,1
40,45,36,0,1
40,45,37,0,1
40,45,38,0,1
40,45,39,0,1
40,45,40,0,1
40,45,41,0,1
40,45,42,0,1
40,45,43,0,1
40,45,44,0,1
40,45,45,0,1
40,45,46,0,1
40,45,47,0,1
40,45,48,0,1
40,45,49,0,1
40,45,50,0,1
40,45,51,0,1
40,45,52,0,1
40,45,53,0,1
40,45,54,0,1
40,45,55,0,1
40,45,56,0,1
40,45,57,0,1
40,45,58,0,1
40,45,59,0,1
40,45,60,0,1
40,45,61,0,1
40,45,62,0,1
40,45,63,0,1
40,46,0,0,1
40,46,1,0,1
40,46,2,0,1
40,46,3,0,1
40,46,4,0,1
40,46,5,0,1
40,46,6,0,1
40,46,7,0,1
40,46,8,0,1
40,46,9,0,1
40,46,10,0,1
40,46,11,0,1
40,46,12,0,1
40,46,13,0,1
40,46,14,0,1
40,46,15,0,1
40,46,16,0,1
40,46,17,0,1
40,46,18,0,1
40,46,19,0,1
40,46,20,0,1
40,46,21,0,1
40,46,22,0,1
40,46,23,0,1
40,46,24,0,1
40,46,25,0,1
40,46,26,0,1
40,46,27,0,1
40,46,28,0,1
40,46,29,0,1
40,46,30,0,1
40,46,31,0,1
40,46,32,0,1
40,46,33,0,1
40,46,34,0,1
40,46,35,0,1
40,46,36,0,1
40,46,37,0,1
40,46,38,0,1
40,46,39,0,1
40,46,40,0,1
40,46,41,0,1
40,46,42,0,1
40,46,43,0,1
40,46,44,0,1
40,46,45,0,1
40,46,46,0,1
40,46,47,0,1
40,46,48,0,1
40,46,49,0,1
40,46,50,0,1
40,46,51,0,1
40,46,52,0,1
40,46,53,0,1
40,46,54,0,1
40,46,55,0,1
40,46,56,0,1
40,46,57,0,1
40,46,58,0,1
40,46,59,0,1
40,46,60,0,1
40,46,61,0,1
40,46,62,0,1
40,46,63,0,1
40,47,0,0,1
40,47,1,0,1
40,47,2,0,1
40,47,3,0,1
40,47,4,0,1
40,47,5,0,1
40,47,6,0,1
40,47,7,0,1
40,47,8,0,1
40,47,9,0,1
40,47,10,0,1
40,47,11,0,1
40,47,12,0,1
40,47,13,0,1
40,47,14,0,1
40,47,15,0,1
40,47,16,0,1
40,47,17,0,1
40,47,18,0,1
40,47,19,0,1
40,47,20,0,1
40,47,21,0,1
40,47,22,0,1
40,47,23,0,1
40,47,24,0,1
40,47,25,0,1
40,47,26,0,1
40,47,27,0,1
40,47,28,0,1
40,47,29,0,1
40,47,30,0,1
40,47,31,0,1
40,47,32,0,1
40,47,33,0,1
40,47,34,0,1
40,47,35,0,1
40,47,36,0,1
40,47,37,0,1
40,47,38,0,1
40,47,39,0,1
40,47,40,0,1
40,47,41,0,1
40,47,42,0,1
40,47,43,0,1
40,47,44,0,1
40,47,45,0,1
40,47,46,0,1
40,47,47,0,1
40,47,48,0,1
40,47,49,0,1
40,47,50,0,1
40,47,51,0,1
40,47,52,0,1
40,47,53,0,1
40,47,54,0,1
40,47,55,0,1
40,47,56,0,1
40,47,57,0,1
40,47,58,0,1
40,47,59,0,1
40,47,60,0,1
40,47,61,0,1
40,47,62,0,1
40,47,63,0,1
40,48,0,0,1
40,48,1,0,1
40,48,2,0,1
40,48,3,0,1
40,48,4,0,1
40,48,5,0,1
40,48,6,0,1
40,48,7,0,1
40,48,8,0,1
40,48,9,0,1
40,48,10,0,1
40,48,11,0,1
40,48,12,0,1
40,48,13,0,1
40,48,14,0,1
40,48,15,0,1
40,48,16,0,1
40,48,17,0,1
40,48,18,0,1
40,48,19,0,1
40,48,20,0,1
40,48,21,0,1
40,48,22,0,1
40,48,23,0,1
40,48,24,0,1
40,48,25,0,1
40,48,26,0,1
40,48,27,0,1
40,48,28,0,1
40,48,29,0,1
40,48,30,0,1
40,48,31,0,1
40,48,32,0,1
40,48,33,0,1
40,48,34,0,1
40,48,35,0,1
40,48,36,0,1
40,48,37,0,1
40,48,38,0,1
40,48,39,0,1
40,48,40,0,1
40,48,41,0,1
40,48,42,0,1
40,48,43,0,1
40,48,44,0,1
40,48,45,0,1
40,48,46,0,1
40,48,47,0,1
40,48,48,0,1
40,48,49,0,1
40,48,50,0,1
40,48,51,0,1
40,48,52,0,1
40,48,53,0,1
40,48,54,0,1
40,48,55,0,1
40,48,56,0,1
40,48,57,0,1
40,48,58,0,1
40,48,59,0,1
40,48,60,0,1
40,48,61,0,1
40,48,62,0,1
40,48,63,0,1
40,49,0,0,1
40,49,1,0,1
40,49,2,0,1
40,49,3,0,1
40,49,4,0,1
40,49,5,0,1
40,49,6,0,1
40,49,7,0,1
40,49,8,0,1
40,49,9,0,1
40,49,10,0,1
40,49,11,0,1
40,49,12,0,1
40,49,13,0,1
40,49,14,0,1
40,49,15,0,1
40,49,16,0,1
40,49,17,0,1
40,49,18,0,1
40,49,19,0,1
40,49,20,0,1
40,49,21,0,1
40,49,22,0,1
40,49,23,0,1
40,49,24,0,1
40,49,25,0,1
40,49,26,0,1
40,49,27,0,1
40,49,28,0,1
40,49,29,0,1
40,49,30,0,1
40,49,31,0,1
40,49,32,0,1
40,49,33,0,1
40,49,34,0,1
40,49,35,0,1
40,49,36,0,1
40,49,37,0,1
40,49,38,0,1
40,49,39,0,1
40,49,40,0,1
40,49,41,0,1
40,49,42,0,1
40,49,43,0,1
40,49,44,0,1
40,49,45,0,1
40,49,46,0,1
40,49,47,0,1
40,49,48,0,1
40,49,49,0,1
40,49,50,0,1
40,49,51,0,1
40,49,52,0,1
40,49,53,0,1
40,49,54,0,1
40,49,55,0,1
40,49,56,0,1
40,49,57,0,1
40,49,58,0,1
40,49,59,0,1
40,49,60,0,1
40,49,61,0,1
40,49,62,0,1
40,49,63,0,1
40,50,0,0,1
40,50,1,0,1
40,50,2,0,1
40,50,3,0,1
40,50,4,0,1
40,50,5,0,1
40,50,6,0,1
40,50,7,0,1
40,50,8,0,1
40,50,9,0,1
40,50,10,0,1
40,50,11,0,1
40,50,12,0,1
40,50,13,0,1
40,50,14,0,1
40,50,15,0,1
40,50,16,0,1
40,50,17,0,1
40,50,18,0,1
40,50,19,0,1
40,50,20,0,1
40,50,21,0,1
40,50,22,0,1
40,50,23,0,1
40,50,24,0,1
40,50,25,0,1
40,50,26,0,1
40,50,27,0,1
40,50,28,0,1
40,50,29,0,1
40,50,30,0,1
40,50,31,0,1
40,50,32,0,1
40,50,33,0,1
40,50,34,0,1
40,50,35,0,1
40,50,36,0,1
40,50,37,0,1
40,50,38,0,1
40,50,39,0,1
40,50,40,0,1
40,50,41,0,1
40,50,42,0,1
40,50,43,0,1
40,50,44,0,1
40,50,45,0,1
40,50,46,0,1
40,50,47,0,1
40,50,48,0,1
40,50,49,0,1
40,50,50,0,1
40,50,51,0,1
40,50,52,0,1
40,50,53,0,1
40,50,54,0,1
40,50,55,0,1
40,50,56,0,1
40,50,57,0,1
40,50,58,0,1
40,50,59,0,1
40,50,60,0,1
40,50,61,0,1
40,50,62,0,1
40,50,63,0,1
40,51,0,0,1
40,51,1,0,1
40,51,2,0,1
40,51,3,0,1
40,51,4,0,1
40,51,5,0,1
40,51,6,0,1
40,51,7,0,1
40,51,8,0,1
40,51,9,0,1
40,51,10,0,1
40,51,11,0,1
40,51,12,0,1
40,51,13,0,1
40,51,14,0,1
40,51,15,0,1
40,51,16,0,1
40,51,17,0,1
40,51,18,0,1
40,51,19,0,1
40,51,20,0,1
40,51,21,0,1
40,51,22,0,1
40,51,23,0,1
40,51,24,0,1
40,51,25,0,1
40,51,26,0,1
40,51,27,0,1
40,51,28,0,1
40,51,29,0,1
40,51,30,0,1
40,51,31,0,1
40,51,32,0,1
40,51,33,0,1
40,51,34,0,1
40,51,35,0,1
40,51,36,0,1
40,51,37,0,1
40,51,38,0,1
40,51,39,0,1
40,51,40,0,1
40,51,41,0,1
40,51,42,0,1
40,51,43,0,1
40,51,44,0,1
40,51,45,0,1
40,51,46,0,1
40,51,47,0,1
40,51,48,0,1
40,51,49,0,1
40,51,50,0,1
40,51,51,0,1
40,51,52,0,1
40,51,53,0,1
40,51,54,0,1
40,51,55,0,1
40,51,56,0,1
40,51,57,0,1
40,51,58,0,1
40,51,59,0,1
40,51,60,0,1
40,51,61,0,1
40,51,62,0,1
40,51,63,0,1
40,52,0,0,1
40,52,1,0,1
40,52,2,0,1
40,52,3,0,1
40,52,4,0,1
40,52,5,0,1
40,52,6,0,1
40,52,7,0,1
40,52,8,0,1
40,52,9,0,1
40,52,10,0,1
40,52,11,0,1
40,52,12,0,1
40,52,13,0,1
40,52,14,0,1
40,52,15,0,1
40,52,16,0,1
40,52,17,0,1
40,52,18,0,1
40,52,19,0,1
40,52,20,0,1
40,52,21,0,1
40,52,22,0,1
40,52,23,0,1
40,52,24,0,1
40,52,25,0,1
40,52,26,0,1
40,52,27,0,1
40,52,28,0,1
40,52,29,0,1
40,52,30,0,1
40,52,31,0,1
40,52,32,0,1
40,52,33,0,1
40,52,34,0,1
40,52,35,0,1
40,52,36,0,1
40,52,37,0,1
40,52,38,0,1
40,52,39,0,1
40,52,40,0,1
40,52,41,0,1
40,52,42,0,1
40,52,43,0,1
40,52,44,0,1
40,52,45,0,1
40,52,46,0,1
40,52,47,0,1
40,52,48,0,1
40,52,49,0,1
40,52,50,0,1
40,52,51,0,1
40,52,52,0,1
40,52,53,0,1
40,52,54,0,1
40,52,55,0,1
40,52,56,0,1
40,52,57,0,1
40,52,58,0,1
40,52,59,0,1
40,52,60,0,1
40,52,61,0,1
40,52,62,0,1
40,52,63,0,1
40,53,0,0,1
40,53,1,0,1
40,53,2,0,1
40,53,3,0,1
40,53,4,0,1
40,53,5,0,1
40,53,6,0,1
40,53,7,0,1
40,53,8,0,1
40,53,9,0,1
40,53,10,0,1
40,53,11,0,1
40,53,12,0,1
40,53,13,0,1
40,53,14,0,1
40,53,15,0,1
40,53,16,0,1
40,53,17,0,1
40,53,18,0,1
40,53,19,0,1
40,53,20,0,1
40,53,21,0,1
40,53,22,0,1
40,53,23,0,1
40,53,24,0,1
40,53,25,0,1
40,53,26,0,1
40,53,27,0,1
40,53,28,0,1
40,53,29,0,1
40,53,30,0,1
40,53,31,0,1
40,53,32,0,1
40,53,33,0,1
40,53,34,0,1
40,53,35,0,1
40,53,36,0,1
40,53,37,0,1
40,53,38,0,1
40,53,39,0,1
40,53,40,0,1
40,53,41,0,1
40,53,42,0,1
40,53,43,0,1
40,53,44,0,1
40,53,45,0,1
40,53,46,0,1
40,53,47,0,1
40,53,48,0,1
40,53,49,0,1
40,53,50,0,1
40,53,51,0,1
40,53,52,0,1
40,53,53,0,1
40,53,54,0,1
40,53,55,0,1
40,53,56,0,1
40,53,57,0,1
40,53,58,0,1
40,53,59,0,1
40,53,60,0,1
40,53,61,0,1
40,53,62,0,1
40,53,63,0,1
40,54,0,0,1
40,54,1,0,1
40,54,2,0,1
40,54,3,0,1
40,54,4,0,1
40,54,5,0,1
40,54,6,0,1
40,54,7,0,1
40,54,8,0,1
40,54,9,0,1
40,54,10,0,1
40,54,11,0,1
40,54,12,0,1
40,54,13,0,1
40,54,14,0,1
40,54,15,0,1
40,54,16,0,1
40,54,17,0,1
40,54,18,0,1
40,54,19,0,1
40,54,20,0,1
40,54,21,0,1
40,54,22,0,1
40,54,23,0,1
40,54,24,0,1
40,54,25,0,1
40,54,26,0,1
40,54,27,0,1
40,54,28,0,1
40,54,29,0,1
40,54,30,0,1
40,54,31,0,1
40,54,32,0,1
40,54,33,0,1
40,54,34,0,1
40,54,35,0,1
40,54,36,0,1
40,54,37,0,1
40,54,38,0,1
40,54,39,0,1
40,54,40,0,1
40,54,41,0,1
40,54,42,0,1
40,54,43,0,1
40,54,44,0,1
40,54,45,0,1
40,54,46,0,1
40,54,47,0,1
40,54,48,0,1
40,54,49,0,1
40,54,50,0,1
40,54,51,0,1
40,54,52,0,1
40,54,53,0,1
40,54,54,0,1
40,54,55,0,1
40,54,56,0,1
40,54,57,0,1
40,54,58,0,1
40,54,59,0,1
40,54,60,0,1
40,54,61,0,1
40,54,62,0,1
40,54,63,0,1
40,55,0,0,1
40,55,1,0,1
40,55,2,0,1
40,55,3,0,1
40,55,4,0,1
40,55,5,0,1
40,55,6,0,1
40,55,7,0,1
40,55,8,0,1
40,55,9,0,1
40,55,10,0,1
40,55,11,0,1
40,55,12,0,1
40,55,13,0,1
40,55,14,0,1
40,55,15,0,1
40,55,16,0,1
40,55,17,0,1
40,55,18,0,1
40,55,19,0,1
40,55,20,0,1
40,55,21,0,1
40,55,22,0,1
40,55,23,0,1
40,55,24,0,1
40,55,25,0,1
40,55,26,0,1
40,55,27,0,1
40,55,28,0,1
40,55,29,0,1
40,55,30,0,1
40,55,31,0,1
40,55,32,0,1
40,55,33,0,1
40,55,34,0,1
40,55,35,0,1
40,55,36,0,1
40,55,37,0,1
40,55,38,0,1
40,55,39,0,1
40,55,40,0,1
40,55,41,0,1
40,55,42,0,1
40,55,43,0,1
40,55,44,0,1
40,55,45,0,1
40,55,46,0,1
40,55,47,0,1
40,55,48,0,1
40,55,49,0,1
40,55,50,0,1
40,55,51,0,1
40,55,52,0,1
40,55,53,0,1
40,55,54,0,1
40,55,55,0,1
40,55,56,0,1
40,55,57,0,1
40,55,58,0,1
40,55,59,0,1
40,55,60,0,1
40,55,61,0,1
40,55,62,0,1
40,55,63,0,1
40,56,0,0,1
40,56,1,0,1
40,56,2,0,1
40,56,3,0,1
40,56,4,0,1
40,56,5,0,1
40,56,6,0,1
40,56,7,0,1
40,56,8,0,1
40,56,9,0,1
40,56,10,0,1
40,56,11,0,1
40,56,12,0,1
40,56,13,0,1
40,56,14,0,1
40,56,15,0,1
40,56,16,0,1
40,56,17,0,1
40,56,18,0,1
40,56,19,0,1
40,56,20,0,1
40,56,21,0,1
40,56,22,0,1
40,56,23,0,1
40,56,24,0,1
40,56,25,0,1
40,56,26,0,1
40,56,27,0,1
40,56,28,0,1
40,56,29,0,1
40,56,30,0,1
40,56,31,0,1
40,56,32,0,1
40,56,33,0,1
40,56,34,0,1
40,56,35,0,1
40,56,36,0,1
40,56,37,0,1
40,56,38,0,1
40,56,39,0,1
40,56,40,0,1
40,56,41,0,1
40,56,42,0,1
40,56,43,0,1
40,56,44,0,1
40,56,45,0,1
40,56,46,0,1
40,56,47,0,1
40,56,48,0,1
40,56,49,0,1
40,56,50,0,1
40,56,51,0,1
40,56,52,0,1
40,56,53,0,1
40,56,54,0,1
40,56,55,0,1
40,56,56,0,1
40,56,57,0,1
40,56,58,0,1
40,56,59,0,1
40,56,60,0,1
40,56,61,0,1
40,56,62,0,1
40,56,63,0,1
40,57,0,0,1
40,57,1,0,1
40,57,2,0,1
40,57,3,0,1
40,57,4,0,1
40,57,5,0,1
40,57,6,0,1
40,57,7,0,1
40,57,8,0,1
40,57,9,0,1
40,57,10,0,1
40,57,11,0,1
40,57,12,0,1
40,57,13,0,1
40,57,14,0,1
40,57,15,0,1
40,57,16,0,1
40,57,17,0,1
40,57,18,0,1
40,57,19,0,1
40,57,20,0,1
40,57,21,0,1
40,57,22,0,1
40,57,23,0,1
40,57,24,0,1
40,57,25,0,1
40,57,26,0,1
40,57,27,0,1
40,57,28,0,1
40,57,29,0,1
40,57,30,0,1
40,57,31,0,1
40,57,32,0,1
40,57,33,0,1
40,57,34,0,1
40,57,35,0,1
40,57,36,0,1
40,57,37,0,1
40,57,38,0,1
40,57,39,0,1
40,57,40,0,1
40,57,41,0,1
40,57,42,0,1
40,57,43,0,1
40,57,44,0,1
40,57,45,0,1
40,57,46,0,1
40,57,47,0,1
40,57,48,0,1
40,57,49,0,1
40,57,50,0,1
40,57,51,0,1
40,57,52,0,1
40,57,53,0,1
40,57,54,0,1
40,57,55,0,1
40,57,56,0,1
40,57,57,0,1
40,57,58,0,1
40,57,59,0,1
40,57,60,0,1
40,57,61,0,1
40,57,62,0,1
40,57,63,0,1
40,58,0,0,1
40,58,1,0,1
40,58,2,0,1
40,58,3,0,1
40,58,4,0,1
40,58,5,0,1
40,58,6,0,1
40,58,7,0,1
40,58,8,0,1
40,58,9,0,1
40,58,10,0,1
40,58,11,0,1
40,58,12,0,1
40,58,13,0,1
40,58,14,0,1
40,58,15,0,1
40,58,16,0,1
40,58,17,0,1
40,58,18,0,1
40,58,19,0,1
40,58,20,0,1
40,58,21,0,1
40,58,22,0,1
40,58,23,0,1
40,58,24,0,1
40,58,25,0,1
40,58,26,0,1
40,58,27,0,1
40,58,28,0,1
40,58,29,0,1
40,58,30,0,1
40,58,31,0,1
40,58,32,0,1
40,58,33,0,1
40,58,34,0,1
40,58,35,0,1
40,58,36,0,1
40,58,37,0,1
40,58,38,0,1
40,58,39,0,1
40,58,40,0,1
40,58,41,0,1
40,58,42,0,1
40,58,43,0,1
40,58,44,0,1
40,58,45,0,1
40,58,46,0,1
40,58,47,0,1
40,58,48,0,1
40,58,49,0,1
40,58,50,0,1
40,58,51,0,1
40,58,52,0,1
40,58,53,0,1
40,58,54,0,1
40,58,55,0,1
40,58,56,0,1
40,58,57,0,1
40,58,58,0,1
40,58,59,0,1
40,58,60,0,1
40,58,61,0,1
40,58,62,0,1
40,58,63,0,1
40,59,0,0,1
40,59,1,0,1
40,59,2,0,1
40,59,3,0,1
40,59,4,0,1
40,59,5,0,1
40,59,6,0,1
40,59,7,0,1
40,59,8,0,1
40,59,9,0,1
40,59,10,0,1
40,59,11,0,1
40,59,12,0,1
40,59,13,0,1
40,59,14,0,1
40,59,15,0,1
40,59,16,0,1
40,59,17,0,1
40,59,18,0,1
40,59,19,0,1
40,59,20,0,1
40,59,21,0,1
40,59,22,0,1
40,59,23,0,1
40,59,24,0,1
40,59,25,0,1
40,59,26,0,1
40,59,27,0,1
40,59,28,0,1
40,59,29,0,1
40,59,30,0,1
40,59,31,0,1
40,59,32,0,1
40,59,33,0,1
40,59,34,0,1
40,59,35,0,1
40,59,36,0,1
40,59,37,0,1
40,59,38,0,1
40,59,39,0,1
40,59,40,0,1
40,59,41,0,1
40,59,42,0,1
40,59,43,0,1
40,59,44,0,1
40,59,45,0,1
40,59,46,0,1
40,59,47,0,1
40,59,48,0,1
40,59,49,0,1
40,59,50,0,1
40,59,51,0,1
40,59,52,0,1
40,59,53,0,1
40,59,54,0,1
40,59,55,0,1
40,59,56,0,1
40,59,57,0,1
40,59,58,0,1
40,59,59,0,1
40,59,60,0,1
40,59,61,0,1
40,59,62,0,1
40,59,63,0,1
40,60,0,0,1
40,60,1,0,1
40,60,2,0,1
40,60,3,0,1
40,60,4,0,1
40,60,5,0,1
40,60,6,0,1
40,60,7,0,1
40,60,8,0,1
40,60,9,0,1
40,60,10,0,1
40,60,11,0,1
40,60,12,0,1
40,60,13,0,1
40,60,14,0,1
40,60,15,0,1
40,60,16,0,1
40,60,17,0,1
40,60,18,0,1
40,60,19,0,1
40,60,20,0,1
40,60,21,0,1
40,60,22,0,1
40,60,23,0,1
40,60,24,0,1
40,60,25,0,1
40,60,26,0,1
40,60,27,0,1
40,60,28,0,1
40,60,29,0,1
40,60,30,0,1
40,60,31,0,1
40,60,32,0,1
40,60,33,0,1
40,60,34,0,1
40,60,35,0,1
40,60,36,0,1
40,60,37,0,1
40,60,38,0,1
40,60,39,0,1
40,60,40,0,1
40,60,41,0,1
40,60,42,0,1
40,60,43,0,1
40,60,44,0,1
40,60,45,0,1
40,60,46,0,1
40,60,47,0,1
40,60,48,0,1
40,60,49,0,1
40,60,50,0,1
40,60,51,0,1
40,60,52,0,1
40,60,53,0,1
40,60,54,0,1
40,60,55,0,1
40,60,56,0,1
40,60,57,0,1
40,60,58,0,1
40,60,59,0,1
40,60,60,0,1
40,60,61,0,1
40,60,62,0,1
40,60,63,0,1
40,61,0,0,1
40,61,1,0,1
40,61,2,0,1
40,61,3,0,1
40,61,4,0,1
40,61,5,0,1
40,61,6,0,1
40,61,7,0,1
40,61,8,0,1
40,61,9,0,1
40,61,10,0,1
40,61,11,0,1
40,61,12,0,1
40,61,13,0,1
40,61,14,0,1
40,61,15,0,1
40,61,16,0,1
40,61,17,0,1
40,61,18,0,1
40,61,19,0,1
40,61,20,0,1
40,61,21,0,1
40,61,22,0,1
40,61,23,0,1
40,61,24,0,1
40,61,25,0,1
40,61,26,0,1
40,61,27,0,1
40,61,28,0,1
40,61,29,0,1
40,61,30,0,1
40,61,31,0,1
40,61,32,0,1
40,61,33,0,1
40,61,34,0,1
40,61,35,0,1
40,61,36,0,1
40,61,37,0,1
40,61,38,0,1
40,61,39,0,1
40,61,40,0,1
40,61,41,0,1
40,61,42,0,1
40,61,43,0,1
40,61,44,0,1
40,61,45,0,1
40,61,46,0,1
40,61,47,0,1
40,61,48,0,1
40,61,49,0,1
40,61,50,0,1
40,61,51,0,1
40,61,52,0,1
40,61,53,0,1
40,61,54,0,1
40,61,55,0,1
40,61,56,0,1
40,61,57,0,1
40,61,58,0,1
40,61,59,0,1
40,61,60,0,1
40,61,61,0,1
40,61,62,0,1
40,61,63,0,1
40,62,0,0,1
40,62,1,0,1
40,62,2,0,1
40,62,3,0,1
40,62,4,0,1
40,62,5,0,1
40,62,6,0,1
40,62,7,0,1
40,62,8,0,1
40,62,9,0,1
40,62,10,0,1
40,62,11,0,1
40,62,12,0,1
40,62,13,0,1
40,62,14,0,1
40,62,15,0,1
40,62,16,0,1
40,62,17,0,1
40,62,18,0,1
40,62,19,0,1
40,62,20,0,1
40,62,21,0,1
40,62,22,0,1
40,62,23,0,1
40,62,24,0,1
40,62,25,0,1
40,62,26,0,1
40,62,27,0,1
40,62,28,0,1
40,62,29,0,1
40,62,30,0,1
40,62,31,0,1
40,62,32,0,1
40,62,33,0,1
40,62,34,0,1
40,62,35,0,1
40,62,36,0,1
40,62,37,0,1
40,62,38,0,1
40,62,39,0,1
40,62,40,0,1
40,62,41,0,1
40,62,42,0,1
40,62,43,0,1
40,62,44,0,1
40,62,45,0,1
40,62,46,0,1
40,62,47,0,1
40,62,48,0,1
40,62,49,0,1
40,62,50,0,1
40,62,51,0,1
40,62,52,0,1
40,62,53,0,1
40,62,54,0,1
40,62,55,0,1
40,62,56,0,1
40,62,57,0,1
40,62,58,0,1
40,62,59,0,1
40,62,60,0,1
40,62,61,0,1
40,62,62,0,1
40,62,63,0,1
40,63,0,0,1
40,63,1,0,1
40,63,2,0,1
40,63,3,0,1
40,63,4,0,1
40,63,5,0,1
40,63,6,0,1
40,63,7,0,1
40,63,8,0,1
40,63,9,0,1
40,63,10,0,1
40,63,11,0,1
40,63,12,0,1
40,63,13,0,1
40,63,14,0,1
40,63,15,0,1
40,63,16,0,1
40,63,17,0,1
40,63,18,0,1
40,63,19,0,1
40,63,20,0,1
40,63,21,0,1
40,63,22,0,1
40,63,23,0,1
40,63,24,0,1
40,63,25,0,1
40,63,26,0,1
40,63,27,0,1
40,63,28,0,1
40,63,29,0,1
40,63,30,0,1
40,63,31,0,1
40,63,32,0,1
40,63,33,0,1
40,63,34,0,1
40,63,35,0,1
40,63,36,0,1
40,63,37,0,1
40,63,38,0,1
40,63,39,0,1
40,63,40,0,1
40,63,41,0,1
40,63,42,0,1
40,63,43,0,1
40,63,44,0,1
40,63,45,0,1
40,63,46,0,1
40,63,47,0,1
40,63,48,0,1
40,63,49,0,1
40,63,50,0,1
40,63,51,0,1
40,63,52,0,1
40,63,53,0,1
40,63,54,0,1
40,63,55,0,1
40,63,56,0,1
40,63,57,0,1
40,63,58,0,1
40,63,59,0,1
40,63,60,0,1
40,63,61,0,1
40,63,62,0,1
40,63,63,0,1
40,64,0,0,1
40,64,1,0,1
40,64,2,0,1
40,64,3,0,1
40,64,4,0,1
40,64,5,0,1
40,64,6,0,1
40,64,7,0,1
40,64,8,0,1
40,64,9,0,1
40,64,10,0,1
40,64,11,0,1
40,64,12,0,1
40,64,13,0,1
40,64,14,0,1
40,64,15,0,1
40,64,16,0,1
40,64,17,0,1
40,64,18,0,1
40,64,19,0,1
40,64,20,0,1
40,64,21,0,1
40,64,22,0,1
40,64,23,0,1
40,64,24,0,1
40,64,25,0,1
40,64,26,0,1
40,64,27,0,1
40,64,28,0,1
40,64,29,0,1
40,64,30,0,1
40,64,31,0,1
40,64,32,0,1
40,64,33,0,1
40,64,34,0,1
40,64,35,0,1
40,64,36,0,1
40,64,37,0,1
40,64,38,0,1
40,64,39,0,1
40,64,40,0,1
40,64,41,0,1
40,64,42,0,1
40,64,43,0,1
40,64,44,0,1
40,64,45,0,1
40,64,46,0,1
40,64,47,0,1
40,64,48,0,1
40,64,49,0,1
40,64,50,0,1
40,64,51,0,1
40,64,52,0,1
40,64,53,0,1
40,64,54,0,1
40,64,55,0,1
40,64,56,0,1
40,64,57,0,1
40,64,58,0,1
40,64,59,0,1
40,64,60,0,1
40,64,61,0,1
40,64,62,0,1
40,64,63,0,1
40,65,0,0,1
40,65,1,0,1
40,65,2,0,1
40,65,3,0,1
40,65,4,0,1
40,65,5,0,1
40,65,6,0,1
40,65,7,0,1
40,65,8,0,1
40,65,9,0,1
40,65,10,0,1
40,65,11,0,1
40,65,12,0,1
40,65,13,0,1
40,65,14,0,1
40,65,15,0,1
40,65,16,0,1
40,65,17,0,1
40,65,18,0,1
40,65,19,0,1
40,65,20,0,1
40,65,21,0,1
40,65,22,0,1
40,65,23,0,1
40,65,24,0,1
40,65,25,0,1
40,65,26,0,1
40,65,27,0,1
40,65,28,0,1
40,65,29,0,1
40,65,30,0,1
40,65,31,0,1
40,65,32,0,1
40,65,33,0,1
40,65,34,0,1
40,65,35,0,1
40,65,36,0,1
40,65,37,0,1
40,65,38,0,1
40,65,39,0,1
40,65,40,0,1
40,65,41,0,1
40,65,42,0,1
40,65,43,0,1
40,65,44,0,1
40,65,45,0,1
40,65,46,0,1
40,65,47,0,1
40,65,48,0,1
40,65,49,0,1
40,65,50,0,1
40,65,51,0,1
40,65,52,0,1
40,65,53,0,1
40,65,54,0,1
40,65,55,0,1
40,65,56,0,1
40,65,57,0,1
40,65,58,0,1
40,65,59,0,1
40,65,60,0,1
40,65,61,0,1
40,65,62,0,1
40,65,63,0,1
40,66,0,0,1
40,66,1,0,1
40,66,2,0,1
40,66,3,0,1
40,66,4,0,1
40,66,5,0,1
40,66,6,0,1
40,66,7,0,1
40,66,8,0,1
40,66,9,0,1
40,66,10,0,1
40,66,11,0,1
40,66,12,0,1
40,66,13,0,1
40,66,14,0,1
40,66,15,0,1
40,66,16,0,1
40,66,17,0,1
40,66,18,0,1
40,66,19,0,1
40,66,20,0,1
40,66,21,0,1
40,66,22,0,1
40,66,23,0,1
40,66,24,0,1
40,66,25,0,1
40,66,26,0,1
40,66,27,0,1
40,66,28,0,1
40,66,29,0,1
40,66,30,0,1
40,66,31,0,1
40,66,32,0,1
40,66,33,0,1
40,66,34,0,1
40,66,35,0,1
40,66,36,0,1
40,66,37,0,1
40,66,38,0,1
40,66,39,0,1
40,66,40,0,1
40,66,41,0,1
40,66,42,0,1
40,66,43,0,1
40,66,44,0,1
40,66,45,0,1
40,66,46,0,1
40,66,47,0,1
40,66,48,0,1
40,66,49,0,1
40,66,50,0,1
40,66,51,0,1
40,66,52,0,1
40,66,53,0,1
40,66,54,0,1
40,66,55,0,1
40,66,56,0,1
40,66,57,0,1
40,66,58,0,1
40,66,59,0,1
40,66,60,0,1
40,66,61,0,1
40,66,62,0,1
40,66,63,0,1
40,67,0,0,1
40,67,1,0,1
40,67,2,0,1
40,67,3,0,1
40,67,4,0,1
40,67,5,0,1
40,67,6,0,1
40,67,7,0,1
40,67,8,0,1
40,67,9,0,1
40,67,10,0,1
40,67,11,0,1
40,67,12,0,1
40,67,13,0,1
40,67,14,0,1
40,67,15,0,1
40,67,16,0,1
40,67,17,0,1
40,67,18,0,1
40,67,19,0,1
40,67,20,0,1
40,67,21,0,1
40,67,22,0,1
40,67,23,0,1
40,67,24,0,1
40,67,25,0,1
40,67,26,0,1
40,67,27,0,1
40,67,28,0,1
40,67,29,0,1
40,67,30,0,1
40,67,31,0,1
40,67,32,0,1
40,67,33,0,1
40,67,34,0,1
40,67,35,0,1
40,67,36,0,1
40,67,37,0,1
40,67,38,0,1
40,67,39,0,1
40,67,40,0,1
40,67,41,0,1
40,67,42,0,1
40,67,43,0,1
40,67,44,0,1
40,67,45,0,1
40,67,46,0,1
40,67,47,0,1
40,67,48,0,1
40,67,49,0,1
40,67,50,0,1
40,67,51,0,1
40,67,52,0,1
40,67,53,0,1
40,67,54,0,1
40,67,55,0,1
40,67,56,0,1
40,67,57,0,1
40,67,58,0,1
40,67,59,0,1
40,67,60,0,1
40,67,61,0,1
40,67,62,0,1
40,67,63,0,1
40,68,0,0,1
40,68,1,0,1
40,68,2,0,1
40,68,3,0,1
40,68,4,0,1
40,68,5,0,1
40,68,6,0,1
40,68,7,0,1
40,68,8,0,1
40,68,9,0,1
40,68,10,0,1
40,68,11,0,1
40,68,12,0,1
40,68,13,0,1
40,68,14,0,1
40,68,15,0,1
40,68,16,0,1
40,68,17,0,1
40,68,18,0,1
40,68,19,0,1
40,68,20,0,1
40,68,21,0,1
40,68,22,0,1
40,68,23,0,1
40,68,24,0,1
40,68,25,0,1
40,68,26,0,1
40,68,27,0,1
40,68,28,0,1
40,68,29,0,1
40,68,30,0,1
40,68,31,0,1
40,68,32,0,1
40,68,33,0,1
40,68,34,0,1
40,68,35,0,1
40,68,36,0,1
40,68,37,0,1
40,68,38,0,1
40,68,39,0,1
40,68,40,0,1
40,68,41,0,1
40,68,42,0,1
40,68,43,0,1
40,68,44,0,1
40,68,45,0,1
40,68,46,0,1
40,68,47,0,1
40,68,48,0,1
40,68,49,0,1
40,68,50,0,1
40,68,51,0,1
40,68,52,0,1
40,68,53,0,1
40,68,54,0,1
40,68,55,0,1
40,68,56,0,1
40,68,57,0,1
40,68,58,0,1
40,68,59,0,1
40,68,60,0,1
40,68,61,0,1
40,68,62,0,1
40,68,63,0,1
40,69,0,0,1
40,69,1,0,1
40,69,2,0,1
40,69,3,0,1
40,69,4,0,1
40,69,5,0,1
40,69,6,0,1
40,69,7,0,1
40,69,8,0,1
40,69,9,0,1
40,69,10,0,1
40,69,11,0,1
40,69,12,0,1
40,69,13,0,1
40,69,14,0,1
40,69,15,0,1
40,69,16,0,1
40,69,17,0,1
40,69,18,0,1
40,69,19,0,1
40,69,20,0,1
40,69,21,0,1
40,69,22,0,1
40,69,23,0,1
40,69,24,0,1
40,69,25,0,1
40,69,26,0,1
40,69,27,0,1
40,69,28,0,1
40,69,29,0,1
40,69,30,0,1
40,69,31,0,1
40,69,32,0,1
40,69,33,0,1
40,69,34,0,1
40,69,35,0,1
40,69,36,0,1
40,69,37,0,1
40,69,38,0,1
40,69,39,0,1
40,69,40,0,1
40,69,41,0,1
40,69,42,0,1
40,69,43,0,1
40,69,44,0,1
40,69,45,0,1
40,69,46,0,1
40,69,47,0,1
40,69,48,0,1
40,69,49,0,1
40,69,50,0,1
40,69,51,0,1
40,69,52,0,1
40,69,53,0,1
40,69,54,0,1
40,69,55,0,1
40,69,56,0,1
40,69,57,0,1
40,69,58,0,1
40,69,59,0,1
40,69,60,0,1
40,69,61,0,1
40,69,62,0,1
40,69,63,0,1
40,70,0,0,1
40,70,1,0,1
40,70,2,0,1
40,70,3,0,1
40,70,4,0,1
40,70,5,0,1
40,70,6,0,1
40,70,7,0,1
40,70,8,0,1
40,70,9,0,1
40,70,10,0,1
40,70,11,0,1
40,70,12,0,1
40,70,13,0,1
40,70,14,0,1
40,70,15,0,1
40,70,16,0,1
40,70,17,0,1
40,70,18,0,1
40,70,19,0,1
40,70,20,0,1
40,70,21,0,1
40,70,22,0,1
40,70,23,0,1
40,70,24,0,1
40,70,25,0,1
40,70,26,0,1
40,70,27,0,1
40,70,28,0,1
40,70,29,0,1
40,70,30,0,1
40,70,31,0,1
40,70,32,0,1
40,70,33,0,1
40,70,34,0,1
40,70,35,0,1
40,70,36,0,1
40,70,37,0,1
40,70,38,0,1
40,70,39,0,1
40,70,40,0,1
40,70,41,0,1
40,70,42,0,1
40,70,43,0,1
40,70,44,0,1
40,70,45,0,1
40,70,46,0,1
40,70,47,0,1
40,70,48,0,1
40,70,49,0,1
40,70,50,0,1
40,70,51,0,1
40,70,52,0,1
40,70,53,0,1
40,70,54,0,1
40,70,55,0,1
40,70,56,0,1
40,70,57,0,1
40,70,58,0,1
40,70,59,0,1
40,70,60,0,1
40,70,61,0,1
40,70,62,0,1
40,70,63,0,1
40,71,0,0,1
40,71,1,0,1
40,71,2,0,1
40,71,3,0,1
40,71,4,0,1
40,71,5,0,1
40,71,6,0,1
40,71,7,0,1
40,71,8,0,1
40,71,9,0,1
40,71,10,0,1
40,71,11,0,1
40,71,12,0,1
40,71,13,0,1
40,71,14,0,1
40,71,15,0,1
40,71,16,0,1
40,71,17,0,1
40,71,18,0,1
40,71,19,0,1
40,71,20,0,1
40,71,21,0,1
40,71,22,0,1
40,71,23,0,1
40,71,24,0,1
40,71,25,0,1
40,71,26,0,1
40,71,27,0,1
40,71,28,0,1
40,71,29,0,1
40,71,30,0,1
40,71,31,0,1
40,71,32,0,1
40,71,33,0,1
40,71,34,0,1
40,71,35,0,1
40,71,36,0,1
40,71,37,0,1
40,71,38,0,1
40,71,39,0,1
40,71,40,0,1
40,71,41,0,1
40,71,42,0,1
40,71,43,0,1
40,71,44,0,1
40,71,45,0,1
40,71,46,0,1
40,71,47,0,1
40,71,48,0,1
40,71,49,0,1
40,71,50,0,1
40,71,51,0,1
40,71,52,0,1
40,71,53,0,1
40,71,54,0,1
40,71,55,0,1
40,71,56,0,1
40,71,57,0,1
40,71,58,0,1
40,71,59,0,1
40,71,60,0,1
40,71,61,0,1
40,71,62,0,1
40,71,63,0,1
40,72,0,0,1
40,72,1,0,1
40,72,2,0,1
40,72,3,0,1
40,72,4,0,1
40,72,5,0,1
40,72,6,0,1
40,72,7,0,1
40,72,8,0,1
40,72,9,0,1
40,72,10,0,1
40,72,11,0,1
40,72,12,0,1
40,72,13,0,1
40,72,14,0,1
40,72,15,0,1
40,72,16,0,1
40,72,17,0,1
40,72,18,0,1
40,72,19,0,1
40,72,20,0,1
40,72,21,0,1
40,72,22,0,1
40,72,23,0,1
40,72,24,0,1
40,72,25,0,1
40,72,26,0,1
40,72,27,0,1
40,72,28,0,1
40,72,29,0,1
40,72,30,0,1
40,72,31,0,1
40,72,32,0,1
40,72,33,0,1
40,72,34,0,1
40,72,35,0,1
40,72,36,0,1
40,72,37,0,1
40,72,38,0,1
40,72,39,0,1
40,72,40,0,1
40,72,41,0,1
40,72,42,0,1
40,72,43,0,1
40,72,44,0,1
40,72,45,0,1
40,72,46,0,1
40,72,47,0,1
40,72,48,0,1
40,72,49,0,1
40,72,50,0,1
40,72,51,0,1
40,72,52,0,1
40,72,53,0,1
40,72,54,0,1
40,72,55,0,1
40,72,56,0,1
40,72,57,0,1
40,72,58,0,1
40,72,59,0,1
40,72,60,0,1
40,72,61,0,1
40,72,62,0,1
40,72,63,0,1
40,73,0,0,1
40,73,1,0,1
40,73,2,0,1
40,73,3,0,1
40,73,4,0,1
40,73,5,0,1
40,73,6,0,1
40,73,7,0,1
40,73,8,0,1
40,73,9,0,1
40,73,10,0,1
40,73,11,0,1
40,73,12,0,1
40,73,13,0,1
40,73,14,0,1
40,73,15,0,1
40,73,16,0,1
40,73,17,0,1
40,73,18,0,1
40,73,19,0,1
40,73,20,0,1
40,73,21,0,1
40,73,22,0,1
40,73,23,0,1
40,73,24,0,1
40,73,25,0,1
40,73,26,0,1
40,73,27,0,1
40,73,28,0,1
40,73,29,0,1
40,73,30,0,1
40,73,31,0,1
40,73,32,0,1
40,73,33,0,1
40,73,34,0,1
40,73,35,0,1
40,73,36,0,1
40,73,37,0,1
40,73,38,0,1
40,73,39,0,1
40,73,40,0,1
40,73,41,0,1
40,73,42,0,1
40,73,43,0,1
40,73,44,0,1
40,73,45,0,1
40,73,46,0,1
40,73,47,0,1
40,73,48,0,1
40,73,49,0,1
40,73,50,0,1
40,73,51,0,1
40,73,52,0,1
40,73,53,0,1
40,73,54,0,1
40,73,55,0,1
40,73,56,0,1
40,73,57,0,1
40,73,58,0,1
40,73,59,0,1
40,73,60,0,1
40,73,61,0,1
40,73,62,0,1
40,73,63,0,1
40,74,0,0,1
40,74,1,0,1
40,74,2,0,1
40,74,3,0,1
40,74,4,0,1
40,74,5,0,1
40,74,6,0,1
40,74,7,0,1
40,74,8,0,1
40,74,9,0,1
40,74,10,0,1
40,74,11,0,1
40,74,12,0,1
40,74,13,0,1
40,74,14,0,1
40,74,15,0,1
40,74,16,0,1
40,74,17,0,1
40,74,18,0,1
40,74,19,0,1
40,74,20,0,1
40,74,21,0,1
40,74,22,0,1
40,74,23,0,1
40,74,24,0,1
40,74,25,0,1
40,74,26,0,1
40,74,27,0,1
40,74,28,0,1
40,74,29,0,1
40,74,30,0,1
40,74,31,0,1
40,74,32,0,1
40,74,33,0,1
40,74,34,0,1
40,74,35,0,1
40,74,36,0,1
40,74,37,0,1
40,74,38,0,1
40,74,39,0,1
40,74,40,0,1
40,74,41,0,1
40,74,42,0,1
40,74,43,0,1
40,74,44,0,1
40,74,45,0,1
40,74,46,0,1
40,74,47,0,1
40,74,48,0,1
40,74,49,0,1
40,74,50,0,1
40,74,51,0,1
40,74,52,0,1
40,74,53,0,1
40,74,54,0,1
40,74,55,0,1
40,74,56,0,1
40,74,57,0,1
40,74,58,0,1
40,74,59,0,1
40,74,60,0,1
40,74,61,0,1
40,74,62,0,1
40,74,63,0,1
40,75,0,0,1
40,75,1,0,1
40,75,2,0,1
40,75,3,0,1
40,75,4,0,1
40,75,5,0,1
40,75,6,0,1
40,75,7,0,1
40,75,8,0,1
40,75,9,0,1
40,75,10,0,1
40,75,11,0,1
40,75,12,0,1
40,75,13,0,1
40,75,14,0,1
40,75,15,0,1
40,75,16,0,1
40,75,17,0,1
40,75,18,0,1
40,75,19,0,1
40,75,20,0,1
40,75,21,0,1
40,75,22,0,1
40,75,23,0,1
40,75,24,0,1
40,75,25,0,1
40,75,26,0,1
40,75,27,0,1
40,75,28,0,1
40,75,29,0,1
40,75,30,0,1
40,75,31,0,1
40,75,32,0,1
40,75,33,0,1
40,75,34,0,1
40,75,35,0,1
40,75,36,0,1
40,75,37,0,1
40,75,38,0,1
40,75,39,0,1
40,75,40,0,1
40,75,41,0,1
40,75,42,0,1
40,75,43,0,1
40,75,44,0,1
40,75,45,0,1
40,75,46,0,1
40,75,47,0,1
40,75,48,0,1
40,75,49,0,1
40,75,50,0,1
40,75,51,0,1
40,75,52,0,1
40,75,53,0,1
40,75,54,0,1
40,75,55,0,1
40,75,56,0,1
40,75,57,0,1
40,75,58,0,1
40,75,59,0,1
40,75,60,0,1
40,75,61,0,1
40,75,62,0,1
40,75,63,0,1
40,76,0,0,1
40,76,1,0,1
40,76,2,0,1
40,76,3,0,1
40,76,4,0,1
40,76,5,0,1
40,76,6,0,1
40,76,7,0,1
40,76,8,0,1
40,76,9,0,1
40,76,10,0,1
40,76,11,0,1
40,76,12,0,1
40,76,13,0,1
40,76,14,0,1
40,76,15,0,1
40,76,16,0,1
40,76,17,0,1
40,76,18,0,1
40,76,19,0,1
40,76,20,0,1
40,76,21,0,1
40,76,22,0,1
40,76,23,0,1
40,76,24,0,1
40,76,25,0,1
40,76,26,0,1
40,76,27,0,1
40,76,28,0,1
40,76,29,0,1
40,76,30,0,1
40,76,31,0,1
40,76,32,0,1
40,76,33,0,1
40,76,34,0,1
40,76,35,0,1
40,76,36,0,1
40,76,37,0,1
40,76,38,0,1
40,76,39,0,1
40,76,40,0,1
40,76,41,0,1
40,76,42,0,1
40,76,43,0,1
40,76,44,0,1
40,76,45,0,1
40,76,46,0,1
40,76,47,0,1
40,76,48,0,1
40,76,49,0,1
40,76,50,0,1
40,76,51,0,1
40,76,52,0,1
40,76,53,0,1
40,76,54,0,1
40,76,55,0,1
40,76,56,0,1
40,76,57,0,1
40,76,58,0,1
40,76,59,0,1
40,76,60,0,1
40,76,61,0,1
40,76,62,0,1
40,76,63,0,1
40,77,0,0,1
40,77,1,0,1
40,77,2,0,1
40,77,3,0,1
40,77,4,0,1
40,77,5,0,1
40,77,6,0,1
40,77,7,0,1
40,77,8,0,1
40,77,9,0,1
40,77,10,0,1
40,77,11,0,1
40,77,12,0,1
40,77,13,0,1
40,77,14,0,1
40,77,15,0,1
40,77,16,0,1
40,77,17,0,1
40,77,18,0,1
40,77,19,0,1
40,77,20,0,1
40,77,21,0,1
40,77,22,0,1
40,77,23,0,1
40,77,24,0,1
40,77,25,0,1
40,77,26,0,1
40,77,27,0,1
40,77,28,0,1
40,77,29,0,1
40,77,30,0,1
40,77,31,0,1
40,77,32,0,1
40,77,33,0,1
40,77,34,0,1
40,77,35,0,1
40,77,36,0,1
40,77,37,0,1
40,77,38,0,1
40,77,39,0,1
40,77,40,0,1
40,77,41,0,1
40,77,42,0,1
40,77,43,0,1
40,77,44,0,1
40,77,45,0,1
40,77,46,0,1
40,77,47,0,1
40,77,48,0,1
40,77,49,0,1
40,77,50,0,1
40,77,51,0,1
40,77,52,0,1
40,77,53,0,1
40,77,54,0,1
40,77,55,0,1
40,77,56,0,1
40,77,57,0,1
40,77,58,0,1
40,77,59,0,1
40,77,60,0,1
40,77,61,0,1
40,77,62,0,1
40,77,63,0,1
40,78,0,0,1
40,78,1,0,1
40,78,2,0,1
40,78,3,0,1
40,78,4,0,1
40,78,5,0,1
40,78,6,0,1
40,78,7,0,1
40,78,8,0,1
40,78,9,0,1
40,78,10,0,1
40,78,11,0,1
40,78,12,0,1
40,78,13,0,1
40,78,14,0,1
40,78,15,0,1
40,78,16,0,1
40,78,17,0,1
40,78,18,0,1
40,78,19,0,1
40,78,20,0,1
40,78,21,0,1
40,78,22,0,1
40,78,23,0,1
40,78,24,0,1
40,78,25,0,1
40,78,26,0,1
40,78,27,0,1
40,78,28,0,1
40,78,29,0,1
40,78,30,0,1
40,78,31,0,1
40,78,32,0,1
40,78,33,0,1
40,78,34,0,1
40,78,35,0,1
40,78,36,0,1
40,78,37,0,1
40,78,38,0,1
40,78,39,0,1
40,78,40,0,1
40,78,41,0,1
40,78,42,0,1
40,78,43,0,1
40,78,44,0,1
40,78,45,0,1
40,78,46,0,1
40,78,47,0,1
40,78,48,0,1
40,78,49,0,1
40,78,50,0,1
40,78,51,0,1
40,78,52,0,1
40,78,53,0,1
40,78,54,0,1
40,78,55,0,1
40,78,56,0,1
40,78,57,0,1
40,78,58,0,1
40,78,59,0,1
40,78,60,0,1
40,78,61,0,1
40,78,62,0,1
40,78,63,0,1
40,79,0,0,1
40,79,1,0,1
40,79,2,0,1
40,79,3,0,1
40,79,4,0,1
40,79,5,0,1
40,79,6,0,1
40,79,7,0,1
40,79,8,0,1
40,79,9,0,1
40,79,10,0,1
40,79,11,0,1
40,79,12,0,1
40,79,13,0,1
40,79,14,0,1
40,79,15,0,1
40,79,16,0,1
40,79,17,0,1
40,79,18,0,1
40,79,19,0,1
40,79,20,0,1
40,79,21,0,1
40,79,22,0,1
40,79,23,0,1
40,79,24,0,1
40,79,25,0,1
40,79,26,0,1
40,79,27,0,1
40,79,28,0,1
40,79,29,0,1
40,79,30,0,1
40,79,31,0,1
40,79,32,0,1
40,79,33,0,1
40,79,34,0,1
40,79,35,0,1
40,79,36,0,1
40,79,37,0,1
40,79,38,0,1
40,79,39,0,1
40,79,40,0,1
40,79,41,0,1
40,79,42,0,1
40,79,43,0,1
40,79,44,0,1
40,79,45,0,1
40,79,46,0,1
40,79,47,0,1
40,79,48,0,1
40,79,49,0,1
40,79,50,0,1
40,79,51,0,1
40,79,52,0,1
40,79,53,0,1
40,79,54,0,1
40,79,55,0,1
40,79,56,0,1
40,79,57,0,1
40,79,58,0,1
40,79,59,0,1
40,79,60,0,1
40,79,61,0,1
40,79,62,0,1
40,79,63,0,1
40,80,0,0,1
40,80,1,0,1
40,80,2,0,1
40,80,3,0,1
40,80,4,0,1
40,80,5,0,1
40,80,6,0,1
40,80,7,0,1
40,80,8,0,1
40,80,9,0,1
40,80,10,0,1
40,80,11,0,1
40,80,12,0,1
40,80,13,0,1
40,80,14,0,1
40,80,15,0,1
40,80,16,0,1
40,80,17,0,1
40,80,18,0,1
40,80,19,0,1
40,80,20,0,1
40,80,21,0,1
40,80,22,0,1
40,80,23,0,1
40,80,24,0,1
40,80,25,0,1
40,80,26,0,1
40,80,27,0,1
40,80,28,0,1
40,80,29,0,1
40,80,30,0,1
40,80,31,0,1
40,80,32,0,1
40,80,33,0,1
40,80,34,0,1
40,80,35,0,1
40,80,36,0,1
40,80,37,0,1
40,80,38,0,1
40,80,39,0,1
40,80,40,0,1
40,80,41,0,1
40,80,42,0,1
40,80,43,0,1
40,80,44,0,1
40,80,45,0,1
40,80,46,0,1
40,80,47,0,1
40,80,48,0,1
40,80,49,0,1
40,80,50,0,1
40,80,51,0,1
40,80,52,0,1
40,80,53,0,1
40,80,54,0,1
40,80,55,0,1
40,80,56,0,1
40,80,57,0,1
40,80,58,0,1
40,80,59,0,1
40,80,60,0,1
40,80,61,0,1
40,80,62,0,1
40,80,63,0,1
40,81,0,0,1
40,81,1,0,1
40,81,2,0,1
40,81,3,0,1
40,81,4,0,1
40,81,5,0,1
40,81,6,0,1
40,81,7,0,1
40,81,8,0,1
40,81,9,0,1
40,81,10,0,1
40,81,11,0,1
40,81,12,0,1
40,81,13,0,1
40,81,14,0,1
40,81,15,0,1
40,81,16,0,1
40,81,17,0,1
40,81,18,0,1
40,81,19,0,1
40,81,20,0,1
40,81,21,0,1
40,81,22,0,1
40,81,23,0,1
40,81,24,0,1
40,81,25,0,1
40,81,26,0,1
40,81,27,0,1
40,81,28,0,1
40,81,29,0,1
40,81,30,0,1
40,81,31,0,1
40,81,32,0,1
40,81,33,0,1
40,81,34,0,1
40,81,35,0,1
40,81,36,0,1
40,81,37,0,1
40,81,38,0,1
40,81,39,0,1
40,81,40,0,1
40,81,41,0,1
40,81,42,0,1
40,81,43,0,1
40,81,44,0,1
40,81,45,0,1
40,81,46,0,1
40,81,47,0,1
40,81,48,0,1
40,81,49,0,1
40,81,50,0,1
40,81,51,0,1
40,81,52,0,1
40,81,53,0,1
40,81,54,0,1
40,81,55,0,1
40,81,56,0,1
40,81,57,0,1
40,81,58,0,1
40,81,59,0,1
40,81,60,0,1
40,81,61,0,1
40,81,62,0,1
40,81,63,0,1
40,82,0,0,1
40,82,1,0,1
40,82,2,0,1
40,82,3,0,1
40,82,4,0,1
40,82,5,0,1
40,82,6,0,1
40,82,7,0,1
40,82,8,0,1
40,82,9,0,1
40,82,10,0,1
40,82,11,0,1
40,82,12,0,1
40,82,13,0,1
40,82,14,0,1
40,82,15,0,1
40,82,16,0,1
40,82,17,0,1
40,82,18,0,1
40,82,19,0,1
40,82,20,0,1
40,82,21,0,1
40,82,22,0,1
40,82,23,0,1
40,82,24,0,1
40,82,25,0,1
40,82,26,0,1
40,82,27,0,1
40,82,28,0,1
40,82,29,0,1
40,82,30,0,1
40,82,31,0,1
40,82,32,0,1
40,82,33,0,1
40,82,34,0,1
40,82,35,0,1
40,82,36,0,1
40,82,37,0,1
40,82,38,0,1
40,82,39,0,1
40,82,40,0,1
40,82,41,0,1
40,82,42,0,1
40,82,43,0,1
40,82,44,0,1
40,82,45,0,1
40,82,46,0,1
40,82,47,0,1
40,82,48,0,1
40,82,49,0,1
40,82,50,0,1
40,82,51,0,1
40,82,52,0,1
40,82,53,0,1
40,82,54,0,1
40,82,55,0,1
40,82,56,0,1
40,82,57,0,1
40,82,58,0,1
40,82,59,0,1
40,82,60,0,1
40,82,61,0,1
40,82,62,0,1
40,82,63,0,1
40,83,0,0,1
40,83,1,0,1
40,83,2,0,1
40,83,3,0,1
40,83,4,0,1
40,83,5,0,1
40,83,6,0,1
40,83,7,0,1
40,83,8,0,1
40,83,9,0,1
40,83,10,0,1
40,83,11,0,1
40,83,12,0,1
40,83,13,0,1
40,83,14,0,1
40,83,15,0,1
40,83,16,0,1
40,83,17,0,1
40,83,18,0,1
40,83,19,0,1
40,83,20,0,1
40,83,21,0,1
40,83,22,0,1
40,83,23,0,1
40,83,24,0,1
40,83,25,0,1
40,83,26,0,1
40,83,27,0,1
40,83,28,0,1
40,83,29,0,1
40,83,30,0,1
40,83,31,0,1
40,83,32,0,1
40,83,33,0,1
40,83,34,0,1
40,83,35,0,1
40,83,36,0,1
40,83,37,0,1
40,83,38,0,1
40,83,39,0,1
40,83,40,0,1
40,83,41,0,1
40,83,42,0,1
40,83,43,0,1
40,83,44,0,1
40,83,45,0,1
40,83,46,0,1
40,83,47,0,1
40,83,48,0,1
40,83,49,0,1
40,83,50,0,1
40,83,51,0,1
40,83,52,0,1
40,83,53,0,1
40,83,54,0,1
40,83,55,0,1
40,83,56,0,1
40,83,57,0,1
40,83,58,0,1
40,83,59,0,1
40,83,60,0,1
40,83,61,0,1
40,83,62,0,1
40,83,63,0,1
40,84,0,0,1
40,84,1,0,1
40,84,2,0,1
40,84,3,0,1
40,84,4,0,1
40,84,5,0,1
40,84,6,0,1
40,84,7,0,1
40,84,8,0,1
40,84,9,0,1
40,84,10,0,1
40,84,11,0,1
40,84,12,0,1
40,84,13,0,1
40,84,14,0,1
40,84,15,0,1
40,84,16,0,1
40,84,17,0,1
40,84,18,0,1
40,84,19,0,1
40,84,20,0,1
40,84,21,0,1
40,84,22,0,1
40,84,23,0,1
40,84,24,0,1
40,84,25,0,1
40,84,26,0,1
40,84,27,0,1
40,84,28,0,1
40,84,29,0,1
40,84,30,0,1
40,84,31,0,1
40,84,32,0,1
40,84,33,0,1
40,84,34,0,1
40,84,35,0,1
40,84,36,0,1
40,84,37,0,1
40,84,38,0,1
40,84,39,0,1
40,84,40,0,1
40,84,41,0,1
40,84,42,0,1
40,84,43,0,1
40,84,44,0,1
40,84,45,0,1
40,84,46,0,1
40,84,47,0,1
40,84,48,0,1
40,84,49,0,1
40,84,50,0,1
40,84,51,0,1
40,84,52,0,1
40,84,53,0,1
40,84,54,0,1
40,84,55,0,1
40,84,56,0,1
40,84,57,0,1
40,84,58,0,1
40,84,59,0,1
40,84,60,0,1
40,84,61,0,1
40,84,62,0,1
40,84,63,0,1
40,85,0,0,1
40,85,1,0,1
40,85,2,0,1
40,85,3,0,1
40,85,4,0,1
40,85,5,0,1
40,85,6,0,1
40,85,7,0,1
40,85,8,0,1
40,85,9,0,1
40,85,10,0,1
40,85,11,0,1
40,85,12,0,1
40,85,13,0,1
40,85,14,0,1
40,85,15,0,1
40,85,16,0,1
40,85,17,0,1
40,85,18,0,1
40,85,19,0,1
40,85,20,0,1
40,85,21,0,1
40,85,22,0,1
40,85,23,0,1
40,85,24,0,1
40,85,25,0,1
40,85,26,0,1
40,85,27,0,1
40,85,28,0,1
40,85,29,0,1
40,85,30,0,1
40,85,31,0,1
40,85,32,0,1
40,85,33,0,1
40,85,34,0,1
40,85,35,0,1
40,85,36,0,1
40,85,37,0,1
40,85,38,0,1
40,85,39,0,1
40,85,40,0,1
40,85,41,0,1
40,85,42,0,1
40,85,43,0,1
40,85,44,0,1
40,85,45,0,1
40,85,46,0,1
40,85,47,0,1
40,85,48,0,1
40,85,49,0,1
40,85,50,0,1
40,85,51,0,1
40,85,52,0,1
40,85,53,0,1
40,85,54,0,1
40,85,55,0,1
40,85,56,0,1
40,85,57,0,1
40,85,58,0,1
40,85,59,0,1
40,85,60,0,1
40,85,61,0,1
40,85,62,0,1
40,85,63,0,1
40,86,0,0,1
40,86,1,0,1
40,86,2,0,1
40,86,3,0,1
40,86,4,0,1
40,86,5,0,1
40,86,6,0,1
40,86,7,0,1
40,86,8,0,1
40,86,9,0,1
40,86,10,0,1
40,86,11,0,1
40,86,12,0,1
40,86,13,0,1
40,86,14,0,1
40,86,15,0,1
40,86,16,0,1
40,86,17,0,1
40,86,18,0,1
40,86,19,0,1
40,86,20,0,1
40,86,21,0,1
40,86,22,0,1
40,86,23,0,1
40,86,24,0,1
40,86,25,0,1
40,86,26,0,1
40,86,27,0,1
40,86,28,0,1
40,86,29,0,1
40,86,30,0,1
40,86,31,0,1
40,86,32,0,1
40,86,33,0,1
40,86,34,0,1
40,86,35,0,1
40,86,36,0,1
40,86,37,0,1
40,86,38,0,1
40,86,39,0,1
40,86,40,0,1
40,86,41,0,1
40,86,42,0,1
40,86,43,0,1
40,86,44,0,1
40,86,45,0,1
40,86,46,0,1
40,86,47,0,1
40,86,48,0,1
40,86,49,0,1
40,86,50,0,1
40,86,51,0,1
40,86,52,0,1
40,86,53,0,1
40,86,54,0,1
40,86,55,0,1
40,86,56,0,1
40,86,57,0,1
40,86,58,0,1
40,86,59,0,1
40,86,60,0,1
40,86,61,0,1
40,86,62,0,1
40,86,63,0,1
40,87,0,0,1
40,87,1,0,1
40,87,2,0,1
40,87,3,0,1
40,87,4,0,1
40,87,5,0,1
40,87,6,0,1
40,87,7,0,1
40,87,8,0,1
40,87,9,0,1
40,87,10,0,1
40,87,11,0,1
40,87,12,0,1
40,87,13,0,1
40,87,14,0,1
40,87,15,0,1
40,87,16,0,1
40,87,17,0,1
40,87,18,0,1
40,87,19,0,1
40,87,20,0,1
40,87,21,0,1
40,87,22,0,1
40,87,23,0,1
40,87,24,0,1
40,87,25,0,1
40,87,26,0,1
40,87,27,0,1
40,87,28,0,1
40,87,29,0,1
40,87,30,0,1
40,87,31,0,1
40,87,32,0,1
40,87,33,0,1
40,87,34,0,1
40,87,35,0,1
40,87,36,0,1
40,87,37,0,1
40,87,38,0,1
40,87,39,0,1
40,87,40,0,1
40,87,41,0,1
40,87,42,0,1
40,87,43,0,1
40,87,44,0,1
40,87,45,0,1
40,87,46,0,1
40,87,47,0,1
40,87,48,0,1
40,87,49,0,1
40,87,50,0,1
40,87,51,0,1
40,87,52,0,1
40,87,53,0,1
40,87,54,0,1
40,87,55,0,1
40,87,56,0,1
40,87,57,0,1
40,87,58,0,1
40,87,59,0,1
40,87,60,0,1
40,87,61,0,1
40,87,62,0,1
40,87,63,0,1
40,88,0,0,1
40,88,1,0,1
40,88,2,0,1
40,88,3,0,1
40,88,4,0,1
40,88,5,0,1
40,88,6,0,1
40,88,7,0,1
40,88,8,0,1
40,88,9,0,1
40,88,10,0,1
40,88,11,0,1
40,88,12,0,1
40,88,13,0,1
40,88,14,0,1
40,88,15,0,1
40,88,16,0,1
40,88,17,0,1
40,88,18,0,1
40,88,19,0,1
40,88,20,0,1
40,88,21,0,1
40,88,22,0,1
40,88,23,0,1
40,88,24,0,1
40,88,25,0,1
40,88,26,0,1
40,88,27,0,1
40,88,28,0,1
40,88,29,0,1
40,88,30,0,1
40,88,31,0,1
40,88,32,0,1
40,88,33,0,1
40,88,34,0,1
40,88,35,0,1
40,88,36,0,1
40,88,37,0,1
40,88,38,0,1
40,88,39,0,1
40,88,40,0,1
40,88,41,0,1
40,88,42,0,1
40,88,43,0,1
40,88,44,0,1
40,88,45,0,1
40,88,46,0,1
40,88,47,0,1
40,88,48,0,1
40,88,49,0,1
40,88,50,0,1
40,88,51,0,1
40,88,52,0,1
40,88,53,0,1
40,88,54,0,1
40,88,55,0,1
40,88,56,0,1
40,88,57,0,1
40,88,58,0,1
40,88,59,0,1
40,88,60,0,1
40,88,61,0,1
40,88,62,0,1
40,88,63,0,1
40,89,0,0,1
40,89,1,0,1
40,89,2,0,1
40,89,3,0,1
40,89,4,0,1
40,89,5,0,1
40,89,6,0,1
40,89,7,0,1
40,89,8,0,1
40,89,9,0,1
40,89,10,0,1
40,89,11,0,1
40,89,12,0,1
40,89,13,0,1
40,89,14,0,1
40,89,15,0,1
40,89,16,0,1
40,89,17,0,1
40,89,18,0,1
40,89,19,0,1
40,89,20,0,1
40,89,21,0,1
40,89,22,0,1
40,89,23,0,1
40,89,24,0,1
40,89,25,0,1
40,89,26,0,1
40,89,27,0,1
40,89,28,0,1
40,89,29,0,1
40,89,30,0,1
40,89,31,0,1
40,89,32,0,1
40,89,33,0,1
40,89,34,0,1
40,89,35,0,1
40,89,36,0,1
40,89,37,0,1
40,89,38,0,1
40,89,39,0,1
40,89,40,0,1
40,89,41,0,1
40,89,42,0,1
40,89,43,0,1
40,89,44,0,1
40,89,45,0,1
40,89,46,0,1
40,89,47,0,1
40,89,48,0,1
40,89,49,0,1
40,89,50,0,1
40,89,51,0,1
40,89,52,0,1
40,89,53,0,1
40,89,54,0,1
40,89,55,0,1
40,89,56,0,1
40,89,57,0,1
40,89,58,0,1
40,89,59,0,1
40,89,60,0,1
40,89,61,0,1
40,89,62,0,1
40,89,63,0,1
40,90,0,0,1
40,90,1,0,1
40,90,2,0,1
40,90,3,0,1
40,90,4,0,1
40,90,5,0,1
40,90,6,0,1
40,90,7,0,1
40,90,8,0,1
40,90,9,0,1
40,90,10,0,1
40,90,11,0,1
40,90,12,0,1
40,90,13,0,1
40,90,14,0,1
40,90,15,0,1
40,90,16,0,1
40,90,17,0,1
40,90,18,0,1
40,90,19,0,1
40,90,20,0,1
40,90,21,0,1
40,90,22,0,1
40,90,23,0,1
40,90,24,0,1
40,90,25,0,1
40,90,26,0,1
40,90,27,0,1
40,90,28,0,1
40,90,29,0,1
40,90,30,0,1
40,90,31,0,1
40,90,32,0,1
40,90,33,0,1
40,90,34,0,1
40,90,35,0,1
40,90,36,0,1
40,90,37,0,1
40,90,38,0,1
40,90,39,0,1
40,90,40,0,1
40,90,41,0,1
40,90,42,0,1
40,90,43,0,1
40,90,44,0,1
40,90,45,0,1
40,90,46,0,1
40,90,47,0,1
40,90,48,0,1
40,90,49,0,1
40,90,50,0,1
40,90,51,0,1
40,90,52,0,1
40,90,53,0,1
40,90,54,0,1
40,90,55,0,1
40,90,56,0,1
40,90,57,0,1
40,90,58,0,1
40,90,59,0,1
40,90,60,0,1
40,90,61,0,1
40,90,62,0,1
40,90,63,0,1
40,91,0,0,1
40,91,1,0,1
40,91,2,0,1
40,91,3,0,1
40,91,4,0,1
40,91,5,0,1
40,91,6,0,1
40,91,7,0,1
40,91,8,0,1
40,91,9,0,1
40,91,10,0,1
40,91,11,0,1
40,91,12,0,1
40,91,13,0,1
40,91,14,0,1
40,91,15,0,1
40,91,16,0,1
40,91,17,0,1
40,91,18,0,1
40,91,19,0,1
40,91,20,0,1
40,91,21,0,1
40,91,22,0,1
40,91,23,0,1
40,91,24,0,1
40,91,25,0,1
40,91,26,0,1
40,91,27,0,1
40,91,28,0,1
40,91,29,0,1
40,91,30,0,1
40,91,31,0,1
40,91,32,0,1
40,91,33,0,1
40,91,34,0,1
40,91,35,0,1
40,91,36,0,1
40,91,37,0,1
40,91,38,0,1
40,91,39,0,1
40,91,40,0,1
40,91,41,0,1
40,91,42,0,1
40,91,43,0,1
40,91,44,0,1
40,91,45,0,1
40,91,46,0,1
40,91,47,0,1
40,91,48,0,1
40,91,49,0,1
40,91,50,0,1
40,91,51,0,1
40,91,52,0,1
40,91,53,0,1
40,91,54,0,1
40,91,55,0,1
40,91,56,0,1
40,91,57,0,1
40,91,58,0,1
40,91,59,0,1
40,91,60,0,1
40,91,61,0,1
40,91,62,0,1
40,91,63,0,1
40,92,0,0,1
40,92,1,0,1
40,92,2,0,1
40,92,3,0,1
40,92,4,0,1
40,92,5,0,1
40,92,6,0,1
40,92,7,0,1
40,92,8,0,1
40,92,9,0,1
40,92,10,0,1
40,92,11,0,1
40,92,12,0,1
40,92,13,0,1
40,92,14,0,1
40,92,15,0,1
40,92,16,0,1
40,92,17,0,1
40,92,18,0,1
40,92,19,0,1
40,92,20,0,1
40,92,21,0,1
40,92,22,0,1
40,92,23,0,1
40,92,24,0,1
40,92,25,0,1
40,92,26,0,1
40,92,27,0,1
40,92,28,0,1
40,92,29,0,1
40,92,30,0,1
40,92,31,0,1
40,92,32,0,1
40,92,33,0,1
40,92,34,0,1
40,92,35,0,1
40,92,36,0,1
40,92,37,0,1
40,92,38,0,1
40,92,39,0,1
40,92,40,0,1
40,92,41,0,1
40,92,42,0,1
40,92,43,0,1
40,92,44,0,1
40,92,45,0,1
40,92,46,0,1
40,92,47,0,1
40,92,48,0,1
40,92,49,0,1
40,92,50,0,1
40,92,51,0,1
40,92,52,0,1
40,92,53,0,1
40,92,54,0,1
40,92,55,0,1
40,92,56,0,1
40,92,57,0,1
40,92,58,0,1
40,92,59,0,1
40,92,60,0,1
40,92,61,0,1
40,92,62,0,1
40,92,63,0,1
40,93,0,0,1
40,93,1,0,1
40,93,2,0,1
40,93,3,0,1
40,93,4,0,1
40,93,5,0,1
40,93,6,0,1
40,93,7,0,1
40,93,8,0,1
40,93,9,0,1
40,93,10,0,1
40,93,11,0,1
40,93,12,0,1
40,93,13,0,1
40,93,14,0,1
40,93,15,0,1
40,93,16,0,1
40,93,17,0,1
40,93,18,0,1
40,93,19,0,1
40,93,20,0,1
40,93,21,0,1
40,93,22,0,1
40,93,23,0,1
40,93,24,0,1
40,93,25,0,1
40,93,26,0,1
40,93,27,0,1
40,93,28,0,1
40,93,29,0,1
40,93,30,0,1
40,93,31,0,1
40,93,32,0,1
40,93,33,0,1
40,93,34,0,1
40,93,35,0,1
40,93,36,0,1
40,93,37,0,1
40,93,38,0,1
40,93,39,0,1
40,93,40,0,1
40,93,41,0,1
40,93,42,0,1
40,93,43,0,1
40,93,44,0,1
40,93,45,0,1
40,93,46,0,1
40,93,47,0,1
40,93,48,0,1
40,93,49,0,1
40,93,50,0,1
40,93,51,0,1
40,93,52,0,1
40,93,53,0,1
40,93,54,0,1
40,93,55,0,1
40,93,56,0,1
40,93,57,0,1
40,93,58,0,1
40,93,59,0,1
40,93,60,0,1
40,93,61,0,1
40,93,62,0,1
40,93,63,0,1
40,94,0,0,1
40,94,1,0,1
40,94,2,0,1
40,94,3,0,1
40,94,4,0,1
40,94,5,0,1
40,94,6,0,1
40,94,7,0,1
40,94,8,0,1
40,94,9,0,1
40,94,10,0,1
40,94,11,0,1
40,94,12,0,1
40,94,13,0,1
40,94,14,0,1
40,94,15,0,1
40,94,16,0,1
40,94,17,0,1
40,94,18,0,1
40,94,19,0,1
40,94,20,0,1
40,94,21,0,1
40,94,22,0,1
40,94,23,0,1
40,94,24,0,1
40,94,25,0,1
40,94,26,0,1
40,94,27,0,1
40,94,28,0,1
40,94,29,0,1
40,94,30,0,1
40,94,31,0,1
40,94,32,0,1
40,94,33,0,1
40,94,34,0,1
40,94,35,0,1
40,94,36,0,1
40,94,37,0,1
40,94,38,0,1
40,94,39,0,1
40,94,40,0,1
40,94,41,0,1
40,94,42,0,1
40,94,43,0,1
40,94,44,0,1
40,94,45,0,1
40,94,46,0,1
40,94,47,0,1
40,94,48,0,1
40,94,49,0,1
40,94,50,0,1
40,94,51,0,1
40,94,52,0,1
40,94,53,0,1
40,94,54,0,1
40,94,55,0,1
40,94,56,0,1
40,94,57,0,1
40,94,58,0,1
40,94,59,0,1
40,94,60,0,1
40,94,61,0,1
40,94,62,0,1
40,94,63,0,1
40,95,0,0,1
40,95,1,0,1
40,95,2,0,1
40,95,3,0,1
40,95,4,0,1
40,95,5,0,1
40,95,6,0,1
40,95,7,0,1
40,95,8,0,1
40,95,9,0,1
40,95,10,0,1
40,95,11,0,1
40,95,12,0,1
40,95,13,0,1
40,95,14,0,1
40,95,15,0,1
40,95,16,0,1
40,95,17,0,1
40,95,18,0,1
40,95,19,0,1
40,95,20,0,1
40,95,21,0,1
40,95,22,0,1
40,95,23,0,1
40,95,24,0,1
40,95,25,0,1
40,95,26,0,1
40,95,27,0,1
40,95,28,0,1
40,95,29,0,1
40,95,30,0,1
40,95,31,0,1
40,95,32,0,1
40,95,33,0,1
40,95,34,0,1
40,95,35,0,1
40,95,36,0,1
40,95,37,0,1
40,95,38,0,1
40,95,39,0,1
40,95,40,0,1
40,95,41,0,1
40,95,42,0,1
40,95,43,0,1
40,95,44,0,1
40,95,45,0,1
40,95,46,0,1
40,95,47,0,1
40,95,48,0,1
40,95,49,0,1
40,95,50,0,1
40,95,51,0,1
40,95,52,0,1
40,95,53,0,1
40,95,54,0,1
40,95,55,0,1
40,95,56,0,1
40,95,57,0,1
40,95,58,0,1
40,95,59,0,1
40,95,60,0,1
40,95,61,0,1
40,95,62,0,1
40,95,63,0,1
40,96,0,0,1
40,96,1,0,1
40,96,2,0,1
40,96,3,0,1
40,96,4,0,1
40,96,5,0,1
40,96,6,0,1
40,96,7,0,1
40,96,8,0,1
40,96,9,0,1
40,96,10,0,1
40,96,11,0,1
40,96,12,0,1
40,96,13,0,1
40,96,14,0,1
40,96,15,0,1
40,96,16,0,1
40,96,17,0,1
40,96,18,0,1
40,96,19,0,1
40,96,20,0,1
40,96,21,0,1
40,96,22,0,1
40,96,23,0,1
40,96,24,0,1
40,96,25,0,1
40,96,26,0,1
40,96,27,0,1
40,96,28,0,1
40,96,29,0,1
40,96,30,0,1
40,96,31,0,1
40,96,32,0,1
40,96,33,0,1
40,96,34,0,1
40,96,35,0,1
40,96,36,0,1
40,96,37,0,1
40,96,38,0,1
40,96,39,0,1
40,96,40,0,1
40,96,41,0,1
40,96,42,0,1
40,96,43,0,1
40,96,44,0,1
40,96,45,0,1
40,96,46,0,1
40,96,47,0,1
40,96,48,0,1
40,96,49,0,1
40,96,50,0,1
40,96,51,0,1
40,96,52,0,1
40,96,53,0,1
40,96,54,0,1
40,96,55,0,1
40,96,56,0,1
40,96,57,0,1
40,96,58,0,1
40,96,59,0,1
40,96,60,0,1
40,96,61,0,1
40,96,62,0,1
40,96,63,0,1
40,97,0,0,1
40,97,1,0,1
40,97,2,0,1
40,97,3,0,1
40,97,4,0,1
40,97,5,0,1
40,97,6,0,1
40,97,7,0,1
40,97,8,0,1
40,97,9,0,1
40,97,10,0,1
40,97,11,0,1
40,97,12,0,1
40,97,13,0,1
40,97,14,0,1
40,97,15,0,1
40,97,16,0,1
40,97,17,0,1
40,97,18,0,1
40,97,19,0,1
40,97,20,0,1
40,97,21,0,1
40,97,22,0,1
40,97,23,0,1
40,97,24,0,1
40,97,25,0,1
40,97,26,0,1
40,97,27,0,1
40,97,28,0,1
40,97,29,0,1
40,97,30,0,1
40,97,31,0,1
40,97,32,0,1
40,97,33,0,1
40,97,34,0,1
40,97,35,0,1
40,97,36,0,1
40,97,37,0,1
40,97,38,0,1
40,97,39,0,1
40,97,40,0,1
40,97,41,0,1
40,97,42,0,1
40,97,43,0,1
40,97,44,0,1
40,97,45,0,1
40,97,46,0,1
40,97,47,0,1
40,97,48,0,1
40,97,49,0,1
40,97,50,0,1
40,97,51,0,1
40,97,52,0,1
40,97,53,0,1
40,97,54,0,1
40,97,55,0,1
40,97,56,0,1
40,97,57,0,1
40,97,58,0,1
40,97,59,0,1
40,97,60,0,1
40,97,61,0,1
40,97,62,0,1
40,97,63,0,1
40,98,0,0,1
40,98,1,0,1
40,98,2,0,1
40,98,3,0,1
40,98,4,0,1
40,98,5,0,1
40,98,6,0,1
40,98,7,0,1
40,98,8,0,1
40,98,9,0,1
40,98,10,0,1
40,98,11,0,1
40,98,12,0,1
40,98,13,0,1
40,98,14,0,1
40,98,15,0,1
40,98,16,0,1
40,98,17,0,1
40,98,18,0,1
40,98,19,0,1
40,98,20,0,1
40,98,21,0,1
40,98,22,0,1
40,98,23,0,1
40,98,24,0,1
40,98,25,0,1
40,98,26,0,1
40,98,27,0,1
40,98,28,0,1
40,98,29,0,1
40,98,30,0,1
40,98,31,0,1
40,98,32,0,1
40,98,33,0,1
40,98,34,0,1
40,98,35,0,1
40,98,36,0,1
40,98,37,0,1
40,98,38,0,1
40,98,39,0,1
40,98,40,0,1
40,98,41,0,1
40,98,42,0,1
40,98,43,0,1
40,98,44,0,1
40,98,45,0,1
40,98,46,0,1
40,98,47,0,1
40,98,48,0,1
40,98,49,0,1
40,98,50,0,1
40,98,51,0,1
40,98,52,0,1
40,98,53,0,1
40,98,54,0,1
40,98,55,0,1
40,98,56,0,1
40,98,57,0,1
40,98,58,0,1
40,98,59,0,1
40,98,60,0,1
40,98,61,0,1
40,98,62,0,1
40,98,63,0,1
40,99,0,0,1
40,99,1,0,1
40,99,2,0,1
40,99,3,0,1
40,99,4,0,1
40,99,5,0,1
40,99,6,0,1
40,99,7,0,1
40,99,8,0,1
40,99,9,0,1
40,99,10,0,1
40,99,11,0,1
40,99,12,0,1
40,99,13,0,1
40,99,14,0,1
40,99,15,0,1
40,99,16,0,1
40,99,17,0,1
40,99,18,0,1
40,99,19,0,1
40,99,20,0,1
40,99,21,0,1
40,99,22,0,1
40,99,23,0,1
40,99,24,0,1
40,99,25,0,1
40,99,26,0,1
40,99,27,0,1
40,99,28,0,1
40,99,29,0,1
40,99,30,0,1
40,99,31,0,1
40,99,32,0,1
40,99,33,0,1
40,99,34,0,1
40,99,35,0,1
40,99,36,0,1
40,99,37,0,1
40,99,38,0,1
40,99,39,0,1
40,99,40,0,1
40,99,41,0,1
40,99,42,0,1
40,99,43,0,1
40,99,44,0,1
40,99,45,0,1
40,99,46,0,1
40,99,47,0,1
40,99,48,0,1
40,99,49,0,1
40,99,50,0,1
40,99,51,0,1
40,99,52,0,1
40,99,53,0,1
40,99,54,0,1
40,99,55,0,1
40,99,56,0,1
40,99,57,0,1
40,99,58,0,1
40,99,59,0,1
40,99,60,0,1
40,99,61,0,1
40,99,62,0,1
40,99,63,0,1
40,100,0,0,1
40,100,1,0,1
40,100,2,0,1
40,100,3,0,1
40,100,4,0,1
40,100,5,0,1
40,100,6,0,1
40,100,7,0,1
40,100,8,0,1
40,100,9,0,1
40,100,10,0,1
40,100,11,0,1
40,100,12,0,1
40,100,13,0,1
40,100,14,0,1
40,100,15,0,1
40,100,16,0,1
40,100,17,0,1
40,100,18,0,1
40,100,19,0,1
40,100,20,0,1
40,100,21,0,1
40,100,22,0,1
40,100,23,0,1
40,100,24,0,1
40,100,25,0,1
40,100,26,0,1
40,100,27,0,1
40,100,28,0,1
40,100,29,0,1
40,100,30,0,1
40,100,31,0,1
40,100,32,0,1
40,100,33,0,1
40,100,34,0,1
40,100,35,0,1
40,100,36,0,1
40,100,37,0,1
40,100,38,0,1
40,100,39,0,1
40,100,40,0,1
40,100,41,0,1
40,100,42,0,1
40,100,43,0,1
40,100,44,0,1
40,100,45,0,1
40,100,46,0,1
40,100,47,0,1
40,100,48,0,1
40,100,49,0,1
40,100,50,0,1
40,100,51,0,1
40,100,52,0,1
40,100,53,0,1
40,100,54,0,1
40,100,55,0,1
40,100,56,0,1
40,100,57,0,1
40,100,58,0,1
40,100,59,0,1
40,100,60,0,1
40,100,61,0,1
40,100,62,0,1
40,100,63,0,1
41,1,0,0,1
41,1,1,0,1
41,1,2,0,1
41,1,3,0,1
41,1,4,0,1
41,1,5,0,1
41,1,6,0,1
41,1,7,0,1
41,1,8,0,1
41,1,9,0,1
41,1,10,0,1
41,1,11,0,1
41,1,12,0,1
41,1,13,0,1
41,1,14,0,1
41,1,15,0,1
41,1,16,0,1
41,1,17,0,1
41,1,18,0,1
41,1,19,0,1
41,1,20,0,1
41,1,21,0,1
41,1,22,0,1
41,1,23,0,1
41,1,24,0,1
41,1,25,0,1
41,1,26,0,1
41,1,27,0,1
41,1,28,0,1
41,1,29,0,1
41,1,30,0,1
41,1,31,0,1
41,1,32,0,1
41,1,33,0,1
41,1,34,0,1
41,1,35,0,1
41,1,36,0,1
41,1,37,0,1
41,1,38,0,1
41,1,39,0,1
41,1,40,0,1
41,1,41,0,1
41,1,42,0,1
41,1,43,0,1
41,1,44,0,1
41,1,45,0,1
41,1,46,0,1
41,1,47,0,1
41,1,48,0,1
41,1,49,0,1
41,1,50,0,1
41,1,51,0,1
41,1,52,0,1
41,1,53,0,1
41,1,54,0,1
41,1,55,0,1
41,1,56,0,1
41,1,57,0,1
41,1,58,0,1
41,1,59,0,1
41,1,60,0,1
41,1,61,0,1
41,1,62,0,1
41,1,63,0,1
41,2,0,0,1
41,2,1,0,1
41,2,2,0,1
41,2,3,0,1
41,2,4,0,1
41,2,5,0,1
41,2,6,0,1
41,2,7,0,1
41,2,8,0,1
41,2,9,0,1
41,2,10,0,1
41,2,11,0,1
41,2,12,0,1
41,2,13,0,1
41,2,14,0,1
41,2,15,0,1
41,2,16,0,1
41,2,17,0,1
41,2,18,0,1
41,2,19,0,1
41,2,20,0,1
41,2,21,0,1
41,2,22,0,1
41,2,23,0,1
41,2,24,0,1
41,2,25,0,1
41,2,26,0,1
41,2,27,0,1
41,2,28,0,1
41,2,29,0,1
41,2,30,0,1
41,2,31,0,1
41,2,32,0,1
41,2,33,0,1
41,2,34,0,1
41,2,35,0,1
41,2,36,0,1
41,2,37,0,1
41,2,38,0,1
41,2,39,0,1
41,2,40,0,1
41,2,41,0,1
41,2,42,0,1
41,2,43,0,1
41,2,44,0,1
41,2,45,0,1
41,2,46,0,1
41,2,47,0,1
41,2,48,0,1
41,2,49,0,1
41,2,50,0,1
41,2,51,0,1
41,2,52,0,1
41,2,53,0,1
41,2,54,0,1
41,2,55,0,1
41,2,56,0,1
41,2,57,0,1
41,2,58,0,1
41,2,59,0,1
41,2,60,0,1
41,2,61,0,1
41,2,62,0,1
41,2,63,0,1
41,3,0,0,1
41,3,1,0,1
41,3,2,0,1
41,3,3,0,1
41,3,4,0,1
41,3,5,0,1
41,3,6,0,1
41,3,7,0,1
41,3,8,0,1
41,3,9,0,1
41,3,10,0,1
41,3,11,0,1
41,3,12,0,1
41,3,13,0,1
41,3,14,0,1
41,3,15,0,1
41,3,16,0,1
41,3,17,0,1
41,3,18,0,1
41,3,19,0,1
41,3,20,0,1
41,3,21,0,1
41,3,22,0,1
41,3,23,0,1
41,3,24,0,1
41,3,25,0,1
41,3,26,0,1
41,3,27,0,1
41,3,28,0,1
41,3,29,0,1
41,3,30,0,1
41,3,31,0,1
41,3,32,0,1
41,3,33,0,1
41,3,34,0,1
41,3,35,0,1
41,3,36,0,1
41,3,37,0,1
41,3,38,0,1
41,3,39,0,1
41,3,40,0,1
41,3,41,0,1
41,3,42,0,1
41,3,43,0,1
41,3,44,0,1
41,3,45,0,1
41,3,46,0,1
41,3,47,0,1
41,3,48,0,1
41,3,49,0,1
41,3,50,0,1
41,3,51,0,1
41,3,52,0,1
41,3,53,0,1
41,3,54,0,1
41,3,55,0,1
41,3,56,0,1
41,3,57,0,1
41,3,58,0,1
41,3,59,0,1
41,3,60,0,1
41,3,61,0,1
41,3,62,0,1
41,3,63,0,1
41,4,0,0,1
41,4,1,0,1
41,4,2,0,1
41,4,3,0,1
41,4,4,0,1
41,4,5,0,1
41,4,6,0,1
41,4,7,0,1
41,4,8,0,1
41,4,9,0,1
41,4,10,0,1
41,4,11,0,1
41,4,12,0,1
41,4,13,0,1
41,4,14,0,1
41,4,15,0,1
41,4,16,0,1
41,4,17,0,1
41,4,18,0,1
41,4,19,0,1
41,4,20,0,1
41,4,21,0,1
41,4,22,0,1
41,4,23,0,1
41,4,24,0,1
41,4,25,0,1
41,4,26,0,1
41,4,27,0,1
41,4,28,0,1
41,4,29,0,1
41,4,30,0,1
41,4,31,0,1
41,4,32,0,1
41,4,33,0,1
41,4,34,0,1
41,4,35,0,1
41,4,36,0,1
41,4,37,0,1
41,4,38,0,1
41,4,39,0,1
41,4,40,0,1
41,4,41,0,1
41,4,42,0,1
41,4,43,0,1
41,4,44,0,1
41,4,45,0,1
41,4,46,0,1
41,4,47,0,1
41,4,48,0,1
41,4,49,0,1
41,4,50,0,1
41,4,51,0,1
41,4,52,0,1
41,4,53,0,1
41,4,54,0,1
41,4,55,0,1
41,4,56,0,1
41,4,57,0,1
41,4,58,0,1
41,4,59,0,1
41,4,60,0,1
41,4,61,0,1
41,4,62,0,1
41,4,63,0,1
41,5,0,0,1
41,5,1,0,1
41,5,2,0,1
41,5,3,0,1
41,5,4,0,1
41,5,5,0,1
41,5,6,0,1
41,5,7,0,1
41,5,8,0,1
41,5,9,0,1
41,5,10,0,1
41,5,11,0,1
41,5,12,0,1
41,5,13,0,1
41,5,14,0,1
41,5,15,0,1
41,5,16,0,1
41,5,17,0,1
41,5,18,0,1
41,5,19,0,1
41,5,20,0,1
41,5,21,0,1
41,5,22,0,1
41,5,23,0,1
41,5,24,0,1
41,5,25,0,1
41,5,26,0,1
41,5,27,0,1
41,5,28,0,1
41,5,29,0,1
41,5,30,0,1
41,5,31,0,1
41,5,32,0,1
41,5,33,0,1
41,5,34,0,1
41,5,35,0,1
41,5,36,0,1
41,5,37,0,1
41,5,38,0,1
41,5,39,0,1
41,5,40,0,1
41,5,41,0,1
41,5,42,0,1
41,5,43,0,1
41,5,44,0,1
41,5,45,0,1
41,5,46,0,1
41,5,47,0,1
41,5,48,0,1
41,5,49,0,1
41,5,50,0,1
41,5,51,0,1
41,5,52,0,1
41,5,53,0,1
41,5,54,0,1
41,5,55,0,1
41,5,56,0,1
41,5,57,0,1
41,5,58,0,1
41,5,59,0,1
41,5,60,0,1
41,5,61,0,1
41,5,62,0,1
41,5,63,0,1
41,6,0,0,1
41,6,1,0,1
41,6,2,0,1
41,6,3,0,1
41,6,4,0,1
41,6,5,0,1
41,6,6,0,1
41,6,7,0,1
41,6,8,0,1
41,6,9,0,1
41,6,10,0,1
41,6,11,0,1
41,6,12,0,1
41,6,13,0,1
41,6,14,0,1
41,6,15,0,1
41,6,16,0,1
41,6,17,0,1
41,6,18,0,1
41,6,19,0,1
41,6,20,0,1
41,6,21,0,1
41,6,22,0,1
41,6,23,0,1
41,6,24,0,1
41,6,25,0,1
41,6,26,0,1
41,6,27,0,1
41,6,28,0,1
41,6,29,0,1
41,6,30,0,1
41,6,31,0,1
41,6,32,0,1
41,6,33,0,1
41,6,34,0,1
41,6,35,0,1
41,6,36,0,1
41,6,37,0,1
41,6,38,0,1
41,6,39,0,1
41,6,40,0,1
41,6,41,0,1
41,6,42,0,1
41,6,43,0,1
41,6,44,0,1
41,6,45,0,1
41,6,46,0,1
41,6,47,0,1
41,6,48,0,1
41,6,49,0,1
41,6,50,0,1
41,6,51,0,1
41,6,52,0,1
41,6,53,0,1
41,6,54,0,1
41,6,55,0,1
41,6,56,0,1
41,6,57,0,1
41,6,58,0,1
41,6,59,0,1
41,6,60,0,1
41,6,61,0,1
41,6,62,0,1
41,6,63,0,1
41,7,0,0,1
41,7,1,0,1
41,7,2,0,1
41,7,3,0,1
41,7,4,0,1
41,7,5,0,1
41,7,6,0,1
41,7,7,0,1
41,7,8,0,1
41,7,9,0,1
41,7,10,0,1
41,7,11,0,1
41,7,12,0,1
41,7,13,0,1
41,7,14,0,1
41,7,15,0,1
41,7,16,0,1
41,7,17,0,1
41,7,18,0,1
41,7,19,0,1
41,7,20,0,1
41,7,21,0,1
41,7,22,0,1
41,7,23,0,1
41,7,24,0,1
41,7,25,0,1
41,7,26,0,1
41,7,27,0,1
41,7,28,0,1
41,7,29,0,1
41,7,30,0,1
41,7,31,0,1
41,7,32,0,1
41,7,33,0,1
41,7,34,0,1
41,7,35,0,1
41,7,36,0,1
41,7,37,0,1
41,7,38,0,1
41,7,39,0,1
41,7,40,0,1
41,7,41,0,1
41,7,42,0,1
41,7,43,0,1
41,7,44,0,1
41,7,45,0,1
41,7,46,0,1
41,7,47,0,1
41,7,48,0,1
41,7,49,0,1
41,7,50,0,1
41,7,51,0,1
41,7,52,0,1
41,7,53,0,1
41,7,54,0,1
41,7,55,0,1
41,7,56,0,1
41,7,57,0,1
41,7,58,0,1
41,7,59,0,1
41,7,60,0,1
41,7,61,0,1
41,7,62,0,1
41,7,63,0,1
41,8,0,0,1
41,8,1,0,1
41,8,2,0,1
41,8,3,0,1
41,8,4,0,1
41,8,5,0,1
41,8,6,0,1
41,8,7,0,1
41,8,8,0,1
41,8,9,0,1
41,8,10,0,1
41,8,11,0,1
41,8,12,0,1
41,8,13,0,1
41,8,14,0,1
41,8,15,0,1
41,8,16,0,1
41,8,17,0,1
41,8,18,0,1
41,8,19,0,1
41,8,20,0,1
41,8,21,0,1
41,8,22,0,1
41,8,23,0,1
41,8,24,0,1
41,8,25,0,1
41,8,26,0,1
41,8,27,0,1
41,8,28,0,1
41,8,29,0,1
41,8,30,0,1
41,8,31,0,1
41,8,32,0,1
41,8,33,0,1
41,8,34,0,1
41,8,35,0,1
41,8,36,0,1
41,8,37,0,1
41,8,38,0,1
41,8,39,0,1
41,8,40,0,1
41,8,41,0,1
41,8,42,0,1
41,8,43,0,1
41,8,44,0,1
41,8,45,0,1
41,8,46,0,1
41,8,47,0,1
41,8,48,0,1
41,8,49,0,1
41,8,50,0,1
41,8,51,0,1
41,8,52,0,1
41,8,53,0,1
41,8,54,0,1
41,8,55,0,1
41,8,56,0,1
41,8,57,0,1
41,8,58,0,1
41,8,59,0,1
41,8,60,0,1
41,8,61,0,1
41,8,62,0,1
41,8,63,0,1
41,9,0,0,1
41,9,1,0,1
41,9,2,0,1
41,9,3,0,1
41,9,4,0,1
41,9,5,0,1
41,9,6,0,1
41,9,7,0,1
41,9,8,0,1
41,9,9,0,1
41,9,10,0,1
41,9,11,0,1
41,9,12,0,1
41,9,13,0,1
41,9,14,0,1
41,9,15,0,1
41,9,16,0,1
41,9,17,0,1
41,9,18,0,1
41,9,19,0,1
41,9,20,0,1
41,9,21,0,1
41,9,22,0,1
41,9,23,0,1
41,9,24,0,1
41,9,25,0,1
41,9,26,0,1
41,9,27,0,1
41,9,28,0,1
41,9,29,0,1
41,9,30,0,1
41,9,31,0,1
41,9,32,0,1
41,9,33,0,1
41,9,34,0,1
41,9,35,0,1
41,9,36,0,1
41,9,37,0,1
41,9,38,0,1
41,9,39,0,1
41,9,40,0,1
41,9,41,0,1
41,9,42,0,1
41,9,43,0,1
41,9,44,0,1
41,9,45,0,1
41,9,46,0,1
41,9,47,0,1
41,9,48,0,1
41,9,49,0,1
41,9,50,0,1
41,9,51,0,1
41,9,52,0,1
41,9,53,0,1
41,9,54,0,1
41,9,55,0,1
41,9,56,0,1
41,9,57,0,1
41,9,58,0,1
41,9,59,0,1
41,9,60,0,1
41,9,61,0,1
41,9,62,0,1
41,9,63,0,1
41,10,0,0,1
41,10,1,0,1
41,10,2,0,1
41,10,3,0,1
41,10,4,0,1
41,10,5,0,1
41,10,6,0,1
41,10,7,0,1
41,10,8,0,1
41,10,9,0,1
41,10,10,0,1
41,10,11,0,1
41,10,12,0,1
41,10,13,0,1
41,10,14,0,1
41,10,15,0,1
41,10,16,0,1
41,10,17,0,1
41,10,18,0,1
41,10,19,0,1
41,10,20,0,1
41,10,21,0,1
41,10,22,0,1
41,10,23,0,1
41,10,24,0,1
41,10,25,0,1
41,10,26,0,1
41,10,27,0,1
41,10,28,0,1
41,10,29,0,1
41,10,30,0,1
41,10,31,0,1
41,10,32,0,1
41,10,33,0,1
41,10,34,0,1
41,10,35,0,1
41,10,36,0,1
41,10,37,0,1
41,10,38,0,1
41,10,39,0,1
41,10,40,0,1
41,10,41,0,1
41,10,42,0,1
41,10,43,0,1
41,10,44,0,1
41,10,45,0,1
41,10,46,0,1
41,10,47,0,1
41,10,48,0,1
41,10,49,0,1
41,10,50,0,1
41,10,51,0,1
41,10,52,0,1
41,10,53,0,1
41,10,54,0,1
41,10,55,0,1
41,10,56,0,1
41,10,57,0,1
41,10,58,0,1
41,10,59,0,1
41,10,60,0,1
41,10,61,0,1
41,10,62,0,1
41,10,63,0,1
41,11,0,0,1
41,11,1,0,1
41,11,2,0,1
41,11,3,0,1
41,11,4,0,1
41,11,5,0,1
41,11,6,0,1
41,11,7,0,1
41,11,8,0,1
41,11,9,0,1
41,11,10,0,1
41,11,11,0,1
41,11,12,0,1
41,11,13,0,1
41,11,14,0,1
41,11,15,0,1
41,11,16,0,1
41,11,17,0,1
41,11,18,0,1
41,11,19,0,1
41,11,20,0,1
41,11,21,0,1
41,11,22,0,1
41,11,23,0,1
41,11,24,0,1
41,11,25,0,1
41,11,26,0,1
41,11,27,0,1
41,11,28,0,1
41,11,29,0,1
41,11,30,0,1
41,11,31,0,1
41,11,32,0,1
41,11,33,0,1
41,11,34,0,1
41,11,35,0,1
41,11,36,0,1
41,11,37,0,1
41,11,38,0,1
41,11,39,0,1
41,11,40,0,1
41,11,41,0,1
41,11,42,0,1
41,11,43,0,1
41,11,44,0,1
41,11,45,0,1
41,11,46,0,1
41,11,47,0,1
41,11,48,0,1
41,11,49,0,1
41,11,50,0,1
41,11,51,0,1
41,11,52,0,1
41,11,53,0,1
41,11,54,0,1
41,11,55,0,1
41,11,56,0,1
41,11,57,0,1
41,11,58,0,1
41,11,59,0,1
41,11,60,0,1
41,11,61,0,1
41,11,62,0,1
41,11,63,0,1
41,12,0,0,1
41,12,1,0,1
41,12,2,0,1
41,12,3,0,1
41,12,4,0,1
41,12,5,0,1
41,12,6,0,1
41,12,7,0,1
41,12,8,0,1
41,12,9,0,1
41,12,10,0,1
41,12,11,0,1
41,12,12,0,1
41,12,13,0,1
41,12,14,0,1
41,12,15,0,1
41,12,16,0,1
41,12,17,0,1
41,12,18,0,1
41,12,19,0,1
41,12,20,0,1
41,12,21,0,1
41,12,22,0,1
41,12,23,0,1
41,12,24,0,1
41,12,25,0,1
41,12,26,0,1
41,12,27,0,1
41,12,28,0,1
41,12,29,0,1
41,12,30,0,1
41,12,31,0,1
41,12,32,0,1
41,12,33,0,1
41,12,34,0,1
41,12,35,0,1
41,12,36,0,1
41,12,37,0,1
41,12,38,0,1
41,12,39,0,1
41,12,40,0,1
41,12,41,0,1
41,12,42,0,1
41,12,43,0,1
41,12,44,0,1
41,12,45,0,1
41,12,46,0,1
41,12,47,0,1
41,12,48,0,1
41,12,49,0,1
41,12,50,0,1
41,12,51,0,1
41,12,52,0,1
41,12,53,0,1
41,12,54,0,1
41,12,55,0,1
41,12,56,0,1
41,12,57,0,1
41,12,58,0,1
41,12,59,0,1
41,12,60,0,1
41,12,61,0,1
41,12,62,0,1
41,12,63,0,1
41,13,0,0,1
41,13,1,0,1
41,13,2,0,1
41,13,3,0,1
41,13,4,0,1
41,13,5,0,1
41,13,6,0,1
41,13,7,0,1
41,13,8,0,1
41,13,9,0,1
41,13,10,0,1
41,13,11,0,1
41,13,12,0,1
41,13,13,0,1
41,13,14,0,1
41,13,15,0,1
41,13,16,0,1
41,13,17,0,1
41,13,18,0,1
41,13,19,0,1
41,13,20,0,1
41,13,21,0,1
41,13,22,0,1
41,13,23,0,1
41,13,24,0,1
41,13,25,0,1
41,13,26,0,1
41,13,27,0,1
41,13,28,0,1
41,13,29,0,1
41,13,30,0,1
41,13,31,0,1
41,13,32,0,1
41,13,33,0,1
41,13,34,0,1
41,13,35,0,1
41,13,36,0,1
41,13,37,0,1
41,13,38,0,1
41,13,39,0,1
41,13,40,0,1
41,13,41,0,1
41,13,42,0,1
41,13,43,0,1
41,13,44,0,1
41,13,45,0,1
41,13,46,0,1
41,13,47,0,1
41,13,48,0,1
41,13,49,0,1
41,13,50,0,1
41,13,51,0,1
41,13,52,0,1
41,13,53,0,1
41,13,54,0,1
41,13,55,0,1
41,13,56,0,1
41,13,57,0,1
41,13,58,0,1
41,13,59,0,1
41,13,60,0,1
41,13,61,0,1
41,13,62,0,1
41,13,63,0,1
41,14,0,0,1
41,14,1,0,1
41,14,2,0,1
41,14,3,0,1
41,14,4,0,1
41,14,5,0,1
41,14,6,0,1
41,14,7,0,1
41,14,8,0,1
41,14,9,0,1
41,14,10,0,1
41,14,11,0,1
41,14,12,0,1
41,14,13,0,1
41,14,14,0,1
41,14,15,0,1
41,14,16,0,1
41,14,17,0,1
41,14,18,0,1
41,14,19,0,1
41,14,20,0,1
41,14,21,0,1
41,14,22,0,1
41,14,23,0,1
41,14,24,0,1
41,14,25,0,1
41,14,26,0,1
41,14,27,0,1
41,14,28,0,1
41,14,29,0,1
41,14,30,0,1
41,14,31,0,1
41,14,32,0,1
41,14,33,0,1
41,14,34,0,1
41,14,35,0,1
41,14,36,0,1
41,14,37,0,1
41,14,38,0,1
41,14,39,0,1
41,14,40,0,1
41,14,41,0,1
41,14,42,0,1
41,14,43,0,1
41,14,44,0,1
41,14,45,0,1
41,14,46,0,1
41,14,47,0,1
41,14,48,0,1
41,14,49,0,1
41,14,50,0,1
41,14,51,0,1
41,14,52,0,1
41,14,53,0,1
41,14,54,0,1
41,14,55,0,1
41,14,56,0,1
41,14,57,0,1
41,14,58,0,1
41,14,59,0,1
41,14,60,0,1
41,14,61,0,1
41,14,62,0,1
41,14,63,0,1
41,15,0,0,1
41,15,1,0,1
41,15,2,0,1
41,15,3,0,1
41,15,4,0,1
41,15,5,0,1
41,15,6,0,1
41,15,7,0,1
41,15,8,0,1
41,15,9,0,1
41,15,10,0,1
41,15,11,0,1
41,15,12,0,1
41,15,13,0,1
41,15,14,0,1
41,15,15,0,1
41,15,16,0,1
41,15,17,0,1
41,15,18,0,1
41,15,19,0,1
41,15,20,0,1
41,15,21,0,1
41,15,22,0,1
41,15,23,0,1
41,15,24,0,1
41,15,25,0,1
41,15,26,0,1
41,15,27,0,1
41,15,28,0,1
41,15,29,0,1
41,15,30,0,1
41,15,31,0,1
41,15,32,0,1
41,15,33,0,1
41,15,34,0,1
41,15,35,0,1
41,15,36,0,1
41,15,37,0,1
41,15,38,0,1
41,15,39,0,1
41,15,40,0,1
41,15,41,0,1
41,15,42,0,1
41,15,43,0,1
41,15,44,0,1
41,15,45,0,1
41,15,46,0,1
41,15,47,0,1
41,15,48,0,1
41,15,49,0,1
41,15,50,0,1
41,15,51,0,1
41,15,52,0,1
41,15,53,0,1
41,15,54,0,1
41,15,55,0,1
41,15,56,0,1
41,15,57,0,1
41,15,58,0,1
41,15,59,0,1
41,15,60,0,1
41,15,61,0,1
41,15,62,0,1
41,15,63,0,1
41,16,0,0,1
41,16,1,0,1
41,16,2,0,1
41,16,3,0,1
41,16,4,0,1
41,16,5,0,1
41,16,6,0,1
41,16,7,0,1
41,16,8,0,1
41,16,9,0,1
41,16,10,0,1
41,16,11,0,1
41,16,12,0,1
41,16,13,0,1
41,16,14,0,1
41,16,15,0,1
41,16,16,0,1
41,16,17,0,1
41,16,18,0,1
41,16,19,0,1
41,16,20,0,1
41,16,21,0,1
41,16,22,0,1
41,16,23,0,1
41,16,24,0,1
41,16,25,0,1
41,16,26,0,1
41,16,27,0,1
41,16,28,0,1
41,16,29,0,1
41,16,30,0,1
41,16,31,0,1
41,16,32,0,1
41,16,33,0,1
41,16,34,0,1
41,16,35,0,1
41,16,36,0,1
41,16,37,0,1
41,16,38,0,1
41,16,39,0,1
41,16,40,0,1
41,16,41,0,1
41,16,42,0,1
41,16,43,0,1
41,16,44,0,1
41,16,45,0,1
41,16,46,0,1
41,16,47,0,1
41,16,48,0,1
41,16,49,0,1
41,16,50,0,1
41,16,51,0,1
41,16,52,0,1
41,16,53,0,1
41,16,54,0,1
41,16,55,0,1
41,16,56,0,1
41,16,57,0,1
41,16,58,0,1
41,16,59,0,1
41,16,60,0,1
41,16,61,0,1
41,16,62,0,1
41,16,63,0,1
41,17,0,0,1
41,17,1,0,1
41,17,2,0,1
41,17,3,0,1
41,17,4,0,1
41,17,5,0,1
41,17,6,0,1
41,17,7,0,1
41,17,8,0,1
41,17,9,0,1
41,17,10,0,1
41,17,11,0,1
41,17,12,0,1
41,17,13,0,1
41,17,14,0,1
41,17,15,0,1
41,17,16,0,1
41,17,17,0,1
41,17,18,0,1
41,17,19,0,1
41,17,20,0,1
41,17,21,0,1
41,17,22,0,1
41,17,23,0,1
41,17,24,0,1
41,17,25,0,1
41,17,26,0,1
41,17,27,0,1
41,17,28,0,1
41,17,29,0,1
41,17,30,0,1
41,17,31,0,1
41,17,32,0,1
41,17,33,0,1
41,17,34,0,1
41,17,35,0,1
41,17,36,0,1
41,17,37,0,1
41,17,38,0,1
41,17,39,0,1
41,17,40,0,1
41,17,41,0,1
41,17,42,0,1
41,17,43,0,1
41,17,44,0,1
41,17,45,0,1
41,17,46,0,1
41,17,47,0,1
41,17,48,0,1
41,17,49,0,1
41,17,50,0,1
41,17,51,0,1
41,17,52,0,1
41,17,53,0,1
41,17,54,0,1
41,17,55,0,1
41,17,56,0,1
41,17,57,0,1
41,17,58,0,1
41,17,59,0,1
41,17,60,0,1
41,17,61,0,1
41,17,62,0,1
41,17,63,0,1
41,18,0,0,1
41,18,1,0,1
41,18,2,0,1
41,18,3,0,1
41,18,4,0,1
41,18,5,0,1
41,18,6,0,1
41,18,7,0,1
41,18,8,0,1
41,18,9,0,1
41,18,10,0,1
41,18,11,0,1
41,18,12,0,1
41,18,13,0,1
41,18,14,0,1
41,18,15,0,1
41,18,16,0,1
41,18,17,0,1
41,18,18,0,1
41,18,19,0,1
41,18,20,0,1
41,18,21,0,1
41,18,22,0,1
41,18,23,0,1
41,18,24,0,1
41,18,25,0,1
41,18,26,0,1
41,18,27,0,1
41,18,28,0,1
41,18,29,0,1
41,18,30,0,1
41,18,31,0,1
41,18,32,0,1
41,18,33,0,1
41,18,34,0,1
41,18,35,0,1
41,18,36,0,1
41,18,37,0,1
41,18,38,0,1
41,18,39,0,1
41,18,40,0,1
41,18,41,0,1
41,18,42,0,1
41,18,43,0,1
41,18,44,0,1
41,18,45,0,1
41,18,46,0,1
41,18,47,0,1
41,18,48,0,1
41,18,49,0,1
41,18,50,0,1
41,18,51,0,1
41,18,52,0,1
41,18,53,0,1
41,18,54,0,1
41,18,55,0,1
41,18,56,0,1
41,18,57,0,1
41,18,58,0,1
41,18,59,0,1
41,18,60,0,1
41,18,61,0,1
41,18,62,0,1
41,18,63,0,1
41,19,0,0,1
41,19,1,0,1
41,19,2,0,1
41,19,3,0,1
41,19,4,0,1
41,19,5,0,1
41,19,6,0,1
41,19,7,0,1
41,19,8,0,1
41,19,9,0,1
41,19,10,0,1
41,19,11,0,1
41,19,12,0,1
41,19,13,0,1
41,19,14,0,1
41,19,15,0,1
41,19,16,0,1
41,19,17,0,1
41,19,18,0,1
41,19,19,0,1
41,19,20,0,1
41,19,21,0,1
41,19,22,0,1
41,19,23,0,1
41,19,24,0,1
41,19,25,0,1
41,19,26,0,1
41,19,27,0,1
41,19,28,0,1
41,19,29,0,1
41,19,30,0,1
41,19,31,0,1
41,19,32,0,1
41,19,33,0,1
41,19,34,0,1
41,19,35,0,1
41,19,36,0,1
41,19,37,0,1
41,19,38,0,1
41,19,39,0,1
41,19,40,0,1
41,19,41,0,1
41,19,42,0,1
41,19,43,0,1
41,19,44,0,1
41,19,45,0,1
41,19,46,0,1
41,19,47,0,1
41,19,48,0,1
41,19,49,0,1
41,19,50,0,1
41,19,51,0,1
41,19,52,0,1
41,19,53,0,1
41,19,54,0,1
41,19,55,0,1
41,19,56,0,1
41,19,57,0,1
41,19,58,0,1
41,19,59,0,1
41,19,60,0,1
41,19,61,0,1
41,19,62,0,1
41,19,63,0,1
41,20,0,0,1
41,20,1,0,1
41,20,2,0,1
41,20,3,0,1
41,20,4,0,1
41,20,5,0,1
41,20,6,0,1
41,20,7,0,1
41,20,8,0,1
41,20,9,0,1
41,20,10,0,1
41,20,11,0,1
41,20,12,0,1
41,20,13,0,1
41,20,14,0,1
41,20,15,0,1
41,20,16,0,1
41,20,17,0,1
41,20,18,0,1
41,20,19,0,1
41,20,20,0,1
41,20,21,0,1
41,20,22,0,1
41,20,23,0,1
41,20,24,0,1
41,20,25,0,1
41,20,26,0,1
41,20,27,0,1
41,20,28,0,1
41,20,29,0,1
41,20,30,0,1
41,20,31,0,1
41,20,32,0,1
41,20,33,0,1
41,20,34,0,1
41,20,35,0,1
41,20,36,0,1
41,20,37,0,1
41,20,38,0,1
41,20,39,0,1
41,20,40,0,1
41,20,41,0,1
41,20,42,0,1
41,20,43,0,1
41,20,44,0,1
41,20,45,0,1
41,20,46,0,1
41,20,47,0,1
41,20,48,0,1
41,20,49,0,1
41,20,50,0,1
41,20,51,0,1
41,20,52,0,1
41,20,53,0,1
41,20,54,0,1
41,20,55,0,1
41,20,56,0,1
41,20,57,0,1
41,20,58,0,1
41,20,59,0,1
41,20,60,0,1
41,20,61,0,1
41,20,62,0,1
41,20,63,0,1
41,21,0,0,1
41,21,1,0,1
41,21,2,0,1
41,21,3,0,1
41,21,4,0,1
41,21,5,0,1
41,21,6,0,1
41,21,7,0,1
41,21,8,0,1
41,21,9,0,1
41,21,10,0,1
41,21,11,0,1
41,21,12,0,1
41,21,13,0,1
41,21,14,0,1
41,21,15,0,1
41,21,16,0,1
41,21,17,0,1
41,21,18,0,1
41,21,19,0,1
41,21,20,0,1
41,21,21,0,1
41,21,22,0,1
41,21,23,0,1
41,21,24,0,1
41,21,25,0,1
41,21,26,0,1
41,21,27,0,1
41,21,28,0,1
41,21,29,0,1
41,21,30,0,1
41,21,31,0,1
41,21,32,0,1
41,21,33,0,1
41,21,34,0,1
41,21,35,0,1
41,21,36,0,1
41,21,37,0,1
41,21,38,0,1
41,21,39,0,1
41,21,40,0,1
41,21,41,0,1
41,21,42,0,1
41,21,43,0,1
41,21,44,0,1
41,21,45,0,1
41,21,46,0,1
41,21,47,0,1
41,21,48,0,1
41,21,49,0,1
41,21,50,0,1
41,21,51,0,1
41,21,52,0,1
41,21,53,0,1
41,21,54,0,1
41,21,55,0,1
41,21,56,0,1
41,21,57,0,1
41,21,58,0,1
41,21,59,0,1
41,21,60,0,1
41,21,61,0,1
41,21,62,0,1
41,21,63,0,1
41,22,0,0,1
41,22,1,0,1
41,22,2,0,1
41,22,3,0,1
41,22,4,0,1
41,22,5,0,1
41,22,6,0,1
41,22,7,0,1
41,22,8,0,1
41,22,9,0,1
41,22,10,0,1
41,22,11,0,1
41,22,12,0,1
41,22,13,0,1
41,22,14,0,1
41,22,15,0,1
41,22,16,0,1
41,22,17,0,1
41,22,18,0,1
41,22,19,0,1
41,22,20,0,1
41,22,21,0,1
41,22,22,0,1
41,22,23,0,1
41,22,24,0,1
41,22,25,0,1
41,22,26,0,1
41,22,27,0,1
41,22,28,0,1
41,22,29,0,1
41,22,30,0,1
41,22,31,0,1
41,22,32,0,1
41,22,33,0,1
41,22,34,0,1
41,22,35,0,1
41,22,36,0,1
41,22,37,0,1
41,22,38,0,1
41,22,39,0,1
41,22,40,0,1
41,22,41,0,1
41,22,42,0,1
41,22,43,0,1
41,22,44,0,1
41,22,45,0,1
41,22,46,0,1
41,22,47,0,1
41,22,48,0,1
41,22,49,0,1
41,22,50,0,1
41,22,51,0,1
41,22,52,0,1
41,22,53,0,1
41,22,54,0,1
41,22,55,0,1
41,22,56,0,1
41,22,57,0,1
41,22,58,0,1
41,22,59,0,1
41,22,60,0,1
41,22,61,0,1
41,22,62,0,1
41,22,63,0,1
41,23,0,0,1
41,23,1,0,1
41,23,2,0,1
41,23,3,0,1
41,23,4,0,1
41,23,5,0,1
41,23,6,0,1
41,23,7,0,1
41,23,8,0,1
41,23,9,0,1
41,23,10,0,1
41,23,11,0,1
41,23,12,0,1
41,23,13,0,1
41,23,14,0,1
41,23,15,0,1
41,23,16,0,1
41,23,17,0,1
41,23,18,0,1
41,23,19,0,1
41,23,20,0,1
41,23,21,0,1
41,23,22,0,1
41,23,23,0,1
41,23,24,0,1
41,23,25,0,1
41,23,26,0,1
41,23,27,0,1
41,23,28,0,1
41,23,29,0,1
41,23,30,0,1
41,23,31,0,1
41,23,32,0,1
41,23,33,0,1
41,23,34,0,1
41,23,35,0,1
41,23,36,0,1
41,23,37,0,1
41,23,38,0,1
41,23,39,0,1
41,23,40,0,1
41,23,41,0,1
41,23,42,0,1
41,23,43,0,1
41,23,44,0,1
41,23,45,0,1
41,23,46,0,1
41,23,47,0,1
41,23,48,0,1
41,23,49,0,1
41,23,50,0,1
41,23,51,0,1
41,23,52,0,1
41,23,53,0,1
41,23,54,0,1
41,23,55,0,1
41,23,56,0,1
41,23,57,0,1
41,23,58,0,1
41,23,59,0,1
41,23,60,0,1
41,23,61,0,1
41,23,62,0,1
41,23,63,0,1
41,24,0,0,1
41,24,1,0,1
41,24,2,0,1
41,24,3,0,1
41,24,4,0,1
41,24,5,0,1
41,24,6,0,1
41,24,7,0,1
41,24,8,0,1
41,24,9,0,1
41,24,10,0,1
41,24,11,0,1
41,24,12,0,1
41,24,13,0,1
41,24,14,0,1
41,24,15,0,1
41,24,16,0,1
41,24,17,0,1
41,24,18,0,1
41,24,19,0,1
41,24,20,0,1
41,24,21,0,1
41,24,22,0,1
41,24,23,0,1
41,24,24,0,1
41,24,25,0,1
41,24,26,0,1
41,24,27,0,1
41,24,28,0,1
41,24,29,0,1
41,24,30,0,1
41,24,31,0,1
41,24,32,0,1
41,24,33,0,1
41,24,34,0,1
41,24,35,0,1
41,24,36,0,1
41,24,37,0,1
41,24,38,0,1
41,24,39,0,1
41,24,40,0,1
41,24,41,0,1
41,24,42,0,1
41,24,43,0,1
41,24,44,0,1
41,24,45,0,1
41,24,46,0,1
41,24,47,0,1
41,24,48,0,1
41,24,49,0,1
41,24,50,0,1
41,24,51,0,1
41,24,52,0,1
41,24,53,0,1
41,24,54,0,1
41,24,55,0,1
41,24,56,0,1
41,24,57,0,1
41,24,58,0,1
41,24,59,0,1
41,24,60,0,1
41,24,61,0,1
41,24,62,0,1
41,24,63,0,1
41,25,0,0,1
41,25,1,0,1
41,25,2,0,1
41,25,3,0,1
41,25,4,0,1
41,25,5,0,1
41,25,6,0,1
41,25,7,0,1
41,25,8,0,1
41,25,9,0,1
41,25,10,0,1
41,25,11,0,1
41,25,12,0,1
41,25,13,0,1
41,25,14,0,1
41,25,15,0,1
41,25,16,0,1
41,25,17,0,1
41,25,18,0,1
41,25,19,0,1
41,25,20,0,1
41,25,21,0,1
41,25,22,0,1
41,25,23,0,1
41,25,24,0,1
41,25,25,0,1
41,25,26,0,1
41,25,27,0,1
41,25,28,0,1
41,25,29,0,1
41,25,30,0,1
41,25,31,0,1
41,25,32,0,1
41,25,33,0,1
41,25,34,0,1
41,25,35,0,1
41,25,36,0,1
41,25,37,0,1
41,25,38,0,1
41,25,39,0,1
41,25,40,0,1
41,25,41,0,1
41,25,42,0,1
41,25,43,0,1
41,25,44,0,1
41,25,45,0,1
41,25,46,0,1
41,25,47,0,1
41,25,48,0,1
41,25,49,0,1
41,25,50,0,1
41,25,51,0,1
41,25,52,0,1
41,25,53,0,1
41,25,54,0,1
41,25,55,0,1
41,25,56,0,1
41,25,57,0,1
41,25,58,0,1
41,25,59,0,1
41,25,60,0,1
41,25,61,0,1
41,25,62,0,1
41,25,63,0,1
41,26,0,0,1
41,26,1,0,1
41,26,2,0,1
41,26,3,0,1
41,26,4,0,1
41,26,5,0,1
41,26,6,0,1
41,26,7,0,1
41,26,8,0,1
41,26,9,0,1
41,26,10,0,1
41,26,11,0,1
41,26,12,0,1
41,26,13,0,1
41,26,14,0,1
41,26,15,0,1
41,26,16,0,1
41,26,17,0,1
41,26,18,0,1
41,26,19,0,1
41,26,20,0,1
41,26,21,0,1
41,26,22,0,1
41,26,23,0,1
41,26,24,0,1
41,26,25,0,1
41,26,26,0,1
41,26,27,0,1
41,26,28,0,1
41,26,29,0,1
41,26,30,0,1
41,26,31,0,1
41,26,32,0,1
41,26,33,0,1
41,26,34,0,1
41,26,35,0,1
41,26,36,0,1
41,26,37,0,1
41,26,38,0,1
41,26,39,0,1
41,26,40,0,1
41,26,41,0,1
41,26,42,0,1
41,26,43,0,1
41,26,44,0,1
41,26,45,0,1
41,26,46,0,1
41,26,47,0,1
41,26,48,0,1
41,26,49,0,1
41,26,50,0,1
41,26,51,0,1
41,26,52,0,1
41,26,53,0,1
41,26,54,0,1
41,26,55,0,1
41,26,56,0,1
41,26,57,0,1
41,26,58,0,1
41,26,59,0,1
41,26,60,0,1
41,26,61,0,1
41,26,62,0,1
41,26,63,0,1
41,27,0,0,1
41,27,1,0,1
41,27,2,0,1
41,27,3,0,1
41,27,4,0,1
41,27,5,0,1
41,27,6,0,1
41,27,7,0,1
41,27,8,0,1
41,27,9,0,1
41,27,10,0,1
41,27,11,0,1
41,27,12,0,1
41,27,13,0,1
41,27,14,0,1
41,27,15,0,1
41,27,16,0,1
41,27,17,0,1
41,27,18,0,1
41,27,19,0,1
41,27,20,0,1
41,27,21,0,1
41,27,22,0,1
41,27,23,0,1
41,27,24,0,1
41,27,25,0,1
41,27,26,0,1
41,27,27,0,1
41,27,28,0,1
41,27,29,0,1
41,27,30,0,1
41,27,31,0,1
41,27,32,0,1
41,27,33,0,1
41,27,34,0,1
41,27,35,0,1
41,27,36,0,1
41,27,37,0,1
41,27,38,0,1
41,27,39,0,1
41,27,40,0,1
41,27,41,0,1
41,27,42,0,1
41,27,43,0,1
41,27,44,0,1
41,27,45,0,1
41,27,46,0,1
41,27,47,0,1
41,27,48,0,1
41,27,49,0,1
41,27,50,0,1
41,27,51,0,1
41,27,52,0,1
41,27,53,0,1
41,27,54,0,1
41,27,55,0,1
41,27,56,0,1
41,27,57,0,1
41,27,58,0,1
41,27,59,0,1
41,27,60,0,1
41,27,61,0,1
41,27,62,0,1
41,27,63,0,1
41,28,0,0,1
41,28,1,0,1
41,28,2,0,1
41,28,3,0,1
41,28,4,0,1
41,28,5,0,1
41,28,6,0,1
41,28,7,0,1
41,28,8,0,1
41,28,9,0,1
41,28,10,0,1
41,28,11,0,1
41,28,12,0,1
41,28,13,0,1
41,28,14,0,1
41,28,15,0,1
41,28,16,0,1
41,28,17,0,1
41,28,18,0,1
41,28,19,0,1
41,28,20,0,1
41,28,21,0,1
41,28,22,0,1
41,28,23,0,1
41,28,24,0,1
41,28,25,0,1
41,28,26,0,1
41,28,27,0,1
41,28,28,0,1
41,28,29,0,1
41,28,30,0,1
41,28,31,0,1
41,28,32,0,1
41,28,33,0,1
41,28,34,0,1
41,28,35,0,1
41,28,36,0,1
41,28,37,0,1
41,28,38,0,1
41,28,39,0,1
41,28,40,0,1
41,28,41,0,1
41,28,42,0,1
41,28,43,0,1
41,28,44,0,1
41,28,45,0,1
41,28,46,0,1
41,28,47,0,1
41,28,48,0,1
41,28,49,0,1
41,28,50,0,1
41,28,51,0,1
41,28,52,0,1
41,28,53,0,1
41,28,54,0,1
41,28,55,0,1
41,28,56,0,1
41,28,57,0,1
41,28,58,0,1
41,28,59,0,1
41,28,60,0,1
41,28,61,0,1
41,28,62,0,1
41,28,63,0,1
41,29,0,0,1
41,29,1,0,1
41,29,2,0,1
41,29,3,0,1
41,29,4,0,1
41,29,5,0,1
41,29,6,0,1
41,29,7,0,1
41,29,8,0,1
41,29,9,0,1
41,29,10,0,1
41,29,11,0,1
41,29,12,0,1
41,29,13,0,1
41,29,14,0,1
41,29,15,0,1
41,29,16,0,1
41,29,17,0,1
41,29,18,0,1
41,29,19,0,1
41,29,20,0,1
41,29,21,0,1
41,29,22,0,1
41,29,23,0,1
41,29,24,0,1
41,29,25,0,1
41,29,26,0,1
41,29,27,0,1
41,29,28,0,1
41,29,29,0,1
41,29,30,0,1
41,29,31,0,1
41,29,32,0,1
41,29,33,0,1
41,29,34,0,1
41,29,35,0,1
41,29,36,0,1
41,29,37,0,1
41,29,38,0,1
41,29,39,0,1
41,29,40,0,1
41,29,41,0,1
41,29,42,0,1
41,29,43,0,1
41,29,44,0,1
41,29,45,0,1
41,29,46,0,1
41,29,47,0,1
41,29,48,0,1
41,29,49,0,1
41,29,50,0,1
41,29,51,0,1
41,29,52,0,1
41,29,53,0,1
41,29,54,0,1
41,29,55,0,1
41,29,56,0,1
41,29,57,0,1
41,29,58,0,1
41,29,59,0,1
41,29,60,0,1
41,29,61,0,1
41,29,62,0,1
41,29,63,0,1
41,30,0,0,1
41,30,1,0,1
41,30,2,0,1
41,30,3,0,1
41,30,4,0,1
41,30,5,0,1
41,30,6,0,1
41,30,7,0,1
41,30,8,0,1
41,30,9,0,1
41,30,10,0,1
41,30,11,0,1
41,30,12,0,1
41,30,13,0,1
41,30,14,0,1
41,30,15,0,1
41,30,16,0,1
41,30,17,0,1
41,30,18,0,1
41,30,19,0,1
41,30,20,0,1
41,30,21,0,1
41,30,22,0,1
41,30,23,0,1
41,30,24,0,1
41,30,25,0,1
41,30,26,0,1
41,30,27,0,1
41,30,28,0,1
41,30,29,0,1
41,30,30,0,1
41,30,31,0,1
41,30,32,0,1
41,30,33,0,1
41,30,34,0,1
41,30,35,0,1
41,30,36,0,1
41,30,37,0,1
41,30,38,0,1
41,30,39,0,1
41,30,40,0,1
41,30,41,0,1
41,30,42,0,1
41,30,43,0,1
41,30,44,0,1
41,30,45,0,1
41,30,46,0,1
41,30,47,0,1
41,30,48,0,1
41,30,49,0,1
41,30,50,0,1
41,30,51,0,1
41,30,52,0,1
41,30,53,0,1
41,30,54,0,1
41,30,55,0,1
41,30,56,0,1
41,30,57,0,1
41,30,58,0,1
41,30,59,0,1
41,30,60,0,1
41,30,61,0,1
41,30,62,0,1
41,30,63,0,1
41,31,0,0,1
41,31,1,0,1
41,31,2,0,1
41,31,3,0,1
41,31,4,0,1
41,31,5,0,1
41,31,6,0,1
41,31,7,0,1
41,31,8,0,1
41,31,9,0,1
41,31,10,0,1
41,31,11,0,1
41,31,12,0,1
41,31,13,0,1
41,31,14,0,1
41,31,15,0,1
41,31,16,0,1
41,31,17,0,1
41,31,18,0,1
41,31,19,0,1
41,31,20,0,1
41,31,21,0,1
41,31,22,0,1
41,31,23,0,1
41,31,24,0,1
41,31,25,0,1
41,31,26,0,1
41,31,27,0,1
41,31,28,0,1
41,31,29,0,1
41,31,30,0,1
41,31,31,0,1
41,31,32,0,1
41,31,33,0,1
41,31,34,0,1
41,31,35,0,1
41,31,36,0,1
41,31,37,0,1
41,31,38,0,1
41,31,39,0,1
41,31,40,0,1
41,31,41,0,1
41,31,42,0,1
41,31,43,0,1
41,31,44,0,1
41,31,45,0,1
41,31,46,0,1
41,31,47,0,1
41,31,48,0,1
41,31,49,0,1
41,31,50,0,1
41,31,51,0,1
41,31,52,0,1
41,31,53,0,1
41,31,54,0,1
41,31,55,0,1
41,31,56,0,1
41,31,57,0,1
41,31,58,0,1
41,31,59,0,1
41,31,60,0,1
41,31,61,0,1
41,31,62,0,1
41,31,63,0,1
41,32,0,0,1
41,32,1,0,1
41,32,2,0,1
41,32,3,0,1
41,32,4,0,1
41,32,5,0,1
41,32,6,0,1
41,32,7,0,1
41,32,8,0,1
41,32,9,0,1
41,32,10,0,1
41,32,11,0,1
41,32,12,0,1
41,32,13,0,1
41,32,14,0,1
41,32,15,0,1
41,32,16,0,1
41,32,17,0,1
41,32,18,0,1
41,32,19,0,1
41,32,20,0,1
41,32,21,0,1
41,32,22,0,1
41,32,23,0,1
41,32,24,0,1
41,32,25,0,1
41,32,26,0,1
41,32,27,0,1
41,32,28,0,1
41,32,29,0,1
41,32,30,0,1
41,32,31,0,1
41,32,32,0,1
41,32,33,0,1
41,32,34,0,1
41,32,35,0,1
41,32,36,0,1
41,32,37,0,1
41,32,38,0,1
41,32,39,0,1
41,32,40,0,1
41,32,41,0,1
41,32,42,0,1
41,32,43,0,1
41,32,44,0,1
41,32,45,0,1
41,32,46,0,1
41,32,47,0,1
41,32,48,0,1
41,32,49,0,1
41,32,50,0,1
41,32,51,0,1
41,32,52,0,1
41,32,53,0,1
41,32,54,0,1
41,32,55,0,1
41,32,56,0,1
41,32,57,0,1
41,32,58,0,1
41,32,59,0,1
41,32,60,0,1
41,32,61,0,1
41,32,62,0,1
41,32,63,0,1
41,33,0,0,1
41,33,1,0,1
41,33,2,0,1
41,33,3,0,1
41,33,4,0,1
41,33,5,0,1
41,33,6,0,1
41,33,7,0,1
41,33,8,0,1
41,33,9,0,1
41,33,10,0,1
41,33,11,0,1
41,33,12,0,1
41,33,13,0,1
41,33,14,0,1
41,33,15,0,1
41,33,16,0,1
41,33,17,0,1
41,33,18,0,1
41,33,19,0,1
41,33,20,0,1
41,33,21,0,1
41,33,22,0,1
41,33,23,0,1
41,33,24,0,1
41,33,25,0,1
41,33,26,0,1
41,33,27,0,1
41,33,28,0,1
41,33,29,0,1
41,33,30,0,1
41,33,31,0,1
41,33,32,0,1
41,33,33,0,1
41,33,34,0,1
41,33,35,0,1
41,33,36,0,1
41,33,37,0,1
41,33,38,0,1
41,33,39,0,1
41,33,40,0,1
41,33,41,0,1
41,33,42,0,1
41,33,43,0,1
41,33,44,0,1
41,33,45,0,1
41,33,46,0,1
41,33,47,0,1
41,33,48,0,1
41,33,49,0,1
41,33,50,0,1
41,33,51,0,1
41,33,52,0,1
41,33,53,0,1
41,33,54,0,1
41,33,55,0,1
41,33,56,0,1
41,33,57,0,1
41,33,58,0,1
41,33,59,0,1
41,33,60,0,1
41,33,61,0,1
41,33,62,0,1
41,33,63,0,1
41,34,0,0,1
41,34,1,0,1
41,34,2,0,1
41,34,3,0,1
41,34,4,0,1
41,34,5,0,1
41,34,6,0,1
41,34,7,0,1
41,34,8,0,1
41,34,9,0,1
41,34,10,0,1
41,34,11,0,1
41,34,12,0,1
41,34,13,0,1
41,34,14,0,1
41,34,15,0,1
41,34,16,0,1
41,34,17,0,1
41,34,18,0,1
41,34,19,0,1
41,34,20,0,1
41,34,21,0,1
41,34,22,0,1
41,34,23,0,1
41,34,24,0,1
41,34,25,0,1
41,34,26,0,1
41,34,27,0,1
41,34,28,0,1
41,34,29,0,1
41,34,30,0,1
41,34,31,0,1
41,34,32,0,1
41,34,33,0,1
41,34,34,0,1
41,34,35,0,1
41,34,36,0,1
41,34,37,0,1
41,34,38,0,1
41,34,39,0,1
41,34,40,0,1
41,34,41,0,1
41,34,42,0,1
41,34,43,0,1
41,34,44,0,1
41,34,45,0,1
41,34,46,0,1
41,34,47,0,1
41,34,48,0,1
41,34,49,0,1
41,34,50,0,1
41,34,51,0,1
41,34,52,0,1
41,34,53,0,1
41,34,54,0,1
41,34,55,0,1
41,34,56,0,1
41,34,57,0,1
41,34,58,0,1
41,34,59,0,1
41,34,60,0,1
41,34,61,0,1
41,34,62,0,1
41,34,63,0,1
41,35,0,0,1
41,35,1,0,1
41,35,2,0,1
41,35,3,0,1
41,35,4,0,1
41,35,5,0,1
41,35,6,0,1
41,35,7,0,1
41,35,8,0,1
41,35,9,0,1
41,35,10,0,1
41,35,11,0,1
41,35,12,0,1
41,35,13,0,1
41,35,14,0,1
41,35,15,0,1
41,35,16,0,1
41,35,17,0,1
41,35,18,0,1
41,35,19,0,1
41,35,20,0,1
41,35,21,0,1
41,35,22,0,1
41,35,23,0,1
41,35,24,0,1
41,35,25,0,1
41,35,26,0,1
41,35,27,0,1
41,35,28,0,1
41,35,29,0,1
41,35,30,0,1
41,35,31,0,1
41,35,32,0,1
41,35,33,0,1
41,35,34,0,1
41,35,35,0,1
41,35,36,0,1
41,35,37,0,1
41,35,38,0,1
41,35,39,0,1
41,35,40,0,1
41,35,41,0,1
41,35,42,0,1
41,35,43,0,1
41,35,44,0,1
41,35,45,0,1
41,35,46,0,1
41,35,47,0,1
41,35,48,0,1
41,35,49,0,1
41,35,50,0,1
41,35,51,0,1
41,35,52,0,1
41,35,53,0,1
41,35,54,0,1
41,35,55,0,1
41,35,56,0,1
41,35,57,0,1
41,35,58,0,1
41,35,59,0,1
41,35,60,0,1
41,35,61,0,1
41,35,62,0,1
41,35,63,0,1
41,36,0,0,1
41,36,1,0,1
41,36,2,0,1
41,36,3,0,1
41,36,4,0,1
41,36,5,0,1
41,36,6,0,1
41,36,7,0,1
41,36,8,0,1
41,36,9,0,1
41,36,10,0,1
41,36,11,0,1
41,36,12,0,1
41,36,13,0,1
41,36,14,0,1
41,36,15,0,1
41,36,16,0,1
41,36,17,0,1
41,36,18,0,1
41,36,19,0,1
41,36,20,0,1
41,36,21,0,1
41,36,22,0,1
41,36,23,0,1
41,36,24,0,1
41,36,25,0,1
41,36,26,0,1
41,36,27,0,1
41,36,28,0,1
41,36,29,0,1
41,36,30,0,1
41,36,31,0,1
41,36,32,0,1
41,36,33,0,1
41,36,34,0,1
41,36,35,0,1
41,36,36,0,1
41,36,37,0,1
41,36,38,0,1
41,36,39,0,1
41,36,40,0,1
41,36,41,0,1
41,36,42,0,1
41,36,43,0,1
41,36,44,0,1
41,36,45,0,1
41,36,46,0,1
41,36,47,0,1
41,36,48,0,1
41,36,49,0,1
41,36,50,0,1
41,36,51,0,1
41,36,52,0,1
41,36,53,0,1
41,36,54,0,1
41,36,55,0,1
41,36,56,0,1
41,36,57,0,1
41,36,58,0,1
41,36,59,0,1
41,36,60,0,1
41,36,61,0,1
41,36,62,0,1
41,36,63,0,1
41,37,0,0,1
41,37,1,0,1
41,37,2,0,1
41,37,3,0,1
41,37,4,0,1
41,37,5,0,1
41,37,6,0,1
41,37,7,0,1
41,37,8,0,1
41,37,9,0,1
41,37,10,0,1
41,37,11,0,1
41,37,12,0,1
41,37,13,0,1
41,37,14,0,1
41,37,15,0,1
41,37,16,0,1
41,37,17,0,1
41,37,18,0,1
41,37,19,0,1
41,37,20,0,1
41,37,21,0,1
41,37,22,0,1
41,37,23,0,1
41,37,24,0,1
41,37,25,0,1
41,37,26,0,1
41,37,27,0,1
41,37,28,0,1
41,37,29,0,1
41,37,30,0,1
41,37,31,0,1
41,37,32,0,1
41,37,33,0,1
41,37,34,0,1
41,37,35,0,1
41,37,36,0,1
41,37,37,0,1
41,37,38,0,1
41,37,39,0,1
41,37,40,0,1
41,37,41,0,1
41,37,42,0,1
41,37,43,0,1
41,37,44,0,1
41,37,45,0,1
41,37,46,0,1
41,37,47,0,1
41,37,48,0,1
41,37,49,0,1
41,37,50,0,1
41,37,51,0,1
41,37,52,0,1
41,37,53,0,1
41,37,54,0,1
41,37,55,0,1
41,37,56,0,1
41,37,57,0,1
41,37,58,0,1
41,37,59,0,1
41,37,60,0,1
41,37,61,0,1
41,37,62,0,1
41,37,63,0,1
41,38,0,0,1
41,38,1,0,1
41,38,2,0,1
41,38,3,0,1
41,38,4,0,1
41,38,5,0,1
41,38,6,0,1
41,38,7,0,1
41,38,8,0,1
41,38,9,0,1
41,38,10,0,1
41,38,11,0,1
41,38,12,0,1
41,38,13,0,1
41,38,14,0,1
41,38,15,0,1
41,38,16,0,1
41,38,17,0,1
41,38,18,0,1
41,38,19,0,1
41,38,20,0,1
41,38,21,0,1
41,38,22,0,1
41,38,23,0,1
41,38,24,0,1
41,38,25,0,1
41,38,26,0,1
41,38,27,0,1
41,38,28,0,1
41,38,29,0,1
41,38,30,0,1
41,38,31,0,1
41,38,32,0,1
41,38,33,0,1
41,38,34,0,1
41,38,35,0,1
41,38,36,0,1
41,38,37,0,1
41,38,38,0,1
41,38,39,0,1
41,38,40,0,1
41,38,41,0,1
41,38,42,0,1
41,38,43,0,1
41,38,44,0,1
41,38,45,0,1
41,38,46,0,1
41,38,47,0,1
41,38,48,0,1
41,38,49,0,1
41,38,50,0,1
41,38,51,0,1
41,38,52,0,1
41,38,53,0,1
41,38,54,0,1
41,38,55,0,1
41,38,56,0,1
41,38,57,0,1
41,38,58,0,1
41,38,59,0,1
41,38,60,0,1
41,38,61,0,1
41,38,62,0,1
41,38,63,0,1
41,39,0,0,1
41,39,1,0,1
41,39,2,0,1
41,39,3,0,1
41,39,4,0,1
41,39,5,0,1
41,39,6,0,1
41,39,7,0,1
41,39,8,0,1
41,39,9,0,1
41,39,10,0,1
41,39,11,0,1
41,39,12,0,1
41,39,13,0,1
41,39,14,0,1
41,39,15,0,1
41,39,16,0,1
41,39,17,0,1
41,39,18,0,1
41,39,19,0,1
41,39,20,0,1
41,39,21,0,1
41,39,22,0,1
41,39,23,0,1
41,39,24,0,1
41,39,25,0,1
41,39,26,0,1
41,39,27,0,1
41,39,28,0,1
41,39,29,0,1
41,39,30,0,1
41,39,31,0,1
41,39,32,0,1
41,39,33,0,1
41,39,34,0,1
41,39,35,0,1
41,39,36,0,1
41,39,37,0,1
41,39,38,0,1
41,39,39,0,1
41,39,40,0,1
41,39,41,0,1
41,39,42,0,1
41,39,43,0,1
41,39,44,0,1
41,39,45,0,1
41,39,46,0,1
41,39,47,0,1
41,39,48,0,1
41,39,49,0,1
41,39,50,0,1
41,39,51,0,1
41,39,52,0,1
41,39,53,0,1
41,39,54,0,1
41,39,55,0,1
41,39,56,0,1
41,39,57,0,1
41,39,58,0,1
41,39,59,0,1
41,39,60,0,1
41,39,61,0,1
41,39,62,0,1
41,39,63,0,1
41,40,0,0,1
41,40,1,0,1
41,40,2,0,1
41,40,3,0,1
41,40,4,0,1
41,40,5,0,1
41,40,6,0,1
41,40,7,0,1
41,40,8,0,1
41,40,9,0,1
41,40,10,0,1
41,40,11,0,1
41,40,12,0,1
41,40,13,0,1
41,40,14,0,1
41,40,15,0,1
41,40,16,0,1
41,40,17,0,1
41,40,18,0,1
41,40,19,0,1
41,40,20,0,1
41,40,21,0,1
41,40,22,0,1
41,40,23,0,1
41,40,24,0,1
41,40,25,0,1
41,40,26,0,1
41,40,27,0,1
41,40,28,0,1
41,40,29,0,1
41,40,30,0,1
41,40,31,0,1
41,40,32,0,1
41,40,33,0,1
41,40,34,0,1
41,40,35,0,1
41,40,36,0,1
41,40,37,0,1
41,40,38,0,1
41,40,39,0,1
41,40,40,0,1
41,40,41,0,1
41,40,42,0,1
41,40,43,0,1
41,40,44,0,1
41,40,45,0,1
41,40,46,0,1
41,40,47,0,1
41,40,48,0,1
41,40,49,0,1
41,40,50,0,1
41,40,51,0,1
41,40,52,0,1
41,40,53,0,1
41,40,54,0,1
41,40,55,0,1
41,40,56,0,1
41,40,57,0,1
41,40,58,0,1
41,40,59,0,1
41,40,60,0,1
41,40,61,0,1
41,40,62,0,1
41,40,63,0,1
41,41,0,0,1
41,41,1,0,1
41,41,2,0,1
41,41,3,0,1
41,41,4,0,1
41,41,5,0,1
41,41,6,0,1
41,41,7,0,1
41,41,8,0,1
41,41,9,0,1
41,41,10,0,1
41,41,11,0,1
41,41,12,0,1
41,41,13,0,1
41,41,14,0,1
41,41,15,0,1
41,41,16,0,1
41,41,17,0,1
41,41,18,0,1
41,41,19,0,1
41,41,20,0,1
41,41,21,0,1
41,41,22,0,1
41,41,23,0,1
41,41,24,0,1
41,41,25,0,1
41,41,26,0,1
41,41,27,0,1
41,41,28,0,1
41,41,29,0,1
41,41,30,0,1
41,41,31,0,1
41,41,32,0,1
41,41,33,0,1
41,41,34,0,1
41,41,35,0,1
41,41,36,0,1
41,41,37,0,1
41,41,38,0,1
41,41,39,0,1
41,41,40,0,1
41,41,41,0,1
41,41,42,0,1
41,41,43,0,1
41,41,44,0,1
41,41,45,0,1
41,41,46,0,1
41,41,47,0,1
41,41,48,0,1
41,41,49,0,1
41,41,50,0,1
41,41,51,0,1
41,41,52,0,1
41,41,53,0,1
41,41,54,0,1
41,41,55,0,1
41,41,56,0,1
41,41,57,0,1
41,41,58,0,1
41,41,59,0,1
41,41,60,0,1
41,41,61,0,1
41,41,62,0,1
41,41,63,0,1
41,42,0,0,1
41,42,1,0,1
41,42,2,0,1
41,42,3,0,1
41,42,4,0,1
41,42,5,0,1
41,42,6,0,1
41,42,7,0,1
41,42,8,0,1
41,42,9,0,1
41,42,10,0,1
41,42,11,0,1
41,42,12,0,1
41,42,13,0,1
41,42,14,0,1
41,42,15,0,1
41,42,16,0,1
41,42,17,0,1
41,42,18,0,1
41,42,19,0,1
41,42,20,0,1
41,42,21,0,1
41,42,22,0,1
41,42,23,0,1
41,42,24,0,1
41,42,25,0,1
41,42,26,0,1
41,42,27,0,1
41,42,28,0,1
41,42,29,0,1
41,42,30,0,1
41,42,31,0,1
41,42,32,0,1
41,42,33,0,1
41,42,34,0,1
41,42,35,0,1
41,42,36,0,1
41,42,37,0,1
41,42,38,0,1
41,42,39,0,1
41,42,40,0,1
41,42,41,0,1
41,42,42,0,1
41,42,43,0,1
41,42,44,0,1
41,42,45,0,1
41,42,46,0,1
41,42,47,0,1
41,42,48,0,1
41,42,49,0,1
41,42,50,0,1
41,42,51,0,1
41,42,52,0,1
41,42,53,0,1
41,42,54,0,1
41,42,55,0,1
41,42,56,0,1
41,42,57,0,1
41,42,58,0,1
41,42,59,0,1
41,42,60,0,1
41,42,61,0,1
41,42,62,0,1
41,42,63,0,1
41,43,0,0,1
41,43,1,0,1
41,43,2,0,1
41,43,3,0,1
41,43,4,0,1
41,43,5,0,1
41,43,6,0,1
41,43,7,0,1
41,43,8,0,1
41,43,9,0,1
41,43,10,0,1
41,43,11,0,1
41,43,12,0,1
41,43,13,0,1
41,43,14,0,1
41,43,15,0,1
41,43,16,0,1
41,43,17,0,1
41,43,18,0,1
41,43,19,0,1
41,43,20,0,1
41,43,21,0,1
41,43,22,0,1
41,43,23,0,1
41,43,24,0,1
41,43,25,0,1
41,43,26,0,1
41,43,27,0,1
41,43,28,0,1
41,43,29,0,1
41,43,30,0,1
41,43,31,0,1
41,43,32,0,1
41,43,33,0,1
41,43,34,0,1
41,43,35,0,1
41,43,36,0,1
41,43,37,0,1
41,43,38,0,1
41,43,39,0,1
41,43,40,0,1
41,43,41,0,1
41,43,42,0,1
41,43,43,0,1
41,43,44,0,1
41,43,45,0,1
41,43,46,0,1
41,43,47,0,1
41,43,48,0,1
41,43,49,0,1
41,43,50,0,1
41,43,51,0,1
41,43,52,0,1
41,43,53,0,1
41,43,54,0,1
41,43,55,0,1
41,43,56,0,1
41,43,57,0,1
41,43,58,0,1
41,43,59,0,1
41,43,60,0,1
41,43,61,0,1
41,43,62,0,1
41,43,63,0,1
41,44,0,0,1
41,44,1,0,1
41,44,2,0,1
41,44,3,0,1
41,44,4,0,1
41,44,5,0,1
41,44,6,0,1
41,44,7,0,1
41,44,8,0,1
41,44,9,0,1
41,44,10,0,1
41,44,11,0,1
41,44,12,0,1
41,44,13,0,1
41,44,14,0,1
41,44,15,0,1
41,44,16,0,1
41,44,17,0,1
41,44,18,0,1
41,44,19,0,1
41,44,20,0,1
41,44,21,0,1
41,44,22,0,1
41,44,23,0,1
41,44,24,0,1
41,44,25,0,1
41,44,26,0,1
41,44,27,0,1
41,44,28,0,1
41,44,29,0,1
41,44,30,0,1
41,44,31,0,1
41,44,32,0,1
41,44,33,0,1
41,44,34,0,1
41,44,35,0,1
41,44,36,0,1
41,44,37,0,1
41,44,38,0,1
41,44,39,0,1
41,44,40,0,1
41,44,41,0,1
41,44,42,0,1
41,44,43,0,1
41,44,44,0,1
41,44,45,0,1
41,44,46,0,1
41,44,47,0,1
41,44,48,0,1
41,44,49,0,1
41,44,50,0,1
41,44,51,0,1
41,44,52,0,1
41,44,53,0,1
41,44,54,0,1
41,44,55,0,1
41,44,56,0,1
41,44,57,0,1
41,44,58,0,1
41,44,59,0,1
41,44,60,0,1
41,44,61,0,1
41,44,62,0,1
41,44,63,0,1
41,45,0,0,1
41,45,1,0,1
41,45,2,0,1
41,45,3,0,1
41,45,4,0,1
41,45,5,0,1
41,45,6,0,1
41,45,7,0,1
41,45,8,0,1
41,45,9,0,1
41,45,10,0,1
41,45,11,0,1
41,45,12,0,1
41,45,13,0,1
41,45,14,0,1
41,45,15,0,1
41,45,16,0,1
41,45,17,0,1
41,45,18,0,1
41,45,19,0,1
41,45,20,0,1
41,45,21,0,1
41,45,22,0,1
41,45,23,0,1
41,45,24,0,1
41,45,25,0,1
41,45,26,0,1
41,45,27,0,1
41,45,28,0,1
41,45,29,0,1
41,45,30,0,1
41,45,31,0,1
41,45,32,0,1
41,45,33,0,1
41,45,34,0,1
41,45,35,0,1
41,45,36,0,1
41,45,37,0,1
41,45,38,0,1
41,45,39,0,1
41,45,40,0,1
41,45,41,0,1
41,45,42,0,1
41,45,43,0,1
41,45,44,0,1
41,45,45,0,1
41,45,46,0,1
41,45,47,0,1
41,45,48,0,1
41,45,49,0,1
41,45,50,0,1
41,45,51,0,1
41,45,52,0,1
41,45,53,0,1
41,45,54,0,1
41,45,55,0,1
41,45,56,0,1
41,45,57,0,1
41,45,58,0,1
41,45,59,0,1
41,45,60,0,1
41,45,61,0,1
41,45,62,0,1
41,45,63,0,1
41,46,0,0,1
41,46,1,0,1
41,46,2,0,1
41,46,3,0,1
41,46,4,0,1
41,46,5,0,1
41,46,6,0,1
41,46,7,0,1
41,46,8,0,1
41,46,9,0,1
41,46,10,0,1
41,46,11,0,1
41,46,12,0,1
41,46,13,0,1
41,46,14,0,1
41,46,15,0,1
41,46,16,0,1
41,46,17,0,1
41,46,18,0,1
41,46,19,0,1
41,46,20,0,1
41,46,21,0,1
41,46,22,0,1
41,46,23,0,1
41,46,24,0,1
41,46,25,0,1
41,46,26,0,1
41,46,27,0,1
41,46,28,0,1
41,46,29,0,1
41,46,30,0,1
41,46,31,0,1
41,46,32,0,1
41,46,33,0,1
41,46,34,0,1
41,46,35,0,1
41,46,36,0,1
41,46,37,0,1
41,46,38,0,1
41,46,39,0,1
41,46,40,0,1
41,46,41,0,1
41,46,42,0,1
41,46,43,0,1
41,46,44,0,1
41,46,45,0,1
41,46,46,0,1
41,46,47,0,1
41,46,48,0,1
41,46,49,0,1
41,46,50,0,1
41,46,51,0,1
41,46,52,0,1
41,46,53,0,1
41,46,54,0,1
41,46,55,0,1
41,46,56,0,1
41,46,57,0,1
41,46,58,0,1
41,46,59,0,1
41,46,60,0,1
41,46,61,0,1
41,46,62,0,1
41,46,63,0,1
41,47,0,0,1
41,47,1,0,1
41,47,2,0,1
41,47,3,0,1
41,47,4,0,1
41,47,5,0,1
41,47,6,0,1
41,47,7,0,1
41,47,8,0,1
41,47,9,0,1
41,47,10,0,1
41,47,11,0,1
41,47,12,0,1
41,47,13,0,1
41,47,14,0,1
41,47,15,0,1
41,47,16,0,1
41,47,17,0,1
41,47,18,0,1
41,47,19,0,1
41,47,20,0,1
41,47,21,0,1
41,47,22,0,1
41,47,23,0,1
41,47,24,0,1
41,47,25,0,1
41,47,26,0,1
41,47,27,0,1
41,47,28,0,1
41,47,29,0,1
41,47,30,0,1
41,47,31,0,1
41,47,32,0,1
41,47,33,0,1
41,47,34,0,1
41,47,35,0,1
41,47,36,0,1
41,47,37,0,1
41,47,38,0,1
41,47,39,0,1
41,47,40,0,1
41,47,41,0,1
41,47,42,0,1
41,47,43,0,1
41,47,44,0,1
41,47,45,0,1
41,47,46,0,1
41,47,47,0,1
41,47,48,0,1
41,47,49,0,1
41,47,50,0,1
41,47,51,0,1
41,47,52,0,1
41,47,53,0,1
41,47,54,0,1
41,47,55,0,1
41,47,56,0,1
41,47,57,0,1
41,47,58,0,1
41,47,59,0,1
41,47,60,0,1
41,47,61,0,1
41,47,62,0,1
41,47,63,0,1
41,48,0,0,1
41,48,1,0,1
41,48,2,0,1
41,48,3,0,1
41,48,4,0,1
41,48,5,0,1
41,48,6,0,1
41,48,7,0,1
41,48,8,0,1
41,48,9,0,1
41,48,10,0,1
41,48,11,0,1
41,48,12,0,1
41,48,13,0,1
41,48,14,0,1
41,48,15,0,1
41,48,16,0,1
41,48,17,0,1
41,48,18,0,1
41,48,19,0,1
41,48,20,0,1
41,48,21,0,1
41,48,22,0,1
41,48,23,0,1
41,48,24,0,1
41,48,25,0,1
41,48,26,0,1
41,48,27,0,1
41,48,28,0,1
41,48,29,0,1
41,48,30,0,1
41,48,31,0,1
41,48,32,0,1
41,48,33,0,1
41,48,34,0,1
41,48,35,0,1
41,48,36,0,1
41,48,37,0,1
41,48,38,0,1
41,48,39,0,1
41,48,40,0,1
41,48,41,0,1
41,48,42,0,1
41,48,43,0,1
41,48,44,0,1
41,48,45,0,1
41,48,46,0,1
41,48,47,0,1
41,48,48,0,1
41,48,49,0,1
41,48,50,0,1
41,48,51,0,1
41,48,52,0,1
41,48,53,0,1
41,48,54,0,1
41,48,55,0,1
41,48,56,0,1
41,48,57,0,1
41,48,58,0,1
41,48,59,0,1
41,48,60,0,1
41,48,61,0,1
41,48,62,0,1
41,48,63,0,1
41,49,0,0,1
41,49,1,0,1
41,49,2,0,1
41,49,3,0,1
41,49,4,0,1
41,49,5,0,1
41,49,6,0,1
41,49,7,0,1
41,49,8,0,1
41,49,9,0,1
41,49,10,0,1
41,49,11,0,1
41,49,12,0,1
41,49,13,0,1
41,49,14,0,1
41,49,15,0,1
41,49,16,0,1
41,49,17,0,1
41,49,18,0,1
41,49,19,0,1
41,49,20,0,1
41,49,21,0,1
41,49,22,0,1
41,49,23,0,1
41,49,24,0,1
41,49,25,0,1
41,49,26,0,1
41,49,27,0,1
41,49,28,0,1
41,49,29,0,1
41,49,30,0,1
41,49,31,0,1
41,49,32,0,1
41,49,33,0,1
41,49,34,0,1
41,49,35,0,1
41,49,36,0,1
41,49,37,0,1
41,49,38,0,1
41,49,39,0,1
41,49,40,0,1
41,49,41,0,1
41,49,42,0,1
41,49,43,0,1
41,49,44,0,1
41,49,45,0,1
41,49,46,0,1
41,49,47,0,1
41,49,48,0,1
41,49,49,0,1
41,49,50,0,1
41,49,51,0,1
41,49,52,0,1
41,49,53,0,1
41,49,54,0,1
41,49,55,0,1
41,49,56,0,1
41,49,57,0,1
41,49,58,0,1
41,49,59,0,1
41,49,60,0,1
41,49,61,0,1
41,49,62,0,1
41,49,63,0,1
41,50,0,0,1
41,50,1,0,1
41,50,2,0,1
41,50,3,0,1
41,50,4,0,1
41,50,5,0,1
41,50,6,0,1
41,50,7,0,1
41,50,8,0,1
41,50,9,0,1
41,50,10,0,1
41,50,11,0,1
41,50,12,0,1
41,50,13,0,1
41,50,14,0,1
41,50,15,0,1
41,50,16,0,1
41,50,17,0,1
41,50,18,0,1
41,50,19,0,1
41,50,20,0,1
41,50,21,0,1
41,50,22,0,1
41,50,23,0,1
41,50,24,0,1
41,50,25,0,1
41,50,26,0,1
41,50,27,0,1
41,50,28,0,1
41,50,29,0,1
41,50,30,0,1
41,50,31,0,1
41,50,32,0,1
41,50,33,0,1
41,50,34,0,1
41,50,35,0,1
41,50,36,0,1
41,50,37,0,1
41,50,38,0,1
41,50,39,0,1
41,50,40,0,1
41,50,41,0,1
41,50,42,0,1
41,50,43,0,1
41,50,44,0,1
41,50,45,0,1
41,50,46,0,1
41,50,47,0,1
41,50,48,0,1
41,50,49,0,1
41,50,50,0,1
41,50,51,0,1
41,50,52,0,1
41,50,53,0,1
41,50,54,0,1
41,50,55,0,1
41,50,56,0,1
41,50,57,0,1
41,50,58,0,1
41,50,59,0,1
41,50,60,0,1
41,50,61,0,1
41,50,62,0,1
41,50,63,0,1
41,51,0,0,1
41,51,1,0,1
41,51,2,0,1
41,51,3,0,1
41,51,4,0,1
41,51,5,0,1
41,51,6,0,1
41,51,7,0,1
41,51,8,0,1
41,51,9,0,1
41,51,10,0,1
41,51,11,0,1
41,51,12,0,1
41,51,13,0,1
41,51,14,0,1
41,51,15,0,1
41,51,16,0,1
41,51,17,0,1
41,51,18,0,1
41,51,19,0,1
41,51,20,0,1
41,51,21,0,1
41,51,22,0,1
41,51,23,0,1
41,51,24,0,1
41,51,25,0,1
41,51,26,0,1
41,51,27,0,1
41,51,28,0,1
41,51,29,0,1
41,51,30,0,1
41,51,31,0,1
41,51,32,0,1
41,51,33,0,1
41,51,34,0,1
41,51,35,0,1
41,51,36,0,1
41,51,37,0,1
41,51,38,0,1
41,51,39,0,1
41,51,40,0,1
41,51,41,0,1
41,51,42,0,1
41,51,43,0,1
41,51,44,0,1
41,51,45,0,1
41,51,46,0,1
41,51,47,0,1
41,51,48,0,1
41,51,49,0,1
41,51,50,0,1
41,51,51,0,1
41,51,52,0,1
41,51,53,0,1
41,51,54,0,1
41,51,55,0,1
41,51,56,0,1
41,51,57,0,1
41,51,58,0,1
41,51,59,0,1
41,51,60,0,1
41,51,61,0,1
41,51,62,0,1
41,51,63,0,1
41,52,0,0,1
41,52,1,0,1
41,52,2,0,1
41,52,3,0,1
41,52,4,0,1
41,52,5,0,1
41,52,6,0,1
41,52,7,0,1
41,52,8,0,1
41,52,9,0,1
41,52,10,0,1
41,52,11,0,1
41,52,12,0,1
41,52,13,0,1
41,52,14,0,1
41,52,15,0,1
41,52,16,0,1
41,52,17,0,1
41,52,18,0,1
41,52,19,0,1
41,52,20,0,1
41,52,21,0,1
41,52,22,0,1
41,52,23,0,1
41,52,24,0,1
41,52,25,0,1
41,52,26,0,1
41,52,27,0,1
41,52,28,0,1
41,52,29,0,1
41,52,30,0,1
41,52,31,0,1
41,52,32,0,1
41,52,33,0,1
41,52,34,0,1
41,52,35,0,1
41,52,36,0,1
41,52,37,0,1
41,52,38,0,1
41,52,39,0,1
41,52,40,0,1
41,52,41,0,1
41,52,42,0,1
41,52,43,0,1
41,52,44,0,1
41,52,45,0,1
41,52,46,0,1
41,52,47,0,1
41,52,48,0,1
41,52,49,0,1
41,52,50,0,1
41,52,51,0,1
41,52,52,0,1
41,52,53,0,1
41,52,54,0,1
41,52,55,0,1
41,52,56,0,1
41,52,57,0,1
41,52,58,0,1
41,52,59,0,1
41,52,60,0,1
41,52,61,0,1
41,52,62,0,1
41,52,63,0,1
41,53,0,0,1
41,53,1,0,1
41,53,2,0,1
41,53,3,0,1
41,53,4,0,1
41,53,5,0,1
41,53,6,0,1
41,53,7,0,1
41,53,8,0,1
41,53,9,0,1
41,53,10,0,1
41,53,11,0,1
41,53,12,0,1
41,53,13,0,1
41,53,14,0,1
41,53,15,0,1
41,53,16,0,1
41,53,17,0,1
41,53,18,0,1
41,53,19,0,1
41,53,20,0,1
41,53,21,0,1
41,53,22,0,1
41,53,23,0,1
41,53,24,0,1
41,53,25,0,1
41,53,26,0,1
41,53,27,0,1
41,53,28,0,1
41,53,29,0,1
41,53,30,0,1
41,53,31,0,1
41,53,32,0,1
41,53,33,0,1
41,53,34,0,1
41,53,35,0,1
41,53,36,0,1
41,53,37,0,1
41,53,38,0,1
41,53,39,0,1
41,53,40,0,1
41,53,41,0,1
41,53,42,0,1
41,53,43,0,1
41,53,44,0,1
41,53,45,0,1
41,53,46,0,1
41,53,47,0,1
41,53,48,0,1
41,53,49,0,1
41,53,50,0,1
41,53,51,0,1
41,53,52,0,1
41,53,53,0,1
41,53,54,0,1
41,53,55,0,1
41,53,56,0,1
41,53,57,0,1
41,53,58,0,1
41,53,59,0,1
41,53,60,0,1
41,53,61,0,1
41,53,62,0,1
41,53,63,0,1
41,54,0,0,1
41,54,1,0,1
41,54,2,0,1
41,54,3,0,1
41,54,4,0,1
41,54,5,0,1
41,54,6,0,1
41,54,7,0,1
41,54,8,0,1
41,54,9,0,1
41,54,10,0,1
41,54,11,0,1
41,54,12,0,1
41,54,13,0,1
41,54,14,0,1
41,54,15,0,1
41,54,16,0,1
41,54,17,0,1
41,54,18,0,1
41,54,19,0,1
41,54,20,0,1
41,54,21,0,1
41,54,22,0,1
41,54,23,0,1
41,54,24,0,1
41,54,25,0,1
41,54,26,0,1
41,54,27,0,1
41,54,28,0,1
41,54,29,0,1
41,54,30,0,1
41,54,31,0,1
41,54,32,0,1
41,54,33,0,1
41,54,34,0,1
41,54,35,0,1
41,54,36,0,1
41,54,37,0,1
41,54,38,0,1
41,54,39,0,1
41,54,40,0,1
41,54,41,0,1
41,54,42,0,1
41,54,43,0,1
41,54,44,0,1
41,54,45,0,1
41,54,46,0,1
41,54,47,0,1
41,54,48,0,1
41,54,49,0,1
41,54,50,0,1
41,54,51,0,1
41,54,52,0,1
41,54,53,0,1
41,54,54,0,1
41,54,55,0,1
41,54,56,0,1
41,54,57,0,1
41,54,58,0,1
41,54,59,0,1
41,54,60,0,1
41,54,61,0,1
41,54,62,0,1
41,54,63,0,1
41,55,0,0,1
41,55,1,0,1
41,55,2,0,1
41,55,3,0,1
41,55,4,0,1
41,55,5,0,1
41,55,6,0,1
41,55,7,0,1
41,55,8,0,1
41,55,9,0,1
41,55,10,0,1
41,55,11,0,1
41,55,12,0,1
41,55,13,0,1
41,55,14,0,1
41,55,15,0,1
41,55,16,0,1
41,55,17,0,1
41,55,18,0,1
41,55,19,0,1
41,55,20,0,1
41,55,21,0,1
41,55,22,0,1
41,55,23,0,1
41,55,24,0,1
41,55,25,0,1
41,55,26,0,1
41,55,27,0,1
41,55,28,0,1
41,55,29,0,1
41,55,30,0,1
41,55,31,0,1
41,55,32,0,1
41,55,33,0,1
41,55,34,0,1
41,55,35,0,1
41,55,36,0,1
41,55,37,0,1
41,55,38,0,1
41,55,39,0,1
41,55,40,0,1
41,55,41,0,1
41,55,42,0,1
41,55,43,0,1
41,55,44,0,1
41,55,45,0,1
41,55,46,0,1
41,55,47,0,1
41,55,48,0,1
41,55,49,0,1
41,55,50,0,1
41,55,51,0,1
41,55,52,0,1
41,55,53,0,1
41,55,54,0,1
41,55,55,0,1
41,55,56,0,1
41,55,57,0,1
41,55,58,0,1
41,55,59,0,1
41,55,60,0,1
41,55,61,0,1
41,55,62,0,1
41,55,63,0,1
41,56,0,0,1
41,56,1,0,1
41,56,2,0,1
41,56,3,0,1
41,56,4,0,1
41,56,5,0,1
41,56,6,0,1
41,56,7,0,1
41,56,8,0,1
41,56,9,0,1
41,56,10,0,1
41,56,11,0,1
41,56,12,0,1
41,56,13,0,1
41,56,14,0,1
41,56,15,0,1
41,56,16,0,1
41,56,17,0,1
41,56,18,0,1
41,56,19,0,1
41,56,20,0,1
41,56,21,0,1
41,56,22,0,1
41,56,23,0,1
41,56,24,0,1
41,56,25,0,1
41,56,26,0,1
41,56,27,0,1
41,56,28,0,1
41,56,29,0,1
41,56,30,0,1
41,56,31,0,1
41,56,32,0,1
41,56,33,0,1
41,56,34,0,1
41,56,35,0,1
41,56,36,0,1
41,56,37,0,1
41,56,38,0,1
41,56,39,0,1
41,56,40,0,1
41,56,41,0,1
41,56,42,0,1
41,56,43,0,1
41,56,44,0,1
41,56,45,0,1
41,56,46,0,1
41,56,47,0,1
41,56,48,0,1
41,56,49,0,1
41,56,50,0,1
41,56,51,0,1
41,56,52,0,1
41,56,53,0,1
41,56,54,0,1
41,56,55,0,1
41,56,56,0,1
41,56,57,0,1
41,56,58,0,1
41,56,59,0,1
41,56,60,0,1
41,56,61,0,1
41,56,62,0,1
41,56,63,0,1
41,57,0,0,1
41,57,1,0,1
41,57,2,0,1
41,57,3,0,1
41,57,4,0,1
41,57,5,0,1
41,57,6,0,1
41,57,7,0,1
41,57,8,0,1
41,57,9,0,1
41,57,10,0,1
41,57,11,0,1
41,57,12,0,1
41,57,13,0,1
41,57,14,0,1
41,57,15,0,1
41,57,16,0,1
41,57,17,0,1
41,57,18,0,1
41,57,19,0,1
41,57,20,0,1
41,57,21,0,1
41,57,22,0,1
41,57,23,0,1
41,57,24,0,1
41,57,25,0,1
41,57,26,0,1
41,57,27,0,1
41,57,28,0,1
41,57,29,0,1
41,57,30,0,1
41,57,31,0,1
41,57,32,0,1
41,57,33,0,1
41,57,34,0,1
41,57,35,0,1
41,57,36,0,1
41,57,37,0,1
41,57,38,0,1
41,57,39,0,1
41,57,40,0,1
41,57,41,0,1
41,57,42,0,1
41,57,43,0,1
41,57,44,0,1
41,57,45,0,1
41,57,46,0,1
41,57,47,0,1
41,57,48,0,1
41,57,49,0,1
41,57,50,0,1
41,57,51,0,1
41,57,52,0,1
41,57,53,0,1
41,57,54,0,1
41,57,55,0,1
41,57,56,0,1
41,57,57,0,1
41,57,58,0,1
41,57,59,0,1
41,57,60,0,1
41,57,61,0,1
41,57,62,0,1
41,57,63,0,1
41,58,0,0,1
41,58,1,0,1
41,58,2,0,1
41,58,3,0,1
41,58,4,0,1
41,58,5,0,1
41,58,6,0,1
41,58,7,0,1
41,58,8,0,1
41,58,9,0,1
41,58,10,0,1
41,58,11,0,1
41,58,12,0,1
41,58,13,0,1
41,58,14,0,1
41,58,15,0,1
41,58,16,0,1
41,58,17,0,1
41,58,18,0,1
41,58,19,0,1
41,58,20,0,1
41,58,21,0,1
41,58,22,0,1
41,58,23,0,1
41,58,24,0,1
41,58,25,0,1
41,58,26,0,1
41,58,27,0,1
41,58,28,0,1
41,58,29,0,1
41,58,30,0,1
41,58,31,0,1
41,58,32,0,1
41,58,33,0,1
41,58,34,0,1
41,58,35,0,1
41,58,36,0,1
41,58,37,0,1
41,58,38,0,1
41,58,39,0,1
41,58,40,0,1
41,58,41,0,1
41,58,42,0,1
41,58,43,0,1
41,58,44,0,1
41,58,45,0,1
41,58,46,0,1
41,58,47,0,1
41,58,48,0,1
41,58,49,0,1
41,58,50,0,1
41,58,51,0,1
41,58,52,0,1
41,58,53,0,1
41,58,54,0,1
41,58,55,0,1
41,58,56,0,1
41,58,57,0,1
41,58,58,0,1
41,58,59,0,1
41,58,60,0,1
41,58,61,0,1
41,58,62,0,1
41,58,63,0,1
41,59,0,0,1
41,59,1,0,1
41,59,2,0,1
41,59,3,0,1
41,59,4,0,1
41,59,5,0,1
41,59,6,0,1
41,59,7,0,1
41,59,8,0,1
41,59,9,0,1
41,59,10,0,1
41,59,11,0,1
41,59,12,0,1
41,59,13,0,1
41,59,14,0,1
41,59,15,0,1
41,59,16,0,1
41,59,17,0,1
41,59,18,0,1
41,59,19,0,1
41,59,20,0,1
41,59,21,0,1
41,59,22,0,1
41,59,23,0,1
41,59,24,0,1
41,59,25,0,1
41,59,26,0,1
41,59,27,0,1
41,59,28,0,1
41,59,29,0,1
41,59,30,0,1
41,59,31,0,1
41,59,32,0,1
41,59,33,0,1
41,59,34,0,1
41,59,35,0,1
41,59,36,0,1
41,59,37,0,1
41,59,38,0,1
41,59,39,0,1
41,59,40,0,1
41,59,41,0,1
41,59,42,0,1
41,59,43,0,1
41,59,44,0,1
41,59,45,0,1
41,59,46,0,1
41,59,47,0,1
41,59,48,0,1
41,59,49,0,1
41,59,50,0,1
41,59,51,0,1
41,59,52,0,1
41,59,53,0,1
41,59,54,0,1
41,59,55,0,1
41,59,56,0,1
41,59,57,0,1
41,59,58,0,1
41,59,59,0,1
41,59,60,0,1
41,59,61,0,1
41,59,62,0,1
41,59,63,0,1
41,60,0,0,1
41,60,1,0,1
41,60,2,0,1
41,60,3,0,1
41,60,4,0,1
41,60,5,0,1
41,60,6,0,1
41,60,7,0,1
41,60,8,0,1
41,60,9,0,1
41,60,10,0,1
41,60,11,0,1
41,60,12,0,1
41,60,13,0,1
41,60,14,0,1
41,60,15,0,1
41,60,16,0,1
41,60,17,0,1
41,60,18,0,1
41,60,19,0,1
41,60,20,0,1
41,60,21,0,1
41,60,22,0,1
41,60,23,0,1
41,60,24,0,1
41,60,25,0,1
41,60,26,0,1
41,60,27,0,1
41,60,28,0,1
41,60,29,0,1
41,60,30,0,1
41,60,31,0,1
41,60,32,0,1
41,60,33,0,1
41,60,34,0,1
41,60,35,0,1
41,60,36,0,1
41,60,37,0,1
41,60,38,0,1
41,60,39,0,1
41,60,40,0,1
41,60,41,0,1
41,60,42,0,1
41,60,43,0,1
41,60,44,0,1
41,60,45,0,1
41,60,46,0,1
41,60,47,0,1
41,60,48,0,1
41,60,49,0,1
41,60,50,0,1
41,60,51,0,1
41,60,52,0,1
41,60,53,0,1
41,60,54,0,1
41,60,55,0,1
41,60,56,0,1
41,60,57,0,1
41,60,58,0,1
41,60,59,0,1
41,60,60,0,1
41,60,61,0,1
41,60,62,0,1
41,60,63,0,1
41,61,0,0,1
41,61,1,0,1
41,61,2,0,1
41,61,3,0,1
41,61,4,0,1
41,61,5,0,1
41,61,6,0,1
41,61,7,0,1
41,61,8,0,1
41,61,9,0,1
41,61,10,0,1
41,61,11,0,1
41,61,12,0,1
41,61,13,0,1
41,61,14,0,1
41,61,15,0,1
41,61,16,0,1
41,61,17,0,1
41,61,18,0,1
41,61,19,0,1
41,61,20,0,1
41,61,21,0,1
41,61,22,0,1
41,61,23,0,1
41,61,24,0,1
41,61,25,0,1
41,61,26,0,1
41,61,27,0,1
41,61,28,0,1
41,61,29,0,1
41,61,30,0,1
41,61,31,0,1
41,61,32,0,1
41,61,33,0,1
41,61,34,0,1
41,61,35,0,1
41,61,36,0,1
41,61,37,0,1
41,61,38,0,1
41,61,39,0,1
41,61,40,0,1
41,61,41,0,1
41,61,42,0,1
41,61,43,0,1
41,61,44,0,1
41,61,45,0,1
41,61,46,0,1
41,61,47,0,1
41,61,48,0,1
41,61,49,0,1
41,61,50,0,1
41,61,51,0,1
41,61,52,0,1
41,61,53,0,1
41,61,54,0,1
41,61,55,0,1
41,61,56,0,1
41,61,57,0,1
41,61,58,0,1
41,61,59,0,1
41,61,60,0,1
41,61,61,0,1
41,61,62,0,1
41,61,63,0,1
41,62,0,0,1
41,62,1,0,1
41,62,2,0,1
41,62,3,0,1
41,62,4,0,1
41,62,5,0,1
41,62,6,0,1
41,62,7,0,1
41,62,8,0,1
41,62,9,0,1
41,62,10,0,1
41,62,11,0,1
41,62,12,0,1
41,62,13,0,1
41,62,14,0,1
41,62,15,0,1
41,62,16,0,1
41,62,17,0,1
41,62,18,0,1
41,62,19,0,1
41,62,20,0,1
41,62,21,0,1
41,62,22,0,1
41,62,23,0,1
41,62,24,0,1
41,62,25,0,1
41,62,26,0,1
41,62,27,0,1
41,62,28,0,1
41,62,29,0,1
41,62,30,0,1
41,62,31,0,1
41,62,32,0,1
41,62,33,0,1
41,62,34,0,1
41,62,35,0,1
41,62,36,0,1
41,62,37,0,1
41,62,38,0,1
41,62,39,0,1
41,62,40,0,1
41,62,41,0,1
41,62,42,0,1
41,62,43,0,1
41,62,44,0,1
41,62,45,0,1
41,62,46,0,1
41,62,47,0,1
41,62,48,0,1
41,62,49,0,1
41,62,50,0,1
41,62,51,0,1
41,62,52,0,1
41,62,53,0,1
41,62,54,0,1
41,62,55,0,1
41,62,56,0,1
41,62,57,0,1
41,62,58,0,1
41,62,59,0,1
41,62,60,0,1
41,62,61,0,1
41,62,62,0,1
41,62,63,0,1
41,63,0,0,1
41,63,1,0,1
41,63,2,0,1
41,63,3,0,1
41,63,4,0,1
41,63,5,0,1
41,63,6,0,1
41,63,7,0,1
41,63,8,0,1
41,63,9,0,1
41,63,10,0,1
41,63,11,0,1
41,63,12,0,1
41,63,13,0,1
41,63,14,0,1
41,63,15,0,1
41,63,16,0,1
41,63,17,0,1
41,63,18,0,1
41,63,19,0,1
41,63,20,0,1
41,63,21,0,1
41,63,22,0,1
41,63,23,0,1
41,63,24,0,1
41,63,25,0,1
41,63,26,0,1
41,63,27,0,1
41,63,28,0,1
41,63,29,0,1
41,63,30,0,1
41,63,31,0,1
41,63,32,0,1
41,63,33,0,1
41,63,34,0,1
41,63,35,0,1
41,63,36,0,1
41,63,37,0,1
41,63,38,0,1
41,63,39,0,1
41,63,40,0,1
41,63,41,0,1
41,63,42,0,1
41,63,43,0,1
41,63,44,0,1
41,63,45,0,1
41,63,46,0,1
41,63,47,0,1
41,63,48,0,1
41,63,49,0,1
41,63,50,0,1
41,63,51,0,1
41,63,52,0,1
41,63,53,0,1
41,63,54,0,1
41,63,55,0,1
41,63,56,0,1
41,63,57,0,1
41,63,58,0,1
41,63,59,0,1
41,63,60,0,1
41,63,61,0,1
41,63,62,0,1
41,63,63,0,1
41,64,0,0,1
41,64,1,0,1
41,64,2,0,1
41,64,3,0,1
41,64,4,0,1
41,64,5,0,1
41,64,6,0,1
41,64,7,0,1
41,64,8,0,1
41,64,9,0,1
41,64,10,0,1
41,64,11,0,1
41,64,12,0,1
41,64,13,0,1
41,64,14,0,1
41,64,15,0,1
41,64,16,0,1
41,64,17,0,1
41,64,18,0,1
41,64,19,0,1
41,64,20,0,1
41,64,21,0,1
41,64,22,0,1
41,64,23,0,1
41,64,24,0,1
41,64,25,0,1
41,64,26,0,1
41,64,27,0,1
41,64,28,0,1
41,64,29,0,1
41,64,30,0,1
41,64,31,0,1
41,64,32,0,1
41,64,33,0,1
41,64,34,0,1
41,64,35,0,1
41,64,36,0,1
41,64,37,0,1
41,64,38,0,1
41,64,39,0,1
41,64,40,0,1
41,64,41,0,1
41,64,42,0,1
41,64,43,0,1
41,64,44,0,1
41,64,45,0,1
41,64,46,0,1
41,64,47,0,1
41,64,48,0,1
41,64,49,0,1
41,64,50,0,1
41,64,51,0,1
41,64,52,0,1
41,64,53,0,1
41,64,54,0,1
41,64,55,0,1
41,64,56,0,1
41,64,57,0,1
41,64,58,0,1
41,64,59,0,1
41,64,60,0,1
41,64,61,0,1
41,64,62,0,1
41,64,63,0,1
41,65,0,0,1
41,65,1,0,1
41,65,2,0,1
41,65,3,0,1
41,65,4,0,1
41,65,5,0,1
41,65,6,0,1
41,65,7,0,1
41,65,8,0,1
41,65,9,0,1
41,65,10,0,1
41,65,11,0,1
41,65,12,0,1
41,65,13,0,1
41,65,14,0,1
41,65,15,0,1
41,65,16,0,1
41,65,17,0,1
41,65,18,0,1
41,65,19,0,1
41,65,20,0,1
41,65,21,0,1
41,65,22,0,1
41,65,23,0,1
41,65,24,0,1
41,65,25,0,1
41,65,26,0,1
41,65,27,0,1
41,65,28,0,1
41,65,29,0,1
41,65,30,0,1
41,65,31,0,1
41,65,32,0,1
41,65,33,0,1
41,65,34,0,1
41,65,35,0,1
41,65,36,0,1
41,65,37,0,1
41,65,38,0,1
41,65,39,0,1
41,65,40,0,1
41,65,41,0,1
41,65,42,0,1
41,65,43,0,1
41,65,44,0,1
41,65,45,0,1
41,65,46,0,1
41,65,47,0,1
41,65,48,0,1
41,65,49,0,1
41,65,50,0,1
41,65,51,0,1
41,65,52,0,1
41,65,53,0,1
41,65,54,0,1
41,65,55,0,1
41,65,56,0,1
41,65,57,0,1
41,65,58,0,1
41,65,59,0,1
41,65,60,0,1
41,65,61,0,1
41,65,62,0,1
41,65,63,0,1
41,66,0,0,1
41,66,1,0,1
41,66,2,0,1
41,66,3,0,1
41,66,4,0,1
41,66,5,0,1
41,66,6,0,1
41,66,7,0,1
41,66,8,0,1
41,66,9,0,1
41,66,10,0,1
41,66,11,0,1
41,66,12,0,1
41,66,13,0,1
41,66,14,0,1
41,66,15,0,1
41,66,16,0,1
41,66,17,0,1
41,66,18,0,1
41,66,19,0,1
41,66,20,0,1
41,66,21,0,1
41,66,22,0,1
41,66,23,0,1
41,66,24,0,1
41,66,25,0,1
41,66,26,0,1
41,66,27,0,1
41,66,28,0,1
41,66,29,0,1
41,66,30,0,1
41,66,31,0,1
41,66,32,0,1
41,66,33,0,1
41,66,34,0,1
41,66,35,0,1
41,66,36,0,1
41,66,37,0,1
41,66,38,0,1
41,66,39,0,1
41,66,40,0,1
41,66,41,0,1
41,66,42,0,1
41,66,43,0,1
41,66,44,0,1
41,66,45,0,1
41,66,46,0,1
41,66,47,0,1
41,66,48,0,1
41,66,49,0,1
41,66,50,0,1
41,66,51,0,1
41,66,52,0,1
41,66,53,0,1
41,66,54,0,1
41,66,55,0,1
41,66,56,0,1
41,66,57,0,1
41,66,58,0,1
41,66,59,0,1
41,66,60,0,1
41,66,61,0,1
41,66,62,0,1
41,66,63,0,1
41,67,0,0,1
41,67,1,0,1
41,67,2,0,1
41,67,3,0,1
41,67,4,0,1
41,67,5,0,1
41,67,6,0,1
41,67,7,0,1
41,67,8,0,1
41,67,9,0,1
41,67,10,0,1
41,67,11,0,1
41,67,12,0,1
41,67,13,0,1
41,67,14,0,1
41,67,15,0,1
41,67,16,0,1
41,67,17,0,1
41,67,18,0,1
41,67,19,0,1
41,67,20,0,1
41,67,21,0,1
41,67,22,0,1
41,67,23,0,1
41,67,24,0,1
41,67,25,0,1
41,67,26,0,1
41,67,27,0,1
41,67,28,0,1
41,67,29,0,1
41,67,30,0,1
41,67,31,0,1
41,67,32,0,1
41,67,33,0,1
41,67,34,0,1
41,67,35,0,1
41,67,36,0,1
41,67,37,0,1
41,67,38,0,1
41,67,39,0,1
41,67,40,0,1
41,67,41,0,1
41,67,42,0,1
41,67,43,0,1
41,67,44,0,1
41,67,45,0,1
41,67,46,0,1
41,67,47,0,1
41,67,48,0,1
41,67,49,0,1
41,67,50,0,1
41,67,51,0,1
41,67,52,0,1
41,67,53,0,1
41,67,54,0,1
41,67,55,0,1
41,67,56,0,1
41,67,57,0,1
41,67,58,0,1
41,67,59,0,1
41,67,60,0,1
41,67,61,0,1
41,67,62,0,1
41,67,63,0,1
41,68,0,0,1
41,68,1,0,1
41,68,2,0,1
41,68,3,0,1
41,68,4,0,1
41,68,5,0,1
41,68,6,0,1
41,68,7,0,1
41,68,8,0,1
41,68,9,0,1
41,68,10,0,1
41,68,11,0,1
41,68,12,0,1
41,68,13,0,1
41,68,14,0,1
41,68,15,0,1
41,68,16,0,1
41,68,17,0,1
41,68,18,0,1
41,68,19,0,1
41,68,20,0,1
41,68,21,0,1
41,68,22,0,1
41,68,23,0,1
41,68,24,0,1
41,68,25,0,1
41,68,26,0,1
41,68,27,0,1
41,68,28,0,1
41,68,29,0,1
41,68,30,0,1
41,68,31,0,1
41,68,32,0,1
41,68,33,0,1
41,68,34,0,1
41,68,35,0,1
41,68,36,0,1
41,68,37,0,1
41,68,38,0,1
41,68,39,0,1
41,68,40,0,1
41,68,41,0,1
41,68,42,0,1
41,68,43,0,1
41,68,44,0,1
41,68,45,0,1
41,68,46,0,1
41,68,47,0,1
41,68,48,0,1
41,68,49,0,1
41,68,50,0,1
41,68,51,0,1
41,68,52,0,1
41,68,53,0,1
41,68,54,0,1
41,68,55,0,1
41,68,56,0,1
41,68,57,0,1
41,68,58,0,1
41,68,59,0,1
41,68,60,0,1
41,68,61,0,1
41,68,62,0,1
41,68,63,0,1
41,69,0,0,1
41,69,1,0,1
41,69,2,0,1
41,69,3,0,1
41,69,4,0,1
41,69,5,0,1
41,69,6,0,1
41,69,7,0,1
41,69,8,0,1
41,69,9,0,1
41,69,10,0,1
41,69,11,0,1
41,69,12,0,1
41,69,13,0,1
41,69,14,0,1
41,69,15,0,1
41,69,16,0,1
41,69,17,0,1
41,69,18,0,1
41,69,19,0,1
41,69,20,0,1
41,69,21,0,1
41,69,22,0,1
41,69,23,0,1
41,69,24,0,1
41,69,25,0,1
41,69,26,0,1
41,69,27,0,1
41,69,28,0,1
41,69,29,0,1
41,69,30,0,1
41,69,31,0,1
41,69,32,0,1
41,69,33,0,1
41,69,34,0,1
41,69,35,0,1
41,69,36,0,1
41,69,37,0,1
41,69,38,0,1
41,69,39,0,1
41,69,40,0,1
41,69,41,0,1
41,69,42,0,1
41,69,43,0,1
41,69,44,0,1
41,69,45,0,1
41,69,46,0,1
41,69,47,0,1
41,69,48,0,1
41,69,49,0,1
41,69,50,0,1
41,69,51,0,1
41,69,52,0,1
41,69,53,0,1
41,69,54,0,1
41,69,55,0,1
41,69,56,0,1
41,69,57,0,1
41,69,58,0,1
41,69,59,0,1
41,69,60,0,1
41,69,61,0,1
41,69,62,0,1
41,69,63,0,1
41,70,0,0,1
41,70,1,0,1
41,70,2,0,1
41,70,3,0,1
41,70,4,0,1
41,70,5,0,1
41,70,6,0,1
41,70,7,0,1
41,70,8,0,1
41,70,9,0,1
41,70,10,0,1
41,70,11,0,1
41,70,12,0,1
41,70,13,0,1
41,70,14,0,1
41,70,15,0,1
41,70,16,0,1
41,70,17,0,1
41,70,18,0,1
41,70,19,0,1
41,70,20,0,1
41,70,21,0,1
41,70,22,0,1
41,70,23,0,1
41,70,24,0,1
41,70,25,0,1
41,70,26,0,1
41,70,27,0,1
41,70,28,0,1
41,70,29,0,1
41,70,30,0,1
41,70,31,0,1
41,70,32,0,1
41,70,33,0,1
41,70,34,0,1
41,70,35,0,1
41,70,36,0,1
41,70,37,0,1
41,70,38,0,1
41,70,39,0,1
41,70,40,0,1
41,70,41,0,1
41,70,42,0,1
41,70,43,0,1
41,70,44,0,1
41,70,45,0,1
41,70,46,0,1
41,70,47,0,1
41,70,48,0,1
41,70,49,0,1
41,70,50,0,1
41,70,51,0,1
41,70,52,0,1
41,70,53,0,1
41,70,54,0,1
41,70,55,0,1
41,70,56,0,1
41,70,57,0,1
41,70,58,0,1
41,70,59,0,1
41,70,60,0,1
41,70,61,0,1
41,70,62,0,1
41,70,63,0,1
41,71,0,0,1
41,71,1,0,1
41,71,2,0,1
41,71,3,0,1
41,71,4,0,1
41,71,5,0,1
41,71,6,0,1
41,71,7,0,1
41,71,8,0,1
41,71,9,0,1
41,71,10,0,1
41,71,11,0,1
41,71,12,0,1
41,71,13,0,1
41,71,14,0,1
41,71,15,0,1
41,71,16,0,1
41,71,17,0,1
41,71,18,0,1
41,71,19,0,1
41,71,20,0,1
41,71,21,0,1
41,71,22,0,1
41,71,23,0,1
41,71,24,0,1
41,71,25,0,1
41,71,26,0,1
41,71,27,0,1
41,71,28,0,1
41,71,29,0,1
41,71,30,0,1
41,71,31,0,1
41,71,32,0,1
41,71,33,0,1
41,71,34,0,1
41,71,35,0,1
41,71,36,0,1
41,71,37,0,1
41,71,38,0,1
41,71,39,0,1
41,71,40,0,1
41,71,41,0,1
41,71,42,0,1
41,71,43,0,1
41,71,44,0,1
41,71,45,0,1
41,71,46,0,1
41,71,47,0,1
41,71,48,0,1
41,71,49,0,1
41,71,50,0,1
41,71,51,0,1
41,71,52,0,1
41,71,53,0,1
41,71,54,0,1
41,71,55,0,1
41,71,56,0,1
41,71,57,0,1
41,71,58,0,1
41,71,59,0,1
41,71,60,0,1
41,71,61,0,1
41,71,62,0,1
41,71,63,0,1
41,72,0,0,1
41,72,1,0,1
41,72,2,0,1
41,72,3,0,1
41,72,4,0,1
41,72,5,0,1
41,72,6,0,1
41,72,7,0,1
41,72,8,0,1
41,72,9,0,1
41,72,10,0,1
41,72,11,0,1
41,72,12,0,1
41,72,13,0,1
41,72,14,0,1
41,72,15,0,1
41,72,16,0,1
41,72,17,0,1
41,72,18,0,1
41,72,19,0,1
41,72,20,0,1
41,72,21,0,1
41,72,22,0,1
41,72,23,0,1
41,72,24,0,1
41,72,25,0,1
41,72,26,0,1
41,72,27,0,1
41,72,28,0,1
41,72,29,0,1
41,72,30,0,1
41,72,31,0,1
41,72,32,0,1
41,72,33,0,1
41,72,34,0,1
41,72,35,0,1
41,72,36,0,1
41,72,37,0,1
41,72,38,0,1
41,72,39,0,1
41,72,40,0,1
41,72,41,0,1
41,72,42,0,1
41,72,43,0,1
41,72,44,0,1
41,72,45,0,1
41,72,46,0,1
41,72,47,0,1
41,72,48,0,1
41,72,49,0,1
41,72,50,0,1
41,72,51,0,1
41,72,52,0,1
41,72,53,0,1
41,72,54,0,1
41,72,55,0,1
41,72,56,0,1
41,72,57,0,1
41,72,58,0,1
41,72,59,0,1
41,72,60,0,1
41,72,61,0,1
41,72,62,0,1
41,72,63,0,1
41,73,0,0,1
41,73,1,0,1
41,73,2,0,1
41,73,3,0,1
41,73,4,0,1
41,73,5,0,1
41,73,6,0,1
41,73,7,0,1
41,73,8,0,1
41,73,9,0,1
41,73,10,0,1
41,73,11,0,1
41,73,12,0,1
41,73,13,0,1
41,73,14,0,1
41,73,15,0,1
41,73,16,0,1
41,73,17,0,1
41,73,18,0,1
41,73,19,0,1
41,73,20,0,1
41,73,21,0,1
41,73,22,0,1
41,73,23,0,1
41,73,24,0,1
41,73,25,0,1
41,73,26,0,1
41,73,27,0,1
41,73,28,0,1
41,73,29,0,1
41,73,30,0,1
41,73,31,0,1
41,73,32,0,1
41,73,33,0,1
41,73,34,0,1
41,73,35,0,1
41,73,36,0,1
41,73,37,0,1
41,73,38,0,1
41,73,39,0,1
41,73,40,0,1
41,73,41,0,1
41,73,42,0,1
41,73,43,0,1
41,73,44,0,1
41,73,45,0,1
41,73,46,0,1
41,73,47,0,1
41,73,48,0,1
41,73,49,0,1
41,73,50,0,1
41,73,51,0,1
41,73,52,0,1
41,73,53,0,1
41,73,54,0,1
41,73,55,0,1
41,73,56,0,1
41,73,57,0,1
41,73,58,0,1
41,73,59,0,1
41,73,60,0,1
41,73,61,0,1
41,73,62,0,1
41,73,63,0,1
41,74,0,0,1
41,74,1,0,1
41,74,2,0,1
41,74,3,0,1
41,74,4,0,1
41,74,5,0,1
41,74,6,0,1
41,74,7,0,1
41,74,8,0,1
41,74,9,0,1
41,74,10,0,1
41,74,11,0,1
41,74,12,0,1
41,74,13,0,1
41,74,14,0,1
41,74,15,0,1
41,74,16,0,1
41,74,17,0,1
41,74,18,0,1
41,74,19,0,1
41,74,20,0,1
41,74,21,0,1
41,74,22,0,1
41,74,23,0,1
41,74,24,0,1
41,74,25,0,1
41,74,26,0,1
41,74,27,0,1
41,74,28,0,1
41,74,29,0,1
41,74,30,0,1
41,74,31,0,1
41,74,32,0,1
41,74,33,0,1
41,74,34,0,1
41,74,35,0,1
41,74,36,0,1
41,74,37,0,1
41,74,38,0,1
41,74,39,0,1
41,74,40,0,1
41,74,41,0,1
41,74,42,0,1
41,74,43,0,1
41,74,44,0,1
41,74,45,0,1
41,74,46,0,1
41,74,47,0,1
41,74,48,0,1
41,74,49,0,1
41,74,50,0,1
41,74,51,0,1
41,74,52,0,1
41,74,53,0,1
41,74,54,0,1
41,74,55,0,1
41,74,56,0,1
41,74,57,0,1
41,74,58,0,1
41,74,59,0,1
41,74,60,0,1
41,74,61,0,1
41,74,62,0,1
41,74,63,0,1
41,75,0,0,1
41,75,1,0,1
41,75,2,0,1
41,75,3,0,1
41,75,4,0,1
41,75,5,0,1
41,75,6,0,1
41,75,7,0,1
41,75,8,0,1
41,75,9,0,1
41,75,10,0,1
41,75,11,0,1
41,75,12,0,1
41,75,13,0,1
41,75,14,0,1
41,75,15,0,1
41,75,16,0,1
41,75,17,0,1
41,75,18,0,1
41,75,19,0,1
41,75,20,0,1
41,75,21,0,1
41,75,22,0,1
41,75,23,0,1
41,75,24,0,1
41,75,25,0,1
41,75,26,0,1
41,75,27,0,1
41,75,28,0,1
41,75,29,0,1
41,75,30,0,1
41,75,31,0,1
41,75,32,0,1
41,75,33,0,1
41,75,34,0,1
41,75,35,0,1
41,75,36,0,1
41,75,37,0,1
41,75,38,0,1
41,75,39,0,1
41,75,40,0,1
41,75,41,0,1
41,75,42,0,1
41,75,43,0,1
41,75,44,0,1
41,75,45,0,1
41,75,46,0,1
41,75,47,0,1
41,75,48,0,1
41,75,49,0,1
41,75,50,0,1
41,75,51,0,1
41,75,52,0,1
41,75,53,0,1
41,75,54,0,1
41,75,55,0,1
41,75,56,0,1
41,75,57,0,1
41,75,58,0,1
41,75,59,0,1
41,75,60,0,1
41,75,61,0,1
41,75,62,0,1
41,75,63,0,1
41,76,0,0,1
41,76,1,0,1
41,76,2,0,1
41,76,3,0,1
41,76,4,0,1
41,76,5,0,1
41,76,6,0,1
41,76,7,0,1
41,76,8,0,1
41,76,9,0,1
41,76,10,0,1
41,76,11,0,1
41,76,12,0,1
41,76,13,0,1
41,76,14,0,1
41,76,15,0,1
41,76,16,0,1
41,76,17,0,1
41,76,18,0,1
41,76,19,0,1
41,76,20,0,1
41,76,21,0,1
41,76,22,0,1
41,76,23,0,1
41,76,24,0,1
41,76,25,0,1
41,76,26,0,1
41,76,27,0,1
41,76,28,0,1
41,76,29,0,1
41,76,30,0,1
41,76,31,0,1
41,76,32,0,1
41,76,33,0,1
41,76,34,0,1
41,76,35,0,1
41,76,36,0,1
41,76,37,0,1
41,76,38,0,1
41,76,39,0,1
41,76,40,0,1
41,76,41,0,1
41,76,42,0,1
41,76,43,0,1
41,76,44,0,1
41,76,45,0,1
41,76,46,0,1
41,76,47,0,1
41,76,48,0,1
41,76,49,0,1
41,76,50,0,1
41,76,51,0,1
41,76,52,0,1
41,76,53,0,1
41,76,54,0,1
41,76,55,0,1
41,76,56,0,1
41,76,57,0,1
41,76,58,0,1
41,76,59,0,1
41,76,60,0,1
41,76,61,0,1
41,76,62,0,1
41,76,63,0,1
41,77,0,0,1
41,77,1,0,1
41,77,2,0,1
41,77,3,0,1
41,77,4,0,1
41,77,5,0,1
41,77,6,0,1
41,77,7,0,1
41,77,8,0,1
41,77,9,0,1
41,77,10,0,1
41,77,11,0,1
41,77,12,0,1
41,77,13,0,1
41,77,14,0,1
41,77,15,0,1
41,77,16,0,1
41,77,17,0,1
41,77,18,0,1
41,77,19,0,1
41,77,20,0,1
41,77,21,0,1
41,77,22,0,1
41,77,23,0,1
41,77,24,0,1
41,77,25,0,1
41,77,26,0,1
41,77,27,0,1
41,77,28,0,1
41,77,29,0,1
41,77,30,0,1
41,77,31,0,1
41,77,32,0,1
41,77,33,0,1
41,77,34,0,1
41,77,35,0,1
41,77,36,0,1
41,77,37,0,1
41,77,38,0,1
41,77,39,0,1
41,77,40,0,1
41,77,41,0,1
41,77,42,0,1
41,77,43,0,1
41,77,44,0,1
41,77,45,0,1
41,77,46,0,1
41,77,47,0,1
41,77,48,0,1
41,77,49,0,1
41,77,50,0,1
41,77,51,0,1
41,77,52,0,1
41,77,53,0,1
41,77,54,0,1
41,77,55,0,1
41,77,56,0,1
41,77,57,0,1
41,77,58,0,1
41,77,59,0,1
41,77,60,0,1
41,77,61,0,1
41,77,62,0,1
41,77,63,0,1
41,78,0,0,1
41,78,1,0,1
41,78,2,0,1
41,78,3,0,1
41,78,4,0,1
41,78,5,0,1
41,78,6,0,1
41,78,7,0,1
41,78,8,0,1
41,78,9,0,1
41,78,10,0,1
41,78,11,0,1
41,78,12,0,1
41,78,13,0,1
41,78,14,0,1
41,78,15,0,1
41,78,16,0,1
41,78,17,0,1
41,78,18,0,1
41,78,19,0,1
41,78,20,0,1
41,78,21,0,1
41,78,22,0,1
41,78,23,0,1
41,78,24,0,1
41,78,25,0,1
41,78,26,0,1
41,78,27,0,1
41,78,28,0,1
41,78,29,0,1
41,78,30,0,1
41,78,31,0,1
41,78,32,0,1
41,78,33,0,1
41,78,34,0,1
41,78,35,0,1
41,78,36,0,1
41,78,37,0,1
41,78,38,0,1
41,78,39,0,1
41,78,40,0,1
41,78,41,0,1
41,78,42,0,1
41,78,43,0,1
41,78,44,0,1
41,78,45,0,1
41,78,46,0,1
41,78,47,0,1
41,78,48,0,1
41,78,49,0,1
41,78,50,0,1
41,78,51,0,1
41,78,52,0,1
41,78,53,0,1
41,78,54,0,1
41,78,55,0,1
41,78,56,0,1
41,78,57,0,1
41,78,58,0,1
41,78,59,0,1
41,78,60,0,1
41,78,61,0,1
41,78,62,0,1
41,78,63,0,1
41,79,0,0,1
41,79,1,0,1
41,79,2,0,1
41,79,3,0,1
41,79,4,0,1
41,79,5,0,1
41,79,6,0,1
41,79,7,0,1
41,79,8,0,1
41,79,9,0,1
41,79,10,0,1
41,79,11,0,1
41,79,12,0,1
41,79,13,0,1
41,79,14,0,1
41,79,15,0,1
41,79,16,0,1
41,79,17,0,1
41,79,18,0,1
41,79,19,0,1
41,79,20,0,1
41,79,21,0,1
41,79,22,0,1
41,79,23,0,1
41,79,24,0,1
41,79,25,0,1
41,79,26,0,1
41,79,27,0,1
41,79,28,0,1
41,79,29,0,1
41,79,30,0,1
41,79,31,0,1
41,79,32,0,1
41,79,33,0,1
41,79,34,0,1
41,79,35,0,1
41,79,36,0,1
41,79,37,0,1
41,79,38,0,1
41,79,39,0,1
41,79,40,0,1
41,79,41,0,1
41,79,42,0,1
41,79,43,0,1
41,79,44,0,1
41,79,45,0,1
41,79,46,0,1
41,79,47,0,1
41,79,48,0,1
41,79,49,0,1
41,79,50,0,1
41,79,51,0,1
41,79,52,0,1
41,79,53,0,1
41,79,54,0,1
41,79,55,0,1
41,79,56,0,1
41,79,57,0,1
41,79,58,0,1
41,79,59,0,1
41,79,60,0,1
41,79,61,0,1
41,79,62,0,1
41,79,63,0,1
41,80,0,0,1
41,80,1,0,1
41,80,2,0,1
41,80,3,0,1
41,80,4,0,1
41,80,5,0,1
41,80,6,0,1
41,80,7,0,1
41,80,8,0,1
41,80,9,0,1
41,80,10,0,1
41,80,11,0,1
41,80,12,0,1
41,80,13,0,1
41,80,14,0,1
41,80,15,0,1
41,80,16,0,1
41,80,17,0,1
41,80,18,0,1
41,80,19,0,1
41,80,20,0,1
41,80,21,0,1
41,80,22,0,1
41,80,23,0,1
41,80,24,0,1
41,80,25,0,1
41,80,26,0,1
41,80,27,0,1
41,80,28,0,1
41,80,29,0,1
41,80,30,0,1
41,80,31,0,1
41,80,32,0,1
41,80,33,0,1
41,80,34,0,1
41,80,35,0,1
41,80,36,0,1
41,80,37,0,1
41,80,38,0,1
41,80,39,0,1
41,80,40,0,1
41,80,41,0,1
41,80,42,0,1
41,80,43,0,1
41,80,44,0,1
41,80,45,0,1
41,80,46,0,1
41,80,47,0,1
41,80,48,0,1
41,80,49,0,1
41,80,50,0,1
41,80,51,0,1
41,80,52,0,1
41,80,53,0,1
41,80,54,0,1
41,80,55,0,1
41,80,56,0,1
41,80,57,0,1
41,80,58,0,1
41,80,59,0,1
41,80,60,0,1
41,80,61,0,1
41,80,62,0,1
41,80,63,0,1
41,81,0,0,1
41,81,1,0,1
41,81,2,0,1
41,81,3,0,1
41,81,4,0,1
41,81,5,0,1
41,81,6,0,1
41,81,7,0,1
41,81,8,0,1
41,81,9,0,1
41,81,10,0,1
41,81,11,0,1
41,81,12,0,1
41,81,13,0,1
41,81,14,0,1
41,81,15,0,1
41,81,16,0,1
41,81,17,0,1
41,81,18,0,1
41,81,19,0,1
41,81,20,0,1
41,81,21,0,1
41,81,22,0,1
41,81,23,0,1
41,81,24,0,1
41,81,25,0,1
41,81,26,0,1
41,81,27,0,1
41,81,28,0,1
41,81,29,0,1
41,81,30,0,1
41,81,31,0,1
41,81,32,0,1
41,81,33,0,1
41,81,34,0,1
41,81,35,0,1
41,81,36,0,1
41,81,37,0,1
41,81,38,0,1
41,81,39,0,1
41,81,40,0,1
41,81,41,0,1
41,81,42,0,1
41,81,43,0,1
41,81,44,0,1
41,81,45,0,1
41,81,46,0,1
41,81,47,0,1
41,81,48,0,1
41,81,49,0,1
41,81,50,0,1
41,81,51,0,1
41,81,52,0,1
41,81,53,0,1
41,81,54,0,1
41,81,55,0,1
41,81,56,0,1
41,81,57,0,1
41,81,58,0,1
41,81,59,0,1
41,81,60,0,1
41,81,61,0,1
41,81,62,0,1
41,81,63,0,1
41,82,0,0,1
41,82,1,0,1
41,82,2,0,1
41,82,3,0,1
41,82,4,0,1
41,82,5,0,1
41,82,6,0,1
41,82,7,0,1
41,82,8,0,1
41,82,9,0,1
41,82,10,0,1
41,82,11,0,1
41,82,12,0,1
41,82,13,0,1
41,82,14,0,1
41,82,15,0,1
41,82,16,0,1
41,82,17,0,1
41,82,18,0,1
41,82,19,0,1
41,82,20,0,1
41,82,21,0,1
41,82,22,0,1
41,82,23,0,1
41,82,24,0,1
41,82,25,0,1
41,82,26,0,1
41,82,27,0,1
41,82,28,0,1
41,82,29,0,1
41,82,30,0,1
41,82,31,0,1
41,82,32,0,1
41,82,33,0,1
41,82,34,0,1
41,82,35,0,1
41,82,36,0,1
41,82,37,0,1
41,82,38,0,1
41,82,39,0,1
41,82,40,0,1
41,82,41,0,1
41,82,42,0,1
41,82,43,0,1
41,82,44,0,1
41,82,45,0,1
41,82,46,0,1
41,82,47,0,1
41,82,48,0,1
41,82,49,0,1
41,82,50,0,1
41,82,51,0,1
41,82,52,0,1
41,82,53,0,1
41,82,54,0,1
41,82,55,0,1
41,82,56,0,1
41,82,57,0,1
41,82,58,0,1
41,82,59,0,1
41,82,60,0,1
41,82,61,0,1
41,82,62,0,1
41,82,63,0,1
41,83,0,0,1
41,83,1,0,1
41,83,2,0,1
41,83,3,0,1
41,83,4,0,1
41,83,5,0,1
41,83,6,0,1
41,83,7,0,1
41,83,8,0,1
41,83,9,0,1
41,83,10,0,1
41,83,11,0,1
41,83,12,0,1
41,83,13,0,1
41,83,14,0,1
41,83,15,0,1
41,83,16,0,1
41,83,17,0,1
41,83,18,0,1
41,83,19,0,1
41,83,20,0,1
41,83,21,0,1
41,83,22,0,1
41,83,23,0,1
41,83,24,0,1
41,83,25,0,1
41,83,26,0,1
41,83,27,0,1
41,83,28,0,1
41,83,29,0,1
41,83,30,0,1
41,83,31,0,1
41,83,32,0,1
41,83,33,0,1
41,83,34,0,1
41,83,35,0,1
41,83,36,0,1
41,83,37,0,1
41,83,38,0,1
41,83,39,0,1
41,83,40,0,1
41,83,41,0,1
41,83,42,0,1
41,83,43,0,1
41,83,44,0,1
41,83,45,0,1
41,83,46,0,1
41,83,47,0,1
41,83,48,0,1
41,83,49,0,1
41,83,50,0,1
41,83,51,0,1
41,83,52,0,1
41,83,53,0,1
41,83,54,0,1
41,83,55,0,1
41,83,56,0,1
41,83,57,0,1
41,83,58,0,1
41,83,59,0,1
41,83,60,0,1
41,83,61,0,1
41,83,62,0,1
41,83,63,0,1
41,84,0,0,1
41,84,1,0,1
41,84,2,0,1
41,84,3,0,1
41,84,4,0,1
41,84,5,0,1
41,84,6,0,1
41,84,7,0,1
41,84,8,0,1
41,84,9,0,1
41,84,10,0,1
41,84,11,0,1
41,84,12,0,1
41,84,13,0,1
41,84,14,0,1
41,84,15,0,1
41,84,16,0,1
41,84,17,0,1
41,84,18,0,1
41,84,19,0,1
41,84,20,0,1
41,84,21,0,1
41,84,22,0,1
41,84,23,0,1
41,84,24,0,1
41,84,25,0,1
41,84,26,0,1
41,84,27,0,1
41,84,28,0,1
41,84,29,0,1
41,84,30,0,1
41,84,31,0,1
41,84,32,0,1
41,84,33,0,1
41,84,34,0,1
41,84,35,0,1
41,84,36,0,1
41,84,37,0,1
41,84,38,0,1
41,84,39,0,1
41,84,40,0,1
41,84,41,0,1
41,84,42,0,1
41,84,43,0,1
41,84,44,0,1
41,84,45,0,1
41,84,46,0,1
41,84,47,0,1
41,84,48,0,1
41,84,49,0,1
41,84,50,0,1
41,84,51,0,1
41,84,52,0,1
41,84,53,0,1
41,84,54,0,1
41,84,55,0,1
41,84,56,0,1
41,84,57,0,1
41,84,58,0,1
41,84,59,0,1
41,84,60,0,1
41,84,61,0,1
41,84,62,0,1
41,84,63,0,1
41,85,0,0,1
41,85,1,0,1
41,85,2,0,1
41,85,3,0,1
41,85,4,0,1
41,85,5,0,1
41,85,6,0,1
41,85,7,0,1
41,85,8,0,1
41,85,9,0,1
41,85,10,0,1
41,85,11,0,1
41,85,12,0,1
41,85,13,0,1
41,85,14,0,1
41,85,15,0,1
41,85,16,0,1
41,85,17,0,1
41,85,18,0,1
41,85,19,0,1
41,85,20,0,1
41,85,21,0,1
41,85,22,0,1
41,85,23,0,1
41,85,24,0,1
41,85,25,0,1
41,85,26,0,1
41,85,27,0,1
41,85,28,0,1
41,85,29,0,1
41,85,30,0,1
41,85,31,0,1
41,85,32,0,1
41,85,33,0,1
41,85,34,0,1
41,85,35,0,1
41,85,36,0,1
41,85,37,0,1
41,85,38,0,1
41,85,39,0,1
41,85,40,0,1
41,85,41,0,1
41,85,42,0,1
41,85,43,0,1
41,85,44,0,1
41,85,45,0,1
41,85,46,0,1
41,85,47,0,1
41,85,48,0,1
41,85,49,0,1
41,85,50,0,1
41,85,51,0,1
41,85,52,0,1
41,85,53,0,1
41,85,54,0,1
41,85,55,0,1
41,85,56,0,1
41,85,57,0,1
41,85,58,0,1
41,85,59,0,1
41,85,60,0,1
41,85,61,0,1
41,85,62,0,1
41,85,63,0,1
41,86,0,0,1
41,86,1,0,1
41,86,2,0,1
41,86,3,0,1
41,86,4,0,1
41,86,5,0,1
41,86,6,0,1
41,86,7,0,1
41,86,8,0,1
41,86,9,0,1
41,86,10,0,1
41,86,11,0,1
41,86,12,0,1
41,86,13,0,1
41,86,14,0,1
41,86,15,0,1
41,86,16,0,1
41,86,17,0,1
41,86,18,0,1
41,86,19,0,1
41,86,20,0,1
41,86,21,0,1
41,86,22,0,1
41,86,23,0,1
41,86,24,0,1
41,86,25,0,1
41,86,26,0,1
41,86,27,0,1
41,86,28,0,1
41,86,29,0,1
41,86,30,0,1
41,86,31,0,1
41,86,32,0,1
41,86,33,0,1
41,86,34,0,1
41,86,35,0,1
41,86,36,0,1
41,86,37,0,1
41,86,38,0,1
41,86,39,0,1
41,86,40,0,1
41,86,41,0,1
41,86,42,0,1
41,86,43,0,1
41,86,44,0,1
41,86,45,0,1
41,86,46,0,1
41,86,47,0,1
41,86,48,0,1
41,86,49,0,1
41,86,50,0,1
41,86,51,0,1
41,86,52,0,1
41,86,53,0,1
41,86,54,0,1
41,86,55,0,1
41,86,56,0,1
41,86,57,0,1
41,86,58,0,1
41,86,59,0,1
41,86,60,0,1
41,86,61,0,1
41,86,62,0,1
41,86,63,0,1
41,87,0,0,1
41,87,1,0,1
41,87,2,0,1
41,87,3,0,1
41,87,4,0,1
41,87,5,0,1
41,87,6,0,1
41,87,7,0,1
41,87,8,0,1
41,87,9,0,1
41,87,10,0,1
41,87,11,0,1
41,87,12,0,1
41,87,13,0,1
41,87,14,0,1
41,87,15,0,1
41,87,16,0,1
41,87,17,0,1
41,87,18,0,1
41,87,19,0,1
41,87,20,0,1
41,87,21,0,1
41,87,22,0,1
41,87,23,0,1
41,87,24,0,1
41,87,25,0,1
41,87,26,0,1
41,87,27,0,1
41,87,28,0,1
41,87,29,0,1
41,87,30,0,1
41,87,31,0,1
41,87,32,0,1
41,87,33,0,1
41,87,34,0,1
41,87,35,0,1
41,87,36,0,1
41,87,37,0,1
41,87,38,0,1
41,87,39,0,1
41,87,40,0,1
41,87,41,0,1
41,87,42,0,1
41,87,43,0,1
41,87,44,0,1
41,87,45,0,1
41,87,46,0,1
41,87,47,0,1
41,87,48,0,1
41,87,49,0,1
41,87,50,0,1
41,87,51,0,1
41,87,52,0,1
41,87,53,0,1
41,87,54,0,1
41,87,55,0,1
41,87,56,0,1
41,87,57,0,1
41,87,58,0,1
41,87,59,0,1
41,87,60,0,1
41,87,61,0,1
41,87,62,0,1
41,87,63,0,1
41,88,0,0,1
41,88,1,0,1
41,88,2,0,1
41,88,3,0,1
41,88,4,0,1
41,88,5,0,1
41,88,6,0,1
41,88,7,0,1
41,88,8,0,1
41,88,9,0,1
41,88,10,0,1
41,88,11,0,1
41,88,12,0,1
41,88,13,0,1
41,88,14,0,1
41,88,15,0,1
41,88,16,0,1
41,88,17,0,1
41,88,18,0,1
41,88,19,0,1
41,88,20,0,1
41,88,21,0,1
41,88,22,0,1
41,88,23,0,1
41,88,24,0,1
41,88,25,0,1
41,88,26,0,1
41,88,27,0,1
41,88,28,0,1
41,88,29,0,1
41,88,30,0,1
41,88,31,0,1
41,88,32,0,1
41,88,33,0,1
41,88,34,0,1
41,88,35,0,1
41,88,36,0,1
41,88,37,0,1
41,88,38,0,1
41,88,39,0,1
41,88,40,0,1
41,88,41,0,1
41,88,42,0,1
41,88,43,0,1
41,88,44,0,1
41,88,45,0,1
41,88,46,0,1
41,88,47,0,1
41,88,48,0,1
41,88,49,0,1
41,88,50,0,1
41,88,51,0,1
41,88,52,0,1
41,88,53,0,1
41,88,54,0,1
41,88,55,0,1
41,88,56,0,1
41,88,57,0,1
41,88,58,0,1
41,88,59,0,1
41,88,60,0,1
41,88,61,0,1
41,88,62,0,1
41,88,63,0,1
41,89,0,0,1
41,89,1,0,1
41,89,2,0,1
41,89,3,0,1
41,89,4,0,1
41,89,5,0,1
41,89,6,0,1
41,89,7,0,1
41,89,8,0,1
41,89,9,0,1
41,89,10,0,1
41,89,11,0,1
41,89,12,0,1
41,89,13,0,1
41,89,14,0,1
41,89,15,0,1
41,89,16,0,1
41,89,17,0,1
41,89,18,0,1
41,89,19,0,1
41,89,20,0,1
41,89,21,0,1
41,89,22,0,1
41,89,23,0,1
41,89,24,0,1
41,89,25,0,1
41,89,26,0,1
41,89,27,0,1
41,89,28,0,1
41,89,29,0,1
41,89,30,0,1
41,89,31,0,1
41,89,32,0,1
41,89,33,0,1
41,89,34,0,1
41,89,35,0,1
41,89,36,0,1
41,89,37,0,1
41,89,38,0,1
41,89,39,0,1
41,89,40,0,1
41,89,41,0,1
41,89,42,0,1
41,89,43,0,1
41,89,44,0,1
41,89,45,0,1
41,89,46,0,1
41,89,47,0,1
41,89,48,0,1
41,89,49,0,1
41,89,50,0,1
41,89,51,0,1
41,89,52,0,1
41,89,53,0,1
41,89,54,0,1
41,89,55,0,1
41,89,56,0,1
41,89,57,0,1
41,89,58,0,1
41,89,59,0,1
41,89,60,0,1
41,89,61,0,1
41,89,62,0,1
41,89,63,0,1
41,90,0,0,1
41,90,1,0,1
41,90,2,0,1
41,90,3,0,1
41,90,4,0,1
41,90,5,0,1
41,90,6,0,1
41,90,7,0,1
41,90,8,0,1
41,90,9,0,1
41,90,10,0,1
41,90,11,0,1
41,90,12,0,1
41,90,13,0,1
41,90,14,0,1
41,90,15,0,1
41,90,16,0,1
41,90,17,0,1
41,90,18,0,1
41,90,19,0,1
41,90,20,0,1
41,90,21,0,1
41,90,22,0,1
41,90,23,0,1
41,90,24,0,1
41,90,25,0,1
41,90,26,0,1
41,90,27,0,1
41,90,28,0,1
41,90,29,0,1
41,90,30,0,1
41,90,31,0,1
41,90,32,0,1
41,90,33,0,1
41,90,34,0,1
41,90,35,0,1
41,90,36,0,1
41,90,37,0,1
41,90,38,0,1
41,90,39,0,1
41,90,40,0,1
41,90,41,0,1
41,90,42,0,1
41,90,43,0,1
41,90,44,0,1
41,90,45,0,1
41,90,46,0,1
41,90,47,0,1
41,90,48,0,1
41,90,49,0,1
41,90,50,0,1
41,90,51,0,1
41,90,52,0,1
41,90,53,0,1
41,90,54,0,1
41,90,55,0,1
41,90,56,0,1
41,90,57,0,1
41,90,58,0,1
41,90,59,0,1
41,90,60,0,1
41,90,61,0,1
41,90,62,0,1
41,90,63,0,1
41,91,0,0,1
41,91,1,0,1
41,91,2,0,1
41,91,3,0,1
41,91,4,0,1
41,91,5,0,1
41,91,6,0,1
41,91,7,0,1
41,91,8,0,1
41,91,9,0,1
41,91,10,0,1
41,91,11,0,1
41,91,12,0,1
41,91,13,0,1
41,91,14,0,1
41,91,15,0,1
41,91,16,0,1
41,91,17,0,1
41,91,18,0,1
41,91,19,0,1
41,91,20,0,1
41,91,21,0,1
41,91,22,0,1
41,91,23,0,1
41,91,24,0,1
41,91,25,0,1
41,91,26,0,1
41,91,27,0,1
41,91,28,0,1
41,91,29,0,1
41,91,30,0,1
41,91,31,0,1
41,91,32,0,1
41,91,33,0,1
41,91,34,0,1
41,91,35,0,1
41,91,36,0,1
41,91,37,0,1
41,91,38,0,1
41,91,39,0,1
41,91,40,0,1
41,91,41,0,1
41,91,42,0,1
41,91,43,0,1
41,91,44,0,1
41,91,45,0,1
41,91,46,0,1
41,91,47,0,1
41,91,48,0,1
41,91,49,0,1
41,91,50,0,1
41,91,51,0,1
41,91,52,0,1
41,91,53,0,1
41,91,54,0,1
41,91,55,0,1
41,91,56,0,1
41,91,57,0,1
41,91,58,0,1
41,91,59,0,1
41,91,60,0,1
41,91,61,0,1
41,91,62,0,1
41,91,63,0,1
41,92,0,0,1
41,92,1,0,1
41,92,2,0,1
41,92,3,0,1
41,92,4,0,1
41,92,5,0,1
41,92,6,0,1
41,92,7,0,1
41,92,8,0,1
41,92,9,0,1
41,92,10,0,1
41,92,11,0,1
41,92,12,0,1
41,92,13,0,1
41,92,14,0,1
41,92,15,0,1
41,92,16,0,1
41,92,17,0,1
41,92,18,0,1
41,92,19,0,1
41,92,20,0,1
41,92,21,0,1
41,92,22,0,1
41,92,23,0,1
41,92,24,0,1
41,92,25,0,1
41,92,26,0,1
41,92,27,0,1
41,92,28,0,1
41,92,29,0,1
41,92,30,0,1
41,92,31,0,1
41,92,32,0,1
41,92,33,0,1
41,92,34,0,1
41,92,35,0,1
41,92,36,0,1
41,92,37,0,1
41,92,38,0,1
41,92,39,0,1
41,92,40,0,1
41,92,41,0,1
41,92,42,0,1
41,92,43,0,1
41,92,44,0,1
41,92,45,0,1
41,92,46,0,1
41,92,47,0,1
41,92,48,0,1
41,92,49,0,1
41,92,50,0,1
41,92,51,0,1
41,92,52,0,1
41,92,53,0,1
41,92,54,0,1
41,92,55,0,1
41,92,56,0,1
41,92,57,0,1
41,92,58,0,1
41,92,59,0,1
41,92,60,0,1
41,92,61,0,1
41,92,62,0,1
41,92,63,0,1
41,93,0,0,1
41,93,1,0,1
41,93,2,0,1
41,93,3,0,1
41,93,4,0,1
41,93,5,0,1
41,93,6,0,1
41,93,7,0,1
41,93,8,0,1
41,93,9,0,1
41,93,10,0,1
41,93,11,0,1
41,93,12,0,1
41,93,13,0,1
41,93,14,0,1
41,93,15,0,1
41,93,16,0,1
41,93,17,0,1
41,93,18,0,1
41,93,19,0,1
41,93,20,0,1
41,93,21,0,1
41,93,22,0,1
41,93,23,0,1
41,93,24,0,1
41,93,25,0,1
41,93,26,0,1
41,93,27,0,1
41,93,28,0,1
41,93,29,0,1
41,93,30,0,1
41,93,31,0,1
41,93,32,0,1
41,93,33,0,1
41,93,34,0,1
41,93,35,0,1
41,93,36,0,1
41,93,37,0,1
41,93,38,0,1
41,93,39,0,1
41,93,40,0,1
41,93,41,0,1
41,93,42,0,1
41,93,43,0,1
41,93,44,0,1
41,93,45,0,1
41,93,46,0,1
41,93,47,0,1
41,93,48,0,1
41,93,49,0,1
41,93,50,0,1
41,93,51,0,1
41,93,52,0,1
41,93,53,0,1
41,93,54,0,1
41,93,55,0,1
41,93,56,0,1
41,93,57,0,1
41,93,58,0,1
41,93,59,0,1
41,93,60,0,1
41,93,61,0,1
41,93,62,0,1
41,93,63,0,1
41,94,0,0,1
41,94,1,0,1
41,94,2,0,1
41,94,3,0,1
41,94,4,0,1
41,94,5,0,1
41,94,6,0,1
41,94,7,0,1
41,94,8,0,1
41,94,9,0,1
41,94,10,0,1
41,94,11,0,1
41,94,12,0,1
41,94,13,0,1
41,94,14,0,1
41,94,15,0,1
41,94,16,0,1
41,94,17,0,1
41,94,18,0,1
41,94,19,0,1
41,94,20,0,1
41,94,21,0,1
41,94,22,0,1
41,94,23,0,1
41,94,24,0,1
41,94,25,0,1
41,94,26,0,1
41,94,27,0,1
41,94,28,0,1
41,94,29,0,1
41,94,30,0,1
41,94,31,0,1
41,94,32,0,1
41,94,33,0,1
41,94,34,0,1
41,94,35,0,1
41,94,36,0,1
41,94,37,0,1
41,94,38,0,1
41,94,39,0,1
41,94,40,0,1
41,94,41,0,1
41,94,42,0,1
41,94,43,0,1
41,94,44,0,1
41,94,45,0,1
41,94,46,0,1
41,94,47,0,1
41,94,48,0,1
41,94,49,0,1
41,94,50,0,1
41,94,51,0,1
41,94,52,0,1
41,94,53,0,1
41,94,54,0,1
41,94,55,0,1
41,94,56,0,1
41,94,57,0,1
41,94,58,0,1
41,94,59,0,1
41,94,60,0,1
41,94,61,0,1
41,94,62,0,1
41,94,63,0,1
41,95,0,0,1
41,95,1,0,1
41,95,2,0,1
41,95,3,0,1
41,95,4,0,1
41,95,5,0,1
41,95,6,0,1
41,95,7,0,1
41,95,8,0,1
41,95,9,0,1
41,95,10,0,1
41,95,11,0,1
41,95,12,0,1
41,95,13,0,1
41,95,14,0,1
41,95,15,0,1
41,95,16,0,1
41,95,17,0,1
41,95,18,0,1
41,95,19,0,1
41,95,20,0,1
41,95,21,0,1
41,95,22,0,1
41,95,23,0,1
41,95,24,0,1
41,95,25,0,1
41,95,26,0,1
41,95,27,0,1
41,95,28,0,1
41,95,29,0,1
41,95,30,0,1
41,95,31,0,1
41,95,32,0,1
41,95,33,0,1
41,95,34,0,1
41,95,35,0,1
41,95,36,0,1
41,95,37,0,1
41,95,38,0,1
41,95,39,0,1
41,95,40,0,1
41,95,41,0,1
41,95,42,0,1
41,95,43,0,1
41,95,44,0,1
41,95,45,0,1
41,95,46,0,1
41,95,47,0,1
41,95,48,0,1
41,95,49,0,1
41,95,50,0,1
41,95,51,0,1
41,95,52,0,1
41,95,53,0,1
41,95,54,0,1
41,95,55,0,1
41,95,56,0,1
41,95,57,0,1
41,95,58,0,1
41,95,59,0,1
41,95,60,0,1
41,95,61,0,1
41,95,62,0,1
41,95,63,0,1
41,96,0,0,1
41,96,1,0,1
41,96,2,0,1
41,96,3,0,1
41,96,4,0,1
41,96,5,0,1
41,96,6,0,1
41,96,7,0,1
41,96,8,0,1
41,96,9,0,1
41,96,10,0,1
41,96,11,0,1
41,96,12,0,1
41,96,13,0,1
41,96,14,0,1
41,96,15,0,1
41,96,16,0,1
41,96,17,0,1
41,96,18,0,1
41,96,19,0,1
41,96,20,0,1
41,96,21,0,1
41,96,22,0,1
41,96,23,0,1
41,96,24,0,1
41,96,25,0,1
41,96,26,0,1
41,96,27,0,1
41,96,28,0,1
41,96,29,0,1
41,96,30,0,1
41,96,31,0,1
41,96,32,0,1
41,96,33,0,1
41,96,34,0,1
41,96,35,0,1
41,96,36,0,1
41,96,37,0,1
41,96,38,0,1
41,96,39,0,1
41,96,40,0,1
41,96,41,0,1
41,96,42,0,1
41,96,43,0,1
41,96,44,0,1
41,96,45,0,1
41,96,46,0,1
41,96,47,0,1
41,96,48,0,1
41,96,49,0,1
41,96,50,0,1
41,96,51,0,1
41,96,52,0,1
41,96,53,0,1
41,96,54,0,1
41,96,55,0,1
41,96,56,0,1
41,96,57,0,1
41,96,58,0,1
41,96,59,0,1
41,96,60,0,1
41,96,61,0,1
41,96,62,0,1
41,96,63,0,1
41,97,0,0,1
41,97,1,0,1
41,97,2,0,1
41,97,3,0,1
41,97,4,0,1
41,97,5,0,1
41,97,6,0,1
41,97,7,0,1
41,97,8,0,1
41,97,9,0,1
41,97,10,0,1
41,97,11,0,1
41,97,12,0,1
41,97,13,0,1
41,97,14,0,1
41,97,15,0,1
41,97,16,0,1
41,97,17,0,1
41,97,18,0,1
41,97,19,0,1
41,97,20,0,1
41,97,21,0,1
41,97,22,0,1
41,97,23,0,1
41,97,24,0,1
41,97,25,0,1
41,97,26,0,1
41,97,27,0,1
41,97,28,0,1
41,97,29,0,1
41,97,30,0,1
41,97,31,0,1
41,97,32,0,1
41,97,33,0,1
41,97,34,0,1
41,97,35,0,1
41,97,36,0,1
41,97,37,0,1
41,97,38,0,1
41,97,39,0,1
41,97,40,0,1
41,97,41,0,1
41,97,42,0,1
41,97,43,0,1
41,97,44,0,1
41,97,45,0,1
41,97,46,0,1
41,97,47,0,1
41,97,48,0,1
41,97,49,0,1
41,97,50,0,1
41,97,51,0,1
41,97,52,0,1
41,97,53,0,1
41,97,54,0,1
41,97,55,0,1
41,97,56,0,1
41,97,57,0,1
41,97,58,0,1
41,97,59,0,1
41,97,60,0,1
41,97,61,0,1
41,97,62,0,1
41,97,63,0,1
41,98,0,0,1
41,98,1,0,1
41,98,2,0,1
41,98,3,0,1
41,98,4,0,1
41,98,5,0,1
41,98,6,0,1
41,98,7,0,1
41,98,8,0,1
41,98,9,0,1
41,98,10,0,1
41,98,11,0,1
41,98,12,0,1
41,98,13,0,1
41,98,14,0,1
41,98,15,0,1
41,98,16,0,1
41,98,17,0,1
41,98,18,0,1
41,98,19,0,1
41,98,20,0,1
41,98,21,0,1
41,98,22,0,1
41,98,23,0,1
41,98,24,0,1
41,98,25,0,1
41,98,26,0,1
41,98,27,0,1
41,98,28,0,1
41,98,29,0,1
41,98,30,0,1
41,98,31,0,1
41,98,32,0,1
41,98,33,0,1
41,98,34,0,1
41,98,35,0,1
41,98,36,0,1
41,98,37,0,1
41,98,38,0,1
41,98,39,0,1
41,98,40,0,1
41,98,41,0,1
41,98,42,0,1
41,98,43,0,1
41,98,44,0,1
41,98,45,0,1
41,98,46,0,1
41,98,47,0,1
41,98,48,0,1
41,98,49,0,1
41,98,50,0,1
41,98,51,0,1
41,98,52,0,1
41,98,53,0,1
41,98,54,0,1
41,98,55,0,1
41,98,56,0,1
41,98,57,0,1
41,98,58,0,1
41,98,59,0,1
41,98,60,0,1
41,98,61,0,1
41,98,62,0,1
41,98,63,0,1
41,99,0,0,1
41,99,1,0,1
41,99,2,0,1
41,99,3,0,1
41,99,4,0,1
41,99,5,0,1
41,99,6,0,1
41,99,7,0,1
41,99,8,0,1
41,99,9,0,1
41,99,10,0,1
41,99,11,0,1
41,99,12,0,1
41,99,13,0,1
41,99,14,0,1
41,99,15,0,1
41,99,16,0,1
41,99,17,0,1
41,99,18,0,1
41,99,19,0,1
41,99,20,0,1
41,99,21,0,1
41,99,22,0,1
41,99,23,0,1
41,99,24,0,1
41,99,25,0,1
41,99,26,0,1
41,99,27,0,1
41,99,28,0,1
41,99,29,0,1
41,99,30,0,1
41,99,31,0,1
41,99,32,0,1
41,99,33,0,1
41,99,34,0,1
41,99,35,0,1
41,99,36,0,1
41,99,37,0,1
41,99,38,0,1
41,99,39,0,1
41,99,40,0,1
41,99,41,0,1
41,99,42,0,1
41,99,43,0,1
41,99,44,0,1
41,99,45,0,1
41,99,46,0,1
41,99,47,0,1
41,99,48,0,1
41,99,49,0,1
41,99,50,0,1
41,99,51,0,1
41,99,52,0,1
41,99,53,0,1
41,99,54,0,1
41,99,55,0,1
41,99,56,0,1
41,99,57,0,1
41,99,58,0,1
41,99,59,0,1
41,99,60,0,1
41,99,61,0,1
41,99,62,0,1
41,99,63,0,1
41,100,0,0,1
41,100,1,0,1
41,100,2,0,1
41,100,3,0,1
41,100,4,0,1
41,100,5,0,1
41,100,6,0,1
41,100,7,0,1
41,100,8,0,1
41,100,9,0,1
41,100,10,0,1
41,100,11,0,1
41,100,12,0,1
41,100,13,0,1
41,100,14,0,1
41,100,15,0,1
41,100,16,0,1
41,100,17,0,1
41,100,18,0,1
41,100,19,0,1
41,100,20,0,1
41,100,21,0,1
41,100,22,0,1
41,100,23,0,1
41,100,24,0,1
41,100,25,0,1
41,100,26,0,1
41,100,27,0,1
41,100,28,0,1
41,100,29,0,1
41,100,30,0,1
41,100,31,0,1
41,100,32,0,1
41,100,33,0,1
41,100,34,0,1
41,100,35,0,1
41,100,36,0,1
41,100,37,0,1
41,100,38,0,1
41,100,39,0,1
41,100,40,0,1
41,100,41,0,1
41,100,42,0,1
41,100,43,0,1
41,100,44,0,1
41,100,45,0,1
41,100,46,0,1
41,100,47,0,1
41,100,48,0,1
41,100,49,0,1
41,100,50,0,1
41,100,51,0,1
41,100,52,0,1
41,100,53,0,1
41,100,54,0,1
41,100,55,0,1
41,100,56,0,1
41,100,57,0,1
41,100,58,0,1
41,100,59,0,1
41,100,60,0,1
41,100,61,0,1
41,100,62,0,1
41,100,63,0,1
50,1,0,0,1
50,1,1,0,1
50,1,2,0,1
50,1,3,0,1
50,1,4,0,1
50,1,5,0,1
50,1,6,0,1
50,1,7,0,1
50,1,8,0,1
50,1,9,0,1
50,1,10,0,1
50,1,11,0,1
50,1,12,0,1
50,1,13,0,1
50,1,14,0,1
50,1,15,0,1
50,1,16,0,1
50,1,17,0,1
50,1,18,0,1
50,1,19,0,1
50,1,20,0,1
50,1,21,0,1
50,1,22,0,1
50,1,23,0,1
50,1,24,0,1
50,1,25,0,1
50,1,26,0,1
50,1,27,0,1
50,1,28,0,1
50,1,29,0,1
50,1,30,0,1
50,1,31,0,1
50,1,32,0,1
50,1,33,0,1
50,1,34,0,1
50,1,35,0,1
50,1,36,0,1
50,1,37,0,1
50,1,38,0,1
50,1,39,0,1
50,1,40,0,1
50,1,41,0,1
50,1,42,0,1
50,1,43,0,1
50,1,44,0,1
50,1,45,0,1
50,1,46,0,1
50,1,47,0,1
50,1,48,0,1
50,1,49,0,1
50,1,50,0,1
50,1,51,0,1
50,1,52,0,1
50,1,53,0,1
50,1,54,0,1
50,1,55,0,1
50,1,56,0,1
50,1,57,0,1
50,1,58,0,1
50,1,59,0,1
50,1,60,0,1
50,1,61,0,1
50,1,62,0,1
50,1,63,0,1
50,2,0,0,1
50,2,1,0,1
50,2,2,0,1
50,2,3,0,1
50,2,4,0,1
50,2,5,0,1
50,2,6,0,1
50,2,7,0,1
50,2,8,0,1
50,2,9,0,1
50,2,10,0,1
50,2,11,0,1
50,2,12,0,1
50,2,13,0,1
50,2,14,0,1
50,2,15,0,1
50,2,16,0,1
50,2,17,0,1
50,2,18,0,1
50,2,19,0,1
50,2,20,0,1
50,2,21,0,1
50,2,22,0,1
50,2,23,0,1
50,2,24,0,1
50,2,25,0,1
50,2,26,0,1
50,2,27,0,1
50,2,28,0,1
50,2,29,0,1
50,2,30,0,1
50,2,31,0,1
50,2,32,0,1
50,2,33,0,1
50,2,34,0,1
50,2,35,0,1
50,2,36,0,1
50,2,37,0,1
50,2,38,0,1
50,2,39,0,1
50,2,40,0,1
50,2,41,0,1
50,2,42,0,1
50,2,43,0,1
50,2,44,0,1
50,2,45,0,1
50,2,46,0,1
50,2,47,0,1
50,2,48,0,1
50,2,49,0,1
50,2,50,0,1
50,2,51,0,1
50,2,52,0,1
50,2,53,0,1
50,2,54,0,1
50,2,55,0,1
50,2,56,0,1
50,2,57,0,1
50,2,58,0,1
50,2,59,0,1
50,2,60,0,1
50,2,61,0,1
50,2,62,0,1
50,2,63,0,1
50,3,0,0,1
50,3,1,0,1
50,3,2,0,1
50,3,3,0,1
50,3,4,0,1
50,3,5,0,1
50,3,6,0,1
50,3,7,0,1
50,3,8,0,1
50,3,9,0,1
50,3,10,0,1
50,3,11,0,1
50,3,12,0,1
50,3,13,0,1
50,3,14,0,1
50,3,15,0,1
50,3,16,0,1
50,3,17,0,1
50,3,18,0,1
50,3,19,0,1
50,3,20,0,1
50,3,21,0,1
50,3,22,0,1
50,3,23,0,1
50,3,24,0,1
50,3,25,0,1
50,3,26,0,1
50,3,27,0,1
50,3,28,0,1
50,3,29,0,1
50,3,30,0,1
50,3,31,0,1
50,3,32,0,1
50,3,33,0,1
50,3,34,0,1
50,3,35,0,1
50,3,36,0,1
50,3,37,0,1
50,3,38,0,1
50,3,39,0,1
50,3,40,0,1
50,3,41,0,1
50,3,42,0,1
50,3,43,0,1
50,3,44,0,1
50,3,45,0,1
50,3,46,0,1
50,3,47,0,1
50,3,48,0,1
50,3,49,0,1
50,3,50,0,1
50,3,51,0,1
50,3,52,0,1
50,3,53,0,1
50,3,54,0,1
50,3,55,0,1
50,3,56,0,1
50,3,57,0,1
50,3,58,0,1
50,3,59,0,1
50,3,60,0,1
50,3,61,0,1
50,3,62,0,1
50,3,63,0,1
50,4,0,0,1
50,4,1,0,1
50,4,2,0,1
50,4,3,0,1
50,4,4,0,1
50,4,5,0,1
50,4,6,0,1
50,4,7,0,1
50,4,8,0,1
50,4,9,0,1
50,4,10,0,1
50,4,11,0,1
50,4,12,0,1
50,4,13,0,1
50,4,14,0,1
50,4,15,0,1
50,4,16,0,1
50,4,17,0,1
50,4,18,0,1
50,4,19,0,1
50,4,20,0,1
50,4,21,0,1
50,4,22,0,1
50,4,23,0,1
50,4,24,0,1
50,4,25,0,1
50,4,26,0,1
50,4,27,0,1
50,4,28,0,1
50,4,29,0,1
50,4,30,0,1
50,4,31,0,1
50,4,32,0,1
50,4,33,0,1
50,4,34,0,1
50,4,35,0,1
50,4,36,0,1
50,4,37,0,1
50,4,38,0,1
50,4,39,0,1
50,4,40,0,1
50,4,41,0,1
50,4,42,0,1
50,4,43,0,1
50,4,44,0,1
50,4,45,0,1
50,4,46,0,1
50,4,47,0,1
50,4,48,0,1
50,4,49,0,1
50,4,50,0,1
50,4,51,0,1
50,4,52,0,1
50,4,53,0,1
50,4,54,0,1
50,4,55,0,1
50,4,56,0,1
50,4,57,0,1
50,4,58,0,1
50,4,59,0,1
50,4,60,0,1
50,4,61,0,1
50,4,62,0,1
50,4,63,0,1
50,5,0,0,1
50,5,1,0,1
50,5,2,0,1
50,5,3,0,1
50,5,4,0,1
50,5,5,0,1
50,5,6,0,1
50,5,7,0,1
50,5,8,0,1
50,5,9,0,1
50,5,10,0,1
50,5,11,0,1
50,5,12,0,1
50,5,13,0,1
50,5,14,0,1
50,5,15,0,1
50,5,16,0,1
50,5,17,0,1
50,5,18,0,1
50,5,19,0,1
50,5,20,0,1
50,5,21,0,1
50,5,22,0,1
50,5,23,0,1
50,5,24,0,1
50,5,25,0,1
50,5,26,0,1
50,5,27,0,1
50,5,28,0,1
50,5,29,0,1
50,5,30,0,1
50,5,31,0,1
50,5,32,0,1
50,5,33,0,1
50,5,34,0,1
50,5,35,0,1
50,5,36,0,1
50,5,37,0,1
50,5,38,0,1
50,5,39,0,1
50,5,40,0,1
50,5,41,0,1
50,5,42,0,1
50,5,43,0,1
50,5,44,0,1
50,5,45,0,1
50,5,46,0,1
50,5,47,0,1
50,5,48,0,1
50,5,49,0,1
50,5,50,0,1
50,5,51,0,1
50,5,52,0,1
50,5,53,0,1
50,5,54,0,1
50,5,55,0,1
50,5,56,0,1
50,5,57,0,1
50,5,58,0,1
50,5,59,0,1
50,5,60,0,1
50,5,61,0,1
50,5,62,0,1
50,5,63,0,1
50,6,0,0,1
50,6,1,0,1
50,6,2,0,1
50,6,3,0,1
50,6,4,0,1
50,6,5,0,1
50,6,6,0,1
50,6,7,0,1
50,6,8,0,1
50,6,9,0,1
50,6,10,0,1
50,6,11,0,1
50,6,12,0,1
50,6,13,0,1
50,6,14,0,1
50,6,15,0,1
50,6,16,0,1
50,6,17,0,1
50,6,18,0,1
50,6,19,0,1
50,6,20,0,1
50,6,21,0,1
50,6,22,0,1
50,6,23,0,1
50,6,24,0,1
50,6,25,0,1
50,6,26,0,1
50,6,27,0,1
50,6,28,0,1
50,6,29,0,1
50,6,30,0,1
50,6,31,0,1
50,6,32,0,1
50,6,33,0,1
50,6,34,0,1
50,6,35,0,1
50,6,36,0,1
50,6,37,0,1
50,6,38,0,1
50,6,39,0,1
50,6,40,0,1
50,6,41,0,1
50,6,42,0,1
50,6,43,0,1
50,6,44,0,1
50,6,45,0,1
50,6,46,0,1
50,6,47,0,1
50,6,48,0,1
50,6,49,0,1
50,6,50,0,1
50,6,51,0,1
50,6,52,0,1
50,6,53,0,1
50,6,54,0,1
50,6,55,0,1
50,6,56,0,1
50,6,57,0,1
50,6,58,0,1
50,6,59,0,1
50,6,60,0,1
50,6,61,0,1
50,6,62,0,1
50,6,63,0,1
50,7,0,0,1
50,7,1,0,1
50,7,2,0,1
50,7,3,0,1
50,7,4,0,1
50,7,5,0,1
50,7,6,0,1
50,7,7,0,1
50,7,8,0,1
50,7,9,0,1
50,7,10,0,1
50,7,11,0,1
50,7,12,0,1
50,7,13,0,1
50,7,14,0,1
50,7,15,0,1
50,7,16,0,1
50,7,17,0,1
50,7,18,0,1
50,7,19,0,1
50,7,20,0,1
50,7,21,0,1
50,7,22,0,1
50,7,23,0,1
50,7,24,0,1
50,7,25,0,1
50,7,26,0,1
50,7,27,0,1
50,7,28,0,1
50,7,29,0,1
50,7,30,0,1
50,7,31,0,1
50,7,32,0,1
50,7,33,0,1
50,7,34,0,1
50,7,35,0,1
50,7,36,0,1
50,7,37,0,1
50,7,38,0,1
50,7,39,0,1
50,7,40,0,1
50,7,41,0,1
50,7,42,0,1
50,7,43,0,1
50,7,44,0,1
50,7,45,0,1
50,7,46,0,1
50,7,47,0,1
50,7,48,0,1
50,7,49,0,1
50,7,50,0,1
50,7,51,0,1
50,7,52,0,1
50,7,53,0,1
50,7,54,0,1
50,7,55,0,1
50,7,56,0,1
50,7,57,0,1
50,7,58,0,1
50,7,59,0,1
50,7,60,0,1
50,7,61,0,1
50,7,62,0,1
50,7,63,0,1
50,8,0,0,1
50,8,1,0,1
50,8,2,0,1
50,8,3,0,1
50,8,4,0,1
50,8,5,0,1
50,8,6,0,1
50,8,7,0,1
50,8,8,0,1
50,8,9,0,1
50,8,10,0,1
50,8,11,0,1
50,8,12,0,1
50,8,13,0,1
50,8,14,0,1
50,8,15,0,1
50,8,16,0,1
50,8,17,0,1
50,8,18,0,1
50,8,19,0,1
50,8,20,0,1
50,8,21,0,1
50,8,22,0,1
50,8,23,0,1
50,8,24,0,1
50,8,25,0,1
50,8,26,0,1
50,8,27,0,1
50,8,28,0,1
50,8,29,0,1
50,8,30,0,1
50,8,31,0,1
50,8,32,0,1
50,8,33,0,1
50,8,34,0,1
50,8,35,0,1
50,8,36,0,1
50,8,37,0,1
50,8,38,0,1
50,8,39,0,1
50,8,40,0,1
50,8,41,0,1
50,8,42,0,1
50,8,43,0,1
50,8,44,0,1
50,8,45,0,1
50,8,46,0,1
50,8,47,0,1
50,8,48,0,1
50,8,49,0,1
50,8,50,0,1
50,8,51,0,1
50,8,52,0,1
50,8,53,0,1
50,8,54,0,1
50,8,55,0,1
50,8,56,0,1
50,8,57,0,1
50,8,58,0,1
50,8,59,0,1
50,8,60,0,1
50,8,61,0,1
50,8,62,0,1
50,8,63,0,1
50,9,0,0,1
50,9,1,0,1
50,9,2,0,1
50,9,3,0,1
50,9,4,0,1
50,9,5,0,1
50,9,6,0,1
50,9,7,0,1
50,9,8,0,1
50,9,9,0,1
50,9,10,0,1
50,9,11,0,1
50,9,12,0,1
50,9,13,0,1
50,9,14,0,1
50,9,15,0,1
50,9,16,0,1
50,9,17,0,1
50,9,18,0,1
50,9,19,0,1
50,9,20,0,1
50,9,21,0,1
50,9,22,0,1
50,9,23,0,1
50,9,24,0,1
50,9,25,0,1
50,9,26,0,1
50,9,27,0,1
50,9,28,0,1
50,9,29,0,1
50,9,30,0,1
50,9,31,0,1
50,9,32,0,1
50,9,33,0,1
50,9,34,0,1
50,9,35,0,1
50,9,36,0,1
50,9,37,0,1
50,9,38,0,1
50,9,39,0,1
50,9,40,0,1
50,9,41,0,1
50,9,42,0,1
50,9,43,0,1
50,9,44,0,1
50,9,45,0,1
50,9,46,0,1
50,9,47,0,1
50,9,48,0,1
50,9,49,0,1
50,9,50,0,1
50,9,51,0,1
50,9,52,0,1
50,9,53,0,1
50,9,54,0,1
50,9,55,0,1
50,9,56,0,1
50,9,57,0,1
50,9,58,0,1
50,9,59,0,1
50,9,60,0,1
50,9,61,0,1
50,9,62,0,1
50,9,63,0,1
50,10,0,0,1
50,10,1,0,1
50,10,2,0,1
50,10,3,0,1
50,10,4,0,1
50,10,5,0,1
50,10,6,0,1
50,10,7,0,1
50,10,8,0,1
50,10,9,0,1
50,10,10,0,1
50,10,11,0,1
50,10,12,0,1
50,10,13,0,1
50,10,14,0,1
50,10,15,0,1
50,10,16,0,1
50,10,17,0,1
50,10,18,0,1
50,10,19,0,1
50,10,20,0,1
50,10,21,0,1
50,10,22,0,1
50,10,23,0,1
50,10,24,0,1
50,10,25,0,1
50,10,26,0,1
50,10,27,0,1
50,10,28,0,1
50,10,29,0,1
50,10,30,0,1
50,10,31,0,1
50,10,32,0,1
50,10,33,0,1
50,10,34,0,1
50,10,35,0,1
50,10,36,0,1
50,10,37,0,1
50,10,38,0,1
50,10,39,0,1
50,10,40,0,1
50,10,41,0,1
50,10,42,0,1
50,10,43,0,1
50,10,44,0,1
50,10,45,0,1
50,10,46,0,1
50,10,47,0,1
50,10,48,0,1
50,10,49,0,1
50,10,50,0,1
50,10,51,0,1
50,10,52,0,1
50,10,53,0,1
50,10,54,0,1
50,10,55,0,1
50,10,56,0,1
50,10,57,0,1
50,10,58,0,1
50,10,59,0,1
50,10,60,0,1
50,10,61,0,1
50,10,62,0,1
50,10,63,0,1
50,11,0,0,1
50,11,1,0,1
50,11,2,0,1
50,11,3,0,1
50,11,4,0,1
50,11,5,0,1
50,11,6,0,1
50,11,7,0,1
50,11,8,0,1
50,11,9,0,1
50,11,10,0,1
50,11,11,0,1
50,11,12,0,1
50,11,13,0,1
50,11,14,0,1
50,11,15,0,1
50,11,16,0,1
50,11,17,0,1
50,11,18,0,1
50,11,19,0,1
50,11,20,0,1
50,11,21,0,1
50,11,22,0,1
50,11,23,0,1
50,11,24,0,1
50,11,25,0,1
50,11,26,0,1
50,11,27,0,1
50,11,28,0,1
50,11,29,0,1
50,11,30,0,1
50,11,31,0,1
50,11,32,0,1
50,11,33,0,1
50,11,34,0,1
50,11,35,0,1
50,11,36,0,1
50,11,37,0,1
50,11,38,0,1
50,11,39,0,1
50,11,40,0,1
50,11,41,0,1
50,11,42,0,1
50,11,43,0,1
50,11,44,0,1
50,11,45,0,1
50,11,46,0,1
50,11,47,0,1
50,11,48,0,1
50,11,49,0,1
50,11,50,0,1
50,11,51,0,1
50,11,52,0,1
50,11,53,0,1
50,11,54,0,1
50,11,55,0,1
50,11,56,0,1
50,11,57,0,1
50,11,58,0,1
50,11,59,0,1
50,11,60,0,1
50,11,61,0,1
50,11,62,0,1
50,11,63,0,1
50,12,0,0,1
50,12,1,0,1
50,12,2,0,1
50,12,3,0,1
50,12,4,0,1
50,12,5,0,1
50,12,6,0,1
50,12,7,0,1
50,12,8,0,1
50,12,9,0,1
50,12,10,0,1
50,12,11,0,1
50,12,12,0,1
50,12,13,0,1
50,12,14,0,1
50,12,15,0,1
50,12,16,0,1
50,12,17,0,1
50,12,18,0,1
50,12,19,0,1
50,12,20,0,1
50,12,21,0,1
50,12,22,0,1
50,12,23,0,1
50,12,24,0,1
50,12,25,0,1
50,12,26,0,1
50,12,27,0,1
50,12,28,0,1
50,12,29,0,1
50,12,30,0,1
50,12,31,0,1
50,12,32,0,1
50,12,33,0,1
50,12,34,0,1
50,12,35,0,1
50,12,36,0,1
50,12,37,0,1
50,12,38,0,1
50,12,39,0,1
50,12,40,0,1
50,12,41,0,1
50,12,42,0,1
50,12,43,0,1
50,12,44,0,1
50,12,45,0,1
50,12,46,0,1
50,12,47,0,1
50,12,48,0,1
50,12,49,0,1
50,12,50,0,1
50,12,51,0,1
50,12,52,0,1
50,12,53,0,1
50,12,54,0,1
50,12,55,0,1
50,12,56,0,1
50,12,57,0,1
50,12,58,0,1
50,12,59,0,1
50,12,60,0,1
50,12,61,0,1
50,12,62,0,1
50,12,63,0,1
50,13,0,0,1
50,13,1,0,1
50,13,2,0,1
50,13,3,0,1
50,13,4,0,1
50,13,5,0,1
50,13,6,0,1
50,13,7,0,1
50,13,8,0,1
50,13,9,0,1
50,13,10,0,1
50,13,11,0,1
50,13,12,0,1
50,13,13,0,1
50,13,14,0,1
50,13,15,0,1
50,13,16,0,1
50,13,17,0,1
50,13,18,0,1
50,13,19,0,1
50,13,20,0,1
50,13,21,0,1
50,13,22,0,1
50,13,23,0,1
50,13,24,0,1
50,13,25,0,1
50,13,26,0,1
50,13,27,0,1
50,13,28,0,1
50,13,29,0,1
50,13,30,0,1
50,13,31,0,1
50,13,32,0,1
50,13,33,0,1
50,13,34,0,1
50,13,35,0,1
50,13,36,0,1
50,13,37,0,1
50,13,38,0,1
50,13,39,0,1
50,13,40,0,1
50,13,41,0,1
50,13,42,0,1
50,13,43,0,1
50,13,44,0,1
50,13,45,0,1
50,13,46,0,1
50,13,47,0,1
50,13,48,0,1
50,13,49,0,1
50,13,50,0,1
50,13,51,0,1
50,13,52,0,1
50,13,53,0,1
50,13,54,0,1
50,13,55,0,1
50,13,56,0,1
50,13,57,0,1
50,13,58,0,1
50,13,59,0,1
50,13,60,0,1
50,13,61,0,1
50,13,62,0,1
50,13,63,0,1
50,14,0,0,1
50,14,1,0,1
50,14,2,0,1
50,14,3,0,1
50,14,4,0,1
50,14,5,0,1
50,14,6,0,1
50,14,7,0,1
50,14,8,0,1
50,14,9,0,1
50,14,10,0,1
50,14,11,0,1
50,14,12,0,1
50,14,13,0,1
50,14,14,0,1
50,14,15,0,1
50,14,16,0,1
50,14,17,0,1
50,14,18,0,1
50,14,19,0,1
50,14,20,0,1
50,14,21,0,1
50,14,22,0,1
50,14,23,0,1
50,14,24,0,1
50,14,25,0,1
50,14,26,0,1
50,14,27,0,1
50,14,28,0,1
50,14,29,0,1
50,14,30,0,1
50,14,31,0,1
50,14,32,0,1
50,14,33,0,1
50,14,34,0,1
50,14,35,0,1
50,14,36,0,1
50,14,37,0,1
50,14,38,0,1
50,14,39,0,1
50,14,40,0,1
50,14,41,0,1
50,14,42,0,1
50,14,43,0,1
50,14,44,0,1
50,14,45,0,1
50,14,46,0,1
50,14,47,0,1
50,14,48,0,1
50,14,49,0,1
50,14,50,0,1
50,14,51,0,1
50,14,52,0,1
50,14,53,0,1
50,14,54,0,1
50,14,55,0,1
50,14,56,0,1
50,14,57,0,1
50,14,58,0,1
50,14,59,0,1
50,14,60,0,1
50,14,61,0,1
50,14,62,0,1
50,14,63,0,1
50,15,0,0,1
50,15,1,0,1
50,15,2,0,1
50,15,3,0,1
50,15,4,0,1
50,15,5,0,1
50,15,6,0,1
50,15,7,0,1
50,15,8,0,1
50,15,9,0,1
50,15,10,0,1
50,15,11,0,1
50,15,12,0,1
50,15,13,0,1
50,15,14,0,1
50,15,15,0,1
50,15,16,0,1
50,15,17,0,1
50,15,18,0,1
50,15,19,0,1
50,15,20,0,1
50,15,21,0,1
50,15,22,0,1
50,15,23,0,1
50,15,24,0,1
50,15,25,0,1
50,15,26,0,1
50,15,27,0,1
50,15,28,0,1
50,15,29,0,1
50,15,30,0,1
50,15,31,0,1
50,15,32,0,1
50,15,33,0,1
50,15,34,0,1
50,15,35,0,1
50,15,36,0,1
50,15,37,0,1
50,15,38,0,1
50,15,39,0,1
50,15,40,0,1
50,15,41,0,1
50,15,42,0,1
50,15,43,0,1
50,15,44,0,1
50,15,45,0,1
50,15,46,0,1
50,15,47,0,1
50,15,48,0,1
50,15,49,0,1
50,15,50,0,1
50,15,51,0,1
50,15,52,0,1
50,15,53,0,1
50,15,54,0,1
50,15,55,0,1
50,15,56,0,1
50,15,57,0,1
50,15,58,0,1
50,15,59,0,1
50,15,60,0,1
50,15,61,0,1
50,15,62,0,1
50,15,63,0,1
50,16,0,0,1
50,16,1,0,1
50,16,2,0,1
50,16,3,0,1
50,16,4,0,1
50,16,5,0,1
50,16,6,0,1
50,16,7,0,1
50,16,8,0,1
50,16,9,0,1
50,16,10,0,1
50,16,11,0,1
50,16,12,0,1
50,16,13,0,1
50,16,14,0,1
50,16,15,0,1
50,16,16,0,1
50,16,17,0,1
50,16,18,0,1
50,16,19,0,1
50,16,20,0,1
50,16,21,0,1
50,16,22,0,1
50,16,23,0,1
50,16,24,0,1
50,16,25,0,1
50,16,26,0,1
50,16,27,0,1
50,16,28,0,1
50,16,29,0,1
50,16,30,0,1
50,16,31,0,1
50,16,32,0,1
50,16,33,0,1
50,16,34,0,1
50,16,35,0,1
50,16,36,0,1
50,16,37,0,1
50,16,38,0,1
50,16,39,0,1
50,16,40,0,1
50,16,41,0,1
50,16,42,0,1
50,16,43,0,1
50,16,44,0,1
50,16,45,0,1
50,16,46,0,1
50,16,47,0,1
50,16,48,0,1
50,16,49,0,1
50,16,50,0,1
50,16,51,0,1
50,16,52,0,1
50,16,53,0,1
50,16,54,0,1
50,16,55,0,1
50,16,56,0,1
50,16,57,0,1
50,16,58,0,1
50,16,59,0,1
50,16,60,0,1
50,16,61,0,1
50,16,62,0,1
50,16,63,0,1
50,17,0,0,1
50,17,1,0,1
50,17,2,0,1
50,17,3,0,1
50,17,4,0,1
50,17,5,0,1
50,17,6,0,1
50,17,7,0,1
50,17,8,0,1
50,17,9,0,1
50,17,10,0,1
50,17,11,0,1
50,17,12,0,1
50,17,13,0,1
50,17,14,0,1
50,17,15,0,1
50,17,16,0,1
50,17,17,0,1
50,17,18,0,1
50,17,19,0,1
50,17,20,0,1
50,17,21,0,1
50,17,22,0,1
50,17,23,0,1
50,17,24,0,1
50,17,25,0,1
50,17,26,0,1
50,17,27,0,1
50,17,28,0,1
50,17,29,0,1
50,17,30,0,1
50,17,31,0,1
50,17,32,0,1
50,17,33,0,1
50,17,34,0,1
50,17,35,0,1
50,17,36,0,1
50,17,37,0,1
50,17,38,0,1
50,17,39,0,1
50,17,40,0,1
50,17,41,0,1
50,17,42,0,1
50,17,43,0,1
50,17,44,0,1
50,17,45,0,1
50,17,46,0,1
50,17,47,0,1
50,17,48,0,1
50,17,49,0,1
50,17,50,0,1
50,17,51,0,1
50,17,52,0,1
50,17,53,0,1
50,17,54,0,1
50,17,55,0,1
50,17,56,0,1
50,17,57,0,1
50,17,58,0,1
50,17,59,0,1
50,17,60,0,1
50,17,61,0,1
50,17,62,0,1
50,17,63,0,1
50,18,0,0,1
50,18,1,0,1
50,18,2,0,1
50,18,3,0,1
50,18,4,0,1
50,18,5,0,1
50,18,6,0,1
50,18,7,0,1
50,18,8,0,1
50,18,9,0,1
50,18,10,0,1
50,18,11,0,1
50,18,12,0,1
50,18,13,0,1
50,18,14,0,1
50,18,15,0,1
50,18,16,0,1
50,18,17,0,1
50,18,18,0,1
50,18,19,0,1
50,18,20,0,1
50,18,21,0,1
50,18,22,0,1
50,18,23,0,1
50,18,24,0,1
50,18,25,0,1
50,18,26,0,1
50,18,27,0,1
50,18,28,0,1
50,18,29,0,1
50,18,30,0,1
50,18,31,0,1
50,18,32,0,1
50,18,33,0,1
50,18,34,0,1
50,18,35,0,1
50,18,36,0,1
50,18,37,0,1
50,18,38,0,1
50,18,39,0,1
50,18,40,0,1
50,18,41,0,1
50,18,42,0,1
50,18,43,0,1
50,18,44,0,1
50,18,45,0,1
50,18,46,0,1
50,18,47,0,1
50,18,48,0,1
50,18,49,0,1
50,18,50,0,1
50,18,51,0,1
50,18,52,0,1
50,18,53,0,1
50,18,54,0,1
50,18,55,0,1
50,18,56,0,1
50,18,57,0,1
50,18,58,0,1
50,18,59,0,1
50,18,60,0,1
50,18,61,0,1
50,18,62,0,1
50,18,63,0,1
50,19,0,0,1
50,19,1,0,1
50,19,2,0,1
50,19,3,0,1
50,19,4,0,1
50,19,5,0,1
50,19,6,0,1
50,19,7,0,1
50,19,8,0,1
50,19,9,0,1
50,19,10,0,1
50,19,11,0,1
50,19,12,0,1
50,19,13,0,1
50,19,14,0,1
50,19,15,0,1
50,19,16,0,1
50,19,17,0,1
50,19,18,0,1
50,19,19,0,1
50,19,20,0,1
50,19,21,0,1
50,19,22,0,1
50,19,23,0,1
50,19,24,0,1
50,19,25,0,1
50,19,26,0,1
50,19,27,0,1
50,19,28,0,1
50,19,29,0,1
50,19,30,0,1
50,19,31,0,1
50,19,32,0,1
50,19,33,0,1
50,19,34,0,1
50,19,35,0,1
50,19,36,0,1
50,19,37,0,1
50,19,38,0,1
50,19,39,0,1
50,19,40,0,1
50,19,41,0,1
50,19,42,0,1
50,19,43,0,1
50,19,44,0,1
50,19,45,0,1
50,19,46,0,1
50,19,47,0,1
50,19,48,0,1
50,19,49,0,1
50,19,50,0,1
50,19,51,0,1
50,19,52,0,1
50,19,53,0,1
50,19,54,0,1
50,19,55,0,1
50,19,56,0,1
50,19,57,0,1
50,19,58,0,1
50,19,59,0,1
50,19,60,0,1
50,19,61,0,1
50,19,62,0,1
50,19,63,0,1
50,20,0,0,1
50,20,1,0,1
50,20,2,0,1
50,20,3,0,1
50,20,4,0,1
50,20,5,0,1
50,20,6,0,1
50,20,7,0,1
50,20,8,0,1
50,20,9,0,1
50,20,10,0,1
50,20,11,0,1
50,20,12,0,1
50,20,13,0,1
50,20,14,0,1
50,20,15,0,1
50,20,16,0,1
50,20,17,0,1
50,20,18,0,1
50,20,19,0,1
50,20,20,0,1
50,20,21,0,1
50,20,22,0,1
50,20,23,0,1
50,20,24,0,1
50,20,25,0,1
50,20,26,0,1
50,20,27,0,1
50,20,28,0,1
50,20,29,0,1
50,20,30,0,1
50,20,31,0,1
50,20,32,0,1
50,20,33,0,1
50,20,34,0,1
50,20,35,0,1
50,20,36,0,1
50,20,37,0,1
50,20,38,0,1
50,20,39,0,1
50,20,40,0,1
50,20,41,0,1
50,20,42,0,1
50,20,43,0,1
50,20,44,0,1
50,20,45,0,1
50,20,46,0,1
50,20,47,0,1
50,20,48,0,1
50,20,49,0,1
50,20,50,0,1
50,20,51,0,1
50,20,52,0,1
50,20,53,0,1
50,20,54,0,1
50,20,55,0,1
50,20,56,0,1
50,20,57,0,1
50,20,58,0,1
50,20,59,0,1
50,20,60,0,1
50,20,61,0,1
50,20,62,0,1
50,20,63,0,1
50,21,0,0,1
50,21,1,0,1
50,21,2,0,1
50,21,3,0,1
50,21,4,0,1
50,21,5,0,1
50,21,6,0,1
50,21,7,0,1
50,21,8,0,1
50,21,9,0,1
50,21,10,0,1
50,21,11,0,1
50,21,12,0,1
50,21,13,0,1
50,21,14,0,1
50,21,15,0,1
50,21,16,0,1
50,21,17,0,1
50,21,18,0,1
50,21,19,0,1
50,21,20,0,1
50,21,21,0,1
50,21,22,0,1
50,21,23,0,1
50,21,24,0,1
50,21,25,0,1
50,21,26,0,1
50,21,27,0,1
50,21,28,0,1
50,21,29,0,1
50,21,30,0,1
50,21,31,0,1
50,21,32,0,1
50,21,33,0,1
50,21,34,0,1
50,21,35,0,1
50,21,36,0,1
50,21,37,0,1
50,21,38,0,1
50,21,39,0,1
50,21,40,0,1
50,21,41,0,1
50,21,42,0,1
50,21,43,0,1
50,21,44,0,1
50,21,45,0,1
50,21,46,0,1
50,21,47,0,1
50,21,48,0,1
50,21,49,0,1
50,21,50,0,1
50,21,51,0,1
50,21,52,0,1
50,21,53,0,1
50,21,54,0,1
50,21,55,0,1
50,21,56,0,1
50,21,57,0,1
50,21,58,0,1
50,21,59,0,1
50,21,60,0,1
50,21,61,0,1
50,21,62,0,1
50,21,63,0,1
50,22,0,0,1
50,22,1,0,1
50,22,2,0,1
50,22,3,0,1
50,22,4,0,1
50,22,5,0,1
50,22,6,0,1
50,22,7,0,1
50,22,8,0,1
50,22,9,0,1
50,22,10,0,1
50,22,11,0,1
50,22,12,0,1
50,22,13,0,1
50,22,14,0,1
50,22,15,0,1
50,22,16,0,1
50,22,17,0,1
50,22,18,0,1
50,22,19,0,1
50,22,20,0,1
50,22,21,0,1
50,22,22,0,1
50,22,23,0,1
50,22,24,0,1
50,22,25,0,1
50,22,26,0,1
50,22,27,0,1
50,22,28,0,1
50,22,29,0,1
50,22,30,0,1
50,22,31,0,1
50,22,32,0,1
50,22,33,0,1
50,22,34,0,1
50,22,35,0,1
50,22,36,0,1
50,22,37,0,1
50,22,38,0,1
50,22,39,0,1
50,22,40,0,1
50,22,41,0,1
50,22,42,0,1
50,22,43,0,1
50,22,44,0,1
50,22,45,0,1
50,22,46,0,1
50,22,47,0,1
50,22,48,0,1
50,22,49,0,1
50,22,50,0,1
50,22,51,0,1
50,22,52,0,1
50,22,53,0,1
50,22,54,0,1
50,22,55,0,1
50,22,56,0,1
50,22,57,0,1
50,22,58,0,1
50,22,59,0,1
50,22,60,0,1
50,22,61,0,1
50,22,62,0,1
50,22,63,0,1
50,23,0,0,1
50,23,1,0,1
50,23,2,0,1
50,23,3,0,1
50,23,4,0,1
50,23,5,0,1
50,23,6,0,1
50,23,7,0,1
50,23,8,0,1
50,23,9,0,1
50,23,10,0,1
50,23,11,0,1
50,23,12,0,1
50,23,13,0,1
50,23,14,0,1
50,23,15,0,1
50,23,16,0,1
50,23,17,0,1
50,23,18,0,1
50,23,19,0,1
50,23,20,0,1
50,23,21,0,1
50,23,22,0,1
50,23,23,0,1
50,23,24,0,1
50,23,25,0,1
50,23,26,0,1
50,23,27,0,1
50,23,28,0,1
50,23,29,0,1
50,23,30,0,1
50,23,31,0,1
50,23,32,0,1
50,23,33,0,1
50,23,34,0,1
50,23,35,0,1
50,23,36,0,1
50,23,37,0,1
50,23,38,0,1
50,23,39,0,1
50,23,40,0,1
50,23,41,0,1
50,23,42,0,1
50,23,43,0,1
50,23,44,0,1
50,23,45,0,1
50,23,46,0,1
50,23,47,0,1
50,23,48,0,1
50,23,49,0,1
50,23,50,0,1
50,23,51,0,1
50,23,52,0,1
50,23,53,0,1
50,23,54,0,1
50,23,55,0,1
50,23,56,0,1
50,23,57,0,1
50,23,58,0,1
50,23,59,0,1
50,23,60,0,1
50,23,61,0,1
50,23,62,0,1
50,23,63,0,1
50,24,0,0,1
50,24,1,0,1
50,24,2,0,1
50,24,3,0,1
50,24,4,0,1
50,24,5,0,1
50,24,6,0,1
50,24,7,0,1
50,24,8,0,1
50,24,9,0,1
50,24,10,0,1
50,24,11,0,1
50,24,12,0,1
50,24,13,0,1
50,24,14,0,1
50,24,15,0,1
50,24,16,0,1
50,24,17,0,1
50,24,18,0,1
50,24,19,0,1
50,24,20,0,1
50,24,21,0,1
50,24,22,0,1
50,24,23,0,1
50,24,24,0,1
50,24,25,0,1
50,24,26,0,1
50,24,27,0,1
50,24,28,0,1
50,24,29,0,1
50,24,30,0,1
50,24,31,0,1
50,24,32,0,1
50,24,33,0,1
50,24,34,0,1
50,24,35,0,1
50,24,36,0,1
50,24,37,0,1
50,24,38,0,1
50,24,39,0,1
50,24,40,0,1
50,24,41,0,1
50,24,42,0,1
50,24,43,0,1
50,24,44,0,1
50,24,45,0,1
50,24,46,0,1
50,24,47,0,1
50,24,48,0,1
50,24,49,0,1
50,24,50,0,1
50,24,51,0,1
50,24,52,0,1
50,24,53,0,1
50,24,54,0,1
50,24,55,0,1
50,24,56,0,1
50,24,57,0,1
50,24,58,0,1
50,24,59,0,1
50,24,60,0,1
50,24,61,0,1
50,24,62,0,1
50,24,63,0,1
50,25,0,0,1
50,25,1,0,1
50,25,2,0,1
50,25,3,0,1
50,25,4,0,1
50,25,5,0,1
50,25,6,0,1
50,25,7,0,1
50,25,8,0,1
50,25,9,0,1
50,25,10,0,1
50,25,11,0,1
50,25,12,0,1
50,25,13,0,1
50,25,14,0,1
50,25,15,0,1
50,25,16,0,1
50,25,17,0,1
50,25,18,0,1
50,25,19,0,1
50,25,20,0,1
50,25,21,0,1
50,25,22,0,1
50,25,23,0,1
50,25,24,0,1
50,25,25,0,1
50,25,26,0,1
50,25,27,0,1
50,25,28,0,1
50,25,29,0,1
50,25,30,0,1
50,25,31,0,1
50,25,32,0,1
50,25,33,0,1
50,25,34,0,1
50,25,35,0,1
50,25,36,0,1
50,25,37,0,1
50,25,38,0,1
50,25,39,0,1
50,25,40,0,1
50,25,41,0,1
50,25,42,0,1
50,25,43,0,1
50,25,44,0,1
50,25,45,0,1
50,25,46,0,1
50,25,47,0,1
50,25,48,0,1
50,25,49,0,1
50,25,50,0,1
50,25,51,0,1
50,25,52,0,1
50,25,53,0,1
50,25,54,0,1
50,25,55,0,1
50,25,56,0,1
50,25,57,0,1
50,25,58,0,1
50,25,59,0,1
50,25,60,0,1
50,25,61,0,1
50,25,62,0,1
50,25,63,0,1
50,26,0,0,1
50,26,1,0,1
50,26,2,0,1
50,26,3,0,1
50,26,4,0,1
50,26,5,0,1
50,26,6,0,1
50,26,7,0,1
50,26,8,0,1
50,26,9,0,1
50,26,10,0,1
50,26,11,0,1
50,26,12,0,1
50,26,13,0,1
50,26,14,0,1
50,26,15,0,1
50,26,16,0,1
50,26,17,0,1
50,26,18,0,1
50,26,19,0,1
50,26,20,0,1
50,26,21,0,1
50,26,22,0,1
50,26,23,0,1
50,26,24,0,1
50,26,25,0,1
50,26,26,0,1
50,26,27,0,1
50,26,28,0,1
50,26,29,0,1
50,26,30,0,1
50,26,31,0,1
50,26,32,0,1
50,26,33,0,1
50,26,34,0,1
50,26,35,0,1
50,26,36,0,1
50,26,37,0,1
50,26,38,0,1
50,26,39,0,1
50,26,40,0,1
50,26,41,0,1
50,26,42,0,1
50,26,43,0,1
50,26,44,0,1
50,26,45,0,1
50,26,46,0,1
50,26,47,0,1
50,26,48,0,1
50,26,49,0,1
50,26,50,0,1
50,26,51,0,1
50,26,52,0,1
50,26,53,0,1
50,26,54,0,1
50,26,55,0,1
50,26,56,0,1
50,26,57,0,1
50,26,58,0,1
50,26,59,0,1
50,26,60,0,1
50,26,61,0,1
50,26,62,0,1
50,26,63,0,1
50,27,0,0,1
50,27,1,0,1
50,27,2,0,1
50,27,3,0,1
50,27,4,0,1
50,27,5,0,1
50,27,6,0,1
50,27,7,0,1
50,27,8,0,1
50,27,9,0,1
50,27,10,0,1
50,27,11,0,1
50,27,12,0,1
50,27,13,0,1
50,27,14,0,1
50,27,15,0,1
50,27,16,0,1
50,27,17,0,1
50,27,18,0,1
50,27,19,0,1
50,27,20,0,1
50,27,21,0,1
50,27,22,0,1
50,27,23,0,1
50,27,24,0,1
50,27,25,0,1
50,27,26,0,1
50,27,27,0,1
50,27,28,0,1
50,27,29,0,1
50,27,30,0,1
50,27,31,0,1
50,27,32,0,1
50,27,33,0,1
50,27,34,0,1
50,27,35,0,1
50,27,36,0,1
50,27,37,0,1
50,27,38,0,1
50,27,39,0,1
50,27,40,0,1
50,27,41,0,1
50,27,42,0,1
50,27,43,0,1
50,27,44,0,1
50,27,45,0,1
50,27,46,0,1
50,27,47,0,1
50,27,48,0,1
50,27,49,0,1
50,27,50,0,1
50,27,51,0,1
50,27,52,0,1
50,27,53,0,1
50,27,54,0,1
50,27,55,0,1
50,27,56,0,1
50,27,57,0,1
50,27,58,0,1
50,27,59,0,1
50,27,60,0,1
50,27,61,0,1
50,27,62,0,1
50,27,63,0,1
50,28,0,0,1
50,28,1,0,1
50,28,2,0,1
50,28,3,0,1
50,28,4,0,1
50,28,5,0,1
50,28,6,0,1
50,28,7,0,1
50,28,8,0,1
50,28,9,0,1
50,28,10,0,1
50,28,11,0,1
50,28,12,0,1
50,28,13,0,1
50,28,14,0,1
50,28,15,0,1
50,28,16,0,1
50,28,17,0,1
50,28,18,0,1
50,28,19,0,1
50,28,20,0,1
50,28,21,0,1
50,28,22,0,1
50,28,23,0,1
50,28,24,0,1
50,28,25,0,1
50,28,26,0,1
50,28,27,0,1
50,28,28,0,1
50,28,29,0,1
50,28,30,0,1
50,28,31,0,1
50,28,32,0,1
50,28,33,0,1
50,28,34,0,1
50,28,35,0,1
50,28,36,0,1
50,28,37,0,1
50,28,38,0,1
50,28,39,0,1
50,28,40,0,1
50,28,41,0,1
50,28,42,0,1
50,28,43,0,1
50,28,44,0,1
50,28,45,0,1
50,28,46,0,1
50,28,47,0,1
50,28,48,0,1
50,28,49,0,1
50,28,50,0,1
50,28,51,0,1
50,28,52,0,1
50,28,53,0,1
50,28,54,0,1
50,28,55,0,1
50,28,56,0,1
50,28,57,0,1
50,28,58,0,1
50,28,59,0,1
50,28,60,0,1
50,28,61,0,1
50,28,62,0,1
50,28,63,0,1
50,29,0,0,1
50,29,1,0,1
50,29,2,0,1
50,29,3,0,1
50,29,4,0,1
50,29,5,0,1
50,29,6,0,1
50,29,7,0,1
50,29,8,0,1
50,29,9,0,1
50,29,10,0,1
50,29,11,0,1
50,29,12,0,1
50,29,13,0,1
50,29,14,0,1
50,29,15,0,1
50,29,16,0,1
50,29,17,0,1
50,29,18,0,1
50,29,19,0,1
50,29,20,0,1
50,29,21,0,1
50,29,22,0,1
50,29,23,0,1
50,29,24,0,1
50,29,25,0,1
50,29,26,0,1
50,29,27,0,1
50,29,28,0,1
50,29,29,0,1
50,29,30,0,1
50,29,31,0,1
50,29,32,0,1
50,29,33,0,1
50,29,34,0,1
50,29,35,0,1
50,29,36,0,1
50,29,37,0,1
50,29,38,0,1
50,29,39,0,1
50,29,40,0,1
50,29,41,0,1
50,29,42,0,1
50,29,43,0,1
50,29,44,0,1
50,29,45,0,1
50,29,46,0,1
50,29,47,0,1
50,29,48,0,1
50,29,49,0,1
50,29,50,0,1
50,29,51,0,1
50,29,52,0,1
50,29,53,0,1
50,29,54,0,1
50,29,55,0,1
50,29,56,0,1
50,29,57,0,1
50,29,58,0,1
50,29,59,0,1
50,29,60,0,1
50,29,61,0,1
50,29,62,0,1
50,29,63,0,1
50,30,0,0,1
50,30,1,0,1
50,30,2,0,1
50,30,3,0,1
50,30,4,0,1
50,30,5,0,1
50,30,6,0,1
50,30,7,0,1
50,30,8,0,1
50,30,9,0,1
50,30,10,0,1
50,30,11,0,1
50,30,12,0,1
50,30,13,0,1
50,30,14,0,1
50,30,15,0,1
50,30,16,0,1
50,30,17,0,1
50,30,18,0,1
50,30,19,0,1
50,30,20,0,1
50,30,21,0,1
50,30,22,0,1
50,30,23,0,1
50,30,24,0,1
50,30,25,0,1
50,30,26,0,1
50,30,27,0,1
50,30,28,0,1
50,30,29,0,1
50,30,30,0,1
50,30,31,0,1
50,30,32,0,1
50,30,33,0,1
50,30,34,0,1
50,30,35,0,1
50,30,36,0,1
50,30,37,0,1
50,30,38,0,1
50,30,39,0,1
50,30,40,0,1
50,30,41,0,1
50,30,42,0,1
50,30,43,0,1
50,30,44,0,1
50,30,45,0,1
50,30,46,0,1
50,30,47,0,1
50,30,48,0,1
50,30,49,0,1
50,30,50,0,1
50,30,51,0,1
50,30,52,0,1
50,30,53,0,1
50,30,54,0,1
50,30,55,0,1
50,30,56,0,1
50,30,57,0,1
50,30,58,0,1
50,30,59,0,1
50,30,60,0,1
50,30,61,0,1
50,30,62,0,1
50,30,63,0,1
50,31,0,0,1
50,31,1,0,1
50,31,2,0,1
50,31,3,0,1
50,31,4,0,1
50,31,5,0,1
50,31,6,0,1
50,31,7,0,1
50,31,8,0,1
50,31,9,0,1
50,31,10,0,1
50,31,11,0,1
50,31,12,0,1
50,31,13,0,1
50,31,14,0,1
50,31,15,0,1
50,31,16,0,1
50,31,17,0,1
50,31,18,0,1
50,31,19,0,1
50,31,20,0,1
50,31,21,0,1
50,31,22,0,1
50,31,23,0,1
50,31,24,0,1
50,31,25,0,1
50,31,26,0,1
50,31,27,0,1
50,31,28,0,1
50,31,29,0,1
50,31,30,0,1
50,31,31,0,1
50,31,32,0,1
50,31,33,0,1
50,31,34,0,1
50,31,35,0,1
50,31,36,0,1
50,31,37,0,1
50,31,38,0,1
50,31,39,0,1
50,31,40,0,1
50,31,41,0,1
50,31,42,0,1
50,31,43,0,1
50,31,44,0,1
50,31,45,0,1
50,31,46,0,1
50,31,47,0,1
50,31,48,0,1
50,31,49,0,1
50,31,50,0,1
50,31,51,0,1
50,31,52,0,1
50,31,53,0,1
50,31,54,0,1
50,31,55,0,1
50,31,56,0,1
50,31,57,0,1
50,31,58,0,1
50,31,59,0,1
50,31,60,0,1
50,31,61,0,1
50,31,62,0,1
50,31,63,0,1
50,32,0,0,1
50,32,1,0,1
50,32,2,0,1
50,32,3,0,1
50,32,4,0,1
50,32,5,0,1
50,32,6,0,1
50,32,7,0,1
50,32,8,0,1
50,32,9,0,1
50,32,10,0,1
50,32,11,0,1
50,32,12,0,1
50,32,13,0,1
50,32,14,0,1
50,32,15,0,1
50,32,16,0,1
50,32,17,0,1
50,32,18,0,1
50,32,19,0,1
50,32,20,0,1
50,32,21,0,1
50,32,22,0,1
50,32,23,0,1
50,32,24,0,1
50,32,25,0,1
50,32,26,0,1
50,32,27,0,1
50,32,28,0,1
50,32,29,0,1
50,32,30,0,1
50,32,31,0,1
50,32,32,0,1
50,32,33,0,1
50,32,34,0,1
50,32,35,0,1
50,32,36,0,1
50,32,37,0,1
50,32,38,0,1
50,32,39,0,1
50,32,40,0,1
50,32,41,0,1
50,32,42,0,1
50,32,43,0,1
50,32,44,0,1
50,32,45,0,1
50,32,46,0,1
50,32,47,0,1
50,32,48,0,1
50,32,49,0,1
50,32,50,0,1
50,32,51,0,1
50,32,52,0,1
50,32,53,0,1
50,32,54,0,1
50,32,55,0,1
50,32,56,0,1
50,32,57,0,1
50,32,58,0,1
50,32,59,0,1
50,32,60,0,1
50,32,61,0,1
50,32,62,0,1
50,32,63,0,1
50,33,0,0,1
50,33,1,0,1
50,33,2,0,1
50,33,3,0,1
50,33,4,0,1
50,33,5,0,1
50,33,6,0,1
50,33,7,0,1
50,33,8,0,1
50,33,9,0,1
50,33,10,0,1
50,33,11,0,1
50,33,12,0,1
50,33,13,0,1
50,33,14,0,1
50,33,15,0,1
50,33,16,0,1
50,33,17,0,1
50,33,18,0,1
50,33,19,0,1
50,33,20,0,1
50,33,21,0,1
50,33,22,0,1
50,33,23,0,1
50,33,24,0,1
50,33,25,0,1
50,33,26,0,1
50,33,27,0,1
50,33,28,0,1
50,33,29,0,1
50,33,30,0,1
50,33,31,0,1
50,33,32,0,1
50,33,33,0,1
50,33,34,0,1
50,33,35,0,1
50,33,36,0,1
50,33,37,0,1
50,33,38,0,1
50,33,39,0,1
50,33,40,0,1
50,33,41,0,1
50,33,42,0,1
50,33,43,0,1
50,33,44,0,1
50,33,45,0,1
50,33,46,0,1
50,33,47,0,1
50,33,48,0,1
50,33,49,0,1
50,33,50,0,1
50,33,51,0,1
50,33,52,0,1
50,33,53,0,1
50,33,54,0,1
50,33,55,0,1
50,33,56,0,1
50,33,57,0,1
50,33,58,0,1
50,33,59,0,1
50,33,60,0,1
50,33,61,0,1
50,33,62,0,1
50,33,63,0,1
50,34,0,0,1
50,34,1,0,1
50,34,2,0,1
50,34,3,0,1
50,34,4,0,1
50,34,5,0,1
50,34,6,0,1
50,34,7,0,1
50,34,8,0,1
50,34,9,0,1
50,34,10,0,1
50,34,11,0,1
50,34,12,0,1
50,34,13,0,1
50,34,14,0,1
50,34,15,0,1
50,34,16,0,1
50,34,17,0,1
50,34,18,0,1
50,34,19,0,1
50,34,20,0,1
50,34,21,0,1
50,34,22,0,1
50,34,23,0,1
50,34,24,0,1
50,34,25,0,1
50,34,26,0,1
50,34,27,0,1
50,34,28,0,1
50,34,29,0,1
50,34,30,0,1
50,34,31,0,1
50,34,32,0,1
50,34,33,0,1
50,34,34,0,1
50,34,35,0,1
50,34,36,0,1
50,34,37,0,1
50,34,38,0,1
50,34,39,0,1
50,34,40,0,1
50,34,41,0,1
50,34,42,0,1
50,34,43,0,1
50,34,44,0,1
50,34,45,0,1
50,34,46,0,1
50,34,47,0,1
50,34,48,0,1
50,34,49,0,1
50,34,50,0,1
50,34,51,0,1
50,34,52,0,1
50,34,53,0,1
50,34,54,0,1
50,34,55,0,1
50,34,56,0,1
50,34,57,0,1
50,34,58,0,1
50,34,59,0,1
50,34,60,0,1
50,34,61,0,1
50,34,62,0,1
50,34,63,0,1
50,35,0,0,1
50,35,1,0,1
50,35,2,0,1
50,35,3,0,1
50,35,4,0,1
50,35,5,0,1
50,35,6,0,1
50,35,7,0,1
50,35,8,0,1
50,35,9,0,1
50,35,10,0,1
50,35,11,0,1
50,35,12,0,1
50,35,13,0,1
50,35,14,0,1
50,35,15,0,1
50,35,16,0,1
50,35,17,0,1
50,35,18,0,1
50,35,19,0,1
50,35,20,0,1
50,35,21,0,1
50,35,22,0,1
50,35,23,0,1
50,35,24,0,1
50,35,25,0,1
50,35,26,0,1
50,35,27,0,1
50,35,28,0,1
50,35,29,0,1
50,35,30,0,1
50,35,31,0,1
50,35,32,0,1
50,35,33,0,1
50,35,34,0,1
50,35,35,0,1
50,35,36,0,1
50,35,37,0,1
50,35,38,0,1
50,35,39,0,1
50,35,40,0,1
50,35,41,0,1
50,35,42,0,1
50,35,43,0,1
50,35,44,0,1
50,35,45,0,1
50,35,46,0,1
50,35,47,0,1
50,35,48,0,1
50,35,49,0,1
50,35,50,0,1
50,35,51,0,1
50,35,52,0,1
50,35,53,0,1
50,35,54,0,1
50,35,55,0,1
50,35,56,0,1
50,35,57,0,1
50,35,58,0,1
50,35,59,0,1
50,35,60,0,1
50,35,61,0,1
50,35,62,0,1
50,35,63,0,1
50,36,0,0,1
50,36,1,0,1
50,36,2,0,1
50,36,3,0,1
50,36,4,0,1
50,36,5,0,1
50,36,6,0,1
50,36,7,0,1
50,36,8,0,1
50,36,9,0,1
50,36,10,0,1
50,36,11,0,1
50,36,12,0,1
50,36,13,0,1
50,36,14,0,1
50,36,15,0,1
50,36,16,0,1
50,36,17,0,1
50,36,18,0,1
50,36,19,0,1
50,36,20,0,1
50,36,21,0,1
50,36,22,0,1
50,36,23,0,1
50,36,24,0,1
50,36,25,0,1
50,36,26,0,1
50,36,27,0,1
50,36,28,0,1
50,36,29,0,1
50,36,30,0,1
50,36,31,0,1
50,36,32,0,1
50,36,33,0,1
50,36,34,0,1
50,36,35,0,1
50,36,36,0,1
50,36,37,0,1
50,36,38,0,1
50,36,39,0,1
50,36,40,0,1
50,36,41,0,1
50,36,42,0,1
50,36,43,0,1
50,36,44,0,1
50,36,45,0,1
50,36,46,0,1
50,36,47,0,1
50,36,48,0,1
50,36,49,0,1
50,36,50,0,1
50,36,51,0,1
50,36,52,0,1
50,36,53,0,1
50,36,54,0,1
50,36,55,0,1
50,36,56,0,1
50,36,57,0,1
50,36,58,0,1
50,36,59,0,1
50,36,60,0,1
50,36,61,0,1
50,36,62,0,1
50,36,63,0,1
50,37,0,0,1
50,37,1,0,1
50,37,2,0,1
50,37,3,0,1
50,37,4,0,1
50,37,5,0,1
50,37,6,0,1
50,37,7,0,1
50,37,8,0,1
50,37,9,0,1
50,37,10,0,1
50,37,11,0,1
50,37,12,0,1
50,37,13,0,1
50,37,14,0,1
50,37,15,0,1
50,37,16,0,1
50,37,17,0,1
50,37,18,0,1
50,37,19,0,1
50,37,20,0,1
50,37,21,0,1
50,37,22,0,1
50,37,23,0,1
50,37,24,0,1
50,37,25,0,1
50,37,26,0,1
50,37,27,0,1
50,37,28,0,1
50,37,29,0,1
50,37,30,0,1
50,37,31,0,1
50,37,32,0,1
50,37,33,0,1
50,37,34,0,1
50,37,35,0,1
50,37,36,0,1
50,37,37,0,1
50,37,38,0,1
50,37,39,0,1
50,37,40,0,1
50,37,41,0,1
50,37,42,0,1
50,37,43,0,1
50,37,44,0,1
50,37,45,0,1
50,37,46,0,1
50,37,47,0,1
50,37,48,0,1
50,37,49,0,1
50,37,50,0,1
50,37,51,0,1
50,37,52,0,1
50,37,53,0,1
50,37,54,0,1
50,37,55,0,1
50,37,56,0,1
50,37,57,0,1
50,37,58,0,1
50,37,59,0,1
50,37,60,0,1
50,37,61,0,1
50,37,62,0,1
50,37,63,0,1
50,38,0,0,1
50,38,1,0,1
50,38,2,0,1
50,38,3,0,1
50,38,4,0,1
50,38,5,0,1
50,38,6,0,1
50,38,7,0,1
50,38,8,0,1
50,38,9,0,1
50,38,10,0,1
50,38,11,0,1
50,38,12,0,1
50,38,13,0,1
50,38,14,0,1
50,38,15,0,1
50,38,16,0,1
50,38,17,0,1
50,38,18,0,1
50,38,19,0,1
50,38,20,0,1
50,38,21,0,1
50,38,22,0,1
50,38,23,0,1
50,38,24,0,1
50,38,25,0,1
50,38,26,0,1
50,38,27,0,1
50,38,28,0,1
50,38,29,0,1
50,38,30,0,1
50,38,31,0,1
50,38,32,0,1
50,38,33,0,1
50,38,34,0,1
50,38,35,0,1
50,38,36,0,1
50,38,37,0,1
50,38,38,0,1
50,38,39,0,1
50,38,40,0,1
50,38,41,0,1
50,38,42,0,1
50,38,43,0,1
50,38,44,0,1
50,38,45,0,1
50,38,46,0,1
50,38,47,0,1
50,38,48,0,1
50,38,49,0,1
50,38,50,0,1
50,38,51,0,1
50,38,52,0,1
50,38,53,0,1
50,38,54,0,1
50,38,55,0,1
50,38,56,0,1
50,38,57,0,1
50,38,58,0,1
50,38,59,0,1
50,38,60,0,1
50,38,61,0,1
50,38,62,0,1
50,38,63,0,1
50,39,0,0,1
50,39,1,0,1
50,39,2,0,1
50,39,3,0,1
50,39,4,0,1
50,39,5,0,1
50,39,6,0,1
50,39,7,0,1
50,39,8,0,1
50,39,9,0,1
50,39,10,0,1
50,39,11,0,1
50,39,12,0,1
50,39,13,0,1
50,39,14,0,1
50,39,15,0,1
50,39,16,0,1
50,39,17,0,1
50,39,18,0,1
50,39,19,0,1
50,39,20,0,1
50,39,21,0,1
50,39,22,0,1
50,39,23,0,1
50,39,24,0,1
50,39,25,0,1
50,39,26,0,1
50,39,27,0,1
50,39,28,0,1
50,39,29,0,1
50,39,30,0,1
50,39,31,0,1
50,39,32,0,1
50,39,33,0,1
50,39,34,0,1
50,39,35,0,1
50,39,36,0,1
50,39,37,0,1
50,39,38,0,1
50,39,39,0,1
50,39,40,0,1
50,39,41,0,1
50,39,42,0,1
50,39,43,0,1
50,39,44,0,1
50,39,45,0,1
50,39,46,0,1
50,39,47,0,1
50,39,48,0,1
50,39,49,0,1
50,39,50,0,1
50,39,51,0,1
50,39,52,0,1
50,39,53,0,1
50,39,54,0,1
50,39,55,0,1
50,39,56,0,1
50,39,57,0,1
50,39,58,0,1
50,39,59,0,1
50,39,60,0,1
50,39,61,0,1
50,39,62,0,1
50,39,63,0,1
50,40,0,0,1
50,40,1,0,1
50,40,2,0,1
50,40,3,0,1
50,40,4,0,1
50,40,5,0,1
50,40,6,0,1
50,40,7,0,1
50,40,8,0,1
50,40,9,0,1
50,40,10,0,1
50,40,11,0,1
50,40,12,0,1
50,40,13,0,1
50,40,14,0,1
50,40,15,0,1
50,40,16,0,1
50,40,17,0,1
50,40,18,0,1
50,40,19,0,1
50,40,20,0,1
50,40,21,0,1
50,40,22,0,1
50,40,23,0,1
50,40,24,0,1
50,40,25,0,1
50,40,26,0,1
50,40,27,0,1
50,40,28,0,1
50,40,29,0,1
50,40,30,0,1
50,40,31,0,1
50,40,32,0,1
50,40,33,0,1
50,40,34,0,1
50,40,35,0,1
50,40,36,0,1
50,40,37,0,1
50,40,38,0,1
50,40,39,0,1
50,40,40,0,1
50,40,41,0,1
50,40,42,0,1
50,40,43,0,1
50,40,44,0,1
50,40,45,0,1
50,40,46,0,1
50,40,47,0,1
50,40,48,0,1
50,40,49,0,1
50,40,50,0,1
50,40,51,0,1
50,40,52,0,1
50,40,53,0,1
50,40,54,0,1
50,40,55,0,1
50,40,56,0,1
50,40,57,0,1
50,40,58,0,1
50,40,59,0,1
50,40,60,0,1
50,40,61,0,1
50,40,62,0,1
50,40,63,0,1
50,41,0,0,1
50,41,1,0,1
50,41,2,0,1
50,41,3,0,1
50,41,4,0,1
50,41,5,0,1
50,41,6,0,1
50,41,7,0,1
50,41,8,0,1
50,41,9,0,1
50,41,10,0,1
50,41,11,0,1
50,41,12,0,1
50,41,13,0,1
50,41,14,0,1
50,41,15,0,1
50,41,16,0,1
50,41,17,0,1
50,41,18,0,1
50,41,19,0,1
50,41,20,0,1
50,41,21,0,1
50,41,22,0,1
50,41,23,0,1
50,41,24,0,1
50,41,25,0,1
50,41,26,0,1
50,41,27,0,1
50,41,28,0,1
50,41,29,0,1
50,41,30,0,1
50,41,31,0,1
50,41,32,0,1
50,41,33,0,1
50,41,34,0,1
50,41,35,0,1
50,41,36,0,1
50,41,37,0,1
50,41,38,0,1
50,41,39,0,1
50,41,40,0,1
50,41,41,0,1
50,41,42,0,1
50,41,43,0,1
50,41,44,0,1
50,41,45,0,1
50,41,46,0,1
50,41,47,0,1
50,41,48,0,1
50,41,49,0,1
50,41,50,0,1
50,41,51,0,1
50,41,52,0,1
50,41,53,0,1
50,41,54,0,1
50,41,55,0,1
50,41,56,0,1
50,41,57,0,1
50,41,58,0,1
50,41,59,0,1
50,41,60,0,1
50,41,61,0,1
50,41,62,0,1
50,41,63,0,1
50,42,0,0,1
50,42,1,0,1
50,42,2,0,1
50,42,3,0,1
50,42,4,0,1
50,42,5,0,1
50,42,6,0,1
50,42,7,0,1
50,42,8,0,1
50,42,9,0,1
50,42,10,0,1
50,42,11,0,1
50,42,12,0,1
50,42,13,0,1
50,42,14,0,1
50,42,15,0,1
50,42,16,0,1
50,42,17,0,1
50,42,18,0,1
50,42,19,0,1
50,42,20,0,1
50,42,21,0,1
50,42,22,0,1
50,42,23,0,1
50,42,24,0,1
50,42,25,0,1
50,42,26,0,1
50,42,27,0,1
50,42,28,0,1
50,42,29,0,1
50,42,30,0,1
50,42,31,0,1
50,42,32,0,1
50,42,33,0,1
50,42,34,0,1
50,42,35,0,1
50,42,36,0,1
50,42,37,0,1
50,42,38,0,1
50,42,39,0,1
50,42,40,0,1
50,42,41,0,1
50,42,42,0,1
50,42,43,0,1
50,42,44,0,1
50,42,45,0,1
50,42,46,0,1
50,42,47,0,1
50,42,48,0,1
50,42,49,0,1
50,42,50,0,1
50,42,51,0,1
50,42,52,0,1
50,42,53,0,1
50,42,54,0,1
50,42,55,0,1
50,42,56,0,1
50,42,57,0,1
50,42,58,0,1
50,42,59,0,1
50,42,60,0,1
50,42,61,0,1
50,42,62,0,1
50,42,63,0,1
50,43,0,0,1
50,43,1,0,1
50,43,2,0,1
50,43,3,0,1
50,43,4,0,1
50,43,5,0,1
50,43,6,0,1
50,43,7,0,1
50,43,8,0,1
50,43,9,0,1
50,43,10,0,1
50,43,11,0,1
50,43,12,0,1
50,43,13,0,1
50,43,14,0,1
50,43,15,0,1
50,43,16,0,1
50,43,17,0,1
50,43,18,0,1
50,43,19,0,1
50,43,20,0,1
50,43,21,0,1
50,43,22,0,1
50,43,23,0,1
50,43,24,0,1
50,43,25,0,1
50,43,26,0,1
50,43,27,0,1
50,43,28,0,1
50,43,29,0,1
50,43,30,0,1
50,43,31,0,1
50,43,32,0,1
50,43,33,0,1
50,43,34,0,1
50,43,35,0,1
50,43,36,0,1
50,43,37,0,1
50,43,38,0,1
50,43,39,0,1
50,43,40,0,1
50,43,41,0,1
50,43,42,0,1
50,43,43,0,1
50,43,44,0,1
50,43,45,0,1
50,43,46,0,1
50,43,47,0,1
50,43,48,0,1
50,43,49,0,1
50,43,50,0,1
50,43,51,0,1
50,43,52,0,1
50,43,53,0,1
50,43,54,0,1
50,43,55,0,1
50,43,56,0,1
50,43,57,0,1
50,43,58,0,1
50,43,59,0,1
50,43,60,0,1
50,43,61,0,1
50,43,62,0,1
50,43,63,0,1
50,44,0,0,1
50,44,1,0,1
50,44,2,0,1
50,44,3,0,1
50,44,4,0,1
50,44,5,0,1
50,44,6,0,1
50,44,7,0,1
50,44,8,0,1
50,44,9,0,1
50,44,10,0,1
50,44,11,0,1
50,44,12,0,1
50,44,13,0,1
50,44,14,0,1
50,44,15,0,1
50,44,16,0,1
50,44,17,0,1
50,44,18,0,1
50,44,19,0,1
50,44,20,0,1
50,44,21,0,1
50,44,22,0,1
50,44,23,0,1
50,44,24,0,1
50,44,25,0,1
50,44,26,0,1
50,44,27,0,1
50,44,28,0,1
50,44,29,0,1
50,44,30,0,1
50,44,31,0,1
50,44,32,0,1
50,44,33,0,1
50,44,34,0,1
50,44,35,0,1
50,44,36,0,1
50,44,37,0,1
50,44,38,0,1
50,44,39,0,1
50,44,40,0,1
50,44,41,0,1
50,44,42,0,1
50,44,43,0,1
50,44,44,0,1
50,44,45,0,1
50,44,46,0,1
50,44,47,0,1
50,44,48,0,1
50,44,49,0,1
50,44,50,0,1
50,44,51,0,1
50,44,52,0,1
50,44,53,0,1
50,44,54,0,1
50,44,55,0,1
50,44,56,0,1
50,44,57,0,1
50,44,58,0,1
50,44,59,0,1
50,44,60,0,1
50,44,61,0,1
50,44,62,0,1
50,44,63,0,1
50,45,0,0,1
50,45,1,0,1
50,45,2,0,1
50,45,3,0,1
50,45,4,0,1
50,45,5,0,1
50,45,6,0,1
50,45,7,0,1
50,45,8,0,1
50,45,9,0,1
50,45,10,0,1
50,45,11,0,1
50,45,12,0,1
50,45,13,0,1
50,45,14,0,1
50,45,15,0,1
50,45,16,0,1
50,45,17,0,1
50,45,18,0,1
50,45,19,0,1
50,45,20,0,1
50,45,21,0,1
50,45,22,0,1
50,45,23,0,1
50,45,24,0,1
50,45,25,0,1
50,45,26,0,1
50,45,27,0,1
50,45,28,0,1
50,45,29,0,1
50,45,30,0,1
50,45,31,0,1
50,45,32,0,1
50,45,33,0,1
50,45,34,0,1
50,45,35,0,1
50,45,36,0,1
50,45,37,0,1
50,45,38,0,1
50,45,39,0,1
50,45,40,0,1
50,45,41,0,1
50,45,42,0,1
50,45,43,0,1
50,45,44,0,1
50,45,45,0,1
50,45,46,0,1
50,45,47,0,1
50,45,48,0,1
50,45,49,0,1
50,45,50,0,1
50,45,51,0,1
50,45,52,0,1
50,45,53,0,1
50,45,54,0,1
50,45,55,0,1
50,45,56,0,1
50,45,57,0,1
50,45,58,0,1
50,45,59,0,1
50,45,60,0,1
50,45,61,0,1
50,45,62,0,1
50,45,63,0,1
50,46,0,0,1
50,46,1,0,1
50,46,2,0,1
50,46,3,0,1
50,46,4,0,1
50,46,5,0,1
50,46,6,0,1
50,46,7,0,1
50,46,8,0,1
50,46,9,0,1
50,46,10,0,1
50,46,11,0,1
50,46,12,0,1
50,46,13,0,1
50,46,14,0,1
50,46,15,0,1
50,46,16,0,1
50,46,17,0,1
50,46,18,0,1
50,46,19,0,1
50,46,20,0,1
50,46,21,0,1
50,46,22,0,1
50,46,23,0,1
50,46,24,0,1
50,46,25,0,1
50,46,26,0,1
50,46,27,0,1
50,46,28,0,1
50,46,29,0,1
50,46,30,0,1
50,46,31,0,1
50,46,32,0,1
50,46,33,0,1
50,46,34,0,1
50,46,35,0,1
50,46,36,0,1
50,46,37,0,1
50,46,38,0,1
50,46,39,0,1
50,46,40,0,1
50,46,41,0,1
50,46,42,0,1
50,46,43,0,1
50,46,44,0,1
50,46,45,0,1
50,46,46,0,1
50,46,47,0,1
50,46,48,0,1
50,46,49,0,1
50,46,50,0,1
50,46,51,0,1
50,46,52,0,1
50,46,53,0,1
50,46,54,0,1
50,46,55,0,1
50,46,56,0,1
50,46,57,0,1
50,46,58,0,1
50,46,59,0,1
50,46,60,0,1
50,46,61,0,1
50,46,62,0,1
50,46,63,0,1
50,47,0,0,1
50,47,1,0,1
50,47,2,0,1
50,47,3,0,1
50,47,4,0,1
50,47,5,0,1
50,47,6,0,1
50,47,7,0,1
50,47,8,0,1
50,47,9,0,1
50,47,10,0,1
50,47,11,0,1
50,47,12,0,1
50,47,13,0,1
50,47,14,0,1
50,47,15,0,1
50,47,16,0,1
50,47,17,0,1
50,47,18,0,1
50,47,19,0,1
50,47,20,0,1
50,47,21,0,1
50,47,22,0,1
50,47,23,0,1
50,47,24,0,1
50,47,25,0,1
50,47,26,0,1
50,47,27,0,1
50,47,28,0,1
50,47,29,0,1
50,47,30,0,1
50,47,31,0,1
50,47,32,0,1
50,47,33,0,1
50,47,34,0,1
50,47,35,0,1
50,47,36,0,1
50,47,37,0,1
50,47,38,0,1
50,47,39,0,1
50,47,40,0,1
50,47,41,0,1
50,47,42,0,1
50,47,43,0,1
50,47,44,0,1
50,47,45,0,1
50,47,46,0,1
50,47,47,0,1
50,47,48,0,1
50,47,49,0,1
50,47,50,0,1
50,47,51,0,1
50,47,52,0,1
50,47,53,0,1
50,47,54,0,1
50,47,55,0,1
50,47,56,0,1
50,47,57,0,1
50,47,58,0,1
50,47,59,0,1
50,47,60,0,1
50,47,61,0,1
50,47,62,0,1
50,47,63,0,1
50,48,0,0,1
50,48,1,0,1
50,48,2,0,1
50,48,3,0,1
50,48,4,0,1
50,48,5,0,1
50,48,6,0,1
50,48,7,0,1
50,48,8,0,1
50,48,9,0,1
50,48,10,0,1
50,48,11,0,1
50,48,12,0,1
50,48,13,0,1
50,48,14,0,1
50,48,15,0,1
50,48,16,0,1
50,48,17,0,1
50,48,18,0,1
50,48,19,0,1
50,48,20,0,1
50,48,21,0,1
50,48,22,0,1
50,48,23,0,1
50,48,24,0,1
50,48,25,0,1
50,48,26,0,1
50,48,27,0,1
50,48,28,0,1
50,48,29,0,1
50,48,30,0,1
50,48,31,0,1
50,48,32,0,1
50,48,33,0,1
50,48,34,0,1
50,48,35,0,1
50,48,36,0,1
50,48,37,0,1
50,48,38,0,1
50,48,39,0,1
50,48,40,0,1
50,48,41,0,1
50,48,42,0,1
50,48,43,0,1
50,48,44,0,1
50,48,45,0,1
50,48,46,0,1
50,48,47,0,1
50,48,48,0,1
50,48,49,0,1
50,48,50,0,1
50,48,51,0,1
50,48,52,0,1
50,48,53,0,1
50,48,54,0,1
50,48,55,0,1
50,48,56,0,1
50,48,57,0,1
50,48,58,0,1
50,48,59,0,1
50,48,60,0,1
50,48,61,0,1
50,48,62,0,1
50,48,63,0,1
50,49,0,0,1
50,49,1,0,1
50,49,2,0,1
50,49,3,0,1
50,49,4,0,1
50,49,5,0,1
50,49,6,0,1
50,49,7,0,1
50,49,8,0,1
50,49,9,0,1
50,49,10,0,1
50,49,11,0,1
50,49,12,0,1
50,49,13,0,1
50,49,14,0,1
50,49,15,0,1
50,49,16,0,1
50,49,17,0,1
50,49,18,0,1
50,49,19,0,1
50,49,20,0,1
50,49,21,0,1
50,49,22,0,1
50,49,23,0,1
50,49,24,0,1
50,49,25,0,1
50,49,26,0,1
50,49,27,0,1
50,49,28,0,1
50,49,29,0,1
50,49,30,0,1
50,49,31,0,1
50,49,32,0,1
50,49,33,0,1
50,49,34,0,1
50,49,35,0,1
50,49,36,0,1
50,49,37,0,1
50,49,38,0,1
50,49,39,0,1
50,49,40,0,1
50,49,41,0,1
50,49,42,0,1
50,49,43,0,1
50,49,44,0,1
50,49,45,0,1
50,49,46,0,1
50,49,47,0,1
50,49,48,0,1
50,49,49,0,1
50,49,50,0,1
50,49,51,0,1
50,49,52,0,1
50,49,53,0,1
50,49,54,0,1
50,49,55,0,1
50,49,56,0,1
50,49,57,0,1
50,49,58,0,1
50,49,59,0,1
50,49,60,0,1
50,49,61,0,1
50,49,62,0,1
50,49,63,0,1
50,50,0,0,1
50,50,1,0,1
50,50,2,0,1
50,50,3,0,1
50,50,4,0,1
50,50,5,0,1
50,50,6,0,1
50,50,7,0,1
50,50,8,0,1
50,50,9,0,1
50,50,10,0,1
50,50,11,0,1
50,50,12,0,1
50,50,13,0,1
50,50,14,0,1
50,50,15,0,1
50,50,16,0,1
50,50,17,0,1
50,50,18,0,1
50,50,19,0,1
50,50,20,0,1
50,50,21,0,1
50,50,22,0,1
50,50,23,0,1
50,50,24,0,1
50,50,25,0,1
50,50,26,0,1
50,50,27,0,1
50,50,28,0,1
50,50,29,0,1
50,50,30,0,1
50,50,31,0,1
50,50,32,0,1
50,50,33,0,1
50,50,34,0,1
50,50,35,0,1
50,50,36,0,1
50,50,37,0,1
50,50,38,0,1
50,50,39,0,1
50,50,40,0,1
50,50,41,0,1
50,50,42,0,1
50,50,43,0,1
50,50,44,0,1
50,50,45,0,1
50,50,46,0,1
50,50,47,0,1
50,50,48,0,1
50,50,49,0,1
50,50,50,0,1
50,50,51,0,1
50,50,52,0,1
50,50,53,0,1
50,50,54,0,1
50,50,55,0,1
50,50,56,0,1
50,50,57,0,1
50,50,58,0,1
50,50,59,0,1
50,50,60,0,1
50,50,61,0,1
50,50,62,0,1
50,50,63,0,1
50,51,0,0,1
50,51,1,0,1
50,51,2,0,1
50,51,3,0,1
50,51,4,0,1
50,51,5,0,1
50,51,6,0,1
50,51,7,0,1
50,51,8,0,1
50,51,9,0,1
50,51,10,0,1
50,51,11,0,1
50,51,12,0,1
50,51,13,0,1
50,51,14,0,1
50,51,15,0,1
50,51,16,0,1
50,51,17,0,1
50,51,18,0,1
50,51,19,0,1
50,51,20,0,1
50,51,21,0,1
50,51,22,0,1
50,51,23,0,1
50,51,24,0,1
50,51,25,0,1
50,51,26,0,1
50,51,27,0,1
50,51,28,0,1
50,51,29,0,1
50,51,30,0,1
50,51,31,0,1
50,51,32,0,1
50,51,33,0,1
50,51,34,0,1
50,51,35,0,1
50,51,36,0,1
50,51,37,0,1
50,51,38,0,1
50,51,39,0,1
50,51,40,0,1
50,51,41,0,1
50,51,42,0,1
50,51,43,0,1
50,51,44,0,1
50,51,45,0,1
50,51,46,0,1
50,51,47,0,1
50,51,48,0,1
50,51,49,0,1
50,51,50,0,1
50,51,51,0,1
50,51,52,0,1
50,51,53,0,1
50,51,54,0,1
50,51,55,0,1
50,51,56,0,1
50,51,57,0,1
50,51,58,0,1
50,51,59,0,1
50,51,60,0,1
50,51,61,0,1
50,51,62,0,1
50,51,63,0,1
50,52,0,0,1
50,52,1,0,1
50,52,2,0,1
50,52,3,0,1
50,52,4,0,1
50,52,5,0,1
50,52,6,0,1
50,52,7,0,1
50,52,8,0,1
50,52,9,0,1
50,52,10,0,1
50,52,11,0,1
50,52,12,0,1
50,52,13,0,1
50,52,14,0,1
50,52,15,0,1
50,52,16,0,1
50,52,17,0,1
50,52,18,0,1
50,52,19,0,1
50,52,20,0,1
50,52,21,0,1
50,52,22,0,1
50,52,23,0,1
50,52,24,0,1
50,52,25,0,1
50,52,26,0,1
50,52,27,0,1
50,52,28,0,1
50,52,29,0,1
50,52,30,0,1
50,52,31,0,1
50,52,32,0,1
50,52,33,0,1
50,52,34,0,1
50,52,35,0,1
50,52,36,0,1
50,52,37,0,1
50,52,38,0,1
50,52,39,0,1
50,52,40,0,1
50,52,41,0,1
50,52,42,0,1
50,52,43,0,1
50,52,44,0,1
50,52,45,0,1
50,52,46,0,1
50,52,47,0,1
50,52,48,0,1
50,52,49,0,1
50,52,50,0,1
50,52,51,0,1
50,52,52,0,1
50,52,53,0,1
50,52,54,0,1
50,52,55,0,1
50,52,56,0,1
50,52,57,0,1
50,52,58,0,1
50,52,59,0,1
50,52,60,0,1
50,52,61,0,1
50,52,62,0,1
50,52,63,0,1
50,53,0,0,1
50,53,1,0,1
50,53,2,0,1
50,53,3,0,1
50,53,4,0,1
50,53,5,0,1
50,53,6,0,1
50,53,7,0,1
50,53,8,0,1
50,53,9,0,1
50,53,10,0,1
50,53,11,0,1
50,53,12,0,1
50,53,13,0,1
50,53,14,0,1
50,53,15,0,1
50,53,16,0,1
50,53,17,0,1
50,53,18,0,1
50,53,19,0,1
50,53,20,0,1
50,53,21,0,1
50,53,22,0,1
50,53,23,0,1
50,53,24,0,1
50,53,25,0,1
50,53,26,0,1
50,53,27,0,1
50,53,28,0,1
50,53,29,0,1
50,53,30,0,1
50,53,31,0,1
50,53,32,0,1
50,53,33,0,1
50,53,34,0,1
50,53,35,0,1
50,53,36,0,1
50,53,37,0,1
50,53,38,0,1
50,53,39,0,1
50,53,40,0,1
50,53,41,0,1
50,53,42,0,1
50,53,43,0,1
50,53,44,0,1
50,53,45,0,1
50,53,46,0,1
50,53,47,0,1
50,53,48,0,1
50,53,49,0,1
50,53,50,0,1
50,53,51,0,1
50,53,52,0,1
50,53,53,0,1
50,53,54,0,1
50,53,55,0,1
50,53,56,0,1
50,53,57,0,1
50,53,58,0,1
50,53,59,0,1
50,53,60,0,1
50,53,61,0,1
50,53,62,0,1
50,53,63,0,1
50,54,0,0,1
50,54,1,0,1
50,54,2,0,1
50,54,3,0,1
50,54,4,0,1
50,54,5,0,1
50,54,6,0,1
50,54,7,0,1
50,54,8,0,1
50,54,9,0,1
50,54,10,0,1
50,54,11,0,1
50,54,12,0,1
50,54,13,0,1
50,54,14,0,1
50,54,15,0,1
50,54,16,0,1
50,54,17,0,1
50,54,18,0,1
50,54,19,0,1
50,54,20,0,1
50,54,21,0,1
50,54,22,0,1
50,54,23,0,1
50,54,24,0,1
50,54,25,0,1
50,54,26,0,1
50,54,27,0,1
50,54,28,0,1
50,54,29,0,1
50,54,30,0,1
50,54,31,0,1
50,54,32,0,1
50,54,33,0,1
50,54,34,0,1
50,54,35,0,1
50,54,36,0,1
50,54,37,0,1
50,54,38,0,1
50,54,39,0,1
50,54,40,0,1
50,54,41,0,1
50,54,42,0,1
50,54,43,0,1
50,54,44,0,1
50,54,45,0,1
50,54,46,0,1
50,54,47,0,1
50,54,48,0,1
50,54,49,0,1
50,54,50,0,1
50,54,51,0,1
50,54,52,0,1
50,54,53,0,1
50,54,54,0,1
50,54,55,0,1
50,54,56,0,1
50,54,57,0,1
50,54,58,0,1
50,54,59,0,1
50,54,60,0,1
50,54,61,0,1
50,54,62,0,1
50,54,63,0,1
50,55,0,0,1
50,55,1,0,1
50,55,2,0,1
50,55,3,0,1
50,55,4,0,1
50,55,5,0,1
50,55,6,0,1
50,55,7,0,1
50,55,8,0,1
50,55,9,0,1
50,55,10,0,1
50,55,11,0,1
50,55,12,0,1
50,55,13,0,1
50,55,14,0,1
50,55,15,0,1
50,55,16,0,1
50,55,17,0,1
50,55,18,0,1
50,55,19,0,1
50,55,20,0,1
50,55,21,0,1
50,55,22,0,1
50,55,23,0,1
50,55,24,0,1
50,55,25,0,1
50,55,26,0,1
50,55,27,0,1
50,55,28,0,1
50,55,29,0,1
50,55,30,0,1
50,55,31,0,1
50,55,32,0,1
50,55,33,0,1
50,55,34,0,1
50,55,35,0,1
50,55,36,0,1
50,55,37,0,1
50,55,38,0,1
50,55,39,0,1
50,55,40,0,1
50,55,41,0,1
50,55,42,0,1
50,55,43,0,1
50,55,44,0,1
50,55,45,0,1
50,55,46,0,1
50,55,47,0,1
50,55,48,0,1
50,55,49,0,1
50,55,50,0,1
50,55,51,0,1
50,55,52,0,1
50,55,53,0,1
50,55,54,0,1
50,55,55,0,1
50,55,56,0,1
50,55,57,0,1
50,55,58,0,1
50,55,59,0,1
50,55,60,0,1
50,55,61,0,1
50,55,62,0,1
50,55,63,0,1
50,56,0,0,1
50,56,1,0,1
50,56,2,0,1
50,56,3,0,1
50,56,4,0,1
50,56,5,0,1
50,56,6,0,1
50,56,7,0,1
50,56,8,0,1
50,56,9,0,1
50,56,10,0,1
50,56,11,0,1
50,56,12,0,1
50,56,13,0,1
50,56,14,0,1
50,56,15,0,1
50,56,16,0,1
50,56,17,0,1
50,56,18,0,1
50,56,19,0,1
50,56,20,0,1
50,56,21,0,1
50,56,22,0,1
50,56,23,0,1
50,56,24,0,1
50,56,25,0,1
50,56,26,0,1
50,56,27,0,1
50,56,28,0,1
50,56,29,0,1
50,56,30,0,1
50,56,31,0,1
50,56,32,0,1
50,56,33,0,1
50,56,34,0,1
50,56,35,0,1
50,56,36,0,1
50,56,37,0,1
50,56,38,0,1
50,56,39,0,1
50,56,40,0,1
50,56,41,0,1
50,56,42,0,1
50,56,43,0,1
50,56,44,0,1
50,56,45,0,1
50,56,46,0,1
50,56,47,0,1
50,56,48,0,1
50,56,49,0,1
50,56,50,0,1
50,56,51,0,1
50,56,52,0,1
50,56,53,0,1
50,56,54,0,1
50,56,55,0,1
50,56,56,0,1
50,56,57,0,1
50,56,58,0,1
50,56,59,0,1
50,56,60,0,1
50,56,61,0,1
50,56,62,0,1
50,56,63,0,1
50,57,0,0,1
50,57,1,0,1
50,57,2,0,1
50,57,3,0,1
50,57,4,0,1
50,57,5,0,1
50,57,6,0,1
50,57,7,0,1
50,57,8,0,1
50,57,9,0,1
50,57,10,0,1
50,57,11,0,1
50,57,12,0,1
50,57,13,0,1
50,57,14,0,1
50,57,15,0,1
50,57,16,0,1
50,57,17,0,1
50,57,18,0,1
50,57,19,0,1
50,57,20,0,1
50,57,21,0,1
50,57,22,0,1
50,57,23,0,1
50,57,24,0,1
50,57,25,0,1
50,57,26,0,1
50,57,27,0,1
50,57,28,0,1
50,57,29,0,1
50,57,30,0,1
50,57,31,0,1
50,57,32,0,1
50,57,33,0,1
50,57,34,0,1
50,57,35,0,1
50,57,36,0,1
50,57,37,0,1
50,57,38,0,1
50,57,39,0,1
50,57,40,0,1
50,57,41,0,1
50,57,42,0,1
50,57,43,0,1
50,57,44,0,1
50,57,45,0,1
50,57,46,0,1
50,57,47,0,1
50,57,48,0,1
50,57,49,0,1
50,57,50,0,1
50,57,51,0,1
50,57,52,0,1
50,57,53,0,1
50,57,54,0,1
50,57,55,0,1
50,57,56,0,1
50,57,57,0,1
50,57,58,0,1
50,57,59,0,1
50,57,60,0,1
50,57,61,0,1
50,57,62,0,1
50,57,63,0,1
50,58,0,0,1
50,58,1,0,1
50,58,2,0,1
50,58,3,0,1
50,58,4,0,1
50,58,5,0,1
50,58,6,0,1
50,58,7,0,1
50,58,8,0,1
50,58,9,0,1
50,58,10,0,1
50,58,11,0,1
50,58,12,0,1
50,58,13,0,1
50,58,14,0,1
50,58,15,0,1
50,58,16,0,1
50,58,17,0,1
50,58,18,0,1
50,58,19,0,1
50,58,20,0,1
50,58,21,0,1
50,58,22,0,1
50,58,23,0,1
50,58,24,0,1
50,58,25,0,1
50,58,26,0,1
50,58,27,0,1
50,58,28,0,1
50,58,29,0,1
50,58,30,0,1
50,58,31,0,1
50,58,32,0,1
50,58,33,0,1
50,58,34,0,1
50,58,35,0,1
50,58,36,0,1
50,58,37,0,1
50,58,38,0,1
50,58,39,0,1
50,58,40,0,1
50,58,41,0,1
50,58,42,0,1
50,58,43,0,1
50,58,44,0,1
50,58,45,0,1
50,58,46,0,1
50,58,47,0,1
50,58,48,0,1
50,58,49,0,1
50,58,50,0,1
50,58,51,0,1
50,58,52,0,1
50,58,53,0,1
50,58,54,0,1
50,58,55,0,1
50,58,56,0,1
50,58,57,0,1
50,58,58,0,1
50,58,59,0,1
50,58,60,0,1
50,58,61,0,1
50,58,62,0,1
50,58,63,0,1
50,59,0,0,1
50,59,1,0,1
50,59,2,0,1
50,59,3,0,1
50,59,4,0,1
50,59,5,0,1
50,59,6,0,1
50,59,7,0,1
50,59,8,0,1
50,59,9,0,1
50,59,10,0,1
50,59,11,0,1
50,59,12,0,1
50,59,13,0,1
50,59,14,0,1
50,59,15,0,1
50,59,16,0,1
50,59,17,0,1
50,59,18,0,1
50,59,19,0,1
50,59,20,0,1
50,59,21,0,1
50,59,22,0,1
50,59,23,0,1
50,59,24,0,1
50,59,25,0,1
50,59,26,0,1
50,59,27,0,1
50,59,28,0,1
50,59,29,0,1
50,59,30,0,1
50,59,31,0,1
50,59,32,0,1
50,59,33,0,1
50,59,34,0,1
50,59,35,0,1
50,59,36,0,1
50,59,37,0,1
50,59,38,0,1
50,59,39,0,1
50,59,40,0,1
50,59,41,0,1
50,59,42,0,1
50,59,43,0,1
50,59,44,0,1
50,59,45,0,1
50,59,46,0,1
50,59,47,0,1
50,59,48,0,1
50,59,49,0,1
50,59,50,0,1
50,59,51,0,1
50,59,52,0,1
50,59,53,0,1
50,59,54,0,1
50,59,55,0,1
50,59,56,0,1
50,59,57,0,1
50,59,58,0,1
50,59,59,0,1
50,59,60,0,1
50,59,61,0,1
50,59,62,0,1
50,59,63,0,1
50,60,0,0,1
50,60,1,0,1
50,60,2,0,1
50,60,3,0,1
50,60,4,0,1
50,60,5,0,1
50,60,6,0,1
50,60,7,0,1
50,60,8,0,1
50,60,9,0,1
50,60,10,0,1
50,60,11,0,1
50,60,12,0,1
50,60,13,0,1
50,60,14,0,1
50,60,15,0,1
50,60,16,0,1
50,60,17,0,1
50,60,18,0,1
50,60,19,0,1
50,60,20,0,1
50,60,21,0,1
50,60,22,0,1
50,60,23,0,1
50,60,24,0,1
50,60,25,0,1
50,60,26,0,1
50,60,27,0,1
50,60,28,0,1
50,60,29,0,1
50,60,30,0,1
50,60,31,0,1
50,60,32,0,1
50,60,33,0,1
50,60,34,0,1
50,60,35,0,1
50,60,36,0,1
50,60,37,0,1
50,60,38,0,1
50,60,39,0,1
50,60,40,0,1
50,60,41,0,1
50,60,42,0,1
50,60,43,0,1
50,60,44,0,1
50,60,45,0,1
50,60,46,0,1
50,60,47,0,1
50,60,48,0,1
50,60,49,0,1
50,60,50,0,1
50,60,51,0,1
50,60,52,0,1
50,60,53,0,1
50,60,54,0,1
50,60,55,0,1
50,60,56,0,1
50,60,57,0,1
50,60,58,0,1
50,60,59,0,1
50,60,60,0,1
50,60,61,0,1
50,60,62,0,1
50,60,63,0,1
50,61,0,0,1
50,61,1,0,1
50,61,2,0,1
50,61,3,0,1
50,61,4,0,1
50,61,5,0,1
50,61,6,0,1
50,61,7,0,1
50,61,8,0,1
50,61,9,0,1
50,61,10,0,1
50,61,11,0,1
50,61,12,0,1
50,61,13,0,1
50,61,14,0,1
50,61,15,0,1
50,61,16,0,1
50,61,17,0,1
50,61,18,0,1
50,61,19,0,1
50,61,20,0,1
50,61,21,0,1
50,61,22,0,1
50,61,23,0,1
50,61,24,0,1
50,61,25,0,1
50,61,26,0,1
50,61,27,0,1
50,61,28,0,1
50,61,29,0,1
50,61,30,0,1
50,61,31,0,1
50,61,32,0,1
50,61,33,0,1
50,61,34,0,1
50,61,35,0,1
50,61,36,0,1
50,61,37,0,1
50,61,38,0,1
50,61,39,0,1
50,61,40,0,1
50,61,41,0,1
50,61,42,0,1
50,61,43,0,1
50,61,44,0,1
50,61,45,0,1
50,61,46,0,1
50,61,47,0,1
50,61,48,0,1
50,61,49,0,1
50,61,50,0,1
50,61,51,0,1
50,61,52,0,1
50,61,53,0,1
50,61,54,0,1
50,61,55,0,1
50,61,56,0,1
50,61,57,0,1
50,61,58,0,1
50,61,59,0,1
50,61,60,0,1
50,61,61,0,1
50,61,62,0,1
50,61,63,0,1
50,62,0,0,1
50,62,1,0,1
50,62,2,0,1
50,62,3,0,1
50,62,4,0,1
50,62,5,0,1
50,62,6,0,1
50,62,7,0,1
50,62,8,0,1
50,62,9,0,1
50,62,10,0,1
50,62,11,0,1
50,62,12,0,1
50,62,13,0,1
50,62,14,0,1
50,62,15,0,1
50,62,16,0,1
50,62,17,0,1
50,62,18,0,1
50,62,19,0,1
50,62,20,0,1
50,62,21,0,1
50,62,22,0,1
50,62,23,0,1
50,62,24,0,1
50,62,25,0,1
50,62,26,0,1
50,62,27,0,1
50,62,28,0,1
50,62,29,0,1
50,62,30,0,1
50,62,31,0,1
50,62,32,0,1
50,62,33,0,1
50,62,34,0,1
50,62,35,0,1
50,62,36,0,1
50,62,37,0,1
50,62,38,0,1
50,62,39,0,1
50,62,40,0,1
50,62,41,0,1
50,62,42,0,1
50,62,43,0,1
50,62,44,0,1
50,62,45,0,1
50,62,46,0,1
50,62,47,0,1
50,62,48,0,1
50,62,49,0,1
50,62,50,0,1
50,62,51,0,1
50,62,52,0,1
50,62,53,0,1
50,62,54,0,1
50,62,55,0,1
50,62,56,0,1
50,62,57,0,1
50,62,58,0,1
50,62,59,0,1
50,62,60,0,1
50,62,61,0,1
50,62,62,0,1
50,62,63,0,1
50,63,0,0,1
50,63,1,0,1
50,63,2,0,1
50,63,3,0,1
50,63,4,0,1
50,63,5,0,1
50,63,6,0,1
50,63,7,0,1
50,63,8,0,1
50,63,9,0,1
50,63,10,0,1
50,63,11,0,1
50,63,12,0,1
50,63,13,0,1
50,63,14,0,1
50,63,15,0,1
50,63,16,0,1
50,63,17,0,1
50,63,18,0,1
50,63,19,0,1
50,63,20,0,1
50,63,21,0,1
50,63,22,0,1
50,63,23,0,1
50,63,24,0,1
50,63,25,0,1
50,63,26,0,1
50,63,27,0,1
50,63,28,0,1
50,63,29,0,1
50,63,30,0,1
50,63,31,0,1
50,63,32,0,1
50,63,33,0,1
50,63,34,0,1
50,63,35,0,1
50,63,36,0,1
50,63,37,0,1
50,63,38,0,1
50,63,39,0,1
50,63,40,0,1
50,63,41,0,1
50,63,42,0,1
50,63,43,0,1
50,63,44,0,1
50,63,45,0,1
50,63,46,0,1
50,63,47,0,1
50,63,48,0,1
50,63,49,0,1
50,63,50,0,1
50,63,51,0,1
50,63,52,0,1
50,63,53,0,1
50,63,54,0,1
50,63,55,0,1
50,63,56,0,1
50,63,57,0,1
50,63,58,0,1
50,63,59,0,1
50,63,60,0,1
50,63,61,0,1
50,63,62,0,1
50,63,63,0,1
50,64,0,0,1
50,64,1,0,1
50,64,2,0,1
50,64,3,0,1
50,64,4,0,1
50,64,5,0,1
50,64,6,0,1
50,64,7,0,1
50,64,8,0,1
50,64,9,0,1
50,64,10,0,1
50,64,11,0,1
50,64,12,0,1
50,64,13,0,1
50,64,14,0,1
50,64,15,0,1
50,64,16,0,1
50,64,17,0,1
50,64,18,0,1
50,64,19,0,1
50,64,20,0,1
50,64,21,0,1
50,64,22,0,1
50,64,23,0,1
50,64,24,0,1
50,64,25,0,1
50,64,26,0,1
50,64,27,0,1
50,64,28,0,1
50,64,29,0,1
50,64,30,0,1
50,64,31,0,1
50,64,32,0,1
50,64,33,0,1
50,64,34,0,1
50,64,35,0,1
50,64,36,0,1
50,64,37,0,1
50,64,38,0,1
50,64,39,0,1
50,64,40,0,1
50,64,41,0,1
50,64,42,0,1
50,64,43,0,1
50,64,44,0,1
50,64,45,0,1
50,64,46,0,1
50,64,47,0,1
50,64,48,0,1
50,64,49,0,1
50,64,50,0,1
50,64,51,0,1
50,64,52,0,1
50,64,53,0,1
50,64,54,0,1
50,64,55,0,1
50,64,56,0,1
50,64,57,0,1
50,64,58,0,1
50,64,59,0,1
50,64,60,0,1
50,64,61,0,1
50,64,62,0,1
50,64,63,0,1
50,65,0,0,1
50,65,1,0,1
50,65,2,0,1
50,65,3,0,1
50,65,4,0,1
50,65,5,0,1
50,65,6,0,1
50,65,7,0,1
50,65,8,0,1
50,65,9,0,1
50,65,10,0,1
50,65,11,0,1
50,65,12,0,1
50,65,13,0,1
50,65,14,0,1
50,65,15,0,1
50,65,16,0,1
50,65,17,0,1
50,65,18,0,1
50,65,19,0,1
50,65,20,0,1
50,65,21,0,1
50,65,22,0,1
50,65,23,0,1
50,65,24,0,1
50,65,25,0,1
50,65,26,0,1
50,65,27,0,1
50,65,28,0,1
50,65,29,0,1
50,65,30,0,1
50,65,31,0,1
50,65,32,0,1
50,65,33,0,1
50,65,34,0,1
50,65,35,0,1
50,65,36,0,1
50,65,37,0,1
50,65,38,0,1
50,65,39,0,1
50,65,40,0,1
50,65,41,0,1
50,65,42,0,1
50,65,43,0,1
50,65,44,0,1
50,65,45,0,1
50,65,46,0,1
50,65,47,0,1
50,65,48,0,1
50,65,49,0,1
50,65,50,0,1
50,65,51,0,1
50,65,52,0,1
50,65,53,0,1
50,65,54,0,1
50,65,55,0,1
50,65,56,0,1
50,65,57,0,1
50,65,58,0,1
50,65,59,0,1
50,65,60,0,1
50,65,61,0,1
50,65,62,0,1
50,65,63,0,1
50,66,0,0,1
50,66,1,0,1
50,66,2,0,1
50,66,3,0,1
50,66,4,0,1
50,66,5,0,1
50,66,6,0,1
50,66,7,0,1
50,66,8,0,1
50,66,9,0,1
50,66,10,0,1
50,66,11,0,1
50,66,12,0,1
50,66,13,0,1
50,66,14,0,1
50,66,15,0,1
50,66,16,0,1
50,66,17,0,1
50,66,18,0,1
50,66,19,0,1
50,66,20,0,1
50,66,21,0,1
50,66,22,0,1
50,66,23,0,1
50,66,24,0,1
50,66,25,0,1
50,66,26,0,1
50,66,27,0,1
50,66,28,0,1
50,66,29,0,1
50,66,30,0,1
50,66,31,0,1
50,66,32,0,1
50,66,33,0,1
50,66,34,0,1
50,66,35,0,1
50,66,36,0,1
50,66,37,0,1
50,66,38,0,1
50,66,39,0,1
50,66,40,0,1
50,66,41,0,1
50,66,42,0,1
50,66,43,0,1
50,66,44,0,1
50,66,45,0,1
50,66,46,0,1
50,66,47,0,1
50,66,48,0,1
50,66,49,0,1
50,66,50,0,1
50,66,51,0,1
50,66,52,0,1
50,66,53,0,1
50,66,54,0,1
50,66,55,0,1
50,66,56,0,1
50,66,57,0,1
50,66,58,0,1
50,66,59,0,1
50,66,60,0,1
50,66,61,0,1
50,66,62,0,1
50,66,63,0,1
50,67,0,0,1
50,67,1,0,1
50,67,2,0,1
50,67,3,0,1
50,67,4,0,1
50,67,5,0,1
50,67,6,0,1
50,67,7,0,1
50,67,8,0,1
50,67,9,0,1
50,67,10,0,1
50,67,11,0,1
50,67,12,0,1
50,67,13,0,1
50,67,14,0,1
50,67,15,0,1
50,67,16,0,1
50,67,17,0,1
50,67,18,0,1
50,67,19,0,1
50,67,20,0,1
50,67,21,0,1
50,67,22,0,1
50,67,23,0,1
50,67,24,0,1
50,67,25,0,1
50,67,26,0,1
50,67,27,0,1
50,67,28,0,1
50,67,29,0,1
50,67,30,0,1
50,67,31,0,1
50,67,32,0,1
50,67,33,0,1
50,67,34,0,1
50,67,35,0,1
50,67,36,0,1
50,67,37,0,1
50,67,38,0,1
50,67,39,0,1
50,67,40,0,1
50,67,41,0,1
50,67,42,0,1
50,67,43,0,1
50,67,44,0,1
50,67,45,0,1
50,67,46,0,1
50,67,47,0,1
50,67,48,0,1
50,67,49,0,1
50,67,50,0,1
50,67,51,0,1
50,67,52,0,1
50,67,53,0,1
50,67,54,0,1
50,67,55,0,1
50,67,56,0,1
50,67,57,0,1
50,67,58,0,1
50,67,59,0,1
50,67,60,0,1
50,67,61,0,1
50,67,62,0,1
50,67,63,0,1
50,68,0,0,1
50,68,1,0,1
50,68,2,0,1
50,68,3,0,1
50,68,4,0,1
50,68,5,0,1
50,68,6,0,1
50,68,7,0,1
50,68,8,0,1
50,68,9,0,1
50,68,10,0,1
50,68,11,0,1
50,68,12,0,1
50,68,13,0,1
50,68,14,0,1
50,68,15,0,1
50,68,16,0,1
50,68,17,0,1
50,68,18,0,1
50,68,19,0,1
50,68,20,0,1
50,68,21,0,1
50,68,22,0,1
50,68,23,0,1
50,68,24,0,1
50,68,25,0,1
50,68,26,0,1
50,68,27,0,1
50,68,28,0,1
50,68,29,0,1
50,68,30,0,1
50,68,31,0,1
50,68,32,0,1
50,68,33,0,1
50,68,34,0,1
50,68,35,0,1
50,68,36,0,1
50,68,37,0,1
50,68,38,0,1
50,68,39,0,1
50,68,40,0,1
50,68,41,0,1
50,68,42,0,1
50,68,43,0,1
50,68,44,0,1
50,68,45,0,1
50,68,46,0,1
50,68,47,0,1
50,68,48,0,1
50,68,49,0,1
50,68,50,0,1
50,68,51,0,1
50,68,52,0,1
50,68,53,0,1
50,68,54,0,1
50,68,55,0,1
50,68,56,0,1
50,68,57,0,1
50,68,58,0,1
50,68,59,0,1
50,68,60,0,1
50,68,61,0,1
50,68,62,0,1
50,68,63,0,1
50,69,0,0,1
50,69,1,0,1
50,69,2,0,1
50,69,3,0,1
50,69,4,0,1
50,69,5,0,1
50,69,6,0,1
50,69,7,0,1
50,69,8,0,1
50,69,9,0,1
50,69,10,0,1
50,69,11,0,1
50,69,12,0,1
50,69,13,0,1
50,69,14,0,1
50,69,15,0,1
50,69,16,0,1
50,69,17,0,1
50,69,18,0,1
50,69,19,0,1
50,69,20,0,1
50,69,21,0,1
50,69,22,0,1
50,69,23,0,1
50,69,24,0,1
50,69,25,0,1
50,69,26,0,1
50,69,27,0,1
50,69,28,0,1
50,69,29,0,1
50,69,30,0,1
50,69,31,0,1
50,69,32,0,1
50,69,33,0,1
50,69,34,0,1
50,69,35,0,1
50,69,36,0,1
50,69,37,0,1
50,69,38,0,1
50,69,39,0,1
50,69,40,0,1
50,69,41,0,1
50,69,42,0,1
50,69,43,0,1
50,69,44,0,1
50,69,45,0,1
50,69,46,0,1
50,69,47,0,1
50,69,48,0,1
50,69,49,0,1
50,69,50,0,1
50,69,51,0,1
50,69,52,0,1
50,69,53,0,1
50,69,54,0,1
50,69,55,0,1
50,69,56,0,1
50,69,57,0,1
50,69,58,0,1
50,69,59,0,1
50,69,60,0,1
50,69,61,0,1
50,69,62,0,1
50,69,63,0,1
50,70,0,0,1
50,70,1,0,1
50,70,2,0,1
50,70,3,0,1
50,70,4,0,1
50,70,5,0,1
50,70,6,0,1
50,70,7,0,1
50,70,8,0,1
50,70,9,0,1
50,70,10,0,1
50,70,11,0,1
50,70,12,0,1
50,70,13,0,1
50,70,14,0,1
50,70,15,0,1
50,70,16,0,1
50,70,17,0,1
50,70,18,0,1
50,70,19,0,1
50,70,20,0,1
50,70,21,0,1
50,70,22,0,1
50,70,23,0,1
50,70,24,0,1
50,70,25,0,1
50,70,26,0,1
50,70,27,0,1
50,70,28,0,1
50,70,29,0,1
50,70,30,0,1
50,70,31,0,1
50,70,32,0,1
50,70,33,0,1
50,70,34,0,1
50,70,35,0,1
50,70,36,0,1
50,70,37,0,1
50,70,38,0,1
50,70,39,0,1
50,70,40,0,1
50,70,41,0,1
50,70,42,0,1
50,70,43,0,1
50,70,44,0,1
50,70,45,0,1
50,70,46,0,1
50,70,47,0,1
50,70,48,0,1
50,70,49,0,1
50,70,50,0,1
50,70,51,0,1
50,70,52,0,1
50,70,53,0,1
50,70,54,0,1
50,70,55,0,1
50,70,56,0,1
50,70,57,0,1
50,70,58,0,1
50,70,59,0,1
50,70,60,0,1
50,70,61,0,1
50,70,62,0,1
50,70,63,0,1
50,71,0,0,1
50,71,1,0,1
50,71,2,0,1
50,71,3,0,1
50,71,4,0,1
50,71,5,0,1
50,71,6,0,1
50,71,7,0,1
50,71,8,0,1
50,71,9,0,1
50,71,10,0,1
50,71,11,0,1
50,71,12,0,1
50,71,13,0,1
50,71,14,0,1
50,71,15,0,1
50,71,16,0,1
50,71,17,0,1
50,71,18,0,1
50,71,19,0,1
50,71,20,0,1
50,71,21,0,1
50,71,22,0,1
50,71,23,0,1
50,71,24,0,1
50,71,25,0,1
50,71,26,0,1
50,71,27,0,1
50,71,28,0,1
50,71,29,0,1
50,71,30,0,1
50,71,31,0,1
50,71,32,0,1
50,71,33,0,1
50,71,34,0,1
50,71,35,0,1
50,71,36,0,1
50,71,37,0,1
50,71,38,0,1
50,71,39,0,1
50,71,40,0,1
50,71,41,0,1
50,71,42,0,1
50,71,43,0,1
50,71,44,0,1
50,71,45,0,1
50,71,46,0,1
50,71,47,0,1
50,71,48,0,1
50,71,49,0,1
50,71,50,0,1
50,71,51,0,1
50,71,52,0,1
50,71,53,0,1
50,71,54,0,1
50,71,55,0,1
50,71,56,0,1
50,71,57,0,1
50,71,58,0,1
50,71,59,0,1
50,71,60,0,1
50,71,61,0,1
50,71,62,0,1
50,71,63,0,1
50,72,0,0,1
50,72,1,0,1
50,72,2,0,1
50,72,3,0,1
50,72,4,0,1
50,72,5,0,1
50,72,6,0,1
50,72,7,0,1
50,72,8,0,1
50,72,9,0,1
50,72,10,0,1
50,72,11,0,1
50,72,12,0,1
50,72,13,0,1
50,72,14,0,1
50,72,15,0,1
50,72,16,0,1
50,72,17,0,1
50,72,18,0,1
50,72,19,0,1
50,72,20,0,1
50,72,21,0,1
50,72,22,0,1
50,72,23,0,1
50,72,24,0,1
50,72,25,0,1
50,72,26,0,1
50,72,27,0,1
50,72,28,0,1
50,72,29,0,1
50,72,30,0,1
50,72,31,0,1
50,72,32,0,1
50,72,33,0,1
50,72,34,0,1
50,72,35,0,1
50,72,36,0,1
50,72,37,0,1
50,72,38,0,1
50,72,39,0,1
50,72,40,0,1
50,72,41,0,1
50,72,42,0,1
50,72,43,0,1
50,72,44,0,1
50,72,45,0,1
50,72,46,0,1
50,72,47,0,1
50,72,48,0,1
50,72,49,0,1
50,72,50,0,1
50,72,51,0,1
50,72,52,0,1
50,72,53,0,1
50,72,54,0,1
50,72,55,0,1
50,72,56,0,1
50,72,57,0,1
50,72,58,0,1
50,72,59,0,1
50,72,60,0,1
50,72,61,0,1
50,72,62,0,1
50,72,63,0,1
50,73,0,0,1
50,73,1,0,1
50,73,2,0,1
50,73,3,0,1
50,73,4,0,1
50,73,5,0,1
50,73,6,0,1
50,73,7,0,1
50,73,8,0,1
50,73,9,0,1
50,73,10,0,1
50,73,11,0,1
50,73,12,0,1
50,73,13,0,1
50,73,14,0,1
50,73,15,0,1
50,73,16,0,1
50,73,17,0,1
50,73,18,0,1
50,73,19,0,1
50,73,20,0,1
50,73,21,0,1
50,73,22,0,1
50,73,23,0,1
50,73,24,0,1
50,73,25,0,1
50,73,26,0,1
50,73,27,0,1
50,73,28,0,1
50,73,29,0,1
50,73,30,0,1
50,73,31,0,1
50,73,32,0,1
50,73,33,0,1
50,73,34,0,1
50,73,35,0,1
50,73,36,0,1
50,73,37,0,1
50,73,38,0,1
50,73,39,0,1
50,73,40,0,1
50,73,41,0,1
50,73,42,0,1
50,73,43,0,1
50,73,44,0,1
50,73,45,0,1
50,73,46,0,1
50,73,47,0,1
50,73,48,0,1
50,73,49,0,1
50,73,50,0,1
50,73,51,0,1
50,73,52,0,1
50,73,53,0,1
50,73,54,0,1
50,73,55,0,1
50,73,56,0,1
50,73,57,0,1
50,73,58,0,1
50,73,59,0,1
50,73,60,0,1
50,73,61,0,1
50,73,62,0,1
50,73,63,0,1
50,74,0,0,1
50,74,1,0,1
50,74,2,0,1
50,74,3,0,1
50,74,4,0,1
50,74,5,0,1
50,74,6,0,1
50,74,7,0,1
50,74,8,0,1
50,74,9,0,1
50,74,10,0,1
50,74,11,0,1
50,74,12,0,1
50,74,13,0,1
50,74,14,0,1
50,74,15,0,1
50,74,16,0,1
50,74,17,0,1
50,74,18,0,1
50,74,19,0,1
50,74,20,0,1
50,74,21,0,1
50,74,22,0,1
50,74,23,0,1
50,74,24,0,1
50,74,25,0,1
50,74,26,0,1
50,74,27,0,1
50,74,28,0,1
50,74,29,0,1
50,74,30,0,1
50,74,31,0,1
50,74,32,0,1
50,74,33,0,1
50,74,34,0,1
50,74,35,0,1
50,74,36,0,1
50,74,37,0,1
50,74,38,0,1
50,74,39,0,1
50,74,40,0,1
50,74,41,0,1
50,74,42,0,1
50,74,43,0,1
50,74,44,0,1
50,74,45,0,1
50,74,46,0,1
50,74,47,0,1
50,74,48,0,1
50,74,49,0,1
50,74,50,0,1
50,74,51,0,1
50,74,52,0,1
50,74,53,0,1
50,74,54,0,1
50,74,55,0,1
50,74,56,0,1
50,74,57,0,1
50,74,58,0,1
50,74,59,0,1
50,74,60,0,1
50,74,61,0,1
50,74,62,0,1
50,74,63,0,1
50,75,0,0,1
50,75,1,0,1
50,75,2,0,1
50,75,3,0,1
50,75,4,0,1
50,75,5,0,1
50,75,6,0,1
50,75,7,0,1
50,75,8,0,1
50,75,9,0,1
50,75,10,0,1
50,75,11,0,1
50,75,12,0,1
50,75,13,0,1
50,75,14,0,1
50,75,15,0,1
50,75,16,0,1
50,75,17,0,1
50,75,18,0,1
50,75,19,0,1
50,75,20,0,1
50,75,21,0,1
50,75,22,0,1
50,75,23,0,1
50,75,24,0,1
50,75,25,0,1
50,75,26,0,1
50,75,27,0,1
50,75,28,0,1
50,75,29,0,1
50,75,30,0,1
50,75,31,0,1
50,75,32,0,1
50,75,33,0,1
50,75,34,0,1
50,75,35,0,1
50,75,36,0,1
50,75,37,0,1
50,75,38,0,1
50,75,39,0,1
50,75,40,0,1
50,75,41,0,1
50,75,42,0,1
50,75,43,0,1
50,75,44,0,1
50,75,45,0,1
50,75,46,0,1
50,75,47,0,1
50,75,48,0,1
50,75,49,0,1
50,75,50,0,1
50,75,51,0,1
50,75,52,0,1
50,75,53,0,1
50,75,54,0,1
50,75,55,0,1
50,75,56,0,1
50,75,57,0,1
50,75,58,0,1
50,75,59,0,1
50,75,60,0,1
50,75,61,0,1
50,75,62,0,1
50,75,63,0,1
50,76,0,0,1
50,76,1,0,1
50,76,2,0,1
50,76,3,0,1
50,76,4,0,1
50,76,5,0,1
50,76,6,0,1
50,76,7,0,1
50,76,8,0,1
50,76,9,0,1
50,76,10,0,1
50,76,11,0,1
50,76,12,0,1
50,76,13,0,1
50,76,14,0,1
50,76,15,0,1
50,76,16,0,1
50,76,17,0,1
50,76,18,0,1
50,76,19,0,1
50,76,20,0,1
50,76,21,0,1
50,76,22,0,1
50,76,23,0,1
50,76,24,0,1
50,76,25,0,1
50,76,26,0,1
50,76,27,0,1
50,76,28,0,1
50,76,29,0,1
50,76,30,0,1
50,76,31,0,1
50,76,32,0,1
50,76,33,0,1
50,76,34,0,1
50,76,35,0,1
50,76,36,0,1
50,76,37,0,1
50,76,38,0,1
50,76,39,0,1
50,76,40,0,1
50,76,41,0,1
50,76,42,0,1
50,76,43,0,1
50,76,44,0,1
50,76,45,0,1
50,76,46,0,1
50,76,47,0,1
50,76,48,0,1
50,76,49,0,1
50,76,50,0,1
50,76,51,0,1
50,76,52,0,1
50,76,53,0,1
50,76,54,0,1
50,76,55,0,1
50,76,56,0,1
50,76,57,0,1
50,76,58,0,1
50,76,59,0,1
50,76,60,0,1
50,76,61,0,1
50,76,62,0,1
50,76,63,0,1
50,77,0,0,1
50,77,1,0,1
50,77,2,0,1
50,77,3,0,1
50,77,4,0,1
50,77,5,0,1
50,77,6,0,1
50,77,7,0,1
50,77,8,0,1
50,77,9,0,1
50,77,10,0,1
50,77,11,0,1
50,77,12,0,1
50,77,13,0,1
50,77,14,0,1
50,77,15,0,1
50,77,16,0,1
50,77,17,0,1
50,77,18,0,1
50,77,19,0,1
50,77,20,0,1
50,77,21,0,1
50,77,22,0,1
50,77,23,0,1
50,77,24,0,1
50,77,25,0,1
50,77,26,0,1
50,77,27,0,1
50,77,28,0,1
50,77,29,0,1
50,77,30,0,1
50,77,31,0,1
50,77,32,0,1
50,77,33,0,1
50,77,34,0,1
50,77,35,0,1
50,77,36,0,1
50,77,37,0,1
50,77,38,0,1
50,77,39,0,1
50,77,40,0,1
50,77,41,0,1
50,77,42,0,1
50,77,43,0,1
50,77,44,0,1
50,77,45,0,1
50,77,46,0,1
50,77,47,0,1
50,77,48,0,1
50,77,49,0,1
50,77,50,0,1
50,77,51,0,1
50,77,52,0,1
50,77,53,0,1
50,77,54,0,1
50,77,55,0,1
50,77,56,0,1
50,77,57,0,1
50,77,58,0,1
50,77,59,0,1
50,77,60,0,1
50,77,61,0,1
50,77,62,0,1
50,77,63,0,1
50,78,0,0,1
50,78,1,0,1
50,78,2,0,1
50,78,3,0,1
50,78,4,0,1
50,78,5,0,1
50,78,6,0,1
50,78,7,0,1
50,78,8,0,1
50,78,9,0,1
50,78,10,0,1
50,78,11,0,1
50,78,12,0,1
50,78,13,0,1
50,78,14,0,1
50,78,15,0,1
50,78,16,0,1
50,78,17,0,1
50,78,18,0,1
50,78,19,0,1
50,78,20,0,1
50,78,21,0,1
50,78,22,0,1
50,78,23,0,1
50,78,24,0,1
50,78,25,0,1
50,78,26,0,1
50,78,27,0,1
50,78,28,0,1
50,78,29,0,1
50,78,30,0,1
50,78,31,0,1
50,78,32,0,1
50,78,33,0,1
50,78,34,0,1
50,78,35,0,1
50,78,36,0,1
50,78,37,0,1
50,78,38,0,1
50,78,39,0,1
50,78,40,0,1
50,78,41,0,1
50,78,42,0,1
50,78,43,0,1
50,78,44,0,1
50,78,45,0,1
50,78,46,0,1
50,78,47,0,1
50,78,48,0,1
50,78,49,0,1
50,78,50,0,1
50,78,51,0,1
50,78,52,0,1
50,78,53,0,1
50,78,54,0,1
50,78,55,0,1
50,78,56,0,1
50,78,57,0,1
50,78,58,0,1
50,78,59,0,1
50,78,60,0,1
50,78,61,0,1
50,78,62,0,1
50,78,63,0,1
50,79,0,0,1
50,79,1,0,1
50,79,2,0,1
50,79,3,0,1
50,79,4,0,1
50,79,5,0,1
50,79,6,0,1
50,79,7,0,1
50,79,8,0,1
50,79,9,0,1
50,79,10,0,1
50,79,11,0,1
50,79,12,0,1
50,79,13,0,1
50,79,14,0,1
50,79,15,0,1
50,79,16,0,1
50,79,17,0,1
50,79,18,0,1
50,79,19,0,1
50,79,20,0,1
50,79,21,0,1
50,79,22,0,1
50,79,23,0,1
50,79,24,0,1
50,79,25,0,1
50,79,26,0,1
50,79,27,0,1
50,79,28,0,1
50,79,29,0,1
50,79,30,0,1
50,79,31,0,1
50,79,32,0,1
50,79,33,0,1
50,79,34,0,1
50,79,35,0,1
50,79,36,0,1
50,79,37,0,1
50,79,38,0,1
50,79,39,0,1
50,79,40,0,1
50,79,41,0,1
50,79,42,0,1
50,79,43,0,1
50,79,44,0,1
50,79,45,0,1
50,79,46,0,1
50,79,47,0,1
50,79,48,0,1
50,79,49,0,1
50,79,50,0,1
50,79,51,0,1
50,79,52,0,1
50,79,53,0,1
50,79,54,0,1
50,79,55,0,1
50,79,56,0,1
50,79,57,0,1
50,79,58,0,1
50,79,59,0,1
50,79,60,0,1
50,79,61,0,1
50,79,62,0,1
50,79,63,0,1
50,80,0,0,1
50,80,1,0,1
50,80,2,0,1
50,80,3,0,1
50,80,4,0,1
50,80,5,0,1
50,80,6,0,1
50,80,7,0,1
50,80,8,0,1
50,80,9,0,1
50,80,10,0,1
50,80,11,0,1
50,80,12,0,1
50,80,13,0,1
50,80,14,0,1
50,80,15,0,1
50,80,16,0,1
50,80,17,0,1
50,80,18,0,1
50,80,19,0,1
50,80,20,0,1
50,80,21,0,1
50,80,22,0,1
50,80,23,0,1
50,80,24,0,1
50,80,25,0,1
50,80,26,0,1
50,80,27,0,1
50,80,28,0,1
50,80,29,0,1
50,80,30,0,1
50,80,31,0,1
50,80,32,0,1
50,80,33,0,1
50,80,34,0,1
50,80,35,0,1
50,80,36,0,1
50,80,37,0,1
50,80,38,0,1
50,80,39,0,1
50,80,40,0,1
50,80,41,0,1
50,80,42,0,1
50,80,43,0,1
50,80,44,0,1
50,80,45,0,1
50,80,46,0,1
50,80,47,0,1
50,80,48,0,1
50,80,49,0,1
50,80,50,0,1
50,80,51,0,1
50,80,52,0,1
50,80,53,0,1
50,80,54,0,1
50,80,55,0,1
50,80,56,0,1
50,80,57,0,1
50,80,58,0,1
50,80,59,0,1
50,80,60,0,1
50,80,61,0,1
50,80,62,0,1
50,80,63,0,1
50,81,0,0,1
50,81,1,0,1
50,81,2,0,1
50,81,3,0,1
50,81,4,0,1
50,81,5,0,1
50,81,6,0,1
50,81,7,0,1
50,81,8,0,1
50,81,9,0,1
50,81,10,0,1
50,81,11,0,1
50,81,12,0,1
50,81,13,0,1
50,81,14,0,1
50,81,15,0,1
50,81,16,0,1
50,81,17,0,1
50,81,18,0,1
50,81,19,0,1
50,81,20,0,1
50,81,21,0,1
50,81,22,0,1
50,81,23,0,1
50,81,24,0,1
50,81,25,0,1
50,81,26,0,1
50,81,27,0,1
50,81,28,0,1
50,81,29,0,1
50,81,30,0,1
50,81,31,0,1
50,81,32,0,1
50,81,33,0,1
50,81,34,0,1
50,81,35,0,1
50,81,36,0,1
50,81,37,0,1
50,81,38,0,1
50,81,39,0,1
50,81,40,0,1
50,81,41,0,1
50,81,42,0,1
50,81,43,0,1
50,81,44,0,1
50,81,45,0,1
50,81,46,0,1
50,81,47,0,1
50,81,48,0,1
50,81,49,0,1
50,81,50,0,1
50,81,51,0,1
50,81,52,0,1
50,81,53,0,1
50,81,54,0,1
50,81,55,0,1
50,81,56,0,1
50,81,57,0,1
50,81,58,0,1
50,81,59,0,1
50,81,60,0,1
50,81,61,0,1
50,81,62,0,1
50,81,63,0,1
50,82,0,0,1
50,82,1,0,1
50,82,2,0,1
50,82,3,0,1
50,82,4,0,1
50,82,5,0,1
50,82,6,0,1
50,82,7,0,1
50,82,8,0,1
50,82,9,0,1
50,82,10,0,1
50,82,11,0,1
50,82,12,0,1
50,82,13,0,1
50,82,14,0,1
50,82,15,0,1
50,82,16,0,1
50,82,17,0,1
50,82,18,0,1
50,82,19,0,1
50,82,20,0,1
50,82,21,0,1
50,82,22,0,1
50,82,23,0,1
50,82,24,0,1
50,82,25,0,1
50,82,26,0,1
50,82,27,0,1
50,82,28,0,1
50,82,29,0,1
50,82,30,0,1
50,82,31,0,1
50,82,32,0,1
50,82,33,0,1
50,82,34,0,1
50,82,35,0,1
50,82,36,0,1
50,82,37,0,1
50,82,38,0,1
50,82,39,0,1
50,82,40,0,1
50,82,41,0,1
50,82,42,0,1
50,82,43,0,1
50,82,44,0,1
50,82,45,0,1
50,82,46,0,1
50,82,47,0,1
50,82,48,0,1
50,82,49,0,1
50,82,50,0,1
50,82,51,0,1
50,82,52,0,1
50,82,53,0,1
50,82,54,0,1
50,82,55,0,1
50,82,56,0,1
50,82,57,0,1
50,82,58,0,1
50,82,59,0,1
50,82,60,0,1
50,82,61,0,1
50,82,62,0,1
50,82,63,0,1
50,83,0,0,1
50,83,1,0,1
50,83,2,0,1
50,83,3,0,1
50,83,4,0,1
50,83,5,0,1
50,83,6,0,1
50,83,7,0,1
50,83,8,0,1
50,83,9,0,1
50,83,10,0,1
50,83,11,0,1
50,83,12,0,1
50,83,13,0,1
50,83,14,0,1
50,83,15,0,1
50,83,16,0,1
50,83,17,0,1
50,83,18,0,1
50,83,19,0,1
50,83,20,0,1
50,83,21,0,1
50,83,22,0,1
50,83,23,0,1
50,83,24,0,1
50,83,25,0,1
50,83,26,0,1
50,83,27,0,1
50,83,28,0,1
50,83,29,0,1
50,83,30,0,1
50,83,31,0,1
50,83,32,0,1
50,83,33,0,1
50,83,34,0,1
50,83,35,0,1
50,83,36,0,1
50,83,37,0,1
50,83,38,0,1
50,83,39,0,1
50,83,40,0,1
50,83,41,0,1
50,83,42,0,1
50,83,43,0,1
50,83,44,0,1
50,83,45,0,1
50,83,46,0,1
50,83,47,0,1
50,83,48,0,1
50,83,49,0,1
50,83,50,0,1
50,83,51,0,1
50,83,52,0,1
50,83,53,0,1
50,83,54,0,1
50,83,55,0,1
50,83,56,0,1
50,83,57,0,1
50,83,58,0,1
50,83,59,0,1
50,83,60,0,1
50,83,61,0,1
50,83,62,0,1
50,83,63,0,1
50,84,0,0,1
50,84,1,0,1
50,84,2,0,1
50,84,3,0,1
50,84,4,0,1
50,84,5,0,1
50,84,6,0,1
50,84,7,0,1
50,84,8,0,1
50,84,9,0,1
50,84,10,0,1
50,84,11,0,1
50,84,12,0,1
50,84,13,0,1
50,84,14,0,1
50,84,15,0,1
50,84,16,0,1
50,84,17,0,1
50,84,18,0,1
50,84,19,0,1
50,84,20,0,1
50,84,21,0,1
50,84,22,0,1
50,84,23,0,1
50,84,24,0,1
50,84,25,0,1
50,84,26,0,1
50,84,27,0,1
50,84,28,0,1
50,84,29,0,1
50,84,30,0,1
50,84,31,0,1
50,84,32,0,1
50,84,33,0,1
50,84,34,0,1
50,84,35,0,1
50,84,36,0,1
50,84,37,0,1
50,84,38,0,1
50,84,39,0,1
50,84,40,0,1
50,84,41,0,1
50,84,42,0,1
50,84,43,0,1
50,84,44,0,1
50,84,45,0,1
50,84,46,0,1
50,84,47,0,1
50,84,48,0,1
50,84,49,0,1
50,84,50,0,1
50,84,51,0,1
50,84,52,0,1
50,84,53,0,1
50,84,54,0,1
50,84,55,0,1
50,84,56,0,1
50,84,57,0,1
50,84,58,0,1
50,84,59,0,1
50,84,60,0,1
50,84,61,0,1
50,84,62,0,1
50,84,63,0,1
50,85,0,0,1
50,85,1,0,1
50,85,2,0,1
50,85,3,0,1
50,85,4,0,1
50,85,5,0,1
50,85,6,0,1
50,85,7,0,1
50,85,8,0,1
50,85,9,0,1
50,85,10,0,1
50,85,11,0,1
50,85,12,0,1
50,85,13,0,1
50,85,14,0,1
50,85,15,0,1
50,85,16,0,1
50,85,17,0,1
50,85,18,0,1
50,85,19,0,1
50,85,20,0,1
50,85,21,0,1
50,85,22,0,1
50,85,23,0,1
50,85,24,0,1
50,85,25,0,1
50,85,26,0,1
50,85,27,0,1
50,85,28,0,1
50,85,29,0,1
50,85,30,0,1
50,85,31,0,1
50,85,32,0,1
50,85,33,0,1
50,85,34,0,1
50,85,35,0,1
50,85,36,0,1
50,85,37,0,1
50,85,38,0,1
50,85,39,0,1
50,85,40,0,1
50,85,41,0,1
50,85,42,0,1
50,85,43,0,1
50,85,44,0,1
50,85,45,0,1
50,85,46,0,1
50,85,47,0,1
50,85,48,0,1
50,85,49,0,1
50,85,50,0,1
50,85,51,0,1
50,85,52,0,1
50,85,53,0,1
50,85,54,0,1
50,85,55,0,1
50,85,56,0,1
50,85,57,0,1
50,85,58,0,1
50,85,59,0,1
50,85,60,0,1
50,85,61,0,1
50,85,62,0,1
50,85,63,0,1
50,86,0,0,1
50,86,1,0,1
50,86,2,0,1
50,86,3,0,1
50,86,4,0,1
50,86,5,0,1
50,86,6,0,1
50,86,7,0,1
50,86,8,0,1
50,86,9,0,1
50,86,10,0,1
50,86,11,0,1
50,86,12,0,1
50,86,13,0,1
50,86,14,0,1
50,86,15,0,1
50,86,16,0,1
50,86,17,0,1
50,86,18,0,1
50,86,19,0,1
50,86,20,0,1
50,86,21,0,1
50,86,22,0,1
50,86,23,0,1
50,86,24,0,1
50,86,25,0,1
50,86,26,0,1
50,86,27,0,1
50,86,28,0,1
50,86,29,0,1
50,86,30,0,1
50,86,31,0,1
50,86,32,0,1
50,86,33,0,1
50,86,34,0,1
50,86,35,0,1
50,86,36,0,1
50,86,37,0,1
50,86,38,0,1
50,86,39,0,1
50,86,40,0,1
50,86,41,0,1
50,86,42,0,1
50,86,43,0,1
50,86,44,0,1
50,86,45,0,1
50,86,46,0,1
50,86,47,0,1
50,86,48,0,1
50,86,49,0,1
50,86,50,0,1
50,86,51,0,1
50,86,52,0,1
50,86,53,0,1
50,86,54,0,1
50,86,55,0,1
50,86,56,0,1
50,86,57,0,1
50,86,58,0,1
50,86,59,0,1
50,86,60,0,1
50,86,61,0,1
50,86,62,0,1
50,86,63,0,1
50,87,0,0,1
50,87,1,0,1
50,87,2,0,1
50,87,3,0,1
50,87,4,0,1
50,87,5,0,1
50,87,6,0,1
50,87,7,0,1
50,87,8,0,1
50,87,9,0,1
50,87,10,0,1
50,87,11,0,1
50,87,12,0,1
50,87,13,0,1
50,87,14,0,1
50,87,15,0,1
50,87,16,0,1
50,87,17,0,1
50,87,18,0,1
50,87,19,0,1
50,87,20,0,1
50,87,21,0,1
50,87,22,0,1
50,87,23,0,1
50,87,24,0,1
50,87,25,0,1
50,87,26,0,1
50,87,27,0,1
50,87,28,0,1
50,87,29,0,1
50,87,30,0,1
50,87,31,0,1
50,87,32,0,1
50,87,33,0,1
50,87,34,0,1
50,87,35,0,1
50,87,36,0,1
50,87,37,0,1
50,87,38,0,1
50,87,39,0,1
50,87,40,0,1
50,87,41,0,1
50,87,42,0,1
50,87,43,0,1
50,87,44,0,1
50,87,45,0,1
50,87,46,0,1
50,87,47,0,1
50,87,48,0,1
50,87,49,0,1
50,87,50,0,1
50,87,51,0,1
50,87,52,0,1
50,87,53,0,1
50,87,54,0,1
50,87,55,0,1
50,87,56,0,1
50,87,57,0,1
50,87,58,0,1
50,87,59,0,1
50,87,60,0,1
50,87,61,0,1
50,87,62,0,1
50,87,63,0,1
50,88,0,0,1
50,88,1,0,1
50,88,2,0,1
50,88,3,0,1
50,88,4,0,1
50,88,5,0,1
50,88,6,0,1
50,88,7,0,1
50,88,8,0,1
50,88,9,0,1
50,88,10,0,1
50,88,11,0,1
50,88,12,0,1
50,88,13,0,1
50,88,14,0,1
50,88,15,0,1
50,88,16,0,1
50,88,17,0,1
50,88,18,0,1
50,88,19,0,1
50,88,20,0,1
50,88,21,0,1
50,88,22,0,1
50,88,23,0,1
50,88,24,0,1
50,88,25,0,1
50,88,26,0,1
50,88,27,0,1
50,88,28,0,1
50,88,29,0,1
50,88,30,0,1
50,88,31,0,1
50,88,32,0,1
50,88,33,0,1
50,88,34,0,1
50,88,35,0,1
50,88,36,0,1
50,88,37,0,1
50,88,38,0,1
50,88,39,0,1
50,88,40,0,1
50,88,41,0,1
50,88,42,0,1
50,88,43,0,1
50,88,44,0,1
50,88,45,0,1
50,88,46,0,1
50,88,47,0,1
50,88,48,0,1
50,88,49,0,1
50,88,50,0,1
50,88,51,0,1
50,88,52,0,1
50,88,53,0,1
50,88,54,0,1
50,88,55,0,1
50,88,56,0,1
50,88,57,0,1
50,88,58,0,1
50,88,59,0,1
50,88,60,0,1
50,88,61,0,1
50,88,62,0,1
50,88,63,0,1
50,89,0,0,1
50,89,1,0,1
50,89,2,0,1
50,89,3,0,1
50,89,4,0,1
50,89,5,0,1
50,89,6,0,1
50,89,7,0,1
50,89,8,0,1
50,89,9,0,1
50,89,10,0,1
50,89,11,0,1
50,89,12,0,1
50,89,13,0,1
50,89,14,0,1
50,89,15,0,1
50,89,16,0,1
50,89,17,0,1
50,89,18,0,1
50,89,19,0,1
50,89,20,0,1
50,89,21,0,1
50,89,22,0,1
50,89,23,0,1
50,89,24,0,1
50,89,25,0,1
50,89,26,0,1
50,89,27,0,1
50,89,28,0,1
50,89,29,0,1
50,89,30,0,1
50,89,31,0,1
50,89,32,0,1
50,89,33,0,1
50,89,34,0,1
50,89,35,0,1
50,89,36,0,1
50,89,37,0,1
50,89,38,0,1
50,89,39,0,1
50,89,40,0,1
50,89,41,0,1
50,89,42,0,1
50,89,43,0,1
50,89,44,0,1
50,89,45,0,1
50,89,46,0,1
50,89,47,0,1
50,89,48,0,1
50,89,49,0,1
50,89,50,0,1
50,89,51,0,1
50,89,52,0,1
50,89,53,0,1
50,89,54,0,1
50,89,55,0,1
50,89,56,0,1
50,89,57,0,1
50,89,58,0,1
50,89,59,0,1
50,89,60,0,1
50,89,61,0,1
50,89,62,0,1
50,89,63,0,1
50,90,0,0,1
50,90,1,0,1
50,90,2,0,1
50,90,3,0,1
50,90,4,0,1
50,90,5,0,1
50,90,6,0,1
50,90,7,0,1
50,90,8,0,1
50,90,9,0,1
50,90,10,0,1
50,90,11,0,1
50,90,12,0,1
50,90,13,0,1
50,90,14,0,1
50,90,15,0,1
50,90,16,0,1
50,90,17,0,1
50,90,18,0,1
50,90,19,0,1
50,90,20,0,1
50,90,21,0,1
50,90,22,0,1
50,90,23,0,1
50,90,24,0,1
50,90,25,0,1
50,90,26,0,1
50,90,27,0,1
50,90,28,0,1
50,90,29,0,1
50,90,30,0,1
50,90,31,0,1
50,90,32,0,1
50,90,33,0,1
50,90,34,0,1
50,90,35,0,1
50,90,36,0,1
50,90,37,0,1
50,90,38,0,1
50,90,39,0,1
50,90,40,0,1
50,90,41,0,1
50,90,42,0,1
50,90,43,0,1
50,90,44,0,1
50,90,45,0,1
50,90,46,0,1
50,90,47,0,1
50,90,48,0,1
50,90,49,0,1
50,90,50,0,1
50,90,51,0,1
50,90,52,0,1
50,90,53,0,1
50,90,54,0,1
50,90,55,0,1
50,90,56,0,1
50,90,57,0,1
50,90,58,0,1
50,90,59,0,1
50,90,60,0,1
50,90,61,0,1
50,90,62,0,1
50,90,63,0,1
50,91,0,0,1
50,91,1,0,1
50,91,2,0,1
50,91,3,0,1
50,91,4,0,1
50,91,5,0,1
50,91,6,0,1
50,91,7,0,1
50,91,8,0,1
50,91,9,0,1
50,91,10,0,1
50,91,11,0,1
50,91,12,0,1
50,91,13,0,1
50,91,14,0,1
50,91,15,0,1
50,91,16,0,1
50,91,17,0,1
50,91,18,0,1
50,91,19,0,1
50,91,20,0,1
50,91,21,0,1
50,91,22,0,1
50,91,23,0,1
50,91,24,0,1
50,91,25,0,1
50,91,26,0,1
50,91,27,0,1
50,91,28,0,1
50,91,29,0,1
50,91,30,0,1
50,91,31,0,1
50,91,32,0,1
50,91,33,0,1
50,91,34,0,1
50,91,35,0,1
50,91,36,0,1
50,91,37,0,1
50,91,38,0,1
50,91,39,0,1
50,91,40,0,1
50,91,41,0,1
50,91,42,0,1
50,91,43,0,1
50,91,44,0,1
50,91,45,0,1
50,91,46,0,1
50,91,47,0,1
50,91,48,0,1
50,91,49,0,1
50,91,50,0,1
50,91,51,0,1
50,91,52,0,1
50,91,53,0,1
50,91,54,0,1
50,91,55,0,1
50,91,56,0,1
50,91,57,0,1
50,91,58,0,1
50,91,59,0,1
50,91,60,0,1
50,91,61,0,1
50,91,62,0,1
50,91,63,0,1
50,92,0,0,1
50,92,1,0,1
50,92,2,0,1
50,92,3,0,1
50,92,4,0,1
50,92,5,0,1
50,92,6,0,1
50,92,7,0,1
50,92,8,0,1
50,92,9,0,1
50,92,10,0,1
50,92,11,0,1
50,92,12,0,1
50,92,13,0,1
50,92,14,0,1
50,92,15,0,1
50,92,16,0,1
50,92,17,0,1
50,92,18,0,1
50,92,19,0,1
50,92,20,0,1
50,92,21,0,1
50,92,22,0,1
50,92,23,0,1
50,92,24,0,1
50,92,25,0,1
50,92,26,0,1
50,92,27,0,1
50,92,28,0,1
50,92,29,0,1
50,92,30,0,1
50,92,31,0,1
50,92,32,0,1
50,92,33,0,1
50,92,34,0,1
50,92,35,0,1
50,92,36,0,1
50,92,37,0,1
50,92,38,0,1
50,92,39,0,1
50,92,40,0,1
50,92,41,0,1
50,92,42,0,1
50,92,43,0,1
50,92,44,0,1
50,92,45,0,1
50,92,46,0,1
50,92,47,0,1
50,92,48,0,1
50,92,49,0,1
50,92,50,0,1
50,92,51,0,1
50,92,52,0,1
50,92,53,0,1
50,92,54,0,1
50,92,55,0,1
50,92,56,0,1
50,92,57,0,1
50,92,58,0,1
50,92,59,0,1
50,92,60,0,1
50,92,61,0,1
50,92,62,0,1
50,92,63,0,1
50,93,0,0,1
50,93,1,0,1
50,93,2,0,1
50,93,3,0,1
50,93,4,0,1
50,93,5,0,1
50,93,6,0,1
50,93,7,0,1
50,93,8,0,1
50,93,9,0,1
50,93,10,0,1
50,93,11,0,1
50,93,12,0,1
50,93,13,0,1
50,93,14,0,1
50,93,15,0,1
50,93,16,0,1
50,93,17,0,1
50,93,18,0,1
50,93,19,0,1
50,93,20,0,1
50,93,21,0,1
50,93,22,0,1
50,93,23,0,1
50,93,24,0,1
50,93,25,0,1
50,93,26,0,1
50,93,27,0,1
50,93,28,0,1
50,93,29,0,1
50,93,30,0,1
50,93,31,0,1
50,93,32,0,1
50,93,33,0,1
50,93,34,0,1
50,93,35,0,1
50,93,36,0,1
50,93,37,0,1
50,93,38,0,1
50,93,39,0,1
50,93,40,0,1
50,93,41,0,1
50,93,42,0,1
50,93,43,0,1
50,93,44,0,1
50,93,45,0,1
50,93,46,0,1
50,93,47,0,1
50,93,48,0,1
50,93,49,0,1
50,93,50,0,1
50,93,51,0,1
50,93,52,0,1
50,93,53,0,1
50,93,54,0,1
50,93,55,0,1
50,93,56,0,1
50,93,57,0,1
50,93,58,0,1
50,93,59,0,1
50,93,60,0,1
50,93,61,0,1
50,93,62,0,1
50,93,63,0,1
50,94,0,0,1
50,94,1,0,1
50,94,2,0,1
50,94,3,0,1
50,94,4,0,1
50,94,5,0,1
50,94,6,0,1
50,94,7,0,1
50,94,8,0,1
50,94,9,0,1
50,94,10,0,1
50,94,11,0,1
50,94,12,0,1
50,94,13,0,1
50,94,14,0,1
50,94,15,0,1
50,94,16,0,1
50,94,17,0,1
50,94,18,0,1
50,94,19,0,1
50,94,20,0,1
50,94,21,0,1
50,94,22,0,1
50,94,23,0,1
50,94,24,0,1
50,94,25,0,1
50,94,26,0,1
50,94,27,0,1
50,94,28,0,1
50,94,29,0,1
50,94,30,0,1
50,94,31,0,1
50,94,32,0,1
50,94,33,0,1
50,94,34,0,1
50,94,35,0,1
50,94,36,0,1
50,94,37,0,1
50,94,38,0,1
50,94,39,0,1
50,94,40,0,1
50,94,41,0,1
50,94,42,0,1
50,94,43,0,1
50,94,44,0,1
50,94,45,0,1
50,94,46,0,1
50,94,47,0,1
50,94,48,0,1
50,94,49,0,1
50,94,50,0,1
50,94,51,0,1
50,94,52,0,1
50,94,53,0,1
50,94,54,0,1
50,94,55,0,1
50,94,56,0,1
50,94,57,0,1
50,94,58,0,1
50,94,59,0,1
50,94,60,0,1
50,94,61,0,1
50,94,62,0,1
50,94,63,0,1
50,95,0,0,1
50,95,1,0,1
50,95,2,0,1
50,95,3,0,1
50,95,4,0,1
50,95,5,0,1
50,95,6,0,1
50,95,7,0,1
50,95,8,0,1
50,95,9,0,1
50,95,10,0,1
50,95,11,0,1
50,95,12,0,1
50,95,13,0,1
50,95,14,0,1
50,95,15,0,1
50,95,16,0,1
50,95,17,0,1
50,95,18,0,1
50,95,19,0,1
50,95,20,0,1
50,95,21,0,1
50,95,22,0,1
50,95,23,0,1
50,95,24,0,1
50,95,25,0,1
50,95,26,0,1
50,95,27,0,1
50,95,28,0,1
50,95,29,0,1
50,95,30,0,1
50,95,31,0,1
50,95,32,0,1
50,95,33,0,1
50,95,34,0,1
50,95,35,0,1
50,95,36,0,1
50,95,37,0,1
50,95,38,0,1
50,95,39,0,1
50,95,40,0,1
50,95,41,0,1
50,95,42,0,1
50,95,43,0,1
50,95,44,0,1
50,95,45,0,1
50,95,46,0,1
50,95,47,0,1
50,95,48,0,1
50,95,49,0,1
50,95,50,0,1
50,95,51,0,1
50,95,52,0,1
50,95,53,0,1
50,95,54,0,1
50,95,55,0,1
50,95,56,0,1
50,95,57,0,1
50,95,58,0,1
50,95,59,0,1
50,95,60,0,1
50,95,61,0,1
50,95,62,0,1
50,95,63,0,1
50,96,0,0,1
50,96,1,0,1
50,96,2,0,1
50,96,3,0,1
50,96,4,0,1
50,96,5,0,1
50,96,6,0,1
50,96,7,0,1
50,96,8,0,1
50,96,9,0,1
50,96,10,0,1
50,96,11,0,1
50,96,12,0,1
50,96,13,0,1
50,96,14,0,1
50,96,15,0,1
50,96,16,0,1
50,96,17,0,1
50,96,18,0,1
50,96,19,0,1
50,96,20,0,1
50,96,21,0,1
50,96,22,0,1
50,96,23,0,1
50,96,24,0,1
50,96,25,0,1
50,96,26,0,1
50,96,27,0,1
50,96,28,0,1
50,96,29,0,1
50,96,30,0,1
50,96,31,0,1
50,96,32,0,1
50,96,33,0,1
50,96,34,0,1
50,96,35,0,1
50,96,36,0,1
50,96,37,0,1
50,96,38,0,1
50,96,39,0,1
50,96,40,0,1
50,96,41,0,1
50,96,42,0,1
50,96,43,0,1
50,96,44,0,1
50,96,45,0,1
50,96,46,0,1
50,96,47,0,1
50,96,48,0,1
50,96,49,0,1
50,96,50,0,1
50,96,51,0,1
50,96,52,0,1
50,96,53,0,1
50,96,54,0,1
50,96,55,0,1
50,96,56,0,1
50,96,57,0,1
50,96,58,0,1
50,96,59,0,1
50,96,60,0,1
50,96,61,0,1
50,96,62,0,1
50,96,63,0,1
50,97,0,0,1
50,97,1,0,1
50,97,2,0,1
50,97,3,0,1
50,97,4,0,1
50,97,5,0,1
50,97,6,0,1
50,97,7,0,1
50,97,8,0,1
50,97,9,0,1
50,97,10,0,1
50,97,11,0,1
50,97,12,0,1
50,97,13,0,1
50,97,14,0,1
50,97,15,0,1
50,97,16,0,1
50,97,17,0,1
50,97,18,0,1
50,97,19,0,1
50,97,20,0,1
50,97,21,0,1
50,97,22,0,1
50,97,23,0,1
50,97,24,0,1
50,97,25,0,1
50,97,26,0,1
50,97,27,0,1
50,97,28,0,1
50,97,29,0,1
50,97,30,0,1
50,97,31,0,1
50,97,32,0,1
50,97,33,0,1
50,97,34,0,1
50,97,35,0,1
50,97,36,0,1
50,97,37,0,1
50,97,38,0,1
50,97,39,0,1
50,97,40,0,1
50,97,41,0,1
50,97,42,0,1
50,97,43,0,1
50,97,44,0,1
50,97,45,0,1
50,97,46,0,1
50,97,47,0,1
50,97,48,0,1
50,97,49,0,1
50,97,50,0,1
50,97,51,0,1
50,97,52,0,1
50,97,53,0,1
50,97,54,0,1
50,97,55,0,1
50,97,56,0,1
50,97,57,0,1
50,97,58,0,1
50,97,59,0,1
50,97,60,0,1
50,97,61,0,1
50,97,62,0,1
50,97,63,0,1
50,98,0,0,1
50,98,1,0,1
50,98,2,0,1
50,98,3,0,1
50,98,4,0,1
50,98,5,0,1
50,98,6,0,1
50,98,7,0,1
50,98,8,0,1
50,98,9,0,1
50,98,10,0,1
50,98,11,0,1
50,98,12,0,1
50,98,13,0,1
50,98,14,0,1
50,98,15,0,1
50,98,16,0,1
50,98,17,0,1
50,98,18,0,1
50,98,19,0,1
50,98,20,0,1
50,98,21,0,1
50,98,22,0,1
50,98,23,0,1
50,98,24,0,1
50,98,25,0,1
50,98,26,0,1
50,98,27,0,1
50,98,28,0,1
50,98,29,0,1
50,98,30,0,1
50,98,31,0,1
50,98,32,0,1
50,98,33,0,1
50,98,34,0,1
50,98,35,0,1
50,98,36,0,1
50,98,37,0,1
50,98,38,0,1
50,98,39,0,1
50,98,40,0,1
50,98,41,0,1
50,98,42,0,1
50,98,43,0,1
50,98,44,0,1
50,98,45,0,1
50,98,46,0,1
50,98,47,0,1
50,98,48,0,1
50,98,49,0,1
50,98,50,0,1
50,98,51,0,1
50,98,52,0,1
50,98,53,0,1
50,98,54,0,1
50,98,55,0,1
50,98,56,0,1
50,98,57,0,1
50,98,58,0,1
50,98,59,0,1
50,98,60,0,1
50,98,61,0,1
50,98,62,0,1
50,98,63,0,1
50,99,0,0,1
50,99,1,0,1
50,99,2,0,1
50,99,3,0,1
50,99,4,0,1
50,99,5,0,1
50,99,6,0,1
50,99,7,0,1
50,99,8,0,1
50,99,9,0,1
50,99,10,0,1
50,99,11,0,1
50,99,12,0,1
50,99,13,0,1
50,99,14,0,1
50,99,15,0,1
50,99,16,0,1
50,99,17,0,1
50,99,18,0,1
50,99,19,0,1
50,99,20,0,1
50,99,21,0,1
50,99,22,0,1
50,99,23,0,1
50,99,24,0,1
50,99,25,0,1
50,99,26,0,1
50,99,27,0,1
50,99,28,0,1
50,99,29,0,1
50,99,30,0,1
50,99,31,0,1
50,99,32,0,1
50,99,33,0,1
50,99,34,0,1
50,99,35,0,1
50,99,36,0,1
50,99,37,0,1
50,99,38,0,1
50,99,39,0,1
50,99,40,0,1
50,99,41,0,1
50,99,42,0,1
50,99,43,0,1
50,99,44,0,1
50,99,45,0,1
50,99,46,0,1
50,99,47,0,1
50,99,48,0,1
50,99,49,0,1
50,99,50,0,1
50,99,51,0,1
50,99,52,0,1
50,99,53,0,1
50,99,54,0,1
50,99,55,0,1
50,99,56,0,1
50,99,57,0,1
50,99,58,0,1
50,99,59,0,1
50,99,60,0,1
50,99,61,0,1
50,99,62,0,1
50,99,63,0,1
50,100,0,0,1
50,100,1,0,1
50,100,2,0,1
50,100,3,0,1
50,100,4,0,1
50,100,5,0,1
50,100,6,0,1
50,100,7,0,1
50,100,8,0,1
50,100,9,0,1
50,100,10,0,1
50,100,11,0,1
50,100,12,0,1
50,100,13,0,1
50,100,14,0,1
50,100,15,0,1
50,100,16,0,1
50,100,17,0,1
50,100,18,0,1
50,100,19,0,1
50,100,20,0,1
50,100,21,0,1
50,100,22,0,1
50,100,23,0,1
50,100,24,0,1
50,100,25,0,1
50,100,26,0,1
50,100,27,0,1
50,100,28,0,1
50,100,29,0,1
50,100,30,0,1
50,100,31,0,1
50,100,32,0,1
50,100,33,0,1
50,100,34,0,1
50,100,35,0,1
50,100,36,0,1
50,100,37,0,1
50,100,38,0,1
50,100,39,0,1
50,100,40,0,1
50,100,41,0,1
50,100,42,0,1
50,100,43,0,1
50,100,44,0,1
50,100,45,0,1
50,100,46,0,1
50,100,47,0,1
50,100,48,0,1
50,100,49,0,1
50,100,50,0,1
50,100,51,0,1
50,100,52,0,1
50,100,53,0,1
50,100,54,0,1
50,100,55,0,1
50,100,56,0,1
50,100,57,0,1
50,100,58,0,1
50,100,59,0,1
50,100,60,0,1
50,100,61,0,1
50,100,62,0,1
50,100,63,0,1
55,1,0,0,1
55,1,1,0,1
55,1,2,0,1
55,1,3,0,1
55,1,4,0,1
55,1,5,0,1
55,1,6,0,1
55,1,7,0,1
55,1,8,0,1
55,1,9,0,1
55,1,10,0,1
55,1,11,0,1
55,1,12,0,1
55,1,13,0,1
55,1,14,0,1
55,1,15,0,1
55,1,16,0,1
55,1,17,0,1
55,1,18,0,1
55,1,19,0,1
55,1,20,0,1
55,1,21,0,1
55,1,22,0,1
55,1,23,0,1
55,1,24,0,1
55,1,25,0,1
55,1,26,0,1
55,1,27,0,1
55,1,28,0,1
55,1,29,0,1
55,1,30,0,1
55,1,31,0,1
55,1,32,0,1
55,1,33,0,1
55,1,34,0,1
55,1,35,0,1
55,1,36,0,1
55,1,37,0,1
55,1,38,0,1
55,1,39,0,1
55,1,40,0,1
55,1,41,0,1
55,1,42,0,1
55,1,43,0,1
55,1,44,0,1
55,1,45,0,1
55,1,46,0,1
55,1,47,0,1
55,1,48,0,1
55,1,49,0,1
55,1,50,0,1
55,1,51,0,1
55,1,52,0,1
55,1,53,0,1
55,1,54,0,1
55,1,55,0,1
55,1,56,0,1
55,1,57,0,1
55,1,58,0,1
55,1,59,0,1
55,1,60,0,1
55,1,61,0,1
55,1,62,0,1
55,1,63,0,1
55,2,0,0,1
55,2,1,0,1
55,2,2,0,1
55,2,3,0,1
55,2,4,0,1
55,2,5,0,1
55,2,6,0,1
55,2,7,0,1
55,2,8,0,1
55,2,9,0,1
55,2,10,0,1
55,2,11,0,1
55,2,12,0,1
55,2,13,0,1
55,2,14,0,1
55,2,15,0,1
55,2,16,0,1
55,2,17,0,1
55,2,18,0,1
55,2,19,0,1
55,2,20,0,1
55,2,21,0,1
55,2,22,0,1
55,2,23,0,1
55,2,24,0,1
55,2,25,0,1
55,2,26,0,1
55,2,27,0,1
55,2,28,0,1
55,2,29,0,1
55,2,30,0,1
55,2,31,0,1
55,2,32,0,1
55,2,33,0,1
55,2,34,0,1
55,2,35,0,1
55,2,36,0,1
55,2,37,0,1
55,2,38,0,1
55,2,39,0,1
55,2,40,0,1
55,2,41,0,1
55,2,42,0,1
55,2,43,0,1
55,2,44,0,1
55,2,45,0,1
55,2,46,0,1
55,2,47,0,1
55,2,48,0,1
55,2,49,0,1
55,2,50,0,1
55,2,51,0,1
55,2,52,0,1
55,2,53,0,1
55,2,54,0,1
55,2,55,0,1
55,2,56,0,1
55,2,57,0,1
55,2,58,0,1
55,2,59,0,1
55,2,60,0,1
55,2,61,0,1
55,2,62,0,1
55,2,63,0,1
55,3,0,0,1
55,3,1,0,1
55,3,2,0,1
55,3,3,0,1
55,3,4,0,1
55,3,5,0,1
55,3,6,0,1
55,3,7,0,1
55,3,8,0,1
55,3,9,0,1
55,3,10,0,1
55,3,11,0,1
55,3,12,0,1
55,3,13,0,1
55,3,14,0,1
55,3,15,0,1
55,3,16,0,1
55,3,17,0,1
55,3,18,0,1
55,3,19,0,1
55,3,20,0,1
55,3,21,0,1
55,3,22,0,1
55,3,23,0,1
55,3,24,0,1
55,3,25,0,1
55,3,26,0,1
55,3,27,0,1
55,3,28,0,1
55,3,29,0,1
55,3,30,0,1
55,3,31,0,1
55,3,32,0,1
55,3,33,0,1
55,3,34,0,1
55,3,35,0,1
55,3,36,0,1
55,3,37,0,1
55,3,38,0,1
55,3,39,0,1
55,3,40,0,1
55,3,41,0,1
55,3,42,0,1
55,3,43,0,1
55,3,44,0,1
55,3,45,0,1
55,3,46,0,1
55,3,47,0,1
55,3,48,0,1
55,3,49,0,1
55,3,50,0,1
55,3,51,0,1
55,3,52,0,1
55,3,53,0,1
55,3,54,0,1
55,3,55,0,1
55,3,56,0,1
55,3,57,0,1
55,3,58,0,1
55,3,59,0,1
55,3,60,0,1
55,3,61,0,1
55,3,62,0,1
55,3,63,0,1
55,4,0,0,1
55,4,1,0,1
55,4,2,0,1
55,4,3,0,1
55,4,4,0,1
55,4,5,0,1
55,4,6,0,1
55,4,7,0,1
55,4,8,0,1
55,4,9,0,1
55,4,10,0,1
55,4,11,0,1
55,4,12,0,1
55,4,13,0,1
55,4,14,0,1
55,4,15,0,1
55,4,16,0,1
55,4,17,0,1
55,4,18,0,1
55,4,19,0,1
55,4,20,0,1
55,4,21,0,1
55,4,22,0,1
55,4,23,0,1
55,4,24,0,1
55,4,25,0,1
55,4,26,0,1
55,4,27,0,1
55,4,28,0,1
55,4,29,0,1
55,4,30,0,1
55,4,31,0,1
55,4,32,0,1
55,4,33,0,1
55,4,34,0,1
55,4,35,0,1
55,4,36,0,1
55,4,37,0,1
55,4,38,0,1
55,4,39,0,1
55,4,40,0,1
55,4,41,0,1
55,4,42,0,1
55,4,43,0,1
55,4,44,0,1
55,4,45,0,1
55,4,46,0,1
55,4,47,0,1
55,4,48,0,1
55,4,49,0,1
55,4,50,0,1
55,4,51,0,1
55,4,52,0,1
55,4,53,0,1
55,4,54,0,1
55,4,55,0,1
55,4,56,0,1
55,4,57,0,1
55,4,58,0,1
55,4,59,0,1
55,4,60,0,1
55,4,61,0,1
55,4,62,0,1
55,4,63,0,1
55,5,0,0,1
55,5,1,0,1
55,5,2,0,1
55,5,3,0,1
55,5,4,0,1
55,5,5,0,1
55,5,6,0,1
55,5,7,0,1
55,5,8,0,1
55,5,9,0,1
55,5,10,0,1
55,5,11,0,1
55,5,12,0,1
55,5,13,0,1
55,5,14,0,1
55,5,15,0,1
55,5,16,0,1
55,5,17,0,1
55,5,18,0,1
55,5,19,0,1
55,5,20,0,1
55,5,21,0,1
55,5,22,0,1
55,5,23,0,1
55,5,24,0,1
55,5,25,0,1
55,5,26,0,1
55,5,27,0,1
55,5,28,0,1
55,5,29,0,1
55,5,30,0,1
55,5,31,0,1
55,5,32,0,1
55,5,33,0,1
55,5,34,0,1
55,5,35,0,1
55,5,36,0,1
55,5,37,0,1
55,5,38,0,1
55,5,39,0,1
55,5,40,0,1
55,5,41,0,1
55,5,42,0,1
55,5,43,0,1
55,5,44,0,1
55,5,45,0,1
55,5,46,0,1
55,5,47,0,1
55,5,48,0,1
55,5,49,0,1
55,5,50,0,1
55,5,51,0,1
55,5,52,0,1
55,5,53,0,1
55,5,54,0,1
55,5,55,0,1
55,5,56,0,1
55,5,57,0,1
55,5,58,0,1
55,5,59,0,1
55,5,60,0,1
55,5,61,0,1
55,5,62,0,1
55,5,63,0,1
55,6,0,0,1
55,6,1,0,1
55,6,2,0,1
55,6,3,0,1
55,6,4,0,1
55,6,5,0,1
55,6,6,0,1
55,6,7,0,1
55,6,8,0,1
55,6,9,0,1
55,6,10,0,1
55,6,11,0,1
55,6,12,0,1
55,6,13,0,1
55,6,14,0,1
55,6,15,0,1
55,6,16,0,1
55,6,17,0,1
55,6,18,0,1
55,6,19,0,1
55,6,20,0,1
55,6,21,0,1
55,6,22,0,1
55,6,23,0,1
55,6,24,0,1
55,6,25,0,1
55,6,26,0,1
55,6,27,0,1
55,6,28,0,1
55,6,29,0,1
55,6,30,0,1
55,6,31,0,1
55,6,32,0,1
55,6,33,0,1
55,6,34,0,1
55,6,35,0,1
55,6,36,0,1
55,6,37,0,1
55,6,38,0,1
55,6,39,0,1
55,6,40,0,1
55,6,41,0,1
55,6,42,0,1
55,6,43,0,1
55,6,44,0,1
55,6,45,0,1
55,6,46,0,1
55,6,47,0,1
55,6,48,0,1
55,6,49,0,1
55,6,50,0,1
55,6,51,0,1
55,6,52,0,1
55,6,53,0,1
55,6,54,0,1
55,6,55,0,1
55,6,56,0,1
55,6,57,0,1
55,6,58,0,1
55,6,59,0,1
55,6,60,0,1
55,6,61,0,1
55,6,62,0,1
55,6,63,0,1
55,7,0,0,1
55,7,1,0,1
55,7,2,0,1
55,7,3,0,1
55,7,4,0,1
55,7,5,0,1
55,7,6,0,1
55,7,7,0,1
55,7,8,0,1
55,7,9,0,1
55,7,10,0,1
55,7,11,0,1
55,7,12,0,1
55,7,13,0,1
55,7,14,0,1
55,7,15,0,1
55,7,16,0,1
55,7,17,0,1
55,7,18,0,1
55,7,19,0,1
55,7,20,0,1
55,7,21,0,1
55,7,22,0,1
55,7,23,0,1
55,7,24,0,1
55,7,25,0,1
55,7,26,0,1
55,7,27,0,1
55,7,28,0,1
55,7,29,0,1
55,7,30,0,1
55,7,31,0,1
55,7,32,0,1
55,7,33,0,1
55,7,34,0,1
55,7,35,0,1
55,7,36,0,1
55,7,37,0,1
55,7,38,0,1
55,7,39,0,1
55,7,40,0,1
55,7,41,0,1
55,7,42,0,1
55,7,43,0,1
55,7,44,0,1
55,7,45,0,1
55,7,46,0,1
55,7,47,0,1
55,7,48,0,1
55,7,49,0,1
55,7,50,0,1
55,7,51,0,1
55,7,52,0,1
55,7,53,0,1
55,7,54,0,1
55,7,55,0,1
55,7,56,0,1
55,7,57,0,1
55,7,58,0,1
55,7,59,0,1
55,7,60,0,1
55,7,61,0,1
55,7,62,0,1
55,7,63,0,1
55,8,0,0,1
55,8,1,0,1
55,8,2,0,1
55,8,3,0,1
55,8,4,0,1
55,8,5,0,1
55,8,6,0,1
55,8,7,0,1
55,8,8,0,1
55,8,9,0,1
55,8,10,0,1
55,8,11,0,1
55,8,12,0,1
55,8,13,0,1
55,8,14,0,1
55,8,15,0,1
55,8,16,0,1
55,8,17,0,1
55,8,18,0,1
55,8,19,0,1
55,8,20,0,1
55,8,21,0,1
55,8,22,0,1
55,8,23,0,1
55,8,24,0,1
55,8,25,0,1
55,8,26,0,1
55,8,27,0,1
55,8,28,0,1
55,8,29,0,1
55,8,30,0,1
55,8,31,0,1
55,8,32,0,1
55,8,33,0,1
55,8,34,0,1
55,8,35,0,1
55,8,36,0,1
55,8,37,0,1
55,8,38,0,1
55,8,39,0,1
55,8,40,0,1
55,8,41,0,1
55,8,42,0,1
55,8,43,0,1
55,8,44,0,1
55,8,45,0,1
55,8,46,0,1
55,8,47,0,1
55,8,48,0,1
55,8,49,0,1
55,8,50,0,1
55,8,51,0,1
55,8,52,0,1
55,8,53,0,1
55,8,54,0,1
55,8,55,0,1
55,8,56,0,1
55,8,57,0,1
55,8,58,0,1
55,8,59,0,1
55,8,60,0,1
55,8,61,0,1
55,8,62,0,1
55,8,63,0,1
55,9,0,0,1
55,9,1,0,1
55,9,2,0,1
55,9,3,0,1
55,9,4,0,1
55,9,5,0,1
55,9,6,0,1
55,9,7,0,1
55,9,8,0,1
55,9,9,0,1
55,9,10,0,1
55,9,11,0,1
55,9,12,0,1
55,9,13,0,1
55,9,14,0,1
55,9,15,0,1
55,9,16,0,1
55,9,17,0,1
55,9,18,0,1
55,9,19,0,1
55,9,20,0,1
55,9,21,0,1
55,9,22,0,1
55,9,23,0,1
55,9,24,0,1
55,9,25,0,1
55,9,26,0,1
55,9,27,0,1
55,9,28,0,1
55,9,29,0,1
55,9,30,0,1
55,9,31,0,1
55,9,32,0,1
55,9,33,0,1
55,9,34,0,1
55,9,35,0,1
55,9,36,0,1
55,9,37,0,1
55,9,38,0,1
55,9,39,0,1
55,9,40,0,1
55,9,41,0,1
55,9,42,0,1
55,9,43,0,1
55,9,44,0,1
55,9,45,0,1
55,9,46,0,1
55,9,47,0,1
55,9,48,0,1
55,9,49,0,1
55,9,50,0,1
55,9,51,0,1
55,9,52,0,1
55,9,53,0,1
55,9,54,0,1
55,9,55,0,1
55,9,56,0,1
55,9,57,0,1
55,9,58,0,1
55,9,59,0,1
55,9,60,0,1
55,9,61,0,1
55,9,62,0,1
55,9,63,0,1
55,10,0,0,1
55,10,1,0,1
55,10,2,0,1
55,10,3,0,1
55,10,4,0,1
55,10,5,0,1
55,10,6,0,1
55,10,7,0,1
55,10,8,0,1
55,10,9,0,1
55,10,10,0,1
55,10,11,0,1
55,10,12,0,1
55,10,13,0,1
55,10,14,0,1
55,10,15,0,1
55,10,16,0,1
55,10,17,0,1
55,10,18,0,1
55,10,19,0,1
55,10,20,0,1
55,10,21,0,1
55,10,22,0,1
55,10,23,0,1
55,10,24,0,1
55,10,25,0,1
55,10,26,0,1
55,10,27,0,1
55,10,28,0,1
55,10,29,0,1
55,10,30,0,1
55,10,31,0,1
55,10,32,0,1
55,10,33,0,1
55,10,34,0,1
55,10,35,0,1
55,10,36,0,1
55,10,37,0,1
55,10,38,0,1
55,10,39,0,1
55,10,40,0,1
55,10,41,0,1
55,10,42,0,1
55,10,43,0,1
55,10,44,0,1
55,10,45,0,1
55,10,46,0,1
55,10,47,0,1
55,10,48,0,1
55,10,49,0,1
55,10,50,0,1
55,10,51,0,1
55,10,52,0,1
55,10,53,0,1
55,10,54,0,1
55,10,55,0,1
55,10,56,0,1
55,10,57,0,1
55,10,58,0,1
55,10,59,0,1
55,10,60,0,1
55,10,61,0,1
55,10,62,0,1
55,10,63,0,1
55,11,0,0,1
55,11,1,0,1
55,11,2,0,1
55,11,3,0,1
55,11,4,0,1
55,11,5,0,1
55,11,6,0,1
55,11,7,0,1
55,11,8,0,1
55,11,9,0,1
55,11,10,0,1
55,11,11,0,1
55,11,12,0,1
55,11,13,0,1
55,11,14,0,1
55,11,15,0,1
55,11,16,0,1
55,11,17,0,1
55,11,18,0,1
55,11,19,0,1
55,11,20,0,1
55,11,21,0,1
55,11,22,0,1
55,11,23,0,1
55,11,24,0,1
55,11,25,0,1
55,11,26,0,1
55,11,27,0,1
55,11,28,0,1
55,11,29,0,1
55,11,30,0,1
55,11,31,0,1
55,11,32,0,1
55,11,33,0,1
55,11,34,0,1
55,11,35,0,1
55,11,36,0,1
55,11,37,0,1
55,11,38,0,1
55,11,39,0,1
55,11,40,0,1
55,11,41,0,1
55,11,42,0,1
55,11,43,0,1
55,11,44,0,1
55,11,45,0,1
55,11,46,0,1
55,11,47,0,1
55,11,48,0,1
55,11,49,0,1
55,11,50,0,1
55,11,51,0,1
55,11,52,0,1
55,11,53,0,1
55,11,54,0,1
55,11,55,0,1
55,11,56,0,1
55,11,57,0,1
55,11,58,0,1
55,11,59,0,1
55,11,60,0,1
55,11,61,0,1
55,11,62,0,1
55,11,63,0,1
55,12,0,0,1
55,12,1,0,1
55,12,2,0,1
55,12,3,0,1
55,12,4,0,1
55,12,5,0,1
55,12,6,0,1
55,12,7,0,1
55,12,8,0,1
55,12,9,0,1
55,12,10,0,1
55,12,11,0,1
55,12,12,0,1
55,12,13,0,1
55,12,14,0,1
55,12,15,0,1
55,12,16,0,1
55,12,17,0,1
55,12,18,0,1
55,12,19,0,1
55,12,20,0,1
55,12,21,0,1
55,12,22,0,1
55,12,23,0,1
55,12,24,0,1
55,12,25,0,1
55,12,26,0,1
55,12,27,0,1
55,12,28,0,1
55,12,29,0,1
55,12,30,0,1
55,12,31,0,1
55,12,32,0,1
55,12,33,0,1
55,12,34,0,1
55,12,35,0,1
55,12,36,0,1
55,12,37,0,1
55,12,38,0,1
55,12,39,0,1
55,12,40,0,1
55,12,41,0,1
55,12,42,0,1
55,12,43,0,1
55,12,44,0,1
55,12,45,0,1
55,12,46,0,1
55,12,47,0,1
55,12,48,0,1
55,12,49,0,1
55,12,50,0,1
55,12,51,0,1
55,12,52,0,1
55,12,53,0,1
55,12,54,0,1
55,12,55,0,1
55,12,56,0,1
55,12,57,0,1
55,12,58,0,1
55,12,59,0,1
55,12,60,0,1
55,12,61,0,1
55,12,62,0,1
55,12,63,0,1
55,13,0,0,1
55,13,1,0,1
55,13,2,0,1
55,13,3,0,1
55,13,4,0,1
55,13,5,0,1
55,13,6,0,1
55,13,7,0,1
55,13,8,0,1
55,13,9,0,1
55,13,10,0,1
55,13,11,0,1
55,13,12,0,1
55,13,13,0,1
55,13,14,0,1
55,13,15,0,1
55,13,16,0,1
55,13,17,0,1
55,13,18,0,1
55,13,19,0,1
55,13,20,0,1
55,13,21,0,1
55,13,22,0,1
55,13,23,0,1
55,13,24,0,1
55,13,25,0,1
55,13,26,0,1
55,13,27,0,1
55,13,28,0,1
55,13,29,0,1
55,13,30,0,1
55,13,31,0,1
55,13,32,0,1
55,13,33,0,1
55,13,34,0,1
55,13,35,0,1
55,13,36,0,1
55,13,37,0,1
55,13,38,0,1
55,13,39,0,1
55,13,40,0,1
55,13,41,0,1
55,13,42,0,1
55,13,43,0,1
55,13,44,0,1
55,13,45,0,1
55,13,46,0,1
55,13,47,0,1
55,13,48,0,1
55,13,49,0,1
55,13,50,0,1
55,13,51,0,1
55,13,52,0,1
55,13,53,0,1
55,13,54,0,1
55,13,55,0,1
55,13,56,0,1
55,13,57,0,1
55,13,58,0,1
55,13,59,0,1
55,13,60,0,1
55,13,61,0,1
55,13,62,0,1
55,13,63,0,1
55,14,0,0,1
55,14,1,0,1
55,14,2,0,1
55,14,3,0,1
55,14,4,0,1
55,14,5,0,1
55,14,6,0,1
55,14,7,0,1
55,14,8,0,1
55,14,9,0,1
55,14,10,0,1
55,14,11,0,1
55,14,12,0,1
55,14,13,0,1
55,14,14,0,1
55,14,15,0,1
55,14,16,0,1
55,14,17,0,1
55,14,18,0,1
55,14,19,0,1
55,14,20,0,1
55,14,21,0,1
55,14,22,0,1
55,14,23,0,1
55,14,24,0,1
55,14,25,0,1
55,14,26,0,1
55,14,27,0,1
55,14,28,0,1
55,14,29,0,1
55,14,30,0,1
55,14,31,0,1
55,14,32,0,1
55,14,33,0,1
55,14,34,0,1
55,14,35,0,1
55,14,36,0,1
55,14,37,0,1
55,14,38,0,1
55,14,39,0,1
55,14,40,0,1
55,14,41,0,1
55,14,42,0,1
55,14,43,0,1
55,14,44,0,1
55,14,45,0,1
55,14,46,0,1
55,14,47,0,1
55,14,48,0,1
55,14,49,0,1
55,14,50,0,1
55,14,51,0,1
55,14,52,0,1
55,14,53,0,1
55,14,54,0,1
55,14,55,0,1
55,14,56,0,1
55,14,57,0,1
55,14,58,0,1
55,14,59,0,1
55,14,60,0,1
55,14,61,0,1
55,14,62,0,1
55,14,63,0,1
55,15,0,0,1
55,15,1,0,1
55,15,2,0,1
55,15,3,0,1
55,15,4,0,1
55,15,5,0,1
55,15,6,0,1
55,15,7,0,1
55,15,8,0,1
55,15,9,0,1
55,15,10,0,1
55,15,11,0,1
55,15,12,0,1
55,15,13,0,1
55,15,14,0,1
55,15,15,0,1
55,15,16,0,1
55,15,17,0,1
55,15,18,0,1
55,15,19,0,1
55,15,20,0,1
55,15,21,0,1
55,15,22,0,1
55,15,23,0,1
55,15,24,0,1
55,15,25,0,1
55,15,26,0,1
55,15,27,0,1
55,15,28,0,1
55,15,29,0,1
55,15,30,0,1
55,15,31,0,1
55,15,32,0,1
55,15,33,0,1
55,15,34,0,1
55,15,35,0,1
55,15,36,0,1
55,15,37,0,1
55,15,38,0,1
55,15,39,0,1
55,15,40,0,1
55,15,41,0,1
55,15,42,0,1
55,15,43,0,1
55,15,44,0,1
55,15,45,0,1
55,15,46,0,1
55,15,47,0,1
55,15,48,0,1
55,15,49,0,1
55,15,50,0,1
55,15,51,0,1
55,15,52,0,1
55,15,53,0,1
55,15,54,0,1
55,15,55,0,1
55,15,56,0,1
55,15,57,0,1
55,15,58,0,1
55,15,59,0,1
55,15,60,0,1
55,15,61,0,1
55,15,62,0,1
55,15,63,0,1
55,16,0,0,1
55,16,1,0,1
55,16,2,0,1
55,16,3,0,1
55,16,4,0,1
55,16,5,0,1
55,16,6,0,1
55,16,7,0,1
55,16,8,0,1
55,16,9,0,1
55,16,10,0,1
55,16,11,0,1
55,16,12,0,1
55,16,13,0,1
55,16,14,0,1
55,16,15,0,1
55,16,16,0,1
55,16,17,0,1
55,16,18,0,1
55,16,19,0,1
55,16,20,0,1
55,16,21,0,1
55,16,22,0,1
55,16,23,0,1
55,16,24,0,1
55,16,25,0,1
55,16,26,0,1
55,16,27,0,1
55,16,28,0,1
55,16,29,0,1
55,16,30,0,1
55,16,31,0,1
55,16,32,0,1
55,16,33,0,1
55,16,34,0,1
55,16,35,0,1
55,16,36,0,1
55,16,37,0,1
55,16,38,0,1
55,16,39,0,1
55,16,40,0,1
55,16,41,0,1
55,16,42,0,1
55,16,43,0,1
55,16,44,0,1
55,16,45,0,1
55,16,46,0,1
55,16,47,0,1
55,16,48,0,1
55,16,49,0,1
55,16,50,0,1
55,16,51,0,1
55,16,52,0,1
55,16,53,0,1
55,16,54,0,1
55,16,55,0,1
55,16,56,0,1
55,16,57,0,1
55,16,58,0,1
55,16,59,0,1
55,16,60,0,1
55,16,61,0,1
55,16,62,0,1
55,16,63,0,1
55,17,0,0,1
55,17,1,0,1
55,17,2,0,1
55,17,3,0,1
55,17,4,0,1
55,17,5,0,1
55,17,6,0,1
55,17,7,0,1
55,17,8,0,1
55,17,9,0,1
55,17,10,0,1
55,17,11,0,1
55,17,12,0,1
55,17,13,0,1
55,17,14,0,1
55,17,15,0,1
55,17,16,0,1
55,17,17,0,1
55,17,18,0,1
55,17,19,0,1
55,17,20,0,1
55,17,21,0,1
55,17,22,0,1
55,17,23,0,1
55,17,24,0,1
55,17,25,0,1
55,17,26,0,1
55,17,27,0,1
55,17,28,0,1
55,17,29,0,1
55,17,30,0,1
55,17,31,0,1
55,17,32,0,1
55,17,33,0,1
55,17,34,0,1
55,17,35,0,1
55,17,36,0,1
55,17,37,0,1
55,17,38,0,1
55,17,39,0,1
55,17,40,0,1
55,17,41,0,1
55,17,42,0,1
55,17,43,0,1
55,17,44,0,1
55,17,45,0,1
55,17,46,0,1
55,17,47,0,1
55,17,48,0,1
55,17,49,0,1
55,17,50,0,1
55,17,51,0,1
55,17,52,0,1
55,17,53,0,1
55,17,54,0,1
55,17,55,0,1
55,17,56,0,1
55,17,57,0,1
55,17,58,0,1
55,17,59,0,1
55,17,60,0,1
55,17,61,0,1
55,17,62,0,1
55,17,63,0,1
55,18,0,0,1
55,18,1,0,1
55,18,2,0,1
55,18,3,0,1
55,18,4,0,1
55,18,5,0,1
55,18,6,0,1
55,18,7,0,1
55,18,8,0,1
55,18,9,0,1
55,18,10,0,1
55,18,11,0,1
55,18,12,0,1
55,18,13,0,1
55,18,14,0,1
55,18,15,0,1
55,18,16,0,1
55,18,17,0,1
55,18,18,0,1
55,18,19,0,1
55,18,20,0,1
55,18,21,0,1
55,18,22,0,1
55,18,23,0,1
55,18,24,0,1
55,18,25,0,1
55,18,26,0,1
55,18,27,0,1
55,18,28,0,1
55,18,29,0,1
55,18,30,0,1
55,18,31,0,1
55,18,32,0,1
55,18,33,0,1
55,18,34,0,1
55,18,35,0,1
55,18,36,0,1
55,18,37,0,1
55,18,38,0,1
55,18,39,0,1
55,18,40,0,1
55,18,41,0,1
55,18,42,0,1
55,18,43,0,1
55,18,44,0,1
55,18,45,0,1
55,18,46,0,1
55,18,47,0,1
55,18,48,0,1
55,18,49,0,1
55,18,50,0,1
55,18,51,0,1
55,18,52,0,1
55,18,53,0,1
55,18,54,0,1
55,18,55,0,1
55,18,56,0,1
55,18,57,0,1
55,18,58,0,1
55,18,59,0,1
55,18,60,0,1
55,18,61,0,1
55,18,62,0,1
55,18,63,0,1
55,19,0,0,1
55,19,1,0,1
55,19,2,0,1
55,19,3,0,1
55,19,4,0,1
55,19,5,0,1
55,19,6,0,1
55,19,7,0,1
55,19,8,0,1
55,19,9,0,1
55,19,10,0,1
55,19,11,0,1
55,19,12,0,1
55,19,13,0,1
55,19,14,0,1
55,19,15,0,1
55,19,16,0,1
55,19,17,0,1
55,19,18,0,1
55,19,19,0,1
55,19,20,0,1
55,19,21,0,1
55,19,22,0,1
55,19,23,0,1
55,19,24,0,1
55,19,25,0,1
55,19,26,0,1
55,19,27,0,1
55,19,28,0,1
55,19,29,0,1
55,19,30,0,1
55,19,31,0,1
55,19,32,0,1
55,19,33,0,1
55,19,34,0,1
55,19,35,0,1
55,19,36,0,1
55,19,37,0,1
55,19,38,0,1
55,19,39,0,1
55,19,40,0,1
55,19,41,0,1
55,19,42,0,1
55,19,43,0,1
55,19,44,0,1
55,19,45,0,1
55,19,46,0,1
55,19,47,0,1
55,19,48,0,1
55,19,49,0,1
55,19,50,0,1
55,19,51,0,1
55,19,52,0,1
55,19,53,0,1
55,19,54,0,1
55,19,55,0,1
55,19,56,0,1
55,19,57,0,1
55,19,58,0,1
55,19,59,0,1
55,19,60,0,1
55,19,61,0,1
55,19,62,0,1
55,19,63,0,1
55,20,0,0,1
55,20,1,0,1
55,20,2,0,1
55,20,3,0,1
55,20,4,0,1
55,20,5,0,1
55,20,6,0,1
55,20,7,0,1
55,20,8,0,1
55,20,9,0,1
55,20,10,0,1
55,20,11,0,1
55,20,12,0,1
55,20,13,0,1
55,20,14,0,1
55,20,15,0,1
55,20,16,0,1
55,20,17,0,1
55,20,18,0,1
55,20,19,0,1
55,20,20,0,1
55,20,21,0,1
55,20,22,0,1
55,20,23,0,1
55,20,24,0,1
55,20,25,0,1
55,20,26,0,1
55,20,27,0,1
55,20,28,0,1
55,20,29,0,1
55,20,30,0,1
55,20,31,0,1
55,20,32,0,1
55,20,33,0,1
55,20,34,0,1
55,20,35,0,1
55,20,36,0,1
55,20,37,0,1
55,20,38,0,1
55,20,39,0,1
55,20,40,0,1
55,20,41,0,1
55,20,42,0,1
55,20,43,0,1
55,20,44,0,1
55,20,45,0,1
55,20,46,0,1
55,20,47,0,1
55,20,48,0,1
55,20,49,0,1
55,20,50,0,1
55,20,51,0,1
55,20,52,0,1
55,20,53,0,1
55,20,54,0,1
55,20,55,0,1
55,20,56,0,1
55,20,57,0,1
55,20,58,0,1
55,20,59,0,1
55,20,60,0,1
55,20,61,0,1
55,20,62,0,1
55,20,63,0,1
55,21,0,0,1
55,21,1,0,1
55,21,2,0,1
55,21,3,0,1
55,21,4,0,1
55,21,5,0,1
55,21,6,0,1
55,21,7,0,1
55,21,8,0,1
55,21,9,0,1
55,21,10,0,1
55,21,11,0,1
55,21,12,0,1
55,21,13,0,1
55,21,14,0,1
55,21,15,0,1
55,21,16,0,1
55,21,17,0,1
55,21,18,0,1
55,21,19,0,1
55,21,20,0,1
55,21,21,0,1
55,21,22,0,1
55,21,23,0,1
55,21,24,0,1
55,21,25,0,1
55,21,26,0,1
55,21,27,0,1
55,21,28,0,1
55,21,29,0,1
55,21,30,0,1
55,21,31,0,1
55,21,32,0,1
55,21,33,0,1
55,21,34,0,1
55,21,35,0,1
55,21,36,0,1
55,21,37,0,1
55,21,38,0,1
55,21,39,0,1
55,21,40,0,1
55,21,41,0,1
55,21,42,0,1
55,21,43,0,1
55,21,44,0,1
55,21,45,0,1
55,21,46,0,1
55,21,47,0,1
55,21,48,0,1
55,21,49,0,1
55,21,50,0,1
55,21,51,0,1
55,21,52,0,1
55,21,53,0,1
55,21,54,0,1
55,21,55,0,1
55,21,56,0,1
55,21,57,0,1
55,21,58,0,1
55,21,59,0,1
55,21,60,0,1
55,21,61,0,1
55,21,62,0,1
55,21,63,0,1
55,22,0,0,1
55,22,1,0,1
55,22,2,0,1
55,22,3,0,1
55,22,4,0,1
55,22,5,0,1
55,22,6,0,1
55,22,7,0,1
55,22,8,0,1
55,22,9,0,1
55,22,10,0,1
55,22,11,0,1
55,22,12,0,1
55,22,13,0,1
55,22,14,0,1
55,22,15,0,1
55,22,16,0,1
55,22,17,0,1
55,22,18,0,1
55,22,19,0,1
55,22,20,0,1
55,22,21,0,1
55,22,22,0,1
55,22,23,0,1
55,22,24,0,1
55,22,25,0,1
55,22,26,0,1
55,22,27,0,1
55,22,28,0,1
55,22,29,0,1
55,22,30,0,1
55,22,31,0,1
55,22,32,0,1
55,22,33,0,1
55,22,34,0,1
55,22,35,0,1
55,22,36,0,1
55,22,37,0,1
55,22,38,0,1
55,22,39,0,1
55,22,40,0,1
55,22,41,0,1
55,22,42,0,1
55,22,43,0,1
55,22,44,0,1
55,22,45,0,1
55,22,46,0,1
55,22,47,0,1
55,22,48,0,1
55,22,49,0,1
55,22,50,0,1
55,22,51,0,1
55,22,52,0,1
55,22,53,0,1
55,22,54,0,1
55,22,55,0,1
55,22,56,0,1
55,22,57,0,1
55,22,58,0,1
55,22,59,0,1
55,22,60,0,1
55,22,61,0,1
55,22,62,0,1
55,22,63,0,1
55,23,0,0,1
55,23,1,0,1
55,23,2,0,1
55,23,3,0,1
55,23,4,0,1
55,23,5,0,1
55,23,6,0,1
55,23,7,0,1
55,23,8,0,1
55,23,9,0,1
55,23,10,0,1
55,23,11,0,1
55,23,12,0,1
55,23,13,0,1
55,23,14,0,1
55,23,15,0,1
55,23,16,0,1
55,23,17,0,1
55,23,18,0,1
55,23,19,0,1
55,23,20,0,1
55,23,21,0,1
55,23,22,0,1
55,23,23,0,1
55,23,24,0,1
55,23,25,0,1
55,23,26,0,1
55,23,27,0,1
55,23,28,0,1
55,23,29,0,1
55,23,30,0,1
55,23,31,0,1
55,23,32,0,1
55,23,33,0,1
55,23,34,0,1
55,23,35,0,1
55,23,36,0,1
55,23,37,0,1
55,23,38,0,1
55,23,39,0,1
55,23,40,0,1
55,23,41,0,1
55,23,42,0,1
55,23,43,0,1
55,23,44,0,1
55,23,45,0,1
55,23,46,0,1
55,23,47,0,1
55,23,48,0,1
55,23,49,0,1
55,23,50,0,1
55,23,51,0,1
55,23,52,0,1
55,23,53,0,1
55,23,54,0,1
55,23,55,0,1
55,23,56,0,1
55,23,57,0,1
55,23,58,0,1
55,23,59,0,1
55,23,60,0,1
55,23,61,0,1
55,23,62,0,1
55,23,63,0,1
55,24,0,0,1
55,24,1,0,1
55,24,2,0,1
55,24,3,0,1
55,24,4,0,1
55,24,5,0,1
55,24,6,0,1
55,24,7,0,1
55,24,8,0,1
55,24,9,0,1
55,24,10,0,1
55,24,11,0,1
55,24,12,0,1
55,24,13,0,1
55,24,14,0,1
55,24,15,0,1
55,24,16,0,1
55,24,17,0,1
55,24,18,0,1
55,24,19,0,1
55,24,20,0,1
55,24,21,0,1
55,24,22,0,1
55,24,23,0,1
55,24,24,0,1
55,24,25,0,1
55,24,26,0,1
55,24,27,0,1
55,24,28,0,1
55,24,29,0,1
55,24,30,0,1
55,24,31,0,1
55,24,32,0,1
55,24,33,0,1
55,24,34,0,1
55,24,35,0,1
55,24,36,0,1
55,24,37,0,1
55,24,38,0,1
55,24,39,0,1
55,24,40,0,1
55,24,41,0,1
55,24,42,0,1
55,24,43,0,1
55,24,44,0,1
55,24,45,0,1
55,24,46,0,1
55,24,47,0,1
55,24,48,0,1
55,24,49,0,1
55,24,50,0,1
55,24,51,0,1
55,24,52,0,1
55,24,53,0,1
55,24,54,0,1
55,24,55,0,1
55,24,56,0,1
55,24,57,0,1
55,24,58,0,1
55,24,59,0,1
55,24,60,0,1
55,24,61,0,1
55,24,62,0,1
55,24,63,0,1
55,25,0,0,1
55,25,1,0,1
55,25,2,0,1
55,25,3,0,1
55,25,4,0,1
55,25,5,0,1
55,25,6,0,1
55,25,7,0,1
55,25,8,0,1
55,25,9,0,1
55,25,10,0,1
55,25,11,0,1
55,25,12,0,1
55,25,13,0,1
55,25,14,0,1
55,25,15,0,1
55,25,16,0,1
55,25,17,0,1
55,25,18,0,1
55,25,19,0,1
55,25,20,0,1
55,25,21,0,1
55,25,22,0,1
55,25,23,0,1
55,25,24,0,1
55,25,25,0,1
55,25,26,0,1
55,25,27,0,1
55,25,28,0,1
55,25,29,0,1
55,25,30,0,1
55,25,31,0,1
55,25,32,0,1
55,25,33,0,1
55,25,34,0,1
55,25,35,0,1
55,25,36,0,1
55,25,37,0,1
55,25,38,0,1
55,25,39,0,1
55,25,40,0,1
55,25,41,0,1
55,25,42,0,1
55,25,43,0,1
55,25,44,0,1
55,25,45,0,1
55,25,46,0,1
55,25,47,0,1
55,25,48,0,1
55,25,49,0,1
55,25,50,0,1
55,25,51,0,1
55,25,52,0,1
55,25,53,0,1
55,25,54,0,1
55,25,55,0,1
55,25,56,0,1
55,25,57,0,1
55,25,58,0,1
55,25,59,0,1
55,25,60,0,1
55,25,61,0,1
55,25,62,0,1
55,25,63,0,1
55,26,0,0,1
55,26,1,0,1
55,26,2,0,1
55,26,3,0,1
55,26,4,0,1
55,26,5,0,1
55,26,6,0,1
55,26,7,0,1
55,26,8,0,1
55,26,9,0,1
55,26,10,0,1
55,26,11,0,1
55,26,12,0,1
55,26,13,0,1
55,26,14,0,1
55,26,15,0,1
55,26,16,0,1
55,26,17,0,1
55,26,18,0,1
55,26,19,0,1
55,26,20,0,1
55,26,21,0,1
55,26,22,0,1
55,26,23,0,1
55,26,24,0,1
55,26,25,0,1
55,26,26,0,1
55,26,27,0,1
55,26,28,0,1
55,26,29,0,1
55,26,30,0,1
55,26,31,0,1
55,26,32,0,1
55,26,33,0,1
55,26,34,0,1
55,26,35,0,1
55,26,36,0,1
55,26,37,0,1
55,26,38,0,1
55,26,39,0,1
55,26,40,0,1
55,26,41,0,1
55,26,42,0,1
55,26,43,0,1
55,26,44,0,1
55,26,45,0,1
55,26,46,0,1
55,26,47,0,1
55,26,48,0,1
55,26,49,0,1
55,26,50,0,1
55,26,51,0,1
55,26,52,0,1
55,26,53,0,1
55,26,54,0,1
55,26,55,0,1
55,26,56,0,1
55,26,57,0,1
55,26,58,0,1
55,26,59,0,1
55,26,60,0,1
55,26,61,0,1
55,26,62,0,1
55,26,63,0,1
55,27,0,0,1
55,27,1,0,1
55,27,2,0,1
55,27,3,0,1
55,27,4,0,1
55,27,5,0,1
55,27,6,0,1
55,27,7,0,1
55,27,8,0,1
55,27,9,0,1
55,27,10,0,1
55,27,11,0,1
55,27,12,0,1
55,27,13,0,1
55,27,14,0,1
55,27,15,0,1
55,27,16,0,1
55,27,17,0,1
55,27,18,0,1
55,27,19,0,1
55,27,20,0,1
55,27,21,0,1
55,27,22,0,1
55,27,23,0,1
55,27,24,0,1
55,27,25,0,1
55,27,26,0,1
55,27,27,0,1
55,27,28,0,1
55,27,29,0,1
55,27,30,0,1
55,27,31,0,1
55,27,32,0,1
55,27,33,0,1
55,27,34,0,1
55,27,35,0,1
55,27,36,0,1
55,27,37,0,1
55,27,38,0,1
55,27,39,0,1
55,27,40,0,1
55,27,41,0,1
55,27,42,0,1
55,27,43,0,1
55,27,44,0,1
55,27,45,0,1
55,27,46,0,1
55,27,47,0,1
55,27,48,0,1
55,27,49,0,1
55,27,50,0,1
55,27,51,0,1
55,27,52,0,1
55,27,53,0,1
55,27,54,0,1
55,27,55,0,1
55,27,56,0,1
55,27,57,0,1
55,27,58,0,1
55,27,59,0,1
55,27,60,0,1
55,27,61,0,1
55,27,62,0,1
55,27,63,0,1
55,28,0,0,1
55,28,1,0,1
55,28,2,0,1
55,28,3,0,1
55,28,4,0,1
55,28,5,0,1
55,28,6,0,1
55,28,7,0,1
55,28,8,0,1
55,28,9,0,1
55,28,10,0,1
55,28,11,0,1
55,28,12,0,1
55,28,13,0,1
55,28,14,0,1
55,28,15,0,1
55,28,16,0,1
55,28,17,0,1
55,28,18,0,1
55,28,19,0,1
55,28,20,0,1
55,28,21,0,1
55,28,22,0,1
55,28,23,0,1
55,28,24,0,1
55,28,25,0,1
55,28,26,0,1
55,28,27,0,1
55,28,28,0,1
55,28,29,0,1
55,28,30,0,1
55,28,31,0,1
55,28,32,0,1
55,28,33,0,1
55,28,34,0,1
55,28,35,0,1
55,28,36,0,1
55,28,37,0,1
55,28,38,0,1
55,28,39,0,1
55,28,40,0,1
55,28,41,0,1
55,28,42,0,1
55,28,43,0,1
55,28,44,0,1
55,28,45,0,1
55,28,46,0,1
55,28,47,0,1
55,28,48,0,1
55,28,49,0,1
55,28,50,0,1
55,28,51,0,1
55,28,52,0,1
55,28,53,0,1
55,28,54,0,1
55,28,55,0,1
55,28,56,0,1
55,28,57,0,1
55,28,58,0,1
55,28,59,0,1
55,28,60,0,1
55,28,61,0,1
55,28,62,0,1
55,28,63,0,1
55,29,0,0,1
55,29,1,0,1
55,29,2,0,1
55,29,3,0,1
55,29,4,0,1
55,29,5,0,1
55,29,6,0,1
55,29,7,0,1
55,29,8,0,1
55,29,9,0,1
55,29,10,0,1
55,29,11,0,1
55,29,12,0,1
55,29,13,0,1
55,29,14,0,1
55,29,15,0,1
55,29,16,0,1
55,29,17,0,1
55,29,18,0,1
55,29,19,0,1
55,29,20,0,1
55,29,21,0,1
55,29,22,0,1
55,29,23,0,1
55,29,24,0,1
55,29,25,0,1
55,29,26,0,1
55,29,27,0,1
55,29,28,0,1
55,29,29,0,1
55,29,30,0,1
55,29,31,0,1
55,29,32,0,1
55,29,33,0,1
55,29,34,0,1
55,29,35,0,1
55,29,36,0,1
55,29,37,0,1
55,29,38,0,1
55,29,39,0,1
55,29,40,0,1
55,29,41,0,1
55,29,42,0,1
55,29,43,0,1
55,29,44,0,1
55,29,45,0,1
55,29,46,0,1
55,29,47,0,1
55,29,48,0,1
55,29,49,0,1
55,29,50,0,1
55,29,51,0,1
55,29,52,0,1
55,29,53,0,1
55,29,54,0,1
55,29,55,0,1
55,29,56,0,1
55,29,57,0,1
55,29,58,0,1
55,29,59,0,1
55,29,60,0,1
55,29,61,0,1
55,29,62,0,1
55,29,63,0,1
55,30,0,0,1
55,30,1,0,1
55,30,2,0,1
55,30,3,0,1
55,30,4,0,1
55,30,5,0,1
55,30,6,0,1
55,30,7,0,1
55,30,8,0,1
55,30,9,0,1
55,30,10,0,1
55,30,11,0,1
55,30,12,0,1
55,30,13,0,1
55,30,14,0,1
55,30,15,0,1
55,30,16,0,1
55,30,17,0,1
55,30,18,0,1
55,30,19,0,1
55,30,20,0,1
55,30,21,0,1
55,30,22,0,1
55,30,23,0,1
55,30,24,0,1
55,30,25,0,1
55,30,26,0,1
55,30,27,0,1
55,30,28,0,1
55,30,29,0,1
55,30,30,0,1
55,30,31,0,1
55,30,32,0,1
55,30,33,0,1
55,30,34,0,1
55,30,35,0,1
55,30,36,0,1
55,30,37,0,1
55,30,38,0,1
55,30,39,0,1
55,30,40,0,1
55,30,41,0,1
55,30,42,0,1
55,30,43,0,1
55,30,44,0,1
55,30,45,0,1
55,30,46,0,1
55,30,47,0,1
55,30,48,0,1
55,30,49,0,1
55,30,50,0,1
55,30,51,0,1
55,30,52,0,1
55,30,53,0,1
55,30,54,0,1
55,30,55,0,1
55,30,56,0,1
55,30,57,0,1
55,30,58,0,1
55,30,59,0,1
55,30,60,0,1
55,30,61,0,1
55,30,62,0,1
55,30,63,0,1
55,31,0,0,1
55,31,1,0,1
55,31,2,0,1
55,31,3,0,1
55,31,4,0,1
55,31,5,0,1
55,31,6,0,1
55,31,7,0,1
55,31,8,0,1
55,31,9,0,1
55,31,10,0,1
55,31,11,0,1
55,31,12,0,1
55,31,13,0,1
55,31,14,0,1
55,31,15,0,1
55,31,16,0,1
55,31,17,0,1
55,31,18,0,1
55,31,19,0,1
55,31,20,0,1
55,31,21,0,1
55,31,22,0,1
55,31,23,0,1
55,31,24,0,1
55,31,25,0,1
55,31,26,0,1
55,31,27,0,1
55,31,28,0,1
55,31,29,0,1
55,31,30,0,1
55,31,31,0,1
55,31,32,0,1
55,31,33,0,1
55,31,34,0,1
55,31,35,0,1
55,31,36,0,1
55,31,37,0,1
55,31,38,0,1
55,31,39,0,1
55,31,40,0,1
55,31,41,0,1
55,31,42,0,1
55,31,43,0,1
55,31,44,0,1
55,31,45,0,1
55,31,46,0,1
55,31,47,0,1
55,31,48,0,1
55,31,49,0,1
55,31,50,0,1
55,31,51,0,1
55,31,52,0,1
55,31,53,0,1
55,31,54,0,1
55,31,55,0,1
55,31,56,0,1
55,31,57,0,1
55,31,58,0,1
55,31,59,0,1
55,31,60,0,1
55,31,61,0,1
55,31,62,0,1
55,31,63,0,1
55,32,0,0,1
55,32,1,0,1
55,32,2,0,1
55,32,3,0,1
55,32,4,0,1
55,32,5,0,1
55,32,6,0,1
55,32,7,0,1
55,32,8,0,1
55,32,9,0,1
55,32,10,0,1
55,32,11,0,1
55,32,12,0,1
55,32,13,0,1
55,32,14,0,1
55,32,15,0,1
55,32,16,0,1
55,32,17,0,1
55,32,18,0,1
55,32,19,0,1
55,32,20,0,1
55,32,21,0,1
55,32,22,0,1
55,32,23,0,1
55,32,24,0,1
55,32,25,0,1
55,32,26,0,1
55,32,27,0,1
55,32,28,0,1
55,32,29,0,1
55,32,30,0,1
55,32,31,0,1
55,32,32,0,1
55,32,33,0,1
55,32,34,0,1
55,32,35,0,1
55,32,36,0,1
55,32,37,0,1
55,32,38,0,1
55,32,39,0,1
55,32,40,0,1
55,32,41,0,1
55,32,42,0,1
55,32,43,0,1
55,32,44,0,1
55,32,45,0,1
55,32,46,0,1
55,32,47,0,1
55,32,48,0,1
55,32,49,0,1
55,32,50,0,1
55,32,51,0,1
55,32,52,0,1
55,32,53,0,1
55,32,54,0,1
55,32,55,0,1
55,32,56,0,1
55,32,57,0,1
55,32,58,0,1
55,32,59,0,1
55,32,60,0,1
55,32,61,0,1
55,32,62,0,1
55,32,63,0,1
55,33,0,0,1
55,33,1,0,1
55,33,2,0,1
55,33,3,0,1
55,33,4,0,1
55,33,5,0,1
55,33,6,0,1
55,33,7,0,1
55,33,8,0,1
55,33,9,0,1
55,33,10,0,1
55,33,11,0,1
55,33,12,0,1
55,33,13,0,1
55,33,14,0,1
55,33,15,0,1
55,33,16,0,1
55,33,17,0,1
55,33,18,0,1
55,33,19,0,1
55,33,20,0,1
55,33,21,0,1
55,33,22,0,1
55,33,23,0,1
55,33,24,0,1
55,33,25,0,1
55,33,26,0,1
55,33,27,0,1
55,33,28,0,1
55,33,29,0,1
55,33,30,0,1
55,33,31,0,1
55,33,32,0,1
55,33,33,0,1
55,33,34,0,1
55,33,35,0,1
55,33,36,0,1
55,33,37,0,1
55,33,38,0,1
55,33,39,0,1
55,33,40,0,1
55,33,41,0,1
55,33,42,0,1
55,33,43,0,1
55,33,44,0,1
55,33,45,0,1
55,33,46,0,1
55,33,47,0,1
55,33,48,0,1
55,33,49,0,1
55,33,50,0,1
55,33,51,0,1
55,33,52,0,1
55,33,53,0,1
55,33,54,0,1
55,33,55,0,1
55,33,56,0,1
55,33,57,0,1
55,33,58,0,1
55,33,59,0,1
55,33,60,0,1
55,33,61,0,1
55,33,62,0,1
55,33,63,0,1
55,34,0,0,1
55,34,1,0,1
55,34,2,0,1
55,34,3,0,1
55,34,4,0,1
55,34,5,0,1
55,34,6,0,1
55,34,7,0,1
55,34,8,0,1
55,34,9,0,1
55,34,10,0,1
55,34,11,0,1
55,34,12,0,1
55,34,13,0,1
55,34,14,0,1
55,34,15,0,1
55,34,16,0,1
55,34,17,0,1
55,34,18,0,1
55,34,19,0,1
55,34,20,0,1
55,34,21,0,1
55,34,22,0,1
55,34,23,0,1
55,34,24,0,1
55,34,25,0,1
55,34,26,0,1
55,34,27,0,1
55,34,28,0,1
55,34,29,0,1
55,34,30,0,1
55,34,31,0,1
55,34,32,0,1
55,34,33,0,1
55,34,34,0,1
55,34,35,0,1
55,34,36,0,1
55,34,37,0,1
55,34,38,0,1
55,34,39,0,1
55,34,40,0,1
55,34,41,0,1
55,34,42,0,1
55,34,43,0,1
55,34,44,0,1
55,34,45,0,1
55,34,46,0,1
55,34,47,0,1
55,34,48,0,1
55,34,49,0,1
55,34,50,0,1
55,34,51,0,1
55,34,52,0,1
55,34,53,0,1
55,34,54,0,1
55,34,55,0,1
55,34,56,0,1
55,34,57,0,1
55,34,58,0,1
55,34,59,0,1
55,34,60,0,1
55,34,61,0,1
55,34,62,0,1
55,34,63,0,1
55,35,0,0,1
55,35,1,0,1
55,35,2,0,1
55,35,3,0,1
55,35,4,0,1
55,35,5,0,1
55,35,6,0,1
55,35,7,0,1
55,35,8,0,1
55,35,9,0,1
55,35,10,0,1
55,35,11,0,1
55,35,12,0,1
55,35,13,0,1
55,35,14,0,1
55,35,15,0,1
55,35,16,0,1
55,35,17,0,1
55,35,18,0,1
55,35,19,0,1
55,35,20,0,1
55,35,21,0,1
55,35,22,0,1
55,35,23,0,1
55,35,24,0,1
55,35,25,0,1
55,35,26,0,1
55,35,27,0,1
55,35,28,0,1
55,35,29,0,1
55,35,30,0,1
55,35,31,0,1
55,35,32,0,1
55,35,33,0,1
55,35,34,0,1
55,35,35,0,1
55,35,36,0,1
55,35,37,0,1
55,35,38,0,1
55,35,39,0,1
55,35,40,0,1
55,35,41,0,1
55,35,42,0,1
55,35,43,0,1
55,35,44,0,1
55,35,45,0,1
55,35,46,0,1
55,35,47,0,1
55,35,48,0,1
55,35,49,0,1
55,35,50,0,1
55,35,51,0,1
55,35,52,0,1
55,35,53,0,1
55,35,54,0,1
55,35,55,0,1
55,35,56,0,1
55,35,57,0,1
55,35,58,0,1
55,35,59,0,1
55,35,60,0,1
55,35,61,0,1
55,35,62,0,1
55,35,63,0,1
55,36,0,0,1
55,36,1,0,1
55,36,2,0,1
55,36,3,0,1
55,36,4,0,1
55,36,5,0,1
55,36,6,0,1
55,36,7,0,1
55,36,8,0,1
55,36,9,0,1
55,36,10,0,1
55,36,11,0,1
55,36,12,0,1
55,36,13,0,1
55,36,14,0,1
55,36,15,0,1
55,36,16,0,1
55,36,17,0,1
55,36,18,0,1
55,36,19,0,1
55,36,20,0,1
55,36,21,0,1
55,36,22,0,1
55,36,23,0,1
55,36,24,0,1
55,36,25,0,1
55,36,26,0,1
55,36,27,0,1
55,36,28,0,1
55,36,29,0,1
55,36,30,0,1
55,36,31,0,1
55,36,32,0,1
55,36,33,0,1
55,36,34,0,1
55,36,35,0,1
55,36,36,0,1
55,36,37,0,1
55,36,38,0,1
55,36,39,0,1
55,36,40,0,1
55,36,41,0,1
55,36,42,0,1
55,36,43,0,1
55,36,44,0,1
55,36,45,0,1
55,36,46,0,1
55,36,47,0,1
55,36,48,0,1
55,36,49,0,1
55,36,50,0,1
55,36,51,0,1
55,36,52,0,1
55,36,53,0,1
55,36,54,0,1
55,36,55,0,1
55,36,56,0,1
55,36,57,0,1
55,36,58,0,1
55,36,59,0,1
55,36,60,0,1
55,36,61,0,1
55,36,62,0,1
55,36,63,0,1
55,37,0,0,1
55,37,1,0,1
55,37,2,0,1
55,37,3,0,1
55,37,4,0,1
55,37,5,0,1
55,37,6,0,1
55,37,7,0,1
55,37,8,0,1
55,37,9,0,1
55,37,10,0,1
55,37,11,0,1
55,37,12,0,1
55,37,13,0,1
55,37,14,0,1
55,37,15,0,1
55,37,16,0,1
55,37,17,0,1
55,37,18,0,1
55,37,19,0,1
55,37,20,0,1
55,37,21,0,1
55,37,22,0,1
55,37,23,0,1
55,37,24,0,1
55,37,25,0,1
55,37,26,0,1
55,37,27,0,1
55,37,28,0,1
55,37,29,0,1
55,37,30,0,1
55,37,31,0,1
55,37,32,0,1
55,37,33,0,1
55,37,34,0,1
55,37,35,0,1
55,37,36,0,1
55,37,37,0,1
55,37,38,0,1
55,37,39,0,1
55,37,40,0,1
55,37,41,0,1
55,37,42,0,1
55,37,43,0,1
55,37,44,0,1
55,37,45,0,1
55,37,46,0,1
55,37,47,0,1
55,37,48,0,1
55,37,49,0,1
55,37,50,0,1
55,37,51,0,1
55,37,52,0,1
55,37,53,0,1
55,37,54,0,1
55,37,55,0,1
55,37,56,0,1
55,37,57,0,1
55,37,58,0,1
55,37,59,0,1
55,37,60,0,1
55,37,61,0,1
55,37,62,0,1
55,37,63,0,1
55,38,0,0,1
55,38,1,0,1
55,38,2,0,1
55,38,3,0,1
55,38,4,0,1
55,38,5,0,1
55,38,6,0,1
55,38,7,0,1
55,38,8,0,1
55,38,9,0,1
55,38,10,0,1
55,38,11,0,1
55,38,12,0,1
55,38,13,0,1
55,38,14,0,1
55,38,15,0,1
55,38,16,0,1
55,38,17,0,1
55,38,18,0,1
55,38,19,0,1
55,38,20,0,1
55,38,21,0,1
55,38,22,0,1
55,38,23,0,1
55,38,24,0,1
55,38,25,0,1
55,38,26,0,1
55,38,27,0,1
55,38,28,0,1
55,38,29,0,1
55,38,30,0,1
55,38,31,0,1
55,38,32,0,1
55,38,33,0,1
55,38,34,0,1
55,38,35,0,1
55,38,36,0,1
55,38,37,0,1
55,38,38,0,1
55,38,39,0,1
55,38,40,0,1
55,38,41,0,1
55,38,42,0,1
55,38,43,0,1
55,38,44,0,1
55,38,45,0,1
55,38,46,0,1
55,38,47,0,1
55,38,48,0,1
55,38,49,0,1
55,38,50,0,1
55,38,51,0,1
55,38,52,0,1
55,38,53,0,1
55,38,54,0,1
55,38,55,0,1
55,38,56,0,1
55,38,57,0,1
55,38,58,0,1
55,38,59,0,1
55,38,60,0,1
55,38,61,0,1
55,38,62,0,1
55,38,63,0,1
55,39,0,0,1
55,39,1,0,1
55,39,2,0,1
55,39,3,0,1
55,39,4,0,1
55,39,5,0,1
55,39,6,0,1
55,39,7,0,1
55,39,8,0,1
55,39,9,0,1
55,39,10,0,1
55,39,11,0,1
55,39,12,0,1
55,39,13,0,1
55,39,14,0,1
55,39,15,0,1
55,39,16,0,1
55,39,17,0,1
55,39,18,0,1
55,39,19,0,1
55,39,20,0,1
55,39,21,0,1
55,39,22,0,1
55,39,23,0,1
55,39,24,0,1
55,39,25,0,1
55,39,26,0,1
55,39,27,0,1
55,39,28,0,1
55,39,29,0,1
55,39,30,0,1
55,39,31,0,1
55,39,32,0,1
55,39,33,0,1
55,39,34,0,1
55,39,35,0,1
55,39,36,0,1
55,39,37,0,1
55,39,38,0,1
55,39,39,0,1
55,39,40,0,1
55,39,41,0,1
55,39,42,0,1
55,39,43,0,1
55,39,44,0,1
55,39,45,0,1
55,39,46,0,1
55,39,47,0,1
55,39,48,0,1
55,39,49,0,1
55,39,50,0,1
55,39,51,0,1
55,39,52,0,1
55,39,53,0,1
55,39,54,0,1
55,39,55,0,1
55,39,56,0,1
55,39,57,0,1
55,39,58,0,1
55,39,59,0,1
55,39,60,0,1
55,39,61,0,1
55,39,62,0,1
55,39,63,0,1
55,40,0,0,1
55,40,1,0,1
55,40,2,0,1
55,40,3,0,1
55,40,4,0,1
55,40,5,0,1
55,40,6,0,1
55,40,7,0,1
55,40,8,0,1
55,40,9,0,1
55,40,10,0,1
55,40,11,0,1
55,40,12,0,1
55,40,13,0,1
55,40,14,0,1
55,40,15,0,1
55,40,16,0,1
55,40,17,0,1
55,40,18,0,1
55,40,19,0,1
55,40,20,0,1
55,40,21,0,1
55,40,22,0,1
55,40,23,0,1
55,40,24,0,1
55,40,25,0,1
55,40,26,0,1
55,40,27,0,1
55,40,28,0,1
55,40,29,0,1
55,40,30,0,1
55,40,31,0,1
55,40,32,0,1
55,40,33,0,1
55,40,34,0,1
55,40,35,0,1
55,40,36,0,1
55,40,37,0,1
55,40,38,0,1
55,40,39,0,1
55,40,40,0,1
55,40,41,0,1
55,40,42,0,1
55,40,43,0,1
55,40,44,0,1
55,40,45,0,1
55,40,46,0,1
55,40,47,0,1
55,40,48,0,1
55,40,49,0,1
55,40,50,0,1
55,40,51,0,1
55,40,52,0,1
55,40,53,0,1
55,40,54,0,1
55,40,55,0,1
55,40,56,0,1
55,40,57,0,1
55,40,58,0,1
55,40,59,0,1
55,40,60,0,1
55,40,61,0,1
55,40,62,0,1
55,40,63,0,1
55,41,0,0,1
55,41,1,0,1
55,41,2,0,1
55,41,3,0,1
55,41,4,0,1
55,41,5,0,1
55,41,6,0,1
55,41,7,0,1
55,41,8,0,1
55,41,9,0,1
55,41,10,0,1
55,41,11,0,1
55,41,12,0,1
55,41,13,0,1
55,41,14,0,1
55,41,15,0,1
55,41,16,0,1
55,41,17,0,1
55,41,18,0,1
55,41,19,0,1
55,41,20,0,1
55,41,21,0,1
55,41,22,0,1
55,41,23,0,1
55,41,24,0,1
55,41,25,0,1
55,41,26,0,1
55,41,27,0,1
55,41,28,0,1
55,41,29,0,1
55,41,30,0,1
55,41,31,0,1
55,41,32,0,1
55,41,33,0,1
55,41,34,0,1
55,41,35,0,1
55,41,36,0,1
55,41,37,0,1
55,41,38,0,1
55,41,39,0,1
55,41,40,0,1
55,41,41,0,1
55,41,42,0,1
55,41,43,0,1
55,41,44,0,1
55,41,45,0,1
55,41,46,0,1
55,41,47,0,1
55,41,48,0,1
55,41,49,0,1
55,41,50,0,1
55,41,51,0,1
55,41,52,0,1
55,41,53,0,1
55,41,54,0,1
55,41,55,0,1
55,41,56,0,1
55,41,57,0,1
55,41,58,0,1
55,41,59,0,1
55,41,60,0,1
55,41,61,0,1
55,41,62,0,1
55,41,63,0,1
55,42,0,0,1
55,42,1,0,1
55,42,2,0,1
55,42,3,0,1
55,42,4,0,1
55,42,5,0,1
55,42,6,0,1
55,42,7,0,1
55,42,8,0,1
55,42,9,0,1
55,42,10,0,1
55,42,11,0,1
55,42,12,0,1
55,42,13,0,1
55,42,14,0,1
55,42,15,0,1
55,42,16,0,1
55,42,17,0,1
55,42,18,0,1
55,42,19,0,1
55,42,20,0,1
55,42,21,0,1
55,42,22,0,1
55,42,23,0,1
55,42,24,0,1
55,42,25,0,1
55,42,26,0,1
55,42,27,0,1
55,42,28,0,1
55,42,29,0,1
55,42,30,0,1
55,42,31,0,1
55,42,32,0,1
55,42,33,0,1
55,42,34,0,1
55,42,35,0,1
55,42,36,0,1
55,42,37,0,1
55,42,38,0,1
55,42,39,0,1
55,42,40,0,1
55,42,41,0,1
55,42,42,0,1
55,42,43,0,1
55,42,44,0,1
55,42,45,0,1
55,42,46,0,1
55,42,47,0,1
55,42,48,0,1
55,42,49,0,1
55,42,50,0,1
55,42,51,0,1
55,42,52,0,1
55,42,53,0,1
55,42,54,0,1
55,42,55,0,1
55,42,56,0,1
55,42,57,0,1
55,42,58,0,1
55,42,59,0,1
55,42,60,0,1
55,42,61,0,1
55,42,62,0,1
55,42,63,0,1
55,43,0,0,1
55,43,1,0,1
55,43,2,0,1
55,43,3,0,1
55,43,4,0,1
55,43,5,0,1
55,43,6,0,1
55,43,7,0,1
55,43,8,0,1
55,43,9,0,1
55,43,10,0,1
55,43,11,0,1
55,43,12,0,1
55,43,13,0,1
55,43,14,0,1
55,43,15,0,1
55,43,16,0,1
55,43,17,0,1
55,43,18,0,1
55,43,19,0,1
55,43,20,0,1
55,43,21,0,1
55,43,22,0,1
55,43,23,0,1
55,43,24,0,1
55,43,25,0,1
55,43,26,0,1
55,43,27,0,1
55,43,28,0,1
55,43,29,0,1
55,43,30,0,1
55,43,31,0,1
55,43,32,0,1
55,43,33,0,1
55,43,34,0,1
55,43,35,0,1
55,43,36,0,1
55,43,37,0,1
55,43,38,0,1
55,43,39,0,1
55,43,40,0,1
55,43,41,0,1
55,43,42,0,1
55,43,43,0,1
55,43,44,0,1
55,43,45,0,1
55,43,46,0,1
55,43,47,0,1
55,43,48,0,1
55,43,49,0,1
55,43,50,0,1
55,43,51,0,1
55,43,52,0,1
55,43,53,0,1
55,43,54,0,1
55,43,55,0,1
55,43,56,0,1
55,43,57,0,1
55,43,58,0,1
55,43,59,0,1
55,43,60,0,1
55,43,61,0,1
55,43,62,0,1
55,43,63,0,1
55,44,0,0,1
55,44,1,0,1
55,44,2,0,1
55,44,3,0,1
55,44,4,0,1
55,44,5,0,1
55,44,6,0,1
55,44,7,0,1
55,44,8,0,1
55,44,9,0,1
55,44,10,0,1
55,44,11,0,1
55,44,12,0,1
55,44,13,0,1
55,44,14,0,1
55,44,15,0,1
55,44,16,0,1
55,44,17,0,1
55,44,18,0,1
55,44,19,0,1
55,44,20,0,1
55,44,21,0,1
55,44,22,0,1
55,44,23,0,1
55,44,24,0,1
55,44,25,0,1
55,44,26,0,1
55,44,27,0,1
55,44,28,0,1
55,44,29,0,1
55,44,30,0,1
55,44,31,0,1
55,44,32,0,1
55,44,33,0,1
55,44,34,0,1
55,44,35,0,1
55,44,36,0,1
55,44,37,0,1
55,44,38,0,1
55,44,39,0,1
55,44,40,0,1
55,44,41,0,1
55,44,42,0,1
55,44,43,0,1
55,44,44,0,1
55,44,45,0,1
55,44,46,0,1
55,44,47,0,1
55,44,48,0,1
55,44,49,0,1
55,44,50,0,1
55,44,51,0,1
55,44,52,0,1
55,44,53,0,1
55,44,54,0,1
55,44,55,0,1
55,44,56,0,1
55,44,57,0,1
55,44,58,0,1
55,44,59,0,1
55,44,60,0,1
55,44,61,0,1
55,44,62,0,1
55,44,63,0,1
55,45,0,0,1
55,45,1,0,1
55,45,2,0,1
55,45,3,0,1
55,45,4,0,1
55,45,5,0,1
55,45,6,0,1
55,45,7,0,1
55,45,8,0,1
55,45,9,0,1
55,45,10,0,1
55,45,11,0,1
55,45,12,0,1
55,45,13,0,1
55,45,14,0,1
55,45,15,0,1
55,45,16,0,1
55,45,17,0,1
55,45,18,0,1
55,45,19,0,1
55,45,20,0,1
55,45,21,0,1
55,45,22,0,1
55,45,23,0,1
55,45,24,0,1
55,45,25,0,1
55,45,26,0,1
55,45,27,0,1
55,45,28,0,1
55,45,29,0,1
55,45,30,0,1
55,45,31,0,1
55,45,32,0,1
55,45,33,0,1
55,45,34,0,1
55,45,35,0,1
55,45,36,0,1
55,45,37,0,1
55,45,38,0,1
55,45,39,0,1
55,45,40,0,1
55,45,41,0,1
55,45,42,0,1
55,45,43,0,1
55,45,44,0,1
55,45,45,0,1
55,45,46,0,1
55,45,47,0,1
55,45,48,0,1
55,45,49,0,1
55,45,50,0,1
55,45,51,0,1
55,45,52,0,1
55,45,53,0,1
55,45,54,0,1
55,45,55,0,1
55,45,56,0,1
55,45,57,0,1
55,45,58,0,1
55,45,59,0,1
55,45,60,0,1
55,45,61,0,1
55,45,62,0,1
55,45,63,0,1
55,46,0,0,1
55,46,1,0,1
55,46,2,0,1
55,46,3,0,1
55,46,4,0,1
55,46,5,0,1
55,46,6,0,1
55,46,7,0,1
55,46,8,0,1
55,46,9,0,1
55,46,10,0,1
55,46,11,0,1
55,46,12,0,1
55,46,13,0,1
55,46,14,0,1
55,46,15,0,1
55,46,16,0,1
55,46,17,0,1
55,46,18,0,1
55,46,19,0,1
55,46,20,0,1
55,46,21,0,1
55,46,22,0,1
55,46,23,0,1
55,46,24,0,1
55,46,25,0,1
55,46,26,0,1
55,46,27,0,1
55,46,28,0,1
55,46,29,0,1
55,46,30,0,1
55,46,31,0,1
55,46,32,0,1
55,46,33,0,1
55,46,34,0,1
55,46,35,0,1
55,46,36,0,1
55,46,37,0,1
55,46,38,0,1
55,46,39,0,1
55,46,40,0,1
55,46,41,0,1
55,46,42,0,1
55,46,43,0,1
55,46,44,0,1
55,46,45,0,1
55,46,46,0,1
55,46,47,0,1
55,46,48,0,1
55,46,49,0,1
55,46,50,0,1
55,46,51,0,1
55,46,52,0,1
55,46,53,0,1
55,46,54,0,1
55,46,55,0,1
55,46,56,0,1
55,46,57,0,1
55,46,58,0,1
55,46,59,0,1
55,46,60,0,1
55,46,61,0,1
55,46,62,0,1
55,46,63,0,1
55,47,0,0,1
55,47,1,0,1
55,47,2,0,1
55,47,3,0,1
55,47,4,0,1
55,47,5,0,1
55,47,6,0,1
55,47,7,0,1
55,47,8,0,1
55,47,9,0,1
55,47,10,0,1
55,47,11,0,1
55,47,12,0,1
55,47,13,0,1
55,47,14,0,1
55,47,15,0,1
55,47,16,0,1
55,47,17,0,1
55,47,18,0,1
55,47,19,0,1
55,47,20,0,1
55,47,21,0,1
55,47,22,0,1
55,47,23,0,1
55,47,24,0,1
55,47,25,0,1
55,47,26,0,1
55,47,27,0,1
55,47,28,0,1
55,47,29,0,1
55,47,30,0,1
55,47,31,0,1
55,47,32,0,1
55,47,33,0,1
55,47,34,0,1
55,47,35,0,1
55,47,36,0,1
55,47,37,0,1
55,47,38,0,1
55,47,39,0,1
55,47,40,0,1
55,47,41,0,1
55,47,42,0,1
55,47,43,0,1
55,47,44,0,1
55,47,45,0,1
55,47,46,0,1
55,47,47,0,1
55,47,48,0,1
55,47,49,0,1
55,47,50,0,1
55,47,51,0,1
55,47,52,0,1
55,47,53,0,1
55,47,54,0,1
55,47,55,0,1
55,47,56,0,1
55,47,57,0,1
55,47,58,0,1
55,47,59,0,1
55,47,60,0,1
55,47,61,0,1
55,47,62,0,1
55,47,63,0,1
55,48,0,0,1
55,48,1,0,1
55,48,2,0,1
55,48,3,0,1
55,48,4,0,1
55,48,5,0,1
55,48,6,0,1
55,48,7,0,1
55,48,8,0,1
55,48,9,0,1
55,48,10,0,1
55,48,11,0,1
55,48,12,0,1
55,48,13,0,1
55,48,14,0,1
55,48,15,0,1
55,48,16,0,1
55,48,17,0,1
55,48,18,0,1
55,48,19,0,1
55,48,20,0,1
55,48,21,0,1
55,48,22,0,1
55,48,23,0,1
55,48,24,0,1
55,48,25,0,1
55,48,26,0,1
55,48,27,0,1
55,48,28,0,1
55,48,29,0,1
55,48,30,0,1
55,48,31,0,1
55,48,32,0,1
55,48,33,0,1
55,48,34,0,1
55,48,35,0,1
55,48,36,0,1
55,48,37,0,1
55,48,38,0,1
55,48,39,0,1
55,48,40,0,1
55,48,41,0,1
55,48,42,0,1
55,48,43,0,1
55,48,44,0,1
55,48,45,0,1
55,48,46,0,1
55,48,47,0,1
55,48,48,0,1
55,48,49,0,1
55,48,50,0,1
55,48,51,0,1
55,48,52,0,1
55,48,53,0,1
55,48,54,0,1
55,48,55,0,1
55,48,56,0,1
55,48,57,0,1
55,48,58,0,1
55,48,59,0,1
55,48,60,0,1
55,48,61,0,1
55,48,62,0,1
55,48,63,0,1
55,49,0,0,1
55,49,1,0,1
55,49,2,0,1
55,49,3,0,1
55,49,4,0,1
55,49,5,0,1
55,49,6,0,1
55,49,7,0,1
55,49,8,0,1
55,49,9,0,1
55,49,10,0,1
55,49,11,0,1
55,49,12,0,1
55,49,13,0,1
55,49,14,0,1
55,49,15,0,1
55,49,16,0,1
55,49,17,0,1
55,49,18,0,1
55,49,19,0,1
55,49,20,0,1
55,49,21,0,1
55,49,22,0,1
55,49,23,0,1
55,49,24,0,1
55,49,25,0,1
55,49,26,0,1
55,49,27,0,1
55,49,28,0,1
55,49,29,0,1
55,49,30,0,1
55,49,31,0,1
55,49,32,0,1
55,49,33,0,1
55,49,34,0,1
55,49,35,0,1
55,49,36,0,1
55,49,37,0,1
55,49,38,0,1
55,49,39,0,1
55,49,40,0,1
55,49,41,0,1
55,49,42,0,1
55,49,43,0,1
55,49,44,0,1
55,49,45,0,1
55,49,46,0,1
55,49,47,0,1
55,49,48,0,1
55,49,49,0,1
55,49,50,0,1
55,49,51,0,1
55,49,52,0,1
55,49,53,0,1
55,49,54,0,1
55,49,55,0,1
55,49,56,0,1
55,49,57,0,1
55,49,58,0,1
55,49,59,0,1
55,49,60,0,1
55,49,61,0,1
55,49,62,0,1
55,49,63,0,1
55,50,0,0,1
55,50,1,0,1
55,50,2,0,1
55,50,3,0,1
55,50,4,0,1
55,50,5,0,1
55,50,6,0,1
55,50,7,0,1
55,50,8,0,1
55,50,9,0,1
55,50,10,0,1
55,50,11,0,1
55,50,12,0,1
55,50,13,0,1
55,50,14,0,1
55,50,15,0,1
55,50,16,0,1
55,50,17,0,1
55,50,18,0,1
55,50,19,0,1
55,50,20,0,1
55,50,21,0,1
55,50,22,0,1
55,50,23,0,1
55,50,24,0,1
55,50,25,0,1
55,50,26,0,1
55,50,27,0,1
55,50,28,0,1
55,50,29,0,1
55,50,30,0,1
55,50,31,0,1
55,50,32,0,1
55,50,33,0,1
55,50,34,0,1
55,50,35,0,1
55,50,36,0,1
55,50,37,0,1
55,50,38,0,1
55,50,39,0,1
55,50,40,0,1
55,50,41,0,1
55,50,42,0,1
55,50,43,0,1
55,50,44,0,1
55,50,45,0,1
55,50,46,0,1
55,50,47,0,1
55,50,48,0,1
55,50,49,0,1
55,50,50,0,1
55,50,51,0,1
55,50,52,0,1
55,50,53,0,1
55,50,54,0,1
55,50,55,0,1
55,50,56,0,1
55,50,57,0,1
55,50,58,0,1
55,50,59,0,1
55,50,60,0,1
55,50,61,0,1
55,50,62,0,1
55,50,63,0,1
55,51,0,0,1
55,51,1,0,1
55,51,2,0,1
55,51,3,0,1
55,51,4,0,1
55,51,5,0,1
55,51,6,0,1
55,51,7,0,1
55,51,8,0,1
55,51,9,0,1
55,51,10,0,1
55,51,11,0,1
55,51,12,0,1
55,51,13,0,1
55,51,14,0,1
55,51,15,0,1
55,51,16,0,1
55,51,17,0,1
55,51,18,0,1
55,51,19,0,1
55,51,20,0,1
55,51,21,0,1
55,51,22,0,1
55,51,23,0,1
55,51,24,0,1
55,51,25,0,1
55,51,26,0,1
55,51,27,0,1
55,51,28,0,1
55,51,29,0,1
55,51,30,0,1
55,51,31,0,1
55,51,32,0,1
55,51,33,0,1
55,51,34,0,1
55,51,35,0,1
55,51,36,0,1
55,51,37,0,1
55,51,38,0,1
55,51,39,0,1
55,51,40,0,1
55,51,41,0,1
55,51,42,0,1
55,51,43,0,1
55,51,44,0,1
55,51,45,0,1
55,51,46,0,1
55,51,47,0,1
55,51,48,0,1
55,51,49,0,1
55,51,50,0,1
55,51,51,0,1
55,51,52,0,1
55,51,53,0,1
55,51,54,0,1
55,51,55,0,1
55,51,56,0,1
55,51,57,0,1
55,51,58,0,1
55,51,59,0,1
55,51,60,0,1
55,51,61,0,1
55,51,62,0,1
55,51,63,0,1
55,52,0,0,1
55,52,1,0,1
55,52,2,0,1
55,52,3,0,1
55,52,4,0,1
55,52,5,0,1
55,52,6,0,1
55,52,7,0,1
55,52,8,0,1
55,52,9,0,1
55,52,10,0,1
55,52,11,0,1
55,52,12,0,1
55,52,13,0,1
55,52,14,0,1
55,52,15,0,1
55,52,16,0,1
55,52,17,0,1
55,52,18,0,1
55,52,19,0,1
55,52,20,0,1
55,52,21,0,1
55,52,22,0,1
55,52,23,0,1
55,52,24,0,1
55,52,25,0,1
55,52,26,0,1
55,52,27,0,1
55,52,28,0,1
55,52,29,0,1
55,52,30,0,1
55,52,31,0,1
55,52,32,0,1
55,52,33,0,1
55,52,34,0,1
55,52,35,0,1
55,52,36,0,1
55,52,37,0,1
55,52,38,0,1
55,52,39,0,1
55,52,40,0,1
55,52,41,0,1
55,52,42,0,1
55,52,43,0,1
55,52,44,0,1
55,52,45,0,1
55,52,46,0,1
55,52,47,0,1
55,52,48,0,1
55,52,49,0,1
55,52,50,0,1
55,52,51,0,1
55,52,52,0,1
55,52,53,0,1
55,52,54,0,1
55,52,55,0,1
55,52,56,0,1
55,52,57,0,1
55,52,58,0,1
55,52,59,0,1
55,52,60,0,1
55,52,61,0,1
55,52,62,0,1
55,52,63,0,1
55,53,0,0,1
55,53,1,0,1
55,53,2,0,1
55,53,3,0,1
55,53,4,0,1
55,53,5,0,1
55,53,6,0,1
55,53,7,0,1
55,53,8,0,1
55,53,9,0,1
55,53,10,0,1
55,53,11,0,1
55,53,12,0,1
55,53,13,0,1
55,53,14,0,1
55,53,15,0,1
55,53,16,0,1
55,53,17,0,1
55,53,18,0,1
55,53,19,0,1
55,53,20,0,1
55,53,21,0,1
55,53,22,0,1
55,53,23,0,1
55,53,24,0,1
55,53,25,0,1
55,53,26,0,1
55,53,27,0,1
55,53,28,0,1
55,53,29,0,1
55,53,30,0,1
55,53,31,0,1
55,53,32,0,1
55,53,33,0,1
55,53,34,0,1
55,53,35,0,1
55,53,36,0,1
55,53,37,0,1
55,53,38,0,1
55,53,39,0,1
55,53,40,0,1
55,53,41,0,1
55,53,42,0,1
55,53,43,0,1
55,53,44,0,1
55,53,45,0,1
55,53,46,0,1
55,53,47,0,1
55,53,48,0,1
55,53,49,0,1
55,53,50,0,1
55,53,51,0,1
55,53,52,0,1
55,53,53,0,1
55,53,54,0,1
55,53,55,0,1
55,53,56,0,1
55,53,57,0,1
55,53,58,0,1
55,53,59,0,1
55,53,60,0,1
55,53,61,0,1
55,53,62,0,1
55,53,63,0,1
55,54,0,0,1
55,54,1,0,1
55,54,2,0,1
55,54,3,0,1
55,54,4,0,1
55,54,5,0,1
55,54,6,0,1
55,54,7,0,1
55,54,8,0,1
55,54,9,0,1
55,54,10,0,1
55,54,11,0,1
55,54,12,0,1
55,54,13,0,1
55,54,14,0,1
55,54,15,0,1
55,54,16,0,1
55,54,17,0,1
55,54,18,0,1
55,54,19,0,1
55,54,20,0,1
55,54,21,0,1
55,54,22,0,1
55,54,23,0,1
55,54,24,0,1
55,54,25,0,1
55,54,26,0,1
55,54,27,0,1
55,54,28,0,1
55,54,29,0,1
55,54,30,0,1
55,54,31,0,1
55,54,32,0,1
55,54,33,0,1
55,54,34,0,1
55,54,35,0,1
55,54,36,0,1
55,54,37,0,1
55,54,38,0,1
55,54,39,0,1
55,54,40,0,1
55,54,41,0,1
55,54,42,0,1
55,54,43,0,1
55,54,44,0,1
55,54,45,0,1
55,54,46,0,1
55,54,47,0,1
55,54,48,0,1
55,54,49,0,1
55,54,50,0,1
55,54,51,0,1
55,54,52,0,1
55,54,53,0,1
55,54,54,0,1
55,54,55,0,1
55,54,56,0,1
55,54,57,0,1
55,54,58,0,1
55,54,59,0,1
55,54,60,0,1
55,54,61,0,1
55,54,62,0,1
55,54,63,0,1
55,55,0,0,1
55,55,1,0,1
55,55,2,0,1
55,55,3,0,1
55,55,4,0,1
55,55,5,0,1
55,55,6,0,1
55,55,7,0,1
55,55,8,0,1
55,55,9,0,1
55,55,10,0,1
55,55,11,0,1
55,55,12,0,1
55,55,13,0,1
55,55,14,0,1
55,55,15,0,1
55,55,16,0,1
55,55,17,0,1
55,55,18,0,1
55,55,19,0,1
55,55,20,0,1
55,55,21,0,1
55,55,22,0,1
55,55,23,0,1
55,55,24,0,1
55,55,25,0,1
55,55,26,0,1
55,55,27,0,1
55,55,28,0,1
55,55,29,0,1
55,55,30,0,1
55,55,31,0,1
55,55,32,0,1
55,55,33,0,1
55,55,34,0,1
55,55,35,0,1
55,55,36,0,1
55,55,37,0,1
55,55,38,0,1
55,55,39,0,1
55,55,40,0,1
55,55,41,0,1
55,55,42,0,1
55,55,43,0,1
55,55,44,0,1
55,55,45,0,1
55,55,46,0,1
55,55,47,0,1
55,55,48,0,1
55,55,49,0,1
55,55,50,0,1
55,55,51,0,1
55,55,52,0,1
55,55,53,0,1
55,55,54,0,1
55,55,55,0,1
55,55,56,0,1
55,55,57,0,1
55,55,58,0,1
55,55,59,0,1
55,55,60,0,1
55,55,61,0,1
55,55,62,0,1
55,55,63,0,1
55,56,0,0,1
55,56,1,0,1
55,56,2,0,1
55,56,3,0,1
55,56,4,0,1
55,56,5,0,1
55,56,6,0,1
55,56,7,0,1
55,56,8,0,1
55,56,9,0,1
55,56,10,0,1
55,56,11,0,1
55,56,12,0,1
55,56,13,0,1
55,56,14,0,1
55,56,15,0,1
55,56,16,0,1
55,56,17,0,1
55,56,18,0,1
55,56,19,0,1
55,56,20,0,1
55,56,21,0,1
55,56,22,0,1
55,56,23,0,1
55,56,24,0,1
55,56,25,0,1
55,56,26,0,1
55,56,27,0,1
55,56,28,0,1
55,56,29,0,1
55,56,30,0,1
55,56,31,0,1
55,56,32,0,1
55,56,33,0,1
55,56,34,0,1
55,56,35,0,1
55,56,36,0,1
55,56,37,0,1
55,56,38,0,1
55,56,39,0,1
55,56,40,0,1
55,56,41,0,1
55,56,42,0,1
55,56,43,0,1
55,56,44,0,1
55,56,45,0,1
55,56,46,0,1
55,56,47,0,1
55,56,48,0,1
55,56,49,0,1
55,56,50,0,1
55,56,51,0,1
55,56,52,0,1
55,56,53,0,1
55,56,54,0,1
55,56,55,0,1
55,56,56,0,1
55,56,57,0,1
55,56,58,0,1
55,56,59,0,1
55,56,60,0,1
55,56,61,0,1
55,56,62,0,1
55,56,63,0,1
55,57,0,0,1
55,57,1,0,1
55,57,2,0,1
55,57,3,0,1
55,57,4,0,1
55,57,5,0,1
55,57,6,0,1
55,57,7,0,1
55,57,8,0,1
55,57,9,0,1
55,57,10,0,1
55,57,11,0,1
55,57,12,0,1
55,57,13,0,1
55,57,14,0,1
55,57,15,0,1
55,57,16,0,1
55,57,17,0,1
55,57,18,0,1
55,57,19,0,1
55,57,20,0,1
55,57,21,0,1
55,57,22,0,1
55,57,23,0,1
55,57,24,0,1
55,57,25,0,1
55,57,26,0,1
55,57,27,0,1
55,57,28,0,1
55,57,29,0,1
55,57,30,0,1
55,57,31,0,1
55,57,32,0,1
55,57,33,0,1
55,57,34,0,1
55,57,35,0,1
55,57,36,0,1
55,57,37,0,1
55,57,38,0,1
55,57,39,0,1
55,57,40,0,1
55,57,41,0,1
55,57,42,0,1
55,57,43,0,1
55,57,44,0,1
55,57,45,0,1
55,57,46,0,1
55,57,47,0,1
55,57,48,0,1
55,57,49,0,1
55,57,50,0,1
55,57,51,0,1
55,57,52,0,1
55,57,53,0,1
55,57,54,0,1
55,57,55,0,1
55,57,56,0,1
55,57,57,0,1
55,57,58,0,1
55,57,59,0,1
55,57,60,0,1
55,57,61,0,1
55,57,62,0,1
55,57,63,0,1
55,58,0,0,1
55,58,1,0,1
55,58,2,0,1
55,58,3,0,1
55,58,4,0,1
55,58,5,0,1
55,58,6,0,1
55,58,7,0,1
55,58,8,0,1
55,58,9,0,1
55,58,10,0,1
55,58,11,0,1
55,58,12,0,1
55,58,13,0,1
55,58,14,0,1
55,58,15,0,1
55,58,16,0,1
55,58,17,0,1
55,58,18,0,1
55,58,19,0,1
55,58,20,0,1
55,58,21,0,1
55,58,22,0,1
55,58,23,0,1
55,58,24,0,1
55,58,25,0,1
55,58,26,0,1
55,58,27,0,1
55,58,28,0,1
55,58,29,0,1
55,58,30,0,1
55,58,31,0,1
55,58,32,0,1
55,58,33,0,1
55,58,34,0,1
55,58,35,0,1
55,58,36,0,1
55,58,37,0,1
55,58,38,0,1
55,58,39,0,1
55,58,40,0,1
55,58,41,0,1
55,58,42,0,1
55,58,43,0,1
55,58,44,0,1
55,58,45,0,1
55,58,46,0,1
55,58,47,0,1
55,58,48,0,1
55,58,49,0,1
55,58,50,0,1
55,58,51,0,1
55,58,52,0,1
55,58,53,0,1
55,58,54,0,1
55,58,55,0,1
55,58,56,0,1
55,58,57,0,1
55,58,58,0,1
55,58,59,0,1
55,58,60,0,1
55,58,61,0,1
55,58,62,0,1
55,58,63,0,1
55,59,0,0,1
55,59,1,0,1
55,59,2,0,1
55,59,3,0,1
55,59,4,0,1
55,59,5,0,1
55,59,6,0,1
55,59,7,0,1
55,59,8,0,1
55,59,9,0,1
55,59,10,0,1
55,59,11,0,1
55,59,12,0,1
55,59,13,0,1
55,59,14,0,1
55,59,15,0,1
55,59,16,0,1
55,59,17,0,1
55,59,18,0,1
55,59,19,0,1
55,59,20,0,1
55,59,21,0,1
55,59,22,0,1
55,59,23,0,1
55,59,24,0,1
55,59,25,0,1
55,59,26,0,1
55,59,27,0,1
55,59,28,0,1
55,59,29,0,1
55,59,30,0,1
55,59,31,0,1
55,59,32,0,1
55,59,33,0,1
55,59,34,0,1
55,59,35,0,1
55,59,36,0,1
55,59,37,0,1
55,59,38,0,1
55,59,39,0,1
55,59,40,0,1
55,59,41,0,1
55,59,42,0,1
55,59,43,0,1
55,59,44,0,1
55,59,45,0,1
55,59,46,0,1
55,59,47,0,1
55,59,48,0,1
55,59,49,0,1
55,59,50,0,1
55,59,51,0,1
55,59,52,0,1
55,59,53,0,1
55,59,54,0,1
55,59,55,0,1
55,59,56,0,1
55,59,57,0,1
55,59,58,0,1
55,59,59,0,1
55,59,60,0,1
55,59,61,0,1
55,59,62,0,1
55,59,63,0,1
55,60,0,0,1
55,60,1,0,1
55,60,2,0,1
55,60,3,0,1
55,60,4,0,1
55,60,5,0,1
55,60,6,0,1
55,60,7,0,1
55,60,8,0,1
55,60,9,0,1
55,60,10,0,1
55,60,11,0,1
55,60,12,0,1
55,60,13,0,1
55,60,14,0,1
55,60,15,0,1
55,60,16,0,1
55,60,17,0,1
55,60,18,0,1
55,60,19,0,1
55,60,20,0,1
55,60,21,0,1
55,60,22,0,1
55,60,23,0,1
55,60,24,0,1
55,60,25,0,1
55,60,26,0,1
55,60,27,0,1
55,60,28,0,1
55,60,29,0,1
55,60,30,0,1
55,60,31,0,1
55,60,32,0,1
55,60,33,0,1
55,60,34,0,1
55,60,35,0,1
55,60,36,0,1
55,60,37,0,1
55,60,38,0,1
55,60,39,0,1
55,60,40,0,1
55,60,41,0,1
55,60,42,0,1
55,60,43,0,1
55,60,44,0,1
55,60,45,0,1
55,60,46,0,1
55,60,47,0,1
55,60,48,0,1
55,60,49,0,1
55,60,50,0,1
55,60,51,0,1
55,60,52,0,1
55,60,53,0,1
55,60,54,0,1
55,60,55,0,1
55,60,56,0,1
55,60,57,0,1
55,60,58,0,1
55,60,59,0,1
55,60,60,0,1
55,60,61,0,1
55,60,62,0,1
55,60,63,0,1
55,61,0,0,1
55,61,1,0,1
55,61,2,0,1
55,61,3,0,1
55,61,4,0,1
55,61,5,0,1
55,61,6,0,1
55,61,7,0,1
55,61,8,0,1
55,61,9,0,1
55,61,10,0,1
55,61,11,0,1
55,61,12,0,1
55,61,13,0,1
55,61,14,0,1
55,61,15,0,1
55,61,16,0,1
55,61,17,0,1
55,61,18,0,1
55,61,19,0,1
55,61,20,0,1
55,61,21,0,1
55,61,22,0,1
55,61,23,0,1
55,61,24,0,1
55,61,25,0,1
55,61,26,0,1
55,61,27,0,1
55,61,28,0,1
55,61,29,0,1
55,61,30,0,1
55,61,31,0,1
55,61,32,0,1
55,61,33,0,1
55,61,34,0,1
55,61,35,0,1
55,61,36,0,1
55,61,37,0,1
55,61,38,0,1
55,61,39,0,1
55,61,40,0,1
55,61,41,0,1
55,61,42,0,1
55,61,43,0,1
55,61,44,0,1
55,61,45,0,1
55,61,46,0,1
55,61,47,0,1
55,61,48,0,1
55,61,49,0,1
55,61,50,0,1
55,61,51,0,1
55,61,52,0,1
55,61,53,0,1
55,61,54,0,1
55,61,55,0,1
55,61,56,0,1
55,61,57,0,1
55,61,58,0,1
55,61,59,0,1
55,61,60,0,1
55,61,61,0,1
55,61,62,0,1
55,61,63,0,1
55,62,0,0,1
55,62,1,0,1
55,62,2,0,1
55,62,3,0,1
55,62,4,0,1
55,62,5,0,1
55,62,6,0,1
55,62,7,0,1
55,62,8,0,1
55,62,9,0,1
55,62,10,0,1
55,62,11,0,1
55,62,12,0,1
55,62,13,0,1
55,62,14,0,1
55,62,15,0,1
55,62,16,0,1
55,62,17,0,1
55,62,18,0,1
55,62,19,0,1
55,62,20,0,1
55,62,21,0,1
55,62,22,0,1
55,62,23,0,1
55,62,24,0,1
55,62,25,0,1
55,62,26,0,1
55,62,27,0,1
55,62,28,0,1
55,62,29,0,1
55,62,30,0,1
55,62,31,0,1
55,62,32,0,1
55,62,33,0,1
55,62,34,0,1
55,62,35,0,1
55,62,36,0,1
55,62,37,0,1
55,62,38,0,1
55,62,39,0,1
55,62,40,0,1
55,62,41,0,1
55,62,42,0,1
55,62,43,0,1
55,62,44,0,1
55,62,45,0,1
55,62,46,0,1
55,62,47,0,1
55,62,48,0,1
55,62,49,0,1
55,62,50,0,1
55,62,51,0,1
55,62,52,0,1
55,62,53,0,1
55,62,54,0,1
55,62,55,0,1
55,62,56,0,1
55,62,57,0,1
55,62,58,0,1
55,62,59,0,1
55,62,60,0,1
55,62,61,0,1
55,62,62,0,1
55,62,63,0,1
55,63,0,0,1
55,63,1,0,1
55,63,2,0,1
55,63,3,0,1
55,63,4,0,1
55,63,5,0,1
55,63,6,0,1
55,63,7,0,1
55,63,8,0,1
55,63,9,0,1
55,63,10,0,1
55,63,11,0,1
55,63,12,0,1
55,63,13,0,1
55,63,14,0,1
55,63,15,0,1
55,63,16,0,1
55,63,17,0,1
55,63,18,0,1
55,63,19,0,1
55,63,20,0,1
55,63,21,0,1
55,63,22,0,1
55,63,23,0,1
55,63,24,0,1
55,63,25,0,1
55,63,26,0,1
55,63,27,0,1
55,63,28,0,1
55,63,29,0,1
55,63,30,0,1
55,63,31,0,1
55,63,32,0,1
55,63,33,0,1
55,63,34,0,1
55,63,35,0,1
55,63,36,0,1
55,63,37,0,1
55,63,38,0,1
55,63,39,0,1
55,63,40,0,1
55,63,41,0,1
55,63,42,0,1
55,63,43,0,1
55,63,44,0,1
55,63,45,0,1
55,63,46,0,1
55,63,47,0,1
55,63,48,0,1
55,63,49,0,1
55,63,50,0,1
55,63,51,0,1
55,63,52,0,1
55,63,53,0,1
55,63,54,0,1
55,63,55,0,1
55,63,56,0,1
55,63,57,0,1
55,63,58,0,1
55,63,59,0,1
55,63,60,0,1
55,63,61,0,1
55,63,62,0,1
55,63,63,0,1
55,64,0,0,1
55,64,1,0,1
55,64,2,0,1
55,64,3,0,1
55,64,4,0,1
55,64,5,0,1
55,64,6,0,1
55,64,7,0,1
55,64,8,0,1
55,64,9,0,1
55,64,10,0,1
55,64,11,0,1
55,64,12,0,1
55,64,13,0,1
55,64,14,0,1
55,64,15,0,1
55,64,16,0,1
55,64,17,0,1
55,64,18,0,1
55,64,19,0,1
55,64,20,0,1
55,64,21,0,1
55,64,22,0,1
55,64,23,0,1
55,64,24,0,1
55,64,25,0,1
55,64,26,0,1
55,64,27,0,1
55,64,28,0,1
55,64,29,0,1
55,64,30,0,1
55,64,31,0,1
55,64,32,0,1
55,64,33,0,1
55,64,34,0,1
55,64,35,0,1
55,64,36,0,1
55,64,37,0,1
55,64,38,0,1
55,64,39,0,1
55,64,40,0,1
55,64,41,0,1
55,64,42,0,1
55,64,43,0,1
55,64,44,0,1
55,64,45,0,1
55,64,46,0,1
55,64,47,0,1
55,64,48,0,1
55,64,49,0,1
55,64,50,0,1
55,64,51,0,1
55,64,52,0,1
55,64,53,0,1
55,64,54,0,1
55,64,55,0,1
55,64,56,0,1
55,64,57,0,1
55,64,58,0,1
55,64,59,0,1
55,64,60,0,1
55,64,61,0,1
55,64,62,0,1
55,64,63,0,1
55,65,0,0,1
55,65,1,0,1
55,65,2,0,1
55,65,3,0,1
55,65,4,0,1
55,65,5,0,1
55,65,6,0,1
55,65,7,0,1
55,65,8,0,1
55,65,9,0,1
55,65,10,0,1
55,65,11,0,1
55,65,12,0,1
55,65,13,0,1
55,65,14,0,1
55,65,15,0,1
55,65,16,0,1
55,65,17,0,1
55,65,18,0,1
55,65,19,0,1
55,65,20,0,1
55,65,21,0,1
55,65,22,0,1
55,65,23,0,1
55,65,24,0,1
55,65,25,0,1
55,65,26,0,1
55,65,27,0,1
55,65,28,0,1
55,65,29,0,1
55,65,30,0,1
55,65,31,0,1
55,65,32,0,1
55,65,33,0,1
55,65,34,0,1
55,65,35,0,1
55,65,36,0,1
55,65,37,0,1
55,65,38,0,1
55,65,39,0,1
55,65,40,0,1
55,65,41,0,1
55,65,42,0,1
55,65,43,0,1
55,65,44,0,1
55,65,45,0,1
55,65,46,0,1
55,65,47,0,1
55,65,48,0,1
55,65,49,0,1
55,65,50,0,1
55,65,51,0,1
55,65,52,0,1
55,65,53,0,1
55,65,54,0,1
55,65,55,0,1
55,65,56,0,1
55,65,57,0,1
55,65,58,0,1
55,65,59,0,1
55,65,60,0,1
55,65,61,0,1
55,65,62,0,1
55,65,63,0,1
55,66,0,0,1
55,66,1,0,1
55,66,2,0,1
55,66,3,0,1
55,66,4,0,1
55,66,5,0,1
55,66,6,0,1
55,66,7,0,1
55,66,8,0,1
55,66,9,0,1
55,66,10,0,1
55,66,11,0,1
55,66,12,0,1
55,66,13,0,1
55,66,14,0,1
55,66,15,0,1
55,66,16,0,1
55,66,17,0,1
55,66,18,0,1
55,66,19,0,1
55,66,20,0,1
55,66,21,0,1
55,66,22,0,1
55,66,23,0,1
55,66,24,0,1
55,66,25,0,1
55,66,26,0,1
55,66,27,0,1
55,66,28,0,1
55,66,29,0,1
55,66,30,0,1
55,66,31,0,1
55,66,32,0,1
55,66,33,0,1
55,66,34,0,1
55,66,35,0,1
55,66,36,0,1
55,66,37,0,1
55,66,38,0,1
55,66,39,0,1
55,66,40,0,1
55,66,41,0,1
55,66,42,0,1
55,66,43,0,1
55,66,44,0,1
55,66,45,0,1
55,66,46,0,1
55,66,47,0,1
55,66,48,0,1
55,66,49,0,1
55,66,50,0,1
55,66,51,0,1
55,66,52,0,1
55,66,53,0,1
55,66,54,0,1
55,66,55,0,1
55,66,56,0,1
55,66,57,0,1
55,66,58,0,1
55,66,59,0,1
55,66,60,0,1
55,66,61,0,1
55,66,62,0,1
55,66,63,0,1
55,67,0,0,1
55,67,1,0,1
55,67,2,0,1
55,67,3,0,1
55,67,4,0,1
55,67,5,0,1
55,67,6,0,1
55,67,7,0,1
55,67,8,0,1
55,67,9,0,1
55,67,10,0,1
55,67,11,0,1
55,67,12,0,1
55,67,13,0,1
55,67,14,0,1
55,67,15,0,1
55,67,16,0,1
55,67,17,0,1
55,67,18,0,1
55,67,19,0,1
55,67,20,0,1
55,67,21,0,1
55,67,22,0,1
55,67,23,0,1
55,67,24,0,1
55,67,25,0,1
55,67,26,0,1
55,67,27,0,1
55,67,28,0,1
55,67,29,0,1
55,67,30,0,1
55,67,31,0,1
55,67,32,0,1
55,67,33,0,1
55,67,34,0,1
55,67,35,0,1
55,67,36,0,1
55,67,37,0,1
55,67,38,0,1
55,67,39,0,1
55,67,40,0,1
55,67,41,0,1
55,67,42,0,1
55,67,43,0,1
55,67,44,0,1
55,67,45,0,1
55,67,46,0,1
55,67,47,0,1
55,67,48,0,1
55,67,49,0,1
55,67,50,0,1
55,67,51,0,1
55,67,52,0,1
55,67,53,0,1
55,67,54,0,1
55,67,55,0,1
55,67,56,0,1
55,67,57,0,1
55,67,58,0,1
55,67,59,0,1
55,67,60,0,1
55,67,61,0,1
55,67,62,0,1
55,67,63,0,1
55,68,0,0,1
55,68,1,0,1
55,68,2,0,1
55,68,3,0,1
55,68,4,0,1
55,68,5,0,1
55,68,6,0,1
55,68,7,0,1
55,68,8,0,1
55,68,9,0,1
55,68,10,0,1
55,68,11,0,1
55,68,12,0,1
55,68,13,0,1
55,68,14,0,1
55,68,15,0,1
55,68,16,0,1
55,68,17,0,1
55,68,18,0,1
55,68,19,0,1
55,68,20,0,1
55,68,21,0,1
55,68,22,0,1
55,68,23,0,1
55,68,24,0,1
55,68,25,0,1
55,68,26,0,1
55,68,27,0,1
55,68,28,0,1
55,68,29,0,1
55,68,30,0,1
55,68,31,0,1
55,68,32,0,1
55,68,33,0,1
55,68,34,0,1
55,68,35,0,1
55,68,36,0,1
55,68,37,0,1
55,68,38,0,1
55,68,39,0,1
55,68,40,0,1
55,68,41,0,1
55,68,42,0,1
55,68,43,0,1
55,68,44,0,1
55,68,45,0,1
55,68,46,0,1
55,68,47,0,1
55,68,48,0,1
55,68,49,0,1
55,68,50,0,1
55,68,51,0,1
55,68,52,0,1
55,68,53,0,1
55,68,54,0,1
55,68,55,0,1
55,68,56,0,1
55,68,57,0,1
55,68,58,0,1
55,68,59,0,1
55,68,60,0,1
55,68,61,0,1
55,68,62,0,1
55,68,63,0,1
55,69,0,0,1
55,69,1,0,1
55,69,2,0,1
55,69,3,0,1
55,69,4,0,1
55,69,5,0,1
55,69,6,0,1
55,69,7,0,1
55,69,8,0,1
55,69,9,0,1
55,69,10,0,1
55,69,11,0,1
55,69,12,0,1
55,69,13,0,1
55,69,14,0,1
55,69,15,0,1
55,69,16,0,1
55,69,17,0,1
55,69,18,0,1
55,69,19,0,1
55,69,20,0,1
55,69,21,0,1
55,69,22,0,1
55,69,23,0,1
55,69,24,0,1
55,69,25,0,1
55,69,26,0,1
55,69,27,0,1
55,69,28,0,1
55,69,29,0,1
55,69,30,0,1
55,69,31,0,1
55,69,32,0,1
55,69,33,0,1
55,69,34,0,1
55,69,35,0,1
55,69,36,0,1
55,69,37,0,1
55,69,38,0,1
55,69,39,0,1
55,69,40,0,1
55,69,41,0,1
55,69,42,0,1
55,69,43,0,1
55,69,44,0,1
55,69,45,0,1
55,69,46,0,1
55,69,47,0,1
55,69,48,0,1
55,69,49,0,1
55,69,50,0,1
55,69,51,0,1
55,69,52,0,1
55,69,53,0,1
55,69,54,0,1
55,69,55,0,1
55,69,56,0,1
55,69,57,0,1
55,69,58,0,1
55,69,59,0,1
55,69,60,0,1
55,69,61,0,1
55,69,62,0,1
55,69,63,0,1
55,70,0,0,1
55,70,1,0,1
55,70,2,0,1
55,70,3,0,1
55,70,4,0,1
55,70,5,0,1
55,70,6,0,1
55,70,7,0,1
55,70,8,0,1
55,70,9,0,1
55,70,10,0,1
55,70,11,0,1
55,70,12,0,1
55,70,13,0,1
55,70,14,0,1
55,70,15,0,1
55,70,16,0,1
55,70,17,0,1
55,70,18,0,1
55,70,19,0,1
55,70,20,0,1
55,70,21,0,1
55,70,22,0,1
55,70,23,0,1
55,70,24,0,1
55,70,25,0,1
55,70,26,0,1
55,70,27,0,1
55,70,28,0,1
55,70,29,0,1
55,70,30,0,1
55,70,31,0,1
55,70,32,0,1
55,70,33,0,1
55,70,34,0,1
55,70,35,0,1
55,70,36,0,1
55,70,37,0,1
55,70,38,0,1
55,70,39,0,1
55,70,40,0,1
55,70,41,0,1
55,70,42,0,1
55,70,43,0,1
55,70,44,0,1
55,70,45,0,1
55,70,46,0,1
55,70,47,0,1
55,70,48,0,1
55,70,49,0,1
55,70,50,0,1
55,70,51,0,1
55,70,52,0,1
55,70,53,0,1
55,70,54,0,1
55,70,55,0,1
55,70,56,0,1
55,70,57,0,1
55,70,58,0,1
55,70,59,0,1
55,70,60,0,1
55,70,61,0,1
55,70,62,0,1
55,70,63,0,1
55,71,0,0,1
55,71,1,0,1
55,71,2,0,1
55,71,3,0,1
55,71,4,0,1
55,71,5,0,1
55,71,6,0,1
55,71,7,0,1
55,71,8,0,1
55,71,9,0,1
55,71,10,0,1
55,71,11,0,1
55,71,12,0,1
55,71,13,0,1
55,71,14,0,1
55,71,15,0,1
55,71,16,0,1
55,71,17,0,1
55,71,18,0,1
55,71,19,0,1
55,71,20,0,1
55,71,21,0,1
55,71,22,0,1
55,71,23,0,1
55,71,24,0,1
55,71,25,0,1
55,71,26,0,1
55,71,27,0,1
55,71,28,0,1
55,71,29,0,1
55,71,30,0,1
55,71,31,0,1
55,71,32,0,1
55,71,33,0,1
55,71,34,0,1
55,71,35,0,1
55,71,36,0,1
55,71,37,0,1
55,71,38,0,1
55,71,39,0,1
55,71,40,0,1
55,71,41,0,1
55,71,42,0,1
55,71,43,0,1
55,71,44,0,1
55,71,45,0,1
55,71,46,0,1
55,71,47,0,1
55,71,48,0,1
55,71,49,0,1
55,71,50,0,1
55,71,51,0,1
55,71,52,0,1
55,71,53,0,1
55,71,54,0,1
55,71,55,0,1
55,71,56,0,1
55,71,57,0,1
55,71,58,0,1
55,71,59,0,1
55,71,60,0,1
55,71,61,0,1
55,71,62,0,1
55,71,63,0,1
55,72,0,0,1
55,72,1,0,1
55,72,2,0,1
55,72,3,0,1
55,72,4,0,1
55,72,5,0,1
55,72,6,0,1
55,72,7,0,1
55,72,8,0,1
55,72,9,0,1
55,72,10,0,1
55,72,11,0,1
55,72,12,0,1
55,72,13,0,1
55,72,14,0,1
55,72,15,0,1
55,72,16,0,1
55,72,17,0,1
55,72,18,0,1
55,72,19,0,1
55,72,20,0,1
55,72,21,0,1
55,72,22,0,1
55,72,23,0,1
55,72,24,0,1
55,72,25,0,1
55,72,26,0,1
55,72,27,0,1
55,72,28,0,1
55,72,29,0,1
55,72,30,0,1
55,72,31,0,1
55,72,32,0,1
55,72,33,0,1
55,72,34,0,1
55,72,35,0,1
55,72,36,0,1
55,72,37,0,1
55,72,38,0,1
55,72,39,0,1
55,72,40,0,1
55,72,41,0,1
55,72,42,0,1
55,72,43,0,1
55,72,44,0,1
55,72,45,0,1
55,72,46,0,1
55,72,47,0,1
55,72,48,0,1
55,72,49,0,1
55,72,50,0,1
55,72,51,0,1
55,72,52,0,1
55,72,53,0,1
55,72,54,0,1
55,72,55,0,1
55,72,56,0,1
55,72,57,0,1
55,72,58,0,1
55,72,59,0,1
55,72,60,0,1
55,72,61,0,1
55,72,62,0,1
55,72,63,0,1
55,73,0,0,1
55,73,1,0,1
55,73,2,0,1
55,73,3,0,1
55,73,4,0,1
55,73,5,0,1
55,73,6,0,1
55,73,7,0,1
55,73,8,0,1
55,73,9,0,1
55,73,10,0,1
55,73,11,0,1
55,73,12,0,1
55,73,13,0,1
55,73,14,0,1
55,73,15,0,1
55,73,16,0,1
55,73,17,0,1
55,73,18,0,1
55,73,19,0,1
55,73,20,0,1
55,73,21,0,1
55,73,22,0,1
55,73,23,0,1
55,73,24,0,1
55,73,25,0,1
55,73,26,0,1
55,73,27,0,1
55,73,28,0,1
55,73,29,0,1
55,73,30,0,1
55,73,31,0,1
55,73,32,0,1
55,73,33,0,1
55,73,34,0,1
55,73,35,0,1
55,73,36,0,1
55,73,37,0,1
55,73,38,0,1
55,73,39,0,1
55,73,40,0,1
55,73,41,0,1
55,73,42,0,1
55,73,43,0,1
55,73,44,0,1
55,73,45,0,1
55,73,46,0,1
55,73,47,0,1
55,73,48,0,1
55,73,49,0,1
55,73,50,0,1
55,73,51,0,1
55,73,52,0,1
55,73,53,0,1
55,73,54,0,1
55,73,55,0,1
55,73,56,0,1
55,73,57,0,1
55,73,58,0,1
55,73,59,0,1
55,73,60,0,1
55,73,61,0,1
55,73,62,0,1
55,73,63,0,1
55,74,0,0,1
55,74,1,0,1
55,74,2,0,1
55,74,3,0,1
55,74,4,0,1
55,74,5,0,1
55,74,6,0,1
55,74,7,0,1
55,74,8,0,1
55,74,9,0,1
55,74,10,0,1
55,74,11,0,1
55,74,12,0,1
55,74,13,0,1
55,74,14,0,1
55,74,15,0,1
55,74,16,0,1
55,74,17,0,1
55,74,18,0,1
55,74,19,0,1
55,74,20,0,1
55,74,21,0,1
55,74,22,0,1
55,74,23,0,1
55,74,24,0,1
55,74,25,0,1
55,74,26,0,1
55,74,27,0,1
55,74,28,0,1
55,74,29,0,1
55,74,30,0,1
55,74,31,0,1
55,74,32,0,1
55,74,33,0,1
55,74,34,0,1
55,74,35,0,1
55,74,36,0,1
55,74,37,0,1
55,74,38,0,1
55,74,39,0,1
55,74,40,0,1
55,74,41,0,1
55,74,42,0,1
55,74,43,0,1
55,74,44,0,1
55,74,45,0,1
55,74,46,0,1
55,74,47,0,1
55,74,48,0,1
55,74,49,0,1
55,74,50,0,1
55,74,51,0,1
55,74,52,0,1
55,74,53,0,1
55,74,54,0,1
55,74,55,0,1
55,74,56,0,1
55,74,57,0,1
55,74,58,0,1
55,74,59,0,1
55,74,60,0,1
55,74,61,0,1
55,74,62,0,1
55,74,63,0,1
55,75,0,0,1
55,75,1,0,1
55,75,2,0,1
55,75,3,0,1
55,75,4,0,1
55,75,5,0,1
55,75,6,0,1
55,75,7,0,1
55,75,8,0,1
55,75,9,0,1
55,75,10,0,1
55,75,11,0,1
55,75,12,0,1
55,75,13,0,1
55,75,14,0,1
55,75,15,0,1
55,75,16,0,1
55,75,17,0,1
55,75,18,0,1
55,75,19,0,1
55,75,20,0,1
55,75,21,0,1
55,75,22,0,1
55,75,23,0,1
55,75,24,0,1
55,75,25,0,1
55,75,26,0,1
55,75,27,0,1
55,75,28,0,1
55,75,29,0,1
55,75,30,0,1
55,75,31,0,1
55,75,32,0,1
55,75,33,0,1
55,75,34,0,1
55,75,35,0,1
55,75,36,0,1
55,75,37,0,1
55,75,38,0,1
55,75,39,0,1
55,75,40,0,1
55,75,41,0,1
55,75,42,0,1
55,75,43,0,1
55,75,44,0,1
55,75,45,0,1
55,75,46,0,1
55,75,47,0,1
55,75,48,0,1
55,75,49,0,1
55,75,50,0,1
55,75,51,0,1
55,75,52,0,1
55,75,53,0,1
55,75,54,0,1
55,75,55,0,1
55,75,56,0,1
55,75,57,0,1
55,75,58,0,1
55,75,59,0,1
55,75,60,0,1
55,75,61,0,1
55,75,62,0,1
55,75,63,0,1
55,76,0,0,1
55,76,1,0,1
55,76,2,0,1
55,76,3,0,1
55,76,4,0,1
55,76,5,0,1
55,76,6,0,1
55,76,7,0,1
55,76,8,0,1
55,76,9,0,1
55,76,10,0,1
55,76,11,0,1
55,76,12,0,1
55,76,13,0,1
55,76,14,0,1
55,76,15,0,1
55,76,16,0,1
55,76,17,0,1
55,76,18,0,1
55,76,19,0,1
55,76,20,0,1
55,76,21,0,1
55,76,22,0,1
55,76,23,0,1
55,76,24,0,1
55,76,25,0,1
55,76,26,0,1
55,76,27,0,1
55,76,28,0,1
55,76,29,0,1
55,76,30,0,1
55,76,31,0,1
55,76,32,0,1
55,76,33,0,1
55,76,34,0,1
55,76,35,0,1
55,76,36,0,1
55,76,37,0,1
55,76,38,0,1
55,76,39,0,1
55,76,40,0,1
55,76,41,0,1
55,76,42,0,1
55,76,43,0,1
55,76,44,0,1
55,76,45,0,1
55,76,46,0,1
55,76,47,0,1
55,76,48,0,1
55,76,49,0,1
55,76,50,0,1
55,76,51,0,1
55,76,52,0,1
55,76,53,0,1
55,76,54,0,1
55,76,55,0,1
55,76,56,0,1
55,76,57,0,1
55,76,58,0,1
55,76,59,0,1
55,76,60,0,1
55,76,61,0,1
55,76,62,0,1
55,76,63,0,1
55,77,0,0,1
55,77,1,0,1
55,77,2,0,1
55,77,3,0,1
55,77,4,0,1
55,77,5,0,1
55,77,6,0,1
55,77,7,0,1
55,77,8,0,1
55,77,9,0,1
55,77,10,0,1
55,77,11,0,1
55,77,12,0,1
55,77,13,0,1
55,77,14,0,1
55,77,15,0,1
55,77,16,0,1
55,77,17,0,1
55,77,18,0,1
55,77,19,0,1
55,77,20,0,1
55,77,21,0,1
55,77,22,0,1
55,77,23,0,1
55,77,24,0,1
55,77,25,0,1
55,77,26,0,1
55,77,27,0,1
55,77,28,0,1
55,77,29,0,1
55,77,30,0,1
55,77,31,0,1
55,77,32,0,1
55,77,33,0,1
55,77,34,0,1
55,77,35,0,1
55,77,36,0,1
55,77,37,0,1
55,77,38,0,1
55,77,39,0,1
55,77,40,0,1
55,77,41,0,1
55,77,42,0,1
55,77,43,0,1
55,77,44,0,1
55,77,45,0,1
55,77,46,0,1
55,77,47,0,1
55,77,48,0,1
55,77,49,0,1
55,77,50,0,1
55,77,51,0,1
55,77,52,0,1
55,77,53,0,1
55,77,54,0,1
55,77,55,0,1
55,77,56,0,1
55,77,57,0,1
55,77,58,0,1
55,77,59,0,1
55,77,60,0,1
55,77,61,0,1
55,77,62,0,1
55,77,63,0,1
55,78,0,0,1
55,78,1,0,1
55,78,2,0,1
55,78,3,0,1
55,78,4,0,1
55,78,5,0,1
55,78,6,0,1
55,78,7,0,1
55,78,8,0,1
55,78,9,0,1
55,78,10,0,1
55,78,11,0,1
55,78,12,0,1
55,78,13,0,1
55,78,14,0,1
55,78,15,0,1
55,78,16,0,1
55,78,17,0,1
55,78,18,0,1
55,78,19,0,1
55,78,20,0,1
55,78,21,0,1
55,78,22,0,1
55,78,23,0,1
55,78,24,0,1
55,78,25,0,1
55,78,26,0,1
55,78,27,0,1
55,78,28,0,1
55,78,29,0,1
55,78,30,0,1
55,78,31,0,1
55,78,32,0,1
55,78,33,0,1
55,78,34,0,1
55,78,35,0,1
55,78,36,0,1
55,78,37,0,1
55,78,38,0,1
55,78,39,0,1
55,78,40,0,1
55,78,41,0,1
55,78,42,0,1
55,78,43,0,1
55,78,44,0,1
55,78,45,0,1
55,78,46,0,1
55,78,47,0,1
55,78,48,0,1
55,78,49,0,1
55,78,50,0,1
55,78,51,0,1
55,78,52,0,1
55,78,53,0,1
55,78,54,0,1
55,78,55,0,1
55,78,56,0,1
55,78,57,0,1
55,78,58,0,1
55,78,59,0,1
55,78,60,0,1
55,78,61,0,1
55,78,62,0,1
55,78,63,0,1
55,79,0,0,1
55,79,1,0,1
55,79,2,0,1
55,79,3,0,1
55,79,4,0,1
55,79,5,0,1
55,79,6,0,1
55,79,7,0,1
55,79,8,0,1
55,79,9,0,1
55,79,10,0,1
55,79,11,0,1
55,79,12,0,1
55,79,13,0,1
55,79,14,0,1
55,79,15,0,1
55,79,16,0,1
55,79,17,0,1
55,79,18,0,1
55,79,19,0,1
55,79,20,0,1
55,79,21,0,1
55,79,22,0,1
55,79,23,0,1
55,79,24,0,1
55,79,25,0,1
55,79,26,0,1
55,79,27,0,1
55,79,28,0,1
55,79,29,0,1
55,79,30,0,1
55,79,31,0,1
55,79,32,0,1
55,79,33,0,1
55,79,34,0,1
55,79,35,0,1
55,79,36,0,1
55,79,37,0,1
55,79,38,0,1
55,79,39,0,1
55,79,40,0,1
55,79,41,0,1
55,79,42,0,1
55,79,43,0,1
55,79,44,0,1
55,79,45,0,1
55,79,46,0,1
55,79,47,0,1
55,79,48,0,1
55,79,49,0,1
55,79,50,0,1
55,79,51,0,1
55,79,52,0,1
55,79,53,0,1
55,79,54,0,1
55,79,55,0,1
55,79,56,0,1
55,79,57,0,1
55,79,58,0,1
55,79,59,0,1
55,79,60,0,1
55,79,61,0,1
55,79,62,0,1
55,79,63,0,1
55,80,0,0,1
55,80,1,0,1
55,80,2,0,1
55,80,3,0,1
55,80,4,0,1
55,80,5,0,1
55,80,6,0,1
55,80,7,0,1
55,80,8,0,1
55,80,9,0,1
55,80,10,0,1
55,80,11,0,1
55,80,12,0,1
55,80,13,0,1
55,80,14,0,1
55,80,15,0,1
55,80,16,0,1
55,80,17,0,1
55,80,18,0,1
55,80,19,0,1
55,80,20,0,1
55,80,21,0,1
55,80,22,0,1
55,80,23,0,1
55,80,24,0,1
55,80,25,0,1
55,80,26,0,1
55,80,27,0,1
55,80,28,0,1
55,80,29,0,1
55,80,30,0,1
55,80,31,0,1
55,80,32,0,1
55,80,33,0,1
55,80,34,0,1
55,80,35,0,1
55,80,36,0,1
55,80,37,0,1
55,80,38,0,1
55,80,39,0,1
55,80,40,0,1
55,80,41,0,1
55,80,42,0,1
55,80,43,0,1
55,80,44,0,1
55,80,45,0,1
55,80,46,0,1
55,80,47,0,1
55,80,48,0,1
55,80,49,0,1
55,80,50,0,1
55,80,51,0,1
55,80,52,0,1
55,80,53,0,1
55,80,54,0,1
55,80,55,0,1
55,80,56,0,1
55,80,57,0,1
55,80,58,0,1
55,80,59,0,1
55,80,60,0,1
55,80,61,0,1
55,80,62,0,1
55,80,63,0,1
55,81,0,0,1
55,81,1,0,1
55,81,2,0,1
55,81,3,0,1
55,81,4,0,1
55,81,5,0,1
55,81,6,0,1
55,81,7,0,1
55,81,8,0,1
55,81,9,0,1
55,81,10,0,1
55,81,11,0,1
55,81,12,0,1
55,81,13,0,1
55,81,14,0,1
55,81,15,0,1
55,81,16,0,1
55,81,17,0,1
55,81,18,0,1
55,81,19,0,1
55,81,20,0,1
55,81,21,0,1
55,81,22,0,1
55,81,23,0,1
55,81,24,0,1
55,81,25,0,1
55,81,26,0,1
55,81,27,0,1
55,81,28,0,1
55,81,29,0,1
55,81,30,0,1
55,81,31,0,1
55,81,32,0,1
55,81,33,0,1
55,81,34,0,1
55,81,35,0,1
55,81,36,0,1
55,81,37,0,1
55,81,38,0,1
55,81,39,0,1
55,81,40,0,1
55,81,41,0,1
55,81,42,0,1
55,81,43,0,1
55,81,44,0,1
55,81,45,0,1
55,81,46,0,1
55,81,47,0,1
55,81,48,0,1
55,81,49,0,1
55,81,50,0,1
55,81,51,0,1
55,81,52,0,1
55,81,53,0,1
55,81,54,0,1
55,81,55,0,1
55,81,56,0,1
55,81,57,0,1
55,81,58,0,1
55,81,59,0,1
55,81,60,0,1
55,81,61,0,1
55,81,62,0,1
55,81,63,0,1
55,82,0,0,1
55,82,1,0,1
55,82,2,0,1
55,82,3,0,1
55,82,4,0,1
55,82,5,0,1
55,82,6,0,1
55,82,7,0,1
55,82,8,0,1
55,82,9,0,1
55,82,10,0,1
55,82,11,0,1
55,82,12,0,1
55,82,13,0,1
55,82,14,0,1
55,82,15,0,1
55,82,16,0,1
55,82,17,0,1
55,82,18,0,1
55,82,19,0,1
55,82,20,0,1
55,82,21,0,1
55,82,22,0,1
55,82,23,0,1
55,82,24,0,1
55,82,25,0,1
55,82,26,0,1
55,82,27,0,1
55,82,28,0,1
55,82,29,0,1
55,82,30,0,1
55,82,31,0,1
55,82,32,0,1
55,82,33,0,1
55,82,34,0,1
55,82,35,0,1
55,82,36,0,1
55,82,37,0,1
55,82,38,0,1
55,82,39,0,1
55,82,40,0,1
55,82,41,0,1
55,82,42,0,1
55,82,43,0,1
55,82,44,0,1
55,82,45,0,1
55,82,46,0,1
55,82,47,0,1
55,82,48,0,1
55,82,49,0,1
55,82,50,0,1
55,82,51,0,1
55,82,52,0,1
55,82,53,0,1
55,82,54,0,1
55,82,55,0,1
55,82,56,0,1
55,82,57,0,1
55,82,58,0,1
55,82,59,0,1
55,82,60,0,1
55,82,61,0,1
55,82,62,0,1
55,82,63,0,1
55,83,0,0,1
55,83,1,0,1
55,83,2,0,1
55,83,3,0,1
55,83,4,0,1
55,83,5,0,1
55,83,6,0,1
55,83,7,0,1
55,83,8,0,1
55,83,9,0,1
55,83,10,0,1
55,83,11,0,1
55,83,12,0,1
55,83,13,0,1
55,83,14,0,1
55,83,15,0,1
55,83,16,0,1
55,83,17,0,1
55,83,18,0,1
55,83,19,0,1
55,83,20,0,1
55,83,21,0,1
55,83,22,0,1
55,83,23,0,1
55,83,24,0,1
55,83,25,0,1
55,83,26,0,1
55,83,27,0,1
55,83,28,0,1
55,83,29,0,1
55,83,30,0,1
55,83,31,0,1
55,83,32,0,1
55,83,33,0,1
55,83,34,0,1
55,83,35,0,1
55,83,36,0,1
55,83,37,0,1
55,83,38,0,1
55,83,39,0,1
55,83,40,0,1
55,83,41,0,1
55,83,42,0,1
55,83,43,0,1
55,83,44,0,1
55,83,45,0,1
55,83,46,0,1
55,83,47,0,1
55,83,48,0,1
55,83,49,0,1
55,83,50,0,1
55,83,51,0,1
55,83,52,0,1
55,83,53,0,1
55,83,54,0,1
55,83,55,0,1
55,83,56,0,1
55,83,57,0,1
55,83,58,0,1
55,83,59,0,1
55,83,60,0,1
55,83,61,0,1
55,83,62,0,1
55,83,63,0,1
55,84,0,0,1
55,84,1,0,1
55,84,2,0,1
55,84,3,0,1
55,84,4,0,1
55,84,5,0,1
55,84,6,0,1
55,84,7,0,1
55,84,8,0,1
55,84,9,0,1
55,84,10,0,1
55,84,11,0,1
55,84,12,0,1
55,84,13,0,1
55,84,14,0,1
55,84,15,0,1
55,84,16,0,1
55,84,17,0,1
55,84,18,0,1
55,84,19,0,1
55,84,20,0,1
55,84,21,0,1
55,84,22,0,1
55,84,23,0,1
55,84,24,0,1
55,84,25,0,1
55,84,26,0,1
55,84,27,0,1
55,84,28,0,1
55,84,29,0,1
55,84,30,0,1
55,84,31,0,1
55,84,32,0,1
55,84,33,0,1
55,84,34,0,1
55,84,35,0,1
55,84,36,0,1
55,84,37,0,1
55,84,38,0,1
55,84,39,0,1
55,84,40,0,1
55,84,41,0,1
55,84,42,0,1
55,84,43,0,1
55,84,44,0,1
55,84,45,0,1
55,84,46,0,1
55,84,47,0,1
55,84,48,0,1
55,84,49,0,1
55,84,50,0,1
55,84,51,0,1
55,84,52,0,1
55,84,53,0,1
55,84,54,0,1
55,84,55,0,1
55,84,56,0,1
55,84,57,0,1
55,84,58,0,1
55,84,59,0,1
55,84,60,0,1
55,84,61,0,1
55,84,62,0,1
55,84,63,0,1
55,85,0,0,1
55,85,1,0,1
55,85,2,0,1
55,85,3,0,1
55,85,4,0,1
55,85,5,0,1
55,85,6,0,1
55,85,7,0,1
55,85,8,0,1
55,85,9,0,1
55,85,10,0,1
55,85,11,0,1
55,85,12,0,1
55,85,13,0,1
55,85,14,0,1
55,85,15,0,1
55,85,16,0,1
55,85,17,0,1
55,85,18,0,1
55,85,19,0,1
55,85,20,0,1
55,85,21,0,1
55,85,22,0,1
55,85,23,0,1
55,85,24,0,1
55,85,25,0,1
55,85,26,0,1
55,85,27,0,1
55,85,28,0,1
55,85,29,0,1
55,85,30,0,1
55,85,31,0,1
55,85,32,0,1
55,85,33,0,1
55,85,34,0,1
55,85,35,0,1
55,85,36,0,1
55,85,37,0,1
55,85,38,0,1
55,85,39,0,1
55,85,40,0,1
55,85,41,0,1
55,85,42,0,1
55,85,43,0,1
55,85,44,0,1
55,85,45,0,1
55,85,46,0,1
55,85,47,0,1
55,85,48,0,1
55,85,49,0,1
55,85,50,0,1
55,85,51,0,1
55,85,52,0,1
55,85,53,0,1
55,85,54,0,1
55,85,55,0,1
55,85,56,0,1
55,85,57,0,1
55,85,58,0,1
55,85,59,0,1
55,85,60,0,1
55,85,61,0,1
55,85,62,0,1
55,85,63,0,1
55,86,0,0,1
55,86,1,0,1
55,86,2,0,1
55,86,3,0,1
55,86,4,0,1
55,86,5,0,1
55,86,6,0,1
55,86,7,0,1
55,86,8,0,1
55,86,9,0,1
55,86,10,0,1
55,86,11,0,1
55,86,12,0,1
55,86,13,0,1
55,86,14,0,1
55,86,15,0,1
55,86,16,0,1
55,86,17,0,1
55,86,18,0,1
55,86,19,0,1
55,86,20,0,1
55,86,21,0,1
55,86,22,0,1
55,86,23,0,1
55,86,24,0,1
55,86,25,0,1
55,86,26,0,1
55,86,27,0,1
55,86,28,0,1
55,86,29,0,1
55,86,30,0,1
55,86,31,0,1
55,86,32,0,1
55,86,33,0,1
55,86,34,0,1
55,86,35,0,1
55,86,36,0,1
55,86,37,0,1
55,86,38,0,1
55,86,39,0,1
55,86,40,0,1
55,86,41,0,1
55,86,42,0,1
55,86,43,0,1
55,86,44,0,1
55,86,45,0,1
55,86,46,0,1
55,86,47,0,1
55,86,48,0,1
55,86,49,0,1
55,86,50,0,1
55,86,51,0,1
55,86,52,0,1
55,86,53,0,1
55,86,54,0,1
55,86,55,0,1
55,86,56,0,1
55,86,57,0,1
55,86,58,0,1
55,86,59,0,1
55,86,60,0,1
55,86,61,0,1
55,86,62,0,1
55,86,63,0,1
55,87,0,0,1
55,87,1,0,1
55,87,2,0,1
55,87,3,0,1
55,87,4,0,1
55,87,5,0,1
55,87,6,0,1
55,87,7,0,1
55,87,8,0,1
55,87,9,0,1
55,87,10,0,1
55,87,11,0,1
55,87,12,0,1
55,87,13,0,1
55,87,14,0,1
55,87,15,0,1
55,87,16,0,1
55,87,17,0,1
55,87,18,0,1
55,87,19,0,1
55,87,20,0,1
55,87,21,0,1
55,87,22,0,1
55,87,23,0,1
55,87,24,0,1
55,87,25,0,1
55,87,26,0,1
55,87,27,0,1
55,87,28,0,1
55,87,29,0,1
55,87,30,0,1
55,87,31,0,1
55,87,32,0,1
55,87,33,0,1
55,87,34,0,1
55,87,35,0,1
55,87,36,0,1
55,87,37,0,1
55,87,38,0,1
55,87,39,0,1
55,87,40,0,1
55,87,41,0,1
55,87,42,0,1
55,87,43,0,1
55,87,44,0,1
55,87,45,0,1
55,87,46,0,1
55,87,47,0,1
55,87,48,0,1
55,87,49,0,1
55,87,50,0,1
55,87,51,0,1
55,87,52,0,1
55,87,53,0,1
55,87,54,0,1
55,87,55,0,1
55,87,56,0,1
55,87,57,0,1
55,87,58,0,1
55,87,59,0,1
55,87,60,0,1
55,87,61,0,1
55,87,62,0,1
55,87,63,0,1
55,88,0,0,1
55,88,1,0,1
55,88,2,0,1
55,88,3,0,1
55,88,4,0,1
55,88,5,0,1
55,88,6,0,1
55,88,7,0,1
55,88,8,0,1
55,88,9,0,1
55,88,10,0,1
55,88,11,0,1
55,88,12,0,1
55,88,13,0,1
55,88,14,0,1
55,88,15,0,1
55,88,16,0,1
55,88,17,0,1
55,88,18,0,1
55,88,19,0,1
55,88,20,0,1
55,88,21,0,1
55,88,22,0,1
55,88,23,0,1
55,88,24,0,1
55,88,25,0,1
55,88,26,0,1
55,88,27,0,1
55,88,28,0,1
55,88,29,0,1
55,88,30,0,1
55,88,31,0,1
55,88,32,0,1
55,88,33,0,1
55,88,34,0,1
55,88,35,0,1
55,88,36,0,1
55,88,37,0,1
55,88,38,0,1
55,88,39,0,1
55,88,40,0,1
55,88,41,0,1
55,88,42,0,1
55,88,43,0,1
55,88,44,0,1
55,88,45,0,1
55,88,46,0,1
55,88,47,0,1
55,88,48,0,1
55,88,49,0,1
55,88,50,0,1
55,88,51,0,1
55,88,52,0,1
55,88,53,0,1
55,88,54,0,1
55,88,55,0,1
55,88,56,0,1
55,88,57,0,1
55,88,58,0,1
55,88,59,0,1
55,88,60,0,1
55,88,61,0,1
55,88,62,0,1
55,88,63,0,1
55,89,0,0,1
55,89,1,0,1
55,89,2,0,1
55,89,3,0,1
55,89,4,0,1
55,89,5,0,1
55,89,6,0,1
55,89,7,0,1
55,89,8,0,1
55,89,9,0,1
55,89,10,0,1
55,89,11,0,1
55,89,12,0,1
55,89,13,0,1
55,89,14,0,1
55,89,15,0,1
55,89,16,0,1
55,89,17,0,1
55,89,18,0,1
55,89,19,0,1
55,89,20,0,1
55,89,21,0,1
55,89,22,0,1
55,89,23,0,1
55,89,24,0,1
55,89,25,0,1
55,89,26,0,1
55,89,27,0,1
55,89,28,0,1
55,89,29,0,1
55,89,30,0,1
55,89,31,0,1
55,89,32,0,1
55,89,33,0,1
55,89,34,0,1
55,89,35,0,1
55,89,36,0,1
55,89,37,0,1
55,89,38,0,1
55,89,39,0,1
55,89,40,0,1
55,89,41,0,1
55,89,42,0,1
55,89,43,0,1
55,89,44,0,1
55,89,45,0,1
55,89,46,0,1
55,89,47,0,1
55,89,48,0,1
55,89,49,0,1
55,89,50,0,1
55,89,51,0,1
55,89,52,0,1
55,89,53,0,1
55,89,54,0,1
55,89,55,0,1
55,89,56,0,1
55,89,57,0,1
55,89,58,0,1
55,89,59,0,1
55,89,60,0,1
55,89,61,0,1
55,89,62,0,1
55,89,63,0,1
55,90,0,0,1
55,90,1,0,1
55,90,2,0,1
55,90,3,0,1
55,90,4,0,1
55,90,5,0,1
55,90,6,0,1
55,90,7,0,1
55,90,8,0,1
55,90,9,0,1
55,90,10,0,1
55,90,11,0,1
55,90,12,0,1
55,90,13,0,1
55,90,14,0,1
55,90,15,0,1
55,90,16,0,1
55,90,17,0,1
55,90,18,0,1
55,90,19,0,1
55,90,20,0,1
55,90,21,0,1
55,90,22,0,1
55,90,23,0,1
55,90,24,0,1
55,90,25,0,1
55,90,26,0,1
55,90,27,0,1
55,90,28,0,1
55,90,29,0,1
55,90,30,0,1
55,90,31,0,1
55,90,32,0,1
55,90,33,0,1
55,90,34,0,1
55,90,35,0,1
55,90,36,0,1
55,90,37,0,1
55,90,38,0,1
55,90,39,0,1
55,90,40,0,1
55,90,41,0,1
55,90,42,0,1
55,90,43,0,1
55,90,44,0,1
55,90,45,0,1
55,90,46,0,1
55,90,47,0,1
55,90,48,0,1
55,90,49,0,1
55,90,50,0,1
55,90,51,0,1
55,90,52,0,1
55,90,53,0,1
55,90,54,0,1
55,90,55,0,1
55,90,56,0,1
55,90,57,0,1
55,90,58,0,1
55,90,59,0,1
55,90,60,0,1
55,90,61,0,1
55,90,62,0,1
55,90,63,0,1
55,91,0,0,1
55,91,1,0,1
55,91,2,0,1
55,91,3,0,1
55,91,4,0,1
55,91,5,0,1
55,91,6,0,1
55,91,7,0,1
55,91,8,0,1
55,91,9,0,1
55,91,10,0,1
55,91,11,0,1
55,91,12,0,1
55,91,13,0,1
55,91,14,0,1
55,91,15,0,1
55,91,16,0,1
55,91,17,0,1
55,91,18,0,1
55,91,19,0,1
55,91,20,0,1
55,91,21,0,1
55,91,22,0,1
55,91,23,0,1
55,91,24,0,1
55,91,25,0,1
55,91,26,0,1
55,91,27,0,1
55,91,28,0,1
55,91,29,0,1
55,91,30,0,1
55,91,31,0,1
55,91,32,0,1
55,91,33,0,1
55,91,34,0,1
55,91,35,0,1
55,91,36,0,1
55,91,37,0,1
55,91,38,0,1
55,91,39,0,1
55,91,40,0,1
55,91,41,0,1
55,91,42,0,1
55,91,43,0,1
55,91,44,0,1
55,91,45,0,1
55,91,46,0,1
55,91,47,0,1
55,91,48,0,1
55,91,49,0,1
55,91,50,0,1
55,91,51,0,1
55,91,52,0,1
55,91,53,0,1
55,91,54,0,1
55,91,55,0,1
55,91,56,0,1
55,91,57,0,1
55,91,58,0,1
55,91,59,0,1
55,91,60,0,1
55,91,61,0,1
55,91,62,0,1
55,91,63,0,1
55,92,0,0,1
55,92,1,0,1
55,92,2,0,1
55,92,3,0,1
55,92,4,0,1
55,92,5,0,1
55,92,6,0,1
55,92,7,0,1
55,92,8,0,1
55,92,9,0,1
55,92,10,0,1
55,92,11,0,1
55,92,12,0,1
55,92,13,0,1
55,92,14,0,1
55,92,15,0,1
55,92,16,0,1
55,92,17,0,1
55,92,18,0,1
55,92,19,0,1
55,92,20,0,1
55,92,21,0,1
55,92,22,0,1
55,92,23,0,1
55,92,24,0,1
55,92,25,0,1
55,92,26,0,1
55,92,27,0,1
55,92,28,0,1
55,92,29,0,1
55,92,30,0,1
55,92,31,0,1
55,92,32,0,1
55,92,33,0,1
55,92,34,0,1
55,92,35,0,1
55,92,36,0,1
55,92,37,0,1
55,92,38,0,1
55,92,39,0,1
55,92,40,0,1
55,92,41,0,1
55,92,42,0,1
55,92,43,0,1
55,92,44,0,1
55,92,45,0,1
55,92,46,0,1
55,92,47,0,1
55,92,48,0,1
55,92,49,0,1
55,92,50,0,1
55,92,51,0,1
55,92,52,0,1
55,92,53,0,1
55,92,54,0,1
55,92,55,0,1
55,92,56,0,1
55,92,57,0,1
55,92,58,0,1
55,92,59,0,1
55,92,60,0,1
55,92,61,0,1
55,92,62,0,1
55,92,63,0,1
55,93,0,0,1
55,93,1,0,1
55,93,2,0,1
55,93,3,0,1
55,93,4,0,1
55,93,5,0,1
55,93,6,0,1
55,93,7,0,1
55,93,8,0,1
55,93,9,0,1
55,93,10,0,1
55,93,11,0,1
55,93,12,0,1
55,93,13,0,1
55,93,14,0,1
55,93,15,0,1
55,93,16,0,1
55,93,17,0,1
55,93,18,0,1
55,93,19,0,1
55,93,20,0,1
55,93,21,0,1
55,93,22,0,1
55,93,23,0,1
55,93,24,0,1
55,93,25,0,1
55,93,26,0,1
55,93,27,0,1
55,93,28,0,1
55,93,29,0,1
55,93,30,0,1
55,93,31,0,1
55,93,32,0,1
55,93,33,0,1
55,93,34,0,1
55,93,35,0,1
55,93,36,0,1
55,93,37,0,1
55,93,38,0,1
55,93,39,0,1
55,93,40,0,1
55,93,41,0,1
55,93,42,0,1
55,93,43,0,1
55,93,44,0,1
55,93,45,0,1
55,93,46,0,1
55,93,47,0,1
55,93,48,0,1
55,93,49,0,1
55,93,50,0,1
55,93,51,0,1
55,93,52,0,1
55,93,53,0,1
55,93,54,0,1
55,93,55,0,1
55,93,56,0,1
55,93,57,0,1
55,93,58,0,1
55,93,59,0,1
55,93,60,0,1
55,93,61,0,1
55,93,62,0,1
55,93,63,0,1
55,94,0,0,1
55,94,1,0,1
55,94,2,0,1
55,94,3,0,1
55,94,4,0,1
55,94,5,0,1
55,94,6,0,1
55,94,7,0,1
55,94,8,0,1
55,94,9,0,1
55,94,10,0,1
55,94,11,0,1
55,94,12,0,1
55,94,13,0,1
55,94,14,0,1
55,94,15,0,1
55,94,16,0,1
55,94,17,0,1
55,94,18,0,1
55,94,19,0,1
55,94,20,0,1
55,94,21,0,1
55,94,22,0,1
55,94,23,0,1
55,94,24,0,1
55,94,25,0,1
55,94,26,0,1
55,94,27,0,1
55,94,28,0,1
55,94,29,0,1
55,94,30,0,1
55,94,31,0,1
55,94,32,0,1
55,94,33,0,1
55,94,34,0,1
55,94,35,0,1
55,94,36,0,1
55,94,37,0,1
55,94,38,0,1
55,94,39,0,1
55,94,40,0,1
55,94,41,0,1
55,94,42,0,1
55,94,43,0,1
55,94,44,0,1
55,94,45,0,1
55,94,46,0,1
55,94,47,0,1
55,94,48,0,1
55,94,49,0,1
55,94,50,0,1
55,94,51,0,1
55,94,52,0,1
55,94,53,0,1
55,94,54,0,1
55,94,55,0,1
55,94,56,0,1
55,94,57,0,1
55,94,58,0,1
55,94,59,0,1
55,94,60,0,1
55,94,61,0,1
55,94,62,0,1
55,94,63,0,1
55,95,0,0,1
55,95,1,0,1
55,95,2,0,1
55,95,3,0,1
55,95,4,0,1
55,95,5,0,1
55,95,6,0,1
55,95,7,0,1
55,95,8,0,1
55,95,9,0,1
55,95,10,0,1
55,95,11,0,1
55,95,12,0,1
55,95,13,0,1
55,95,14,0,1
55,95,15,0,1
55,95,16,0,1
55,95,17,0,1
55,95,18,0,1
55,95,19,0,1
55,95,20,0,1
55,95,21,0,1
55,95,22,0,1
55,95,23,0,1
55,95,24,0,1
55,95,25,0,1
55,95,26,0,1
55,95,27,0,1
55,95,28,0,1
55,95,29,0,1
55,95,30,0,1
55,95,31,0,1
55,95,32,0,1
55,95,33,0,1
55,95,34,0,1
55,95,35,0,1
55,95,36,0,1
55,95,37,0,1
55,95,38,0,1
55,95,39,0,1
55,95,40,0,1
55,95,41,0,1
55,95,42,0,1
55,95,43,0,1
55,95,44,0,1
55,95,45,0,1
55,95,46,0,1
55,95,47,0,1
55,95,48,0,1
55,95,49,0,1
55,95,50,0,1
55,95,51,0,1
55,95,52,0,1
55,95,53,0,1
55,95,54,0,1
55,95,55,0,1
55,95,56,0,1
55,95,57,0,1
55,95,58,0,1
55,95,59,0,1
55,95,60,0,1
55,95,61,0,1
55,95,62,0,1
55,95,63,0,1
55,96,0,0,1
55,96,1,0,1
55,96,2,0,1
55,96,3,0,1
55,96,4,0,1
55,96,5,0,1
55,96,6,0,1
55,96,7,0,1
55,96,8,0,1
55,96,9,0,1
55,96,10,0,1
55,96,11,0,1
55,96,12,0,1
55,96,13,0,1
55,96,14,0,1
55,96,15,0,1
55,96,16,0,1
55,96,17,0,1
55,96,18,0,1
55,96,19,0,1
55,96,20,0,1
55,96,21,0,1
55,96,22,0,1
55,96,23,0,1
55,96,24,0,1
55,96,25,0,1
55,96,26,0,1
55,96,27,0,1
55,96,28,0,1
55,96,29,0,1
55,96,30,0,1
55,96,31,0,1
55,96,32,0,1
55,96,33,0,1
55,96,34,0,1
55,96,35,0,1
55,96,36,0,1
55,96,37,0,1
55,96,38,0,1
55,96,39,0,1
55,96,40,0,1
55,96,41,0,1
55,96,42,0,1
55,96,43,0,1
55,96,44,0,1
55,96,45,0,1
55,96,46,0,1
55,96,47,0,1
55,96,48,0,1
55,96,49,0,1
55,96,50,0,1
55,96,51,0,1
55,96,52,0,1
55,96,53,0,1
55,96,54,0,1
55,96,55,0,1
55,96,56,0,1
55,96,57,0,1
55,96,58,0,1
55,96,59,0,1
55,96,60,0,1
55,96,61,0,1
55,96,62,0,1
55,96,63,0,1
55,97,0,0,1
55,97,1,0,1
55,97,2,0,1
55,97,3,0,1
55,97,4,0,1
55,97,5,0,1
55,97,6,0,1
55,97,7,0,1
55,97,8,0,1
55,97,9,0,1
55,97,10,0,1
55,97,11,0,1
55,97,12,0,1
55,97,13,0,1
55,97,14,0,1
55,97,15,0,1
55,97,16,0,1
55,97,17,0,1
55,97,18,0,1
55,97,19,0,1
55,97,20,0,1
55,97,21,0,1
55,97,22,0,1
55,97,23,0,1
55,97,24,0,1
55,97,25,0,1
55,97,26,0,1
55,97,27,0,1
55,97,28,0,1
55,97,29,0,1
55,97,30,0,1
55,97,31,0,1
55,97,32,0,1
55,97,33,0,1
55,97,34,0,1
55,97,35,0,1
55,97,36,0,1
55,97,37,0,1
55,97,38,0,1
55,97,39,0,1
55,97,40,0,1
55,97,41,0,1
55,97,42,0,1
55,97,43,0,1
55,97,44,0,1
55,97,45,0,1
55,97,46,0,1
55,97,47,0,1
55,97,48,0,1
55,97,49,0,1
55,97,50,0,1
55,97,51,0,1
55,97,52,0,1
55,97,53,0,1
55,97,54,0,1
55,97,55,0,1
55,97,56,0,1
55,97,57,0,1
55,97,58,0,1
55,97,59,0,1
55,97,60,0,1
55,97,61,0,1
55,97,62,0,1
55,97,63,0,1
55,98,0,0,1
55,98,1,0,1
55,98,2,0,1
55,98,3,0,1
55,98,4,0,1
55,98,5,0,1
55,98,6,0,1
55,98,7,0,1
55,98,8,0,1
55,98,9,0,1
55,98,10,0,1
55,98,11,0,1
55,98,12,0,1
55,98,13,0,1
55,98,14,0,1
55,98,15,0,1
55,98,16,0,1
55,98,17,0,1
55,98,18,0,1
55,98,19,0,1
55,98,20,0,1
55,98,21,0,1
55,98,22,0,1
55,98,23,0,1
55,98,24,0,1
55,98,25,0,1
55,98,26,0,1
55,98,27,0,1
55,98,28,0,1
55,98,29,0,1
55,98,30,0,1
55,98,31,0,1
55,98,32,0,1
55,98,33,0,1
55,98,34,0,1
55,98,35,0,1
55,98,36,0,1
55,98,37,0,1
55,98,38,0,1
55,98,39,0,1
55,98,40,0,1
55,98,41,0,1
55,98,42,0,1
55,98,43,0,1
55,98,44,0,1
55,98,45,0,1
55,98,46,0,1
55,98,47,0,1
55,98,48,0,1
55,98,49,0,1
55,98,50,0,1
55,98,51,0,1
55,98,52,0,1
55,98,53,0,1
55,98,54,0,1
55,98,55,0,1
55,98,56,0,1
55,98,57,0,1
55,98,58,0,1
55,98,59,0,1
55,98,60,0,1
55,98,61,0,1
55,98,62,0,1
55,98,63,0,1
55,99,0,0,1
55,99,1,0,1
55,99,2,0,1
55,99,3,0,1
55,99,4,0,1
55,99,5,0,1
55,99,6,0,1
55,99,7,0,1
55,99,8,0,1
55,99,9,0,1
55,99,10,0,1
55,99,11,0,1
55,99,12,0,1
55,99,13,0,1
55,99,14,0,1
55,99,15,0,1
55,99,16,0,1
55,99,17,0,1
55,99,18,0,1
55,99,19,0,1
55,99,20,0,1
55,99,21,0,1
55,99,22,0,1
55,99,23,0,1
55,99,24,0,1
55,99,25,0,1
55,99,26,0,1
55,99,27,0,1
55,99,28,0,1
55,99,29,0,1
55,99,30,0,1
55,99,31,0,1
55,99,32,0,1
55,99,33,0,1
55,99,34,0,1
55,99,35,0,1
55,99,36,0,1
55,99,37,0,1
55,99,38,0,1
55,99,39,0,1
55,99,40,0,1
55,99,41,0,1
55,99,42,0,1
55,99,43,0,1
55,99,44,0,1
55,99,45,0,1
55,99,46,0,1
55,99,47,0,1
55,99,48,0,1
55,99,49,0,1
55,99,50,0,1
55,99,51,0,1
55,99,52,0,1
55,99,53,0,1
55,99,54,0,1
55,99,55,0,1
55,99,56,0,1
55,99,57,0,1
55,99,58,0,1
55,99,59,0,1
55,99,60,0,1
55,99,61,0,1
55,99,62,0,1
55,99,63,0,1
55,100,0,0,1
55,100,1,0,1
55,100,2,0,1
55,100,3,0,1
55,100,4,0,1
55,100,5,0,1
55,100,6,0,1
55,100,7,0,1
55,100,8,0,1
55,100,9,0,1
55,100,10,0,1
55,100,11,0,1
55,100,12,0,1
55,100,13,0,1
55,100,14,0,1
55,100,15,0,1
55,100,16,0,1
55,100,17,0,1
55,100,18,0,1
55,100,19,0,1
55,100,20,0,1
55,100,21,0,1
55,100,22,0,1
55,100,23,0,1
55,100,24,0,1
55,100,25,0,1
55,100,26,0,1
55,100,27,0,1
55,100,28,0,1
55,100,29,0,1
55,100,30,0,1
55,100,31,0,1
55,100,32,0,1
55,100,33,0,1
55,100,34,0,1
55,100,35,0,1
55,100,36,0,1
55,100,37,0,1
55,100,38,0,1
55,100,39,0,1
55,100,40,0,1
55,100,41,0,1
55,100,42,0,1
55,100,43,0,1
55,100,44,0,1
55,100,45,0,1
55,100,46,0,1
55,100,47,0,1
55,100,48,0,1
55,100,49,0,1
55,100,50,0,1
55,100,51,0,1
55,100,52,0,1
55,100,53,0,1
55,100,54,0,1
55,100,55,0,1
55,100,56,0,1
55,100,57,0,1
55,100,58,0,1
55,100,59,0,1
55,100,60,0,1
55,100,61,0,1
55,100,62,0,1
55,100,63,0,1
69,1,0,0,1
69,1,1,0,1
69,1,2,0,1
69,1,3,0,1
69,1,4,0,1
69,1,5,0,1
69,1,6,0,1
69,1,7,0,1
69,1,8,0,1
69,1,9,0,1
69,1,10,0,1
69,1,11,0,1
69,1,12,0,1
69,1,13,0,1
69,1,14,0,1
69,1,15,0,1
69,1,16,0,1
69,1,17,0,1
69,1,18,0,1
69,1,19,0,1
69,1,20,0,1
69,1,21,0,1
69,1,22,0,1
69,1,23,0,1
69,1,24,0,1
69,1,25,0,1
69,1,26,0,1
69,1,27,0,1
69,1,28,0,1
69,1,29,0,1
69,1,30,0,1
69,1,31,0,1
69,1,32,0,1
69,1,33,0,1
69,1,34,0,1
69,1,35,0,1
69,1,36,0,1
69,1,37,0,1
69,1,38,0,1
69,1,39,0,1
69,1,40,0,1
69,1,41,0,1
69,1,42,0,1
69,1,43,0,1
69,1,44,0,1
69,1,45,0,1
69,1,46,0,1
69,1,47,0,1
69,1,48,0,1
69,1,49,0,1
69,1,50,0,1
69,1,51,0,1
69,1,52,0,1
69,1,53,0,1
69,1,54,0,1
69,1,55,0,1
69,1,56,0,1
69,1,57,0,1
69,1,58,0,1
69,1,59,0,1
69,1,60,0,1
69,1,61,0,1
69,1,62,0,1
69,1,63,0,1
69,2,0,0,1
69,2,1,0,1
69,2,2,0,1
69,2,3,0,1
69,2,4,0,1
69,2,5,0,1
69,2,6,0,1
69,2,7,0,1
69,2,8,0,1
69,2,9,0,1
69,2,10,0,1
69,2,11,0,1
69,2,12,0,1
69,2,13,0,1
69,2,14,0,1
69,2,15,0,1
69,2,16,0,1
69,2,17,0,1
69,2,18,0,1
69,2,19,0,1
69,2,20,0,1
69,2,21,0,1
69,2,22,0,1
69,2,23,0,1
69,2,24,0,1
69,2,25,0,1
69,2,26,0,1
69,2,27,0,1
69,2,28,0,1
69,2,29,0,1
69,2,30,0,1
69,2,31,0,1
69,2,32,0,1
69,2,33,0,1
69,2,34,0,1
69,2,35,0,1
69,2,36,0,1
69,2,37,0,1
69,2,38,0,1
69,2,39,0,1
69,2,40,0,1
69,2,41,0,1
69,2,42,0,1
69,2,43,0,1
69,2,44,0,1
69,2,45,0,1
69,2,46,0,1
69,2,47,0,1
69,2,48,0,1
69,2,49,0,1
69,2,50,0,1
69,2,51,0,1
69,2,52,0,1
69,2,53,0,1
69,2,54,0,1
69,2,55,0,1
69,2,56,0,1
69,2,57,0,1
69,2,58,0,1
69,2,59,0,1
69,2,60,0,1
69,2,61,0,1
69,2,62,0,1
69,2,63,0,1
69,3,0,0,1
69,3,1,0,1
69,3,2,0,1
69,3,3,0,1
69,3,4,0,1
69,3,5,0,1
69,3,6,0,1
69,3,7,0,1
69,3,8,0,1
69,3,9,0,1
69,3,10,0,1
69,3,11,0,1
69,3,12,0,1
69,3,13,0,1
69,3,14,0,1
69,3,15,0,1
69,3,16,0,1
69,3,17,0,1
69,3,18,0,1
69,3,19,0,1
69,3,20,0,1
69,3,21,0,1
69,3,22,0,1
69,3,23,0,1
69,3,24,0,1
69,3,25,0,1
69,3,26,0,1
69,3,27,0,1
69,3,28,0,1
69,3,29,0,1
69,3,30,0,1
69,3,31,0,1
69,3,32,0,1
69,3,33,0,1
69,3,34,0,1
69,3,35,0,1
69,3,36,0,1
69,3,37,0,1
69,3,38,0,1
69,3,39,0,1
69,3,40,0,1
69,3,41,0,1
69,3,42,0,1
69,3,43,0,1
69,3,44,0,1
69,3,45,0,1
69,3,46,0,1
69,3,47,0,1
69,3,48,0,1
69,3,49,0,1
69,3,50,0,1
69,3,51,0,1
69,3,52,0,1
69,3,53,0,1
69,3,54,0,1
69,3,55,0,1
69,3,56,0,1
69,3,57,0,1
69,3,58,0,1
69,3,59,0,1
69,3,60,0,1
69,3,61,0,1
69,3,62,0,1
69,3,63,0,1
69,4,0,0,1
69,4,1,0,1
69,4,2,0,1
69,4,3,0,1
69,4,4,0,1
69,4,5,0,1
69,4,6,0,1
69,4,7,0,1
69,4,8,0,1
69,4,9,0,1
69,4,10,0,1
69,4,11,0,1
69,4,12,0,1
69,4,13,0,1
69,4,14,0,1
69,4,15,0,1
69,4,16,0,1
69,4,17,0,1
69,4,18,0,1
69,4,19,0,1
69,4,20,0,1
69,4,21,0,1
69,4,22,0,1
69,4,23,0,1
69,4,24,0,1
69,4,25,0,1
69,4,26,0,1
69,4,27,0,1
69,4,28,0,1
69,4,29,0,1
69,4,30,0,1
69,4,31,0,1
69,4,32,0,1
69,4,33,0,1
69,4,34,0,1
69,4,35,0,1
69,4,36,0,1
69,4,37,0,1
69,4,38,0,1
69,4,39,0,1
69,4,40,0,1
69,4,41,0,1
69,4,42,0,1
69,4,43,0,1
69,4,44,0,1
69,4,45,0,1
69,4,46,0,1
69,4,47,0,1
69,4,48,0,1
69,4,49,0,1
69,4,50,0,1
69,4,51,0,1
69,4,52,0,1
69,4,53,0,1
69,4,54,0,1
69,4,55,0,1
69,4,56,0,1
69,4,57,0,1
69,4,58,0,1
69,4,59,0,1
69,4,60,0,1
69,4,61,0,1
69,4,62,0,1
69,4,63,0,1
69,5,0,0,1
69,5,1,0,1
69,5,2,0,1
69,5,3,0,1
69,5,4,0,1
69,5,5,0,1
69,5,6,0,1
69,5,7,0,1
69,5,8,0,1
69,5,9,0,1
69,5,10,0,1
69,5,11,0,1
69,5,12,0,1
69,5,13,0,1
69,5,14,0,1
69,5,15,0,1
69,5,16,0,1
69,5,17,0,1
69,5,18,0,1
69,5,19,0,1
69,5,20,0,1
69,5,21,0,1
69,5,22,0,1
69,5,23,0,1
69,5,24,0,1
69,5,25,0,1
69,5,26,0,1
69,5,27,0,1
69,5,28,0,1
69,5,29,0,1
69,5,30,0,1
69,5,31,0,1
69,5,32,0,1
69,5,33,0,1
69,5,34,0,1
69,5,35,0,1
69,5,36,0,1
69,5,37,0,1
69,5,38,0,1
69,5,39,0,1
69,5,40,0,1
69,5,41,0,1
69,5,42,0,1
69,5,43,0,1
69,5,44,0,1
69,5,45,0,1
69,5,46,0,1
69,5,47,0,1
69,5,48,0,1
69,5,49,0,1
69,5,50,0,1
69,5,51,0,1
69,5,52,0,1
69,5,53,0,1
69,5,54,0,1
69,5,55,0,1
69,5,56,0,1
69,5,57,0,1
69,5,58,0,1
69,5,59,0,1
69,5,60,0,1
69,5,61,0,1
69,5,62,0,1
69,5,63,0,1
69,6,0,0,1
69,6,1,0,1
69,6,2,0,1
69,6,3,0,1
69,6,4,0,1
69,6,5,0,1
69,6,6,0,1
69,6,7,0,1
69,6,8,0,1
69,6,9,0,1
69,6,10,0,1
69,6,11,0,1
69,6,12,0,1
69,6,13,0,1
69,6,14,0,1
69,6,15,0,1
69,6,16,0,1
69,6,17,0,1
69,6,18,0,1
69,6,19,0,1
69,6,20,0,1
69,6,21,0,1
69,6,22,0,1
69,6,23,0,1
69,6,24,0,1
69,6,25,0,1
69,6,26,0,1
69,6,27,0,1
69,6,28,0,1
69,6,29,0,1
69,6,30,0,1
69,6,31,0,1
69,6,32,0,1
69,6,33,0,1
69,6,34,0,1
69,6,35,0,1
69,6,36,0,1
69,6,37,0,1
69,6,38,0,1
69,6,39,0,1
69,6,40,0,1
69,6,41,0,1
69,6,42,0,1
69,6,43,0,1
69,6,44,0,1
69,6,45,0,1
69,6,46,0,1
69,6,47,0,1
69,6,48,0,1
69,6,49,0,1
69,6,50,0,1
69,6,51,0,1
69,6,52,0,1
69,6,53,0,1
69,6,54,0,1
69,6,55,0,1
69,6,56,0,1
69,6,57,0,1
69,6,58,0,1
69,6,59,0,1
69,6,60,0,1
69,6,61,0,1
69,6,62,0,1
69,6,63,0,1
69,7,0,0,1
69,7,1,0,1
69,7,2,0,1
69,7,3,0,1
69,7,4,0,1
69,7,5,0,1
69,7,6,0,1
69,7,7,0,1
69,7,8,0,1
69,7,9,0,1
69,7,10,0,1
69,7,11,0,1
69,7,12,0,1
69,7,13,0,1
69,7,14,0,1
69,7,15,0,1
69,7,16,0,1
69,7,17,0,1
69,7,18,0,1
69,7,19,0,1
69,7,20,0,1
69,7,21,0,1
69,7,22,0,1
69,7,23,0,1
69,7,24,0,1
69,7,25,0,1
69,7,26,0,1
69,7,27,0,1
69,7,28,0,1
69,7,29,0,1
69,7,30,0,1
69,7,31,0,1
69,7,32,0,1
69,7,33,0,1
69,7,34,0,1
69,7,35,0,1
69,7,36,0,1
69,7,37,0,1
69,7,38,0,1
69,7,39,0,1
69,7,40,0,1
69,7,41,0,1
69,7,42,0,1
69,7,43,0,1
69,7,44,0,1
69,7,45,0,1
69,7,46,0,1
69,7,47,0,1
69,7,48,0,1
69,7,49,0,1
69,7,50,0,1
69,7,51,0,1
69,7,52,0,1
69,7,53,0,1
69,7,54,0,1
69,7,55,0,1
69,7,56,0,1
69,7,57,0,1
69,7,58,0,1
69,7,59,0,1
69,7,60,0,1
69,7,61,0,1
69,7,62,0,1
69,7,63,0,1
69,8,0,0,1
69,8,1,0,1
69,8,2,0,1
69,8,3,0,1
69,8,4,0,1
69,8,5,0,1
69,8,6,0,1
69,8,7,0,1
69,8,8,0,1
69,8,9,0,1
69,8,10,0,1
69,8,11,0,1
69,8,12,0,1
69,8,13,0,1
69,8,14,0,1
69,8,15,0,1
69,8,16,0,1
69,8,17,0,1
69,8,18,0,1
69,8,19,0,1
69,8,20,0,1
69,8,21,0,1
69,8,22,0,1
69,8,23,0,1
69,8,24,0,1
69,8,25,0,1
69,8,26,0,1
69,8,27,0,1
69,8,28,0,1
69,8,29,0,1
69,8,30,0,1
69,8,31,0,1
69,8,32,0,1
69,8,33,0,1
69,8,34,0,1
69,8,35,0,1
69,8,36,0,1
69,8,37,0,1
69,8,38,0,1
69,8,39,0,1
69,8,40,0,1
69,8,41,0,1
69,8,42,0,1
69,8,43,0,1
69,8,44,0,1
69,8,45,0,1
69,8,46,0,1
69,8,47,0,1
69,8,48,0,1
69,8,49,0,1
69,8,50,0,1
69,8,51,0,1
69,8,52,0,1
69,8,53,0,1
69,8,54,0,1
69,8,55,0,1
69,8,56,0,1
69,8,57,0,1
69,8,58,0,1
69,8,59,0,1
69,8,60,0,1
69,8,61,0,1
69,8,62,0,1
69,8,63,0,1
69,9,0,0,1
69,9,1,0,1
69,9,2,0,1
69,9,3,0,1
69,9,4,0,1
69,9,5,0,1
69,9,6,0,1
69,9,7,0,1
69,9,8,0,1
69,9,9,0,1
69,9,10,0,1
69,9,11,0,1
69,9,12,0,1
69,9,13,0,1
69,9,14,0,1
69,9,15,0,1
69,9,16,0,1
69,9,17,0,1
69,9,18,0,1
69,9,19,0,1
69,9,20,0,1
69,9,21,0,1
69,9,22,0,1
69,9,23,0,1
69,9,24,0,1
69,9,25,0,1
69,9,26,0,1
69,9,27,0,1
69,9,28,0,1
69,9,29,0,1
69,9,30,0,1
69,9,31,0,1
69,9,32,0,1
69,9,33,0,1
69,9,34,0,1
69,9,35,0,1
69,9,36,0,1
69,9,37,0,1
69,9,38,0,1
69,9,39,0,1
69,9,40,0,1
69,9,41,0,1
69,9,42,0,1
69,9,43,0,1
69,9,44,0,1
69,9,45,0,1
69,9,46,0,1
69,9,47,0,1
69,9,48,0,1
69,9,49,0,1
69,9,50,0,1
69,9,51,0,1
69,9,52,0,1
69,9,53,0,1
69,9,54,0,1
69,9,55,0,1
69,9,56,0,1
69,9,57,0,1
69,9,58,0,1
69,9,59,0,1
69,9,60,0,1
69,9,61,0,1
69,9,62,0,1
69,9,63,0,1
69,10,0,0,1
69,10,1,0,1
69,10,2,0,1
69,10,3,0,1
69,10,4,0,1
69,10,5,0,1
69,10,6,0,1
69,10,7,0,1
69,10,8,0,1
69,10,9,0,1
69,10,10,0,1
69,10,11,0,1
69,10,12,0,1
69,10,13,0,1
69,10,14,0,1
69,10,15,0,1
69,10,16,0,1
69,10,17,0,1
69,10,18,0,1
69,10,19,0,1
69,10,20,0,1
69,10,21,0,1
69,10,22,0,1
69,10,23,0,1
69,10,24,0,1
69,10,25,0,1
69,10,26,0,1
69,10,27,0,1
69,10,28,0,1
69,10,29,0,1
69,10,30,0,1
69,10,31,0,1
69,10,32,0,1
69,10,33,0,1
69,10,34,0,1
69,10,35,0,1
69,10,36,0,1
69,10,37,0,1
69,10,38,0,1
69,10,39,0,1
69,10,40,0,1
69,10,41,0,1
69,10,42,0,1
69,10,43,0,1
69,10,44,0,1
69,10,45,0,1
69,10,46,0,1
69,10,47,0,1
69,10,48,0,1
69,10,49,0,1
69,10,50,0,1
69,10,51,0,1
69,10,52,0,1
69,10,53,0,1
69,10,54,0,1
69,10,55,0,1
69,10,56,0,1
69,10,57,0,1
69,10,58,0,1
69,10,59,0,1
69,10,60,0,1
69,10,61,0,1
69,10,62,0,1
69,10,63,0,1
69,11,0,0,1
69,11,1,0,1
69,11,2,0,1
69,11,3,0,1
69,11,4,0,1
69,11,5,0,1
69,11,6,0,1
69,11,7,0,1
69,11,8,0,1
69,11,9,0,1
69,11,10,0,1
69,11,11,0,1
69,11,12,0,1
69,11,13,0,1
69,11,14,0,1
69,11,15,0,1
69,11,16,0,1
69,11,17,0,1
69,11,18,0,1
69,11,19,0,1
69,11,20,0,1
69,11,21,0,1
69,11,22,0,1
69,11,23,0,1
69,11,24,0,1
69,11,25,0,1
69,11,26,0,1
69,11,27,0,1
69,11,28,0,1
69,11,29,0,1
69,11,30,0,1
69,11,31,0,1
69,11,32,0,1
69,11,33,0,1
69,11,34,0,1
69,11,35,0,1
69,11,36,0,1
69,11,37,0,1
69,11,38,0,1
69,11,39,0,1
69,11,40,0,1
69,11,41,0,1
69,11,42,0,1
69,11,43,0,1
69,11,44,0,1
69,11,45,0,1
69,11,46,0,1
69,11,47,0,1
69,11,48,0,1
69,11,49,0,1
69,11,50,0,1
69,11,51,0,1
69,11,52,0,1
69,11,53,0,1
69,11,54,0,1
69,11,55,0,1
69,11,56,0,1
69,11,57,0,1
69,11,58,0,1
69,11,59,0,1
69,11,60,0,1
69,11,61,0,1
69,11,62,0,1
69,11,63,0,1
69,12,0,0,1
69,12,1,0,1
69,12,2,0,1
69,12,3,0,1
69,12,4,0,1
69,12,5,0,1
69,12,6,0,1
69,12,7,0,1
69,12,8,0,1
69,12,9,0,1
69,12,10,0,1
69,12,11,0,1
69,12,12,0,1
69,12,13,0,1
69,12,14,0,1
69,12,15,0,1
69,12,16,0,1
69,12,17,0,1
69,12,18,0,1
69,12,19,0,1
69,12,20,0,1
69,12,21,0,1
69,12,22,0,1
69,12,23,0,1
69,12,24,0,1
69,12,25,0,1
69,12,26,0,1
69,12,27,0,1
69,12,28,0,1
69,12,29,0,1
69,12,30,0,1
69,12,31,0,1
69,12,32,0,1
69,12,33,0,1
69,12,34,0,1
69,12,35,0,1
69,12,36,0,1
69,12,37,0,1
69,12,38,0,1
69,12,39,0,1
69,12,40,0,1
69,12,41,0,1
69,12,42,0,1
69,12,43,0,1
69,12,44,0,1
69,12,45,0,1
69,12,46,0,1
69,12,47,0,1
69,12,48,0,1
69,12,49,0,1
69,12,50,0,1
69,12,51,0,1
69,12,52,0,1
69,12,53,0,1
69,12,54,0,1
69,12,55,0,1
69,12,56,0,1
69,12,57,0,1
69,12,58,0,1
69,12,59,0,1
69,12,60,0,1
69,12,61,0,1
69,12,62,0,1
69,12,63,0,1
69,13,0,0,1
69,13,1,0,1
69,13,2,0,1
69,13,3,0,1
69,13,4,0,1
69,13,5,0,1
69,13,6,0,1
69,13,7,0,1
69,13,8,0,1
69,13,9,0,1
69,13,10,0,1
69,13,11,0,1
69,13,12,0,1
69,13,13,0,1
69,13,14,0,1
69,13,15,0,1
69,13,16,0,1
69,13,17,0,1
69,13,18,0,1
69,13,19,0,1
69,13,20,0,1
69,13,21,0,1
69,13,22,0,1
69,13,23,0,1
69,13,24,0,1
69,13,25,0,1
69,13,26,0,1
69,13,27,0,1
69,13,28,0,1
69,13,29,0,1
69,13,30,0,1
69,13,31,0,1
69,13,32,0,1
69,13,33,0,1
69,13,34,0,1
69,13,35,0,1
69,13,36,0,1
69,13,37,0,1
69,13,38,0,1
69,13,39,0,1
69,13,40,0,1
69,13,41,0,1
69,13,42,0,1
69,13,43,0,1
69,13,44,0,1
69,13,45,0,1
69,13,46,0,1
69,13,47,0,1
69,13,48,0,1
69,13,49,0,1
69,13,50,0,1
69,13,51,0,1
69,13,52,0,1
69,13,53,0,1
69,13,54,0,1
69,13,55,0,1
69,13,56,0,1
69,13,57,0,1
69,13,58,0,1
69,13,59,0,1
69,13,60,0,1
69,13,61,0,1
69,13,62,0,1
69,13,63,0,1
69,14,0,0,1
69,14,1,0,1
69,14,2,0,1
69,14,3,0,1
69,14,4,0,1
69,14,5,0,1
69,14,6,0,1
69,14,7,0,1
69,14,8,0,1
69,14,9,0,1
69,14,10,0,1
69,14,11,0,1
69,14,12,0,1
69,14,13,0,1
69,14,14,0,1
69,14,15,0,1
69,14,16,0,1
69,14,17,0,1
69,14,18,0,1
69,14,19,0,1
69,14,20,0,1
69,14,21,0,1
69,14,22,0,1
69,14,23,0,1
69,14,24,0,1
69,14,25,0,1
69,14,26,0,1
69,14,27,0,1
69,14,28,0,1
69,14,29,0,1
69,14,30,0,1
69,14,31,0,1
69,14,32,0,1
69,14,33,0,1
69,14,34,0,1
69,14,35,0,1
69,14,36,0,1
69,14,37,0,1
69,14,38,0,1
69,14,39,0,1
69,14,40,0,1
69,14,41,0,1
69,14,42,0,1
69,14,43,0,1
69,14,44,0,1
69,14,45,0,1
69,14,46,0,1
69,14,47,0,1
69,14,48,0,1
69,14,49,0,1
69,14,50,0,1
69,14,51,0,1
69,14,52,0,1
69,14,53,0,1
69,14,54,0,1
69,14,55,0,1
69,14,56,0,1
69,14,57,0,1
69,14,58,0,1
69,14,59,0,1
69,14,60,0,1
69,14,61,0,1
69,14,62,0,1
69,14,63,0,1
69,15,0,0,1
69,15,1,0,1
69,15,2,0,1
69,15,3,0,1
69,15,4,0,1
69,15,5,0,1
69,15,6,0,1
69,15,7,0,1
69,15,8,0,1
69,15,9,0,1
69,15,10,0,1
69,15,11,0,1
69,15,12,0,1
69,15,13,0,1
69,15,14,0,1
69,15,15,0,1
69,15,16,0,1
69,15,17,0,1
69,15,18,0,1
69,15,19,0,1
69,15,20,0,1
69,15,21,0,1
69,15,22,0,1
69,15,23,0,1
69,15,24,0,1
69,15,25,0,1
69,15,26,0,1
69,15,27,0,1
69,15,28,0,1
69,15,29,0,1
69,15,30,0,1
69,15,31,0,1
69,15,32,0,1
69,15,33,0,1
69,15,34,0,1
69,15,35,0,1
69,15,36,0,1
69,15,37,0,1
69,15,38,0,1
69,15,39,0,1
69,15,40,0,1
69,15,41,0,1
69,15,42,0,1
69,15,43,0,1
69,15,44,0,1
69,15,45,0,1
69,15,46,0,1
69,15,47,0,1
69,15,48,0,1
69,15,49,0,1
69,15,50,0,1
69,15,51,0,1
69,15,52,0,1
69,15,53,0,1
69,15,54,0,1
69,15,55,0,1
69,15,56,0,1
69,15,57,0,1
69,15,58,0,1
69,15,59,0,1
69,15,60,0,1
69,15,61,0,1
69,15,62,0,1
69,15,63,0,1
69,16,0,0,1
69,16,1,0,1
69,16,2,0,1
69,16,3,0,1
69,16,4,0,1
69,16,5,0,1
69,16,6,0,1
69,16,7,0,1
69,16,8,0,1
69,16,9,0,1
69,16,10,0,1
69,16,11,0,1
69,16,12,0,1
69,16,13,0,1
69,16,14,0,1
69,16,15,0,1
69,16,16,0,1
69,16,17,0,1
69,16,18,0,1
69,16,19,0,1
69,16,20,0,1
69,16,21,0,1
69,16,22,0,1
69,16,23,0,1
69,16,24,0,1
69,16,25,0,1
69,16,26,0,1
69,16,27,0,1
69,16,28,0,1
69,16,29,0,1
69,16,30,0,1
69,16,31,0,1
69,16,32,0,1
69,16,33,0,1
69,16,34,0,1
69,16,35,0,1
69,16,36,0,1
69,16,37,0,1
69,16,38,0,1
69,16,39,0,1
69,16,40,0,1
69,16,41,0,1
69,16,42,0,1
69,16,43,0,1
69,16,44,0,1
69,16,45,0,1
69,16,46,0,1
69,16,47,0,1
69,16,48,0,1
69,16,49,0,1
69,16,50,0,1
69,16,51,0,1
69,16,52,0,1
69,16,53,0,1
69,16,54,0,1
69,16,55,0,1
69,16,56,0,1
69,16,57,0,1
69,16,58,0,1
69,16,59,0,1
69,16,60,0,1
69,16,61,0,1
69,16,62,0,1
69,16,63,0,1
69,17,0,0,1
69,17,1,0,1
69,17,2,0,1
69,17,3,0,1
69,17,4,0,1
69,17,5,0,1
69,17,6,0,1
69,17,7,0,1
69,17,8,0,1
69,17,9,0,1
69,17,10,0,1
69,17,11,0,1
69,17,12,0,1
69,17,13,0,1
69,17,14,0,1
69,17,15,0,1
69,17,16,0,1
69,17,17,0,1
69,17,18,0,1
69,17,19,0,1
69,17,20,0,1
69,17,21,0,1
69,17,22,0,1
69,17,23,0,1
69,17,24,0,1
69,17,25,0,1
69,17,26,0,1
69,17,27,0,1
69,17,28,0,1
69,17,29,0,1
69,17,30,0,1
69,17,31,0,1
69,17,32,0,1
69,17,33,0,1
69,17,34,0,1
69,17,35,0,1
69,17,36,0,1
69,17,37,0,1
69,17,38,0,1
69,17,39,0,1
69,17,40,0,1
69,17,41,0,1
69,17,42,0,1
69,17,43,0,1
69,17,44,0,1
69,17,45,0,1
69,17,46,0,1
69,17,47,0,1
69,17,48,0,1
69,17,49,0,1
69,17,50,0,1
69,17,51,0,1
69,17,52,0,1
69,17,53,0,1
69,17,54,0,1
69,17,55,0,1
69,17,56,0,1
69,17,57,0,1
69,17,58,0,1
69,17,59,0,1
69,17,60,0,1
69,17,61,0,1
69,17,62,0,1
69,17,63,0,1
69,18,0,0,1
69,18,1,0,1
69,18,2,0,1
69,18,3,0,1
69,18,4,0,1
69,18,5,0,1
69,18,6,0,1
69,18,7,0,1
69,18,8,0,1
69,18,9,0,1
69,18,10,0,1
69,18,11,0,1
69,18,12,0,1
69,18,13,0,1
69,18,14,0,1
69,18,15,0,1
69,18,16,0,1
69,18,17,0,1
69,18,18,0,1
69,18,19,0,1
69,18,20,0,1
69,18,21,0,1
69,18,22,0,1
69,18,23,0,1
69,18,24,0,1
69,18,25,0,1
69,18,26,0,1
69,18,27,0,1
69,18,28,0,1
69,18,29,0,1
69,18,30,0,1
69,18,31,0,1
69,18,32,0,1
69,18,33,0,1
69,18,34,0,1
69,18,35,0,1
69,18,36,0,1
69,18,37,0,1
69,18,38,0,1
69,18,39,0,1
69,18,40,0,1
69,18,41,0,1
69,18,42,0,1
69,18,43,0,1
69,18,44,0,1
69,18,45,0,1
69,18,46,0,1
69,18,47,0,1
69,18,48,0,1
69,18,49,0,1
69,18,50,0,1
69,18,51,0,1
69,18,52,0,1
69,18,53,0,1
69,18,54,0,1
69,18,55,0,1
69,18,56,0,1
69,18,57,0,1
69,18,58,0,1
69,18,59,0,1
69,18,60,0,1
69,18,61,0,1
69,18,62,0,1
69,18,63,0,1
69,19,0,0,1
69,19,1,0,1
69,19,2,0,1
69,19,3,0,1
69,19,4,0,1
69,19,5,0,1
69,19,6,0,1
69,19,7,0,1
69,19,8,0,1
69,19,9,0,1
69,19,10,0,1
69,19,11,0,1
69,19,12,0,1
69,19,13,0,1
69,19,14,0,1
69,19,15,0,1
69,19,16,0,1
69,19,17,0,1
69,19,18,0,1
69,19,19,0,1
69,19,20,0,1
69,19,21,0,1
69,19,22,0,1
69,19,23,0,1
69,19,24,0,1
69,19,25,0,1
69,19,26,0,1
69,19,27,0,1
69,19,28,0,1
69,19,29,0,1
69,19,30,0,1
69,19,31,0,1
69,19,32,0,1
69,19,33,0,1
69,19,34,0,1
69,19,35,0,1
69,19,36,0,1
69,19,37,0,1
69,19,38,0,1
69,19,39,0,1
69,19,40,0,1
69,19,41,0,1
69,19,42,0,1
69,19,43,0,1
69,19,44,0,1
69,19,45,0,1
69,19,46,0,1
69,19,47,0,1
69,19,48,0,1
69,19,49,0,1
69,19,50,0,1
69,19,51,0,1
69,19,52,0,1
69,19,53,0,1
69,19,54,0,1
69,19,55,0,1
69,19,56,0,1
69,19,57,0,1
69,19,58,0,1
69,19,59,0,1
69,19,60,0,1
69,19,61,0,1
69,19,62,0,1
69,19,63,0,1
69,20,0,0,1
69,20,1,0,1
69,20,2,0,1
69,20,3,0,1
69,20,4,0,1
69,20,5,0,1
69,20,6,0,1
69,20,7,0,1
69,20,8,0,1
69,20,9,0,1
69,20,10,0,1
69,20,11,0,1
69,20,12,0,1
69,20,13,0,1
69,20,14,0,1
69,20,15,0,1
69,20,16,0,1
69,20,17,0,1
69,20,18,0,1
69,20,19,0,1
69,20,20,0,1
69,20,21,0,1
69,20,22,0,1
69,20,23,0,1
69,20,24,0,1
69,20,25,0,1
69,20,26,0,1
69,20,27,0,1
69,20,28,0,1
69,20,29,0,1
69,20,30,0,1
69,20,31,0,1
69,20,32,0,1
69,20,33,0,1
69,20,34,0,1
69,20,35,0,1
69,20,36,0,1
69,20,37,0,1
69,20,38,0,1
69,20,39,0,1
69,20,40,0,1
69,20,41,0,1
69,20,42,0,1
69,20,43,0,1
69,20,44,0,1
69,20,45,0,1
69,20,46,0,1
69,20,47,0,1
69,20,48,0,1
69,20,49,0,1
69,20,50,0,1
69,20,51,0,1
69,20,52,0,1
69,20,53,0,1
69,20,54,0,1
69,20,55,0,1
69,20,56,0,1
69,20,57,0,1
69,20,58,0,1
69,20,59,0,1
69,20,60,0,1
69,20,61,0,1
69,20,62,0,1
69,20,63,0,1
69,21,0,0,1
69,21,1,0,1
69,21,2,0,1
69,21,3,0,1
69,21,4,0,1
69,21,5,0,1
69,21,6,0,1
69,21,7,0,1
69,21,8,0,1
69,21,9,0,1
69,21,10,0,1
69,21,11,0,1
69,21,12,0,1
69,21,13,0,1
69,21,14,0,1
69,21,15,0,1
69,21,16,0,1
69,21,17,0,1
69,21,18,0,1
69,21,19,0,1
69,21,20,0,1
69,21,21,0,1
69,21,22,0,1
69,21,23,0,1
69,21,24,0,1
69,21,25,0,1
69,21,26,0,1
69,21,27,0,1
69,21,28,0,1
69,21,29,0,1
69,21,30,0,1
69,21,31,0,1
69,21,32,0,1
69,21,33,0,1
69,21,34,0,1
69,21,35,0,1
69,21,36,0,1
69,21,37,0,1
69,21,38,0,1
69,21,39,0,1
69,21,40,0,1
69,21,41,0,1
69,21,42,0,1
69,21,43,0,1
69,21,44,0,1
69,21,45,0,1
69,21,46,0,1
69,21,47,0,1
69,21,48,0,1
69,21,49,0,1
69,21,50,0,1
69,21,51,0,1
69,21,52,0,1
69,21,53,0,1
69,21,54,0,1
69,21,55,0,1
69,21,56,0,1
69,21,57,0,1
69,21,58,0,1
69,21,59,0,1
69,21,60,0,1
69,21,61,0,1
69,21,62,0,1
69,21,63,0,1
69,22,0,0,1
69,22,1,0,1
69,22,2,0,1
69,22,3,0,1
69,22,4,0,1
69,22,5,0,1
69,22,6,0,1
69,22,7,0,1
69,22,8,0,1
69,22,9,0,1
69,22,10,0,1
69,22,11,0,1
69,22,12,0,1
69,22,13,0,1
69,22,14,0,1
69,22,15,0,1
69,22,16,0,1
69,22,17,0,1
69,22,18,0,1
69,22,19,0,1
69,22,20,0,1
69,22,21,0,1
69,22,22,0,1
69,22,23,0,1
69,22,24,0,1
69,22,25,0,1
69,22,26,0,1
69,22,27,0,1
69,22,28,0,1
69,22,29,0,1
69,22,30,0,1
69,22,31,0,1
69,22,32,0,1
69,22,33,0,1
69,22,34,0,1
69,22,35,0,1
69,22,36,0,1
69,22,37,0,1
69,22,38,0,1
69,22,39,0,1
69,22,40,0,1
69,22,41,0,1
69,22,42,0,1
69,22,43,0,1
69,22,44,0,1
69,22,45,0,1
69,22,46,0,1
69,22,47,0,1
69,22,48,0,1
69,22,49,0,1
69,22,50,0,1
69,22,51,0,1
69,22,52,0,1
69,22,53,0,1
69,22,54,0,1
69,22,55,0,1
69,22,56,0,1
69,22,57,0,1
69,22,58,0,1
69,22,59,0,1
69,22,60,0,1
69,22,61,0,1
69,22,62,0,1
69,22,63,0,1
69,23,0,0,1
69,23,1,0,1
69,23,2,0,1
69,23,3,0,1
69,23,4,0,1
69,23,5,0,1
69,23,6,0,1
69,23,7,0,1
69,23,8,0,1
69,23,9,0,1
69,23,10,0,1
69,23,11,0,1
69,23,12,0,1
69,23,13,0,1
69,23,14,0,1
69,23,15,0,1
69,23,16,0,1
69,23,17,0,1
69,23,18,0,1
69,23,19,0,1
69,23,20,0,1
69,23,21,0,1
69,23,22,0,1
69,23,23,0,1
69,23,24,0,1
69,23,25,0,1
69,23,26,0,1
69,23,27,0,1
69,23,28,0,1
69,23,29,0,1
69,23,30,0,1
69,23,31,0,1
69,23,32,0,1
69,23,33,0,1
69,23,34,0,1
69,23,35,0,1
69,23,36,0,1
69,23,37,0,1
69,23,38,0,1
69,23,39,0,1
69,23,40,0,1
69,23,41,0,1
69,23,42,0,1
69,23,43,0,1
69,23,44,0,1
69,23,45,0,1
69,23,46,0,1
69,23,47,0,1
69,23,48,0,1
69,23,49,0,1
69,23,50,0,1
69,23,51,0,1
69,23,52,0,1
69,23,53,0,1
69,23,54,0,1
69,23,55,0,1
69,23,56,0,1
69,23,57,0,1
69,23,58,0,1
69,23,59,0,1
69,23,60,0,1
69,23,61,0,1
69,23,62,0,1
69,23,63,0,1
69,24,0,0,1
69,24,1,0,1
69,24,2,0,1
69,24,3,0,1
69,24,4,0,1
69,24,5,0,1
69,24,6,0,1
69,24,7,0,1
69,24,8,0,1
69,24,9,0,1
69,24,10,0,1
69,24,11,0,1
69,24,12,0,1
69,24,13,0,1
69,24,14,0,1
69,24,15,0,1
69,24,16,0,1
69,24,17,0,1
69,24,18,0,1
69,24,19,0,1
69,24,20,0,1
69,24,21,0,1
69,24,22,0,1
69,24,23,0,1
69,24,24,0,1
69,24,25,0,1
69,24,26,0,1
69,24,27,0,1
69,24,28,0,1
69,24,29,0,1
69,24,30,0,1
69,24,31,0,1
69,24,32,0,1
69,24,33,0,1
69,24,34,0,1
69,24,35,0,1
69,24,36,0,1
69,24,37,0,1
69,24,38,0,1
69,24,39,0,1
69,24,40,0,1
69,24,41,0,1
69,24,42,0,1
69,24,43,0,1
69,24,44,0,1
69,24,45,0,1
69,24,46,0,1
69,24,47,0,1
69,24,48,0,1
69,24,49,0,1
69,24,50,0,1
69,24,51,0,1
69,24,52,0,1
69,24,53,0,1
69,24,54,0,1
69,24,55,0,1
69,24,56,0,1
69,24,57,0,1
69,24,58,0,1
69,24,59,0,1
69,24,60,0,1
69,24,61,0,1
69,24,62,0,1
69,24,63,0,1
69,25,0,0,1
69,25,1,0,1
69,25,2,0,1
69,25,3,0,1
69,25,4,0,1
69,25,5,0,1
69,25,6,0,1
69,25,7,0,1
69,25,8,0,1
69,25,9,0,1
69,25,10,0,1
69,25,11,0,1
69,25,12,0,1
69,25,13,0,1
69,25,14,0,1
69,25,15,0,1
69,25,16,0,1
69,25,17,0,1
69,25,18,0,1
69,25,19,0,1
69,25,20,0,1
69,25,21,0,1
69,25,22,0,1
69,25,23,0,1
69,25,24,0,1
69,25,25,0,1
69,25,26,0,1
69,25,27,0,1
69,25,28,0,1
69,25,29,0,1
69,25,30,0,1
69,25,31,0,1
69,25,32,0,1
69,25,33,0,1
69,25,34,0,1
69,25,35,0,1
69,25,36,0,1
69,25,37,0,1
69,25,38,0,1
69,25,39,0,1
69,25,40,0,1
69,25,41,0,1
69,25,42,0,1
69,25,43,0,1
69,25,44,0,1
69,25,45,0,1
69,25,46,0,1
69,25,47,0,1
69,25,48,0,1
69,25,49,0,1
69,25,50,0,1
69,25,51,0,1
69,25,52,0,1
69,25,53,0,1
69,25,54,0,1
69,25,55,0,1
69,25,56,0,1
69,25,57,0,1
69,25,58,0,1
69,25,59,0,1
69,25,60,0,1
69,25,61,0,1
69,25,62,0,1
69,25,63,0,1
69,26,0,0,1
69,26,1,0,1
69,26,2,0,1
69,26,3,0,1
69,26,4,0,1
69,26,5,0,1
69,26,6,0,1
69,26,7,0,1
69,26,8,0,1
69,26,9,0,1
69,26,10,0,1
69,26,11,0,1
69,26,12,0,1
69,26,13,0,1
69,26,14,0,1
69,26,15,0,1
69,26,16,0,1
69,26,17,0,1
69,26,18,0,1
69,26,19,0,1
69,26,20,0,1
69,26,21,0,1
69,26,22,0,1
69,26,23,0,1
69,26,24,0,1
69,26,25,0,1
69,26,26,0,1
69,26,27,0,1
69,26,28,0,1
69,26,29,0,1
69,26,30,0,1
69,26,31,0,1
69,26,32,0,1
69,26,33,0,1
69,26,34,0,1
69,26,35,0,1
69,26,36,0,1
69,26,37,0,1
69,26,38,0,1
69,26,39,0,1
69,26,40,0,1
69,26,41,0,1
69,26,42,0,1
69,26,43,0,1
69,26,44,0,1
69,26,45,0,1
69,26,46,0,1
69,26,47,0,1
69,26,48,0,1
69,26,49,0,1
69,26,50,0,1
69,26,51,0,1
69,26,52,0,1
69,26,53,0,1
69,26,54,0,1
69,26,55,0,1
69,26,56,0,1
69,26,57,0,1
69,26,58,0,1
69,26,59,0,1
69,26,60,0,1
69,26,61,0,1
69,26,62,0,1
69,26,63,0,1
69,27,0,0,1
69,27,1,0,1
69,27,2,0,1
69,27,3,0,1
69,27,4,0,1
69,27,5,0,1
69,27,6,0,1
69,27,7,0,1
69,27,8,0,1
69,27,9,0,1
69,27,10,0,1
69,27,11,0,1
69,27,12,0,1
69,27,13,0,1
69,27,14,0,1
69,27,15,0,1
69,27,16,0,1
69,27,17,0,1
69,27,18,0,1
69,27,19,0,1
69,27,20,0,1
69,27,21,0,1
69,27,22,0,1
69,27,23,0,1
69,27,24,0,1
69,27,25,0,1
69,27,26,0,1
69,27,27,0,1
69,27,28,0,1
69,27,29,0,1
69,27,30,0,1
69,27,31,0,1
69,27,32,0,1
69,27,33,0,1
69,27,34,0,1
69,27,35,0,1
69,27,36,0,1
69,27,37,0,1
69,27,38,0,1
69,27,39,0,1
69,27,40,0,1
69,27,41,0,1
69,27,42,0,1
69,27,43,0,1
69,27,44,0,1
69,27,45,0,1
69,27,46,0,1
69,27,47,0,1
69,27,48,0,1
69,27,49,0,1
69,27,50,0,1
69,27,51,0,1
69,27,52,0,1
69,27,53,0,1
69,27,54,0,1
69,27,55,0,1
69,27,56,0,1
69,27,57,0,1
69,27,58,0,1
69,27,59,0,1
69,27,60,0,1
69,27,61,0,1
69,27,62,0,1
69,27,63,0,1
69,28,0,0,1
69,28,1,0,1
69,28,2,0,1
69,28,3,0,1
69,28,4,0,1
69,28,5,0,1
69,28,6,0,1
69,28,7,0,1
69,28,8,0,1
69,28,9,0,1
69,28,10,0,1
69,28,11,0,1
69,28,12,0,1
69,28,13,0,1
69,28,14,0,1
69,28,15,0,1
69,28,16,0,1
69,28,17,0,1
69,28,18,0,1
69,28,19,0,1
69,28,20,0,1
69,28,21,0,1
69,28,22,0,1
69,28,23,0,1
69,28,24,0,1
69,28,25,0,1
69,28,26,0,1
69,28,27,0,1
69,28,28,0,1
69,28,29,0,1
69,28,30,0,1
69,28,31,0,1
69,28,32,0,1
69,28,33,0,1
69,28,34,0,1
69,28,35,0,1
69,28,36,0,1
69,28,37,0,1
69,28,38,0,1
69,28,39,0,1
69,28,40,0,1
69,28,41,0,1
69,28,42,0,1
69,28,43,0,1
69,28,44,0,1
69,28,45,0,1
69,28,46,0,1
69,28,47,0,1
69,28,48,0,1
69,28,49,0,1
69,28,50,0,1
69,28,51,0,1
69,28,52,0,1
69,28,53,0,1
69,28,54,0,1
69,28,55,0,1
69,28,56,0,1
69,28,57,0,1
69,28,58,0,1
69,28,59,0,1
69,28,60,0,1
69,28,61,0,1
69,28,62,0,1
69,28,63,0,1
69,29,0,0,1
69,29,1,0,1
69,29,2,0,1
69,29,3,0,1
69,29,4,0,1
69,29,5,0,1
69,29,6,0,1
69,29,7,0,1
69,29,8,0,1
69,29,9,0,1
69,29,10,0,1
69,29,11,0,1
69,29,12,0,1
69,29,13,0,1
69,29,14,0,1
69,29,15,0,1
69,29,16,0,1
69,29,17,0,1
69,29,18,0,1
69,29,19,0,1
69,29,20,0,1
69,29,21,0,1
69,29,22,0,1
69,29,23,0,1
69,29,24,0,1
69,29,25,0,1
69,29,26,0,1
69,29,27,0,1
69,29,28,0,1
69,29,29,0,1
69,29,30,0,1
69,29,31,0,1
69,29,32,0,1
69,29,33,0,1
69,29,34,0,1
69,29,35,0,1
69,29,36,0,1
69,29,37,0,1
69,29,38,0,1
69,29,39,0,1
69,29,40,0,1
69,29,41,0,1
69,29,42,0,1
69,29,43,0,1
69,29,44,0,1
69,29,45,0,1
69,29,46,0,1
69,29,47,0,1
69,29,48,0,1
69,29,49,0,1
69,29,50,0,1
69,29,51,0,1
69,29,52,0,1
69,29,53,0,1
69,29,54,0,1
69,29,55,0,1
69,29,56,0,1
69,29,57,0,1
69,29,58,0,1
69,29,59,0,1
69,29,60,0,1
69,29,61,0,1
69,29,62,0,1
69,29,63,0,1
69,30,0,0,1
69,30,1,0,1
69,30,2,0,1
69,30,3,0,1
69,30,4,0,1
69,30,5,0,1
69,30,6,0,1
69,30,7,0,1
69,30,8,0,1
69,30,9,0,1
69,30,10,0,1
69,30,11,0,1
69,30,12,0,1
69,30,13,0,1
69,30,14,0,1
69,30,15,0,1
69,30,16,0,1
69,30,17,0,1
69,30,18,0,1
69,30,19,0,1
69,30,20,0,1
69,30,21,0,1
69,30,22,0,1
69,30,23,0,1
69,30,24,0,1
69,30,25,0,1
69,30,26,0,1
69,30,27,0,1
69,30,28,0,1
69,30,29,0,1
69,30,30,0,1
69,30,31,0,1
69,30,32,0,1
69,30,33,0,1
69,30,34,0,1
69,30,35,0,1
69,30,36,0,1
69,30,37,0,1
69,30,38,0,1
69,30,39,0,1
69,30,40,0,1
69,30,41,0,1
69,30,42,0,1
69,30,43,0,1
69,30,44,0,1
69,30,45,0,1
69,30,46,0,1
69,30,47,0,1
69,30,48,0,1
69,30,49,0,1
69,30,50,0,1
69,30,51,0,1
69,30,52,0,1
69,30,53,0,1
69,30,54,0,1
69,30,55,0,1
69,30,56,0,1
69,30,57,0,1
69,30,58,0,1
69,30,59,0,1
69,30,60,0,1
69,30,61,0,1
69,30,62,0,1
69,30,63,0,1
69,31,0,0,1
69,31,1,0,1
69,31,2,0,1
69,31,3,0,1
69,31,4,0,1
69,31,5,0,1
69,31,6,0,1
69,31,7,0,1
69,31,8,0,1
69,31,9,0,1
69,31,10,0,1
69,31,11,0,1
69,31,12,0,1
69,31,13,0,1
69,31,14,0,1
69,31,15,0,1
69,31,16,0,1
69,31,17,0,1
69,31,18,0,1
69,31,19,0,1
69,31,20,0,1
69,31,21,0,1
69,31,22,0,1
69,31,23,0,1
69,31,24,0,1
69,31,25,0,1
69,31,26,0,1
69,31,27,0,1
69,31,28,0,1
69,31,29,0,1
69,31,30,0,1
69,31,31,0,1
69,31,32,0,1
69,31,33,0,1
69,31,34,0,1
69,31,35,0,1
69,31,36,0,1
69,31,37,0,1
69,31,38,0,1
69,31,39,0,1
69,31,40,0,1
69,31,41,0,1
69,31,42,0,1
69,31,43,0,1
69,31,44,0,1
69,31,45,0,1
69,31,46,0,1
69,31,47,0,1
69,31,48,0,1
69,31,49,0,1
69,31,50,0,1
69,31,51,0,1
69,31,52,0,1
69,31,53,0,1
69,31,54,0,1
69,31,55,0,1
69,31,56,0,1
69,31,57,0,1
69,31,58,0,1
69,31,59,0,1
69,31,60,0,1
69,31,61,0,1
69,31,62,0,1
69,31,63,0,1
69,32,0,0,1
69,32,1,0,1
69,32,2,0,1
69,32,3,0,1
69,32,4,0,1
69,32,5,0,1
69,32,6,0,1
69,32,7,0,1
69,32,8,0,1
69,32,9,0,1
69,32,10,0,1
69,32,11,0,1
69,32,12,0,1
69,32,13,0,1
69,32,14,0,1
69,32,15,0,1
69,32,16,0,1
69,32,17,0,1
69,32,18,0,1
69,32,19,0,1
69,32,20,0,1
69,32,21,0,1
69,32,22,0,1
69,32,23,0,1
69,32,24,0,1
69,32,25,0,1
69,32,26,0,1
69,32,27,0,1
69,32,28,0,1
69,32,29,0,1
69,32,30,0,1
69,32,31,0,1
69,32,32,0,1
69,32,33,0,1
69,32,34,0,1
69,32,35,0,1
69,32,36,0,1
69,32,37,0,1
69,32,38,0,1
69,32,39,0,1
69,32,40,0,1
69,32,41,0,1
69,32,42,0,1
69,32,43,0,1
69,32,44,0,1
69,32,45,0,1
69,32,46,0,1
69,32,47,0,1
69,32,48,0,1
69,32,49,0,1
69,32,50,0,1
69,32,51,0,1
69,32,52,0,1
69,32,53,0,1
69,32,54,0,1
69,32,55,0,1
69,32,56,0,1
69,32,57,0,1
69,32,58,0,1
69,32,59,0,1
69,32,60,0,1
69,32,61,0,1
69,32,62,0,1
69,32,63,0,1
69,33,0,0,1
69,33,1,0,1
69,33,2,0,1
69,33,3,0,1
69,33,4,0,1
69,33,5,0,1
69,33,6,0,1
69,33,7,0,1
69,33,8,0,1
69,33,9,0,1
69,33,10,0,1
69,33,11,0,1
69,33,12,0,1
69,33,13,0,1
69,33,14,0,1
69,33,15,0,1
69,33,16,0,1
69,33,17,0,1
69,33,18,0,1
69,33,19,0,1
69,33,20,0,1
69,33,21,0,1
69,33,22,0,1
69,33,23,0,1
69,33,24,0,1
69,33,25,0,1
69,33,26,0,1
69,33,27,0,1
69,33,28,0,1
69,33,29,0,1
69,33,30,0,1
69,33,31,0,1
69,33,32,0,1
69,33,33,0,1
69,33,34,0,1
69,33,35,0,1
69,33,36,0,1
69,33,37,0,1
69,33,38,0,1
69,33,39,0,1
69,33,40,0,1
69,33,41,0,1
69,33,42,0,1
69,33,43,0,1
69,33,44,0,1
69,33,45,0,1
69,33,46,0,1
69,33,47,0,1
69,33,48,0,1
69,33,49,0,1
69,33,50,0,1
69,33,51,0,1
69,33,52,0,1
69,33,53,0,1
69,33,54,0,1
69,33,55,0,1
69,33,56,0,1
69,33,57,0,1
69,33,58,0,1
69,33,59,0,1
69,33,60,0,1
69,33,61,0,1
69,33,62,0,1
69,33,63,0,1
69,34,0,0,1
69,34,1,0,1
69,34,2,0,1
69,34,3,0,1
69,34,4,0,1
69,34,5,0,1
69,34,6,0,1
69,34,7,0,1
69,34,8,0,1
69,34,9,0,1
69,34,10,0,1
69,34,11,0,1
69,34,12,0,1
69,34,13,0,1
69,34,14,0,1
69,34,15,0,1
69,34,16,0,1
69,34,17,0,1
69,34,18,0,1
69,34,19,0,1
69,34,20,0,1
69,34,21,0,1
69,34,22,0,1
69,34,23,0,1
69,34,24,0,1
69,34,25,0,1
69,34,26,0,1
69,34,27,0,1
69,34,28,0,1
69,34,29,0,1
69,34,30,0,1
69,34,31,0,1
69,34,32,0,1
69,34,33,0,1
69,34,34,0,1
69,34,35,0,1
69,34,36,0,1
69,34,37,0,1
69,34,38,0,1
69,34,39,0,1
69,34,40,0,1
69,34,41,0,1
69,34,42,0,1
69,34,43,0,1
69,34,44,0,1
69,34,45,0,1
69,34,46,0,1
69,34,47,0,1
69,34,48,0,1
69,34,49,0,1
69,34,50,0,1
69,34,51,0,1
69,34,52,0,1
69,34,53,0,1
69,34,54,0,1
69,34,55,0,1
69,34,56,0,1
69,34,57,0,1
69,34,58,0,1
69,34,59,0,1
69,34,60,0,1
69,34,61,0,1
69,34,62,0,1
69,34,63,0,1
69,35,0,0,1
69,35,1,0,1
69,35,2,0,1
69,35,3,0,1
69,35,4,0,1
69,35,5,0,1
69,35,6,0,1
69,35,7,0,1
69,35,8,0,1
69,35,9,0,1
69,35,10,0,1
69,35,11,0,1
69,35,12,0,1
69,35,13,0,1
69,35,14,0,1
69,35,15,0,1
69,35,16,0,1
69,35,17,0,1
69,35,18,0,1
69,35,19,0,1
69,35,20,0,1
69,35,21,0,1
69,35,22,0,1
69,35,23,0,1
69,35,24,0,1
69,35,25,0,1
69,35,26,0,1
69,35,27,0,1
69,35,28,0,1
69,35,29,0,1
69,35,30,0,1
69,35,31,0,1
69,35,32,0,1
69,35,33,0,1
69,35,34,0,1
69,35,35,0,1
69,35,36,0,1
69,35,37,0,1
69,35,38,0,1
69,35,39,0,1
69,35,40,0,1
69,35,41,0,1
69,35,42,0,1
69,35,43,0,1
69,35,44,0,1
69,35,45,0,1
69,35,46,0,1
69,35,47,0,1
69,35,48,0,1
69,35,49,0,1
69,35,50,0,1
69,35,51,0,1
69,35,52,0,1
69,35,53,0,1
69,35,54,0,1
69,35,55,0,1
69,35,56,0,1
69,35,57,0,1
69,35,58,0,1
69,35,59,0,1
69,35,60,0,1
69,35,61,0,1
69,35,62,0,1
69,35,63,0,1
69,36,0,0,1
69,36,1,0,1
69,36,2,0,1
69,36,3,0,1
69,36,4,0,1
69,36,5,0,1
69,36,6,0,1
69,36,7,0,1
69,36,8,0,1
69,36,9,0,1
69,36,10,0,1
69,36,11,0,1
69,36,12,0,1
69,36,13,0,1
69,36,14,0,1
69,36,15,0,1
69,36,16,0,1
69,36,17,0,1
69,36,18,0,1
69,36,19,0,1
69,36,20,0,1
69,36,21,0,1
69,36,22,0,1
69,36,23,0,1
69,36,24,0,1
69,36,25,0,1
69,36,26,0,1
69,36,27,0,1
69,36,28,0,1
69,36,29,0,1
69,36,30,0,1
69,36,31,0,1
69,36,32,0,1
69,36,33,0,1
69,36,34,0,1
69,36,35,0,1
69,36,36,0,1
69,36,37,0,1
69,36,38,0,1
69,36,39,0,1
69,36,40,0,1
69,36,41,0,1
69,36,42,0,1
69,36,43,0,1
69,36,44,0,1
69,36,45,0,1
69,36,46,0,1
69,36,47,0,1
69,36,48,0,1
69,36,49,0,1
69,36,50,0,1
69,36,51,0,1
69,36,52,0,1
69,36,53,0,1
69,36,54,0,1
69,36,55,0,1
69,36,56,0,1
69,36,57,0,1
69,36,58,0,1
69,36,59,0,1
69,36,60,0,1
69,36,61,0,1
69,36,62,0,1
69,36,63,0,1
69,37,0,0,1
69,37,1,0,1
69,37,2,0,1
69,37,3,0,1
69,37,4,0,1
69,37,5,0,1
69,37,6,0,1
69,37,7,0,1
69,37,8,0,1
69,37,9,0,1
69,37,10,0,1
69,37,11,0,1
69,37,12,0,1
69,37,13,0,1
69,37,14,0,1
69,37,15,0,1
69,37,16,0,1
69,37,17,0,1
69,37,18,0,1
69,37,19,0,1
69,37,20,0,1
69,37,21,0,1
69,37,22,0,1
69,37,23,0,1
69,37,24,0,1
69,37,25,0,1
69,37,26,0,1
69,37,27,0,1
69,37,28,0,1
69,37,29,0,1
69,37,30,0,1
69,37,31,0,1
69,37,32,0,1
69,37,33,0,1
69,37,34,0,1
69,37,35,0,1
69,37,36,0,1
69,37,37,0,1
69,37,38,0,1
69,37,39,0,1
69,37,40,0,1
69,37,41,0,1
69,37,42,0,1
69,37,43,0,1
69,37,44,0,1
69,37,45,0,1
69,37,46,0,1
69,37,47,0,1
69,37,48,0,1
69,37,49,0,1
69,37,50,0,1
69,37,51,0,1
69,37,52,0,1
69,37,53,0,1
69,37,54,0,1
69,37,55,0,1
69,37,56,0,1
69,37,57,0,1
69,37,58,0,1
69,37,59,0,1
69,37,60,0,1
69,37,61,0,1
69,37,62,0,1
69,37,63,0,1
69,38,0,0,1
69,38,1,0,1
69,38,2,0,1
69,38,3,0,1
69,38,4,0,1
69,38,5,0,1
69,38,6,0,1
69,38,7,0,1
69,38,8,0,1
69,38,9,0,1
69,38,10,0,1
69,38,11,0,1
69,38,12,0,1
69,38,13,0,1
69,38,14,0,1
69,38,15,0,1
69,38,16,0,1
69,38,17,0,1
69,38,18,0,1
69,38,19,0,1
69,38,20,0,1
69,38,21,0,1
69,38,22,0,1
69,38,23,0,1
69,38,24,0,1
69,38,25,0,1
69,38,26,0,1
69,38,27,0,1
69,38,28,0,1
69,38,29,0,1
69,38,30,0,1
69,38,31,0,1
69,38,32,0,1
69,38,33,0,1
69,38,34,0,1
69,38,35,0,1
69,38,36,0,1
69,38,37,0,1
69,38,38,0,1
69,38,39,0,1
69,38,40,0,1
69,38,41,0,1
69,38,42,0,1
69,38,43,0,1
69,38,44,0,1
69,38,45,0,1
69,38,46,0,1
69,38,47,0,1
69,38,48,0,1
69,38,49,0,1
69,38,50,0,1
69,38,51,0,1
69,38,52,0,1
69,38,53,0,1
69,38,54,0,1
69,38,55,0,1
69,38,56,0,1
69,38,57,0,1
69,38,58,0,1
69,38,59,0,1
69,38,60,0,1
69,38,61,0,1
69,38,62,0,1
69,38,63,0,1
69,39,0,0,1
69,39,1,0,1
69,39,2,0,1
69,39,3,0,1
69,39,4,0,1
69,39,5,0,1
69,39,6,0,1
69,39,7,0,1
69,39,8,0,1
69,39,9,0,1
69,39,10,0,1
69,39,11,0,1
69,39,12,0,1
69,39,13,0,1
69,39,14,0,1
69,39,15,0,1
69,39,16,0,1
69,39,17,0,1
69,39,18,0,1
69,39,19,0,1
69,39,20,0,1
69,39,21,0,1
69,39,22,0,1
69,39,23,0,1
69,39,24,0,1
69,39,25,0,1
69,39,26,0,1
69,39,27,0,1
69,39,28,0,1
69,39,29,0,1
69,39,30,0,1
69,39,31,0,1
69,39,32,0,1
69,39,33,0,1
69,39,34,0,1
69,39,35,0,1
69,39,36,0,1
69,39,37,0,1
69,39,38,0,1
69,39,39,0,1
69,39,40,0,1
69,39,41,0,1
69,39,42,0,1
69,39,43,0,1
69,39,44,0,1
69,39,45,0,1
69,39,46,0,1
69,39,47,0,1
69,39,48,0,1
69,39,49,0,1
69,39,50,0,1
69,39,51,0,1
69,39,52,0,1
69,39,53,0,1
69,39,54,0,1
69,39,55,0,1
69,39,56,0,1
69,39,57,0,1
69,39,58,0,1
69,39,59,0,1
69,39,60,0,1
69,39,61,0,1
69,39,62,0,1
69,39,63,0,1
69,40,0,0,1
69,40,1,0,1
69,40,2,0,1
69,40,3,0,1
69,40,4,0,1
69,40,5,0,1
69,40,6,0,1
69,40,7,0,1
69,40,8,0,1
69,40,9,0,1
69,40,10,0,1
69,40,11,0,1
69,40,12,0,1
69,40,13,0,1
69,40,14,0,1
69,40,15,0,1
69,40,16,0,1
69,40,17,0,1
69,40,18,0,1
69,40,19,0,1
69,40,20,0,1
69,40,21,0,1
69,40,22,0,1
69,40,23,0,1
69,40,24,0,1
69,40,25,0,1
69,40,26,0,1
69,40,27,0,1
69,40,28,0,1
69,40,29,0,1
69,40,30,0,1
69,40,31,0,1
69,40,32,0,1
69,40,33,0,1
69,40,34,0,1
69,40,35,0,1
69,40,36,0,1
69,40,37,0,1
69,40,38,0,1
69,40,39,0,1
69,40,40,0,1
69,40,41,0,1
69,40,42,0,1
69,40,43,0,1
69,40,44,0,1
69,40,45,0,1
69,40,46,0,1
69,40,47,0,1
69,40,48,0,1
69,40,49,0,1
69,40,50,0,1
69,40,51,0,1
69,40,52,0,1
69,40,53,0,1
69,40,54,0,1
69,40,55,0,1
69,40,56,0,1
69,40,57,0,1
69,40,58,0,1
69,40,59,0,1
69,40,60,0,1
69,40,61,0,1
69,40,62,0,1
69,40,63,0,1
69,41,0,0,1
69,41,1,0,1
69,41,2,0,1
69,41,3,0,1
69,41,4,0,1
69,41,5,0,1
69,41,6,0,1
69,41,7,0,1
69,41,8,0,1
69,41,9,0,1
69,41,10,0,1
69,41,11,0,1
69,41,12,0,1
69,41,13,0,1
69,41,14,0,1
69,41,15,0,1
69,41,16,0,1
69,41,17,0,1
69,41,18,0,1
69,41,19,0,1
69,41,20,0,1
69,41,21,0,1
69,41,22,0,1
69,41,23,0,1
69,41,24,0,1
69,41,25,0,1
69,41,26,0,1
69,41,27,0,1
69,41,28,0,1
69,41,29,0,1
69,41,30,0,1
69,41,31,0,1
69,41,32,0,1
69,41,33,0,1
69,41,34,0,1
69,41,35,0,1
69,41,36,0,1
69,41,37,0,1
69,41,38,0,1
69,41,39,0,1
69,41,40,0,1
69,41,41,0,1
69,41,42,0,1
69,41,43,0,1
69,41,44,0,1
69,41,45,0,1
69,41,46,0,1
69,41,47,0,1
69,41,48,0,1
69,41,49,0,1
69,41,50,0,1
69,41,51,0,1
69,41,52,0,1
69,41,53,0,1
69,41,54,0,1
69,41,55,0,1
69,41,56,0,1
69,41,57,0,1
69,41,58,0,1
69,41,59,0,1
69,41,60,0,1
69,41,61,0,1
69,41,62,0,1
69,41,63,0,1
69,42,0,0,1
69,42,1,0,1
69,42,2,0,1
69,42,3,0,1
69,42,4,0,1
69,42,5,0,1
69,42,6,0,1
69,42,7,0,1
69,42,8,0,1
69,42,9,0,1
69,42,10,0,1
69,42,11,0,1
69,42,12,0,1
69,42,13,0,1
69,42,14,0,1
69,42,15,0,1
69,42,16,0,1
69,42,17,0,1
69,42,18,0,1
69,42,19,0,1
69,42,20,0,1
69,42,21,0,1
69,42,22,0,1
69,42,23,0,1
69,42,24,0,1
69,42,25,0,1
69,42,26,0,1
69,42,27,0,1
69,42,28,0,1
69,42,29,0,1
69,42,30,0,1
69,42,31,0,1
69,42,32,0,1
69,42,33,0,1
69,42,34,0,1
69,42,35,0,1
69,42,36,0,1
69,42,37,0,1
69,42,38,0,1
69,42,39,0,1
69,42,40,0,1
69,42,41,0,1
69,42,42,0,1
69,42,43,0,1
69,42,44,0,1
69,42,45,0,1
69,42,46,0,1
69,42,47,0,1
69,42,48,0,1
69,42,49,0,1
69,42,50,0,1
69,42,51,0,1
69,42,52,0,1
69,42,53,0,1
69,42,54,0,1
69,42,55,0,1
69,42,56,0,1
69,42,57,0,1
69,42,58,0,1
69,42,59,0,1
69,42,60,0,1
69,42,61,0,1
69,42,62,0,1
69,42,63,0,1
69,43,0,0,1
69,43,1,0,1
69,43,2,0,1
69,43,3,0,1
69,43,4,0,1
69,43,5,0,1
69,43,6,0,1
69,43,7,0,1
69,43,8,0,1
69,43,9,0,1
69,43,10,0,1
69,43,11,0,1
69,43,12,0,1
69,43,13,0,1
69,43,14,0,1
69,43,15,0,1
69,43,16,0,1
69,43,17,0,1
69,43,18,0,1
69,43,19,0,1
69,43,20,0,1
69,43,21,0,1
69,43,22,0,1
69,43,23,0,1
69,43,24,0,1
69,43,25,0,1
69,43,26,0,1
69,43,27,0,1
69,43,28,0,1
69,43,29,0,1
69,43,30,0,1
69,43,31,0,1
69,43,32,0,1
69,43,33,0,1
69,43,34,0,1
69,43,35,0,1
69,43,36,0,1
69,43,37,0,1
69,43,38,0,1
69,43,39,0,1
69,43,40,0,1
69,43,41,0,1
69,43,42,0,1
69,43,43,0,1
69,43,44,0,1
69,43,45,0,1
69,43,46,0,1
69,43,47,0,1
69,43,48,0,1
69,43,49,0,1
69,43,50,0,1
69,43,51,0,1
69,43,52,0,1
69,43,53,0,1
69,43,54,0,1
69,43,55,0,1
69,43,56,0,1
69,43,57,0,1
69,43,58,0,1
69,43,59,0,1
69,43,60,0,1
69,43,61,0,1
69,43,62,0,1
69,43,63,0,1
69,44,0,0,1
69,44,1,0,1
69,44,2,0,1
69,44,3,0,1
69,44,4,0,1
69,44,5,0,1
69,44,6,0,1
69,44,7,0,1
69,44,8,0,1
69,44,9,0,1
69,44,10,0,1
69,44,11,0,1
69,44,12,0,1
69,44,13,0,1
69,44,14,0,1
69,44,15,0,1
69,44,16,0,1
69,44,17,0,1
69,44,18,0,1
69,44,19,0,1
69,44,20,0,1
69,44,21,0,1
69,44,22,0,1
69,44,23,0,1
69,44,24,0,1
69,44,25,0,1
69,44,26,0,1
69,44,27,0,1
69,44,28,0,1
69,44,29,0,1
69,44,30,0,1
69,44,31,0,1
69,44,32,0,1
69,44,33,0,1
69,44,34,0,1
69,44,35,0,1
69,44,36,0,1
69,44,37,0,1
69,44,38,0,1
69,44,39,0,1
69,44,40,0,1
69,44,41,0,1
69,44,42,0,1
69,44,43,0,1
69,44,44,0,1
69,44,45,0,1
69,44,46,0,1
69,44,47,0,1
69,44,48,0,1
69,44,49,0,1
69,44,50,0,1
69,44,51,0,1
69,44,52,0,1
69,44,53,0,1
69,44,54,0,1
69,44,55,0,1
69,44,56,0,1
69,44,57,0,1
69,44,58,0,1
69,44,59,0,1
69,44,60,0,1
69,44,61,0,1
69,44,62,0,1
69,44,63,0,1
69,45,0,0,1
69,45,1,0,1
69,45,2,0,1
69,45,3,0,1
69,45,4,0,1
69,45,5,0,1
69,45,6,0,1
69,45,7,0,1
69,45,8,0,1
69,45,9,0,1
69,45,10,0,1
69,45,11,0,1
69,45,12,0,1
69,45,13,0,1
69,45,14,0,1
69,45,15,0,1
69,45,16,0,1
69,45,17,0,1
69,45,18,0,1
69,45,19,0,1
69,45,20,0,1
69,45,21,0,1
69,45,22,0,1
69,45,23,0,1
69,45,24,0,1
69,45,25,0,1
69,45,26,0,1
69,45,27,0,1
69,45,28,0,1
69,45,29,0,1
69,45,30,0,1
69,45,31,0,1
69,45,32,0,1
69,45,33,0,1
69,45,34,0,1
69,45,35,0,1
69,45,36,0,1
69,45,37,0,1
69,45,38,0,1
69,45,39,0,1
69,45,40,0,1
69,45,41,0,1
69,45,42,0,1
69,45,43,0,1
69,45,44,0,1
69,45,45,0,1
69,45,46,0,1
69,45,47,0,1
69,45,48,0,1
69,45,49,0,1
69,45,50,0,1
69,45,51,0,1
69,45,52,0,1
69,45,53,0,1
69,45,54,0,1
69,45,55,0,1
69,45,56,0,1
69,45,57,0,1
69,45,58,0,1
69,45,59,0,1
69,45,60,0,1
69,45,61,0,1
69,45,62,0,1
69,45,63,0,1
69,46,0,0,1
69,46,1,0,1
69,46,2,0,1
69,46,3,0,1
69,46,4,0,1
69,46,5,0,1
69,46,6,0,1
69,46,7,0,1
69,46,8,0,1
69,46,9,0,1
69,46,10,0,1
69,46,11,0,1
69,46,12,0,1
69,46,13,0,1
69,46,14,0,1
69,46,15,0,1
69,46,16,0,1
69,46,17,0,1
69,46,18,0,1
69,46,19,0,1
69,46,20,0,1
69,46,21,0,1
69,46,22,0,1
69,46,23,0,1
69,46,24,0,1
69,46,25,0,1
69,46,26,0,1
69,46,27,0,1
69,46,28,0,1
69,46,29,0,1
69,46,30,0,1
69,46,31,0,1
69,46,32,0,1
69,46,33,0,1
69,46,34,0,1
69,46,35,0,1
69,46,36,0,1
69,46,37,0,1
69,46,38,0,1
69,46,39,0,1
69,46,40,0,1
69,46,41,0,1
69,46,42,0,1
69,46,43,0,1
69,46,44,0,1
69,46,45,0,1
69,46,46,0,1
69,46,47,0,1
69,46,48,0,1
69,46,49,0,1
69,46,50,0,1
69,46,51,0,1
69,46,52,0,1
69,46,53,0,1
69,46,54,0,1
69,46,55,0,1
69,46,56,0,1
69,46,57,0,1
69,46,58,0,1
69,46,59,0,1
69,46,60,0,1
69,46,61,0,1
69,46,62,0,1
69,46,63,0,1
69,47,0,0,1
69,47,1,0,1
69,47,2,0,1
69,47,3,0,1
69,47,4,0,1
69,47,5,0,1
69,47,6,0,1
69,47,7,0,1
69,47,8,0,1
69,47,9,0,1
69,47,10,0,1
69,47,11,0,1
69,47,12,0,1
69,47,13,0,1
69,47,14,0,1
69,47,15,0,1
69,47,16,0,1
69,47,17,0,1
69,47,18,0,1
69,47,19,0,1
69,47,20,0,1
69,47,21,0,1
69,47,22,0,1
69,47,23,0,1
69,47,24,0,1
69,47,25,0,1
69,47,26,0,1
69,47,27,0,1
69,47,28,0,1
69,47,29,0,1
69,47,30,0,1
69,47,31,0,1
69,47,32,0,1
69,47,33,0,1
69,47,34,0,1
69,47,35,0,1
69,47,36,0,1
69,47,37,0,1
69,47,38,0,1
69,47,39,0,1
69,47,40,0,1
69,47,41,0,1
69,47,42,0,1
69,47,43,0,1
69,47,44,0,1
69,47,45,0,1
69,47,46,0,1
69,47,47,0,1
69,47,48,0,1
69,47,49,0,1
69,47,50,0,1
69,47,51,0,1
69,47,52,0,1
69,47,53,0,1
69,47,54,0,1
69,47,55,0,1
69,47,56,0,1
69,47,57,0,1
69,47,58,0,1
69,47,59,0,1
69,47,60,0,1
69,47,61,0,1
69,47,62,0,1
69,47,63,0,1
69,48,0,0,1
69,48,1,0,1
69,48,2,0,1
69,48,3,0,1
69,48,4,0,1
69,48,5,0,1
69,48,6,0,1
69,48,7,0,1
69,48,8,0,1
69,48,9,0,1
69,48,10,0,1
69,48,11,0,1
69,48,12,0,1
69,48,13,0,1
69,48,14,0,1
69,48,15,0,1
69,48,16,0,1
69,48,17,0,1
69,48,18,0,1
69,48,19,0,1
69,48,20,0,1
69,48,21,0,1
69,48,22,0,1
69,48,23,0,1
69,48,24,0,1
69,48,25,0,1
69,48,26,0,1
69,48,27,0,1
69,48,28,0,1
69,48,29,0,1
69,48,30,0,1
69,48,31,0,1
69,48,32,0,1
69,48,33,0,1
69,48,34,0,1
69,48,35,0,1
69,48,36,0,1
69,48,37,0,1
69,48,38,0,1
69,48,39,0,1
69,48,40,0,1
69,48,41,0,1
69,48,42,0,1
69,48,43,0,1
69,48,44,0,1
69,48,45,0,1
69,48,46,0,1
69,48,47,0,1
69,48,48,0,1
69,48,49,0,1
69,48,50,0,1
69,48,51,0,1
69,48,52,0,1
69,48,53,0,1
69,48,54,0,1
69,48,55,0,1
69,48,56,0,1
69,48,57,0,1
69,48,58,0,1
69,48,59,0,1
69,48,60,0,1
69,48,61,0,1
69,48,62,0,1
69,48,63,0,1
69,49,0,0,1
69,49,1,0,1
69,49,2,0,1
69,49,3,0,1
69,49,4,0,1
69,49,5,0,1
69,49,6,0,1
69,49,7,0,1
69,49,8,0,1
69,49,9,0,1
69,49,10,0,1
69,49,11,0,1
69,49,12,0,1
69,49,13,0,1
69,49,14,0,1
69,49,15,0,1
69,49,16,0,1
69,49,17,0,1
69,49,18,0,1
69,49,19,0,1
69,49,20,0,1
69,49,21,0,1
69,49,22,0,1
69,49,23,0,1
69,49,24,0,1
69,49,25,0,1
69,49,26,0,1
69,49,27,0,1
69,49,28,0,1
69,49,29,0,1
69,49,30,0,1
69,49,31,0,1
69,49,32,0,1
69,49,33,0,1
69,49,34,0,1
69,49,35,0,1
69,49,36,0,1
69,49,37,0,1
69,49,38,0,1
69,49,39,0,1
69,49,40,0,1
69,49,41,0,1
69,49,42,0,1
69,49,43,0,1
69,49,44,0,1
69,49,45,0,1
69,49,46,0,1
69,49,47,0,1
69,49,48,0,1
69,49,49,0,1
69,49,50,0,1
69,49,51,0,1
69,49,52,0,1
69,49,53,0,1
69,49,54,0,1
69,49,55,0,1
69,49,56,0,1
69,49,57,0,1
69,49,58,0,1
69,49,59,0,1
69,49,60,0,1
69,49,61,0,1
69,49,62,0,1
69,49,63,0,1
69,50,0,0,1
69,50,1,0,1
69,50,2,0,1
69,50,3,0,1
69,50,4,0,1
69,50,5,0,1
69,50,6,0,1
69,50,7,0,1
69,50,8,0,1
69,50,9,0,1
69,50,10,0,1
69,50,11,0,1
69,50,12,0,1
69,50,13,0,1
69,50,14,0,1
69,50,15,0,1
69,50,16,0,1
69,50,17,0,1
69,50,18,0,1
69,50,19,0,1
69,50,20,0,1
69,50,21,0,1
69,50,22,0,1
69,50,23,0,1
69,50,24,0,1
69,50,25,0,1
69,50,26,0,1
69,50,27,0,1
69,50,28,0,1
69,50,29,0,1
69,50,30,0,1
69,50,31,0,1
69,50,32,0,1
69,50,33,0,1
69,50,34,0,1
69,50,35,0,1
69,50,36,0,1
69,50,37,0,1
69,50,38,0,1
69,50,39,0,1
69,50,40,0,1
69,50,41,0,1
69,50,42,0,1
69,50,43,0,1
69,50,44,0,1
69,50,45,0,1
69,50,46,0,1
69,50,47,0,1
69,50,48,0,1
69,50,49,0,1
69,50,50,0,1
69,50,51,0,1
69,50,52,0,1
69,50,53,0,1
69,50,54,0,1
69,50,55,0,1
69,50,56,0,1
69,50,57,0,1
69,50,58,0,1
69,50,59,0,1
69,50,60,0,1
69,50,61,0,1
69,50,62,0,1
69,50,63,0,1
69,51,0,0,1
69,51,1,0,1
69,51,2,0,1
69,51,3,0,1
69,51,4,0,1
69,51,5,0,1
69,51,6,0,1
69,51,7,0,1
69,51,8,0,1
69,51,9,0,1
69,51,10,0,1
69,51,11,0,1
69,51,12,0,1
69,51,13,0,1
69,51,14,0,1
69,51,15,0,1
69,51,16,0,1
69,51,17,0,1
69,51,18,0,1
69,51,19,0,1
69,51,20,0,1
69,51,21,0,1
69,51,22,0,1
69,51,23,0,1
69,51,24,0,1
69,51,25,0,1
69,51,26,0,1
69,51,27,0,1
69,51,28,0,1
69,51,29,0,1
69,51,30,0,1
69,51,31,0,1
69,51,32,0,1
69,51,33,0,1
69,51,34,0,1
69,51,35,0,1
69,51,36,0,1
69,51,37,0,1
69,51,38,0,1
69,51,39,0,1
69,51,40,0,1
69,51,41,0,1
69,51,42,0,1
69,51,43,0,1
69,51,44,0,1
69,51,45,0,1
69,51,46,0,1
69,51,47,0,1
69,51,48,0,1
69,51,49,0,1
69,51,50,0,1
69,51,51,0,1
69,51,52,0,1
69,51,53,0,1
69,51,54,0,1
69,51,55,0,1
69,51,56,0,1
69,51,57,0,1
69,51,58,0,1
69,51,59,0,1
69,51,60,0,1
69,51,61,0,1
69,51,62,0,1
69,51,63,0,1
69,52,0,0,1
69,52,1,0,1
69,52,2,0,1
69,52,3,0,1
69,52,4,0,1
69,52,5,0,1
69,52,6,0,1
69,52,7,0,1
69,52,8,0,1
69,52,9,0,1
69,52,10,0,1
69,52,11,0,1
69,52,12,0,1
69,52,13,0,1
69,52,14,0,1
69,52,15,0,1
69,52,16,0,1
69,52,17,0,1
69,52,18,0,1
69,52,19,0,1
69,52,20,0,1
69,52,21,0,1
69,52,22,0,1
69,52,23,0,1
69,52,24,0,1
69,52,25,0,1
69,52,26,0,1
69,52,27,0,1
69,52,28,0,1
69,52,29,0,1
69,52,30,0,1
69,52,31,0,1
69,52,32,0,1
69,52,33,0,1
69,52,34,0,1
69,52,35,0,1
69,52,36,0,1
69,52,37,0,1
69,52,38,0,1
69,52,39,0,1
69,52,40,0,1
69,52,41,0,1
69,52,42,0,1
69,52,43,0,1
69,52,44,0,1
69,52,45,0,1
69,52,46,0,1
69,52,47,0,1
69,52,48,0,1
69,52,49,0,1
69,52,50,0,1
69,52,51,0,1
69,52,52,0,1
69,52,53,0,1
69,52,54,0,1
69,52,55,0,1
69,52,56,0,1
69,52,57,0,1
69,52,58,0,1
69,52,59,0,1
69,52,60,0,1
69,52,61,0,1
69,52,62,0,1
69,52,63,0,1
69,53,0,0,1
69,53,1,0,1
69,53,2,0,1
69,53,3,0,1
69,53,4,0,1
69,53,5,0,1
69,53,6,0,1
69,53,7,0,1
69,53,8,0,1
69,53,9,0,1
69,53,10,0,1
69,53,11,0,1
69,53,12,0,1
69,53,13,0,1
69,53,14,0,1
69,53,15,0,1
69,53,16,0,1
69,53,17,0,1
69,53,18,0,1
69,53,19,0,1
69,53,20,0,1
69,53,21,0,1
69,53,22,0,1
69,53,23,0,1
69,53,24,0,1
69,53,25,0,1
69,53,26,0,1
69,53,27,0,1
69,53,28,0,1
69,53,29,0,1
69,53,30,0,1
69,53,31,0,1
69,53,32,0,1
69,53,33,0,1
69,53,34,0,1
69,53,35,0,1
69,53,36,0,1
69,53,37,0,1
69,53,38,0,1
69,53,39,0,1
69,53,40,0,1
69,53,41,0,1
69,53,42,0,1
69,53,43,0,1
69,53,44,0,1
69,53,45,0,1
69,53,46,0,1
69,53,47,0,1
69,53,48,0,1
69,53,49,0,1
69,53,50,0,1
69,53,51,0,1
69,53,52,0,1
69,53,53,0,1
69,53,54,0,1
69,53,55,0,1
69,53,56,0,1
69,53,57,0,1
69,53,58,0,1
69,53,59,0,1
69,53,60,0,1
69,53,61,0,1
69,53,62,0,1
69,53,63,0,1
69,54,0,0,1
69,54,1,0,1
69,54,2,0,1
69,54,3,0,1
69,54,4,0,1
69,54,5,0,1
69,54,6,0,1
69,54,7,0,1
69,54,8,0,1
69,54,9,0,1
69,54,10,0,1
69,54,11,0,1
69,54,12,0,1
69,54,13,0,1
69,54,14,0,1
69,54,15,0,1
69,54,16,0,1
69,54,17,0,1
69,54,18,0,1
69,54,19,0,1
69,54,20,0,1
69,54,21,0,1
69,54,22,0,1
69,54,23,0,1
69,54,24,0,1
69,54,25,0,1
69,54,26,0,1
69,54,27,0,1
69,54,28,0,1
69,54,29,0,1
69,54,30,0,1
69,54,31,0,1
69,54,32,0,1
69,54,33,0,1
69,54,34,0,1
69,54,35,0,1
69,54,36,0,1
69,54,37,0,1
69,54,38,0,1
69,54,39,0,1
69,54,40,0,1
69,54,41,0,1
69,54,42,0,1
69,54,43,0,1
69,54,44,0,1
69,54,45,0,1
69,54,46,0,1
69,54,47,0,1
69,54,48,0,1
69,54,49,0,1
69,54,50,0,1
69,54,51,0,1
69,54,52,0,1
69,54,53,0,1
69,54,54,0,1
69,54,55,0,1
69,54,56,0,1
69,54,57,0,1
69,54,58,0,1
69,54,59,0,1
69,54,60,0,1
69,54,61,0,1
69,54,62,0,1
69,54,63,0,1
69,55,0,0,1
69,55,1,0,1
69,55,2,0,1
69,55,3,0,1
69,55,4,0,1
69,55,5,0,1
69,55,6,0,1
69,55,7,0,1
69,55,8,0,1
69,55,9,0,1
69,55,10,0,1
69,55,11,0,1
69,55,12,0,1
69,55,13,0,1
69,55,14,0,1
69,55,15,0,1
69,55,16,0,1
69,55,17,0,1
69,55,18,0,1
69,55,19,0,1
69,55,20,0,1
69,55,21,0,1
69,55,22,0,1
69,55,23,0,1
69,55,24,0,1
69,55,25,0,1
69,55,26,0,1
69,55,27,0,1
69,55,28,0,1
69,55,29,0,1
69,55,30,0,1
69,55,31,0,1
69,55,32,0,1
69,55,33,0,1
69,55,34,0,1
69,55,35,0,1
69,55,36,0,1
69,55,37,0,1
69,55,38,0,1
69,55,39,0,1
69,55,40,0,1
69,55,41,0,1
69,55,42,0,1
69,55,43,0,1
69,55,44,0,1
69,55,45,0,1
69,55,46,0,1
69,55,47,0,1
69,55,48,0,1
69,55,49,0,1
69,55,50,0,1
69,55,51,0,1
69,55,52,0,1
69,55,53,0,1
69,55,54,0,1
69,55,55,0,1
69,55,56,0,1
69,55,57,0,1
69,55,58,0,1
69,55,59,0,1
69,55,60,0,1
69,55,61,0,1
69,55,62,0,1
69,55,63,0,1
69,56,0,0,1
69,56,1,0,1
69,56,2,0,1
69,56,3,0,1
69,56,4,0,1
69,56,5,0,1
69,56,6,0,1
69,56,7,0,1
69,56,8,0,1
69,56,9,0,1
69,56,10,0,1
69,56,11,0,1
69,56,12,0,1
69,56,13,0,1
69,56,14,0,1
69,56,15,0,1
69,56,16,0,1
69,56,17,0,1
69,56,18,0,1
69,56,19,0,1
69,56,20,0,1
69,56,21,0,1
69,56,22,0,1
69,56,23,0,1
69,56,24,0,1
69,56,25,0,1
69,56,26,0,1
69,56,27,0,1
69,56,28,0,1
69,56,29,0,1
69,56,30,0,1
69,56,31,0,1
69,56,32,0,1
69,56,33,0,1
69,56,34,0,1
69,56,35,0,1
69,56,36,0,1
69,56,37,0,1
69,56,38,0,1
69,56,39,0,1
69,56,40,0,1
69,56,41,0,1
69,56,42,0,1
69,56,43,0,1
69,56,44,0,1
69,56,45,0,1
69,56,46,0,1
69,56,47,0,1
69,56,48,0,1
69,56,49,0,1
69,56,50,0,1
69,56,51,0,1
69,56,52,0,1
69,56,53,0,1
69,56,54,0,1
69,56,55,0,1
69,56,56,0,1
69,56,57,0,1
69,56,58,0,1
69,56,59,0,1
69,56,60,0,1
69,56,61,0,1
69,56,62,0,1
69,56,63,0,1
69,57,0,0,1
69,57,1,0,1
69,57,2,0,1
69,57,3,0,1
69,57,4,0,1
69,57,5,0,1
69,57,6,0,1
69,57,7,0,1
69,57,8,0,1
69,57,9,0,1
69,57,10,0,1
69,57,11,0,1
69,57,12,0,1
69,57,13,0,1
69,57,14,0,1
69,57,15,0,1
69,57,16,0,1
69,57,17,0,1
69,57,18,0,1
69,57,19,0,1
69,57,20,0,1
69,57,21,0,1
69,57,22,0,1
69,57,23,0,1
69,57,24,0,1
69,57,25,0,1
69,57,26,0,1
69,57,27,0,1
69,57,28,0,1
69,57,29,0,1
69,57,30,0,1
69,57,31,0,1
69,57,32,0,1
69,57,33,0,1
69,57,34,0,1
69,57,35,0,1
69,57,36,0,1
69,57,37,0,1
69,57,38,0,1
69,57,39,0,1
69,57,40,0,1
69,57,41,0,1
69,57,42,0,1
69,57,43,0,1
69,57,44,0,1
69,57,45,0,1
69,57,46,0,1
69,57,47,0,1
69,57,48,0,1
69,57,49,0,1
69,57,50,0,1
69,57,51,0,1
69,57,52,0,1
69,57,53,0,1
69,57,54,0,1
69,57,55,0,1
69,57,56,0,1
69,57,57,0,1
69,57,58,0,1
69,57,59,0,1
69,57,60,0,1
69,57,61,0,1
69,57,62,0,1
69,57,63,0,1
69,58,0,0,1
69,58,1,0,1
69,58,2,0,1
69,58,3,0,1
69,58,4,0,1
69,58,5,0,1
69,58,6,0,1
69,58,7,0,1
69,58,8,0,1
69,58,9,0,1
69,58,10,0,1
69,58,11,0,1
69,58,12,0,1
69,58,13,0,1
69,58,14,0,1
69,58,15,0,1
69,58,16,0,1
69,58,17,0,1
69,58,18,0,1
69,58,19,0,1
69,58,20,0,1
69,58,21,0,1
69,58,22,0,1
69,58,23,0,1
69,58,24,0,1
69,58,25,0,1
69,58,26,0,1
69,58,27,0,1
69,58,28,0,1
69,58,29,0,1
69,58,30,0,1
69,58,31,0,1
69,58,32,0,1
69,58,33,0,1
69,58,34,0,1
69,58,35,0,1
69,58,36,0,1
69,58,37,0,1
69,58,38,0,1
69,58,39,0,1
69,58,40,0,1
69,58,41,0,1
69,58,42,0,1
69,58,43,0,1
69,58,44,0,1
69,58,45,0,1
69,58,46,0,1
69,58,47,0,1
69,58,48,0,1
69,58,49,0,1
69,58,50,0,1
69,58,51,0,1
69,58,52,0,1
69,58,53,0,1
69,58,54,0,1
69,58,55,0,1
69,58,56,0,1
69,58,57,0,1
69,58,58,0,1
69,58,59,0,1
69,58,60,0,1
69,58,61,0,1
69,58,62,0,1
69,58,63,0,1
69,59,0,0,1
69,59,1,0,1
69,59,2,0,1
69,59,3,0,1
69,59,4,0,1
69,59,5,0,1
69,59,6,0,1
69,59,7,0,1
69,59,8,0,1
69,59,9,0,1
69,59,10,0,1
69,59,11,0,1
69,59,12,0,1
69,59,13,0,1
69,59,14,0,1
69,59,15,0,1
69,59,16,0,1
69,59,17,0,1
69,59,18,0,1
69,59,19,0,1
69,59,20,0,1
69,59,21,0,1
69,59,22,0,1
69,59,23,0,1
69,59,24,0,1
69,59,25,0,1
69,59,26,0,1
69,59,27,0,1
69,59,28,0,1
69,59,29,0,1
69,59,30,0,1
69,59,31,0,1
69,59,32,0,1
69,59,33,0,1
69,59,34,0,1
69,59,35,0,1
69,59,36,0,1
69,59,37,0,1
69,59,38,0,1
69,59,39,0,1
69,59,40,0,1
69,59,41,0,1
69,59,42,0,1
69,59,43,0,1
69,59,44,0,1
69,59,45,0,1
69,59,46,0,1
69,59,47,0,1
69,59,48,0,1
69,59,49,0,1
69,59,50,0,1
69,59,51,0,1
69,59,52,0,1
69,59,53,0,1
69,59,54,0,1
69,59,55,0,1
69,59,56,0,1
69,59,57,0,1
69,59,58,0,1
69,59,59,0,1
69,59,60,0,1
69,59,61,0,1
69,59,62,0,1
69,59,63,0,1
69,60,0,0,1
69,60,1,0,1
69,60,2,0,1
69,60,3,0,1
69,60,4,0,1
69,60,5,0,1
69,60,6,0,1
69,60,7,0,1
69,60,8,0,1
69,60,9,0,1
69,60,10,0,1
69,60,11,0,1
69,60,12,0,1
69,60,13,0,1
69,60,14,0,1
69,60,15,0,1
69,60,16,0,1
69,60,17,0,1
69,60,18,0,1
69,60,19,0,1
69,60,20,0,1
69,60,21,0,1
69,60,22,0,1
69,60,23,0,1
69,60,24,0,1
69,60,25,0,1
69,60,26,0,1
69,60,27,0,1
69,60,28,0,1
69,60,29,0,1
69,60,30,0,1
69,60,31,0,1
69,60,32,0,1
69,60,33,0,1
69,60,34,0,1
69,60,35,0,1
69,60,36,0,1
69,60,37,0,1
69,60,38,0,1
69,60,39,0,1
69,60,40,0,1
69,60,41,0,1
69,60,42,0,1
69,60,43,0,1
69,60,44,0,1
69,60,45,0,1
69,60,46,0,1
69,60,47,0,1
69,60,48,0,1
69,60,49,0,1
69,60,50,0,1
69,60,51,0,1
69,60,52,0,1
69,60,53,0,1
69,60,54,0,1
69,60,55,0,1
69,60,56,0,1
69,60,57,0,1
69,60,58,0,1
69,60,59,0,1
69,60,60,0,1
69,60,61,0,1
69,60,62,0,1
69,60,63,0,1
69,61,0,0,1
69,61,1,0,1
69,61,2,0,1
69,61,3,0,1
69,61,4,0,1
69,61,5,0,1
69,61,6,0,1
69,61,7,0,1
69,61,8,0,1
69,61,9,0,1
69,61,10,0,1
69,61,11,0,1
69,61,12,0,1
69,61,13,0,1
69,61,14,0,1
69,61,15,0,1
69,61,16,0,1
69,61,17,0,1
69,61,18,0,1
69,61,19,0,1
69,61,20,0,1
69,61,21,0,1
69,61,22,0,1
69,61,23,0,1
69,61,24,0,1
69,61,25,0,1
69,61,26,0,1
69,61,27,0,1
69,61,28,0,1
69,61,29,0,1
69,61,30,0,1
69,61,31,0,1
69,61,32,0,1
69,61,33,0,1
69,61,34,0,1
69,61,35,0,1
69,61,36,0,1
69,61,37,0,1
69,61,38,0,1
69,61,39,0,1
69,61,40,0,1
69,61,41,0,1
69,61,42,0,1
69,61,43,0,1
69,61,44,0,1
69,61,45,0,1
69,61,46,0,1
69,61,47,0,1
69,61,48,0,1
69,61,49,0,1
69,61,50,0,1
69,61,51,0,1
69,61,52,0,1
69,61,53,0,1
69,61,54,0,1
69,61,55,0,1
69,61,56,0,1
69,61,57,0,1
69,61,58,0,1
69,61,59,0,1
69,61,60,0,1
69,61,61,0,1
69,61,62,0,1
69,61,63,0,1
69,62,0,0,1
69,62,1,0,1
69,62,2,0,1
69,62,3,0,1
69,62,4,0,1
69,62,5,0,1
69,62,6,0,1
69,62,7,0,1
69,62,8,0,1
69,62,9,0,1
69,62,10,0,1
69,62,11,0,1
69,62,12,0,1
69,62,13,0,1
69,62,14,0,1
69,62,15,0,1
69,62,16,0,1
69,62,17,0,1
69,62,18,0,1
69,62,19,0,1
69,62,20,0,1
69,62,21,0,1
69,62,22,0,1
69,62,23,0,1
69,62,24,0,1
69,62,25,0,1
69,62,26,0,1
69,62,27,0,1
69,62,28,0,1
69,62,29,0,1
69,62,30,0,1
69,62,31,0,1
69,62,32,0,1
69,62,33,0,1
69,62,34,0,1
69,62,35,0,1
69,62,36,0,1
69,62,37,0,1
69,62,38,0,1
69,62,39,0,1
69,62,40,0,1
69,62,41,0,1
69,62,42,0,1
69,62,43,0,1
69,62,44,0,1
69,62,45,0,1
69,62,46,0,1
69,62,47,0,1
69,62,48,0,1
69,62,49,0,1
69,62,50,0,1
69,62,51,0,1
69,62,52,0,1
69,62,53,0,1
69,62,54,0,1
69,62,55,0,1
69,62,56,0,1
69,62,57,0,1
69,62,58,0,1
69,62,59,0,1
69,62,60,0,1
69,62,61,0,1
69,62,62,0,1
69,62,63,0,1
69,63,0,0,1
69,63,1,0,1
69,63,2,0,1
69,63,3,0,1
69,63,4,0,1
69,63,5,0,1
69,63,6,0,1
69,63,7,0,1
69,63,8,0,1
69,63,9,0,1
69,63,10,0,1
69,63,11,0,1
69,63,12,0,1
69,63,13,0,1
69,63,14,0,1
69,63,15,0,1
69,63,16,0,1
69,63,17,0,1
69,63,18,0,1
69,63,19,0,1
69,63,20,0,1
69,63,21,0,1
69,63,22,0,1
69,63,23,0,1
69,63,24,0,1
69,63,25,0,1
69,63,26,0,1
69,63,27,0,1
69,63,28,0,1
69,63,29,0,1
69,63,30,0,1
69,63,31,0,1
69,63,32,0,1
69,63,33,0,1
69,63,34,0,1
69,63,35,0,1
69,63,36,0,1
69,63,37,0,1
69,63,38,0,1
69,63,39,0,1
69,63,40,0,1
69,63,41,0,1
69,63,42,0,1
69,63,43,0,1
69,63,44,0,1
69,63,45,0,1
69,63,46,0,1
69,63,47,0,1
69,63,48,0,1
69,63,49,0,1
69,63,50,0,1
69,63,51,0,1
69,63,52,0,1
69,63,53,0,1
69,63,54,0,1
69,63,55,0,1
69,63,56,0,1
69,63,57,0,1
69,63,58,0,1
69,63,59,0,1
69,63,60,0,1
69,63,61,0,1
69,63,62,0,1
69,63,63,0,1
69,64,0,0,1
69,64,1,0,1
69,64,2,0,1
69,64,3,0,1
69,64,4,0,1
69,64,5,0,1
69,64,6,0,1
69,64,7,0,1
69,64,8,0,1
69,64,9,0,1
69,64,10,0,1
69,64,11,0,1
69,64,12,0,1
69,64,13,0,1
69,64,14,0,1
69,64,15,0,1
69,64,16,0,1
69,64,17,0,1
69,64,18,0,1
69,64,19,0,1
69,64,20,0,1
69,64,21,0,1
69,64,22,0,1
69,64,23,0,1
69,64,24,0,1
69,64,25,0,1
69,64,26,0,1
69,64,27,0,1
69,64,28,0,1
69,64,29,0,1
69,64,30,0,1
69,64,31,0,1
69,64,32,0,1
69,64,33,0,1
69,64,34,0,1
69,64,35,0,1
69,64,36,0,1
69,64,37,0,1
69,64,38,0,1
69,64,39,0,1
69,64,40,0,1
69,64,41,0,1
69,64,42,0,1
69,64,43,0,1
69,64,44,0,1
69,64,45,0,1
69,64,46,0,1
69,64,47,0,1
69,64,48,0,1
69,64,49,0,1
69,64,50,0,1
69,64,51,0,1
69,64,52,0,1
69,64,53,0,1
69,64,54,0,1
69,64,55,0,1
69,64,56,0,1
69,64,57,0,1
69,64,58,0,1
69,64,59,0,1
69,64,60,0,1
69,64,61,0,1
69,64,62,0,1
69,64,63,0,1
69,65,0,0,1
69,65,1,0,1
69,65,2,0,1
69,65,3,0,1
69,65,4,0,1
69,65,5,0,1
69,65,6,0,1
69,65,7,0,1
69,65,8,0,1
69,65,9,0,1
69,65,10,0,1
69,65,11,0,1
69,65,12,0,1
69,65,13,0,1
69,65,14,0,1
69,65,15,0,1
69,65,16,0,1
69,65,17,0,1
69,65,18,0,1
69,65,19,0,1
69,65,20,0,1
69,65,21,0,1
69,65,22,0,1
69,65,23,0,1
69,65,24,0,1
69,65,25,0,1
69,65,26,0,1
69,65,27,0,1
69,65,28,0,1
69,65,29,0,1
69,65,30,0,1
69,65,31,0,1
69,65,32,0,1
69,65,33,0,1
69,65,34,0,1
69,65,35,0,1
69,65,36,0,1
69,65,37,0,1
69,65,38,0,1
69,65,39,0,1
69,65,40,0,1
69,65,41,0,1
69,65,42,0,1
69,65,43,0,1
69,65,44,0,1
69,65,45,0,1
69,65,46,0,1
69,65,47,0,1
69,65,48,0,1
69,65,49,0,1
69,65,50,0,1
69,65,51,0,1
69,65,52,0,1
69,65,53,0,1
69,65,54,0,1
69,65,55,0,1
69,65,56,0,1
69,65,57,0,1
69,65,58,0,1
69,65,59,0,1
69,65,60,0,1
69,65,61,0,1
69,65,62,0,1
69,65,63,0,1
69,66,0,0,1
69,66,1,0,1
69,66,2,0,1
69,66,3,0,1
69,66,4,0,1
69,66,5,0,1
69,66,6,0,1
69,66,7,0,1
69,66,8,0,1
69,66,9,0,1
69,66,10,0,1
69,66,11,0,1
69,66,12,0,1
69,66,13,0,1
69,66,14,0,1
69,66,15,0,1
69,66,16,0,1
69,66,17,0,1
69,66,18,0,1
69,66,19,0,1
69,66,20,0,1
69,66,21,0,1
69,66,22,0,1
69,66,23,0,1
69,66,24,0,1
69,66,25,0,1
69,66,26,0,1
69,66,27,0,1
69,66,28,0,1
69,66,29,0,1
69,66,30,0,1
69,66,31,0,1
69,66,32,0,1
69,66,33,0,1
69,66,34,0,1
69,66,35,0,1
69,66,36,0,1
69,66,37,0,1
69,66,38,0,1
69,66,39,0,1
69,66,40,0,1
69,66,41,0,1
69,66,42,0,1
69,66,43,0,1
69,66,44,0,1
69,66,45,0,1
69,66,46,0,1
69,66,47,0,1
69,66,48,0,1
69,66,49,0,1
69,66,50,0,1
69,66,51,0,1
69,66,52,0,1
69,66,53,0,1
69,66,54,0,1
69,66,55,0,1
69,66,56,0,1
69,66,57,0,1
69,66,58,0,1
69,66,59,0,1
69,66,60,0,1
69,66,61,0,1
69,66,62,0,1
69,66,63,0,1
69,67,0,0,1
69,67,1,0,1
69,67,2,0,1
69,67,3,0,1
69,67,4,0,1
69,67,5,0,1
69,67,6,0,1
69,67,7,0,1
69,67,8,0,1
69,67,9,0,1
69,67,10,0,1
69,67,11,0,1
69,67,12,0,1
69,67,13,0,1
69,67,14,0,1
69,67,15,0,1
69,67,16,0,1
69,67,17,0,1
69,67,18,0,1
69,67,19,0,1
69,67,20,0,1
69,67,21,0,1
69,67,22,0,1
69,67,23,0,1
69,67,24,0,1
69,67,25,0,1
69,67,26,0,1
69,67,27,0,1
69,67,28,0,1
69,67,29,0,1
69,67,30,0,1
69,67,31,0,1
69,67,32,0,1
69,67,33,0,1
69,67,34,0,1
69,67,35,0,1
69,67,36,0,1
69,67,37,0,1
69,67,38,0,1
69,67,39,0,1
69,67,40,0,1
69,67,41,0,1
69,67,42,0,1
69,67,43,0,1
69,67,44,0,1
69,67,45,0,1
69,67,46,0,1
69,67,47,0,1
69,67,48,0,1
69,67,49,0,1
69,67,50,0,1
69,67,51,0,1
69,67,52,0,1
69,67,53,0,1
69,67,54,0,1
69,67,55,0,1
69,67,56,0,1
69,67,57,0,1
69,67,58,0,1
69,67,59,0,1
69,67,60,0,1
69,67,61,0,1
69,67,62,0,1
69,67,63,0,1
69,68,0,0,1
69,68,1,0,1
69,68,2,0,1
69,68,3,0,1
69,68,4,0,1
69,68,5,0,1
69,68,6,0,1
69,68,7,0,1
69,68,8,0,1
69,68,9,0,1
69,68,10,0,1
69,68,11,0,1
69,68,12,0,1
69,68,13,0,1
69,68,14,0,1
69,68,15,0,1
69,68,16,0,1
69,68,17,0,1
69,68,18,0,1
69,68,19,0,1
69,68,20,0,1
69,68,21,0,1
69,68,22,0,1
69,68,23,0,1
69,68,24,0,1
69,68,25,0,1
69,68,26,0,1
69,68,27,0,1
69,68,28,0,1
69,68,29,0,1
69,68,30,0,1
69,68,31,0,1
69,68,32,0,1
69,68,33,0,1
69,68,34,0,1
69,68,35,0,1
69,68,36,0,1
69,68,37,0,1
69,68,38,0,1
69,68,39,0,1
69,68,40,0,1
69,68,41,0,1
69,68,42,0,1
69,68,43,0,1
69,68,44,0,1
69,68,45,0,1
69,68,46,0,1
69,68,47,0,1
69,68,48,0,1
69,68,49,0,1
69,68,50,0,1
69,68,51,0,1
69,68,52,0,1
69,68,53,0,1
69,68,54,0,1
69,68,55,0,1
69,68,56,0,1
69,68,57,0,1
69,68,58,0,1
69,68,59,0,1
69,68,60,0,1
69,68,61,0,1
69,68,62,0,1
69,68,63,0,1
69,69,0,0,1
69,69,1,0,1
69,69,2,0,1
69,69,3,0,1
69,69,4,0,1
69,69,5,0,1
69,69,6,0,1
69,69,7,0,1
69,69,8,0,1
69,69,9,0,1
69,69,10,0,1
69,69,11,0,1
69,69,12,0,1
69,69,13,0,1
69,69,14,0,1
69,69,15,0,1
69,69,16,0,1
69,69,17,0,1
69,69,18,0,1
69,69,19,0,1
69,69,20,0,1
69,69,21,0,1
69,69,22,0,1
69,69,23,0,1
69,69,24,0,1
69,69,25,0,1
69,69,26,0,1
69,69,27,0,1
69,69,28,0,1
69,69,29,0,1
69,69,30,0,1
69,69,31,0,1
69,69,32,0,1
69,69,33,0,1
69,69,34,0,1
69,69,35,0,1
69,69,36,0,1
69,69,37,0,1
69,69,38,0,1
69,69,39,0,1
69,69,40,0,1
69,69,41,0,1
69,69,42,0,1
69,69,43,0,1
69,69,44,0,1
69,69,45,0,1
69,69,46,0,1
69,69,47,0,1
69,69,48,0,1
69,69,49,0,1
69,69,50,0,1
69,69,51,0,1
69,69,52,0,1
69,69,53,0,1
69,69,54,0,1
69,69,55,0,1
69,69,56,0,1
69,69,57,0,1
69,69,58,0,1
69,69,59,0,1
69,69,60,0,1
69,69,61,0,1
69,69,62,0,1
69,69,63,0,1
69,70,0,0,1
69,70,1,0,1
69,70,2,0,1
69,70,3,0,1
69,70,4,0,1
69,70,5,0,1
69,70,6,0,1
69,70,7,0,1
69,70,8,0,1
69,70,9,0,1
69,70,10,0,1
69,70,11,0,1
69,70,12,0,1
69,70,13,0,1
69,70,14,0,1
69,70,15,0,1
69,70,16,0,1
69,70,17,0,1
69,70,18,0,1
69,70,19,0,1
69,70,20,0,1
69,70,21,0,1
69,70,22,0,1
69,70,23,0,1
69,70,24,0,1
69,70,25,0,1
69,70,26,0,1
69,70,27,0,1
69,70,28,0,1
69,70,29,0,1
69,70,30,0,1
69,70,31,0,1
69,70,32,0,1
69,70,33,0,1
69,70,34,0,1
69,70,35,0,1
69,70,36,0,1
69,70,37,0,1
69,70,38,0,1
69,70,39,0,1
69,70,40,0,1
69,70,41,0,1
69,70,42,0,1
69,70,43,0,1
69,70,44,0,1
69,70,45,0,1
69,70,46,0,1
69,70,47,0,1
69,70,48,0,1
69,70,49,0,1
69,70,50,0,1
69,70,51,0,1
69,70,52,0,1
69,70,53,0,1
69,70,54,0,1
69,70,55,0,1
69,70,56,0,1
69,70,57,0,1
69,70,58,0,1
69,70,59,0,1
69,70,60,0,1
69,70,61,0,1
69,70,62,0,1
69,70,63,0,1
69,71,0,0,1
69,71,1,0,1
69,71,2,0,1
69,71,3,0,1
69,71,4,0,1
69,71,5,0,1
69,71,6,0,1
69,71,7,0,1
69,71,8,0,1
69,71,9,0,1
69,71,10,0,1
69,71,11,0,1
69,71,12,0,1
69,71,13,0,1
69,71,14,0,1
69,71,15,0,1
69,71,16,0,1
69,71,17,0,1
69,71,18,0,1
69,71,19,0,1
69,71,20,0,1
69,71,21,0,1
69,71,22,0,1
69,71,23,0,1
69,71,24,0,1
69,71,25,0,1
69,71,26,0,1
69,71,27,0,1
69,71,28,0,1
69,71,29,0,1
69,71,30,0,1
69,71,31,0,1
69,71,32,0,1
69,71,33,0,1
69,71,34,0,1
69,71,35,0,1
69,71,36,0,1
69,71,37,0,1
69,71,38,0,1
69,71,39,0,1
69,71,40,0,1
69,71,41,0,1
69,71,42,0,1
69,71,43,0,1
69,71,44,0,1
69,71,45,0,1
69,71,46,0,1
69,71,47,0,1
69,71,48,0,1
69,71,49,0,1
69,71,50,0,1
69,71,51,0,1
69,71,52,0,1
69,71,53,0,1
69,71,54,0,1
69,71,55,0,1
69,71,56,0,1
69,71,57,0,1
69,71,58,0,1
69,71,59,0,1
69,71,60,0,1
69,71,61,0,1
69,71,62,0,1
69,71,63,0,1
69,72,0,0,1
69,72,1,0,1
69,72,2,0,1
69,72,3,0,1
69,72,4,0,1
69,72,5,0,1
69,72,6,0,1
69,72,7,0,1
69,72,8,0,1
69,72,9,0,1
69,72,10,0,1
69,72,11,0,1
69,72,12,0,1
69,72,13,0,1
69,72,14,0,1
69,72,15,0,1
69,72,16,0,1
69,72,17,0,1
69,72,18,0,1
69,72,19,0,1
69,72,20,0,1
69,72,21,0,1
69,72,22,0,1
69,72,23,0,1
69,72,24,0,1
69,72,25,0,1
69,72,26,0,1
69,72,27,0,1
69,72,28,0,1
69,72,29,0,1
69,72,30,0,1
69,72,31,0,1
69,72,32,0,1
69,72,33,0,1
69,72,34,0,1
69,72,35,0,1
69,72,36,0,1
69,72,37,0,1
69,72,38,0,1
69,72,39,0,1
69,72,40,0,1
69,72,41,0,1
69,72,42,0,1
69,72,43,0,1
69,72,44,0,1
69,72,45,0,1
69,72,46,0,1
69,72,47,0,1
69,72,48,0,1
69,72,49,0,1
69,72,50,0,1
69,72,51,0,1
69,72,52,0,1
69,72,53,0,1
69,72,54,0,1
69,72,55,0,1
69,72,56,0,1
69,72,57,0,1
69,72,58,0,1
69,72,59,0,1
69,72,60,0,1
69,72,61,0,1
69,72,62,0,1
69,72,63,0,1
69,73,0,0,1
69,73,1,0,1
69,73,2,0,1
69,73,3,0,1
69,73,4,0,1
69,73,5,0,1
69,73,6,0,1
69,73,7,0,1
69,73,8,0,1
69,73,9,0,1
69,73,10,0,1
69,73,11,0,1
69,73,12,0,1
69,73,13,0,1
69,73,14,0,1
69,73,15,0,1
69,73,16,0,1
69,73,17,0,1
69,73,18,0,1
69,73,19,0,1
69,73,20,0,1
69,73,21,0,1
69,73,22,0,1
69,73,23,0,1
69,73,24,0,1
69,73,25,0,1
69,73,26,0,1
69,73,27,0,1
69,73,28,0,1
69,73,29,0,1
69,73,30,0,1
69,73,31,0,1
69,73,32,0,1
69,73,33,0,1
69,73,34,0,1
69,73,35,0,1
69,73,36,0,1
69,73,37,0,1
69,73,38,0,1
69,73,39,0,1
69,73,40,0,1
69,73,41,0,1
69,73,42,0,1
69,73,43,0,1
69,73,44,0,1
69,73,45,0,1
69,73,46,0,1
69,73,47,0,1
69,73,48,0,1
69,73,49,0,1
69,73,50,0,1
69,73,51,0,1
69,73,52,0,1
69,73,53,0,1
69,73,54,0,1
69,73,55,0,1
69,73,56,0,1
69,73,57,0,1
69,73,58,0,1
69,73,59,0,1
69,73,60,0,1
69,73,61,0,1
69,73,62,0,1
69,73,63,0,1
69,74,0,0,1
69,74,1,0,1
69,74,2,0,1
69,74,3,0,1
69,74,4,0,1
69,74,5,0,1
69,74,6,0,1
69,74,7,0,1
69,74,8,0,1
69,74,9,0,1
69,74,10,0,1
69,74,11,0,1
69,74,12,0,1
69,74,13,0,1
69,74,14,0,1
69,74,15,0,1
69,74,16,0,1
69,74,17,0,1
69,74,18,0,1
69,74,19,0,1
69,74,20,0,1
69,74,21,0,1
69,74,22,0,1
69,74,23,0,1
69,74,24,0,1
69,74,25,0,1
69,74,26,0,1
69,74,27,0,1
69,74,28,0,1
69,74,29,0,1
69,74,30,0,1
69,74,31,0,1
69,74,32,0,1
69,74,33,0,1
69,74,34,0,1
69,74,35,0,1
69,74,36,0,1
69,74,37,0,1
69,74,38,0,1
69,74,39,0,1
69,74,40,0,1
69,74,41,0,1
69,74,42,0,1
69,74,43,0,1
69,74,44,0,1
69,74,45,0,1
69,74,46,0,1
69,74,47,0,1
69,74,48,0,1
69,74,49,0,1
69,74,50,0,1
69,74,51,0,1
69,74,52,0,1
69,74,53,0,1
69,74,54,0,1
69,74,55,0,1
69,74,56,0,1
69,74,57,0,1
69,74,58,0,1
69,74,59,0,1
69,74,60,0,1
69,74,61,0,1
69,74,62,0,1
69,74,63,0,1
69,75,0,0,1
69,75,1,0,1
69,75,2,0,1
69,75,3,0,1
69,75,4,0,1
69,75,5,0,1
69,75,6,0,1
69,75,7,0,1
69,75,8,0,1
69,75,9,0,1
69,75,10,0,1
69,75,11,0,1
69,75,12,0,1
69,75,13,0,1
69,75,14,0,1
69,75,15,0,1
69,75,16,0,1
69,75,17,0,1
69,75,18,0,1
69,75,19,0,1
69,75,20,0,1
69,75,21,0,1
69,75,22,0,1
69,75,23,0,1
69,75,24,0,1
69,75,25,0,1
69,75,26,0,1
69,75,27,0,1
69,75,28,0,1
69,75,29,0,1
69,75,30,0,1
69,75,31,0,1
69,75,32,0,1
69,75,33,0,1
69,75,34,0,1
69,75,35,0,1
69,75,36,0,1
69,75,37,0,1
69,75,38,0,1
69,75,39,0,1
69,75,40,0,1
69,75,41,0,1
69,75,42,0,1
69,75,43,0,1
69,75,44,0,1
69,75,45,0,1
69,75,46,0,1
69,75,47,0,1
69,75,48,0,1
69,75,49,0,1
69,75,50,0,1
69,75,51,0,1
69,75,52,0,1
69,75,53,0,1
69,75,54,0,1
69,75,55,0,1
69,75,56,0,1
69,75,57,0,1
69,75,58,0,1
69,75,59,0,1
69,75,60,0,1
69,75,61,0,1
69,75,62,0,1
69,75,63,0,1
69,76,0,0,1
69,76,1,0,1
69,76,2,0,1
69,76,3,0,1
69,76,4,0,1
69,76,5,0,1
69,76,6,0,1
69,76,7,0,1
69,76,8,0,1
69,76,9,0,1
69,76,10,0,1
69,76,11,0,1
69,76,12,0,1
69,76,13,0,1
69,76,14,0,1
69,76,15,0,1
69,76,16,0,1
69,76,17,0,1
69,76,18,0,1
69,76,19,0,1
69,76,20,0,1
69,76,21,0,1
69,76,22,0,1
69,76,23,0,1
69,76,24,0,1
69,76,25,0,1
69,76,26,0,1
69,76,27,0,1
69,76,28,0,1
69,76,29,0,1
69,76,30,0,1
69,76,31,0,1
69,76,32,0,1
69,76,33,0,1
69,76,34,0,1
69,76,35,0,1
69,76,36,0,1
69,76,37,0,1
69,76,38,0,1
69,76,39,0,1
69,76,40,0,1
69,76,41,0,1
69,76,42,0,1
69,76,43,0,1
69,76,44,0,1
69,76,45,0,1
69,76,46,0,1
69,76,47,0,1
69,76,48,0,1
69,76,49,0,1
69,76,50,0,1
69,76,51,0,1
69,76,52,0,1
69,76,53,0,1
69,76,54,0,1
69,76,55,0,1
69,76,56,0,1
69,76,57,0,1
69,76,58,0,1
69,76,59,0,1
69,76,60,0,1
69,76,61,0,1
69,76,62,0,1
69,76,63,0,1
69,77,0,0,1
69,77,1,0,1
69,77,2,0,1
69,77,3,0,1
69,77,4,0,1
69,77,5,0,1
69,77,6,0,1
69,77,7,0,1
69,77,8,0,1
69,77,9,0,1
69,77,10,0,1
69,77,11,0,1
69,77,12,0,1
69,77,13,0,1
69,77,14,0,1
69,77,15,0,1
69,77,16,0,1
69,77,17,0,1
69,77,18,0,1
69,77,19,0,1
69,77,20,0,1
69,77,21,0,1
69,77,22,0,1
69,77,23,0,1
69,77,24,0,1
69,77,25,0,1
69,77,26,0,1
69,77,27,0,1
69,77,28,0,1
69,77,29,0,1
69,77,30,0,1
69,77,31,0,1
69,77,32,0,1
69,77,33,0,1
69,77,34,0,1
69,77,35,0,1
69,77,36,0,1
69,77,37,0,1
69,77,38,0,1
69,77,39,0,1
69,77,40,0,1
69,77,41,0,1
69,77,42,0,1
69,77,43,0,1
69,77,44,0,1
69,77,45,0,1
69,77,46,0,1
69,77,47,0,1
69,77,48,0,1
69,77,49,0,1
69,77,50,0,1
69,77,51,0,1
69,77,52,0,1
69,77,53,0,1
69,77,54,0,1
69,77,55,0,1
69,77,56,0,1
69,77,57,0,1
69,77,58,0,1
69,77,59,0,1
69,77,60,0,1
69,77,61,0,1
69,77,62,0,1
69,77,63,0,1
69,78,0,0,1
69,78,1,0,1
69,78,2,0,1
69,78,3,0,1
69,78,4,0,1
69,78,5,0,1
69,78,6,0,1
69,78,7,0,1
69,78,8,0,1
69,78,9,0,1
69,78,10,0,1
69,78,11,0,1
69,78,12,0,1
69,78,13,0,1
69,78,14,0,1
69,78,15,0,1
69,78,16,0,1
69,78,17,0,1
69,78,18,0,1
69,78,19,0,1
69,78,20,0,1
69,78,21,0,1
69,78,22,0,1
69,78,23,0,1
69,78,24,0,1
69,78,25,0,1
69,78,26,0,1
69,78,27,0,1
69,78,28,0,1
69,78,29,0,1
69,78,30,0,1
69,78,31,0,1
69,78,32,0,1
69,78,33,0,1
69,78,34,0,1
69,78,35,0,1
69,78,36,0,1
69,78,37,0,1
69,78,38,0,1
69,78,39,0,1
69,78,40,0,1
69,78,41,0,1
69,78,42,0,1
69,78,43,0,1
69,78,44,0,1
69,78,45,0,1
69,78,46,0,1
69,78,47,0,1
69,78,48,0,1
69,78,49,0,1
69,78,50,0,1
69,78,51,0,1
69,78,52,0,1
69,78,53,0,1
69,78,54,0,1
69,78,55,0,1
69,78,56,0,1
69,78,57,0,1
69,78,58,0,1
69,78,59,0,1
69,78,60,0,1
69,78,61,0,1
69,78,62,0,1
69,78,63,0,1
69,79,0,0,1
69,79,1,0,1
69,79,2,0,1
69,79,3,0,1
69,79,4,0,1
69,79,5,0,1
69,79,6,0,1
69,79,7,0,1
69,79,8,0,1
69,79,9,0,1
69,79,10,0,1
69,79,11,0,1
69,79,12,0,1
69,79,13,0,1
69,79,14,0,1
69,79,15,0,1
69,79,16,0,1
69,79,17,0,1
69,79,18,0,1
69,79,19,0,1
69,79,20,0,1
69,79,21,0,1
69,79,22,0,1
69,79,23,0,1
69,79,24,0,1
69,79,25,0,1
69,79,26,0,1
69,79,27,0,1
69,79,28,0,1
69,79,29,0,1
69,79,30,0,1
69,79,31,0,1
69,79,32,0,1
69,79,33,0,1
69,79,34,0,1
69,79,35,0,1
69,79,36,0,1
69,79,37,0,1
69,79,38,0,1
69,79,39,0,1
69,79,40,0,1
69,79,41,0,1
69,79,42,0,1
69,79,43,0,1
69,79,44,0,1
69,79,45,0,1
69,79,46,0,1
69,79,47,0,1
69,79,48,0,1
69,79,49,0,1
69,79,50,0,1
69,79,51,0,1
69,79,52,0,1
69,79,53,0,1
69,79,54,0,1
69,79,55,0,1
69,79,56,0,1
69,79,57,0,1
69,79,58,0,1
69,79,59,0,1
69,79,60,0,1
69,79,61,0,1
69,79,62,0,1
69,79,63,0,1
69,80,0,0,1
69,80,1,0,1
69,80,2,0,1
69,80,3,0,1
69,80,4,0,1
69,80,5,0,1
69,80,6,0,1
69,80,7,0,1
69,80,8,0,1
69,80,9,0,1
69,80,10,0,1
69,80,11,0,1
69,80,12,0,1
69,80,13,0,1
69,80,14,0,1
69,80,15,0,1
69,80,16,0,1
69,80,17,0,1
69,80,18,0,1
69,80,19,0,1
69,80,20,0,1
69,80,21,0,1
69,80,22,0,1
69,80,23,0,1
69,80,24,0,1
69,80,25,0,1
69,80,26,0,1
69,80,27,0,1
69,80,28,0,1
69,80,29,0,1
69,80,30,0,1
69,80,31,0,1
69,80,32,0,1
69,80,33,0,1
69,80,34,0,1
69,80,35,0,1
69,80,36,0,1
69,80,37,0,1
69,80,38,0,1
69,80,39,0,1
69,80,40,0,1
69,80,41,0,1
69,80,42,0,1
69,80,43,0,1
69,80,44,0,1
69,80,45,0,1
69,80,46,0,1
69,80,47,0,1
69,80,48,0,1
69,80,49,0,1
69,80,50,0,1
69,80,51,0,1
69,80,52,0,1
69,80,53,0,1
69,80,54,0,1
69,80,55,0,1
69,80,56,0,1
69,80,57,0,1
69,80,58,0,1
69,80,59,0,1
69,80,60,0,1
69,80,61,0,1
69,80,62,0,1
69,80,63,0,1
69,81,0,0,1
69,81,1,0,1
69,81,2,0,1
69,81,3,0,1
69,81,4,0,1
69,81,5,0,1
69,81,6,0,1
69,81,7,0,1
69,81,8,0,1
69,81,9,0,1
69,81,10,0,1
69,81,11,0,1
69,81,12,0,1
69,81,13,0,1
69,81,14,0,1
69,81,15,0,1
69,81,16,0,1
69,81,17,0,1
69,81,18,0,1
69,81,19,0,1
69,81,20,0,1
69,81,21,0,1
69,81,22,0,1
69,81,23,0,1
69,81,24,0,1
69,81,25,0,1
69,81,26,0,1
69,81,27,0,1
69,81,28,0,1
69,81,29,0,1
69,81,30,0,1
69,81,31,0,1
69,81,32,0,1
69,81,33,0,1
69,81,34,0,1
69,81,35,0,1
69,81,36,0,1
69,81,37,0,1
69,81,38,0,1
69,81,39,0,1
69,81,40,0,1
69,81,41,0,1
69,81,42,0,1
69,81,43,0,1
69,81,44,0,1
69,81,45,0,1
69,81,46,0,1
69,81,47,0,1
69,81,48,0,1
69,81,49,0,1
69,81,50,0,1
69,81,51,0,1
69,81,52,0,1
69,81,53,0,1
69,81,54,0,1
69,81,55,0,1
69,81,56,0,1
69,81,57,0,1
69,81,58,0,1
69,81,59,0,1
69,81,60,0,1
69,81,61,0,1
69,81,62,0,1
69,81,63,0,1
69,82,0,0,1
69,82,1,0,1
69,82,2,0,1
69,82,3,0,1
69,82,4,0,1
69,82,5,0,1
69,82,6,0,1
69,82,7,0,1
69,82,8,0,1
69,82,9,0,1
69,82,10,0,1
69,82,11,0,1
69,82,12,0,1
69,82,13,0,1
69,82,14,0,1
69,82,15,0,1
69,82,16,0,1
69,82,17,0,1
69,82,18,0,1
69,82,19,0,1
69,82,20,0,1
69,82,21,0,1
69,82,22,0,1
69,82,23,0,1
69,82,24,0,1
69,82,25,0,1
69,82,26,0,1
69,82,27,0,1
69,82,28,0,1
69,82,29,0,1
69,82,30,0,1
69,82,31,0,1
69,82,32,0,1
69,82,33,0,1
69,82,34,0,1
69,82,35,0,1
69,82,36,0,1
69,82,37,0,1
69,82,38,0,1
69,82,39,0,1
69,82,40,0,1
69,82,41,0,1
69,82,42,0,1
69,82,43,0,1
69,82,44,0,1
69,82,45,0,1
69,82,46,0,1
69,82,47,0,1
69,82,48,0,1
69,82,49,0,1
69,82,50,0,1
69,82,51,0,1
69,82,52,0,1
69,82,53,0,1
69,82,54,0,1
69,82,55,0,1
69,82,56,0,1
69,82,57,0,1
69,82,58,0,1
69,82,59,0,1
69,82,60,0,1
69,82,61,0,1
69,82,62,0,1
69,82,63,0,1
69,83,0,0,1
69,83,1,0,1
69,83,2,0,1
69,83,3,0,1
69,83,4,0,1
69,83,5,0,1
69,83,6,0,1
69,83,7,0,1
69,83,8,0,1
69,83,9,0,1
69,83,10,0,1
69,83,11,0,1
69,83,12,0,1
69,83,13,0,1
69,83,14,0,1
69,83,15,0,1
69,83,16,0,1
69,83,17,0,1
69,83,18,0,1
69,83,19,0,1
69,83,20,0,1
69,83,21,0,1
69,83,22,0,1
69,83,23,0,1
69,83,24,0,1
69,83,25,0,1
69,83,26,0,1
69,83,27,0,1
69,83,28,0,1
69,83,29,0,1
69,83,30,0,1
69,83,31,0,1
69,83,32,0,1
69,83,33,0,1
69,83,34,0,1
69,83,35,0,1
69,83,36,0,1
69,83,37,0,1
69,83,38,0,1
69,83,39,0,1
69,83,40,0,1
69,83,41,0,1
69,83,42,0,1
69,83,43,0,1
69,83,44,0,1
69,83,45,0,1
69,83,46,0,1
69,83,47,0,1
69,83,48,0,1
69,83,49,0,1
69,83,50,0,1
69,83,51,0,1
69,83,52,0,1
69,83,53,0,1
69,83,54,0,1
69,83,55,0,1
69,83,56,0,1
69,83,57,0,1
69,83,58,0,1
69,83,59,0,1
69,83,60,0,1
69,83,61,0,1
69,83,62,0,1
69,83,63,0,1
69,84,0,0,1
69,84,1,0,1
69,84,2,0,1
69,84,3,0,1
69,84,4,0,1
69,84,5,0,1
69,84,6,0,1
69,84,7,0,1
69,84,8,0,1
69,84,9,0,1
69,84,10,0,1
69,84,11,0,1
69,84,12,0,1
69,84,13,0,1
69,84,14,0,1
69,84,15,0,1
69,84,16,0,1
69,84,17,0,1
69,84,18,0,1
69,84,19,0,1
69,84,20,0,1
69,84,21,0,1
69,84,22,0,1
69,84,23,0,1
69,84,24,0,1
69,84,25,0,1
69,84,26,0,1
69,84,27,0,1
69,84,28,0,1
69,84,29,0,1
69,84,30,0,1
69,84,31,0,1
69,84,32,0,1
69,84,33,0,1
69,84,34,0,1
69,84,35,0,1
69,84,36,0,1
69,84,37,0,1
69,84,38,0,1
69,84,39,0,1
69,84,40,0,1
69,84,41,0,1
69,84,42,0,1
69,84,43,0,1
69,84,44,0,1
69,84,45,0,1
69,84,46,0,1
69,84,47,0,1
69,84,48,0,1
69,84,49,0,1
69,84,50,0,1
69,84,51,0,1
69,84,52,0,1
69,84,53,0,1
69,84,54,0,1
69,84,55,0,1
69,84,56,0,1
69,84,57,0,1
69,84,58,0,1
69,84,59,0,1
69,84,60,0,1
69,84,61,0,1
69,84,62,0,1
69,84,63,0,1
69,85,0,0,1
69,85,1,0,1
69,85,2,0,1
69,85,3,0,1
69,85,4,0,1
69,85,5,0,1
69,85,6,0,1
69,85,7,0,1
69,85,8,0,1
69,85,9,0,1
69,85,10,0,1
69,85,11,0,1
69,85,12,0,1
69,85,13,0,1
69,85,14,0,1
69,85,15,0,1
69,85,16,0,1
69,85,17,0,1
69,85,18,0,1
69,85,19,0,1
69,85,20,0,1
69,85,21,0,1
69,85,22,0,1
69,85,23,0,1
69,85,24,0,1
69,85,25,0,1
69,85,26,0,1
69,85,27,0,1
69,85,28,0,1
69,85,29,0,1
69,85,30,0,1
69,85,31,0,1
69,85,32,0,1
69,85,33,0,1
69,85,34,0,1
69,85,35,0,1
69,85,36,0,1
69,85,37,0,1
69,85,38,0,1
69,85,39,0,1
69,85,40,0,1
69,85,41,0,1
69,85,42,0,1
69,85,43,0,1
69,85,44,0,1
69,85,45,0,1
69,85,46,0,1
69,85,47,0,1
69,85,48,0,1
69,85,49,0,1
69,85,50,0,1
69,85,51,0,1
69,85,52,0,1
69,85,53,0,1
69,85,54,0,1
69,85,55,0,1
69,85,56,0,1
69,85,57,0,1
69,85,58,0,1
69,85,59,0,1
69,85,60,0,1
69,85,61,0,1
69,85,62,0,1
69,85,63,0,1
69,86,0,0,1
69,86,1,0,1
69,86,2,0,1
69,86,3,0,1
69,86,4,0,1
69,86,5,0,1
69,86,6,0,1
69,86,7,0,1
69,86,8,0,1
69,86,9,0,1
69,86,10,0,1
69,86,11,0,1
69,86,12,0,1
69,86,13,0,1
69,86,14,0,1
69,86,15,0,1
69,86,16,0,1
69,86,17,0,1
69,86,18,0,1
69,86,19,0,1
69,86,20,0,1
69,86,21,0,1
69,86,22,0,1
69,86,23,0,1
69,86,24,0,1
69,86,25,0,1
69,86,26,0,1
69,86,27,0,1
69,86,28,0,1
69,86,29,0,1
69,86,30,0,1
69,86,31,0,1
69,86,32,0,1
69,86,33,0,1
69,86,34,0,1
69,86,35,0,1
69,86,36,0,1
69,86,37,0,1
69,86,38,0,1
69,86,39,0,1
69,86,40,0,1
69,86,41,0,1
69,86,42,0,1
69,86,43,0,1
69,86,44,0,1
69,86,45,0,1
69,86,46,0,1
69,86,47,0,1
69,86,48,0,1
69,86,49,0,1
69,86,50,0,1
69,86,51,0,1
69,86,52,0,1
69,86,53,0,1
69,86,54,0,1
69,86,55,0,1
69,86,56,0,1
69,86,57,0,1
69,86,58,0,1
69,86,59,0,1
69,86,60,0,1
69,86,61,0,1
69,86,62,0,1
69,86,63,0,1
69,87,0,0,1
69,87,1,0,1
69,87,2,0,1
69,87,3,0,1
69,87,4,0,1
69,87,5,0,1
69,87,6,0,1
69,87,7,0,1
69,87,8,0,1
69,87,9,0,1
69,87,10,0,1
69,87,11,0,1
69,87,12,0,1
69,87,13,0,1
69,87,14,0,1
69,87,15,0,1
69,87,16,0,1
69,87,17,0,1
69,87,18,0,1
69,87,19,0,1
69,87,20,0,1
69,87,21,0,1
69,87,22,0,1
69,87,23,0,1
69,87,24,0,1
69,87,25,0,1
69,87,26,0,1
69,87,27,0,1
69,87,28,0,1
69,87,29,0,1
69,87,30,0,1
69,87,31,0,1
69,87,32,0,1
69,87,33,0,1
69,87,34,0,1
69,87,35,0,1
69,87,36,0,1
69,87,37,0,1
69,87,38,0,1
69,87,39,0,1
69,87,40,0,1
69,87,41,0,1
69,87,42,0,1
69,87,43,0,1
69,87,44,0,1
69,87,45,0,1
69,87,46,0,1
69,87,47,0,1
69,87,48,0,1
69,87,49,0,1
69,87,50,0,1
69,87,51,0,1
69,87,52,0,1
69,87,53,0,1
69,87,54,0,1
69,87,55,0,1
69,87,56,0,1
69,87,57,0,1
69,87,58,0,1
69,87,59,0,1
69,87,60,0,1
69,87,61,0,1
69,87,62,0,1
69,87,63,0,1
69,88,0,0,1
69,88,1,0,1
69,88,2,0,1
69,88,3,0,1
69,88,4,0,1
69,88,5,0,1
69,88,6,0,1
69,88,7,0,1
69,88,8,0,1
69,88,9,0,1
69,88,10,0,1
69,88,11,0,1
69,88,12,0,1
69,88,13,0,1
69,88,14,0,1
69,88,15,0,1
69,88,16,0,1
69,88,17,0,1
69,88,18,0,1
69,88,19,0,1
69,88,20,0,1
69,88,21,0,1
69,88,22,0,1
69,88,23,0,1
69,88,24,0,1
69,88,25,0,1
69,88,26,0,1
69,88,27,0,1
69,88,28,0,1
69,88,29,0,1
69,88,30,0,1
69,88,31,0,1
69,88,32,0,1
69,88,33,0,1
69,88,34,0,1
69,88,35,0,1
69,88,36,0,1
69,88,37,0,1
69,88,38,0,1
69,88,39,0,1
69,88,40,0,1
69,88,41,0,1
69,88,42,0,1
69,88,43,0,1
69,88,44,0,1
69,88,45,0,1
69,88,46,0,1
69,88,47,0,1
69,88,48,0,1
69,88,49,0,1
69,88,50,0,1
69,88,51,0,1
69,88,52,0,1
69,88,53,0,1
69,88,54,0,1
69,88,55,0,1
69,88,56,0,1
69,88,57,0,1
69,88,58,0,1
69,88,59,0,1
69,88,60,0,1
69,88,61,0,1
69,88,62,0,1
69,88,63,0,1
69,89,0,0,1
69,89,1,0,1
69,89,2,0,1
69,89,3,0,1
69,89,4,0,1
69,89,5,0,1
69,89,6,0,1
69,89,7,0,1
69,89,8,0,1
69,89,9,0,1
69,89,10,0,1
69,89,11,0,1
69,89,12,0,1
69,89,13,0,1
69,89,14,0,1
69,89,15,0,1
69,89,16,0,1
69,89,17,0,1
69,89,18,0,1
69,89,19,0,1
69,89,20,0,1
69,89,21,0,1
69,89,22,0,1
69,89,23,0,1
69,89,24,0,1
69,89,25,0,1
69,89,26,0,1
69,89,27,0,1
69,89,28,0,1
69,89,29,0,1
69,89,30,0,1
69,89,31,0,1
69,89,32,0,1
69,89,33,0,1
69,89,34,0,1
69,89,35,0,1
69,89,36,0,1
69,89,37,0,1
69,89,38,0,1
69,89,39,0,1
69,89,40,0,1
69,89,41,0,1
69,89,42,0,1
69,89,43,0,1
69,89,44,0,1
69,89,45,0,1
69,89,46,0,1
69,89,47,0,1
69,89,48,0,1
69,89,49,0,1
69,89,50,0,1
69,89,51,0,1
69,89,52,0,1
69,89,53,0,1
69,89,54,0,1
69,89,55,0,1
69,89,56,0,1
69,89,57,0,1
69,89,58,0,1
69,89,59,0,1
69,89,60,0,1
69,89,61,0,1
69,89,62,0,1
69,89,63,0,1
69,90,0,0,1
69,90,1,0,1
69,90,2,0,1
69,90,3,0,1
69,90,4,0,1
69,90,5,0,1
69,90,6,0,1
69,90,7,0,1
69,90,8,0,1
69,90,9,0,1
69,90,10,0,1
69,90,11,0,1
69,90,12,0,1
69,90,13,0,1
69,90,14,0,1
69,90,15,0,1
69,90,16,0,1
69,90,17,0,1
69,90,18,0,1
69,90,19,0,1
69,90,20,0,1
69,90,21,0,1
69,90,22,0,1
69,90,23,0,1
69,90,24,0,1
69,90,25,0,1
69,90,26,0,1
69,90,27,0,1
69,90,28,0,1
69,90,29,0,1
69,90,30,0,1
69,90,31,0,1
69,90,32,0,1
69,90,33,0,1
69,90,34,0,1
69,90,35,0,1
69,90,36,0,1
69,90,37,0,1
69,90,38,0,1
69,90,39,0,1
69,90,40,0,1
69,90,41,0,1
69,90,42,0,1
69,90,43,0,1
69,90,44,0,1
69,90,45,0,1
69,90,46,0,1
69,90,47,0,1
69,90,48,0,1
69,90,49,0,1
69,90,50,0,1
69,90,51,0,1
69,90,52,0,1
69,90,53,0,1
69,90,54,0,1
69,90,55,0,1
69,90,56,0,1
69,90,57,0,1
69,90,58,0,1
69,90,59,0,1
69,90,60,0,1
69,90,61,0,1
69,90,62,0,1
69,90,63,0,1
69,91,0,0,1
69,91,1,0,1
69,91,2,0,1
69,91,3,0,1
69,91,4,0,1
69,91,5,0,1
69,91,6,0,1
69,91,7,0,1
69,91,8,0,1
69,91,9,0,1
69,91,10,0,1
69,91,11,0,1
69,91,12,0,1
69,91,13,0,1
69,91,14,0,1
69,91,15,0,1
69,91,16,0,1
69,91,17,0,1
69,91,18,0,1
69,91,19,0,1
69,91,20,0,1
69,91,21,0,1
69,91,22,0,1
69,91,23,0,1
69,91,24,0,1
69,91,25,0,1
69,91,26,0,1
69,91,27,0,1
69,91,28,0,1
69,91,29,0,1
69,91,30,0,1
69,91,31,0,1
69,91,32,0,1
69,91,33,0,1
69,91,34,0,1
69,91,35,0,1
69,91,36,0,1
69,91,37,0,1
69,91,38,0,1
69,91,39,0,1
69,91,40,0,1
69,91,41,0,1
69,91,42,0,1
69,91,43,0,1
69,91,44,0,1
69,91,45,0,1
69,91,46,0,1
69,91,47,0,1
69,91,48,0,1
69,91,49,0,1
69,91,50,0,1
69,91,51,0,1
69,91,52,0,1
69,91,53,0,1
69,91,54,0,1
69,91,55,0,1
69,91,56,0,1
69,91,57,0,1
69,91,58,0,1
69,91,59,0,1
69,91,60,0,1
69,91,61,0,1
69,91,62,0,1
69,91,63,0,1
69,92,0,0,1
69,92,1,0,1
69,92,2,0,1
69,92,3,0,1
69,92,4,0,1
69,92,5,0,1
69,92,6,0,1
69,92,7,0,1
69,92,8,0,1
69,92,9,0,1
69,92,10,0,1
69,92,11,0,1
69,92,12,0,1
69,92,13,0,1
69,92,14,0,1
69,92,15,0,1
69,92,16,0,1
69,92,17,0,1
69,92,18,0,1
69,92,19,0,1
69,92,20,0,1
69,92,21,0,1
69,92,22,0,1
69,92,23,0,1
69,92,24,0,1
69,92,25,0,1
69,92,26,0,1
69,92,27,0,1
69,92,28,0,1
69,92,29,0,1
69,92,30,0,1
69,92,31,0,1
69,92,32,0,1
69,92,33,0,1
69,92,34,0,1
69,92,35,0,1
69,92,36,0,1
69,92,37,0,1
69,92,38,0,1
69,92,39,0,1
69,92,40,0,1
69,92,41,0,1
69,92,42,0,1
69,92,43,0,1
69,92,44,0,1
69,92,45,0,1
69,92,46,0,1
69,92,47,0,1
69,92,48,0,1
69,92,49,0,1
69,92,50,0,1
69,92,51,0,1
69,92,52,0,1
69,92,53,0,1
69,92,54,0,1
69,92,55,0,1
69,92,56,0,1
69,92,57,0,1
69,92,58,0,1
69,92,59,0,1
69,92,60,0,1
69,92,61,0,1
69,92,62,0,1
69,92,63,0,1
69,93,0,0,1
69,93,1,0,1
69,93,2,0,1
69,93,3,0,1
69,93,4,0,1
69,93,5,0,1
69,93,6,0,1
69,93,7,0,1
69,93,8,0,1
69,93,9,0,1
69,93,10,0,1
69,93,11,0,1
69,93,12,0,1
69,93,13,0,1
69,93,14,0,1
69,93,15,0,1
69,93,16,0,1
69,93,17,0,1
69,93,18,0,1
69,93,19,0,1
69,93,20,0,1
69,93,21,0,1
69,93,22,0,1
69,93,23,0,1
69,93,24,0,1
69,93,25,0,1
69,93,26,0,1
69,93,27,0,1
69,93,28,0,1
69,93,29,0,1
69,93,30,0,1
69,93,31,0,1
69,93,32,0,1
69,93,33,0,1
69,93,34,0,1
69,93,35,0,1
69,93,36,0,1
69,93,37,0,1
69,93,38,0,1
69,93,39,0,1
69,93,40,0,1
69,93,41,0,1
69,93,42,0,1
69,93,43,0,1
69,93,44,0,1
69,93,45,0,1
69,93,46,0,1
69,93,47,0,1
69,93,48,0,1
69,93,49,0,1
69,93,50,0,1
69,93,51,0,1
69,93,52,0,1
69,93,53,0,1
69,93,54,0,1
69,93,55,0,1
69,93,56,0,1
69,93,57,0,1
69,93,58,0,1
69,93,59,0,1
69,93,60,0,1
69,93,61,0,1
69,93,62,0,1
69,93,63,0,1
69,94,0,0,1
69,94,1,0,1
69,94,2,0,1
69,94,3,0,1
69,94,4,0,1
69,94,5,0,1
69,94,6,0,1
69,94,7,0,1
69,94,8,0,1
69,94,9,0,1
69,94,10,0,1
69,94,11,0,1
69,94,12,0,1
69,94,13,0,1
69,94,14,0,1
69,94,15,0,1
69,94,16,0,1
69,94,17,0,1
69,94,18,0,1
69,94,19,0,1
69,94,20,0,1
69,94,21,0,1
69,94,22,0,1
69,94,23,0,1
69,94,24,0,1
69,94,25,0,1
69,94,26,0,1
69,94,27,0,1
69,94,28,0,1
69,94,29,0,1
69,94,30,0,1
69,94,31,0,1
69,94,32,0,1
69,94,33,0,1
69,94,34,0,1
69,94,35,0,1
69,94,36,0,1
69,94,37,0,1
69,94,38,0,1
69,94,39,0,1
69,94,40,0,1
69,94,41,0,1
69,94,42,0,1
69,94,43,0,1
69,94,44,0,1
69,94,45,0,1
69,94,46,0,1
69,94,47,0,1
69,94,48,0,1
69,94,49,0,1
69,94,50,0,1
69,94,51,0,1
69,94,52,0,1
69,94,53,0,1
69,94,54,0,1
69,94,55,0,1
69,94,56,0,1
69,94,57,0,1
69,94,58,0,1
69,94,59,0,1
69,94,60,0,1
69,94,61,0,1
69,94,62,0,1
69,94,63,0,1
69,95,0,0,1
69,95,1,0,1
69,95,2,0,1
69,95,3,0,1
69,95,4,0,1
69,95,5,0,1
69,95,6,0,1
69,95,7,0,1
69,95,8,0,1
69,95,9,0,1
69,95,10,0,1
69,95,11,0,1
69,95,12,0,1
69,95,13,0,1
69,95,14,0,1
69,95,15,0,1
69,95,16,0,1
69,95,17,0,1
69,95,18,0,1
69,95,19,0,1
69,95,20,0,1
69,95,21,0,1
69,95,22,0,1
69,95,23,0,1
69,95,24,0,1
69,95,25,0,1
69,95,26,0,1
69,95,27,0,1
69,95,28,0,1
69,95,29,0,1
69,95,30,0,1
69,95,31,0,1
69,95,32,0,1
69,95,33,0,1
69,95,34,0,1
69,95,35,0,1
69,95,36,0,1
69,95,37,0,1
69,95,38,0,1
69,95,39,0,1
69,95,40,0,1
69,95,41,0,1
69,95,42,0,1
69,95,43,0,1
69,95,44,0,1
69,95,45,0,1
69,95,46,0,1
69,95,47,0,1
69,95,48,0,1
69,95,49,0,1
69,95,50,0,1
69,95,51,0,1
69,95,52,0,1
69,95,53,0,1
69,95,54,0,1
69,95,55,0,1
69,95,56,0,1
69,95,57,0,1
69,95,58,0,1
69,95,59,0,1
69,95,60,0,1
69,95,61,0,1
69,95,62,0,1
69,95,63,0,1
69,96,0,0,1
69,96,1,0,1
69,96,2,0,1
69,96,3,0,1
69,96,4,0,1
69,96,5,0,1
69,96,6,0,1
69,96,7,0,1
69,96,8,0,1
69,96,9,0,1
69,96,10,0,1
69,96,11,0,1
69,96,12,0,1
69,96,13,0,1
69,96,14,0,1
69,96,15,0,1
69,96,16,0,1
69,96,17,0,1
69,96,18,0,1
69,96,19,0,1
69,96,20,0,1
69,96,21,0,1
69,96,22,0,1
69,96,23,0,1
69,96,24,0,1
69,96,25,0,1
69,96,26,0,1
69,96,27,0,1
69,96,28,0,1
69,96,29,0,1
69,96,30,0,1
69,96,31,0,1
69,96,32,0,1
69,96,33,0,1
69,96,34,0,1
69,96,35,0,1
69,96,36,0,1
69,96,37,0,1
69,96,38,0,1
69,96,39,0,1
69,96,40,0,1
69,96,41,0,1
69,96,42,0,1
69,96,43,0,1
69,96,44,0,1
69,96,45,0,1
69,96,46,0,1
69,96,47,0,1
69,96,48,0,1
69,96,49,0,1
69,96,50,0,1
69,96,51,0,1
69,96,52,0,1
69,96,53,0,1
69,96,54,0,1
69,96,55,0,1
69,96,56,0,1
69,96,57,0,1
69,96,58,0,1
69,96,59,0,1
69,96,60,0,1
69,96,61,0,1
69,96,62,0,1
69,96,63,0,1
69,97,0,0,1
69,97,1,0,1
69,97,2,0,1
69,97,3,0,1
69,97,4,0,1
69,97,5,0,1
69,97,6,0,1
69,97,7,0,1
69,97,8,0,1
69,97,9,0,1
69,97,10,0,1
69,97,11,0,1
69,97,12,0,1
69,97,13,0,1
69,97,14,0,1
69,97,15,0,1
69,97,16,0,1
69,97,17,0,1
69,97,18,0,1
69,97,19,0,1
69,97,20,0,1
69,97,21,0,1
69,97,22,0,1
69,97,23,0,1
69,97,24,0,1
69,97,25,0,1
69,97,26,0,1
69,97,27,0,1
69,97,28,0,1
69,97,29,0,1
69,97,30,0,1
69,97,31,0,1
69,97,32,0,1
69,97,33,0,1
69,97,34,0,1
69,97,35,0,1
69,97,36,0,1
69,97,37,0,1
69,97,38,0,1
69,97,39,0,1
69,97,40,0,1
69,97,41,0,1
69,97,42,0,1
69,97,43,0,1
69,97,44,0,1
69,97,45,0,1
69,97,46,0,1
69,97,47,0,1
69,97,48,0,1
69,97,49,0,1
69,97,50,0,1
69,97,51,0,1
69,97,52,0,1
69,97,53,0,1
69,97,54,0,1
69,97,55,0,1
69,97,56,0,1
69,97,57,0,1
69,97,58,0,1
69,97,59,0,1
69,97,60,0,1
69,97,61,0,1
69,97,62,0,1
69,97,63,0,1
69,98,0,0,1
69,98,1,0,1
69,98,2,0,1
69,98,3,0,1
69,98,4,0,1
69,98,5,0,1
69,98,6,0,1
69,98,7,0,1
69,98,8,0,1
69,98,9,0,1
69,98,10,0,1
69,98,11,0,1
69,98,12,0,1
69,98,13,0,1
69,98,14,0,1
69,98,15,0,1
69,98,16,0,1
69,98,17,0,1
69,98,18,0,1
69,98,19,0,1
69,98,20,0,1
69,98,21,0,1
69,98,22,0,1
69,98,23,0,1
69,98,24,0,1
69,98,25,0,1
69,98,26,0,1
69,98,27,0,1
69,98,28,0,1
69,98,29,0,1
69,98,30,0,1
69,98,31,0,1
69,98,32,0,1
69,98,33,0,1
69,98,34,0,1
69,98,35,0,1
69,98,36,0,1
69,98,37,0,1
69,98,38,0,1
69,98,39,0,1
69,98,40,0,1
69,98,41,0,1
69,98,42,0,1
69,98,43,0,1
69,98,44,0,1
69,98,45,0,1
69,98,46,0,1
69,98,47,0,1
69,98,48,0,1
69,98,49,0,1
69,98,50,0,1
69,98,51,0,1
69,98,52,0,1
69,98,53,0,1
69,98,54,0,1
69,98,55,0,1
69,98,56,0,1
69,98,57,0,1
69,98,58,0,1
69,98,59,0,1
69,98,60,0,1
69,98,61,0,1
69,98,62,0,1
69,98,63,0,1
69,99,0,0,1
69,99,1,0,1
69,99,2,0,1
69,99,3,0,1
69,99,4,0,1
69,99,5,0,1
69,99,6,0,1
69,99,7,0,1
69,99,8,0,1
69,99,9,0,1
69,99,10,0,1
69,99,11,0,1
69,99,12,0,1
69,99,13,0,1
69,99,14,0,1
69,99,15,0,1
69,99,16,0,1
69,99,17,0,1
69,99,18,0,1
69,99,19,0,1
69,99,20,0,1
69,99,21,0,1
69,99,22,0,1
69,99,23,0,1
69,99,24,0,1
69,99,25,0,1
69,99,26,0,1
69,99,27,0,1
69,99,28,0,1
69,99,29,0,1
69,99,30,0,1
69,99,31,0,1
69,99,32,0,1
69,99,33,0,1
69,99,34,0,1
69,99,35,0,1
69,99,36,0,1
69,99,37,0,1
69,99,38,0,1
69,99,39,0,1
69,99,40,0,1
69,99,41,0,1
69,99,42,0,1
69,99,43,0,1
69,99,44,0,1
69,99,45,0,1
69,99,46,0,1
69,99,47,0,1
69,99,48,0,1
69,99,49,0,1
69,99,50,0,1
69,99,51,0,1
69,99,52,0,1
69,99,53,0,1
69,99,54,0,1
69,99,55,0,1
69,99,56,0,1
69,99,57,0,1
69,99,58,0,1
69,99,59,0,1
69,99,60,0,1
69,99,61,0,1
69,99,62,0,1
69,99,63,0,1
69,100,0,0,1
69,100,1,0,1
69,100,2,0,1
69,100,3,0,1
69,100,4,0,1
69,100,5,0,1
69,100,6,0,1
69,100,7,0,1
69,100,8,0,1
69,100,9,0,1
69,100,10,0,1
69,100,11,0,1
69,100,12,0,1
69,100,13,0,1
69,100,14,0,1
69,100,15,0,1
69,100,16,0,1
69,100,17,0,1
69,100,18,0,1
69,100,19,0,1
69,100,20,0,1
69,100,21,0,1
69,100,22,0,1
69,100,23,0,1
69,100,24,0,1
69,100,25,0,1
69,100,26,0,1
69,100,27,0,1
69,100,28,0,1
69,100,29,0,1
69,100,30,0,1
69,100,31,0,1
69,100,32,0,1
69,100,33,0,1
69,100,34,0,1
69,100,35,0,1
69,100,36,0,1
69,100,37,0,1
69,100,38,0,1
69,100,39,0,1
69,100,40,0,1
69,100,41,0,1
69,100,42,0,1
69,100,43,0,1
69,100,44,0,1
69,100,45,0,1
69,100,46,0,1
69,100,47,0,1
69,100,48,0,1
69,100,49,0,1
69,100,50,0,1
69,100,51,0,1
69,100,52,0,1
69,100,53,0,1
69,100,54,0,1
69,100,55,0,1
69,100,56,0,1
69,100,57,0,1
69,100,58,0,1
69,100,59,0,1
69,100,60,0,1
69,100,61,0,1
69,100,62,0,1
69,100,63,0,1
90,1,0,0,1
90,1,1,0,1
90,1,2,0,1
90,1,3,0,1
90,1,4,0,1
90,1,5,0,1
90,1,6,0,1
90,1,7,0,1
90,1,8,0,1
90,1,9,0,1
90,1,10,0,1
90,1,11,0,1
90,1,12,0,1
90,1,13,0,1
90,1,14,0,1
90,1,15,0,1
90,1,16,0,1
90,1,17,0,1
90,1,18,0,1
90,1,19,0,1
90,1,20,0,1
90,1,21,0,1
90,1,22,0,1
90,1,23,0,1
90,1,24,0,1
90,1,25,0,1
90,1,26,0,1
90,1,27,0,1
90,1,28,0,1
90,1,29,0,1
90,1,30,0,1
90,1,31,0,1
90,1,32,0,1
90,1,33,0,1
90,1,34,0,1
90,1,35,0,1
90,1,36,0,1
90,1,37,0,1
90,1,38,0,1
90,1,39,0,1
90,1,40,0,1
90,1,41,0,1
90,1,42,0,1
90,1,43,0,1
90,1,44,0,1
90,1,45,0,1
90,1,46,0,1
90,1,47,0,1
90,1,48,0,1
90,1,49,0,1
90,1,50,0,1
90,1,51,0,1
90,1,52,0,1
90,1,53,0,1
90,1,54,0,1
90,1,55,0,1
90,1,56,0,1
90,1,57,0,1
90,1,58,0,1
90,1,59,0,1
90,1,60,0,1
90,1,61,0,1
90,1,62,0,1
90,1,63,0,1
90,2,0,0,1
90,2,1,0,1
90,2,2,0,1
90,2,3,0,1
90,2,4,0,1
90,2,5,0,1
90,2,6,0,1
90,2,7,0,1
90,2,8,0,1
90,2,9,0,1
90,2,10,0,1
90,2,11,0,1
90,2,12,0,1
90,2,13,0,1
90,2,14,0,1
90,2,15,0,1
90,2,16,0,1
90,2,17,0,1
90,2,18,0,1
90,2,19,0,1
90,2,20,0,1
90,2,21,0,1
90,2,22,0,1
90,2,23,0,1
90,2,24,0,1
90,2,25,0,1
90,2,26,0,1
90,2,27,0,1
90,2,28,0,1
90,2,29,0,1
90,2,30,0,1
90,2,31,0,1
90,2,32,0,1
90,2,33,0,1
90,2,34,0,1
90,2,35,0,1
90,2,36,0,1
90,2,37,0,1
90,2,38,0,1
90,2,39,0,1
90,2,40,0,1
90,2,41,0,1
90,2,42,0,1
90,2,43,0,1
90,2,44,0,1
90,2,45,0,1
90,2,46,0,1
90,2,47,0,1
90,2,48,0,1
90,2,49,0,1
90,2,50,0,1
90,2,51,0,1
90,2,52,0,1
90,2,53,0,1
90,2,54,0,1
90,2,55,0,1
90,2,56,0,1
90,2,57,0,1
90,2,58,0,1
90,2,59,0,1
90,2,60,0,1
90,2,61,0,1
90,2,62,0,1
90,2,63,0,1
90,3,0,0,1
90,3,1,0,1
90,3,2,0,1
90,3,3,0,1
90,3,4,0,1
90,3,5,0,1
90,3,6,0,1
90,3,7,0,1
90,3,8,0,1
90,3,9,0,1
90,3,10,0,1
90,3,11,0,1
90,3,12,0,1
90,3,13,0,1
90,3,14,0,1
90,3,15,0,1
90,3,16,0,1
90,3,17,0,1
90,3,18,0,1
90,3,19,0,1
90,3,20,0,1
90,3,21,0,1
90,3,22,0,1
90,3,23,0,1
90,3,24,0,1
90,3,25,0,1
90,3,26,0,1
90,3,27,0,1
90,3,28,0,1
90,3,29,0,1
90,3,30,0,1
90,3,31,0,1
90,3,32,0,1
90,3,33,0,1
90,3,34,0,1
90,3,35,0,1
90,3,36,0,1
90,3,37,0,1
90,3,38,0,1
90,3,39,0,1
90,3,40,0,1
90,3,41,0,1
90,3,42,0,1
90,3,43,0,1
90,3,44,0,1
90,3,45,0,1
90,3,46,0,1
90,3,47,0,1
90,3,48,0,1
90,3,49,0,1
90,3,50,0,1
90,3,51,0,1
90,3,52,0,1
90,3,53,0,1
90,3,54,0,1
90,3,55,0,1
90,3,56,0,1
90,3,57,0,1
90,3,58,0,1
90,3,59,0,1
90,3,60,0,1
90,3,61,0,1
90,3,62,0,1
90,3,63,0,1
90,4,0,0,1
90,4,1,0,1
90,4,2,0,1
90,4,3,0,1
90,4,4,0,1
90,4,5,0,1
90,4,6,0,1
90,4,7,0,1
90,4,8,0,1
90,4,9,0,1
90,4,10,0,1
90,4,11,0,1
90,4,12,0,1
90,4,13,0,1
90,4,14,0,1
90,4,15,0,1
90,4,16,0,1
90,4,17,0,1
90,4,18,0,1
90,4,19,0,1
90,4,20,0,1
90,4,21,0,1
90,4,22,0,1
90,4,23,0,1
90,4,24,0,1
90,4,25,0,1
90,4,26,0,1
90,4,27,0,1
90,4,28,0,1
90,4,29,0,1
90,4,30,0,1
90,4,31,0,1
90,4,32,0,1
90,4,33,0,1
90,4,34,0,1
90,4,35,0,1
90,4,36,0,1
90,4,37,0,1
90,4,38,0,1
90,4,39,0,1
90,4,40,0,1
90,4,41,0,1
90,4,42,0,1
90,4,43,0,1
90,4,44,0,1
90,4,45,0,1
90,4,46,0,1
90,4,47,0,1
90,4,48,0,1
90,4,49,0,1
90,4,50,0,1
90,4,51,0,1
90,4,52,0,1
90,4,53,0,1
90,4,54,0,1
90,4,55,0,1
90,4,56,0,1
90,4,57,0,1
90,4,58,0,1
90,4,59,0,1
90,4,60,0,1
90,4,61,0,1
90,4,62,0,1
90,4,63,0,1
90,5,0,0,1
90,5,1,0,1
90,5,2,0,1
90,5,3,0,1
90,5,4,0,1
90,5,5,0,1
90,5,6,0,1
90,5,7,0,1
90,5,8,0,1
90,5,9,0,1
90,5,10,0,1
90,5,11,0,1
90,5,12,0,1
90,5,13,0,1
90,5,14,0,1
90,5,15,0,1
90,5,16,0,1
90,5,17,0,1
90,5,18,0,1
90,5,19,0,1
90,5,20,0,1
90,5,21,0,1
90,5,22,0,1
90,5,23,0,1
90,5,24,0,1
90,5,25,0,1
90,5,26,0,1
90,5,27,0,1
90,5,28,0,1
90,5,29,0,1
90,5,30,0,1
90,5,31,0,1
90,5,32,0,1
90,5,33,0,1
90,5,34,0,1
90,5,35,0,1
90,5,36,0,1
90,5,37,0,1
90,5,38,0,1
90,5,39,0,1
90,5,40,0,1
90,5,41,0,1
90,5,42,0,1
90,5,43,0,1
90,5,44,0,1
90,5,45,0,1
90,5,46,0,1
90,5,47,0,1
90,5,48,0,1
90,5,49,0,1
90,5,50,0,1
90,5,51,0,1
90,5,52,0,1
90,5,53,0,1
90,5,54,0,1
90,5,55,0,1
90,5,56,0,1
90,5,57,0,1
90,5,58,0,1
90,5,59,0,1
90,5,60,0,1
90,5,61,0,1
90,5,62,0,1
90,5,63,0,1
90,6,0,0,1
90,6,1,0,1
90,6,2,0,1
90,6,3,0,1
90,6,4,0,1
90,6,5,0,1
90,6,6,0,1
90,6,7,0,1
90,6,8,0,1
90,6,9,0,1
90,6,10,0,1
90,6,11,0,1
90,6,12,0,1
90,6,13,0,1
90,6,14,0,1
90,6,15,0,1
90,6,16,0,1
90,6,17,0,1
90,6,18,0,1
90,6,19,0,1
90,6,20,0,1
90,6,21,0,1
90,6,22,0,1
90,6,23,0,1
90,6,24,0,1
90,6,25,0,1
90,6,26,0,1
90,6,27,0,1
90,6,28,0,1
90,6,29,0,1
90,6,30,0,1
90,6,31,0,1
90,6,32,0,1
90,6,33,0,1
90,6,34,0,1
90,6,35,0,1
90,6,36,0,1
90,6,37,0,1
90,6,38,0,1
90,6,39,0,1
90,6,40,0,1
90,6,41,0,1
90,6,42,0,1
90,6,43,0,1
90,6,44,0,1
90,6,45,0,1
90,6,46,0,1
90,6,47,0,1
90,6,48,0,1
90,6,49,0,1
90,6,50,0,1
90,6,51,0,1
90,6,52,0,1
90,6,53,0,1
90,6,54,0,1
90,6,55,0,1
90,6,56,0,1
90,6,57,0,1
90,6,58,0,1
90,6,59,0,1
90,6,60,0,1
90,6,61,0,1
90,6,62,0,1
90,6,63,0,1
90,7,0,0,1
90,7,1,0,1
90,7,2,0,1
90,7,3,0,1
90,7,4,0,1
90,7,5,0,1
90,7,6,0,1
90,7,7,0,1
90,7,8,0,1
90,7,9,0,1
90,7,10,0,1
90,7,11,0,1
90,7,12,0,1
90,7,13,0,1
90,7,14,0,1
90,7,15,0,1
90,7,16,0,1
90,7,17,0,1
90,7,18,0,1
90,7,19,0,1
90,7,20,0,1
90,7,21,0,1
90,7,22,0,1
90,7,23,0,1
90,7,24,0,1
90,7,25,0,1
90,7,26,0,1
90,7,27,0,1
90,7,28,0,1
90,7,29,0,1
90,7,30,0,1
90,7,31,0,1
90,7,32,0,1
90,7,33,0,1
90,7,34,0,1
90,7,35,0,1
90,7,36,0,1
90,7,37,0,1
90,7,38,0,1
90,7,39,0,1
90,7,40,0,1
90,7,41,0,1
90,7,42,0,1
90,7,43,0,1
90,7,44,0,1
90,7,45,0,1
90,7,46,0,1
90,7,47,0,1
90,7,48,0,1
90,7,49,0,1
90,7,50,0,1
90,7,51,0,1
90,7,52,0,1
90,7,53,0,1
90,7,54,0,1
90,7,55,0,1
90,7,56,0,1
90,7,57,0,1
90,7,58,0,1
90,7,59,0,1
90,7,60,0,1
90,7,61,0,1
90,7,62,0,1
90,7,63,0,1
90,8,0,0,1
90,8,1,0,1
90,8,2,0,1
90,8,3,0,1
90,8,4,0,1
90,8,5,0,1
90,8,6,0,1
90,8,7,0,1
90,8,8,0,1
90,8,9,0,1
90,8,10,0,1
90,8,11,0,1
90,8,12,0,1
90,8,13,0,1
90,8,14,0,1
90,8,15,0,1
90,8,16,0,1
90,8,17,0,1
90,8,18,0,1
90,8,19,0,1
90,8,20,0,1
90,8,21,0,1
90,8,22,0,1
90,8,23,0,1
90,8,24,0,1
90,8,25,0,1
90,8,26,0,1
90,8,27,0,1
90,8,28,0,1
90,8,29,0,1
90,8,30,0,1
90,8,31,0,1
90,8,32,0,1
90,8,33,0,1
90,8,34,0,1
90,8,35,0,1
90,8,36,0,1
90,8,37,0,1
90,8,38,0,1
90,8,39,0,1
90,8,40,0,1
90,8,41,0,1
90,8,42,0,1
90,8,43,0,1
90,8,44,0,1
90,8,45,0,1
90,8,46,0,1
90,8,47,0,1
90,8,48,0,1
90,8,49,0,1
90,8,50,0,1
90,8,51,0,1
90,8,52,0,1
90,8,53,0,1
90,8,54,0,1
90,8,55,0,1
90,8,56,0,1
90,8,57,0,1
90,8,58,0,1
90,8,59,0,1
90,8,60,0,1
90,8,61,0,1
90,8,62,0,1
90,8,63,0,1
90,9,0,0,1
90,9,1,0,1
90,9,2,0,1
90,9,3,0,1
90,9,4,0,1
90,9,5,0,1
90,9,6,0,1
90,9,7,0,1
90,9,8,0,1
90,9,9,0,1
90,9,10,0,1
90,9,11,0,1
90,9,12,0,1
90,9,13,0,1
90,9,14,0,1
90,9,15,0,1
90,9,16,0,1
90,9,17,0,1
90,9,18,0,1
90,9,19,0,1
90,9,20,0,1
90,9,21,0,1
90,9,22,0,1
90,9,23,0,1
90,9,24,0,1
90,9,25,0,1
90,9,26,0,1
90,9,27,0,1
90,9,28,0,1
90,9,29,0,1
90,9,30,0,1
90,9,31,0,1
90,9,32,0,1
90,9,33,0,1
90,9,34,0,1
90,9,35,0,1
90,9,36,0,1
90,9,37,0,1
90,9,38,0,1
90,9,39,0,1
90,9,40,0,1
90,9,41,0,1
90,9,42,0,1
90,9,43,0,1
90,9,44,0,1
90,9,45,0,1
90,9,46,0,1
90,9,47,0,1
90,9,48,0,1
90,9,49,0,1
90,9,50,0,1
90,9,51,0,1
90,9,52,0,1
90,9,53,0,1
90,9,54,0,1
90,9,55,0,1
90,9,56,0,1
90,9,57,0,1
90,9,58,0,1
90,9,59,0,1
90,9,60,0,1
90,9,61,0,1
90,9,62,0,1
90,9,63,0,1
90,10,0,0,1
90,10,1,0,1
90,10,2,0,1
90,10,3,0,1
90,10,4,0,1
90,10,5,0,1
90,10,6,0,1
90,10,7,0,1
90,10,8,0,1
90,10,9,0,1
90,10,10,0,1
90,10,11,0,1
90,10,12,0,1
90,10,13,0,1
90,10,14,0,1
90,10,15,0,1
90,10,16,0,1
90,10,17,0,1
90,10,18,0,1
90,10,19,0,1
90,10,20,0,1
90,10,21,0,1
90,10,22,0,1
90,10,23,0,1
90,10,24,0,1
90,10,25,0,1
90,10,26,0,1
90,10,27,0,1
90,10,28,0,1
90,10,29,0,1
90,10,30,0,1
90,10,31,0,1
90,10,32,0,1
90,10,33,0,1
90,10,34,0,1
90,10,35,0,1
90,10,36,0,1
90,10,37,0,1
90,10,38,0,1
90,10,39,0,1
90,10,40,0,1
90,10,41,0,1
90,10,42,0,1
90,10,43,0,1
90,10,44,0,1
90,10,45,0,1
90,10,46,0,1
90,10,47,0,1
90,10,48,0,1
90,10,49,0,1
90,10,50,0,1
90,10,51,0,1
90,10,52,0,1
90,10,53,0,1
90,10,54,0,1
90,10,55,0,1
90,10,56,0,1
90,10,57,0,1
90,10,58,0,1
90,10,59,0,1
90,10,60,0,1
90,10,61,0,1
90,10,62,0,1
90,10,63,0,1
90,11,0,0,1
90,11,1,0,1
90,11,2,0,1
90,11,3,0,1
90,11,4,0,1
90,11,5,0,1
90,11,6,0,1
90,11,7,0,1
90,11,8,0,1
90,11,9,0,1
90,11,10,0,1
90,11,11,0,1
90,11,12,0,1
90,11,13,0,1
90,11,14,0,1
90,11,15,0,1
90,11,16,0,1
90,11,17,0,1
90,11,18,0,1
90,11,19,0,1
90,11,20,0,1
90,11,21,0,1
90,11,22,0,1
90,11,23,0,1
90,11,24,0,1
90,11,25,0,1
90,11,26,0,1
90,11,27,0,1
90,11,28,0,1
90,11,29,0,1
90,11,30,0,1
90,11,31,0,1
90,11,32,0,1
90,11,33,0,1
90,11,34,0,1
90,11,35,0,1
90,11,36,0,1
90,11,37,0,1
90,11,38,0,1
90,11,39,0,1
90,11,40,0,1
90,11,41,0,1
90,11,42,0,1
90,11,43,0,1
90,11,44,0,1
90,11,45,0,1
90,11,46,0,1
90,11,47,0,1
90,11,48,0,1
90,11,49,0,1
90,11,50,0,1
90,11,51,0,1
90,11,52,0,1
90,11,53,0,1
90,11,54,0,1
90,11,55,0,1
90,11,56,0,1
90,11,57,0,1
90,11,58,0,1
90,11,59,0,1
90,11,60,0,1
90,11,61,0,1
90,11,62,0,1
90,11,63,0,1
90,12,0,0,1
90,12,1,0,1
90,12,2,0,1
90,12,3,0,1
90,12,4,0,1
90,12,5,0,1
90,12,6,0,1
90,12,7,0,1
90,12,8,0,1
90,12,9,0,1
90,12,10,0,1
90,12,11,0,1
90,12,12,0,1
90,12,13,0,1
90,12,14,0,1
90,12,15,0,1
90,12,16,0,1
90,12,17,0,1
90,12,18,0,1
90,12,19,0,1
90,12,20,0,1
90,12,21,0,1
90,12,22,0,1
90,12,23,0,1
90,12,24,0,1
90,12,25,0,1
90,12,26,0,1
90,12,27,0,1
90,12,28,0,1
90,12,29,0,1
90,12,30,0,1
90,12,31,0,1
90,12,32,0,1
90,12,33,0,1
90,12,34,0,1
90,12,35,0,1
90,12,36,0,1
90,12,37,0,1
90,12,38,0,1
90,12,39,0,1
90,12,40,0,1
90,12,41,0,1
90,12,42,0,1
90,12,43,0,1
90,12,44,0,1
90,12,45,0,1
90,12,46,0,1
90,12,47,0,1
90,12,48,0,1
90,12,49,0,1
90,12,50,0,1
90,12,51,0,1
90,12,52,0,1
90,12,53,0,1
90,12,54,0,1
90,12,55,0,1
90,12,56,0,1
90,12,57,0,1
90,12,58,0,1
90,12,59,0,1
90,12,60,0,1
90,12,61,0,1
90,12,62,0,1
90,12,63,0,1
90,13,0,0,1
90,13,1,0,1
90,13,2,0,1
90,13,3,0,1
90,13,4,0,1
90,13,5,0,1
90,13,6,0,1
90,13,7,0,1
90,13,8,0,1
90,13,9,0,1
90,13,10,0,1
90,13,11,0,1
90,13,12,0,1
90,13,13,0,1
90,13,14,0,1
90,13,15,0,1
90,13,16,0,1
90,13,17,0,1
90,13,18,0,1
90,13,19,0,1
90,13,20,0,1
90,13,21,0,1
90,13,22,0,1
90,13,23,0,1
90,13,24,0,1
90,13,25,0,1
90,13,26,0,1
90,13,27,0,1
90,13,28,0,1
90,13,29,0,1
90,13,30,0,1
90,13,31,0,1
90,13,32,0,1
90,13,33,0,1
90,13,34,0,1
90,13,35,0,1
90,13,36,0,1
90,13,37,0,1
90,13,38,0,1
90,13,39,0,1
90,13,40,0,1
90,13,41,0,1
90,13,42,0,1
90,13,43,0,1
90,13,44,0,1
90,13,45,0,1
90,13,46,0,1
90,13,47,0,1
90,13,48,0,1
90,13,49,0,1
90,13,50,0,1
90,13,51,0,1
90,13,52,0,1
90,13,53,0,1
90,13,54,0,1
90,13,55,0,1
90,13,56,0,1
90,13,57,0,1
90,13,58,0,1
90,13,59,0,1
90,13,60,0,1
90,13,61,0,1
90,13,62,0,1
90,13,63,0,1
90,14,0,0,1
90,14,1,0,1
90,14,2,0,1
90,14,3,0,1
90,14,4,0,1
90,14,5,0,1
90,14,6,0,1
90,14,7,0,1
90,14,8,0,1
90,14,9,0,1
90,14,10,0,1
90,14,11,0,1
90,14,12,0,1
90,14,13,0,1
90,14,14,0,1
90,14,15,0,1
90,14,16,0,1
90,14,17,0,1
90,14,18,0,1
90,14,19,0,1
90,14,20,0,1
90,14,21,0,1
90,14,22,0,1
90,14,23,0,1
90,14,24,0,1
90,14,25,0,1
90,14,26,0,1
90,14,27,0,1
90,14,28,0,1
90,14,29,0,1
90,14,30,0,1
90,14,31,0,1
90,14,32,0,1
90,14,33,0,1
90,14,34,0,1
90,14,35,0,1
90,14,36,0,1
90,14,37,0,1
90,14,38,0,1
90,14,39,0,1
90,14,40,0,1
90,14,41,0,1
90,14,42,0,1
90,14,43,0,1
90,14,44,0,1
90,14,45,0,1
90,14,46,0,1
90,14,47,0,1
90,14,48,0,1
90,14,49,0,1
90,14,50,0,1
90,14,51,0,1
90,14,52,0,1
90,14,53,0,1
90,14,54,0,1
90,14,55,0,1
90,14,56,0,1
90,14,57,0,1
90,14,58,0,1
90,14,59,0,1
90,14,60,0,1
90,14,61,0,1
90,14,62,0,1
90,14,63,0,1
90,15,0,0,1
90,15,1,0,1
90,15,2,0,1
90,15,3,0,1
90,15,4,0,1
90,15,5,0,1
90,15,6,0,1
90,15,7,0,1
90,15,8,0,1
90,15,9,0,1
90,15,10,0,1
90,15,11,0,1
90,15,12,0,1
90,15,13,0,1
90,15,14,0,1
90,15,15,0,1
90,15,16,0,1
90,15,17,0,1
90,15,18,0,1
90,15,19,0,1
90,15,20,0,1
90,15,21,0,1
90,15,22,0,1
90,15,23,0,1
90,15,24,0,1
90,15,25,0,1
90,15,26,0,1
90,15,27,0,1
90,15,28,0,1
90,15,29,0,1
90,15,30,0,1
90,15,31,0,1
90,15,32,0,1
90,15,33,0,1
90,15,34,0,1
90,15,35,0,1
90,15,36,0,1
90,15,37,0,1
90,15,38,0,1
90,15,39,0,1
90,15,40,0,1
90,15,41,0,1
90,15,42,0,1
90,15,43,0,1
90,15,44,0,1
90,15,45,0,1
90,15,46,0,1
90,15,47,0,1
90,15,48,0,1
90,15,49,0,1
90,15,50,0,1
90,15,51,0,1
90,15,52,0,1
90,15,53,0,1
90,15,54,0,1
90,15,55,0,1
90,15,56,0,1
90,15,57,0,1
90,15,58,0,1
90,15,59,0,1
90,15,60,0,1
90,15,61,0,1
90,15,62,0,1
90,15,63,0,1
90,16,0,0,1
90,16,1,0,1
90,16,2,0,1
90,16,3,0,1
90,16,4,0,1
90,16,5,0,1
90,16,6,0,1
90,16,7,0,1
90,16,8,0,1
90,16,9,0,1
90,16,10,0,1
90,16,11,0,1
90,16,12,0,1
90,16,13,0,1
90,16,14,0,1
90,16,15,0,1
90,16,16,0,1
90,16,17,0,1
90,16,18,0,1
90,16,19,0,1
90,16,20,0,1
90,16,21,0,1
90,16,22,0,1
90,16,23,0,1
90,16,24,0,1
90,16,25,0,1
90,16,26,0,1
90,16,27,0,1
90,16,28,0,1
90,16,29,0,1
90,16,30,0,1
90,16,31,0,1
90,16,32,0,1
90,16,33,0,1
90,16,34,0,1
90,16,35,0,1
90,16,36,0,1
90,16,37,0,1
90,16,38,0,1
90,16,39,0,1
90,16,40,0,1
90,16,41,0,1
90,16,42,0,1
90,16,43,0,1
90,16,44,0,1
90,16,45,0,1
90,16,46,0,1
90,16,47,0,1
90,16,48,0,1
90,16,49,0,1
90,16,50,0,1
90,16,51,0,1
90,16,52,0,1
90,16,53,0,1
90,16,54,0,1
90,16,55,0,1
90,16,56,0,1
90,16,57,0,1
90,16,58,0,1
90,16,59,0,1
90,16,60,0,1
90,16,61,0,1
90,16,62,0,1
90,16,63,0,1
90,17,0,0,1
90,17,1,0,1
90,17,2,0,1
90,17,3,0,1
90,17,4,0,1
90,17,5,0,1
90,17,6,0,1
90,17,7,0,1
90,17,8,0,1
90,17,9,0,1
90,17,10,0,1
90,17,11,0,1
90,17,12,0,1
90,17,13,0,1
90,17,14,0,1
90,17,15,0,1
90,17,16,0,1
90,17,17,0,1
90,17,18,0,1
90,17,19,0,1
90,17,20,0,1
90,17,21,0,1
90,17,22,0,1
90,17,23,0,1
90,17,24,0,1
90,17,25,0,1
90,17,26,0,1
90,17,27,0,1
90,17,28,0,1
90,17,29,0,1
90,17,30,0,1
90,17,31,0,1
90,17,32,0,1
90,17,33,0,1
90,17,34,0,1
90,17,35,0,1
90,17,36,0,1
90,17,37,0,1
90,17,38,0,1
90,17,39,0,1
90,17,40,0,1
90,17,41,0,1
90,17,42,0,1
90,17,43,0,1
90,17,44,0,1
90,17,45,0,1
90,17,46,0,1
90,17,47,0,1
90,17,48,0,1
90,17,49,0,1
90,17,50,0,1
90,17,51,0,1
90,17,52,0,1
90,17,53,0,1
90,17,54,0,1
90,17,55,0,1
90,17,56,0,1
90,17,57,0,1
90,17,58,0,1
90,17,59,0,1
90,17,60,0,1
90,17,61,0,1
90,17,62,0,1
90,17,63,0,1
90,18,0,0,1
90,18,1,0,1
90,18,2,0,1
90,18,3,0,1
90,18,4,0,1
90,18,5,0,1
90,18,6,0,1
90,18,7,0,1
90,18,8,0,1
90,18,9,0,1
90,18,10,0,1
90,18,11,0,1
90,18,12,0,1
90,18,13,0,1
90,18,14,0,1
90,18,15,0,1
90,18,16,0,1
90,18,17,0,1
90,18,18,0,1
90,18,19,0,1
90,18,20,0,1
90,18,21,0,1
90,18,22,0,1
90,18,23,0,1
90,18,24,0,1
90,18,25,0,1
90,18,26,0,1
90,18,27,0,1
90,18,28,0,1
90,18,29,0,1
90,18,30,0,1
90,18,31,0,1
90,18,32,0,1
90,18,33,0,1
90,18,34,0,1
90,18,35,0,1
90,18,36,0,1
90,18,37,0,1
90,18,38,0,1
90,18,39,0,1
90,18,40,0,1
90,18,41,0,1
90,18,42,0,1
90,18,43,0,1
90,18,44,0,1
90,18,45,0,1
90,18,46,0,1
90,18,47,0,1
90,18,48,0,1
90,18,49,0,1
90,18,50,0,1
90,18,51,0,1
90,18,52,0,1
90,18,53,0,1
90,18,54,0,1
90,18,55,0,1
90,18,56,0,1
90,18,57,0,1
90,18,58,0,1
90,18,59,0,1
90,18,60,0,1
90,18,61,0,1
90,18,62,0,1
90,18,63,0,1
90,19,0,0,1
90,19,1,0,1
90,19,2,0,1
90,19,3,0,1
90,19,4,0,1
90,19,5,0,1
90,19,6,0,1
90,19,7,0,1
90,19,8,0,1
90,19,9,0,1
90,19,10,0,1
90,19,11,0,1
90,19,12,0,1
90,19,13,0,1
90,19,14,0,1
90,19,15,0,1
90,19,16,0,1
90,19,17,0,1
90,19,18,0,1
90,19,19,0,1
90,19,20,0,1
90,19,21,0,1
90,19,22,0,1
90,19,23,0,1
90,19,24,0,1
90,19,25,0,1
90,19,26,0,1
90,19,27,0,1
90,19,28,0,1
90,19,29,0,1
90,19,30,0,1
90,19,31,0,1
90,19,32,0,1
90,19,33,0,1
90,19,34,0,1
90,19,35,0,1
90,19,36,0,1
90,19,37,0,1
90,19,38,0,1
90,19,39,0,1
90,19,40,0,1
90,19,41,0,1
90,19,42,0,1
90,19,43,0,1
90,19,44,0,1
90,19,45,0,1
90,19,46,0,1
90,19,47,0,1
90,19,48,0,1
90,19,49,0,1
90,19,50,0,1
90,19,51,0,1
90,19,52,0,1
90,19,53,0,1
90,19,54,0,1
90,19,55,0,1
90,19,56,0,1
90,19,57,0,1
90,19,58,0,1
90,19,59,0,1
90,19,60,0,1
90,19,61,0,1
90,19,62,0,1
90,19,63,0,1
90,20,0,0,1
90,20,1,0,1
90,20,2,0,1
90,20,3,0,1
90,20,4,0,1
90,20,5,0,1
90,20,6,0,1
90,20,7,0,1
90,20,8,0,1
90,20,9,0,1
90,20,10,0,1
90,20,11,0,1
90,20,12,0,1
90,20,13,0,1
90,20,14,0,1
90,20,15,0,1
90,20,16,0,1
90,20,17,0,1
90,20,18,0,1
90,20,19,0,1
90,20,20,0,1
90,20,21,0,1
90,20,22,0,1
90,20,23,0,1
90,20,24,0,1
90,20,25,0,1
90,20,26,0,1
90,20,27,0,1
90,20,28,0,1
90,20,29,0,1
90,20,30,0,1
90,20,31,0,1
90,20,32,0,1
90,20,33,0,1
90,20,34,0,1
90,20,35,0,1
90,20,36,0,1
90,20,37,0,1
90,20,38,0,1
90,20,39,0,1
90,20,40,0,1
90,20,41,0,1
90,20,42,0,1
90,20,43,0,1
90,20,44,0,1
90,20,45,0,1
90,20,46,0,1
90,20,47,0,1
90,20,48,0,1
90,20,49,0,1
90,20,50,0,1
90,20,51,0,1
90,20,52,0,1
90,20,53,0,1
90,20,54,0,1
90,20,55,0,1
90,20,56,0,1
90,20,57,0,1
90,20,58,0,1
90,20,59,0,1
90,20,60,0,1
90,20,61,0,1
90,20,62,0,1
90,20,63,0,1
90,21,0,0,1
90,21,1,0,1
90,21,2,0,1
90,21,3,0,1
90,21,4,0,1
90,21,5,0,1
90,21,6,0,1
90,21,7,0,1
90,21,8,0,1
90,21,9,0,1
90,21,10,0,1
90,21,11,0,1
90,21,12,0,1
90,21,13,0,1
90,21,14,0,1
90,21,15,0,1
90,21,16,0,1
90,21,17,0,1
90,21,18,0,1
90,21,19,0,1
90,21,20,0,1
90,21,21,0,1
90,21,22,0,1
90,21,23,0,1
90,21,24,0,1
90,21,25,0,1
90,21,26,0,1
90,21,27,0,1
90,21,28,0,1
90,21,29,0,1
90,21,30,0,1
90,21,31,0,1
90,21,32,0,1
90,21,33,0,1
90,21,34,0,1
90,21,35,0,1
90,21,36,0,1
90,21,37,0,1
90,21,38,0,1
90,21,39,0,1
90,21,40,0,1
90,21,41,0,1
90,21,42,0,1
90,21,43,0,1
90,21,44,0,1
90,21,45,0,1
90,21,46,0,1
90,21,47,0,1
90,21,48,0,1
90,21,49,0,1
90,21,50,0,1
90,21,51,0,1
90,21,52,0,1
90,21,53,0,1
90,21,54,0,1
90,21,55,0,1
90,21,56,0,1
90,21,57,0,1
90,21,58,0,1
90,21,59,0,1
90,21,60,0,1
90,21,61,0,1
90,21,62,0,1
90,21,63,0,1
90,22,0,0,1
90,22,1,0,1
90,22,2,0,1
90,22,3,0,1
90,22,4,0,1
90,22,5,0,1
90,22,6,0,1
90,22,7,0,1
90,22,8,0,1
90,22,9,0,1
90,22,10,0,1
90,22,11,0,1
90,22,12,0,1
90,22,13,0,1
90,22,14,0,1
90,22,15,0,1
90,22,16,0,1
90,22,17,0,1
90,22,18,0,1
90,22,19,0,1
90,22,20,0,1
90,22,21,0,1
90,22,22,0,1
90,22,23,0,1
90,22,24,0,1
90,22,25,0,1
90,22,26,0,1
90,22,27,0,1
90,22,28,0,1
90,22,29,0,1
90,22,30,0,1
90,22,31,0,1
90,22,32,0,1
90,22,33,0,1
90,22,34,0,1
90,22,35,0,1
90,22,36,0,1
90,22,37,0,1
90,22,38,0,1
90,22,39,0,1
90,22,40,0,1
90,22,41,0,1
90,22,42,0,1
90,22,43,0,1
90,22,44,0,1
90,22,45,0,1
90,22,46,0,1
90,22,47,0,1
90,22,48,0,1
90,22,49,0,1
90,22,50,0,1
90,22,51,0,1
90,22,52,0,1
90,22,53,0,1
90,22,54,0,1
90,22,55,0,1
90,22,56,0,1
90,22,57,0,1
90,22,58,0,1
90,22,59,0,1
90,22,60,0,1
90,22,61,0,1
90,22,62,0,1
90,22,63,0,1
90,23,0,0,1
90,23,1,0,1
90,23,2,0,1
90,23,3,0,1
90,23,4,0,1
90,23,5,0,1
90,23,6,0,1
90,23,7,0,1
90,23,8,0,1
90,23,9,0,1
90,23,10,0,1
90,23,11,0,1
90,23,12,0,1
90,23,13,0,1
90,23,14,0,1
90,23,15,0,1
90,23,16,0,1
90,23,17,0,1
90,23,18,0,1
90,23,19,0,1
90,23,20,0,1
90,23,21,0,1
90,23,22,0,1
90,23,23,0,1
90,23,24,0,1
90,23,25,0,1
90,23,26,0,1
90,23,27,0,1
90,23,28,0,1
90,23,29,0,1
90,23,30,0,1
90,23,31,0,1
90,23,32,0,1
90,23,33,0,1
90,23,34,0,1
90,23,35,0,1
90,23,36,0,1
90,23,37,0,1
90,23,38,0,1
90,23,39,0,1
90,23,40,0,1
90,23,41,0,1
90,23,42,0,1
90,23,43,0,1
90,23,44,0,1
90,23,45,0,1
90,23,46,0,1
90,23,47,0,1
90,23,48,0,1
90,23,49,0,1
90,23,50,0,1
90,23,51,0,1
90,23,52,0,1
90,23,53,0,1
90,23,54,0,1
90,23,55,0,1
90,23,56,0,1
90,23,57,0,1
90,23,58,0,1
90,23,59,0,1
90,23,60,0,1
90,23,61,0,1
90,23,62,0,1
90,23,63,0,1
90,24,0,0,1
90,24,1,0,1
90,24,2,0,1
90,24,3,0,1
90,24,4,0,1
90,24,5,0,1
90,24,6,0,1
90,24,7,0,1
90,24,8,0,1
90,24,9,0,1
90,24,10,0,1
90,24,11,0,1
90,24,12,0,1
90,24,13,0,1
90,24,14,0,1
90,24,15,0,1
90,24,16,0,1
90,24,17,0,1
90,24,18,0,1
90,24,19,0,1
90,24,20,0,1
90,24,21,0,1
90,24,22,0,1
90,24,23,0,1
90,24,24,0,1
90,24,25,0,1
90,24,26,0,1
90,24,27,0,1
90,24,28,0,1
90,24,29,0,1
90,24,30,0,1
90,24,31,0,1
90,24,32,0,1
90,24,33,0,1
90,24,34,0,1
90,24,35,0,1
90,24,36,0,1
90,24,37,0,1
90,24,38,0,1
90,24,39,0,1
90,24,40,0,1
90,24,41,0,1
90,24,42,0,1
90,24,43,0,1
90,24,44,0,1
90,24,45,0,1
90,24,46,0,1
90,24,47,0,1
90,24,48,0,1
90,24,49,0,1
90,24,50,0,1
90,24,51,0,1
90,24,52,0,1
90,24,53,0,1
90,24,54,0,1
90,24,55,0,1
90,24,56,0,1
90,24,57,0,1
90,24,58,0,1
90,24,59,0,1
90,24,60,0,1
90,24,61,0,1
90,24,62,0,1
90,24,63,0,1
90,25,0,0,1
90,25,1,0,1
90,25,2,0,1
90,25,3,0,1
90,25,4,0,1
90,25,5,0,1
90,25,6,0,1
90,25,7,0,1
90,25,8,0,1
90,25,9,0,1
90,25,10,0,1
90,25,11,0,1
90,25,12,0,1
90,25,13,0,1
90,25,14,0,1
90,25,15,0,1
90,25,16,0,1
90,25,17,0,1
90,25,18,0,1
90,25,19,0,1
90,25,20,0,1
90,25,21,0,1
90,25,22,0,1
90,25,23,0,1
90,25,24,0,1
90,25,25,0,1
90,25,26,0,1
90,25,27,0,1
90,25,28,0,1
90,25,29,0,1
90,25,30,0,1
90,25,31,0,1
90,25,32,0,1
90,25,33,0,1
90,25,34,0,1
90,25,35,0,1
90,25,36,0,1
90,25,37,0,1
90,25,38,0,1
90,25,39,0,1
90,25,40,0,1
90,25,41,0,1
90,25,42,0,1
90,25,43,0,1
90,25,44,0,1
90,25,45,0,1
90,25,46,0,1
90,25,47,0,1
90,25,48,0,1
90,25,49,0,1
90,25,50,0,1
90,25,51,0,1
90,25,52,0,1
90,25,53,0,1
90,25,54,0,1
90,25,55,0,1
90,25,56,0,1
90,25,57,0,1
90,25,58,0,1
90,25,59,0,1
90,25,60,0,1
90,25,61,0,1
90,25,62,0,1
90,25,63,0,1
90,26,0,0,1
90,26,1,0,1
90,26,2,0,1
90,26,3,0,1
90,26,4,0,1
90,26,5,0,1
90,26,6,0,1
90,26,7,0,1
90,26,8,0,1
90,26,9,0,1
90,26,10,0,1
90,26,11,0,1
90,26,12,0,1
90,26,13,0,1
90,26,14,0,1
90,26,15,0,1
90,26,16,0,1
90,26,17,0,1
90,26,18,0,1
90,26,19,0,1
90,26,20,0,1
90,26,21,0,1
90,26,22,0,1
90,26,23,0,1
90,26,24,0,1
90,26,25,0,1
90,26,26,0,1
90,26,27,0,1
90,26,28,0,1
90,26,29,0,1
90,26,30,0,1
90,26,31,0,1
90,26,32,0,1
90,26,33,0,1
90,26,34,0,1
90,26,35,0,1
90,26,36,0,1
90,26,37,0,1
90,26,38,0,1
90,26,39,0,1
90,26,40,0,1
90,26,41,0,1
90,26,42,0,1
90,26,43,0,1
90,26,44,0,1
90,26,45,0,1
90,26,46,0,1
90,26,47,0,1
90,26,48,0,1
90,26,49,0,1
90,26,50,0,1
90,26,51,0,1
90,26,52,0,1
90,26,53,0,1
90,26,54,0,1
90,26,55,0,1
90,26,56,0,1
90,26,57,0,1
90,26,58,0,1
90,26,59,0,1
90,26,60,0,1
90,26,61,0,1
90,26,62,0,1
90,26,63,0,1
90,27,0,0,1
90,27,1,0,1
90,27,2,0,1
90,27,3,0,1
90,27,4,0,1
90,27,5,0,1
90,27,6,0,1
90,27,7,0,1
90,27,8,0,1
90,27,9,0,1
90,27,10,0,1
90,27,11,0,1
90,27,12,0,1
90,27,13,0,1
90,27,14,0,1
90,27,15,0,1
90,27,16,0,1
90,27,17,0,1
90,27,18,0,1
90,27,19,0,1
90,27,20,0,1
90,27,21,0,1
90,27,22,0,1
90,27,23,0,1
90,27,24,0,1
90,27,25,0,1
90,27,26,0,1
90,27,27,0,1
90,27,28,0,1
90,27,29,0,1
90,27,30,0,1
90,27,31,0,1
90,27,32,0,1
90,27,33,0,1
90,27,34,0,1
90,27,35,0,1
90,27,36,0,1
90,27,37,0,1
90,27,38,0,1
90,27,39,0,1
90,27,40,0,1
90,27,41,0,1
90,27,42,0,1
90,27,43,0,1
90,27,44,0,1
90,27,45,0,1
90,27,46,0,1
90,27,47,0,1
90,27,48,0,1
90,27,49,0,1
90,27,50,0,1
90,27,51,0,1
90,27,52,0,1
90,27,53,0,1
90,27,54,0,1
90,27,55,0,1
90,27,56,0,1
90,27,57,0,1
90,27,58,0,1
90,27,59,0,1
90,27,60,0,1
90,27,61,0,1
90,27,62,0,1
90,27,63,0,1
90,28,0,0,1
90,28,1,0,1
90,28,2,0,1
90,28,3,0,1
90,28,4,0,1
90,28,5,0,1
90,28,6,0,1
90,28,7,0,1
90,28,8,0,1
90,28,9,0,1
90,28,10,0,1
90,28,11,0,1
90,28,12,0,1
90,28,13,0,1
90,28,14,0,1
90,28,15,0,1
90,28,16,0,1
90,28,17,0,1
90,28,18,0,1
90,28,19,0,1
90,28,20,0,1
90,28,21,0,1
90,28,22,0,1
90,28,23,0,1
90,28,24,0,1
90,28,25,0,1
90,28,26,0,1
90,28,27,0,1
90,28,28,0,1
90,28,29,0,1
90,28,30,0,1
90,28,31,0,1
90,28,32,0,1
90,28,33,0,1
90,28,34,0,1
90,28,35,0,1
90,28,36,0,1
90,28,37,0,1
90,28,38,0,1
90,28,39,0,1
90,28,40,0,1
90,28,41,0,1
90,28,42,0,1
90,28,43,0,1
90,28,44,0,1
90,28,45,0,1
90,28,46,0,1
90,28,47,0,1
90,28,48,0,1
90,28,49,0,1
90,28,50,0,1
90,28,51,0,1
90,28,52,0,1
90,28,53,0,1
90,28,54,0,1
90,28,55,0,1
90,28,56,0,1
90,28,57,0,1
90,28,58,0,1
90,28,59,0,1
90,28,60,0,1
90,28,61,0,1
90,28,62,0,1
90,28,63,0,1
90,29,0,0,1
90,29,1,0,1
90,29,2,0,1
90,29,3,0,1
90,29,4,0,1
90,29,5,0,1
90,29,6,0,1
90,29,7,0,1
90,29,8,0,1
90,29,9,0,1
90,29,10,0,1
90,29,11,0,1
90,29,12,0,1
90,29,13,0,1
90,29,14,0,1
90,29,15,0,1
90,29,16,0,1
90,29,17,0,1
90,29,18,0,1
90,29,19,0,1
90,29,20,0,1
90,29,21,0,1
90,29,22,0,1
90,29,23,0,1
90,29,24,0,1
90,29,25,0,1
90,29,26,0,1
90,29,27,0,1
90,29,28,0,1
90,29,29,0,1
90,29,30,0,1
90,29,31,0,1
90,29,32,0,1
90,29,33,0,1
90,29,34,0,1
90,29,35,0,1
90,29,36,0,1
90,29,37,0,1
90,29,38,0,1
90,29,39,0,1
90,29,40,0,1
90,29,41,0,1
90,29,42,0,1
90,29,43,0,1
90,29,44,0,1
90,29,45,0,1
90,29,46,0,1
90,29,47,0,1
90,29,48,0,1
90,29,49,0,1
90,29,50,0,1
90,29,51,0,1
90,29,52,0,1
90,29,53,0,1
90,29,54,0,1
90,29,55,0,1
90,29,56,0,1
90,29,57,0,1
90,29,58,0,1
90,29,59,0,1
90,29,60,0,1
90,29,61,0,1
90,29,62,0,1
90,29,63,0,1
90,30,0,0,1
90,30,1,0,1
90,30,2,0,1
90,30,3,0,1
90,30,4,0,1
90,30,5,0,1
90,30,6,0,1
90,30,7,0,1
90,30,8,0,1
90,30,9,0,1
90,30,10,0,1
90,30,11,0,1
90,30,12,0,1
90,30,13,0,1
90,30,14,0,1
90,30,15,0,1
90,30,16,0,1
90,30,17,0,1
90,30,18,0,1
90,30,19,0,1
90,30,20,0,1
90,30,21,0,1
90,30,22,0,1
90,30,23,0,1
90,30,24,0,1
90,30,25,0,1
90,30,26,0,1
90,30,27,0,1
90,30,28,0,1
90,30,29,0,1
90,30,30,0,1
90,30,31,0,1
90,30,32,0,1
90,30,33,0,1
90,30,34,0,1
90,30,35,0,1
90,30,36,0,1
90,30,37,0,1
90,30,38,0,1
90,30,39,0,1
90,30,40,0,1
90,30,41,0,1
90,30,42,0,1
90,30,43,0,1
90,30,44,0,1
90,30,45,0,1
90,30,46,0,1
90,30,47,0,1
90,30,48,0,1
90,30,49,0,1
90,30,50,0,1
90,30,51,0,1
90,30,52,0,1
90,30,53,0,1
90,30,54,0,1
90,30,55,0,1
90,30,56,0,1
90,30,57,0,1
90,30,58,0,1
90,30,59,0,1
90,30,60,0,1
90,30,61,0,1
90,30,62,0,1
90,30,63,0,1
90,31,0,0,1
90,31,1,0,1
90,31,2,0,1
90,31,3,0,1
90,31,4,0,1
90,31,5,0,1
90,31,6,0,1
90,31,7,0,1
90,31,8,0,1
90,31,9,0,1
90,31,10,0,1
90,31,11,0,1
90,31,12,0,1
90,31,13,0,1
90,31,14,0,1
90,31,15,0,1
90,31,16,0,1
90,31,17,0,1
90,31,18,0,1
90,31,19,0,1
90,31,20,0,1
90,31,21,0,1
90,31,22,0,1
90,31,23,0,1
90,31,24,0,1
90,31,25,0,1
90,31,26,0,1
90,31,27,0,1
90,31,28,0,1
90,31,29,0,1
90,31,30,0,1
90,31,31,0,1
90,31,32,0,1
90,31,33,0,1
90,31,34,0,1
90,31,35,0,1
90,31,36,0,1
90,31,37,0,1
90,31,38,0,1
90,31,39,0,1
90,31,40,0,1
90,31,41,0,1
90,31,42,0,1
90,31,43,0,1
90,31,44,0,1
90,31,45,0,1
90,31,46,0,1
90,31,47,0,1
90,31,48,0,1
90,31,49,0,1
90,31,50,0,1
90,31,51,0,1
90,31,52,0,1
90,31,53,0,1
90,31,54,0,1
90,31,55,0,1
90,31,56,0,1
90,31,57,0,1
90,31,58,0,1
90,31,59,0,1
90,31,60,0,1
90,31,61,0,1
90,31,62,0,1
90,31,63,0,1
90,32,0,0,1
90,32,1,0,1
90,32,2,0,1
90,32,3,0,1
90,32,4,0,1
90,32,5,0,1
90,32,6,0,1
90,32,7,0,1
90,32,8,0,1
90,32,9,0,1
90,32,10,0,1
90,32,11,0,1
90,32,12,0,1
90,32,13,0,1
90,32,14,0,1
90,32,15,0,1
90,32,16,0,1
90,32,17,0,1
90,32,18,0,1
90,32,19,0,1
90,32,20,0,1
90,32,21,0,1
90,32,22,0,1
90,32,23,0,1
90,32,24,0,1
90,32,25,0,1
90,32,26,0,1
90,32,27,0,1
90,32,28,0,1
90,32,29,0,1
90,32,30,0,1
90,32,31,0,1
90,32,32,0,1
90,32,33,0,1
90,32,34,0,1
90,32,35,0,1
90,32,36,0,1
90,32,37,0,1
90,32,38,0,1
90,32,39,0,1
90,32,40,0,1
90,32,41,0,1
90,32,42,0,1
90,32,43,0,1
90,32,44,0,1
90,32,45,0,1
90,32,46,0,1
90,32,47,0,1
90,32,48,0,1
90,32,49,0,1
90,32,50,0,1
90,32,51,0,1
90,32,52,0,1
90,32,53,0,1
90,32,54,0,1
90,32,55,0,1
90,32,56,0,1
90,32,57,0,1
90,32,58,0,1
90,32,59,0,1
90,32,60,0,1
90,32,61,0,1
90,32,62,0,1
90,32,63,0,1
90,33,0,0,1
90,33,1,0,1
90,33,2,0,1
90,33,3,0,1
90,33,4,0,1
90,33,5,0,1
90,33,6,0,1
90,33,7,0,1
90,33,8,0,1
90,33,9,0,1
90,33,10,0,1
90,33,11,0,1
90,33,12,0,1
90,33,13,0,1
90,33,14,0,1
90,33,15,0,1
90,33,16,0,1
90,33,17,0,1
90,33,18,0,1
90,33,19,0,1
90,33,20,0,1
90,33,21,0,1
90,33,22,0,1
90,33,23,0,1
90,33,24,0,1
90,33,25,0,1
90,33,26,0,1
90,33,27,0,1
90,33,28,0,1
90,33,29,0,1
90,33,30,0,1
90,33,31,0,1
90,33,32,0,1
90,33,33,0,1
90,33,34,0,1
90,33,35,0,1
90,33,36,0,1
90,33,37,0,1
90,33,38,0,1
90,33,39,0,1
90,33,40,0,1
90,33,41,0,1
90,33,42,0,1
90,33,43,0,1
90,33,44,0,1
90,33,45,0,1
90,33,46,0,1
90,33,47,0,1
90,33,48,0,1
90,33,49,0,1
90,33,50,0,1
90,33,51,0,1
90,33,52,0,1
90,33,53,0,1
90,33,54,0,1
90,33,55,0,1
90,33,56,0,1
90,33,57,0,1
90,33,58,0,1
90,33,59,0,1
90,33,60,0,1
90,33,61,0,1
90,33,62,0,1
90,33,63,0,1
90,34,0,0,1
90,34,1,0,1
90,34,2,0,1
90,34,3,0,1
90,34,4,0,1
90,34,5,0,1
90,34,6,0,1
90,34,7,0,1
90,34,8,0,1
90,34,9,0,1
90,34,10,0,1
90,34,11,0,1
90,34,12,0,1
90,34,13,0,1
90,34,14,0,1
90,34,15,0,1
90,34,16,0,1
90,34,17,0,1
90,34,18,0,1
90,34,19,0,1
90,34,20,0,1
90,34,21,0,1
90,34,22,0,1
90,34,23,0,1
90,34,24,0,1
90,34,25,0,1
90,34,26,0,1
90,34,27,0,1
90,34,28,0,1
90,34,29,0,1
90,34,30,0,1
90,34,31,0,1
90,34,32,0,1
90,34,33,0,1
90,34,34,0,1
90,34,35,0,1
90,34,36,0,1
90,34,37,0,1
90,34,38,0,1
90,34,39,0,1
90,34,40,0,1
90,34,41,0,1
90,34,42,0,1
90,34,43,0,1
90,34,44,0,1
90,34,45,0,1
90,34,46,0,1
90,34,47,0,1
90,34,48,0,1
90,34,49,0,1
90,34,50,0,1
90,34,51,0,1
90,34,52,0,1
90,34,53,0,1
90,34,54,0,1
90,34,55,0,1
90,34,56,0,1
90,34,57,0,1
90,34,58,0,1
90,34,59,0,1
90,34,60,0,1
90,34,61,0,1
90,34,62,0,1
90,34,63,0,1
90,35,0,0,1
90,35,1,0,1
90,35,2,0,1
90,35,3,0,1
90,35,4,0,1
90,35,5,0,1
90,35,6,0,1
90,35,7,0,1
90,35,8,0,1
90,35,9,0,1
90,35,10,0,1
90,35,11,0,1
90,35,12,0,1
90,35,13,0,1
90,35,14,0,1
90,35,15,0,1
90,35,16,0,1
90,35,17,0,1
90,35,18,0,1
90,35,19,0,1
90,35,20,0,1
90,35,21,0,1
90,35,22,0,1
90,35,23,0,1
90,35,24,0,1
90,35,25,0,1
90,35,26,0,1
90,35,27,0,1
90,35,28,0,1
90,35,29,0,1
90,35,30,0,1
90,35,31,0,1
90,35,32,0,1
90,35,33,0,1
90,35,34,0,1
90,35,35,0,1
90,35,36,0,1
90,35,37,0,1
90,35,38,0,1
90,35,39,0,1
90,35,40,0,1
90,35,41,0,1
90,35,42,0,1
90,35,43,0,1
90,35,44,0,1
90,35,45,0,1
90,35,46,0,1
90,35,47,0,1
90,35,48,0,1
90,35,49,0,1
90,35,50,0,1
90,35,51,0,1
90,35,52,0,1
90,35,53,0,1
90,35,54,0,1
90,35,55,0,1
90,35,56,0,1
90,35,57,0,1
90,35,58,0,1
90,35,59,0,1
90,35,60,0,1
90,35,61,0,1
90,35,62,0,1
90,35,63,0,1
90,36,0,0,1
90,36,1,0,1
90,36,2,0,1
90,36,3,0,1
90,36,4,0,1
90,36,5,0,1
90,36,6,0,1
90,36,7,0,1
90,36,8,0,1
90,36,9,0,1
90,36,10,0,1
90,36,11,0,1
90,36,12,0,1
90,36,13,0,1
90,36,14,0,1
90,36,15,0,1
90,36,16,0,1
90,36,17,0,1
90,36,18,0,1
90,36,19,0,1
90,36,20,0,1
90,36,21,0,1
90,36,22,0,1
90,36,23,0,1
90,36,24,0,1
90,36,25,0,1
90,36,26,0,1
90,36,27,0,1
90,36,28,0,1
90,36,29,0,1
90,36,30,0,1
90,36,31,0,1
90,36,32,0,1
90,36,33,0,1
90,36,34,0,1
90,36,35,0,1
90,36,36,0,1
90,36,37,0,1
90,36,38,0,1
90,36,39,0,1
90,36,40,0,1
90,36,41,0,1
90,36,42,0,1
90,36,43,0,1
90,36,44,0,1
90,36,45,0,1
90,36,46,0,1
90,36,47,0,1
90,36,48,0,1
90,36,49,0,1
90,36,50,0,1
90,36,51,0,1
90,36,52,0,1
90,36,53,0,1
90,36,54,0,1
90,36,55,0,1
90,36,56,0,1
90,36,57,0,1
90,36,58,0,1
90,36,59,0,1
90,36,60,0,1
90,36,61,0,1
90,36,62,0,1
90,36,63,0,1
90,37,0,0,1
90,37,1,0,1
90,37,2,0,1
90,37,3,0,1
90,37,4,0,1
90,37,5,0,1
90,37,6,0,1
90,37,7,0,1
90,37,8,0,1
90,37,9,0,1
90,37,10,0,1
90,37,11,0,1
90,37,12,0,1
90,37,13,0,1
90,37,14,0,1
90,37,15,0,1
90,37,16,0,1
90,37,17,0,1
90,37,18,0,1
90,37,19,0,1
90,37,20,0,1
90,37,21,0,1
90,37,22,0,1
90,37,23,0,1
90,37,24,0,1
90,37,25,0,1
90,37,26,0,1
90,37,27,0,1
90,37,28,0,1
90,37,29,0,1
90,37,30,0,1
90,37,31,0,1
90,37,32,0,1
90,37,33,0,1
90,37,34,0,1
90,37,35,0,1
90,37,36,0,1
90,37,37,0,1
90,37,38,0,1
90,37,39,0,1
90,37,40,0,1
90,37,41,0,1
90,37,42,0,1
90,37,43,0,1
90,37,44,0,1
90,37,45,0,1
90,37,46,0,1
90,37,47,0,1
90,37,48,0,1
90,37,49,0,1
90,37,50,0,1
90,37,51,0,1
90,37,52,0,1
90,37,53,0,1
90,37,54,0,1
90,37,55,0,1
90,37,56,0,1
90,37,57,0,1
90,37,58,0,1
90,37,59,0,1
90,37,60,0,1
90,37,61,0,1
90,37,62,0,1
90,37,63,0,1
90,38,0,0,1
90,38,1,0,1
90,38,2,0,1
90,38,3,0,1
90,38,4,0,1
90,38,5,0,1
90,38,6,0,1
90,38,7,0,1
90,38,8,0,1
90,38,9,0,1
90,38,10,0,1
90,38,11,0,1
90,38,12,0,1
90,38,13,0,1
90,38,14,0,1
90,38,15,0,1
90,38,16,0,1
90,38,17,0,1
90,38,18,0,1
90,38,19,0,1
90,38,20,0,1
90,38,21,0,1
90,38,22,0,1
90,38,23,0,1
90,38,24,0,1
90,38,25,0,1
90,38,26,0,1
90,38,27,0,1
90,38,28,0,1
90,38,29,0,1
90,38,30,0,1
90,38,31,0,1
90,38,32,0,1
90,38,33,0,1
90,38,34,0,1
90,38,35,0,1
90,38,36,0,1
90,38,37,0,1
90,38,38,0,1
90,38,39,0,1
90,38,40,0,1
90,38,41,0,1
90,38,42,0,1
90,38,43,0,1
90,38,44,0,1
90,38,45,0,1
90,38,46,0,1
90,38,47,0,1
90,38,48,0,1
90,38,49,0,1
90,38,50,0,1
90,38,51,0,1
90,38,52,0,1
90,38,53,0,1
90,38,54,0,1
90,38,55,0,1
90,38,56,0,1
90,38,57,0,1
90,38,58,0,1
90,38,59,0,1
90,38,60,0,1
90,38,61,0,1
90,38,62,0,1
90,38,63,0,1
90,39,0,0,1
90,39,1,0,1
90,39,2,0,1
90,39,3,0,1
90,39,4,0,1
90,39,5,0,1
90,39,6,0,1
90,39,7,0,1
90,39,8,0,1
90,39,9,0,1
90,39,10,0,1
90,39,11,0,1
90,39,12,0,1
90,39,13,0,1
90,39,14,0,1
90,39,15,0,1
90,39,16,0,1
90,39,17,0,1
90,39,18,0,1
90,39,19,0,1
90,39,20,0,1
90,39,21,0,1
90,39,22,0,1
90,39,23,0,1
90,39,24,0,1
90,39,25,0,1
90,39,26,0,1
90,39,27,0,1
90,39,28,0,1
90,39,29,0,1
90,39,30,0,1
90,39,31,0,1
90,39,32,0,1
90,39,33,0,1
90,39,34,0,1
90,39,35,0,1
90,39,36,0,1
90,39,37,0,1
90,39,38,0,1
90,39,39,0,1
90,39,40,0,1
90,39,41,0,1
90,39,42,0,1
90,39,43,0,1
90,39,44,0,1
90,39,45,0,1
90,39,46,0,1
90,39,47,0,1
90,39,48,0,1
90,39,49,0,1
90,39,50,0,1
90,39,51,0,1
90,39,52,0,1
90,39,53,0,1
90,39,54,0,1
90,39,55,0,1
90,39,56,0,1
90,39,57,0,1
90,39,58,0,1
90,39,59,0,1
90,39,60,0,1
90,39,61,0,1
90,39,62,0,1
90,39,63,0,1
90,40,0,0,1
90,40,1,0,1
90,40,2,0,1
90,40,3,0,1
90,40,4,0,1
90,40,5,0,1
90,40,6,0,1
90,40,7,0,1
90,40,8,0,1
90,40,9,0,1
90,40,10,0,1
90,40,11,0,1
90,40,12,0,1
90,40,13,0,1
90,40,14,0,1
90,40,15,0,1
90,40,16,0,1
90,40,17,0,1
90,40,18,0,1
90,40,19,0,1
90,40,20,0,1
90,40,21,0,1
90,40,22,0,1
90,40,23,0,1
90,40,24,0,1
90,40,25,0,1
90,40,26,0,1
90,40,27,0,1
90,40,28,0,1
90,40,29,0,1
90,40,30,0,1
90,40,31,0,1
90,40,32,0,1
90,40,33,0,1
90,40,34,0,1
90,40,35,0,1
90,40,36,0,1
90,40,37,0,1
90,40,38,0,1
90,40,39,0,1
90,40,40,0,1
90,40,41,0,1
90,40,42,0,1
90,40,43,0,1
90,40,44,0,1
90,40,45,0,1
90,40,46,0,1
90,40,47,0,1
90,40,48,0,1
90,40,49,0,1
90,40,50,0,1
90,40,51,0,1
90,40,52,0,1
90,40,53,0,1
90,40,54,0,1
90,40,55,0,1
90,40,56,0,1
90,40,57,0,1
90,40,58,0,1
90,40,59,0,1
90,40,60,0,1
90,40,61,0,1
90,40,62,0,1
90,40,63,0,1
90,41,0,0,1
90,41,1,0,1
90,41,2,0,1
90,41,3,0,1
90,41,4,0,1
90,41,5,0,1
90,41,6,0,1
90,41,7,0,1
90,41,8,0,1
90,41,9,0,1
90,41,10,0,1
90,41,11,0,1
90,41,12,0,1
90,41,13,0,1
90,41,14,0,1
90,41,15,0,1
90,41,16,0,1
90,41,17,0,1
90,41,18,0,1
90,41,19,0,1
90,41,20,0,1
90,41,21,0,1
90,41,22,0,1
90,41,23,0,1
90,41,24,0,1
90,41,25,0,1
90,41,26,0,1
90,41,27,0,1
90,41,28,0,1
90,41,29,0,1
90,41,30,0,1
90,41,31,0,1
90,41,32,0,1
90,41,33,0,1
90,41,34,0,1
90,41,35,0,1
90,41,36,0,1
90,41,37,0,1
90,41,38,0,1
90,41,39,0,1
90,41,40,0,1
90,41,41,0,1
90,41,42,0,1
90,41,43,0,1
90,41,44,0,1
90,41,45,0,1
90,41,46,0,1
90,41,47,0,1
90,41,48,0,1
90,41,49,0,1
90,41,50,0,1
90,41,51,0,1
90,41,52,0,1
90,41,53,0,1
90,41,54,0,1
90,41,55,0,1
90,41,56,0,1
90,41,57,0,1
90,41,58,0,1
90,41,59,0,1
90,41,60,0,1
90,41,61,0,1
90,41,62,0,1
90,41,63,0,1
90,42,0,0,1
90,42,1,0,1
90,42,2,0,1
90,42,3,0,1
90,42,4,0,1
90,42,5,0,1
90,42,6,0,1
90,42,7,0,1
90,42,8,0,1
90,42,9,0,1
90,42,10,0,1
90,42,11,0,1
90,42,12,0,1
90,42,13,0,1
90,42,14,0,1
90,42,15,0,1
90,42,16,0,1
90,42,17,0,1
90,42,18,0,1
90,42,19,0,1
90,42,20,0,1
90,42,21,0,1
90,42,22,0,1
90,42,23,0,1
90,42,24,0,1
90,42,25,0,1
90,42,26,0,1
90,42,27,0,1
90,42,28,0,1
90,42,29,0,1
90,42,30,0,1
90,42,31,0,1
90,42,32,0,1
90,42,33,0,1
90,42,34,0,1
90,42,35,0,1
90,42,36,0,1
90,42,37,0,1
90,42,38,0,1
90,42,39,0,1
90,42,40,0,1
90,42,41,0,1
90,42,42,0,1
90,42,43,0,1
90,42,44,0,1
90,42,45,0,1
90,42,46,0,1
90,42,47,0,1
90,42,48,0,1
90,42,49,0,1
90,42,50,0,1
90,42,51,0,1
90,42,52,0,1
90,42,53,0,1
90,42,54,0,1
90,42,55,0,1
90,42,56,0,1
90,42,57,0,1
90,42,58,0,1
90,42,59,0,1
90,42,60,0,1
90,42,61,0,1
90,42,62,0,1
90,42,63,0,1
90,43,0,0,1
90,43,1,0,1
90,43,2,0,1
90,43,3,0,1
90,43,4,0,1
90,43,5,0,1
90,43,6,0,1
90,43,7,0,1
90,43,8,0,1
90,43,9,0,1
90,43,10,0,1
90,43,11,0,1
90,43,12,0,1
90,43,13,0,1
90,43,14,0,1
90,43,15,0,1
90,43,16,0,1
90,43,17,0,1
90,43,18,0,1
90,43,19,0,1
90,43,20,0,1
90,43,21,0,1
90,43,22,0,1
90,43,23,0,1
90,43,24,0,1
90,43,25,0,1
90,43,26,0,1
90,43,27,0,1
90,43,28,0,1
90,43,29,0,1
90,43,30,0,1
90,43,31,0,1
90,43,32,0,1
90,43,33,0,1
90,43,34,0,1
90,43,35,0,1
90,43,36,0,1
90,43,37,0,1
90,43,38,0,1
90,43,39,0,1
90,43,40,0,1
90,43,41,0,1
90,43,42,0,1
90,43,43,0,1
90,43,44,0,1
90,43,45,0,1
90,43,46,0,1
90,43,47,0,1
90,43,48,0,1
90,43,49,0,1
90,43,50,0,1
90,43,51,0,1
90,43,52,0,1
90,43,53,0,1
90,43,54,0,1
90,43,55,0,1
90,43,56,0,1
90,43,57,0,1
90,43,58,0,1
90,43,59,0,1
90,43,60,0,1
90,43,61,0,1
90,43,62,0,1
90,43,63,0,1
90,44,0,0,1
90,44,1,0,1
90,44,2,0,1
90,44,3,0,1
90,44,4,0,1
90,44,5,0,1
90,44,6,0,1
90,44,7,0,1
90,44,8,0,1
90,44,9,0,1
90,44,10,0,1
90,44,11,0,1
90,44,12,0,1
90,44,13,0,1
90,44,14,0,1
90,44,15,0,1
90,44,16,0,1
90,44,17,0,1
90,44,18,0,1
90,44,19,0,1
90,44,20,0,1
90,44,21,0,1
90,44,22,0,1
90,44,23,0,1
90,44,24,0,1
90,44,25,0,1
90,44,26,0,1
90,44,27,0,1
90,44,28,0,1
90,44,29,0,1
90,44,30,0,1
90,44,31,0,1
90,44,32,0,1
90,44,33,0,1
90,44,34,0,1
90,44,35,0,1
90,44,36,0,1
90,44,37,0,1
90,44,38,0,1
90,44,39,0,1
90,44,40,0,1
90,44,41,0,1
90,44,42,0,1
90,44,43,0,1
90,44,44,0,1
90,44,45,0,1
90,44,46,0,1
90,44,47,0,1
90,44,48,0,1
90,44,49,0,1
90,44,50,0,1
90,44,51,0,1
90,44,52,0,1
90,44,53,0,1
90,44,54,0,1
90,44,55,0,1
90,44,56,0,1
90,44,57,0,1
90,44,58,0,1
90,44,59,0,1
90,44,60,0,1
90,44,61,0,1
90,44,62,0,1
90,44,63,0,1
90,45,0,0,1
90,45,1,0,1
90,45,2,0,1
90,45,3,0,1
90,45,4,0,1
90,45,5,0,1
90,45,6,0,1
90,45,7,0,1
90,45,8,0,1
90,45,9,0,1
90,45,10,0,1
90,45,11,0,1
90,45,12,0,1
90,45,13,0,1
90,45,14,0,1
90,45,15,0,1
90,45,16,0,1
90,45,17,0,1
90,45,18,0,1
90,45,19,0,1
90,45,20,0,1
90,45,21,0,1
90,45,22,0,1
90,45,23,0,1
90,45,24,0,1
90,45,25,0,1
90,45,26,0,1
90,45,27,0,1
90,45,28,0,1
90,45,29,0,1
90,45,30,0,1
90,45,31,0,1
90,45,32,0,1
90,45,33,0,1
90,45,34,0,1
90,45,35,0,1
90,45,36,0,1
90,45,37,0,1
90,45,38,0,1
90,45,39,0,1
90,45,40,0,1
90,45,41,0,1
90,45,42,0,1
90,45,43,0,1
90,45,44,0,1
90,45,45,0,1
90,45,46,0,1
90,45,47,0,1
90,45,48,0,1
90,45,49,0,1
90,45,50,0,1
90,45,51,0,1
90,45,52,0,1
90,45,53,0,1
90,45,54,0,1
90,45,55,0,1
90,45,56,0,1
90,45,57,0,1
90,45,58,0,1
90,45,59,0,1
90,45,60,0,1
90,45,61,0,1
90,45,62,0,1
90,45,63,0,1
90,46,0,0,1
90,46,1,0,1
90,46,2,0,1
90,46,3,0,1
90,46,4,0,1
90,46,5,0,1
90,46,6,0,1
90,46,7,0,1
90,46,8,0,1
90,46,9,0,1
90,46,10,0,1
90,46,11,0,1
90,46,12,0,1
90,46,13,0,1
90,46,14,0,1
90,46,15,0,1
90,46,16,0,1
90,46,17,0,1
90,46,18,0,1
90,46,19,0,1
90,46,20,0,1
90,46,21,0,1
90,46,22,0,1
90,46,23,0,1
90,46,24,0,1
90,46,25,0,1
90,46,26,0,1
90,46,27,0,1
90,46,28,0,1
90,46,29,0,1
90,46,30,0,1
90,46,31,0,1
90,46,32,0,1
90,46,33,0,1
90,46,34,0,1
90,46,35,0,1
90,46,36,0,1
90,46,37,0,1
90,46,38,0,1
90,46,39,0,1
90,46,40,0,1
90,46,41,0,1
90,46,42,0,1
90,46,43,0,1
90,46,44,0,1
90,46,45,0,1
90,46,46,0,1
90,46,47,0,1
90,46,48,0,1
90,46,49,0,1
90,46,50,0,1
90,46,51,0,1
90,46,52,0,1
90,46,53,0,1
90,46,54,0,1
90,46,55,0,1
90,46,56,0,1
90,46,57,0,1
90,46,58,0,1
90,46,59,0,1
90,46,60,0,1
90,46,61,0,1
90,46,62,0,1
90,46,63,0,1
90,47,0,0,1
90,47,1,0,1
90,47,2,0,1
90,47,3,0,1
90,47,4,0,1
90,47,5,0,1
90,47,6,0,1
90,47,7,0,1
90,47,8,0,1
90,47,9,0,1
90,47,10,0,1
90,47,11,0,1
90,47,12,0,1
90,47,13,0,1
90,47,14,0,1
90,47,15,0,1
90,47,16,0,1
90,47,17,0,1
90,47,18,0,1
90,47,19,0,1
90,47,20,0,1
90,47,21,0,1
90,47,22,0,1
90,47,23,0,1
90,47,24,0,1
90,47,25,0,1
90,47,26,0,1
90,47,27,0,1
90,47,28,0,1
90,47,29,0,1
90,47,30,0,1
90,47,31,0,1
90,47,32,0,1
90,47,33,0,1
90,47,34,0,1
90,47,35,0,1
90,47,36,0,1
90,47,37,0,1
90,47,38,0,1
90,47,39,0,1
90,47,40,0,1
90,47,41,0,1
90,47,42,0,1
90,47,43,0,1
90,47,44,0,1
90,47,45,0,1
90,47,46,0,1
90,47,47,0,1
90,47,48,0,1
90,47,49,0,1
90,47,50,0,1
90,47,51,0,1
90,47,52,0,1
90,47,53,0,1
90,47,54,0,1
90,47,55,0,1
90,47,56,0,1
90,47,57,0,1
90,47,58,0,1
90,47,59,0,1
90,47,60,0,1
90,47,61,0,1
90,47,62,0,1
90,47,63,0,1
90,48,0,0,1
90,48,1,0,1
90,48,2,0,1
90,48,3,0,1
90,48,4,0,1
90,48,5,0,1
90,48,6,0,1
90,48,7,0,1
90,48,8,0,1
90,48,9,0,1
90,48,10,0,1
90,48,11,0,1
90,48,12,0,1
90,48,13,0,1
90,48,14,0,1
90,48,15,0,1
90,48,16,0,1
90,48,17,0,1
90,48,18,0,1
90,48,19,0,1
90,48,20,0,1
90,48,21,0,1
90,48,22,0,1
90,48,23,0,1
90,48,24,0,1
90,48,25,0,1
90,48,26,0,1
90,48,27,0,1
90,48,28,0,1
90,48,29,0,1
90,48,30,0,1
90,48,31,0,1
90,48,32,0,1
90,48,33,0,1
90,48,34,0,1
90,48,35,0,1
90,48,36,0,1
90,48,37,0,1
90,48,38,0,1
90,48,39,0,1
90,48,40,0,1
90,48,41,0,1
90,48,42,0,1
90,48,43,0,1
90,48,44,0,1
90,48,45,0,1
90,48,46,0,1
90,48,47,0,1
90,48,48,0,1
90,48,49,0,1
90,48,50,0,1
90,48,51,0,1
90,48,52,0,1
90,48,53,0,1
90,48,54,0,1
90,48,55,0,1
90,48,56,0,1
90,48,57,0,1
90,48,58,0,1
90,48,59,0,1
90,48,60,0,1
90,48,61,0,1
90,48,62,0,1
90,48,63,0,1
90,49,0,0,1
90,49,1,0,1
90,49,2,0,1
90,49,3,0,1
90,49,4,0,1
90,49,5,0,1
90,49,6,0,1
90,49,7,0,1
90,49,8,0,1
90,49,9,0,1
90,49,10,0,1
90,49,11,0,1
90,49,12,0,1
90,49,13,0,1
90,49,14,0,1
90,49,15,0,1
90,49,16,0,1
90,49,17,0,1
90,49,18,0,1
90,49,19,0,1
90,49,20,0,1
90,49,21,0,1
90,49,22,0,1
90,49,23,0,1
90,49,24,0,1
90,49,25,0,1
90,49,26,0,1
90,49,27,0,1
90,49,28,0,1
90,49,29,0,1
90,49,30,0,1
90,49,31,0,1
90,49,32,0,1
90,49,33,0,1
90,49,34,0,1
90,49,35,0,1
90,49,36,0,1
90,49,37,0,1
90,49,38,0,1
90,49,39,0,1
90,49,40,0,1
90,49,41,0,1
90,49,42,0,1
90,49,43,0,1
90,49,44,0,1
90,49,45,0,1
90,49,46,0,1
90,49,47,0,1
90,49,48,0,1
90,49,49,0,1
90,49,50,0,1
90,49,51,0,1
90,49,52,0,1
90,49,53,0,1
90,49,54,0,1
90,49,55,0,1
90,49,56,0,1
90,49,57,0,1
90,49,58,0,1
90,49,59,0,1
90,49,60,0,1
90,49,61,0,1
90,49,62,0,1
90,49,63,0,1
90,50,0,0,1
90,50,1,0,1
90,50,2,0,1
90,50,3,0,1
90,50,4,0,1
90,50,5,0,1
90,50,6,0,1
90,50,7,0,1
90,50,8,0,1
90,50,9,0,1
90,50,10,0,1
90,50,11,0,1
90,50,12,0,1
90,50,13,0,1
90,50,14,0,1
90,50,15,0,1
90,50,16,0,1
90,50,17,0,1
90,50,18,0,1
90,50,19,0,1
90,50,20,0,1
90,50,21,0,1
90,50,22,0,1
90,50,23,0,1
90,50,24,0,1
90,50,25,0,1
90,50,26,0,1
90,50,27,0,1
90,50,28,0,1
90,50,29,0,1
90,50,30,0,1
90,50,31,0,1
90,50,32,0,1
90,50,33,0,1
90,50,34,0,1
90,50,35,0,1
90,50,36,0,1
90,50,37,0,1
90,50,38,0,1
90,50,39,0,1
90,50,40,0,1
90,50,41,0,1
90,50,42,0,1
90,50,43,0,1
90,50,44,0,1
90,50,45,0,1
90,50,46,0,1
90,50,47,0,1
90,50,48,0,1
90,50,49,0,1
90,50,50,0,1
90,50,51,0,1
90,50,52,0,1
90,50,53,0,1
90,50,54,0,1
90,50,55,0,1
90,50,56,0,1
90,50,57,0,1
90,50,58,0,1
90,50,59,0,1
90,50,60,0,1
90,50,61,0,1
90,50,62,0,1
90,50,63,0,1
90,51,0,0,1
90,51,1,0,1
90,51,2,0,1
90,51,3,0,1
90,51,4,0,1
90,51,5,0,1
90,51,6,0,1
90,51,7,0,1
90,51,8,0,1
90,51,9,0,1
90,51,10,0,1
90,51,11,0,1
90,51,12,0,1
90,51,13,0,1
90,51,14,0,1
90,51,15,0,1
90,51,16,0,1
90,51,17,0,1
90,51,18,0,1
90,51,19,0,1
90,51,20,0,1
90,51,21,0,1
90,51,22,0,1
90,51,23,0,1
90,51,24,0,1
90,51,25,0,1
90,51,26,0,1
90,51,27,0,1
90,51,28,0,1
90,51,29,0,1
90,51,30,0,1
90,51,31,0,1
90,51,32,0,1
90,51,33,0,1
90,51,34,0,1
90,51,35,0,1
90,51,36,0,1
90,51,37,0,1
90,51,38,0,1
90,51,39,0,1
90,51,40,0,1
90,51,41,0,1
90,51,42,0,1
90,51,43,0,1
90,51,44,0,1
90,51,45,0,1
90,51,46,0,1
90,51,47,0,1
90,51,48,0,1
90,51,49,0,1
90,51,50,0,1
90,51,51,0,1
90,51,52,0,1
90,51,53,0,1
90,51,54,0,1
90,51,55,0,1
90,51,56,0,1
90,51,57,0,1
90,51,58,0,1
90,51,59,0,1
90,51,60,0,1
90,51,61,0,1
90,51,62,0,1
90,51,63,0,1
90,52,0,0,1
90,52,1,0,1
90,52,2,0,1
90,52,3,0,1
90,52,4,0,1
90,52,5,0,1
90,52,6,0,1
90,52,7,0,1
90,52,8,0,1
90,52,9,0,1
90,52,10,0,1
90,52,11,0,1
90,52,12,0,1
90,52,13,0,1
90,52,14,0,1
90,52,15,0,1
90,52,16,0,1
90,52,17,0,1
90,52,18,0,1
90,52,19,0,1
90,52,20,0,1
90,52,21,0,1
90,52,22,0,1
90,52,23,0,1
90,52,24,0,1
90,52,25,0,1
90,52,26,0,1
90,52,27,0,1
90,52,28,0,1
90,52,29,0,1
90,52,30,0,1
90,52,31,0,1
90,52,32,0,1
90,52,33,0,1
90,52,34,0,1
90,52,35,0,1
90,52,36,0,1
90,52,37,0,1
90,52,38,0,1
90,52,39,0,1
90,52,40,0,1
90,52,41,0,1
90,52,42,0,1
90,52,43,0,1
90,52,44,0,1
90,52,45,0,1
90,52,46,0,1
90,52,47,0,1
90,52,48,0,1
90,52,49,0,1
90,52,50,0,1
90,52,51,0,1
90,52,52,0,1
90,52,53,0,1
90,52,54,0,1
90,52,55,0,1
90,52,56,0,1
90,52,57,0,1
90,52,58,0,1
90,52,59,0,1
90,52,60,0,1
90,52,61,0,1
90,52,62,0,1
90,52,63,0,1
90,53,0,0,1
90,53,1,0,1
90,53,2,0,1
90,53,3,0,1
90,53,4,0,1
90,53,5,0,1
90,53,6,0,1
90,53,7,0,1
90,53,8,0,1
90,53,9,0,1
90,53,10,0,1
90,53,11,0,1
90,53,12,0,1
90,53,13,0,1
90,53,14,0,1
90,53,15,0,1
90,53,16,0,1
90,53,17,0,1
90,53,18,0,1
90,53,19,0,1
90,53,20,0,1
90,53,21,0,1
90,53,22,0,1
90,53,23,0,1
90,53,24,0,1
90,53,25,0,1
90,53,26,0,1
90,53,27,0,1
90,53,28,0,1
90,53,29,0,1
90,53,30,0,1
90,53,31,0,1
90,53,32,0,1
90,53,33,0,1
90,53,34,0,1
90,53,35,0,1
90,53,36,0,1
90,53,37,0,1
90,53,38,0,1
90,53,39,0,1
90,53,40,0,1
90,53,41,0,1
90,53,42,0,1
90,53,43,0,1
90,53,44,0,1
90,53,45,0,1
90,53,46,0,1
90,53,47,0,1
90,53,48,0,1
90,53,49,0,1
90,53,50,0,1
90,53,51,0,1
90,53,52,0,1
90,53,53,0,1
90,53,54,0,1
90,53,55,0,1
90,53,56,0,1
90,53,57,0,1
90,53,58,0,1
90,53,59,0,1
90,53,60,0,1
90,53,61,0,1
90,53,62,0,1
90,53,63,0,1
90,54,0,0,1
90,54,1,0,1
90,54,2,0,1
90,54,3,0,1
90,54,4,0,1
90,54,5,0,1
90,54,6,0,1
90,54,7,0,1
90,54,8,0,1
90,54,9,0,1
90,54,10,0,1
90,54,11,0,1
90,54,12,0,1
90,54,13,0,1
90,54,14,0,1
90,54,15,0,1
90,54,16,0,1
90,54,17,0,1
90,54,18,0,1
90,54,19,0,1
90,54,20,0,1
90,54,21,0,1
90,54,22,0,1
90,54,23,0,1
90,54,24,0,1
90,54,25,0,1
90,54,26,0,1
90,54,27,0,1
90,54,28,0,1
90,54,29,0,1
90,54,30,0,1
90,54,31,0,1
90,54,32,0,1
90,54,33,0,1
90,54,34,0,1
90,54,35,0,1
90,54,36,0,1
90,54,37,0,1
90,54,38,0,1
90,54,39,0,1
90,54,40,0,1
90,54,41,0,1
90,54,42,0,1
90,54,43,0,1
90,54,44,0,1
90,54,45,0,1
90,54,46,0,1
90,54,47,0,1
90,54,48,0,1
90,54,49,0,1
90,54,50,0,1
90,54,51,0,1
90,54,52,0,1
90,54,53,0,1
90,54,54,0,1
90,54,55,0,1
90,54,56,0,1
90,54,57,0,1
90,54,58,0,1
90,54,59,0,1
90,54,60,0,1
90,54,61,0,1
90,54,62,0,1
90,54,63,0,1
90,55,0,0,1
90,55,1,0,1
90,55,2,0,1
90,55,3,0,1
90,55,4,0,1
90,55,5,0,1
90,55,6,0,1
90,55,7,0,1
90,55,8,0,1
90,55,9,0,1
90,55,10,0,1
90,55,11,0,1
90,55,12,0,1
90,55,13,0,1
90,55,14,0,1
90,55,15,0,1
90,55,16,0,1
90,55,17,0,1
90,55,18,0,1
90,55,19,0,1
90,55,20,0,1
90,55,21,0,1
90,55,22,0,1
90,55,23,0,1
90,55,24,0,1
90,55,25,0,1
90,55,26,0,1
90,55,27,0,1
90,55,28,0,1
90,55,29,0,1
90,55,30,0,1
90,55,31,0,1
90,55,32,0,1
90,55,33,0,1
90,55,34,0,1
90,55,35,0,1
90,55,36,0,1
90,55,37,0,1
90,55,38,0,1
90,55,39,0,1
90,55,40,0,1
90,55,41,0,1
90,55,42,0,1
90,55,43,0,1
90,55,44,0,1
90,55,45,0,1
90,55,46,0,1
90,55,47,0,1
90,55,48,0,1
90,55,49,0,1
90,55,50,0,1
90,55,51,0,1
90,55,52,0,1
90,55,53,0,1
90,55,54,0,1
90,55,55,0,1
90,55,56,0,1
90,55,57,0,1
90,55,58,0,1
90,55,59,0,1
90,55,60,0,1
90,55,61,0,1
90,55,62,0,1
90,55,63,0,1
90,56,0,0,1
90,56,1,0,1
90,56,2,0,1
90,56,3,0,1
90,56,4,0,1
90,56,5,0,1
90,56,6,0,1
90,56,7,0,1
90,56,8,0,1
90,56,9,0,1
90,56,10,0,1
90,56,11,0,1
90,56,12,0,1
90,56,13,0,1
90,56,14,0,1
90,56,15,0,1
90,56,16,0,1
90,56,17,0,1
90,56,18,0,1
90,56,19,0,1
90,56,20,0,1
90,56,21,0,1
90,56,22,0,1
90,56,23,0,1
90,56,24,0,1
90,56,25,0,1
90,56,26,0,1
90,56,27,0,1
90,56,28,0,1
90,56,29,0,1
90,56,30,0,1
90,56,31,0,1
90,56,32,0,1
90,56,33,0,1
90,56,34,0,1
90,56,35,0,1
90,56,36,0,1
90,56,37,0,1
90,56,38,0,1
90,56,39,0,1
90,56,40,0,1
90,56,41,0,1
90,56,42,0,1
90,56,43,0,1
90,56,44,0,1
90,56,45,0,1
90,56,46,0,1
90,56,47,0,1
90,56,48,0,1
90,56,49,0,1
90,56,50,0,1
90,56,51,0,1
90,56,52,0,1
90,56,53,0,1
90,56,54,0,1
90,56,55,0,1
90,56,56,0,1
90,56,57,0,1
90,56,58,0,1
90,56,59,0,1
90,56,60,0,1
90,56,61,0,1
90,56,62,0,1
90,56,63,0,1
90,57,0,0,1
90,57,1,0,1
90,57,2,0,1
90,57,3,0,1
90,57,4,0,1
90,57,5,0,1
90,57,6,0,1
90,57,7,0,1
90,57,8,0,1
90,57,9,0,1
90,57,10,0,1
90,57,11,0,1
90,57,12,0,1
90,57,13,0,1
90,57,14,0,1
90,57,15,0,1
90,57,16,0,1
90,57,17,0,1
90,57,18,0,1
90,57,19,0,1
90,57,20,0,1
90,57,21,0,1
90,57,22,0,1
90,57,23,0,1
90,57,24,0,1
90,57,25,0,1
90,57,26,0,1
90,57,27,0,1
90,57,28,0,1
90,57,29,0,1
90,57,30,0,1
90,57,31,0,1
90,57,32,0,1
90,57,33,0,1
90,57,34,0,1
90,57,35,0,1
90,57,36,0,1
90,57,37,0,1
90,57,38,0,1
90,57,39,0,1
90,57,40,0,1
90,57,41,0,1
90,57,42,0,1
90,57,43,0,1
90,57,44,0,1
90,57,45,0,1
90,57,46,0,1
90,57,47,0,1
90,57,48,0,1
90,57,49,0,1
90,57,50,0,1
90,57,51,0,1
90,57,52,0,1
90,57,53,0,1
90,57,54,0,1
90,57,55,0,1
90,57,56,0,1
90,57,57,0,1
90,57,58,0,1
90,57,59,0,1
90,57,60,0,1
90,57,61,0,1
90,57,62,0,1
90,57,63,0,1
90,58,0,0,1
90,58,1,0,1
90,58,2,0,1
90,58,3,0,1
90,58,4,0,1
90,58,5,0,1
90,58,6,0,1
90,58,7,0,1
90,58,8,0,1
90,58,9,0,1
90,58,10,0,1
90,58,11,0,1
90,58,12,0,1
90,58,13,0,1
90,58,14,0,1
90,58,15,0,1
90,58,16,0,1
90,58,17,0,1
90,58,18,0,1
90,58,19,0,1
90,58,20,0,1
90,58,21,0,1
90,58,22,0,1
90,58,23,0,1
90,58,24,0,1
90,58,25,0,1
90,58,26,0,1
90,58,27,0,1
90,58,28,0,1
90,58,29,0,1
90,58,30,0,1
90,58,31,0,1
90,58,32,0,1
90,58,33,0,1
90,58,34,0,1
90,58,35,0,1
90,58,36,0,1
90,58,37,0,1
90,58,38,0,1
90,58,39,0,1
90,58,40,0,1
90,58,41,0,1
90,58,42,0,1
90,58,43,0,1
90,58,44,0,1
90,58,45,0,1
90,58,46,0,1
90,58,47,0,1
90,58,48,0,1
90,58,49,0,1
90,58,50,0,1
90,58,51,0,1
90,58,52,0,1
90,58,53,0,1
90,58,54,0,1
90,58,55,0,1
90,58,56,0,1
90,58,57,0,1
90,58,58,0,1
90,58,59,0,1
90,58,60,0,1
90,58,61,0,1
90,58,62,0,1
90,58,63,0,1
90,59,0,0,1
90,59,1,0,1
90,59,2,0,1
90,59,3,0,1
90,59,4,0,1
90,59,5,0,1
90,59,6,0,1
90,59,7,0,1
90,59,8,0,1
90,59,9,0,1
90,59,10,0,1
90,59,11,0,1
90,59,12,0,1
90,59,13,0,1
90,59,14,0,1
90,59,15,0,1
90,59,16,0,1
90,59,17,0,1
90,59,18,0,1
90,59,19,0,1
90,59,20,0,1
90,59,21,0,1
90,59,22,0,1
90,59,23,0,1
90,59,24,0,1
90,59,25,0,1
90,59,26,0,1
90,59,27,0,1
90,59,28,0,1
90,59,29,0,1
90,59,30,0,1
90,59,31,0,1
90,59,32,0,1
90,59,33,0,1
90,59,34,0,1
90,59,35,0,1
90,59,36,0,1
90,59,37,0,1
90,59,38,0,1
90,59,39,0,1
90,59,40,0,1
90,59,41,0,1
90,59,42,0,1
90,59,43,0,1
90,59,44,0,1
90,59,45,0,1
90,59,46,0,1
90,59,47,0,1
90,59,48,0,1
90,59,49,0,1
90,59,50,0,1
90,59,51,0,1
90,59,52,0,1
90,59,53,0,1
90,59,54,0,1
90,59,55,0,1
90,59,56,0,1
90,59,57,0,1
90,59,58,0,1
90,59,59,0,1
90,59,60,0,1
90,59,61,0,1
90,59,62,0,1
90,59,63,0,1
90,60,0,0,1
90,60,1,0,1
90,60,2,0,1
90,60,3,0,1
90,60,4,0,1
90,60,5,0,1
90,60,6,0,1
90,60,7,0,1
90,60,8,0,1
90,60,9,0,1
90,60,10,0,1
90,60,11,0,1
90,60,12,0,1
90,60,13,0,1
90,60,14,0,1
90,60,15,0,1
90,60,16,0,1
90,60,17,0,1
90,60,18,0,1
90,60,19,0,1
90,60,20,0,1
90,60,21,0,1
90,60,22,0,1
90,60,23,0,1
90,60,24,0,1
90,60,25,0,1
90,60,26,0,1
90,60,27,0,1
90,60,28,0,1
90,60,29,0,1
90,60,30,0,1
90,60,31,0,1
90,60,32,0,1
90,60,33,0,1
90,60,34,0,1
90,60,35,0,1
90,60,36,0,1
90,60,37,0,1
90,60,38,0,1
90,60,39,0,1
90,60,40,0,1
90,60,41,0,1
90,60,42,0,1
90,60,43,0,1
90,60,44,0,1
90,60,45,0,1
90,60,46,0,1
90,60,47,0,1
90,60,48,0,1
90,60,49,0,1
90,60,50,0,1
90,60,51,0,1
90,60,52,0,1
90,60,53,0,1
90,60,54,0,1
90,60,55,0,1
90,60,56,0,1
90,60,57,0,1
90,60,58,0,1
90,60,59,0,1
90,60,60,0,1
90,60,61,0,1
90,60,62,0,1
90,60,63,0,1
90,61,0,0,1
90,61,1,0,1
90,61,2,0,1
90,61,3,0,1
90,61,4,0,1
90,61,5,0,1
90,61,6,0,1
90,61,7,0,1
90,61,8,0,1
90,61,9,0,1
90,61,10,0,1
90,61,11,0,1
90,61,12,0,1
90,61,13,0,1
90,61,14,0,1
90,61,15,0,1
90,61,16,0,1
90,61,17,0,1
90,61,18,0,1
90,61,19,0,1
90,61,20,0,1
90,61,21,0,1
90,61,22,0,1
90,61,23,0,1
90,61,24,0,1
90,61,25,0,1
90,61,26,0,1
90,61,27,0,1
90,61,28,0,1
90,61,29,0,1
90,61,30,0,1
90,61,31,0,1
90,61,32,0,1
90,61,33,0,1
90,61,34,0,1
90,61,35,0,1
90,61,36,0,1
90,61,37,0,1
90,61,38,0,1
90,61,39,0,1
90,61,40,0,1
90,61,41,0,1
90,61,42,0,1
90,61,43,0,1
90,61,44,0,1
90,61,45,0,1
90,61,46,0,1
90,61,47,0,1
90,61,48,0,1
90,61,49,0,1
90,61,50,0,1
90,61,51,0,1
90,61,52,0,1
90,61,53,0,1
90,61,54,0,1
90,61,55,0,1
90,61,56,0,1
90,61,57,0,1
90,61,58,0,1
90,61,59,0,1
90,61,60,0,1
90,61,61,0,1
90,61,62,0,1
90,61,63,0,1
90,62,0,0,1
90,62,1,0,1
90,62,2,0,1
90,62,3,0,1
90,62,4,0,1
90,62,5,0,1
90,62,6,0,1
90,62,7,0,1
90,62,8,0,1
90,62,9,0,1
90,62,10,0,1
90,62,11,0,1
90,62,12,0,1
90,62,13,0,1
90,62,14,0,1
90,62,15,0,1
90,62,16,0,1
90,62,17,0,1
90,62,18,0,1
90,62,19,0,1
90,62,20,0,1
90,62,21,0,1
90,62,22,0,1
90,62,23,0,1
90,62,24,0,1
90,62,25,0,1
90,62,26,0,1
90,62,27,0,1
90,62,28,0,1
90,62,29,0,1
90,62,30,0,1
90,62,31,0,1
90,62,32,0,1
90,62,33,0,1
90,62,34,0,1
90,62,35,0,1
90,62,36,0,1
90,62,37,0,1
90,62,38,0,1
90,62,39,0,1
90,62,40,0,1
90,62,41,0,1
90,62,42,0,1
90,62,43,0,1
90,62,44,0,1
90,62,45,0,1
90,62,46,0,1
90,62,47,0,1
90,62,48,0,1
90,62,49,0,1
90,62,50,0,1
90,62,51,0,1
90,62,52,0,1
90,62,53,0,1
90,62,54,0,1
90,62,55,0,1
90,62,56,0,1
90,62,57,0,1
90,62,58,0,1
90,62,59,0,1
90,62,60,0,1
90,62,61,0,1
90,62,62,0,1
90,62,63,0,1
90,63,0,0,1
90,63,1,0,1
90,63,2,0,1
90,63,3,0,1
90,63,4,0,1
90,63,5,0,1
90,63,6,0,1
90,63,7,0,1
90,63,8,0,1
90,63,9,0,1
90,63,10,0,1
90,63,11,0,1
90,63,12,0,1
90,63,13,0,1
90,63,14,0,1
90,63,15,0,1
90,63,16,0,1
90,63,17,0,1
90,63,18,0,1
90,63,19,0,1
90,63,20,0,1
90,63,21,0,1
90,63,22,0,1
90,63,23,0,1
90,63,24,0,1
90,63,25,0,1
90,63,26,0,1
90,63,27,0,1
90,63,28,0,1
90,63,29,0,1
90,63,30,0,1
90,63,31,0,1
90,63,32,0,1
90,63,33,0,1
90,63,34,0,1
90,63,35,0,1
90,63,36,0,1
90,63,37,0,1
90,63,38,0,1
90,63,39,0,1
90,63,40,0,1
90,63,41,0,1
90,63,42,0,1
90,63,43,0,1
90,63,44,0,1
90,63,45,0,1
90,63,46,0,1
90,63,47,0,1
90,63,48,0,1
90,63,49,0,1
90,63,50,0,1
90,63,51,0,1
90,63,52,0,1
90,63,53,0,1
90,63,54,0,1
90,63,55,0,1
90,63,56,0,1
90,63,57,0,1
90,63,58,0,1
90,63,59,0,1
90,63,60,0,1
90,63,61,0,1
90,63,62,0,1
90,63,63,0,1
90,64,0,0,1
90,64,1,0,1
90,64,2,0,1
90,64,3,0,1
90,64,4,0,1
90,64,5,0,1
90,64,6,0,1
90,64,7,0,1
90,64,8,0,1
90,64,9,0,1
90,64,10,0,1
90,64,11,0,1
90,64,12,0,1
90,64,13,0,1
90,64,14,0,1
90,64,15,0,1
90,64,16,0,1
90,64,17,0,1
90,64,18,0,1
90,64,19,0,1
90,64,20,0,1
90,64,21,0,1
90,64,22,0,1
90,64,23,0,1
90,64,24,0,1
90,64,25,0,1
90,64,26,0,1
90,64,27,0,1
90,64,28,0,1
90,64,29,0,1
90,64,30,0,1
90,64,31,0,1
90,64,32,0,1
90,64,33,0,1
90,64,34,0,1
90,64,35,0,1
90,64,36,0,1
90,64,37,0,1
90,64,38,0,1
90,64,39,0,1
90,64,40,0,1
90,64,41,0,1
90,64,42,0,1
90,64,43,0,1
90,64,44,0,1
90,64,45,0,1
90,64,46,0,1
90,64,47,0,1
90,64,48,0,1
90,64,49,0,1
90,64,50,0,1
90,64,51,0,1
90,64,52,0,1
90,64,53,0,1
90,64,54,0,1
90,64,55,0,1
90,64,56,0,1
90,64,57,0,1
90,64,58,0,1
90,64,59,0,1
90,64,60,0,1
90,64,61,0,1
90,64,62,0,1
90,64,63,0,1
90,65,0,0,1
90,65,1,0,1
90,65,2,0,1
90,65,3,0,1
90,65,4,0,1
90,65,5,0,1
90,65,6,0,1
90,65,7,0,1
90,65,8,0,1
90,65,9,0,1
90,65,10,0,1
90,65,11,0,1
90,65,12,0,1
90,65,13,0,1
90,65,14,0,1
90,65,15,0,1
90,65,16,0,1
90,65,17,0,1
90,65,18,0,1
90,65,19,0,1
90,65,20,0,1
90,65,21,0,1
90,65,22,0,1
90,65,23,0,1
90,65,24,0,1
90,65,25,0,1
90,65,26,0,1
90,65,27,0,1
90,65,28,0,1
90,65,29,0,1
90,65,30,0,1
90,65,31,0,1
90,65,32,0,1
90,65,33,0,1
90,65,34,0,1
90,65,35,0,1
90,65,36,0,1
90,65,37,0,1
90,65,38,0,1
90,65,39,0,1
90,65,40,0,1
90,65,41,0,1
90,65,42,0,1
90,65,43,0,1
90,65,44,0,1
90,65,45,0,1
90,65,46,0,1
90,65,47,0,1
90,65,48,0,1
90,65,49,0,1
90,65,50,0,1
90,65,51,0,1
90,65,52,0,1
90,65,53,0,1
90,65,54,0,1
90,65,55,0,1
90,65,56,0,1
90,65,57,0,1
90,65,58,0,1
90,65,59,0,1
90,65,60,0,1
90,65,61,0,1
90,65,62,0,1
90,65,63,0,1
90,66,0,0,1
90,66,1,0,1
90,66,2,0,1
90,66,3,0,1
90,66,4,0,1
90,66,5,0,1
90,66,6,0,1
90,66,7,0,1
90,66,8,0,1
90,66,9,0,1
90,66,10,0,1
90,66,11,0,1
90,66,12,0,1
90,66,13,0,1
90,66,14,0,1
90,66,15,0,1
90,66,16,0,1
90,66,17,0,1
90,66,18,0,1
90,66,19,0,1
90,66,20,0,1
90,66,21,0,1
90,66,22,0,1
90,66,23,0,1
90,66,24,0,1
90,66,25,0,1
90,66,26,0,1
90,66,27,0,1
90,66,28,0,1
90,66,29,0,1
90,66,30,0,1
90,66,31,0,1
90,66,32,0,1
90,66,33,0,1
90,66,34,0,1
90,66,35,0,1
90,66,36,0,1
90,66,37,0,1
90,66,38,0,1
90,66,39,0,1
90,66,40,0,1
90,66,41,0,1
90,66,42,0,1
90,66,43,0,1
90,66,44,0,1
90,66,45,0,1
90,66,46,0,1
90,66,47,0,1
90,66,48,0,1
90,66,49,0,1
90,66,50,0,1
90,66,51,0,1
90,66,52,0,1
90,66,53,0,1
90,66,54,0,1
90,66,55,0,1
90,66,56,0,1
90,66,57,0,1
90,66,58,0,1
90,66,59,0,1
90,66,60,0,1
90,66,61,0,1
90,66,62,0,1
90,66,63,0,1
90,67,0,0,1
90,67,1,0,1
90,67,2,0,1
90,67,3,0,1
90,67,4,0,1
90,67,5,0,1
90,67,6,0,1
90,67,7,0,1
90,67,8,0,1
90,67,9,0,1
90,67,10,0,1
90,67,11,0,1
90,67,12,0,1
90,67,13,0,1
90,67,14,0,1
90,67,15,0,1
90,67,16,0,1
90,67,17,0,1
90,67,18,0,1
90,67,19,0,1
90,67,20,0,1
90,67,21,0,1
90,67,22,0,1
90,67,23,0,1
90,67,24,0,1
90,67,25,0,1
90,67,26,0,1
90,67,27,0,1
90,67,28,0,1
90,67,29,0,1
90,67,30,0,1
90,67,31,0,1
90,67,32,0,1
90,67,33,0,1
90,67,34,0,1
90,67,35,0,1
90,67,36,0,1
90,67,37,0,1
90,67,38,0,1
90,67,39,0,1
90,67,40,0,1
90,67,41,0,1
90,67,42,0,1
90,67,43,0,1
90,67,44,0,1
90,67,45,0,1
90,67,46,0,1
90,67,47,0,1
90,67,48,0,1
90,67,49,0,1
90,67,50,0,1
90,67,51,0,1
90,67,52,0,1
90,67,53,0,1
90,67,54,0,1
90,67,55,0,1
90,67,56,0,1
90,67,57,0,1
90,67,58,0,1
90,67,59,0,1
90,67,60,0,1
90,67,61,0,1
90,67,62,0,1
90,67,63,0,1
90,68,0,0,1
90,68,1,0,1
90,68,2,0,1
90,68,3,0,1
90,68,4,0,1
90,68,5,0,1
90,68,6,0,1
90,68,7,0,1
90,68,8,0,1
90,68,9,0,1
90,68,10,0,1
90,68,11,0,1
90,68,12,0,1
90,68,13,0,1
90,68,14,0,1
90,68,15,0,1
90,68,16,0,1
90,68,17,0,1
90,68,18,0,1
90,68,19,0,1
90,68,20,0,1
90,68,21,0,1
90,68,22,0,1
90,68,23,0,1
90,68,24,0,1
90,68,25,0,1
90,68,26,0,1
90,68,27,0,1
90,68,28,0,1
90,68,29,0,1
90,68,30,0,1
90,68,31,0,1
90,68,32,0,1
90,68,33,0,1
90,68,34,0,1
90,68,35,0,1
90,68,36,0,1
90,68,37,0,1
90,68,38,0,1
90,68,39,0,1
90,68,40,0,1
90,68,41,0,1
90,68,42,0,1
90,68,43,0,1
90,68,44,0,1
90,68,45,0,1
90,68,46,0,1
90,68,47,0,1
90,68,48,0,1
90,68,49,0,1
90,68,50,0,1
90,68,51,0,1
90,68,52,0,1
90,68,53,0,1
90,68,54,0,1
90,68,55,0,1
90,68,56,0,1
90,68,57,0,1
90,68,58,0,1
90,68,59,0,1
90,68,60,0,1
90,68,61,0,1
90,68,62,0,1
90,68,63,0,1
90,69,0,0,1
90,69,1,0,1
90,69,2,0,1
90,69,3,0,1
90,69,4,0,1
90,69,5,0,1
90,69,6,0,1
90,69,7,0,1
90,69,8,0,1
90,69,9,0,1
90,69,10,0,1
90,69,11,0,1
90,69,12,0,1
90,69,13,0,1
90,69,14,0,1
90,69,15,0,1
90,69,16,0,1
90,69,17,0,1
90,69,18,0,1
90,69,19,0,1
90,69,20,0,1
90,69,21,0,1
90,69,22,0,1
90,69,23,0,1
90,69,24,0,1
90,69,25,0,1
90,69,26,0,1
90,69,27,0,1
90,69,28,0,1
90,69,29,0,1
90,69,30,0,1
90,69,31,0,1
90,69,32,0,1
90,69,33,0,1
90,69,34,0,1
90,69,35,0,1
90,69,36,0,1
90,69,37,0,1
90,69,38,0,1
90,69,39,0,1
90,69,40,0,1
90,69,41,0,1
90,69,42,0,1
90,69,43,0,1
90,69,44,0,1
90,69,45,0,1
90,69,46,0,1
90,69,47,0,1
90,69,48,0,1
90,69,49,0,1
90,69,50,0,1
90,69,51,0,1
90,69,52,0,1
90,69,53,0,1
90,69,54,0,1
90,69,55,0,1
90,69,56,0,1
90,69,57,0,1
90,69,58,0,1
90,69,59,0,1
90,69,60,0,1
90,69,61,0,1
90,69,62,0,1
90,69,63,0,1
90,70,0,0,1
90,70,1,0,1
90,70,2,0,1
90,70,3,0,1
90,70,4,0,1
90,70,5,0,1
90,70,6,0,1
90,70,7,0,1
90,70,8,0,1
90,70,9,0,1
90,70,10,0,1
90,70,11,0,1
90,70,12,0,1
90,70,13,0,1
90,70,14,0,1
90,70,15,0,1
90,70,16,0,1
90,70,17,0,1
90,70,18,0,1
90,70,19,0,1
90,70,20,0,1
90,70,21,0,1
90,70,22,0,1
90,70,23,0,1
90,70,24,0,1
90,70,25,0,1
90,70,26,0,1
90,70,27,0,1
90,70,28,0,1
90,70,29,0,1
90,70,30,0,1
90,70,31,0,1
90,70,32,0,1
90,70,33,0,1
90,70,34,0,1
90,70,35,0,1
90,70,36,0,1
90,70,37,0,1
90,70,38,0,1
90,70,39,0,1
90,70,40,0,1
90,70,41,0,1
90,70,42,0,1
90,70,43,0,1
90,70,44,0,1
90,70,45,0,1
90,70,46,0,1
90,70,47,0,1
90,70,48,0,1
90,70,49,0,1
90,70,50,0,1
90,70,51,0,1
90,70,52,0,1
90,70,53,0,1
90,70,54,0,1
90,70,55,0,1
90,70,56,0,1
90,70,57,0,1
90,70,58,0,1
90,70,59,0,1
90,70,60,0,1
90,70,61,0,1
90,70,62,0,1
90,70,63,0,1
90,71,0,0,1
90,71,1,0,1
90,71,2,0,1
90,71,3,0,1
90,71,4,0,1
90,71,5,0,1
90,71,6,0,1
90,71,7,0,1
90,71,8,0,1
90,71,9,0,1
90,71,10,0,1
90,71,11,0,1
90,71,12,0,1
90,71,13,0,1
90,71,14,0,1
90,71,15,0,1
90,71,16,0,1
90,71,17,0,1
90,71,18,0,1
90,71,19,0,1
90,71,20,0,1
90,71,21,0,1
90,71,22,0,1
90,71,23,0,1
90,71,24,0,1
90,71,25,0,1
90,71,26,0,1
90,71,27,0,1
90,71,28,0,1
90,71,29,0,1
90,71,30,0,1
90,71,31,0,1
90,71,32,0,1
90,71,33,0,1
90,71,34,0,1
90,71,35,0,1
90,71,36,0,1
90,71,37,0,1
90,71,38,0,1
90,71,39,0,1
90,71,40,0,1
90,71,41,0,1
90,71,42,0,1
90,71,43,0,1
90,71,44,0,1
90,71,45,0,1
90,71,46,0,1
90,71,47,0,1
90,71,48,0,1
90,71,49,0,1
90,71,50,0,1
90,71,51,0,1
90,71,52,0,1
90,71,53,0,1
90,71,54,0,1
90,71,55,0,1
90,71,56,0,1
90,71,57,0,1
90,71,58,0,1
90,71,59,0,1
90,71,60,0,1
90,71,61,0,1
90,71,62,0,1
90,71,63,0,1
90,72,0,0,1
90,72,1,0,1
90,72,2,0,1
90,72,3,0,1
90,72,4,0,1
90,72,5,0,1
90,72,6,0,1
90,72,7,0,1
90,72,8,0,1
90,72,9,0,1
90,72,10,0,1
90,72,11,0,1
90,72,12,0,1
90,72,13,0,1
90,72,14,0,1
90,72,15,0,1
90,72,16,0,1
90,72,17,0,1
90,72,18,0,1
90,72,19,0,1
90,72,20,0,1
90,72,21,0,1
90,72,22,0,1
90,72,23,0,1
90,72,24,0,1
90,72,25,0,1
90,72,26,0,1
90,72,27,0,1
90,72,28,0,1
90,72,29,0,1
90,72,30,0,1
90,72,31,0,1
90,72,32,0,1
90,72,33,0,1
90,72,34,0,1
90,72,35,0,1
90,72,36,0,1
90,72,37,0,1
90,72,38,0,1
90,72,39,0,1
90,72,40,0,1
90,72,41,0,1
90,72,42,0,1
90,72,43,0,1
90,72,44,0,1
90,72,45,0,1
90,72,46,0,1
90,72,47,0,1
90,72,48,0,1
90,72,49,0,1
90,72,50,0,1
90,72,51,0,1
90,72,52,0,1
90,72,53,0,1
90,72,54,0,1
90,72,55,0,1
90,72,56,0,1
90,72,57,0,1
90,72,58,0,1
90,72,59,0,1
90,72,60,0,1
90,72,61,0,1
90,72,62,0,1
90,72,63,0,1
90,73,0,0,1
90,73,1,0,1
90,73,2,0,1
90,73,3,0,1
90,73,4,0,1
90,73,5,0,1
90,73,6,0,1
90,73,7,0,1
90,73,8,0,1
90,73,9,0,1
90,73,10,0,1
90,73,11,0,1
90,73,12,0,1
90,73,13,0,1
90,73,14,0,1
90,73,15,0,1
90,73,16,0,1
90,73,17,0,1
90,73,18,0,1
90,73,19,0,1
90,73,20,0,1
90,73,21,0,1
90,73,22,0,1
90,73,23,0,1
90,73,24,0,1
90,73,25,0,1
90,73,26,0,1
90,73,27,0,1
90,73,28,0,1
90,73,29,0,1
90,73,30,0,1
90,73,31,0,1
90,73,32,0,1
90,73,33,0,1
90,73,34,0,1
90,73,35,0,1
90,73,36,0,1
90,73,37,0,1
90,73,38,0,1
90,73,39,0,1
90,73,40,0,1
90,73,41,0,1
90,73,42,0,1
90,73,43,0,1
90,73,44,0,1
90,73,45,0,1
90,73,46,0,1
90,73,47,0,1
90,73,48,0,1
90,73,49,0,1
90,73,50,0,1
90,73,51,0,1
90,73,52,0,1
90,73,53,0,1
90,73,54,0,1
90,73,55,0,1
90,73,56,0,1
90,73,57,0,1
90,73,58,0,1
90,73,59,0,1
90,73,60,0,1
90,73,61,0,1
90,73,62,0,1
90,73,63,0,1
90,74,0,0,1
90,74,1,0,1
90,74,2,0,1
90,74,3,0,1
90,74,4,0,1
90,74,5,0,1
90,74,6,0,1
90,74,7,0,1
90,74,8,0,1
90,74,9,0,1
90,74,10,0,1
90,74,11,0,1
90,74,12,0,1
90,74,13,0,1
90,74,14,0,1
90,74,15,0,1
90,74,16,0,1
90,74,17,0,1
90,74,18,0,1
90,74,19,0,1
90,74,20,0,1
90,74,21,0,1
90,74,22,0,1
90,74,23,0,1
90,74,24,0,1
90,74,25,0,1
90,74,26,0,1
90,74,27,0,1
90,74,28,0,1
90,74,29,0,1
90,74,30,0,1
90,74,31,0,1
90,74,32,0,1
90,74,33,0,1
90,74,34,0,1
90,74,35,0,1
90,74,36,0,1
90,74,37,0,1
90,74,38,0,1
90,74,39,0,1
90,74,40,0,1
90,74,41,0,1
90,74,42,0,1
90,74,43,0,1
90,74,44,0,1
90,74,45,0,1
90,74,46,0,1
90,74,47,0,1
90,74,48,0,1
90,74,49,0,1
90,74,50,0,1
90,74,51,0,1
90,74,52,0,1
90,74,53,0,1
90,74,54,0,1
90,74,55,0,1
90,74,56,0,1
90,74,57,0,1
90,74,58,0,1
90,74,59,0,1
90,74,60,0,1
90,74,61,0,1
90,74,62,0,1
90,74,63,0,1
90,75,0,0,1
90,75,1,0,1
90,75,2,0,1
90,75,3,0,1
90,75,4,0,1
90,75,5,0,1
90,75,6,0,1
90,75,7,0,1
90,75,8,0,1
90,75,9,0,1
90,75,10,0,1
90,75,11,0,1
90,75,12,0,1
90,75,13,0,1
90,75,14,0,1
90,75,15,0,1
90,75,16,0,1
90,75,17,0,1
90,75,18,0,1
90,75,19,0,1
90,75,20,0,1
90,75,21,0,1
90,75,22,0,1
90,75,23,0,1
90,75,24,0,1
90,75,25,0,1
90,75,26,0,1
90,75,27,0,1
90,75,28,0,1
90,75,29,0,1
90,75,30,0,1
90,75,31,0,1
90,75,32,0,1
90,75,33,0,1
90,75,34,0,1
90,75,35,0,1
90,75,36,0,1
90,75,37,0,1
90,75,38,0,1
90,75,39,0,1
90,75,40,0,1
90,75,41,0,1
90,75,42,0,1
90,75,43,0,1
90,75,44,0,1
90,75,45,0,1
90,75,46,0,1
90,75,47,0,1
90,75,48,0,1
90,75,49,0,1
90,75,50,0,1
90,75,51,0,1
90,75,52,0,1
90,75,53,0,1
90,75,54,0,1
90,75,55,0,1
90,75,56,0,1
90,75,57,0,1
90,75,58,0,1
90,75,59,0,1
90,75,60,0,1
90,75,61,0,1
90,75,62,0,1
90,75,63,0,1
90,76,0,0,1
90,76,1,0,1
90,76,2,0,1
90,76,3,0,1
90,76,4,0,1
90,76,5,0,1
90,76,6,0,1
90,76,7,0,1
90,76,8,0,1
90,76,9,0,1
90,76,10,0,1
90,76,11,0,1
90,76,12,0,1
90,76,13,0,1
90,76,14,0,1
90,76,15,0,1
90,76,16,0,1
90,76,17,0,1
90,76,18,0,1
90,76,19,0,1
90,76,20,0,1
90,76,21,0,1
90,76,22,0,1
90,76,23,0,1
90,76,24,0,1
90,76,25,0,1
90,76,26,0,1
90,76,27,0,1
90,76,28,0,1
90,76,29,0,1
90,76,30,0,1
90,76,31,0,1
90,76,32,0,1
90,76,33,0,1
90,76,34,0,1
90,76,35,0,1
90,76,36,0,1
90,76,37,0,1
90,76,38,0,1
90,76,39,0,1
90,76,40,0,1
90,76,41,0,1
90,76,42,0,1
90,76,43,0,1
90,76,44,0,1
90,76,45,0,1
90,76,46,0,1
90,76,47,0,1
90,76,48,0,1
90,76,49,0,1
90,76,50,0,1
90,76,51,0,1
90,76,52,0,1
90,76,53,0,1
90,76,54,0,1
90,76,55,0,1
90,76,56,0,1
90,76,57,0,1
90,76,58,0,1
90,76,59,0,1
90,76,60,0,1
90,76,61,0,1
90,76,62,0,1
90,76,63,0,1
90,77,0,0,1
90,77,1,0,1
90,77,2,0,1
90,77,3,0,1
90,77,4,0,1
90,77,5,0,1
90,77,6,0,1
90,77,7,0,1
90,77,8,0,1
90,77,9,0,1
90,77,10,0,1
90,77,11,0,1
90,77,12,0,1
90,77,13,0,1
90,77,14,0,1
90,77,15,0,1
90,77,16,0,1
90,77,17,0,1
90,77,18,0,1
90,77,19,0,1
90,77,20,0,1
90,77,21,0,1
90,77,22,0,1
90,77,23,0,1
90,77,24,0,1
90,77,25,0,1
90,77,26,0,1
90,77,27,0,1
90,77,28,0,1
90,77,29,0,1
90,77,30,0,1
90,77,31,0,1
90,77,32,0,1
90,77,33,0,1
90,77,34,0,1
90,77,35,0,1
90,77,36,0,1
90,77,37,0,1
90,77,38,0,1
90,77,39,0,1
90,77,40,0,1
90,77,41,0,1
90,77,42,0,1
90,77,43,0,1
90,77,44,0,1
90,77,45,0,1
90,77,46,0,1
90,77,47,0,1
90,77,48,0,1
90,77,49,0,1
90,77,50,0,1
90,77,51,0,1
90,77,52,0,1
90,77,53,0,1
90,77,54,0,1
90,77,55,0,1
90,77,56,0,1
90,77,57,0,1
90,77,58,0,1
90,77,59,0,1
90,77,60,0,1
90,77,61,0,1
90,77,62,0,1
90,77,63,0,1
90,78,0,0,1
90,78,1,0,1
90,78,2,0,1
90,78,3,0,1
90,78,4,0,1
90,78,5,0,1
90,78,6,0,1
90,78,7,0,1
90,78,8,0,1
90,78,9,0,1
90,78,10,0,1
90,78,11,0,1
90,78,12,0,1
90,78,13,0,1
90,78,14,0,1
90,78,15,0,1
90,78,16,0,1
90,78,17,0,1
90,78,18,0,1
90,78,19,0,1
90,78,20,0,1
90,78,21,0,1
90,78,22,0,1
90,78,23,0,1
90,78,24,0,1
90,78,25,0,1
90,78,26,0,1
90,78,27,0,1
90,78,28,0,1
90,78,29,0,1
90,78,30,0,1
90,78,31,0,1
90,78,32,0,1
90,78,33,0,1
90,78,34,0,1
90,78,35,0,1
90,78,36,0,1
90,78,37,0,1
90,78,38,0,1
90,78,39,0,1
90,78,40,0,1
90,78,41,0,1
90,78,42,0,1
90,78,43,0,1
90,78,44,0,1
90,78,45,0,1
90,78,46,0,1
90,78,47,0,1
90,78,48,0,1
90,78,49,0,1
90,78,50,0,1
90,78,51,0,1
90,78,52,0,1
90,78,53,0,1
90,78,54,0,1
90,78,55,0,1
90,78,56,0,1
90,78,57,0,1
90,78,58,0,1
90,78,59,0,1
90,78,60,0,1
90,78,61,0,1
90,78,62,0,1
90,78,63,0,1
90,79,0,0,1
90,79,1,0,1
90,79,2,0,1
90,79,3,0,1
90,79,4,0,1
90,79,5,0,1
90,79,6,0,1
90,79,7,0,1
90,79,8,0,1
90,79,9,0,1
90,79,10,0,1
90,79,11,0,1
90,79,12,0,1
90,79,13,0,1
90,79,14,0,1
90,79,15,0,1
90,79,16,0,1
90,79,17,0,1
90,79,18,0,1
90,79,19,0,1
90,79,20,0,1
90,79,21,0,1
90,79,22,0,1
90,79,23,0,1
90,79,24,0,1
90,79,25,0,1
90,79,26,0,1
90,79,27,0,1
90,79,28,0,1
90,79,29,0,1
90,79,30,0,1
90,79,31,0,1
90,79,32,0,1
90,79,33,0,1
90,79,34,0,1
90,79,35,0,1
90,79,36,0,1
90,79,37,0,1
90,79,38,0,1
90,79,39,0,1
90,79,40,0,1
90,79,41,0,1
90,79,42,0,1
90,79,43,0,1
90,79,44,0,1
90,79,45,0,1
90,79,46,0,1
90,79,47,0,1
90,79,48,0,1
90,79,49,0,1
90,79,50,0,1
90,79,51,0,1
90,79,52,0,1
90,79,53,0,1
90,79,54,0,1
90,79,55,0,1
90,79,56,0,1
90,79,57,0,1
90,79,58,0,1
90,79,59,0,1
90,79,60,0,1
90,79,61,0,1
90,79,62,0,1
90,79,63,0,1
90,80,0,0,1
90,80,1,0,1
90,80,2,0,1
90,80,3,0,1
90,80,4,0,1
90,80,5,0,1
90,80,6,0,1
90,80,7,0,1
90,80,8,0,1
90,80,9,0,1
90,80,10,0,1
90,80,11,0,1
90,80,12,0,1
90,80,13,0,1
90,80,14,0,1
90,80,15,0,1
90,80,16,0,1
90,80,17,0,1
90,80,18,0,1
90,80,19,0,1
90,80,20,0,1
90,80,21,0,1
90,80,22,0,1
90,80,23,0,1
90,80,24,0,1
90,80,25,0,1
90,80,26,0,1
90,80,27,0,1
90,80,28,0,1
90,80,29,0,1
90,80,30,0,1
90,80,31,0,1
90,80,32,0,1
90,80,33,0,1
90,80,34,0,1
90,80,35,0,1
90,80,36,0,1
90,80,37,0,1
90,80,38,0,1
90,80,39,0,1
90,80,40,0,1
90,80,41,0,1
90,80,42,0,1
90,80,43,0,1
90,80,44,0,1
90,80,45,0,1
90,80,46,0,1
90,80,47,0,1
90,80,48,0,1
90,80,49,0,1
90,80,50,0,1
90,80,51,0,1
90,80,52,0,1
90,80,53,0,1
90,80,54,0,1
90,80,55,0,1
90,80,56,0,1
90,80,57,0,1
90,80,58,0,1
90,80,59,0,1
90,80,60,0,1
90,80,61,0,1
90,80,62,0,1
90,80,63,0,1
90,81,0,0,1
90,81,1,0,1
90,81,2,0,1
90,81,3,0,1
90,81,4,0,1
90,81,5,0,1
90,81,6,0,1
90,81,7,0,1
90,81,8,0,1
90,81,9,0,1
90,81,10,0,1
90,81,11,0,1
90,81,12,0,1
90,81,13,0,1
90,81,14,0,1
90,81,15,0,1
90,81,16,0,1
90,81,17,0,1
90,81,18,0,1
90,81,19,0,1
90,81,20,0,1
90,81,21,0,1
90,81,22,0,1
90,81,23,0,1
90,81,24,0,1
90,81,25,0,1
90,81,26,0,1
90,81,27,0,1
90,81,28,0,1
90,81,29,0,1
90,81,30,0,1
90,81,31,0,1
90,81,32,0,1
90,81,33,0,1
90,81,34,0,1
90,81,35,0,1
90,81,36,0,1
90,81,37,0,1
90,81,38,0,1
90,81,39,0,1
90,81,40,0,1
90,81,41,0,1
90,81,42,0,1
90,81,43,0,1
90,81,44,0,1
90,81,45,0,1
90,81,46,0,1
90,81,47,0,1
90,81,48,0,1
90,81,49,0,1
90,81,50,0,1
90,81,51,0,1
90,81,52,0,1
90,81,53,0,1
90,81,54,0,1
90,81,55,0,1
90,81,56,0,1
90,81,57,0,1
90,81,58,0,1
90,81,59,0,1
90,81,60,0,1
90,81,61,0,1
90,81,62,0,1
90,81,63,0,1
90,82,0,0,1
90,82,1,0,1
90,82,2,0,1
90,82,3,0,1
90,82,4,0,1
90,82,5,0,1
90,82,6,0,1
90,82,7,0,1
90,82,8,0,1
90,82,9,0,1
90,82,10,0,1
90,82,11,0,1
90,82,12,0,1
90,82,13,0,1
90,82,14,0,1
90,82,15,0,1
90,82,16,0,1
90,82,17,0,1
90,82,18,0,1
90,82,19,0,1
90,82,20,0,1
90,82,21,0,1
90,82,22,0,1
90,82,23,0,1
90,82,24,0,1
90,82,25,0,1
90,82,26,0,1
90,82,27,0,1
90,82,28,0,1
90,82,29,0,1
90,82,30,0,1
90,82,31,0,1
90,82,32,0,1
90,82,33,0,1
90,82,34,0,1
90,82,35,0,1
90,82,36,0,1
90,82,37,0,1
90,82,38,0,1
90,82,39,0,1
90,82,40,0,1
90,82,41,0,1
90,82,42,0,1
90,82,43,0,1
90,82,44,0,1
90,82,45,0,1
90,82,46,0,1
90,82,47,0,1
90,82,48,0,1
90,82,49,0,1
90,82,50,0,1
90,82,51,0,1
90,82,52,0,1
90,82,53,0,1
90,82,54,0,1
90,82,55,0,1
90,82,56,0,1
90,82,57,0,1
90,82,58,0,1
90,82,59,0,1
90,82,60,0,1
90,82,61,0,1
90,82,62,0,1
90,82,63,0,1
90,83,0,0,1
90,83,1,0,1
90,83,2,0,1
90,83,3,0,1
90,83,4,0,1
90,83,5,0,1
90,83,6,0,1
90,83,7,0,1
90,83,8,0,1
90,83,9,0,1
90,83,10,0,1
90,83,11,0,1
90,83,12,0,1
90,83,13,0,1
90,83,14,0,1
90,83,15,0,1
90,83,16,0,1
90,83,17,0,1
90,83,18,0,1
90,83,19,0,1
90,83,20,0,1
90,83,21,0,1
90,83,22,0,1
90,83,23,0,1
90,83,24,0,1
90,83,25,0,1
90,83,26,0,1
90,83,27,0,1
90,83,28,0,1
90,83,29,0,1
90,83,30,0,1
90,83,31,0,1
90,83,32,0,1
90,83,33,0,1
90,83,34,0,1
90,83,35,0,1
90,83,36,0,1
90,83,37,0,1
90,83,38,0,1
90,83,39,0,1
90,83,40,0,1
90,83,41,0,1
90,83,42,0,1
90,83,43,0,1
90,83,44,0,1
90,83,45,0,1
90,83,46,0,1
90,83,47,0,1
90,83,48,0,1
90,83,49,0,1
90,83,50,0,1
90,83,51,0,1
90,83,52,0,1
90,83,53,0,1
90,83,54,0,1
90,83,55,0,1
90,83,56,0,1
90,83,57,0,1
90,83,58,0,1
90,83,59,0,1
90,83,60,0,1
90,83,61,0,1
90,83,62,0,1
90,83,63,0,1
90,84,0,0,1
90,84,1,0,1
90,84,2,0,1
90,84,3,0,1
90,84,4,0,1
90,84,5,0,1
90,84,6,0,1
90,84,7,0,1
90,84,8,0,1
90,84,9,0,1
90,84,10,0,1
90,84,11,0,1
90,84,12,0,1
90,84,13,0,1
90,84,14,0,1
90,84,15,0,1
90,84,16,0,1
90,84,17,0,1
90,84,18,0,1
90,84,19,0,1
90,84,20,0,1
90,84,21,0,1
90,84,22,0,1
90,84,23,0,1
90,84,24,0,1
90,84,25,0,1
90,84,26,0,1
90,84,27,0,1
90,84,28,0,1
90,84,29,0,1
90,84,30,0,1
90,84,31,0,1
90,84,32,0,1
90,84,33,0,1
90,84,34,0,1
90,84,35,0,1
90,84,36,0,1
90,84,37,0,1
90,84,38,0,1
90,84,39,0,1
90,84,40,0,1
90,84,41,0,1
90,84,42,0,1
90,84,43,0,1
90,84,44,0,1
90,84,45,0,1
90,84,46,0,1
90,84,47,0,1
90,84,48,0,1
90,84,49,0,1
90,84,50,0,1
90,84,51,0,1
90,84,52,0,1
90,84,53,0,1
90,84,54,0,1
90,84,55,0,1
90,84,56,0,1
90,84,57,0,1
90,84,58,0,1
90,84,59,0,1
90,84,60,0,1
90,84,61,0,1
90,84,62,0,1
90,84,63,0,1
90,85,0,0,1
90,85,1,0,1
90,85,2,0,1
90,85,3,0,1
90,85,4,0,1
90,85,5,0,1
90,85,6,0,1
90,85,7,0,1
90,85,8,0,1
90,85,9,0,1
90,85,10,0,1
90,85,11,0,1
90,85,12,0,1
90,85,13,0,1
90,85,14,0,1
90,85,15,0,1
90,85,16,0,1
90,85,17,0,1
90,85,18,0,1
90,85,19,0,1
90,85,20,0,1
90,85,21,0,1
90,85,22,0,1
90,85,23,0,1
90,85,24,0,1
90,85,25,0,1
90,85,26,0,1
90,85,27,0,1
90,85,28,0,1
90,85,29,0,1
90,85,30,0,1
90,85,31,0,1
90,85,32,0,1
90,85,33,0,1
90,85,34,0,1
90,85,35,0,1
90,85,36,0,1
90,85,37,0,1
90,85,38,0,1
90,85,39,0,1
90,85,40,0,1
90,85,41,0,1
90,85,42,0,1
90,85,43,0,1
90,85,44,0,1
90,85,45,0,1
90,85,46,0,1
90,85,47,0,1
90,85,48,0,1
90,85,49,0,1
90,85,50,0,1
90,85,51,0,1
90,85,52,0,1
90,85,53,0,1
90,85,54,0,1
90,85,55,0,1
90,85,56,0,1
90,85,57,0,1
90,85,58,0,1
90,85,59,0,1
90,85,60,0,1
90,85,61,0,1
90,85,62,0,1
90,85,63,0,1
90,86,0,0,1
90,86,1,0,1
90,86,2,0,1
90,86,3,0,1
90,86,4,0,1
90,86,5,0,1
90,86,6,0,1
90,86,7,0,1
90,86,8,0,1
90,86,9,0,1
90,86,10,0,1
90,86,11,0,1
90,86,12,0,1
90,86,13,0,1
90,86,14,0,1
90,86,15,0,1
90,86,16,0,1
90,86,17,0,1
90,86,18,0,1
90,86,19,0,1
90,86,20,0,1
90,86,21,0,1
90,86,22,0,1
90,86,23,0,1
90,86,24,0,1
90,86,25,0,1
90,86,26,0,1
90,86,27,0,1
90,86,28,0,1
90,86,29,0,1
90,86,30,0,1
90,86,31,0,1
90,86,32,0,1
90,86,33,0,1
90,86,34,0,1
90,86,35,0,1
90,86,36,0,1
90,86,37,0,1
90,86,38,0,1
90,86,39,0,1
90,86,40,0,1
90,86,41,0,1
90,86,42,0,1
90,86,43,0,1
90,86,44,0,1
90,86,45,0,1
90,86,46,0,1
90,86,47,0,1
90,86,48,0,1
90,86,49,0,1
90,86,50,0,1
90,86,51,0,1
90,86,52,0,1
90,86,53,0,1
90,86,54,0,1
90,86,55,0,1
90,86,56,0,1
90,86,57,0,1
90,86,58,0,1
90,86,59,0,1
90,86,60,0,1
90,86,61,0,1
90,86,62,0,1
90,86,63,0,1
90,87,0,0,1
90,87,1,0,1
90,87,2,0,1
90,87,3,0,1
90,87,4,0,1
90,87,5,0,1
90,87,6,0,1
90,87,7,0,1
90,87,8,0,1
90,87,9,0,1
90,87,10,0,1
90,87,11,0,1
90,87,12,0,1
90,87,13,0,1
90,87,14,0,1
90,87,15,0,1
90,87,16,0,1
90,87,17,0,1
90,87,18,0,1
90,87,19,0,1
90,87,20,0,1
90,87,21,0,1
90,87,22,0,1
90,87,23,0,1
90,87,24,0,1
90,87,25,0,1
90,87,26,0,1
90,87,27,0,1
90,87,28,0,1
90,87,29,0,1
90,87,30,0,1
90,87,31,0,1
90,87,32,0,1
90,87,33,0,1
90,87,34,0,1
90,87,35,0,1
90,87,36,0,1
90,87,37,0,1
90,87,38,0,1
90,87,39,0,1
90,87,40,0,1
90,87,41,0,1
90,87,42,0,1
90,87,43,0,1
90,87,44,0,1
90,87,45,0,1
90,87,46,0,1
90,87,47,0,1
90,87,48,0,1
90,87,49,0,1
90,87,50,0,1
90,87,51,0,1
90,87,52,0,1
90,87,53,0,1
90,87,54,0,1
90,87,55,0,1
90,87,56,0,1
90,87,57,0,1
90,87,58,0,1
90,87,59,0,1
90,87,60,0,1
90,87,61,0,1
90,87,62,0,1
90,87,63,0,1
90,88,0,0,1
90,88,1,0,1
90,88,2,0,1
90,88,3,0,1
90,88,4,0,1
90,88,5,0,1
90,88,6,0,1
90,88,7,0,1
90,88,8,0,1
90,88,9,0,1
90,88,10,0,1
90,88,11,0,1
90,88,12,0,1
90,88,13,0,1
90,88,14,0,1
90,88,15,0,1
90,88,16,0,1
90,88,17,0,1
90,88,18,0,1
90,88,19,0,1
90,88,20,0,1
90,88,21,0,1
90,88,22,0,1
90,88,23,0,1
90,88,24,0,1
90,88,25,0,1
90,88,26,0,1
90,88,27,0,1
90,88,28,0,1
90,88,29,0,1
90,88,30,0,1
90,88,31,0,1
90,88,32,0,1
90,88,33,0,1
90,88,34,0,1
90,88,35,0,1
90,88,36,0,1
90,88,37,0,1
90,88,38,0,1
90,88,39,0,1
90,88,40,0,1
90,88,41,0,1
90,88,42,0,1
90,88,43,0,1
90,88,44,0,1
90,88,45,0,1
90,88,46,0,1
90,88,47,0,1
90,88,48,0,1
90,88,49,0,1
90,88,50,0,1
90,88,51,0,1
90,88,52,0,1
90,88,53,0,1
90,88,54,0,1
90,88,55,0,1
90,88,56,0,1
90,88,57,0,1
90,88,58,0,1
90,88,59,0,1
90,88,60,0,1
90,88,61,0,1
90,88,62,0,1
90,88,63,0,1
90,89,0,0,1
90,89,1,0,1
90,89,2,0,1
90,89,3,0,1
90,89,4,0,1
90,89,5,0,1
90,89,6,0,1
90,89,7,0,1
90,89,8,0,1
90,89,9,0,1
90,89,10,0,1
90,89,11,0,1
90,89,12,0,1
90,89,13,0,1
90,89,14,0,1
90,89,15,0,1
90,89,16,0,1
90,89,17,0,1
90,89,18,0,1
90,89,19,0,1
90,89,20,0,1
90,89,21,0,1
90,89,22,0,1
90,89,23,0,1
90,89,24,0,1
90,89,25,0,1
90,89,26,0,1
90,89,27,0,1
90,89,28,0,1
90,89,29,0,1
90,89,30,0,1
90,89,31,0,1
90,89,32,0,1
90,89,33,0,1
90,89,34,0,1
90,89,35,0,1
90,89,36,0,1
90,89,37,0,1
90,89,38,0,1
90,89,39,0,1
90,89,40,0,1
90,89,41,0,1
90,89,42,0,1
90,89,43,0,1
90,89,44,0,1
90,89,45,0,1
90,89,46,0,1
90,89,47,0,1
90,89,48,0,1
90,89,49,0,1
90,89,50,0,1
90,89,51,0,1
90,89,52,0,1
90,89,53,0,1
90,89,54,0,1
90,89,55,0,1
90,89,56,0,1
90,89,57,0,1
90,89,58,0,1
90,89,59,0,1
90,89,60,0,1
90,89,61,0,1
90,89,62,0,1
90,89,63,0,1
90,90,0,0,1
90,90,1,0,1
90,90,2,0,1
90,90,3,0,1
90,90,4,0,1
90,90,5,0,1
90,90,6,0,1
90,90,7,0,1
90,90,8,0,1
90,90,9,0,1
90,90,10,0,1
90,90,11,0,1
90,90,12,0,1
90,90,13,0,1
90,90,14,0,1
90,90,15,0,1
90,90,16,0,1
90,90,17,0,1
90,90,18,0,1
90,90,19,0,1
90,90,20,0,1
90,90,21,0,1
90,90,22,0,1
90,90,23,0,1
90,90,24,0,1
90,90,25,0,1
90,90,26,0,1
90,90,27,0,1
90,90,28,0,1
90,90,29,0,1
90,90,30,0,1
90,90,31,0,1
90,90,32,0,1
90,90,33,0,1
90,90,34,0,1
90,90,35,0,1
90,90,36,0,1
90,90,37,0,1
90,90,38,0,1
90,90,39,0,1
90,90,40,0,1
90,90,41,0,1
90,90,42,0,1
90,90,43,0,1
90,90,44,0,1
90,90,45,0,1
90,90,46,0,1
90,90,47,0,1
90,90,48,0,1
90,90,49,0,1
90,90,50,0,1
90,90,51,0,1
90,90,52,0,1
90,90,53,0,1
90,90,54,0,1
90,90,55,0,1
90,90,56,0,1
90,90,57,0,1
90,90,58,0,1
90,90,59,0,1
90,90,60,0,1
90,90,61,0,1
90,90,62,0,1
90,90,63,0,1
90,91,0,0,1
90,91,1,0,1
90,91,2,0,1
90,91,3,0,1
90,91,4,0,1
90,91,5,0,1
90,91,6,0,1
90,91,7,0,1
90,91,8,0,1
90,91,9,0,1
90,91,10,0,1
90,91,11,0,1
90,91,12,0,1
90,91,13,0,1
90,91,14,0,1
90,91,15,0,1
90,91,16,0,1
90,91,17,0,1
90,91,18,0,1
90,91,19,0,1
90,91,20,0,1
90,91,21,0,1
90,91,22,0,1
90,91,23,0,1
90,91,24,0,1
90,91,25,0,1
90,91,26,0,1
90,91,27,0,1
90,91,28,0,1
90,91,29,0,1
90,91,30,0,1
90,91,31,0,1
90,91,32,0,1
90,91,33,0,1
90,91,34,0,1
90,91,35,0,1
90,91,36,0,1
90,91,37,0,1
90,91,38,0,1
90,91,39,0,1
90,91,40,0,1
90,91,41,0,1
90,91,42,0,1
90,91,43,0,1
90,91,44,0,1
90,91,45,0,1
90,91,46,0,1
90,91,47,0,1
90,91,48,0,1
90,91,49,0,1
90,91,50,0,1
90,91,51,0,1
90,91,52,0,1
90,91,53,0,1
90,91,54,0,1
90,91,55,0,1
90,91,56,0,1
90,91,57,0,1
90,91,58,0,1
90,91,59,0,1
90,91,60,0,1
90,91,61,0,1
90,91,62,0,1
90,91,63,0,1
90,92,0,0,1
90,92,1,0,1
90,92,2,0,1
90,92,3,0,1
90,92,4,0,1
90,92,5,0,1
90,92,6,0,1
90,92,7,0,1
90,92,8,0,1
90,92,9,0,1
90,92,10,0,1
90,92,11,0,1
90,92,12,0,1
90,92,13,0,1
90,92,14,0,1
90,92,15,0,1
90,92,16,0,1
90,92,17,0,1
90,92,18,0,1
90,92,19,0,1
90,92,20,0,1
90,92,21,0,1
90,92,22,0,1
90,92,23,0,1
90,92,24,0,1
90,92,25,0,1
90,92,26,0,1
90,92,27,0,1
90,92,28,0,1
90,92,29,0,1
90,92,30,0,1
90,92,31,0,1
90,92,32,0,1
90,92,33,0,1
90,92,34,0,1
90,92,35,0,1
90,92,36,0,1
90,92,37,0,1
90,92,38,0,1
90,92,39,0,1
90,92,40,0,1
90,92,41,0,1
90,92,42,0,1
90,92,43,0,1
90,92,44,0,1
90,92,45,0,1
90,92,46,0,1
90,92,47,0,1
90,92,48,0,1
90,92,49,0,1
90,92,50,0,1
90,92,51,0,1
90,92,52,0,1
90,92,53,0,1
90,92,54,0,1
90,92,55,0,1
90,92,56,0,1
90,92,57,0,1
90,92,58,0,1
90,92,59,0,1
90,92,60,0,1
90,92,61,0,1
90,92,62,0,1
90,92,63,0,1
90,93,0,0,1
90,93,1,0,1
90,93,2,0,1
90,93,3,0,1
90,93,4,0,1
90,93,5,0,1
90,93,6,0,1
90,93,7,0,1
90,93,8,0,1
90,93,9,0,1
90,93,10,0,1
90,93,11,0,1
90,93,12,0,1
90,93,13,0,1
90,93,14,0,1
90,93,15,0,1
90,93,16,0,1
90,93,17,0,1
90,93,18,0,1
90,93,19,0,1
90,93,20,0,1
90,93,21,0,1
90,93,22,0,1
90,93,23,0,1
90,93,24,0,1
90,93,25,0,1
90,93,26,0,1
90,93,27,0,1
90,93,28,0,1
90,93,29,0,1
90,93,30,0,1
90,93,31,0,1
90,93,32,0,1
90,93,33,0,1
90,93,34,0,1
90,93,35,0,1
90,93,36,0,1
90,93,37,0,1
90,93,38,0,1
90,93,39,0,1
90,93,40,0,1
90,93,41,0,1
90,93,42,0,1
90,93,43,0,1
90,93,44,0,1
90,93,45,0,1
90,93,46,0,1
90,93,47,0,1
90,93,48,0,1
90,93,49,0,1
90,93,50,0,1
90,93,51,0,1
90,93,52,0,1
90,93,53,0,1
90,93,54,0,1
90,93,55,0,1
90,93,56,0,1
90,93,57,0,1
90,93,58,0,1
90,93,59,0,1
90,93,60,0,1
90,93,61,0,1
90,93,62,0,1
90,93,63,0,1
90,94,0,0,1
90,94,1,0,1
90,94,2,0,1
90,94,3,0,1
90,94,4,0,1
90,94,5,0,1
90,94,6,0,1
90,94,7,0,1
90,94,8,0,1
90,94,9,0,1
90,94,10,0,1
90,94,11,0,1
90,94,12,0,1
90,94,13,0,1
90,94,14,0,1
90,94,15,0,1
90,94,16,0,1
90,94,17,0,1
90,94,18,0,1
90,94,19,0,1
90,94,20,0,1
90,94,21,0,1
90,94,22,0,1
90,94,23,0,1
90,94,24,0,1
90,94,25,0,1
90,94,26,0,1
90,94,27,0,1
90,94,28,0,1
90,94,29,0,1
90,94,30,0,1
90,94,31,0,1
90,94,32,0,1
90,94,33,0,1
90,94,34,0,1
90,94,35,0,1
90,94,36,0,1
90,94,37,0,1
90,94,38,0,1
90,94,39,0,1
90,94,40,0,1
90,94,41,0,1
90,94,42,0,1
90,94,43,0,1
90,94,44,0,1
90,94,45,0,1
90,94,46,0,1
90,94,47,0,1
90,94,48,0,1
90,94,49,0,1
90,94,50,0,1
90,94,51,0,1
90,94,52,0,1
90,94,53,0,1
90,94,54,0,1
90,94,55,0,1
90,94,56,0,1
90,94,57,0,1
90,94,58,0,1
90,94,59,0,1
90,94,60,0,1
90,94,61,0,1
90,94,62,0,1
90,94,63,0,1
90,95,0,0,1
90,95,1,0,1
90,95,2,0,1
90,95,3,0,1
90,95,4,0,1
90,95,5,0,1
90,95,6,0,1
90,95,7,0,1
90,95,8,0,1
90,95,9,0,1
90,95,10,0,1
90,95,11,0,1
90,95,12,0,1
90,95,13,0,1
90,95,14,0,1
90,95,15,0,1
90,95,16,0,1
90,95,17,0,1
90,95,18,0,1
90,95,19,0,1
90,95,20,0,1
90,95,21,0,1
90,95,22,0,1
90,95,23,0,1
90,95,24,0,1
90,95,25,0,1
90,95,26,0,1
90,95,27,0,1
90,95,28,0,1
90,95,29,0,1
90,95,30,0,1
90,95,31,0,1
90,95,32,0,1
90,95,33,0,1
90,95,34,0,1
90,95,35,0,1
90,95,36,0,1
90,95,37,0,1
90,95,38,0,1
90,95,39,0,1
90,95,40,0,1
90,95,41,0,1
90,95,42,0,1
90,95,43,0,1
90,95,44,0,1
90,95,45,0,1
90,95,46,0,1
90,95,47,0,1
90,95,48,0,1
90,95,49,0,1
90,95,50,0,1
90,95,51,0,1
90,95,52,0,1
90,95,53,0,1
90,95,54,0,1
90,95,55,0,1
90,95,56,0,1
90,95,57,0,1
90,95,58,0,1
90,95,59,0,1
90,95,60,0,1
90,95,61,0,1
90,95,62,0,1
90,95,63,0,1
90,96,0,0,1
90,96,1,0,1
90,96,2,0,1
90,96,3,0,1
90,96,4,0,1
90,96,5,0,1
90,96,6,0,1
90,96,7,0,1
90,96,8,0,1
90,96,9,0,1
90,96,10,0,1
90,96,11,0,1
90,96,12,0,1
90,96,13,0,1
90,96,14,0,1
90,96,15,0,1
90,96,16,0,1
90,96,17,0,1
90,96,18,0,1
90,96,19,0,1
90,96,20,0,1
90,96,21,0,1
90,96,22,0,1
90,96,23,0,1
90,96,24,0,1
90,96,25,0,1
90,96,26,0,1
90,96,27,0,1
90,96,28,0,1
90,96,29,0,1
90,96,30,0,1
90,96,31,0,1
90,96,32,0,1
90,96,33,0,1
90,96,34,0,1
90,96,35,0,1
90,96,36,0,1
90,96,37,0,1
90,96,38,0,1
90,96,39,0,1
90,96,40,0,1
90,96,41,0,1
90,96,42,0,1
90,96,43,0,1
90,96,44,0,1
90,96,45,0,1
90,96,46,0,1
90,96,47,0,1
90,96,48,0,1
90,96,49,0,1
90,96,50,0,1
90,96,51,0,1
90,96,52,0,1
90,96,53,0,1
90,96,54,0,1
90,96,55,0,1
90,96,56,0,1
90,96,57,0,1
90,96,58,0,1
90,96,59,0,1
90,96,60,0,1
90,96,61,0,1
90,96,62,0,1
90,96,63,0,1
90,97,0,0,1
90,97,1,0,1
90,97,2,0,1
90,97,3,0,1
90,97,4,0,1
90,97,5,0,1
90,97,6,0,1
90,97,7,0,1
90,97,8,0,1
90,97,9,0,1
90,97,10,0,1
90,97,11,0,1
90,97,12,0,1
90,97,13,0,1
90,97,14,0,1
90,97,15,0,1
90,97,16,0,1
90,97,17,0,1
90,97,18,0,1
90,97,19,0,1
90,97,20,0,1
90,97,21,0,1
90,97,22,0,1
90,97,23,0,1
90,97,24,0,1
90,97,25,0,1
90,97,26,0,1
90,97,27,0,1
90,97,28,0,1
90,97,29,0,1
90,97,30,0,1
90,97,31,0,1
90,97,32,0,1
90,97,33,0,1
90,97,34,0,1
90,97,35,0,1
90,97,36,0,1
90,97,37,0,1
90,97,38,0,1
90,97,39,0,1
90,97,40,0,1
90,97,41,0,1
90,97,42,0,1
90,97,43,0,1
90,97,44,0,1
90,97,45,0,1
90,97,46,0,1
90,97,47,0,1
90,97,48,0,1
90,97,49,0,1
90,97,50,0,1
90,97,51,0,1
90,97,52,0,1
90,97,53,0,1
90,97,54,0,1
90,97,55,0,1
90,97,56,0,1
90,97,57,0,1
90,97,58,0,1
90,97,59,0,1
90,97,60,0,1
90,97,61,0,1
90,97,62,0,1
90,97,63,0,1
90,98,0,0,1
90,98,1,0,1
90,98,2,0,1
90,98,3,0,1
90,98,4,0,1
90,98,5,0,1
90,98,6,0,1
90,98,7,0,1
90,98,8,0,1
90,98,9,0,1
90,98,10,0,1
90,98,11,0,1
90,98,12,0,1
90,98,13,0,1
90,98,14,0,1
90,98,15,0,1
90,98,16,0,1
90,98,17,0,1
90,98,18,0,1
90,98,19,0,1
90,98,20,0,1
90,98,21,0,1
90,98,22,0,1
90,98,23,0,1
90,98,24,0,1
90,98,25,0,1
90,98,26,0,1
90,98,27,0,1
90,98,28,0,1
90,98,29,0,1
90,98,30,0,1
90,98,31,0,1
90,98,32,0,1
90,98,33,0,1
90,98,34,0,1
90,98,35,0,1
90,98,36,0,1
90,98,37,0,1
90,98,38,0,1
90,98,39,0,1
90,98,40,0,1
90,98,41,0,1
90,98,42,0,1
90,98,43,0,1
90,98,44,0,1
90,98,45,0,1
90,98,46,0,1
90,98,47,0,1
90,98,48,0,1
90,98,49,0,1
90,98,50,0,1
90,98,51,0,1
90,98,52,0,1
90,98,53,0,1
90,98,54,0,1
90,98,55,0,1
90,98,56,0,1
90,98,57,0,1
90,98,58,0,1
90,98,59,0,1
90,98,60,0,1
90,98,61,0,1
90,98,62,0,1
90,98,63,0,1
90,99,0,0,1
90,99,1,0,1
90,99,2,0,1
90,99,3,0,1
90,99,4,0,1
90,99,5,0,1
90,99,6,0,1
90,99,7,0,1
90,99,8,0,1
90,99,9,0,1
90,99,10,0,1
90,99,11,0,1
90,99,12,0,1
90,99,13,0,1
90,99,14,0,1
90,99,15,0,1
90,99,16,0,1
90,99,17,0,1
90,99,18,0,1
90,99,19,0,1
90,99,20,0,1
90,99,21,0,1
90,99,22,0,1
90,99,23,0,1
90,99,24,0,1
90,99,25,0,1
90,99,26,0,1
90,99,27,0,1
90,99,28,0,1
90,99,29,0,1
90,99,30,0,1
90,99,31,0,1
90,99,32,0,1
90,99,33,0,1
90,99,34,0,1
90,99,35,0,1
90,99,36,0,1
90,99,37,0,1
90,99,38,0,1
90,99,39,0,1
90,99,40,0,1
90,99,41,0,1
90,99,42,0,1
90,99,43,0,1
90,99,44,0,1
90,99,45,0,1
90,99,46,0,1
90,99,47,0,1
90,99,48,0,1
90,99,49,0,1
90,99,50,0,1
90,99,51,0,1
90,99,52,0,1
90,99,53,0,1
90,99,54,0,1
90,99,55,0,1
90,99,56,0,1
90,99,57,0,1
90,99,58,0,1
90,99,59,0,1
90,99,60,0,1
90,99,61,0,1
90,99,62,0,1
90,99,63,0,1
90,100,0,0,1
90,100,1,0,1
90,100,2,0,1
90,100,3,0,1
90,100,4,0,1
90,100,5,0,1
90,100,6,0,1
90,100,7,0,1
90,100,8,0,1
90,100,9,0,1
90,100,10,0,1
90,100,11,0,1
90,100,12,0,1
90,100,13,0,1
90,100,14,0,1
90,100,15,0,1
90,100,16,0,1
90,100,17,0,1
90,100,18,0,1
90,100,19,0,1
90,100,20,0,1
90,100,21,0,1
90,100,22,0,1
90,100,23,0,1
90,100,24,0,1
90,100,25,0,1
90,100,26,0,1
90,100,27,0,1
90,100,28,0,1
90,100,29,0,1
90,100,30,0,1
90,100,31,0,1
90,100,32,0,1
90,100,33,0,1
90,100,34,0,1
90,100,35,0,1
90,100,36,0,1
90,100,37,0,1
90,100,38,0,1
90,100,39,0,1
90,100,40,0,1
90,100,41,0,1
90,100,42,0,1
90,100,43,0,1
90,100,44,0,1
90,100,45,0,1
90,100,46,0,1
90,100,47,0,1
90,100,48,0,1
90,100,49,0,1
90,100,50,0,1
90,100,51,0,1
90,100,52,0,1
90,100,53,0,1
90,100,54,0,1
90,100,55,0,1
90,100,56,0,1
90,100,57,0,1
90,100,58,0,1
90,100,59,0,1
90,100,60,0,1
90,100,61,0,1
90,100,62,0,1
90,100,63,0,1
92,1,0,0,1
92,1,1,0,1
92,1,2,0,1
92,1,3,0,1
92,1,4,0,1
92,1,5,0,1
92,1,6,0,1
92,1,7,0,1
92,1,8,0,1
92,1,9,0,1
92,1,10,0,1
92,1,11,0,1
92,1,12,0,1
92,1,13,0,1
92,1,14,0,1
92,1,15,0,1
92,1,16,0,1
92,1,17,0,1
92,1,18,0,1
92,1,19,0,1
92,1,20,0,1
92,1,21,0,1
92,1,22,0,1
92,1,23,0,1
92,1,24,0,1
92,1,25,0,1
92,1,26,0,1
92,1,27,0,1
92,1,28,0,1
92,1,29,0,1
92,1,30,0,1
92,1,31,0,1
92,1,32,0,1
92,1,33,0,1
92,1,34,0,1
92,1,35,0,1
92,1,36,0,1
92,1,37,0,1
92,1,38,0,1
92,1,39,0,1
92,1,40,0,1
92,1,41,0,1
92,1,42,0,1
92,1,43,0,1
92,1,44,0,1
92,1,45,0,1
92,1,46,0,1
92,1,47,0,1
92,1,48,0,1
92,1,49,0,1
92,1,50,0,1
92,1,51,0,1
92,1,52,0,1
92,1,53,0,1
92,1,54,0,1
92,1,55,0,1
92,1,56,0,1
92,1,57,0,1
92,1,58,0,1
92,1,59,0,1
92,1,60,0,1
92,1,61,0,1
92,1,62,0,1
92,1,63,0,1
92,2,0,0,1
92,2,1,0,1
92,2,2,0,1
92,2,3,0,1
92,2,4,0,1
92,2,5,0,1
92,2,6,0,1
92,2,7,0,1
92,2,8,0,1
92,2,9,0,1
92,2,10,0,1
92,2,11,0,1
92,2,12,0,1
92,2,13,0,1
92,2,14,0,1
92,2,15,0,1
92,2,16,0,1
92,2,17,0,1
92,2,18,0,1
92,2,19,0,1
92,2,20,0,1
92,2,21,0,1
92,2,22,0,1
92,2,23,0,1
92,2,24,0,1
92,2,25,0,1
92,2,26,0,1
92,2,27,0,1
92,2,28,0,1
92,2,29,0,1
92,2,30,0,1
92,2,31,0,1
92,2,32,0,1
92,2,33,0,1
92,2,34,0,1
92,2,35,0,1
92,2,36,0,1
92,2,37,0,1
92,2,38,0,1
92,2,39,0,1
92,2,40,0,1
92,2,41,0,1
92,2,42,0,1
92,2,43,0,1
92,2,44,0,1
92,2,45,0,1
92,2,46,0,1
92,2,47,0,1
92,2,48,0,1
92,2,49,0,1
92,2,50,0,1
92,2,51,0,1
92,2,52,0,1
92,2,53,0,1
92,2,54,0,1
92,2,55,0,1
92,2,56,0,1
92,2,57,0,1
92,2,58,0,1
92,2,59,0,1
92,2,60,0,1
92,2,61,0,1
92,2,62,0,1
92,2,63,0,1
92,3,0,0,1
92,3,1,0,1
92,3,2,0,1
92,3,3,0,1
92,3,4,0,1
92,3,5,0,1
92,3,6,0,1
92,3,7,0,1
92,3,8,0,1
92,3,9,0,1
92,3,10,0,1
92,3,11,0,1
92,3,12,0,1
92,3,13,0,1
92,3,14,0,1
92,3,15,0,1
92,3,16,0,1
92,3,17,0,1
92,3,18,0,1
92,3,19,0,1
92,3,20,0,1
92,3,21,0,1
92,3,22,0,1
92,3,23,0,1
92,3,24,0,1
92,3,25,0,1
92,3,26,0,1
92,3,27,0,1
92,3,28,0,1
92,3,29,0,1
92,3,30,0,1
92,3,31,0,1
92,3,32,0,1
92,3,33,0,1
92,3,34,0,1
92,3,35,0,1
92,3,36,0,1
92,3,37,0,1
92,3,38,0,1
92,3,39,0,1
92,3,40,0,1
92,3,41,0,1
92,3,42,0,1
92,3,43,0,1
92,3,44,0,1
92,3,45,0,1
92,3,46,0,1
92,3,47,0,1
92,3,48,0,1
92,3,49,0,1
92,3,50,0,1
92,3,51,0,1
92,3,52,0,1
92,3,53,0,1
92,3,54,0,1
92,3,55,0,1
92,3,56,0,1
92,3,57,0,1
92,3,58,0,1
92,3,59,0,1
92,3,60,0,1
92,3,61,0,1
92,3,62,0,1
92,3,63,0,1
92,4,0,0,1
92,4,1,0,1
92,4,2,0,1
92,4,3,0,1
92,4,4,0,1
92,4,5,0,1
92,4,6,0,1
92,4,7,0,1
92,4,8,0,1
92,4,9,0,1
92,4,10,0,1
92,4,11,0,1
92,4,12,0,1
92,4,13,0,1
92,4,14,0,1
92,4,15,0,1
92,4,16,0,1
92,4,17,0,1
92,4,18,0,1
92,4,19,0,1
92,4,20,0,1
92,4,21,0,1
92,4,22,0,1
92,4,23,0,1
92,4,24,0,1
92,4,25,0,1
92,4,26,0,1
92,4,27,0,1
92,4,28,0,1
92,4,29,0,1
92,4,30,0,1
92,4,31,0,1
92,4,32,0,1
92,4,33,0,1
92,4,34,0,1
92,4,35,0,1
92,4,36,0,1
92,4,37,0,1
92,4,38,0,1
92,4,39,0,1
92,4,40,0,1
92,4,41,0,1
92,4,42,0,1
92,4,43,0,1
92,4,44,0,1
92,4,45,0,1
92,4,46,0,1
92,4,47,0,1
92,4,48,0,1
92,4,49,0,1
92,4,50,0,1
92,4,51,0,1
92,4,52,0,1
92,4,53,0,1
92,4,54,0,1
92,4,55,0,1
92,4,56,0,1
92,4,57,0,1
92,4,58,0,1
92,4,59,0,1
92,4,60,0,1
92,4,61,0,1
92,4,62,0,1
92,4,63,0,1
92,5,0,0,1
92,5,1,0,1
92,5,2,0,1
92,5,3,0,1
92,5,4,0,1
92,5,5,0,1
92,5,6,0,1
92,5,7,0,1
92,5,8,0,1
92,5,9,0,1
92,5,10,0,1
92,5,11,0,1
92,5,12,0,1
92,5,13,0,1
92,5,14,0,1
92,5,15,0,1
92,5,16,0,1
92,5,17,0,1
92,5,18,0,1
92,5,19,0,1
92,5,20,0,1
92,5,21,0,1
92,5,22,0,1
92,5,23,0,1
92,5,24,0,1
92,5,25,0,1
92,5,26,0,1
92,5,27,0,1
92,5,28,0,1
92,5,29,0,1
92,5,30,0,1
92,5,31,0,1
92,5,32,0,1
92,5,33,0,1
92,5,34,0,1
92,5,35,0,1
92,5,36,0,1
92,5,37,0,1
92,5,38,0,1
92,5,39,0,1
92,5,40,0,1
92,5,41,0,1
92,5,42,0,1
92,5,43,0,1
92,5,44,0,1
92,5,45,0,1
92,5,46,0,1
92,5,47,0,1
92,5,48,0,1
92,5,49,0,1
92,5,50,0,1
92,5,51,0,1
92,5,52,0,1
92,5,53,0,1
92,5,54,0,1
92,5,55,0,1
92,5,56,0,1
92,5,57,0,1
92,5,58,0,1
92,5,59,0,1
92,5,60,0,1
92,5,61,0,1
92,5,62,0,1
92,5,63,0,1
92,6,0,0,1
92,6,1,0,1
92,6,2,0,1
92,6,3,0,1
92,6,4,0,1
92,6,5,0,1
92,6,6,0,1
92,6,7,0,1
92,6,8,0,1
92,6,9,0,1
92,6,10,0,1
92,6,11,0,1
92,6,12,0,1
92,6,13,0,1
92,6,14,0,1
92,6,15,0,1
92,6,16,0,1
92,6,17,0,1
92,6,18,0,1
92,6,19,0,1
92,6,20,0,1
92,6,21,0,1
92,6,22,0,1
92,6,23,0,1
92,6,24,0,1
92,6,25,0,1
92,6,26,0,1
92,6,27,0,1
92,6,28,0,1
92,6,29,0,1
92,6,30,0,1
92,6,31,0,1
92,6,32,0,1
92,6,33,0,1
92,6,34,0,1
92,6,35,0,1
92,6,36,0,1
92,6,37,0,1
92,6,38,0,1
92,6,39,0,1
92,6,40,0,1
92,6,41,0,1
92,6,42,0,1
92,6,43,0,1
92,6,44,0,1
92,6,45,0,1
92,6,46,0,1
92,6,47,0,1
92,6,48,0,1
92,6,49,0,1
92,6,50,0,1
92,6,51,0,1
92,6,52,0,1
92,6,53,0,1
92,6,54,0,1
92,6,55,0,1
92,6,56,0,1
92,6,57,0,1
92,6,58,0,1
92,6,59,0,1
92,6,60,0,1
92,6,61,0,1
92,6,62,0,1
92,6,63,0,1
92,7,0,0,1
92,7,1,0,1
92,7,2,0,1
92,7,3,0,1
92,7,4,0,1
92,7,5,0,1
92,7,6,0,1
92,7,7,0,1
92,7,8,0,1
92,7,9,0,1
92,7,10,0,1
92,7,11,0,1
92,7,12,0,1
92,7,13,0,1
92,7,14,0,1
92,7,15,0,1
92,7,16,0,1
92,7,17,0,1
92,7,18,0,1
92,7,19,0,1
92,7,20,0,1
92,7,21,0,1
92,7,22,0,1
92,7,23,0,1
92,7,24,0,1
92,7,25,0,1
92,7,26,0,1
92,7,27,0,1
92,7,28,0,1
92,7,29,0,1
92,7,30,0,1
92,7,31,0,1
92,7,32,0,1
92,7,33,0,1
92,7,34,0,1
92,7,35,0,1
92,7,36,0,1
92,7,37,0,1
92,7,38,0,1
92,7,39,0,1
92,7,40,0,1
92,7,41,0,1
92,7,42,0,1
92,7,43,0,1
92,7,44,0,1
92,7,45,0,1
92,7,46,0,1
92,7,47,0,1
92,7,48,0,1
92,7,49,0,1
92,7,50,0,1
92,7,51,0,1
92,7,52,0,1
92,7,53,0,1
92,7,54,0,1
92,7,55,0,1
92,7,56,0,1
92,7,57,0,1
92,7,58,0,1
92,7,59,0,1
92,7,60,0,1
92,7,61,0,1
92,7,62,0,1
92,7,63,0,1
92,8,0,0,1
92,8,1,0,1
92,8,2,0,1
92,8,3,0,1
92,8,4,0,1
92,8,5,0,1
92,8,6,0,1
92,8,7,0,1
92,8,8,0,1
92,8,9,0,1
92,8,10,0,1
92,8,11,0,1
92,8,12,0,1
92,8,13,0,1
92,8,14,0,1
92,8,15,0,1
92,8,16,0,1
92,8,17,0,1
92,8,18,0,1
92,8,19,0,1
92,8,20,0,1
92,8,21,0,1
92,8,22,0,1
92,8,23,0,1
92,8,24,0,1
92,8,25,0,1
92,8,26,0,1
92,8,27,0,1
92,8,28,0,1
92,8,29,0,1
92,8,30,0,1
92,8,31,0,1
92,8,32,0,1
92,8,33,0,1
92,8,34,0,1
92,8,35,0,1
92,8,36,0,1
92,8,37,0,1
92,8,38,0,1
92,8,39,0,1
92,8,40,0,1
92,8,41,0,1
92,8,42,0,1
92,8,43,0,1
92,8,44,0,1
92,8,45,0,1
92,8,46,0,1
92,8,47,0,1
92,8,48,0,1
92,8,49,0,1
92,8,50,0,1
92,8,51,0,1
92,8,52,0,1
92,8,53,0,1
92,8,54,0,1
92,8,55,0,1
92,8,56,0,1
92,8,57,0,1
92,8,58,0,1
92,8,59,0,1
92,8,60,0,1
92,8,61,0,1
92,8,62,0,1
92,8,63,0,1
92,9,0,0,1
92,9,1,0,1
92,9,2,0,1
92,9,3,0,1
92,9,4,0,1
92,9,5,0,1
92,9,6,0,1
92,9,7,0,1
92,9,8,0,1
92,9,9,0,1
92,9,10,0,1
92,9,11,0,1
92,9,12,0,1
92,9,13,0,1
92,9,14,0,1
92,9,15,0,1
92,9,16,0,1
92,9,17,0,1
92,9,18,0,1
92,9,19,0,1
92,9,20,0,1
92,9,21,0,1
92,9,22,0,1
92,9,23,0,1
92,9,24,0,1
92,9,25,0,1
92,9,26,0,1
92,9,27,0,1
92,9,28,0,1
92,9,29,0,1
92,9,30,0,1
92,9,31,0,1
92,9,32,0,1
92,9,33,0,1
92,9,34,0,1
92,9,35,0,1
92,9,36,0,1
92,9,37,0,1
92,9,38,0,1
92,9,39,0,1
92,9,40,0,1
92,9,41,0,1
92,9,42,0,1
92,9,43,0,1
92,9,44,0,1
92,9,45,0,1
92,9,46,0,1
92,9,47,0,1
92,9,48,0,1
92,9,49,0,1
92,9,50,0,1
92,9,51,0,1
92,9,52,0,1
92,9,53,0,1
92,9,54,0,1
92,9,55,0,1
92,9,56,0,1
92,9,57,0,1
92,9,58,0,1
92,9,59,0,1
92,9,60,0,1
92,9,61,0,1
92,9,62,0,1
92,9,63,0,1
92,10,0,0,1
92,10,1,0,1
92,10,2,0,1
92,10,3,0,1
92,10,4,0,1
92,10,5,0,1
92,10,6,0,1
92,10,7,0,1
92,10,8,0,1
92,10,9,0,1
92,10,10,0,1
92,10,11,0,1
92,10,12,0,1
92,10,13,0,1
92,10,14,0,1
92,10,15,0,1
92,10,16,0,1
92,10,17,0,1
92,10,18,0,1
92,10,19,0,1
92,10,20,0,1
92,10,21,0,1
92,10,22,0,1
92,10,23,0,1
92,10,24,0,1
92,10,25,0,1
92,10,26,0,1
92,10,27,0,1
92,10,28,0,1
92,10,29,0,1
92,10,30,0,1
92,10,31,0,1
92,10,32,0,1
92,10,33,0,1
92,10,34,0,1
92,10,35,0,1
92,10,36,0,1
92,10,37,0,1
92,10,38,0,1
92,10,39,0,1
92,10,40,0,1
92,10,41,0,1
92,10,42,0,1
92,10,43,0,1
92,10,44,0,1
92,10,45,0,1
92,10,46,0,1
92,10,47,0,1
92,10,48,0,1
92,10,49,0,1
92,10,50,0,1
92,10,51,0,1
92,10,52,0,1
92,10,53,0,1
92,10,54,0,1
92,10,55,0,1
92,10,56,0,1
92,10,57,0,1
92,10,58,0,1
92,10,59,0,1
92,10,60,0,1
92,10,61,0,1
92,10,62,0,1
92,10,63,0,1
92,11,0,0,1
92,11,1,0,1
92,11,2,0,1
92,11,3,0,1
92,11,4,0,1
92,11,5,0,1
92,11,6,0,1
92,11,7,0,1
92,11,8,0,1
92,11,9,0,1
92,11,10,0,1
92,11,11,0,1
92,11,12,0,1
92,11,13,0,1
92,11,14,0,1
92,11,15,0,1
92,11,16,0,1
92,11,17,0,1
92,11,18,0,1
92,11,19,0,1
92,11,20,0,1
92,11,21,0,1
92,11,22,0,1
92,11,23,0,1
92,11,24,0,1
92,11,25,0,1
92,11,26,0,1
92,11,27,0,1
92,11,28,0,1
92,11,29,0,1
92,11,30,0,1
92,11,31,0,1
92,11,32,0,1
92,11,33,0,1
92,11,34,0,1
92,11,35,0,1
92,11,36,0,1
92,11,37,0,1
92,11,38,0,1
92,11,39,0,1
92,11,40,0,1
92,11,41,0,1
92,11,42,0,1
92,11,43,0,1
92,11,44,0,1
92,11,45,0,1
92,11,46,0,1
92,11,47,0,1
92,11,48,0,1
92,11,49,0,1
92,11,50,0,1
92,11,51,0,1
92,11,52,0,1
92,11,53,0,1
92,11,54,0,1
92,11,55,0,1
92,11,56,0,1
92,11,57,0,1
92,11,58,0,1
92,11,59,0,1
92,11,60,0,1
92,11,61,0,1
92,11,62,0,1
92,11,63,0,1
92,12,0,0,1
92,12,1,0,1
92,12,2,0,1
92,12,3,0,1
92,12,4,0,1
92,12,5,0,1
92,12,6,0,1
92,12,7,0,1
92,12,8,0,1
92,12,9,0,1
92,12,10,0,1
92,12,11,0,1
92,12,12,0,1
92,12,13,0,1
92,12,14,0,1
92,12,15,0,1
92,12,16,0,1
92,12,17,0,1
92,12,18,0,1
92,12,19,0,1
92,12,20,0,1
92,12,21,0,1
92,12,22,0,1
92,12,23,0,1
92,12,24,0,1
92,12,25,0,1
92,12,26,0,1
92,12,27,0,1
92,12,28,0,1
92,12,29,0,1
92,12,30,0,1
92,12,31,0,1
92,12,32,0,1
92,12,33,0,1
92,12,34,0,1
92,12,35,0,1
92,12,36,0,1
92,12,37,0,1
92,12,38,0,1
92,12,39,0,1
92,12,40,0,1
92,12,41,0,1
92,12,42,0,1
92,12,43,0,1
92,12,44,0,1
92,12,45,0,1
92,12,46,0,1
92,12,47,0,1
92,12,48,0,1
92,12,49,0,1
92,12,50,0,1
92,12,51,0,1
92,12,52,0,1
92,12,53,0,1
92,12,54,0,1
92,12,55,0,1
92,12,56,0,1
92,12,57,0,1
92,12,58,0,1
92,12,59,0,1
92,12,60,0,1
92,12,61,0,1
92,12,62,0,1
92,12,63,0,1
92,13,0,0,1
92,13,1,0,1
92,13,2,0,1
92,13,3,0,1
92,13,4,0,1
92,13,5,0,1
92,13,6,0,1
92,13,7,0,1
92,13,8,0,1
92,13,9,0,1
92,13,10,0,1
92,13,11,0,1
92,13,12,0,1
92,13,13,0,1
92,13,14,0,1
92,13,15,0,1
92,13,16,0,1
92,13,17,0,1
92,13,18,0,1
92,13,19,0,1
92,13,20,0,1
92,13,21,0,1
92,13,22,0,1
92,13,23,0,1
92,13,24,0,1
92,13,25,0,1
92,13,26,0,1
92,13,27,0,1
92,13,28,0,1
92,13,29,0,1
92,13,30,0,1
92,13,31,0,1
92,13,32,0,1
92,13,33,0,1
92,13,34,0,1
92,13,35,0,1
92,13,36,0,1
92,13,37,0,1
92,13,38,0,1
92,13,39,0,1
92,13,40,0,1
92,13,41,0,1
92,13,42,0,1
92,13,43,0,1
92,13,44,0,1
92,13,45,0,1
92,13,46,0,1
92,13,47,0,1
92,13,48,0,1
92,13,49,0,1
92,13,50,0,1
92,13,51,0,1
92,13,52,0,1
92,13,53,0,1
92,13,54,0,1
92,13,55,0,1
92,13,56,0,1
92,13,57,0,1
92,13,58,0,1
92,13,59,0,1
92,13,60,0,1
92,13,61,0,1
92,13,62,0,1
92,13,63,0,1
92,14,0,0,1
92,14,1,0,1
92,14,2,0,1
92,14,3,0,1
92,14,4,0,1
92,14,5,0,1
92,14,6,0,1
92,14,7,0,1
92,14,8,0,1
92,14,9,0,1
92,14,10,0,1
92,14,11,0,1
92,14,12,0,1
92,14,13,0,1
92,14,14,0,1
92,14,15,0,1
92,14,16,0,1
92,14,17,0,1
92,14,18,0,1
92,14,19,0,1
92,14,20,0,1
92,14,21,0,1
92,14,22,0,1
92,14,23,0,1
92,14,24,0,1
92,14,25,0,1
92,14,26,0,1
92,14,27,0,1
92,14,28,0,1
92,14,29,0,1
92,14,30,0,1
92,14,31,0,1
92,14,32,0,1
92,14,33,0,1
92,14,34,0,1
92,14,35,0,1
92,14,36,0,1
92,14,37,0,1
92,14,38,0,1
92,14,39,0,1
92,14,40,0,1
92,14,41,0,1
92,14,42,0,1
92,14,43,0,1
92,14,44,0,1
92,14,45,0,1
92,14,46,0,1
92,14,47,0,1
92,14,48,0,1
92,14,49,0,1
92,14,50,0,1
92,14,51,0,1
92,14,52,0,1
92,14,53,0,1
92,14,54,0,1
92,14,55,0,1
92,14,56,0,1
92,14,57,0,1
92,14,58,0,1
92,14,59,0,1
92,14,60,0,1
92,14,61,0,1
92,14,62,0,1
92,14,63,0,1
92,15,0,0,1
92,15,1,0,1
92,15,2,0,1
92,15,3,0,1
92,15,4,0,1
92,15,5,0,1
92,15,6,0,1
92,15,7,0,1
92,15,8,0,1
92,15,9,0,1
92,15,10,0,1
92,15,11,0,1
92,15,12,0,1
92,15,13,0,1
92,15,14,0,1
92,15,15,0,1
92,15,16,0,1
92,15,17,0,1
92,15,18,0,1
92,15,19,0,1
92,15,20,0,1
92,15,21,0,1
92,15,22,0,1
92,15,23,0,1
92,15,24,0,1
92,15,25,0,1
92,15,26,0,1
92,15,27,0,1
92,15,28,0,1
92,15,29,0,1
92,15,30,0,1
92,15,31,0,1
92,15,32,0,1
92,15,33,0,1
92,15,34,0,1
92,15,35,0,1
92,15,36,0,1
92,15,37,0,1
92,15,38,0,1
92,15,39,0,1
92,15,40,0,1
92,15,41,0,1
92,15,42,0,1
92,15,43,0,1
92,15,44,0,1
92,15,45,0,1
92,15,46,0,1
92,15,47,0,1
92,15,48,0,1
92,15,49,0,1
92,15,50,0,1
92,15,51,0,1
92,15,52,0,1
92,15,53,0,1
92,15,54,0,1
92,15,55,0,1
92,15,56,0,1
92,15,57,0,1
92,15,58,0,1
92,15,59,0,1
92,15,60,0,1
92,15,61,0,1
92,15,62,0,1
92,15,63,0,1
92,16,0,0,1
92,16,1,0,1
92,16,2,0,1
92,16,3,0,1
92,16,4,0,1
92,16,5,0,1
92,16,6,0,1
92,16,7,0,1
92,16,8,0,1
92,16,9,0,1
92,16,10,0,1
92,16,11,0,1
92,16,12,0,1
92,16,13,0,1
92,16,14,0,1
92,16,15,0,1
92,16,16,0,1
92,16,17,0,1
92,16,18,0,1
92,16,19,0,1
92,16,20,0,1
92,16,21,0,1
92,16,22,0,1
92,16,23,0,1
92,16,24,0,1
92,16,25,0,1
92,16,26,0,1
92,16,27,0,1
92,16,28,0,1
92,16,29,0,1
92,16,30,0,1
92,16,31,0,1
92,16,32,0,1
92,16,33,0,1
92,16,34,0,1
92,16,35,0,1
92,16,36,0,1
92,16,37,0,1
92,16,38,0,1
92,16,39,0,1
92,16,40,0,1
92,16,41,0,1
92,16,42,0,1
92,16,43,0,1
92,16,44,0,1
92,16,45,0,1
92,16,46,0,1
92,16,47,0,1
92,16,48,0,1
92,16,49,0,1
92,16,50,0,1
92,16,51,0,1
92,16,52,0,1
92,16,53,0,1
92,16,54,0,1
92,16,55,0,1
92,16,56,0,1
92,16,57,0,1
92,16,58,0,1
92,16,59,0,1
92,16,60,0,1
92,16,61,0,1
92,16,62,0,1
92,16,63,0,1
92,17,0,0,1
92,17,1,0,1
92,17,2,0,1
92,17,3,0,1
92,17,4,0,1
92,17,5,0,1
92,17,6,0,1
92,17,7,0,1
92,17,8,0,1
92,17,9,0,1
92,17,10,0,1
92,17,11,0,1
92,17,12,0,1
92,17,13,0,1
92,17,14,0,1
92,17,15,0,1
92,17,16,0,1
92,17,17,0,1
92,17,18,0,1
92,17,19,0,1
92,17,20,0,1
92,17,21,0,1
92,17,22,0,1
92,17,23,0,1
92,17,24,0,1
92,17,25,0,1
92,17,26,0,1
92,17,27,0,1
92,17,28,0,1
92,17,29,0,1
92,17,30,0,1
92,17,31,0,1
92,17,32,0,1
92,17,33,0,1
92,17,34,0,1
92,17,35,0,1
92,17,36,0,1
92,17,37,0,1
92,17,38,0,1
92,17,39,0,1
92,17,40,0,1
92,17,41,0,1
92,17,42,0,1
92,17,43,0,1
92,17,44,0,1
92,17,45,0,1
92,17,46,0,1
92,17,47,0,1
92,17,48,0,1
92,17,49,0,1
92,17,50,0,1
92,17,51,0,1
92,17,52,0,1
92,17,53,0,1
92,17,54,0,1
92,17,55,0,1
92,17,56,0,1
92,17,57,0,1
92,17,58,0,1
92,17,59,0,1
92,17,60,0,1
92,17,61,0,1
92,17,62,0,1
92,17,63,0,1
92,18,0,0,1
92,18,1,0,1
92,18,2,0,1
92,18,3,0,1
92,18,4,0,1
92,18,5,0,1
92,18,6,0,1
92,18,7,0,1
92,18,8,0,1
92,18,9,0,1
92,18,10,0,1
92,18,11,0,1
92,18,12,0,1
92,18,13,0,1
92,18,14,0,1
92,18,15,0,1
92,18,16,0,1
92,18,17,0,1
92,18,18,0,1
92,18,19,0,1
92,18,20,0,1
92,18,21,0,1
92,18,22,0,1
92,18,23,0,1
92,18,24,0,1
92,18,25,0,1
92,18,26,0,1
92,18,27,0,1
92,18,28,0,1
92,18,29,0,1
92,18,30,0,1
92,18,31,0,1
92,18,32,0,1
92,18,33,0,1
92,18,34,0,1
92,18,35,0,1
92,18,36,0,1
92,18,37,0,1
92,18,38,0,1
92,18,39,0,1
92,18,40,0,1
92,18,41,0,1
92,18,42,0,1
92,18,43,0,1
92,18,44,0,1
92,18,45,0,1
92,18,46,0,1
92,18,47,0,1
92,18,48,0,1
92,18,49,0,1
92,18,50,0,1
92,18,51,0,1
92,18,52,0,1
92,18,53,0,1
92,18,54,0,1
92,18,55,0,1
92,18,56,0,1
92,18,57,0,1
92,18,58,0,1
92,18,59,0,1
92,18,60,0,1
92,18,61,0,1
92,18,62,0,1
92,18,63,0,1
92,19,0,0,1
92,19,1,0,1
92,19,2,0,1
92,19,3,0,1
92,19,4,0,1
92,19,5,0,1
92,19,6,0,1
92,19,7,0,1
92,19,8,0,1
92,19,9,0,1
92,19,10,0,1
92,19,11,0,1
92,19,12,0,1
92,19,13,0,1
92,19,14,0,1
92,19,15,0,1
92,19,16,0,1
92,19,17,0,1
92,19,18,0,1
92,19,19,0,1
92,19,20,0,1
92,19,21,0,1
92,19,22,0,1
92,19,23,0,1
92,19,24,0,1
92,19,25,0,1
92,19,26,0,1
92,19,27,0,1
92,19,28,0,1
92,19,29,0,1
92,19,30,0,1
92,19,31,0,1
92,19,32,0,1
92,19,33,0,1
92,19,34,0,1
92,19,35,0,1
92,19,36,0,1
92,19,37,0,1
92,19,38,0,1
92,19,39,0,1
92,19,40,0,1
92,19,41,0,1
92,19,42,0,1
92,19,43,0,1
92,19,44,0,1
92,19,45,0,1
92,19,46,0,1
92,19,47,0,1
92,19,48,0,1
92,19,49,0,1
92,19,50,0,1
92,19,51,0,1
92,19,52,0,1
92,19,53,0,1
92,19,54,0,1
92,19,55,0,1
92,19,56,0,1
92,19,57,0,1
92,19,58,0,1
92,19,59,0,1
92,19,60,0,1
92,19,61,0,1
92,19,62,0,1
92,19,63,0,1
92,20,0,0,1
92,20,1,0,1
92,20,2,0,1
92,20,3,0,1
92,20,4,0,1
92,20,5,0,1
92,20,6,0,1
92,20,7,0,1
92,20,8,0,1
92,20,9,0,1
92,20,10,0,1
92,20,11,0,1
92,20,12,0,1
92,20,13,0,1
92,20,14,0,1
92,20,15,0,1
92,20,16,0,1
92,20,17,0,1
92,20,18,0,1
92,20,19,0,1
92,20,20,0,1
92,20,21,0,1
92,20,22,0,1
92,20,23,0,1
92,20,24,0,1
92,20,25,0,1
92,20,26,0,1
92,20,27,0,1
92,20,28,0,1
92,20,29,0,1
92,20,30,0,1
92,20,31,0,1
92,20,32,0,1
92,20,33,0,1
92,20,34,0,1
92,20,35,0,1
92,20,36,0,1
92,20,37,0,1
92,20,38,0,1
92,20,39,0,1
92,20,40,0,1
92,20,41,0,1
92,20,42,0,1
92,20,43,0,1
92,20,44,0,1
92,20,45,0,1
92,20,46,0,1
92,20,47,0,1
92,20,48,0,1
92,20,49,0,1
92,20,50,0,1
92,20,51,0,1
92,20,52,0,1
92,20,53,0,1
92,20,54,0,1
92,20,55,0,1
92,20,56,0,1
92,20,57,0,1
92,20,58,0,1
92,20,59,0,1
92,20,60,0,1
92,20,61,0,1
92,20,62,0,1
92,20,63,0,1
92,21,0,0,1
92,21,1,0,1
92,21,2,0,1
92,21,3,0,1
92,21,4,0,1
92,21,5,0,1
92,21,6,0,1
92,21,7,0,1
92,21,8,0,1
92,21,9,0,1
92,21,10,0,1
92,21,11,0,1
92,21,12,0,1
92,21,13,0,1
92,21,14,0,1
92,21,15,0,1
92,21,16,0,1
92,21,17,0,1
92,21,18,0,1
92,21,19,0,1
92,21,20,0,1
92,21,21,0,1
92,21,22,0,1
92,21,23,0,1
92,21,24,0,1
92,21,25,0,1
92,21,26,0,1
92,21,27,0,1
92,21,28,0,1
92,21,29,0,1
92,21,30,0,1
92,21,31,0,1
92,21,32,0,1
92,21,33,0,1
92,21,34,0,1
92,21,35,0,1
92,21,36,0,1
92,21,37,0,1
92,21,38,0,1
92,21,39,0,1
92,21,40,0,1
92,21,41,0,1
92,21,42,0,1
92,21,43,0,1
92,21,44,0,1
92,21,45,0,1
92,21,46,0,1
92,21,47,0,1
92,21,48,0,1
92,21,49,0,1
92,21,50,0,1
92,21,51,0,1
92,21,52,0,1
92,21,53,0,1
92,21,54,0,1
92,21,55,0,1
92,21,56,0,1
92,21,57,0,1
92,21,58,0,1
92,21,59,0,1
92,21,60,0,1
92,21,61,0,1
92,21,62,0,1
92,21,63,0,1
92,22,0,0,1
92,22,1,0,1
92,22,2,0,1
92,22,3,0,1
92,22,4,0,1
92,22,5,0,1
92,22,6,0,1
92,22,7,0,1
92,22,8,0,1
92,22,9,0,1
92,22,10,0,1
92,22,11,0,1
92,22,12,0,1
92,22,13,0,1
92,22,14,0,1
92,22,15,0,1
92,22,16,0,1
92,22,17,0,1
92,22,18,0,1
92,22,19,0,1
92,22,20,0,1
92,22,21,0,1
92,22,22,0,1
92,22,23,0,1
92,22,24,0,1
92,22,25,0,1
92,22,26,0,1
92,22,27,0,1
92,22,28,0,1
92,22,29,0,1
92,22,30,0,1
92,22,31,0,1
92,22,32,0,1
92,22,33,0,1
92,22,34,0,1
92,22,35,0,1
92,22,36,0,1
92,22,37,0,1
92,22,38,0,1
92,22,39,0,1
92,22,40,0,1
92,22,41,0,1
92,22,42,0,1
92,22,43,0,1
92,22,44,0,1
92,22,45,0,1
92,22,46,0,1
92,22,47,0,1
92,22,48,0,1
92,22,49,0,1
92,22,50,0,1
92,22,51,0,1
92,22,52,0,1
92,22,53,0,1
92,22,54,0,1
92,22,55,0,1
92,22,56,0,1
92,22,57,0,1
92,22,58,0,1
92,22,59,0,1
92,22,60,0,1
92,22,61,0,1
92,22,62,0,1
92,22,63,0,1
92,23,0,0,1
92,23,1,0,1
92,23,2,0,1
92,23,3,0,1
92,23,4,0,1
92,23,5,0,1
92,23,6,0,1
92,23,7,0,1
92,23,8,0,1
92,23,9,0,1
92,23,10,0,1
92,23,11,0,1
92,23,12,0,1
92,23,13,0,1
92,23,14,0,1
92,23,15,0,1
92,23,16,0,1
92,23,17,0,1
92,23,18,0,1
92,23,19,0,1
92,23,20,0,1
92,23,21,0,1
92,23,22,0,1
92,23,23,0,1
92,23,24,0,1
92,23,25,0,1
92,23,26,0,1
92,23,27,0,1
92,23,28,0,1
92,23,29,0,1
92,23,30,0,1
92,23,31,0,1
92,23,32,0,1
92,23,33,0,1
92,23,34,0,1
92,23,35,0,1
92,23,36,0,1
92,23,37,0,1
92,23,38,0,1
92,23,39,0,1
92,23,40,0,1
92,23,41,0,1
92,23,42,0,1
92,23,43,0,1
92,23,44,0,1
92,23,45,0,1
92,23,46,0,1
92,23,47,0,1
92,23,48,0,1
92,23,49,0,1
92,23,50,0,1
92,23,51,0,1
92,23,52,0,1
92,23,53,0,1
92,23,54,0,1
92,23,55,0,1
92,23,56,0,1
92,23,57,0,1
92,23,58,0,1
92,23,59,0,1
92,23,60,0,1
92,23,61,0,1
92,23,62,0,1
92,23,63,0,1
92,24,0,0,1
92,24,1,0,1
92,24,2,0,1
92,24,3,0,1
92,24,4,0,1
92,24,5,0,1
92,24,6,0,1
92,24,7,0,1
92,24,8,0,1
92,24,9,0,1
92,24,10,0,1
92,24,11,0,1
92,24,12,0,1
92,24,13,0,1
92,24,14,0,1
92,24,15,0,1
92,24,16,0,1
92,24,17,0,1
92,24,18,0,1
92,24,19,0,1
92,24,20,0,1
92,24,21,0,1
92,24,22,0,1
92,24,23,0,1
92,24,24,0,1
92,24,25,0,1
92,24,26,0,1
92,24,27,0,1
92,24,28,0,1
92,24,29,0,1
92,24,30,0,1
92,24,31,0,1
92,24,32,0,1
92,24,33,0,1
92,24,34,0,1
92,24,35,0,1
92,24,36,0,1
92,24,37,0,1
92,24,38,0,1
92,24,39,0,1
92,24,40,0,1
92,24,41,0,1
92,24,42,0,1
92,24,43,0,1
92,24,44,0,1
92,24,45,0,1
92,24,46,0,1
92,24,47,0,1
92,24,48,0,1
92,24,49,0,1
92,24,50,0,1
92,24,51,0,1
92,24,52,0,1
92,24,53,0,1
92,24,54,0,1
92,24,55,0,1
92,24,56,0,1
92,24,57,0,1
92,24,58,0,1
92,24,59,0,1
92,24,60,0,1
92,24,61,0,1
92,24,62,0,1
92,24,63,0,1
92,25,0,0,1
92,25,1,0,1
92,25,2,0,1
92,25,3,0,1
92,25,4,0,1
92,25,5,0,1
92,25,6,0,1
92,25,7,0,1
92,25,8,0,1
92,25,9,0,1
92,25,10,0,1
92,25,11,0,1
92,25,12,0,1
92,25,13,0,1
92,25,14,0,1
92,25,15,0,1
92,25,16,0,1
92,25,17,0,1
92,25,18,0,1
92,25,19,0,1
92,25,20,0,1
92,25,21,0,1
92,25,22,0,1
92,25,23,0,1
92,25,24,0,1
92,25,25,0,1
92,25,26,0,1
92,25,27,0,1
92,25,28,0,1
92,25,29,0,1
92,25,30,0,1
92,25,31,0,1
92,25,32,0,1
92,25,33,0,1
92,25,34,0,1
92,25,35,0,1
92,25,36,0,1
92,25,37,0,1
92,25,38,0,1
92,25,39,0,1
92,25,40,0,1
92,25,41,0,1
92,25,42,0,1
92,25,43,0,1
92,25,44,0,1
92,25,45,0,1
92,25,46,0,1
92,25,47,0,1
92,25,48,0,1
92,25,49,0,1
92,25,50,0,1
92,25,51,0,1
92,25,52,0,1
92,25,53,0,1
92,25,54,0,1
92,25,55,0,1
92,25,56,0,1
92,25,57,0,1
92,25,58,0,1
92,25,59,0,1
92,25,60,0,1
92,25,61,0,1
92,25,62,0,1
92,25,63,0,1
92,26,0,0,1
92,26,1,0,1
92,26,2,0,1
92,26,3,0,1
92,26,4,0,1
92,26,5,0,1
92,26,6,0,1
92,26,7,0,1
92,26,8,0,1
92,26,9,0,1
92,26,10,0,1
92,26,11,0,1
92,26,12,0,1
92,26,13,0,1
92,26,14,0,1
92,26,15,0,1
92,26,16,0,1
92,26,17,0,1
92,26,18,0,1
92,26,19,0,1
92,26,20,0,1
92,26,21,0,1
92,26,22,0,1
92,26,23,0,1
92,26,24,0,1
92,26,25,0,1
92,26,26,0,1
92,26,27,0,1
92,26,28,0,1
92,26,29,0,1
92,26,30,0,1
92,26,31,0,1
92,26,32,0,1
92,26,33,0,1
92,26,34,0,1
92,26,35,0,1
92,26,36,0,1
92,26,37,0,1
92,26,38,0,1
92,26,39,0,1
92,26,40,0,1
92,26,41,0,1
92,26,42,0,1
92,26,43,0,1
92,26,44,0,1
92,26,45,0,1
92,26,46,0,1
92,26,47,0,1
92,26,48,0,1
92,26,49,0,1
92,26,50,0,1
92,26,51,0,1
92,26,52,0,1
92,26,53,0,1
92,26,54,0,1
92,26,55,0,1
92,26,56,0,1
92,26,57,0,1
92,26,58,0,1
92,26,59,0,1
92,26,60,0,1
92,26,61,0,1
92,26,62,0,1
92,26,63,0,1
92,27,0,0,1
92,27,1,0,1
92,27,2,0,1
92,27,3,0,1
92,27,4,0,1
92,27,5,0,1
92,27,6,0,1
92,27,7,0,1
92,27,8,0,1
92,27,9,0,1
92,27,10,0,1
92,27,11,0,1
92,27,12,0,1
92,27,13,0,1
92,27,14,0,1
92,27,15,0,1
92,27,16,0,1
92,27,17,0,1
92,27,18,0,1
92,27,19,0,1
92,27,20,0,1
92,27,21,0,1
92,27,22,0,1
92,27,23,0,1
92,27,24,0,1
92,27,25,0,1
92,27,26,0,1
92,27,27,0,1
92,27,28,0,1
92,27,29,0,1
92,27,30,0,1
92,27,31,0,1
92,27,32,0,1
92,27,33,0,1
92,27,34,0,1
92,27,35,0,1
92,27,36,0,1
92,27,37,0,1
92,27,38,0,1
92,27,39,0,1
92,27,40,0,1
92,27,41,0,1
92,27,42,0,1
92,27,43,0,1
92,27,44,0,1
92,27,45,0,1
92,27,46,0,1
92,27,47,0,1
92,27,48,0,1
92,27,49,0,1
92,27,50,0,1
92,27,51,0,1
92,27,52,0,1
92,27,53,0,1
92,27,54,0,1
92,27,55,0,1
92,27,56,0,1
92,27,57,0,1
92,27,58,0,1
92,27,59,0,1
92,27,60,0,1
92,27,61,0,1
92,27,62,0,1
92,27,63,0,1
92,28,0,0,1
92,28,1,0,1
92,28,2,0,1
92,28,3,0,1
92,28,4,0,1
92,28,5,0,1
92,28,6,0,1
92,28,7,0,1
92,28,8,0,1
92,28,9,0,1
92,28,10,0,1
92,28,11,0,1
92,28,12,0,1
92,28,13,0,1
92,28,14,0,1
92,28,15,0,1
92,28,16,0,1
92,28,17,0,1
92,28,18,0,1
92,28,19,0,1
92,28,20,0,1
92,28,21,0,1
92,28,22,0,1
92,28,23,0,1
92,28,24,0,1
92,28,25,0,1
92,28,26,0,1
92,28,27,0,1
92,28,28,0,1
92,28,29,0,1
92,28,30,0,1
92,28,31,0,1
92,28,32,0,1
92,28,33,0,1
92,28,34,0,1
92,28,35,0,1
92,28,36,0,1
92,28,37,0,1
92,28,38,0,1
92,28,39,0,1
92,28,40,0,1
92,28,41,0,1
92,28,42,0,1
92,28,43,0,1
92,28,44,0,1
92,28,45,0,1
92,28,46,0,1
92,28,47,0,1
92,28,48,0,1
92,28,49,0,1
92,28,50,0,1
92,28,51,0,1
92,28,52,0,1
92,28,53,0,1
92,28,54,0,1
92,28,55,0,1
92,28,56,0,1
92,28,57,0,1
92,28,58,0,1
92,28,59,0,1
92,28,60,0,1
92,28,61,0,1
92,28,62,0,1
92,28,63,0,1
92,29,0,0,1
92,29,1,0,1
92,29,2,0,1
92,29,3,0,1
92,29,4,0,1
92,29,5,0,1
92,29,6,0,1
92,29,7,0,1
92,29,8,0,1
92,29,9,0,1
92,29,10,0,1
92,29,11,0,1
92,29,12,0,1
92,29,13,0,1
92,29,14,0,1
92,29,15,0,1
92,29,16,0,1
92,29,17,0,1
92,29,18,0,1
92,29,19,0,1
92,29,20,0,1
92,29,21,0,1
92,29,22,0,1
92,29,23,0,1
92,29,24,0,1
92,29,25,0,1
92,29,26,0,1
92,29,27,0,1
92,29,28,0,1
92,29,29,0,1
92,29,30,0,1
92,29,31,0,1
92,29,32,0,1
92,29,33,0,1
92,29,34,0,1
92,29,35,0,1
92,29,36,0,1
92,29,37,0,1
92,29,38,0,1
92,29,39,0,1
92,29,40,0,1
92,29,41,0,1
92,29,42,0,1
92,29,43,0,1
92,29,44,0,1
92,29,45,0,1
92,29,46,0,1
92,29,47,0,1
92,29,48,0,1
92,29,49,0,1
92,29,50,0,1
92,29,51,0,1
92,29,52,0,1
92,29,53,0,1
92,29,54,0,1
92,29,55,0,1
92,29,56,0,1
92,29,57,0,1
92,29,58,0,1
92,29,59,0,1
92,29,60,0,1
92,29,61,0,1
92,29,62,0,1
92,29,63,0,1
92,30,0,0,1
92,30,1,0,1
92,30,2,0,1
92,30,3,0,1
92,30,4,0,1
92,30,5,0,1
92,30,6,0,1
92,30,7,0,1
92,30,8,0,1
92,30,9,0,1
92,30,10,0,1
92,30,11,0,1
92,30,12,0,1
92,30,13,0,1
92,30,14,0,1
92,30,15,0,1
92,30,16,0,1
92,30,17,0,1
92,30,18,0,1
92,30,19,0,1
92,30,20,0,1
92,30,21,0,1
92,30,22,0,1
92,30,23,0,1
92,30,24,0,1
92,30,25,0,1
92,30,26,0,1
92,30,27,0,1
92,30,28,0,1
92,30,29,0,1
92,30,30,0,1
92,30,31,0,1
92,30,32,0,1
92,30,33,0,1
92,30,34,0,1
92,30,35,0,1
92,30,36,0,1
92,30,37,0,1
92,30,38,0,1
92,30,39,0,1
92,30,40,0,1
92,30,41,0,1
92,30,42,0,1
92,30,43,0,1
92,30,44,0,1
92,30,45,0,1
92,30,46,0,1
92,30,47,0,1
92,30,48,0,1
92,30,49,0,1
92,30,50,0,1
92,30,51,0,1
92,30,52,0,1
92,30,53,0,1
92,30,54,0,1
92,30,55,0,1
92,30,56,0,1
92,30,57,0,1
92,30,58,0,1
92,30,59,0,1
92,30,60,0,1
92,30,61,0,1
92,30,62,0,1
92,30,63,0,1
92,31,0,0,1
92,31,1,0,1
92,31,2,0,1
92,31,3,0,1
92,31,4,0,1
92,31,5,0,1
92,31,6,0,1
92,31,7,0,1
92,31,8,0,1
92,31,9,0,1
92,31,10,0,1
92,31,11,0,1
92,31,12,0,1
92,31,13,0,1
92,31,14,0,1
92,31,15,0,1
92,31,16,0,1
92,31,17,0,1
92,31,18,0,1
92,31,19,0,1
92,31,20,0,1
92,31,21,0,1
92,31,22,0,1
92,31,23,0,1
92,31,24,0,1
92,31,25,0,1
92,31,26,0,1
92,31,27,0,1
92,31,28,0,1
92,31,29,0,1
92,31,30,0,1
92,31,31,0,1
92,31,32,0,1
92,31,33,0,1
92,31,34,0,1
92,31,35,0,1
92,31,36,0,1
92,31,37,0,1
92,31,38,0,1
92,31,39,0,1
92,31,40,0,1
92,31,41,0,1
92,31,42,0,1
92,31,43,0,1
92,31,44,0,1
92,31,45,0,1
92,31,46,0,1
92,31,47,0,1
92,31,48,0,1
92,31,49,0,1
92,31,50,0,1
92,31,51,0,1
92,31,52,0,1
92,31,53,0,1
92,31,54,0,1
92,31,55,0,1
92,31,56,0,1
92,31,57,0,1
92,31,58,0,1
92,31,59,0,1
92,31,60,0,1
92,31,61,0,1
92,31,62,0,1
92,31,63,0,1
92,32,0,0,1
92,32,1,0,1
92,32,2,0,1
92,32,3,0,1
92,32,4,0,1
92,32,5,0,1
92,32,6,0,1
92,32,7,0,1
92,32,8,0,1
92,32,9,0,1
92,32,10,0,1
92,32,11,0,1
92,32,12,0,1
92,32,13,0,1
92,32,14,0,1
92,32,15,0,1
92,32,16,0,1
92,32,17,0,1
92,32,18,0,1
92,32,19,0,1
92,32,20,0,1
92,32,21,0,1
92,32,22,0,1
92,32,23,0,1
92,32,24,0,1
92,32,25,0,1
92,32,26,0,1
92,32,27,0,1
92,32,28,0,1
92,32,29,0,1
92,32,30,0,1
92,32,31,0,1
92,32,32,0,1
92,32,33,0,1
92,32,34,0,1
92,32,35,0,1
92,32,36,0,1
92,32,37,0,1
92,32,38,0,1
92,32,39,0,1
92,32,40,0,1
92,32,41,0,1
92,32,42,0,1
92,32,43,0,1
92,32,44,0,1
92,32,45,0,1
92,32,46,0,1
92,32,47,0,1
92,32,48,0,1
92,32,49,0,1
92,32,50,0,1
92,32,51,0,1
92,32,52,0,1
92,32,53,0,1
92,32,54,0,1
92,32,55,0,1
92,32,56,0,1
92,32,57,0,1
92,32,58,0,1
92,32,59,0,1
92,32,60,0,1
92,32,61,0,1
92,32,62,0,1
92,32,63,0,1
92,33,0,0,1
92,33,1,0,1
92,33,2,0,1
92,33,3,0,1
92,33,4,0,1
92,33,5,0,1
92,33,6,0,1
92,33,7,0,1
92,33,8,0,1
92,33,9,0,1
92,33,10,0,1
92,33,11,0,1
92,33,12,0,1
92,33,13,0,1
92,33,14,0,1
92,33,15,0,1
92,33,16,0,1
92,33,17,0,1
92,33,18,0,1
92,33,19,0,1
92,33,20,0,1
92,33,21,0,1
92,33,22,0,1
92,33,23,0,1
92,33,24,0,1
92,33,25,0,1
92,33,26,0,1
92,33,27,0,1
92,33,28,0,1
92,33,29,0,1
92,33,30,0,1
92,33,31,0,1
92,33,32,0,1
92,33,33,0,1
92,33,34,0,1
92,33,35,0,1
92,33,36,0,1
92,33,37,0,1
92,33,38,0,1
92,33,39,0,1
92,33,40,0,1
92,33,41,0,1
92,33,42,0,1
92,33,43,0,1
92,33,44,0,1
92,33,45,0,1
92,33,46,0,1
92,33,47,0,1
92,33,48,0,1
92,33,49,0,1
92,33,50,0,1
92,33,51,0,1
92,33,52,0,1
92,33,53,0,1
92,33,54,0,1
92,33,55,0,1
92,33,56,0,1
92,33,57,0,1
92,33,58,0,1
92,33,59,0,1
92,33,60,0,1
92,33,61,0,1
92,33,62,0,1
92,33,63,0,1
92,34,0,0,1
92,34,1,0,1
92,34,2,0,1
92,34,3,0,1
92,34,4,0,1
92,34,5,0,1
92,34,6,0,1
92,34,7,0,1
92,34,8,0,1
92,34,9,0,1
92,34,10,0,1
92,34,11,0,1
92,34,12,0,1
92,34,13,0,1
92,34,14,0,1
92,34,15,0,1
92,34,16,0,1
92,34,17,0,1
92,34,18,0,1
92,34,19,0,1
92,34,20,0,1
92,34,21,0,1
92,34,22,0,1
92,34,23,0,1
92,34,24,0,1
92,34,25,0,1
92,34,26,0,1
92,34,27,0,1
92,34,28,0,1
92,34,29,0,1
92,34,30,0,1
92,34,31,0,1
92,34,32,0,1
92,34,33,0,1
92,34,34,0,1
92,34,35,0,1
92,34,36,0,1
92,34,37,0,1
92,34,38,0,1
92,34,39,0,1
92,34,40,0,1
92,34,41,0,1
92,34,42,0,1
92,34,43,0,1
92,34,44,0,1
92,34,45,0,1
92,34,46,0,1
92,34,47,0,1
92,34,48,0,1
92,34,49,0,1
92,34,50,0,1
92,34,51,0,1
92,34,52,0,1
92,34,53,0,1
92,34,54,0,1
92,34,55,0,1
92,34,56,0,1
92,34,57,0,1
92,34,58,0,1
92,34,59,0,1
92,34,60,0,1
92,34,61,0,1
92,34,62,0,1
92,34,63,0,1
92,35,0,0,1
92,35,1,0,1
92,35,2,0,1
92,35,3,0,1
92,35,4,0,1
92,35,5,0,1
92,35,6,0,1
92,35,7,0,1
92,35,8,0,1
92,35,9,0,1
92,35,10,0,1
92,35,11,0,1
92,35,12,0,1
92,35,13,0,1
92,35,14,0,1
92,35,15,0,1
92,35,16,0,1
92,35,17,0,1
92,35,18,0,1
92,35,19,0,1
92,35,20,0,1
92,35,21,0,1
92,35,22,0,1
92,35,23,0,1
92,35,24,0,1
92,35,25,0,1
92,35,26,0,1
92,35,27,0,1
92,35,28,0,1
92,35,29,0,1
92,35,30,0,1
92,35,31,0,1
92,35,32,0,1
92,35,33,0,1
92,35,34,0,1
92,35,35,0,1
92,35,36,0,1
92,35,37,0,1
92,35,38,0,1
92,35,39,0,1
92,35,40,0,1
92,35,41,0,1
92,35,42,0,1
92,35,43,0,1
92,35,44,0,1
92,35,45,0,1
92,35,46,0,1
92,35,47,0,1
92,35,48,0,1
92,35,49,0,1
92,35,50,0,1
92,35,51,0,1
92,35,52,0,1
92,35,53,0,1
92,35,54,0,1
92,35,55,0,1
92,35,56,0,1
92,35,57,0,1
92,35,58,0,1
92,35,59,0,1
92,35,60,0,1
92,35,61,0,1
92,35,62,0,1
92,35,63,0,1
92,36,0,0,1
92,36,1,0,1
92,36,2,0,1
92,36,3,0,1
92,36,4,0,1
92,36,5,0,1
92,36,6,0,1
92,36,7,0,1
92,36,8,0,1
92,36,9,0,1
92,36,10,0,1
92,36,11,0,1
92,36,12,0,1
92,36,13,0,1
92,36,14,0,1
92,36,15,0,1
92,36,16,0,1
92,36,17,0,1
92,36,18,0,1
92,36,19,0,1
92,36,20,0,1
92,36,21,0,1
92,36,22,0,1
92,36,23,0,1
92,36,24,0,1
92,36,25,0,1
92,36,26,0,1
92,36,27,0,1
92,36,28,0,1
92,36,29,0,1
92,36,30,0,1
92,36,31,0,1
92,36,32,0,1
92,36,33,0,1
92,36,34,0,1
92,36,35,0,1
92,36,36,0,1
92,36,37,0,1
92,36,38,0,1
92,36,39,0,1
92,36,40,0,1
92,36,41,0,1
92,36,42,0,1
92,36,43,0,1
92,36,44,0,1
92,36,45,0,1
92,36,46,0,1
92,36,47,0,1
92,36,48,0,1
92,36,49,0,1
92,36,50,0,1
92,36,51,0,1
92,36,52,0,1
92,36,53,0,1
92,36,54,0,1
92,36,55,0,1
92,36,56,0,1
92,36,57,0,1
92,36,58,0,1
92,36,59,0,1
92,36,60,0,1
92,36,61,0,1
92,36,62,0,1
92,36,63,0,1
92,37,0,0,1
92,37,1,0,1
92,37,2,0,1
92,37,3,0,1
92,37,4,0,1
92,37,5,0,1
92,37,6,0,1
92,37,7,0,1
92,37,8,0,1
92,37,9,0,1
92,37,10,0,1
92,37,11,0,1
92,37,12,0,1
92,37,13,0,1
92,37,14,0,1
92,37,15,0,1
92,37,16,0,1
92,37,17,0,1
92,37,18,0,1
92,37,19,0,1
92,37,20,0,1
92,37,21,0,1
92,37,22,0,1
92,37,23,0,1
92,37,24,0,1
92,37,25,0,1
92,37,26,0,1
92,37,27,0,1
92,37,28,0,1
92,37,29,0,1
92,37,30,0,1
92,37,31,0,1
92,37,32,0,1
92,37,33,0,1
92,37,34,0,1
92,37,35,0,1
92,37,36,0,1
92,37,37,0,1
92,37,38,0,1
92,37,39,0,1
92,37,40,0,1
92,37,41,0,1
92,37,42,0,1
92,37,43,0,1
92,37,44,0,1
92,37,45,0,1
92,37,46,0,1
92,37,47,0,1
92,37,48,0,1
92,37,49,0,1
92,37,50,0,1
92,37,51,0,1
92,37,52,0,1
92,37,53,0,1
92,37,54,0,1
92,37,55,0,1
92,37,56,0,1
92,37,57,0,1
92,37,58,0,1
92,37,59,0,1
92,37,60,0,1
92,37,61,0,1
92,37,62,0,1
92,37,63,0,1
92,38,0,0,1
92,38,1,0,1
92,38,2,0,1
92,38,3,0,1
92,38,4,0,1
92,38,5,0,1
92,38,6,0,1
92,38,7,0,1
92,38,8,0,1
92,38,9,0,1
92,38,10,0,1
92,38,11,0,1
92,38,12,0,1
92,38,13,0,1
92,38,14,0,1
92,38,15,0,1
92,38,16,0,1
92,38,17,0,1
92,38,18,0,1
92,38,19,0,1
92,38,20,0,1
92,38,21,0,1
92,38,22,0,1
92,38,23,0,1
92,38,24,0,1
92,38,25,0,1
92,38,26,0,1
92,38,27,0,1
92,38,28,0,1
92,38,29,0,1
92,38,30,0,1
92,38,31,0,1
92,38,32,0,1
92,38,33,0,1
92,38,34,0,1
92,38,35,0,1
92,38,36,0,1
92,38,37,0,1
92,38,38,0,1
92,38,39,0,1
92,38,40,0,1
92,38,41,0,1
92,38,42,0,1
92,38,43,0,1
92,38,44,0,1
92,38,45,0,1
92,38,46,0,1
92,38,47,0,1
92,38,48,0,1
92,38,49,0,1
92,38,50,0,1
92,38,51,0,1
92,38,52,0,1
92,38,53,0,1
92,38,54,0,1
92,38,55,0,1
92,38,56,0,1
92,38,57,0,1
92,38,58,0,1
92,38,59,0,1
92,38,60,0,1
92,38,61,0,1
92,38,62,0,1
92,38,63,0,1
92,39,0,0,1
92,39,1,0,1
92,39,2,0,1
92,39,3,0,1
92,39,4,0,1
92,39,5,0,1
92,39,6,0,1
92,39,7,0,1
92,39,8,0,1
92,39,9,0,1
92,39,10,0,1
92,39,11,0,1
92,39,12,0,1
92,39,13,0,1
92,39,14,0,1
92,39,15,0,1
92,39,16,0,1
92,39,17,0,1
92,39,18,0,1
92,39,19,0,1
92,39,20,0,1
92,39,21,0,1
92,39,22,0,1
92,39,23,0,1
92,39,24,0,1
92,39,25,0,1
92,39,26,0,1
92,39,27,0,1
92,39,28,0,1
92,39,29,0,1
92,39,30,0,1
92,39,31,0,1
92,39,32,0,1
92,39,33,0,1
92,39,34,0,1
92,39,35,0,1
92,39,36,0,1
92,39,37,0,1
92,39,38,0,1
92,39,39,0,1
92,39,40,0,1
92,39,41,0,1
92,39,42,0,1
92,39,43,0,1
92,39,44,0,1
92,39,45,0,1
92,39,46,0,1
92,39,47,0,1
92,39,48,0,1
92,39,49,0,1
92,39,50,0,1
92,39,51,0,1
92,39,52,0,1
92,39,53,0,1
92,39,54,0,1
92,39,55,0,1
92,39,56,0,1
92,39,57,0,1
92,39,58,0,1
92,39,59,0,1
92,39,60,0,1
92,39,61,0,1
92,39,62,0,1
92,39,63,0,1
92,40,0,0,1
92,40,1,0,1
92,40,2,0,1
92,40,3,0,1
92,40,4,0,1
92,40,5,0,1
92,40,6,0,1
92,40,7,0,1
92,40,8,0,1
92,40,9,0,1
92,40,10,0,1
92,40,11,0,1
92,40,12,0,1
92,40,13,0,1
92,40,14,0,1
92,40,15,0,1
92,40,16,0,1
92,40,17,0,1
92,40,18,0,1
92,40,19,0,1
92,40,20,0,1
92,40,21,0,1
92,40,22,0,1
92,40,23,0,1
92,40,24,0,1
92,40,25,0,1
92,40,26,0,1
92,40,27,0,1
92,40,28,0,1
92,40,29,0,1
92,40,30,0,1
92,40,31,0,1
92,40,32,0,1
92,40,33,0,1
92,40,34,0,1
92,40,35,0,1
92,40,36,0,1
92,40,37,0,1
92,40,38,0,1
92,40,39,0,1
92,40,40,0,1
92,40,41,0,1
92,40,42,0,1
92,40,43,0,1
92,40,44,0,1
92,40,45,0,1
92,40,46,0,1
92,40,47,0,1
92,40,48,0,1
92,40,49,0,1
92,40,50,0,1
92,40,51,0,1
92,40,52,0,1
92,40,53,0,1
92,40,54,0,1
92,40,55,0,1
92,40,56,0,1
92,40,57,0,1
92,40,58,0,1
92,40,59,0,1
92,40,60,0,1
92,40,61,0,1
92,40,62,0,1
92,40,63,0,1
92,41,0,0,1
92,41,1,0,1
92,41,2,0,1
92,41,3,0,1
92,41,4,0,1
92,41,5,0,1
92,41,6,0,1
92,41,7,0,1
92,41,8,0,1
92,41,9,0,1
92,41,10,0,1
92,41,11,0,1
92,41,12,0,1
92,41,13,0,1
92,41,14,0,1
92,41,15,0,1
92,41,16,0,1
92,41,17,0,1
92,41,18,0,1
92,41,19,0,1
92,41,20,0,1
92,41,21,0,1
92,41,22,0,1
92,41,23,0,1
92,41,24,0,1
92,41,25,0,1
92,41,26,0,1
92,41,27,0,1
92,41,28,0,1
92,41,29,0,1
92,41,30,0,1
92,41,31,0,1
92,41,32,0,1
92,41,33,0,1
92,41,34,0,1
92,41,35,0,1
92,41,36,0,1
92,41,37,0,1
92,41,38,0,1
92,41,39,0,1
92,41,40,0,1
92,41,41,0,1
92,41,42,0,1
92,41,43,0,1
92,41,44,0,1
92,41,45,0,1
92,41,46,0,1
92,41,47,0,1
92,41,48,0,1
92,41,49,0,1
92,41,50,0,1
92,41,51,0,1
92,41,52,0,1
92,41,53,0,1
92,41,54,0,1
92,41,55,0,1
92,41,56,0,1
92,41,57,0,1
92,41,58,0,1
92,41,59,0,1
92,41,60,0,1
92,41,61,0,1
92,41,62,0,1
92,41,63,0,1
92,42,0,0,1
92,42,1,0,1
92,42,2,0,1
92,42,3,0,1
92,42,4,0,1
92,42,5,0,1
92,42,6,0,1
92,42,7,0,1
92,42,8,0,1
92,42,9,0,1
92,42,10,0,1
92,42,11,0,1
92,42,12,0,1
92,42,13,0,1
92,42,14,0,1
92,42,15,0,1
92,42,16,0,1
92,42,17,0,1
92,42,18,0,1
92,42,19,0,1
92,42,20,0,1
92,42,21,0,1
92,42,22,0,1
92,42,23,0,1
92,42,24,0,1
92,42,25,0,1
92,42,26,0,1
92,42,27,0,1
92,42,28,0,1
92,42,29,0,1
92,42,30,0,1
92,42,31,0,1
92,42,32,0,1
92,42,33,0,1
92,42,34,0,1
92,42,35,0,1
92,42,36,0,1
92,42,37,0,1
92,42,38,0,1
92,42,39,0,1
92,42,40,0,1
92,42,41,0,1
92,42,42,0,1
92,42,43,0,1
92,42,44,0,1
92,42,45,0,1
92,42,46,0,1
92,42,47,0,1
92,42,48,0,1
92,42,49,0,1
92,42,50,0,1
92,42,51,0,1
92,42,52,0,1
92,42,53,0,1
92,42,54,0,1
92,42,55,0,1
92,42,56,0,1
92,42,57,0,1
92,42,58,0,1
92,42,59,0,1
92,42,60,0,1
92,42,61,0,1
92,42,62,0,1
92,42,63,0,1
92,43,0,0,1
92,43,1,0,1
92,43,2,0,1
92,43,3,0,1
92,43,4,0,1
92,43,5,0,1
92,43,6,0,1
92,43,7,0,1
92,43,8,0,1
92,43,9,0,1
92,43,10,0,1
92,43,11,0,1
92,43,12,0,1
92,43,13,0,1
92,43,14,0,1
92,43,15,0,1
92,43,16,0,1
92,43,17,0,1
92,43,18,0,1
92,43,19,0,1
92,43,20,0,1
92,43,21,0,1
92,43,22,0,1
92,43,23,0,1
92,43,24,0,1
92,43,25,0,1
92,43,26,0,1
92,43,27,0,1
92,43,28,0,1
92,43,29,0,1
92,43,30,0,1
92,43,31,0,1
92,43,32,0,1
92,43,33,0,1
92,43,34,0,1
92,43,35,0,1
92,43,36,0,1
92,43,37,0,1
92,43,38,0,1
92,43,39,0,1
92,43,40,0,1
92,43,41,0,1
92,43,42,0,1
92,43,43,0,1
92,43,44,0,1
92,43,45,0,1
92,43,46,0,1
92,43,47,0,1
92,43,48,0,1
92,43,49,0,1
92,43,50,0,1
92,43,51,0,1
92,43,52,0,1
92,43,53,0,1
92,43,54,0,1
92,43,55,0,1
92,43,56,0,1
92,43,57,0,1
92,43,58,0,1
92,43,59,0,1
92,43,60,0,1
92,43,61,0,1
92,43,62,0,1
92,43,63,0,1
92,44,0,0,1
92,44,1,0,1
92,44,2,0,1
92,44,3,0,1
92,44,4,0,1
92,44,5,0,1
92,44,6,0,1
92,44,7,0,1
92,44,8,0,1
92,44,9,0,1
92,44,10,0,1
92,44,11,0,1
92,44,12,0,1
92,44,13,0,1
92,44,14,0,1
92,44,15,0,1
92,44,16,0,1
92,44,17,0,1
92,44,18,0,1
92,44,19,0,1
92,44,20,0,1
92,44,21,0,1
92,44,22,0,1
92,44,23,0,1
92,44,24,0,1
92,44,25,0,1
92,44,26,0,1
92,44,27,0,1
92,44,28,0,1
92,44,29,0,1
92,44,30,0,1
92,44,31,0,1
92,44,32,0,1
92,44,33,0,1
92,44,34,0,1
92,44,35,0,1
92,44,36,0,1
92,44,37,0,1
92,44,38,0,1
92,44,39,0,1
92,44,40,0,1
92,44,41,0,1
92,44,42,0,1
92,44,43,0,1
92,44,44,0,1
92,44,45,0,1
92,44,46,0,1
92,44,47,0,1
92,44,48,0,1
92,44,49,0,1
92,44,50,0,1
92,44,51,0,1
92,44,52,0,1
92,44,53,0,1
92,44,54,0,1
92,44,55,0,1
92,44,56,0,1
92,44,57,0,1
92,44,58,0,1
92,44,59,0,1
92,44,60,0,1
92,44,61,0,1
92,44,62,0,1
92,44,63,0,1
92,45,0,0,1
92,45,1,0,1
92,45,2,0,1
92,45,3,0,1
92,45,4,0,1
92,45,5,0,1
92,45,6,0,1
92,45,7,0,1
92,45,8,0,1
92,45,9,0,1
92,45,10,0,1
92,45,11,0,1
92,45,12,0,1
92,45,13,0,1
92,45,14,0,1
92,45,15,0,1
92,45,16,0,1
92,45,17,0,1
92,45,18,0,1
92,45,19,0,1
92,45,20,0,1
92,45,21,0,1
92,45,22,0,1
92,45,23,0,1
92,45,24,0,1
92,45,25,0,1
92,45,26,0,1
92,45,27,0,1
92,45,28,0,1
92,45,29,0,1
92,45,30,0,1
92,45,31,0,1
92,45,32,0,1
92,45,33,0,1
92,45,34,0,1
92,45,35,0,1
92,45,36,0,1
92,45,37,0,1
92,45,38,0,1
92,45,39,0,1
92,45,40,0,1
92,45,41,0,1
92,45,42,0,1
92,45,43,0,1
92,45,44,0,1
92,45,45,0,1
92,45,46,0,1
92,45,47,0,1
92,45,48,0,1
92,45,49,0,1
92,45,50,0,1
92,45,51,0,1
92,45,52,0,1
92,45,53,0,1
92,45,54,0,1
92,45,55,0,1
92,45,56,0,1
92,45,57,0,1
92,45,58,0,1
92,45,59,0,1
92,45,60,0,1
92,45,61,0,1
92,45,62,0,1
92,45,63,0,1
92,46,0,0,1
92,46,1,0,1
92,46,2,0,1
92,46,3,0,1
92,46,4,0,1
92,46,5,0,1
92,46,6,0,1
92,46,7,0,1
92,46,8,0,1
92,46,9,0,1
92,46,10,0,1
92,46,11,0,1
92,46,12,0,1
92,46,13,0,1
92,46,14,0,1
92,46,15,0,1
92,46,16,0,1
92,46,17,0,1
92,46,18,0,1
92,46,19,0,1
92,46,20,0,1
92,46,21,0,1
92,46,22,0,1
92,46,23,0,1
92,46,24,0,1
92,46,25,0,1
92,46,26,0,1
92,46,27,0,1
92,46,28,0,1
92,46,29,0,1
92,46,30,0,1
92,46,31,0,1
92,46,32,0,1
92,46,33,0,1
92,46,34,0,1
92,46,35,0,1
92,46,36,0,1
92,46,37,0,1
92,46,38,0,1
92,46,39,0,1
92,46,40,0,1
92,46,41,0,1
92,46,42,0,1
92,46,43,0,1
92,46,44,0,1
92,46,45,0,1
92,46,46,0,1
92,46,47,0,1
92,46,48,0,1
92,46,49,0,1
92,46,50,0,1
92,46,51,0,1
92,46,52,0,1
92,46,53,0,1
92,46,54,0,1
92,46,55,0,1
92,46,56,0,1
92,46,57,0,1
92,46,58,0,1
92,46,59,0,1
92,46,60,0,1
92,46,61,0,1
92,46,62,0,1
92,46,63,0,1
92,47,0,0,1
92,47,1,0,1
92,47,2,0,1
92,47,3,0,1
92,47,4,0,1
92,47,5,0,1
92,47,6,0,1
92,47,7,0,1
92,47,8,0,1
92,47,9,0,1
92,47,10,0,1
92,47,11,0,1
92,47,12,0,1
92,47,13,0,1
92,47,14,0,1
92,47,15,0,1
92,47,16,0,1
92,47,17,0,1
92,47,18,0,1
92,47,19,0,1
92,47,20,0,1
92,47,21,0,1
92,47,22,0,1
92,47,23,0,1
92,47,24,0,1
92,47,25,0,1
92,47,26,0,1
92,47,27,0,1
92,47,28,0,1
92,47,29,0,1
92,47,30,0,1
92,47,31,0,1
92,47,32,0,1
92,47,33,0,1
92,47,34,0,1
92,47,35,0,1
92,47,36,0,1
92,47,37,0,1
92,47,38,0,1
92,47,39,0,1
92,47,40,0,1
92,47,41,0,1
92,47,42,0,1
92,47,43,0,1
92,47,44,0,1
92,47,45,0,1
92,47,46,0,1
92,47,47,0,1
92,47,48,0,1
92,47,49,0,1
92,47,50,0,1
92,47,51,0,1
92,47,52,0,1
92,47,53,0,1
92,47,54,0,1
92,47,55,0,1
92,47,56,0,1
92,47,57,0,1
92,47,58,0,1
92,47,59,0,1
92,47,60,0,1
92,47,61,0,1
92,47,62,0,1
92,47,63,0,1
92,48,0,0,1
92,48,1,0,1
92,48,2,0,1
92,48,3,0,1
92,48,4,0,1
92,48,5,0,1
92,48,6,0,1
92,48,7,0,1
92,48,8,0,1
92,48,9,0,1
92,48,10,0,1
92,48,11,0,1
92,48,12,0,1
92,48,13,0,1
92,48,14,0,1
92,48,15,0,1
92,48,16,0,1
92,48,17,0,1
92,48,18,0,1
92,48,19,0,1
92,48,20,0,1
92,48,21,0,1
92,48,22,0,1
92,48,23,0,1
92,48,24,0,1
92,48,25,0,1
92,48,26,0,1
92,48,27,0,1
92,48,28,0,1
92,48,29,0,1
92,48,30,0,1
92,48,31,0,1
92,48,32,0,1
92,48,33,0,1
92,48,34,0,1
92,48,35,0,1
92,48,36,0,1
92,48,37,0,1
92,48,38,0,1
92,48,39,0,1
92,48,40,0,1
92,48,41,0,1
92,48,42,0,1
92,48,43,0,1
92,48,44,0,1
92,48,45,0,1
92,48,46,0,1
92,48,47,0,1
92,48,48,0,1
92,48,49,0,1
92,48,50,0,1
92,48,51,0,1
92,48,52,0,1
92,48,53,0,1
92,48,54,0,1
92,48,55,0,1
92,48,56,0,1
92,48,57,0,1
92,48,58,0,1
92,48,59,0,1
92,48,60,0,1
92,48,61,0,1
92,48,62,0,1
92,48,63,0,1
92,49,0,0,1
92,49,1,0,1
92,49,2,0,1
92,49,3,0,1
92,49,4,0,1
92,49,5,0,1
92,49,6,0,1
92,49,7,0,1
92,49,8,0,1
92,49,9,0,1
92,49,10,0,1
92,49,11,0,1
92,49,12,0,1
92,49,13,0,1
92,49,14,0,1
92,49,15,0,1
92,49,16,0,1
92,49,17,0,1
92,49,18,0,1
92,49,19,0,1
92,49,20,0,1
92,49,21,0,1
92,49,22,0,1
92,49,23,0,1
92,49,24,0,1
92,49,25,0,1
92,49,26,0,1
92,49,27,0,1
92,49,28,0,1
92,49,29,0,1
92,49,30,0,1
92,49,31,0,1
92,49,32,0,1
92,49,33,0,1
92,49,34,0,1
92,49,35,0,1
92,49,36,0,1
92,49,37,0,1
92,49,38,0,1
92,49,39,0,1
92,49,40,0,1
92,49,41,0,1
92,49,42,0,1
92,49,43,0,1
92,49,44,0,1
92,49,45,0,1
92,49,46,0,1
92,49,47,0,1
92,49,48,0,1
92,49,49,0,1
92,49,50,0,1
92,49,51,0,1
92,49,52,0,1
92,49,53,0,1
92,49,54,0,1
92,49,55,0,1
92,49,56,0,1
92,49,57,0,1
92,49,58,0,1
92,49,59,0,1
92,49,60,0,1
92,49,61,0,1
92,49,62,0,1
92,49,63,0,1
92,50,0,0,1
92,50,1,0,1
92,50,2,0,1
92,50,3,0,1
92,50,4,0,1
92,50,5,0,1
92,50,6,0,1
92,50,7,0,1
92,50,8,0,1
92,50,9,0,1
92,50,10,0,1
92,50,11,0,1
92,50,12,0,1
92,50,13,0,1
92,50,14,0,1
92,50,15,0,1
92,50,16,0,1
92,50,17,0,1
92,50,18,0,1
92,50,19,0,1
92,50,20,0,1
92,50,21,0,1
92,50,22,0,1
92,50,23,0,1
92,50,24,0,1
92,50,25,0,1
92,50,26,0,1
92,50,27,0,1
92,50,28,0,1
92,50,29,0,1
92,50,30,0,1
92,50,31,0,1
92,50,32,0,1
92,50,33,0,1
92,50,34,0,1
92,50,35,0,1
92,50,36,0,1
92,50,37,0,1
92,50,38,0,1
92,50,39,0,1
92,50,40,0,1
92,50,41,0,1
92,50,42,0,1
92,50,43,0,1
92,50,44,0,1
92,50,45,0,1
92,50,46,0,1
92,50,47,0,1
92,50,48,0,1
92,50,49,0,1
92,50,50,0,1
92,50,51,0,1
92,50,52,0,1
92,50,53,0,1
92,50,54,0,1
92,50,55,0,1
92,50,56,0,1
92,50,57,0,1
92,50,58,0,1
92,50,59,0,1
92,50,60,0,1
92,50,61,0,1
92,50,62,0,1
92,50,63,0,1
92,51,0,0,1
92,51,1,0,1
92,51,2,0,1
92,51,3,0,1
92,51,4,0,1
92,51,5,0,1
92,51,6,0,1
92,51,7,0,1
92,51,8,0,1
92,51,9,0,1
92,51,10,0,1
92,51,11,0,1
92,51,12,0,1
92,51,13,0,1
92,51,14,0,1
92,51,15,0,1
92,51,16,0,1
92,51,17,0,1
92,51,18,0,1
92,51,19,0,1
92,51,20,0,1
92,51,21,0,1
92,51,22,0,1
92,51,23,0,1
92,51,24,0,1
92,51,25,0,1
92,51,26,0,1
92,51,27,0,1
92,51,28,0,1
92,51,29,0,1
92,51,30,0,1
92,51,31,0,1
92,51,32,0,1
92,51,33,0,1
92,51,34,0,1
92,51,35,0,1
92,51,36,0,1
92,51,37,0,1
92,51,38,0,1
92,51,39,0,1
92,51,40,0,1
92,51,41,0,1
92,51,42,0,1
92,51,43,0,1
92,51,44,0,1
92,51,45,0,1
92,51,46,0,1
92,51,47,0,1
92,51,48,0,1
92,51,49,0,1
92,51,50,0,1
92,51,51,0,1
92,51,52,0,1
92,51,53,0,1
92,51,54,0,1
92,51,55,0,1
92,51,56,0,1
92,51,57,0,1
92,51,58,0,1
92,51,59,0,1
92,51,60,0,1
92,51,61,0,1
92,51,62,0,1
92,51,63,0,1
92,52,0,0,1
92,52,1,0,1
92,52,2,0,1
92,52,3,0,1
92,52,4,0,1
92,52,5,0,1
92,52,6,0,1
92,52,7,0,1
92,52,8,0,1
92,52,9,0,1
92,52,10,0,1
92,52,11,0,1
92,52,12,0,1
92,52,13,0,1
92,52,14,0,1
92,52,15,0,1
92,52,16,0,1
92,52,17,0,1
92,52,18,0,1
92,52,19,0,1
92,52,20,0,1
92,52,21,0,1
92,52,22,0,1
92,52,23,0,1
92,52,24,0,1
92,52,25,0,1
92,52,26,0,1
92,52,27,0,1
92,52,28,0,1
92,52,29,0,1
92,52,30,0,1
92,52,31,0,1
92,52,32,0,1
92,52,33,0,1
92,52,34,0,1
92,52,35,0,1
92,52,36,0,1
92,52,37,0,1
92,52,38,0,1
92,52,39,0,1
92,52,40,0,1
92,52,41,0,1
92,52,42,0,1
92,52,43,0,1
92,52,44,0,1
92,52,45,0,1
92,52,46,0,1
92,52,47,0,1
92,52,48,0,1
92,52,49,0,1
92,52,50,0,1
92,52,51,0,1
92,52,52,0,1
92,52,53,0,1
92,52,54,0,1
92,52,55,0,1
92,52,56,0,1
92,52,57,0,1
92,52,58,0,1
92,52,59,0,1
92,52,60,0,1
92,52,61,0,1
92,52,62,0,1
92,52,63,0,1
92,53,0,0,1
92,53,1,0,1
92,53,2,0,1
92,53,3,0,1
92,53,4,0,1
92,53,5,0,1
92,53,6,0,1
92,53,7,0,1
92,53,8,0,1
92,53,9,0,1
92,53,10,0,1
92,53,11,0,1
92,53,12,0,1
92,53,13,0,1
92,53,14,0,1
92,53,15,0,1
92,53,16,0,1
92,53,17,0,1
92,53,18,0,1
92,53,19,0,1
92,53,20,0,1
92,53,21,0,1
92,53,22,0,1
92,53,23,0,1
92,53,24,0,1
92,53,25,0,1
92,53,26,0,1
92,53,27,0,1
92,53,28,0,1
92,53,29,0,1
92,53,30,0,1
92,53,31,0,1
92,53,32,0,1
92,53,33,0,1
92,53,34,0,1
92,53,35,0,1
92,53,36,0,1
92,53,37,0,1
92,53,38,0,1
92,53,39,0,1
92,53,40,0,1
92,53,41,0,1
92,53,42,0,1
92,53,43,0,1
92,53,44,0,1
92,53,45,0,1
92,53,46,0,1
92,53,47,0,1
92,53,48,0,1
92,53,49,0,1
92,53,50,0,1
92,53,51,0,1
92,53,52,0,1
92,53,53,0,1
92,53,54,0,1
92,53,55,0,1
92,53,56,0,1
92,53,57,0,1
92,53,58,0,1
92,53,59,0,1
92,53,60,0,1
92,53,61,0,1
92,53,62,0,1
92,53,63,0,1
92,54,0,0,1
92,54,1,0,1
92,54,2,0,1
92,54,3,0,1
92,54,4,0,1
92,54,5,0,1
92,54,6,0,1
92,54,7,0,1
92,54,8,0,1
92,54,9,0,1
92,54,10,0,1
92,54,11,0,1
92,54,12,0,1
92,54,13,0,1
92,54,14,0,1
92,54,15,0,1
92,54,16,0,1
92,54,17,0,1
92,54,18,0,1
92,54,19,0,1
92,54,20,0,1
92,54,21,0,1
92,54,22,0,1
92,54,23,0,1
92,54,24,0,1
92,54,25,0,1
92,54,26,0,1
92,54,27,0,1
92,54,28,0,1
92,54,29,0,1
92,54,30,0,1
92,54,31,0,1
92,54,32,0,1
92,54,33,0,1
92,54,34,0,1
92,54,35,0,1
92,54,36,0,1
92,54,37,0,1
92,54,38,0,1
92,54,39,0,1
92,54,40,0,1
92,54,41,0,1
92,54,42,0,1
92,54,43,0,1
92,54,44,0,1
92,54,45,0,1
92,54,46,0,1
92,54,47,0,1
92,54,48,0,1
92,54,49,0,1
92,54,50,0,1
92,54,51,0,1
92,54,52,0,1
92,54,53,0,1
92,54,54,0,1
92,54,55,0,1
92,54,56,0,1
92,54,57,0,1
92,54,58,0,1
92,54,59,0,1
92,54,60,0,1
92,54,61,0,1
92,54,62,0,1
92,54,63,0,1
92,55,0,0,1
92,55,1,0,1
92,55,2,0,1
92,55,3,0,1
92,55,4,0,1
92,55,5,0,1
92,55,6,0,1
92,55,7,0,1
92,55,8,0,1
92,55,9,0,1
92,55,10,0,1
92,55,11,0,1
92,55,12,0,1
92,55,13,0,1
92,55,14,0,1
92,55,15,0,1
92,55,16,0,1
92,55,17,0,1
92,55,18,0,1
92,55,19,0,1
92,55,20,0,1
92,55,21,0,1
92,55,22,0,1
92,55,23,0,1
92,55,24,0,1
92,55,25,0,1
92,55,26,0,1
92,55,27,0,1
92,55,28,0,1
92,55,29,0,1
92,55,30,0,1
92,55,31,0,1
92,55,32,0,1
92,55,33,0,1
92,55,34,0,1
92,55,35,0,1
92,55,36,0,1
92,55,37,0,1
92,55,38,0,1
92,55,39,0,1
92,55,40,0,1
92,55,41,0,1
92,55,42,0,1
92,55,43,0,1
92,55,44,0,1
92,55,45,0,1
92,55,46,0,1
92,55,47,0,1
92,55,48,0,1
92,55,49,0,1
92,55,50,0,1
92,55,51,0,1
92,55,52,0,1
92,55,53,0,1
92,55,54,0,1
92,55,55,0,1
92,55,56,0,1
92,55,57,0,1
92,55,58,0,1
92,55,59,0,1
92,55,60,0,1
92,55,61,0,1
92,55,62,0,1
92,55,63,0,1
92,56,0,0,1
92,56,1,0,1
92,56,2,0,1
92,56,3,0,1
92,56,4,0,1
92,56,5,0,1
92,56,6,0,1
92,56,7,0,1
92,56,8,0,1
92,56,9,0,1
92,56,10,0,1
92,56,11,0,1
92,56,12,0,1
92,56,13,0,1
92,56,14,0,1
92,56,15,0,1
92,56,16,0,1
92,56,17,0,1
92,56,18,0,1
92,56,19,0,1
92,56,20,0,1
92,56,21,0,1
92,56,22,0,1
92,56,23,0,1
92,56,24,0,1
92,56,25,0,1
92,56,26,0,1
92,56,27,0,1
92,56,28,0,1
92,56,29,0,1
92,56,30,0,1
92,56,31,0,1
92,56,32,0,1
92,56,33,0,1
92,56,34,0,1
92,56,35,0,1
92,56,36,0,1
92,56,37,0,1
92,56,38,0,1
92,56,39,0,1
92,56,40,0,1
92,56,41,0,1
92,56,42,0,1
92,56,43,0,1
92,56,44,0,1
92,56,45,0,1
92,56,46,0,1
92,56,47,0,1
92,56,48,0,1
92,56,49,0,1
92,56,50,0,1
92,56,51,0,1
92,56,52,0,1
92,56,53,0,1
92,56,54,0,1
92,56,55,0,1
92,56,56,0,1
92,56,57,0,1
92,56,58,0,1
92,56,59,0,1
92,56,60,0,1
92,56,61,0,1
92,56,62,0,1
92,56,63,0,1
92,57,0,0,1
92,57,1,0,1
92,57,2,0,1
92,57,3,0,1
92,57,4,0,1
92,57,5,0,1
92,57,6,0,1
92,57,7,0,1
92,57,8,0,1
92,57,9,0,1
92,57,10,0,1
92,57,11,0,1
92,57,12,0,1
92,57,13,0,1
92,57,14,0,1
92,57,15,0,1
92,57,16,0,1
92,57,17,0,1
92,57,18,0,1
92,57,19,0,1
92,57,20,0,1
92,57,21,0,1
92,57,22,0,1
92,57,23,0,1
92,57,24,0,1
92,57,25,0,1
92,57,26,0,1
92,57,27,0,1
92,57,28,0,1
92,57,29,0,1
92,57,30,0,1
92,57,31,0,1
92,57,32,0,1
92,57,33,0,1
92,57,34,0,1
92,57,35,0,1
92,57,36,0,1
92,57,37,0,1
92,57,38,0,1
92,57,39,0,1
92,57,40,0,1
92,57,41,0,1
92,57,42,0,1
92,57,43,0,1
92,57,44,0,1
92,57,45,0,1
92,57,46,0,1
92,57,47,0,1
92,57,48,0,1
92,57,49,0,1
92,57,50,0,1
92,57,51,0,1
92,57,52,0,1
92,57,53,0,1
92,57,54,0,1
92,57,55,0,1
92,57,56,0,1
92,57,57,0,1
92,57,58,0,1
92,57,59,0,1
92,57,60,0,1
92,57,61,0,1
92,57,62,0,1
92,57,63,0,1
92,58,0,0,1
92,58,1,0,1
92,58,2,0,1
92,58,3,0,1
92,58,4,0,1
92,58,5,0,1
92,58,6,0,1
92,58,7,0,1
92,58,8,0,1
92,58,9,0,1
92,58,10,0,1
92,58,11,0,1
92,58,12,0,1
92,58,13,0,1
92,58,14,0,1
92,58,15,0,1
92,58,16,0,1
92,58,17,0,1
92,58,18,0,1
92,58,19,0,1
92,58,20,0,1
92,58,21,0,1
92,58,22,0,1
92,58,23,0,1
92,58,24,0,1
92,58,25,0,1
92,58,26,0,1
92,58,27,0,1
92,58,28,0,1
92,58,29,0,1
92,58,30,0,1
92,58,31,0,1
92,58,32,0,1
92,58,33,0,1
92,58,34,0,1
92,58,35,0,1
92,58,36,0,1
92,58,37,0,1
92,58,38,0,1
92,58,39,0,1
92,58,40,0,1
92,58,41,0,1
92,58,42,0,1
92,58,43,0,1
92,58,44,0,1
92,58,45,0,1
92,58,46,0,1
92,58,47,0,1
92,58,48,0,1
92,58,49,0,1
92,58,50,0,1
92,58,51,0,1
92,58,52,0,1
92,58,53,0,1
92,58,54,0,1
92,58,55,0,1
92,58,56,0,1
92,58,57,0,1
92,58,58,0,1
92,58,59,0,1
92,58,60,0,1
92,58,61,0,1
92,58,62,0,1
92,58,63,0,1
92,59,0,0,1
92,59,1,0,1
92,59,2,0,1
92,59,3,0,1
92,59,4,0,1
92,59,5,0,1
92,59,6,0,1
92,59,7,0,1
92,59,8,0,1
92,59,9,0,1
92,59,10,0,1
92,59,11,0,1
92,59,12,0,1
92,59,13,0,1
92,59,14,0,1
92,59,15,0,1
92,59,16,0,1
92,59,17,0,1
92,59,18,0,1
92,59,19,0,1
92,59,20,0,1
92,59,21,0,1
92,59,22,0,1
92,59,23,0,1
92,59,24,0,1
92,59,25,0,1
92,59,26,0,1
92,59,27,0,1
92,59,28,0,1
92,59,29,0,1
92,59,30,0,1
92,59,31,0,1
92,59,32,0,1
92,59,33,0,1
92,59,34,0,1
92,59,35,0,1
92,59,36,0,1
92,59,37,0,1
92,59,38,0,1
92,59,39,0,1
92,59,40,0,1
92,59,41,0,1
92,59,42,0,1
92,59,43,0,1
92,59,44,0,1
92,59,45,0,1
92,59,46,0,1
92,59,47,0,1
92,59,48,0,1
92,59,49,0,1
92,59,50,0,1
92,59,51,0,1
92,59,52,0,1
92,59,53,0,1
92,59,54,0,1
92,59,55,0,1
92,59,56,0,1
92,59,57,0,1
92,59,58,0,1
92,59,59,0,1
92,59,60,0,1
92,59,61,0,1
92,59,62,0,1
92,59,63,0,1
92,60,0,0,1
92,60,1,0,1
92,60,2,0,1
92,60,3,0,1
92,60,4,0,1
92,60,5,0,1
92,60,6,0,1
92,60,7,0,1
92,60,8,0,1
92,60,9,0,1
92,60,10,0,1
92,60,11,0,1
92,60,12,0,1
92,60,13,0,1
92,60,14,0,1
92,60,15,0,1
92,60,16,0,1
92,60,17,0,1
92,60,18,0,1
92,60,19,0,1
92,60,20,0,1
92,60,21,0,1
92,60,22,0,1
92,60,23,0,1
92,60,24,0,1
92,60,25,0,1
92,60,26,0,1
92,60,27,0,1
92,60,28,0,1
92,60,29,0,1
92,60,30,0,1
92,60,31,0,1
92,60,32,0,1
92,60,33,0,1
92,60,34,0,1
92,60,35,0,1
92,60,36,0,1
92,60,37,0,1
92,60,38,0,1
92,60,39,0,1
92,60,40,0,1
92,60,41,0,1
92,60,42,0,1
92,60,43,0,1
92,60,44,0,1
92,60,45,0,1
92,60,46,0,1
92,60,47,0,1
92,60,48,0,1
92,60,49,0,1
92,60,50,0,1
92,60,51,0,1
92,60,52,0,1
92,60,53,0,1
92,60,54,0,1
92,60,55,0,1
92,60,56,0,1
92,60,57,0,1
92,60,58,0,1
92,60,59,0,1
92,60,60,0,1
92,60,61,0,1
92,60,62,0,1
92,60,63,0,1
92,61,0,0,1
92,61,1,0,1
92,61,2,0,1
92,61,3,0,1
92,61,4,0,1
92,61,5,0,1
92,61,6,0,1
92,61,7,0,1
92,61,8,0,1
92,61,9,0,1
92,61,10,0,1
92,61,11,0,1
92,61,12,0,1
92,61,13,0,1
92,61,14,0,1
92,61,15,0,1
92,61,16,0,1
92,61,17,0,1
92,61,18,0,1
92,61,19,0,1
92,61,20,0,1
92,61,21,0,1
92,61,22,0,1
92,61,23,0,1
92,61,24,0,1
92,61,25,0,1
92,61,26,0,1
92,61,27,0,1
92,61,28,0,1
92,61,29,0,1
92,61,30,0,1
92,61,31,0,1
92,61,32,0,1
92,61,33,0,1
92,61,34,0,1
92,61,35,0,1
92,61,36,0,1
92,61,37,0,1
92,61,38,0,1
92,61,39,0,1
92,61,40,0,1
92,61,41,0,1
92,61,42,0,1
92,61,43,0,1
92,61,44,0,1
92,61,45,0,1
92,61,46,0,1
92,61,47,0,1
92,61,48,0,1
92,61,49,0,1
92,61,50,0,1
92,61,51,0,1
92,61,52,0,1
92,61,53,0,1
92,61,54,0,1
92,61,55,0,1
92,61,56,0,1
92,61,57,0,1
92,61,58,0,1
92,61,59,0,1
92,61,60,0,1
92,61,61,0,1
92,61,62,0,1
92,61,63,0,1
92,62,0,0,1
92,62,1,0,1
92,62,2,0,1
92,62,3,0,1
92,62,4,0,1
92,62,5,0,1
92,62,6,0,1
92,62,7,0,1
92,62,8,0,1
92,62,9,0,1
92,62,10,0,1
92,62,11,0,1
92,62,12,0,1
92,62,13,0,1
92,62,14,0,1
92,62,15,0,1
92,62,16,0,1
92,62,17,0,1
92,62,18,0,1
92,62,19,0,1
92,62,20,0,1
92,62,21,0,1
92,62,22,0,1
92,62,23,0,1
92,62,24,0,1
92,62,25,0,1
92,62,26,0,1
92,62,27,0,1
92,62,28,0,1
92,62,29,0,1
92,62,30,0,1
92,62,31,0,1
92,62,32,0,1
92,62,33,0,1
92,62,34,0,1
92,62,35,0,1
92,62,36,0,1
92,62,37,0,1
92,62,38,0,1
92,62,39,0,1
92,62,40,0,1
92,62,41,0,1
92,62,42,0,1
92,62,43,0,1
92,62,44,0,1
92,62,45,0,1
92,62,46,0,1
92,62,47,0,1
92,62,48,0,1
92,62,49,0,1
92,62,50,0,1
92,62,51,0,1
92,62,52,0,1
92,62,53,0,1
92,62,54,0,1
92,62,55,0,1
92,62,56,0,1
92,62,57,0,1
92,62,58,0,1
92,62,59,0,1
92,62,60,0,1
92,62,61,0,1
92,62,62,0,1
92,62,63,0,1
92,63,0,0,1
92,63,1,0,1
92,63,2,0,1
92,63,3,0,1
92,63,4,0,1
92,63,5,0,1
92,63,6,0,1
92,63,7,0,1
92,63,8,0,1
92,63,9,0,1
92,63,10,0,1
92,63,11,0,1
92,63,12,0,1
92,63,13,0,1
92,63,14,0,1
92,63,15,0,1
92,63,16,0,1
92,63,17,0,1
92,63,18,0,1
92,63,19,0,1
92,63,20,0,1
92,63,21,0,1
92,63,22,0,1
92,63,23,0,1
92,63,24,0,1
92,63,25,0,1
92,63,26,0,1
92,63,27,0,1
92,63,28,0,1
92,63,29,0,1
92,63,30,0,1
92,63,31,0,1
92,63,32,0,1
92,63,33,0,1
92,63,34,0,1
92,63,35,0,1
92,63,36,0,1
92,63,37,0,1
92,63,38,0,1
92,63,39,0,1
92,63,40,0,1
92,63,41,0,1
92,63,42,0,1
92,63,43,0,1
92,63,44,0,1
92,63,45,0,1
92,63,46,0,1
92,63,47,0,1
92,63,48,0,1
92,63,49,0,1
92,63,50,0,1
92,63,51,0,1
92,63,52,0,1
92,63,53,0,1
92,63,54,0,1
92,63,55,0,1
92,63,56,0,1
92,63,57,0,1
92,63,58,0,1
92,63,59,0,1
92,63,60,0,1
92,63,61,0,1
92,63,62,0,1
92,63,63,0,1
92,64,0,0,1
92,64,1,0,1
92,64,2,0,1
92,64,3,0,1
92,64,4,0,1
92,64,5,0,1
92,64,6,0,1
92,64,7,0,1
92,64,8,0,1
92,64,9,0,1
92,64,10,0,1
92,64,11,0,1
92,64,12,0,1
92,64,13,0,1
92,64,14,0,1
92,64,15,0,1
92,64,16,0,1
92,64,17,0,1
92,64,18,0,1
92,64,19,0,1
92,64,20,0,1
92,64,21,0,1
92,64,22,0,1
92,64,23,0,1
92,64,24,0,1
92,64,25,0,1
92,64,26,0,1
92,64,27,0,1
92,64,28,0,1
92,64,29,0,1
92,64,30,0,1
92,64,31,0,1
92,64,32,0,1
92,64,33,0,1
92,64,34,0,1
92,64,35,0,1
92,64,36,0,1
92,64,37,0,1
92,64,38,0,1
92,64,39,0,1
92,64,40,0,1
92,64,41,0,1
92,64,42,0,1
92,64,43,0,1
92,64,44,0,1
92,64,45,0,1
92,64,46,0,1
92,64,47,0,1
92,64,48,0,1
92,64,49,0,1
92,64,50,0,1
92,64,51,0,1
92,64,52,0,1
92,64,53,0,1
92,64,54,0,1
92,64,55,0,1
92,64,56,0,1
92,64,57,0,1
92,64,58,0,1
92,64,59,0,1
92,64,60,0,1
92,64,61,0,1
92,64,62,0,1
92,64,63,0,1
92,65,0,0,1
92,65,1,0,1
92,65,2,0,1
92,65,3,0,1
92,65,4,0,1
92,65,5,0,1
92,65,6,0,1
92,65,7,0,1
92,65,8,0,1
92,65,9,0,1
92,65,10,0,1
92,65,11,0,1
92,65,12,0,1
92,65,13,0,1
92,65,14,0,1
92,65,15,0,1
92,65,16,0,1
92,65,17,0,1
92,65,18,0,1
92,65,19,0,1
92,65,20,0,1
92,65,21,0,1
92,65,22,0,1
92,65,23,0,1
92,65,24,0,1
92,65,25,0,1
92,65,26,0,1
92,65,27,0,1
92,65,28,0,1
92,65,29,0,1
92,65,30,0,1
92,65,31,0,1
92,65,32,0,1
92,65,33,0,1
92,65,34,0,1
92,65,35,0,1
92,65,36,0,1
92,65,37,0,1
92,65,38,0,1
92,65,39,0,1
92,65,40,0,1
92,65,41,0,1
92,65,42,0,1
92,65,43,0,1
92,65,44,0,1
92,65,45,0,1
92,65,46,0,1
92,65,47,0,1
92,65,48,0,1
92,65,49,0,1
92,65,50,0,1
92,65,51,0,1
92,65,52,0,1
92,65,53,0,1
92,65,54,0,1
92,65,55,0,1
92,65,56,0,1
92,65,57,0,1
92,65,58,0,1
92,65,59,0,1
92,65,60,0,1
92,65,61,0,1
92,65,62,0,1
92,65,63,0,1
92,66,0,0,1
92,66,1,0,1
92,66,2,0,1
92,66,3,0,1
92,66,4,0,1
92,66,5,0,1
92,66,6,0,1
92,66,7,0,1
92,66,8,0,1
92,66,9,0,1
92,66,10,0,1
92,66,11,0,1
92,66,12,0,1
92,66,13,0,1
92,66,14,0,1
92,66,15,0,1
92,66,16,0,1
92,66,17,0,1
92,66,18,0,1
92,66,19,0,1
92,66,20,0,1
92,66,21,0,1
92,66,22,0,1
92,66,23,0,1
92,66,24,0,1
92,66,25,0,1
92,66,26,0,1
92,66,27,0,1
92,66,28,0,1
92,66,29,0,1
92,66,30,0,1
92,66,31,0,1
92,66,32,0,1
92,66,33,0,1
92,66,34,0,1
92,66,35,0,1
92,66,36,0,1
92,66,37,0,1
92,66,38,0,1
92,66,39,0,1
92,66,40,0,1
92,66,41,0,1
92,66,42,0,1
92,66,43,0,1
92,66,44,0,1
92,66,45,0,1
92,66,46,0,1
92,66,47,0,1
92,66,48,0,1
92,66,49,0,1
92,66,50,0,1
92,66,51,0,1
92,66,52,0,1
92,66,53,0,1
92,66,54,0,1
92,66,55,0,1
92,66,56,0,1
92,66,57,0,1
92,66,58,0,1
92,66,59,0,1
92,66,60,0,1
92,66,61,0,1
92,66,62,0,1
92,66,63,0,1
92,67,0,0,1
92,67,1,0,1
92,67,2,0,1
92,67,3,0,1
92,67,4,0,1
92,67,5,0,1
92,67,6,0,1
92,67,7,0,1
92,67,8,0,1
92,67,9,0,1
92,67,10,0,1
92,67,11,0,1
92,67,12,0,1
92,67,13,0,1
92,67,14,0,1
92,67,15,0,1
92,67,16,0,1
92,67,17,0,1
92,67,18,0,1
92,67,19,0,1
92,67,20,0,1
92,67,21,0,1
92,67,22,0,1
92,67,23,0,1
92,67,24,0,1
92,67,25,0,1
92,67,26,0,1
92,67,27,0,1
92,67,28,0,1
92,67,29,0,1
92,67,30,0,1
92,67,31,0,1
92,67,32,0,1
92,67,33,0,1
92,67,34,0,1
92,67,35,0,1
92,67,36,0,1
92,67,37,0,1
92,67,38,0,1
92,67,39,0,1
92,67,40,0,1
92,67,41,0,1
92,67,42,0,1
92,67,43,0,1
92,67,44,0,1
92,67,45,0,1
92,67,46,0,1
92,67,47,0,1
92,67,48,0,1
92,67,49,0,1
92,67,50,0,1
92,67,51,0,1
92,67,52,0,1
92,67,53,0,1
92,67,54,0,1
92,67,55,0,1
92,67,56,0,1
92,67,57,0,1
92,67,58,0,1
92,67,59,0,1
92,67,60,0,1
92,67,61,0,1
92,67,62,0,1
92,67,63,0,1
92,68,0,0,1
92,68,1,0,1
92,68,2,0,1
92,68,3,0,1
92,68,4,0,1
92,68,5,0,1
92,68,6,0,1
92,68,7,0,1
92,68,8,0,1
92,68,9,0,1
92,68,10,0,1
92,68,11,0,1
92,68,12,0,1
92,68,13,0,1
92,68,14,0,1
92,68,15,0,1
92,68,16,0,1
92,68,17,0,1
92,68,18,0,1
92,68,19,0,1
92,68,20,0,1
92,68,21,0,1
92,68,22,0,1
92,68,23,0,1
92,68,24,0,1
92,68,25,0,1
92,68,26,0,1
92,68,27,0,1
92,68,28,0,1
92,68,29,0,1
92,68,30,0,1
92,68,31,0,1
92,68,32,0,1
92,68,33,0,1
92,68,34,0,1
92,68,35,0,1
92,68,36,0,1
92,68,37,0,1
92,68,38,0,1
92,68,39,0,1
92,68,40,0,1
92,68,41,0,1
92,68,42,0,1
92,68,43,0,1
92,68,44,0,1
92,68,45,0,1
92,68,46,0,1
92,68,47,0,1
92,68,48,0,1
92,68,49,0,1
92,68,50,0,1
92,68,51,0,1
92,68,52,0,1
92,68,53,0,1
92,68,54,0,1
92,68,55,0,1
92,68,56,0,1
92,68,57,0,1
92,68,58,0,1
92,68,59,0,1
92,68,60,0,1
92,68,61,0,1
92,68,62,0,1
92,68,63,0,1
92,69,0,0,1
92,69,1,0,1
92,69,2,0,1
92,69,3,0,1
92,69,4,0,1
92,69,5,0,1
92,69,6,0,1
92,69,7,0,1
92,69,8,0,1
92,69,9,0,1
92,69,10,0,1
92,69,11,0,1
92,69,12,0,1
92,69,13,0,1
92,69,14,0,1
92,69,15,0,1
92,69,16,0,1
92,69,17,0,1
92,69,18,0,1
92,69,19,0,1
92,69,20,0,1
92,69,21,0,1
92,69,22,0,1
92,69,23,0,1
92,69,24,0,1
92,69,25,0,1
92,69,26,0,1
92,69,27,0,1
92,69,28,0,1
92,69,29,0,1
92,69,30,0,1
92,69,31,0,1
92,69,32,0,1
92,69,33,0,1
92,69,34,0,1
92,69,35,0,1
92,69,36,0,1
92,69,37,0,1
92,69,38,0,1
92,69,39,0,1
92,69,40,0,1
92,69,41,0,1
92,69,42,0,1
92,69,43,0,1
92,69,44,0,1
92,69,45,0,1
92,69,46,0,1
92,69,47,0,1
92,69,48,0,1
92,69,49,0,1
92,69,50,0,1
92,69,51,0,1
92,69,52,0,1
92,69,53,0,1
92,69,54,0,1
92,69,55,0,1
92,69,56,0,1
92,69,57,0,1
92,69,58,0,1
92,69,59,0,1
92,69,60,0,1
92,69,61,0,1
92,69,62,0,1
92,69,63,0,1
92,70,0,0,1
92,70,1,0,1
92,70,2,0,1
92,70,3,0,1
92,70,4,0,1
92,70,5,0,1
92,70,6,0,1
92,70,7,0,1
92,70,8,0,1
92,70,9,0,1
92,70,10,0,1
92,70,11,0,1
92,70,12,0,1
92,70,13,0,1
92,70,14,0,1
92,70,15,0,1
92,70,16,0,1
92,70,17,0,1
92,70,18,0,1
92,70,19,0,1
92,70,20,0,1
92,70,21,0,1
92,70,22,0,1
92,70,23,0,1
92,70,24,0,1
92,70,25,0,1
92,70,26,0,1
92,70,27,0,1
92,70,28,0,1
92,70,29,0,1
92,70,30,0,1
92,70,31,0,1
92,70,32,0,1
92,70,33,0,1
92,70,34,0,1
92,70,35,0,1
92,70,36,0,1
92,70,37,0,1
92,70,38,0,1
92,70,39,0,1
92,70,40,0,1
92,70,41,0,1
92,70,42,0,1
92,70,43,0,1
92,70,44,0,1
92,70,45,0,1
92,70,46,0,1
92,70,47,0,1
92,70,48,0,1
92,70,49,0,1
92,70,50,0,1
92,70,51,0,1
92,70,52,0,1
92,70,53,0,1
92,70,54,0,1
92,70,55,0,1
92,70,56,0,1
92,70,57,0,1
92,70,58,0,1
92,70,59,0,1
92,70,60,0,1
92,70,61,0,1
92,70,62,0,1
92,70,63,0,1
92,71,0,0,1
92,71,1,0,1
92,71,2,0,1
92,71,3,0,1
92,71,4,0,1
92,71,5,0,1
92,71,6,0,1
92,71,7,0,1
92,71,8,0,1
92,71,9,0,1
92,71,10,0,1
92,71,11,0,1
92,71,12,0,1
92,71,13,0,1
92,71,14,0,1
92,71,15,0,1
92,71,16,0,1
92,71,17,0,1
92,71,18,0,1
92,71,19,0,1
92,71,20,0,1
92,71,21,0,1
92,71,22,0,1
92,71,23,0,1
92,71,24,0,1
92,71,25,0,1
92,71,26,0,1
92,71,27,0,1
92,71,28,0,1
92,71,29,0,1
92,71,30,0,1
92,71,31,0,1
92,71,32,0,1
92,71,33,0,1
92,71,34,0,1
92,71,35,0,1
92,71,36,0,1
92,71,37,0,1
92,71,38,0,1
92,71,39,0,1
92,71,40,0,1
92,71,41,0,1
92,71,42,0,1
92,71,43,0,1
92,71,44,0,1
92,71,45,0,1
92,71,46,0,1
92,71,47,0,1
92,71,48,0,1
92,71,49,0,1
92,71,50,0,1
92,71,51,0,1
92,71,52,0,1
92,71,53,0,1
92,71,54,0,1
92,71,55,0,1
92,71,56,0,1
92,71,57,0,1
92,71,58,0,1
92,71,59,0,1
92,71,60,0,1
92,71,61,0,1
92,71,62,0,1
92,71,63,0,1
92,72,0,0,1
92,72,1,0,1
92,72,2,0,1
92,72,3,0,1
92,72,4,0,1
92,72,5,0,1
92,72,6,0,1
92,72,7,0,1
92,72,8,0,1
92,72,9,0,1
92,72,10,0,1
92,72,11,0,1
92,72,12,0,1
92,72,13,0,1
92,72,14,0,1
92,72,15,0,1
92,72,16,0,1
92,72,17,0,1
92,72,18,0,1
92,72,19,0,1
92,72,20,0,1
92,72,21,0,1
92,72,22,0,1
92,72,23,0,1
92,72,24,0,1
92,72,25,0,1
92,72,26,0,1
92,72,27,0,1
92,72,28,0,1
92,72,29,0,1
92,72,30,0,1
92,72,31,0,1
92,72,32,0,1
92,72,33,0,1
92,72,34,0,1
92,72,35,0,1
92,72,36,0,1
92,72,37,0,1
92,72,38,0,1
92,72,39,0,1
92,72,40,0,1
92,72,41,0,1
92,72,42,0,1
92,72,43,0,1
92,72,44,0,1
92,72,45,0,1
92,72,46,0,1
92,72,47,0,1
92,72,48,0,1
92,72,49,0,1
92,72,50,0,1
92,72,51,0,1
92,72,52,0,1
92,72,53,0,1
92,72,54,0,1
92,72,55,0,1
92,72,56,0,1
92,72,57,0,1
92,72,58,0,1
92,72,59,0,1
92,72,60,0,1
92,72,61,0,1
92,72,62,0,1
92,72,63,0,1
92,73,0,0,1
92,73,1,0,1
92,73,2,0,1
92,73,3,0,1
92,73,4,0,1
92,73,5,0,1
92,73,6,0,1
92,73,7,0,1
92,73,8,0,1
92,73,9,0,1
92,73,10,0,1
92,73,11,0,1
92,73,12,0,1
92,73,13,0,1
92,73,14,0,1
92,73,15,0,1
92,73,16,0,1
92,73,17,0,1
92,73,18,0,1
92,73,19,0,1
92,73,20,0,1
92,73,21,0,1
92,73,22,0,1
92,73,23,0,1
92,73,24,0,1
92,73,25,0,1
92,73,26,0,1
92,73,27,0,1
92,73,28,0,1
92,73,29,0,1
92,73,30,0,1
92,73,31,0,1
92,73,32,0,1
92,73,33,0,1
92,73,34,0,1
92,73,35,0,1
92,73,36,0,1
92,73,37,0,1
92,73,38,0,1
92,73,39,0,1
92,73,40,0,1
92,73,41,0,1
92,73,42,0,1
92,73,43,0,1
92,73,44,0,1
92,73,45,0,1
92,73,46,0,1
92,73,47,0,1
92,73,48,0,1
92,73,49,0,1
92,73,50,0,1
92,73,51,0,1
92,73,52,0,1
92,73,53,0,1
92,73,54,0,1
92,73,55,0,1
92,73,56,0,1
92,73,57,0,1
92,73,58,0,1
92,73,59,0,1
92,73,60,0,1
92,73,61,0,1
92,73,62,0,1
92,73,63,0,1
92,74,0,0,1
92,74,1,0,1
92,74,2,0,1
92,74,3,0,1
92,74,4,0,1
92,74,5,0,1
92,74,6,0,1
92,74,7,0,1
92,74,8,0,1
92,74,9,0,1
92,74,10,0,1
92,74,11,0,1
92,74,12,0,1
92,74,13,0,1
92,74,14,0,1
92,74,15,0,1
92,74,16,0,1
92,74,17,0,1
92,74,18,0,1
92,74,19,0,1
92,74,20,0,1
92,74,21,0,1
92,74,22,0,1
92,74,23,0,1
92,74,24,0,1
92,74,25,0,1
92,74,26,0,1
92,74,27,0,1
92,74,28,0,1
92,74,29,0,1
92,74,30,0,1
92,74,31,0,1
92,74,32,0,1
92,74,33,0,1
92,74,34,0,1
92,74,35,0,1
92,74,36,0,1
92,74,37,0,1
92,74,38,0,1
92,74,39,0,1
92,74,40,0,1
92,74,41,0,1
92,74,42,0,1
92,74,43,0,1
92,74,44,0,1
92,74,45,0,1
92,74,46,0,1
92,74,47,0,1
92,74,48,0,1
92,74,49,0,1
92,74,50,0,1
92,74,51,0,1
92,74,52,0,1
92,74,53,0,1
92,74,54,0,1
92,74,55,0,1
92,74,56,0,1
92,74,57,0,1
92,74,58,0,1
92,74,59,0,1
92,74,60,0,1
92,74,61,0,1
92,74,62,0,1
92,74,63,0,1
92,75,0,0,1
92,75,1,0,1
92,75,2,0,1
92,75,3,0,1
92,75,4,0,1
92,75,5,0,1
92,75,6,0,1
92,75,7,0,1
92,75,8,0,1
92,75,9,0,1
92,75,10,0,1
92,75,11,0,1
92,75,12,0,1
92,75,13,0,1
92,75,14,0,1
92,75,15,0,1
92,75,16,0,1
92,75,17,0,1
92,75,18,0,1
92,75,19,0,1
92,75,20,0,1
92,75,21,0,1
92,75,22,0,1
92,75,23,0,1
92,75,24,0,1
92,75,25,0,1
92,75,26,0,1
92,75,27,0,1
92,75,28,0,1
92,75,29,0,1
92,75,30,0,1
92,75,31,0,1
92,75,32,0,1
92,75,33,0,1
92,75,34,0,1
92,75,35,0,1
92,75,36,0,1
92,75,37,0,1
92,75,38,0,1
92,75,39,0,1
92,75,40,0,1
92,75,41,0,1
92,75,42,0,1
92,75,43,0,1
92,75,44,0,1
92,75,45,0,1
92,75,46,0,1
92,75,47,0,1
92,75,48,0,1
92,75,49,0,1
92,75,50,0,1
92,75,51,0,1
92,75,52,0,1
92,75,53,0,1
92,75,54,0,1
92,75,55,0,1
92,75,56,0,1
92,75,57,0,1
92,75,58,0,1
92,75,59,0,1
92,75,60,0,1
92,75,61,0,1
92,75,62,0,1
92,75,63,0,1
92,76,0,0,1
92,76,1,0,1
92,76,2,0,1
92,76,3,0,1
92,76,4,0,1
92,76,5,0,1
92,76,6,0,1
92,76,7,0,1
92,76,8,0,1
92,76,9,0,1
92,76,10,0,1
92,76,11,0,1
92,76,12,0,1
92,76,13,0,1
92,76,14,0,1
92,76,15,0,1
92,76,16,0,1
92,76,17,0,1
92,76,18,0,1
92,76,19,0,1
92,76,20,0,1
92,76,21,0,1
92,76,22,0,1
92,76,23,0,1
92,76,24,0,1
92,76,25,0,1
92,76,26,0,1
92,76,27,0,1
92,76,28,0,1
92,76,29,0,1
92,76,30,0,1
92,76,31,0,1
92,76,32,0,1
92,76,33,0,1
92,76,34,0,1
92,76,35,0,1
92,76,36,0,1
92,76,37,0,1
92,76,38,0,1
92,76,39,0,1
92,76,40,0,1
92,76,41,0,1
92,76,42,0,1
92,76,43,0,1
92,76,44,0,1
92,76,45,0,1
92,76,46,0,1
92,76,47,0,1
92,76,48,0,1
92,76,49,0,1
92,76,50,0,1
92,76,51,0,1
92,76,52,0,1
92,76,53,0,1
92,76,54,0,1
92,76,55,0,1
92,76,56,0,1
92,76,57,0,1
92,76,58,0,1
92,76,59,0,1
92,76,60,0,1
92,76,61,0,1
92,76,62,0,1
92,76,63,0,1
92,77,0,0,1
92,77,1,0,1
92,77,2,0,1
92,77,3,0,1
92,77,4,0,1
92,77,5,0,1
92,77,6,0,1
92,77,7,0,1
92,77,8,0,1
92,77,9,0,1
92,77,10,0,1
92,77,11,0,1
92,77,12,0,1
92,77,13,0,1
92,77,14,0,1
92,77,15,0,1
92,77,16,0,1
92,77,17,0,1
92,77,18,0,1
92,77,19,0,1
92,77,20,0,1
92,77,21,0,1
92,77,22,0,1
92,77,23,0,1
92,77,24,0,1
92,77,25,0,1
92,77,26,0,1
92,77,27,0,1
92,77,28,0,1
92,77,29,0,1
92,77,30,0,1
92,77,31,0,1
92,77,32,0,1
92,77,33,0,1
92,77,34,0,1
92,77,35,0,1
92,77,36,0,1
92,77,37,0,1
92,77,38,0,1
92,77,39,0,1
92,77,40,0,1
92,77,41,0,1
92,77,42,0,1
92,77,43,0,1
92,77,44,0,1
92,77,45,0,1
92,77,46,0,1
92,77,47,0,1
92,77,48,0,1
92,77,49,0,1
92,77,50,0,1
92,77,51,0,1
92,77,52,0,1
92,77,53,0,1
92,77,54,0,1
92,77,55,0,1
92,77,56,0,1
92,77,57,0,1
92,77,58,0,1
92,77,59,0,1
92,77,60,0,1
92,77,61,0,1
92,77,62,0,1
92,77,63,0,1
92,78,0,0,1
92,78,1,0,1
92,78,2,0,1
92,78,3,0,1
92,78,4,0,1
92,78,5,0,1
92,78,6,0,1
92,78,7,0,1
92,78,8,0,1
92,78,9,0,1
92,78,10,0,1
92,78,11,0,1
92,78,12,0,1
92,78,13,0,1
92,78,14,0,1
92,78,15,0,1
92,78,16,0,1
92,78,17,0,1
92,78,18,0,1
92,78,19,0,1
92,78,20,0,1
92,78,21,0,1
92,78,22,0,1
92,78,23,0,1
92,78,24,0,1
92,78,25,0,1
92,78,26,0,1
92,78,27,0,1
92,78,28,0,1
92,78,29,0,1
92,78,30,0,1
92,78,31,0,1
92,78,32,0,1
92,78,33,0,1
92,78,34,0,1
92,78,35,0,1
92,78,36,0,1
92,78,37,0,1
92,78,38,0,1
92,78,39,0,1
92,78,40,0,1
92,78,41,0,1
92,78,42,0,1
92,78,43,0,1
92,78,44,0,1
92,78,45,0,1
92,78,46,0,1
92,78,47,0,1
92,78,48,0,1
92,78,49,0,1
92,78,50,0,1
92,78,51,0,1
92,78,52,0,1
92,78,53,0,1
92,78,54,0,1
92,78,55,0,1
92,78,56,0,1
92,78,57,0,1
92,78,58,0,1
92,78,59,0,1
92,78,60,0,1
92,78,61,0,1
92,78,62,0,1
92,78,63,0,1
92,79,0,0,1
92,79,1,0,1
92,79,2,0,1
92,79,3,0,1
92,79,4,0,1
92,79,5,0,1
92,79,6,0,1
92,79,7,0,1
92,79,8,0,1
92,79,9,0,1
92,79,10,0,1
92,79,11,0,1
92,79,12,0,1
92,79,13,0,1
92,79,14,0,1
92,79,15,0,1
92,79,16,0,1
92,79,17,0,1
92,79,18,0,1
92,79,19,0,1
92,79,20,0,1
92,79,21,0,1
92,79,22,0,1
92,79,23,0,1
92,79,24,0,1
92,79,25,0,1
92,79,26,0,1
92,79,27,0,1
92,79,28,0,1
92,79,29,0,1
92,79,30,0,1
92,79,31,0,1
92,79,32,0,1
92,79,33,0,1
92,79,34,0,1
92,79,35,0,1
92,79,36,0,1
92,79,37,0,1
92,79,38,0,1
92,79,39,0,1
92,79,40,0,1
92,79,41,0,1
92,79,42,0,1
92,79,43,0,1
92,79,44,0,1
92,79,45,0,1
92,79,46,0,1
92,79,47,0,1
92,79,48,0,1
92,79,49,0,1
92,79,50,0,1
92,79,51,0,1
92,79,52,0,1
92,79,53,0,1
92,79,54,0,1
92,79,55,0,1
92,79,56,0,1
92,79,57,0,1
92,79,58,0,1
92,79,59,0,1
92,79,60,0,1
92,79,61,0,1
92,79,62,0,1
92,79,63,0,1
92,80,0,0,1
92,80,1,0,1
92,80,2,0,1
92,80,3,0,1
92,80,4,0,1
92,80,5,0,1
92,80,6,0,1
92,80,7,0,1
92,80,8,0,1
92,80,9,0,1
92,80,10,0,1
92,80,11,0,1
92,80,12,0,1
92,80,13,0,1
92,80,14,0,1
92,80,15,0,1
92,80,16,0,1
92,80,17,0,1
92,80,18,0,1
92,80,19,0,1
92,80,20,0,1
92,80,21,0,1
92,80,22,0,1
92,80,23,0,1
92,80,24,0,1
92,80,25,0,1
92,80,26,0,1
92,80,27,0,1
92,80,28,0,1
92,80,29,0,1
92,80,30,0,1
92,80,31,0,1
92,80,32,0,1
92,80,33,0,1
92,80,34,0,1
92,80,35,0,1
92,80,36,0,1
92,80,37,0,1
92,80,38,0,1
92,80,39,0,1
92,80,40,0,1
92,80,41,0,1
92,80,42,0,1
92,80,43,0,1
92,80,44,0,1
92,80,45,0,1
92,80,46,0,1
92,80,47,0,1
92,80,48,0,1
92,80,49,0,1
92,80,50,0,1
92,80,51,0,1
92,80,52,0,1
92,80,53,0,1
92,80,54,0,1
92,80,55,0,1
92,80,56,0,1
92,80,57,0,1
92,80,58,0,1
92,80,59,0,1
92,80,60,0,1
92,80,61,0,1
92,80,62,0,1
92,80,63,0,1
92,81,0,0,1
92,81,1,0,1
92,81,2,0,1
92,81,3,0,1
92,81,4,0,1
92,81,5,0,1
92,81,6,0,1
92,81,7,0,1
92,81,8,0,1
92,81,9,0,1
92,81,10,0,1
92,81,11,0,1
92,81,12,0,1
92,81,13,0,1
92,81,14,0,1
92,81,15,0,1
92,81,16,0,1
92,81,17,0,1
92,81,18,0,1
92,81,19,0,1
92,81,20,0,1
92,81,21,0,1
92,81,22,0,1
92,81,23,0,1
92,81,24,0,1
92,81,25,0,1
92,81,26,0,1
92,81,27,0,1
92,81,28,0,1
92,81,29,0,1
92,81,30,0,1
92,81,31,0,1
92,81,32,0,1
92,81,33,0,1
92,81,34,0,1
92,81,35,0,1
92,81,36,0,1
92,81,37,0,1
92,81,38,0,1
92,81,39,0,1
92,81,40,0,1
92,81,41,0,1
92,81,42,0,1
92,81,43,0,1
92,81,44,0,1
92,81,45,0,1
92,81,46,0,1
92,81,47,0,1
92,81,48,0,1
92,81,49,0,1
92,81,50,0,1
92,81,51,0,1
92,81,52,0,1
92,81,53,0,1
92,81,54,0,1
92,81,55,0,1
92,81,56,0,1
92,81,57,0,1
92,81,58,0,1
92,81,59,0,1
92,81,60,0,1
92,81,61,0,1
92,81,62,0,1
92,81,63,0,1
92,82,0,0,1
92,82,1,0,1
92,82,2,0,1
92,82,3,0,1
92,82,4,0,1
92,82,5,0,1
92,82,6,0,1
92,82,7,0,1
92,82,8,0,1
92,82,9,0,1
92,82,10,0,1
92,82,11,0,1
92,82,12,0,1
92,82,13,0,1
92,82,14,0,1
92,82,15,0,1
92,82,16,0,1
92,82,17,0,1
92,82,18,0,1
92,82,19,0,1
92,82,20,0,1
92,82,21,0,1
92,82,22,0,1
92,82,23,0,1
92,82,24,0,1
92,82,25,0,1
92,82,26,0,1
92,82,27,0,1
92,82,28,0,1
92,82,29,0,1
92,82,30,0,1
92,82,31,0,1
92,82,32,0,1
92,82,33,0,1
92,82,34,0,1
92,82,35,0,1
92,82,36,0,1
92,82,37,0,1
92,82,38,0,1
92,82,39,0,1
92,82,40,0,1
92,82,41,0,1
92,82,42,0,1
92,82,43,0,1
92,82,44,0,1
92,82,45,0,1
92,82,46,0,1
92,82,47,0,1
92,82,48,0,1
92,82,49,0,1
92,82,50,0,1
92,82,51,0,1
92,82,52,0,1
92,82,53,0,1
92,82,54,0,1
92,82,55,0,1
92,82,56,0,1
92,82,57,0,1
92,82,58,0,1
92,82,59,0,1
92,82,60,0,1
92,82,61,0,1
92,82,62,0,1
92,82,63,0,1
92,83,0,0,1
92,83,1,0,1
92,83,2,0,1
92,83,3,0,1
92,83,4,0,1
92,83,5,0,1
92,83,6,0,1
92,83,7,0,1
92,83,8,0,1
92,83,9,0,1
92,83,10,0,1
92,83,11,0,1
92,83,12,0,1
92,83,13,0,1
92,83,14,0,1
92,83,15,0,1
92,83,16,0,1
92,83,17,0,1
92,83,18,0,1
92,83,19,0,1
92,83,20,0,1
92,83,21,0,1
92,83,22,0,1
92,83,23,0,1
92,83,24,0,1
92,83,25,0,1
92,83,26,0,1
92,83,27,0,1
92,83,28,0,1
92,83,29,0,1
92,83,30,0,1
92,83,31,0,1
92,83,32,0,1
92,83,33,0,1
92,83,34,0,1
92,83,35,0,1
92,83,36,0,1
92,83,37,0,1
92,83,38,0,1
92,83,39,0,1
92,83,40,0,1
92,83,41,0,1
92,83,42,0,1
92,83,43,0,1
92,83,44,0,1
92,83,45,0,1
92,83,46,0,1
92,83,47,0,1
92,83,48,0,1
92,83,49,0,1
92,83,50,0,1
92,83,51,0,1
92,83,52,0,1
92,83,53,0,1
92,83,54,0,1
92,83,55,0,1
92,83,56,0,1
92,83,57,0,1
92,83,58,0,1
92,83,59,0,1
92,83,60,0,1
92,83,61,0,1
92,83,62,0,1
92,83,63,0,1
92,84,0,0,1
92,84,1,0,1
92,84,2,0,1
92,84,3,0,1
92,84,4,0,1
92,84,5,0,1
92,84,6,0,1
92,84,7,0,1
92,84,8,0,1
92,84,9,0,1
92,84,10,0,1
92,84,11,0,1
92,84,12,0,1
92,84,13,0,1
92,84,14,0,1
92,84,15,0,1
92,84,16,0,1
92,84,17,0,1
92,84,18,0,1
92,84,19,0,1
92,84,20,0,1
92,84,21,0,1
92,84,22,0,1
92,84,23,0,1
92,84,24,0,1
92,84,25,0,1
92,84,26,0,1
92,84,27,0,1
92,84,28,0,1
92,84,29,0,1
92,84,30,0,1
92,84,31,0,1
92,84,32,0,1
92,84,33,0,1
92,84,34,0,1
92,84,35,0,1
92,84,36,0,1
92,84,37,0,1
92,84,38,0,1
92,84,39,0,1
92,84,40,0,1
92,84,41,0,1
92,84,42,0,1
92,84,43,0,1
92,84,44,0,1
92,84,45,0,1
92,84,46,0,1
92,84,47,0,1
92,84,48,0,1
92,84,49,0,1
92,84,50,0,1
92,84,51,0,1
92,84,52,0,1
92,84,53,0,1
92,84,54,0,1
92,84,55,0,1
92,84,56,0,1
92,84,57,0,1
92,84,58,0,1
92,84,59,0,1
92,84,60,0,1
92,84,61,0,1
92,84,62,0,1
92,84,63,0,1
92,85,0,0,1
92,85,1,0,1
92,85,2,0,1
92,85,3,0,1
92,85,4,0,1
92,85,5,0,1
92,85,6,0,1
92,85,7,0,1
92,85,8,0,1
92,85,9,0,1
92,85,10,0,1
92,85,11,0,1
92,85,12,0,1
92,85,13,0,1
92,85,14,0,1
92,85,15,0,1
92,85,16,0,1
92,85,17,0,1
92,85,18,0,1
92,85,19,0,1
92,85,20,0,1
92,85,21,0,1
92,85,22,0,1
92,85,23,0,1
92,85,24,0,1
92,85,25,0,1
92,85,26,0,1
92,85,27,0,1
92,85,28,0,1
92,85,29,0,1
92,85,30,0,1
92,85,31,0,1
92,85,32,0,1
92,85,33,0,1
92,85,34,0,1
92,85,35,0,1
92,85,36,0,1
92,85,37,0,1
92,85,38,0,1
92,85,39,0,1
92,85,40,0,1
92,85,41,0,1
92,85,42,0,1
92,85,43,0,1
92,85,44,0,1
92,85,45,0,1
92,85,46,0,1
92,85,47,0,1
92,85,48,0,1
92,85,49,0,1
92,85,50,0,1
92,85,51,0,1
92,85,52,0,1
92,85,53,0,1
92,85,54,0,1
92,85,55,0,1
92,85,56,0,1
92,85,57,0,1
92,85,58,0,1
92,85,59,0,1
92,85,60,0,1
92,85,61,0,1
92,85,62,0,1
92,85,63,0,1
92,86,0,0,1
92,86,1,0,1
92,86,2,0,1
92,86,3,0,1
92,86,4,0,1
92,86,5,0,1
92,86,6,0,1
92,86,7,0,1
92,86,8,0,1
92,86,9,0,1
92,86,10,0,1
92,86,11,0,1
92,86,12,0,1
92,86,13,0,1
92,86,14,0,1
92,86,15,0,1
92,86,16,0,1
92,86,17,0,1
92,86,18,0,1
92,86,19,0,1
92,86,20,0,1
92,86,21,0,1
92,86,22,0,1
92,86,23,0,1
92,86,24,0,1
92,86,25,0,1
92,86,26,0,1
92,86,27,0,1
92,86,28,0,1
92,86,29,0,1
92,86,30,0,1
92,86,31,0,1
92,86,32,0,1
92,86,33,0,1
92,86,34,0,1
92,86,35,0,1
92,86,36,0,1
92,86,37,0,1
92,86,38,0,1
92,86,39,0,1
92,86,40,0,1
92,86,41,0,1
92,86,42,0,1
92,86,43,0,1
92,86,44,0,1
92,86,45,0,1
92,86,46,0,1
92,86,47,0,1
92,86,48,0,1
92,86,49,0,1
92,86,50,0,1
92,86,51,0,1
92,86,52,0,1
92,86,53,0,1
92,86,54,0,1
92,86,55,0,1
92,86,56,0,1
92,86,57,0,1
92,86,58,0,1
92,86,59,0,1
92,86,60,0,1
92,86,61,0,1
92,86,62,0,1
92,86,63,0,1
92,87,0,0,1
92,87,1,0,1
92,87,2,0,1
92,87,3,0,1
92,87,4,0,1
92,87,5,0,1
92,87,6,0,1
92,87,7,0,1
92,87,8,0,1
92,87,9,0,1
92,87,10,0,1
92,87,11,0,1
92,87,12,0,1
92,87,13,0,1
92,87,14,0,1
92,87,15,0,1
92,87,16,0,1
92,87,17,0,1
92,87,18,0,1
92,87,19,0,1
92,87,20,0,1
92,87,21,0,1
92,87,22,0,1
92,87,23,0,1
92,87,24,0,1
92,87,25,0,1
92,87,26,0,1
92,87,27,0,1
92,87,28,0,1
92,87,29,0,1
92,87,30,0,1
92,87,31,0,1
92,87,32,0,1
92,87,33,0,1
92,87,34,0,1
92,87,35,0,1
92,87,36,0,1
92,87,37,0,1
92,87,38,0,1
92,87,39,0,1
92,87,40,0,1
92,87,41,0,1
92,87,42,0,1
92,87,43,0,1
92,87,44,0,1
92,87,45,0,1
92,87,46,0,1
92,87,47,0,1
92,87,48,0,1
92,87,49,0,1
92,87,50,0,1
92,87,51,0,1
92,87,52,0,1
92,87,53,0,1
92,87,54,0,1
92,87,55,0,1
92,87,56,0,1
92,87,57,0,1
92,87,58,0,1
92,87,59,0,1
92,87,60,0,1
92,87,61,0,1
92,87,62,0,1
92,87,63,0,1
92,88,0,0,1
92,88,1,0,1
92,88,2,0,1
92,88,3,0,1
92,88,4,0,1
92,88,5,0,1
92,88,6,0,1
92,88,7,0,1
92,88,8,0,1
92,88,9,0,1
92,88,10,0,1
92,88,11,0,1
92,88,12,0,1
92,88,13,0,1
92,88,14,0,1
92,88,15,0,1
92,88,16,0,1
92,88,17,0,1
92,88,18,0,1
92,88,19,0,1
92,88,20,0,1
92,88,21,0,1
92,88,22,0,1
92,88,23,0,1
92,88,24,0,1
92,88,25,0,1
92,88,26,0,1
92,88,27,0,1
92,88,28,0,1
92,88,29,0,1
92,88,30,0,1
92,88,31,0,1
92,88,32,0,1
92,88,33,0,1
92,88,34,0,1
92,88,35,0,1
92,88,36,0,1
92,88,37,0,1
92,88,38,0,1
92,88,39,0,1
92,88,40,0,1
92,88,41,0,1
92,88,42,0,1
92,88,43,0,1
92,88,44,0,1
92,88,45,0,1
92,88,46,0,1
92,88,47,0,1
92,88,48,0,1
92,88,49,0,1
92,88,50,0,1
92,88,51,0,1
92,88,52,0,1
92,88,53,0,1
92,88,54,0,1
92,88,55,0,1
92,88,56,0,1
92,88,57,0,1
92,88,58,0,1
92,88,59,0,1
92,88,60,0,1
92,88,61,0,1
92,88,62,0,1
92,88,63,0,1
92,89,0,0,1
92,89,1,0,1
92,89,2,0,1
92,89,3,0,1
92,89,4,0,1
92,89,5,0,1
92,89,6,0,1
92,89,7,0,1
92,89,8,0,1
92,89,9,0,1
92,89,10,0,1
92,89,11,0,1
92,89,12,0,1
92,89,13,0,1
92,89,14,0,1
92,89,15,0,1
92,89,16,0,1
92,89,17,0,1
92,89,18,0,1
92,89,19,0,1
92,89,20,0,1
92,89,21,0,1
92,89,22,0,1
92,89,23,0,1
92,89,24,0,1
92,89,25,0,1
92,89,26,0,1
92,89,27,0,1
92,89,28,0,1
92,89,29,0,1
92,89,30,0,1
92,89,31,0,1
92,89,32,0,1
92,89,33,0,1
92,89,34,0,1
92,89,35,0,1
92,89,36,0,1
92,89,37,0,1
92,89,38,0,1
92,89,39,0,1
92,89,40,0,1
92,89,41,0,1
92,89,42,0,1
92,89,43,0,1
92,89,44,0,1
92,89,45,0,1
92,89,46,0,1
92,89,47,0,1
92,89,48,0,1
92,89,49,0,1
92,89,50,0,1
92,89,51,0,1
92,89,52,0,1
92,89,53,0,1
92,89,54,0,1
92,89,55,0,1
92,89,56,0,1
92,89,57,0,1
92,89,58,0,1
92,89,59,0,1
92,89,60,0,1
92,89,61,0,1
92,89,62,0,1
92,89,63,0,1
92,90,0,0,1
92,90,1,0,1
92,90,2,0,1
92,90,3,0,1
92,90,4,0,1
92,90,5,0,1
92,90,6,0,1
92,90,7,0,1
92,90,8,0,1
92,90,9,0,1
92,90,10,0,1
92,90,11,0,1
92,90,12,0,1
92,90,13,0,1
92,90,14,0,1
92,90,15,0,1
92,90,16,0,1
92,90,17,0,1
92,90,18,0,1
92,90,19,0,1
92,90,20,0,1
92,90,21,0,1
92,90,22,0,1
92,90,23,0,1
92,90,24,0,1
92,90,25,0,1
92,90,26,0,1
92,90,27,0,1
92,90,28,0,1
92,90,29,0,1
92,90,30,0,1
92,90,31,0,1
92,90,32,0,1
92,90,33,0,1
92,90,34,0,1
92,90,35,0,1
92,90,36,0,1
92,90,37,0,1
92,90,38,0,1
92,90,39,0,1
92,90,40,0,1
92,90,41,0,1
92,90,42,0,1
92,90,43,0,1
92,90,44,0,1
92,90,45,0,1
92,90,46,0,1
92,90,47,0,1
92,90,48,0,1
92,90,49,0,1
92,90,50,0,1
92,90,51,0,1
92,90,52,0,1
92,90,53,0,1
92,90,54,0,1
92,90,55,0,1
92,90,56,0,1
92,90,57,0,1
92,90,58,0,1
92,90,59,0,1
92,90,60,0,1
92,90,61,0,1
92,90,62,0,1
92,90,63,0,1
92,91,0,0,1
92,91,1,0,1
92,91,2,0,1
92,91,3,0,1
92,91,4,0,1
92,91,5,0,1
92,91,6,0,1
92,91,7,0,1
92,91,8,0,1
92,91,9,0,1
92,91,10,0,1
92,91,11,0,1
92,91,12,0,1
92,91,13,0,1
92,91,14,0,1
92,91,15,0,1
92,91,16,0,1
92,91,17,0,1
92,91,18,0,1
92,91,19,0,1
92,91,20,0,1
92,91,21,0,1
92,91,22,0,1
92,91,23,0,1
92,91,24,0,1
92,91,25,0,1
92,91,26,0,1
92,91,27,0,1
92,91,28,0,1
92,91,29,0,1
92,91,30,0,1
92,91,31,0,1
92,91,32,0,1
92,91,33,0,1
92,91,34,0,1
92,91,35,0,1
92,91,36,0,1
92,91,37,0,1
92,91,38,0,1
92,91,39,0,1
92,91,40,0,1
92,91,41,0,1
92,91,42,0,1
92,91,43,0,1
92,91,44,0,1
92,91,45,0,1
92,91,46,0,1
92,91,47,0,1
92,91,48,0,1
92,91,49,0,1
92,91,50,0,1
92,91,51,0,1
92,91,52,0,1
92,91,53,0,1
92,91,54,0,1
92,91,55,0,1
92,91,56,0,1
92,91,57,0,1
92,91,58,0,1
92,91,59,0,1
92,91,60,0,1
92,91,61,0,1
92,91,62,0,1
92,91,63,0,1
92,92,0,0,1
92,92,1,0,1
92,92,2,0,1
92,92,3,0,1
92,92,4,0,1
92,92,5,0,1
92,92,6,0,1
92,92,7,0,1
92,92,8,0,1
92,92,9,0,1
92,92,10,0,1
92,92,11,0,1
92,92,12,0,1
92,92,13,0,1
92,92,14,0,1
92,92,15,0,1
92,92,16,0,1
92,92,17,0,1
92,92,18,0,1
92,92,19,0,1
92,92,20,0,1
92,92,21,0,1
92,92,22,0,1
92,92,23,0,1
92,92,24,0,1
92,92,25,0,1
92,92,26,0,1
92,92,27,0,1
92,92,28,0,1
92,92,29,0,1
92,92,30,0,1
92,92,31,0,1
92,92,32,0,1
92,92,33,0,1
92,92,34,0,1
92,92,35,0,1
92,92,36,0,1
92,92,37,0,1
92,92,38,0,1
92,92,39,0,1
92,92,40,0,1
92,92,41,0,1
92,92,42,0,1
92,92,43,0,1
92,92,44,0,1
92,92,45,0,1
92,92,46,0,1
92,92,47,0,1
92,92,48,0,1
92,92,49,0,1
92,92,50,0,1
92,92,51,0,1
92,92,52,0,1
92,92,53,0,1
92,92,54,0,1
92,92,55,0,1
92,92,56,0,1
92,92,57,0,1
92,92,58,0,1
92,92,59,0,1
92,92,60,0,1
92,92,61,0,1
92,92,62,0,1
92,92,63,0,1
92,93,0,0,1
92,93,1,0,1
92,93,2,0,1
92,93,3,0,1
92,93,4,0,1
92,93,5,0,1
92,93,6,0,1
92,93,7,0,1
92,93,8,0,1
92,93,9,0,1
92,93,10,0,1
92,93,11,0,1
92,93,12,0,1
92,93,13,0,1
92,93,14,0,1
92,93,15,0,1
92,93,16,0,1
92,93,17,0,1
92,93,18,0,1
92,93,19,0,1
92,93,20,0,1
92,93,21,0,1
92,93,22,0,1
92,93,23,0,1
92,93,24,0,1
92,93,25,0,1
92,93,26,0,1
92,93,27,0,1
92,93,28,0,1
92,93,29,0,1
92,93,30,0,1
92,93,31,0,1
92,93,32,0,1
92,93,33,0,1
92,93,34,0,1
92,93,35,0,1
92,93,36,0,1
92,93,37,0,1
92,93,38,0,1
92,93,39,0,1
92,93,40,0,1
92,93,41,0,1
92,93,42,0,1
92,93,43,0,1
92,93,44,0,1
92,93,45,0,1
92,93,46,0,1
92,93,47,0,1
92,93,48,0,1
92,93,49,0,1
92,93,50,0,1
92,93,51,0,1
92,93,52,0,1
92,93,53,0,1
92,93,54,0,1
92,93,55,0,1
92,93,56,0,1
92,93,57,0,1
92,93,58,0,1
92,93,59,0,1
92,93,60,0,1
92,93,61,0,1
92,93,62,0,1
92,93,63,0,1
92,94,0,0,1
92,94,1,0,1
92,94,2,0,1
92,94,3,0,1
92,94,4,0,1
92,94,5,0,1
92,94,6,0,1
92,94,7,0,1
92,94,8,0,1
92,94,9,0,1
92,94,10,0,1
92,94,11,0,1
92,94,12,0,1
92,94,13,0,1
92,94,14,0,1
92,94,15,0,1
92,94,16,0,1
92,94,17,0,1
92,94,18,0,1
92,94,19,0,1
92,94,20,0,1
92,94,21,0,1
92,94,22,0,1
92,94,23,0,1
92,94,24,0,1
92,94,25,0,1
92,94,26,0,1
92,94,27,0,1
92,94,28,0,1
92,94,29,0,1
92,94,30,0,1
92,94,31,0,1
92,94,32,0,1
92,94,33,0,1
92,94,34,0,1
92,94,35,0,1
92,94,36,0,1
92,94,37,0,1
92,94,38,0,1
92,94,39,0,1
92,94,40,0,1
92,94,41,0,1
92,94,42,0,1
92,94,43,0,1
92,94,44,0,1
92,94,45,0,1
92,94,46,0,1
92,94,47,0,1
92,94,48,0,1
92,94,49,0,1
92,94,50,0,1
92,94,51,0,1
92,94,52,0,1
92,94,53,0,1
92,94,54,0,1
92,94,55,0,1
92,94,56,0,1
92,94,57,0,1
92,94,58,0,1
92,94,59,0,1
92,94,60,0,1
92,94,61,0,1
92,94,62,0,1
92,94,63,0,1
92,95,0,0,1
92,95,1,0,1
92,95,2,0,1
92,95,3,0,1
92,95,4,0,1
92,95,5,0,1
92,95,6,0,1
92,95,7,0,1
92,95,8,0,1
92,95,9,0,1
92,95,10,0,1
92,95,11,0,1
92,95,12,0,1
92,95,13,0,1
92,95,14,0,1
92,95,15,0,1
92,95,16,0,1
92,95,17,0,1
92,95,18,0,1
92,95,19,0,1
92,95,20,0,1
92,95,21,0,1
92,95,22,0,1
92,95,23,0,1
92,95,24,0,1
92,95,25,0,1
92,95,26,0,1
92,95,27,0,1
92,95,28,0,1
92,95,29,0,1
92,95,30,0,1
92,95,31,0,1
92,95,32,0,1
92,95,33,0,1
92,95,34,0,1
92,95,35,0,1
92,95,36,0,1
92,95,37,0,1
92,95,38,0,1
92,95,39,0,1
92,95,40,0,1
92,95,41,0,1
92,95,42,0,1
92,95,43,0,1
92,95,44,0,1
92,95,45,0,1
92,95,46,0,1
92,95,47,0,1
92,95,48,0,1
92,95,49,0,1
92,95,50,0,1
92,95,51,0,1
92,95,52,0,1
92,95,53,0,1
92,95,54,0,1
92,95,55,0,1
92,95,56,0,1
92,95,57,0,1
92,95,58,0,1
92,95,59,0,1
92,95,60,0,1
92,95,61,0,1
92,95,62,0,1
92,95,63,0,1
92,96,0,0,1
92,96,1,0,1
92,96,2,0,1
92,96,3,0,1
92,96,4,0,1
92,96,5,0,1
92,96,6,0,1
92,96,7,0,1
92,96,8,0,1
92,96,9,0,1
92,96,10,0,1
92,96,11,0,1
92,96,12,0,1
92,96,13,0,1
92,96,14,0,1
92,96,15,0,1
92,96,16,0,1
92,96,17,0,1
92,96,18,0,1
92,96,19,0,1
92,96,20,0,1
92,96,21,0,1
92,96,22,0,1
92,96,23,0,1
92,96,24,0,1
92,96,25,0,1
92,96,26,0,1
92,96,27,0,1
92,96,28,0,1
92,96,29,0,1
92,96,30,0,1
92,96,31,0,1
92,96,32,0,1
92,96,33,0,1
92,96,34,0,1
92,96,35,0,1
92,96,36,0,1
92,96,37,0,1
92,96,38,0,1
92,96,39,0,1
92,96,40,0,1
92,96,41,0,1
92,96,42,0,1
92,96,43,0,1
92,96,44,0,1
92,96,45,0,1
92,96,46,0,1
92,96,47,0,1
92,96,48,0,1
92,96,49,0,1
92,96,50,0,1
92,96,51,0,1
92,96,52,0,1
92,96,53,0,1
92,96,54,0,1
92,96,55,0,1
92,96,56,0,1
92,96,57,0,1
92,96,58,0,1
92,96,59,0,1
92,96,60,0,1
92,96,61,0,1
92,96,62,0,1
92,96,63,0,1
92,97,0,0,1
92,97,1,0,1
92,97,2,0,1
92,97,3,0,1
92,97,4,0,1
92,97,5,0,1
92,97,6,0,1
92,97,7,0,1
92,97,8,0,1
92,97,9,0,1
92,97,10,0,1
92,97,11,0,1
92,97,12,0,1
92,97,13,0,1
92,97,14,0,1
92,97,15,0,1
92,97,16,0,1
92,97,17,0,1
92,97,18,0,1
92,97,19,0,1
92,97,20,0,1
92,97,21,0,1
92,97,22,0,1
92,97,23,0,1
92,97,24,0,1
92,97,25,0,1
92,97,26,0,1
92,97,27,0,1
92,97,28,0,1
92,97,29,0,1
92,97,30,0,1
92,97,31,0,1
92,97,32,0,1
92,97,33,0,1
92,97,34,0,1
92,97,35,0,1
92,97,36,0,1
92,97,37,0,1
92,97,38,0,1
92,97,39,0,1
92,97,40,0,1
92,97,41,0,1
92,97,42,0,1
92,97,43,0,1
92,97,44,0,1
92,97,45,0,1
92,97,46,0,1
92,97,47,0,1
92,97,48,0,1
92,97,49,0,1
92,97,50,0,1
92,97,51,0,1
92,97,52,0,1
92,97,53,0,1
92,97,54,0,1
92,97,55,0,1
92,97,56,0,1
92,97,57,0,1
92,97,58,0,1
92,97,59,0,1
92,97,60,0,1
92,97,61,0,1
92,97,62,0,1
92,97,63,0,1
92,98,0,0,1
92,98,1,0,1
92,98,2,0,1
92,98,3,0,1
92,98,4,0,1
92,98,5,0,1
92,98,6,0,1
92,98,7,0,1
92,98,8,0,1
92,98,9,0,1
92,98,10,0,1
92,98,11,0,1
92,98,12,0,1
92,98,13,0,1
92,98,14,0,1
92,98,15,0,1
92,98,16,0,1
92,98,17,0,1
92,98,18,0,1
92,98,19,0,1
92,98,20,0,1
92,98,21,0,1
92,98,22,0,1
92,98,23,0,1
92,98,24,0,1
92,98,25,0,1
92,98,26,0,1
92,98,27,0,1
92,98,28,0,1
92,98,29,0,1
92,98,30,0,1
92,98,31,0,1
92,98,32,0,1
92,98,33,0,1
92,98,34,0,1
92,98,35,0,1
92,98,36,0,1
92,98,37,0,1
92,98,38,0,1
92,98,39,0,1
92,98,40,0,1
92,98,41,0,1
92,98,42,0,1
92,98,43,0,1
92,98,44,0,1
92,98,45,0,1
92,98,46,0,1
92,98,47,0,1
92,98,48,0,1
92,98,49,0,1
92,98,50,0,1
92,98,51,0,1
92,98,52,0,1
92,98,53,0,1
92,98,54,0,1
92,98,55,0,1
92,98,56,0,1
92,98,57,0,1
92,98,58,0,1
92,98,59,0,1
92,98,60,0,1
92,98,61,0,1
92,98,62,0,1
92,98,63,0,1
92,99,0,0,1
92,99,1,0,1
92,99,2,0,1
92,99,3,0,1
92,99,4,0,1
92,99,5,0,1
92,99,6,0,1
92,99,7,0,1
92,99,8,0,1
92,99,9,0,1
92,99,10,0,1
92,99,11,0,1
92,99,12,0,1
92,99,13,0,1
92,99,14,0,1
92,99,15,0,1
92,99,16,0,1
92,99,17,0,1
92,99,18,0,1
92,99,19,0,1
92,99,20,0,1
92,99,21,0,1
92,99,22,0,1
92,99,23,0,1
92,99,24,0,1
92,99,25,0,1
92,99,26,0,1
92,99,27,0,1
92,99,28,0,1
92,99,29,0,1
92,99,30,0,1
92,99,31,0,1
92,99,32,0,1
92,99,33,0,1
92,99,34,0,1
92,99,35,0,1
92,99,36,0,1
92,99,37,0,1
92,99,38,0,1
92,99,39,0,1
92,99,40,0,1
92,99,41,0,1
92,99,42,0,1
92,99,43,0,1
92,99,44,0,1
92,99,45,0,1
92,99,46,0,1
92,99,47,0,1
92,99,48,0,1
92,99,49,0,1
92,99,50,0,1
92,99,51,0,1
92,99,52,0,1
92,99,53,0,1
92,99,54,0,1
92,99,55,0,1
92,99,56,0,1
92,99,57,0,1
92,99,58,0,1
92,99,59,0,1
92,99,60,0,1
92,99,61,0,1
92,99,62,0,1
92,99,63,0,1
92,100,0,0,1
92,100,1,0,1
92,100,2,0,1
92,100,3,0,1
92,100,4,0,1
92,100,5,0,1
92,100,6,0,1
92,100,7,0,1
92,100,8,0,1
92,100,9,0,1
92,100,10,0,1
92,100,11,0,1
92,100,12,0,1
92,100,13,0,1
92,100,14,0,1
92,100,15,0,1
92,100,16,0,1
92,100,17,0,1
92,100,18,0,1
92,100,19,0,1
92,100,20,0,1
92,100,21,0,1
92,100,22,0,1
92,100,23,0,1
92,100,24,0,1
92,100,25,0,1
92,100,26,0,1
92,100,27,0,1
92,100,28,0,1
92,100,29,0,1
92,100,30,0,1
92,100,31,0,1
92,100,32,0,1
92,100,33,0,1
92,100,34,0,1
92,100,35,0,1
92,100,36,0,1
92,100,37,0,1
92,100,38,0,1
92,100,39,0,1
92,100,40,0,1
92,100,41,0,1
92,100,42,0,1
92,100,43,0,1
92,100,44,0,1
92,100,45,0,1
92,100,46,0,1
92,100,47,0,1
92,100,48,0,1
92,100,49,0,1
92,100,50,0,1
92,100,51,0,1
92,100,52,0,1
92,100,53,0,1
92,100,54,0,1
92,100,55,0,1
92,100,56,0,1
92,100,57,0,1
92,100,58,0,1
92,100,59,0,1
92,100,60,0,1
92,100,61,0,1
92,100,62,0,1
92,100,63,0,1
99,1,0,0,1
99,1,1,0,1
99,1,2,0,1
99,1,3,0,1
99,1,4,0,1
99,1,5,0,1
99,1,6,0,1
99,1,7,0,1
99,1,8,0,1
99,1,9,0,1
99,1,10,0,1
99,1,11,0,1
99,1,12,0,1
99,1,13,0,1
99,1,14,0,1
99,1,15,0,1
99,1,16,0,1
99,1,17,0,1
99,1,18,0,1
99,1,19,0,1
99,1,20,0,1
99,1,21,0,1
99,1,22,0,1
99,1,23,0,1
99,1,24,0,1
99,1,25,0,1
99,1,26,0,1
99,1,27,0,1
99,1,28,0,1
99,1,29,0,1
99,1,30,0,1
99,1,31,0,1
99,1,32,0,1
99,1,33,0,1
99,1,34,0,1
99,1,35,0,1
99,1,36,0,1
99,1,37,0,1
99,1,38,0,1
99,1,39,0,1
99,1,40,0,1
99,1,41,0,1
99,1,42,0,1
99,1,43,0,1
99,1,44,0,1
99,1,45,0,1
99,1,46,0,1
99,1,47,0,1
99,1,48,0,1
99,1,49,0,1
99,1,50,0,1
99,1,51,0,1
99,1,52,0,1
99,1,53,0,1
99,1,54,0,1
99,1,55,0,1
99,1,56,0,1
99,1,57,0,1
99,1,58,0,1
99,1,59,0,1
99,1,60,0,1
99,1,61,0,1
99,1,62,0,1
99,1,63,0,1
99,2,0,0,1
99,2,1,0,1
99,2,2,0,1
99,2,3,0,1
99,2,4,0,1
99,2,5,0,1
99,2,6,0,1
99,2,7,0,1
99,2,8,0,1
99,2,9,0,1
99,2,10,0,1
99,2,11,0,1
99,2,12,0,1
99,2,13,0,1
99,2,14,0,1
99,2,15,0,1
99,2,16,0,1
99,2,17,0,1
99,2,18,0,1
99,2,19,0,1
99,2,20,0,1
99,2,21,0,1
99,2,22,0,1
99,2,23,0,1
99,2,24,0,1
99,2,25,0,1
99,2,26,0,1
99,2,27,0,1
99,2,28,0,1
99,2,29,0,1
99,2,30,0,1
99,2,31,0,1
99,2,32,0,1
99,2,33,0,1
99,2,34,0,1
99,2,35,0,1
99,2,36,0,1
99,2,37,0,1
99,2,38,0,1
99,2,39,0,1
99,2,40,0,1
99,2,41,0,1
99,2,42,0,1
99,2,43,0,1
99,2,44,0,1
99,2,45,0,1
99,2,46,0,1
99,2,47,0,1
99,2,48,0,1
99,2,49,0,1
99,2,50,0,1
99,2,51,0,1
99,2,52,0,1
99,2,53,0,1
99,2,54,0,1
99,2,55,0,1
99,2,56,0,1
99,2,57,0,1
99,2,58,0,1
99,2,59,0,1
99,2,60,0,1
99,2,61,0,1
99,2,62,0,1
99,2,63,0,1
99,3,0,0,1
99,3,1,0,1
99,3,2,0,1
99,3,3,0,1
99,3,4,0,1
99,3,5,0,1
99,3,6,0,1
99,3,7,0,1
99,3,8,0,1
99,3,9,0,1
99,3,10,0,1
99,3,11,0,1
99,3,12,0,1
99,3,13,0,1
99,3,14,0,1
99,3,15,0,1
99,3,16,0,1
99,3,17,0,1
99,3,18,0,1
99,3,19,0,1
99,3,20,0,1
99,3,21,0,1
99,3,22,0,1
99,3,23,0,1
99,3,24,0,1
99,3,25,0,1
99,3,26,0,1
99,3,27,0,1
99,3,28,0,1
99,3,29,0,1
99,3,30,0,1
99,3,31,0,1
99,3,32,0,1
99,3,33,0,1
99,3,34,0,1
99,3,35,0,1
99,3,36,0,1
99,3,37,0,1
99,3,38,0,1
99,3,39,0,1
99,3,40,0,1
99,3,41,0,1
99,3,42,0,1
99,3,43,0,1
99,3,44,0,1
99,3,45,0,1
99,3,46,0,1
99,3,47,0,1
99,3,48,0,1
99,3,49,0,1
99,3,50,0,1
99,3,51,0,1
99,3,52,0,1
99,3,53,0,1
99,3,54,0,1
99,3,55,0,1
99,3,56,0,1
99,3,57,0,1
99,3,58,0,1
99,3,59,0,1
99,3,60,0,1
99,3,61,0,1
99,3,62,0,1
99,3,63,0,1
99,4,0,0,1
99,4,1,0,1
99,4,2,0,1
99,4,3,0,1
99,4,4,0,1
99,4,5,0,1
99,4,6,0,1
99,4,7,0,1
99,4,8,0,1
99,4,9,0,1
99,4,10,0,1
99,4,11,0,1
99,4,12,0,1
99,4,13,0,1
99,4,14,0,1
99,4,15,0,1
99,4,16,0,1
99,4,17,0,1
99,4,18,0,1
99,4,19,0,1
99,4,20,0,1
99,4,21,0,1
99,4,22,0,1
99,4,23,0,1
99,4,24,0,1
99,4,25,0,1
99,4,26,0,1
99,4,27,0,1
99,4,28,0,1
99,4,29,0,1
99,4,30,0,1
99,4,31,0,1
99,4,32,0,1
99,4,33,0,1
99,4,34,0,1
99,4,35,0,1
99,4,36,0,1
99,4,37,0,1
99,4,38,0,1
99,4,39,0,1
99,4,40,0,1
99,4,41,0,1
99,4,42,0,1
99,4,43,0,1
99,4,44,0,1
99,4,45,0,1
99,4,46,0,1
99,4,47,0,1
99,4,48,0,1
99,4,49,0,1
99,4,50,0,1
99,4,51,0,1
99,4,52,0,1
99,4,53,0,1
99,4,54,0,1
99,4,55,0,1
99,4,56,0,1
99,4,57,0,1
99,4,58,0,1
99,4,59,0,1
99,4,60,0,1
99,4,61,0,1
99,4,62,0,1
99,4,63,0,1
99,5,0,0,1
99,5,1,0,1
99,5,2,0,1
99,5,3,0,1
99,5,4,0,1
99,5,5,0,1
99,5,6,0,1
99,5,7,0,1
99,5,8,0,1
99,5,9,0,1
99,5,10,0,1
99,5,11,0,1
99,5,12,0,1
99,5,13,0,1
99,5,14,0,1
99,5,15,0,1
99,5,16,0,1
99,5,17,0,1
99,5,18,0,1
99,5,19,0,1
99,5,20,0,1
99,5,21,0,1
99,5,22,0,1
99,5,23,0,1
99,5,24,0,1
99,5,25,0,1
99,5,26,0,1
99,5,27,0,1
99,5,28,0,1
99,5,29,0,1
99,5,30,0,1
99,5,31,0,1
99,5,32,0,1
99,5,33,0,1
99,5,34,0,1
99,5,35,0,1
99,5,36,0,1
99,5,37,0,1
99,5,38,0,1
99,5,39,0,1
99,5,40,0,1
99,5,41,0,1
99,5,42,0,1
99,5,43,0,1
99,5,44,0,1
99,5,45,0,1
99,5,46,0,1
99,5,47,0,1
99,5,48,0,1
99,5,49,0,1
99,5,50,0,1
99,5,51,0,1
99,5,52,0,1
99,5,53,0,1
99,5,54,0,1
99,5,55,0,1
99,5,56,0,1
99,5,57,0,1
99,5,58,0,1
99,5,59,0,1
99,5,60,0,1
99,5,61,0,1
99,5,62,0,1
99,5,63,0,1
99,6,0,0,1
99,6,1,0,1
99,6,2,0,1
99,6,3,0,1
99,6,4,0,1
99,6,5,0,1
99,6,6,0,1
99,6,7,0,1
99,6,8,0,1
99,6,9,0,1
99,6,10,0,1
99,6,11,0,1
99,6,12,0,1
99,6,13,0,1
99,6,14,0,1
99,6,15,0,1
99,6,16,0,1
99,6,17,0,1
99,6,18,0,1
99,6,19,0,1
99,6,20,0,1
99,6,21,0,1
99,6,22,0,1
99,6,23,0,1
99,6,24,0,1
99,6,25,0,1
99,6,26,0,1
99,6,27,0,1
99,6,28,0,1
99,6,29,0,1
99,6,30,0,1
99,6,31,0,1
99,6,32,0,1
99,6,33,0,1
99,6,34,0,1
99,6,35,0,1
99,6,36,0,1
99,6,37,0,1
99,6,38,0,1
99,6,39,0,1
99,6,40,0,1
99,6,41,0,1
99,6,42,0,1
99,6,43,0,1
99,6,44,0,1
99,6,45,0,1
99,6,46,0,1
99,6,47,0,1
99,6,48,0,1
99,6,49,0,1
99,6,50,0,1
99,6,51,0,1
99,6,52,0,1
99,6,53,0,1
99,6,54,0,1
99,6,55,0,1
99,6,56,0,1
99,6,57,0,1
99,6,58,0,1
99,6,59,0,1
99,6,60,0,1
99,6,61,0,1
99,6,62,0,1
99,6,63,0,1
99,7,0,0,1
99,7,1,0,1
99,7,2,0,1
99,7,3,0,1
99,7,4,0,1
99,7,5,0,1
99,7,6,0,1
99,7,7,0,1
99,7,8,0,1
99,7,9,0,1
99,7,10,0,1
99,7,11,0,1
99,7,12,0,1
99,7,13,0,1
99,7,14,0,1
99,7,15,0,1
99,7,16,0,1
99,7,17,0,1
99,7,18,0,1
99,7,19,0,1
99,7,20,0,1
99,7,21,0,1
99,7,22,0,1
99,7,23,0,1
99,7,24,0,1
99,7,25,0,1
99,7,26,0,1
99,7,27,0,1
99,7,28,0,1
99,7,29,0,1
99,7,30,0,1
99,7,31,0,1
99,7,32,0,1
99,7,33,0,1
99,7,34,0,1
99,7,35,0,1
99,7,36,0,1
99,7,37,0,1
99,7,38,0,1
99,7,39,0,1
99,7,40,0,1
99,7,41,0,1
99,7,42,0,1
99,7,43,0,1
99,7,44,0,1
99,7,45,0,1
99,7,46,0,1
99,7,47,0,1
99,7,48,0,1
99,7,49,0,1
99,7,50,0,1
99,7,51,0,1
99,7,52,0,1
99,7,53,0,1
99,7,54,0,1
99,7,55,0,1
99,7,56,0,1
99,7,57,0,1
99,7,58,0,1
99,7,59,0,1
99,7,60,0,1
99,7,61,0,1
99,7,62,0,1
99,7,63,0,1
99,8,0,0,1
99,8,1,0,1
99,8,2,0,1
99,8,3,0,1
99,8,4,0,1
99,8,5,0,1
99,8,6,0,1
99,8,7,0,1
99,8,8,0,1
99,8,9,0,1
99,8,10,0,1
99,8,11,0,1
99,8,12,0,1
99,8,13,0,1
99,8,14,0,1
99,8,15,0,1
99,8,16,0,1
99,8,17,0,1
99,8,18,0,1
99,8,19,0,1
99,8,20,0,1
99,8,21,0,1
99,8,22,0,1
99,8,23,0,1
99,8,24,0,1
99,8,25,0,1
99,8,26,0,1
99,8,27,0,1
99,8,28,0,1
99,8,29,0,1
99,8,30,0,1
99,8,31,0,1
99,8,32,0,1
99,8,33,0,1
99,8,34,0,1
99,8,35,0,1
99,8,36,0,1
99,8,37,0,1
99,8,38,0,1
99,8,39,0,1
99,8,40,0,1
99,8,41,0,1
99,8,42,0,1
99,8,43,0,1
99,8,44,0,1
99,8,45,0,1
99,8,46,0,1
99,8,47,0,1
99,8,48,0,1
99,8,49,0,1
99,8,50,0,1
99,8,51,0,1
99,8,52,0,1
99,8,53,0,1
99,8,54,0,1
99,8,55,0,1
99,8,56,0,1
99,8,57,0,1
99,8,58,0,1
99,8,59,0,1
99,8,60,0,1
99,8,61,0,1
99,8,62,0,1
99,8,63,0,1
99,9,0,0,1
99,9,1,0,1
99,9,2,0,1
99,9,3,0,1
99,9,4,0,1
99,9,5,0,1
99,9,6,0,1
99,9,7,0,1
99,9,8,0,1
99,9,9,0,1
99,9,10,0,1
99,9,11,0,1
99,9,12,0,1
99,9,13,0,1
99,9,14,0,1
99,9,15,0,1
99,9,16,0,1
99,9,17,0,1
99,9,18,0,1
99,9,19,0,1
99,9,20,0,1
99,9,21,0,1
99,9,22,0,1
99,9,23,0,1
99,9,24,0,1
99,9,25,0,1
99,9,26,0,1
99,9,27,0,1
99,9,28,0,1
99,9,29,0,1
99,9,30,0,1
99,9,31,0,1
99,9,32,0,1
99,9,33,0,1
99,9,34,0,1
99,9,35,0,1
99,9,36,0,1
99,9,37,0,1
99,9,38,0,1
99,9,39,0,1
99,9,40,0,1
99,9,41,0,1
99,9,42,0,1
99,9,43,0,1
99,9,44,0,1
99,9,45,0,1
99,9,46,0,1
99,9,47,0,1
99,9,48,0,1
99,9,49,0,1
99,9,50,0,1
99,9,51,0,1
99,9,52,0,1
99,9,53,0,1
99,9,54,0,1
99,9,55,0,1
99,9,56,0,1
99,9,57,0,1
99,9,58,0,1
99,9,59,0,1
99,9,60,0,1
99,9,61,0,1
99,9,62,0,1
99,9,63,0,1
99,10,0,0,1
99,10,1,0,1
99,10,2,0,1
99,10,3,0,1
99,10,4,0,1
99,10,5,0,1
99,10,6,0,1
99,10,7,0,1
99,10,8,0,1
99,10,9,0,1
99,10,10,0,1
99,10,11,0,1
99,10,12,0,1
99,10,13,0,1
99,10,14,0,1
99,10,15,0,1
99,10,16,0,1
99,10,17,0,1
99,10,18,0,1
99,10,19,0,1
99,10,20,0,1
99,10,21,0,1
99,10,22,0,1
99,10,23,0,1
99,10,24,0,1
99,10,25,0,1
99,10,26,0,1
99,10,27,0,1
99,10,28,0,1
99,10,29,0,1
99,10,30,0,1
99,10,31,0,1
99,10,32,0,1
99,10,33,0,1
99,10,34,0,1
99,10,35,0,1
99,10,36,0,1
99,10,37,0,1
99,10,38,0,1
99,10,39,0,1
99,10,40,0,1
99,10,41,0,1
99,10,42,0,1
99,10,43,0,1
99,10,44,0,1
99,10,45,0,1
99,10,46,0,1
99,10,47,0,1
99,10,48,0,1
99,10,49,0,1
99,10,50,0,1
99,10,51,0,1
99,10,52,0,1
99,10,53,0,1
99,10,54,0,1
99,10,55,0,1
99,10,56,0,1
99,10,57,0,1
99,10,58,0,1
99,10,59,0,1
99,10,60,0,1
99,10,61,0,1
99,10,62,0,1
99,10,63,0,1
99,11,0,0,1
99,11,1,0,1
99,11,2,0,1
99,11,3,0,1
99,11,4,0,1
99,11,5,0,1
99,11,6,0,1
99,11,7,0,1
99,11,8,0,1
99,11,9,0,1
99,11,10,0,1
99,11,11,0,1
99,11,12,0,1
99,11,13,0,1
99,11,14,0,1
99,11,15,0,1
99,11,16,0,1
99,11,17,0,1
99,11,18,0,1
99,11,19,0,1
99,11,20,0,1
99,11,21,0,1
99,11,22,0,1
99,11,23,0,1
99,11,24,0,1
99,11,25,0,1
99,11,26,0,1
99,11,27,0,1
99,11,28,0,1
99,11,29,0,1
99,11,30,0,1
99,11,31,0,1
99,11,32,0,1
99,11,33,0,1
99,11,34,0,1
99,11,35,0,1
99,11,36,0,1
99,11,37,0,1
99,11,38,0,1
99,11,39,0,1
99,11,40,0,1
99,11,41,0,1
99,11,42,0,1
99,11,43,0,1
99,11,44,0,1
99,11,45,0,1
99,11,46,0,1
99,11,47,0,1
99,11,48,0,1
99,11,49,0,1
99,11,50,0,1
99,11,51,0,1
99,11,52,0,1
99,11,53,0,1
99,11,54,0,1
99,11,55,0,1
99,11,56,0,1
99,11,57,0,1
99,11,58,0,1
99,11,59,0,1
99,11,60,0,1
99,11,61,0,1
99,11,62,0,1
99,11,63,0,1
99,12,0,0,1
99,12,1,0,1
99,12,2,0,1
99,12,3,0,1
99,12,4,0,1
99,12,5,0,1
99,12,6,0,1
99,12,7,0,1
99,12,8,0,1
99,12,9,0,1
99,12,10,0,1
99,12,11,0,1
99,12,12,0,1
99,12,13,0,1
99,12,14,0,1
99,12,15,0,1
99,12,16,0,1
99,12,17,0,1
99,12,18,0,1
99,12,19,0,1
99,12,20,0,1
99,12,21,0,1
99,12,22,0,1
99,12,23,0,1
99,12,24,0,1
99,12,25,0,1
99,12,26,0,1
99,12,27,0,1
99,12,28,0,1
99,12,29,0,1
99,12,30,0,1
99,12,31,0,1
99,12,32,0,1
99,12,33,0,1
99,12,34,0,1
99,12,35,0,1
99,12,36,0,1
99,12,37,0,1
99,12,38,0,1
99,12,39,0,1
99,12,40,0,1
99,12,41,0,1
99,12,42,0,1
99,12,43,0,1
99,12,44,0,1
99,12,45,0,1
99,12,46,0,1
99,12,47,0,1
99,12,48,0,1
99,12,49,0,1
99,12,50,0,1
99,12,51,0,1
99,12,52,0,1
99,12,53,0,1
99,12,54,0,1
99,12,55,0,1
99,12,56,0,1
99,12,57,0,1
99,12,58,0,1
99,12,59,0,1
99,12,60,0,1
99,12,61,0,1
99,12,62,0,1
99,12,63,0,1
99,13,0,0,1
99,13,1,0,1
99,13,2,0,1
99,13,3,0,1
99,13,4,0,1
99,13,5,0,1
99,13,6,0,1
99,13,7,0,1
99,13,8,0,1
99,13,9,0,1
99,13,10,0,1
99,13,11,0,1
99,13,12,0,1
99,13,13,0,1
99,13,14,0,1
99,13,15,0,1
99,13,16,0,1
99,13,17,0,1
99,13,18,0,1
99,13,19,0,1
99,13,20,0,1
99,13,21,0,1
99,13,22,0,1
99,13,23,0,1
99,13,24,0,1
99,13,25,0,1
99,13,26,0,1
99,13,27,0,1
99,13,28,0,1
99,13,29,0,1
99,13,30,0,1
99,13,31,0,1
99,13,32,0,1
99,13,33,0,1
99,13,34,0,1
99,13,35,0,1
99,13,36,0,1
99,13,37,0,1
99,13,38,0,1
99,13,39,0,1
99,13,40,0,1
99,13,41,0,1
99,13,42,0,1
99,13,43,0,1
99,13,44,0,1
99,13,45,0,1
99,13,46,0,1
99,13,47,0,1
99,13,48,0,1
99,13,49,0,1
99,13,50,0,1
99,13,51,0,1
99,13,52,0,1
99,13,53,0,1
99,13,54,0,1
99,13,55,0,1
99,13,56,0,1
99,13,57,0,1
99,13,58,0,1
99,13,59,0,1
99,13,60,0,1
99,13,61,0,1
99,13,62,0,1
99,13,63,0,1
99,14,0,0,1
99,14,1,0,1
99,14,2,0,1
99,14,3,0,1
99,14,4,0,1
99,14,5,0,1
99,14,6,0,1
99,14,7,0,1
99,14,8,0,1
99,14,9,0,1
99,14,10,0,1
99,14,11,0,1
99,14,12,0,1
99,14,13,0,1
99,14,14,0,1
99,14,15,0,1
99,14,16,0,1
99,14,17,0,1
99,14,18,0,1
99,14,19,0,1
99,14,20,0,1
99,14,21,0,1
99,14,22,0,1
99,14,23,0,1
99,14,24,0,1
99,14,25,0,1
99,14,26,0,1
99,14,27,0,1
99,14,28,0,1
99,14,29,0,1
99,14,30,0,1
99,14,31,0,1
99,14,32,0,1
99,14,33,0,1
99,14,34,0,1
99,14,35,0,1
99,14,36,0,1
99,14,37,0,1
99,14,38,0,1
99,14,39,0,1
99,14,40,0,1
99,14,41,0,1
99,14,42,0,1
99,14,43,0,1
99,14,44,0,1
99,14,45,0,1
99,14,46,0,1
99,14,47,0,1
99,14,48,0,1
99,14,49,0,1
99,14,50,0,1
99,14,51,0,1
99,14,52,0,1
99,14,53,0,1
99,14,54,0,1
99,14,55,0,1
99,14,56,0,1
99,14,57,0,1
99,14,58,0,1
99,14,59,0,1
99,14,60,0,1
99,14,61,0,1
99,14,62,0,1
99,14,63,0,1
99,15,0,0,1
99,15,1,0,1
99,15,2,0,1
99,15,3,0,1
99,15,4,0,1
99,15,5,0,1
99,15,6,0,1
99,15,7,0,1
99,15,8,0,1
99,15,9,0,1
99,15,10,0,1
99,15,11,0,1
99,15,12,0,1
99,15,13,0,1
99,15,14,0,1
99,15,15,0,1
99,15,16,0,1
99,15,17,0,1
99,15,18,0,1
99,15,19,0,1
99,15,20,0,1
99,15,21,0,1
99,15,22,0,1
99,15,23,0,1
99,15,24,0,1
99,15,25,0,1
99,15,26,0,1
99,15,27,0,1
99,15,28,0,1
99,15,29,0,1
99,15,30,0,1
99,15,31,0,1
99,15,32,0,1
99,15,33,0,1
99,15,34,0,1
99,15,35,0,1
99,15,36,0,1
99,15,37,0,1
99,15,38,0,1
99,15,39,0,1
99,15,40,0,1
99,15,41,0,1
99,15,42,0,1
99,15,43,0,1
99,15,44,0,1
99,15,45,0,1
99,15,46,0,1
99,15,47,0,1
99,15,48,0,1
99,15,49,0,1
99,15,50,0,1
99,15,51,0,1
99,15,52,0,1
99,15,53,0,1
99,15,54,0,1
99,15,55,0,1
99,15,56,0,1
99,15,57,0,1
99,15,58,0,1
99,15,59,0,1
99,15,60,0,1
99,15,61,0,1
99,15,62,0,1
99,15,63,0,1
99,16,0,0,1
99,16,1,0,1
99,16,2,0,1
99,16,3,0,1
99,16,4,0,1
99,16,5,0,1
99,16,6,0,1
99,16,7,0,1
99,16,8,0,1
99,16,9,0,1
99,16,10,0,1
99,16,11,0,1
99,16,12,0,1
99,16,13,0,1
99,16,14,0,1
99,16,15,0,1
99,16,16,0,1
99,16,17,0,1
99,16,18,0,1
99,16,19,0,1
99,16,20,0,1
99,16,21,0,1
99,16,22,0,1
99,16,23,0,1
99,16,24,0,1
99,16,25,0,1
99,16,26,0,1
99,16,27,0,1
99,16,28,0,1
99,16,29,0,1
99,16,30,0,1
99,16,31,0,1
99,16,32,0,1
99,16,33,0,1
99,16,34,0,1
99,16,35,0,1
99,16,36,0,1
99,16,37,0,1
99,16,38,0,1
99,16,39,0,1
99,16,40,0,1
99,16,41,0,1
99,16,42,0,1
99,16,43,0,1
99,16,44,0,1
99,16,45,0,1
99,16,46,0,1
99,16,47,0,1
99,16,48,0,1
99,16,49,0,1
99,16,50,0,1
99,16,51,0,1
99,16,52,0,1
99,16,53,0,1
99,16,54,0,1
99,16,55,0,1
99,16,56,0,1
99,16,57,0,1
99,16,58,0,1
99,16,59,0,1
99,16,60,0,1
99,16,61,0,1
99,16,62,0,1
99,16,63,0,1
99,17,0,0,1
99,17,1,0,1
99,17,2,0,1
99,17,3,0,1
99,17,4,0,1
99,17,5,0,1
99,17,6,0,1
99,17,7,0,1
99,17,8,0,1
99,17,9,0,1
99,17,10,0,1
99,17,11,0,1
99,17,12,0,1
99,17,13,0,1
99,17,14,0,1
99,17,15,0,1
99,17,16,0,1
99,17,17,0,1
99,17,18,0,1
99,17,19,0,1
99,17,20,0,1
99,17,21,0,1
99,17,22,0,1
99,17,23,0,1
99,17,24,0,1
99,17,25,0,1
99,17,26,0,1
99,17,27,0,1
99,17,28,0,1
99,17,29,0,1
99,17,30,0,1
99,17,31,0,1
99,17,32,0,1
99,17,33,0,1
99,17,34,0,1
99,17,35,0,1
99,17,36,0,1
99,17,37,0,1
99,17,38,0,1
99,17,39,0,1
99,17,40,0,1
99,17,41,0,1
99,17,42,0,1
99,17,43,0,1
99,17,44,0,1
99,17,45,0,1
99,17,46,0,1
99,17,47,0,1
99,17,48,0,1
99,17,49,0,1
99,17,50,0,1
99,17,51,0,1
99,17,52,0,1
99,17,53,0,1
99,17,54,0,1
99,17,55,0,1
99,17,56,0,1
99,17,57,0,1
99,17,58,0,1
99,17,59,0,1
99,17,60,0,1
99,17,61,0,1
99,17,62,0,1
99,17,63,0,1
99,18,0,0,1
99,18,1,0,1
99,18,2,0,1
99,18,3,0,1
99,18,4,0,1
99,18,5,0,1
99,18,6,0,1
99,18,7,0,1
99,18,8,0,1
99,18,9,0,1
99,18,10,0,1
99,18,11,0,1
99,18,12,0,1
99,18,13,0,1
99,18,14,0,1
99,18,15,0,1
99,18,16,0,1
99,18,17,0,1
99,18,18,0,1
99,18,19,0,1
99,18,20,0,1
99,18,21,0,1
99,18,22,0,1
99,18,23,0,1
99,18,24,0,1
99,18,25,0,1
99,18,26,0,1
99,18,27,0,1
99,18,28,0,1
99,18,29,0,1
99,18,30,0,1
99,18,31,0,1
99,18,32,0,1
99,18,33,0,1
99,18,34,0,1
99,18,35,0,1
99,18,36,0,1
99,18,37,0,1
99,18,38,0,1
99,18,39,0,1
99,18,40,0,1
99,18,41,0,1
99,18,42,0,1
99,18,43,0,1
99,18,44,0,1
99,18,45,0,1
99,18,46,0,1
99,18,47,0,1
99,18,48,0,1
99,18,49,0,1
99,18,50,0,1
99,18,51,0,1
99,18,52,0,1
99,18,53,0,1
99,18,54,0,1
99,18,55,0,1
99,18,56,0,1
99,18,57,0,1
99,18,58,0,1
99,18,59,0,1
99,18,60,0,1
99,18,61,0,1
99,18,62,0,1
99,18,63,0,1
99,19,0,0,1
99,19,1,0,1
99,19,2,0,1
99,19,3,0,1
99,19,4,0,1
99,19,5,0,1
99,19,6,0,1
99,19,7,0,1
99,19,8,0,1
99,19,9,0,1
99,19,10,0,1
99,19,11,0,1
99,19,12,0,1
99,19,13,0,1
99,19,14,0,1
99,19,15,0,1
99,19,16,0,1
99,19,17,0,1
99,19,18,0,1
99,19,19,0,1
99,19,20,0,1
99,19,21,0,1
99,19,22,0,1
99,19,23,0,1
99,19,24,0,1
99,19,25,0,1
99,19,26,0,1
99,19,27,0,1
99,19,28,0,1
99,19,29,0,1
99,19,30,0,1
99,19,31,0,1
99,19,32,0,1
99,19,33,0,1
99,19,34,0,1
99,19,35,0,1
99,19,36,0,1
99,19,37,0,1
99,19,38,0,1
99,19,39,0,1
99,19,40,0,1
99,19,41,0,1
99,19,42,0,1
99,19,43,0,1
99,19,44,0,1
99,19,45,0,1
99,19,46,0,1
99,19,47,0,1
99,19,48,0,1
99,19,49,0,1
99,19,50,0,1
99,19,51,0,1
99,19,52,0,1
99,19,53,0,1
99,19,54,0,1
99,19,55,0,1
99,19,56,0,1
99,19,57,0,1
99,19,58,0,1
99,19,59,0,1
99,19,60,0,1
99,19,61,0,1
99,19,62,0,1
99,19,63,0,1
99,20,0,0,1
99,20,1,0,1
99,20,2,0,1
99,20,3,0,1
99,20,4,0,1
99,20,5,0,1
99,20,6,0,1
99,20,7,0,1
99,20,8,0,1
99,20,9,0,1
99,20,10,0,1
99,20,11,0,1
99,20,12,0,1
99,20,13,0,1
99,20,14,0,1
99,20,15,0,1
99,20,16,0,1
99,20,17,0,1
99,20,18,0,1
99,20,19,0,1
99,20,20,0,1
99,20,21,0,1
99,20,22,0,1
99,20,23,0,1
99,20,24,0,1
99,20,25,0,1
99,20,26,0,1
99,20,27,0,1
99,20,28,0,1
99,20,29,0,1
99,20,30,0,1
99,20,31,0,1
99,20,32,0,1
99,20,33,0,1
99,20,34,0,1
99,20,35,0,1
99,20,36,0,1
99,20,37,0,1
99,20,38,0,1
99,20,39,0,1
99,20,40,0,1
99,20,41,0,1
99,20,42,0,1
99,20,43,0,1
99,20,44,0,1
99,20,45,0,1
99,20,46,0,1
99,20,47,0,1
99,20,48,0,1
99,20,49,0,1
99,20,50,0,1
99,20,51,0,1
99,20,52,0,1
99,20,53,0,1
99,20,54,0,1
99,20,55,0,1
99,20,56,0,1
99,20,57,0,1
99,20,58,0,1
99,20,59,0,1
99,20,60,0,1
99,20,61,0,1
99,20,62,0,1
99,20,63,0,1
99,21,0,0,1
99,21,1,0,1
99,21,2,0,1
99,21,3,0,1
99,21,4,0,1
99,21,5,0,1
99,21,6,0,1
99,21,7,0,1
99,21,8,0,1
99,21,9,0,1
99,21,10,0,1
99,21,11,0,1
99,21,12,0,1
99,21,13,0,1
99,21,14,0,1
99,21,15,0,1
99,21,16,0,1
99,21,17,0,1
99,21,18,0,1
99,21,19,0,1
99,21,20,0,1
99,21,21,0,1
99,21,22,0,1
99,21,23,0,1
99,21,24,0,1
99,21,25,0,1
99,21,26,0,1
99,21,27,0,1
99,21,28,0,1
99,21,29,0,1
99,21,30,0,1
99,21,31,0,1
99,21,32,0,1
99,21,33,0,1
99,21,34,0,1
99,21,35,0,1
99,21,36,0,1
99,21,37,0,1
99,21,38,0,1
99,21,39,0,1
99,21,40,0,1
99,21,41,0,1
99,21,42,0,1
99,21,43,0,1
99,21,44,0,1
99,21,45,0,1
99,21,46,0,1
99,21,47,0,1
99,21,48,0,1
99,21,49,0,1
99,21,50,0,1
99,21,51,0,1
99,21,52,0,1
99,21,53,0,1
99,21,54,0,1
99,21,55,0,1
99,21,56,0,1
99,21,57,0,1
99,21,58,0,1
99,21,59,0,1
99,21,60,0,1
99,21,61,0,1
99,21,62,0,1
99,21,63,0,1
99,22,0,0,1
99,22,1,0,1
99,22,2,0,1
99,22,3,0,1
99,22,4,0,1
99,22,5,0,1
99,22,6,0,1
99,22,7,0,1
99,22,8,0,1
99,22,9,0,1
99,22,10,0,1
99,22,11,0,1
99,22,12,0,1
99,22,13,0,1
99,22,14,0,1
99,22,15,0,1
99,22,16,0,1
99,22,17,0,1
99,22,18,0,1
99,22,19,0,1
99,22,20,0,1
99,22,21,0,1
99,22,22,0,1
99,22,23,0,1
99,22,24,0,1
99,22,25,0,1
99,22,26,0,1
99,22,27,0,1
99,22,28,0,1
99,22,29,0,1
99,22,30,0,1
99,22,31,0,1
99,22,32,0,1
99,22,33,0,1
99,22,34,0,1
99,22,35,0,1
99,22,36,0,1
99,22,37,0,1
99,22,38,0,1
99,22,39,0,1
99,22,40,0,1
99,22,41,0,1
99,22,42,0,1
99,22,43,0,1
99,22,44,0,1
99,22,45,0,1
99,22,46,0,1
99,22,47,0,1
99,22,48,0,1
99,22,49,0,1
99,22,50,0,1
99,22,51,0,1
99,22,52,0,1
99,22,53,0,1
99,22,54,0,1
99,22,55,0,1
99,22,56,0,1
99,22,57,0,1
99,22,58,0,1
99,22,59,0,1
99,22,60,0,1
99,22,61,0,1
99,22,62,0,1
99,22,63,0,1
99,23,0,0,1
99,23,1,0,1
99,23,2,0,1
99,23,3,0,1
99,23,4,0,1
99,23,5,0,1
99,23,6,0,1
99,23,7,0,1
99,23,8,0,1
99,23,9,0,1
99,23,10,0,1
99,23,11,0,1
99,23,12,0,1
99,23,13,0,1
99,23,14,0,1
99,23,15,0,1
99,23,16,0,1
99,23,17,0,1
99,23,18,0,1
99,23,19,0,1
99,23,20,0,1
99,23,21,0,1
99,23,22,0,1
99,23,23,0,1
99,23,24,0,1
99,23,25,0,1
99,23,26,0,1
99,23,27,0,1
99,23,28,0,1
99,23,29,0,1
99,23,30,0,1
99,23,31,0,1
99,23,32,0,1
99,23,33,0,1
99,23,34,0,1
99,23,35,0,1
99,23,36,0,1
99,23,37,0,1
99,23,38,0,1
99,23,39,0,1
99,23,40,0,1
99,23,41,0,1
99,23,42,0,1
99,23,43,0,1
99,23,44,0,1
99,23,45,0,1
99,23,46,0,1
99,23,47,0,1
99,23,48,0,1
99,23,49,0,1
99,23,50,0,1
99,23,51,0,1
99,23,52,0,1
99,23,53,0,1
99,23,54,0,1
99,23,55,0,1
99,23,56,0,1
99,23,57,0,1
99,23,58,0,1
99,23,59,0,1
99,23,60,0,1
99,23,61,0,1
99,23,62,0,1
99,23,63,0,1
99,24,0,0,1
99,24,1,0,1
99,24,2,0,1
99,24,3,0,1
99,24,4,0,1
99,24,5,0,1
99,24,6,0,1
99,24,7,0,1
99,24,8,0,1
99,24,9,0,1
99,24,10,0,1
99,24,11,0,1
99,24,12,0,1
99,24,13,0,1
99,24,14,0,1
99,24,15,0,1
99,24,16,0,1
99,24,17,0,1
99,24,18,0,1
99,24,19,0,1
99,24,20,0,1
99,24,21,0,1
99,24,22,0,1
99,24,23,0,1
99,24,24,0,1
99,24,25,0,1
99,24,26,0,1
99,24,27,0,1
99,24,28,0,1
99,24,29,0,1
99,24,30,0,1
99,24,31,0,1
99,24,32,0,1
99,24,33,0,1
99,24,34,0,1
99,24,35,0,1
99,24,36,0,1
99,24,37,0,1
99,24,38,0,1
99,24,39,0,1
99,24,40,0,1
99,24,41,0,1
99,24,42,0,1
99,24,43,0,1
99,24,44,0,1
99,24,45,0,1
99,24,46,0,1
99,24,47,0,1
99,24,48,0,1
99,24,49,0,1
99,24,50,0,1
99,24,51,0,1
99,24,52,0,1
99,24,53,0,1
99,24,54,0,1
99,24,55,0,1
99,24,56,0,1
99,24,57,0,1
99,24,58,0,1
99,24,59,0,1
99,24,60,0,1
99,24,61,0,1
99,24,62,0,1
99,24,63,0,1
99,25,0,0,1
99,25,1,0,1
99,25,2,0,1
99,25,3,0,1
99,25,4,0,1
99,25,5,0,1
99,25,6,0,1
99,25,7,0,1
99,25,8,0,1
99,25,9,0,1
99,25,10,0,1
99,25,11,0,1
99,25,12,0,1
99,25,13,0,1
99,25,14,0,1
99,25,15,0,1
99,25,16,0,1
99,25,17,0,1
99,25,18,0,1
99,25,19,0,1
99,25,20,0,1
99,25,21,0,1
99,25,22,0,1
99,25,23,0,1
99,25,24,0,1
99,25,25,0,1
99,25,26,0,1
99,25,27,0,1
99,25,28,0,1
99,25,29,0,1
99,25,30,0,1
99,25,31,0,1
99,25,32,0,1
99,25,33,0,1
99,25,34,0,1
99,25,35,0,1
99,25,36,0,1
99,25,37,0,1
99,25,38,0,1
99,25,39,0,1
99,25,40,0,1
99,25,41,0,1
99,25,42,0,1
99,25,43,0,1
99,25,44,0,1
99,25,45,0,1
99,25,46,0,1
99,25,47,0,1
99,25,48,0,1
99,25,49,0,1
99,25,50,0,1
99,25,51,0,1
99,25,52,0,1
99,25,53,0,1
99,25,54,0,1
99,25,55,0,1
99,25,56,0,1
99,25,57,0,1
99,25,58,0,1
99,25,59,0,1
99,25,60,0,1
99,25,61,0,1
99,25,62,0,1
99,25,63,0,1
99,26,0,0,1
99,26,1,0,1
99,26,2,0,1
99,26,3,0,1
99,26,4,0,1
99,26,5,0,1
99,26,6,0,1
99,26,7,0,1
99,26,8,0,1
99,26,9,0,1
99,26,10,0,1
99,26,11,0,1
99,26,12,0,1
99,26,13,0,1
99,26,14,0,1
99,26,15,0,1
99,26,16,0,1
99,26,17,0,1
99,26,18,0,1
99,26,19,0,1
99,26,20,0,1
99,26,21,0,1
99,26,22,0,1
99,26,23,0,1
99,26,24,0,1
99,26,25,0,1
99,26,26,0,1
99,26,27,0,1
99,26,28,0,1
99,26,29,0,1
99,26,30,0,1
99,26,31,0,1
99,26,32,0,1
99,26,33,0,1
99,26,34,0,1
99,26,35,0,1
99,26,36,0,1
99,26,37,0,1
99,26,38,0,1
99,26,39,0,1
99,26,40,0,1
99,26,41,0,1
99,26,42,0,1
99,26,43,0,1
99,26,44,0,1
99,26,45,0,1
99,26,46,0,1
99,26,47,0,1
99,26,48,0,1
99,26,49,0,1
99,26,50,0,1
99,26,51,0,1
99,26,52,0,1
99,26,53,0,1
99,26,54,0,1
99,26,55,0,1
99,26,56,0,1
99,26,57,0,1
99,26,58,0,1
99,26,59,0,1
99,26,60,0,1
99,26,61,0,1
99,26,62,0,1
99,26,63,0,1
99,27,0,0,1
99,27,1,0,1
99,27,2,0,1
99,27,3,0,1
99,27,4,0,1
99,27,5,0,1
99,27,6,0,1
99,27,7,0,1
99,27,8,0,1
99,27,9,0,1
99,27,10,0,1
99,27,11,0,1
99,27,12,0,1
99,27,13,0,1
99,27,14,0,1
99,27,15,0,1
99,27,16,0,1
99,27,17,0,1
99,27,18,0,1
99,27,19,0,1
99,27,20,0,1
99,27,21,0,1
99,27,22,0,1
99,27,23,0,1
99,27,24,0,1
99,27,25,0,1
99,27,26,0,1
99,27,27,0,1
99,27,28,0,1
99,27,29,0,1
99,27,30,0,1
99,27,31,0,1
99,27,32,0,1
99,27,33,0,1
99,27,34,0,1
99,27,35,0,1
99,27,36,0,1
99,27,37,0,1
99,27,38,0,1
99,27,39,0,1
99,27,40,0,1
99,27,41,0,1
99,27,42,0,1
99,27,43,0,1
99,27,44,0,1
99,27,45,0,1
99,27,46,0,1
99,27,47,0,1
99,27,48,0,1
99,27,49,0,1
99,27,50,0,1
99,27,51,0,1
99,27,52,0,1
99,27,53,0,1
99,27,54,0,1
99,27,55,0,1
99,27,56,0,1
99,27,57,0,1
99,27,58,0,1
99,27,59,0,1
99,27,60,0,1
99,27,61,0,1
99,27,62,0,1
99,27,63,0,1
99,28,0,0,1
99,28,1,0,1
99,28,2,0,1
99,28,3,0,1
99,28,4,0,1
99,28,5,0,1
99,28,6,0,1
99,28,7,0,1
99,28,8,0,1
99,28,9,0,1
99,28,10,0,1
99,28,11,0,1
99,28,12,0,1
99,28,13,0,1
99,28,14,0,1
99,28,15,0,1
99,28,16,0,1
99,28,17,0,1
99,28,18,0,1
99,28,19,0,1
99,28,20,0,1
99,28,21,0,1
99,28,22,0,1
99,28,23,0,1
99,28,24,0,1
99,28,25,0,1
99,28,26,0,1
99,28,27,0,1
99,28,28,0,1
99,28,29,0,1
99,28,30,0,1
99,28,31,0,1
99,28,32,0,1
99,28,33,0,1
99,28,34,0,1
99,28,35,0,1
99,28,36,0,1
99,28,37,0,1
99,28,38,0,1
99,28,39,0,1
99,28,40,0,1
99,28,41,0,1
99,28,42,0,1
99,28,43,0,1
99,28,44,0,1
99,28,45,0,1
99,28,46,0,1
99,28,47,0,1
99,28,48,0,1
99,28,49,0,1
99,28,50,0,1
99,28,51,0,1
99,28,52,0,1
99,28,53,0,1
99,28,54,0,1
99,28,55,0,1
99,28,56,0,1
99,28,57,0,1
99,28,58,0,1
99,28,59,0,1
99,28,60,0,1
99,28,61,0,1
99,28,62,0,1
99,28,63,0,1
99,29,0,0,1
99,29,1,0,1
99,29,2,0,1
99,29,3,0,1
99,29,4,0,1
99,29,5,0,1
99,29,6,0,1
99,29,7,0,1
99,29,8,0,1
99,29,9,0,1
99,29,10,0,1
99,29,11,0,1
99,29,12,0,1
99,29,13,0,1
99,29,14,0,1
99,29,15,0,1
99,29,16,0,1
99,29,17,0,1
99,29,18,0,1
99,29,19,0,1
99,29,20,0,1
99,29,21,0,1
99,29,22,0,1
99,29,23,0,1
99,29,24,0,1
99,29,25,0,1
99,29,26,0,1
99,29,27,0,1
99,29,28,0,1
99,29,29,0,1
99,29,30,0,1
99,29,31,0,1
99,29,32,0,1
99,29,33,0,1
99,29,34,0,1
99,29,35,0,1
99,29,36,0,1
99,29,37,0,1
99,29,38,0,1
99,29,39,0,1
99,29,40,0,1
99,29,41,0,1
99,29,42,0,1
99,29,43,0,1
99,29,44,0,1
99,29,45,0,1
99,29,46,0,1
99,29,47,0,1
99,29,48,0,1
99,29,49,0,1
99,29,50,0,1
99,29,51,0,1
99,29,52,0,1
99,29,53,0,1
99,29,54,0,1
99,29,55,0,1
99,29,56,0,1
99,29,57,0,1
99,29,58,0,1
99,29,59,0,1
99,29,60,0,1
99,29,61,0,1
99,29,62,0,1
99,29,63,0,1
99,30,0,0,1
99,30,1,0,1
99,30,2,0,1
99,30,3,0,1
99,30,4,0,1
99,30,5,0,1
99,30,6,0,1
99,30,7,0,1
99,30,8,0,1
99,30,9,0,1
99,30,10,0,1
99,30,11,0,1
99,30,12,0,1
99,30,13,0,1
99,30,14,0,1
99,30,15,0,1
99,30,16,0,1
99,30,17,0,1
99,30,18,0,1
99,30,19,0,1
99,30,20,0,1
99,30,21,0,1
99,30,22,0,1
99,30,23,0,1
99,30,24,0,1
99,30,25,0,1
99,30,26,0,1
99,30,27,0,1
99,30,28,0,1
99,30,29,0,1
99,30,30,0,1
99,30,31,0,1
99,30,32,0,1
99,30,33,0,1
99,30,34,0,1
99,30,35,0,1
99,30,36,0,1
99,30,37,0,1
99,30,38,0,1
99,30,39,0,1
99,30,40,0,1
99,30,41,0,1
99,30,42,0,1
99,30,43,0,1
99,30,44,0,1
99,30,45,0,1
99,30,46,0,1
99,30,47,0,1
99,30,48,0,1
99,30,49,0,1
99,30,50,0,1
99,30,51,0,1
99,30,52,0,1
99,30,53,0,1
99,30,54,0,1
99,30,55,0,1
99,30,56,0,1
99,30,57,0,1
99,30,58,0,1
99,30,59,0,1
99,30,60,0,1
99,30,61,0,1
99,30,62,0,1
99,30,63,0,1
99,31,0,0,1
99,31,1,0,1
99,31,2,0,1
99,31,3,0,1
99,31,4,0,1
99,31,5,0,1
99,31,6,0,1
99,31,7,0,1
99,31,8,0,1
99,31,9,0,1
99,31,10,0,1
99,31,11,0,1
99,31,12,0,1
99,31,13,0,1
99,31,14,0,1
99,31,15,0,1
99,31,16,0,1
99,31,17,0,1
99,31,18,0,1
99,31,19,0,1
99,31,20,0,1
99,31,21,0,1
99,31,22,0,1
99,31,23,0,1
99,31,24,0,1
99,31,25,0,1
99,31,26,0,1
99,31,27,0,1
99,31,28,0,1
99,31,29,0,1
99,31,30,0,1
99,31,31,0,1
99,31,32,0,1
99,31,33,0,1
99,31,34,0,1
99,31,35,0,1
99,31,36,0,1
99,31,37,0,1
99,31,38,0,1
99,31,39,0,1
99,31,40,0,1
99,31,41,0,1
99,31,42,0,1
99,31,43,0,1
99,31,44,0,1
99,31,45,0,1
99,31,46,0,1
99,31,47,0,1
99,31,48,0,1
99,31,49,0,1
99,31,50,0,1
99,31,51,0,1
99,31,52,0,1
99,31,53,0,1
99,31,54,0,1
99,31,55,0,1
99,31,56,0,1
99,31,57,0,1
99,31,58,0,1
99,31,59,0,1
99,31,60,0,1
99,31,61,0,1
99,31,62,0,1
99,31,63,0,1
99,32,0,0,1
99,32,1,0,1
99,32,2,0,1
99,32,3,0,1
99,32,4,0,1
99,32,5,0,1
99,32,6,0,1
99,32,7,0,1
99,32,8,0,1
99,32,9,0,1
99,32,10,0,1
99,32,11,0,1
99,32,12,0,1
99,32,13,0,1
99,32,14,0,1
99,32,15,0,1
99,32,16,0,1
99,32,17,0,1
99,32,18,0,1
99,32,19,0,1
99,32,20,0,1
99,32,21,0,1
99,32,22,0,1
99,32,23,0,1
99,32,24,0,1
99,32,25,0,1
99,32,26,0,1
99,32,27,0,1
99,32,28,0,1
99,32,29,0,1
99,32,30,0,1
99,32,31,0,1
99,32,32,0,1
99,32,33,0,1
99,32,34,0,1
99,32,35,0,1
99,32,36,0,1
99,32,37,0,1
99,32,38,0,1
99,32,39,0,1
99,32,40,0,1
99,32,41,0,1
99,32,42,0,1
99,32,43,0,1
99,32,44,0,1
99,32,45,0,1
99,32,46,0,1
99,32,47,0,1
99,32,48,0,1
99,32,49,0,1
99,32,50,0,1
99,32,51,0,1
99,32,52,0,1
99,32,53,0,1
99,32,54,0,1
99,32,55,0,1
99,32,56,0,1
99,32,57,0,1
99,32,58,0,1
99,32,59,0,1
99,32,60,0,1
99,32,61,0,1
99,32,62,0,1
99,32,63,0,1
99,33,0,0,1
99,33,1,0,1
99,33,2,0,1
99,33,3,0,1
99,33,4,0,1
99,33,5,0,1
99,33,6,0,1
99,33,7,0,1
99,33,8,0,1
99,33,9,0,1
99,33,10,0,1
99,33,11,0,1
99,33,12,0,1
99,33,13,0,1
99,33,14,0,1
99,33,15,0,1
99,33,16,0,1
99,33,17,0,1
99,33,18,0,1
99,33,19,0,1
99,33,20,0,1
99,33,21,0,1
99,33,22,0,1
99,33,23,0,1
99,33,24,0,1
99,33,25,0,1
99,33,26,0,1
99,33,27,0,1
99,33,28,0,1
99,33,29,0,1
99,33,30,0,1
99,33,31,0,1
99,33,32,0,1
99,33,33,0,1
99,33,34,0,1
99,33,35,0,1
99,33,36,0,1
99,33,37,0,1
99,33,38,0,1
99,33,39,0,1
99,33,40,0,1
99,33,41,0,1
99,33,42,0,1
99,33,43,0,1
99,33,44,0,1
99,33,45,0,1
99,33,46,0,1
99,33,47,0,1
99,33,48,0,1
99,33,49,0,1
99,33,50,0,1
99,33,51,0,1
99,33,52,0,1
99,33,53,0,1
99,33,54,0,1
99,33,55,0,1
99,33,56,0,1
99,33,57,0,1
99,33,58,0,1
99,33,59,0,1
99,33,60,0,1
99,33,61,0,1
99,33,62,0,1
99,33,63,0,1
99,34,0,0,1
99,34,1,0,1
99,34,2,0,1
99,34,3,0,1
99,34,4,0,1
99,34,5,0,1
99,34,6,0,1
99,34,7,0,1
99,34,8,0,1
99,34,9,0,1
99,34,10,0,1
99,34,11,0,1
99,34,12,0,1
99,34,13,0,1
99,34,14,0,1
99,34,15,0,1
99,34,16,0,1
99,34,17,0,1
99,34,18,0,1
99,34,19,0,1
99,34,20,0,1
99,34,21,0,1
99,34,22,0,1
99,34,23,0,1
99,34,24,0,1
99,34,25,0,1
99,34,26,0,1
99,34,27,0,1
99,34,28,0,1
99,34,29,0,1
99,34,30,0,1
99,34,31,0,1
99,34,32,0,1
99,34,33,0,1
99,34,34,0,1
99,34,35,0,1
99,34,36,0,1
99,34,37,0,1
99,34,38,0,1
99,34,39,0,1
99,34,40,0,1
99,34,41,0,1
99,34,42,0,1
99,34,43,0,1
99,34,44,0,1
99,34,45,0,1
99,34,46,0,1
99,34,47,0,1
99,34,48,0,1
99,34,49,0,1
99,34,50,0,1
99,34,51,0,1
99,34,52,0,1
99,34,53,0,1
99,34,54,0,1
99,34,55,0,1
99,34,56,0,1
99,34,57,0,1
99,34,58,0,1
99,34,59,0,1
99,34,60,0,1
99,34,61,0,1
99,34,62,0,1
99,34,63,0,1
99,35,0,0,1
99,35,1,0,1
99,35,2,0,1
99,35,3,0,1
99,35,4,0,1
99,35,5,0,1
99,35,6,0,1
99,35,7,0,1
99,35,8,0,1
99,35,9,0,1
99,35,10,0,1
99,35,11,0,1
99,35,12,0,1
99,35,13,0,1
99,35,14,0,1
99,35,15,0,1
99,35,16,0,1
99,35,17,0,1
99,35,18,0,1
99,35,19,0,1
99,35,20,0,1
99,35,21,0,1
99,35,22,0,1
99,35,23,0,1
99,35,24,0,1
99,35,25,0,1
99,35,26,0,1
99,35,27,0,1
99,35,28,0,1
99,35,29,0,1
99,35,30,0,1
99,35,31,0,1
99,35,32,0,1
99,35,33,0,1
99,35,34,0,1
99,35,35,0,1
99,35,36,0,1
99,35,37,0,1
99,35,38,0,1
99,35,39,0,1
99,35,40,0,1
99,35,41,0,1
99,35,42,0,1
99,35,43,0,1
99,35,44,0,1
99,35,45,0,1
99,35,46,0,1
99,35,47,0,1
99,35,48,0,1
99,35,49,0,1
99,35,50,0,1
99,35,51,0,1
99,35,52,0,1
99,35,53,0,1
99,35,54,0,1
99,35,55,0,1
99,35,56,0,1
99,35,57,0,1
99,35,58,0,1
99,35,59,0,1
99,35,60,0,1
99,35,61,0,1
99,35,62,0,1
99,35,63,0,1
99,36,0,0,1
99,36,1,0,1
99,36,2,0,1
99,36,3,0,1
99,36,4,0,1
99,36,5,0,1
99,36,6,0,1
99,36,7,0,1
99,36,8,0,1
99,36,9,0,1
99,36,10,0,1
99,36,11,0,1
99,36,12,0,1
99,36,13,0,1
99,36,14,0,1
99,36,15,0,1
99,36,16,0,1
99,36,17,0,1
99,36,18,0,1
99,36,19,0,1
99,36,20,0,1
99,36,21,0,1
99,36,22,0,1
99,36,23,0,1
99,36,24,0,1
99,36,25,0,1
99,36,26,0,1
99,36,27,0,1
99,36,28,0,1
99,36,29,0,1
99,36,30,0,1
99,36,31,0,1
99,36,32,0,1
99,36,33,0,1
99,36,34,0,1
99,36,35,0,1
99,36,36,0,1
99,36,37,0,1
99,36,38,0,1
99,36,39,0,1
99,36,40,0,1
99,36,41,0,1
99,36,42,0,1
99,36,43,0,1
99,36,44,0,1
99,36,45,0,1
99,36,46,0,1
99,36,47,0,1
99,36,48,0,1
99,36,49,0,1
99,36,50,0,1
99,36,51,0,1
99,36,52,0,1
99,36,53,0,1
99,36,54,0,1
99,36,55,0,1
99,36,56,0,1
99,36,57,0,1
99,36,58,0,1
99,36,59,0,1
99,36,60,0,1
99,36,61,0,1
99,36,62,0,1
99,36,63,0,1
99,37,0,0,1
99,37,1,0,1
99,37,2,0,1
99,37,3,0,1
99,37,4,0,1
99,37,5,0,1
99,37,6,0,1
99,37,7,0,1
99,37,8,0,1
99,37,9,0,1
99,37,10,0,1
99,37,11,0,1
99,37,12,0,1
99,37,13,0,1
99,37,14,0,1
99,37,15,0,1
99,37,16,0,1
99,37,17,0,1
99,37,18,0,1
99,37,19,0,1
99,37,20,0,1
99,37,21,0,1
99,37,22,0,1
99,37,23,0,1
99,37,24,0,1
99,37,25,0,1
99,37,26,0,1
99,37,27,0,1
99,37,28,0,1
99,37,29,0,1
99,37,30,0,1
99,37,31,0,1
99,37,32,0,1
99,37,33,0,1
99,37,34,0,1
99,37,35,0,1
99,37,36,0,1
99,37,37,0,1
99,37,38,0,1
99,37,39,0,1
99,37,40,0,1
99,37,41,0,1
99,37,42,0,1
99,37,43,0,1
99,37,44,0,1
99,37,45,0,1
99,37,46,0,1
99,37,47,0,1
99,37,48,0,1
99,37,49,0,1
99,37,50,0,1
99,37,51,0,1
99,37,52,0,1
99,37,53,0,1
99,37,54,0,1
99,37,55,0,1
99,37,56,0,1
99,37,57,0,1
99,37,58,0,1
99,37,59,0,1
99,37,60,0,1
99,37,61,0,1
99,37,62,0,1
99,37,63,0,1
99,38,0,0,1
99,38,1,0,1
99,38,2,0,1
99,38,3,0,1
99,38,4,0,1
99,38,5,0,1
99,38,6,0,1
99,38,7,0,1
99,38,8,0,1
99,38,9,0,1
99,38,10,0,1
99,38,11,0,1
99,38,12,0,1
99,38,13,0,1
99,38,14,0,1
99,38,15,0,1
99,38,16,0,1
99,38,17,0,1
99,38,18,0,1
99,38,19,0,1
99,38,20,0,1
99,38,21,0,1
99,38,22,0,1
99,38,23,0,1
99,38,24,0,1
99,38,25,0,1
99,38,26,0,1
99,38,27,0,1
99,38,28,0,1
99,38,29,0,1
99,38,30,0,1
99,38,31,0,1
99,38,32,0,1
99,38,33,0,1
99,38,34,0,1
99,38,35,0,1
99,38,36,0,1
99,38,37,0,1
99,38,38,0,1
99,38,39,0,1
99,38,40,0,1
99,38,41,0,1
99,38,42,0,1
99,38,43,0,1
99,38,44,0,1
99,38,45,0,1
99,38,46,0,1
99,38,47,0,1
99,38,48,0,1
99,38,49,0,1
99,38,50,0,1
99,38,51,0,1
99,38,52,0,1
99,38,53,0,1
99,38,54,0,1
99,38,55,0,1
99,38,56,0,1
99,38,57,0,1
99,38,58,0,1
99,38,59,0,1
99,38,60,0,1
99,38,61,0,1
99,38,62,0,1
99,38,63,0,1
99,39,0,0,1
99,39,1,0,1
99,39,2,0,1
99,39,3,0,1
99,39,4,0,1
99,39,5,0,1
99,39,6,0,1
99,39,7,0,1
99,39,8,0,1
99,39,9,0,1
99,39,10,0,1
99,39,11,0,1
99,39,12,0,1
99,39,13,0,1
99,39,14,0,1
99,39,15,0,1
99,39,16,0,1
99,39,17,0,1
99,39,18,0,1
99,39,19,0,1
99,39,20,0,1
99,39,21,0,1
99,39,22,0,1
99,39,23,0,1
99,39,24,0,1
99,39,25,0,1
99,39,26,0,1
99,39,27,0,1
99,39,28,0,1
99,39,29,0,1
99,39,30,0,1
99,39,31,0,1
99,39,32,0,1
99,39,33,0,1
99,39,34,0,1
99,39,35,0,1
99,39,36,0,1
99,39,37,0,1
99,39,38,0,1
99,39,39,0,1
99,39,40,0,1
99,39,41,0,1
99,39,42,0,1
99,39,43,0,1
99,39,44,0,1
99,39,45,0,1
99,39,46,0,1
99,39,47,0,1
99,39,48,0,1
99,39,49,0,1
99,39,50,0,1
99,39,51,0,1
99,39,52,0,1
99,39,53,0,1
99,39,54,0,1
99,39,55,0,1
99,39,56,0,1
99,39,57,0,1
99,39,58,0,1
99,39,59,0,1
99,39,60,0,1
99,39,61,0,1
99,39,62,0,1
99,39,63,0,1
99,40,0,0,1
99,40,1,0,1
99,40,2,0,1
99,40,3,0,1
99,40,4,0,1
99,40,5,0,1
99,40,6,0,1
99,40,7,0,1
99,40,8,0,1
99,40,9,0,1
99,40,10,0,1
99,40,11,0,1
99,40,12,0,1
99,40,13,0,1
99,40,14,0,1
99,40,15,0,1
99,40,16,0,1
99,40,17,0,1
99,40,18,0,1
99,40,19,0,1
99,40,20,0,1
99,40,21,0,1
99,40,22,0,1
99,40,23,0,1
99,40,24,0,1
99,40,25,0,1
99,40,26,0,1
99,40,27,0,1
99,40,28,0,1
99,40,29,0,1
99,40,30,0,1
99,40,31,0,1
99,40,32,0,1
99,40,33,0,1
99,40,34,0,1
99,40,35,0,1
99,40,36,0,1
99,40,37,0,1
99,40,38,0,1
99,40,39,0,1
99,40,40,0,1
99,40,41,0,1
99,40,42,0,1
99,40,43,0,1
99,40,44,0,1
99,40,45,0,1
99,40,46,0,1
99,40,47,0,1
99,40,48,0,1
99,40,49,0,1
99,40,50,0,1
99,40,51,0,1
99,40,52,0,1
99,40,53,0,1
99,40,54,0,1
99,40,55,0,1
99,40,56,0,1
99,40,57,0,1
99,40,58,0,1
99,40,59,0,1
99,40,60,0,1
99,40,61,0,1
99,40,62,0,1
99,40,63,0,1
99,41,0,0,1
99,41,1,0,1
99,41,2,0,1
99,41,3,0,1
99,41,4,0,1
99,41,5,0,1
99,41,6,0,1
99,41,7,0,1
99,41,8,0,1
99,41,9,0,1
99,41,10,0,1
99,41,11,0,1
99,41,12,0,1
99,41,13,0,1
99,41,14,0,1
99,41,15,0,1
99,41,16,0,1
99,41,17,0,1
99,41,18,0,1
99,41,19,0,1
99,41,20,0,1
99,41,21,0,1
99,41,22,0,1
99,41,23,0,1
99,41,24,0,1
99,41,25,0,1
99,41,26,0,1
99,41,27,0,1
99,41,28,0,1
99,41,29,0,1
99,41,30,0,1
99,41,31,0,1
99,41,32,0,1
99,41,33,0,1
99,41,34,0,1
99,41,35,0,1
99,41,36,0,1
99,41,37,0,1
99,41,38,0,1
99,41,39,0,1
99,41,40,0,1
99,41,41,0,1
99,41,42,0,1
99,41,43,0,1
99,41,44,0,1
99,41,45,0,1
99,41,46,0,1
99,41,47,0,1
99,41,48,0,1
99,41,49,0,1
99,41,50,0,1
99,41,51,0,1
99,41,52,0,1
99,41,53,0,1
99,41,54,0,1
99,41,55,0,1
99,41,56,0,1
99,41,57,0,1
99,41,58,0,1
99,41,59,0,1
99,41,60,0,1
99,41,61,0,1
99,41,62,0,1
99,41,63,0,1
99,42,0,0,1
99,42,1,0,1
99,42,2,0,1
99,42,3,0,1
99,42,4,0,1
99,42,5,0,1
99,42,6,0,1
99,42,7,0,1
99,42,8,0,1
99,42,9,0,1
99,42,10,0,1
99,42,11,0,1
99,42,12,0,1
99,42,13,0,1
99,42,14,0,1
99,42,15,0,1
99,42,16,0,1
99,42,17,0,1
99,42,18,0,1
99,42,19,0,1
99,42,20,0,1
99,42,21,0,1
99,42,22,0,1
99,42,23,0,1
99,42,24,0,1
99,42,25,0,1
99,42,26,0,1
99,42,27,0,1
99,42,28,0,1
99,42,29,0,1
99,42,30,0,1
99,42,31,0,1
99,42,32,0,1
99,42,33,0,1
99,42,34,0,1
99,42,35,0,1
99,42,36,0,1
99,42,37,0,1
99,42,38,0,1
99,42,39,0,1
99,42,40,0,1
99,42,41,0,1
99,42,42,0,1
99,42,43,0,1
99,42,44,0,1
99,42,45,0,1
99,42,46,0,1
99,42,47,0,1
99,42,48,0,1
99,42,49,0,1
99,42,50,0,1
99,42,51,0,1
99,42,52,0,1
99,42,53,0,1
99,42,54,0,1
99,42,55,0,1
99,42,56,0,1
99,42,57,0,1
99,42,58,0,1
99,42,59,0,1
99,42,60,0,1
99,42,61,0,1
99,42,62,0,1
99,42,63,0,1
99,43,0,0,1
99,43,1,0,1
99,43,2,0,1
99,43,3,0,1
99,43,4,0,1
99,43,5,0,1
99,43,6,0,1
99,43,7,0,1
99,43,8,0,1
99,43,9,0,1
99,43,10,0,1
99,43,11,0,1
99,43,12,0,1
99,43,13,0,1
99,43,14,0,1
99,43,15,0,1
99,43,16,0,1
99,43,17,0,1
99,43,18,0,1
99,43,19,0,1
99,43,20,0,1
99,43,21,0,1
99,43,22,0,1
99,43,23,0,1
99,43,24,0,1
99,43,25,0,1
99,43,26,0,1
99,43,27,0,1
99,43,28,0,1
99,43,29,0,1
99,43,30,0,1
99,43,31,0,1
99,43,32,0,1
99,43,33,0,1
99,43,34,0,1
99,43,35,0,1
99,43,36,0,1
99,43,37,0,1
99,43,38,0,1
99,43,39,0,1
99,43,40,0,1
99,43,41,0,1
99,43,42,0,1
99,43,43,0,1
99,43,44,0,1
99,43,45,0,1
99,43,46,0,1
99,43,47,0,1
99,43,48,0,1
99,43,49,0,1
99,43,50,0,1
99,43,51,0,1
99,43,52,0,1
99,43,53,0,1
99,43,54,0,1
99,43,55,0,1
99,43,56,0,1
99,43,57,0,1
99,43,58,0,1
99,43,59,0,1
99,43,60,0,1
99,43,61,0,1
99,43,62,0,1
99,43,63,0,1
99,44,0,0,1
99,44,1,0,1
99,44,2,0,1
99,44,3,0,1
99,44,4,0,1
99,44,5,0,1
99,44,6,0,1
99,44,7,0,1
99,44,8,0,1
99,44,9,0,1
99,44,10,0,1
99,44,11,0,1
99,44,12,0,1
99,44,13,0,1
99,44,14,0,1
99,44,15,0,1
99,44,16,0,1
99,44,17,0,1
99,44,18,0,1
99,44,19,0,1
99,44,20,0,1
99,44,21,0,1
99,44,22,0,1
99,44,23,0,1
99,44,24,0,1
99,44,25,0,1
99,44,26,0,1
99,44,27,0,1
99,44,28,0,1
99,44,29,0,1
99,44,30,0,1
99,44,31,0,1
99,44,32,0,1
99,44,33,0,1
99,44,34,0,1
99,44,35,0,1
99,44,36,0,1
99,44,37,0,1
99,44,38,0,1
99,44,39,0,1
99,44,40,0,1
99,44,41,0,1
99,44,42,0,1
99,44,43,0,1
99,44,44,0,1
99,44,45,0,1
99,44,46,0,1
99,44,47,0,1
99,44,48,0,1
99,44,49,0,1
99,44,50,0,1
99,44,51,0,1
99,44,52,0,1
99,44,53,0,1
99,44,54,0,1
99,44,55,0,1
99,44,56,0,1
99,44,57,0,1
99,44,58,0,1
99,44,59,0,1
99,44,60,0,1
99,44,61,0,1
99,44,62,0,1
99,44,63,0,1
99,45,0,0,1
99,45,1,0,1
99,45,2,0,1
99,45,3,0,1
99,45,4,0,1
99,45,5,0,1
99,45,6,0,1
99,45,7,0,1
99,45,8,0,1
99,45,9,0,1
99,45,10,0,1
99,45,11,0,1
99,45,12,0,1
99,45,13,0,1
99,45,14,0,1
99,45,15,0,1
99,45,16,0,1
99,45,17,0,1
99,45,18,0,1
99,45,19,0,1
99,45,20,0,1
99,45,21,0,1
99,45,22,0,1
99,45,23,0,1
99,45,24,0,1
99,45,25,0,1
99,45,26,0,1
99,45,27,0,1
99,45,28,0,1
99,45,29,0,1
99,45,30,0,1
99,45,31,0,1
99,45,32,0,1
99,45,33,0,1
99,45,34,0,1
99,45,35,0,1
99,45,36,0,1
99,45,37,0,1
99,45,38,0,1
99,45,39,0,1
99,45,40,0,1
99,45,41,0,1
99,45,42,0,1
99,45,43,0,1
99,45,44,0,1
99,45,45,0,1
99,45,46,0,1
99,45,47,0,1
99,45,48,0,1
99,45,49,0,1
99,45,50,0,1
99,45,51,0,1
99,45,52,0,1
99,45,53,0,1
99,45,54,0,1
99,45,55,0,1
99,45,56,0,1
99,45,57,0,1
99,45,58,0,1
99,45,59,0,1
99,45,60,0,1
99,45,61,0,1
99,45,62,0,1
99,45,63,0,1
99,46,0,0,1
99,46,1,0,1
99,46,2,0,1
99,46,3,0,1
99,46,4,0,1
99,46,5,0,1
99,46,6,0,1
99,46,7,0,1
99,46,8,0,1
99,46,9,0,1
99,46,10,0,1
99,46,11,0,1
99,46,12,0,1
99,46,13,0,1
99,46,14,0,1
99,46,15,0,1
99,46,16,0,1
99,46,17,0,1
99,46,18,0,1
99,46,19,0,1
99,46,20,0,1
99,46,21,0,1
99,46,22,0,1
99,46,23,0,1
99,46,24,0,1
99,46,25,0,1
99,46,26,0,1
99,46,27,0,1
99,46,28,0,1
99,46,29,0,1
99,46,30,0,1
99,46,31,0,1
99,46,32,0,1
99,46,33,0,1
99,46,34,0,1
99,46,35,0,1
99,46,36,0,1
99,46,37,0,1
99,46,38,0,1
99,46,39,0,1
99,46,40,0,1
99,46,41,0,1
99,46,42,0,1
99,46,43,0,1
99,46,44,0,1
99,46,45,0,1
99,46,46,0,1
99,46,47,0,1
99,46,48,0,1
99,46,49,0,1
99,46,50,0,1
99,46,51,0,1
99,46,52,0,1
99,46,53,0,1
99,46,54,0,1
99,46,55,0,1
99,46,56,0,1
99,46,57,0,1
99,46,58,0,1
99,46,59,0,1
99,46,60,0,1
99,46,61,0,1
99,46,62,0,1
99,46,63,0,1
99,47,0,0,1
99,47,1,0,1
99,47,2,0,1
99,47,3,0,1
99,47,4,0,1
99,47,5,0,1
99,47,6,0,1
99,47,7,0,1
99,47,8,0,1
99,47,9,0,1
99,47,10,0,1
99,47,11,0,1
99,47,12,0,1
99,47,13,0,1
99,47,14,0,1
99,47,15,0,1
99,47,16,0,1
99,47,17,0,1
99,47,18,0,1
99,47,19,0,1
99,47,20,0,1
99,47,21,0,1
99,47,22,0,1
99,47,23,0,1
99,47,24,0,1
99,47,25,0,1
99,47,26,0,1
99,47,27,0,1
99,47,28,0,1
99,47,29,0,1
99,47,30,0,1
99,47,31,0,1
99,47,32,0,1
99,47,33,0,1
99,47,34,0,1
99,47,35,0,1
99,47,36,0,1
99,47,37,0,1
99,47,38,0,1
99,47,39,0,1
99,47,40,0,1
99,47,41,0,1
99,47,42,0,1
99,47,43,0,1
99,47,44,0,1
99,47,45,0,1
99,47,46,0,1
99,47,47,0,1
99,47,48,0,1
99,47,49,0,1
99,47,50,0,1
99,47,51,0,1
99,47,52,0,1
99,47,53,0,1
99,47,54,0,1
99,47,55,0,1
99,47,56,0,1
99,47,57,0,1
99,47,58,0,1
99,47,59,0,1
99,47,60,0,1
99,47,61,0,1
99,47,62,0,1
99,47,63,0,1
99,48,0,0,1
99,48,1,0,1
99,48,2,0,1
99,48,3,0,1
99,48,4,0,1
99,48,5,0,1
99,48,6,0,1
99,48,7,0,1
99,48,8,0,1
99,48,9,0,1
99,48,10,0,1
99,48,11,0,1
99,48,12,0,1
99,48,13,0,1
99,48,14,0,1
99,48,15,0,1
99,48,16,0,1
99,48,17,0,1
99,48,18,0,1
99,48,19,0,1
99,48,20,0,1
99,48,21,0,1
99,48,22,0,1
99,48,23,0,1
99,48,24,0,1
99,48,25,0,1
99,48,26,0,1
99,48,27,0,1
99,48,28,0,1
99,48,29,0,1
99,48,30,0,1
99,48,31,0,1
99,48,32,0,1
99,48,33,0,1
99,48,34,0,1
99,48,35,0,1
99,48,36,0,1
99,48,37,0,1
99,48,38,0,1
99,48,39,0,1
99,48,40,0,1
99,48,41,0,1
99,48,42,0,1
99,48,43,0,1
99,48,44,0,1
99,48,45,0,1
99,48,46,0,1
99,48,47,0,1
99,48,48,0,1
99,48,49,0,1
99,48,50,0,1
99,48,51,0,1
99,48,52,0,1
99,48,53,0,1
99,48,54,0,1
99,48,55,0,1
99,48,56,0,1
99,48,57,0,1
99,48,58,0,1
99,48,59,0,1
99,48,60,0,1
99,48,61,0,1
99,48,62,0,1
99,48,63,0,1
99,49,0,0,1
99,49,1,0,1
99,49,2,0,1
99,49,3,0,1
99,49,4,0,1
99,49,5,0,1
99,49,6,0,1
99,49,7,0,1
99,49,8,0,1
99,49,9,0,1
99,49,10,0,1
99,49,11,0,1
99,49,12,0,1
99,49,13,0,1
99,49,14,0,1
99,49,15,0,1
99,49,16,0,1
99,49,17,0,1
99,49,18,0,1
99,49,19,0,1
99,49,20,0,1
99,49,21,0,1
99,49,22,0,1
99,49,23,0,1
99,49,24,0,1
99,49,25,0,1
99,49,26,0,1
99,49,27,0,1
99,49,28,0,1
99,49,29,0,1
99,49,30,0,1
99,49,31,0,1
99,49,32,0,1
99,49,33,0,1
99,49,34,0,1
99,49,35,0,1
99,49,36,0,1
99,49,37,0,1
99,49,38,0,1
99,49,39,0,1
99,49,40,0,1
99,49,41,0,1
99,49,42,0,1
99,49,43,0,1
99,49,44,0,1
99,49,45,0,1
99,49,46,0,1
99,49,47,0,1
99,49,48,0,1
99,49,49,0,1
99,49,50,0,1
99,49,51,0,1
99,49,52,0,1
99,49,53,0,1
99,49,54,0,1
99,49,55,0,1
99,49,56,0,1
99,49,57,0,1
99,49,58,0,1
99,49,59,0,1
99,49,60,0,1
99,49,61,0,1
99,49,62,0,1
99,49,63,0,1
99,50,0,0,1
99,50,1,0,1
99,50,2,0,1
99,50,3,0,1
99,50,4,0,1
99,50,5,0,1
99,50,6,0,1
99,50,7,0,1
99,50,8,0,1
99,50,9,0,1
99,50,10,0,1
99,50,11,0,1
99,50,12,0,1
99,50,13,0,1
99,50,14,0,1
99,50,15,0,1
99,50,16,0,1
99,50,17,0,1
99,50,18,0,1
99,50,19,0,1
99,50,20,0,1
99,50,21,0,1
99,50,22,0,1
99,50,23,0,1
99,50,24,0,1
99,50,25,0,1
99,50,26,0,1
99,50,27,0,1
99,50,28,0,1
99,50,29,0,1
99,50,30,0,1
99,50,31,0,1
99,50,32,0,1
99,50,33,0,1
99,50,34,0,1
99,50,35,0,1
99,50,36,0,1
99,50,37,0,1
99,50,38,0,1
99,50,39,0,1
99,50,40,0,1
99,50,41,0,1
99,50,42,0,1
99,50,43,0,1
99,50,44,0,1
99,50,45,0,1
99,50,46,0,1
99,50,47,0,1
99,50,48,0,1
99,50,49,0,1
99,50,50,0,1
99,50,51,0,1
99,50,52,0,1
99,50,53,0,1
99,50,54,0,1
99,50,55,0,1
99,50,56,0,1
99,50,57,0,1
99,50,58,0,1
99,50,59,0,1
99,50,60,0,1
99,50,61,0,1
99,50,62,0,1
99,50,63,0,1
99,51,0,0,1
99,51,1,0,1
99,51,2,0,1
99,51,3,0,1
99,51,4,0,1
99,51,5,0,1
99,51,6,0,1
99,51,7,0,1
99,51,8,0,1
99,51,9,0,1
99,51,10,0,1
99,51,11,0,1
99,51,12,0,1
99,51,13,0,1
99,51,14,0,1
99,51,15,0,1
99,51,16,0,1
99,51,17,0,1
99,51,18,0,1
99,51,19,0,1
99,51,20,0,1
99,51,21,0,1
99,51,22,0,1
99,51,23,0,1
99,51,24,0,1
99,51,25,0,1
99,51,26,0,1
99,51,27,0,1
99,51,28,0,1
99,51,29,0,1
99,51,30,0,1
99,51,31,0,1
99,51,32,0,1
99,51,33,0,1
99,51,34,0,1
99,51,35,0,1
99,51,36,0,1
99,51,37,0,1
99,51,38,0,1
99,51,39,0,1
99,51,40,0,1
99,51,41,0,1
99,51,42,0,1
99,51,43,0,1
99,51,44,0,1
99,51,45,0,1
99,51,46,0,1
99,51,47,0,1
99,51,48,0,1
99,51,49,0,1
99,51,50,0,1
99,51,51,0,1
99,51,52,0,1
99,51,53,0,1
99,51,54,0,1
99,51,55,0,1
99,51,56,0,1
99,51,57,0,1
99,51,58,0,1
99,51,59,0,1
99,51,60,0,1
99,51,61,0,1
99,51,62,0,1
99,51,63,0,1
99,52,0,0,1
99,52,1,0,1
99,52,2,0,1
99,52,3,0,1
99,52,4,0,1
99,52,5,0,1
99,52,6,0,1
99,52,7,0,1
99,52,8,0,1
99,52,9,0,1
99,52,10,0,1
99,52,11,0,1
99,52,12,0,1
99,52,13,0,1
99,52,14,0,1
99,52,15,0,1
99,52,16,0,1
99,52,17,0,1
99,52,18,0,1
99,52,19,0,1
99,52,20,0,1
99,52,21,0,1
99,52,22,0,1
99,52,23,0,1
99,52,24,0,1
99,52,25,0,1
99,52,26,0,1
99,52,27,0,1
99,52,28,0,1
99,52,29,0,1
99,52,30,0,1
99,52,31,0,1
99,52,32,0,1
99,52,33,0,1
99,52,34,0,1
99,52,35,0,1
99,52,36,0,1
99,52,37,0,1
99,52,38,0,1
99,52,39,0,1
99,52,40,0,1
99,52,41,0,1
99,52,42,0,1
99,52,43,0,1
99,52,44,0,1
99,52,45,0,1
99,52,46,0,1
99,52,47,0,1
99,52,48,0,1
99,52,49,0,1
99,52,50,0,1
99,52,51,0,1
99,52,52,0,1
99,52,53,0,1
99,52,54,0,1
99,52,55,0,1
99,52,56,0,1
99,52,57,0,1
99,52,58,0,1
99,52,59,0,1
99,52,60,0,1
99,52,61,0,1
99,52,62,0,1
99,52,63,0,1
99,53,0,0,1
99,53,1,0,1
99,53,2,0,1
99,53,3,0,1
99,53,4,0,1
99,53,5,0,1
99,53,6,0,1
99,53,7,0,1
99,53,8,0,1
99,53,9,0,1
99,53,10,0,1
99,53,11,0,1
99,53,12,0,1
99,53,13,0,1
99,53,14,0,1
99,53,15,0,1
99,53,16,0,1
99,53,17,0,1
99,53,18,0,1
99,53,19,0,1
99,53,20,0,1
99,53,21,0,1
99,53,22,0,1
99,53,23,0,1
99,53,24,0,1
99,53,25,0,1
99,53,26,0,1
99,53,27,0,1
99,53,28,0,1
99,53,29,0,1
99,53,30,0,1
99,53,31,0,1
99,53,32,0,1
99,53,33,0,1
99,53,34,0,1
99,53,35,0,1
99,53,36,0,1
99,53,37,0,1
99,53,38,0,1
99,53,39,0,1
99,53,40,0,1
99,53,41,0,1
99,53,42,0,1
99,53,43,0,1
99,53,44,0,1
99,53,45,0,1
99,53,46,0,1
99,53,47,0,1
99,53,48,0,1
99,53,49,0,1
99,53,50,0,1
99,53,51,0,1
99,53,52,0,1
99,53,53,0,1
99,53,54,0,1
99,53,55,0,1
99,53,56,0,1
99,53,57,0,1
99,53,58,0,1
99,53,59,0,1
99,53,60,0,1
99,53,61,0,1
99,53,62,0,1
99,53,63,0,1
99,54,0,0,1
99,54,1,0,1
99,54,2,0,1
99,54,3,0,1
99,54,4,0,1
99,54,5,0,1
99,54,6,0,1
99,54,7,0,1
99,54,8,0,1
99,54,9,0,1
99,54,10,0,1
99,54,11,0,1
99,54,12,0,1
99,54,13,0,1
99,54,14,0,1
99,54,15,0,1
99,54,16,0,1
99,54,17,0,1
99,54,18,0,1
99,54,19,0,1
99,54,20,0,1
99,54,21,0,1
99,54,22,0,1
99,54,23,0,1
99,54,24,0,1
99,54,25,0,1
99,54,26,0,1
99,54,27,0,1
99,54,28,0,1
99,54,29,0,1
99,54,30,0,1
99,54,31,0,1
99,54,32,0,1
99,54,33,0,1
99,54,34,0,1
99,54,35,0,1
99,54,36,0,1
99,54,37,0,1
99,54,38,0,1
99,54,39,0,1
99,54,40,0,1
99,54,41,0,1
99,54,42,0,1
99,54,43,0,1
99,54,44,0,1
99,54,45,0,1
99,54,46,0,1
99,54,47,0,1
99,54,48,0,1
99,54,49,0,1
99,54,50,0,1
99,54,51,0,1
99,54,52,0,1
99,54,53,0,1
99,54,54,0,1
99,54,55,0,1
99,54,56,0,1
99,54,57,0,1
99,54,58,0,1
99,54,59,0,1
99,54,60,0,1
99,54,61,0,1
99,54,62,0,1
99,54,63,0,1
99,55,0,0,1
99,55,1,0,1
99,55,2,0,1
99,55,3,0,1
99,55,4,0,1
99,55,5,0,1
99,55,6,0,1
99,55,7,0,1
99,55,8,0,1
99,55,9,0,1
99,55,10,0,1
99,55,11,0,1
99,55,12,0,1
99,55,13,0,1
99,55,14,0,1
99,55,15,0,1
99,55,16,0,1
99,55,17,0,1
99,55,18,0,1
99,55,19,0,1
99,55,20,0,1
99,55,21,0,1
99,55,22,0,1
99,55,23,0,1
99,55,24,0,1
99,55,25,0,1
99,55,26,0,1
99,55,27,0,1
99,55,28,0,1
99,55,29,0,1
99,55,30,0,1
99,55,31,0,1
99,55,32,0,1
99,55,33,0,1
99,55,34,0,1
99,55,35,0,1
99,55,36,0,1
99,55,37,0,1
99,55,38,0,1
99,55,39,0,1
99,55,40,0,1
99,55,41,0,1
99,55,42,0,1
99,55,43,0,1
99,55,44,0,1
99,55,45,0,1
99,55,46,0,1
99,55,47,0,1
99,55,48,0,1
99,55,49,0,1
99,55,50,0,1
99,55,51,0,1
99,55,52,0,1
99,55,53,0,1
99,55,54,0,1
99,55,55,0,1
99,55,56,0,1
99,55,57,0,1
99,55,58,0,1
99,55,59,0,1
99,55,60,0,1
99,55,61,0,1
99,55,62,0,1
99,55,63,0,1
99,56,0,0,1
99,56,1,0,1
99,56,2,0,1
99,56,3,0,1
99,56,4,0,1
99,56,5,0,1
99,56,6,0,1
99,56,7,0,1
99,56,8,0,1
99,56,9,0,1
99,56,10,0,1
99,56,11,0,1
99,56,12,0,1
99,56,13,0,1
99,56,14,0,1
99,56,15,0,1
99,56,16,0,1
99,56,17,0,1
99,56,18,0,1
99,56,19,0,1
99,56,20,0,1
99,56,21,0,1
99,56,22,0,1
99,56,23,0,1
99,56,24,0,1
99,56,25,0,1
99,56,26,0,1
99,56,27,0,1
99,56,28,0,1
99,56,29,0,1
99,56,30,0,1
99,56,31,0,1
99,56,32,0,1
99,56,33,0,1
99,56,34,0,1
99,56,35,0,1
99,56,36,0,1
99,56,37,0,1
99,56,38,0,1
99,56,39,0,1
99,56,40,0,1
99,56,41,0,1
99,56,42,0,1
99,56,43,0,1
99,56,44,0,1
99,56,45,0,1
99,56,46,0,1
99,56,47,0,1
99,56,48,0,1
99,56,49,0,1
99,56,50,0,1
99,56,51,0,1
99,56,52,0,1
99,56,53,0,1
99,56,54,0,1
99,56,55,0,1
99,56,56,0,1
99,56,57,0,1
99,56,58,0,1
99,56,59,0,1
99,56,60,0,1
99,56,61,0,1
99,56,62,0,1
99,56,63,0,1
99,57,0,0,1
99,57,1,0,1
99,57,2,0,1
99,57,3,0,1
99,57,4,0,1
99,57,5,0,1
99,57,6,0,1
99,57,7,0,1
99,57,8,0,1
99,57,9,0,1
99,57,10,0,1
99,57,11,0,1
99,57,12,0,1
99,57,13,0,1
99,57,14,0,1
99,57,15,0,1
99,57,16,0,1
99,57,17,0,1
99,57,18,0,1
99,57,19,0,1
99,57,20,0,1
99,57,21,0,1
99,57,22,0,1
99,57,23,0,1
99,57,24,0,1
99,57,25,0,1
99,57,26,0,1
99,57,27,0,1
99,57,28,0,1
99,57,29,0,1
99,57,30,0,1
99,57,31,0,1
99,57,32,0,1
99,57,33,0,1
99,57,34,0,1
99,57,35,0,1
99,57,36,0,1
99,57,37,0,1
99,57,38,0,1
99,57,39,0,1
99,57,40,0,1
99,57,41,0,1
99,57,42,0,1
99,57,43,0,1
99,57,44,0,1
99,57,45,0,1
99,57,46,0,1
99,57,47,0,1
99,57,48,0,1
99,57,49,0,1
99,57,50,0,1
99,57,51,0,1
99,57,52,0,1
99,57,53,0,1
99,57,54,0,1
99,57,55,0,1
99,57,56,0,1
99,57,57,0,1
99,57,58,0,1
99,57,59,0,1
99,57,60,0,1
99,57,61,0,1
99,57,62,0,1
99,57,63,0,1
99,58,0,0,1
99,58,1,0,1
99,58,2,0,1
99,58,3,0,1
99,58,4,0,1
99,58,5,0,1
99,58,6,0,1
99,58,7,0,1
99,58,8,0,1
99,58,9,0,1
99,58,10,0,1
99,58,11,0,1
99,58,12,0,1
99,58,13,0,1
99,58,14,0,1
99,58,15,0,1
99,58,16,0,1
99,58,17,0,1
99,58,18,0,1
99,58,19,0,1
99,58,20,0,1
99,58,21,0,1
99,58,22,0,1
99,58,23,0,1
99,58,24,0,1
99,58,25,0,1
99,58,26,0,1
99,58,27,0,1
99,58,28,0,1
99,58,29,0,1
99,58,30,0,1
99,58,31,0,1
99,58,32,0,1
99,58,33,0,1
99,58,34,0,1
99,58,35,0,1
99,58,36,0,1
99,58,37,0,1
99,58,38,0,1
99,58,39,0,1
99,58,40,0,1
99,58,41,0,1
99,58,42,0,1
99,58,43,0,1
99,58,44,0,1
99,58,45,0,1
99,58,46,0,1
99,58,47,0,1
99,58,48,0,1
99,58,49,0,1
99,58,50,0,1
99,58,51,0,1
99,58,52,0,1
99,58,53,0,1
99,58,54,0,1
99,58,55,0,1
99,58,56,0,1
99,58,57,0,1
99,58,58,0,1
99,58,59,0,1
99,58,60,0,1
99,58,61,0,1
99,58,62,0,1
99,58,63,0,1
99,59,0,0,1
99,59,1,0,1
99,59,2,0,1
99,59,3,0,1
99,59,4,0,1
99,59,5,0,1
99,59,6,0,1
99,59,7,0,1
99,59,8,0,1
99,59,9,0,1
99,59,10,0,1
99,59,11,0,1
99,59,12,0,1
99,59,13,0,1
99,59,14,0,1
99,59,15,0,1
99,59,16,0,1
99,59,17,0,1
99,59,18,0,1
99,59,19,0,1
99,59,20,0,1
99,59,21,0,1
99,59,22,0,1
99,59,23,0,1
99,59,24,0,1
99,59,25,0,1
99,59,26,0,1
99,59,27,0,1
99,59,28,0,1
99,59,29,0,1
99,59,30,0,1
99,59,31,0,1
99,59,32,0,1
99,59,33,0,1
99,59,34,0,1
99,59,35,0,1
99,59,36,0,1
99,59,37,0,1
99,59,38,0,1
99,59,39,0,1
99,59,40,0,1
99,59,41,0,1
99,59,42,0,1
99,59,43,0,1
99,59,44,0,1
99,59,45,0,1
99,59,46,0,1
99,59,47,0,1
99,59,48,0,1
99,59,49,0,1
99,59,50,0,1
99,59,51,0,1
99,59,52,0,1
99,59,53,0,1
99,59,54,0,1
99,59,55,0,1
99,59,56,0,1
99,59,57,0,1
99,59,58,0,1
99,59,59,0,1
99,59,60,0,1
99,59,61,0,1
99,59,62,0,1
99,59,63,0,1
99,60,0,0,1
99,60,1,0,1
99,60,2,0,1
99,60,3,0,1
99,60,4,0,1
99,60,5,0,1
99,60,6,0,1
99,60,7,0,1
99,60,8,0,1
99,60,9,0,1
99,60,10,0,1
99,60,11,0,1
99,60,12,0,1
99,60,13,0,1
99,60,14,0,1
99,60,15,0,1
99,60,16,0,1
99,60,17,0,1
99,60,18,0,1
99,60,19,0,1
99,60,20,0,1
99,60,21,0,1
99,60,22,0,1
99,60,23,0,1
99,60,24,0,1
99,60,25,0,1
99,60,26,0,1
99,60,27,0,1
99,60,28,0,1
99,60,29,0,1
99,60,30,0,1
99,60,31,0,1
99,60,32,0,1
99,60,33,0,1
99,60,34,0,1
99,60,35,0,1
99,60,36,0,1
99,60,37,0,1
99,60,38,0,1
99,60,39,0,1
99,60,40,0,1
99,60,41,0,1
99,60,42,0,1
99,60,43,0,1
99,60,44,0,1
99,60,45,0,1
99,60,46,0,1
99,60,47,0,1
99,60,48,0,1
99,60,49,0,1
99,60,50,0,1
99,60,51,0,1
99,60,52,0,1
99,60,53,0,1
99,60,54,0,1
99,60,55,0,1
99,60,56,0,1
99,60,57,0,1
99,60,58,0,1
99,60,59,0,1
99,60,60,0,1
99,60,61,0,1
99,60,62,0,1
99,60,63,0,1
99,61,0,0,1
99,61,1,0,1
99,61,2,0,1
99,61,3,0,1
99,61,4,0,1
99,61,5,0,1
99,61,6,0,1
99,61,7,0,1
99,61,8,0,1
99,61,9,0,1
99,61,10,0,1
99,61,11,0,1
99,61,12,0,1
99,61,13,0,1
99,61,14,0,1
99,61,15,0,1
99,61,16,0,1
99,61,17,0,1
99,61,18,0,1
99,61,19,0,1
99,61,20,0,1
99,61,21,0,1
99,61,22,0,1
99,61,23,0,1
99,61,24,0,1
99,61,25,0,1
99,61,26,0,1
99,61,27,0,1
99,61,28,0,1
99,61,29,0,1
99,61,30,0,1
99,61,31,0,1
99,61,32,0,1
99,61,33,0,1
99,61,34,0,1
99,61,35,0,1
99,61,36,0,1
99,61,37,0,1
99,61,38,0,1
99,61,39,0,1
99,61,40,0,1
99,61,41,0,1
99,61,42,0,1
99,61,43,0,1
99,61,44,0,1
99,61,45,0,1
99,61,46,0,1
99,61,47,0,1
99,61,48,0,1
99,61,49,0,1
99,61,50,0,1
99,61,51,0,1
99,61,52,0,1
99,61,53,0,1
99,61,54,0,1
99,61,55,0,1
99,61,56,0,1
99,61,57,0,1
99,61,58,0,1
99,61,59,0,1
99,61,60,0,1
99,61,61,0,1
99,61,62,0,1
99,61,63,0,1
99,62,0,0,1
99,62,1,0,1
99,62,2,0,1
99,62,3,0,1
99,62,4,0,1
99,62,5,0,1
99,62,6,0,1
99,62,7,0,1
99,62,8,0,1
99,62,9,0,1
99,62,10,0,1
99,62,11,0,1
99,62,12,0,1
99,62,13,0,1
99,62,14,0,1
99,62,15,0,1
99,62,16,0,1
99,62,17,0,1
99,62,18,0,1
99,62,19,0,1
99,62,20,0,1
99,62,21,0,1
99,62,22,0,1
99,62,23,0,1
99,62,24,0,1
99,62,25,0,1
99,62,26,0,1
99,62,27,0,1
99,62,28,0,1
99,62,29,0,1
99,62,30,0,1
99,62,31,0,1
99,62,32,0,1
99,62,33,0,1
99,62,34,0,1
99,62,35,0,1
99,62,36,0,1
99,62,37,0,1
99,62,38,0,1
99,62,39,0,1
99,62,40,0,1
99,62,41,0,1
99,62,42,0,1
99,62,43,0,1
99,62,44,0,1
99,62,45,0,1
99,62,46,0,1
99,62,47,0,1
99,62,48,0,1
99,62,49,0,1
99,62,50,0,1
99,62,51,0,1
99,62,52,0,1
99,62,53,0,1
99,62,54,0,1
99,62,55,0,1
99,62,56,0,1
99,62,57,0,1
99,62,58,0,1
99,62,59,0,1
99,62,60,0,1
99,62,61,0,1
99,62,62,0,1
99,62,63,0,1
99,63,0,0,1
99,63,1,0,1
99,63,2,0,1
99,63,3,0,1
99,63,4,0,1
99,63,5,0,1
99,63,6,0,1
99,63,7,0,1
99,63,8,0,1
99,63,9,0,1
99,63,10,0,1
99,63,11,0,1
99,63,12,0,1
99,63,13,0,1
99,63,14,0,1
99,63,15,0,1
99,63,16,0,1
99,63,17,0,1
99,63,18,0,1
99,63,19,0,1
99,63,20,0,1
99,63,21,0,1
99,63,22,0,1
99,63,23,0,1
99,63,24,0,1
99,63,25,0,1
99,63,26,0,1
99,63,27,0,1
99,63,28,0,1
99,63,29,0,1
99,63,30,0,1
99,63,31,0,1
99,63,32,0,1
99,63,33,0,1
99,63,34,0,1
99,63,35,0,1
99,63,36,0,1
99,63,37,0,1
99,63,38,0,1
99,63,39,0,1
99,63,40,0,1
99,63,41,0,1
99,63,42,0,1
99,63,43,0,1
99,63,44,0,1
99,63,45,0,1
99,63,46,0,1
99,63,47,0,1
99,63,48,0,1
99,63,49,0,1
99,63,50,0,1
99,63,51,0,1
99,63,52,0,1
99,63,53,0,1
99,63,54,0,1
99,63,55,0,1
99,63,56,0,1
99,63,57,0,1
99,63,58,0,1
99,63,59,0,1
99,63,60,0,1
99,63,61,0,1
99,63,62,0,1
99,63,63,0,1
99,64,0,0,1
99,64,1,0,1
99,64,2,0,1
99,64,3,0,1
99,64,4,0,1
99,64,5,0,1
99,64,6,0,1
99,64,7,0,1
99,64,8,0,1
99,64,9,0,1
99,64,10,0,1
99,64,11,0,1
99,64,12,0,1
99,64,13,0,1
99,64,14,0,1
99,64,15,0,1
99,64,16,0,1
99,64,17,0,1
99,64,18,0,1
99,64,19,0,1
99,64,20,0,1
99,64,21,0,1
99,64,22,0,1
99,64,23,0,1
99,64,24,0,1
99,64,25,0,1
99,64,26,0,1
99,64,27,0,1
99,64,28,0,1
99,64,29,0,1
99,64,30,0,1
99,64,31,0,1
99,64,32,0,1
99,64,33,0,1
99,64,34,0,1
99,64,35,0,1
99,64,36,0,1
99,64,37,0,1
99,64,38,0,1
99,64,39,0,1
99,64,40,0,1
99,64,41,0,1
99,64,42,0,1
99,64,43,0,1
99,64,44,0,1
99,64,45,0,1
99,64,46,0,1
99,64,47,0,1
99,64,48,0,1
99,64,49,0,1
99,64,50,0,1
99,64,51,0,1
99,64,52,0,1
99,64,53,0,1
99,64,54,0,1
99,64,55,0,1
99,64,56,0,1
99,64,57,0,1
99,64,58,0,1
99,64,59,0,1
99,64,60,0,1
99,64,61,0,1
99,64,62,0,1
99,64,63,0,1
99,65,0,0,1
99,65,1,0,1
99,65,2,0,1
99,65,3,0,1
99,65,4,0,1
99,65,5,0,1
99,65,6,0,1
99,65,7,0,1
99,65,8,0,1
99,65,9,0,1
99,65,10,0,1
99,65,11,0,1
99,65,12,0,1
99,65,13,0,1
99,65,14,0,1
99,65,15,0,1
99,65,16,0,1
99,65,17,0,1
99,65,18,0,1
99,65,19,0,1
99,65,20,0,1
99,65,21,0,1
99,65,22,0,1
99,65,23,0,1
99,65,24,0,1
99,65,25,0,1
99,65,26,0,1
99,65,27,0,1
99,65,28,0,1
99,65,29,0,1
99,65,30,0,1
99,65,31,0,1
99,65,32,0,1
99,65,33,0,1
99,65,34,0,1
99,65,35,0,1
99,65,36,0,1
99,65,37,0,1
99,65,38,0,1
99,65,39,0,1
99,65,40,0,1
99,65,41,0,1
99,65,42,0,1
99,65,43,0,1
99,65,44,0,1
99,65,45,0,1
99,65,46,0,1
99,65,47,0,1
99,65,48,0,1
99,65,49,0,1
99,65,50,0,1
99,65,51,0,1
99,65,52,0,1
99,65,53,0,1
99,65,54,0,1
99,65,55,0,1
99,65,56,0,1
99,65,57,0,1
99,65,58,0,1
99,65,59,0,1
99,65,60,0,1
99,65,61,0,1
99,65,62,0,1
99,65,63,0,1
99,66,0,0,1
99,66,1,0,1
99,66,2,0,1
99,66,3,0,1
99,66,4,0,1
99,66,5,0,1
99,66,6,0,1
99,66,7,0,1
99,66,8,0,1
99,66,9,0,1
99,66,10,0,1
99,66,11,0,1
99,66,12,0,1
99,66,13,0,1
99,66,14,0,1
99,66,15,0,1
99,66,16,0,1
99,66,17,0,1
99,66,18,0,1
99,66,19,0,1
99,66,20,0,1
99,66,21,0,1
99,66,22,0,1
99,66,23,0,1
99,66,24,0,1
99,66,25,0,1
99,66,26,0,1
99,66,27,0,1
99,66,28,0,1
99,66,29,0,1
99,66,30,0,1
99,66,31,0,1
99,66,32,0,1
99,66,33,0,1
99,66,34,0,1
99,66,35,0,1
99,66,36,0,1
99,66,37,0,1
99,66,38,0,1
99,66,39,0,1
99,66,40,0,1
99,66,41,0,1
99,66,42,0,1
99,66,43,0,1
99,66,44,0,1
99,66,45,0,1
99,66,46,0,1
99,66,47,0,1
99,66,48,0,1
99,66,49,0,1
99,66,50,0,1
99,66,51,0,1
99,66,52,0,1
99,66,53,0,1
99,66,54,0,1
99,66,55,0,1
99,66,56,0,1
99,66,57,0,1
99,66,58,0,1
99,66,59,0,1
99,66,60,0,1
99,66,61,0,1
99,66,62,0,1
99,66,63,0,1
99,67,0,0,1
99,67,1,0,1
99,67,2,0,1
99,67,3,0,1
99,67,4,0,1
99,67,5,0,1
99,67,6,0,1
99,67,7,0,1
99,67,8,0,1
99,67,9,0,1
99,67,10,0,1
99,67,11,0,1
99,67,12,0,1
99,67,13,0,1
99,67,14,0,1
99,67,15,0,1
99,67,16,0,1
99,67,17,0,1
99,67,18,0,1
99,67,19,0,1
99,67,20,0,1
99,67,21,0,1
99,67,22,0,1
99,67,23,0,1
99,67,24,0,1
99,67,25,0,1
99,67,26,0,1
99,67,27,0,1
99,67,28,0,1
99,67,29,0,1
99,67,30,0,1
99,67,31,0,1
99,67,32,0,1
99,67,33,0,1
99,67,34,0,1
99,67,35,0,1
99,67,36,0,1
99,67,37,0,1
99,67,38,0,1
99,67,39,0,1
99,67,40,0,1
99,67,41,0,1
99,67,42,0,1
99,67,43,0,1
99,67,44,0,1
99,67,45,0,1
99,67,46,0,1
99,67,47,0,1
99,67,48,0,1
99,67,49,0,1
99,67,50,0,1
99,67,51,0,1
99,67,52,0,1
99,67,53,0,1
99,67,54,0,1
99,67,55,0,1
99,67,56,0,1
99,67,57,0,1
99,67,58,0,1
99,67,59,0,1
99,67,60,0,1
99,67,61,0,1
99,67,62,0,1
99,67,63,0,1
99,68,0,0,1
99,68,1,0,1
99,68,2,0,1
99,68,3,0,1
99,68,4,0,1
99,68,5,0,1
99,68,6,0,1
99,68,7,0,1
99,68,8,0,1
99,68,9,0,1
99,68,10,0,1
99,68,11,0,1
99,68,12,0,1
99,68,13,0,1
99,68,14,0,1
99,68,15,0,1
99,68,16,0,1
99,68,17,0,1
99,68,18,0,1
99,68,19,0,1
99,68,20,0,1
99,68,21,0,1
99,68,22,0,1
99,68,23,0,1
99,68,24,0,1
99,68,25,0,1
99,68,26,0,1
99,68,27,0,1
99,68,28,0,1
99,68,29,0,1
99,68,30,0,1
99,68,31,0,1
99,68,32,0,1
99,68,33,0,1
99,68,34,0,1
99,68,35,0,1
99,68,36,0,1
99,68,37,0,1
99,68,38,0,1
99,68,39,0,1
99,68,40,0,1
99,68,41,0,1
99,68,42,0,1
99,68,43,0,1
99,68,44,0,1
99,68,45,0,1
99,68,46,0,1
99,68,47,0,1
99,68,48,0,1
99,68,49,0,1
99,68,50,0,1
99,68,51,0,1
99,68,52,0,1
99,68,53,0,1
99,68,54,0,1
99,68,55,0,1
99,68,56,0,1
99,68,57,0,1
99,68,58,0,1
99,68,59,0,1
99,68,60,0,1
99,68,61,0,1
99,68,62,0,1
99,68,63,0,1
99,69,0,0,1
99,69,1,0,1
99,69,2,0,1
99,69,3,0,1
99,69,4,0,1
99,69,5,0,1
99,69,6,0,1
99,69,7,0,1
99,69,8,0,1
99,69,9,0,1
99,69,10,0,1
99,69,11,0,1
99,69,12,0,1
99,69,13,0,1
99,69,14,0,1
99,69,15,0,1
99,69,16,0,1
99,69,17,0,1
99,69,18,0,1
99,69,19,0,1
99,69,20,0,1
99,69,21,0,1
99,69,22,0,1
99,69,23,0,1
99,69,24,0,1
99,69,25,0,1
99,69,26,0,1
99,69,27,0,1
99,69,28,0,1
99,69,29,0,1
99,69,30,0,1
99,69,31,0,1
99,69,32,0,1
99,69,33,0,1
99,69,34,0,1
99,69,35,0,1
99,69,36,0,1
99,69,37,0,1
99,69,38,0,1
99,69,39,0,1
99,69,40,0,1
99,69,41,0,1
99,69,42,0,1
99,69,43,0,1
99,69,44,0,1
99,69,45,0,1
99,69,46,0,1
99,69,47,0,1
99,69,48,0,1
99,69,49,0,1
99,69,50,0,1
99,69,51,0,1
99,69,52,0,1
99,69,53,0,1
99,69,54,0,1
99,69,55,0,1
99,69,56,0,1
99,69,57,0,1
99,69,58,0,1
99,69,59,0,1
99,69,60,0,1
99,69,61,0,1
99,69,62,0,1
99,69,63,0,1
99,70,0,0,1
99,70,1,0,1
99,70,2,0,1
99,70,3,0,1
99,70,4,0,1
99,70,5,0,1
99,70,6,0,1
99,70,7,0,1
99,70,8,0,1
99,70,9,0,1
99,70,10,0,1
99,70,11,0,1
99,70,12,0,1
99,70,13,0,1
99,70,14,0,1
99,70,15,0,1
99,70,16,0,1
99,70,17,0,1
99,70,18,0,1
99,70,19,0,1
99,70,20,0,1
99,70,21,0,1
99,70,22,0,1
99,70,23,0,1
99,70,24,0,1
99,70,25,0,1
99,70,26,0,1
99,70,27,0,1
99,70,28,0,1
99,70,29,0,1
99,70,30,0,1
99,70,31,0,1
99,70,32,0,1
99,70,33,0,1
99,70,34,0,1
99,70,35,0,1
99,70,36,0,1
99,70,37,0,1
99,70,38,0,1
99,70,39,0,1
99,70,40,0,1
99,70,41,0,1
99,70,42,0,1
99,70,43,0,1
99,70,44,0,1
99,70,45,0,1
99,70,46,0,1
99,70,47,0,1
99,70,48,0,1
99,70,49,0,1
99,70,50,0,1
99,70,51,0,1
99,70,52,0,1
99,70,53,0,1
99,70,54,0,1
99,70,55,0,1
99,70,56,0,1
99,70,57,0,1
99,70,58,0,1
99,70,59,0,1
99,70,60,0,1
99,70,61,0,1
99,70,62,0,1
99,70,63,0,1
99,71,0,0,1
99,71,1,0,1
99,71,2,0,1
99,71,3,0,1
99,71,4,0,1
99,71,5,0,1
99,71,6,0,1
99,71,7,0,1
99,71,8,0,1
99,71,9,0,1
99,71,10,0,1
99,71,11,0,1
99,71,12,0,1
99,71,13,0,1
99,71,14,0,1
99,71,15,0,1
99,71,16,0,1
99,71,17,0,1
99,71,18,0,1
99,71,19,0,1
99,71,20,0,1
99,71,21,0,1
99,71,22,0,1
99,71,23,0,1
99,71,24,0,1
99,71,25,0,1
99,71,26,0,1
99,71,27,0,1
99,71,28,0,1
99,71,29,0,1
99,71,30,0,1
99,71,31,0,1
99,71,32,0,1
99,71,33,0,1
99,71,34,0,1
99,71,35,0,1
99,71,36,0,1
99,71,37,0,1
99,71,38,0,1
99,71,39,0,1
99,71,40,0,1
99,71,41,0,1
99,71,42,0,1
99,71,43,0,1
99,71,44,0,1
99,71,45,0,1
99,71,46,0,1
99,71,47,0,1
99,71,48,0,1
99,71,49,0,1
99,71,50,0,1
99,71,51,0,1
99,71,52,0,1
99,71,53,0,1
99,71,54,0,1
99,71,55,0,1
99,71,56,0,1
99,71,57,0,1
99,71,58,0,1
99,71,59,0,1
99,71,60,0,1
99,71,61,0,1
99,71,62,0,1
99,71,63,0,1
99,72,0,0,1
99,72,1,0,1
99,72,2,0,1
99,72,3,0,1
99,72,4,0,1
99,72,5,0,1
99,72,6,0,1
99,72,7,0,1
99,72,8,0,1
99,72,9,0,1
99,72,10,0,1
99,72,11,0,1
99,72,12,0,1
99,72,13,0,1
99,72,14,0,1
99,72,15,0,1
99,72,16,0,1
99,72,17,0,1
99,72,18,0,1
99,72,19,0,1
99,72,20,0,1
99,72,21,0,1
99,72,22,0,1
99,72,23,0,1
99,72,24,0,1
99,72,25,0,1
99,72,26,0,1
99,72,27,0,1
99,72,28,0,1
99,72,29,0,1
99,72,30,0,1
99,72,31,0,1
99,72,32,0,1
99,72,33,0,1
99,72,34,0,1
99,72,35,0,1
99,72,36,0,1
99,72,37,0,1
99,72,38,0,1
99,72,39,0,1
99,72,40,0,1
99,72,41,0,1
99,72,42,0,1
99,72,43,0,1
99,72,44,0,1
99,72,45,0,1
99,72,46,0,1
99,72,47,0,1
99,72,48,0,1
99,72,49,0,1
99,72,50,0,1
99,72,51,0,1
99,72,52,0,1
99,72,53,0,1
99,72,54,0,1
99,72,55,0,1
99,72,56,0,1
99,72,57,0,1
99,72,58,0,1
99,72,59,0,1
99,72,60,0,1
99,72,61,0,1
99,72,62,0,1
99,72,63,0,1
99,73,0,0,1
99,73,1,0,1
99,73,2,0,1
99,73,3,0,1
99,73,4,0,1
99,73,5,0,1
99,73,6,0,1
99,73,7,0,1
99,73,8,0,1
99,73,9,0,1
99,73,10,0,1
99,73,11,0,1
99,73,12,0,1
99,73,13,0,1
99,73,14,0,1
99,73,15,0,1
99,73,16,0,1
99,73,17,0,1
99,73,18,0,1
99,73,19,0,1
99,73,20,0,1
99,73,21,0,1
99,73,22,0,1
99,73,23,0,1
99,73,24,0,1
99,73,25,0,1
99,73,26,0,1
99,73,27,0,1
99,73,28,0,1
99,73,29,0,1
99,73,30,0,1
99,73,31,0,1
99,73,32,0,1
99,73,33,0,1
99,73,34,0,1
99,73,35,0,1
99,73,36,0,1
99,73,37,0,1
99,73,38,0,1
99,73,39,0,1
99,73,40,0,1
99,73,41,0,1
99,73,42,0,1
99,73,43,0,1
99,73,44,0,1
99,73,45,0,1
99,73,46,0,1
99,73,47,0,1
99,73,48,0,1
99,73,49,0,1
99,73,50,0,1
99,73,51,0,1
99,73,52,0,1
99,73,53,0,1
99,73,54,0,1
99,73,55,0,1
99,73,56,0,1
99,73,57,0,1
99,73,58,0,1
99,73,59,0,1
99,73,60,0,1
99,73,61,0,1
99,73,62,0,1
99,73,63,0,1
99,74,0,0,1
99,74,1,0,1
99,74,2,0,1
99,74,3,0,1
99,74,4,0,1
99,74,5,0,1
99,74,6,0,1
99,74,7,0,1
99,74,8,0,1
99,74,9,0,1
99,74,10,0,1
99,74,11,0,1
99,74,12,0,1
99,74,13,0,1
99,74,14,0,1
99,74,15,0,1
99,74,16,0,1
99,74,17,0,1
99,74,18,0,1
99,74,19,0,1
99,74,20,0,1
99,74,21,0,1
99,74,22,0,1
99,74,23,0,1
99,74,24,0,1
99,74,25,0,1
99,74,26,0,1
99,74,27,0,1
99,74,28,0,1
99,74,29,0,1
99,74,30,0,1
99,74,31,0,1
99,74,32,0,1
99,74,33,0,1
99,74,34,0,1
99,74,35,0,1
99,74,36,0,1
99,74,37,0,1
99,74,38,0,1
99,74,39,0,1
99,74,40,0,1
99,74,41,0,1
99,74,42,0,1
99,74,43,0,1
99,74,44,0,1
99,74,45,0,1
99,74,46,0,1
99,74,47,0,1
99,74,48,0,1
99,74,49,0,1
99,74,50,0,1
99,74,51,0,1
99,74,52,0,1
99,74,53,0,1
99,74,54,0,1
99,74,55,0,1
99,74,56,0,1
99,74,57,0,1
99,74,58,0,1
99,74,59,0,1
99,74,60,0,1
99,74,61,0,1
99,74,62,0,1
99,74,63,0,1
99,75,0,0,1
99,75,1,0,1
99,75,2,0,1
99,75,3,0,1
99,75,4,0,1
99,75,5,0,1
99,75,6,0,1
99,75,7,0,1
99,75,8,0,1
99,75,9,0,1
99,75,10,0,1
99,75,11,0,1
99,75,12,0,1
99,75,13,0,1
99,75,14,0,1
99,75,15,0,1
99,75,16,0,1
99,75,17,0,1
99,75,18,0,1
99,75,19,0,1
99,75,20,0,1
99,75,21,0,1
99,75,22,0,1
99,75,23,0,1
99,75,24,0,1
99,75,25,0,1
99,75,26,0,1
99,75,27,0,1
99,75,28,0,1
99,75,29,0,1
99,75,30,0,1
99,75,31,0,1
99,75,32,0,1
99,75,33,0,1
99,75,34,0,1
99,75,35,0,1
99,75,36,0,1
99,75,37,0,1
99,75,38,0,1
99,75,39,0,1
99,75,40,0,1
99,75,41,0,1
99,75,42,0,1
99,75,43,0,1
99,75,44,0,1
99,75,45,0,1
99,75,46,0,1
99,75,47,0,1
99,75,48,0,1
99,75,49,0,1
99,75,50,0,1
99,75,51,0,1
99,75,52,0,1
99,75,53,0,1
99,75,54,0,1
99,75,55,0,1
99,75,56,0,1
99,75,57,0,1
99,75,58,0,1
99,75,59,0,1
99,75,60,0,1
99,75,61,0,1
99,75,62,0,1
99,75,63,0,1
99,76,0,0,1
99,76,1,0,1
99,76,2,0,1
99,76,3,0,1
99,76,4,0,1
99,76,5,0,1
99,76,6,0,1
99,76,7,0,1
99,76,8,0,1
99,76,9,0,1
99,76,10,0,1
99,76,11,0,1
99,76,12,0,1
99,76,13,0,1
99,76,14,0,1
99,76,15,0,1
99,76,16,0,1
99,76,17,0,1
99,76,18,0,1
99,76,19,0,1
99,76,20,0,1
99,76,21,0,1
99,76,22,0,1
99,76,23,0,1
99,76,24,0,1
99,76,25,0,1
99,76,26,0,1
99,76,27,0,1
99,76,28,0,1
99,76,29,0,1
99,76,30,0,1
99,76,31,0,1
99,76,32,0,1
99,76,33,0,1
99,76,34,0,1
99,76,35,0,1
99,76,36,0,1
99,76,37,0,1
99,76,38,0,1
99,76,39,0,1
99,76,40,0,1
99,76,41,0,1
99,76,42,0,1
99,76,43,0,1
99,76,44,0,1
99,76,45,0,1
99,76,46,0,1
99,76,47,0,1
99,76,48,0,1
99,76,49,0,1
99,76,50,0,1
99,76,51,0,1
99,76,52,0,1
99,76,53,0,1
99,76,54,0,1
99,76,55,0,1
99,76,56,0,1
99,76,57,0,1
99,76,58,0,1
99,76,59,0,1
99,76,60,0,1
99,76,61,0,1
99,76,62,0,1
99,76,63,0,1
99,77,0,0,1
99,77,1,0,1
99,77,2,0,1
99,77,3,0,1
99,77,4,0,1
99,77,5,0,1
99,77,6,0,1
99,77,7,0,1
99,77,8,0,1
99,77,9,0,1
99,77,10,0,1
99,77,11,0,1
99,77,12,0,1
99,77,13,0,1
99,77,14,0,1
99,77,15,0,1
99,77,16,0,1
99,77,17,0,1
99,77,18,0,1
99,77,19,0,1
99,77,20,0,1
99,77,21,0,1
99,77,22,0,1
99,77,23,0,1
99,77,24,0,1
99,77,25,0,1
99,77,26,0,1
99,77,27,0,1
99,77,28,0,1
99,77,29,0,1
99,77,30,0,1
99,77,31,0,1
99,77,32,0,1
99,77,33,0,1
99,77,34,0,1
99,77,35,0,1
99,77,36,0,1
99,77,37,0,1
99,77,38,0,1
99,77,39,0,1
99,77,40,0,1
99,77,41,0,1
99,77,42,0,1
99,77,43,0,1
99,77,44,0,1
99,77,45,0,1
99,77,46,0,1
99,77,47,0,1
99,77,48,0,1
99,77,49,0,1
99,77,50,0,1
99,77,51,0,1
99,77,52,0,1
99,77,53,0,1
99,77,54,0,1
99,77,55,0,1
99,77,56,0,1
99,77,57,0,1
99,77,58,0,1
99,77,59,0,1
99,77,60,0,1
99,77,61,0,1
99,77,62,0,1
99,77,63,0,1
99,78,0,0,1
99,78,1,0,1
99,78,2,0,1
99,78,3,0,1
99,78,4,0,1
99,78,5,0,1
99,78,6,0,1
99,78,7,0,1
99,78,8,0,1
99,78,9,0,1
99,78,10,0,1
99,78,11,0,1
99,78,12,0,1
99,78,13,0,1
99,78,14,0,1
99,78,15,0,1
99,78,16,0,1
99,78,17,0,1
99,78,18,0,1
99,78,19,0,1
99,78,20,0,1
99,78,21,0,1
99,78,22,0,1
99,78,23,0,1
99,78,24,0,1
99,78,25,0,1
99,78,26,0,1
99,78,27,0,1
99,78,28,0,1
99,78,29,0,1
99,78,30,0,1
99,78,31,0,1
99,78,32,0,1
99,78,33,0,1
99,78,34,0,1
99,78,35,0,1
99,78,36,0,1
99,78,37,0,1
99,78,38,0,1
99,78,39,0,1
99,78,40,0,1
99,78,41,0,1
99,78,42,0,1
99,78,43,0,1
99,78,44,0,1
99,78,45,0,1
99,78,46,0,1
99,78,47,0,1
99,78,48,0,1
99,78,49,0,1
99,78,50,0,1
99,78,51,0,1
99,78,52,0,1
99,78,53,0,1
99,78,54,0,1
99,78,55,0,1
99,78,56,0,1
99,78,57,0,1
99,78,58,0,1
99,78,59,0,1
99,78,60,0,1
99,78,61,0,1
99,78,62,0,1
99,78,63,0,1
99,79,0,0,1
99,79,1,0,1
99,79,2,0,1
99,79,3,0,1
99,79,4,0,1
99,79,5,0,1
99,79,6,0,1
99,79,7,0,1
99,79,8,0,1
99,79,9,0,1
99,79,10,0,1
99,79,11,0,1
99,79,12,0,1
99,79,13,0,1
99,79,14,0,1
99,79,15,0,1
99,79,16,0,1
99,79,17,0,1
99,79,18,0,1
99,79,19,0,1
99,79,20,0,1
99,79,21,0,1
99,79,22,0,1
99,79,23,0,1
99,79,24,0,1
99,79,25,0,1
99,79,26,0,1
99,79,27,0,1
99,79,28,0,1
99,79,29,0,1
99,79,30,0,1
99,79,31,0,1
99,79,32,0,1
99,79,33,0,1
99,79,34,0,1
99,79,35,0,1
99,79,36,0,1
99,79,37,0,1
99,79,38,0,1
99,79,39,0,1
99,79,40,0,1
99,79,41,0,1
99,79,42,0,1
99,79,43,0,1
99,79,44,0,1
99,79,45,0,1
99,79,46,0,1
99,79,47,0,1
99,79,48,0,1
99,79,49,0,1
99,79,50,0,1
99,79,51,0,1
99,79,52,0,1
99,79,53,0,1
99,79,54,0,1
99,79,55,0,1
99,79,56,0,1
99,79,57,0,1
99,79,58,0,1
99,79,59,0,1
99,79,60,0,1
99,79,61,0,1
99,79,62,0,1
99,79,63,0,1
99,80,0,0,1
99,80,1,0,1
99,80,2,0,1
99,80,3,0,1
99,80,4,0,1
99,80,5,0,1
99,80,6,0,1
99,80,7,0,1
99,80,8,0,1
99,80,9,0,1
99,80,10,0,1
99,80,11,0,1
99,80,12,0,1
99,80,13,0,1
99,80,14,0,1
99,80,15,0,1
99,80,16,0,1
99,80,17,0,1
99,80,18,0,1
99,80,19,0,1
99,80,20,0,1
99,80,21,0,1
99,80,22,0,1
99,80,23,0,1
99,80,24,0,1
99,80,25,0,1
99,80,26,0,1
99,80,27,0,1
99,80,28,0,1
99,80,29,0,1
99,80,30,0,1
99,80,31,0,1
99,80,32,0,1
99,80,33,0,1
99,80,34,0,1
99,80,35,0,1
99,80,36,0,1
99,80,37,0,1
99,80,38,0,1
99,80,39,0,1
99,80,40,0,1
99,80,41,0,1
99,80,42,0,1
99,80,43,0,1
99,80,44,0,1
99,80,45,0,1
99,80,46,0,1
99,80,47,0,1
99,80,48,0,1
99,80,49,0,1
99,80,50,0,1
99,80,51,0,1
99,80,52,0,1
99,80,53,0,1
99,80,54,0,1
99,80,55,0,1
99,80,56,0,1
99,80,57,0,1
99,80,58,0,1
99,80,59,0,1
99,80,60,0,1
99,80,61,0,1
99,80,62,0,1
99,80,63,0,1
99,81,0,0,1
99,81,1,0,1
99,81,2,0,1
99,81,3,0,1
99,81,4,0,1
99,81,5,0,1
99,81,6,0,1
99,81,7,0,1
99,81,8,0,1
99,81,9,0,1
99,81,10,0,1
99,81,11,0,1
99,81,12,0,1
99,81,13,0,1
99,81,14,0,1
99,81,15,0,1
99,81,16,0,1
99,81,17,0,1
99,81,18,0,1
99,81,19,0,1
99,81,20,0,1
99,81,21,0,1
99,81,22,0,1
99,81,23,0,1
99,81,24,0,1
99,81,25,0,1
99,81,26,0,1
99,81,27,0,1
99,81,28,0,1
99,81,29,0,1
99,81,30,0,1
99,81,31,0,1
99,81,32,0,1
99,81,33,0,1
99,81,34,0,1
99,81,35,0,1
99,81,36,0,1
99,81,37,0,1
99,81,38,0,1
99,81,39,0,1
99,81,40,0,1
99,81,41,0,1
99,81,42,0,1
99,81,43,0,1
99,81,44,0,1
99,81,45,0,1
99,81,46,0,1
99,81,47,0,1
99,81,48,0,1
99,81,49,0,1
99,81,50,0,1
99,81,51,0,1
99,81,52,0,1
99,81,53,0,1
99,81,54,0,1
99,81,55,0,1
99,81,56,0,1
99,81,57,0,1
99,81,58,0,1
99,81,59,0,1
99,81,60,0,1
99,81,61,0,1
99,81,62,0,1
99,81,63,0,1
99,82,0,0,1
99,82,1,0,1
99,82,2,0,1
99,82,3,0,1
99,82,4,0,1
99,82,5,0,1
99,82,6,0,1
99,82,7,0,1
99,82,8,0,1
99,82,9,0,1
99,82,10,0,1
99,82,11,0,1
99,82,12,0,1
99,82,13,0,1
99,82,14,0,1
99,82,15,0,1
99,82,16,0,1
99,82,17,0,1
99,82,18,0,1
99,82,19,0,1
99,82,20,0,1
99,82,21,0,1
99,82,22,0,1
99,82,23,0,1
99,82,24,0,1
99,82,25,0,1
99,82,26,0,1
99,82,27,0,1
99,82,28,0,1
99,82,29,0,1
99,82,30,0,1
99,82,31,0,1
99,82,32,0,1
99,82,33,0,1
99,82,34,0,1
99,82,35,0,1
99,82,36,0,1
99,82,37,0,1
99,82,38,0,1
99,82,39,0,1
99,82,40,0,1
99,82,41,0,1
99,82,42,0,1
99,82,43,0,1
99,82,44,0,1
99,82,45,0,1
99,82,46,0,1
99,82,47,0,1
99,82,48,0,1
99,82,49,0,1
99,82,50,0,1
99,82,51,0,1
99,82,52,0,1
99,82,53,0,1
99,82,54,0,1
99,82,55,0,1
99,82,56,0,1
99,82,57,0,1
99,82,58,0,1
99,82,59,0,1
99,82,60,0,1
99,82,61,0,1
99,82,62,0,1
99,82,63,0,1
99,83,0,0,1
99,83,1,0,1
99,83,2,0,1
99,83,3,0,1
99,83,4,0,1
99,83,5,0,1
99,83,6,0,1
99,83,7,0,1
99,83,8,0,1
99,83,9,0,1
99,83,10,0,1
99,83,11,0,1
99,83,12,0,1
99,83,13,0,1
99,83,14,0,1
99,83,15,0,1
99,83,16,0,1
99,83,17,0,1
99,83,18,0,1
99,83,19,0,1
99,83,20,0,1
99,83,21,0,1
99,83,22,0,1
99,83,23,0,1
99,83,24,0,1
99,83,25,0,1
99,83,26,0,1
99,83,27,0,1
99,83,28,0,1
99,83,29,0,1
99,83,30,0,1
99,83,31,0,1
99,83,32,0,1
99,83,33,0,1
99,83,34,0,1
99,83,35,0,1
99,83,36,0,1
99,83,37,0,1
99,83,38,0,1
99,83,39,0,1
99,83,40,0,1
99,83,41,0,1
99,83,42,0,1
99,83,43,0,1
99,83,44,0,1
99,83,45,0,1
99,83,46,0,1
99,83,47,0,1
99,83,48,0,1
99,83,49,0,1
99,83,50,0,1
99,83,51,0,1
99,83,52,0,1
99,83,53,0,1
99,83,54,0,1
99,83,55,0,1
99,83,56,0,1
99,83,57,0,1
99,83,58,0,1
99,83,59,0,1
99,83,60,0,1
99,83,61,0,1
99,83,62,0,1
99,83,63,0,1
99,84,0,0,1
99,84,1,0,1
99,84,2,0,1
99,84,3,0,1
99,84,4,0,1
99,84,5,0,1
99,84,6,0,1
99,84,7,0,1
99,84,8,0,1
99,84,9,0,1
99,84,10,0,1
99,84,11,0,1
99,84,12,0,1
99,84,13,0,1
99,84,14,0,1
99,84,15,0,1
99,84,16,0,1
99,84,17,0,1
99,84,18,0,1
99,84,19,0,1
99,84,20,0,1
99,84,21,0,1
99,84,22,0,1
99,84,23,0,1
99,84,24,0,1
99,84,25,0,1
99,84,26,0,1
99,84,27,0,1
99,84,28,0,1
99,84,29,0,1
99,84,30,0,1
99,84,31,0,1
99,84,32,0,1
99,84,33,0,1
99,84,34,0,1
99,84,35,0,1
99,84,36,0,1
99,84,37,0,1
99,84,38,0,1
99,84,39,0,1
99,84,40,0,1
99,84,41,0,1
99,84,42,0,1
99,84,43,0,1
99,84,44,0,1
99,84,45,0,1
99,84,46,0,1
99,84,47,0,1
99,84,48,0,1
99,84,49,0,1
99,84,50,0,1
99,84,51,0,1
99,84,52,0,1
99,84,53,0,1
99,84,54,0,1
99,84,55,0,1
99,84,56,0,1
99,84,57,0,1
99,84,58,0,1
99,84,59,0,1
99,84,60,0,1
99,84,61,0,1
99,84,62,0,1
99,84,63,0,1
99,85,0,0,1
99,85,1,0,1
99,85,2,0,1
99,85,3,0,1
99,85,4,0,1
99,85,5,0,1
99,85,6,0,1
99,85,7,0,1
99,85,8,0,1
99,85,9,0,1
99,85,10,0,1
99,85,11,0,1
99,85,12,0,1
99,85,13,0,1
99,85,14,0,1
99,85,15,0,1
99,85,16,0,1
99,85,17,0,1
99,85,18,0,1
99,85,19,0,1
99,85,20,0,1
99,85,21,0,1
99,85,22,0,1
99,85,23,0,1
99,85,24,0,1
99,85,25,0,1
99,85,26,0,1
99,85,27,0,1
99,85,28,0,1
99,85,29,0,1
99,85,30,0,1
99,85,31,0,1
99,85,32,0,1
99,85,33,0,1
99,85,34,0,1
99,85,35,0,1
99,85,36,0,1
99,85,37,0,1
99,85,38,0,1
99,85,39,0,1
99,85,40,0,1
99,85,41,0,1
99,85,42,0,1
99,85,43,0,1
99,85,44,0,1
99,85,45,0,1
99,85,46,0,1
99,85,47,0,1
99,85,48,0,1
99,85,49,0,1
99,85,50,0,1
99,85,51,0,1
99,85,52,0,1
99,85,53,0,1
99,85,54,0,1
99,85,55,0,1
99,85,56,0,1
99,85,57,0,1
99,85,58,0,1
99,85,59,0,1
99,85,60,0,1
99,85,61,0,1
99,85,62,0,1
99,85,63,0,1
99,86,0,0,1
99,86,1,0,1
99,86,2,0,1
99,86,3,0,1
99,86,4,0,1
99,86,5,0,1
99,86,6,0,1
99,86,7,0,1
99,86,8,0,1
99,86,9,0,1
99,86,10,0,1
99,86,11,0,1
99,86,12,0,1
99,86,13,0,1
99,86,14,0,1
99,86,15,0,1
99,86,16,0,1
99,86,17,0,1
99,86,18,0,1
99,86,19,0,1
99,86,20,0,1
99,86,21,0,1
99,86,22,0,1
99,86,23,0,1
99,86,24,0,1
99,86,25,0,1
99,86,26,0,1
99,86,27,0,1
99,86,28,0,1
99,86,29,0,1
99,86,30,0,1
99,86,31,0,1
99,86,32,0,1
99,86,33,0,1
99,86,34,0,1
99,86,35,0,1
99,86,36,0,1
99,86,37,0,1
99,86,38,0,1
99,86,39,0,1
99,86,40,0,1
99,86,41,0,1
99,86,42,0,1
99,86,43,0,1
99,86,44,0,1
99,86,45,0,1
99,86,46,0,1
99,86,47,0,1
99,86,48,0,1
99,86,49,0,1
99,86,50,0,1
99,86,51,0,1
99,86,52,0,1
99,86,53,0,1
99,86,54,0,1
99,86,55,0,1
99,86,56,0,1
99,86,57,0,1
99,86,58,0,1
99,86,59,0,1
99,86,60,0,1
99,86,61,0,1
99,86,62,0,1
99,86,63,0,1
99,87,0,0,1
99,87,1,0,1
99,87,2,0,1
99,87,3,0,1
99,87,4,0,1
99,87,5,0,1
99,87,6,0,1
99,87,7,0,1
99,87,8,0,1
99,87,9,0,1
99,87,10,0,1
99,87,11,0,1
99,87,12,0,1
99,87,13,0,1
99,87,14,0,1
99,87,15,0,1
99,87,16,0,1
99,87,17,0,1
99,87,18,0,1
99,87,19,0,1
99,87,20,0,1
99,87,21,0,1
99,87,22,0,1
99,87,23,0,1
99,87,24,0,1
99,87,25,0,1
99,87,26,0,1
99,87,27,0,1
99,87,28,0,1
99,87,29,0,1
99,87,30,0,1
99,87,31,0,1
99,87,32,0,1
99,87,33,0,1
99,87,34,0,1
99,87,35,0,1
99,87,36,0,1
99,87,37,0,1
99,87,38,0,1
99,87,39,0,1
99,87,40,0,1
99,87,41,0,1
99,87,42,0,1
99,87,43,0,1
99,87,44,0,1
99,87,45,0,1
99,87,46,0,1
99,87,47,0,1
99,87,48,0,1
99,87,49,0,1
99,87,50,0,1
99,87,51,0,1
99,87,52,0,1
99,87,53,0,1
99,87,54,0,1
99,87,55,0,1
99,87,56,0,1
99,87,57,0,1
99,87,58,0,1
99,87,59,0,1
99,87,60,0,1
99,87,61,0,1
99,87,62,0,1
99,87,63,0,1
99,88,0,0,1
99,88,1,0,1
99,88,2,0,1
99,88,3,0,1
99,88,4,0,1
99,88,5,0,1
99,88,6,0,1
99,88,7,0,1
99,88,8,0,1
99,88,9,0,1
99,88,10,0,1
99,88,11,0,1
99,88,12,0,1
99,88,13,0,1
99,88,14,0,1
99,88,15,0,1
99,88,16,0,1
99,88,17,0,1
99,88,18,0,1
99,88,19,0,1
99,88,20,0,1
99,88,21,0,1
99,88,22,0,1
99,88,23,0,1
99,88,24,0,1
99,88,25,0,1
99,88,26,0,1
99,88,27,0,1
99,88,28,0,1
99,88,29,0,1
99,88,30,0,1
99,88,31,0,1
99,88,32,0,1
99,88,33,0,1
99,88,34,0,1
99,88,35,0,1
99,88,36,0,1
99,88,37,0,1
99,88,38,0,1
99,88,39,0,1
99,88,40,0,1
99,88,41,0,1
99,88,42,0,1
99,88,43,0,1
99,88,44,0,1
99,88,45,0,1
99,88,46,0,1
99,88,47,0,1
99,88,48,0,1
99,88,49,0,1
99,88,50,0,1
99,88,51,0,1
99,88,52,0,1
99,88,53,0,1
99,88,54,0,1
99,88,55,0,1
99,88,56,0,1
99,88,57,0,1
99,88,58,0,1
99,88,59,0,1
99,88,60,0,1
99,88,61,0,1
99,88,62,0,1
99,88,63,0,1
99,89,0,0,1
99,89,1,0,1
99,89,2,0,1
99,89,3,0,1
99,89,4,0,1
99,89,5,0,1
99,89,6,0,1
99,89,7,0,1
99,89,8,0,1
99,89,9,0,1
99,89,10,0,1
99,89,11,0,1
99,89,12,0,1
99,89,13,0,1
99,89,14,0,1
99,89,15,0,1
99,89,16,0,1
99,89,17,0,1
99,89,18,0,1
99,89,19,0,1
99,89,20,0,1
99,89,21,0,1
99,89,22,0,1
99,89,23,0,1
99,89,24,0,1
99,89,25,0,1
99,89,26,0,1
99,89,27,0,1
99,89,28,0,1
99,89,29,0,1
99,89,30,0,1
99,89,31,0,1
99,89,32,0,1
99,89,33,0,1
99,89,34,0,1
99,89,35,0,1
99,89,36,0,1
99,89,37,0,1
99,89,38,0,1
99,89,39,0,1
99,89,40,0,1
99,89,41,0,1
99,89,42,0,1
99,89,43,0,1
99,89,44,0,1
99,89,45,0,1
99,89,46,0,1
99,89,47,0,1
99,89,48,0,1
99,89,49,0,1
99,89,50,0,1
99,89,51,0,1
99,89,52,0,1
99,89,53,0,1
99,89,54,0,1
99,89,55,0,1
99,89,56,0,1
99,89,57,0,1
99,89,58,0,1
99,89,59,0,1
99,89,60,0,1
99,89,61,0,1
99,89,62,0,1
99,89,63,0,1
99,90,0,0,1
99,90,1,0,1
99,90,2,0,1
99,90,3,0,1
99,90,4,0,1
99,90,5,0,1
99,90,6,0,1
99,90,7,0,1
99,90,8,0,1
99,90,9,0,1
99,90,10,0,1
99,90,11,0,1
99,90,12,0,1
99,90,13,0,1
99,90,14,0,1
99,90,15,0,1
99,90,16,0,1
99,90,17,0,1
99,90,18,0,1
99,90,19,0,1
99,90,20,0,1
99,90,21,0,1
99,90,22,0,1
99,90,23,0,1
99,90,24,0,1
99,90,25,0,1
99,90,26,0,1
99,90,27,0,1
99,90,28,0,1
99,90,29,0,1
99,90,30,0,1
99,90,31,0,1
99,90,32,0,1
99,90,33,0,1
99,90,34,0,1
99,90,35,0,1
99,90,36,0,1
99,90,37,0,1
99,90,38,0,1
99,90,39,0,1
99,90,40,0,1
99,90,41,0,1
99,90,42,0,1
99,90,43,0,1
99,90,44,0,1
99,90,45,0,1
99,90,46,0,1
99,90,47,0,1
99,90,48,0,1
99,90,49,0,1
99,90,50,0,1
99,90,51,0,1
99,90,52,0,1
99,90,53,0,1
99,90,54,0,1
99,90,55,0,1
99,90,56,0,1
99,90,57,0,1
99,90,58,0,1
99,90,59,0,1
99,90,60,0,1
99,90,61,0,1
99,90,62,0,1
99,90,63,0,1
99,91,0,0,1
99,91,1,0,1
99,91,2,0,1
99,91,3,0,1
99,91,4,0,1
99,91,5,0,1
99,91,6,0,1
99,91,7,0,1
99,91,8,0,1
99,91,9,0,1
99,91,10,0,1
99,91,11,0,1
99,91,12,0,1
99,91,13,0,1
99,91,14,0,1
99,91,15,0,1
99,91,16,0,1
99,91,17,0,1
99,91,18,0,1
99,91,19,0,1
99,91,20,0,1
99,91,21,0,1
99,91,22,0,1
99,91,23,0,1
99,91,24,0,1
99,91,25,0,1
99,91,26,0,1
99,91,27,0,1
99,91,28,0,1
99,91,29,0,1
99,91,30,0,1
99,91,31,0,1
99,91,32,0,1
99,91,33,0,1
99,91,34,0,1
99,91,35,0,1
99,91,36,0,1
99,91,37,0,1
99,91,38,0,1
99,91,39,0,1
99,91,40,0,1
99,91,41,0,1
99,91,42,0,1
99,91,43,0,1
99,91,44,0,1
99,91,45,0,1
99,91,46,0,1
99,91,47,0,1
99,91,48,0,1
99,91,49,0,1
99,91,50,0,1
99,91,51,0,1
99,91,52,0,1
99,91,53,0,1
99,91,54,0,1
99,91,55,0,1
99,91,56,0,1
99,91,57,0,1
99,91,58,0,1
99,91,59,0,1
99,91,60,0,1
99,91,61,0,1
99,91,62,0,1
99,91,63,0,1
99,92,0,0,1
99,92,1,0,1
99,92,2,0,1
99,92,3,0,1
99,92,4,0,1
99,92,5,0,1
99,92,6,0,1
99,92,7,0,1
99,92,8,0,1
99,92,9,0,1
99,92,10,0,1
99,92,11,0,1
99,92,12,0,1
99,92,13,0,1
99,92,14,0,1
99,92,15,0,1
99,92,16,0,1
99,92,17,0,1
99,92,18,0,1
99,92,19,0,1
99,92,20,0,1
99,92,21,0,1
99,92,22,0,1
99,92,23,0,1
99,92,24,0,1
99,92,25,0,1
99,92,26,0,1
99,92,27,0,1
99,92,28,0,1
99,92,29,0,1
99,92,30,0,1
99,92,31,0,1
99,92,32,0,1
99,92,33,0,1
99,92,34,0,1
99,92,35,0,1
99,92,36,0,1
99,92,37,0,1
99,92,38,0,1
99,92,39,0,1
99,92,40,0,1
99,92,41,0,1
99,92,42,0,1
99,92,43,0,1
99,92,44,0,1
99,92,45,0,1
99,92,46,0,1
99,92,47,0,1
99,92,48,0,1
99,92,49,0,1
99,92,50,0,1
99,92,51,0,1
99,92,52,0,1
99,92,53,0,1
99,92,54,0,1
99,92,55,0,1
99,92,56,0,1
99,92,57,0,1
99,92,58,0,1
99,92,59,0,1
99,92,60,0,1
99,92,61,0,1
99,92,62,0,1
99,92,63,0,1
99,93,0,0,1
99,93,1,0,1
99,93,2,0,1
99,93,3,0,1
99,93,4,0,1
99,93,5,0,1
99,93,6,0,1
99,93,7,0,1
99,93,8,0,1
99,93,9,0,1
99,93,10,0,1
99,93,11,0,1
99,93,12,0,1
99,93,13,0,1
99,93,14,0,1
99,93,15,0,1
99,93,16,0,1
99,93,17,0,1
99,93,18,0,1
99,93,19,0,1
99,93,20,0,1
99,93,21,0,1
99,93,22,0,1
99,93,23,0,1
99,93,24,0,1
99,93,25,0,1
99,93,26,0,1
99,93,27,0,1
99,93,28,0,1
99,93,29,0,1
99,93,30,0,1
99,93,31,0,1
99,93,32,0,1
99,93,33,0,1
99,93,34,0,1
99,93,35,0,1
99,93,36,0,1
99,93,37,0,1
99,93,38,0,1
99,93,39,0,1
99,93,40,0,1
99,93,41,0,1
99,93,42,0,1
99,93,43,0,1
99,93,44,0,1
99,93,45,0,1
99,93,46,0,1
99,93,47,0,1
99,93,48,0,1
99,93,49,0,1
99,93,50,0,1
99,93,51,0,1
99,93,52,0,1
99,93,53,0,1
99,93,54,0,1
99,93,55,0,1
99,93,56,0,1
99,93,57,0,1
99,93,58,0,1
99,93,59,0,1
99,93,60,0,1
99,93,61,0,1
99,93,62,0,1
99,93,63,0,1
99,94,0,0,1
99,94,1,0,1
99,94,2,0,1
99,94,3,0,1
99,94,4,0,1
99,94,5,0,1
99,94,6,0,1
99,94,7,0,1
99,94,8,0,1
99,94,9,0,1
99,94,10,0,1
99,94,11,0,1
99,94,12,0,1
99,94,13,0,1
99,94,14,0,1
99,94,15,0,1
99,94,16,0,1
99,94,17,0,1
99,94,18,0,1
99,94,19,0,1
99,94,20,0,1
99,94,21,0,1
99,94,22,0,1
99,94,23,0,1
99,94,24,0,1
99,94,25,0,1
99,94,26,0,1
99,94,27,0,1
99,94,28,0,1
99,94,29,0,1
99,94,30,0,1
99,94,31,0,1
99,94,32,0,1
99,94,33,0,1
99,94,34,0,1
99,94,35,0,1
99,94,36,0,1
99,94,37,0,1
99,94,38,0,1
99,94,39,0,1
99,94,40,0,1
99,94,41,0,1
99,94,42,0,1
99,94,43,0,1
99,94,44,0,1
99,94,45,0,1
99,94,46,0,1
99,94,47,0,1
99,94,48,0,1
99,94,49,0,1
99,94,50,0,1
99,94,51,0,1
99,94,52,0,1
99,94,53,0,1
99,94,54,0,1
99,94,55,0,1
99,94,56,0,1
99,94,57,0,1
99,94,58,0,1
99,94,59,0,1
99,94,60,0,1
99,94,61,0,1
99,94,62,0,1
99,94,63,0,1
99,95,0,0,1
99,95,1,0,1
99,95,2,0,1
99,95,3,0,1
99,95,4,0,1
99,95,5,0,1
99,95,6,0,1
99,95,7,0,1
99,95,8,0,1
99,95,9,0,1
99,95,10,0,1
99,95,11,0,1
99,95,12,0,1
99,95,13,0,1
99,95,14,0,1
99,95,15,0,1
99,95,16,0,1
99,95,17,0,1
99,95,18,0,1
99,95,19,0,1
99,95,20,0,1
99,95,21,0,1
99,95,22,0,1
99,95,23,0,1
99,95,24,0,1
99,95,25,0,1
99,95,26,0,1
99,95,27,0,1
99,95,28,0,1
99,95,29,0,1
99,95,30,0,1
99,95,31,0,1
99,95,32,0,1
99,95,33,0,1
99,95,34,0,1
99,95,35,0,1
99,95,36,0,1
99,95,37,0,1
99,95,38,0,1
99,95,39,0,1
99,95,40,0,1
99,95,41,0,1
99,95,42,0,1
99,95,43,0,1
99,95,44,0,1
99,95,45,0,1
99,95,46,0,1
99,95,47,0,1
99,95,48,0,1
99,95,49,0,1
99,95,50,0,1
99,95,51,0,1
99,95,52,0,1
99,95,53,0,1
99,95,54,0,1
99,95,55,0,1
99,95,56,0,1
99,95,57,0,1
99,95,58,0,1
99,95,59,0,1
99,95,60,0,1
99,95,61,0,1
99,95,62,0,1
99,95,63,0,1
99,96,0,0,1
99,96,1,0,1
99,96,2,0,1
99,96,3,0,1
99,96,4,0,1
99,96,5,0,1
99,96,6,0,1
99,96,7,0,1
99,96,8,0,1
99,96,9,0,1
99,96,10,0,1
99,96,11,0,1
99,96,12,0,1
99,96,13,0,1
99,96,14,0,1
99,96,15,0,1
99,96,16,0,1
99,96,17,0,1
99,96,18,0,1
99,96,19,0,1
99,96,20,0,1
99,96,21,0,1
99,96,22,0,1
99,96,23,0,1
99,96,24,0,1
99,96,25,0,1
99,96,26,0,1
99,96,27,0,1
99,96,28,0,1
99,96,29,0,1
99,96,30,0,1
99,96,31,0,1
99,96,32,0,1
99,96,33,0,1
99,96,34,0,1
99,96,35,0,1
99,96,36,0,1
99,96,37,0,1
99,96,38,0,1
99,96,39,0,1
99,96,40,0,1
99,96,41,0,1
99,96,42,0,1
99,96,43,0,1
99,96,44,0,1
99,96,45,0,1
99,96,46,0,1
99,96,47,0,1
99,96,48,0,1
99,96,49,0,1
99,96,50,0,1
99,96,51,0,1
99,96,52,0,1
99,96,53,0,1
99,96,54,0,1
99,96,55,0,1
99,96,56,0,1
99,96,57,0,1
99,96,58,0,1
99,96,59,0,1
99,96,60,0,1
99,96,61,0,1
99,96,62,0,1
99,96,63,0,1
99,97,0,0,1
99,97,1,0,1
99,97,2,0,1
99,97,3,0,1
99,97,4,0,1
99,97,5,0,1
99,97,6,0,1
99,97,7,0,1
99,97,8,0,1
99,97,9,0,1
99,97,10,0,1
99,97,11,0,1
99,97,12,0,1
99,97,13,0,1
99,97,14,0,1
99,97,15,0,1
99,97,16,0,1
99,97,17,0,1
99,97,18,0,1
99,97,19,0,1
99,97,20,0,1
99,97,21,0,1
99,97,22,0,1
99,97,23,0,1
99,97,24,0,1
99,97,25,0,1
99,97,26,0,1
99,97,27,0,1
99,97,28,0,1
99,97,29,0,1
99,97,30,0,1
99,97,31,0,1
99,97,32,0,1
99,97,33,0,1
99,97,34,0,1
99,97,35,0,1
99,97,36,0,1
99,97,37,0,1
99,97,38,0,1
99,97,39,0,1
99,97,40,0,1
99,97,41,0,1
99,97,42,0,1
99,97,43,0,1
99,97,44,0,1
99,97,45,0,1
99,97,46,0,1
99,97,47,0,1
99,97,48,0,1
99,97,49,0,1
99,97,50,0,1
99,97,51,0,1
99,97,52,0,1
99,97,53,0,1
99,97,54,0,1
99,97,55,0,1
99,97,56,0,1
99,97,57,0,1
99,97,58,0,1
99,97,59,0,1
99,97,60,0,1
99,97,61,0,1
99,97,62,0,1
99,97,63,0,1
99,98,0,0,1
99,98,1,0,1
99,98,2,0,1
99,98,3,0,1
99,98,4,0,1
99,98,5,0,1
99,98,6,0,1
99,98,7,0,1
99,98,8,0,1
99,98,9,0,1
99,98,10,0,1
99,98,11,0,1
99,98,12,0,1
99,98,13,0,1
99,98,14,0,1
99,98,15,0,1
99,98,16,0,1
99,98,17,0,1
99,98,18,0,1
99,98,19,0,1
99,98,20,0,1
99,98,21,0,1
99,98,22,0,1
99,98,23,0,1
99,98,24,0,1
99,98,25,0,1
99,98,26,0,1
99,98,27,0,1
99,98,28,0,1
99,98,29,0,1
99,98,30,0,1
99,98,31,0,1
99,98,32,0,1
99,98,33,0,1
99,98,34,0,1
99,98,35,0,1
99,98,36,0,1
99,98,37,0,1
99,98,38,0,1
99,98,39,0,1
99,98,40,0,1
99,98,41,0,1
99,98,42,0,1
99,98,43,0,1
99,98,44,0,1
99,98,45,0,1
99,98,46,0,1
99,98,47,0,1
99,98,48,0,1
99,98,49,0,1
99,98,50,0,1
99,98,51,0,1
99,98,52,0,1
99,98,53,0,1
99,98,54,0,1
99,98,55,0,1
99,98,56,0,1
99,98,57,0,1
99,98,58,0,1
99,98,59,0,1
99,98,60,0,1
99,98,61,0,1
99,98,62,0,1
99,98,63,0,1
99,99,0,0,1
99,99,1,0,1
99,99,2,0,1
99,99,3,0,1
99,99,4,0,1
99,99,5,0,1
99,99,6,0,1
99,99,7,0,1
99,99,8,0,1
99,99,9,0,1
99,99,10,0,1
99,99,11,0,1
99,99,12,0,1
99,99,13,0,1
99,99,14,0,1
99,99,15,0,1
99,99,16,0,1
99,99,17,0,1
99,99,18,0,1
99,99,19,0,1
99,99,20,0,1
99,99,21,0,1
99,99,22,0,1
99,99,23,0,1
99,99,24,0,1
99,99,25,0,1
99,99,26,0,1
99,99,27,0,1
99,99,28,0,1
99,99,29,0,1
99,99,30,0,1
99,99,31,0,1
99,99,32,0,1
99,99,33,0,1
99,99,34,0,1
99,99,35,0,1
99,99,36,0,1
99,99,37,0,1
99,99,38,0,1
99,99,39,0,1
99,99,40,0,1
99,99,41,0,1
99,99,42,0,1
99,99,43,0,1
99,99,44,0,1
99,99,45,0,1
99,99,46,0,1
99,99,47,0,1
99,99,48,0,1
99,99,49,0,1
99,99,50,0,1
99,99,51,0,1
99,99,52,0,1
99,99,53,0,1
99,99,54,0,1
99,99,55,0,1
99,99,56,0,1
99,99,57,0,1
99,99,58,0,1
99,99,59,0,1
99,99,60,0,1
99,99,61,0,1
99,99,62,0,1
99,99,63,0,1
99,100,0,0,1
99,100,1,0,1
99,100,2,0,1
99,100,3,0,1
99,100,4,0,1
99,100,5,0,1
99,100,6,0,1
99,100,7,0,1
99,100,8,0,1
99,100,9,0,1
99,100,10,0,1
99,100,11,0,1
99,100,12,0,1
99,100,13,0,1
99,100,14,0,1
99,100,15,0,1
99,100,16,0,1
99,100,17,0,1
99,100,18,0,1
99,100,19,0,1
99,100,20,0,1
99,100,21,0,1
99,100,22,0,1
99,100,23,0,1
99,100,24,0,1
99,100,25,0,1
99,100,26,0,1
99,100,27,0,1
99,100,28,0,1
99,100,29,0,1
99,100,30,0,1
99,100,31,0,1
99,100,32,0,1
99,100,33,0,1
99,100,34,0,1
99,100,35,0,1
99,100,36,0,1
99,100,37,0,1
99,100,38,0,1
99,100,39,0,1
99,100,40,0,1
99,100,41,0,1
99,100,42,0,1
99,100,43,0,1
99,100,44,0,1
99,100,45,0,1
99,100,46,0,1
99,100,47,0,1
99,100,48,0,1
99,100,49,0,1
99,100,50,0,1
99,100,51,0,1
99,100,52,0,1
99,100,53,0,1
99,100,54,0,1
99,100,55,0,1
99,100,56,0,1
99,100,57,0,1
99,100,58,0,1
99,100,59,0,1
99,100,60,0,1
99,100,61,0,1
99,100,62,0,1
99,100,63,0,1
