#VRML V2.0 utf8
# Generated by VRML 2.0 driver of GEANT4


#---------- CAMERA
Viewpoint {
	position 0 0 1525.29
}

#---------- SOLID: solidGasBox_phys:0
	Shape {
		appearance Appearance {
			material Material {
				diffuseColor 1 1 1
				transparency 0.7
			}
		}
		geometry IndexedFaceSet {
			coord Coordinate {
				point [
					250 625 3.82702e-14,
					241.481 625 -64.7048,
					216.506 625 -125,
					176.777 625 -176.777,
					125 625 -216.506,
					64.7048 625 -241.481,
					1.53081e-14 625 -250,
					-64.7048 625 -241.481,
					-125 625 -216.506,
					-176.777 625 -176.777,
					-216.506 625 -125,
					-241.481 625 -64.7048,
					-250 625 7.65404e-15,
					-241.481 625 64.7048,
					-216.506 625 125,
					-176.777 625 176.777,
					-125 625 216.506,
					-64.7048 625 241.481,
					-4.59243e-14 625 250,
					64.7048 625 241.481,
					125 625 216.506,
					176.777 625 176.777,
					216.506 625 125,
					241.481 625 64.7048,
					250 -625 -3.82702e-14,
					241.481 -625 -64.7048,
					216.506 -625 -125,
					176.777 -625 -176.777,
					125 -625 -216.506,
					64.7048 -625 -241.481,
					1.53081e-14 -625 -250,
					-64.7048 -625 -241.481,
					-125 -625 -216.506,
					-176.777 -625 -176.777,
					-216.506 -625 -125,
					-241.481 -625 -64.7048,
					-250 -625 -6.88864e-14,
					-241.481 -625 64.7048,
					-216.506 -625 125,
					-176.777 -625 176.777,
					-125 -625 216.506,
					-64.7048 -625 241.481,
					-4.59243e-14 -625 250,
					64.7048 -625 241.481,
					125 -625 216.506,
					176.777 -625 176.777,
					216.506 -625 125,
					241.481 -625 64.7048,
					0 625 3.82702e-14,
					0 -625 -3.82702e-14,
				]
			}
			coordIndex [
				0, 24, 25, 1, -1,
				1, 25, 26, 2, -1,
				2, 26, 27, 3, -1,
				3, 27, 28, 4, -1,
				4, 28, 29, 5, -1,
				5, 29, 30, 6, -1,
				6, 30, 31, 7, -1,
				7, 31, 32, 8, -1,
				8, 32, 33, 9, -1,
				9, 33, 34, 10, -1,
				10, 34, 35, 11, -1,
				11, 35, 36, 12, -1,
				12, 36, 37, 13, -1,
				13, 37, 38, 14, -1,
				14, 38, 39, 15, -1,
				15, 39, 40, 16, -1,
				16, 40, 41, 17, -1,
				17, 41, 42, 18, -1,
				18, 42, 43, 19, -1,
				19, 43, 44, 20, -1,
				20, 44, 45, 21, -1,
				21, 45, 46, 22, -1,
				22, 46, 47, 23, -1,
				23, 47, 24, 0, -1,
				48, 0, 1, -1,
				48, 1, 2, -1,
				48, 2, 3, -1,
				48, 3, 4, -1,
				48, 4, 5, -1,
				48, 5, 6, -1,
				48, 6, 7, -1,
				48, 7, 8, -1,
				48, 8, 9, -1,
				48, 9, 10, -1,
				48, 10, 11, -1,
				48, 11, 12, -1,
				48, 12, 13, -1,
				48, 13, 14, -1,
				48, 14, 15, -1,
				48, 15, 16, -1,
				48, 16, 17, -1,
				48, 17, 18, -1,
				48, 18, 19, -1,
				48, 19, 20, -1,
				48, 20, 21, -1,
				48, 21, 22, -1,
				48, 22, 23, -1,
				48, 23, 0, -1,
				24, 49, 25, -1,
				25, 49, 26, -1,
				26, 49, 27, -1,
				27, 49, 28, -1,
				28, 49, 29, -1,
				29, 49, 30, -1,
				30, 49, 31, -1,
				31, 49, 32, -1,
				32, 49, 33, -1,
				33, 49, 34, -1,
				34, 49, 35, -1,
				35, 49, 36, -1,
				36, 49, 37, -1,
				37, 49, 38, -1,
				38, 49, 39, -1,
				39, 49, 40, -1,
				40, 49, 41, -1,
				41, 49, 42, -1,
				42, 49, 43, -1,
				43, 49, 44, -1,
				44, 49, 45, -1,
				45, 49, 46, -1,
				46, 49, 47, -1,
				47, 49, 24, -1,
			]
			solid FALSE
		}
	}
#---------- SOLID: solidCalo_phys:0
	Shape {
		appearance Appearance {
			material Material {
				diffuseColor 1 1 1
				transparency 0.7
			}
		}
		geometry IndexedFaceSet {
			coord Coordinate {
				point [
					251 625 3.82702e-14,
					242.447 625 -64.9636,
					217.372 625 -125.5,
					177.484 625 -177.484,
					125.5 625 -217.372,
					64.9636 625 -242.447,
					1.53693e-14 625 -251,
					-64.9636 625 -242.447,
					-125.5 625 -217.372,
					-177.484 625 -177.484,
					-217.372 625 -125.5,
					-242.447 625 -64.9636,
					-251 625 7.53158e-15,
					-242.447 625 64.9636,
					-217.372 625 125.5,
					-177.484 625 177.484,
					-125.5 625 217.372,
					-64.9636 625 242.447,
					-4.6108e-14 625 251,
					64.9636 625 242.447,
					125.5 625 217.372,
					177.484 625 177.484,
					217.372 625 125.5,
					242.447 625 64.9636,
					251 -625 -3.82702e-14,
					242.447 -625 -64.9636,
					217.372 -625 -125.5,
					177.484 -625 -177.484,
					125.5 -625 -217.372,
					64.9636 -625 -242.447,
					1.53693e-14 -625 -251,
					-64.9636 -625 -242.447,
					-125.5 -625 -217.372,
					-177.484 -625 -177.484,
					-217.372 -625 -125.5,
					-242.447 -625 -64.9636,
					-251 -625 -6.90088e-14,
					-242.447 -625 64.9636,
					-217.372 -625 125.5,
					-177.484 -625 177.484,
					-125.5 -625 217.372,
					-64.9636 -625 242.447,
					-4.6108e-14 -625 251,
					64.9636 -625 242.447,
					125.5 -625 217.372,
					177.484 -625 177.484,
					217.372 -625 125.5,
					242.447 -625 64.9636,
					250 625 3.82702e-14,
					241.481 625 -64.7048,
					216.506 625 -125,
					176.777 625 -176.777,
					125 625 -216.506,
					64.7048 625 -241.481,
					1.53081e-14 625 -250,
					-64.7048 625 -241.481,
					-125 625 -216.506,
					-176.777 625 -176.777,
					-216.506 625 -125,
					-241.481 625 -64.7048,
					-250 625 7.65404e-15,
					-241.481 625 64.7048,
					-216.506 625 125,
					-176.777 625 176.777,
					-125 625 216.506,
					-64.7048 625 241.481,
					-4.59243e-14 625 250,
					64.7048 625 241.481,
					125 625 216.506,
					176.777 625 176.777,
					216.506 625 125,
					241.481 625 64.7048,
					250 -625 -3.82702e-14,
					241.481 -625 -64.7048,
					216.506 -625 -125,
					176.777 -625 -176.777,
					125 -625 -216.506,
					64.7048 -625 -241.481,
					1.53081e-14 -625 -250,
					-64.7048 -625 -241.481,
					-125 -625 -216.506,
					-176.777 -625 -176.777,
					-216.506 -625 -125,
					-241.481 -625 -64.7048,
					-250 -625 -6.88864e-14,
					-241.481 -625 64.7048,
					-216.506 -625 125,
					-176.777 -625 176.777,
					-125 -625 216.506,
					-64.7048 -625 241.481,
					-4.59243e-14 -625 250,
					64.7048 -625 241.481,
					125 -625 216.506,
					176.777 -625 176.777,
					216.506 -625 125,
					241.481 -625 64.7048,
				]
			}
			coordIndex [
				0, 24, 25, 1, -1,
				1, 25, 26, 2, -1,
				2, 26, 27, 3, -1,
				3, 27, 28, 4, -1,
				4, 28, 29, 5, -1,
				5, 29, 30, 6, -1,
				6, 30, 31, 7, -1,
				7, 31, 32, 8, -1,
				8, 32, 33, 9, -1,
				9, 33, 34, 10, -1,
				10, 34, 35, 11, -1,
				11, 35, 36, 12, -1,
				12, 36, 37, 13, -1,
				13, 37, 38, 14, -1,
				14, 38, 39, 15, -1,
				15, 39, 40, 16, -1,
				16, 40, 41, 17, -1,
				17, 41, 42, 18, -1,
				18, 42, 43, 19, -1,
				19, 43, 44, 20, -1,
				20, 44, 45, 21, -1,
				21, 45, 46, 22, -1,
				22, 46, 47, 23, -1,
				23, 47, 24, 0, -1,
				72, 48, 49, 73, -1,
				73, 49, 50, 74, -1,
				74, 50, 51, 75, -1,
				75, 51, 52, 76, -1,
				76, 52, 53, 77, -1,
				77, 53, 54, 78, -1,
				78, 54, 55, 79, -1,
				79, 55, 56, 80, -1,
				80, 56, 57, 81, -1,
				81, 57, 58, 82, -1,
				82, 58, 59, 83, -1,
				83, 59, 60, 84, -1,
				84, 60, 61, 85, -1,
				85, 61, 62, 86, -1,
				86, 62, 63, 87, -1,
				87, 63, 64, 88, -1,
				88, 64, 65, 89, -1,
				89, 65, 66, 90, -1,
				90, 66, 67, 91, -1,
				91, 67, 68, 92, -1,
				92, 68, 69, 93, -1,
				93, 69, 70, 94, -1,
				94, 70, 71, 95, -1,
				95, 71, 48, 72, -1,
				48, 0, 1, 49, -1,
				49, 1, 2, 50, -1,
				50, 2, 3, 51, -1,
				51, 3, 4, 52, -1,
				52, 4, 5, 53, -1,
				53, 5, 6, 54, -1,
				54, 6, 7, 55, -1,
				55, 7, 8, 56, -1,
				56, 8, 9, 57, -1,
				57, 9, 10, 58, -1,
				58, 10, 11, 59, -1,
				59, 11, 12, 60, -1,
				60, 12, 13, 61, -1,
				61, 13, 14, 62, -1,
				62, 14, 15, 63, -1,
				63, 15, 16, 64, -1,
				64, 16, 17, 65, -1,
				65, 17, 18, 66, -1,
				66, 18, 19, 67, -1,
				67, 19, 20, 68, -1,
				68, 20, 21, 69, -1,
				69, 21, 22, 70, -1,
				70, 22, 23, 71, -1,
				71, 23, 0, 48, -1,
				24, 72, 73, 25, -1,
				25, 73, 74, 26, -1,
				26, 74, 75, 27, -1,
				27, 75, 76, 28, -1,
				28, 76, 77, 29, -1,
				29, 77, 78, 30, -1,
				30, 78, 79, 31, -1,
				31, 79, 80, 32, -1,
				32, 80, 81, 33, -1,
				33, 81, 82, 34, -1,
				34, 82, 83, 35, -1,
				35, 83, 84, 36, -1,
				36, 84, 85, 37, -1,
				37, 85, 86, 38, -1,
				38, 86, 87, 39, -1,
				39, 87, 88, 40, -1,
				40, 88, 89, 41, -1,
				41, 89, 90, 42, -1,
				42, 90, 91, 43, -1,
				43, 91, 92, 44, -1,
				44, 92, 93, 45, -1,
				45, 93, 94, 46, -1,
				46, 94, 95, 47, -1,
				47, 95, 72, 24, -1,
			]
			solid FALSE
		}
	}
#---------- SOLID: solidWall1_phys:0
	Shape {
		appearance Appearance {
			material Material {
				diffuseColor 1 0 0
				transparency 0.7
			}
		}
		geometry IndexedFaceSet {
			coord Coordinate {
				point [
					250 675 1.53081e-15,
					241.481 675 -64.7048,
					216.506 675 -125,
					176.777 675 -176.777,
					125 675 -216.506,
					64.7048 675 -241.481,
					1.53081e-14 675 -250,
					-64.7048 675 -241.481,
					-125 675 -216.506,
					-176.777 675 -176.777,
					-216.506 675 -125,
					-241.481 675 -64.7048,
					-250 675 -2.90854e-14,
					-241.481 675 64.7048,
					-216.506 675 125,
					-176.777 675 176.777,
					-125 675 216.506,
					-64.7048 675 241.481,
					-4.59243e-14 675 250,
					64.7048 675 241.481,
					125 675 216.506,
					176.777 675 176.777,
					216.506 675 125,
					241.481 675 64.7048,
					250 625 -1.53081e-15,
					241.481 625 -64.7048,
					216.506 625 -125,
					176.777 625 -176.777,
					125 625 -216.506,
					64.7048 625 -241.481,
					1.53081e-14 625 -250,
					-64.7048 625 -241.481,
					-125 625 -216.506,
					-176.777 625 -176.777,
					-216.506 625 -125,
					-241.481 625 -64.7048,
					-250 625 -3.2147e-14,
					-241.481 625 64.7048,
					-216.506 625 125,
					-176.777 625 176.777,
					-125 625 216.506,
					-64.7048 625 241.481,
					-4.59243e-14 625 250,
					64.7048 625 241.481,
					125 625 216.506,
					176.777 625 176.777,
					216.506 625 125,
					241.481 625 64.7048,
					0 675 1.53081e-15,
					0 625 -1.53081e-15,
				]
			}
			coordIndex [
				0, 24, 25, 1, -1,
				1, 25, 26, 2, -1,
				2, 26, 27, 3, -1,
				3, 27, 28, 4, -1,
				4, 28, 29, 5, -1,
				5, 29, 30, 6, -1,
				6, 30, 31, 7, -1,
				7, 31, 32, 8, -1,
				8, 32, 33, 9, -1,
				9, 33, 34, 10, -1,
				10, 34, 35, 11, -1,
				11, 35, 36, 12, -1,
				12, 36, 37, 13, -1,
				13, 37, 38, 14, -1,
				14, 38, 39, 15, -1,
				15, 39, 40, 16, -1,
				16, 40, 41, 17, -1,
				17, 41, 42, 18, -1,
				18, 42, 43, 19, -1,
				19, 43, 44, 20, -1,
				20, 44, 45, 21, -1,
				21, 45, 46, 22, -1,
				22, 46, 47, 23, -1,
				23, 47, 24, 0, -1,
				48, 0, 1, -1,
				48, 1, 2, -1,
				48, 2, 3, -1,
				48, 3, 4, -1,
				48, 4, 5, -1,
				48, 5, 6, -1,
				48, 6, 7, -1,
				48, 7, 8, -1,
				48, 8, 9, -1,
				48, 9, 10, -1,
				48, 10, 11, -1,
				48, 11, 12, -1,
				48, 12, 13, -1,
				48, 13, 14, -1,
				48, 14, 15, -1,
				48, 15, 16, -1,
				48, 16, 17, -1,
				48, 17, 18, -1,
				48, 18, 19, -1,
				48, 19, 20, -1,
				48, 20, 21, -1,
				48, 21, 22, -1,
				48, 22, 23, -1,
				48, 23, 0, -1,
				24, 49, 25, -1,
				25, 49, 26, -1,
				26, 49, 27, -1,
				27, 49, 28, -1,
				28, 49, 29, -1,
				29, 49, 30, -1,
				30, 49, 31, -1,
				31, 49, 32, -1,
				32, 49, 33, -1,
				33, 49, 34, -1,
				34, 49, 35, -1,
				35, 49, 36, -1,
				36, 49, 37, -1,
				37, 49, 38, -1,
				38, 49, 39, -1,
				39, 49, 40, -1,
				40, 49, 41, -1,
				41, 49, 42, -1,
				42, 49, 43, -1,
				43, 49, 44, -1,
				44, 49, 45, -1,
				45, 49, 46, -1,
				46, 49, 47, -1,
				47, 49, 24, -1,
			]
			solid FALSE
		}
	}
#---------- SOLID: solidWall2_phys:0
	Shape {
		appearance Appearance {
			material Material {
				diffuseColor 1 0 0
				transparency 0.7
			}
		}
		geometry IndexedFaceSet {
			coord Coordinate {
				point [
					250 -625 1.53081e-15,
					241.481 -625 -64.7048,
					216.506 -625 -125,
					176.777 -625 -176.777,
					125 -625 -216.506,
					64.7048 -625 -241.481,
					1.53081e-14 -625 -250,
					-64.7048 -625 -241.481,
					-125 -625 -216.506,
					-176.777 -625 -176.777,
					-216.506 -625 -125,
					-241.481 -625 -64.7048,
					-250 -625 -2.90854e-14,
					-241.481 -625 64.7048,
					-216.506 -625 125,
					-176.777 -625 176.777,
					-125 -625 216.506,
					-64.7048 -625 241.481,
					-4.59243e-14 -625 250,
					64.7048 -625 241.481,
					125 -625 216.506,
					176.777 -625 176.777,
					216.506 -625 125,
					241.481 -625 64.7048,
					250 -675 -1.53081e-15,
					241.481 -675 -64.7048,
					216.506 -675 -125,
					176.777 -675 -176.777,
					125 -675 -216.506,
					64.7048 -675 -241.481,
					1.53081e-14 -675 -250,
					-64.7048 -675 -241.481,
					-125 -675 -216.506,
					-176.777 -675 -176.777,
					-216.506 -675 -125,
					-241.481 -675 -64.7048,
					-250 -675 -3.2147e-14,
					-241.481 -675 64.7048,
					-216.506 -675 125,
					-176.777 -675 176.777,
					-125 -675 216.506,
					-64.7048 -675 241.481,
					-4.59243e-14 -675 250,
					64.7048 -675 241.481,
					125 -675 216.506,
					176.777 -675 176.777,
					216.506 -675 125,
					241.481 -675 64.7048,
					0 -625 1.53081e-15,
					0 -675 -1.53081e-15,
				]
			}
			coordIndex [
				0, 24, 25, 1, -1,
				1, 25, 26, 2, -1,
				2, 26, 27, 3, -1,
				3, 27, 28, 4, -1,
				4, 28, 29, 5, -1,
				5, 29, 30, 6, -1,
				6, 30, 31, 7, -1,
				7, 31, 32, 8, -1,
				8, 32, 33, 9, -1,
				9, 33, 34, 10, -1,
				10, 34, 35, 11, -1,
				11, 35, 36, 12, -1,
				12, 36, 37, 13, -1,
				13, 37, 38, 14, -1,
				14, 38, 39, 15, -1,
				15, 39, 40, 16, -1,
				16, 40, 41, 17, -1,
				17, 41, 42, 18, -1,
				18, 42, 43, 19, -1,
				19, 43, 44, 20, -1,
				20, 44, 45, 21, -1,
				21, 45, 46, 22, -1,
				22, 46, 47, 23, -1,
				23, 47, 24, 0, -1,
				48, 0, 1, -1,
				48, 1, 2, -1,
				48, 2, 3, -1,
				48, 3, 4, -1,
				48, 4, 5, -1,
				48, 5, 6, -1,
				48, 6, 7, -1,
				48, 7, 8, -1,
				48, 8, 9, -1,
				48, 9, 10, -1,
				48, 10, 11, -1,
				48, 11, 12, -1,
				48, 12, 13, -1,
				48, 13, 14, -1,
				48, 14, 15, -1,
				48, 15, 16, -1,
				48, 16, 17, -1,
				48, 17, 18, -1,
				48, 18, 19, -1,
				48, 19, 20, -1,
				48, 20, 21, -1,
				48, 21, 22, -1,
				48, 22, 23, -1,
				48, 23, 0, -1,
				24, 49, 25, -1,
				25, 49, 26, -1,
				26, 49, 27, -1,
				27, 49, 28, -1,
				28, 49, 29, -1,
				29, 49, 30, -1,
				30, 49, 31, -1,
				31, 49, 32, -1,
				32, 49, 33, -1,
				33, 49, 34, -1,
				34, 49, 35, -1,
				35, 49, 36, -1,
				36, 49, 37, -1,
				37, 49, 38, -1,
				38, 49, 39, -1,
				39, 49, 40, -1,
				40, 49, 41, -1,
				41, 49, 42, -1,
				42, 49, 43, -1,
				43, 49, 44, -1,
				44, 49, 45, -1,
				45, 49, 46, -1,
				46, 49, 47, -1,
				47, 49, 24, -1,
			]
			solid FALSE
		}
	}
#---------- POLYLINE
Shape {
	appearance Appearance {
		material Material {
			diffuseColor 0 1 0
			emissiveColor 0 1 0
		}
	}
	geometry IndexedLineSet {
		coord Coordinate {
			point [
				0 0 0,
				0 0 0.932335,
				0.00600556 0.00548607 1.50669,
				0.0447036 0.0148936 2.78962,
				0.0629399 0.0171348 3.24102,
				0.0711508 0.0168764 3.42499,
				0.0733124 0.0166751 3.46783,
				0.0998794 0.0163944 3.90505,
				0.117359 0.0160805 4.17323,
				0.490159 -0.00586428 10.1893,
				0.563576 -0.00555499 11.4964,
				0.655405 -0.00944953 12.2032,
				0.705688 -0.0119459 12.6101,
				0.766356 -0.0149579 13.101,
				0.788416 -0.0176764 13.275,
				0.860279 -0.025226 13.8533,
				0.965421 -0.0355102 14.6679,
				1.10614 -0.0582919 15.8194,
				1.15808 -0.0649951 16.189,
				1.88022 -0.299428 21.7959,
				2.46529 -0.481829 26.042,
				2.5059 -0.494567 26.3555,
				2.58279 -0.512876 26.9079,
				2.64199 -0.529321 27.3327,
				2.75143 -0.567011 28.1429,
				2.81305 -0.587108 28.5636,
				2.92637 -0.628212 29.3817,
				2.93658 -0.632625 29.4621,
				2.98422 -0.652823 29.8612,
				3.02671 -0.671129 30.1998,
				3.04635 -0.680534 30.3555,
				3.6723 -1.0164 35.3845,
				3.6885 -1.02575 35.5184,
				3.7244 -1.0494 35.8313,
				3.74186 -1.06143 35.9856,
				3.81637 -1.10658 36.6225,
				3.86132 -1.13215 36.9979,
				3.94496 -1.18163 37.7291,
				3.99797 -1.21447 38.1997,
				4.06132 -1.25213 38.7313,
				4.14786 -1.30315 39.4879,
				4.22018 -1.33839 40.0361,
				4.28005 -1.37823 40.5496,
				4.30992 -1.4025 40.8193,
				4.3468 -1.4325 41.1613,
				4.37339 -1.45138 41.3922,
				4.4087 -1.47766 41.693,
				4.44712 -1.5082 42.034,
				4.48633 -1.53937 42.3937,
				4.64997 -1.66593 43.9052,
				4.70129 -1.70364 44.4078,
				4.85413 -1.81207 45.9212,
				4.87519 -1.82674 46.1241,
				4.95613 -1.88517 46.9426,
				5.02038 -1.93059 47.623,
				5.04476 -1.94983 47.8827,
				5.42765 -2.32943 52.1085,
				5.48788 -2.42892 53.1071,
				5.56951 -2.56861 54.5019,
				5.5771 -2.58285 54.6326,
				5.64969 -2.72173 55.9398,
				5.66024 -2.74347 56.1397,
				5.6631 -2.74884 56.1916,
				5.66742 -2.75682 56.2712,
				5.7027 -2.82671 56.9962,
				5.72408 -2.86555 57.3959,
				5.74323 -2.89631 57.798,
				5.85766 -3.04721 59.8115,
				5.86985 -3.05824 59.9693,
				6.12916 -3.28241 64.1228,
				6.13039 -3.28374 64.144,
				6.1318 -3.28523 64.1696,
				6.18081 -3.3349 65.0734,
				6.20073 -3.35508 65.4407,
				6.20283 -3.35752 65.4816,
				6.22839 -3.38822 65.9909,
				6.28364 -3.46553 67.1892,
				6.29861 -3.48783 67.5384,
				6.31041 -3.50416 67.8047,
				6.31394 -3.50948 67.8934,
				6.3289 -3.53597 68.3144,
				6.36623 -3.61846 69.4398,
				6.38057 -3.65071 69.9156,
				6.39811 -3.69333 70.4959,
				6.41246 -3.71668 70.8331,
				6.41448 -3.71988 70.8767,
				6.44646 -3.76806 71.567,
				6.47257 -3.81488 72.1939,
				6.78443 -4.17559 79.8794,
				6.84805 -4.16798 81.3702,
				6.86339 -4.16448 81.7145,
				6.96174 -4.14092 83.3304,
				6.99613 -4.13743 83.7669,
				7.04497 -4.12999 84.3676,
				7.07068 -4.12423 84.6635,
				7.13364 -4.1127 85.3206,
				7.65785 -4.19907 90.9757,
				8.39994 -4.33136 97.4162,
				9.04202 -4.32263 103.011,
				9.11276 -4.32277 103.637,
				9.75473 -4.36181 109.003,
				9.81045 -4.37077 109.434,
				9.86623 -4.38129 109.873,
				9.92695 -4.41548 110.467,
				10.0262 -4.4728 111.435,
				10.036 -4.47888 111.536,
				10.5873 -4.83665 118.116,
				10.6727 -4.91275 119.453,
				10.766 -5.00531 121.059,
				10.8614 -5.10321 122.849,
				10.887 -5.12618 123.33,
				10.9246 -5.154 123.884,
				10.9644 -5.19015 124.645,
				10.9763 -5.19994 124.858,
				10.9952 -5.25718 125.382,
				10.9969 -5.26525 125.443,
				11.0037 -5.30975 125.811,
				11.0237 -5.41379 126.693,
				11.0371 -5.59695 128.275,
				11.0382 -5.62258 128.491,
				11.0376 -5.68016 128.966,
				11.0957 -6.20916 133.279,
				11.1169 -6.40936 134.869,
				11.1184 -6.42773 135.013,
				11.1193 -6.43962 135.11,
				11.1993 -6.87578 138.423,
				11.2458 -7.5724 143.496,
				11.2496 -7.66358 144.188,
				11.2527 -7.71271 144.557,
				10.9685 -8.57691 151.987,
				10.959 -8.58556 152.084,
				10.947 -8.59859 152.222,
				10.931 -8.61704 152.41,
				10.912 -8.63792 152.618,
				10.9001 -8.6511 152.755,
				10.8778 -8.67207 152.99,
				10.7325 -8.81541 154.553,
				9.90673 -9.62701 164.079,
				9.84571 -9.68636 164.837,
				9.8071 -9.72552 165.342,
				9.75912 -9.76451 165.802,
				9.70203 -9.81172 166.333,
				9.52245 -9.95982 167.959,
				9.45727 -10.0116 168.551,
				9.121 -10.2651 171.618,
				8.1554 -11.0732 179.891,
				8.14205 -11.0831 179.982,
				7.9675 -11.2081 181.098,
				7.86634 -11.2667 181.718,
				7.81047 -11.2988 182.057,
				7.65235 -11.3852 183.018,
				7.64983 -11.3866 183.034,
				7.60399 -11.4118 183.334,
				7.55717 -11.436 183.65,
				7.4436 -11.4946 184.416,
				7.17223 -11.6445 186.256,
				7.16262 -11.65 186.323,
				5.80824 -12.4534 195.233,
				5.47709 -12.637 197.182,
				4.81887 -13.0363 201.287,
				4.79332 -13.0531 201.453,
				4.74942 -13.0803 201.73,
				4.68682 -13.1215 202.129,
				4.68235 -13.1248 202.16,
				4.65344 -13.1485 202.372,
				4.58883 -13.2015 202.859,
				4.30502 -13.4266 204.885,
				4.26339 -13.4612 205.194,
				3.98635 -13.7013 207.31,
				3.59394 -14.036 210.408,
				3.45004 -14.1541 211.514,
				3.22324 -14.3432 213.446,
				2.50693 -14.9601 219.333,
				2.41141 -15.0505 220.091,
				2.35102 -15.1082 220.526,
				2.2562 -15.193 221.188,
				2.22939 -15.2172 221.371,
				2.13676 -15.3051 222.03,
				2.10869 -15.3306 222.225,
				2.00914 -15.4212 222.929,
				1.9402 -15.4851 223.412,
				0.758316 -16.7235 231.001,
				0.757096 -16.7248 231.009,
				0.67936 -16.8069 231.497,
				-0.186338 -17.6822 236.82,
				-0.229041 -17.7176 237.096,
				-0.333874 -17.8007 237.767,
				-0.52863 -17.9557 239,
				-0.577058 -17.9967 239.31,
				-0.612629 -18.0256 239.537,
				-1.71768 -18.9507 246.646,
				-1.71955 -18.9525 246.658,
				-1.88399 -19.1058 247.798,
				-1.93801 -19.1608 248.184,
				-2.01985 -19.2389 248.78,
				-2.09771 -19.3147 249.344,
				-2.12948 -19.3422 249.554,
				-2.1934 -19.3966 249.99,
				-2.19341 -19.3966 249.99,
				-2.19354 -19.3968 249.991,
				-2.19368 -19.3969 249.992,
				-2.19397 -19.3972 249.994,
				-2.19459 -19.3978 249.997,
				-2.19578 -19.3991 250.004,
				-2.19783 -19.4005 250.017,
				-2.20178 -19.4003 250.044,
				-2.21191 -19.4066 250.094,
				-2.25522 -19.486 250.145,
				-2.32843 -19.5998 250.209,
				-2.49844 -19.6541 250.203,
				-2.55648 -19.6538 250.197,
				-2.67009 -19.5906 250.211,
				-2.71642 -19.5715 250.215,
				-2.80591 -19.6108 250.268,
				-2.88059 -19.6652 250.314,
				-2.94086 -19.7315 250.342,
				-2.98304 -19.7731 250.381,
				-3.00711 -19.8356 250.421,
				-3.062 -19.8745 250.447,
				-3.0985 -19.9054 250.492,
				-3.13316 -19.9398 250.528,
				-3.14842 -19.9851 250.557,
				-3.16156 -20.0173 250.582,
				-3.1724 -20.0432 250.612,
				-3.17628 -20.0755 250.636,
				-3.1568 -20.0851 250.661,
				-3.13472 -20.0991 250.684,
				-3.11249 -20.1136 250.704,
				-3.09329 -20.1341 250.714,
				-3.08353 -20.1459 250.735,
				-3.07891 -20.1439 250.759,
				-3.08004 -20.1305 250.78,
				-3.08118 -20.117 250.8,
				-3.07918 -20.105 250.817,
				-3.07476 -20.0867 250.826,
				-3.07054 -20.0702 250.832,
				-3.07446 -20.0543 250.83,
				-3.08637 -20.0459 250.832,
				-3.09741 -20.0385 250.837,
				-3.10556 -20.0345 250.847,
				-3.11006 -20.0371 250.858,
				-3.11499 -20.0435 250.867,
				-3.11832 -20.0475 250.876,
				-3.11114 -20.0518 250.881,
				-3.10277 -20.0505 250.884,
				-3.09488 -20.0507 250.887,
				-3.0896 -20.0563 250.887,
				-3.0845 -20.0614 250.89,
				-3.07157 -20.0759 250.897,
				-3.08704 -20.0783 250.893,
				-3.09194 -20.0763 250.887,
				-3.09197 -20.0762 250.887,
			]
		}
		coordIndex [
			0, 1, 2, 3, 4, 5, 6, 7, 8, 9, 
			10, 11, 12, 13, 14, 15, 16, 17, 18, 19, 
			20, 21, 22, 23, 24, 25, 26, 27, 28, 29, 
			30, 31, 32, 33, 34, 35, 36, 37, 38, 39, 
			40, 41, 42, 43, 44, 45, 46, 47, 48, 49, 
			50, 51, 52, 53, 54, 55, 56, 57, 58, 59, 
			60, 61, 62, 63, 64, 65, 66, 67, 68, 69, 
			70, 71, 72, 73, 74, 75, 76, 77, 78, 79, 
			80, 81, 82, 83, 84, 85, 86, 87, 88, 89, 
			90, 91, 92, 93, 94, 95, 96, 97, 98, 99, 
			100, 101, 102, 103, 104, 105, 106, 107, 108, 109, 
			110, 111, 112, 113, 114, 115, 116, 117, 118, 119, 
			120, 121, 122, 123, 124, 125, 126, 127, 128, 129, 
			130, 131, 132, 133, 134, 135, 136, 137, 138, 139, 
			140, 141, 142, 143, 144, 145, 146, 147, 148, 149, 
			150, 151, 152, 153, 154, 155, 156, 157, 158, 159, 
			160, 161, 162, 163, 164, 165, 166, 167, 168, 169, 
			170, 171, 172, 173, 174, 175, 176, 177, 178, 179, 
			180, 181, 182, 183, 184, 185, 186, 187, 188, 189, 
			190, 191, 192, 193, 194, 195, 196, 197, 198, 199, 
			200, 201, 202, 203, 204, 205, 206, 207, 208, 209, 
			210, 211, 212, 213, 214, 215, 216, 217, 218, 219, 
			220, 221, 222, 223, 224, 225, 226, 227, 228, 229, 
			230, 231, 232, 233, 234, 235, 236, 237, 238, 239, 
			240, 241, 242, 243, 244, 245, 246, 247, 248, 249, 
			250, 251, -1
		]
	}
}
#---------- POLYLINE
Shape {
	appearance Appearance {
		material Material {
			diffuseColor 0 1 0
			emissiveColor 0 1 0
		}
	}
	geometry IndexedLineSet {
		coord Coordinate {
			point [
				-2.98304 -19.7731 250.381,
				-2.98346 -19.7723 250.382,
				-2.98597 -19.7688 250.384,
				-2.98576 -19.7689 250.384,
			]
		}
		coordIndex [
			0, 1, 2, 3, -1
		]
	}
}
#---------- POLYLINE
Shape {
	appearance Appearance {
		material Material {
			diffuseColor 0 1 0
			emissiveColor 0 1 0
		}
	}
	geometry IndexedLineSet {
		coord Coordinate {
			point [
				-2.71642 -19.5715 250.215,
				-2.86572 -19.6115 250.289,
				-2.70869 -18.9755 249.985,
				156.287 625 -57.554,
				156.292 625.02 -57.5634,
			]
		}
		coordIndex [
			0, 1, 2, 3, 4, -1
		]
	}
}
#---------- POLYLINE
Shape {
	appearance Appearance {
		material Material {
			diffuseColor 0 1 0
			emissiveColor 0 1 0
		}
	}
	geometry IndexedLineSet {
		coord Coordinate {
			point [
				156.292 625.02 -57.5634,
				156.292 625.02 -57.5634,
			]
		}
		coordIndex [
			0, 1, -1
		]
	}
}
#---------- POLYLINE
Shape {
	appearance Appearance {
		material Material {
			diffuseColor 0 1 0
			emissiveColor 0 1 0
		}
	}
	geometry IndexedLineSet {
		coord Coordinate {
			point [
				156.292 625.02 -57.5634,
				156.292 625.02 -57.5634,
			]
		}
		coordIndex [
			0, 1, -1
		]
	}
}
#---------- POLYLINE
Shape {
	appearance Appearance {
		material Material {
			diffuseColor 0 1 0
			emissiveColor 0 1 0
		}
	}
	geometry IndexedLineSet {
		coord Coordinate {
			point [
				156.292 625.02 -57.5634,
				156.292 625.02 -57.5634,
			]
		}
		coordIndex [
			0, 1, -1
		]
	}
}
#---------- POLYLINE
Shape {
	appearance Appearance {
		material Material {
			diffuseColor 0 1 0
			emissiveColor 0 1 0
		}
	}
	geometry IndexedLineSet {
		coord Coordinate {
			point [
				156.292 625.02 -57.5634,
				156.292 625.02 -57.5634,
				156.292 625.02 -57.5634,
			]
		}
		coordIndex [
			0, 1, 2, -1
		]
	}
}
#---------- POLYLINE
Shape {
	appearance Appearance {
		material Material {
			diffuseColor 0 1 0
			emissiveColor 0 1 0
		}
	}
	geometry IndexedLineSet {
		coord Coordinate {
			point [
				156.292 625.02 -57.5634,
				156.292 625.02 -57.5631,
				156.292 625.02 -57.5622,
			]
		}
		coordIndex [
			0, 1, 2, -1
		]
	}
}
#---------- POLYLINE
Shape {
	appearance Appearance {
		material Material {
			diffuseColor 0 1 0
			emissiveColor 0 1 0
		}
	}
	geometry IndexedLineSet {
		coord Coordinate {
			point [
				-2.86572 -19.6115 250.289,
				-2.86572 -19.6115 250.289,
			]
		}
		coordIndex [
			0, 1, -1
		]
	}
}
#---------- POLYLINE
Shape {
	appearance Appearance {
		material Material {
			diffuseColor 0 1 0
			emissiveColor 0 1 0
		}
	}
	geometry IndexedLineSet {
		coord Coordinate {
			point [
				-2.86572 -19.6115 250.289,
				-2.86572 -19.6115 250.289,
				-2.86573 -19.6115 250.289,
			]
		}
		coordIndex [
			0, 1, 2, -1
		]
	}
}
#---------- POLYLINE
Shape {
	appearance Appearance {
		material Material {
			diffuseColor 0 1 0
			emissiveColor 0 1 0
		}
	}
	geometry IndexedLineSet {
		coord Coordinate {
			point [
				-2.55648 -19.6538 250.197,
				-2.55801 -19.6546 250.193,
				-2.56314 -19.6525 250.183,
				-2.56297 -19.6489 250.181,
				-2.563 -19.6486 250.181,
			]
		}
		coordIndex [
			0, 1, 2, 3, 4, -1
		]
	}
}
#---------- POLYLINE
Shape {
	appearance Appearance {
		material Material {
			diffuseColor 1 1 0
			emissiveColor 1 1 0
		}
	}
	geometry IndexedLineSet {
		coord Coordinate {
			point [
			]
		}
		coordIndex [-1
		]
	}
}
#---------- POLYLINE
Shape {
	appearance Appearance {
		material Material {
			diffuseColor 1 1 0
			emissiveColor 1 1 0
		}
	}
	geometry IndexedLineSet {
		coord Coordinate {
			point [
			]
		}
		coordIndex [-1
		]
	}
}
#---------- POLYLINE
Shape {
	appearance Appearance {
		material Material {
			diffuseColor 1 1 0
			emissiveColor 1 1 0
		}
	}
	geometry IndexedLineSet {
		coord Coordinate {
			point [
			]
		}
		coordIndex [-1
		]
	}
}
#---------- POLYLINE
Shape {
	appearance Appearance {
		material Material {
			diffuseColor 1 1 0
			emissiveColor 1 1 0
		}
	}
	geometry IndexedLineSet {
		coord Coordinate {
			point [
			]
		}
		coordIndex [-1
		]
	}
}
#---------- POLYLINE
Shape {
	appearance Appearance {
		material Material {
			diffuseColor 1 1 0
			emissiveColor 1 1 0
		}
	}
	geometry IndexedLineSet {
		coord Coordinate {
			point [
			]
		}
		coordIndex [-1
		]
	}
}
#---------- POLYLINE
Shape {
	appearance Appearance {
		material Material {
			diffuseColor 1 1 0
			emissiveColor 1 1 0
		}
	}
	geometry IndexedLineSet {
		coord Coordinate {
			point [
			]
		}
		coordIndex [-1
		]
	}
}
#---------- POLYLINE
Shape {
	appearance Appearance {
		material Material {
			diffuseColor 1 1 0
			emissiveColor 1 1 0
		}
	}
	geometry IndexedLineSet {
		coord Coordinate {
			point [
			]
		}
		coordIndex [-1
		]
	}
}
#---------- POLYLINE
Shape {
	appearance Appearance {
		material Material {
			diffuseColor 1 1 0
			emissiveColor 1 1 0
		}
	}
	geometry IndexedLineSet {
		coord Coordinate {
			point [
			]
		}
		coordIndex [-1
		]
	}
}
#---------- POLYLINE
Shape {
	appearance Appearance {
		material Material {
			diffuseColor 1 1 0
			emissiveColor 1 1 0
		}
	}
	geometry IndexedLineSet {
		coord Coordinate {
			point [
			]
		}
		coordIndex [-1
		]
	}
}
#---------- POLYLINE
Shape {
	appearance Appearance {
		material Material {
			diffuseColor 1 1 0
			emissiveColor 1 1 0
		}
	}
	geometry IndexedLineSet {
		coord Coordinate {
			point [
			]
		}
		coordIndex [-1
		]
	}
}
#---------- POLYLINE
Shape {
	appearance Appearance {
		material Material {
			diffuseColor 1 1 0
			emissiveColor 1 1 0
		}
	}
	geometry IndexedLineSet {
		coord Coordinate {
			point [
			]
		}
		coordIndex [-1
		]
	}
}
#---------- POLYLINE
Shape {
	appearance Appearance {
		material Material {
			diffuseColor 1 1 0
			emissiveColor 1 1 0
		}
	}
	geometry IndexedLineSet {
		coord Coordinate {
			point [
			]
		}
		coordIndex [-1
		]
	}
}
#---------- POLYLINE
Shape {
	appearance Appearance {
		material Material {
			diffuseColor 1 1 0
			emissiveColor 1 1 0
		}
	}
	geometry IndexedLineSet {
		coord Coordinate {
			point [
			]
		}
		coordIndex [-1
		]
	}
}
#---------- POLYLINE
Shape {
	appearance Appearance {
		material Material {
			diffuseColor 1 1 0
			emissiveColor 1 1 0
		}
	}
	geometry IndexedLineSet {
		coord Coordinate {
			point [
			]
		}
		coordIndex [-1
		]
	}
}
#---------- POLYLINE
Shape {
	appearance Appearance {
		material Material {
			diffuseColor 1 1 0
			emissiveColor 1 1 0
		}
	}
	geometry IndexedLineSet {
		coord Coordinate {
			point [
			]
		}
		coordIndex [-1
		]
	}
}
#---------- POLYLINE
Shape {
	appearance Appearance {
		material Material {
			diffuseColor 1 1 0
			emissiveColor 1 1 0
		}
	}
	geometry IndexedLineSet {
		coord Coordinate {
			point [
			]
		}
		coordIndex [-1
		]
	}
}
#---------- POLYLINE
Shape {
	appearance Appearance {
		material Material {
			diffuseColor 1 1 0
			emissiveColor 1 1 0
		}
	}
	geometry IndexedLineSet {
		coord Coordinate {
			point [
			]
		}
		coordIndex [-1
		]
	}
}
#---------- POLYLINE
Shape {
	appearance Appearance {
		material Material {
			diffuseColor 1 1 0
			emissiveColor 1 1 0
		}
	}
	geometry IndexedLineSet {
		coord Coordinate {
			point [
			]
		}
		coordIndex [-1
		]
	}
}
#---------- POLYLINE
Shape {
	appearance Appearance {
		material Material {
			diffuseColor 1 1 0
			emissiveColor 1 1 0
		}
	}
	geometry IndexedLineSet {
		coord Coordinate {
			point [
			]
		}
		coordIndex [-1
		]
	}
}
#---------- POLYLINE
Shape {
	appearance Appearance {
		material Material {
			diffuseColor 1 1 0
			emissiveColor 1 1 0
		}
	}
	geometry IndexedLineSet {
		coord Coordinate {
			point [
			]
		}
		coordIndex [-1
		]
	}
}
#---------- POLYLINE
Shape {
	appearance Appearance {
		material Material {
			diffuseColor 1 1 0
			emissiveColor 1 1 0
		}
	}
	geometry IndexedLineSet {
		coord Coordinate {
			point [
			]
		}
		coordIndex [-1
		]
	}
}
#---------- POLYLINE
Shape {
	appearance Appearance {
		material Material {
			diffuseColor 1 1 0
			emissiveColor 1 1 0
		}
	}
	geometry IndexedLineSet {
		coord Coordinate {
			point [
			]
		}
		coordIndex [-1
		]
	}
}
#---------- POLYLINE
Shape {
	appearance Appearance {
		material Material {
			diffuseColor 1 1 0
			emissiveColor 1 1 0
		}
	}
	geometry IndexedLineSet {
		coord Coordinate {
			point [
			]
		}
		coordIndex [-1
		]
	}
}
#---------- POLYLINE
Shape {
	appearance Appearance {
		material Material {
			diffuseColor 1 1 0
			emissiveColor 1 1 0
		}
	}
	geometry IndexedLineSet {
		coord Coordinate {
			point [
			]
		}
		coordIndex [-1
		]
	}
}
#---------- POLYLINE
Shape {
	appearance Appearance {
		material Material {
			diffuseColor 1 1 0
			emissiveColor 1 1 0
		}
	}
	geometry IndexedLineSet {
		coord Coordinate {
			point [
			]
		}
		coordIndex [-1
		]
	}
}
#---------- POLYLINE
Shape {
	appearance Appearance {
		material Material {
			diffuseColor 1 1 0
			emissiveColor 1 1 0
		}
	}
	geometry IndexedLineSet {
		coord Coordinate {
			point [
			]
		}
		coordIndex [-1
		]
	}
}
#---------- POLYLINE
Shape {
	appearance Appearance {
		material Material {
			diffuseColor 1 1 0
			emissiveColor 1 1 0
		}
	}
	geometry IndexedLineSet {
		coord Coordinate {
			point [
			]
		}
		coordIndex [-1
		]
	}
}
#---------- POLYLINE
Shape {
	appearance Appearance {
		material Material {
			diffuseColor 1 1 0
			emissiveColor 1 1 0
		}
	}
	geometry IndexedLineSet {
		coord Coordinate {
			point [
			]
		}
		coordIndex [-1
		]
	}
}
#---------- POLYLINE
Shape {
	appearance Appearance {
		material Material {
			diffuseColor 1 1 0
			emissiveColor 1 1 0
		}
	}
	geometry IndexedLineSet {
		coord Coordinate {
			point [
			]
		}
		coordIndex [-1
		]
	}
}
#---------- POLYLINE
Shape {
	appearance Appearance {
		material Material {
			diffuseColor 1 1 0
			emissiveColor 1 1 0
		}
	}
	geometry IndexedLineSet {
		coord Coordinate {
			point [
			]
		}
		coordIndex [-1
		]
	}
}
#---------- POLYLINE
Shape {
	appearance Appearance {
		material Material {
			diffuseColor 1 1 0
			emissiveColor 1 1 0
		}
	}
	geometry IndexedLineSet {
		coord Coordinate {
			point [
			]
		}
		coordIndex [-1
		]
	}
}
#---------- POLYLINE
Shape {
	appearance Appearance {
		material Material {
			diffuseColor 1 1 0
			emissiveColor 1 1 0
		}
	}
	geometry IndexedLineSet {
		coord Coordinate {
			point [
			]
		}
		coordIndex [-1
		]
	}
}
#---------- POLYLINE
Shape {
	appearance Appearance {
		material Material {
			diffuseColor 1 1 0
			emissiveColor 1 1 0
		}
	}
	geometry IndexedLineSet {
		coord Coordinate {
			point [
			]
		}
		coordIndex [-1
		]
	}
}
#---------- POLYLINE
Shape {
	appearance Appearance {
		material Material {
			diffuseColor 1 1 0
			emissiveColor 1 1 0
		}
	}
	geometry IndexedLineSet {
		coord Coordinate {
			point [
			]
		}
		coordIndex [-1
		]
	}
}
#---------- POLYLINE
Shape {
	appearance Appearance {
		material Material {
			diffuseColor 1 1 0
			emissiveColor 1 1 0
		}
	}
	geometry IndexedLineSet {
		coord Coordinate {
			point [
			]
		}
		coordIndex [-1
		]
	}
}
#---------- POLYLINE
Shape {
	appearance Appearance {
		material Material {
			diffuseColor 1 1 0
			emissiveColor 1 1 0
		}
	}
	geometry IndexedLineSet {
		coord Coordinate {
			point [
			]
		}
		coordIndex [-1
		]
	}
}
#---------- POLYLINE
Shape {
	appearance Appearance {
		material Material {
			diffuseColor 1 1 0
			emissiveColor 1 1 0
		}
	}
	geometry IndexedLineSet {
		coord Coordinate {
			point [
			]
		}
		coordIndex [-1
		]
	}
}
#---------- POLYLINE
Shape {
	appearance Appearance {
		material Material {
			diffuseColor 1 1 0
			emissiveColor 1 1 0
		}
	}
	geometry IndexedLineSet {
		coord Coordinate {
			point [
			]
		}
		coordIndex [-1
		]
	}
}
#---------- POLYLINE
Shape {
	appearance Appearance {
		material Material {
			diffuseColor 1 1 0
			emissiveColor 1 1 0
		}
	}
	geometry IndexedLineSet {
		coord Coordinate {
			point [
			]
		}
		coordIndex [-1
		]
	}
}
#---------- POLYLINE
Shape {
	appearance Appearance {
		material Material {
			diffuseColor 1 1 0
			emissiveColor 1 1 0
		}
	}
	geometry IndexedLineSet {
		coord Coordinate {
			point [
			]
		}
		coordIndex [-1
		]
	}
}
#---------- POLYLINE
Shape {
	appearance Appearance {
		material Material {
			diffuseColor 1 1 0
			emissiveColor 1 1 0
		}
	}
	geometry IndexedLineSet {
		coord Coordinate {
			point [
			]
		}
		coordIndex [-1
		]
	}
}
#---------- POLYLINE
Shape {
	appearance Appearance {
		material Material {
			diffuseColor 1 1 0
			emissiveColor 1 1 0
		}
	}
	geometry IndexedLineSet {
		coord Coordinate {
			point [
			]
		}
		coordIndex [-1
		]
	}
}
#---------- POLYLINE
Shape {
	appearance Appearance {
		material Material {
			diffuseColor 1 1 0
			emissiveColor 1 1 0
		}
	}
	geometry IndexedLineSet {
		coord Coordinate {
			point [
			]
		}
		coordIndex [-1
		]
	}
}
#---------- POLYLINE
Shape {
	appearance Appearance {
		material Material {
			diffuseColor 1 1 0
			emissiveColor 1 1 0
		}
	}
	geometry IndexedLineSet {
		coord Coordinate {
			point [
			]
		}
		coordIndex [-1
		]
	}
}
#---------- POLYLINE
Shape {
	appearance Appearance {
		material Material {
			diffuseColor 1 1 0
			emissiveColor 1 1 0
		}
	}
	geometry IndexedLineSet {
		coord Coordinate {
			point [
			]
		}
		coordIndex [-1
		]
	}
}
#---------- POLYLINE
Shape {
	appearance Appearance {
		material Material {
			diffuseColor 1 1 0
			emissiveColor 1 1 0
		}
	}
	geometry IndexedLineSet {
		coord Coordinate {
			point [
			]
		}
		coordIndex [-1
		]
	}
}
#---------- POLYLINE
Shape {
	appearance Appearance {
		material Material {
			diffuseColor 1 1 0
			emissiveColor 1 1 0
		}
	}
	geometry IndexedLineSet {
		coord Coordinate {
			point [
			]
		}
		coordIndex [-1
		]
	}
}
#---------- POLYLINE
Shape {
	appearance Appearance {
		material Material {
			diffuseColor 1 1 0
			emissiveColor 1 1 0
		}
	}
	geometry IndexedLineSet {
		coord Coordinate {
			point [
			]
		}
		coordIndex [-1
		]
	}
}
#---------- POLYLINE
Shape {
	appearance Appearance {
		material Material {
			diffuseColor 1 1 0
			emissiveColor 1 1 0
		}
	}
	geometry IndexedLineSet {
		coord Coordinate {
			point [
			]
		}
		coordIndex [-1
		]
	}
}
#---------- POLYLINE
Shape {
	appearance Appearance {
		material Material {
			diffuseColor 1 1 0
			emissiveColor 1 1 0
		}
	}
	geometry IndexedLineSet {
		coord Coordinate {
			point [
			]
		}
		coordIndex [-1
		]
	}
}
#---------- POLYLINE
Shape {
	appearance Appearance {
		material Material {
			diffuseColor 1 1 0
			emissiveColor 1 1 0
		}
	}
	geometry IndexedLineSet {
		coord Coordinate {
			point [
			]
		}
		coordIndex [-1
		]
	}
}
#---------- POLYLINE
Shape {
	appearance Appearance {
		material Material {
			diffuseColor 1 1 0
			emissiveColor 1 1 0
		}
	}
	geometry IndexedLineSet {
		coord Coordinate {
			point [
			]
		}
		coordIndex [-1
		]
	}
}
#---------- POLYLINE
Shape {
	appearance Appearance {
		material Material {
			diffuseColor 1 1 0
			emissiveColor 1 1 0
		}
	}
	geometry IndexedLineSet {
		coord Coordinate {
			point [
			]
		}
		coordIndex [-1
		]
	}
}
#---------- POLYLINE
Shape {
	appearance Appearance {
		material Material {
			diffuseColor 1 1 0
			emissiveColor 1 1 0
		}
	}
	geometry IndexedLineSet {
		coord Coordinate {
			point [
			]
		}
		coordIndex [-1
		]
	}
}
#---------- POLYLINE
Shape {
	appearance Appearance {
		material Material {
			diffuseColor 1 1 0
			emissiveColor 1 1 0
		}
	}
	geometry IndexedLineSet {
		coord Coordinate {
			point [
			]
		}
		coordIndex [-1
		]
	}
}
#---------- POLYLINE
Shape {
	appearance Appearance {
		material Material {
			diffuseColor 1 1 0
			emissiveColor 1 1 0
		}
	}
	geometry IndexedLineSet {
		coord Coordinate {
			point [
			]
		}
		coordIndex [-1
		]
	}
}
#---------- POLYLINE
Shape {
	appearance Appearance {
		material Material {
			diffuseColor 1 1 0
			emissiveColor 1 1 0
		}
	}
	geometry IndexedLineSet {
		coord Coordinate {
			point [
			]
		}
		coordIndex [-1
		]
	}
}
#---------- POLYLINE
Shape {
	appearance Appearance {
		material Material {
			diffuseColor 1 1 0
			emissiveColor 1 1 0
		}
	}
	geometry IndexedLineSet {
		coord Coordinate {
			point [
			]
		}
		coordIndex [-1
		]
	}
}
#---------- POLYLINE
Shape {
	appearance Appearance {
		material Material {
			diffuseColor 1 1 0
			emissiveColor 1 1 0
		}
	}
	geometry IndexedLineSet {
		coord Coordinate {
			point [
			]
		}
		coordIndex [-1
		]
	}
}
#---------- POLYLINE
Shape {
	appearance Appearance {
		material Material {
			diffuseColor 1 1 0
			emissiveColor 1 1 0
		}
	}
	geometry IndexedLineSet {
		coord Coordinate {
			point [
			]
		}
		coordIndex [-1
		]
	}
}
#---------- POLYLINE
Shape {
	appearance Appearance {
		material Material {
			diffuseColor 1 1 0
			emissiveColor 1 1 0
		}
	}
	geometry IndexedLineSet {
		coord Coordinate {
			point [
			]
		}
		coordIndex [-1
		]
	}
}
#---------- POLYLINE
Shape {
	appearance Appearance {
		material Material {
			diffuseColor 1 1 0
			emissiveColor 1 1 0
		}
	}
	geometry IndexedLineSet {
		coord Coordinate {
			point [
			]
		}
		coordIndex [-1
		]
	}
}
#---------- POLYLINE
Shape {
	appearance Appearance {
		material Material {
			diffuseColor 1 1 0
			emissiveColor 1 1 0
		}
	}
	geometry IndexedLineSet {
		coord Coordinate {
			point [
			]
		}
		coordIndex [-1
		]
	}
}
#---------- POLYLINE
Shape {
	appearance Appearance {
		material Material {
			diffuseColor 1 1 0
			emissiveColor 1 1 0
		}
	}
	geometry IndexedLineSet {
		coord Coordinate {
			point [
			]
		}
		coordIndex [-1
		]
	}
}
#---------- POLYLINE
Shape {
	appearance Appearance {
		material Material {
			diffuseColor 1 1 0
			emissiveColor 1 1 0
		}
	}
	geometry IndexedLineSet {
		coord Coordinate {
			point [
			]
		}
		coordIndex [-1
		]
	}
}
#---------- POLYLINE
Shape {
	appearance Appearance {
		material Material {
			diffuseColor 1 1 0
			emissiveColor 1 1 0
		}
	}
	geometry IndexedLineSet {
		coord Coordinate {
			point [
			]
		}
		coordIndex [-1
		]
	}
}
#---------- POLYLINE
Shape {
	appearance Appearance {
		material Material {
			diffuseColor 1 1 0
			emissiveColor 1 1 0
		}
	}
	geometry IndexedLineSet {
		coord Coordinate {
			point [
			]
		}
		coordIndex [-1
		]
	}
}
#---------- POLYLINE
Shape {
	appearance Appearance {
		material Material {
			diffuseColor 1 1 0
			emissiveColor 1 1 0
		}
	}
	geometry IndexedLineSet {
		coord Coordinate {
			point [
			]
		}
		coordIndex [-1
		]
	}
}
#---------- POLYLINE
Shape {
	appearance Appearance {
		material Material {
			diffuseColor 1 1 0
			emissiveColor 1 1 0
		}
	}
	geometry IndexedLineSet {
		coord Coordinate {
			point [
			]
		}
		coordIndex [-1
		]
	}
}
#---------- POLYLINE
Shape {
	appearance Appearance {
		material Material {
			diffuseColor 1 1 0
			emissiveColor 1 1 0
		}
	}
	geometry IndexedLineSet {
		coord Coordinate {
			point [
			]
		}
		coordIndex [-1
		]
	}
}
#---------- POLYLINE
Shape {
	appearance Appearance {
		material Material {
			diffuseColor 1 1 0
			emissiveColor 1 1 0
		}
	}
	geometry IndexedLineSet {
		coord Coordinate {
			point [
			]
		}
		coordIndex [-1
		]
	}
}
#---------- POLYLINE
Shape {
	appearance Appearance {
		material Material {
			diffuseColor 1 1 0
			emissiveColor 1 1 0
		}
	}
	geometry IndexedLineSet {
		coord Coordinate {
			point [
			]
		}
		coordIndex [-1
		]
	}
}
#---------- POLYLINE
Shape {
	appearance Appearance {
		material Material {
			diffuseColor 1 1 0
			emissiveColor 1 1 0
		}
	}
	geometry IndexedLineSet {
		coord Coordinate {
			point [
			]
		}
		coordIndex [-1
		]
	}
}
#---------- POLYLINE
Shape {
	appearance Appearance {
		material Material {
			diffuseColor 1 1 0
			emissiveColor 1 1 0
		}
	}
	geometry IndexedLineSet {
		coord Coordinate {
			point [
			]
		}
		coordIndex [-1
		]
	}
}
#---------- POLYLINE
Shape {
	appearance Appearance {
		material Material {
			diffuseColor 1 1 0
			emissiveColor 1 1 0
		}
	}
	geometry IndexedLineSet {
		coord Coordinate {
			point [
			]
		}
		coordIndex [-1
		]
	}
}
#---------- POLYLINE
Shape {
	appearance Appearance {
		material Material {
			diffuseColor 1 1 0
			emissiveColor 1 1 0
		}
	}
	geometry IndexedLineSet {
		coord Coordinate {
			point [
			]
		}
		coordIndex [-1
		]
	}
}
#---------- POLYLINE
Shape {
	appearance Appearance {
		material Material {
			diffuseColor 1 1 0
			emissiveColor 1 1 0
		}
	}
	geometry IndexedLineSet {
		coord Coordinate {
			point [
			]
		}
		coordIndex [-1
		]
	}
}
#---------- POLYLINE
Shape {
	appearance Appearance {
		material Material {
			diffuseColor 1 1 0
			emissiveColor 1 1 0
		}
	}
	geometry IndexedLineSet {
		coord Coordinate {
			point [
			]
		}
		coordIndex [-1
		]
	}
}
#---------- POLYLINE
Shape {
	appearance Appearance {
		material Material {
			diffuseColor 1 1 0
			emissiveColor 1 1 0
		}
	}
	geometry IndexedLineSet {
		coord Coordinate {
			point [
			]
		}
		coordIndex [-1
		]
	}
}
#---------- POLYLINE
Shape {
	appearance Appearance {
		material Material {
			diffuseColor 1 1 0
			emissiveColor 1 1 0
		}
	}
	geometry IndexedLineSet {
		coord Coordinate {
			point [
			]
		}
		coordIndex [-1
		]
	}
}
#---------- POLYLINE
Shape {
	appearance Appearance {
		material Material {
			diffuseColor 1 1 0
			emissiveColor 1 1 0
		}
	}
	geometry IndexedLineSet {
		coord Coordinate {
			point [
			]
		}
		coordIndex [-1
		]
	}
}
#---------- POLYLINE
Shape {
	appearance Appearance {
		material Material {
			diffuseColor 1 1 0
			emissiveColor 1 1 0
		}
	}
	geometry IndexedLineSet {
		coord Coordinate {
			point [
			]
		}
		coordIndex [-1
		]
	}
}
#---------- POLYLINE
Shape {
	appearance Appearance {
		material Material {
			diffuseColor 1 1 0
			emissiveColor 1 1 0
		}
	}
	geometry IndexedLineSet {
		coord Coordinate {
			point [
			]
		}
		coordIndex [-1
		]
	}
}
#---------- POLYLINE
Shape {
	appearance Appearance {
		material Material {
			diffuseColor 1 1 0
			emissiveColor 1 1 0
		}
	}
	geometry IndexedLineSet {
		coord Coordinate {
			point [
			]
		}
		coordIndex [-1
		]
	}
}
#---------- POLYLINE
Shape {
	appearance Appearance {
		material Material {
			diffuseColor 1 1 0
			emissiveColor 1 1 0
		}
	}
	geometry IndexedLineSet {
		coord Coordinate {
			point [
			]
		}
		coordIndex [-1
		]
	}
}
#---------- POLYLINE
Shape {
	appearance Appearance {
		material Material {
			diffuseColor 1 1 0
			emissiveColor 1 1 0
		}
	}
	geometry IndexedLineSet {
		coord Coordinate {
			point [
			]
		}
		coordIndex [-1
		]
	}
}
#---------- POLYLINE
Shape {
	appearance Appearance {
		material Material {
			diffuseColor 1 1 0
			emissiveColor 1 1 0
		}
	}
	geometry IndexedLineSet {
		coord Coordinate {
			point [
			]
		}
		coordIndex [-1
		]
	}
}
#---------- POLYLINE
Shape {
	appearance Appearance {
		material Material {
			diffuseColor 1 1 0
			emissiveColor 1 1 0
		}
	}
	geometry IndexedLineSet {
		coord Coordinate {
			point [
			]
		}
		coordIndex [-1
		]
	}
}
#---------- POLYLINE
Shape {
	appearance Appearance {
		material Material {
			diffuseColor 1 1 0
			emissiveColor 1 1 0
		}
	}
	geometry IndexedLineSet {
		coord Coordinate {
			point [
			]
		}
		coordIndex [-1
		]
	}
}
#---------- POLYLINE
Shape {
	appearance Appearance {
		material Material {
			diffuseColor 1 1 0
			emissiveColor 1 1 0
		}
	}
	geometry IndexedLineSet {
		coord Coordinate {
			point [
			]
		}
		coordIndex [-1
		]
	}
}
#---------- POLYLINE
Shape {
	appearance Appearance {
		material Material {
			diffuseColor 1 1 0
			emissiveColor 1 1 0
		}
	}
	geometry IndexedLineSet {
		coord Coordinate {
			point [
			]
		}
		coordIndex [-1
		]
	}
}
#---------- POLYLINE
Shape {
	appearance Appearance {
		material Material {
			diffuseColor 1 1 0
			emissiveColor 1 1 0
		}
	}
	geometry IndexedLineSet {
		coord Coordinate {
			point [
			]
		}
		coordIndex [-1
		]
	}
}
#---------- POLYLINE
Shape {
	appearance Appearance {
		material Material {
			diffuseColor 1 1 0
			emissiveColor 1 1 0
		}
	}
	geometry IndexedLineSet {
		coord Coordinate {
			point [
			]
		}
		coordIndex [-1
		]
	}
}
#---------- POLYLINE
Shape {
	appearance Appearance {
		material Material {
			diffuseColor 1 1 0
			emissiveColor 1 1 0
		}
	}
	geometry IndexedLineSet {
		coord Coordinate {
			point [
			]
		}
		coordIndex [-1
		]
	}
}
#---------- POLYLINE
Shape {
	appearance Appearance {
		material Material {
			diffuseColor 1 1 0
			emissiveColor 1 1 0
		}
	}
	geometry IndexedLineSet {
		coord Coordinate {
			point [
			]
		}
		coordIndex [-1
		]
	}
}
#---------- POLYLINE
Shape {
	appearance Appearance {
		material Material {
			diffuseColor 1 1 0
			emissiveColor 1 1 0
		}
	}
	geometry IndexedLineSet {
		coord Coordinate {
			point [
			]
		}
		coordIndex [-1
		]
	}
}
#---------- POLYLINE
Shape {
	appearance Appearance {
		material Material {
			diffuseColor 1 1 0
			emissiveColor 1 1 0
		}
	}
	geometry IndexedLineSet {
		coord Coordinate {
			point [
			]
		}
		coordIndex [-1
		]
	}
}
#---------- POLYLINE
Shape {
	appearance Appearance {
		material Material {
			diffuseColor 1 1 0
			emissiveColor 1 1 0
		}
	}
	geometry IndexedLineSet {
		coord Coordinate {
			point [
			]
		}
		coordIndex [-1
		]
	}
}
#---------- POLYLINE
Shape {
	appearance Appearance {
		material Material {
			diffuseColor 1 1 0
			emissiveColor 1 1 0
		}
	}
	geometry IndexedLineSet {
		coord Coordinate {
			point [
			]
		}
		coordIndex [-1
		]
	}
}
#---------- 3D MARKER (Circle)
Anchor {
 description "(-2.01982  -19.2385  248.78)"
 url "" 
 children [
  Transform {
   translation -2.01982 -19.2385 248.78
   children [
	Shape {
		appearance Appearance {
			material Material {
				diffuseColor 1 0 0
				emissiveColor 1 0 0
			}
		}
		geometry Sphere {
			radius 1.27107
		}
	}
   ]
  }
 ]
}
#---------- 3D MARKER (Circle)
Anchor {
 description "(-1.88528  -19.1038  247.798)"
 url "" 
 children [
  Transform {
   translation -1.88528 -19.1038 247.798
   children [
	Shape {
		appearance Appearance {
			material Material {
				diffuseColor 1 0 0
				emissiveColor 1 0 0
			}
		}
		geometry Sphere {
			radius 1.27107
		}
	}
   ]
  }
 ]
}
#---------- 3D MARKER (Circle)
Anchor {
 description "(-1.88562  -19.1032  247.798)"
 url "" 
 children [
  Transform {
   translation -1.88562 -19.1032 247.798
   children [
	Shape {
		appearance Appearance {
			material Material {
				diffuseColor 1 0 0
				emissiveColor 1 0 0
			}
		}
		geometry Sphere {
			radius 1.27107
		}
	}
   ]
  }
 ]
}
#---------- 3D MARKER (Circle)
Anchor {
 description "(-1.88647  -19.1026  247.798)"
 url "" 
 children [
  Transform {
   translation -1.88647 -19.1026 247.798
   children [
	Shape {
		appearance Appearance {
			material Material {
				diffuseColor 1 0 0
				emissiveColor 1 0 0
			}
		}
		geometry Sphere {
			radius 1.27107
		}
	}
   ]
  }
 ]
}
#---------- 3D MARKER (Circle)
Anchor {
 description "(-1.88709  -19.1022  247.798)"
 url "" 
 children [
  Transform {
   translation -1.88709 -19.1022 247.798
   children [
	Shape {
		appearance Appearance {
			material Material {
				diffuseColor 1 0 0
				emissiveColor 1 0 0
			}
		}
		geometry Sphere {
			radius 1.27107
		}
	}
   ]
  }
 ]
}
#---------- 3D MARKER (Circle)
Anchor {
 description "(-1.88733  -19.1021  247.797)"
 url "" 
 children [
  Transform {
   translation -1.88733 -19.1021 247.797
   children [
	Shape {
		appearance Appearance {
			material Material {
				diffuseColor 1 0 0
				emissiveColor 1 0 0
			}
		}
		geometry Sphere {
			radius 1.27107
		}
	}
   ]
  }
 ]
}
#---------- 3D MARKER (Circle)
Anchor {
 description "(-1.72005  -18.9528  246.659)"
 url "" 
 children [
  Transform {
   translation -1.72005 -18.9528 246.659
   children [
	Shape {
		appearance Appearance {
			material Material {
				diffuseColor 1 0 0
				emissiveColor 1 0 0
			}
		}
		geometry Sphere {
			radius 1.27107
		}
	}
   ]
  }
 ]
}
#---------- 3D MARKER (Circle)
Anchor {
 description "(-1.7201  -18.9528  246.659)"
 url "" 
 children [
  Transform {
   translation -1.7201 -18.9528 246.659
   children [
	Shape {
		appearance Appearance {
			material Material {
				diffuseColor 1 0 0
				emissiveColor 1 0 0
			}
		}
		geometry Sphere {
			radius 1.27107
		}
	}
   ]
  }
 ]
}
#---------- 3D MARKER (Circle)
Anchor {
 description "(-1.71809  -18.9509  246.645)"
 url "" 
 children [
  Transform {
   translation -1.71809 -18.9509 246.645
   children [
	Shape {
		appearance Appearance {
			material Material {
				diffuseColor 1 0 0
				emissiveColor 1 0 0
			}
		}
		geometry Sphere {
			radius 1.27107
		}
	}
   ]
  }
 ]
}
#---------- 3D MARKER (Circle)
Anchor {
 description "(-0.612136  -18.0257  239.537)"
 url "" 
 children [
  Transform {
   translation -0.612136 -18.0257 239.537
   children [
	Shape {
		appearance Appearance {
			material Material {
				diffuseColor 1 0 0
				emissiveColor 1 0 0
			}
		}
		geometry Sphere {
			radius 1.27107
		}
	}
   ]
  }
 ]
}
#---------- 3D MARKER (Circle)
Anchor {
 description "(-0.228955  -17.7181  237.096)"
 url "" 
 children [
  Transform {
   translation -0.228955 -17.7181 237.096
   children [
	Shape {
		appearance Appearance {
			material Material {
				diffuseColor 1 0 0
				emissiveColor 1 0 0
			}
		}
		geometry Sphere {
			radius 1.27107
		}
	}
   ]
  }
 ]
}
#---------- 3D MARKER (Circle)
Anchor {
 description "(-0.228974  -17.7184  237.096)"
 url "" 
 children [
  Transform {
   translation -0.228974 -17.7184 237.096
   children [
	Shape {
		appearance Appearance {
			material Material {
				diffuseColor 1 0 0
				emissiveColor 1 0 0
			}
		}
		geometry Sphere {
			radius 1.27107
		}
	}
   ]
  }
 ]
}
#---------- 3D MARKER (Circle)
Anchor {
 description "(-0.186474  -17.6825  236.82)"
 url "" 
 children [
  Transform {
   translation -0.186474 -17.6825 236.82
   children [
	Shape {
		appearance Appearance {
			material Material {
				diffuseColor 1 0 0
				emissiveColor 1 0 0
			}
		}
		geometry Sphere {
			radius 1.27107
		}
	}
   ]
  }
 ]
}
#---------- 3D MARKER (Circle)
Anchor {
 description "(0.679791  -16.8065  231.497)"
 url "" 
 children [
  Transform {
   translation 0.679791 -16.8065 231.497
   children [
	Shape {
		appearance Appearance {
			material Material {
				diffuseColor 1 0 0
				emissiveColor 1 0 0
			}
		}
		geometry Sphere {
			radius 1.27107
		}
	}
   ]
  }
 ]
}
#---------- 3D MARKER (Circle)
Anchor {
 description "(0.680445  -16.806  231.497)"
 url "" 
 children [
  Transform {
   translation 0.680445 -16.806 231.497
   children [
	Shape {
		appearance Appearance {
			material Material {
				diffuseColor 1 0 0
				emissiveColor 1 0 0
			}
		}
		geometry Sphere {
			radius 1.27107
		}
	}
   ]
  }
 ]
}
#---------- 3D MARKER (Circle)
Anchor {
 description "(0.680792  -16.8058  231.497)"
 url "" 
 children [
  Transform {
   translation 0.680792 -16.8058 231.497
   children [
	Shape {
		appearance Appearance {
			material Material {
				diffuseColor 1 0 0
				emissiveColor 1 0 0
			}
		}
		geometry Sphere {
			radius 1.27107
		}
	}
   ]
  }
 ]
}
#---------- 3D MARKER (Circle)
Anchor {
 description "(0.758873  -16.7239  231.001)"
 url "" 
 children [
  Transform {
   translation 0.758873 -16.7239 231.001
   children [
	Shape {
		appearance Appearance {
			material Material {
				diffuseColor 1 0 0
				emissiveColor 1 0 0
			}
		}
		geometry Sphere {
			radius 1.27107
		}
	}
   ]
  }
 ]
}
#---------- 3D MARKER (Circle)
Anchor {
 description "(0.759035  -16.724  231.001)"
 url "" 
 children [
  Transform {
   translation 0.759035 -16.724 231.001
   children [
	Shape {
		appearance Appearance {
			material Material {
				diffuseColor 1 0 0
				emissiveColor 1 0 0
			}
		}
		geometry Sphere {
			radius 1.27107
		}
	}
   ]
  }
 ]
}
#---------- 3D MARKER (Circle)
Anchor {
 description "(1.94045  -15.4851  223.412)"
 url "" 
 children [
  Transform {
   translation 1.94045 -15.4851 223.412
   children [
	Shape {
		appearance Appearance {
			material Material {
				diffuseColor 1 0 0
				emissiveColor 1 0 0
			}
		}
		geometry Sphere {
			radius 1.27107
		}
	}
   ]
  }
 ]
}
#---------- 3D MARKER (Circle)
Anchor {
 description "(2.00934  -15.4207  222.929)"
 url "" 
 children [
  Transform {
   translation 2.00934 -15.4207 222.929
   children [
	Shape {
		appearance Appearance {
			material Material {
				diffuseColor 1 0 0
				emissiveColor 1 0 0
			}
		}
		geometry Sphere {
			radius 1.27107
		}
	}
   ]
  }
 ]
}
#---------- 3D MARKER (Circle)
Anchor {
 description "(2.13759  -15.3055  222.03)"
 url "" 
 children [
  Transform {
   translation 2.13759 -15.3055 222.03
   children [
	Shape {
		appearance Appearance {
			material Material {
				diffuseColor 1 0 0
				emissiveColor 1 0 0
			}
		}
		geometry Sphere {
			radius 1.27107
		}
	}
   ]
  }
 ]
}
#---------- 3D MARKER (Circle)
Anchor {
 description "(2.25668  -15.1924  221.188)"
 url "" 
 children [
  Transform {
   translation 2.25668 -15.1924 221.188
   children [
	Shape {
		appearance Appearance {
			material Material {
				diffuseColor 1 0 0
				emissiveColor 1 0 0
			}
		}
		geometry Sphere {
			radius 1.27107
		}
	}
   ]
  }
 ]
}
#---------- 3D MARKER (Circle)
Anchor {
 description "(2.50615  -14.9605  219.333)"
 url "" 
 children [
  Transform {
   translation 2.50615 -14.9605 219.333
   children [
	Shape {
		appearance Appearance {
			material Material {
				diffuseColor 1 0 0
				emissiveColor 1 0 0
			}
		}
		geometry Sphere {
			radius 1.27107
		}
	}
   ]
  }
 ]
}
#---------- 3D MARKER (Circle)
Anchor {
 description "(3.22265  -14.3429  213.446)"
 url "" 
 children [
  Transform {
   translation 3.22265 -14.3429 213.446
   children [
	Shape {
		appearance Appearance {
			material Material {
				diffuseColor 1 0 0
				emissiveColor 1 0 0
			}
		}
		geometry Sphere {
			radius 1.27107
		}
	}
   ]
  }
 ]
}
#---------- 3D MARKER (Circle)
Anchor {
 description "(3.59461  -14.0362  210.408)"
 url "" 
 children [
  Transform {
   translation 3.59461 -14.0362 210.408
   children [
	Shape {
		appearance Appearance {
			material Material {
				diffuseColor 1 0 0
				emissiveColor 1 0 0
			}
		}
		geometry Sphere {
			radius 1.27107
		}
	}
   ]
  }
 ]
}
#---------- 3D MARKER (Circle)
Anchor {
 description "(3.98529  -13.7026  207.31)"
 url "" 
 children [
  Transform {
   translation 3.98529 -13.7026 207.31
   children [
	Shape {
		appearance Appearance {
			material Material {
				diffuseColor 1 0 0
				emissiveColor 1 0 0
			}
		}
		geometry Sphere {
			radius 1.27107
		}
	}
   ]
  }
 ]
}
#---------- 3D MARKER (Circle)
Anchor {
 description "(3.98457  -13.7034  207.31)"
 url "" 
 children [
  Transform {
   translation 3.98457 -13.7034 207.31
   children [
	Shape {
		appearance Appearance {
			material Material {
				diffuseColor 1 0 0
				emissiveColor 1 0 0
			}
		}
		geometry Sphere {
			radius 1.27107
		}
	}
   ]
  }
 ]
}
#---------- 3D MARKER (Circle)
Anchor {
 description "(3.98434  -13.7036  207.31)"
 url "" 
 children [
  Transform {
   translation 3.98434 -13.7036 207.31
   children [
	Shape {
		appearance Appearance {
			material Material {
				diffuseColor 1 0 0
				emissiveColor 1 0 0
			}
		}
		geometry Sphere {
			radius 1.27107
		}
	}
   ]
  }
 ]
}
#---------- 3D MARKER (Circle)
Anchor {
 description "(4.2627  -13.4609  205.194)"
 url "" 
 children [
  Transform {
   translation 4.2627 -13.4609 205.194
   children [
	Shape {
		appearance Appearance {
			material Material {
				diffuseColor 1 0 0
				emissiveColor 1 0 0
			}
		}
		geometry Sphere {
			radius 1.27107
		}
	}
   ]
  }
 ]
}
#---------- 3D MARKER (Circle)
Anchor {
 description "(4.59008  -13.2012  202.858)"
 url "" 
 children [
  Transform {
   translation 4.59008 -13.2012 202.858
   children [
	Shape {
		appearance Appearance {
			material Material {
				diffuseColor 1 0 0
				emissiveColor 1 0 0
			}
		}
		geometry Sphere {
			radius 1.27107
		}
	}
   ]
  }
 ]
}
#---------- 3D MARKER (Circle)
Anchor {
 description "(4.59099  -13.2009  202.858)"
 url "" 
 children [
  Transform {
   translation 4.59099 -13.2009 202.858
   children [
	Shape {
		appearance Appearance {
			material Material {
				diffuseColor 1 0 0
				emissiveColor 1 0 0
			}
		}
		geometry Sphere {
			radius 1.27107
		}
	}
   ]
  }
 ]
}
#---------- 3D MARKER (Circle)
Anchor {
 description "(4.5914  -13.2006  202.859)"
 url "" 
 children [
  Transform {
   translation 4.5914 -13.2006 202.859
   children [
	Shape {
		appearance Appearance {
			material Material {
				diffuseColor 1 0 0
				emissiveColor 1 0 0
			}
		}
		geometry Sphere {
			radius 1.27107
		}
	}
   ]
  }
 ]
}
#---------- 3D MARKER (Circle)
Anchor {
 description "(4.5914  -13.2006  202.859)"
 url "" 
 children [
  Transform {
   translation 4.5914 -13.2006 202.859
   children [
	Shape {
		appearance Appearance {
			material Material {
				diffuseColor 1 0 0
				emissiveColor 1 0 0
			}
		}
		geometry Sphere {
			radius 1.27107
		}
	}
   ]
  }
 ]
}
#---------- 3D MARKER (Circle)
Anchor {
 description "(4.65291  -13.149  202.372)"
 url "" 
 children [
  Transform {
   translation 4.65291 -13.149 202.372
   children [
	Shape {
		appearance Appearance {
			material Material {
				diffuseColor 1 0 0
				emissiveColor 1 0 0
			}
		}
		geometry Sphere {
			radius 1.27107
		}
	}
   ]
  }
 ]
}
#---------- 3D MARKER (Circle)
Anchor {
 description "(4.65267  -13.1493  202.372)"
 url "" 
 children [
  Transform {
   translation 4.65267 -13.1493 202.372
   children [
	Shape {
		appearance Appearance {
			material Material {
				diffuseColor 1 0 0
				emissiveColor 1 0 0
			}
		}
		geometry Sphere {
			radius 1.27107
		}
	}
   ]
  }
 ]
}
#---------- 3D MARKER (Circle)
Anchor {
 description "(4.6816  -13.1238  202.16)"
 url "" 
 children [
  Transform {
   translation 4.6816 -13.1238 202.16
   children [
	Shape {
		appearance Appearance {
			material Material {
				diffuseColor 1 0 0
				emissiveColor 1 0 0
			}
		}
		geometry Sphere {
			radius 1.27107
		}
	}
   ]
  }
 ]
}
#---------- 3D MARKER (Circle)
Anchor {
 description "(4.68091  -13.1229  202.16)"
 url "" 
 children [
  Transform {
   translation 4.68091 -13.1229 202.16
   children [
	Shape {
		appearance Appearance {
			material Material {
				diffuseColor 1 0 0
				emissiveColor 1 0 0
			}
		}
		geometry Sphere {
			radius 1.27107
		}
	}
   ]
  }
 ]
}
#---------- 3D MARKER (Circle)
Anchor {
 description "(4.68016  -13.1222  202.159)"
 url "" 
 children [
  Transform {
   translation 4.68016 -13.1222 202.159
   children [
	Shape {
		appearance Appearance {
			material Material {
				diffuseColor 1 0 0
				emissiveColor 1 0 0
			}
		}
		geometry Sphere {
			radius 1.27107
		}
	}
   ]
  }
 ]
}
#---------- 3D MARKER (Circle)
Anchor {
 description "(4.67928  -13.1214  202.159)"
 url "" 
 children [
  Transform {
   translation 4.67928 -13.1214 202.159
   children [
	Shape {
		appearance Appearance {
			material Material {
				diffuseColor 1 0 0
				emissiveColor 1 0 0
			}
		}
		geometry Sphere {
			radius 1.27107
		}
	}
   ]
  }
 ]
}
#---------- 3D MARKER (Circle)
Anchor {
 description "(4.67879  -13.1209  202.158)"
 url "" 
 children [
  Transform {
   translation 4.67879 -13.1209 202.158
   children [
	Shape {
		appearance Appearance {
			material Material {
				diffuseColor 1 0 0
				emissiveColor 1 0 0
			}
		}
		geometry Sphere {
			radius 1.27107
		}
	}
   ]
  }
 ]
}
#---------- 3D MARKER (Circle)
Anchor {
 description "(4.67846  -13.1206  202.158)"
 url "" 
 children [
  Transform {
   translation 4.67846 -13.1206 202.158
   children [
	Shape {
		appearance Appearance {
			material Material {
				diffuseColor 1 0 0
				emissiveColor 1 0 0
			}
		}
		geometry Sphere {
			radius 1.27107
		}
	}
   ]
  }
 ]
}
#---------- 3D MARKER (Circle)
Anchor {
 description "(4.74935  -13.0796  201.73)"
 url "" 
 children [
  Transform {
   translation 4.74935 -13.0796 201.73
   children [
	Shape {
		appearance Appearance {
			material Material {
				diffuseColor 1 0 0
				emissiveColor 1 0 0
			}
		}
		geometry Sphere {
			radius 1.27107
		}
	}
   ]
  }
 ]
}
#---------- 3D MARKER (Circle)
Anchor {
 description "(4.74929  -13.079  201.73)"
 url "" 
 children [
  Transform {
   translation 4.74929 -13.079 201.73
   children [
	Shape {
		appearance Appearance {
			material Material {
				diffuseColor 1 0 0
				emissiveColor 1 0 0
			}
		}
		geometry Sphere {
			radius 1.27107
		}
	}
   ]
  }
 ]
}
#---------- 3D MARKER (Circle)
Anchor {
 description "(4.74929  -13.0788  201.73)"
 url "" 
 children [
  Transform {
   translation 4.74929 -13.0788 201.73
   children [
	Shape {
		appearance Appearance {
			material Material {
				diffuseColor 1 0 0
				emissiveColor 1 0 0
			}
		}
		geometry Sphere {
			radius 1.27107
		}
	}
   ]
  }
 ]
}
#---------- 3D MARKER (Circle)
Anchor {
 description "(4.79397  -13.0535  201.453)"
 url "" 
 children [
  Transform {
   translation 4.79397 -13.0535 201.453
   children [
	Shape {
		appearance Appearance {
			material Material {
				diffuseColor 1 0 0
				emissiveColor 1 0 0
			}
		}
		geometry Sphere {
			radius 1.27107
		}
	}
   ]
  }
 ]
}
#---------- 3D MARKER (Circle)
Anchor {
 description "(4.79438  -13.0538  201.453)"
 url "" 
 children [
  Transform {
   translation 4.79438 -13.0538 201.453
   children [
	Shape {
		appearance Appearance {
			material Material {
				diffuseColor 1 0 0
				emissiveColor 1 0 0
			}
		}
		geometry Sphere {
			radius 1.27107
		}
	}
   ]
  }
 ]
}
#---------- 3D MARKER (Circle)
Anchor {
 description "(4.8181  -13.0358  201.287)"
 url "" 
 children [
  Transform {
   translation 4.8181 -13.0358 201.287
   children [
	Shape {
		appearance Appearance {
			material Material {
				diffuseColor 1 0 0
				emissiveColor 1 0 0
			}
		}
		geometry Sphere {
			radius 1.27107
		}
	}
   ]
  }
 ]
}
#---------- 3D MARKER (Circle)
Anchor {
 description "(5.4766  -12.6364  197.181)"
 url "" 
 children [
  Transform {
   translation 5.4766 -12.6364 197.181
   children [
	Shape {
		appearance Appearance {
			material Material {
				diffuseColor 1 0 0
				emissiveColor 1 0 0
			}
		}
		geometry Sphere {
			radius 1.27107
		}
	}
   ]
  }
 ]
}
#---------- 3D MARKER (Circle)
Anchor {
 description "(5.47598  -12.6356  197.181)"
 url "" 
 children [
  Transform {
   translation 5.47598 -12.6356 197.181
   children [
	Shape {
		appearance Appearance {
			material Material {
				diffuseColor 1 0 0
				emissiveColor 1 0 0
			}
		}
		geometry Sphere {
			radius 1.27107
		}
	}
   ]
  }
 ]
}
#---------- 3D MARKER (Circle)
Anchor {
 description "(5.47577  -12.6354  197.181)"
 url "" 
 children [
  Transform {
   translation 5.47577 -12.6354 197.181
   children [
	Shape {
		appearance Appearance {
			material Material {
				diffuseColor 1 0 0
				emissiveColor 1 0 0
			}
		}
		geometry Sphere {
			radius 1.27107
		}
	}
   ]
  }
 ]
}
#---------- 3D MARKER (Circle)
Anchor {
 description "(5.81013  -12.4541  195.234)"
 url "" 
 children [
  Transform {
   translation 5.81013 -12.4541 195.234
   children [
	Shape {
		appearance Appearance {
			material Material {
				diffuseColor 1 0 0
				emissiveColor 1 0 0
			}
		}
		geometry Sphere {
			radius 1.27107
		}
	}
   ]
  }
 ]
}
#---------- 3D MARKER (Circle)
Anchor {
 description "(5.81167  -12.4553  195.234)"
 url "" 
 children [
  Transform {
   translation 5.81167 -12.4553 195.234
   children [
	Shape {
		appearance Appearance {
			material Material {
				diffuseColor 1 0 0
				emissiveColor 1 0 0
			}
		}
		geometry Sphere {
			radius 1.27107
		}
	}
   ]
  }
 ]
}
#---------- 3D MARKER (Circle)
Anchor {
 description "(5.81319  -12.4568  195.234)"
 url "" 
 children [
  Transform {
   translation 5.81319 -12.4568 195.234
   children [
	Shape {
		appearance Appearance {
			material Material {
				diffuseColor 1 0 0
				emissiveColor 1 0 0
			}
		}
		geometry Sphere {
			radius 1.27107
		}
	}
   ]
  }
 ]
}
#---------- 3D MARKER (Circle)
Anchor {
 description "(5.81419  -12.4579  195.234)"
 url "" 
 children [
  Transform {
   translation 5.81419 -12.4579 195.234
   children [
	Shape {
		appearance Appearance {
			material Material {
				diffuseColor 1 0 0
				emissiveColor 1 0 0
			}
		}
		geometry Sphere {
			radius 1.27107
		}
	}
   ]
  }
 ]
}
#---------- 3D MARKER (Circle)
Anchor {
 description "(5.8151  -12.4582  195.234)"
 url "" 
 children [
  Transform {
   translation 5.8151 -12.4582 195.234
   children [
	Shape {
		appearance Appearance {
			material Material {
				diffuseColor 1 0 0
				emissiveColor 1 0 0
			}
		}
		geometry Sphere {
			radius 1.27107
		}
	}
   ]
  }
 ]
}
#---------- 3D MARKER (Circle)
Anchor {
 description "(5.81571  -12.4584  195.233)"
 url "" 
 children [
  Transform {
   translation 5.81571 -12.4584 195.233
   children [
	Shape {
		appearance Appearance {
			material Material {
				diffuseColor 1 0 0
				emissiveColor 1 0 0
			}
		}
		geometry Sphere {
			radius 1.27107
		}
	}
   ]
  }
 ]
}
#---------- 3D MARKER (Circle)
Anchor {
 description "(5.81623  -12.4586  195.232)"
 url "" 
 children [
  Transform {
   translation 5.81623 -12.4586 195.232
   children [
	Shape {
		appearance Appearance {
			material Material {
				diffuseColor 1 0 0
				emissiveColor 1 0 0
			}
		}
		geometry Sphere {
			radius 1.27107
		}
	}
   ]
  }
 ]
}
#---------- 3D MARKER (Circle)
Anchor {
 description "(5.81625  -12.4586  195.232)"
 url "" 
 children [
  Transform {
   translation 5.81625 -12.4586 195.232
   children [
	Shape {
		appearance Appearance {
			material Material {
				diffuseColor 1 0 0
				emissiveColor 1 0 0
			}
		}
		geometry Sphere {
			radius 1.27107
		}
	}
   ]
  }
 ]
}
#---------- 3D MARKER (Circle)
Anchor {
 description "(7.65165  -11.386  183.018)"
 url "" 
 children [
  Transform {
   translation 7.65165 -11.386 183.018
   children [
	Shape {
		appearance Appearance {
			material Material {
				diffuseColor 1 0 0
				emissiveColor 1 0 0
			}
		}
		geometry Sphere {
			radius 1.27107
		}
	}
   ]
  }
 ]
}
#---------- 3D MARKER (Circle)
Anchor {
 description "(7.65064  -11.3872  183.018)"
 url "" 
 children [
  Transform {
   translation 7.65064 -11.3872 183.018
   children [
	Shape {
		appearance Appearance {
			material Material {
				diffuseColor 1 0 0
				emissiveColor 1 0 0
			}
		}
		geometry Sphere {
			radius 1.27107
		}
	}
   ]
  }
 ]
}
#---------- 3D MARKER (Circle)
Anchor {
 description "(7.65007  -11.3882  183.018)"
 url "" 
 children [
  Transform {
   translation 7.65007 -11.3882 183.018
   children [
	Shape {
		appearance Appearance {
			material Material {
				diffuseColor 1 0 0
				emissiveColor 1 0 0
			}
		}
		geometry Sphere {
			radius 1.27107
		}
	}
   ]
  }
 ]
}
#---------- 3D MARKER (Circle)
Anchor {
 description "(7.64941  -11.3895  183.018)"
 url "" 
 children [
  Transform {
   translation 7.64941 -11.3895 183.018
   children [
	Shape {
		appearance Appearance {
			material Material {
				diffuseColor 1 0 0
				emissiveColor 1 0 0
			}
		}
		geometry Sphere {
			radius 1.27107
		}
	}
   ]
  }
 ]
}
#---------- 3D MARKER (Circle)
Anchor {
 description "(7.64872  -11.391  183.019)"
 url "" 
 children [
  Transform {
   translation 7.64872 -11.391 183.019
   children [
	Shape {
		appearance Appearance {
			material Material {
				diffuseColor 1 0 0
				emissiveColor 1 0 0
			}
		}
		geometry Sphere {
			radius 1.27107
		}
	}
   ]
  }
 ]
}
#---------- 3D MARKER (Circle)
Anchor {
 description "(7.64836  -11.3919  183.019)"
 url "" 
 children [
  Transform {
   translation 7.64836 -11.3919 183.019
   children [
	Shape {
		appearance Appearance {
			material Material {
				diffuseColor 1 0 0
				emissiveColor 1 0 0
			}
		}
		geometry Sphere {
			radius 1.27107
		}
	}
   ]
  }
 ]
}
#---------- 3D MARKER (Circle)
Anchor {
 description "(8.15563  -11.0736  179.892)"
 url "" 
 children [
  Transform {
   translation 8.15563 -11.0736 179.892
   children [
	Shape {
		appearance Appearance {
			material Material {
				diffuseColor 1 0 0
				emissiveColor 1 0 0
			}
		}
		geometry Sphere {
			radius 1.27107
		}
	}
   ]
  }
 ]
}
#---------- 3D MARKER (Circle)
Anchor {
 description "(8.15565  -11.0737  179.892)"
 url "" 
 children [
  Transform {
   translation 8.15565 -11.0737 179.892
   children [
	Shape {
		appearance Appearance {
			material Material {
				diffuseColor 1 0 0
				emissiveColor 1 0 0
			}
		}
		geometry Sphere {
			radius 1.27107
		}
	}
   ]
  }
 ]
}
#---------- 3D MARKER (Circle)
Anchor {
 description "(9.1212  -10.2655  171.618)"
 url "" 
 children [
  Transform {
   translation 9.1212 -10.2655 171.618
   children [
	Shape {
		appearance Appearance {
			material Material {
				diffuseColor 1 0 0
				emissiveColor 1 0 0
			}
		}
		geometry Sphere {
			radius 1.27107
		}
	}
   ]
  }
 ]
}
#---------- 3D MARKER (Circle)
Anchor {
 description "(9.52227  -9.96017  167.959)"
 url "" 
 children [
  Transform {
   translation 9.52227 -9.96017 167.959
   children [
	Shape {
		appearance Appearance {
			material Material {
				diffuseColor 1 0 0
				emissiveColor 1 0 0
			}
		}
		geometry Sphere {
			radius 1.27107
		}
	}
   ]
  }
 ]
}
#---------- 3D MARKER (Circle)
Anchor {
 description "(9.70228  -9.81152  166.332)"
 url "" 
 children [
  Transform {
   translation 9.70228 -9.81152 166.332
   children [
	Shape {
		appearance Appearance {
			material Material {
				diffuseColor 1 0 0
				emissiveColor 1 0 0
			}
		}
		geometry Sphere {
			radius 1.27107
		}
	}
   ]
  }
 ]
}
#---------- 3D MARKER (Circle)
Anchor {
 description "(9.75997  -9.76342  165.803)"
 url "" 
 children [
  Transform {
   translation 9.75997 -9.76342 165.803
   children [
	Shape {
		appearance Appearance {
			material Material {
				diffuseColor 1 0 0
				emissiveColor 1 0 0
			}
		}
		geometry Sphere {
			radius 1.27107
		}
	}
   ]
  }
 ]
}
#---------- 3D MARKER (Circle)
Anchor {
 description "(9.76003  -9.76334  165.803)"
 url "" 
 children [
  Transform {
   translation 9.76003 -9.76334 165.803
   children [
	Shape {
		appearance Appearance {
			material Material {
				diffuseColor 1 0 0
				emissiveColor 1 0 0
			}
		}
		geometry Sphere {
			radius 1.27107
		}
	}
   ]
  }
 ]
}
#---------- 3D MARKER (Circle)
Anchor {
 description "(9.84518  -9.68646  164.837)"
 url "" 
 children [
  Transform {
   translation 9.84518 -9.68646 164.837
   children [
	Shape {
		appearance Appearance {
			material Material {
				diffuseColor 1 0 0
				emissiveColor 1 0 0
			}
		}
		geometry Sphere {
			radius 1.27107
		}
	}
   ]
  }
 ]
}
#---------- 3D MARKER (Circle)
Anchor {
 description "(9.84518  -9.68641  164.837)"
 url "" 
 children [
  Transform {
   translation 9.84518 -9.68641 164.837
   children [
	Shape {
		appearance Appearance {
			material Material {
				diffuseColor 1 0 0
				emissiveColor 1 0 0
			}
		}
		geometry Sphere {
			radius 1.27107
		}
	}
   ]
  }
 ]
}
#---------- 3D MARKER (Circle)
Anchor {
 description "(9.90661  -9.6274  164.079)"
 url "" 
 children [
  Transform {
   translation 9.90661 -9.6274 164.079
   children [
	Shape {
		appearance Appearance {
			material Material {
				diffuseColor 1 0 0
				emissiveColor 1 0 0
			}
		}
		geometry Sphere {
			radius 1.27107
		}
	}
   ]
  }
 ]
}
#---------- 3D MARKER (Circle)
Anchor {
 description "(10.7321  -8.81557  154.553)"
 url "" 
 children [
  Transform {
   translation 10.7321 -8.81557 154.553
   children [
	Shape {
		appearance Appearance {
			material Material {
				diffuseColor 1 0 0
				emissiveColor 1 0 0
			}
		}
		geometry Sphere {
			radius 1.27107
		}
	}
   ]
  }
 ]
}
#---------- 3D MARKER (Circle)
Anchor {
 description "(10.8776  -8.67177  152.99)"
 url "" 
 children [
  Transform {
   translation 10.8776 -8.67177 152.99
   children [
	Shape {
		appearance Appearance {
			material Material {
				diffuseColor 1 0 0
				emissiveColor 1 0 0
			}
		}
		geometry Sphere {
			radius 1.27107
		}
	}
   ]
  }
 ]
}
#---------- 3D MARKER (Circle)
Anchor {
 description "(10.9468  -8.59791  152.222)"
 url "" 
 children [
  Transform {
   translation 10.9468 -8.59791 152.222
   children [
	Shape {
		appearance Appearance {
			material Material {
				diffuseColor 1 0 0
				emissiveColor 1 0 0
			}
		}
		geometry Sphere {
			radius 1.27107
		}
	}
   ]
  }
 ]
}
#---------- 3D MARKER (Circle)
Anchor {
 description "(10.9682  -8.57722  151.988)"
 url "" 
 children [
  Transform {
   translation 10.9682 -8.57722 151.988
   children [
	Shape {
		appearance Appearance {
			material Material {
				diffuseColor 1 0 0
				emissiveColor 1 0 0
			}
		}
		geometry Sphere {
			radius 1.27107
		}
	}
   ]
  }
 ]
}
#---------- 3D MARKER (Circle)
Anchor {
 description "(11.2538  -7.71239  144.557)"
 url "" 
 children [
  Transform {
   translation 11.2538 -7.71239 144.557
   children [
	Shape {
		appearance Appearance {
			material Material {
				diffuseColor 1 0 0
				emissiveColor 1 0 0
			}
		}
		geometry Sphere {
			radius 1.27107
		}
	}
   ]
  }
 ]
}
#---------- 3D MARKER (Circle)
Anchor {
 description "(11.2551  -7.71198  144.557)"
 url "" 
 children [
  Transform {
   translation 11.2551 -7.71198 144.557
   children [
	Shape {
		appearance Appearance {
			material Material {
				diffuseColor 1 0 0
				emissiveColor 1 0 0
			}
		}
		geometry Sphere {
			radius 1.27107
		}
	}
   ]
  }
 ]
}
#---------- 3D MARKER (Circle)
Anchor {
 description "(11.2568  -7.7114  144.557)"
 url "" 
 children [
  Transform {
   translation 11.2568 -7.7114 144.557
   children [
	Shape {
		appearance Appearance {
			material Material {
				diffuseColor 1 0 0
				emissiveColor 1 0 0
			}
		}
		geometry Sphere {
			radius 1.27107
		}
	}
   ]
  }
 ]
}
#---------- 3D MARKER (Circle)
Anchor {
 description "(11.2582  -7.71111  144.557)"
 url "" 
 children [
  Transform {
   translation 11.2582 -7.71111 144.557
   children [
	Shape {
		appearance Appearance {
			material Material {
				diffuseColor 1 0 0
				emissiveColor 1 0 0
			}
		}
		geometry Sphere {
			radius 1.27107
		}
	}
   ]
  }
 ]
}
#---------- 3D MARKER (Circle)
Anchor {
 description "(11.2592  -7.711  144.557)"
 url "" 
 children [
  Transform {
   translation 11.2592 -7.711 144.557
   children [
	Shape {
		appearance Appearance {
			material Material {
				diffuseColor 1 0 0
				emissiveColor 1 0 0
			}
		}
		geometry Sphere {
			radius 1.27107
		}
	}
   ]
  }
 ]
}
#---------- 3D MARKER (Circle)
Anchor {
 description "(11.2599  -7.71092  144.556)"
 url "" 
 children [
  Transform {
   translation 11.2599 -7.71092 144.556
   children [
	Shape {
		appearance Appearance {
			material Material {
				diffuseColor 1 0 0
				emissiveColor 1 0 0
			}
		}
		geometry Sphere {
			radius 1.27107
		}
	}
   ]
  }
 ]
}
#---------- 3D MARKER (Circle)
Anchor {
 description "(11.2459  -7.57325  143.496)"
 url "" 
 children [
  Transform {
   translation 11.2459 -7.57325 143.496
   children [
	Shape {
		appearance Appearance {
			material Material {
				diffuseColor 1 0 0
				emissiveColor 1 0 0
			}
		}
		geometry Sphere {
			radius 1.27107
		}
	}
   ]
  }
 ]
}
#---------- 3D MARKER (Circle)
Anchor {
 description "(11.246  -7.57349  143.496)"
 url "" 
 children [
  Transform {
   translation 11.246 -7.57349 143.496
   children [
	Shape {
		appearance Appearance {
			material Material {
				diffuseColor 1 0 0
				emissiveColor 1 0 0
			}
		}
		geometry Sphere {
			radius 1.27107
		}
	}
   ]
  }
 ]
}
#---------- 3D MARKER (Circle)
Anchor {
 description "(11.1999  -6.87478  138.423)"
 url "" 
 children [
  Transform {
   translation 11.1999 -6.87478 138.423
   children [
	Shape {
		appearance Appearance {
			material Material {
				diffuseColor 1 0 0
				emissiveColor 1 0 0
			}
		}
		geometry Sphere {
			radius 1.27107
		}
	}
   ]
  }
 ]
}
#---------- 3D MARKER (Circle)
Anchor {
 description "(11.2001  -6.87319  138.422)"
 url "" 
 children [
  Transform {
   translation 11.2001 -6.87319 138.422
   children [
	Shape {
		appearance Appearance {
			material Material {
				diffuseColor 1 0 0
				emissiveColor 1 0 0
			}
		}
		geometry Sphere {
			radius 1.27107
		}
	}
   ]
  }
 ]
}
#---------- 3D MARKER (Circle)
Anchor {
 description "(11.2001  -6.87249  138.422)"
 url "" 
 children [
  Transform {
   translation 11.2001 -6.87249 138.422
   children [
	Shape {
		appearance Appearance {
			material Material {
				diffuseColor 1 0 0
				emissiveColor 1 0 0
			}
		}
		geometry Sphere {
			radius 1.27107
		}
	}
   ]
  }
 ]
}
#---------- 3D MARKER (Circle)
Anchor {
 description "(11.1173  -6.40903  134.87)"
 url "" 
 children [
  Transform {
   translation 11.1173 -6.40903 134.87
   children [
	Shape {
		appearance Appearance {
			material Material {
				diffuseColor 1 0 0
				emissiveColor 1 0 0
			}
		}
		geometry Sphere {
			radius 1.27107
		}
	}
   ]
  }
 ]
}
#---------- 3D MARKER (Circle)
Anchor {
 description "(11.0953  -6.20942  133.279)"
 url "" 
 children [
  Transform {
   translation 11.0953 -6.20942 133.279
   children [
	Shape {
		appearance Appearance {
			material Material {
				diffuseColor 1 0 0
				emissiveColor 1 0 0
			}
		}
		geometry Sphere {
			radius 1.27107
		}
	}
   ]
  }
 ]
}
#---------- 3D MARKER (Circle)
Anchor {
 description "(11.0378  -5.6804  128.967)"
 url "" 
 children [
  Transform {
   translation 11.0378 -5.6804 128.967
   children [
	Shape {
		appearance Appearance {
			material Material {
				diffuseColor 1 0 0
				emissiveColor 1 0 0
			}
		}
		geometry Sphere {
			radius 1.27107
		}
	}
   ]
  }
 ]
}
#---------- 3D MARKER (Circle)
Anchor {
 description "(11.0376  -5.59644  128.275)"
 url "" 
 children [
  Transform {
   translation 11.0376 -5.59644 128.275
   children [
	Shape {
		appearance Appearance {
			material Material {
				diffuseColor 1 0 0
				emissiveColor 1 0 0
			}
		}
		geometry Sphere {
			radius 1.27107
		}
	}
   ]
  }
 ]
}
#---------- 3D MARKER (Circle)
Anchor {
 description "(11.0378  -5.59627  128.275)"
 url "" 
 children [
  Transform {
   translation 11.0378 -5.59627 128.275
   children [
	Shape {
		appearance Appearance {
			material Material {
				diffuseColor 1 0 0
				emissiveColor 1 0 0
			}
		}
		geometry Sphere {
			radius 1.27107
		}
	}
   ]
  }
 ]
}
#---------- 3D MARKER (Circle)
Anchor {
 description "(11.0032  -5.31007  125.811)"
 url "" 
 children [
  Transform {
   translation 11.0032 -5.31007 125.811
   children [
	Shape {
		appearance Appearance {
			material Material {
				diffuseColor 1 0 0
				emissiveColor 1 0 0
			}
		}
		geometry Sphere {
			radius 1.27107
		}
	}
   ]
  }
 ]
}
#---------- 3D MARKER (Circle)
Anchor {
 description "(11.0026  -5.31049  125.812)"
 url "" 
 children [
  Transform {
   translation 11.0026 -5.31049 125.812
   children [
	Shape {
		appearance Appearance {
			material Material {
				diffuseColor 1 0 0
				emissiveColor 1 0 0
			}
		}
		geometry Sphere {
			radius 1.27107
		}
	}
   ]
  }
 ]
}
#---------- 3D MARKER (Circle)
Anchor {
 description "(10.8831  -5.12553  123.329)"
 url "" 
 children [
  Transform {
   translation 10.8831 -5.12553 123.329
   children [
	Shape {
		appearance Appearance {
			material Material {
				diffuseColor 1 0 0
				emissiveColor 1 0 0
			}
		}
		geometry Sphere {
			radius 1.27107
		}
	}
   ]
  }
 ]
}
#---------- 3D MARKER (Circle)
Anchor {
 description "(10.8814  -5.1255  123.329)"
 url "" 
 children [
  Transform {
   translation 10.8814 -5.1255 123.329
   children [
	Shape {
		appearance Appearance {
			material Material {
				diffuseColor 1 0 0
				emissiveColor 1 0 0
			}
		}
		geometry Sphere {
			radius 1.27107
		}
	}
   ]
  }
 ]
}
#---------- 3D MARKER (Circle)
Anchor {
 description "(10.8798  -5.12582  123.329)"
 url "" 
 children [
  Transform {
   translation 10.8798 -5.12582 123.329
   children [
	Shape {
		appearance Appearance {
			material Material {
				diffuseColor 1 0 0
				emissiveColor 1 0 0
			}
		}
		geometry Sphere {
			radius 1.27107
		}
	}
   ]
  }
 ]
}
#---------- 3D MARKER (Circle)
Anchor {
 description "(10.8778  -5.1285  123.329)"
 url "" 
 children [
  Transform {
   translation 10.8778 -5.1285 123.329
   children [
	Shape {
		appearance Appearance {
			material Material {
				diffuseColor 1 0 0
				emissiveColor 1 0 0
			}
		}
		geometry Sphere {
			radius 1.27107
		}
	}
   ]
  }
 ]
}
#---------- 3D MARKER (Circle)
Anchor {
 description "(10.8762  -5.13062  123.33)"
 url "" 
 children [
  Transform {
   translation 10.8762 -5.13062 123.33
   children [
	Shape {
		appearance Appearance {
			material Material {
				diffuseColor 1 0 0
				emissiveColor 1 0 0
			}
		}
		geometry Sphere {
			radius 1.27107
		}
	}
   ]
  }
 ]
}
#---------- 3D MARKER (Circle)
Anchor {
 description "(10.8746  -5.13236  123.331)"
 url "" 
 children [
  Transform {
   translation 10.8746 -5.13236 123.331
   children [
	Shape {
		appearance Appearance {
			material Material {
				diffuseColor 1 0 0
				emissiveColor 1 0 0
			}
		}
		geometry Sphere {
			radius 1.27107
		}
	}
   ]
  }
 ]
}
#---------- 3D MARKER (Circle)
Anchor {
 description "(10.8736  -5.13374  123.332)"
 url "" 
 children [
  Transform {
   translation 10.8736 -5.13374 123.332
   children [
	Shape {
		appearance Appearance {
			material Material {
				diffuseColor 1 0 0
				emissiveColor 1 0 0
			}
		}
		geometry Sphere {
			radius 1.27107
		}
	}
   ]
  }
 ]
}
#---------- 3D MARKER (Circle)
Anchor {
 description "(10.8728  -5.1347  123.332)"
 url "" 
 children [
  Transform {
   translation 10.8728 -5.1347 123.332
   children [
	Shape {
		appearance Appearance {
			material Material {
				diffuseColor 1 0 0
				emissiveColor 1 0 0
			}
		}
		geometry Sphere {
			radius 1.27107
		}
	}
   ]
  }
 ]
}
#---------- 3D MARKER (Circle)
Anchor {
 description "(10.8716  -5.13597  123.333)"
 url "" 
 children [
  Transform {
   translation 10.8716 -5.13597 123.333
   children [
	Shape {
		appearance Appearance {
			material Material {
				diffuseColor 1 0 0
				emissiveColor 1 0 0
			}
		}
		geometry Sphere {
			radius 1.27107
		}
	}
   ]
  }
 ]
}
#---------- 3D MARKER (Circle)
Anchor {
 description "(10.8704  -5.13693  123.333)"
 url "" 
 children [
  Transform {
   translation 10.8704 -5.13693 123.333
   children [
	Shape {
		appearance Appearance {
			material Material {
				diffuseColor 1 0 0
				emissiveColor 1 0 0
			}
		}
		geometry Sphere {
			radius 1.27107
		}
	}
   ]
  }
 ]
}
#---------- 3D MARKER (Circle)
Anchor {
 description "(10.8693  -5.13763  123.333)"
 url "" 
 children [
  Transform {
   translation 10.8693 -5.13763 123.333
   children [
	Shape {
		appearance Appearance {
			material Material {
				diffuseColor 1 0 0
				emissiveColor 1 0 0
			}
		}
		geometry Sphere {
			radius 1.27107
		}
	}
   ]
  }
 ]
}
#---------- 3D MARKER (Circle)
Anchor {
 description "(10.8687  -5.13805  123.333)"
 url "" 
 children [
  Transform {
   translation 10.8687 -5.13805 123.333
   children [
	Shape {
		appearance Appearance {
			material Material {
				diffuseColor 1 0 0
				emissiveColor 1 0 0
			}
		}
		geometry Sphere {
			radius 1.27107
		}
	}
   ]
  }
 ]
}
#---------- 3D MARKER (Circle)
Anchor {
 description "(10.8686  -5.13809  123.333)"
 url "" 
 children [
  Transform {
   translation 10.8686 -5.13809 123.333
   children [
	Shape {
		appearance Appearance {
			material Material {
				diffuseColor 1 0 0
				emissiveColor 1 0 0
			}
		}
		geometry Sphere {
			radius 1.27107
		}
	}
   ]
  }
 ]
}
#---------- 3D MARKER (Circle)
Anchor {
 description "(10.8615  -5.10488  122.849)"
 url "" 
 children [
  Transform {
   translation 10.8615 -5.10488 122.849
   children [
	Shape {
		appearance Appearance {
			material Material {
				diffuseColor 1 0 0
				emissiveColor 1 0 0
			}
		}
		geometry Sphere {
			radius 1.27107
		}
	}
   ]
  }
 ]
}
#---------- 3D MARKER (Circle)
Anchor {
 description "(10.8613  -5.10617  122.849)"
 url "" 
 children [
  Transform {
   translation 10.8613 -5.10617 122.849
   children [
	Shape {
		appearance Appearance {
			material Material {
				diffuseColor 1 0 0
				emissiveColor 1 0 0
			}
		}
		geometry Sphere {
			radius 1.27107
		}
	}
   ]
  }
 ]
}
#---------- 3D MARKER (Circle)
Anchor {
 description "(10.6736  -4.91263  119.453)"
 url "" 
 children [
  Transform {
   translation 10.6736 -4.91263 119.453
   children [
	Shape {
		appearance Appearance {
			material Material {
				diffuseColor 1 0 0
				emissiveColor 1 0 0
			}
		}
		geometry Sphere {
			radius 1.27107
		}
	}
   ]
  }
 ]
}
#---------- 3D MARKER (Circle)
Anchor {
 description "(10.6744  -4.91253  119.453)"
 url "" 
 children [
  Transform {
   translation 10.6744 -4.91253 119.453
   children [
	Shape {
		appearance Appearance {
			material Material {
				diffuseColor 1 0 0
				emissiveColor 1 0 0
			}
		}
		geometry Sphere {
			radius 1.27107
		}
	}
   ]
  }
 ]
}
#---------- 3D MARKER (Circle)
Anchor {
 description "(10.6745  -4.91252  119.453)"
 url "" 
 children [
  Transform {
   translation 10.6745 -4.91252 119.453
   children [
	Shape {
		appearance Appearance {
			material Material {
				diffuseColor 1 0 0
				emissiveColor 1 0 0
			}
		}
		geometry Sphere {
			radius 1.27107
		}
	}
   ]
  }
 ]
}
#---------- 3D MARKER (Circle)
Anchor {
 description "(10.5863  -4.83711  118.116)"
 url "" 
 children [
  Transform {
   translation 10.5863 -4.83711 118.116
   children [
	Shape {
		appearance Appearance {
			material Material {
				diffuseColor 1 0 0
				emissiveColor 1 0 0
			}
		}
		geometry Sphere {
			radius 1.27107
		}
	}
   ]
  }
 ]
}
#---------- 3D MARKER (Circle)
Anchor {
 description "(10.5858  -4.83733  118.116)"
 url "" 
 children [
  Transform {
   translation 10.5858 -4.83733 118.116
   children [
	Shape {
		appearance Appearance {
			material Material {
				diffuseColor 1 0 0
				emissiveColor 1 0 0
			}
		}
		geometry Sphere {
			radius 1.27107
		}
	}
   ]
  }
 ]
}
#---------- 3D MARKER (Circle)
Anchor {
 description "(10.0362  -4.47929  111.536)"
 url "" 
 children [
  Transform {
   translation 10.0362 -4.47929 111.536
   children [
	Shape {
		appearance Appearance {
			material Material {
				diffuseColor 1 0 0
				emissiveColor 1 0 0
			}
		}
		geometry Sphere {
			radius 1.27107
		}
	}
   ]
  }
 ]
}
#---------- 3D MARKER (Circle)
Anchor {
 description "(10.0268  -4.47269  111.435)"
 url "" 
 children [
  Transform {
   translation 10.0268 -4.47269 111.435
   children [
	Shape {
		appearance Appearance {
			material Material {
				diffuseColor 1 0 0
				emissiveColor 1 0 0
			}
		}
		geometry Sphere {
			radius 1.27107
		}
	}
   ]
  }
 ]
}
#---------- 3D MARKER (Circle)
Anchor {
 description "(10.0275  -4.47238  111.436)"
 url "" 
 children [
  Transform {
   translation 10.0275 -4.47238 111.436
   children [
	Shape {
		appearance Appearance {
			material Material {
				diffuseColor 1 0 0
				emissiveColor 1 0 0
			}
		}
		geometry Sphere {
			radius 1.27107
		}
	}
   ]
  }
 ]
}
#---------- 3D MARKER (Circle)
Anchor {
 description "(10.0279  -4.47222  111.437)"
 url "" 
 children [
  Transform {
   translation 10.0279 -4.47222 111.437
   children [
	Shape {
		appearance Appearance {
			material Material {
				diffuseColor 1 0 0
				emissiveColor 1 0 0
			}
		}
		geometry Sphere {
			radius 1.27107
		}
	}
   ]
  }
 ]
}
#---------- 3D MARKER (Circle)
Anchor {
 description "(9.81076  -4.37027  109.434)"
 url "" 
 children [
  Transform {
   translation 9.81076 -4.37027 109.434
   children [
	Shape {
		appearance Appearance {
			material Material {
				diffuseColor 1 0 0
				emissiveColor 1 0 0
			}
		}
		geometry Sphere {
			radius 1.27107
		}
	}
   ]
  }
 ]
}
#---------- 3D MARKER (Circle)
Anchor {
 description "(9.755  -4.36217  109.003)"
 url "" 
 children [
  Transform {
   translation 9.755 -4.36217 109.003
   children [
	Shape {
		appearance Appearance {
			material Material {
				diffuseColor 1 0 0
				emissiveColor 1 0 0
			}
		}
		geometry Sphere {
			radius 1.27107
		}
	}
   ]
  }
 ]
}
#---------- 3D MARKER (Circle)
Anchor {
 description "(9.11263  -4.32345  103.636)"
 url "" 
 children [
  Transform {
   translation 9.11263 -4.32345 103.636
   children [
	Shape {
		appearance Appearance {
			material Material {
				diffuseColor 1 0 0
				emissiveColor 1 0 0
			}
		}
		geometry Sphere {
			radius 1.27107
		}
	}
   ]
  }
 ]
}
#---------- 3D MARKER (Circle)
Anchor {
 description "(9.11252  -4.324  103.636)"
 url "" 
 children [
  Transform {
   translation 9.11252 -4.324 103.636
   children [
	Shape {
		appearance Appearance {
			material Material {
				diffuseColor 1 0 0
				emissiveColor 1 0 0
			}
		}
		geometry Sphere {
			radius 1.27107
		}
	}
   ]
  }
 ]
}
#---------- 3D MARKER (Circle)
Anchor {
 description "(9.04226  -4.32291  103.011)"
 url "" 
 children [
  Transform {
   translation 9.04226 -4.32291 103.011
   children [
	Shape {
		appearance Appearance {
			material Material {
				diffuseColor 1 0 0
				emissiveColor 1 0 0
			}
		}
		geometry Sphere {
			radius 1.27107
		}
	}
   ]
  }
 ]
}
#---------- 3D MARKER (Circle)
Anchor {
 description "(8.40088  -4.33302  97.4164)"
 url "" 
 children [
  Transform {
   translation 8.40088 -4.33302 97.4164
   children [
	Shape {
		appearance Appearance {
			material Material {
				diffuseColor 1 0 0
				emissiveColor 1 0 0
			}
		}
		geometry Sphere {
			radius 1.27107
		}
	}
   ]
  }
 ]
}
#---------- 3D MARKER (Circle)
Anchor {
 description "(8.40248  -4.33594  97.4169)"
 url "" 
 children [
  Transform {
   translation 8.40248 -4.33594 97.4169
   children [
	Shape {
		appearance Appearance {
			material Material {
				diffuseColor 1 0 0
				emissiveColor 1 0 0
			}
		}
		geometry Sphere {
			radius 1.27107
		}
	}
   ]
  }
 ]
}
#---------- 3D MARKER (Circle)
Anchor {
 description "(8.40521  -4.34194  97.4186)"
 url "" 
 children [
  Transform {
   translation 8.40521 -4.34194 97.4186
   children [
	Shape {
		appearance Appearance {
			material Material {
				diffuseColor 1 0 0
				emissiveColor 1 0 0
			}
		}
		geometry Sphere {
			radius 1.27107
		}
	}
   ]
  }
 ]
}
#---------- 3D MARKER (Circle)
Anchor {
 description "(8.40593  -4.34374  97.4193)"
 url "" 
 children [
  Transform {
   translation 8.40593 -4.34374 97.4193
   children [
	Shape {
		appearance Appearance {
			material Material {
				diffuseColor 1 0 0
				emissiveColor 1 0 0
			}
		}
		geometry Sphere {
			radius 1.27107
		}
	}
   ]
  }
 ]
}
#---------- 3D MARKER (Circle)
Anchor {
 description "(8.40712  -4.34528  97.4207)"
 url "" 
 children [
  Transform {
   translation 8.40712 -4.34528 97.4207
   children [
	Shape {
		appearance Appearance {
			material Material {
				diffuseColor 1 0 0
				emissiveColor 1 0 0
			}
		}
		geometry Sphere {
			radius 1.27107
		}
	}
   ]
  }
 ]
}
#---------- 3D MARKER (Circle)
Anchor {
 description "(8.40803  -4.34679  97.4223)"
 url "" 
 children [
  Transform {
   translation 8.40803 -4.34679 97.4223
   children [
	Shape {
		appearance Appearance {
			material Material {
				diffuseColor 1 0 0
				emissiveColor 1 0 0
			}
		}
		geometry Sphere {
			radius 1.27107
		}
	}
   ]
  }
 ]
}
#---------- 3D MARKER (Circle)
Anchor {
 description "(8.40817  -4.34975  97.4241)"
 url "" 
 children [
  Transform {
   translation 8.40817 -4.34975 97.4241
   children [
	Shape {
		appearance Appearance {
			material Material {
				diffuseColor 1 0 0
				emissiveColor 1 0 0
			}
		}
		geometry Sphere {
			radius 1.27107
		}
	}
   ]
  }
 ]
}
#---------- 3D MARKER (Circle)
Anchor {
 description "(8.40791  -4.35084  97.4249)"
 url "" 
 children [
  Transform {
   translation 8.40791 -4.35084 97.4249
   children [
	Shape {
		appearance Appearance {
			material Material {
				diffuseColor 1 0 0
				emissiveColor 1 0 0
			}
		}
		geometry Sphere {
			radius 1.27107
		}
	}
   ]
  }
 ]
}
#---------- 3D MARKER (Circle)
Anchor {
 description "(8.40734  -4.35178  97.426)"
 url "" 
 children [
  Transform {
   translation 8.40734 -4.35178 97.426
   children [
	Shape {
		appearance Appearance {
			material Material {
				diffuseColor 1 0 0
				emissiveColor 1 0 0
			}
		}
		geometry Sphere {
			radius 1.27107
		}
	}
   ]
  }
 ]
}
#---------- 3D MARKER (Circle)
Anchor {
 description "(8.40617  -4.35333  97.4276)"
 url "" 
 children [
  Transform {
   translation 8.40617 -4.35333 97.4276
   children [
	Shape {
		appearance Appearance {
			material Material {
				diffuseColor 1 0 0
				emissiveColor 1 0 0
			}
		}
		geometry Sphere {
			radius 1.27107
		}
	}
   ]
  }
 ]
}
#---------- 3D MARKER (Circle)
Anchor {
 description "(8.40553  -4.35376  97.4286)"
 url "" 
 children [
  Transform {
   translation 8.40553 -4.35376 97.4286
   children [
	Shape {
		appearance Appearance {
			material Material {
				diffuseColor 1 0 0
				emissiveColor 1 0 0
			}
		}
		geometry Sphere {
			radius 1.27107
		}
	}
   ]
  }
 ]
}
#---------- 3D MARKER (Circle)
Anchor {
 description "(8.40501  -4.35426  97.4299)"
 url "" 
 children [
  Transform {
   translation 8.40501 -4.35426 97.4299
   children [
	Shape {
		appearance Appearance {
			material Material {
				diffuseColor 1 0 0
				emissiveColor 1 0 0
			}
		}
		geometry Sphere {
			radius 1.27107
		}
	}
   ]
  }
 ]
}
#---------- 3D MARKER (Circle)
Anchor {
 description "(8.4049  -4.35464  97.431)"
 url "" 
 children [
  Transform {
   translation 8.4049 -4.35464 97.431
   children [
	Shape {
		appearance Appearance {
			material Material {
				diffuseColor 1 0 0
				emissiveColor 1 0 0
			}
		}
		geometry Sphere {
			radius 1.27107
		}
	}
   ]
  }
 ]
}
#---------- 3D MARKER (Circle)
Anchor {
 description "(8.40493  -4.35516  97.4321)"
 url "" 
 children [
  Transform {
   translation 8.40493 -4.35516 97.4321
   children [
	Shape {
		appearance Appearance {
			material Material {
				diffuseColor 1 0 0
				emissiveColor 1 0 0
			}
		}
		geometry Sphere {
			radius 1.27107
		}
	}
   ]
  }
 ]
}
#---------- 3D MARKER (Circle)
Anchor {
 description "(8.40495  -4.35527  97.4323)"
 url "" 
 children [
  Transform {
   translation 8.40495 -4.35527 97.4323
   children [
	Shape {
		appearance Appearance {
			material Material {
				diffuseColor 1 0 0
				emissiveColor 1 0 0
			}
		}
		geometry Sphere {
			radius 1.27107
		}
	}
   ]
  }
 ]
}
#---------- 3D MARKER (Circle)
Anchor {
 description "(7.65738  -4.19876  90.9758)"
 url "" 
 children [
  Transform {
   translation 7.65738 -4.19876 90.9758
   children [
	Shape {
		appearance Appearance {
			material Material {
				diffuseColor 1 0 0
				emissiveColor 1 0 0
			}
		}
		geometry Sphere {
			radius 1.27107
		}
	}
   ]
  }
 ]
}
#---------- 3D MARKER (Circle)
Anchor {
 description "(7.13391  -4.11293  85.3206)"
 url "" 
 children [
  Transform {
   translation 7.13391 -4.11293 85.3206
   children [
	Shape {
		appearance Appearance {
			material Material {
				diffuseColor 1 0 0
				emissiveColor 1 0 0
			}
		}
		geometry Sphere {
			radius 1.27107
		}
	}
   ]
  }
 ]
}
#---------- 3D MARKER (Circle)
Anchor {
 description "(6.9957  -4.1382  83.7671)"
 url "" 
 children [
  Transform {
   translation 6.9957 -4.1382 83.7671
   children [
	Shape {
		appearance Appearance {
			material Material {
				diffuseColor 1 0 0
				emissiveColor 1 0 0
			}
		}
		geometry Sphere {
			radius 1.27107
		}
	}
   ]
  }
 ]
}
#---------- 3D MARKER (Circle)
Anchor {
 description "(6.99548  -4.13859  83.7672)"
 url "" 
 children [
  Transform {
   translation 6.99548 -4.13859 83.7672
   children [
	Shape {
		appearance Appearance {
			material Material {
				diffuseColor 1 0 0
				emissiveColor 1 0 0
			}
		}
		geometry Sphere {
			radius 1.27107
		}
	}
   ]
  }
 ]
}
#---------- 3D MARKER (Circle)
Anchor {
 description "(6.86041  -4.16529  81.7145)"
 url "" 
 children [
  Transform {
   translation 6.86041 -4.16529 81.7145
   children [
	Shape {
		appearance Appearance {
			material Material {
				diffuseColor 1 0 0
				emissiveColor 1 0 0
			}
		}
		geometry Sphere {
			radius 1.27107
		}
	}
   ]
  }
 ]
}
#---------- 3D MARKER (Circle)
Anchor {
 description "(6.85867  -4.16556  81.7145)"
 url "" 
 children [
  Transform {
   translation 6.85867 -4.16556 81.7145
   children [
	Shape {
		appearance Appearance {
			material Material {
				diffuseColor 1 0 0
				emissiveColor 1 0 0
			}
		}
		geometry Sphere {
			radius 1.27107
		}
	}
   ]
  }
 ]
}
#---------- 3D MARKER (Circle)
Anchor {
 description "(6.85583  -4.16511  81.7139)"
 url "" 
 children [
  Transform {
   translation 6.85583 -4.16511 81.7139
   children [
	Shape {
		appearance Appearance {
			material Material {
				diffuseColor 1 0 0
				emissiveColor 1 0 0
			}
		}
		geometry Sphere {
			radius 1.27107
		}
	}
   ]
  }
 ]
}
#---------- 3D MARKER (Circle)
Anchor {
 description "(6.85363  -4.1646  81.7134)"
 url "" 
 children [
  Transform {
   translation 6.85363 -4.1646 81.7134
   children [
	Shape {
		appearance Appearance {
			material Material {
				diffuseColor 1 0 0
				emissiveColor 1 0 0
			}
		}
		geometry Sphere {
			radius 1.27107
		}
	}
   ]
  }
 ]
}
#---------- 3D MARKER (Circle)
Anchor {
 description "(6.85188  -4.16471  81.7128)"
 url "" 
 children [
  Transform {
   translation 6.85188 -4.16471 81.7128
   children [
	Shape {
		appearance Appearance {
			material Material {
				diffuseColor 1 0 0
				emissiveColor 1 0 0
			}
		}
		geometry Sphere {
			radius 1.27107
		}
	}
   ]
  }
 ]
}
#---------- 3D MARKER (Circle)
Anchor {
 description "(6.85175  -4.16874  81.7122)"
 url "" 
 children [
  Transform {
   translation 6.85175 -4.16874 81.7122
   children [
	Shape {
		appearance Appearance {
			material Material {
				diffuseColor 1 0 0
				emissiveColor 1 0 0
			}
		}
		geometry Sphere {
			radius 1.27107
		}
	}
   ]
  }
 ]
}
#---------- 3D MARKER (Circle)
Anchor {
 description "(6.85191  -4.17195  81.7121)"
 url "" 
 children [
  Transform {
   translation 6.85191 -4.17195 81.7121
   children [
	Shape {
		appearance Appearance {
			material Material {
				diffuseColor 1 0 0
				emissiveColor 1 0 0
			}
		}
		geometry Sphere {
			radius 1.27107
		}
	}
   ]
  }
 ]
}
#---------- 3D MARKER (Circle)
Anchor {
 description "(6.85335  -4.17354  81.7119)"
 url "" 
 children [
  Transform {
   translation 6.85335 -4.17354 81.7119
   children [
	Shape {
		appearance Appearance {
			material Material {
				diffuseColor 1 0 0
				emissiveColor 1 0 0
			}
		}
		geometry Sphere {
			radius 1.27107
		}
	}
   ]
  }
 ]
}
#---------- 3D MARKER (Circle)
Anchor {
 description "(6.85593  -4.17422  81.7123)"
 url "" 
 children [
  Transform {
   translation 6.85593 -4.17422 81.7123
   children [
	Shape {
		appearance Appearance {
			material Material {
				diffuseColor 1 0 0
				emissiveColor 1 0 0
			}
		}
		geometry Sphere {
			radius 1.27107
		}
	}
   ]
  }
 ]
}
#---------- 3D MARKER (Circle)
Anchor {
 description "(6.85842  -4.17481  81.7121)"
 url "" 
 children [
  Transform {
   translation 6.85842 -4.17481 81.7121
   children [
	Shape {
		appearance Appearance {
			material Material {
				diffuseColor 1 0 0
				emissiveColor 1 0 0
			}
		}
		geometry Sphere {
			radius 1.27107
		}
	}
   ]
  }
 ]
}
#---------- 3D MARKER (Circle)
Anchor {
 description "(6.85727  -4.17414  81.7119)"
 url "" 
 children [
  Transform {
   translation 6.85727 -4.17414 81.7119
   children [
	Shape {
		appearance Appearance {
			material Material {
				diffuseColor 1 0 0
				emissiveColor 1 0 0
			}
		}
		geometry Sphere {
			radius 1.27107
		}
	}
   ]
  }
 ]
}
#---------- 3D MARKER (Circle)
Anchor {
 description "(6.85597  -4.17339  81.7115)"
 url "" 
 children [
  Transform {
   translation 6.85597 -4.17339 81.7115
   children [
	Shape {
		appearance Appearance {
			material Material {
				diffuseColor 1 0 0
				emissiveColor 1 0 0
			}
		}
		geometry Sphere {
			radius 1.27107
		}
	}
   ]
  }
 ]
}
#---------- 3D MARKER (Circle)
Anchor {
 description "(6.85307  -4.1716  81.7102)"
 url "" 
 children [
  Transform {
   translation 6.85307 -4.1716 81.7102
   children [
	Shape {
		appearance Appearance {
			material Material {
				diffuseColor 1 0 0
				emissiveColor 1 0 0
			}
		}
		geometry Sphere {
			radius 1.27107
		}
	}
   ]
  }
 ]
}
#---------- 3D MARKER (Circle)
Anchor {
 description "(6.85245  -4.17112  81.7099)"
 url "" 
 children [
  Transform {
   translation 6.85245 -4.17112 81.7099
   children [
	Shape {
		appearance Appearance {
			material Material {
				diffuseColor 1 0 0
				emissiveColor 1 0 0
			}
		}
		geometry Sphere {
			radius 1.27107
		}
	}
   ]
  }
 ]
}
#---------- 3D MARKER (Circle)
Anchor {
 description "(6.85189  -4.1706  81.7097)"
 url "" 
 children [
  Transform {
   translation 6.85189 -4.1706 81.7097
   children [
	Shape {
		appearance Appearance {
			material Material {
				diffuseColor 1 0 0
				emissiveColor 1 0 0
			}
		}
		geometry Sphere {
			radius 1.27107
		}
	}
   ]
  }
 ]
}
#---------- 3D MARKER (Circle)
Anchor {
 description "(6.84768  -4.16898  81.37)"
 url "" 
 children [
  Transform {
   translation 6.84768 -4.16898 81.37
   children [
	Shape {
		appearance Appearance {
			material Material {
				diffuseColor 1 0 0
				emissiveColor 1 0 0
			}
		}
		geometry Sphere {
			radius 1.27107
		}
	}
   ]
  }
 ]
}
#---------- 3D MARKER (Circle)
Anchor {
 description "(6.8475  -4.1694  81.37)"
 url "" 
 children [
  Transform {
   translation 6.8475 -4.1694 81.37
   children [
	Shape {
		appearance Appearance {
			material Material {
				diffuseColor 1 0 0
				emissiveColor 1 0 0
			}
		}
		geometry Sphere {
			radius 1.27107
		}
	}
   ]
  }
 ]
}
#---------- 3D MARKER (Circle)
Anchor {
 description "(6.78379  -4.17539  79.8794)"
 url "" 
 children [
  Transform {
   translation 6.78379 -4.17539 79.8794
   children [
	Shape {
		appearance Appearance {
			material Material {
				diffuseColor 1 0 0
				emissiveColor 1 0 0
			}
		}
		geometry Sphere {
			radius 1.27107
		}
	}
   ]
  }
 ]
}
#---------- 3D MARKER (Circle)
Anchor {
 description "(6.47182  -3.81421  72.194)"
 url "" 
 children [
  Transform {
   translation 6.47182 -3.81421 72.194
   children [
	Shape {
		appearance Appearance {
			material Material {
				diffuseColor 1 0 0
				emissiveColor 1 0 0
			}
		}
		geometry Sphere {
			radius 1.27107
		}
	}
   ]
  }
 ]
}
#---------- 3D MARKER (Circle)
Anchor {
 description "(6.47112  -3.81364  72.1941)"
 url "" 
 children [
  Transform {
   translation 6.47112 -3.81364 72.1941
   children [
	Shape {
		appearance Appearance {
			material Material {
				diffuseColor 1 0 0
				emissiveColor 1 0 0
			}
		}
		geometry Sphere {
			radius 1.27107
		}
	}
   ]
  }
 ]
}
#---------- 3D MARKER (Circle)
Anchor {
 description "(6.47091  -3.8135  72.1941)"
 url "" 
 children [
  Transform {
   translation 6.47091 -3.8135 72.1941
   children [
	Shape {
		appearance Appearance {
			material Material {
				diffuseColor 1 0 0
				emissiveColor 1 0 0
			}
		}
		geometry Sphere {
			radius 1.27107
		}
	}
   ]
  }
 ]
}
#---------- 3D MARKER (Circle)
Anchor {
 description "(6.41448  -3.72044  70.8765)"
 url "" 
 children [
  Transform {
   translation 6.41448 -3.72044 70.8765
   children [
	Shape {
		appearance Appearance {
			material Material {
				diffuseColor 1 0 0
				emissiveColor 1 0 0
			}
		}
		geometry Sphere {
			radius 1.27107
		}
	}
   ]
  }
 ]
}
#---------- 3D MARKER (Circle)
Anchor {
 description "(6.38056  -3.64967  69.9155)"
 url "" 
 children [
  Transform {
   translation 6.38056 -3.64967 69.9155
   children [
	Shape {
		appearance Appearance {
			material Material {
				diffuseColor 1 0 0
				emissiveColor 1 0 0
			}
		}
		geometry Sphere {
			radius 1.27107
		}
	}
   ]
  }
 ]
}
#---------- 3D MARKER (Circle)
Anchor {
 description "(6.38046  -3.64986  69.9152)"
 url "" 
 children [
  Transform {
   translation 6.38046 -3.64986 69.9152
   children [
	Shape {
		appearance Appearance {
			material Material {
				diffuseColor 1 0 0
				emissiveColor 1 0 0
			}
		}
		geometry Sphere {
			radius 1.27107
		}
	}
   ]
  }
 ]
}
#---------- 3D MARKER (Circle)
Anchor {
 description "(6.36668  -3.61928  69.4398)"
 url "" 
 children [
  Transform {
   translation 6.36668 -3.61928 69.4398
   children [
	Shape {
		appearance Appearance {
			material Material {
				diffuseColor 1 0 0
				emissiveColor 1 0 0
			}
		}
		geometry Sphere {
			radius 1.27107
		}
	}
   ]
  }
 ]
}
#---------- 3D MARKER (Circle)
Anchor {
 description "(6.36717  -3.62046  69.4398)"
 url "" 
 children [
  Transform {
   translation 6.36717 -3.62046 69.4398
   children [
	Shape {
		appearance Appearance {
			material Material {
				diffuseColor 1 0 0
				emissiveColor 1 0 0
			}
		}
		geometry Sphere {
			radius 1.27107
		}
	}
   ]
  }
 ]
}
#---------- 3D MARKER (Circle)
Anchor {
 description "(6.29845  -3.48814  67.5386)"
 url "" 
 children [
  Transform {
   translation 6.29845 -3.48814 67.5386
   children [
	Shape {
		appearance Appearance {
			material Material {
				diffuseColor 1 0 0
				emissiveColor 1 0 0
			}
		}
		geometry Sphere {
			radius 1.27107
		}
	}
   ]
  }
 ]
}
#---------- 3D MARKER (Circle)
Anchor {
 description "(6.28415  -3.46564  67.1895)"
 url "" 
 children [
  Transform {
   translation 6.28415 -3.46564 67.1895
   children [
	Shape {
		appearance Appearance {
			material Material {
				diffuseColor 1 0 0
				emissiveColor 1 0 0
			}
		}
		geometry Sphere {
			radius 1.27107
		}
	}
   ]
  }
 ]
}
#---------- 3D MARKER (Circle)
Anchor {
 description "(6.13194  -3.2857  64.1695)"
 url "" 
 children [
  Transform {
   translation 6.13194 -3.2857 64.1695
   children [
	Shape {
		appearance Appearance {
			material Material {
				diffuseColor 1 0 0
				emissiveColor 1 0 0
			}
		}
		geometry Sphere {
			radius 1.27107
		}
	}
   ]
  }
 ]
}
#---------- 3D MARKER (Circle)
Anchor {
 description "(6.13034  -3.28121  64.1223)"
 url "" 
 children [
  Transform {
   translation 6.13034 -3.28121 64.1223
   children [
	Shape {
		appearance Appearance {
			material Material {
				diffuseColor 1 0 0
				emissiveColor 1 0 0
			}
		}
		geometry Sphere {
			radius 1.27107
		}
	}
   ]
  }
 ]
}
#---------- 3D MARKER (Circle)
Anchor {
 description "(6.13092  -3.28094  64.1221)"
 url "" 
 children [
  Transform {
   translation 6.13092 -3.28094 64.1221
   children [
	Shape {
		appearance Appearance {
			material Material {
				diffuseColor 1 0 0
				emissiveColor 1 0 0
			}
		}
		geometry Sphere {
			radius 1.27107
		}
	}
   ]
  }
 ]
}
#---------- 3D MARKER (Circle)
Anchor {
 description "(5.87008  -3.05873  59.9693)"
 url "" 
 children [
  Transform {
   translation 5.87008 -3.05873 59.9693
   children [
	Shape {
		appearance Appearance {
			material Material {
				diffuseColor 1 0 0
				emissiveColor 1 0 0
			}
		}
		geometry Sphere {
			radius 1.27107
		}
	}
   ]
  }
 ]
}
#---------- 3D MARKER (Circle)
Anchor {
 description "(5.65971  -2.74451  56.1395)"
 url "" 
 children [
  Transform {
   translation 5.65971 -2.74451 56.1395
   children [
	Shape {
		appearance Appearance {
			material Material {
				diffuseColor 1 0 0
				emissiveColor 1 0 0
			}
		}
		geometry Sphere {
			radius 1.27107
		}
	}
   ]
  }
 ]
}
#---------- 3D MARKER (Circle)
Anchor {
 description "(5.6595  -2.74501  56.1394)"
 url "" 
 children [
  Transform {
   translation 5.6595 -2.74501 56.1394
   children [
	Shape {
		appearance Appearance {
			material Material {
				diffuseColor 1 0 0
				emissiveColor 1 0 0
			}
		}
		geometry Sphere {
			radius 1.27107
		}
	}
   ]
  }
 ]
}
#---------- 3D MARKER (Circle)
Anchor {
 description "(5.65017  -2.72126  55.9395)"
 url "" 
 children [
  Transform {
   translation 5.65017 -2.72126 55.9395
   children [
	Shape {
		appearance Appearance {
			material Material {
				diffuseColor 1 0 0
				emissiveColor 1 0 0
			}
		}
		geometry Sphere {
			radius 1.27107
		}
	}
   ]
  }
 ]
}
#---------- 3D MARKER (Circle)
Anchor {
 description "(5.57742  -2.58318  54.6326)"
 url "" 
 children [
  Transform {
   translation 5.57742 -2.58318 54.6326
   children [
	Shape {
		appearance Appearance {
			material Material {
				diffuseColor 1 0 0
				emissiveColor 1 0 0
			}
		}
		geometry Sphere {
			radius 1.27107
		}
	}
   ]
  }
 ]
}
#---------- 3D MARKER (Circle)
Anchor {
 description "(5.56957  -2.56772  54.502)"
 url "" 
 children [
  Transform {
   translation 5.56957 -2.56772 54.502
   children [
	Shape {
		appearance Appearance {
			material Material {
				diffuseColor 1 0 0
				emissiveColor 1 0 0
			}
		}
		geometry Sphere {
			radius 1.27107
		}
	}
   ]
  }
 ]
}
#---------- 3D MARKER (Circle)
Anchor {
 description "(5.56966  -2.56638  54.5022)"
 url "" 
 children [
  Transform {
   translation 5.56966 -2.56638 54.5022
   children [
	Shape {
		appearance Appearance {
			material Material {
				diffuseColor 1 0 0
				emissiveColor 1 0 0
			}
		}
		geometry Sphere {
			radius 1.27107
		}
	}
   ]
  }
 ]
}
#---------- 3D MARKER (Circle)
Anchor {
 description "(5.56972  -2.56554  54.5024)"
 url "" 
 children [
  Transform {
   translation 5.56972 -2.56554 54.5024
   children [
	Shape {
		appearance Appearance {
			material Material {
				diffuseColor 1 0 0
				emissiveColor 1 0 0
			}
		}
		geometry Sphere {
			radius 1.27107
		}
	}
   ]
  }
 ]
}
#---------- 3D MARKER (Circle)
Anchor {
 description "(5.5698  -2.56431  54.5026)"
 url "" 
 children [
  Transform {
   translation 5.5698 -2.56431 54.5026
   children [
	Shape {
		appearance Appearance {
			material Material {
				diffuseColor 1 0 0
				emissiveColor 1 0 0
			}
		}
		geometry Sphere {
			radius 1.27107
		}
	}
   ]
  }
 ]
}
#---------- 3D MARKER (Circle)
Anchor {
 description "(5.56985  -2.56359  54.5027)"
 url "" 
 children [
  Transform {
   translation 5.56985 -2.56359 54.5027
   children [
	Shape {
		appearance Appearance {
			material Material {
				diffuseColor 1 0 0
				emissiveColor 1 0 0
			}
		}
		geometry Sphere {
			radius 1.27107
		}
	}
   ]
  }
 ]
}
#---------- 3D MARKER (Circle)
Anchor {
 description "(5.56986  -2.56333  54.5027)"
 url "" 
 children [
  Transform {
   translation 5.56986 -2.56333 54.5027
   children [
	Shape {
		appearance Appearance {
			material Material {
				diffuseColor 1 0 0
				emissiveColor 1 0 0
			}
		}
		geometry Sphere {
			radius 1.27107
		}
	}
   ]
  }
 ]
}
#---------- 3D MARKER (Circle)
Anchor {
 description "(5.42979  -2.32847  52.1087)"
 url "" 
 children [
  Transform {
   translation 5.42979 -2.32847 52.1087
   children [
	Shape {
		appearance Appearance {
			material Material {
				diffuseColor 1 0 0
				emissiveColor 1 0 0
			}
		}
		geometry Sphere {
			radius 1.27107
		}
	}
   ]
  }
 ]
}
#---------- 3D MARKER (Circle)
Anchor {
 description "(5.43163  -2.32764  52.109)"
 url "" 
 children [
  Transform {
   translation 5.43163 -2.32764 52.109
   children [
	Shape {
		appearance Appearance {
			material Material {
				diffuseColor 1 0 0
				emissiveColor 1 0 0
			}
		}
		geometry Sphere {
			radius 1.27107
		}
	}
   ]
  }
 ]
}
#---------- 3D MARKER (Circle)
Anchor {
 description "(5.43346  -2.32682  52.1092)"
 url "" 
 children [
  Transform {
   translation 5.43346 -2.32682 52.1092
   children [
	Shape {
		appearance Appearance {
			material Material {
				diffuseColor 1 0 0
				emissiveColor 1 0 0
			}
		}
		geometry Sphere {
			radius 1.27107
		}
	}
   ]
  }
 ]
}
#---------- 3D MARKER (Circle)
Anchor {
 description "(5.43553  -2.32589  52.1094)"
 url "" 
 children [
  Transform {
   translation 5.43553 -2.32589 52.1094
   children [
	Shape {
		appearance Appearance {
			material Material {
				diffuseColor 1 0 0
				emissiveColor 1 0 0
			}
		}
		geometry Sphere {
			radius 1.27107
		}
	}
   ]
  }
 ]
}
#---------- 3D MARKER (Circle)
Anchor {
 description "(5.4374  -2.32504  52.1096)"
 url "" 
 children [
  Transform {
   translation 5.4374 -2.32504 52.1096
   children [
	Shape {
		appearance Appearance {
			material Material {
				diffuseColor 1 0 0
				emissiveColor 1 0 0
			}
		}
		geometry Sphere {
			radius 1.27107
		}
	}
   ]
  }
 ]
}
#---------- 3D MARKER (Circle)
Anchor {
 description "(5.44134  -2.32335  52.1101)"
 url "" 
 children [
  Transform {
   translation 5.44134 -2.32335 52.1101
   children [
	Shape {
		appearance Appearance {
			material Material {
				diffuseColor 1 0 0
				emissiveColor 1 0 0
			}
		}
		geometry Sphere {
			radius 1.27107
		}
	}
   ]
  }
 ]
}
#---------- 3D MARKER (Circle)
Anchor {
 description "(5.44637  -2.31773  52.1119)"
 url "" 
 children [
  Transform {
   translation 5.44637 -2.31773 52.1119
   children [
	Shape {
		appearance Appearance {
			material Material {
				diffuseColor 1 0 0
				emissiveColor 1 0 0
			}
		}
		geometry Sphere {
			radius 1.27107
		}
	}
   ]
  }
 ]
}
#---------- 3D MARKER (Circle)
Anchor {
 description "(5.44771  -2.31619  52.1126)"
 url "" 
 children [
  Transform {
   translation 5.44771 -2.31619 52.1126
   children [
	Shape {
		appearance Appearance {
			material Material {
				diffuseColor 1 0 0
				emissiveColor 1 0 0
			}
		}
		geometry Sphere {
			radius 1.27107
		}
	}
   ]
  }
 ]
}
#---------- 3D MARKER (Circle)
Anchor {
 description "(5.45103  -2.31472  52.1117)"
 url "" 
 children [
  Transform {
   translation 5.45103 -2.31472 52.1117
   children [
	Shape {
		appearance Appearance {
			material Material {
				diffuseColor 1 0 0
				emissiveColor 1 0 0
			}
		}
		geometry Sphere {
			radius 1.27107
		}
	}
   ]
  }
 ]
}
#---------- 3D MARKER (Circle)
Anchor {
 description "(5.45276  -2.31487  52.1115)"
 url "" 
 children [
  Transform {
   translation 5.45276 -2.31487 52.1115
   children [
	Shape {
		appearance Appearance {
			material Material {
				diffuseColor 1 0 0
				emissiveColor 1 0 0
			}
		}
		geometry Sphere {
			radius 1.27107
		}
	}
   ]
  }
 ]
}
#---------- 3D MARKER (Circle)
Anchor {
 description "(5.45554  -2.31637  52.1122)"
 url "" 
 children [
  Transform {
   translation 5.45554 -2.31637 52.1122
   children [
	Shape {
		appearance Appearance {
			material Material {
				diffuseColor 1 0 0
				emissiveColor 1 0 0
			}
		}
		geometry Sphere {
			radius 1.27107
		}
	}
   ]
  }
 ]
}
#---------- 3D MARKER (Circle)
Anchor {
 description "(5.45686  -2.31696  52.1123)"
 url "" 
 children [
  Transform {
   translation 5.45686 -2.31696 52.1123
   children [
	Shape {
		appearance Appearance {
			material Material {
				diffuseColor 1 0 0
				emissiveColor 1 0 0
			}
		}
		geometry Sphere {
			radius 1.27107
		}
	}
   ]
  }
 ]
}
#---------- 3D MARKER (Circle)
Anchor {
 description "(5.45898  -2.31741  52.1125)"
 url "" 
 children [
  Transform {
   translation 5.45898 -2.31741 52.1125
   children [
	Shape {
		appearance Appearance {
			material Material {
				diffuseColor 1 0 0
				emissiveColor 1 0 0
			}
		}
		geometry Sphere {
			radius 1.27107
		}
	}
   ]
  }
 ]
}
#---------- 3D MARKER (Circle)
Anchor {
 description "(5.4596  -2.31996  52.1127)"
 url "" 
 children [
  Transform {
   translation 5.4596 -2.31996 52.1127
   children [
	Shape {
		appearance Appearance {
			material Material {
				diffuseColor 1 0 0
				emissiveColor 1 0 0
			}
		}
		geometry Sphere {
			radius 1.27107
		}
	}
   ]
  }
 ]
}
#---------- 3D MARKER (Circle)
Anchor {
 description "(5.45887  -2.32126  52.112)"
 url "" 
 children [
  Transform {
   translation 5.45887 -2.32126 52.112
   children [
	Shape {
		appearance Appearance {
			material Material {
				diffuseColor 1 0 0
				emissiveColor 1 0 0
			}
		}
		geometry Sphere {
			radius 1.27107
		}
	}
   ]
  }
 ]
}
#---------- 3D MARKER (Circle)
Anchor {
 description "(5.45773  -2.32175  52.1107)"
 url "" 
 children [
  Transform {
   translation 5.45773 -2.32175 52.1107
   children [
	Shape {
		appearance Appearance {
			material Material {
				diffuseColor 1 0 0
				emissiveColor 1 0 0
			}
		}
		geometry Sphere {
			radius 1.27107
		}
	}
   ]
  }
 ]
}
#---------- 3D MARKER (Circle)
Anchor {
 description "(5.45664  -2.32156  52.1097)"
 url "" 
 children [
  Transform {
   translation 5.45664 -2.32156 52.1097
   children [
	Shape {
		appearance Appearance {
			material Material {
				diffuseColor 1 0 0
				emissiveColor 1 0 0
			}
		}
		geometry Sphere {
			radius 1.27107
		}
	}
   ]
  }
 ]
}
#---------- 3D MARKER (Circle)
Anchor {
 description "(5.45517  -2.32068  52.1087)"
 url "" 
 children [
  Transform {
   translation 5.45517 -2.32068 52.1087
   children [
	Shape {
		appearance Appearance {
			material Material {
				diffuseColor 1 0 0
				emissiveColor 1 0 0
			}
		}
		geometry Sphere {
			radius 1.27107
		}
	}
   ]
  }
 ]
}
#---------- 3D MARKER (Circle)
Anchor {
 description "(5.45391  -2.31962  52.1083)"
 url "" 
 children [
  Transform {
   translation 5.45391 -2.31962 52.1083
   children [
	Shape {
		appearance Appearance {
			material Material {
				diffuseColor 1 0 0
				emissiveColor 1 0 0
			}
		}
		geometry Sphere {
			radius 1.27107
		}
	}
   ]
  }
 ]
}
#---------- 3D MARKER (Circle)
Anchor {
 description "(5.45277  -2.31892  52.1079)"
 url "" 
 children [
  Transform {
   translation 5.45277 -2.31892 52.1079
   children [
	Shape {
		appearance Appearance {
			material Material {
				diffuseColor 1 0 0
				emissiveColor 1 0 0
			}
		}
		geometry Sphere {
			radius 1.27107
		}
	}
   ]
  }
 ]
}
#---------- 3D MARKER (Circle)
Anchor {
 description "(5.45261  -2.31886  52.1078)"
 url "" 
 children [
  Transform {
   translation 5.45261 -2.31886 52.1078
   children [
	Shape {
		appearance Appearance {
			material Material {
				diffuseColor 1 0 0
				emissiveColor 1 0 0
			}
		}
		geometry Sphere {
			radius 1.27107
		}
	}
   ]
  }
 ]
}
#---------- 3D MARKER (Circle)
Anchor {
 description "(5.04455  -1.94945  47.883)"
 url "" 
 children [
  Transform {
   translation 5.04455 -1.94945 47.883
   children [
	Shape {
		appearance Appearance {
			material Material {
				diffuseColor 1 0 0
				emissiveColor 1 0 0
			}
		}
		geometry Sphere {
			radius 1.27107
		}
	}
   ]
  }
 ]
}
#---------- 3D MARKER (Circle)
Anchor {
 description "(4.87602  -1.8269  46.124)"
 url "" 
 children [
  Transform {
   translation 4.87602 -1.8269 46.124
   children [
	Shape {
		appearance Appearance {
			material Material {
				diffuseColor 1 0 0
				emissiveColor 1 0 0
			}
		}
		geometry Sphere {
			radius 1.27107
		}
	}
   ]
  }
 ]
}
#---------- 3D MARKER (Circle)
Anchor {
 description "(4.87636  -1.82696  46.124)"
 url "" 
 children [
  Transform {
   translation 4.87636 -1.82696 46.124
   children [
	Shape {
		appearance Appearance {
			material Material {
				diffuseColor 1 0 0
				emissiveColor 1 0 0
			}
		}
		geometry Sphere {
			radius 1.27107
		}
	}
   ]
  }
 ]
}
#---------- 3D MARKER (Circle)
Anchor {
 description "(4.70144  -1.70407  44.4078)"
 url "" 
 children [
  Transform {
   translation 4.70144 -1.70407 44.4078
   children [
	Shape {
		appearance Appearance {
			material Material {
				diffuseColor 1 0 0
				emissiveColor 1 0 0
			}
		}
		geometry Sphere {
			radius 1.27107
		}
	}
   ]
  }
 ]
}
#---------- 3D MARKER (Circle)
Anchor {
 description "(4.44792  -1.50884  42.0336)"
 url "" 
 children [
  Transform {
   translation 4.44792 -1.50884 42.0336
   children [
	Shape {
		appearance Appearance {
			material Material {
				diffuseColor 1 0 0
				emissiveColor 1 0 0
			}
		}
		geometry Sphere {
			radius 1.27107
		}
	}
   ]
  }
 ]
}
#---------- 3D MARKER (Circle)
Anchor {
 description "(4.40917  -1.47742  41.6929)"
 url "" 
 children [
  Transform {
   translation 4.40917 -1.47742 41.6929
   children [
	Shape {
		appearance Appearance {
			material Material {
				diffuseColor 1 0 0
				emissiveColor 1 0 0
			}
		}
		geometry Sphere {
			radius 1.27107
		}
	}
   ]
  }
 ]
}
#---------- 3D MARKER (Circle)
Anchor {
 description "(4.40995  -1.47704  41.6928)"
 url "" 
 children [
  Transform {
   translation 4.40995 -1.47704 41.6928
   children [
	Shape {
		appearance Appearance {
			material Material {
				diffuseColor 1 0 0
				emissiveColor 1 0 0
			}
		}
		geometry Sphere {
			radius 1.27107
		}
	}
   ]
  }
 ]
}
#---------- 3D MARKER (Circle)
Anchor {
 description "(4.34453  -1.43342  41.1621)"
 url "" 
 children [
  Transform {
   translation 4.34453 -1.43342 41.1621
   children [
	Shape {
		appearance Appearance {
			material Material {
				diffuseColor 1 0 0
				emissiveColor 1 0 0
			}
		}
		geometry Sphere {
			radius 1.27107
		}
	}
   ]
  }
 ]
}
#---------- 3D MARKER (Circle)
Anchor {
 description "(4.34388  -1.43308  41.1625)"
 url "" 
 children [
  Transform {
   translation 4.34388 -1.43308 41.1625
   children [
	Shape {
		appearance Appearance {
			material Material {
				diffuseColor 1 0 0
				emissiveColor 1 0 0
			}
		}
		geometry Sphere {
			radius 1.27107
		}
	}
   ]
  }
 ]
}
#---------- 3D MARKER (Circle)
Anchor {
 description "(4.34195  -1.43202  41.1636)"
 url "" 
 children [
  Transform {
   translation 4.34195 -1.43202 41.1636
   children [
	Shape {
		appearance Appearance {
			material Material {
				diffuseColor 1 0 0
				emissiveColor 1 0 0
			}
		}
		geometry Sphere {
			radius 1.27107
		}
	}
   ]
  }
 ]
}
#---------- 3D MARKER (Circle)
Anchor {
 description "(4.34156  -1.4318  41.1638)"
 url "" 
 children [
  Transform {
   translation 4.34156 -1.4318 41.1638
   children [
	Shape {
		appearance Appearance {
			material Material {
				diffuseColor 1 0 0
				emissiveColor 1 0 0
			}
		}
		geometry Sphere {
			radius 1.27107
		}
	}
   ]
  }
 ]
}
#---------- 3D MARKER (Circle)
Anchor {
 description "(4.31031  -1.4028  40.8193)"
 url "" 
 children [
  Transform {
   translation 4.31031 -1.4028 40.8193
   children [
	Shape {
		appearance Appearance {
			material Material {
				diffuseColor 1 0 0
				emissiveColor 1 0 0
			}
		}
		geometry Sphere {
			radius 1.27107
		}
	}
   ]
  }
 ]
}
#---------- 3D MARKER (Circle)
Anchor {
 description "(4.06148  -1.25211  38.7314)"
 url "" 
 children [
  Transform {
   translation 4.06148 -1.25211 38.7314
   children [
	Shape {
		appearance Appearance {
			material Material {
				diffuseColor 1 0 0
				emissiveColor 1 0 0
			}
		}
		geometry Sphere {
			radius 1.27107
		}
	}
   ]
  }
 ]
}
#---------- 3D MARKER (Circle)
Anchor {
 description "(4.06043  -1.25198  38.7319)"
 url "" 
 children [
  Transform {
   translation 4.06043 -1.25198 38.7319
   children [
	Shape {
		appearance Appearance {
			material Material {
				diffuseColor 1 0 0
				emissiveColor 1 0 0
			}
		}
		geometry Sphere {
			radius 1.27107
		}
	}
   ]
  }
 ]
}
#---------- 3D MARKER (Circle)
Anchor {
 description "(3.86216  -1.13221  36.9977)"
 url "" 
 children [
  Transform {
   translation 3.86216 -1.13221 36.9977
   children [
	Shape {
		appearance Appearance {
			material Material {
				diffuseColor 1 0 0
				emissiveColor 1 0 0
			}
		}
		geometry Sphere {
			radius 1.27107
		}
	}
   ]
  }
 ]
}
#---------- 3D MARKER (Circle)
Anchor {
 description "(3.86275  -1.13226  36.9975)"
 url "" 
 children [
  Transform {
   translation 3.86275 -1.13226 36.9975
   children [
	Shape {
		appearance Appearance {
			material Material {
				diffuseColor 1 0 0
				emissiveColor 1 0 0
			}
		}
		geometry Sphere {
			radius 1.27107
		}
	}
   ]
  }
 ]
}
#---------- 3D MARKER (Circle)
Anchor {
 description "(3.81593  -1.10708  36.6228)"
 url "" 
 children [
  Transform {
   translation 3.81593 -1.10708 36.6228
   children [
	Shape {
		appearance Appearance {
			material Material {
				diffuseColor 1 0 0
				emissiveColor 1 0 0
			}
		}
		geometry Sphere {
			radius 1.27107
		}
	}
   ]
  }
 ]
}
#---------- 3D MARKER (Circle)
Anchor {
 description "(3.67273  -1.01575  35.3845)"
 url "" 
 children [
  Transform {
   translation 3.67273 -1.01575 35.3845
   children [
	Shape {
		appearance Appearance {
			material Material {
				diffuseColor 1 0 0
				emissiveColor 1 0 0
			}
		}
		geometry Sphere {
			radius 1.27107
		}
	}
   ]
  }
 ]
}
#---------- 3D MARKER (Circle)
Anchor {
 description "(3.67304  -1.01526  35.3845)"
 url "" 
 children [
  Transform {
   translation 3.67304 -1.01526 35.3845
   children [
	Shape {
		appearance Appearance {
			material Material {
				diffuseColor 1 0 0
				emissiveColor 1 0 0
			}
		}
		geometry Sphere {
			radius 1.27107
		}
	}
   ]
  }
 ]
}
#---------- 3D MARKER (Circle)
Anchor {
 description "(3.04649  -0.679827  30.3555)"
 url "" 
 children [
  Transform {
   translation 3.04649 -0.679827 30.3555
   children [
	Shape {
		appearance Appearance {
			material Material {
				diffuseColor 1 0 0
				emissiveColor 1 0 0
			}
		}
		geometry Sphere {
			radius 1.27107
		}
	}
   ]
  }
 ]
}
#---------- 3D MARKER (Circle)
Anchor {
 description "(3.04642  -0.678606  30.3557)"
 url "" 
 children [
  Transform {
   translation 3.04642 -0.678606 30.3557
   children [
	Shape {
		appearance Appearance {
			material Material {
				diffuseColor 1 0 0
				emissiveColor 1 0 0
			}
		}
		geometry Sphere {
			radius 1.27107
		}
	}
   ]
  }
 ]
}
#---------- 3D MARKER (Circle)
Anchor {
 description "(3.04632  -0.677942  30.3558)"
 url "" 
 children [
  Transform {
   translation 3.04632 -0.677942 30.3558
   children [
	Shape {
		appearance Appearance {
			material Material {
				diffuseColor 1 0 0
				emissiveColor 1 0 0
			}
		}
		geometry Sphere {
			radius 1.27107
		}
	}
   ]
  }
 ]
}
#---------- 3D MARKER (Circle)
Anchor {
 description "(3.04628  -0.677788  30.3558)"
 url "" 
 children [
  Transform {
   translation 3.04628 -0.677788 30.3558
   children [
	Shape {
		appearance Appearance {
			material Material {
				diffuseColor 1 0 0
				emissiveColor 1 0 0
			}
		}
		geometry Sphere {
			radius 1.27107
		}
	}
   ]
  }
 ]
}
#---------- 3D MARKER (Circle)
Anchor {
 description "(2.98311  -0.651796  29.861)"
 url "" 
 children [
  Transform {
   translation 2.98311 -0.651796 29.861
   children [
	Shape {
		appearance Appearance {
			material Material {
				diffuseColor 1 0 0
				emissiveColor 1 0 0
			}
		}
		geometry Sphere {
			radius 1.27107
		}
	}
   ]
  }
 ]
}
#---------- 3D MARKER (Circle)
Anchor {
 description "(2.98264  -0.651296  29.8609)"
 url "" 
 children [
  Transform {
   translation 2.98264 -0.651296 29.8609
   children [
	Shape {
		appearance Appearance {
			material Material {
				diffuseColor 1 0 0
				emissiveColor 1 0 0
			}
		}
		geometry Sphere {
			radius 1.27107
		}
	}
   ]
  }
 ]
}
#---------- 3D MARKER (Circle)
Anchor {
 description "(2.9821  -0.65071  29.8608)"
 url "" 
 children [
  Transform {
   translation 2.9821 -0.65071 29.8608
   children [
	Shape {
		appearance Appearance {
			material Material {
				diffuseColor 1 0 0
				emissiveColor 1 0 0
			}
		}
		geometry Sphere {
			radius 1.27107
		}
	}
   ]
  }
 ]
}
#---------- 3D MARKER (Circle)
Anchor {
 description "(2.75004  -0.56686  28.1429)"
 url "" 
 children [
  Transform {
   translation 2.75004 -0.56686 28.1429
   children [
	Shape {
		appearance Appearance {
			material Material {
				diffuseColor 1 0 0
				emissiveColor 1 0 0
			}
		}
		geometry Sphere {
			radius 1.27107
		}
	}
   ]
  }
 ]
}
#---------- 3D MARKER (Circle)
Anchor {
 description "(2.74598  -0.566992  28.1438)"
 url "" 
 children [
  Transform {
   translation 2.74598 -0.566992 28.1438
   children [
	Shape {
		appearance Appearance {
			material Material {
				diffuseColor 1 0 0
				emissiveColor 1 0 0
			}
		}
		geometry Sphere {
			radius 1.27107
		}
	}
   ]
  }
 ]
}
#---------- 3D MARKER (Circle)
Anchor {
 description "(2.74421  -0.56732  28.1446)"
 url "" 
 children [
  Transform {
   translation 2.74421 -0.56732 28.1446
   children [
	Shape {
		appearance Appearance {
			material Material {
				diffuseColor 1 0 0
				emissiveColor 1 0 0
			}
		}
		geometry Sphere {
			radius 1.27107
		}
	}
   ]
  }
 ]
}
#---------- 3D MARKER (Circle)
Anchor {
 description "(2.74338  -0.567474  28.145)"
 url "" 
 children [
  Transform {
   translation 2.74338 -0.567474 28.145
   children [
	Shape {
		appearance Appearance {
			material Material {
				diffuseColor 1 0 0
				emissiveColor 1 0 0
			}
		}
		geometry Sphere {
			radius 1.27107
		}
	}
   ]
  }
 ]
}
#---------- 3D MARKER (Circle)
Anchor {
 description "(2.74211  -0.567709  28.1456)"
 url "" 
 children [
  Transform {
   translation 2.74211 -0.567709 28.1456
   children [
	Shape {
		appearance Appearance {
			material Material {
				diffuseColor 1 0 0
				emissiveColor 1 0 0
			}
		}
		geometry Sphere {
			radius 1.27107
		}
	}
   ]
  }
 ]
}
#---------- 3D MARKER (Circle)
Anchor {
 description "(2.74081  -0.56795  28.1462)"
 url "" 
 children [
  Transform {
   translation 2.74081 -0.56795 28.1462
   children [
	Shape {
		appearance Appearance {
			material Material {
				diffuseColor 1 0 0
				emissiveColor 1 0 0
			}
		}
		geometry Sphere {
			radius 1.27107
		}
	}
   ]
  }
 ]
}
#---------- 3D MARKER (Circle)
Anchor {
 description "(2.46468  -0.482647  26.0415)"
 url "" 
 children [
  Transform {
   translation 2.46468 -0.482647 26.0415
   children [
	Shape {
		appearance Appearance {
			material Material {
				diffuseColor 1 0 0
				emissiveColor 1 0 0
			}
		}
		geometry Sphere {
			radius 1.27107
		}
	}
   ]
  }
 ]
}
#---------- 3D MARKER (Circle)
Anchor {
 description "(1.88158  -0.301677  21.7954)"
 url "" 
 children [
  Transform {
   translation 1.88158 -0.301677 21.7954
   children [
	Shape {
		appearance Appearance {
			material Material {
				diffuseColor 1 0 0
				emissiveColor 1 0 0
			}
		}
		geometry Sphere {
			radius 1.27107
		}
	}
   ]
  }
 ]
}
#---------- 3D MARKER (Circle)
Anchor {
 description "(1.88271  -0.303546  21.7951)"
 url "" 
 children [
  Transform {
   translation 1.88271 -0.303546 21.7951
   children [
	Shape {
		appearance Appearance {
			material Material {
				diffuseColor 1 0 0
				emissiveColor 1 0 0
			}
		}
		geometry Sphere {
			radius 1.27107
		}
	}
   ]
  }
 ]
}
#---------- 3D MARKER (Circle)
Anchor {
 description "(1.88351  -0.304877  21.7948)"
 url "" 
 children [
  Transform {
   translation 1.88351 -0.304877 21.7948
   children [
	Shape {
		appearance Appearance {
			material Material {
				diffuseColor 1 0 0
				emissiveColor 1 0 0
			}
		}
		geometry Sphere {
			radius 1.27107
		}
	}
   ]
  }
 ]
}
#---------- 3D MARKER (Circle)
Anchor {
 description "(1.88476  -0.305948  21.7938)"
 url "" 
 children [
  Transform {
   translation 1.88476 -0.305948 21.7938
   children [
	Shape {
		appearance Appearance {
			material Material {
				diffuseColor 1 0 0
				emissiveColor 1 0 0
			}
		}
		geometry Sphere {
			radius 1.27107
		}
	}
   ]
  }
 ]
}
#---------- 3D MARKER (Circle)
Anchor {
 description "(1.886  -0.306911  21.7929)"
 url "" 
 children [
  Transform {
   translation 1.886 -0.306911 21.7929
   children [
	Shape {
		appearance Appearance {
			material Material {
				diffuseColor 1 0 0
				emissiveColor 1 0 0
			}
		}
		geometry Sphere {
			radius 1.27107
		}
	}
   ]
  }
 ]
}
#---------- 3D MARKER (Circle)
Anchor {
 description "(1.88676  -0.307441  21.7925)"
 url "" 
 children [
  Transform {
   translation 1.88676 -0.307441 21.7925
   children [
	Shape {
		appearance Appearance {
			material Material {
				diffuseColor 1 0 0
				emissiveColor 1 0 0
			}
		}
		geometry Sphere {
			radius 1.27107
		}
	}
   ]
  }
 ]
}
#---------- 3D MARKER (Circle)
Anchor {
 description "(1.88752  -0.308109  21.7925)"
 url "" 
 children [
  Transform {
   translation 1.88752 -0.308109 21.7925
   children [
	Shape {
		appearance Appearance {
			material Material {
				diffuseColor 1 0 0
				emissiveColor 1 0 0
			}
		}
		geometry Sphere {
			radius 1.27107
		}
	}
   ]
  }
 ]
}
#---------- 3D MARKER (Circle)
Anchor {
 description "(1.88884  -0.30954  21.793)"
 url "" 
 children [
  Transform {
   translation 1.88884 -0.30954 21.793
   children [
	Shape {
		appearance Appearance {
			material Material {
				diffuseColor 1 0 0
				emissiveColor 1 0 0
			}
		}
		geometry Sphere {
			radius 1.27107
		}
	}
   ]
  }
 ]
}
#---------- 3D MARKER (Circle)
Anchor {
 description "(1.89043  -0.309912  21.7932)"
 url "" 
 children [
  Transform {
   translation 1.89043 -0.309912 21.7932
   children [
	Shape {
		appearance Appearance {
			material Material {
				diffuseColor 1 0 0
				emissiveColor 1 0 0
			}
		}
		geometry Sphere {
			radius 1.27107
		}
	}
   ]
  }
 ]
}
#---------- 3D MARKER (Circle)
Anchor {
 description "(1.89094  -0.309769  21.7932)"
 url "" 
 children [
  Transform {
   translation 1.89094 -0.309769 21.7932
   children [
	Shape {
		appearance Appearance {
			material Material {
				diffuseColor 1 0 0
				emissiveColor 1 0 0
			}
		}
		geometry Sphere {
			radius 1.27107
		}
	}
   ]
  }
 ]
}
#---------- 3D MARKER (Circle)
Anchor {
 description "(1.15838  -0.0647499  16.189)"
 url "" 
 children [
  Transform {
   translation 1.15838 -0.0647499 16.189
   children [
	Shape {
		appearance Appearance {
			material Material {
				diffuseColor 1 0 0
				emissiveColor 1 0 0
			}
		}
		geometry Sphere {
			radius 1.27107
		}
	}
   ]
  }
 ]
}
#---------- 3D MARKER (Circle)
Anchor {
 description "(0.859158  -0.0253339  13.8537)"
 url "" 
 children [
  Transform {
   translation 0.859158 -0.0253339 13.8537
   children [
	Shape {
		appearance Appearance {
			material Material {
				diffuseColor 1 0 0
				emissiveColor 1 0 0
			}
		}
		geometry Sphere {
			radius 1.27107
		}
	}
   ]
  }
 ]
}
#---------- 3D MARKER (Circle)
Anchor {
 description "(0.859144  -0.0253352  13.8537)"
 url "" 
 children [
  Transform {
   translation 0.859144 -0.0253352 13.8537
   children [
	Shape {
		appearance Appearance {
			material Material {
				diffuseColor 1 0 0
				emissiveColor 1 0 0
			}
		}
		geometry Sphere {
			radius 1.27107
		}
	}
   ]
  }
 ]
}
#---------- 3D MARKER (Circle)
Anchor {
 description "(0.788772  -0.0180343  13.2751)"
 url "" 
 children [
  Transform {
   translation 0.788772 -0.0180343 13.2751
   children [
	Shape {
		appearance Appearance {
			material Material {
				diffuseColor 1 0 0
				emissiveColor 1 0 0
			}
		}
		geometry Sphere {
			radius 1.27107
		}
	}
   ]
  }
 ]
}
#---------- 3D MARKER (Circle)
Anchor {
 description "(0.490597  -0.00570606  10.1895)"
 url "" 
 children [
  Transform {
   translation 0.490597 -0.00570606 10.1895
   children [
	Shape {
		appearance Appearance {
			material Material {
				diffuseColor 1 0 0
				emissiveColor 1 0 0
			}
		}
		geometry Sphere {
			radius 1.27107
		}
	}
   ]
  }
 ]
}
#---------- 3D MARKER (Circle)
Anchor {
 description "(0.117628  0.016565  4.17343)"
 url "" 
 children [
  Transform {
   translation 0.117628 0.016565 4.17343
   children [
	Shape {
		appearance Appearance {
			material Material {
				diffuseColor 1 0 0
				emissiveColor 1 0 0
			}
		}
		geometry Sphere {
			radius 1.27107
		}
	}
   ]
  }
 ]
}
#---------- 3D MARKER (Circle)
Anchor {
 description "(-0.00205098  -0.00187357  0.932463)"
 url "" 
 children [
  Transform {
   translation -0.00205098 -0.00187357 0.932463
   children [
	Shape {
		appearance Appearance {
			material Material {
				diffuseColor 1 0 0
				emissiveColor 1 0 0
			}
		}
		geometry Sphere {
			radius 1.27107
		}
	}
   ]
  }
 ]
}
#---------- 3D MARKER (Circle)
Anchor {
 description "(-0.00378246  -0.00343064  0.932838)"
 url "" 
 children [
  Transform {
   translation -0.00378246 -0.00343064 0.932838
   children [
	Shape {
		appearance Appearance {
			material Material {
				diffuseColor 1 0 0
				emissiveColor 1 0 0
			}
		}
		geometry Sphere {
			radius 1.27107
		}
	}
   ]
  }
 ]
}
#---------- 3D MARKER (Circle)
Anchor {
 description "(-0.00540043  -0.00486511  0.933412)"
 url "" 
 children [
  Transform {
   translation -0.00540043 -0.00486511 0.933412
   children [
	Shape {
		appearance Appearance {
			material Material {
				diffuseColor 1 0 0
				emissiveColor 1 0 0
			}
		}
		geometry Sphere {
			radius 1.27107
		}
	}
   ]
  }
 ]
}
#---------- 3D MARKER (Circle)
Anchor {
 description "(-0.00704594  -0.00632399  0.933996)"
 url "" 
 children [
  Transform {
   translation -0.00704594 -0.00632399 0.933996
   children [
	Shape {
		appearance Appearance {
			material Material {
				diffuseColor 1 0 0
				emissiveColor 1 0 0
			}
		}
		geometry Sphere {
			radius 1.27107
		}
	}
   ]
  }
 ]
}
#---------- 3D MARKER (Circle)
Anchor {
 description "(-0.0122452  -0.0087728  0.934739)"
 url "" 
 children [
  Transform {
   translation -0.0122452 -0.0087728 0.934739
   children [
	Shape {
		appearance Appearance {
			material Material {
				diffuseColor 1 0 0
				emissiveColor 1 0 0
			}
		}
		geometry Sphere {
			radius 1.27107
		}
	}
   ]
  }
 ]
}
#---------- 3D MARKER (Circle)
Anchor {
 description "(-0.0134783  -0.00937599  0.93476)"
 url "" 
 children [
  Transform {
   translation -0.0134783 -0.00937599 0.93476
   children [
	Shape {
		appearance Appearance {
			material Material {
				diffuseColor 1 0 0
				emissiveColor 1 0 0
			}
		}
		geometry Sphere {
			radius 1.27107
		}
	}
   ]
  }
 ]
}
#---------- 3D MARKER (Circle)
Anchor {